Pathway	Sample	Pathway_score	Model	Day_number	Day	Condition
HALLMARK_ADIPOGENESIS	R0168	0.642831530525316	THP-1	1	Day1	Control
HALLMARK_ADIPOGENESIS	R0169	0.65931707364715	THP-1	1	Day1	Control
HALLMARK_ADIPOGENESIS	R0171	0.639445043950496	THP-1	1	Day1	Control
HALLMARK_ADIPOGENESIS	R0187	0.64714721179418	THP-1	3	Day3	Control
HALLMARK_ADIPOGENESIS	R0189	0.647058620149432	THP-1	3	Day3	Control
HALLMARK_ADIPOGENESIS	R0190	0.646397657632334	THP-1	3	Day3	Control
HALLMARK_ADIPOGENESIS	R0318	0.652782738767205	THP-1	1	Day1	Lineage_5
HALLMARK_ADIPOGENESIS	R0320	0.629893253965493	THP-1	1	Day1	Lineage_5
HALLMARK_ADIPOGENESIS	R0322	0.622403656413194	THP-1	1	Day1	Lineage_5
HALLMARK_ADIPOGENESIS	R0330	0.661495897740126	THP-1	3	Day3	Lineage_5
HALLMARK_ADIPOGENESIS	R0332	0.655797669935858	THP-1	3	Day3	Lineage_5
HALLMARK_ADIPOGENESIS	R0334	0.649443072707669	THP-1	3	Day3	Lineage_5
HALLMARK_ADIPOGENESIS	R0420	0.646488741044972	THP-1	1	Day1	M_bovis
HALLMARK_ADIPOGENESIS	R0422	0.653169930840527	THP-1	1	Day1	M_bovis
HALLMARK_ADIPOGENESIS	R0424	0.650853317284084	THP-1	1	Day1	M_bovis
HALLMARK_ADIPOGENESIS	R0426	0.61507182295928	THP-1	3	Day3	M_bovis
HALLMARK_ADIPOGENESIS	R0428	0.662201614808365	THP-1	3	Day3	M_bovis
HALLMARK_ADIPOGENESIS	R0430	0.644484154842461	THP-1	3	Day3	M_bovis
HALLMARK_ALLOGRAFT_REJECTION	R0168	0.492257075644979	THP-1	1	Day1	Control
HALLMARK_ALLOGRAFT_REJECTION	R0169	0.497357702021371	THP-1	1	Day1	Control
HALLMARK_ALLOGRAFT_REJECTION	R0171	0.492264893264162	THP-1	1	Day1	Control
HALLMARK_ALLOGRAFT_REJECTION	R0187	0.472455857512324	THP-1	3	Day3	Control
HALLMARK_ALLOGRAFT_REJECTION	R0189	0.469751883656559	THP-1	3	Day3	Control
HALLMARK_ALLOGRAFT_REJECTION	R0190	0.469897134680439	THP-1	3	Day3	Control
HALLMARK_ALLOGRAFT_REJECTION	R0318	0.502067504573231	THP-1	1	Day1	Lineage_5
HALLMARK_ALLOGRAFT_REJECTION	R0320	0.487523338632118	THP-1	1	Day1	Lineage_5
HALLMARK_ALLOGRAFT_REJECTION	R0322	0.486641280493392	THP-1	1	Day1	Lineage_5
HALLMARK_ALLOGRAFT_REJECTION	R0330	0.426390817865101	THP-1	3	Day3	Lineage_5
HALLMARK_ALLOGRAFT_REJECTION	R0332	0.429915656743019	THP-1	3	Day3	Lineage_5
HALLMARK_ALLOGRAFT_REJECTION	R0334	0.467497729107273	THP-1	3	Day3	Lineage_5
HALLMARK_ALLOGRAFT_REJECTION	R0420	0.51102186741183	THP-1	1	Day1	M_bovis
HALLMARK_ALLOGRAFT_REJECTION	R0422	0.561589847051816	THP-1	1	Day1	M_bovis
HALLMARK_ALLOGRAFT_REJECTION	R0424	0.51276224416708	THP-1	1	Day1	M_bovis
HALLMARK_ALLOGRAFT_REJECTION	R0426	0.495959808483	THP-1	3	Day3	M_bovis
HALLMARK_ALLOGRAFT_REJECTION	R0428	0.502630678457762	THP-1	3	Day3	M_bovis
HALLMARK_ALLOGRAFT_REJECTION	R0430	0.506174172013342	THP-1	3	Day3	M_bovis
HALLMARK_ANDROGEN_RESPONSE	R0168	0.710479640500048	THP-1	1	Day1	Control
HALLMARK_ANDROGEN_RESPONSE	R0169	0.705426164828516	THP-1	1	Day1	Control
HALLMARK_ANDROGEN_RESPONSE	R0171	0.710298533156113	THP-1	1	Day1	Control
HALLMARK_ANDROGEN_RESPONSE	R0187	0.710228973484065	THP-1	3	Day3	Control
HALLMARK_ANDROGEN_RESPONSE	R0189	0.711077879728417	THP-1	3	Day3	Control
HALLMARK_ANDROGEN_RESPONSE	R0190	0.715458298000899	THP-1	3	Day3	Control
HALLMARK_ANDROGEN_RESPONSE	R0318	0.713866651769233	THP-1	1	Day1	Lineage_5
HALLMARK_ANDROGEN_RESPONSE	R0320	0.714566427042342	THP-1	1	Day1	Lineage_5
HALLMARK_ANDROGEN_RESPONSE	R0322	0.716255301537602	THP-1	1	Day1	Lineage_5
HALLMARK_ANDROGEN_RESPONSE	R0330	0.628048554133764	THP-1	3	Day3	Lineage_5
HALLMARK_ANDROGEN_RESPONSE	R0332	0.643766511862402	THP-1	3	Day3	Lineage_5
HALLMARK_ANDROGEN_RESPONSE	R0334	0.693866889550938	THP-1	3	Day3	Lineage_5
HALLMARK_ANDROGEN_RESPONSE	R0420	0.72252703166977	THP-1	1	Day1	M_bovis
HALLMARK_ANDROGEN_RESPONSE	R0422	0.703107885065491	THP-1	1	Day1	M_bovis
HALLMARK_ANDROGEN_RESPONSE	R0424	0.719676849934151	THP-1	1	Day1	M_bovis
HALLMARK_ANDROGEN_RESPONSE	R0426	0.711784144974328	THP-1	3	Day3	M_bovis
HALLMARK_ANDROGEN_RESPONSE	R0428	0.714899087975483	THP-1	3	Day3	M_bovis
HALLMARK_ANDROGEN_RESPONSE	R0430	0.720180863255718	THP-1	3	Day3	M_bovis
HALLMARK_ANGIOGENESIS	R0168	0.532592584860859	THP-1	1	Day1	Control
HALLMARK_ANGIOGENESIS	R0169	0.519056253887668	THP-1	1	Day1	Control
HALLMARK_ANGIOGENESIS	R0171	0.534150720570515	THP-1	1	Day1	Control
HALLMARK_ANGIOGENESIS	R0187	0.539921730560925	THP-1	3	Day3	Control
HALLMARK_ANGIOGENESIS	R0189	0.546878261715714	THP-1	3	Day3	Control
HALLMARK_ANGIOGENESIS	R0190	0.544319220012006	THP-1	3	Day3	Control
HALLMARK_ANGIOGENESIS	R0318	0.513137265802445	THP-1	1	Day1	Lineage_5
HALLMARK_ANGIOGENESIS	R0320	0.526425124281375	THP-1	1	Day1	Lineage_5
HALLMARK_ANGIOGENESIS	R0322	0.532945914039719	THP-1	1	Day1	Lineage_5
HALLMARK_ANGIOGENESIS	R0330	0.457791028640584	THP-1	3	Day3	Lineage_5
HALLMARK_ANGIOGENESIS	R0332	0.480355706746065	THP-1	3	Day3	Lineage_5
HALLMARK_ANGIOGENESIS	R0334	0.496732675069985	THP-1	3	Day3	Lineage_5
HALLMARK_ANGIOGENESIS	R0420	0.497213675655054	THP-1	1	Day1	M_bovis
HALLMARK_ANGIOGENESIS	R0422	0.529884885862487	THP-1	1	Day1	M_bovis
HALLMARK_ANGIOGENESIS	R0424	0.492761667548552	THP-1	1	Day1	M_bovis
HALLMARK_ANGIOGENESIS	R0426	0.522357514796508	THP-1	3	Day3	M_bovis
HALLMARK_ANGIOGENESIS	R0428	0.51027553190763	THP-1	3	Day3	M_bovis
HALLMARK_ANGIOGENESIS	R0430	0.518312893656452	THP-1	3	Day3	M_bovis
HALLMARK_APICAL_JUNCTION	R0168	0.443040362416175	THP-1	1	Day1	Control
HALLMARK_APICAL_JUNCTION	R0169	0.426064083661014	THP-1	1	Day1	Control
HALLMARK_APICAL_JUNCTION	R0171	0.437079338969072	THP-1	1	Day1	Control
HALLMARK_APICAL_JUNCTION	R0187	0.455118741513839	THP-1	3	Day3	Control
HALLMARK_APICAL_JUNCTION	R0189	0.458122604175279	THP-1	3	Day3	Control
HALLMARK_APICAL_JUNCTION	R0190	0.458510087512194	THP-1	3	Day3	Control
HALLMARK_APICAL_JUNCTION	R0318	0.416815823859619	THP-1	1	Day1	Lineage_5
HALLMARK_APICAL_JUNCTION	R0320	0.434232542313762	THP-1	1	Day1	Lineage_5
HALLMARK_APICAL_JUNCTION	R0322	0.436252344562934	THP-1	1	Day1	Lineage_5
HALLMARK_APICAL_JUNCTION	R0330	0.416870255102625	THP-1	3	Day3	Lineage_5
HALLMARK_APICAL_JUNCTION	R0332	0.424899504615227	THP-1	3	Day3	Lineage_5
HALLMARK_APICAL_JUNCTION	R0334	0.428572020447939	THP-1	3	Day3	Lineage_5
HALLMARK_APICAL_JUNCTION	R0420	0.464577304455377	THP-1	1	Day1	M_bovis
HALLMARK_APICAL_JUNCTION	R0422	0.452444119754771	THP-1	1	Day1	M_bovis
HALLMARK_APICAL_JUNCTION	R0424	0.462656711449219	THP-1	1	Day1	M_bovis
HALLMARK_APICAL_JUNCTION	R0426	0.476102923919422	THP-1	3	Day3	M_bovis
HALLMARK_APICAL_JUNCTION	R0428	0.440537930703885	THP-1	3	Day3	M_bovis
HALLMARK_APICAL_JUNCTION	R0430	0.470283939025905	THP-1	3	Day3	M_bovis
HALLMARK_APICAL_SURFACE	R0168	0.301048366730948	THP-1	1	Day1	Control
HALLMARK_APICAL_SURFACE	R0169	0.281226457637408	THP-1	1	Day1	Control
HALLMARK_APICAL_SURFACE	R0171	0.301120513314348	THP-1	1	Day1	Control
HALLMARK_APICAL_SURFACE	R0187	0.324819466955129	THP-1	3	Day3	Control
HALLMARK_APICAL_SURFACE	R0189	0.337875624802611	THP-1	3	Day3	Control
HALLMARK_APICAL_SURFACE	R0190	0.33448421046265	THP-1	3	Day3	Control
HALLMARK_APICAL_SURFACE	R0318	0.286208206152329	THP-1	1	Day1	Lineage_5
HALLMARK_APICAL_SURFACE	R0320	0.301036335613971	THP-1	1	Day1	Lineage_5
HALLMARK_APICAL_SURFACE	R0322	0.29826032665131	THP-1	1	Day1	Lineage_5
HALLMARK_APICAL_SURFACE	R0330	0.286033626800432	THP-1	3	Day3	Lineage_5
HALLMARK_APICAL_SURFACE	R0332	0.29816450099847	THP-1	3	Day3	Lineage_5
HALLMARK_APICAL_SURFACE	R0334	0.299420527001332	THP-1	3	Day3	Lineage_5
HALLMARK_APICAL_SURFACE	R0420	0.337781359400051	THP-1	1	Day1	M_bovis
HALLMARK_APICAL_SURFACE	R0422	0.325462171594884	THP-1	1	Day1	M_bovis
HALLMARK_APICAL_SURFACE	R0424	0.338354377810084	THP-1	1	Day1	M_bovis
HALLMARK_APICAL_SURFACE	R0426	0.350289458455534	THP-1	3	Day3	M_bovis
HALLMARK_APICAL_SURFACE	R0428	0.31034895630485	THP-1	3	Day3	M_bovis
HALLMARK_APICAL_SURFACE	R0430	0.349001987580002	THP-1	3	Day3	M_bovis
HALLMARK_APOPTOSIS	R0168	0.623057139566381	THP-1	1	Day1	Control
HALLMARK_APOPTOSIS	R0169	0.625476217549226	THP-1	1	Day1	Control
HALLMARK_APOPTOSIS	R0171	0.616588634370308	THP-1	1	Day1	Control
HALLMARK_APOPTOSIS	R0187	0.631686157214292	THP-1	3	Day3	Control
HALLMARK_APOPTOSIS	R0189	0.631836106955484	THP-1	3	Day3	Control
HALLMARK_APOPTOSIS	R0190	0.630863879068324	THP-1	3	Day3	Control
HALLMARK_APOPTOSIS	R0318	0.65659538751438	THP-1	1	Day1	Lineage_5
HALLMARK_APOPTOSIS	R0320	0.64740458421866	THP-1	1	Day1	Lineage_5
HALLMARK_APOPTOSIS	R0322	0.64646107838753	THP-1	1	Day1	Lineage_5
HALLMARK_APOPTOSIS	R0330	0.60337322970408	THP-1	3	Day3	Lineage_5
HALLMARK_APOPTOSIS	R0332	0.604513169956025	THP-1	3	Day3	Lineage_5
HALLMARK_APOPTOSIS	R0334	0.617281421191406	THP-1	3	Day3	Lineage_5
HALLMARK_APOPTOSIS	R0420	0.679456892197293	THP-1	1	Day1	M_bovis
HALLMARK_APOPTOSIS	R0422	0.72412668477212	THP-1	1	Day1	M_bovis
HALLMARK_APOPTOSIS	R0424	0.687476419202146	THP-1	1	Day1	M_bovis
HALLMARK_APOPTOSIS	R0426	0.66888400113325	THP-1	3	Day3	M_bovis
HALLMARK_APOPTOSIS	R0428	0.658272495129301	THP-1	3	Day3	M_bovis
HALLMARK_APOPTOSIS	R0430	0.677309072311644	THP-1	3	Day3	M_bovis
HALLMARK_BILE_ACID_METABOLISM	R0168	0.342960903473024	THP-1	1	Day1	Control
HALLMARK_BILE_ACID_METABOLISM	R0169	0.345608450522705	THP-1	1	Day1	Control
HALLMARK_BILE_ACID_METABOLISM	R0171	0.340822952102506	THP-1	1	Day1	Control
HALLMARK_BILE_ACID_METABOLISM	R0187	0.374756608773695	THP-1	3	Day3	Control
HALLMARK_BILE_ACID_METABOLISM	R0189	0.369857622307086	THP-1	3	Day3	Control
HALLMARK_BILE_ACID_METABOLISM	R0190	0.378092835528148	THP-1	3	Day3	Control
HALLMARK_BILE_ACID_METABOLISM	R0318	0.328585016419983	THP-1	1	Day1	Lineage_5
HALLMARK_BILE_ACID_METABOLISM	R0320	0.328611752314873	THP-1	1	Day1	Lineage_5
HALLMARK_BILE_ACID_METABOLISM	R0322	0.332575585698757	THP-1	1	Day1	Lineage_5
HALLMARK_BILE_ACID_METABOLISM	R0330	0.356042795204425	THP-1	3	Day3	Lineage_5
HALLMARK_BILE_ACID_METABOLISM	R0332	0.356694190047356	THP-1	3	Day3	Lineage_5
HALLMARK_BILE_ACID_METABOLISM	R0334	0.367427827186969	THP-1	3	Day3	Lineage_5
HALLMARK_BILE_ACID_METABOLISM	R0420	0.362282249631796	THP-1	1	Day1	M_bovis
HALLMARK_BILE_ACID_METABOLISM	R0422	0.376289112824259	THP-1	1	Day1	M_bovis
HALLMARK_BILE_ACID_METABOLISM	R0424	0.366656612025447	THP-1	1	Day1	M_bovis
HALLMARK_BILE_ACID_METABOLISM	R0426	0.36018976981836	THP-1	3	Day3	M_bovis
HALLMARK_BILE_ACID_METABOLISM	R0428	0.362318991436316	THP-1	3	Day3	M_bovis
HALLMARK_BILE_ACID_METABOLISM	R0430	0.365870530609806	THP-1	3	Day3	M_bovis
HALLMARK_CHOLESTEROL_HOMEOSTASIS	R0168	0.671132546480922	THP-1	1	Day1	Control
HALLMARK_CHOLESTEROL_HOMEOSTASIS	R0169	0.674085180418306	THP-1	1	Day1	Control
HALLMARK_CHOLESTEROL_HOMEOSTASIS	R0171	0.669148678202448	THP-1	1	Day1	Control
HALLMARK_CHOLESTEROL_HOMEOSTASIS	R0187	0.683324505106803	THP-1	3	Day3	Control
HALLMARK_CHOLESTEROL_HOMEOSTASIS	R0189	0.6830794472974	THP-1	3	Day3	Control
HALLMARK_CHOLESTEROL_HOMEOSTASIS	R0190	0.685089712453523	THP-1	3	Day3	Control
HALLMARK_CHOLESTEROL_HOMEOSTASIS	R0318	0.663824051973063	THP-1	1	Day1	Lineage_5
HALLMARK_CHOLESTEROL_HOMEOSTASIS	R0320	0.659576889919	THP-1	1	Day1	Lineage_5
HALLMARK_CHOLESTEROL_HOMEOSTASIS	R0322	0.653739336412224	THP-1	1	Day1	Lineage_5
HALLMARK_CHOLESTEROL_HOMEOSTASIS	R0330	0.661248032048625	THP-1	3	Day3	Lineage_5
HALLMARK_CHOLESTEROL_HOMEOSTASIS	R0332	0.65883877207857	THP-1	3	Day3	Lineage_5
HALLMARK_CHOLESTEROL_HOMEOSTASIS	R0334	0.641170906498478	THP-1	3	Day3	Lineage_5
HALLMARK_CHOLESTEROL_HOMEOSTASIS	R0420	0.804305179879151	THP-1	1	Day1	M_bovis
HALLMARK_CHOLESTEROL_HOMEOSTASIS	R0422	0.777012989232696	THP-1	1	Day1	M_bovis
HALLMARK_CHOLESTEROL_HOMEOSTASIS	R0424	0.796892423090799	THP-1	1	Day1	M_bovis
HALLMARK_CHOLESTEROL_HOMEOSTASIS	R0426	0.814342380951836	THP-1	3	Day3	M_bovis
HALLMARK_CHOLESTEROL_HOMEOSTASIS	R0428	0.822083404683032	THP-1	3	Day3	M_bovis
HALLMARK_CHOLESTEROL_HOMEOSTASIS	R0430	0.818038339019273	THP-1	3	Day3	M_bovis
HALLMARK_COAGULATION	R0168	0.394101394984014	THP-1	1	Day1	Control
HALLMARK_COAGULATION	R0169	0.394762672282565	THP-1	1	Day1	Control
HALLMARK_COAGULATION	R0171	0.394171475650622	THP-1	1	Day1	Control
HALLMARK_COAGULATION	R0187	0.435156001384224	THP-1	3	Day3	Control
HALLMARK_COAGULATION	R0189	0.428137082324517	THP-1	3	Day3	Control
HALLMARK_COAGULATION	R0190	0.431237055480156	THP-1	3	Day3	Control
HALLMARK_COAGULATION	R0318	0.356937391353923	THP-1	1	Day1	Lineage_5
HALLMARK_COAGULATION	R0320	0.35292404864126	THP-1	1	Day1	Lineage_5
HALLMARK_COAGULATION	R0322	0.347790471682303	THP-1	1	Day1	Lineage_5
HALLMARK_COAGULATION	R0330	0.328990950106757	THP-1	3	Day3	Lineage_5
HALLMARK_COAGULATION	R0332	0.335510025646554	THP-1	3	Day3	Lineage_5
HALLMARK_COAGULATION	R0334	0.342736531292729	THP-1	3	Day3	Lineage_5
HALLMARK_COAGULATION	R0420	0.417018528411444	THP-1	1	Day1	M_bovis
HALLMARK_COAGULATION	R0422	0.427715596944989	THP-1	1	Day1	M_bovis
HALLMARK_COAGULATION	R0424	0.424075896330137	THP-1	1	Day1	M_bovis
HALLMARK_COAGULATION	R0426	0.447358797089825	THP-1	3	Day3	M_bovis
HALLMARK_COAGULATION	R0428	0.445728678079814	THP-1	3	Day3	M_bovis
HALLMARK_COAGULATION	R0430	0.464722688610823	THP-1	3	Day3	M_bovis
HALLMARK_COMPLEMENT	R0168	0.568183979415801	THP-1	1	Day1	Control
HALLMARK_COMPLEMENT	R0169	0.565889325213894	THP-1	1	Day1	Control
HALLMARK_COMPLEMENT	R0171	0.569913775830817	THP-1	1	Day1	Control
HALLMARK_COMPLEMENT	R0187	0.576408766496664	THP-1	3	Day3	Control
HALLMARK_COMPLEMENT	R0189	0.575137393094274	THP-1	3	Day3	Control
HALLMARK_COMPLEMENT	R0190	0.575209096825685	THP-1	3	Day3	Control
HALLMARK_COMPLEMENT	R0318	0.544950893840886	THP-1	1	Day1	Lineage_5
HALLMARK_COMPLEMENT	R0320	0.549507183214891	THP-1	1	Day1	Lineage_5
HALLMARK_COMPLEMENT	R0322	0.549415387011818	THP-1	1	Day1	Lineage_5
HALLMARK_COMPLEMENT	R0330	0.488608707059453	THP-1	3	Day3	Lineage_5
HALLMARK_COMPLEMENT	R0332	0.495264915332426	THP-1	3	Day3	Lineage_5
HALLMARK_COMPLEMENT	R0334	0.524635191521467	THP-1	3	Day3	Lineage_5
HALLMARK_COMPLEMENT	R0420	0.56737026093526	THP-1	1	Day1	M_bovis
HALLMARK_COMPLEMENT	R0422	0.605950244227562	THP-1	1	Day1	M_bovis
HALLMARK_COMPLEMENT	R0424	0.569643515443275	THP-1	1	Day1	M_bovis
HALLMARK_COMPLEMENT	R0426	0.571734555003782	THP-1	3	Day3	M_bovis
HALLMARK_COMPLEMENT	R0428	0.571009241580963	THP-1	3	Day3	M_bovis
HALLMARK_COMPLEMENT	R0430	0.586929317101093	THP-1	3	Day3	M_bovis
HALLMARK_DNA_REPAIR	R0168	0.647208105383012	THP-1	1	Day1	Control
HALLMARK_DNA_REPAIR	R0169	0.671012994158186	THP-1	1	Day1	Control
HALLMARK_DNA_REPAIR	R0171	0.642136807171538	THP-1	1	Day1	Control
HALLMARK_DNA_REPAIR	R0187	0.637463316559695	THP-1	3	Day3	Control
HALLMARK_DNA_REPAIR	R0189	0.640046180324105	THP-1	3	Day3	Control
HALLMARK_DNA_REPAIR	R0190	0.637317524906524	THP-1	3	Day3	Control
HALLMARK_DNA_REPAIR	R0318	0.722906164461095	THP-1	1	Day1	Lineage_5
HALLMARK_DNA_REPAIR	R0320	0.684022741573521	THP-1	1	Day1	Lineage_5
HALLMARK_DNA_REPAIR	R0322	0.679120575657517	THP-1	1	Day1	Lineage_5
HALLMARK_DNA_REPAIR	R0330	0.726062080924976	THP-1	3	Day3	Lineage_5
HALLMARK_DNA_REPAIR	R0332	0.719146414434947	THP-1	3	Day3	Lineage_5
HALLMARK_DNA_REPAIR	R0334	0.698561620372459	THP-1	3	Day3	Lineage_5
HALLMARK_DNA_REPAIR	R0420	0.645516518456049	THP-1	1	Day1	M_bovis
HALLMARK_DNA_REPAIR	R0422	0.692774283657809	THP-1	1	Day1	M_bovis
HALLMARK_DNA_REPAIR	R0424	0.653159979413567	THP-1	1	Day1	M_bovis
HALLMARK_DNA_REPAIR	R0426	0.639020598035506	THP-1	3	Day3	M_bovis
HALLMARK_DNA_REPAIR	R0428	0.691206922345849	THP-1	3	Day3	M_bovis
HALLMARK_DNA_REPAIR	R0430	0.666889698887977	THP-1	3	Day3	M_bovis
HALLMARK_E2F_TARGETS	R0168	0.631730287339265	THP-1	1	Day1	Control
HALLMARK_E2F_TARGETS	R0169	0.649059430070647	THP-1	1	Day1	Control
HALLMARK_E2F_TARGETS	R0171	0.628494275377815	THP-1	1	Day1	Control
HALLMARK_E2F_TARGETS	R0187	0.690046444146586	THP-1	3	Day3	Control
HALLMARK_E2F_TARGETS	R0189	0.692706363886191	THP-1	3	Day3	Control
HALLMARK_E2F_TARGETS	R0190	0.694052117960612	THP-1	3	Day3	Control
HALLMARK_E2F_TARGETS	R0318	0.775808766647184	THP-1	1	Day1	Lineage_5
HALLMARK_E2F_TARGETS	R0320	0.754950316000347	THP-1	1	Day1	Lineage_5
HALLMARK_E2F_TARGETS	R0322	0.75319375501997	THP-1	1	Day1	Lineage_5
HALLMARK_E2F_TARGETS	R0330	0.805062396817648	THP-1	3	Day3	Lineage_5
HALLMARK_E2F_TARGETS	R0332	0.807171372300919	THP-1	3	Day3	Lineage_5
HALLMARK_E2F_TARGETS	R0334	0.832167232279057	THP-1	3	Day3	Lineage_5
HALLMARK_E2F_TARGETS	R0420	0.553632449566746	THP-1	1	Day1	M_bovis
HALLMARK_E2F_TARGETS	R0422	0.707939229249176	THP-1	1	Day1	M_bovis
HALLMARK_E2F_TARGETS	R0424	0.572014922672193	THP-1	1	Day1	M_bovis
HALLMARK_E2F_TARGETS	R0426	0.579554057011996	THP-1	3	Day3	M_bovis
HALLMARK_E2F_TARGETS	R0428	0.57737670262784	THP-1	3	Day3	M_bovis
HALLMARK_E2F_TARGETS	R0430	0.605052518321558	THP-1	3	Day3	M_bovis
HALLMARK_EPITHELIAL_MESENCHYMAL_TRANSITION	R0168	0.39385444781922	THP-1	1	Day1	Control
HALLMARK_EPITHELIAL_MESENCHYMAL_TRANSITION	R0169	0.387538970435858	THP-1	1	Day1	Control
HALLMARK_EPITHELIAL_MESENCHYMAL_TRANSITION	R0171	0.393767258772171	THP-1	1	Day1	Control
HALLMARK_EPITHELIAL_MESENCHYMAL_TRANSITION	R0187	0.429955984560132	THP-1	3	Day3	Control
HALLMARK_EPITHELIAL_MESENCHYMAL_TRANSITION	R0189	0.429455144864501	THP-1	3	Day3	Control
HALLMARK_EPITHELIAL_MESENCHYMAL_TRANSITION	R0190	0.433113168220598	THP-1	3	Day3	Control
HALLMARK_EPITHELIAL_MESENCHYMAL_TRANSITION	R0318	0.387454252410317	THP-1	1	Day1	Lineage_5
HALLMARK_EPITHELIAL_MESENCHYMAL_TRANSITION	R0320	0.390514990947295	THP-1	1	Day1	Lineage_5
HALLMARK_EPITHELIAL_MESENCHYMAL_TRANSITION	R0322	0.390505298136654	THP-1	1	Day1	Lineage_5
HALLMARK_EPITHELIAL_MESENCHYMAL_TRANSITION	R0330	0.311503048001377	THP-1	3	Day3	Lineage_5
HALLMARK_EPITHELIAL_MESENCHYMAL_TRANSITION	R0332	0.328946648466256	THP-1	3	Day3	Lineage_5
HALLMARK_EPITHELIAL_MESENCHYMAL_TRANSITION	R0334	0.349120304855882	THP-1	3	Day3	Lineage_5
HALLMARK_EPITHELIAL_MESENCHYMAL_TRANSITION	R0420	0.435883722724386	THP-1	1	Day1	M_bovis
HALLMARK_EPITHELIAL_MESENCHYMAL_TRANSITION	R0422	0.465620696849812	THP-1	1	Day1	M_bovis
HALLMARK_EPITHELIAL_MESENCHYMAL_TRANSITION	R0424	0.443589322873071	THP-1	1	Day1	M_bovis
HALLMARK_EPITHELIAL_MESENCHYMAL_TRANSITION	R0426	0.446135386208418	THP-1	3	Day3	M_bovis
HALLMARK_EPITHELIAL_MESENCHYMAL_TRANSITION	R0428	0.426062731396278	THP-1	3	Day3	M_bovis
HALLMARK_EPITHELIAL_MESENCHYMAL_TRANSITION	R0430	0.461475439573396	THP-1	3	Day3	M_bovis
HALLMARK_ESTROGEN_RESPONSE_EARLY	R0168	0.402411528739328	THP-1	1	Day1	Control
HALLMARK_ESTROGEN_RESPONSE_EARLY	R0169	0.388015044535096	THP-1	1	Day1	Control
HALLMARK_ESTROGEN_RESPONSE_EARLY	R0171	0.402237777837165	THP-1	1	Day1	Control
HALLMARK_ESTROGEN_RESPONSE_EARLY	R0187	0.411801850827451	THP-1	3	Day3	Control
HALLMARK_ESTROGEN_RESPONSE_EARLY	R0189	0.411226753960219	THP-1	3	Day3	Control
HALLMARK_ESTROGEN_RESPONSE_EARLY	R0190	0.411724038422438	THP-1	3	Day3	Control
HALLMARK_ESTROGEN_RESPONSE_EARLY	R0318	0.3663574901238	THP-1	1	Day1	Lineage_5
HALLMARK_ESTROGEN_RESPONSE_EARLY	R0320	0.390037558749727	THP-1	1	Day1	Lineage_5
HALLMARK_ESTROGEN_RESPONSE_EARLY	R0322	0.388482050840464	THP-1	1	Day1	Lineage_5
HALLMARK_ESTROGEN_RESPONSE_EARLY	R0330	0.402122676417805	THP-1	3	Day3	Lineage_5
HALLMARK_ESTROGEN_RESPONSE_EARLY	R0332	0.401633813633495	THP-1	3	Day3	Lineage_5
HALLMARK_ESTROGEN_RESPONSE_EARLY	R0334	0.387067170866722	THP-1	3	Day3	Lineage_5
HALLMARK_ESTROGEN_RESPONSE_EARLY	R0420	0.435675971663904	THP-1	1	Day1	M_bovis
HALLMARK_ESTROGEN_RESPONSE_EARLY	R0422	0.408066293790679	THP-1	1	Day1	M_bovis
HALLMARK_ESTROGEN_RESPONSE_EARLY	R0424	0.438191006189959	THP-1	1	Day1	M_bovis
HALLMARK_ESTROGEN_RESPONSE_EARLY	R0426	0.435976616072164	THP-1	3	Day3	M_bovis
HALLMARK_ESTROGEN_RESPONSE_EARLY	R0428	0.41409592456012	THP-1	3	Day3	M_bovis
HALLMARK_ESTROGEN_RESPONSE_EARLY	R0430	0.437141617769112	THP-1	3	Day3	M_bovis
HALLMARK_ESTROGEN_RESPONSE_LATE	R0168	0.404644574114299	THP-1	1	Day1	Control
HALLMARK_ESTROGEN_RESPONSE_LATE	R0169	0.407915056129997	THP-1	1	Day1	Control
HALLMARK_ESTROGEN_RESPONSE_LATE	R0171	0.406429953113288	THP-1	1	Day1	Control
HALLMARK_ESTROGEN_RESPONSE_LATE	R0187	0.423464498006722	THP-1	3	Day3	Control
HALLMARK_ESTROGEN_RESPONSE_LATE	R0189	0.422313703150655	THP-1	3	Day3	Control
HALLMARK_ESTROGEN_RESPONSE_LATE	R0190	0.423308697108546	THP-1	3	Day3	Control
HALLMARK_ESTROGEN_RESPONSE_LATE	R0318	0.404948062121518	THP-1	1	Day1	Lineage_5
HALLMARK_ESTROGEN_RESPONSE_LATE	R0320	0.40930748117005	THP-1	1	Day1	Lineage_5
HALLMARK_ESTROGEN_RESPONSE_LATE	R0322	0.404254273156559	THP-1	1	Day1	Lineage_5
HALLMARK_ESTROGEN_RESPONSE_LATE	R0330	0.429373060764697	THP-1	3	Day3	Lineage_5
HALLMARK_ESTROGEN_RESPONSE_LATE	R0332	0.427192798450916	THP-1	3	Day3	Lineage_5
HALLMARK_ESTROGEN_RESPONSE_LATE	R0334	0.42301961861662	THP-1	3	Day3	Lineage_5
HALLMARK_ESTROGEN_RESPONSE_LATE	R0420	0.42845137064538	THP-1	1	Day1	M_bovis
HALLMARK_ESTROGEN_RESPONSE_LATE	R0422	0.439891094427548	THP-1	1	Day1	M_bovis
HALLMARK_ESTROGEN_RESPONSE_LATE	R0424	0.43562764549167	THP-1	1	Day1	M_bovis
HALLMARK_ESTROGEN_RESPONSE_LATE	R0426	0.426828719631723	THP-1	3	Day3	M_bovis
HALLMARK_ESTROGEN_RESPONSE_LATE	R0428	0.409503673043527	THP-1	3	Day3	M_bovis
HALLMARK_ESTROGEN_RESPONSE_LATE	R0430	0.443691092077783	THP-1	3	Day3	M_bovis
HALLMARK_FATTY_ACID_METABOLISM	R0168	0.624752084316431	THP-1	1	Day1	Control
HALLMARK_FATTY_ACID_METABOLISM	R0169	0.645640834783583	THP-1	1	Day1	Control
HALLMARK_FATTY_ACID_METABOLISM	R0171	0.617070582985857	THP-1	1	Day1	Control
HALLMARK_FATTY_ACID_METABOLISM	R0187	0.620199226683917	THP-1	3	Day3	Control
HALLMARK_FATTY_ACID_METABOLISM	R0189	0.618653857302795	THP-1	3	Day3	Control
HALLMARK_FATTY_ACID_METABOLISM	R0190	0.617607413575273	THP-1	3	Day3	Control
HALLMARK_FATTY_ACID_METABOLISM	R0318	0.661711569369219	THP-1	1	Day1	Lineage_5
HALLMARK_FATTY_ACID_METABOLISM	R0320	0.630302430971174	THP-1	1	Day1	Lineage_5
HALLMARK_FATTY_ACID_METABOLISM	R0322	0.622859062267238	THP-1	1	Day1	Lineage_5
HALLMARK_FATTY_ACID_METABOLISM	R0330	0.667674588241515	THP-1	3	Day3	Lineage_5
HALLMARK_FATTY_ACID_METABOLISM	R0332	0.666538204052253	THP-1	3	Day3	Lineage_5
HALLMARK_FATTY_ACID_METABOLISM	R0334	0.661284318628173	THP-1	3	Day3	Lineage_5
HALLMARK_FATTY_ACID_METABOLISM	R0420	0.631937409533447	THP-1	1	Day1	M_bovis
HALLMARK_FATTY_ACID_METABOLISM	R0422	0.665895588194157	THP-1	1	Day1	M_bovis
HALLMARK_FATTY_ACID_METABOLISM	R0424	0.639444356624423	THP-1	1	Day1	M_bovis
HALLMARK_FATTY_ACID_METABOLISM	R0426	0.611822107603489	THP-1	3	Day3	M_bovis
HALLMARK_FATTY_ACID_METABOLISM	R0428	0.658798431226624	THP-1	3	Day3	M_bovis
HALLMARK_FATTY_ACID_METABOLISM	R0430	0.637126454783347	THP-1	3	Day3	M_bovis
HALLMARK_G2M_CHECKPOINT	R0168	0.670241479024135	THP-1	1	Day1	Control
HALLMARK_G2M_CHECKPOINT	R0169	0.676393960265069	THP-1	1	Day1	Control
HALLMARK_G2M_CHECKPOINT	R0171	0.670080917969936	THP-1	1	Day1	Control
HALLMARK_G2M_CHECKPOINT	R0187	0.729069424407029	THP-1	3	Day3	Control
HALLMARK_G2M_CHECKPOINT	R0189	0.730903085247845	THP-1	3	Day3	Control
HALLMARK_G2M_CHECKPOINT	R0190	0.733012310123613	THP-1	3	Day3	Control
HALLMARK_G2M_CHECKPOINT	R0318	0.776025471954688	THP-1	1	Day1	Lineage_5
HALLMARK_G2M_CHECKPOINT	R0320	0.772920729282977	THP-1	1	Day1	Lineage_5
HALLMARK_G2M_CHECKPOINT	R0322	0.774615019473727	THP-1	1	Day1	Lineage_5
HALLMARK_G2M_CHECKPOINT	R0330	0.789142419378404	THP-1	3	Day3	Lineage_5
HALLMARK_G2M_CHECKPOINT	R0332	0.793182641265809	THP-1	3	Day3	Lineage_5
HALLMARK_G2M_CHECKPOINT	R0334	0.835288260614398	THP-1	3	Day3	Lineage_5
HALLMARK_G2M_CHECKPOINT	R0420	0.615512363055147	THP-1	1	Day1	M_bovis
HALLMARK_G2M_CHECKPOINT	R0422	0.727851627676936	THP-1	1	Day1	M_bovis
HALLMARK_G2M_CHECKPOINT	R0424	0.630705325183433	THP-1	1	Day1	M_bovis
HALLMARK_G2M_CHECKPOINT	R0426	0.646145034397837	THP-1	3	Day3	M_bovis
HALLMARK_G2M_CHECKPOINT	R0428	0.613764934285407	THP-1	3	Day3	M_bovis
HALLMARK_G2M_CHECKPOINT	R0430	0.660633425969552	THP-1	3	Day3	M_bovis
HALLMARK_GLYCOLYSIS	R0168	0.566278827883535	THP-1	1	Day1	Control
HALLMARK_GLYCOLYSIS	R0169	0.573589495662077	THP-1	1	Day1	Control
HALLMARK_GLYCOLYSIS	R0171	0.561145762422621	THP-1	1	Day1	Control
HALLMARK_GLYCOLYSIS	R0187	0.570670537832484	THP-1	3	Day3	Control
HALLMARK_GLYCOLYSIS	R0189	0.569295642866097	THP-1	3	Day3	Control
HALLMARK_GLYCOLYSIS	R0190	0.572671362804185	THP-1	3	Day3	Control
HALLMARK_GLYCOLYSIS	R0318	0.573518442122993	THP-1	1	Day1	Lineage_5
HALLMARK_GLYCOLYSIS	R0320	0.568018720045162	THP-1	1	Day1	Lineage_5
HALLMARK_GLYCOLYSIS	R0322	0.565505843755476	THP-1	1	Day1	Lineage_5
HALLMARK_GLYCOLYSIS	R0330	0.583794440841225	THP-1	3	Day3	Lineage_5
HALLMARK_GLYCOLYSIS	R0332	0.587683237504795	THP-1	3	Day3	Lineage_5
HALLMARK_GLYCOLYSIS	R0334	0.583228742049169	THP-1	3	Day3	Lineage_5
HALLMARK_GLYCOLYSIS	R0420	0.661881721100963	THP-1	1	Day1	M_bovis
HALLMARK_GLYCOLYSIS	R0422	0.638219749390991	THP-1	1	Day1	M_bovis
HALLMARK_GLYCOLYSIS	R0424	0.66596444417814	THP-1	1	Day1	M_bovis
HALLMARK_GLYCOLYSIS	R0426	0.650845276560548	THP-1	3	Day3	M_bovis
HALLMARK_GLYCOLYSIS	R0428	0.65950638988149	THP-1	3	Day3	M_bovis
HALLMARK_GLYCOLYSIS	R0430	0.66410136299311	THP-1	3	Day3	M_bovis
HALLMARK_HEDGEHOG_SIGNALING	R0168	0.446335101373418	THP-1	1	Day1	Control
HALLMARK_HEDGEHOG_SIGNALING	R0169	0.423520565172449	THP-1	1	Day1	Control
HALLMARK_HEDGEHOG_SIGNALING	R0171	0.448589015477746	THP-1	1	Day1	Control
HALLMARK_HEDGEHOG_SIGNALING	R0187	0.464890243214285	THP-1	3	Day3	Control
HALLMARK_HEDGEHOG_SIGNALING	R0189	0.46532354270274	THP-1	3	Day3	Control
HALLMARK_HEDGEHOG_SIGNALING	R0190	0.470438344454946	THP-1	3	Day3	Control
HALLMARK_HEDGEHOG_SIGNALING	R0318	0.412334385176859	THP-1	1	Day1	Lineage_5
HALLMARK_HEDGEHOG_SIGNALING	R0320	0.446806119735652	THP-1	1	Day1	Lineage_5
HALLMARK_HEDGEHOG_SIGNALING	R0322	0.448351874345848	THP-1	1	Day1	Lineage_5
HALLMARK_HEDGEHOG_SIGNALING	R0330	0.41167339524765	THP-1	3	Day3	Lineage_5
HALLMARK_HEDGEHOG_SIGNALING	R0332	0.41906251172717	THP-1	3	Day3	Lineage_5
HALLMARK_HEDGEHOG_SIGNALING	R0334	0.427501303651448	THP-1	3	Day3	Lineage_5
HALLMARK_HEDGEHOG_SIGNALING	R0420	0.499616146548627	THP-1	1	Day1	M_bovis
HALLMARK_HEDGEHOG_SIGNALING	R0422	0.475219584356973	THP-1	1	Day1	M_bovis
HALLMARK_HEDGEHOG_SIGNALING	R0424	0.49997827309092	THP-1	1	Day1	M_bovis
HALLMARK_HEDGEHOG_SIGNALING	R0426	0.495316102619135	THP-1	3	Day3	M_bovis
HALLMARK_HEDGEHOG_SIGNALING	R0428	0.438604700313278	THP-1	3	Day3	M_bovis
HALLMARK_HEDGEHOG_SIGNALING	R0430	0.482148889044758	THP-1	3	Day3	M_bovis
HALLMARK_HEME_METABOLISM	R0168	0.581970441588191	THP-1	1	Day1	Control
HALLMARK_HEME_METABOLISM	R0169	0.579748938196907	THP-1	1	Day1	Control
HALLMARK_HEME_METABOLISM	R0171	0.580260632536622	THP-1	1	Day1	Control
HALLMARK_HEME_METABOLISM	R0187	0.595384069308757	THP-1	3	Day3	Control
HALLMARK_HEME_METABOLISM	R0189	0.591109420105681	THP-1	3	Day3	Control
HALLMARK_HEME_METABOLISM	R0190	0.596062753544041	THP-1	3	Day3	Control
HALLMARK_HEME_METABOLISM	R0318	0.584251097175404	THP-1	1	Day1	Lineage_5
HALLMARK_HEME_METABOLISM	R0320	0.59196329878512	THP-1	1	Day1	Lineage_5
HALLMARK_HEME_METABOLISM	R0322	0.589565134054272	THP-1	1	Day1	Lineage_5
HALLMARK_HEME_METABOLISM	R0330	0.593707223880382	THP-1	3	Day3	Lineage_5
HALLMARK_HEME_METABOLISM	R0332	0.599677229159754	THP-1	3	Day3	Lineage_5
HALLMARK_HEME_METABOLISM	R0334	0.599365637230464	THP-1	3	Day3	Lineage_5
HALLMARK_HEME_METABOLISM	R0420	0.628366420954758	THP-1	1	Day1	M_bovis
HALLMARK_HEME_METABOLISM	R0422	0.606388282918118	THP-1	1	Day1	M_bovis
HALLMARK_HEME_METABOLISM	R0424	0.630172220418687	THP-1	1	Day1	M_bovis
HALLMARK_HEME_METABOLISM	R0426	0.631361979056478	THP-1	3	Day3	M_bovis
HALLMARK_HEME_METABOLISM	R0428	0.612784015859579	THP-1	3	Day3	M_bovis
HALLMARK_HEME_METABOLISM	R0430	0.639086788976079	THP-1	3	Day3	M_bovis
HALLMARK_HYPOXIA	R0168	0.553407504687251	THP-1	1	Day1	Control
HALLMARK_HYPOXIA	R0169	0.554308512966069	THP-1	1	Day1	Control
HALLMARK_HYPOXIA	R0171	0.547759993412702	THP-1	1	Day1	Control
HALLMARK_HYPOXIA	R0187	0.545842253586147	THP-1	3	Day3	Control
HALLMARK_HYPOXIA	R0189	0.547564065238662	THP-1	3	Day3	Control
HALLMARK_HYPOXIA	R0190	0.54763030659208	THP-1	3	Day3	Control
HALLMARK_HYPOXIA	R0318	0.534250774867951	THP-1	1	Day1	Lineage_5
HALLMARK_HYPOXIA	R0320	0.536288296782395	THP-1	1	Day1	Lineage_5
HALLMARK_HYPOXIA	R0322	0.533410060521077	THP-1	1	Day1	Lineage_5
HALLMARK_HYPOXIA	R0330	0.524852312621138	THP-1	3	Day3	Lineage_5
HALLMARK_HYPOXIA	R0332	0.529121948981024	THP-1	3	Day3	Lineage_5
HALLMARK_HYPOXIA	R0334	0.520876075452282	THP-1	3	Day3	Lineage_5
HALLMARK_HYPOXIA	R0420	0.752506584608806	THP-1	1	Day1	M_bovis
HALLMARK_HYPOXIA	R0422	0.713341328792811	THP-1	1	Day1	M_bovis
HALLMARK_HYPOXIA	R0424	0.751747339035614	THP-1	1	Day1	M_bovis
HALLMARK_HYPOXIA	R0426	0.732801903782113	THP-1	3	Day3	M_bovis
HALLMARK_HYPOXIA	R0428	0.708020990538969	THP-1	3	Day3	M_bovis
HALLMARK_HYPOXIA	R0430	0.739648259564395	THP-1	3	Day3	M_bovis
HALLMARK_IL2_STAT5_SIGNALING	R0168	0.513829053345189	THP-1	1	Day1	Control
HALLMARK_IL2_STAT5_SIGNALING	R0169	0.514174892385452	THP-1	1	Day1	Control
HALLMARK_IL2_STAT5_SIGNALING	R0171	0.51157649644607	THP-1	1	Day1	Control
HALLMARK_IL2_STAT5_SIGNALING	R0187	0.501566199401004	THP-1	3	Day3	Control
HALLMARK_IL2_STAT5_SIGNALING	R0189	0.502723021485773	THP-1	3	Day3	Control
HALLMARK_IL2_STAT5_SIGNALING	R0190	0.503203582544033	THP-1	3	Day3	Control
HALLMARK_IL2_STAT5_SIGNALING	R0318	0.533741595256426	THP-1	1	Day1	Lineage_5
HALLMARK_IL2_STAT5_SIGNALING	R0320	0.529669445552921	THP-1	1	Day1	Lineage_5
HALLMARK_IL2_STAT5_SIGNALING	R0322	0.531276525017341	THP-1	1	Day1	Lineage_5
HALLMARK_IL2_STAT5_SIGNALING	R0330	0.475109734906028	THP-1	3	Day3	Lineage_5
HALLMARK_IL2_STAT5_SIGNALING	R0332	0.483491381672266	THP-1	3	Day3	Lineage_5
HALLMARK_IL2_STAT5_SIGNALING	R0334	0.492507597108632	THP-1	3	Day3	Lineage_5
HALLMARK_IL2_STAT5_SIGNALING	R0420	0.57075924126961	THP-1	1	Day1	M_bovis
HALLMARK_IL2_STAT5_SIGNALING	R0422	0.615354414835018	THP-1	1	Day1	M_bovis
HALLMARK_IL2_STAT5_SIGNALING	R0424	0.572398859269941	THP-1	1	Day1	M_bovis
HALLMARK_IL2_STAT5_SIGNALING	R0426	0.558364821615153	THP-1	3	Day3	M_bovis
HALLMARK_IL2_STAT5_SIGNALING	R0428	0.544316096048467	THP-1	3	Day3	M_bovis
HALLMARK_IL2_STAT5_SIGNALING	R0430	0.567134809288261	THP-1	3	Day3	M_bovis
HALLMARK_IL6_JAK_STAT3_SIGNALING	R0168	0.525727954273822	THP-1	1	Day1	Control
HALLMARK_IL6_JAK_STAT3_SIGNALING	R0169	0.516572627469683	THP-1	1	Day1	Control
HALLMARK_IL6_JAK_STAT3_SIGNALING	R0171	0.524955664527352	THP-1	1	Day1	Control
HALLMARK_IL6_JAK_STAT3_SIGNALING	R0187	0.505118218120834	THP-1	3	Day3	Control
HALLMARK_IL6_JAK_STAT3_SIGNALING	R0189	0.500847423524043	THP-1	3	Day3	Control
HALLMARK_IL6_JAK_STAT3_SIGNALING	R0190	0.507808595899913	THP-1	3	Day3	Control
HALLMARK_IL6_JAK_STAT3_SIGNALING	R0318	0.587476260267118	THP-1	1	Day1	Lineage_5
HALLMARK_IL6_JAK_STAT3_SIGNALING	R0320	0.580401784390156	THP-1	1	Day1	Lineage_5
HALLMARK_IL6_JAK_STAT3_SIGNALING	R0322	0.582358684000138	THP-1	1	Day1	Lineage_5
HALLMARK_IL6_JAK_STAT3_SIGNALING	R0330	0.491319136498201	THP-1	3	Day3	Lineage_5
HALLMARK_IL6_JAK_STAT3_SIGNALING	R0332	0.504640371078149	THP-1	3	Day3	Lineage_5
HALLMARK_IL6_JAK_STAT3_SIGNALING	R0334	0.529326544765883	THP-1	3	Day3	Lineage_5
HALLMARK_IL6_JAK_STAT3_SIGNALING	R0420	0.587824774239485	THP-1	1	Day1	M_bovis
HALLMARK_IL6_JAK_STAT3_SIGNALING	R0422	0.693908330235445	THP-1	1	Day1	M_bovis
HALLMARK_IL6_JAK_STAT3_SIGNALING	R0424	0.593634702540423	THP-1	1	Day1	M_bovis
HALLMARK_IL6_JAK_STAT3_SIGNALING	R0426	0.599309395828149	THP-1	3	Day3	M_bovis
HALLMARK_IL6_JAK_STAT3_SIGNALING	R0428	0.557243137155802	THP-1	3	Day3	M_bovis
HALLMARK_IL6_JAK_STAT3_SIGNALING	R0430	0.599465406648329	THP-1	3	Day3	M_bovis
HALLMARK_INFLAMMATORY_RESPONSE	R0168	0.449458229823259	THP-1	1	Day1	Control
HALLMARK_INFLAMMATORY_RESPONSE	R0169	0.444814460085698	THP-1	1	Day1	Control
HALLMARK_INFLAMMATORY_RESPONSE	R0171	0.452644308879722	THP-1	1	Day1	Control
HALLMARK_INFLAMMATORY_RESPONSE	R0187	0.4241341217487	THP-1	3	Day3	Control
HALLMARK_INFLAMMATORY_RESPONSE	R0189	0.417127775340838	THP-1	3	Day3	Control
HALLMARK_INFLAMMATORY_RESPONSE	R0190	0.421028292752792	THP-1	3	Day3	Control
HALLMARK_INFLAMMATORY_RESPONSE	R0318	0.497912736215667	THP-1	1	Day1	Lineage_5
HALLMARK_INFLAMMATORY_RESPONSE	R0320	0.489301613147981	THP-1	1	Day1	Lineage_5
HALLMARK_INFLAMMATORY_RESPONSE	R0322	0.490553068740358	THP-1	1	Day1	Lineage_5
HALLMARK_INFLAMMATORY_RESPONSE	R0330	0.367507992058499	THP-1	3	Day3	Lineage_5
HALLMARK_INFLAMMATORY_RESPONSE	R0332	0.380785778209961	THP-1	3	Day3	Lineage_5
HALLMARK_INFLAMMATORY_RESPONSE	R0334	0.413334803772565	THP-1	3	Day3	Lineage_5
HALLMARK_INFLAMMATORY_RESPONSE	R0420	0.559804637385947	THP-1	1	Day1	M_bovis
HALLMARK_INFLAMMATORY_RESPONSE	R0422	0.637039934680867	THP-1	1	Day1	M_bovis
HALLMARK_INFLAMMATORY_RESPONSE	R0424	0.560332653547352	THP-1	1	Day1	M_bovis
HALLMARK_INFLAMMATORY_RESPONSE	R0426	0.523993351398116	THP-1	3	Day3	M_bovis
HALLMARK_INFLAMMATORY_RESPONSE	R0428	0.515653306488003	THP-1	3	Day3	M_bovis
HALLMARK_INFLAMMATORY_RESPONSE	R0430	0.52746719838961	THP-1	3	Day3	M_bovis
HALLMARK_INTERFERON_ALPHA_RESPONSE	R0168	0.563566000106329	THP-1	1	Day1	Control
HALLMARK_INTERFERON_ALPHA_RESPONSE	R0169	0.540705831972612	THP-1	1	Day1	Control
HALLMARK_INTERFERON_ALPHA_RESPONSE	R0171	0.531858850316265	THP-1	1	Day1	Control
HALLMARK_INTERFERON_ALPHA_RESPONSE	R0187	0.52499438200223	THP-1	3	Day3	Control
HALLMARK_INTERFERON_ALPHA_RESPONSE	R0189	0.527666772065006	THP-1	3	Day3	Control
HALLMARK_INTERFERON_ALPHA_RESPONSE	R0190	0.535426587769275	THP-1	3	Day3	Control
HALLMARK_INTERFERON_ALPHA_RESPONSE	R0318	0.8217130908108	THP-1	1	Day1	Lineage_5
HALLMARK_INTERFERON_ALPHA_RESPONSE	R0320	0.806221060556619	THP-1	1	Day1	Lineage_5
HALLMARK_INTERFERON_ALPHA_RESPONSE	R0322	0.811206571386785	THP-1	1	Day1	Lineage_5
HALLMARK_INTERFERON_ALPHA_RESPONSE	R0330	0.674608067312349	THP-1	3	Day3	Lineage_5
HALLMARK_INTERFERON_ALPHA_RESPONSE	R0332	0.65719792828437	THP-1	3	Day3	Lineage_5
HALLMARK_INTERFERON_ALPHA_RESPONSE	R0334	0.710596046924498	THP-1	3	Day3	Lineage_5
HALLMARK_INTERFERON_ALPHA_RESPONSE	R0420	0.553501388930717	THP-1	1	Day1	M_bovis
HALLMARK_INTERFERON_ALPHA_RESPONSE	R0422	0.904957381879123	THP-1	1	Day1	M_bovis
HALLMARK_INTERFERON_ALPHA_RESPONSE	R0424	0.576272320130088	THP-1	1	Day1	M_bovis
HALLMARK_INTERFERON_ALPHA_RESPONSE	R0426	0.537359636781102	THP-1	3	Day3	M_bovis
HALLMARK_INTERFERON_ALPHA_RESPONSE	R0428	0.483404519999344	THP-1	3	Day3	M_bovis
HALLMARK_INTERFERON_ALPHA_RESPONSE	R0430	0.539995032139873	THP-1	3	Day3	M_bovis
HALLMARK_INTERFERON_GAMMA_RESPONSE	R0168	0.510838781505982	THP-1	1	Day1	Control
HALLMARK_INTERFERON_GAMMA_RESPONSE	R0169	0.495419319525162	THP-1	1	Day1	Control
HALLMARK_INTERFERON_GAMMA_RESPONSE	R0171	0.494530344345696	THP-1	1	Day1	Control
HALLMARK_INTERFERON_GAMMA_RESPONSE	R0187	0.481405453600199	THP-1	3	Day3	Control
HALLMARK_INTERFERON_GAMMA_RESPONSE	R0189	0.481156213315185	THP-1	3	Day3	Control
HALLMARK_INTERFERON_GAMMA_RESPONSE	R0190	0.484019662896715	THP-1	3	Day3	Control
HALLMARK_INTERFERON_GAMMA_RESPONSE	R0318	0.669295604374841	THP-1	1	Day1	Lineage_5
HALLMARK_INTERFERON_GAMMA_RESPONSE	R0320	0.656184396820511	THP-1	1	Day1	Lineage_5
HALLMARK_INTERFERON_GAMMA_RESPONSE	R0322	0.659617307934743	THP-1	1	Day1	Lineage_5
HALLMARK_INTERFERON_GAMMA_RESPONSE	R0330	0.561286753723087	THP-1	3	Day3	Lineage_5
HALLMARK_INTERFERON_GAMMA_RESPONSE	R0332	0.554909300476908	THP-1	3	Day3	Lineage_5
HALLMARK_INTERFERON_GAMMA_RESPONSE	R0334	0.59426424730409	THP-1	3	Day3	Lineage_5
HALLMARK_INTERFERON_GAMMA_RESPONSE	R0420	0.526950429703657	THP-1	1	Day1	M_bovis
HALLMARK_INTERFERON_GAMMA_RESPONSE	R0422	0.76134282289496	THP-1	1	Day1	M_bovis
HALLMARK_INTERFERON_GAMMA_RESPONSE	R0424	0.539865935218052	THP-1	1	Day1	M_bovis
HALLMARK_INTERFERON_GAMMA_RESPONSE	R0426	0.523489042686214	THP-1	3	Day3	M_bovis
HALLMARK_INTERFERON_GAMMA_RESPONSE	R0428	0.477744796627566	THP-1	3	Day3	M_bovis
HALLMARK_INTERFERON_GAMMA_RESPONSE	R0430	0.526098637998461	THP-1	3	Day3	M_bovis
HALLMARK_KRAS_SIGNALING_DN	R0168	-0.00174129855886687	THP-1	1	Day1	Control
HALLMARK_KRAS_SIGNALING_DN	R0169	-0.0231395074515768	THP-1	1	Day1	Control
HALLMARK_KRAS_SIGNALING_DN	R0171	-0.00757707238545969	THP-1	1	Day1	Control
HALLMARK_KRAS_SIGNALING_DN	R0187	0.00824714967872844	THP-1	3	Day3	Control
HALLMARK_KRAS_SIGNALING_DN	R0189	0.015576224960913	THP-1	3	Day3	Control
HALLMARK_KRAS_SIGNALING_DN	R0190	0.0121514676976038	THP-1	3	Day3	Control
HALLMARK_KRAS_SIGNALING_DN	R0318	0.0103047954545799	THP-1	1	Day1	Lineage_5
HALLMARK_KRAS_SIGNALING_DN	R0320	0.0267803238429188	THP-1	1	Day1	Lineage_5
HALLMARK_KRAS_SIGNALING_DN	R0322	0.0307203729828521	THP-1	1	Day1	Lineage_5
HALLMARK_KRAS_SIGNALING_DN	R0330	0.0368732736655062	THP-1	3	Day3	Lineage_5
HALLMARK_KRAS_SIGNALING_DN	R0332	0.0294354919374976	THP-1	3	Day3	Lineage_5
HALLMARK_KRAS_SIGNALING_DN	R0334	0.020410212513608	THP-1	3	Day3	Lineage_5
HALLMARK_KRAS_SIGNALING_DN	R0420	0.0298658106093044	THP-1	1	Day1	M_bovis
HALLMARK_KRAS_SIGNALING_DN	R0422	0.0525510567901911	THP-1	1	Day1	M_bovis
HALLMARK_KRAS_SIGNALING_DN	R0424	0.0328903706841031	THP-1	1	Day1	M_bovis
HALLMARK_KRAS_SIGNALING_DN	R0426	0.0374895309165148	THP-1	3	Day3	M_bovis
HALLMARK_KRAS_SIGNALING_DN	R0428	-0.00702829685442091	THP-1	3	Day3	M_bovis
HALLMARK_KRAS_SIGNALING_DN	R0430	0.0290075298078817	THP-1	3	Day3	M_bovis
HALLMARK_KRAS_SIGNALING_UP	R0168	0.437960194871288	THP-1	1	Day1	Control
HALLMARK_KRAS_SIGNALING_UP	R0169	0.434959481632788	THP-1	1	Day1	Control
HALLMARK_KRAS_SIGNALING_UP	R0171	0.441944257217253	THP-1	1	Day1	Control
HALLMARK_KRAS_SIGNALING_UP	R0187	0.439481561581321	THP-1	3	Day3	Control
HALLMARK_KRAS_SIGNALING_UP	R0189	0.432903522997397	THP-1	3	Day3	Control
HALLMARK_KRAS_SIGNALING_UP	R0190	0.4389608658885	THP-1	3	Day3	Control
HALLMARK_KRAS_SIGNALING_UP	R0318	0.438959844578203	THP-1	1	Day1	Lineage_5
HALLMARK_KRAS_SIGNALING_UP	R0320	0.435880686696862	THP-1	1	Day1	Lineage_5
HALLMARK_KRAS_SIGNALING_UP	R0322	0.435729856172859	THP-1	1	Day1	Lineage_5
HALLMARK_KRAS_SIGNALING_UP	R0330	0.356003657626993	THP-1	3	Day3	Lineage_5
HALLMARK_KRAS_SIGNALING_UP	R0332	0.368593703865765	THP-1	3	Day3	Lineage_5
HALLMARK_KRAS_SIGNALING_UP	R0334	0.398500587371604	THP-1	3	Day3	Lineage_5
HALLMARK_KRAS_SIGNALING_UP	R0420	0.48458530613269	THP-1	1	Day1	M_bovis
HALLMARK_KRAS_SIGNALING_UP	R0422	0.497843380592786	THP-1	1	Day1	M_bovis
HALLMARK_KRAS_SIGNALING_UP	R0424	0.488718716391802	THP-1	1	Day1	M_bovis
HALLMARK_KRAS_SIGNALING_UP	R0426	0.480433218814757	THP-1	3	Day3	M_bovis
HALLMARK_KRAS_SIGNALING_UP	R0428	0.474018390732201	THP-1	3	Day3	M_bovis
HALLMARK_KRAS_SIGNALING_UP	R0430	0.482705456598507	THP-1	3	Day3	M_bovis
HALLMARK_MITOTIC_SPINDLE	R0168	0.707129754481385	THP-1	1	Day1	Control
HALLMARK_MITOTIC_SPINDLE	R0169	0.690798394826209	THP-1	1	Day1	Control
HALLMARK_MITOTIC_SPINDLE	R0171	0.71107971997565	THP-1	1	Day1	Control
HALLMARK_MITOTIC_SPINDLE	R0187	0.75001088843445	THP-1	3	Day3	Control
HALLMARK_MITOTIC_SPINDLE	R0189	0.751462976684872	THP-1	3	Day3	Control
HALLMARK_MITOTIC_SPINDLE	R0190	0.751447465796294	THP-1	3	Day3	Control
HALLMARK_MITOTIC_SPINDLE	R0318	0.692025105614953	THP-1	1	Day1	Lineage_5
HALLMARK_MITOTIC_SPINDLE	R0320	0.729662948232464	THP-1	1	Day1	Lineage_5
HALLMARK_MITOTIC_SPINDLE	R0322	0.735870008504533	THP-1	1	Day1	Lineage_5
HALLMARK_MITOTIC_SPINDLE	R0330	0.664941063408466	THP-1	3	Day3	Lineage_5
HALLMARK_MITOTIC_SPINDLE	R0332	0.678322883198825	THP-1	3	Day3	Lineage_5
HALLMARK_MITOTIC_SPINDLE	R0334	0.735674208549314	THP-1	3	Day3	Lineage_5
HALLMARK_MITOTIC_SPINDLE	R0420	0.65099281883125	THP-1	1	Day1	M_bovis
HALLMARK_MITOTIC_SPINDLE	R0422	0.686041474217049	THP-1	1	Day1	M_bovis
HALLMARK_MITOTIC_SPINDLE	R0424	0.656431752092639	THP-1	1	Day1	M_bovis
HALLMARK_MITOTIC_SPINDLE	R0426	0.676932688234749	THP-1	3	Day3	M_bovis
HALLMARK_MITOTIC_SPINDLE	R0428	0.618919270542897	THP-1	3	Day3	M_bovis
HALLMARK_MITOTIC_SPINDLE	R0430	0.663547117221864	THP-1	3	Day3	M_bovis
HALLMARK_MTORC1_SIGNALING	R0168	0.759476478138855	THP-1	1	Day1	Control
HALLMARK_MTORC1_SIGNALING	R0169	0.772824477343445	THP-1	1	Day1	Control
HALLMARK_MTORC1_SIGNALING	R0171	0.75865025811296	THP-1	1	Day1	Control
HALLMARK_MTORC1_SIGNALING	R0187	0.759979650773975	THP-1	3	Day3	Control
HALLMARK_MTORC1_SIGNALING	R0189	0.755179460022504	THP-1	3	Day3	Control
HALLMARK_MTORC1_SIGNALING	R0190	0.759302174694565	THP-1	3	Day3	Control
HALLMARK_MTORC1_SIGNALING	R0318	0.803382144612135	THP-1	1	Day1	Lineage_5
HALLMARK_MTORC1_SIGNALING	R0320	0.785763494376347	THP-1	1	Day1	Lineage_5
HALLMARK_MTORC1_SIGNALING	R0322	0.783446307587324	THP-1	1	Day1	Lineage_5
HALLMARK_MTORC1_SIGNALING	R0330	0.786824024026284	THP-1	3	Day3	Lineage_5
HALLMARK_MTORC1_SIGNALING	R0332	0.792020085011429	THP-1	3	Day3	Lineage_5
HALLMARK_MTORC1_SIGNALING	R0334	0.806742911899002	THP-1	3	Day3	Lineage_5
HALLMARK_MTORC1_SIGNALING	R0420	0.840964770463657	THP-1	1	Day1	M_bovis
HALLMARK_MTORC1_SIGNALING	R0422	0.854275915681678	THP-1	1	Day1	M_bovis
HALLMARK_MTORC1_SIGNALING	R0424	0.838990469208276	THP-1	1	Day1	M_bovis
HALLMARK_MTORC1_SIGNALING	R0426	0.830864252450752	THP-1	3	Day3	M_bovis
HALLMARK_MTORC1_SIGNALING	R0428	0.868618439129846	THP-1	3	Day3	M_bovis
HALLMARK_MTORC1_SIGNALING	R0430	0.85170095189002	THP-1	3	Day3	M_bovis
HALLMARK_MYC_TARGETS_V1	R0168	0.902179263471775	THP-1	1	Day1	Control
HALLMARK_MYC_TARGETS_V1	R0169	0.928537066623231	THP-1	1	Day1	Control
HALLMARK_MYC_TARGETS_V1	R0171	0.897313033487324	THP-1	1	Day1	Control
HALLMARK_MYC_TARGETS_V1	R0187	0.885556822268116	THP-1	3	Day3	Control
HALLMARK_MYC_TARGETS_V1	R0189	0.885715558091006	THP-1	3	Day3	Control
HALLMARK_MYC_TARGETS_V1	R0190	0.88685744395279	THP-1	3	Day3	Control
HALLMARK_MYC_TARGETS_V1	R0318	0.976860492548423	THP-1	1	Day1	Lineage_5
HALLMARK_MYC_TARGETS_V1	R0320	0.937795018283982	THP-1	1	Day1	Lineage_5
HALLMARK_MYC_TARGETS_V1	R0322	0.934762425407749	THP-1	1	Day1	Lineage_5
HALLMARK_MYC_TARGETS_V1	R0330	0.940259798517314	THP-1	3	Day3	Lineage_5
HALLMARK_MYC_TARGETS_V1	R0332	0.941276567153171	THP-1	3	Day3	Lineage_5
HALLMARK_MYC_TARGETS_V1	R0334	0.955366774609694	THP-1	3	Day3	Lineage_5
HALLMARK_MYC_TARGETS_V1	R0420	0.868048282343956	THP-1	1	Day1	M_bovis
HALLMARK_MYC_TARGETS_V1	R0422	0.900654132824485	THP-1	1	Day1	M_bovis
HALLMARK_MYC_TARGETS_V1	R0424	0.870576636196934	THP-1	1	Day1	M_bovis
HALLMARK_MYC_TARGETS_V1	R0426	0.839210847429406	THP-1	3	Day3	M_bovis
HALLMARK_MYC_TARGETS_V1	R0428	0.919345835317154	THP-1	3	Day3	M_bovis
HALLMARK_MYC_TARGETS_V1	R0430	0.8765250328291	THP-1	3	Day3	M_bovis
HALLMARK_MYC_TARGETS_V2	R0168	0.673909834737176	THP-1	1	Day1	Control
HALLMARK_MYC_TARGETS_V2	R0169	0.686680197233121	THP-1	1	Day1	Control
HALLMARK_MYC_TARGETS_V2	R0171	0.668736092633299	THP-1	1	Day1	Control
HALLMARK_MYC_TARGETS_V2	R0187	0.621883629249704	THP-1	3	Day3	Control
HALLMARK_MYC_TARGETS_V2	R0189	0.627237932116657	THP-1	3	Day3	Control
HALLMARK_MYC_TARGETS_V2	R0190	0.623802708335212	THP-1	3	Day3	Control
HALLMARK_MYC_TARGETS_V2	R0318	0.762154448608084	THP-1	1	Day1	Lineage_5
HALLMARK_MYC_TARGETS_V2	R0320	0.733950919328212	THP-1	1	Day1	Lineage_5
HALLMARK_MYC_TARGETS_V2	R0322	0.72986748761953	THP-1	1	Day1	Lineage_5
HALLMARK_MYC_TARGETS_V2	R0330	0.791074683960762	THP-1	3	Day3	Lineage_5
HALLMARK_MYC_TARGETS_V2	R0332	0.779174632367564	THP-1	3	Day3	Lineage_5
HALLMARK_MYC_TARGETS_V2	R0334	0.743296003847873	THP-1	3	Day3	Lineage_5
HALLMARK_MYC_TARGETS_V2	R0420	0.581790091869659	THP-1	1	Day1	M_bovis
HALLMARK_MYC_TARGETS_V2	R0422	0.605239594519634	THP-1	1	Day1	M_bovis
HALLMARK_MYC_TARGETS_V2	R0424	0.576113434937165	THP-1	1	Day1	M_bovis
HALLMARK_MYC_TARGETS_V2	R0426	0.570597444479995	THP-1	3	Day3	M_bovis
HALLMARK_MYC_TARGETS_V2	R0428	0.688167511839709	THP-1	3	Day3	M_bovis
HALLMARK_MYC_TARGETS_V2	R0430	0.601732959924808	THP-1	3	Day3	M_bovis
HALLMARK_MYOGENESIS	R0168	0.333763950718282	THP-1	1	Day1	Control
HALLMARK_MYOGENESIS	R0169	0.329930643540434	THP-1	1	Day1	Control
HALLMARK_MYOGENESIS	R0171	0.328511092281807	THP-1	1	Day1	Control
HALLMARK_MYOGENESIS	R0187	0.344794592708079	THP-1	3	Day3	Control
HALLMARK_MYOGENESIS	R0189	0.344807521850324	THP-1	3	Day3	Control
HALLMARK_MYOGENESIS	R0190	0.342793531532812	THP-1	3	Day3	Control
HALLMARK_MYOGENESIS	R0318	0.295312587334222	THP-1	1	Day1	Lineage_5
HALLMARK_MYOGENESIS	R0320	0.296471142951051	THP-1	1	Day1	Lineage_5
HALLMARK_MYOGENESIS	R0322	0.301008196993246	THP-1	1	Day1	Lineage_5
HALLMARK_MYOGENESIS	R0330	0.298237998751665	THP-1	3	Day3	Lineage_5
HALLMARK_MYOGENESIS	R0332	0.291603230607867	THP-1	3	Day3	Lineage_5
HALLMARK_MYOGENESIS	R0334	0.289182148871084	THP-1	3	Day3	Lineage_5
HALLMARK_MYOGENESIS	R0420	0.372139541857154	THP-1	1	Day1	M_bovis
HALLMARK_MYOGENESIS	R0422	0.337111043270385	THP-1	1	Day1	M_bovis
HALLMARK_MYOGENESIS	R0424	0.377895480314852	THP-1	1	Day1	M_bovis
HALLMARK_MYOGENESIS	R0426	0.37609095793938	THP-1	3	Day3	M_bovis
HALLMARK_MYOGENESIS	R0428	0.349617253849535	THP-1	3	Day3	M_bovis
HALLMARK_MYOGENESIS	R0430	0.369138655965666	THP-1	3	Day3	M_bovis
HALLMARK_NOTCH_SIGNALING	R0168	0.654752730365574	THP-1	1	Day1	Control
HALLMARK_NOTCH_SIGNALING	R0169	0.64035860554394	THP-1	1	Day1	Control
HALLMARK_NOTCH_SIGNALING	R0171	0.660376234643998	THP-1	1	Day1	Control
HALLMARK_NOTCH_SIGNALING	R0187	0.640200908974549	THP-1	3	Day3	Control
HALLMARK_NOTCH_SIGNALING	R0189	0.636431161744656	THP-1	3	Day3	Control
HALLMARK_NOTCH_SIGNALING	R0190	0.639937638636379	THP-1	3	Day3	Control
HALLMARK_NOTCH_SIGNALING	R0318	0.592092961461774	THP-1	1	Day1	Lineage_5
HALLMARK_NOTCH_SIGNALING	R0320	0.609459027832685	THP-1	1	Day1	Lineage_5
HALLMARK_NOTCH_SIGNALING	R0322	0.610513570616425	THP-1	1	Day1	Lineage_5
HALLMARK_NOTCH_SIGNALING	R0330	0.57826391456752	THP-1	3	Day3	Lineage_5
HALLMARK_NOTCH_SIGNALING	R0332	0.585413355364178	THP-1	3	Day3	Lineage_5
HALLMARK_NOTCH_SIGNALING	R0334	0.569730551943725	THP-1	3	Day3	Lineage_5
HALLMARK_NOTCH_SIGNALING	R0420	0.67620254339686	THP-1	1	Day1	M_bovis
HALLMARK_NOTCH_SIGNALING	R0422	0.639675639063536	THP-1	1	Day1	M_bovis
HALLMARK_NOTCH_SIGNALING	R0424	0.679870876862933	THP-1	1	Day1	M_bovis
HALLMARK_NOTCH_SIGNALING	R0426	0.658253163161436	THP-1	3	Day3	M_bovis
HALLMARK_NOTCH_SIGNALING	R0428	0.652538831095679	THP-1	3	Day3	M_bovis
HALLMARK_NOTCH_SIGNALING	R0430	0.653411278265803	THP-1	3	Day3	M_bovis
HALLMARK_OXIDATIVE_PHOSPHORYLATION	R0168	0.763692933390658	THP-1	1	Day1	Control
HALLMARK_OXIDATIVE_PHOSPHORYLATION	R0169	0.807487970333462	THP-1	1	Day1	Control
HALLMARK_OXIDATIVE_PHOSPHORYLATION	R0171	0.757078901986479	THP-1	1	Day1	Control
HALLMARK_OXIDATIVE_PHOSPHORYLATION	R0187	0.74435357954488	THP-1	3	Day3	Control
HALLMARK_OXIDATIVE_PHOSPHORYLATION	R0189	0.744653687000844	THP-1	3	Day3	Control
HALLMARK_OXIDATIVE_PHOSPHORYLATION	R0190	0.745638469490033	THP-1	3	Day3	Control
HALLMARK_OXIDATIVE_PHOSPHORYLATION	R0318	0.833174461796463	THP-1	1	Day1	Lineage_5
HALLMARK_OXIDATIVE_PHOSPHORYLATION	R0320	0.76725864126738	THP-1	1	Day1	Lineage_5
HALLMARK_OXIDATIVE_PHOSPHORYLATION	R0322	0.756642240039384	THP-1	1	Day1	Lineage_5
HALLMARK_OXIDATIVE_PHOSPHORYLATION	R0330	0.820401197123591	THP-1	3	Day3	Lineage_5
HALLMARK_OXIDATIVE_PHOSPHORYLATION	R0332	0.812201673163199	THP-1	3	Day3	Lineage_5
HALLMARK_OXIDATIVE_PHOSPHORYLATION	R0334	0.79620396263303	THP-1	3	Day3	Lineage_5
HALLMARK_OXIDATIVE_PHOSPHORYLATION	R0420	0.772872512913057	THP-1	1	Day1	M_bovis
HALLMARK_OXIDATIVE_PHOSPHORYLATION	R0422	0.785830298774625	THP-1	1	Day1	M_bovis
HALLMARK_OXIDATIVE_PHOSPHORYLATION	R0424	0.780648179671032	THP-1	1	Day1	M_bovis
HALLMARK_OXIDATIVE_PHOSPHORYLATION	R0426	0.698776294601941	THP-1	3	Day3	M_bovis
HALLMARK_OXIDATIVE_PHOSPHORYLATION	R0428	0.815643238731835	THP-1	3	Day3	M_bovis
HALLMARK_OXIDATIVE_PHOSPHORYLATION	R0430	0.761159547246167	THP-1	3	Day3	M_bovis
HALLMARK_P53_PATHWAY	R0168	0.607579898030378	THP-1	1	Day1	Control
HALLMARK_P53_PATHWAY	R0169	0.613696168579497	THP-1	1	Day1	Control
HALLMARK_P53_PATHWAY	R0171	0.605027475884559	THP-1	1	Day1	Control
HALLMARK_P53_PATHWAY	R0187	0.609535575109938	THP-1	3	Day3	Control
HALLMARK_P53_PATHWAY	R0189	0.610487874732593	THP-1	3	Day3	Control
HALLMARK_P53_PATHWAY	R0190	0.608720220565577	THP-1	3	Day3	Control
HALLMARK_P53_PATHWAY	R0318	0.623079903701402	THP-1	1	Day1	Lineage_5
HALLMARK_P53_PATHWAY	R0320	0.611419833198128	THP-1	1	Day1	Lineage_5
HALLMARK_P53_PATHWAY	R0322	0.608358164437919	THP-1	1	Day1	Lineage_5
HALLMARK_P53_PATHWAY	R0330	0.603640765100631	THP-1	3	Day3	Lineage_5
HALLMARK_P53_PATHWAY	R0332	0.606651012302196	THP-1	3	Day3	Lineage_5
HALLMARK_P53_PATHWAY	R0334	0.593905852571656	THP-1	3	Day3	Lineage_5
HALLMARK_P53_PATHWAY	R0420	0.676961288996318	THP-1	1	Day1	M_bovis
HALLMARK_P53_PATHWAY	R0422	0.670063232185679	THP-1	1	Day1	M_bovis
HALLMARK_P53_PATHWAY	R0424	0.681654693714215	THP-1	1	Day1	M_bovis
HALLMARK_P53_PATHWAY	R0426	0.660819386996221	THP-1	3	Day3	M_bovis
HALLMARK_P53_PATHWAY	R0428	0.656702662320863	THP-1	3	Day3	M_bovis
HALLMARK_P53_PATHWAY	R0430	0.668520050364156	THP-1	3	Day3	M_bovis
HALLMARK_PANCREAS_BETA_CELLS	R0168	0.27552044334835	THP-1	1	Day1	Control
HALLMARK_PANCREAS_BETA_CELLS	R0169	0.275337410837918	THP-1	1	Day1	Control
HALLMARK_PANCREAS_BETA_CELLS	R0171	0.287703938660641	THP-1	1	Day1	Control
HALLMARK_PANCREAS_BETA_CELLS	R0187	0.27988784982975	THP-1	3	Day3	Control
HALLMARK_PANCREAS_BETA_CELLS	R0189	0.273232249571379	THP-1	3	Day3	Control
HALLMARK_PANCREAS_BETA_CELLS	R0190	0.285341449149277	THP-1	3	Day3	Control
HALLMARK_PANCREAS_BETA_CELLS	R0318	0.337440799951761	THP-1	1	Day1	Lineage_5
HALLMARK_PANCREAS_BETA_CELLS	R0320	0.323965347565765	THP-1	1	Day1	Lineage_5
HALLMARK_PANCREAS_BETA_CELLS	R0322	0.320757894031697	THP-1	1	Day1	Lineage_5
HALLMARK_PANCREAS_BETA_CELLS	R0330	0.371907033111036	THP-1	3	Day3	Lineage_5
HALLMARK_PANCREAS_BETA_CELLS	R0332	0.362946839343631	THP-1	3	Day3	Lineage_5
HALLMARK_PANCREAS_BETA_CELLS	R0334	0.34352644589021	THP-1	3	Day3	Lineage_5
HALLMARK_PANCREAS_BETA_CELLS	R0420	0.323127714541955	THP-1	1	Day1	M_bovis
HALLMARK_PANCREAS_BETA_CELLS	R0422	0.30673852298914	THP-1	1	Day1	M_bovis
HALLMARK_PANCREAS_BETA_CELLS	R0424	0.314837490910018	THP-1	1	Day1	M_bovis
HALLMARK_PANCREAS_BETA_CELLS	R0426	0.313479011367866	THP-1	3	Day3	M_bovis
HALLMARK_PANCREAS_BETA_CELLS	R0428	0.331397495936785	THP-1	3	Day3	M_bovis
HALLMARK_PANCREAS_BETA_CELLS	R0430	0.3420030950957	THP-1	3	Day3	M_bovis
HALLMARK_PEROXISOME	R0168	0.589323125775086	THP-1	1	Day1	Control
HALLMARK_PEROXISOME	R0169	0.604190151613896	THP-1	1	Day1	Control
HALLMARK_PEROXISOME	R0171	0.587786103571416	THP-1	1	Day1	Control
HALLMARK_PEROXISOME	R0187	0.59481760592283	THP-1	3	Day3	Control
HALLMARK_PEROXISOME	R0189	0.600681641877002	THP-1	3	Day3	Control
HALLMARK_PEROXISOME	R0190	0.601347314580835	THP-1	3	Day3	Control
HALLMARK_PEROXISOME	R0318	0.605433800986225	THP-1	1	Day1	Lineage_5
HALLMARK_PEROXISOME	R0320	0.590901934587377	THP-1	1	Day1	Lineage_5
HALLMARK_PEROXISOME	R0322	0.584104749014152	THP-1	1	Day1	Lineage_5
HALLMARK_PEROXISOME	R0330	0.600402988742816	THP-1	3	Day3	Lineage_5
HALLMARK_PEROXISOME	R0332	0.601856030019668	THP-1	3	Day3	Lineage_5
HALLMARK_PEROXISOME	R0334	0.603492326443444	THP-1	3	Day3	Lineage_5
HALLMARK_PEROXISOME	R0420	0.595396213943828	THP-1	1	Day1	M_bovis
HALLMARK_PEROXISOME	R0422	0.605587777560173	THP-1	1	Day1	M_bovis
HALLMARK_PEROXISOME	R0424	0.599684602366085	THP-1	1	Day1	M_bovis
HALLMARK_PEROXISOME	R0426	0.587284937619616	THP-1	3	Day3	M_bovis
HALLMARK_PEROXISOME	R0428	0.608322916596609	THP-1	3	Day3	M_bovis
HALLMARK_PEROXISOME	R0430	0.606055474910117	THP-1	3	Day3	M_bovis
HALLMARK_PI3K_AKT_MTOR_SIGNALING	R0168	0.705231305299926	THP-1	1	Day1	Control
HALLMARK_PI3K_AKT_MTOR_SIGNALING	R0169	0.701513612540632	THP-1	1	Day1	Control
HALLMARK_PI3K_AKT_MTOR_SIGNALING	R0171	0.704714254857057	THP-1	1	Day1	Control
HALLMARK_PI3K_AKT_MTOR_SIGNALING	R0187	0.705487645217966	THP-1	3	Day3	Control
HALLMARK_PI3K_AKT_MTOR_SIGNALING	R0189	0.703660602889747	THP-1	3	Day3	Control
HALLMARK_PI3K_AKT_MTOR_SIGNALING	R0190	0.703193382632594	THP-1	3	Day3	Control
HALLMARK_PI3K_AKT_MTOR_SIGNALING	R0318	0.720853553043544	THP-1	1	Day1	Lineage_5
HALLMARK_PI3K_AKT_MTOR_SIGNALING	R0320	0.718682773937027	THP-1	1	Day1	Lineage_5
HALLMARK_PI3K_AKT_MTOR_SIGNALING	R0322	0.721421076245778	THP-1	1	Day1	Lineage_5
HALLMARK_PI3K_AKT_MTOR_SIGNALING	R0330	0.706569826899772	THP-1	3	Day3	Lineage_5
HALLMARK_PI3K_AKT_MTOR_SIGNALING	R0332	0.712292808636929	THP-1	3	Day3	Lineage_5
HALLMARK_PI3K_AKT_MTOR_SIGNALING	R0334	0.723257682412036	THP-1	3	Day3	Lineage_5
HALLMARK_PI3K_AKT_MTOR_SIGNALING	R0420	0.722250042332913	THP-1	1	Day1	M_bovis
HALLMARK_PI3K_AKT_MTOR_SIGNALING	R0422	0.729494360750795	THP-1	1	Day1	M_bovis
HALLMARK_PI3K_AKT_MTOR_SIGNALING	R0424	0.721232592466521	THP-1	1	Day1	M_bovis
HALLMARK_PI3K_AKT_MTOR_SIGNALING	R0426	0.730059761270252	THP-1	3	Day3	M_bovis
HALLMARK_PI3K_AKT_MTOR_SIGNALING	R0428	0.716866579749523	THP-1	3	Day3	M_bovis
HALLMARK_PI3K_AKT_MTOR_SIGNALING	R0430	0.732105906614827	THP-1	3	Day3	M_bovis
HALLMARK_PROTEIN_SECRETION	R0168	0.821693154190893	THP-1	1	Day1	Control
HALLMARK_PROTEIN_SECRETION	R0169	0.822760398026881	THP-1	1	Day1	Control
HALLMARK_PROTEIN_SECRETION	R0171	0.825828136650999	THP-1	1	Day1	Control
HALLMARK_PROTEIN_SECRETION	R0187	0.831944446325247	THP-1	3	Day3	Control
HALLMARK_PROTEIN_SECRETION	R0189	0.824688195748947	THP-1	3	Day3	Control
HALLMARK_PROTEIN_SECRETION	R0190	0.83344606099025	THP-1	3	Day3	Control
HALLMARK_PROTEIN_SECRETION	R0318	0.802827282271855	THP-1	1	Day1	Lineage_5
HALLMARK_PROTEIN_SECRETION	R0320	0.800630915833833	THP-1	1	Day1	Lineage_5
HALLMARK_PROTEIN_SECRETION	R0322	0.806838834944327	THP-1	1	Day1	Lineage_5
HALLMARK_PROTEIN_SECRETION	R0330	0.705087098524429	THP-1	3	Day3	Lineage_5
HALLMARK_PROTEIN_SECRETION	R0332	0.721834762714395	THP-1	3	Day3	Lineage_5
HALLMARK_PROTEIN_SECRETION	R0334	0.791861429444789	THP-1	3	Day3	Lineage_5
HALLMARK_PROTEIN_SECRETION	R0420	0.801191441192662	THP-1	1	Day1	M_bovis
HALLMARK_PROTEIN_SECRETION	R0422	0.798122794090945	THP-1	1	Day1	M_bovis
HALLMARK_PROTEIN_SECRETION	R0424	0.802910591583287	THP-1	1	Day1	M_bovis
HALLMARK_PROTEIN_SECRETION	R0426	0.798879986443933	THP-1	3	Day3	M_bovis
HALLMARK_PROTEIN_SECRETION	R0428	0.800987126170097	THP-1	3	Day3	M_bovis
HALLMARK_PROTEIN_SECRETION	R0430	0.805614832079425	THP-1	3	Day3	M_bovis
HALLMARK_REACTIVE_OXYGEN_SPECIES_PATHWAY	R0168	0.765510581030581	THP-1	1	Day1	Control
HALLMARK_REACTIVE_OXYGEN_SPECIES_PATHWAY	R0169	0.789265457005415	THP-1	1	Day1	Control
HALLMARK_REACTIVE_OXYGEN_SPECIES_PATHWAY	R0171	0.756484680101187	THP-1	1	Day1	Control
HALLMARK_REACTIVE_OXYGEN_SPECIES_PATHWAY	R0187	0.755724943089568	THP-1	3	Day3	Control
HALLMARK_REACTIVE_OXYGEN_SPECIES_PATHWAY	R0189	0.75536848613886	THP-1	3	Day3	Control
HALLMARK_REACTIVE_OXYGEN_SPECIES_PATHWAY	R0190	0.753651160959717	THP-1	3	Day3	Control
HALLMARK_REACTIVE_OXYGEN_SPECIES_PATHWAY	R0318	0.771461839243617	THP-1	1	Day1	Lineage_5
HALLMARK_REACTIVE_OXYGEN_SPECIES_PATHWAY	R0320	0.744444760945323	THP-1	1	Day1	Lineage_5
HALLMARK_REACTIVE_OXYGEN_SPECIES_PATHWAY	R0322	0.735989030510384	THP-1	1	Day1	Lineage_5
HALLMARK_REACTIVE_OXYGEN_SPECIES_PATHWAY	R0330	0.798895391389504	THP-1	3	Day3	Lineage_5
HALLMARK_REACTIVE_OXYGEN_SPECIES_PATHWAY	R0332	0.787870339510273	THP-1	3	Day3	Lineage_5
HALLMARK_REACTIVE_OXYGEN_SPECIES_PATHWAY	R0334	0.76715963651248	THP-1	3	Day3	Lineage_5
HALLMARK_REACTIVE_OXYGEN_SPECIES_PATHWAY	R0420	0.784188874262783	THP-1	1	Day1	M_bovis
HALLMARK_REACTIVE_OXYGEN_SPECIES_PATHWAY	R0422	0.778449663754097	THP-1	1	Day1	M_bovis
HALLMARK_REACTIVE_OXYGEN_SPECIES_PATHWAY	R0424	0.788925661723439	THP-1	1	Day1	M_bovis
HALLMARK_REACTIVE_OXYGEN_SPECIES_PATHWAY	R0426	0.73783298611832	THP-1	3	Day3	M_bovis
HALLMARK_REACTIVE_OXYGEN_SPECIES_PATHWAY	R0428	0.778677959879575	THP-1	3	Day3	M_bovis
HALLMARK_REACTIVE_OXYGEN_SPECIES_PATHWAY	R0430	0.770668677580361	THP-1	3	Day3	M_bovis
HALLMARK_SPERMATOGENESIS	R0168	0.247625047160236	THP-1	1	Day1	Control
HALLMARK_SPERMATOGENESIS	R0169	0.25011098206123	THP-1	1	Day1	Control
HALLMARK_SPERMATOGENESIS	R0171	0.249228289872578	THP-1	1	Day1	Control
HALLMARK_SPERMATOGENESIS	R0187	0.276368481523374	THP-1	3	Day3	Control
HALLMARK_SPERMATOGENESIS	R0189	0.274374950206803	THP-1	3	Day3	Control
HALLMARK_SPERMATOGENESIS	R0190	0.284403552300529	THP-1	3	Day3	Control
HALLMARK_SPERMATOGENESIS	R0318	0.273349455842032	THP-1	1	Day1	Lineage_5
HALLMARK_SPERMATOGENESIS	R0320	0.273874891756621	THP-1	1	Day1	Lineage_5
HALLMARK_SPERMATOGENESIS	R0322	0.275177564860943	THP-1	1	Day1	Lineage_5
HALLMARK_SPERMATOGENESIS	R0330	0.271342470811972	THP-1	3	Day3	Lineage_5
HALLMARK_SPERMATOGENESIS	R0332	0.278776727773388	THP-1	3	Day3	Lineage_5
HALLMARK_SPERMATOGENESIS	R0334	0.300755818371498	THP-1	3	Day3	Lineage_5
HALLMARK_SPERMATOGENESIS	R0420	0.242610082913424	THP-1	1	Day1	M_bovis
HALLMARK_SPERMATOGENESIS	R0422	0.254760282930399	THP-1	1	Day1	M_bovis
HALLMARK_SPERMATOGENESIS	R0424	0.247994699322992	THP-1	1	Day1	M_bovis
HALLMARK_SPERMATOGENESIS	R0426	0.243512127696741	THP-1	3	Day3	M_bovis
HALLMARK_SPERMATOGENESIS	R0428	0.227055988261962	THP-1	3	Day3	M_bovis
HALLMARK_SPERMATOGENESIS	R0430	0.259564394231556	THP-1	3	Day3	M_bovis
HALLMARK_TGF_BETA_SIGNALING	R0168	0.77600475904215	THP-1	1	Day1	Control
HALLMARK_TGF_BETA_SIGNALING	R0169	0.758237082951929	THP-1	1	Day1	Control
HALLMARK_TGF_BETA_SIGNALING	R0171	0.781024147730162	THP-1	1	Day1	Control
HALLMARK_TGF_BETA_SIGNALING	R0187	0.770275642542977	THP-1	3	Day3	Control
HALLMARK_TGF_BETA_SIGNALING	R0189	0.771027109930086	THP-1	3	Day3	Control
HALLMARK_TGF_BETA_SIGNALING	R0190	0.76819891615001	THP-1	3	Day3	Control
HALLMARK_TGF_BETA_SIGNALING	R0318	0.706148034128088	THP-1	1	Day1	Lineage_5
HALLMARK_TGF_BETA_SIGNALING	R0320	0.722975969825293	THP-1	1	Day1	Lineage_5
HALLMARK_TGF_BETA_SIGNALING	R0322	0.728555824040866	THP-1	1	Day1	Lineage_5
HALLMARK_TGF_BETA_SIGNALING	R0330	0.625392952477175	THP-1	3	Day3	Lineage_5
HALLMARK_TGF_BETA_SIGNALING	R0332	0.64798877785218	THP-1	3	Day3	Lineage_5
HALLMARK_TGF_BETA_SIGNALING	R0334	0.668128309460918	THP-1	3	Day3	Lineage_5
HALLMARK_TGF_BETA_SIGNALING	R0420	0.762516294348528	THP-1	1	Day1	M_bovis
HALLMARK_TGF_BETA_SIGNALING	R0422	0.761377926559195	THP-1	1	Day1	M_bovis
HALLMARK_TGF_BETA_SIGNALING	R0424	0.756694211489375	THP-1	1	Day1	M_bovis
HALLMARK_TGF_BETA_SIGNALING	R0426	0.770133897990907	THP-1	3	Day3	M_bovis
HALLMARK_TGF_BETA_SIGNALING	R0428	0.739659891102363	THP-1	3	Day3	M_bovis
HALLMARK_TGF_BETA_SIGNALING	R0430	0.764569118169373	THP-1	3	Day3	M_bovis
HALLMARK_TNFA_SIGNALING_VIA_NFKB	R0168	0.614731686141484	THP-1	1	Day1	Control
HALLMARK_TNFA_SIGNALING_VIA_NFKB	R0169	0.614855817448037	THP-1	1	Day1	Control
HALLMARK_TNFA_SIGNALING_VIA_NFKB	R0171	0.61757546756285	THP-1	1	Day1	Control
HALLMARK_TNFA_SIGNALING_VIA_NFKB	R0187	0.574531500907262	THP-1	3	Day3	Control
HALLMARK_TNFA_SIGNALING_VIA_NFKB	R0189	0.568213880167705	THP-1	3	Day3	Control
HALLMARK_TNFA_SIGNALING_VIA_NFKB	R0190	0.575917655568448	THP-1	3	Day3	Control
HALLMARK_TNFA_SIGNALING_VIA_NFKB	R0318	0.673857611063176	THP-1	1	Day1	Lineage_5
HALLMARK_TNFA_SIGNALING_VIA_NFKB	R0320	0.65585553073905	THP-1	1	Day1	Lineage_5
HALLMARK_TNFA_SIGNALING_VIA_NFKB	R0322	0.654005577675443	THP-1	1	Day1	Lineage_5
HALLMARK_TNFA_SIGNALING_VIA_NFKB	R0330	0.488054959726241	THP-1	3	Day3	Lineage_5
HALLMARK_TNFA_SIGNALING_VIA_NFKB	R0332	0.497691582838019	THP-1	3	Day3	Lineage_5
HALLMARK_TNFA_SIGNALING_VIA_NFKB	R0334	0.520745498253077	THP-1	3	Day3	Lineage_5
HALLMARK_TNFA_SIGNALING_VIA_NFKB	R0420	0.79120685695735	THP-1	1	Day1	M_bovis
HALLMARK_TNFA_SIGNALING_VIA_NFKB	R0422	0.859845309466704	THP-1	1	Day1	M_bovis
HALLMARK_TNFA_SIGNALING_VIA_NFKB	R0424	0.79498494332946	THP-1	1	Day1	M_bovis
HALLMARK_TNFA_SIGNALING_VIA_NFKB	R0426	0.751410154655376	THP-1	3	Day3	M_bovis
HALLMARK_TNFA_SIGNALING_VIA_NFKB	R0428	0.74898550667908	THP-1	3	Day3	M_bovis
HALLMARK_TNFA_SIGNALING_VIA_NFKB	R0430	0.749239969843037	THP-1	3	Day3	M_bovis
HALLMARK_UNFOLDED_PROTEIN_RESPONSE	R0168	0.768638318185965	THP-1	1	Day1	Control
HALLMARK_UNFOLDED_PROTEIN_RESPONSE	R0169	0.777518789727359	THP-1	1	Day1	Control
HALLMARK_UNFOLDED_PROTEIN_RESPONSE	R0171	0.765245562690126	THP-1	1	Day1	Control
HALLMARK_UNFOLDED_PROTEIN_RESPONSE	R0187	0.753835519539394	THP-1	3	Day3	Control
HALLMARK_UNFOLDED_PROTEIN_RESPONSE	R0189	0.753753703052914	THP-1	3	Day3	Control
HALLMARK_UNFOLDED_PROTEIN_RESPONSE	R0190	0.756537717365085	THP-1	3	Day3	Control
HALLMARK_UNFOLDED_PROTEIN_RESPONSE	R0318	0.826947476294393	THP-1	1	Day1	Lineage_5
HALLMARK_UNFOLDED_PROTEIN_RESPONSE	R0320	0.812141541960775	THP-1	1	Day1	Lineage_5
HALLMARK_UNFOLDED_PROTEIN_RESPONSE	R0322	0.812532957691284	THP-1	1	Day1	Lineage_5
HALLMARK_UNFOLDED_PROTEIN_RESPONSE	R0330	0.797579136191096	THP-1	3	Day3	Lineage_5
HALLMARK_UNFOLDED_PROTEIN_RESPONSE	R0332	0.801633664316702	THP-1	3	Day3	Lineage_5
HALLMARK_UNFOLDED_PROTEIN_RESPONSE	R0334	0.813588482749314	THP-1	3	Day3	Lineage_5
HALLMARK_UNFOLDED_PROTEIN_RESPONSE	R0420	0.804316780884575	THP-1	1	Day1	M_bovis
HALLMARK_UNFOLDED_PROTEIN_RESPONSE	R0422	0.80224444874677	THP-1	1	Day1	M_bovis
HALLMARK_UNFOLDED_PROTEIN_RESPONSE	R0424	0.805451648371895	THP-1	1	Day1	M_bovis
HALLMARK_UNFOLDED_PROTEIN_RESPONSE	R0426	0.7895126782223	THP-1	3	Day3	M_bovis
HALLMARK_UNFOLDED_PROTEIN_RESPONSE	R0428	0.832209320848265	THP-1	3	Day3	M_bovis
HALLMARK_UNFOLDED_PROTEIN_RESPONSE	R0430	0.807925565957862	THP-1	3	Day3	M_bovis
HALLMARK_UV_RESPONSE_DN	R0168	0.503116117200288	THP-1	1	Day1	Control
HALLMARK_UV_RESPONSE_DN	R0169	0.484695695549541	THP-1	1	Day1	Control
HALLMARK_UV_RESPONSE_DN	R0171	0.506119278281885	THP-1	1	Day1	Control
HALLMARK_UV_RESPONSE_DN	R0187	0.524243551838795	THP-1	3	Day3	Control
HALLMARK_UV_RESPONSE_DN	R0189	0.522024315131571	THP-1	3	Day3	Control
HALLMARK_UV_RESPONSE_DN	R0190	0.523758449541569	THP-1	3	Day3	Control
HALLMARK_UV_RESPONSE_DN	R0318	0.45900113126288	THP-1	1	Day1	Lineage_5
HALLMARK_UV_RESPONSE_DN	R0320	0.488293360418675	THP-1	1	Day1	Lineage_5
HALLMARK_UV_RESPONSE_DN	R0322	0.490309267204808	THP-1	1	Day1	Lineage_5
HALLMARK_UV_RESPONSE_DN	R0330	0.409910658610938	THP-1	3	Day3	Lineage_5
HALLMARK_UV_RESPONSE_DN	R0332	0.426835301237879	THP-1	3	Day3	Lineage_5
HALLMARK_UV_RESPONSE_DN	R0334	0.457288895412539	THP-1	3	Day3	Lineage_5
HALLMARK_UV_RESPONSE_DN	R0420	0.505598026617493	THP-1	1	Day1	M_bovis
HALLMARK_UV_RESPONSE_DN	R0422	0.485172275606789	THP-1	1	Day1	M_bovis
HALLMARK_UV_RESPONSE_DN	R0424	0.501982125705762	THP-1	1	Day1	M_bovis
HALLMARK_UV_RESPONSE_DN	R0426	0.50507500382	THP-1	3	Day3	M_bovis
HALLMARK_UV_RESPONSE_DN	R0428	0.472910438784528	THP-1	3	Day3	M_bovis
HALLMARK_UV_RESPONSE_DN	R0430	0.505737732534082	THP-1	3	Day3	M_bovis
HALLMARK_UV_RESPONSE_UP	R0168	0.658159267216428	THP-1	1	Day1	Control
HALLMARK_UV_RESPONSE_UP	R0169	0.670444373643747	THP-1	1	Day1	Control
HALLMARK_UV_RESPONSE_UP	R0171	0.654091320201461	THP-1	1	Day1	Control
HALLMARK_UV_RESPONSE_UP	R0187	0.654561150035295	THP-1	3	Day3	Control
HALLMARK_UV_RESPONSE_UP	R0189	0.656784620224604	THP-1	3	Day3	Control
HALLMARK_UV_RESPONSE_UP	R0190	0.657566689865988	THP-1	3	Day3	Control
HALLMARK_UV_RESPONSE_UP	R0318	0.71030763857922	THP-1	1	Day1	Lineage_5
HALLMARK_UV_RESPONSE_UP	R0320	0.695548843477672	THP-1	1	Day1	Lineage_5
HALLMARK_UV_RESPONSE_UP	R0322	0.690857080043114	THP-1	1	Day1	Lineage_5
HALLMARK_UV_RESPONSE_UP	R0330	0.692346645726896	THP-1	3	Day3	Lineage_5
HALLMARK_UV_RESPONSE_UP	R0332	0.691313631668839	THP-1	3	Day3	Lineage_5
HALLMARK_UV_RESPONSE_UP	R0334	0.687956404464217	THP-1	3	Day3	Lineage_5
HALLMARK_UV_RESPONSE_UP	R0420	0.727118568695843	THP-1	1	Day1	M_bovis
HALLMARK_UV_RESPONSE_UP	R0422	0.748611644163278	THP-1	1	Day1	M_bovis
HALLMARK_UV_RESPONSE_UP	R0424	0.729059537232494	THP-1	1	Day1	M_bovis
HALLMARK_UV_RESPONSE_UP	R0426	0.719147126976968	THP-1	3	Day3	M_bovis
HALLMARK_UV_RESPONSE_UP	R0428	0.72732032820732	THP-1	3	Day3	M_bovis
HALLMARK_UV_RESPONSE_UP	R0430	0.73154083815107	THP-1	3	Day3	M_bovis
HALLMARK_WNT_BETA_CATENIN_SIGNALING	R0168	0.512455424126893	THP-1	1	Day1	Control
HALLMARK_WNT_BETA_CATENIN_SIGNALING	R0169	0.501660250835204	THP-1	1	Day1	Control
HALLMARK_WNT_BETA_CATENIN_SIGNALING	R0171	0.511164160928037	THP-1	1	Day1	Control
HALLMARK_WNT_BETA_CATENIN_SIGNALING	R0187	0.5239375525044	THP-1	3	Day3	Control
HALLMARK_WNT_BETA_CATENIN_SIGNALING	R0189	0.526903208474416	THP-1	3	Day3	Control
HALLMARK_WNT_BETA_CATENIN_SIGNALING	R0190	0.528131696385546	THP-1	3	Day3	Control
HALLMARK_WNT_BETA_CATENIN_SIGNALING	R0318	0.520036538844857	THP-1	1	Day1	Lineage_5
HALLMARK_WNT_BETA_CATENIN_SIGNALING	R0320	0.545351874643122	THP-1	1	Day1	Lineage_5
HALLMARK_WNT_BETA_CATENIN_SIGNALING	R0322	0.54284384937835	THP-1	1	Day1	Lineage_5
HALLMARK_WNT_BETA_CATENIN_SIGNALING	R0330	0.546971450497877	THP-1	3	Day3	Lineage_5
HALLMARK_WNT_BETA_CATENIN_SIGNALING	R0332	0.555250747341301	THP-1	3	Day3	Lineage_5
HALLMARK_WNT_BETA_CATENIN_SIGNALING	R0334	0.527538841691439	THP-1	3	Day3	Lineage_5
HALLMARK_WNT_BETA_CATENIN_SIGNALING	R0420	0.531038580777369	THP-1	1	Day1	M_bovis
HALLMARK_WNT_BETA_CATENIN_SIGNALING	R0422	0.528946474027754	THP-1	1	Day1	M_bovis
HALLMARK_WNT_BETA_CATENIN_SIGNALING	R0424	0.529834338381482	THP-1	1	Day1	M_bovis
HALLMARK_WNT_BETA_CATENIN_SIGNALING	R0426	0.553055858617676	THP-1	3	Day3	M_bovis
HALLMARK_WNT_BETA_CATENIN_SIGNALING	R0428	0.533027918541588	THP-1	3	Day3	M_bovis
HALLMARK_WNT_BETA_CATENIN_SIGNALING	R0430	0.550286175745701	THP-1	3	Day3	M_bovis
HALLMARK_XENOBIOTIC_METABOLISM	R0168	0.449446156857801	THP-1	1	Day1	Control
HALLMARK_XENOBIOTIC_METABOLISM	R0169	0.459619815575969	THP-1	1	Day1	Control
HALLMARK_XENOBIOTIC_METABOLISM	R0171	0.446784407680046	THP-1	1	Day1	Control
HALLMARK_XENOBIOTIC_METABOLISM	R0187	0.449542875837938	THP-1	3	Day3	Control
HALLMARK_XENOBIOTIC_METABOLISM	R0189	0.444977530193811	THP-1	3	Day3	Control
HALLMARK_XENOBIOTIC_METABOLISM	R0190	0.449424520618616	THP-1	3	Day3	Control
HALLMARK_XENOBIOTIC_METABOLISM	R0318	0.446782509438874	THP-1	1	Day1	Lineage_5
HALLMARK_XENOBIOTIC_METABOLISM	R0320	0.4316410681678	THP-1	1	Day1	Lineage_5
HALLMARK_XENOBIOTIC_METABOLISM	R0322	0.423233912104001	THP-1	1	Day1	Lineage_5
HALLMARK_XENOBIOTIC_METABOLISM	R0330	0.471092540843867	THP-1	3	Day3	Lineage_5
HALLMARK_XENOBIOTIC_METABOLISM	R0332	0.470308592282848	THP-1	3	Day3	Lineage_5
HALLMARK_XENOBIOTIC_METABOLISM	R0334	0.452443744320104	THP-1	3	Day3	Lineage_5
HALLMARK_XENOBIOTIC_METABOLISM	R0420	0.47555446577354	THP-1	1	Day1	M_bovis
HALLMARK_XENOBIOTIC_METABOLISM	R0422	0.48886858696268	THP-1	1	Day1	M_bovis
HALLMARK_XENOBIOTIC_METABOLISM	R0424	0.481583492300804	THP-1	1	Day1	M_bovis
HALLMARK_XENOBIOTIC_METABOLISM	R0426	0.468536510722946	THP-1	3	Day3	M_bovis
HALLMARK_XENOBIOTIC_METABOLISM	R0428	0.484962684441932	THP-1	3	Day3	M_bovis
HALLMARK_XENOBIOTIC_METABOLISM	R0430	0.482725090005022	THP-1	3	Day3	M_bovis
HALLMARK_ADIPOGENESIS	R0235	0.409490105394002	BoMac	1	Day1	Control
HALLMARK_ADIPOGENESIS	R0236	0.417200889141051	BoMac	1	Day1	Control
HALLMARK_ADIPOGENESIS	R0238	0.413551979266791	BoMac	1	Day1	Control
HALLMARK_ADIPOGENESIS	R0251	0.399568913476933	BoMac	3	Day3	Control
HALLMARK_ADIPOGENESIS	R0252	0.407339634171615	BoMac	3	Day3	Control
HALLMARK_ADIPOGENESIS	R0253	0.416431579195993	BoMac	3	Day3	Control
HALLMARK_ADIPOGENESIS	R0324	0.433518566488759	BoMac	1	Day1	Lineage_5
HALLMARK_ADIPOGENESIS	R0326	0.419482460234064	BoMac	1	Day1	Lineage_5
HALLMARK_ADIPOGENESIS	R0328	0.428251398181006	BoMac	1	Day1	Lineage_5
HALLMARK_ADIPOGENESIS	R0336	0.41744998843566	BoMac	3	Day3	Lineage_5
HALLMARK_ADIPOGENESIS	R0338	0.441293776001783	BoMac	3	Day3	Lineage_5
HALLMARK_ADIPOGENESIS	R0340	0.431791367901302	BoMac	3	Day3	Lineage_5
HALLMARK_ADIPOGENESIS	R0348	0.410875333263815	BoMac	1	Day1	M_bovis
HALLMARK_ADIPOGENESIS	R0350	0.412283103945055	BoMac	1	Day1	M_bovis
HALLMARK_ADIPOGENESIS	R0352	0.410276694130379	BoMac	1	Day1	M_bovis
HALLMARK_ADIPOGENESIS	R0360	0.399149260476238	BoMac	3	Day3	M_bovis
HALLMARK_ADIPOGENESIS	R0362	0.406729173804605	BoMac	3	Day3	M_bovis
HALLMARK_ADIPOGENESIS	R0364	0.422408283194176	BoMac	3	Day3	M_bovis
HALLMARK_ALLOGRAFT_REJECTION	R0235	0.176344789874499	BoMac	1	Day1	Control
HALLMARK_ALLOGRAFT_REJECTION	R0236	0.179472702718848	BoMac	1	Day1	Control
HALLMARK_ALLOGRAFT_REJECTION	R0238	0.181451562226778	BoMac	1	Day1	Control
HALLMARK_ALLOGRAFT_REJECTION	R0251	0.181523859957452	BoMac	3	Day3	Control
HALLMARK_ALLOGRAFT_REJECTION	R0252	0.191521012682562	BoMac	3	Day3	Control
HALLMARK_ALLOGRAFT_REJECTION	R0253	0.185956679986055	BoMac	3	Day3	Control
HALLMARK_ALLOGRAFT_REJECTION	R0324	0.16759730769039	BoMac	1	Day1	Lineage_5
HALLMARK_ALLOGRAFT_REJECTION	R0326	0.176095848813248	BoMac	1	Day1	Lineage_5
HALLMARK_ALLOGRAFT_REJECTION	R0328	0.169463081971461	BoMac	1	Day1	Lineage_5
HALLMARK_ALLOGRAFT_REJECTION	R0336	0.190737756970581	BoMac	3	Day3	Lineage_5
HALLMARK_ALLOGRAFT_REJECTION	R0338	0.199857677236506	BoMac	3	Day3	Lineage_5
HALLMARK_ALLOGRAFT_REJECTION	R0340	0.197197179640615	BoMac	3	Day3	Lineage_5
HALLMARK_ALLOGRAFT_REJECTION	R0348	0.18720629158051	BoMac	1	Day1	M_bovis
HALLMARK_ALLOGRAFT_REJECTION	R0350	0.180145203371362	BoMac	1	Day1	M_bovis
HALLMARK_ALLOGRAFT_REJECTION	R0352	0.18368828046704	BoMac	1	Day1	M_bovis
HALLMARK_ALLOGRAFT_REJECTION	R0360	0.175472253872128	BoMac	3	Day3	M_bovis
HALLMARK_ALLOGRAFT_REJECTION	R0362	0.180434801087414	BoMac	3	Day3	M_bovis
HALLMARK_ALLOGRAFT_REJECTION	R0364	0.179858773208735	BoMac	3	Day3	M_bovis
HALLMARK_ANDROGEN_RESPONSE	R0235	0.504806576828292	BoMac	1	Day1	Control
HALLMARK_ANDROGEN_RESPONSE	R0236	0.505229240461102	BoMac	1	Day1	Control
HALLMARK_ANDROGEN_RESPONSE	R0238	0.503987511586467	BoMac	1	Day1	Control
HALLMARK_ANDROGEN_RESPONSE	R0251	0.493207954089688	BoMac	3	Day3	Control
HALLMARK_ANDROGEN_RESPONSE	R0252	0.492044493694203	BoMac	3	Day3	Control
HALLMARK_ANDROGEN_RESPONSE	R0253	0.489302469078477	BoMac	3	Day3	Control
HALLMARK_ANDROGEN_RESPONSE	R0324	0.483039183076544	BoMac	1	Day1	Lineage_5
HALLMARK_ANDROGEN_RESPONSE	R0326	0.507791345241396	BoMac	1	Day1	Lineage_5
HALLMARK_ANDROGEN_RESPONSE	R0328	0.491947364861652	BoMac	1	Day1	Lineage_5
HALLMARK_ANDROGEN_RESPONSE	R0336	0.494680160829222	BoMac	3	Day3	Lineage_5
HALLMARK_ANDROGEN_RESPONSE	R0338	0.471098901453472	BoMac	3	Day3	Lineage_5
HALLMARK_ANDROGEN_RESPONSE	R0340	0.472176263521546	BoMac	3	Day3	Lineage_5
HALLMARK_ANDROGEN_RESPONSE	R0348	0.500279185476392	BoMac	1	Day1	M_bovis
HALLMARK_ANDROGEN_RESPONSE	R0350	0.501478950742858	BoMac	1	Day1	M_bovis
HALLMARK_ANDROGEN_RESPONSE	R0352	0.499198891750571	BoMac	1	Day1	M_bovis
HALLMARK_ANDROGEN_RESPONSE	R0360	0.498059269647575	BoMac	3	Day3	M_bovis
HALLMARK_ANDROGEN_RESPONSE	R0362	0.493570021633929	BoMac	3	Day3	M_bovis
HALLMARK_ANDROGEN_RESPONSE	R0364	0.47973254552576	BoMac	3	Day3	M_bovis
HALLMARK_ANGIOGENESIS	R0235	0.630206805148131	BoMac	1	Day1	Control
HALLMARK_ANGIOGENESIS	R0236	0.613092311214709	BoMac	1	Day1	Control
HALLMARK_ANGIOGENESIS	R0238	0.623285572166916	BoMac	1	Day1	Control
HALLMARK_ANGIOGENESIS	R0251	0.624676654759607	BoMac	3	Day3	Control
HALLMARK_ANGIOGENESIS	R0252	0.616065675175983	BoMac	3	Day3	Control
HALLMARK_ANGIOGENESIS	R0253	0.623716292224795	BoMac	3	Day3	Control
HALLMARK_ANGIOGENESIS	R0324	0.595466614250214	BoMac	1	Day1	Lineage_5
HALLMARK_ANGIOGENESIS	R0326	0.584110244730962	BoMac	1	Day1	Lineage_5
HALLMARK_ANGIOGENESIS	R0328	0.585208239882478	BoMac	1	Day1	Lineage_5
HALLMARK_ANGIOGENESIS	R0336	0.605196190838695	BoMac	3	Day3	Lineage_5
HALLMARK_ANGIOGENESIS	R0338	0.591865277874914	BoMac	3	Day3	Lineage_5
HALLMARK_ANGIOGENESIS	R0340	0.596120806652629	BoMac	3	Day3	Lineage_5
HALLMARK_ANGIOGENESIS	R0348	0.582826476677339	BoMac	1	Day1	M_bovis
HALLMARK_ANGIOGENESIS	R0350	0.594031190839925	BoMac	1	Day1	M_bovis
HALLMARK_ANGIOGENESIS	R0352	0.586576557621387	BoMac	1	Day1	M_bovis
HALLMARK_ANGIOGENESIS	R0360	0.578360238620779	BoMac	3	Day3	M_bovis
HALLMARK_ANGIOGENESIS	R0362	0.568838228348867	BoMac	3	Day3	M_bovis
HALLMARK_ANGIOGENESIS	R0364	0.578719145164345	BoMac	3	Day3	M_bovis
HALLMARK_APICAL_JUNCTION	R0235	0.358876074113976	BoMac	1	Day1	Control
HALLMARK_APICAL_JUNCTION	R0236	0.355814413429068	BoMac	1	Day1	Control
HALLMARK_APICAL_JUNCTION	R0238	0.354986335693914	BoMac	1	Day1	Control
HALLMARK_APICAL_JUNCTION	R0251	0.369167501007082	BoMac	3	Day3	Control
HALLMARK_APICAL_JUNCTION	R0252	0.360797172490875	BoMac	3	Day3	Control
HALLMARK_APICAL_JUNCTION	R0253	0.36385087643238	BoMac	3	Day3	Control
HALLMARK_APICAL_JUNCTION	R0324	0.359062162344808	BoMac	1	Day1	Lineage_5
HALLMARK_APICAL_JUNCTION	R0326	0.354405692911613	BoMac	1	Day1	Lineage_5
HALLMARK_APICAL_JUNCTION	R0328	0.362790576538215	BoMac	1	Day1	Lineage_5
HALLMARK_APICAL_JUNCTION	R0336	0.358853626180984	BoMac	3	Day3	Lineage_5
HALLMARK_APICAL_JUNCTION	R0338	0.345287327523948	BoMac	3	Day3	Lineage_5
HALLMARK_APICAL_JUNCTION	R0340	0.3517326610144	BoMac	3	Day3	Lineage_5
HALLMARK_APICAL_JUNCTION	R0348	0.344993030528606	BoMac	1	Day1	M_bovis
HALLMARK_APICAL_JUNCTION	R0350	0.346820562039225	BoMac	1	Day1	M_bovis
HALLMARK_APICAL_JUNCTION	R0352	0.345653779209086	BoMac	1	Day1	M_bovis
HALLMARK_APICAL_JUNCTION	R0360	0.36006181086161	BoMac	3	Day3	M_bovis
HALLMARK_APICAL_JUNCTION	R0362	0.365309648272817	BoMac	3	Day3	M_bovis
HALLMARK_APICAL_JUNCTION	R0364	0.358756376319595	BoMac	3	Day3	M_bovis
HALLMARK_APICAL_SURFACE	R0235	0.22056604520041	BoMac	1	Day1	Control
HALLMARK_APICAL_SURFACE	R0236	0.211249491472199	BoMac	1	Day1	Control
HALLMARK_APICAL_SURFACE	R0238	0.214257237726409	BoMac	1	Day1	Control
HALLMARK_APICAL_SURFACE	R0251	0.217792490857272	BoMac	3	Day3	Control
HALLMARK_APICAL_SURFACE	R0252	0.219379363913469	BoMac	3	Day3	Control
HALLMARK_APICAL_SURFACE	R0253	0.209665335610374	BoMac	3	Day3	Control
HALLMARK_APICAL_SURFACE	R0324	0.234775471155106	BoMac	1	Day1	Lineage_5
HALLMARK_APICAL_SURFACE	R0326	0.232272548206914	BoMac	1	Day1	Lineage_5
HALLMARK_APICAL_SURFACE	R0328	0.241217926954145	BoMac	1	Day1	Lineage_5
HALLMARK_APICAL_SURFACE	R0336	0.207320753987251	BoMac	3	Day3	Lineage_5
HALLMARK_APICAL_SURFACE	R0338	0.197102415282412	BoMac	3	Day3	Lineage_5
HALLMARK_APICAL_SURFACE	R0340	0.209366925561978	BoMac	3	Day3	Lineage_5
HALLMARK_APICAL_SURFACE	R0348	0.20188864442028	BoMac	1	Day1	M_bovis
HALLMARK_APICAL_SURFACE	R0350	0.207263753206389	BoMac	1	Day1	M_bovis
HALLMARK_APICAL_SURFACE	R0352	0.209581968950454	BoMac	1	Day1	M_bovis
HALLMARK_APICAL_SURFACE	R0360	0.207398625302327	BoMac	3	Day3	M_bovis
HALLMARK_APICAL_SURFACE	R0362	0.211043433996821	BoMac	3	Day3	M_bovis
HALLMARK_APICAL_SURFACE	R0364	0.207629375199282	BoMac	3	Day3	M_bovis
HALLMARK_APOPTOSIS	R0235	0.445406221959494	BoMac	1	Day1	Control
HALLMARK_APOPTOSIS	R0236	0.450023365301634	BoMac	1	Day1	Control
HALLMARK_APOPTOSIS	R0238	0.450308084856886	BoMac	1	Day1	Control
HALLMARK_APOPTOSIS	R0251	0.447284852435083	BoMac	3	Day3	Control
HALLMARK_APOPTOSIS	R0252	0.452752920868019	BoMac	3	Day3	Control
HALLMARK_APOPTOSIS	R0253	0.452490670475261	BoMac	3	Day3	Control
HALLMARK_APOPTOSIS	R0324	0.438454131464959	BoMac	1	Day1	Lineage_5
HALLMARK_APOPTOSIS	R0326	0.434394666166702	BoMac	1	Day1	Lineage_5
HALLMARK_APOPTOSIS	R0328	0.438567896824678	BoMac	1	Day1	Lineage_5
HALLMARK_APOPTOSIS	R0336	0.460402644476184	BoMac	3	Day3	Lineage_5
HALLMARK_APOPTOSIS	R0338	0.474365691756936	BoMac	3	Day3	Lineage_5
HALLMARK_APOPTOSIS	R0340	0.464740445936324	BoMac	3	Day3	Lineage_5
HALLMARK_APOPTOSIS	R0348	0.426750125988259	BoMac	1	Day1	M_bovis
HALLMARK_APOPTOSIS	R0350	0.424925970382127	BoMac	1	Day1	M_bovis
HALLMARK_APOPTOSIS	R0352	0.425855515224174	BoMac	1	Day1	M_bovis
HALLMARK_APOPTOSIS	R0360	0.435118451848921	BoMac	3	Day3	M_bovis
HALLMARK_APOPTOSIS	R0362	0.440016997505741	BoMac	3	Day3	M_bovis
HALLMARK_APOPTOSIS	R0364	0.446890151903457	BoMac	3	Day3	M_bovis
HALLMARK_BILE_ACID_METABOLISM	R0235	0.143679556001339	BoMac	1	Day1	Control
HALLMARK_BILE_ACID_METABOLISM	R0236	0.146573933421621	BoMac	1	Day1	Control
HALLMARK_BILE_ACID_METABOLISM	R0238	0.143510197837305	BoMac	1	Day1	Control
HALLMARK_BILE_ACID_METABOLISM	R0251	0.132743573099858	BoMac	3	Day3	Control
HALLMARK_BILE_ACID_METABOLISM	R0252	0.130860352286259	BoMac	3	Day3	Control
HALLMARK_BILE_ACID_METABOLISM	R0253	0.140041827234513	BoMac	3	Day3	Control
HALLMARK_BILE_ACID_METABOLISM	R0324	0.145404773698546	BoMac	1	Day1	Lineage_5
HALLMARK_BILE_ACID_METABOLISM	R0326	0.132275971942724	BoMac	1	Day1	Lineage_5
HALLMARK_BILE_ACID_METABOLISM	R0328	0.135052030642751	BoMac	1	Day1	Lineage_5
HALLMARK_BILE_ACID_METABOLISM	R0336	0.124761196209831	BoMac	3	Day3	Lineage_5
HALLMARK_BILE_ACID_METABOLISM	R0338	0.131371101526349	BoMac	3	Day3	Lineage_5
HALLMARK_BILE_ACID_METABOLISM	R0340	0.125942802759309	BoMac	3	Day3	Lineage_5
HALLMARK_BILE_ACID_METABOLISM	R0348	0.112712595309207	BoMac	1	Day1	M_bovis
HALLMARK_BILE_ACID_METABOLISM	R0350	0.119672250570356	BoMac	1	Day1	M_bovis
HALLMARK_BILE_ACID_METABOLISM	R0352	0.122316512740676	BoMac	1	Day1	M_bovis
HALLMARK_BILE_ACID_METABOLISM	R0360	0.125962768227463	BoMac	3	Day3	M_bovis
HALLMARK_BILE_ACID_METABOLISM	R0362	0.129489643275986	BoMac	3	Day3	M_bovis
HALLMARK_BILE_ACID_METABOLISM	R0364	0.132057248342308	BoMac	3	Day3	M_bovis
HALLMARK_CHOLESTEROL_HOMEOSTASIS	R0235	0.591636511377579	BoMac	1	Day1	Control
HALLMARK_CHOLESTEROL_HOMEOSTASIS	R0236	0.594804178540503	BoMac	1	Day1	Control
HALLMARK_CHOLESTEROL_HOMEOSTASIS	R0238	0.596995534565555	BoMac	1	Day1	Control
HALLMARK_CHOLESTEROL_HOMEOSTASIS	R0251	0.557950787667858	BoMac	3	Day3	Control
HALLMARK_CHOLESTEROL_HOMEOSTASIS	R0252	0.56332460492956	BoMac	3	Day3	Control
HALLMARK_CHOLESTEROL_HOMEOSTASIS	R0253	0.568449098064706	BoMac	3	Day3	Control
HALLMARK_CHOLESTEROL_HOMEOSTASIS	R0324	0.587913927016952	BoMac	1	Day1	Lineage_5
HALLMARK_CHOLESTEROL_HOMEOSTASIS	R0326	0.579950595286583	BoMac	1	Day1	Lineage_5
HALLMARK_CHOLESTEROL_HOMEOSTASIS	R0328	0.593148812973328	BoMac	1	Day1	Lineage_5
HALLMARK_CHOLESTEROL_HOMEOSTASIS	R0336	0.546160523124649	BoMac	3	Day3	Lineage_5
HALLMARK_CHOLESTEROL_HOMEOSTASIS	R0338	0.568546914013986	BoMac	3	Day3	Lineage_5
HALLMARK_CHOLESTEROL_HOMEOSTASIS	R0340	0.55267657680257	BoMac	3	Day3	Lineage_5
HALLMARK_CHOLESTEROL_HOMEOSTASIS	R0348	0.555434495284753	BoMac	1	Day1	M_bovis
HALLMARK_CHOLESTEROL_HOMEOSTASIS	R0350	0.558018391691948	BoMac	1	Day1	M_bovis
HALLMARK_CHOLESTEROL_HOMEOSTASIS	R0352	0.556941597127325	BoMac	1	Day1	M_bovis
HALLMARK_CHOLESTEROL_HOMEOSTASIS	R0360	0.547920991521231	BoMac	3	Day3	M_bovis
HALLMARK_CHOLESTEROL_HOMEOSTASIS	R0362	0.548900466830461	BoMac	3	Day3	M_bovis
HALLMARK_CHOLESTEROL_HOMEOSTASIS	R0364	0.561830390614562	BoMac	3	Day3	M_bovis
HALLMARK_COAGULATION	R0235	0.286917061383998	BoMac	1	Day1	Control
HALLMARK_COAGULATION	R0236	0.287644545365247	BoMac	1	Day1	Control
HALLMARK_COAGULATION	R0238	0.285874481413244	BoMac	1	Day1	Control
HALLMARK_COAGULATION	R0251	0.309428946525058	BoMac	3	Day3	Control
HALLMARK_COAGULATION	R0252	0.311162140814672	BoMac	3	Day3	Control
HALLMARK_COAGULATION	R0253	0.311188137748034	BoMac	3	Day3	Control
HALLMARK_COAGULATION	R0324	0.298738595922034	BoMac	1	Day1	Lineage_5
HALLMARK_COAGULATION	R0326	0.287268354877952	BoMac	1	Day1	Lineage_5
HALLMARK_COAGULATION	R0328	0.298471771085094	BoMac	1	Day1	Lineage_5
HALLMARK_COAGULATION	R0336	0.32142909271755	BoMac	3	Day3	Lineage_5
HALLMARK_COAGULATION	R0338	0.331150240852534	BoMac	3	Day3	Lineage_5
HALLMARK_COAGULATION	R0340	0.32820048433075	BoMac	3	Day3	Lineage_5
HALLMARK_COAGULATION	R0348	0.276037725764734	BoMac	1	Day1	M_bovis
HALLMARK_COAGULATION	R0350	0.283605577046563	BoMac	1	Day1	M_bovis
HALLMARK_COAGULATION	R0352	0.274920835970487	BoMac	1	Day1	M_bovis
HALLMARK_COAGULATION	R0360	0.31172384443576	BoMac	3	Day3	M_bovis
HALLMARK_COAGULATION	R0362	0.308699966991228	BoMac	3	Day3	M_bovis
HALLMARK_COAGULATION	R0364	0.319718952272642	BoMac	3	Day3	M_bovis
HALLMARK_COMPLEMENT	R0235	0.258660631647395	BoMac	1	Day1	Control
HALLMARK_COMPLEMENT	R0236	0.261175607359532	BoMac	1	Day1	Control
HALLMARK_COMPLEMENT	R0238	0.261351159688746	BoMac	1	Day1	Control
HALLMARK_COMPLEMENT	R0251	0.281402410431841	BoMac	3	Day3	Control
HALLMARK_COMPLEMENT	R0252	0.279758215357333	BoMac	3	Day3	Control
HALLMARK_COMPLEMENT	R0253	0.274312571828328	BoMac	3	Day3	Control
HALLMARK_COMPLEMENT	R0324	0.24924555278814	BoMac	1	Day1	Lineage_5
HALLMARK_COMPLEMENT	R0326	0.250789562696144	BoMac	1	Day1	Lineage_5
HALLMARK_COMPLEMENT	R0328	0.248267533607006	BoMac	1	Day1	Lineage_5
HALLMARK_COMPLEMENT	R0336	0.292461988925548	BoMac	3	Day3	Lineage_5
HALLMARK_COMPLEMENT	R0338	0.29021828210072	BoMac	3	Day3	Lineage_5
HALLMARK_COMPLEMENT	R0340	0.289457696091412	BoMac	3	Day3	Lineage_5
HALLMARK_COMPLEMENT	R0348	0.259748094415057	BoMac	1	Day1	M_bovis
HALLMARK_COMPLEMENT	R0350	0.259351728306242	BoMac	1	Day1	M_bovis
HALLMARK_COMPLEMENT	R0352	0.259235672805867	BoMac	1	Day1	M_bovis
HALLMARK_COMPLEMENT	R0360	0.279656460544409	BoMac	3	Day3	M_bovis
HALLMARK_COMPLEMENT	R0362	0.281133477475184	BoMac	3	Day3	M_bovis
HALLMARK_COMPLEMENT	R0364	0.280934298942214	BoMac	3	Day3	M_bovis
HALLMARK_DNA_REPAIR	R0235	0.412151643133239	BoMac	1	Day1	Control
HALLMARK_DNA_REPAIR	R0236	0.422466131031579	BoMac	1	Day1	Control
HALLMARK_DNA_REPAIR	R0238	0.420005469057079	BoMac	1	Day1	Control
HALLMARK_DNA_REPAIR	R0251	0.403596498271553	BoMac	3	Day3	Control
HALLMARK_DNA_REPAIR	R0252	0.416504973665075	BoMac	3	Day3	Control
HALLMARK_DNA_REPAIR	R0253	0.425483239844673	BoMac	3	Day3	Control
HALLMARK_DNA_REPAIR	R0324	0.45808486816658	BoMac	1	Day1	Lineage_5
HALLMARK_DNA_REPAIR	R0326	0.4363883379757	BoMac	1	Day1	Lineage_5
HALLMARK_DNA_REPAIR	R0328	0.446910534681531	BoMac	1	Day1	Lineage_5
HALLMARK_DNA_REPAIR	R0336	0.430003627559683	BoMac	3	Day3	Lineage_5
HALLMARK_DNA_REPAIR	R0338	0.470853697031024	BoMac	3	Day3	Lineage_5
HALLMARK_DNA_REPAIR	R0340	0.457136969914343	BoMac	3	Day3	Lineage_5
HALLMARK_DNA_REPAIR	R0348	0.432476762226438	BoMac	1	Day1	M_bovis
HALLMARK_DNA_REPAIR	R0350	0.432177492143512	BoMac	1	Day1	M_bovis
HALLMARK_DNA_REPAIR	R0352	0.428585277167302	BoMac	1	Day1	M_bovis
HALLMARK_DNA_REPAIR	R0360	0.405452977254694	BoMac	3	Day3	M_bovis
HALLMARK_DNA_REPAIR	R0362	0.412390150580637	BoMac	3	Day3	M_bovis
HALLMARK_DNA_REPAIR	R0364	0.44107471481267	BoMac	3	Day3	M_bovis
HALLMARK_E2F_TARGETS	R0235	0.646255882094255	BoMac	1	Day1	Control
HALLMARK_E2F_TARGETS	R0236	0.651121512014674	BoMac	1	Day1	Control
HALLMARK_E2F_TARGETS	R0238	0.647022492627771	BoMac	1	Day1	Control
HALLMARK_E2F_TARGETS	R0251	0.647711448605539	BoMac	3	Day3	Control
HALLMARK_E2F_TARGETS	R0252	0.649653926140618	BoMac	3	Day3	Control
HALLMARK_E2F_TARGETS	R0253	0.656964834808612	BoMac	3	Day3	Control
HALLMARK_E2F_TARGETS	R0324	0.607386224961168	BoMac	1	Day1	Lineage_5
HALLMARK_E2F_TARGETS	R0326	0.633867299097954	BoMac	1	Day1	Lineage_5
HALLMARK_E2F_TARGETS	R0328	0.609543444051914	BoMac	1	Day1	Lineage_5
HALLMARK_E2F_TARGETS	R0336	0.64309062331805	BoMac	3	Day3	Lineage_5
HALLMARK_E2F_TARGETS	R0338	0.65248301870656	BoMac	3	Day3	Lineage_5
HALLMARK_E2F_TARGETS	R0340	0.655402997779211	BoMac	3	Day3	Lineage_5
HALLMARK_E2F_TARGETS	R0348	0.657805810846285	BoMac	1	Day1	M_bovis
HALLMARK_E2F_TARGETS	R0350	0.657520606924544	BoMac	1	Day1	M_bovis
HALLMARK_E2F_TARGETS	R0352	0.658756818341339	BoMac	1	Day1	M_bovis
HALLMARK_E2F_TARGETS	R0360	0.656981364691984	BoMac	3	Day3	M_bovis
HALLMARK_E2F_TARGETS	R0362	0.65775177542698	BoMac	3	Day3	M_bovis
HALLMARK_E2F_TARGETS	R0364	0.658738214816465	BoMac	3	Day3	M_bovis
HALLMARK_EPITHELIAL_MESENCHYMAL_TRANSITION	R0235	0.471385028225225	BoMac	1	Day1	Control
HALLMARK_EPITHELIAL_MESENCHYMAL_TRANSITION	R0236	0.473498022368103	BoMac	1	Day1	Control
HALLMARK_EPITHELIAL_MESENCHYMAL_TRANSITION	R0238	0.474199991642859	BoMac	1	Day1	Control
HALLMARK_EPITHELIAL_MESENCHYMAL_TRANSITION	R0251	0.494332274222741	BoMac	3	Day3	Control
HALLMARK_EPITHELIAL_MESENCHYMAL_TRANSITION	R0252	0.487251497102835	BoMac	3	Day3	Control
HALLMARK_EPITHELIAL_MESENCHYMAL_TRANSITION	R0253	0.48868188239568	BoMac	3	Day3	Control
HALLMARK_EPITHELIAL_MESENCHYMAL_TRANSITION	R0324	0.481737561618255	BoMac	1	Day1	Lineage_5
HALLMARK_EPITHELIAL_MESENCHYMAL_TRANSITION	R0326	0.474419864244606	BoMac	1	Day1	Lineage_5
HALLMARK_EPITHELIAL_MESENCHYMAL_TRANSITION	R0328	0.487991167176263	BoMac	1	Day1	Lineage_5
HALLMARK_EPITHELIAL_MESENCHYMAL_TRANSITION	R0336	0.488979950095599	BoMac	3	Day3	Lineage_5
HALLMARK_EPITHELIAL_MESENCHYMAL_TRANSITION	R0338	0.491274406735808	BoMac	3	Day3	Lineage_5
HALLMARK_EPITHELIAL_MESENCHYMAL_TRANSITION	R0340	0.486939556042814	BoMac	3	Day3	Lineage_5
HALLMARK_EPITHELIAL_MESENCHYMAL_TRANSITION	R0348	0.483396416856899	BoMac	1	Day1	M_bovis
HALLMARK_EPITHELIAL_MESENCHYMAL_TRANSITION	R0350	0.486328053802225	BoMac	1	Day1	M_bovis
HALLMARK_EPITHELIAL_MESENCHYMAL_TRANSITION	R0352	0.484952050183458	BoMac	1	Day1	M_bovis
HALLMARK_EPITHELIAL_MESENCHYMAL_TRANSITION	R0360	0.47632378385677	BoMac	3	Day3	M_bovis
HALLMARK_EPITHELIAL_MESENCHYMAL_TRANSITION	R0362	0.480138744930923	BoMac	3	Day3	M_bovis
HALLMARK_EPITHELIAL_MESENCHYMAL_TRANSITION	R0364	0.483695320857514	BoMac	3	Day3	M_bovis
HALLMARK_ESTROGEN_RESPONSE_EARLY	R0235	0.292641809157999	BoMac	1	Day1	Control
HALLMARK_ESTROGEN_RESPONSE_EARLY	R0236	0.286750481598103	BoMac	1	Day1	Control
HALLMARK_ESTROGEN_RESPONSE_EARLY	R0238	0.289335718851347	BoMac	1	Day1	Control
HALLMARK_ESTROGEN_RESPONSE_EARLY	R0251	0.298551160313639	BoMac	3	Day3	Control
HALLMARK_ESTROGEN_RESPONSE_EARLY	R0252	0.294532107834341	BoMac	3	Day3	Control
HALLMARK_ESTROGEN_RESPONSE_EARLY	R0253	0.287901859213804	BoMac	3	Day3	Control
HALLMARK_ESTROGEN_RESPONSE_EARLY	R0324	0.321608407306627	BoMac	1	Day1	Lineage_5
HALLMARK_ESTROGEN_RESPONSE_EARLY	R0326	0.310138461951648	BoMac	1	Day1	Lineage_5
HALLMARK_ESTROGEN_RESPONSE_EARLY	R0328	0.320951068502171	BoMac	1	Day1	Lineage_5
HALLMARK_ESTROGEN_RESPONSE_EARLY	R0336	0.303172854957425	BoMac	3	Day3	Lineage_5
HALLMARK_ESTROGEN_RESPONSE_EARLY	R0338	0.290365812304117	BoMac	3	Day3	Lineage_5
HALLMARK_ESTROGEN_RESPONSE_EARLY	R0340	0.293510622106944	BoMac	3	Day3	Lineage_5
HALLMARK_ESTROGEN_RESPONSE_EARLY	R0348	0.286520367856729	BoMac	1	Day1	M_bovis
HALLMARK_ESTROGEN_RESPONSE_EARLY	R0350	0.285238459356679	BoMac	1	Day1	M_bovis
HALLMARK_ESTROGEN_RESPONSE_EARLY	R0352	0.285879795426262	BoMac	1	Day1	M_bovis
HALLMARK_ESTROGEN_RESPONSE_EARLY	R0360	0.290212392782348	BoMac	3	Day3	M_bovis
HALLMARK_ESTROGEN_RESPONSE_EARLY	R0362	0.290396587116338	BoMac	3	Day3	M_bovis
HALLMARK_ESTROGEN_RESPONSE_EARLY	R0364	0.292943363295624	BoMac	3	Day3	M_bovis
HALLMARK_ESTROGEN_RESPONSE_LATE	R0235	0.294718589785143	BoMac	1	Day1	Control
HALLMARK_ESTROGEN_RESPONSE_LATE	R0236	0.296238736219869	BoMac	1	Day1	Control
HALLMARK_ESTROGEN_RESPONSE_LATE	R0238	0.297467576896018	BoMac	1	Day1	Control
HALLMARK_ESTROGEN_RESPONSE_LATE	R0251	0.301168678243339	BoMac	3	Day3	Control
HALLMARK_ESTROGEN_RESPONSE_LATE	R0252	0.303048334024769	BoMac	3	Day3	Control
HALLMARK_ESTROGEN_RESPONSE_LATE	R0253	0.298040472682995	BoMac	3	Day3	Control
HALLMARK_ESTROGEN_RESPONSE_LATE	R0324	0.308123224849918	BoMac	1	Day1	Lineage_5
HALLMARK_ESTROGEN_RESPONSE_LATE	R0326	0.295974642289003	BoMac	1	Day1	Lineage_5
HALLMARK_ESTROGEN_RESPONSE_LATE	R0328	0.303729833007085	BoMac	1	Day1	Lineage_5
HALLMARK_ESTROGEN_RESPONSE_LATE	R0336	0.300302715916582	BoMac	3	Day3	Lineage_5
HALLMARK_ESTROGEN_RESPONSE_LATE	R0338	0.30417156896334	BoMac	3	Day3	Lineage_5
HALLMARK_ESTROGEN_RESPONSE_LATE	R0340	0.304193882142046	BoMac	3	Day3	Lineage_5
HALLMARK_ESTROGEN_RESPONSE_LATE	R0348	0.284010505081298	BoMac	1	Day1	M_bovis
HALLMARK_ESTROGEN_RESPONSE_LATE	R0350	0.284306289382483	BoMac	1	Day1	M_bovis
HALLMARK_ESTROGEN_RESPONSE_LATE	R0352	0.281333906379608	BoMac	1	Day1	M_bovis
HALLMARK_ESTROGEN_RESPONSE_LATE	R0360	0.287833189784618	BoMac	3	Day3	M_bovis
HALLMARK_ESTROGEN_RESPONSE_LATE	R0362	0.290680455833601	BoMac	3	Day3	M_bovis
HALLMARK_ESTROGEN_RESPONSE_LATE	R0364	0.304407097068389	BoMac	3	Day3	M_bovis
HALLMARK_FATTY_ACID_METABOLISM	R0235	0.363530100256732	BoMac	1	Day1	Control
HALLMARK_FATTY_ACID_METABOLISM	R0236	0.371756132865851	BoMac	1	Day1	Control
HALLMARK_FATTY_ACID_METABOLISM	R0238	0.369740502351371	BoMac	1	Day1	Control
HALLMARK_FATTY_ACID_METABOLISM	R0251	0.352607860373851	BoMac	3	Day3	Control
HALLMARK_FATTY_ACID_METABOLISM	R0252	0.355096187789283	BoMac	3	Day3	Control
HALLMARK_FATTY_ACID_METABOLISM	R0253	0.367539462626167	BoMac	3	Day3	Control
HALLMARK_FATTY_ACID_METABOLISM	R0324	0.38369595610471	BoMac	1	Day1	Lineage_5
HALLMARK_FATTY_ACID_METABOLISM	R0326	0.375150175922433	BoMac	1	Day1	Lineage_5
HALLMARK_FATTY_ACID_METABOLISM	R0328	0.375486685590593	BoMac	1	Day1	Lineage_5
HALLMARK_FATTY_ACID_METABOLISM	R0336	0.35419283930026	BoMac	3	Day3	Lineage_5
HALLMARK_FATTY_ACID_METABOLISM	R0338	0.373399888272277	BoMac	3	Day3	Lineage_5
HALLMARK_FATTY_ACID_METABOLISM	R0340	0.36497417158274	BoMac	3	Day3	Lineage_5
HALLMARK_FATTY_ACID_METABOLISM	R0348	0.368751080690633	BoMac	1	Day1	M_bovis
HALLMARK_FATTY_ACID_METABOLISM	R0350	0.36575648273224	BoMac	1	Day1	M_bovis
HALLMARK_FATTY_ACID_METABOLISM	R0352	0.365111032534956	BoMac	1	Day1	M_bovis
HALLMARK_FATTY_ACID_METABOLISM	R0360	0.33840612288863	BoMac	3	Day3	M_bovis
HALLMARK_FATTY_ACID_METABOLISM	R0362	0.347322194036982	BoMac	3	Day3	M_bovis
HALLMARK_FATTY_ACID_METABOLISM	R0364	0.359199385441216	BoMac	3	Day3	M_bovis
HALLMARK_G2M_CHECKPOINT	R0235	0.652295652030885	BoMac	1	Day1	Control
HALLMARK_G2M_CHECKPOINT	R0236	0.650805374747196	BoMac	1	Day1	Control
HALLMARK_G2M_CHECKPOINT	R0238	0.648807971702687	BoMac	1	Day1	Control
HALLMARK_G2M_CHECKPOINT	R0251	0.658949584671754	BoMac	3	Day3	Control
HALLMARK_G2M_CHECKPOINT	R0252	0.657080733014064	BoMac	3	Day3	Control
HALLMARK_G2M_CHECKPOINT	R0253	0.658807758957194	BoMac	3	Day3	Control
HALLMARK_G2M_CHECKPOINT	R0324	0.595825293728742	BoMac	1	Day1	Lineage_5
HALLMARK_G2M_CHECKPOINT	R0326	0.633698985088421	BoMac	1	Day1	Lineage_5
HALLMARK_G2M_CHECKPOINT	R0328	0.603728134469237	BoMac	1	Day1	Lineage_5
HALLMARK_G2M_CHECKPOINT	R0336	0.638898302553526	BoMac	3	Day3	Lineage_5
HALLMARK_G2M_CHECKPOINT	R0338	0.62819113487064	BoMac	3	Day3	Lineage_5
HALLMARK_G2M_CHECKPOINT	R0340	0.64265426885967	BoMac	3	Day3	Lineage_5
HALLMARK_G2M_CHECKPOINT	R0348	0.658401880169521	BoMac	1	Day1	M_bovis
HALLMARK_G2M_CHECKPOINT	R0350	0.658621306342259	BoMac	1	Day1	M_bovis
HALLMARK_G2M_CHECKPOINT	R0352	0.659983989398056	BoMac	1	Day1	M_bovis
HALLMARK_G2M_CHECKPOINT	R0360	0.664276554645894	BoMac	3	Day3	M_bovis
HALLMARK_G2M_CHECKPOINT	R0362	0.659935733271826	BoMac	3	Day3	M_bovis
HALLMARK_G2M_CHECKPOINT	R0364	0.652365293743873	BoMac	3	Day3	M_bovis
HALLMARK_GLYCOLYSIS	R0235	0.448246665999636	BoMac	1	Day1	Control
HALLMARK_GLYCOLYSIS	R0236	0.448460269070039	BoMac	1	Day1	Control
HALLMARK_GLYCOLYSIS	R0238	0.446361089173428	BoMac	1	Day1	Control
HALLMARK_GLYCOLYSIS	R0251	0.442822595071162	BoMac	3	Day3	Control
HALLMARK_GLYCOLYSIS	R0252	0.446896291866489	BoMac	3	Day3	Control
HALLMARK_GLYCOLYSIS	R0253	0.447953508869437	BoMac	3	Day3	Control
HALLMARK_GLYCOLYSIS	R0324	0.464073737504156	BoMac	1	Day1	Lineage_5
HALLMARK_GLYCOLYSIS	R0326	0.459495973623698	BoMac	1	Day1	Lineage_5
HALLMARK_GLYCOLYSIS	R0328	0.457618766082191	BoMac	1	Day1	Lineage_5
HALLMARK_GLYCOLYSIS	R0336	0.442074936661277	BoMac	3	Day3	Lineage_5
HALLMARK_GLYCOLYSIS	R0338	0.451675855796348	BoMac	3	Day3	Lineage_5
HALLMARK_GLYCOLYSIS	R0340	0.445608115909581	BoMac	3	Day3	Lineage_5
HALLMARK_GLYCOLYSIS	R0348	0.452290018017631	BoMac	1	Day1	M_bovis
HALLMARK_GLYCOLYSIS	R0350	0.455584890247683	BoMac	1	Day1	M_bovis
HALLMARK_GLYCOLYSIS	R0352	0.452378949861577	BoMac	1	Day1	M_bovis
HALLMARK_GLYCOLYSIS	R0360	0.434073376219767	BoMac	3	Day3	M_bovis
HALLMARK_GLYCOLYSIS	R0362	0.434802596551447	BoMac	3	Day3	M_bovis
HALLMARK_GLYCOLYSIS	R0364	0.442978724689338	BoMac	3	Day3	M_bovis
HALLMARK_HEDGEHOG_SIGNALING	R0235	0.275054440239519	BoMac	1	Day1	Control
HALLMARK_HEDGEHOG_SIGNALING	R0236	0.266151066960439	BoMac	1	Day1	Control
HALLMARK_HEDGEHOG_SIGNALING	R0238	0.268444694737019	BoMac	1	Day1	Control
HALLMARK_HEDGEHOG_SIGNALING	R0251	0.285022002786505	BoMac	3	Day3	Control
HALLMARK_HEDGEHOG_SIGNALING	R0252	0.273884692069009	BoMac	3	Day3	Control
HALLMARK_HEDGEHOG_SIGNALING	R0253	0.26426399445361	BoMac	3	Day3	Control
HALLMARK_HEDGEHOG_SIGNALING	R0324	0.282437947191706	BoMac	1	Day1	Lineage_5
HALLMARK_HEDGEHOG_SIGNALING	R0326	0.278439957007758	BoMac	1	Day1	Lineage_5
HALLMARK_HEDGEHOG_SIGNALING	R0328	0.297101050183346	BoMac	1	Day1	Lineage_5
HALLMARK_HEDGEHOG_SIGNALING	R0336	0.26750634600406	BoMac	3	Day3	Lineage_5
HALLMARK_HEDGEHOG_SIGNALING	R0338	0.23907899959875	BoMac	3	Day3	Lineage_5
HALLMARK_HEDGEHOG_SIGNALING	R0340	0.247553664760767	BoMac	3	Day3	Lineage_5
HALLMARK_HEDGEHOG_SIGNALING	R0348	0.262047704784296	BoMac	1	Day1	M_bovis
HALLMARK_HEDGEHOG_SIGNALING	R0350	0.257021671127432	BoMac	1	Day1	M_bovis
HALLMARK_HEDGEHOG_SIGNALING	R0352	0.254008141156515	BoMac	1	Day1	M_bovis
HALLMARK_HEDGEHOG_SIGNALING	R0360	0.264036540016639	BoMac	3	Day3	M_bovis
HALLMARK_HEDGEHOG_SIGNALING	R0362	0.257175060464294	BoMac	3	Day3	M_bovis
HALLMARK_HEDGEHOG_SIGNALING	R0364	0.242377600941348	BoMac	3	Day3	M_bovis
HALLMARK_HEME_METABOLISM	R0235	0.367018401314142	BoMac	1	Day1	Control
HALLMARK_HEME_METABOLISM	R0236	0.367787308180985	BoMac	1	Day1	Control
HALLMARK_HEME_METABOLISM	R0238	0.367598272839151	BoMac	1	Day1	Control
HALLMARK_HEME_METABOLISM	R0251	0.363043165490656	BoMac	3	Day3	Control
HALLMARK_HEME_METABOLISM	R0252	0.361709584411894	BoMac	3	Day3	Control
HALLMARK_HEME_METABOLISM	R0253	0.358651654428001	BoMac	3	Day3	Control
HALLMARK_HEME_METABOLISM	R0324	0.371932735630908	BoMac	1	Day1	Lineage_5
HALLMARK_HEME_METABOLISM	R0326	0.363135995161831	BoMac	1	Day1	Lineage_5
HALLMARK_HEME_METABOLISM	R0328	0.371748930491583	BoMac	1	Day1	Lineage_5
HALLMARK_HEME_METABOLISM	R0336	0.362955358554023	BoMac	3	Day3	Lineage_5
HALLMARK_HEME_METABOLISM	R0338	0.352542945821824	BoMac	3	Day3	Lineage_5
HALLMARK_HEME_METABOLISM	R0340	0.351806154592635	BoMac	3	Day3	Lineage_5
HALLMARK_HEME_METABOLISM	R0348	0.350924021182361	BoMac	1	Day1	M_bovis
HALLMARK_HEME_METABOLISM	R0350	0.352227792534541	BoMac	1	Day1	M_bovis
HALLMARK_HEME_METABOLISM	R0352	0.352896811358465	BoMac	1	Day1	M_bovis
HALLMARK_HEME_METABOLISM	R0360	0.359540755816415	BoMac	3	Day3	M_bovis
HALLMARK_HEME_METABOLISM	R0362	0.359625787641124	BoMac	3	Day3	M_bovis
HALLMARK_HEME_METABOLISM	R0364	0.355384608928894	BoMac	3	Day3	M_bovis
HALLMARK_HYPOXIA	R0235	0.363811417398198	BoMac	1	Day1	Control
HALLMARK_HYPOXIA	R0236	0.360748406985968	BoMac	1	Day1	Control
HALLMARK_HYPOXIA	R0238	0.363105422886558	BoMac	1	Day1	Control
HALLMARK_HYPOXIA	R0251	0.367677629047865	BoMac	3	Day3	Control
HALLMARK_HYPOXIA	R0252	0.366088356564841	BoMac	3	Day3	Control
HALLMARK_HYPOXIA	R0253	0.366775101375427	BoMac	3	Day3	Control
HALLMARK_HYPOXIA	R0324	0.383644897684796	BoMac	1	Day1	Lineage_5
HALLMARK_HYPOXIA	R0326	0.370766339140665	BoMac	1	Day1	Lineage_5
HALLMARK_HYPOXIA	R0328	0.378271809749208	BoMac	1	Day1	Lineage_5
HALLMARK_HYPOXIA	R0336	0.365364453547021	BoMac	3	Day3	Lineage_5
HALLMARK_HYPOXIA	R0338	0.369709870772205	BoMac	3	Day3	Lineage_5
HALLMARK_HYPOXIA	R0340	0.362195714933941	BoMac	3	Day3	Lineage_5
HALLMARK_HYPOXIA	R0348	0.360766126638271	BoMac	1	Day1	M_bovis
HALLMARK_HYPOXIA	R0350	0.361606251060624	BoMac	1	Day1	M_bovis
HALLMARK_HYPOXIA	R0352	0.359757693173319	BoMac	1	Day1	M_bovis
HALLMARK_HYPOXIA	R0360	0.35019678663108	BoMac	3	Day3	M_bovis
HALLMARK_HYPOXIA	R0362	0.351500041646242	BoMac	3	Day3	M_bovis
HALLMARK_HYPOXIA	R0364	0.35421121735566	BoMac	3	Day3	M_bovis
HALLMARK_IL2_STAT5_SIGNALING	R0235	0.23469955348776	BoMac	1	Day1	Control
HALLMARK_IL2_STAT5_SIGNALING	R0236	0.232368285491571	BoMac	1	Day1	Control
HALLMARK_IL2_STAT5_SIGNALING	R0238	0.234533048826715	BoMac	1	Day1	Control
HALLMARK_IL2_STAT5_SIGNALING	R0251	0.237622325939831	BoMac	3	Day3	Control
HALLMARK_IL2_STAT5_SIGNALING	R0252	0.234471889360752	BoMac	3	Day3	Control
HALLMARK_IL2_STAT5_SIGNALING	R0253	0.231206639381626	BoMac	3	Day3	Control
HALLMARK_IL2_STAT5_SIGNALING	R0324	0.246819073722175	BoMac	1	Day1	Lineage_5
HALLMARK_IL2_STAT5_SIGNALING	R0326	0.241153754804084	BoMac	1	Day1	Lineage_5
HALLMARK_IL2_STAT5_SIGNALING	R0328	0.244952247806778	BoMac	1	Day1	Lineage_5
HALLMARK_IL2_STAT5_SIGNALING	R0336	0.240108269252785	BoMac	3	Day3	Lineage_5
HALLMARK_IL2_STAT5_SIGNALING	R0338	0.237528424575907	BoMac	3	Day3	Lineage_5
HALLMARK_IL2_STAT5_SIGNALING	R0340	0.237685802240447	BoMac	3	Day3	Lineage_5
HALLMARK_IL2_STAT5_SIGNALING	R0348	0.232073186733009	BoMac	1	Day1	M_bovis
HALLMARK_IL2_STAT5_SIGNALING	R0350	0.227322144697642	BoMac	1	Day1	M_bovis
HALLMARK_IL2_STAT5_SIGNALING	R0352	0.22896814013271	BoMac	1	Day1	M_bovis
HALLMARK_IL2_STAT5_SIGNALING	R0360	0.227136746948919	BoMac	3	Day3	M_bovis
HALLMARK_IL2_STAT5_SIGNALING	R0362	0.230147234579867	BoMac	3	Day3	M_bovis
HALLMARK_IL2_STAT5_SIGNALING	R0364	0.222196853368983	BoMac	3	Day3	M_bovis
HALLMARK_IL6_JAK_STAT3_SIGNALING	R0235	0.209736838560686	BoMac	1	Day1	Control
HALLMARK_IL6_JAK_STAT3_SIGNALING	R0236	0.210961783632486	BoMac	1	Day1	Control
HALLMARK_IL6_JAK_STAT3_SIGNALING	R0238	0.217294622061736	BoMac	1	Day1	Control
HALLMARK_IL6_JAK_STAT3_SIGNALING	R0251	0.239993259123456	BoMac	3	Day3	Control
HALLMARK_IL6_JAK_STAT3_SIGNALING	R0252	0.241410398451411	BoMac	3	Day3	Control
HALLMARK_IL6_JAK_STAT3_SIGNALING	R0253	0.235386635889008	BoMac	3	Day3	Control
HALLMARK_IL6_JAK_STAT3_SIGNALING	R0324	0.255644842678581	BoMac	1	Day1	Lineage_5
HALLMARK_IL6_JAK_STAT3_SIGNALING	R0326	0.239957087505823	BoMac	1	Day1	Lineage_5
HALLMARK_IL6_JAK_STAT3_SIGNALING	R0328	0.260280723920432	BoMac	1	Day1	Lineage_5
HALLMARK_IL6_JAK_STAT3_SIGNALING	R0336	0.280670125751269	BoMac	3	Day3	Lineage_5
HALLMARK_IL6_JAK_STAT3_SIGNALING	R0338	0.273325730506613	BoMac	3	Day3	Lineage_5
HALLMARK_IL6_JAK_STAT3_SIGNALING	R0340	0.263462456346576	BoMac	3	Day3	Lineage_5
HALLMARK_IL6_JAK_STAT3_SIGNALING	R0348	0.229692803122914	BoMac	1	Day1	M_bovis
HALLMARK_IL6_JAK_STAT3_SIGNALING	R0350	0.228104696446068	BoMac	1	Day1	M_bovis
HALLMARK_IL6_JAK_STAT3_SIGNALING	R0352	0.228007544746089	BoMac	1	Day1	M_bovis
HALLMARK_IL6_JAK_STAT3_SIGNALING	R0360	0.248966523009154	BoMac	3	Day3	M_bovis
HALLMARK_IL6_JAK_STAT3_SIGNALING	R0362	0.25617553737262	BoMac	3	Day3	M_bovis
HALLMARK_IL6_JAK_STAT3_SIGNALING	R0364	0.251298775032384	BoMac	3	Day3	M_bovis
HALLMARK_INFLAMMATORY_RESPONSE	R0235	0.14694940764198	BoMac	1	Day1	Control
HALLMARK_INFLAMMATORY_RESPONSE	R0236	0.141735812178787	BoMac	1	Day1	Control
HALLMARK_INFLAMMATORY_RESPONSE	R0238	0.148779480171323	BoMac	1	Day1	Control
HALLMARK_INFLAMMATORY_RESPONSE	R0251	0.169809943642903	BoMac	3	Day3	Control
HALLMARK_INFLAMMATORY_RESPONSE	R0252	0.18213829050515	BoMac	3	Day3	Control
HALLMARK_INFLAMMATORY_RESPONSE	R0253	0.161667050075463	BoMac	3	Day3	Control
HALLMARK_INFLAMMATORY_RESPONSE	R0324	0.187633118039556	BoMac	1	Day1	Lineage_5
HALLMARK_INFLAMMATORY_RESPONSE	R0326	0.180923953799095	BoMac	1	Day1	Lineage_5
HALLMARK_INFLAMMATORY_RESPONSE	R0328	0.192167990719816	BoMac	1	Day1	Lineage_5
HALLMARK_INFLAMMATORY_RESPONSE	R0336	0.20158463576934	BoMac	3	Day3	Lineage_5
HALLMARK_INFLAMMATORY_RESPONSE	R0338	0.200615016345393	BoMac	3	Day3	Lineage_5
HALLMARK_INFLAMMATORY_RESPONSE	R0340	0.195175521549018	BoMac	3	Day3	Lineage_5
HALLMARK_INFLAMMATORY_RESPONSE	R0348	0.17673579901284	BoMac	1	Day1	M_bovis
HALLMARK_INFLAMMATORY_RESPONSE	R0350	0.169728803353851	BoMac	1	Day1	M_bovis
HALLMARK_INFLAMMATORY_RESPONSE	R0352	0.171439803465483	BoMac	1	Day1	M_bovis
HALLMARK_INFLAMMATORY_RESPONSE	R0360	0.18252768774592	BoMac	3	Day3	M_bovis
HALLMARK_INFLAMMATORY_RESPONSE	R0362	0.178250568396515	BoMac	3	Day3	M_bovis
HALLMARK_INFLAMMATORY_RESPONSE	R0364	0.177676421522736	BoMac	3	Day3	M_bovis
HALLMARK_INTERFERON_ALPHA_RESPONSE	R0235	0.162176048250297	BoMac	1	Day1	Control
HALLMARK_INTERFERON_ALPHA_RESPONSE	R0236	0.163709417330118	BoMac	1	Day1	Control
HALLMARK_INTERFERON_ALPHA_RESPONSE	R0238	0.193884065793892	BoMac	1	Day1	Control
HALLMARK_INTERFERON_ALPHA_RESPONSE	R0251	0.392702157037873	BoMac	3	Day3	Control
HALLMARK_INTERFERON_ALPHA_RESPONSE	R0252	0.456607790417527	BoMac	3	Day3	Control
HALLMARK_INTERFERON_ALPHA_RESPONSE	R0253	0.408946846337571	BoMac	3	Day3	Control
HALLMARK_INTERFERON_ALPHA_RESPONSE	R0324	0.499105579603286	BoMac	1	Day1	Lineage_5
HALLMARK_INTERFERON_ALPHA_RESPONSE	R0326	0.455919797618405	BoMac	1	Day1	Lineage_5
HALLMARK_INTERFERON_ALPHA_RESPONSE	R0328	0.502402749652801	BoMac	1	Day1	Lineage_5
HALLMARK_INTERFERON_ALPHA_RESPONSE	R0336	0.584026296727951	BoMac	3	Day3	Lineage_5
HALLMARK_INTERFERON_ALPHA_RESPONSE	R0338	0.614001001244793	BoMac	3	Day3	Lineage_5
HALLMARK_INTERFERON_ALPHA_RESPONSE	R0340	0.594092434992972	BoMac	3	Day3	Lineage_5
HALLMARK_INTERFERON_ALPHA_RESPONSE	R0348	0.437281225519439	BoMac	1	Day1	M_bovis
HALLMARK_INTERFERON_ALPHA_RESPONSE	R0350	0.392403007502195	BoMac	1	Day1	M_bovis
HALLMARK_INTERFERON_ALPHA_RESPONSE	R0352	0.407936233465557	BoMac	1	Day1	M_bovis
HALLMARK_INTERFERON_ALPHA_RESPONSE	R0360	0.511751452303389	BoMac	3	Day3	M_bovis
HALLMARK_INTERFERON_ALPHA_RESPONSE	R0362	0.517192055673738	BoMac	3	Day3	M_bovis
HALLMARK_INTERFERON_ALPHA_RESPONSE	R0364	0.514767526163251	BoMac	3	Day3	M_bovis
HALLMARK_INTERFERON_GAMMA_RESPONSE	R0235	0.129033027231346	BoMac	1	Day1	Control
HALLMARK_INTERFERON_GAMMA_RESPONSE	R0236	0.132345511332109	BoMac	1	Day1	Control
HALLMARK_INTERFERON_GAMMA_RESPONSE	R0238	0.150946471613377	BoMac	1	Day1	Control
HALLMARK_INTERFERON_GAMMA_RESPONSE	R0251	0.27014378832121	BoMac	3	Day3	Control
HALLMARK_INTERFERON_GAMMA_RESPONSE	R0252	0.316292158446378	BoMac	3	Day3	Control
HALLMARK_INTERFERON_GAMMA_RESPONSE	R0253	0.283461292155237	BoMac	3	Day3	Control
HALLMARK_INTERFERON_GAMMA_RESPONSE	R0324	0.326359762879912	BoMac	1	Day1	Lineage_5
HALLMARK_INTERFERON_GAMMA_RESPONSE	R0326	0.298672783637255	BoMac	1	Day1	Lineage_5
HALLMARK_INTERFERON_GAMMA_RESPONSE	R0328	0.32939067355814	BoMac	1	Day1	Lineage_5
HALLMARK_INTERFERON_GAMMA_RESPONSE	R0336	0.40510810850404	BoMac	3	Day3	Lineage_5
HALLMARK_INTERFERON_GAMMA_RESPONSE	R0338	0.431977358732748	BoMac	3	Day3	Lineage_5
HALLMARK_INTERFERON_GAMMA_RESPONSE	R0340	0.416363201570977	BoMac	3	Day3	Lineage_5
HALLMARK_INTERFERON_GAMMA_RESPONSE	R0348	0.285476848929351	BoMac	1	Day1	M_bovis
HALLMARK_INTERFERON_GAMMA_RESPONSE	R0350	0.253193841659043	BoMac	1	Day1	M_bovis
HALLMARK_INTERFERON_GAMMA_RESPONSE	R0352	0.263710859680432	BoMac	1	Day1	M_bovis
HALLMARK_INTERFERON_GAMMA_RESPONSE	R0360	0.344770946901732	BoMac	3	Day3	M_bovis
HALLMARK_INTERFERON_GAMMA_RESPONSE	R0362	0.350946285930033	BoMac	3	Day3	M_bovis
HALLMARK_INTERFERON_GAMMA_RESPONSE	R0364	0.34604147083245	BoMac	3	Day3	M_bovis
HALLMARK_KRAS_SIGNALING_DN	R0235	-0.181670464218293	BoMac	1	Day1	Control
HALLMARK_KRAS_SIGNALING_DN	R0236	-0.184480735230594	BoMac	1	Day1	Control
HALLMARK_KRAS_SIGNALING_DN	R0238	-0.177763637567888	BoMac	1	Day1	Control
HALLMARK_KRAS_SIGNALING_DN	R0251	-0.143906376601939	BoMac	3	Day3	Control
HALLMARK_KRAS_SIGNALING_DN	R0252	-0.139440220323298	BoMac	3	Day3	Control
HALLMARK_KRAS_SIGNALING_DN	R0253	-0.152181082881064	BoMac	3	Day3	Control
HALLMARK_KRAS_SIGNALING_DN	R0324	-0.117829715447342	BoMac	1	Day1	Lineage_5
HALLMARK_KRAS_SIGNALING_DN	R0326	-0.137896416679668	BoMac	1	Day1	Lineage_5
HALLMARK_KRAS_SIGNALING_DN	R0328	-0.12167301094535	BoMac	1	Day1	Lineage_5
HALLMARK_KRAS_SIGNALING_DN	R0336	-0.128636123821423	BoMac	3	Day3	Lineage_5
HALLMARK_KRAS_SIGNALING_DN	R0338	-0.136044757927464	BoMac	3	Day3	Lineage_5
HALLMARK_KRAS_SIGNALING_DN	R0340	-0.130713866601751	BoMac	3	Day3	Lineage_5
HALLMARK_KRAS_SIGNALING_DN	R0348	-0.144416868851401	BoMac	1	Day1	M_bovis
HALLMARK_KRAS_SIGNALING_DN	R0350	-0.144106210041205	BoMac	1	Day1	M_bovis
HALLMARK_KRAS_SIGNALING_DN	R0352	-0.150275244589086	BoMac	1	Day1	M_bovis
HALLMARK_KRAS_SIGNALING_DN	R0360	-0.116639416810484	BoMac	3	Day3	M_bovis
HALLMARK_KRAS_SIGNALING_DN	R0362	-0.126903745806893	BoMac	3	Day3	M_bovis
HALLMARK_KRAS_SIGNALING_DN	R0364	-0.117714744990097	BoMac	3	Day3	M_bovis
HALLMARK_KRAS_SIGNALING_UP	R0235	0.045414013257291	BoMac	1	Day1	Control
HALLMARK_KRAS_SIGNALING_UP	R0236	0.0419955497840159	BoMac	1	Day1	Control
HALLMARK_KRAS_SIGNALING_UP	R0238	0.0453215053832279	BoMac	1	Day1	Control
HALLMARK_KRAS_SIGNALING_UP	R0251	0.0503177851059521	BoMac	3	Day3	Control
HALLMARK_KRAS_SIGNALING_UP	R0252	0.0464270764892058	BoMac	3	Day3	Control
HALLMARK_KRAS_SIGNALING_UP	R0253	0.0478974178617736	BoMac	3	Day3	Control
HALLMARK_KRAS_SIGNALING_UP	R0324	0.0372125025946496	BoMac	1	Day1	Lineage_5
HALLMARK_KRAS_SIGNALING_UP	R0326	0.0382417990472771	BoMac	1	Day1	Lineage_5
HALLMARK_KRAS_SIGNALING_UP	R0328	0.0341619623709599	BoMac	1	Day1	Lineage_5
HALLMARK_KRAS_SIGNALING_UP	R0336	0.0447004160818544	BoMac	3	Day3	Lineage_5
HALLMARK_KRAS_SIGNALING_UP	R0338	0.0420805115532892	BoMac	3	Day3	Lineage_5
HALLMARK_KRAS_SIGNALING_UP	R0340	0.0369677520437636	BoMac	3	Day3	Lineage_5
HALLMARK_KRAS_SIGNALING_UP	R0348	0.0288542043083781	BoMac	1	Day1	M_bovis
HALLMARK_KRAS_SIGNALING_UP	R0350	0.0273089459321771	BoMac	1	Day1	M_bovis
HALLMARK_KRAS_SIGNALING_UP	R0352	0.0278564632953521	BoMac	1	Day1	M_bovis
HALLMARK_KRAS_SIGNALING_UP	R0360	0.0269070715360577	BoMac	3	Day3	M_bovis
HALLMARK_KRAS_SIGNALING_UP	R0362	0.0263345924829492	BoMac	3	Day3	M_bovis
HALLMARK_KRAS_SIGNALING_UP	R0364	0.025713720405475	BoMac	3	Day3	M_bovis
HALLMARK_MITOTIC_SPINDLE	R0235	0.645498628728476	BoMac	1	Day1	Control
HALLMARK_MITOTIC_SPINDLE	R0236	0.63831263735934	BoMac	1	Day1	Control
HALLMARK_MITOTIC_SPINDLE	R0238	0.63777068890185	BoMac	1	Day1	Control
HALLMARK_MITOTIC_SPINDLE	R0251	0.652974929436992	BoMac	3	Day3	Control
HALLMARK_MITOTIC_SPINDLE	R0252	0.642913668614569	BoMac	3	Day3	Control
HALLMARK_MITOTIC_SPINDLE	R0253	0.635511959640238	BoMac	3	Day3	Control
HALLMARK_MITOTIC_SPINDLE	R0324	0.559733104336817	BoMac	1	Day1	Lineage_5
HALLMARK_MITOTIC_SPINDLE	R0326	0.607755651150702	BoMac	1	Day1	Lineage_5
HALLMARK_MITOTIC_SPINDLE	R0328	0.572730676278605	BoMac	1	Day1	Lineage_5
HALLMARK_MITOTIC_SPINDLE	R0336	0.615890531685641	BoMac	3	Day3	Lineage_5
HALLMARK_MITOTIC_SPINDLE	R0338	0.575865638697138	BoMac	3	Day3	Lineage_5
HALLMARK_MITOTIC_SPINDLE	R0340	0.602769756751719	BoMac	3	Day3	Lineage_5
HALLMARK_MITOTIC_SPINDLE	R0348	0.624159400446232	BoMac	1	Day1	M_bovis
HALLMARK_MITOTIC_SPINDLE	R0350	0.624565336981791	BoMac	1	Day1	M_bovis
HALLMARK_MITOTIC_SPINDLE	R0352	0.627595656582991	BoMac	1	Day1	M_bovis
HALLMARK_MITOTIC_SPINDLE	R0360	0.653853932004956	BoMac	3	Day3	M_bovis
HALLMARK_MITOTIC_SPINDLE	R0362	0.647669156456619	BoMac	3	Day3	M_bovis
HALLMARK_MITOTIC_SPINDLE	R0364	0.623885829503573	BoMac	3	Day3	M_bovis
HALLMARK_MTORC1_SIGNALING	R0235	0.631830819501238	BoMac	1	Day1	Control
HALLMARK_MTORC1_SIGNALING	R0236	0.634255964788803	BoMac	1	Day1	Control
HALLMARK_MTORC1_SIGNALING	R0238	0.633702904745344	BoMac	1	Day1	Control
HALLMARK_MTORC1_SIGNALING	R0251	0.593105409197463	BoMac	3	Day3	Control
HALLMARK_MTORC1_SIGNALING	R0252	0.597866968081479	BoMac	3	Day3	Control
HALLMARK_MTORC1_SIGNALING	R0253	0.605400264797607	BoMac	3	Day3	Control
HALLMARK_MTORC1_SIGNALING	R0324	0.623174931550693	BoMac	1	Day1	Lineage_5
HALLMARK_MTORC1_SIGNALING	R0326	0.625890593283145	BoMac	1	Day1	Lineage_5
HALLMARK_MTORC1_SIGNALING	R0328	0.619793540207987	BoMac	1	Day1	Lineage_5
HALLMARK_MTORC1_SIGNALING	R0336	0.579358816337651	BoMac	3	Day3	Lineage_5
HALLMARK_MTORC1_SIGNALING	R0338	0.598801990382381	BoMac	3	Day3	Lineage_5
HALLMARK_MTORC1_SIGNALING	R0340	0.588828110889451	BoMac	3	Day3	Lineage_5
HALLMARK_MTORC1_SIGNALING	R0348	0.632006109009004	BoMac	1	Day1	M_bovis
HALLMARK_MTORC1_SIGNALING	R0350	0.63393393253667	BoMac	1	Day1	M_bovis
HALLMARK_MTORC1_SIGNALING	R0352	0.63148518447418	BoMac	1	Day1	M_bovis
HALLMARK_MTORC1_SIGNALING	R0360	0.577414230341072	BoMac	3	Day3	M_bovis
HALLMARK_MTORC1_SIGNALING	R0362	0.580052616540025	BoMac	3	Day3	M_bovis
HALLMARK_MTORC1_SIGNALING	R0364	0.588237307831241	BoMac	3	Day3	M_bovis
HALLMARK_MYC_TARGETS_V1	R0235	0.777342990987558	BoMac	1	Day1	Control
HALLMARK_MYC_TARGETS_V1	R0236	0.786036990495647	BoMac	1	Day1	Control
HALLMARK_MYC_TARGETS_V1	R0238	0.783790180836815	BoMac	1	Day1	Control
HALLMARK_MYC_TARGETS_V1	R0251	0.753040555265475	BoMac	3	Day3	Control
HALLMARK_MYC_TARGETS_V1	R0252	0.764861665304577	BoMac	3	Day3	Control
HALLMARK_MYC_TARGETS_V1	R0253	0.775502763059295	BoMac	3	Day3	Control
HALLMARK_MYC_TARGETS_V1	R0324	0.790376015410909	BoMac	1	Day1	Lineage_5
HALLMARK_MYC_TARGETS_V1	R0326	0.801549592403957	BoMac	1	Day1	Lineage_5
HALLMARK_MYC_TARGETS_V1	R0328	0.783071630562194	BoMac	1	Day1	Lineage_5
HALLMARK_MYC_TARGETS_V1	R0336	0.762553430202176	BoMac	3	Day3	Lineage_5
HALLMARK_MYC_TARGETS_V1	R0338	0.789735650883231	BoMac	3	Day3	Lineage_5
HALLMARK_MYC_TARGETS_V1	R0340	0.780256498894531	BoMac	3	Day3	Lineage_5
HALLMARK_MYC_TARGETS_V1	R0348	0.815519264769406	BoMac	1	Day1	M_bovis
HALLMARK_MYC_TARGETS_V1	R0350	0.814048753481833	BoMac	1	Day1	M_bovis
HALLMARK_MYC_TARGETS_V1	R0352	0.812706032107537	BoMac	1	Day1	M_bovis
HALLMARK_MYC_TARGETS_V1	R0360	0.749085842711043	BoMac	3	Day3	M_bovis
HALLMARK_MYC_TARGETS_V1	R0362	0.75673885998083	BoMac	3	Day3	M_bovis
HALLMARK_MYC_TARGETS_V1	R0364	0.772439533706993	BoMac	3	Day3	M_bovis
HALLMARK_MYC_TARGETS_V2	R0235	0.460622208086953	BoMac	1	Day1	Control
HALLMARK_MYC_TARGETS_V2	R0236	0.466718438006552	BoMac	1	Day1	Control
HALLMARK_MYC_TARGETS_V2	R0238	0.469480861900917	BoMac	1	Day1	Control
HALLMARK_MYC_TARGETS_V2	R0251	0.396693716144108	BoMac	3	Day3	Control
HALLMARK_MYC_TARGETS_V2	R0252	0.40696712290199	BoMac	3	Day3	Control
HALLMARK_MYC_TARGETS_V2	R0253	0.41416725046634	BoMac	3	Day3	Control
HALLMARK_MYC_TARGETS_V2	R0324	0.528727866804357	BoMac	1	Day1	Lineage_5
HALLMARK_MYC_TARGETS_V2	R0326	0.526167674979955	BoMac	1	Day1	Lineage_5
HALLMARK_MYC_TARGETS_V2	R0328	0.505299342809311	BoMac	1	Day1	Lineage_5
HALLMARK_MYC_TARGETS_V2	R0336	0.413102956450187	BoMac	3	Day3	Lineage_5
HALLMARK_MYC_TARGETS_V2	R0338	0.442192066655537	BoMac	3	Day3	Lineage_5
HALLMARK_MYC_TARGETS_V2	R0340	0.431843034369622	BoMac	3	Day3	Lineage_5
HALLMARK_MYC_TARGETS_V2	R0348	0.540460068607232	BoMac	1	Day1	M_bovis
HALLMARK_MYC_TARGETS_V2	R0350	0.532124012063114	BoMac	1	Day1	M_bovis
HALLMARK_MYC_TARGETS_V2	R0352	0.529757357685937	BoMac	1	Day1	M_bovis
HALLMARK_MYC_TARGETS_V2	R0360	0.378701393885459	BoMac	3	Day3	M_bovis
HALLMARK_MYC_TARGETS_V2	R0362	0.38593611556599	BoMac	3	Day3	M_bovis
HALLMARK_MYC_TARGETS_V2	R0364	0.403511949782626	BoMac	3	Day3	M_bovis
HALLMARK_MYOGENESIS	R0235	0.26053090654629	BoMac	1	Day1	Control
HALLMARK_MYOGENESIS	R0236	0.262001318283662	BoMac	1	Day1	Control
HALLMARK_MYOGENESIS	R0238	0.264523819345126	BoMac	1	Day1	Control
HALLMARK_MYOGENESIS	R0251	0.262511155498833	BoMac	3	Day3	Control
HALLMARK_MYOGENESIS	R0252	0.261620926845383	BoMac	3	Day3	Control
HALLMARK_MYOGENESIS	R0253	0.26254649312945	BoMac	3	Day3	Control
HALLMARK_MYOGENESIS	R0324	0.269495235464852	BoMac	1	Day1	Lineage_5
HALLMARK_MYOGENESIS	R0326	0.254146405783529	BoMac	1	Day1	Lineage_5
HALLMARK_MYOGENESIS	R0328	0.268260919141131	BoMac	1	Day1	Lineage_5
HALLMARK_MYOGENESIS	R0336	0.251716477953663	BoMac	3	Day3	Lineage_5
HALLMARK_MYOGENESIS	R0338	0.247094413257657	BoMac	3	Day3	Lineage_5
HALLMARK_MYOGENESIS	R0340	0.251694364062518	BoMac	3	Day3	Lineage_5
HALLMARK_MYOGENESIS	R0348	0.244543658090595	BoMac	1	Day1	M_bovis
HALLMARK_MYOGENESIS	R0350	0.249966618805821	BoMac	1	Day1	M_bovis
HALLMARK_MYOGENESIS	R0352	0.241980035139025	BoMac	1	Day1	M_bovis
HALLMARK_MYOGENESIS	R0360	0.251619916336903	BoMac	3	Day3	M_bovis
HALLMARK_MYOGENESIS	R0362	0.249042898376055	BoMac	3	Day3	M_bovis
HALLMARK_MYOGENESIS	R0364	0.25928220732351	BoMac	3	Day3	M_bovis
HALLMARK_NOTCH_SIGNALING	R0235	0.36675913369122	BoMac	1	Day1	Control
HALLMARK_NOTCH_SIGNALING	R0236	0.362127189732081	BoMac	1	Day1	Control
HALLMARK_NOTCH_SIGNALING	R0238	0.368278319400107	BoMac	1	Day1	Control
HALLMARK_NOTCH_SIGNALING	R0251	0.356936829370423	BoMac	3	Day3	Control
HALLMARK_NOTCH_SIGNALING	R0252	0.354237380218203	BoMac	3	Day3	Control
HALLMARK_NOTCH_SIGNALING	R0253	0.350798690585588	BoMac	3	Day3	Control
HALLMARK_NOTCH_SIGNALING	R0324	0.434551755918563	BoMac	1	Day1	Lineage_5
HALLMARK_NOTCH_SIGNALING	R0326	0.409332046126535	BoMac	1	Day1	Lineage_5
HALLMARK_NOTCH_SIGNALING	R0328	0.432120991977064	BoMac	1	Day1	Lineage_5
HALLMARK_NOTCH_SIGNALING	R0336	0.386818792680628	BoMac	3	Day3	Lineage_5
HALLMARK_NOTCH_SIGNALING	R0338	0.375031413759439	BoMac	3	Day3	Lineage_5
HALLMARK_NOTCH_SIGNALING	R0340	0.371493668964807	BoMac	3	Day3	Lineage_5
HALLMARK_NOTCH_SIGNALING	R0348	0.377866671920262	BoMac	1	Day1	M_bovis
HALLMARK_NOTCH_SIGNALING	R0350	0.377367092519263	BoMac	1	Day1	M_bovis
HALLMARK_NOTCH_SIGNALING	R0352	0.377830886791838	BoMac	1	Day1	M_bovis
HALLMARK_NOTCH_SIGNALING	R0360	0.35257889536146	BoMac	3	Day3	M_bovis
HALLMARK_NOTCH_SIGNALING	R0362	0.35831124386903	BoMac	3	Day3	M_bovis
HALLMARK_NOTCH_SIGNALING	R0364	0.361435765164783	BoMac	3	Day3	M_bovis
HALLMARK_OXIDATIVE_PHOSPHORYLATION	R0235	0.548015983527366	BoMac	1	Day1	Control
HALLMARK_OXIDATIVE_PHOSPHORYLATION	R0236	0.566575339718485	BoMac	1	Day1	Control
HALLMARK_OXIDATIVE_PHOSPHORYLATION	R0238	0.562441014403362	BoMac	1	Day1	Control
HALLMARK_OXIDATIVE_PHOSPHORYLATION	R0251	0.51540292882193	BoMac	3	Day3	Control
HALLMARK_OXIDATIVE_PHOSPHORYLATION	R0252	0.537369541885279	BoMac	3	Day3	Control
HALLMARK_OXIDATIVE_PHOSPHORYLATION	R0253	0.554096056181237	BoMac	3	Day3	Control
HALLMARK_OXIDATIVE_PHOSPHORYLATION	R0324	0.602007251036031	BoMac	1	Day1	Lineage_5
HALLMARK_OXIDATIVE_PHOSPHORYLATION	R0326	0.581544896494909	BoMac	1	Day1	Lineage_5
HALLMARK_OXIDATIVE_PHOSPHORYLATION	R0328	0.590423486470643	BoMac	1	Day1	Lineage_5
HALLMARK_OXIDATIVE_PHOSPHORYLATION	R0336	0.529842967477131	BoMac	3	Day3	Lineage_5
HALLMARK_OXIDATIVE_PHOSPHORYLATION	R0338	0.588258603388973	BoMac	3	Day3	Lineage_5
HALLMARK_OXIDATIVE_PHOSPHORYLATION	R0340	0.567002341079685	BoMac	3	Day3	Lineage_5
HALLMARK_OXIDATIVE_PHOSPHORYLATION	R0348	0.572264069197878	BoMac	1	Day1	M_bovis
HALLMARK_OXIDATIVE_PHOSPHORYLATION	R0350	0.575835909814105	BoMac	1	Day1	M_bovis
HALLMARK_OXIDATIVE_PHOSPHORYLATION	R0352	0.569966626901154	BoMac	1	Day1	M_bovis
HALLMARK_OXIDATIVE_PHOSPHORYLATION	R0360	0.500854474589272	BoMac	3	Day3	M_bovis
HALLMARK_OXIDATIVE_PHOSPHORYLATION	R0362	0.514256348494357	BoMac	3	Day3	M_bovis
HALLMARK_OXIDATIVE_PHOSPHORYLATION	R0364	0.55300987153356	BoMac	3	Day3	M_bovis
HALLMARK_P53_PATHWAY	R0235	0.366241953447553	BoMac	1	Day1	Control
HALLMARK_P53_PATHWAY	R0236	0.367557685584718	BoMac	1	Day1	Control
HALLMARK_P53_PATHWAY	R0238	0.368865908759601	BoMac	1	Day1	Control
HALLMARK_P53_PATHWAY	R0251	0.371454468808691	BoMac	3	Day3	Control
HALLMARK_P53_PATHWAY	R0252	0.376013383355841	BoMac	3	Day3	Control
HALLMARK_P53_PATHWAY	R0253	0.375240869945603	BoMac	3	Day3	Control
HALLMARK_P53_PATHWAY	R0324	0.378258895710715	BoMac	1	Day1	Lineage_5
HALLMARK_P53_PATHWAY	R0326	0.357918155886382	BoMac	1	Day1	Lineage_5
HALLMARK_P53_PATHWAY	R0328	0.379049177232239	BoMac	1	Day1	Lineage_5
HALLMARK_P53_PATHWAY	R0336	0.379389129296425	BoMac	3	Day3	Lineage_5
HALLMARK_P53_PATHWAY	R0338	0.390951558888763	BoMac	3	Day3	Lineage_5
HALLMARK_P53_PATHWAY	R0340	0.38389689860542	BoMac	3	Day3	Lineage_5
HALLMARK_P53_PATHWAY	R0348	0.341631840487391	BoMac	1	Day1	M_bovis
HALLMARK_P53_PATHWAY	R0350	0.339500931861306	BoMac	1	Day1	M_bovis
HALLMARK_P53_PATHWAY	R0352	0.337759489210858	BoMac	1	Day1	M_bovis
HALLMARK_P53_PATHWAY	R0360	0.351968360640989	BoMac	3	Day3	M_bovis
HALLMARK_P53_PATHWAY	R0362	0.360896714531641	BoMac	3	Day3	M_bovis
HALLMARK_P53_PATHWAY	R0364	0.367298119385948	BoMac	3	Day3	M_bovis
HALLMARK_PANCREAS_BETA_CELLS	R0235	-0.138135323132062	BoMac	1	Day1	Control
HALLMARK_PANCREAS_BETA_CELLS	R0236	-0.134108523350896	BoMac	1	Day1	Control
HALLMARK_PANCREAS_BETA_CELLS	R0238	-0.134845981377865	BoMac	1	Day1	Control
HALLMARK_PANCREAS_BETA_CELLS	R0251	-0.141207104476442	BoMac	3	Day3	Control
HALLMARK_PANCREAS_BETA_CELLS	R0252	-0.138197026842496	BoMac	3	Day3	Control
HALLMARK_PANCREAS_BETA_CELLS	R0253	-0.14386344442149	BoMac	3	Day3	Control
HALLMARK_PANCREAS_BETA_CELLS	R0324	-0.117525385335053	BoMac	1	Day1	Lineage_5
HALLMARK_PANCREAS_BETA_CELLS	R0326	-0.118268861492856	BoMac	1	Day1	Lineage_5
HALLMARK_PANCREAS_BETA_CELLS	R0328	-0.115025642833803	BoMac	1	Day1	Lineage_5
HALLMARK_PANCREAS_BETA_CELLS	R0336	-0.121130878380135	BoMac	3	Day3	Lineage_5
HALLMARK_PANCREAS_BETA_CELLS	R0338	-0.120880244331012	BoMac	3	Day3	Lineage_5
HALLMARK_PANCREAS_BETA_CELLS	R0340	-0.125000658843294	BoMac	3	Day3	Lineage_5
HALLMARK_PANCREAS_BETA_CELLS	R0348	-0.107392032818978	BoMac	1	Day1	M_bovis
HALLMARK_PANCREAS_BETA_CELLS	R0350	-0.115708587398878	BoMac	1	Day1	M_bovis
HALLMARK_PANCREAS_BETA_CELLS	R0352	-0.106535786329087	BoMac	1	Day1	M_bovis
HALLMARK_PANCREAS_BETA_CELLS	R0360	-0.125308505443618	BoMac	3	Day3	M_bovis
HALLMARK_PANCREAS_BETA_CELLS	R0362	-0.126039423274877	BoMac	3	Day3	M_bovis
HALLMARK_PANCREAS_BETA_CELLS	R0364	-0.127936584670895	BoMac	3	Day3	M_bovis
HALLMARK_PEROXISOME	R0235	0.320625692659142	BoMac	1	Day1	Control
HALLMARK_PEROXISOME	R0236	0.323669522116578	BoMac	1	Day1	Control
HALLMARK_PEROXISOME	R0238	0.327935021027601	BoMac	1	Day1	Control
HALLMARK_PEROXISOME	R0251	0.308417093704827	BoMac	3	Day3	Control
HALLMARK_PEROXISOME	R0252	0.315512936576926	BoMac	3	Day3	Control
HALLMARK_PEROXISOME	R0253	0.317543744262147	BoMac	3	Day3	Control
HALLMARK_PEROXISOME	R0324	0.32335077762386	BoMac	1	Day1	Lineage_5
HALLMARK_PEROXISOME	R0326	0.314775514937004	BoMac	1	Day1	Lineage_5
HALLMARK_PEROXISOME	R0328	0.320027375415549	BoMac	1	Day1	Lineage_5
HALLMARK_PEROXISOME	R0336	0.314595974342871	BoMac	3	Day3	Lineage_5
HALLMARK_PEROXISOME	R0338	0.325180435105081	BoMac	3	Day3	Lineage_5
HALLMARK_PEROXISOME	R0340	0.3170719608414	BoMac	3	Day3	Lineage_5
HALLMARK_PEROXISOME	R0348	0.300200340961752	BoMac	1	Day1	M_bovis
HALLMARK_PEROXISOME	R0350	0.303385577320628	BoMac	1	Day1	M_bovis
HALLMARK_PEROXISOME	R0352	0.309489160581701	BoMac	1	Day1	M_bovis
HALLMARK_PEROXISOME	R0360	0.310885161241552	BoMac	3	Day3	M_bovis
HALLMARK_PEROXISOME	R0362	0.314282521571282	BoMac	3	Day3	M_bovis
HALLMARK_PEROXISOME	R0364	0.323753462928334	BoMac	3	Day3	M_bovis
HALLMARK_PI3K_AKT_MTOR_SIGNALING	R0235	0.507414738242935	BoMac	1	Day1	Control
HALLMARK_PI3K_AKT_MTOR_SIGNALING	R0236	0.507751464050892	BoMac	1	Day1	Control
HALLMARK_PI3K_AKT_MTOR_SIGNALING	R0238	0.509945892696171	BoMac	1	Day1	Control
HALLMARK_PI3K_AKT_MTOR_SIGNALING	R0251	0.492120163314597	BoMac	3	Day3	Control
HALLMARK_PI3K_AKT_MTOR_SIGNALING	R0252	0.492506731734247	BoMac	3	Day3	Control
HALLMARK_PI3K_AKT_MTOR_SIGNALING	R0253	0.487994283329494	BoMac	3	Day3	Control
HALLMARK_PI3K_AKT_MTOR_SIGNALING	R0324	0.477657335698542	BoMac	1	Day1	Lineage_5
HALLMARK_PI3K_AKT_MTOR_SIGNALING	R0326	0.488934909823573	BoMac	1	Day1	Lineage_5
HALLMARK_PI3K_AKT_MTOR_SIGNALING	R0328	0.487360230236503	BoMac	1	Day1	Lineage_5
HALLMARK_PI3K_AKT_MTOR_SIGNALING	R0336	0.485428367429408	BoMac	3	Day3	Lineage_5
HALLMARK_PI3K_AKT_MTOR_SIGNALING	R0338	0.477327509288519	BoMac	3	Day3	Lineage_5
HALLMARK_PI3K_AKT_MTOR_SIGNALING	R0340	0.479022820630735	BoMac	3	Day3	Lineage_5
HALLMARK_PI3K_AKT_MTOR_SIGNALING	R0348	0.489973710380109	BoMac	1	Day1	M_bovis
HALLMARK_PI3K_AKT_MTOR_SIGNALING	R0350	0.49205936278954	BoMac	1	Day1	M_bovis
HALLMARK_PI3K_AKT_MTOR_SIGNALING	R0352	0.494041117674392	BoMac	1	Day1	M_bovis
HALLMARK_PI3K_AKT_MTOR_SIGNALING	R0360	0.491388308336887	BoMac	3	Day3	M_bovis
HALLMARK_PI3K_AKT_MTOR_SIGNALING	R0362	0.485975082768646	BoMac	3	Day3	M_bovis
HALLMARK_PI3K_AKT_MTOR_SIGNALING	R0364	0.47912127406303	BoMac	3	Day3	M_bovis
HALLMARK_PROTEIN_SECRETION	R0235	0.587904329964201	BoMac	1	Day1	Control
HALLMARK_PROTEIN_SECRETION	R0236	0.591032244839418	BoMac	1	Day1	Control
HALLMARK_PROTEIN_SECRETION	R0238	0.587214670501672	BoMac	1	Day1	Control
HALLMARK_PROTEIN_SECRETION	R0251	0.583131291023517	BoMac	3	Day3	Control
HALLMARK_PROTEIN_SECRETION	R0252	0.581380332532366	BoMac	3	Day3	Control
HALLMARK_PROTEIN_SECRETION	R0253	0.580423255068347	BoMac	3	Day3	Control
HALLMARK_PROTEIN_SECRETION	R0324	0.544223839443454	BoMac	1	Day1	Lineage_5
HALLMARK_PROTEIN_SECRETION	R0326	0.569727606777039	BoMac	1	Day1	Lineage_5
HALLMARK_PROTEIN_SECRETION	R0328	0.548697872488452	BoMac	1	Day1	Lineage_5
HALLMARK_PROTEIN_SECRETION	R0336	0.583070486990297	BoMac	3	Day3	Lineage_5
HALLMARK_PROTEIN_SECRETION	R0338	0.569775064790595	BoMac	3	Day3	Lineage_5
HALLMARK_PROTEIN_SECRETION	R0340	0.570893356380681	BoMac	3	Day3	Lineage_5
HALLMARK_PROTEIN_SECRETION	R0348	0.581561472096515	BoMac	1	Day1	M_bovis
HALLMARK_PROTEIN_SECRETION	R0350	0.584383370919357	BoMac	1	Day1	M_bovis
HALLMARK_PROTEIN_SECRETION	R0352	0.586266878016173	BoMac	1	Day1	M_bovis
HALLMARK_PROTEIN_SECRETION	R0360	0.588950214621428	BoMac	3	Day3	M_bovis
HALLMARK_PROTEIN_SECRETION	R0362	0.583966200436877	BoMac	3	Day3	M_bovis
HALLMARK_PROTEIN_SECRETION	R0364	0.573163128174007	BoMac	3	Day3	M_bovis
HALLMARK_REACTIVE_OXYGEN_SPECIES_PATHWAY	R0235	0.513969184505629	BoMac	1	Day1	Control
HALLMARK_REACTIVE_OXYGEN_SPECIES_PATHWAY	R0236	0.520078638250183	BoMac	1	Day1	Control
HALLMARK_REACTIVE_OXYGEN_SPECIES_PATHWAY	R0238	0.517459861727431	BoMac	1	Day1	Control
HALLMARK_REACTIVE_OXYGEN_SPECIES_PATHWAY	R0251	0.508631855899012	BoMac	3	Day3	Control
HALLMARK_REACTIVE_OXYGEN_SPECIES_PATHWAY	R0252	0.515174755956716	BoMac	3	Day3	Control
HALLMARK_REACTIVE_OXYGEN_SPECIES_PATHWAY	R0253	0.519868840219025	BoMac	3	Day3	Control
HALLMARK_REACTIVE_OXYGEN_SPECIES_PATHWAY	R0324	0.544663232616761	BoMac	1	Day1	Lineage_5
HALLMARK_REACTIVE_OXYGEN_SPECIES_PATHWAY	R0326	0.517025211956743	BoMac	1	Day1	Lineage_5
HALLMARK_REACTIVE_OXYGEN_SPECIES_PATHWAY	R0328	0.545210131489266	BoMac	1	Day1	Lineage_5
HALLMARK_REACTIVE_OXYGEN_SPECIES_PATHWAY	R0336	0.513145631647219	BoMac	3	Day3	Lineage_5
HALLMARK_REACTIVE_OXYGEN_SPECIES_PATHWAY	R0338	0.540998133780447	BoMac	3	Day3	Lineage_5
HALLMARK_REACTIVE_OXYGEN_SPECIES_PATHWAY	R0340	0.530146380078932	BoMac	3	Day3	Lineage_5
HALLMARK_REACTIVE_OXYGEN_SPECIES_PATHWAY	R0348	0.50246473600482	BoMac	1	Day1	M_bovis
HALLMARK_REACTIVE_OXYGEN_SPECIES_PATHWAY	R0350	0.506917366048886	BoMac	1	Day1	M_bovis
HALLMARK_REACTIVE_OXYGEN_SPECIES_PATHWAY	R0352	0.498930873005539	BoMac	1	Day1	M_bovis
HALLMARK_REACTIVE_OXYGEN_SPECIES_PATHWAY	R0360	0.489560373990774	BoMac	3	Day3	M_bovis
HALLMARK_REACTIVE_OXYGEN_SPECIES_PATHWAY	R0362	0.498011049209861	BoMac	3	Day3	M_bovis
HALLMARK_REACTIVE_OXYGEN_SPECIES_PATHWAY	R0364	0.526255087088388	BoMac	3	Day3	M_bovis
HALLMARK_SPERMATOGENESIS	R0235	0.0867697474714888	BoMac	1	Day1	Control
HALLMARK_SPERMATOGENESIS	R0236	0.0862429091817349	BoMac	1	Day1	Control
HALLMARK_SPERMATOGENESIS	R0238	0.0857826238388489	BoMac	1	Day1	Control
HALLMARK_SPERMATOGENESIS	R0251	0.0878816238094912	BoMac	3	Day3	Control
HALLMARK_SPERMATOGENESIS	R0252	0.0835310876664858	BoMac	3	Day3	Control
HALLMARK_SPERMATOGENESIS	R0253	0.0816605059674531	BoMac	3	Day3	Control
HALLMARK_SPERMATOGENESIS	R0324	0.0668358519289222	BoMac	1	Day1	Lineage_5
HALLMARK_SPERMATOGENESIS	R0326	0.0819982417488049	BoMac	1	Day1	Lineage_5
HALLMARK_SPERMATOGENESIS	R0328	0.0577489084921357	BoMac	1	Day1	Lineage_5
HALLMARK_SPERMATOGENESIS	R0336	0.0718589542389521	BoMac	3	Day3	Lineage_5
HALLMARK_SPERMATOGENESIS	R0338	0.0612258140858571	BoMac	3	Day3	Lineage_5
HALLMARK_SPERMATOGENESIS	R0340	0.0676338471703738	BoMac	3	Day3	Lineage_5
HALLMARK_SPERMATOGENESIS	R0348	0.0801148136885002	BoMac	1	Day1	M_bovis
HALLMARK_SPERMATOGENESIS	R0350	0.0872096849170104	BoMac	1	Day1	M_bovis
HALLMARK_SPERMATOGENESIS	R0352	0.0858255832588823	BoMac	1	Day1	M_bovis
HALLMARK_SPERMATOGENESIS	R0360	0.0845306827260441	BoMac	3	Day3	M_bovis
HALLMARK_SPERMATOGENESIS	R0362	0.089060970039573	BoMac	3	Day3	M_bovis
HALLMARK_SPERMATOGENESIS	R0364	0.0727646284075396	BoMac	3	Day3	M_bovis
HALLMARK_TGF_BETA_SIGNALING	R0235	0.620044979759408	BoMac	1	Day1	Control
HALLMARK_TGF_BETA_SIGNALING	R0236	0.617302137223118	BoMac	1	Day1	Control
HALLMARK_TGF_BETA_SIGNALING	R0238	0.617805863257721	BoMac	1	Day1	Control
HALLMARK_TGF_BETA_SIGNALING	R0251	0.622364797155071	BoMac	3	Day3	Control
HALLMARK_TGF_BETA_SIGNALING	R0252	0.615379745424683	BoMac	3	Day3	Control
HALLMARK_TGF_BETA_SIGNALING	R0253	0.610085527223502	BoMac	3	Day3	Control
HALLMARK_TGF_BETA_SIGNALING	R0324	0.57752133805021	BoMac	1	Day1	Lineage_5
HALLMARK_TGF_BETA_SIGNALING	R0326	0.59496330468767	BoMac	1	Day1	Lineage_5
HALLMARK_TGF_BETA_SIGNALING	R0328	0.583949541833224	BoMac	1	Day1	Lineage_5
HALLMARK_TGF_BETA_SIGNALING	R0336	0.612574663520752	BoMac	3	Day3	Lineage_5
HALLMARK_TGF_BETA_SIGNALING	R0338	0.5837159266968	BoMac	3	Day3	Lineage_5
HALLMARK_TGF_BETA_SIGNALING	R0340	0.594276962240308	BoMac	3	Day3	Lineage_5
HALLMARK_TGF_BETA_SIGNALING	R0348	0.57680966946909	BoMac	1	Day1	M_bovis
HALLMARK_TGF_BETA_SIGNALING	R0350	0.579142209978656	BoMac	1	Day1	M_bovis
HALLMARK_TGF_BETA_SIGNALING	R0352	0.58065764622029	BoMac	1	Day1	M_bovis
HALLMARK_TGF_BETA_SIGNALING	R0360	0.601108292765485	BoMac	3	Day3	M_bovis
HALLMARK_TGF_BETA_SIGNALING	R0362	0.596808846488311	BoMac	3	Day3	M_bovis
HALLMARK_TGF_BETA_SIGNALING	R0364	0.583627798838515	BoMac	3	Day3	M_bovis
HALLMARK_TNFA_SIGNALING_VIA_NFKB	R0235	0.28168129979602	BoMac	1	Day1	Control
HALLMARK_TNFA_SIGNALING_VIA_NFKB	R0236	0.282907470288256	BoMac	1	Day1	Control
HALLMARK_TNFA_SIGNALING_VIA_NFKB	R0238	0.285024612845209	BoMac	1	Day1	Control
HALLMARK_TNFA_SIGNALING_VIA_NFKB	R0251	0.300636409183609	BoMac	3	Day3	Control
HALLMARK_TNFA_SIGNALING_VIA_NFKB	R0252	0.305314231420886	BoMac	3	Day3	Control
HALLMARK_TNFA_SIGNALING_VIA_NFKB	R0253	0.298420096472619	BoMac	3	Day3	Control
HALLMARK_TNFA_SIGNALING_VIA_NFKB	R0324	0.300714400197992	BoMac	1	Day1	Lineage_5
HALLMARK_TNFA_SIGNALING_VIA_NFKB	R0326	0.284446727930173	BoMac	1	Day1	Lineage_5
HALLMARK_TNFA_SIGNALING_VIA_NFKB	R0328	0.302031452450227	BoMac	1	Day1	Lineage_5
HALLMARK_TNFA_SIGNALING_VIA_NFKB	R0336	0.300488109666263	BoMac	3	Day3	Lineage_5
HALLMARK_TNFA_SIGNALING_VIA_NFKB	R0338	0.313528069922111	BoMac	3	Day3	Lineage_5
HALLMARK_TNFA_SIGNALING_VIA_NFKB	R0340	0.298981747830186	BoMac	3	Day3	Lineage_5
HALLMARK_TNFA_SIGNALING_VIA_NFKB	R0348	0.27528147098061	BoMac	1	Day1	M_bovis
HALLMARK_TNFA_SIGNALING_VIA_NFKB	R0350	0.268383367711462	BoMac	1	Day1	M_bovis
HALLMARK_TNFA_SIGNALING_VIA_NFKB	R0352	0.269304657881729	BoMac	1	Day1	M_bovis
HALLMARK_TNFA_SIGNALING_VIA_NFKB	R0360	0.273827669269718	BoMac	3	Day3	M_bovis
HALLMARK_TNFA_SIGNALING_VIA_NFKB	R0362	0.277084556582834	BoMac	3	Day3	M_bovis
HALLMARK_TNFA_SIGNALING_VIA_NFKB	R0364	0.278682470514712	BoMac	3	Day3	M_bovis
HALLMARK_UNFOLDED_PROTEIN_RESPONSE	R0235	0.595410731563498	BoMac	1	Day1	Control
HALLMARK_UNFOLDED_PROTEIN_RESPONSE	R0236	0.598897828104854	BoMac	1	Day1	Control
HALLMARK_UNFOLDED_PROTEIN_RESPONSE	R0238	0.600037475120445	BoMac	1	Day1	Control
HALLMARK_UNFOLDED_PROTEIN_RESPONSE	R0251	0.578116519530139	BoMac	3	Day3	Control
HALLMARK_UNFOLDED_PROTEIN_RESPONSE	R0252	0.586091844786596	BoMac	3	Day3	Control
HALLMARK_UNFOLDED_PROTEIN_RESPONSE	R0253	0.587833053050868	BoMac	3	Day3	Control
HALLMARK_UNFOLDED_PROTEIN_RESPONSE	R0324	0.602014452286517	BoMac	1	Day1	Lineage_5
HALLMARK_UNFOLDED_PROTEIN_RESPONSE	R0326	0.600919497354262	BoMac	1	Day1	Lineage_5
HALLMARK_UNFOLDED_PROTEIN_RESPONSE	R0328	0.601624954813556	BoMac	1	Day1	Lineage_5
HALLMARK_UNFOLDED_PROTEIN_RESPONSE	R0336	0.575641921520328	BoMac	3	Day3	Lineage_5
HALLMARK_UNFOLDED_PROTEIN_RESPONSE	R0338	0.587418523082708	BoMac	3	Day3	Lineage_5
HALLMARK_UNFOLDED_PROTEIN_RESPONSE	R0340	0.580726617140434	BoMac	3	Day3	Lineage_5
HALLMARK_UNFOLDED_PROTEIN_RESPONSE	R0348	0.620827528490625	BoMac	1	Day1	M_bovis
HALLMARK_UNFOLDED_PROTEIN_RESPONSE	R0350	0.617689405821449	BoMac	1	Day1	M_bovis
HALLMARK_UNFOLDED_PROTEIN_RESPONSE	R0352	0.619117070578176	BoMac	1	Day1	M_bovis
HALLMARK_UNFOLDED_PROTEIN_RESPONSE	R0360	0.560928428975043	BoMac	3	Day3	M_bovis
HALLMARK_UNFOLDED_PROTEIN_RESPONSE	R0362	0.566087972187364	BoMac	3	Day3	M_bovis
HALLMARK_UNFOLDED_PROTEIN_RESPONSE	R0364	0.572356190600339	BoMac	3	Day3	M_bovis
HALLMARK_UV_RESPONSE_DN	R0235	0.45466239539954	BoMac	1	Day1	Control
HALLMARK_UV_RESPONSE_DN	R0236	0.448657179314641	BoMac	1	Day1	Control
HALLMARK_UV_RESPONSE_DN	R0238	0.447185380818846	BoMac	1	Day1	Control
HALLMARK_UV_RESPONSE_DN	R0251	0.460125573470476	BoMac	3	Day3	Control
HALLMARK_UV_RESPONSE_DN	R0252	0.450095800120646	BoMac	3	Day3	Control
HALLMARK_UV_RESPONSE_DN	R0253	0.442908474248301	BoMac	3	Day3	Control
HALLMARK_UV_RESPONSE_DN	R0324	0.426668286876359	BoMac	1	Day1	Lineage_5
HALLMARK_UV_RESPONSE_DN	R0326	0.452303382959377	BoMac	1	Day1	Lineage_5
HALLMARK_UV_RESPONSE_DN	R0328	0.437831821718333	BoMac	1	Day1	Lineage_5
HALLMARK_UV_RESPONSE_DN	R0336	0.444775745734024	BoMac	3	Day3	Lineage_5
HALLMARK_UV_RESPONSE_DN	R0338	0.398499330570377	BoMac	3	Day3	Lineage_5
HALLMARK_UV_RESPONSE_DN	R0340	0.414676500912772	BoMac	3	Day3	Lineage_5
HALLMARK_UV_RESPONSE_DN	R0348	0.451272301030383	BoMac	1	Day1	M_bovis
HALLMARK_UV_RESPONSE_DN	R0350	0.454027104097603	BoMac	1	Day1	M_bovis
HALLMARK_UV_RESPONSE_DN	R0352	0.462851998472062	BoMac	1	Day1	M_bovis
HALLMARK_UV_RESPONSE_DN	R0360	0.455081826937124	BoMac	3	Day3	M_bovis
HALLMARK_UV_RESPONSE_DN	R0362	0.450382609901593	BoMac	3	Day3	M_bovis
HALLMARK_UV_RESPONSE_DN	R0364	0.426385313631006	BoMac	3	Day3	M_bovis
HALLMARK_UV_RESPONSE_UP	R0235	0.391441419942363	BoMac	1	Day1	Control
HALLMARK_UV_RESPONSE_UP	R0236	0.394883473873468	BoMac	1	Day1	Control
HALLMARK_UV_RESPONSE_UP	R0238	0.401302452202146	BoMac	1	Day1	Control
HALLMARK_UV_RESPONSE_UP	R0251	0.396755296517706	BoMac	3	Day3	Control
HALLMARK_UV_RESPONSE_UP	R0252	0.403075924291888	BoMac	3	Day3	Control
HALLMARK_UV_RESPONSE_UP	R0253	0.407337305863369	BoMac	3	Day3	Control
HALLMARK_UV_RESPONSE_UP	R0324	0.420525385587077	BoMac	1	Day1	Lineage_5
HALLMARK_UV_RESPONSE_UP	R0326	0.402919189098538	BoMac	1	Day1	Lineage_5
HALLMARK_UV_RESPONSE_UP	R0328	0.414998374467393	BoMac	1	Day1	Lineage_5
HALLMARK_UV_RESPONSE_UP	R0336	0.417380745263657	BoMac	3	Day3	Lineage_5
HALLMARK_UV_RESPONSE_UP	R0338	0.435827320347599	BoMac	3	Day3	Lineage_5
HALLMARK_UV_RESPONSE_UP	R0340	0.429277484511581	BoMac	3	Day3	Lineage_5
HALLMARK_UV_RESPONSE_UP	R0348	0.400210110284356	BoMac	1	Day1	M_bovis
HALLMARK_UV_RESPONSE_UP	R0350	0.399542188297139	BoMac	1	Day1	M_bovis
HALLMARK_UV_RESPONSE_UP	R0352	0.40002391409549	BoMac	1	Day1	M_bovis
HALLMARK_UV_RESPONSE_UP	R0360	0.401583933046888	BoMac	3	Day3	M_bovis
HALLMARK_UV_RESPONSE_UP	R0362	0.40845398616372	BoMac	3	Day3	M_bovis
HALLMARK_UV_RESPONSE_UP	R0364	0.420856853154066	BoMac	3	Day3	M_bovis
HALLMARK_WNT_BETA_CATENIN_SIGNALING	R0235	0.299315818432766	BoMac	1	Day1	Control
HALLMARK_WNT_BETA_CATENIN_SIGNALING	R0236	0.286094491021668	BoMac	1	Day1	Control
HALLMARK_WNT_BETA_CATENIN_SIGNALING	R0238	0.290295874074559	BoMac	1	Day1	Control
HALLMARK_WNT_BETA_CATENIN_SIGNALING	R0251	0.280119350620034	BoMac	3	Day3	Control
HALLMARK_WNT_BETA_CATENIN_SIGNALING	R0252	0.272264199077318	BoMac	3	Day3	Control
HALLMARK_WNT_BETA_CATENIN_SIGNALING	R0253	0.270227206980118	BoMac	3	Day3	Control
HALLMARK_WNT_BETA_CATENIN_SIGNALING	R0324	0.304278881947994	BoMac	1	Day1	Lineage_5
HALLMARK_WNT_BETA_CATENIN_SIGNALING	R0326	0.28902050700737	BoMac	1	Day1	Lineage_5
HALLMARK_WNT_BETA_CATENIN_SIGNALING	R0328	0.302565508940626	BoMac	1	Day1	Lineage_5
HALLMARK_WNT_BETA_CATENIN_SIGNALING	R0336	0.277802236401143	BoMac	3	Day3	Lineage_5
HALLMARK_WNT_BETA_CATENIN_SIGNALING	R0338	0.261656054150715	BoMac	3	Day3	Lineage_5
HALLMARK_WNT_BETA_CATENIN_SIGNALING	R0340	0.265804968811428	BoMac	3	Day3	Lineage_5
HALLMARK_WNT_BETA_CATENIN_SIGNALING	R0348	0.266838962479276	BoMac	1	Day1	M_bovis
HALLMARK_WNT_BETA_CATENIN_SIGNALING	R0350	0.265514496441875	BoMac	1	Day1	M_bovis
HALLMARK_WNT_BETA_CATENIN_SIGNALING	R0352	0.26432956188738	BoMac	1	Day1	M_bovis
HALLMARK_WNT_BETA_CATENIN_SIGNALING	R0360	0.272001876812592	BoMac	3	Day3	M_bovis
HALLMARK_WNT_BETA_CATENIN_SIGNALING	R0362	0.274413904237371	BoMac	3	Day3	M_bovis
HALLMARK_WNT_BETA_CATENIN_SIGNALING	R0364	0.269139075317059	BoMac	3	Day3	M_bovis
HALLMARK_XENOBIOTIC_METABOLISM	R0235	0.306968016017823	BoMac	1	Day1	Control
HALLMARK_XENOBIOTIC_METABOLISM	R0236	0.308460399902666	BoMac	1	Day1	Control
HALLMARK_XENOBIOTIC_METABOLISM	R0238	0.313895335823539	BoMac	1	Day1	Control
HALLMARK_XENOBIOTIC_METABOLISM	R0251	0.305626383687327	BoMac	3	Day3	Control
HALLMARK_XENOBIOTIC_METABOLISM	R0252	0.308198109487492	BoMac	3	Day3	Control
HALLMARK_XENOBIOTIC_METABOLISM	R0253	0.311398272567482	BoMac	3	Day3	Control
HALLMARK_XENOBIOTIC_METABOLISM	R0324	0.337560648215791	BoMac	1	Day1	Lineage_5
HALLMARK_XENOBIOTIC_METABOLISM	R0326	0.311232477437844	BoMac	1	Day1	Lineage_5
HALLMARK_XENOBIOTIC_METABOLISM	R0328	0.33397699374969	BoMac	1	Day1	Lineage_5
HALLMARK_XENOBIOTIC_METABOLISM	R0336	0.320201444015299	BoMac	3	Day3	Lineage_5
HALLMARK_XENOBIOTIC_METABOLISM	R0338	0.33156766615424	BoMac	3	Day3	Lineage_5
HALLMARK_XENOBIOTIC_METABOLISM	R0340	0.32543119429485	BoMac	3	Day3	Lineage_5
HALLMARK_XENOBIOTIC_METABOLISM	R0348	0.292395691696332	BoMac	1	Day1	M_bovis
HALLMARK_XENOBIOTIC_METABOLISM	R0350	0.292728991215558	BoMac	1	Day1	M_bovis
HALLMARK_XENOBIOTIC_METABOLISM	R0352	0.289265460110351	BoMac	1	Day1	M_bovis
HALLMARK_XENOBIOTIC_METABOLISM	R0360	0.291047724280154	BoMac	3	Day3	M_bovis
HALLMARK_XENOBIOTIC_METABOLISM	R0362	0.299705025276153	BoMac	3	Day3	M_bovis
HALLMARK_XENOBIOTIC_METABOLISM	R0364	0.310518294237356	BoMac	3	Day3	M_bovis
