L	R	pw.id	pw.name	pval	qval	L.logFC	R.logFC	LR.pval	LR.corr	rank	len	rank.pval	rank.corr	LR.score	L.expr	R.expr
ITGAM	ITGB2	R-HSA-1474244	REACTOME_EXTRACELLULAR_MATRIX_ORGANIZATION	1.30113678042467e-265	5.00516247024437e-263	14.9545071001722	11.9149301426607	3.94656182153016e-21	1	44	81	8.99637128517652e-08	1	0	5.08975208280515	-5.86057348394259
ITGB2	ITGAL	R-HSA-1474244	REACTOME_EXTRACELLULAR_MATRIX_ORGANIZATION	2.05129609436245e-265	5.00516247024437e-263	11.9149301426607	12.7052215442675	6.22191838126543e-21	1	44	81	8.99637128517652e-08	1	0	-5.86057348394259	4.4755947091073
MMP9	ITGB2	R-HSA-1474244	REACTOME_EXTRACELLULAR_MATRIX_ORGANIZATION	1.23349685439935e-264	2.00648821648961e-262	12.3632704906985	11.9149301426607	3.74139880279241e-20	1	44	81	8.99637128517652e-08	1	0	-0.760651295589167	-5.86057348394259
C3	ITGB2	R-HSA-1474244	REACTOME_EXTRACELLULAR_MATRIX_ORGANIZATION	3.06646932748205e-263	3.2588928951765e-261	3.90196335214493	11.9149301426607	9.30110573830987e-19	1	44	81	8.99637128517652e-08	1	0	7.73258194741264	-5.86057348394259
ICAM2	ITGB2	R-HSA-1474244	REACTOME_EXTRACELLULAR_MATRIX_ORGANIZATION	3.33902960571363e-263	3.2588928951765e-261	4.87645487057848	11.9149301426607	1.01278258835842e-18	1	44	81	8.99637128517652e-08	1	0	5.19094570642293	-5.86057348394259
ICAM3	ITGB2	R-HSA-1474244	REACTOME_EXTRACELLULAR_MATRIX_ORGANIZATION	8.3842887608335e-263	6.81922152547791e-261	6.8413988043969	11.9149301426607	2.54309265728313e-18	1	44	81	8.99637128517652e-08	1	0	3.11789277304976	-5.86057348394259
ICAM2	ITGAL	R-HSA-1474244	REACTOME_EXTRACELLULAR_MATRIX_ORGANIZATION	1.05194581834599e-262	7.33356513361204e-261	4.87645487057848	12.7052215442675	3.19072465513394e-18	1	44	81	8.99637128517652e-08	1	0	5.19094570642293	4.4755947091073
ICAM3	ITGAL	R-HSA-1474244	REACTOME_EXTRACELLULAR_MATRIX_ORGANIZATION	2.64143135678459e-262	1.6112731276386e-260	6.8413988043969	12.7052215442675	8.01189567746774e-18	1	44	81	8.99637128517652e-08	1	0	3.11789277304976	4.4755947091073
ITGB2	ITGAM	R-HSA-1474244	REACTOME_EXTRACELLULAR_MATRIX_ORGANIZATION	3.64697401237873e-259	1.97747035337869e-257	11.9149301426607	14.9545071001722	3.94656182153016e-21	1	43	79	8.99637128517652e-08	1	0	-5.86057348394259	5.08975208280515
MMP9	ITGAM	R-HSA-1474244	REACTOME_EXTRACELLULAR_MATRIX_ORGANIZATION	6.90900430988678e-258	3.37159410322475e-256	12.3632704906985	14.9545071001722	7.47655797426476e-20	1	43	79	8.99637128517652e-08	1	0	-0.760651295589167	5.08975208280515
ADAM28	ITGA4	R-HSA-1474244	REACTOME_EXTRACELLULAR_MATRIX_ORGANIZATION	1.51971075048828e-256	6.57386615261868e-255	12.2754447891409	12.7164730424749	8.10942860612678e-13	1	44	80	6.2075033597373e-08	1	0	6.9432828998599	-4.74471901436337
C3	ITGAM	R-HSA-1474244	REACTOME_EXTRACELLULAR_MATRIX_ORGANIZATION	1.71757631356309e-256	6.57386615261868e-255	3.90196335214493	14.9545071001722	1.85866997726462e-18	1	43	79	8.99637128517652e-08	1	0	7.73258194741264	5.08975208280515
GNAS	ADCY1	R-HSA-9006925	REACTOME_INTRACELLULAR_SIGNALING_BY_SECOND_MESSENGERS	1.88594520771847e-256	6.57386615261868e-255	4.03691496101728	10.6204928516965	9.5919449491343e-18	1	85	156	0.00011267532228467	1	0	-6.120008988169	5.30152224100833
ICAM2	ITGAM	R-HSA-1474244	REACTOME_EXTRACELLULAR_MATRIX_ORGANIZATION	1.87024148901852e-256	6.57386615261868e-255	4.87645487057848	14.9545071001722	2.02387613197934e-18	1	43	79	8.99637128517652e-08	1	0	5.19094570642293	5.08975208280515
ADAM15	ITGA5	R-HSA-1474244	REACTOME_EXTRACELLULAR_MATRIX_ORGANIZATION	4.52213300178489e-255	1.47120060324735e-253	1.57334321293087	1.98593026329213	2.41308516858236e-11	1	44	80	6.2075033597373e-08	1	0	7.29491933691975	5.44744307422945
GNAS	ADCY9	R-HSA-9006925	REACTOME_INTRACELLULAR_SIGNALING_BY_SECOND_MESSENGERS	8.30822620215487e-254	2.53400899165724e-252	4.03691496101728	2.67129200562162	4.2255760151395e-15	1	85	156	0.00011267532228467	1	0	-6.120008988169	5.27346430796081
SPP1	ITGA4	R-HSA-1474244	REACTOME_EXTRACELLULAR_MATRIX_ORGANIZATION	4.13573651676151e-253	1.06223127377875e-251	1.64604929549555	12.7164730424749	2.20689759585191e-09	1	44	80	6.2075033597373e-08	1	0	-6.120008988169	-4.74471901436337
SPP1	ITGA5	R-HSA-1474244	REACTOME_EXTRACELLULAR_MATRIX_ORGANIZATION	3.84197205667649e-253	1.06223127377875e-251	1.64604929549555	1.98593026329213	2.05014000791543e-09	1	44	80	6.2075033597373e-08	1	0	-6.120008988169	5.44744307422945
TGFB1	SDC2	R-HSA-1474244	REACTOME_EXTRACELLULAR_MATRIX_ORGANIZATION	3.93111253975554e-253	1.06223127377875e-251	1.84299229844541	6.7853501472646	2.28654748700847e-15	1	44	80	8.99637128517652e-08	1	0	5.17534300196075	-6.28110613916856
CALM3	PDE1B	R-HSA-9006925	REACTOME_INTRACELLULAR_SIGNALING_BY_SECOND_MESSENGERS	7.27332001180386e-253	1.77469008288014e-251	1.37614203467764	5.83532862214754	3.69922121094165e-14	1	85	156	0.00011267532228467	1	0	1.03698414728734	4.47062213677901
TNFSF13	SDC2	R-HSA-1474244	REACTOME_EXTRACELLULAR_MATRIX_ORGANIZATION	2.461874575526e-251	5.72092758503185e-250	1.20992860846779	6.7853501472646	1.4319592906768e-13	1	44	80	8.99637128517652e-08	1	0	-2.57729415663965	-6.28110613916856
CALM3	INSR	R-HSA-9006925	REACTOME_INTRACELLULAR_SIGNALING_BY_SECOND_MESSENGERS	6.67765947554487e-249	1.48122628366632e-247	1.37614203467764	1.47390987082155	3.39626738976039e-10	1	85	156	0.00011267532228467	1	0	1.03698414728734	6.20418766483912
YWHAZ	CSF2RB	R-HSA-5683057	REACTOME_MAPK_FAMILY_SIGNALING_CASCADES	7.21419946498264e-233	1.53066492996153e-231	1.49758741796099	7.9467650959154	2.2226631573e-14	1	74	135	6.95744121684487e-05	1	0	4.88105716284841	-3.23987123357223
YWHAZ	CSF2RA	R-HSA-5683057	REACTOME_MAPK_FAMILY_SIGNALING_CASCADES	1.57983067664256e-228	3.21232237583986e-227	1.49758741796099	1.61065954742238	4.86738889989118e-10	1	74	135	6.95744121684487e-05	1	0	4.88105716284841	5.0461084914837
ARTN	RET	R-HSA-5683057	REACTOME_MAPK_FAMILY_SIGNALING_CASCADES	2.56234612489996e-228	5.00169963580472e-227	4.58892495886839	6.41002451711292	3.65450040204314e-16	1	73	134	8.89067159417812e-05	1	0	1.83917662031855	5.41766982254419
RPS19	C5AR1	R-HSA-418594	REACTOME_G_ALPHA_I_SIGNALLING_EVENTS	8.05594873634085e-226	1.51203960897474e-224	7.1407250281743	14.5819898170058	4.60491067910861e-19	1	42	78	6.40932773939006e-07	1	0	-3.22621169310118	2.99592792370149
GNAS	ADCY1	R-HSA-418594	REACTOME_G_ALPHA_I_SIGNALLING_EVENTS	2.02321562787177e-224	3.65677491259787e-223	4.03691496101728	10.6204928516965	9.5919449491343e-18	1	42	78	6.4418136482687e-07	1	0	-6.120008988169	5.30152224100833
C5	C5AR1	R-HSA-418594	REACTOME_G_ALPHA_I_SIGNALLING_EVENTS	1.35987001861654e-222	2.37005917530311e-221	8.77007198720716	14.5819898170058	7.77323711442991e-16	1	42	78	6.40932773939006e-07	1	0	-6.28110613916856	2.99592792370149
PNOC	OPRL1	R-HSA-418594	REACTOME_G_ALPHA_I_SIGNALLING_EVENTS	1.90128143678544e-222	3.19939772810792e-221	14.621912377422	5.53891739190541	9.01386220194456e-16	1	42	78	6.4418136482687e-07	1	0	-0.670646390108909	3.60353324448153
GNAS	ADCY9	R-HSA-418594	REACTOME_G_ALPHA_I_SIGNALLING_EVENTS	7.39233095528026e-222	1.20248583539226e-220	4.03691496101728	2.67129200562162	4.2255760151395e-15	1	42	78	6.40932773939006e-07	1	0	-6.120008988169	5.27346430796081
C3	C3AR1	R-HSA-418594	REACTOME_G_ALPHA_I_SIGNALLING_EVENTS	1.57545976430453e-221	2.48007859671165e-220	3.90196335214493	3.55513202514291	7.46916103286588e-15	1	42	78	6.4418136482687e-07	1	0	7.73258194741264	-4.38808105150221
CALM3	PDE1B	R-HSA-418594	REACTOME_G_ALPHA_I_SIGNALLING_EVENTS	1.21725990112015e-220	1.85632134920823e-219	1.37614203467764	5.83532862214754	3.69922121094165e-14	1	43	79	6.40932773939006e-07	1	0	1.03698414728734	4.47062213677901
TGFB1	CXCR4	R-HSA-418594	REACTOME_G_ALPHA_I_SIGNALLING_EVENTS	2.92361685740867e-219	4.32340917095585e-218	1.84299229844541	3.44516913247212	1.43005691602024e-12	1	43	79	6.32740787153772e-07	1	0	5.17534300196075	4.79417900357321
GNAS	ADCY1	R-HSA-9658195	REACTOME_LEISHMANIA_INFECTION	1.64171489568439e-215	2.35634373262936e-214	4.03691496101728	10.6204928516965	9.5919449491343e-18	1	48	89	4.79053771073873e-06	1	0	-6.120008988169	5.30152224100833
GNAS	ADCY9	R-HSA-9658195	REACTOME_LEISHMANIA_INFECTION	7.23230911320786e-213	1.00839052778441e-211	4.03691496101728	2.67129200562162	4.2255760151395e-15	1	48	89	4.79053771073873e-06	1	0	-6.120008988169	5.27346430796081
C3	C3AR1	R-HSA-9658195	REACTOME_LEISHMANIA_INFECTION	1.27838858447869e-212	1.73292674784889e-211	3.90196335214493	3.55513202514291	7.46916103286588e-15	1	48	89	4.79053771073873e-06	1	0	7.73258194741264	-4.38808105150221
S100A9	TLR4	R-HSA-983169	REACTOME_CLASS_I_MHC_MEDIATED_ANTIGEN_PROCESSING_PRESENTATION	2.39519040803837e-194	3.15906194357493e-193	18.4614532792056	4.75870695306939	3.7837778152637e-13	1	91	166	0.000950692597284515	1	0	0.779560169435325	-6.28110613916856
UBC	TLR4	R-HSA-983169	REACTOME_CLASS_I_MHC_MEDIATED_ANTIGEN_PROCESSING_PRESENTATION	4.08971753992759e-193	5.25205831443333e-192	3.32450962235125	4.75870695306939	6.46068990855149e-12	1	91	166	0.000950692597284515	1	0	-2.4901804903753	-6.28110613916856
FABP5	RXRA	R-HSA-1852241	REACTOME_ORGANELLE_BIOGENESIS_AND_MAINTENANCE	3.96187917055727e-192	4.95742829546653e-191	10.954974516912	1.61988488573837	1.57427109628194e-12	1	86	157	0.000740251283888312	1	0	5.03452567930648	3.45261027371506
ABCA1	RXRA	R-HSA-1852241	REACTOME_ORGANELLE_BIOGENESIS_AND_MAINTENANCE	1.10589733728535e-188	1.34919475148813e-187	2.74728736941636	1.61988488573837	4.39433445240232e-09	1	86	157	0.000740251283888312	1	0	7.0128577455292	3.45261027371506
TGFB1	SDC2	R-HSA-9694516	REACTOME_SARS_COV_2_INFECTION	1.57590942424617e-180	1.8757165830052e-179	1.84299229844541	6.7853501472646	2.28654748700847e-15	1	78	143	0.000734985732515458	1	0	5.17534300196075	-6.28110613916856
TNFSF13	SDC2	R-HSA-9694516	REACTOME_SARS_COV_2_INFECTION	9.86919429461243e-179	1.14670638470735e-177	1.20992860846779	6.7853501472646	1.4319592906768e-13	1	78	143	0.000734985732515458	1	0	-2.57729415663965	-6.28110613916856
TGFB1	SDC2	R-HSA-71387	REACTOME_METABOLISM_OF_CARBOHYDRATES	2.97308276331039e-177	3.37410322905924e-176	1.84299229844541	6.7853501472646	2.28654748700847e-15	1	47	86	2.16052368687523e-05	1	0	5.17534300196075	-6.28110613916856
TGFB1	SDC2	R-HSA-381426	REACTOME_REGULATION_OF_INSULIN_LIKE_GROWTH_FACTOR_IGF_TRANSPORT_AND_UPTAKE_BY_INSULIN_LIKE_GROWTH_FACTOR_BINDING_PROTEINS_IGFBPS	5.26791389318985e-177	5.84259540881056e-176	1.84299229844541	6.7853501472646	2.28654748700847e-15	1	34	62	6.59110867896149e-07	1	0	5.17534300196075	-6.28110613916856
S100A9	TLR4	R-HSA-5357801	REACTOME_PROGRAMMED_CELL_DEATH	1.8058398397482e-175	1.95833298177138e-174	18.4614532792056	4.75870695306939	3.7837778152637e-13	1	56	103	9.94398759953226e-05	1	0	0.779560169435325	-6.28110613916856
TNFSF13	SDC2	R-HSA-71387	REACTOME_METABOLISM_OF_CARBOHYDRATES	1.86190468777157e-175	1.97523801659245e-174	1.20992860846779	6.7853501472646	1.4319592906768e-13	1	47	86	2.16052368687523e-05	1	0	-2.57729415663965	-6.28110613916856
TNFSF13	SDC2	R-HSA-381426	REACTOME_REGULATION_OF_INSULIN_LIKE_GROWTH_FACTOR_IGF_TRANSPORT_AND_UPTAKE_BY_INSULIN_LIKE_GROWTH_FACTOR_BINDING_PROTEINS_IGFBPS	3.2990516421366e-175	3.42539830077162e-174	1.20992860846779	6.7853501472646	1.4319592906768e-13	1	34	62	6.59110867896149e-07	1	0	-2.57729415663965	-6.28110613916856
UBC	TLR4	R-HSA-5357801	REACTOME_PROGRAMMED_CELL_DEATH	3.08341868860721e-174	3.134809000084e-173	3.32450962235125	4.75870695306939	6.46068990855149e-12	1	56	103	9.94398759953226e-05	1	0	-2.4901804903753	-6.28110613916856
RPS19	C5AR1	R-HSA-373076	REACTOME_CLASS_A_1_RHODOPSIN_LIKE_RECEPTORS	5.8531530513823e-174	5.82926263076441e-173	7.1407250281743	14.5819898170058	4.60491067910861e-19	1	28	52	1.64818525346668e-07	1	0	-3.22621169310118	2.99592792370149
C5	C5AR1	R-HSA-373076	REACTOME_CLASS_A_1_RHODOPSIN_LIKE_RECEPTORS	9.88031032650794e-171	9.64318287867175e-170	8.77007198720716	14.5819898170058	7.77323711442991e-16	1	28	52	1.64818525346668e-07	1	0	-6.28110613916856	2.99592792370149
C3	C5AR2	R-HSA-373076	REACTOME_CLASS_A_1_RHODOPSIN_LIKE_RECEPTORS	8.81826228768113e-170	8.43786665958508e-169	3.90196335214493	5.33057261344698	6.93768125030212e-15	1	28	52	1.64818525346668e-07	1	0	7.73258194741264	4.53400340033076
C3	C3AR1	R-HSA-373076	REACTOME_CLASS_A_1_RHODOPSIN_LIKE_RECEPTORS	9.49380905239346e-170	8.90957464916925e-169	3.90196335214493	3.55513202514291	7.46916103286588e-15	1	28	52	1.64818525346668e-07	1	0	7.73258194741264	-4.38808105150221
TGFB1	CXCR4	R-HSA-373076	REACTOME_CLASS_A_1_RHODOPSIN_LIKE_RECEPTORS	2.29029441364265e-167	2.108799384637e-166	1.84299229844541	3.44516913247212	1.43005691602024e-12	1	29	53	1.62157143417593e-07	1	0	5.17534300196075	4.79417900357321
C5	C5AR2	R-HSA-373076	REACTOME_CLASS_A_1_RHODOPSIN_LIKE_RECEPTORS	3.2128111815907e-167	2.90342936410419e-166	8.77007198720716	5.33057261344698	2.52764764396048e-12	1	28	52	1.64818525346668e-07	1	0	-6.28110613916856	4.53400340033076
PNOC	OPRL1	R-HSA-373076	REACTOME_CLASS_A_1_RHODOPSIN_LIKE_RECEPTORS	2.8202946196672e-166	2.50237049890472e-165	14.621912377422	5.53891739190541	9.01386220194456e-16	1	28	52	2.4697594568599e-07	1	0	-0.670646390108909	3.60353324448153
FABP5	RXRA	R-HSA-9006936	REACTOME_SIGNALING_BY_TGFB_FAMILY_MEMBERS	9.613197234491e-152	8.37721473291358e-151	10.954974516912	1.61988488573837	1.57427109628194e-12	1	56	103	0.00030133915790515	1	0	5.03452567930648	3.45261027371506
ITGAM	ITGB2	R-HSA-168898	REACTOME_TOLL_LIKE_RECEPTOR_CASCADES	2.93830240528571e-151	2.47222685134384e-150	14.9545071001722	11.9149301426607	3.94656182153016e-21	1	53	98	0.000359329474839208	1	0	5.08975208280515	-5.86057348394259
ITGB2	ITGAM	R-HSA-168898	REACTOME_TOLL_LIKE_RECEPTOR_CASCADES	2.93830240528571e-151	2.47222685134384e-150	11.9149301426607	14.9545071001722	3.94656182153016e-21	1	53	98	0.000359329474839208	1	0	-5.86057348394259	5.08975208280515
MMP9	ITGB2	R-HSA-168898	REACTOME_TOLL_LIKE_RECEPTOR_CASCADES	2.78555400840412e-150	2.30398365440883e-149	12.3632704906985	11.9149301426607	3.74139880279241e-20	1	53	98	0.000359329474839208	1	0	-0.760651295589167	-5.86057348394259
MMP9	ITGAM	R-HSA-168898	REACTOME_TOLL_LIKE_RECEPTOR_CASCADES	5.56646247353667e-150	4.5273894784765e-149	12.3632704906985	14.9545071001722	7.47655797426476e-20	1	53	98	0.000359329474839208	1	0	-0.760651295589167	5.08975208280515
GDF11	ACVR1B	R-HSA-9006936	REACTOME_SIGNALING_BY_TGFB_FAMILY_MEMBERS	9.9031282193588e-150	7.92250257548704e-149	3.7035438689707	1.78550777695487	1.04865484206363e-13	1	56	102	0.00030133915790515	1	0	6.81262670549555	5.54888498201624
TGFB1	ACVRL1	R-HSA-9006936	REACTOME_SIGNALING_BY_TGFB_FAMILY_MEMBERS	1.83368229321825e-149	1.44328541788791e-148	1.84299229844541	6.33927201871904	7.08560796220591e-15	1	55	101	0.000327615550101689	1	0	5.17534300196075	1.35028737193141
C3	ITGB2	R-HSA-168898	REACTOME_TOLL_LIKE_RECEPTOR_CASCADES	6.92487856483049e-149	5.36403292005918e-148	3.90196335214493	11.9149301426607	9.30110573830987e-19	1	53	98	0.000359329474839208	1	0	7.73258194741264	-5.86057348394259
ICAM2	ITGB2	R-HSA-168898	REACTOME_TOLL_LIKE_RECEPTOR_CASCADES	7.54038996467872e-149	5.74954734806753e-148	4.87645487057848	11.9149301426607	1.01278258835842e-18	1	53	98	0.000359329474839208	1	0	5.19094570642293	-5.86057348394259
C3	ITGAM	R-HSA-168898	REACTOME_TOLL_LIKE_RECEPTOR_CASCADES	1.38382083235972e-148	1.03893010183314e-147	3.90196335214493	14.9545071001722	1.85866997726462e-18	1	53	98	0.000359329474839208	1	0	7.73258194741264	5.08975208280515
ICAM2	ITGAM	R-HSA-168898	REACTOME_TOLL_LIKE_RECEPTOR_CASCADES	1.50682046183925e-148	1.11413391723872e-147	4.87645487057848	14.9545071001722	2.02387613197934e-18	1	53	98	0.000359329474839208	1	0	5.19094570642293	5.08975208280515
ICAM3	ITGB2	R-HSA-168898	REACTOME_TOLL_LIKE_RECEPTOR_CASCADES	1.89338862779103e-148	1.37906514979406e-147	6.8413988043969	11.9149301426607	2.54309265728313e-18	1	53	98	0.000359329474839208	1	0	3.11789277304976	-5.86057348394259
ABCA1	RXRA	R-HSA-9006936	REACTOME_SIGNALING_BY_TGFB_FAMILY_MEMBERS	2.68337543038375e-148	1.92571648533422e-147	2.74728736941636	1.61988488573837	4.39433445240232e-09	1	56	103	0.00030133915790515	1	0	7.0128577455292	3.45261027371506
SLPI	CD4	R-HSA-8856828	REACTOME_CLATHRIN_MEDIATED_ENDOCYTOSIS	6.14322696033165e-148	4.34477500962587e-147	11.5333151850971	13.6375993932019	1.11074016003339e-15	1	47	86	0.000118939304535015	1	0	8.5626794377319	5.79173665608926
S100A9	TLR4	R-HSA-109581	REACTOME_APOPTOSIS	4.11036288636722e-145	2.86551012649601e-144	18.4614532792056	4.75870695306939	3.7837778152637e-13	1	46	84	9.94398759953226e-05	1	0	0.779560169435325	-6.28110613916856
FABP5	RXRA	R-HSA-9006931	REACTOME_SIGNALING_BY_NUCLEAR_RECEPTORS	1.28516139012461e-144	8.83322194902548e-144	10.954974516912	1.61988488573837	1.57427109628194e-12	1	71	130	0.00147592911156944	1	0	5.03452567930648	3.45261027371506
B2M	TFRC	R-HSA-8856828	REACTOME_CLATHRIN_MEDIATED_ENDOCYTOSIS	2.30864141365114e-144	1.56474584703022e-143	2.64186886128111	1.63276393267892	5.16905300617011e-10	1	47	86	0.000105438167850367	1	0	6.06732647295143	6.64679211208542
UBC	TLR4	R-HSA-109581	REACTOME_APOPTOSIS	7.01832436178248e-144	4.69170176513678e-143	3.32450962235125	4.75870695306939	6.46068990855149e-12	1	46	84	9.94398759953226e-05	1	0	-2.4901804903753	-6.28110613916856
LY86	CD180	R-HSA-168898	REACTOME_TOLL_LIKE_RECEPTOR_CASCADES	1.28173797796935e-142	8.45254234120327e-142	14.5735248893858	16.1986165983348	1.72155805337104e-12	1	53	98	0.000359329474839208	1	0	-4.5785189331019	-4.36404139631386
CALM3	ABCA1	R-HSA-9006931	REACTOME_SIGNALING_BY_NUCLEAR_RECEPTORS	5.7156866422955e-142	3.71900677525361e-141	1.37614203467764	2.74728736941636	1.27670806496715e-08	1	72	131	0.00139182576112617	1	0	1.03698414728734	7.0128577455292
GNAS	ADCY1	R-HSA-112315	REACTOME_TRANSMISSION_ACROSS_CHEMICAL_SYNAPSES	7.36945913098218e-142	4.73196849463067e-141	4.03691496101728	10.6204928516965	9.5919449491343e-18	1	39	72	5.54329317300829e-05	1	0	-6.120008988169	5.30152224100833
ABCA1	RXRA	R-HSA-9006931	REACTOME_SIGNALING_BY_NUCLEAR_RECEPTORS	3.58732939127176e-141	2.27352823758522e-140	2.74728736941636	1.61988488573837	4.39433445240232e-09	1	71	130	0.00147592911156944	1	0	7.0128577455292	3.45261027371506
GNAS	ADCY9	R-HSA-112315	REACTOME_TRANSMISSION_ACROSS_CHEMICAL_SYNAPSES	3.24649587894472e-139	2.03114101144234e-138	4.03691496101728	2.67129200562162	4.2255760151395e-15	1	39	72	5.54329317300829e-05	1	0	-6.120008988169	5.27346430796081
S100A9	TLR4	R-HSA-168898	REACTOME_TOLL_LIKE_RECEPTOR_CASCADES	1.89155591516591e-133	1.16845479316578e-132	18.4614532792056	4.75870695306939	3.7837778152637e-13	1	52	96	0.000513704804942605	1	0	0.779560169435325	-6.28110613916856
UBC	TLR4	R-HSA-168898	REACTOME_TOLL_LIKE_RECEPTOR_CASCADES	3.22977637938331e-132	1.97016359142382e-131	3.32450962235125	4.75870695306939	6.46068990855149e-12	1	52	96	0.000513704804942605	1	0	-2.4901804903753	-6.28110613916856
FABP5	RXRA	R-HSA-9711123	REACTOME_CELLULAR_RESPONSE_TO_CHEMICAL_STRESS	5.62216359582259e-130	3.38718004291534e-129	10.954974516912	1.61988488573837	1.57427109628194e-12	1	56	102	0.000749114810376477	1	0	5.03452567930648	3.45261027371506
SLPI	CD4	R-HSA-162906	REACTOME_HIV_INFECTION	1.97658308701187e-128	1.17630798348999e-127	11.5333151850971	13.6375993932019	1.11074016003339e-15	1	64	117	0.00192537628654994	1	0	8.5626794377319	5.79173665608926
ABCA1	RXRA	R-HSA-9711123	REACTOME_CELLULAR_RESPONSE_TO_CHEMICAL_STRESS	1.56934007392464e-126	9.22696332620753e-126	2.74728736941636	1.61988488573837	4.39433445240232e-09	1	56	102	0.000749114810376477	1	0	7.0128577455292	3.45261027371506
TGFB1	CXCR4	R-HSA-162906	REACTOME_HIV_INFECTION	2.54481328341002e-125	1.4784153360763e-124	1.84299229844541	3.44516913247212	1.43005691602024e-12	1	64	117	0.00192537628654994	1	0	5.17534300196075	4.79417900357321
TNF	TNFRSF1B	R-HSA-6785807	REACTOME_INTERLEUKIN_4_AND_INTERLEUKIN_13_SIGNALING	3.27384490885833e-125	1.87957213590925e-124	9.16114476241759	4.26698254473924	1.83618020078406e-17	1	29	54	1.8551413035888e-05	1	0	-3.54859108041153	1.60218998348799
ALOX5AP	ALOX5	R-HSA-6785807	REACTOME_INTERLEUKIN_4_AND_INTERLEUKIN_13_SIGNALING	4.1500482177279e-125	2.35491108168746e-124	19.9260191536905	11.7588226664529	9.92774565154176e-17	1	30	55	1.71181647513905e-05	1	0	7.59378297672866	2.76840122306202
ITGAM	ITGB2	R-HSA-6785807	REACTOME_INTERLEUKIN_4_AND_INTERLEUKIN_13_SIGNALING	1.82626849273783e-124	1.01274889142734e-123	14.9545071001722	11.9149301426607	3.94656182153016e-21	1	29	53	1.8551413035888e-05	1	0	5.08975208280515	-5.86057348394259
ITGB2	ITGAM	R-HSA-6785807	REACTOME_INTERLEUKIN_4_AND_INTERLEUKIN_13_SIGNALING	1.82626849273783e-124	1.01274889142734e-123	11.9149301426607	14.9545071001722	3.94656182153016e-21	1	29	53	1.8551413035888e-05	1	0	-5.86057348394259	5.08975208280515
MMP9	ITGB2	R-HSA-6785807	REACTOME_INTERLEUKIN_4_AND_INTERLEUKIN_13_SIGNALING	1.73132946126196e-123	9.4931323269195e-123	12.3632704906985	11.9149301426607	3.74139880279241e-20	1	29	53	1.8551413035888e-05	1	0	-0.760651295589167	-5.86057348394259
MMP9	ITGAM	R-HSA-6785807	REACTOME_INTERLEUKIN_4_AND_INTERLEUKIN_13_SIGNALING	3.45977153785811e-123	1.87596501163862e-122	12.3632704906985	14.9545071001722	7.47655797426476e-20	1	29	53	1.8551413035888e-05	1	0	-0.760651295589167	5.08975208280515
GNAS	ADCY1	R-HSA-112314	REACTOME_NEUROTRANSMITTER_RECEPTORS_AND_POSTSYNAPTIC_SIGNAL_TRANSMISSION	7.14923931992371e-123	3.8338777891459e-122	4.03691496101728	10.6204928516965	9.5919449491343e-18	1	33	61	5.9847636273539e-05	1	0	-6.120008988169	5.30152224100833
C3	ITGB2	R-HSA-6785807	REACTOME_INTERLEUKIN_4_AND_INTERLEUKIN_13_SIGNALING	4.3040796332724e-122	2.28303354460536e-121	3.90196335214493	11.9149301426607	9.30110573830987e-19	1	29	53	1.8551413035888e-05	1	0	7.73258194741264	-5.86057348394259
ICAM2	ITGB2	R-HSA-6785807	REACTOME_INTERLEUKIN_4_AND_INTERLEUKIN_13_SIGNALING	4.68664375412043e-122	2.45922812044169e-121	4.87645487057848	11.9149301426607	1.01278258835842e-18	1	29	53	1.8551413035888e-05	1	0	5.19094570642293	-5.86057348394259
C3	ITGAM	R-HSA-6785807	REACTOME_INTERLEUKIN_4_AND_INTERLEUKIN_13_SIGNALING	8.60098123728372e-122	4.4651902593558e-121	3.90196335214493	14.9545071001722	1.85866997726462e-18	1	29	53	1.8551413035888e-05	1	0	7.73258194741264	5.08975208280515
ICAM2	ITGAM	R-HSA-6785807	REACTOME_INTERLEUKIN_4_AND_INTERLEUKIN_13_SIGNALING	9.3654714665154e-122	4.8108948164837e-121	4.87645487057848	14.9545071001722	2.02387613197934e-18	1	29	53	1.8551413035888e-05	1	0	5.19094570642293	5.08975208280515
ICAM3	ITGB2	R-HSA-6785807	REACTOME_INTERLEUKIN_4_AND_INTERLEUKIN_13_SIGNALING	1.17681420034323e-121	5.98213885174473e-121	6.8413988043969	11.9149301426607	2.54309265728313e-18	1	29	53	1.8551413035888e-05	1	0	3.11789277304976	-5.86057348394259
GNAS	ADCY9	R-HSA-112314	REACTOME_NEUROTRANSMITTER_RECEPTORS_AND_POSTSYNAPTIC_SIGNAL_TRANSMISSION	3.14948160742815e-120	1.58448146847932e-119	4.03691496101728	2.67129200562162	4.2255760151395e-15	1	33	61	5.9847636273539e-05	1	0	-6.120008988169	5.27346430796081
ALOX5AP	ALOX5	R-HSA-446652	REACTOME_INTERLEUKIN_1_FAMILY_SIGNALING	1.49252962384976e-116	7.43218833100695e-116	19.9260191536905	11.7588226664529	9.92774565154176e-17	1	36	67	0.000191816562085634	1	0	7.59378297672866	2.76840122306202
B2M	TYROBP	R-HSA-1500931	REACTOME_CELL_CELL_COMMUNICATION	1.34789736641212e-115	6.64418095766782e-115	2.64186886128111	10.5526058596651	2.13959435742746e-15	1	23	42	2.5376286758628e-06	1	0	6.06732647295143	3.07222690498282
TGFB1	SDC2	R-HSA-1630316	REACTOME_GLYCOSAMINOGLYCAN_METABOLISM	6.10881701586549e-115	2.98110270374236e-114	1.84299229844541	6.7853501472646	2.28654748700847e-15	1	22	41	2.81735807956099e-06	1	0	5.17534300196075	-6.28110613916856
TNFSF13	SDC2	R-HSA-1630316	REACTOME_GLYCOSAMINOGLYCAN_METABOLISM	3.82567050569229e-113	1.84844277898796e-112	1.20992860846779	6.7853501472646	1.4319592906768e-13	1	22	41	2.81735807956099e-06	1	0	-2.57729415663965	-6.28110613916856
FABP5	RXRA	R-HSA-2990846	REACTOME_SUMOYLATION	7.77147640539154e-109	3.7181181233638e-108	10.954974516912	1.61988488573837	1.57427109628194e-12	1	68	125	0.00519433215488561	1	0	5.03452567930648	3.45261027371506
ADAM15	ITGA5	R-HSA-418555	REACTOME_G_ALPHA_S_SIGNALLING_EVENTS	4.88668932450797e-108	2.31524698093193e-107	1.57334321293087	1.98593026329213	2.41308516858236e-11	1	20	38	2.26825031912498e-06	1	0	7.29491933691975	5.44744307422945
SLPI	CD4	R-HSA-162587	REACTOME_HIV_LIFE_CYCLE	7.59475146548639e-107	3.56369107226669e-106	11.5333151850971	13.6375993932019	1.11074016003339e-15	1	55	100	0.00246522921853534	1	0	8.5626794377319	5.79173665608926
SPP1	ITGA5	R-HSA-418555	REACTOME_G_ALPHA_S_SIGNALLING_EVENTS	4.15169651733122e-106	1.92955038138823e-105	1.64604929549555	1.98593026329213	2.05014000791543e-09	1	20	38	2.26825031912498e-06	1	0	-6.120008988169	5.44744307422945
CALM3	PDE1B	R-HSA-418555	REACTOME_G_ALPHA_S_SIGNALLING_EVENTS	8.47977374257236e-106	3.90389583620312e-105	1.37614203467764	5.83532862214754	3.69922121094165e-14	1	19	36	2.26825031912498e-06	1	0	1.03698414728734	4.47062213677901
ADAM15	ITGA5	R-HSA-373760	REACTOME_L1CAM_INTERACTIONS	1.78450255484085e-105	8.13866585759191e-105	1.57334321293087	1.98593026329213	2.41308516858236e-11	1	25	47	2.15336202936366e-05	1	0	7.29491933691975	5.44744307422945
ABCA1	RXRA	R-HSA-2990846	REACTOME_SUMOYLATION	2.16928752582063e-105	9.80196585741172e-105	2.74728736941636	1.61988488573837	4.39433445240232e-09	1	68	125	0.00519433215488561	1	0	7.0128577455292	3.45261027371506
S100A9	TLR4	R-HSA-166166	REACTOME_MYD88_INDEPENDENT_TLR4_CASCADE	2.23313788049196e-105	9.99790170348693e-105	18.4614532792056	4.75870695306939	3.7837778152637e-13	1	43	79	0.000785466447692232	1	0	0.779560169435325	-6.28110613916856
ITGB2	ITGAL	R-HSA-8878159	REACTOME_TRANSCRIPTIONAL_REGULATION_BY_RUNX3	3.10726217446606e-105	1.37849449194494e-104	11.9149301426607	12.7052215442675	6.22191838126543e-21	1	31	57	0.000190444467261493	1	0	-5.86057348394259	4.4755947091073
ITGAM	ITGB2	R-HSA-202733	REACTOME_CELL_SURFACE_INTERACTIONS_AT_THE_VASCULAR_WALL	3.25603234841127e-104	1.43148088831054e-103	14.9545071001722	11.9149301426607	3.94656182153016e-21	1	18	34	3.64480725747476e-06	1	0	5.08975208280515	-5.86057348394259
UBC	TLR4	R-HSA-166166	REACTOME_MYD88_INDEPENDENT_TLR4_CASCADE	3.81301759069936e-104	1.66138623594758e-103	3.32450962235125	4.75870695306939	6.46068990855149e-12	1	43	79	0.000785466447692232	1	0	-2.4901804903753	-6.28110613916856
GNAS	ADCY1	R-HSA-418555	REACTOME_G_ALPHA_S_SIGNALLING_EVENTS	4.84685151365747e-104	2.09315357403969e-103	4.03691496101728	10.6204928516965	9.5919449491343e-18	1	19	35	2.26825031912498e-06	1	0	-6.120008988169	5.30152224100833
TGFB1	CXCR4	R-HSA-162587	REACTOME_HIV_LIFE_CYCLE	9.77809864941509e-104	4.18571240431102e-103	1.84299229844541	3.44516913247212	1.43005691602024e-12	1	55	100	0.00246522921853534	1	0	5.17534300196075	4.79417900357321
SPP1	ITGA5	R-HSA-373760	REACTOME_L1CAM_INTERACTIONS	1.51610068701214e-103	6.43354030662543e-103	1.64604929549555	1.98593026329213	2.05014000791543e-09	1	25	47	2.15336202936366e-05	1	0	-6.120008988169	5.44744307422945
MMP9	ITGB2	R-HSA-202733	REACTOME_CELL_SURFACE_INTERACTIONS_AT_THE_VASCULAR_WALL	3.08676667973138e-103	1.29857081009389e-102	12.3632704906985	11.9149301426607	3.74139880279241e-20	1	18	34	3.64480725747476e-06	1	0	-0.760651295589167	-5.86057348394259
FABP5	RXRA	R-HSA-8978868	REACTOME_FATTY_ACID_METABOLISM	3.82615240024179e-103	1.59586527463076e-102	10.954974516912	1.61988488573837	1.57427109628194e-12	1	26	48	2.97649653482457e-05	1	0	5.03452567930648	3.45261027371506
ST6GAL1	CD22	R-HSA-983705	REACTOME_SIGNALING_BY_THE_B_CELL_RECEPTOR_BCR	4.82979695419195e-103	1.99740755393701e-102	3.44802377394194	14.5904961249525	1.06133243058862e-16	1	26	48	4.56529514957188e-05	1	0	-5.85033418022391	0.168717066558356
ICAM2	ITGAL	R-HSA-8878159	REACTOME_TRANSCRIPTIONAL_REGULATION_BY_RUNX3	1.59346642345661e-102	6.53455138358677e-102	4.87645487057848	12.7052215442675	3.19072465513394e-18	1	31	57	0.000190444467261493	1	0	5.19094570642293	4.4755947091073
ICAM3	ITGAL	R-HSA-8878159	REACTOME_TRANSCRIPTIONAL_REGULATION_BY_RUNX3	4.00118723179079e-102	1.62714947426159e-101	6.8413988043969	12.7052215442675	8.01189567746774e-18	1	31	57	0.000190444467261493	1	0	3.11789277304976	4.4755947091073
FABP5	RXRA	R-HSA-8957322	REACTOME_METABOLISM_OF_STEROIDS	5.79132966558003e-102	2.33567675768847e-101	10.954974516912	1.61988488573837	1.57427109628194e-12	1	36	66	0.00032248579831657	1	0	5.03452567930648	3.45261027371506
C3	ITGB2	R-HSA-202733	REACTOME_CELL_SURFACE_INTERACTIONS_AT_THE_VASCULAR_WALL	7.67369232497888e-102	3.06947692999155e-101	3.90196335214493	11.9149301426607	9.30110573830987e-19	1	18	34	3.64480725747476e-06	1	0	7.73258194741264	-5.86057348394259
ICAM2	ITGB2	R-HSA-202733	REACTOME_CELL_SURFACE_INTERACTIONS_AT_THE_VASCULAR_WALL	8.35576134044731e-102	3.31513132856771e-101	4.87645487057848	11.9149301426607	1.01278258835842e-18	1	18	34	3.64480725747476e-06	1	0	5.19094570642293	-5.86057348394259
CAP1	ROBO1	R-HSA-376176	REACTOME_SIGNALING_BY_ROBO_RECEPTORS	1.08502574157931e-101	4.27010130557017e-101	5.30231581237547	7.40087996763933	1.03360135525728e-16	1	51	94	0.00284100799383491	1	0	6.58725125883721	3.96408434415491
ICAM3	ITGB2	R-HSA-202733	REACTOME_CELL_SURFACE_INTERACTIONS_AT_THE_VASCULAR_WALL	2.09812802423315e-101	8.19109180660623e-101	6.8413988043969	11.9149301426607	2.54309265728313e-18	1	18	34	3.64480725747476e-06	1	0	3.11789277304976	-5.86057348394259
GNAS	ADCY9	R-HSA-418555	REACTOME_G_ALPHA_S_SIGNALLING_EVENTS	2.13520194430453e-101	8.26967102238581e-101	4.03691496101728	2.67129200562162	4.2255760151395e-15	1	19	35	2.26825031912498e-06	1	0	-6.120008988169	5.27346430796081
SLPI	CD4	R-HSA-8856825	REACTOME_CARGO_RECOGNITION_FOR_CLATHRIN_MEDIATED_ENDOCYTOSIS	2.69449721802757e-101	1.03536586015548e-100	11.5333151850971	13.6375993932019	1.11074016003339e-15	1	28	51	6.8290699337108e-05	1	0	8.5626794377319	5.79173665608926
CALM3	INSR	R-HSA-199418	REACTOME_NEGATIVE_REGULATION_OF_THE_PI3K_AKT_NETWORK	5.68166521437561e-100	2.1661348629807e-99	1.37614203467764	1.47390987082155	3.39626738976039e-10	1	26	48	3.23692216192664e-05	1	0	1.03698414728734	6.20418766483912
ABCA1	RXRA	R-HSA-8978868	REACTOME_FATTY_ACID_METABOLISM	1.06801130708895e-99	4.04022882061556e-99	2.74728736941636	1.61988488573837	4.39433445240232e-09	1	26	48	2.97649653482457e-05	1	0	7.0128577455292	3.45261027371506
ALOX5AP	ALOX5	R-HSA-8978868	REACTOME_FATTY_ACID_METABOLISM	1.33814724533074e-99	5.02319889016461e-99	19.9260191536905	11.7588226664529	9.92774565154176e-17	1	25	47	6.64863675947479e-05	1	0	7.59378297672866	2.76840122306202
ITGB2	ITGAM	R-HSA-202733	REACTOME_CELL_SURFACE_INTERACTIONS_AT_THE_VASCULAR_WALL	2.30102166293842e-99	8.57174482071715e-99	11.9149301426607	14.9545071001722	3.94656182153016e-21	1	17	32	3.64480725747476e-06	1	0	-5.86057348394259	5.08975208280515
ITGB2	ITGAL	R-HSA-202733	REACTOME_CELL_SURFACE_INTERACTIONS_AT_THE_VASCULAR_WALL	7.04189646596687e-99	2.60336778438775e-98	11.9149301426607	12.7052215442675	6.22191838126543e-21	1	18	33	3.64480725747476e-06	1	0	-5.86057348394259	4.4755947091073
ABCA1	RXRA	R-HSA-8957322	REACTOME_METABOLISM_OF_STEROIDS	1.6165601677362e-98	5.93143881094186e-98	2.74728736941636	1.61988488573837	4.39433445240232e-09	1	36	66	0.00032248579831657	1	0	7.0128577455292	3.45261027371506
MMP9	ITGAM	R-HSA-202733	REACTOME_CELL_SURFACE_INTERACTIONS_AT_THE_VASCULAR_WALL	4.35916695112809e-98	1.58751751653023e-97	12.3632704906985	14.9545071001722	7.47655797426476e-20	1	17	32	3.64480725747476e-06	1	0	-0.760651295589167	5.08975208280515
CALM3	PLPP6	R-HSA-8957322	REACTOME_METABOLISM_OF_STEROIDS	6.9927081903626e-98	2.52773451621996e-97	1.37614203467764	1.7009192295396	4.55942198224674e-11	1	34	63	0.00032248579831657	1	0	1.03698414728734	3.42355577882615
ADAM28	ITGA4	R-HSA-8878159	REACTOME_TRANSCRIPTIONAL_REGULATION_BY_RUNX3	2.13191558361115e-97	7.64981474119296e-97	12.2754447891409	12.7164730424749	8.10942860612678e-13	1	30	56	0.000190444467261493	1	0	6.9432828998599	-4.74471901436337
TGFB1	CXCR4	R-HSA-9758941	REACTOME_GASTRULATION	2.44860771504552e-97	8.72204791928623e-97	1.84299229844541	3.44516913247212	1.43005691602024e-12	1	23	42	1.50018828516992e-05	1	0	5.17534300196075	4.79417900357321
TGFB1	SDC2	R-HSA-9820952	REACTOME_RESPIRATORY_SYNCYTIAL_VIRUS_INFECTION_PATHWAY	2.98714118802586e-97	1.05632239112799e-96	1.84299229844541	6.7853501472646	2.28654748700847e-15	1	23	42	2.09061440170199e-05	1	0	5.17534300196075	-6.28110613916856
C3	ITGAM	R-HSA-202733	REACTOME_CELL_SURFACE_INTERACTIONS_AT_THE_VASCULAR_WALL	1.08368754256101e-96	3.8046008688473e-96	3.90196335214493	14.9545071001722	1.85866997726462e-18	1	17	32	3.64480725747476e-06	1	0	7.73258194741264	5.08975208280515
ICAM2	ITGAM	R-HSA-202733	REACTOME_CELL_SURFACE_INTERACTIONS_AT_THE_VASCULAR_WALL	1.18001010332149e-96	4.11317807443491e-96	4.87645487057848	14.9545071001722	2.02387613197934e-18	1	17	32	3.64480725747476e-06	1	0	5.19094570642293	5.08975208280515
VASP	ROBO1	R-HSA-376176	REACTOME_SIGNALING_BY_ROBO_RECEPTORS	2.10420765410388e-96	7.282647767395e-96	1.4111491482633	7.40087996763933	2.00447952493627e-11	1	51	94	0.00284100799383491	1	0	4.44633488002104	3.96408434415491
ICAM2	ITGAL	R-HSA-202733	REACTOME_CELL_SURFACE_INTERACTIONS_AT_THE_VASCULAR_WALL	3.61122587858366e-96	1.24104100616114e-95	4.87645487057848	12.7052215442675	3.19072465513394e-18	1	18	33	3.64480725747476e-06	1	0	5.19094570642293	4.4755947091073
B2M	TFRC	R-HSA-8856825	REACTOME_CARGO_RECOGNITION_FOR_CLATHRIN_MEDIATED_ENDOCYTOSIS	3.82696784000674e-96	1.30598622791839e-95	2.64186886128111	1.63276393267892	5.16905300617011e-10	1	28	51	6.49956245528683e-05	1	0	6.06732647295143	6.64679211208542
CALM3	ABCA1	R-HSA-400206	REACTOME_REGULATION_OF_LIPID_METABOLISM_BY_PPARALPHA	4.2847456297657e-96	1.45205268564282e-95	1.37614203467764	2.74728736941636	1.27670806496715e-08	1	31	57	0.000145292399805643	1	0	1.03698414728734	7.0128577455292
ICAM3	ITGAL	R-HSA-202733	REACTOME_CELL_SURFACE_INTERACTIONS_AT_THE_VASCULAR_WALL	9.06777241352702e-96	3.05177443986289e-95	6.8413988043969	12.7052215442675	8.01189567746774e-18	1	18	33	3.64480725747476e-06	1	0	3.11789277304976	4.4755947091073
TNFSF13	SDC2	R-HSA-9820952	REACTOME_RESPIRATORY_SYNCYTIAL_VIRUS_INFECTION_PATHWAY	1.8707088311353e-95	6.25278020269881e-95	1.20992860846779	6.7853501472646	1.4319592906768e-13	1	23	42	2.09061440170199e-05	1	0	-2.57729415663965	-6.28110613916856
SDCBP	EPHB6	R-HSA-2682334	REACTOME_EPH_EPHRIN_SIGNALING	5.65280516787405e-95	1.87657749790649e-94	1.13299616453332	8.88750635166492	1.27313188032329e-09	1	26	49	7.3899580764941e-05	1	0	5.23563890688455	1.29128897961476
ADAM15	ITGA5	R-HSA-8878166	REACTOME_TRANSCRIPTIONAL_REGULATION_BY_RUNX2	5.19551324055924e-94	1.71311517661683e-93	1.57334321293087	1.98593026329213	2.41308516858236e-11	1	25	46	4.53106675242007e-05	1	0	7.29491933691975	5.44744307422945
S100A9	TLR4	R-HSA-168138	REACTOME_TOLL_LIKE_RECEPTOR_9_TLR9_CASCADE	5.50160655062782e-94	1.80186845416535e-93	18.4614532792056	4.75870695306939	3.7837778152637e-13	1	39	72	0.00104012697599157	1	0	0.779560169435325	-6.28110613916856
SPP1	ITGA4	R-HSA-8878159	REACTOME_TRANSCRIPTIONAL_REGULATION_BY_RUNX3	5.80178900949452e-94	1.88751535775555e-93	1.64604929549555	12.7164730424749	2.20689759585191e-09	1	30	56	0.000190444467261493	1	0	-6.120008988169	-4.74471901436337
UBC	TLR4	R-HSA-168138	REACTOME_TOLL_LIKE_RECEPTOR_9_TLR9_CASCADE	9.39383221157367e-93	3.0358874961907e-92	3.32450962235125	4.75870695306939	6.46068990855149e-12	1	39	72	0.00104012697599157	1	0	-2.4901804903753	-6.28110613916856
SPP1	ITGA5	R-HSA-8878166	REACTOME_TRANSCRIPTIONAL_REGULATION_BY_RUNX2	4.41407112140282e-92	1.41714914950301e-91	1.64604929549555	1.98593026329213	2.05014000791543e-09	1	25	46	4.53106675242007e-05	1	0	-6.120008988169	5.44744307422945
GNAS	ADCY1	R-HSA-5358351	REACTOME_SIGNALING_BY_HEDGEHOG	1.22959561777828e-91	3.92184746062615e-91	4.03691496101728	10.6204928516965	9.5919449491343e-18	1	23	43	8.10744026099854e-05	1	0	-6.120008988169	5.30152224100833
GNAS	ADCY1	R-HSA-442755	REACTOME_ACTIVATION_OF_NMDA_RECEPTORS_AND_POSTSYNAPTIC_EVENTS	3.69441961109809e-91	1.17069920143887e-90	4.03691496101728	10.6204928516965	9.5919449491343e-18	1	23	42	5.54329317300829e-05	1	0	-6.120008988169	5.30152224100833
S100A9	TLR4	R-HSA-168179	REACTOME_TOLL_LIKE_RECEPTOR_TLR1_TLR2_CASCADE	1.00629751816066e-89	3.16821412169293e-89	18.4614532792056	4.75870695306939	3.7837778152637e-13	1	39	72	0.00138870762149523	1	0	0.779560169435325	-6.28110613916856
ADAM15	ITGA5	R-HSA-202733	REACTOME_CELL_SURFACE_INTERACTIONS_AT_THE_VASCULAR_WALL	1.406936340673e-89	4.40118547595142e-89	1.57334321293087	1.98593026329213	2.41308516858236e-11	1	17	32	3.64480725747476e-06	1	0	7.29491933691975	5.44744307422945
FABP5	RXRA	R-HSA-400206	REACTOME_REGULATION_OF_LIPID_METABOLISM_BY_PPARALPHA	4.54525976885781e-89	1.41279411923733e-88	10.954974516912	1.61988488573837	1.57427109628194e-12	1	29	54	0.000294347476913538	1	0	5.03452567930648	3.45261027371506
GNAS	ADCY9	R-HSA-5358351	REACTOME_SIGNALING_BY_HEDGEHOG	5.41678437309367e-89	1.67303213548716e-88	4.03691496101728	2.67129200562162	4.2255760151395e-15	1	23	43	8.10744026099854e-05	1	0	-6.120008988169	5.27346430796081
UBC	TLR4	R-HSA-168179	REACTOME_TOLL_LIKE_RECEPTOR_TLR1_TLR2_CASCADE	1.71822356861298e-88	5.27354151876185e-88	3.32450962235125	4.75870695306939	6.46068990855149e-12	1	39	72	0.00138870762149523	1	0	-2.4901804903753	-6.28110613916856
TGFB1	SDC2	R-HSA-202733	REACTOME_CELL_SURFACE_INTERACTIONS_AT_THE_VASCULAR_WALL	1.82884775113358e-88	5.57798564095741e-88	1.84299229844541	6.7853501472646	2.28654748700847e-15	1	17	31	3.64480725747476e-06	1	0	5.17534300196075	-6.28110613916856
SPP1	ITGA5	R-HSA-202733	REACTOME_CELL_SURFACE_INTERACTIONS_AT_THE_VASCULAR_WALL	1.1953231150554e-87	3.62309118103747e-87	1.64604929549555	1.98593026329213	2.05014000791543e-09	1	17	32	3.64480725747476e-06	1	0	-6.120008988169	5.44744307422945
TNFSF13	SDC2	R-HSA-202733	REACTOME_CELL_SURFACE_INTERACTIONS_AT_THE_VASCULAR_WALL	1.14532304417407e-86	3.45010892319101e-86	1.20992860846779	6.7853501472646	1.4319592906768e-13	1	17	31	3.64480725747476e-06	1	0	-2.57729415663965	-6.28110613916856
S100A9	TLR4	R-HSA-9820952	REACTOME_RESPIRATORY_SYNCYTIAL_VIRUS_INFECTION_PATHWAY	1.76268269048355e-86	5.27723406721456e-86	18.4614532792056	4.75870695306939	3.7837778152637e-13	1	22	41	5.78015533042723e-05	1	0	0.779560169435325	-6.28110613916856
ADAM28	ITGA4	R-HSA-202733	REACTOME_CELL_SURFACE_INTERACTIONS_AT_THE_VASCULAR_WALL	6.48615887208046e-86	1.93002776193614e-85	12.2754447891409	12.7164730424749	8.10942860612678e-13	1	17	31	3.64480725747476e-06	1	0	6.9432828998599	-4.74471901436337
RPS19	C5AR1	R-HSA-375276	REACTOME_PEPTIDE_LIGAND_BINDING_RECEPTORS	6.94549245095011e-86	2.05418200973555e-85	7.1407250281743	14.5819898170058	4.60491067910861e-19	1	11	21	2.63636324039561e-07	1	0	-3.22621169310118	2.99592792370149
ABCA1	RXRA	R-HSA-400206	REACTOME_REGULATION_OF_LIPID_METABOLISM_BY_PPARALPHA	1.26873901481025e-85	3.72978698329761e-85	2.74728736941636	1.61988488573837	4.39433445240232e-09	1	29	54	0.000294347476913538	1	0	7.0128577455292	3.45261027371506
UBC	TLR4	R-HSA-9820952	REACTOME_RESPIRATORY_SYNCYTIAL_VIRUS_INFECTION_PATHWAY	3.00972911898946e-85	8.79489706626861e-85	3.32450962235125	4.75870695306939	6.46068990855149e-12	1	22	41	5.78015533042723e-05	1	0	-2.4901804903753	-6.28110613916856
FGR	LRP8	R-HSA-196854	REACTOME_METABOLISM_OF_VITAMINS_AND_COFACTORS	1.30438649075668e-84	3.78893218743606e-84	6.10821312899508	1.24665645290537	7.11825007516792e-15	1	17	31	6.10489244656407e-06	1	0	-4.84642589144364	0.134838435738358
C5	C5AR1	R-HSA-375276	REACTOME_PEPTIDE_LIGAND_BINDING_RECEPTORS	1.17242143137875e-82	3.38545360066763e-82	8.77007198720716	14.5819898170058	7.77323711442991e-16	1	11	21	2.63636324039561e-07	1	0	-6.28110613916856	2.99592792370149
SPP1	ITGA4	R-HSA-202733	REACTOME_CELL_SURFACE_INTERACTIONS_AT_THE_VASCULAR_WALL	1.76514143182582e-82	5.06699422782942e-82	1.64604929549555	12.7164730424749	2.20689759585191e-09	1	17	31	3.64480725747476e-06	1	0	-6.120008988169	-4.74471901436337
TGFB1	SDC2	R-HSA-196854	REACTOME_METABOLISM_OF_VITAMINS_AND_COFACTORS	1.83860619010543e-82	5.24701649573948e-82	1.84299229844541	6.7853501472646	2.28654748700847e-15	1	16	30	9.57150887569416e-06	1	0	5.17534300196075	-6.28110613916856
B2M	TYROBP	R-HSA-373755	REACTOME_SEMAPHORIN_INTERACTIONS	6.0253508852667e-82	1.70951815814543e-81	2.64186886128111	10.5526058596651	2.13959435742746e-15	1	19	36	5.61781503462229e-05	1	0	6.06732647295143	3.07222690498282
C3	C5AR2	R-HSA-375276	REACTOME_PEPTIDE_LIGAND_BINDING_RECEPTORS	1.04639625193336e-81	2.95168422510681e-81	3.90196335214493	5.33057261344698	6.93768125030212e-15	1	11	21	2.63636324039561e-07	1	0	7.73258194741264	4.53400340033076
C3	C3AR1	R-HSA-375276	REACTOME_PEPTIDE_LIGAND_BINDING_RECEPTORS	1.12655825886166e-81	3.15954270301431e-81	3.90196335214493	3.55513202514291	7.46916103286588e-15	1	11	21	2.63636324039561e-07	1	0	7.73258194741264	-4.38808105150221
SEMA7A	PLXNC1	R-HSA-373755	REACTOME_SEMAPHORIN_INTERACTIONS	1.31598852023219e-81	3.66972798784747e-81	7.34710230650361	4.58649130410113	2.77713758166084e-13	1	20	37	4.314468118732e-05	1	0	4.73626353231217	-0.069744012858398
CD22	PTPRC	R-HSA-373755	REACTOME_SEMAPHORIN_INTERACTIONS	1.845061032104e-81	5.1158510435611e-81	14.5904961249525	16.7653659016281	3.893642120685e-13	1	20	37	4.314468118732e-05	1	0	0.168717066558356	-5.95991795398381
GNAS	ADCY1	R-HSA-163685	REACTOME_INTEGRATION_OF_ENERGY_METABOLISM	1.99098033035581e-81	5.48925650403185e-81	4.03691496101728	10.6204928516965	9.5919449491343e-18	1	19	36	8.10744026099854e-05	1	0	-6.120008988169	5.30152224100833
PNOC	OPRL1	R-HSA-375276	REACTOME_PEPTIDE_LIGAND_BINDING_RECEPTORS	3.801683443411e-81	1.04225928111493e-80	14.621912377422	5.53891739190541	9.01386220194456e-16	1	11	21	3.56872304367783e-07	1	0	-0.670646390108909	3.60353324448153
TNFSF13	SDC2	R-HSA-196854	REACTOME_METABOLISM_OF_VITAMINS_AND_COFACTORS	1.15143430467823e-80	3.13910581387138e-80	1.20992860846779	6.7853501472646	1.4319592906768e-13	1	16	30	9.57150887569416e-06	1	0	-2.57729415663965	-6.28110613916856
TYROBP	TREM2	R-HSA-373755	REACTOME_SEMAPHORIN_INTERACTIONS	1.56858935417805e-79	4.25262002688271e-79	10.5526058596651	19.3982662358995	6.25827310646756e-17	1	19	35	5.61781503462229e-05	1	0	3.07222690498282	2.84334725273609
TGFB1	CXCR4	R-HSA-375276	REACTOME_PEPTIDE_LIGAND_BINDING_RECEPTORS	2.10382022157438e-79	5.67217827695191e-79	1.84299229844541	3.44516913247212	1.43005691602024e-12	1	12	22	2.4697594568599e-07	1	0	5.17534300196075	4.79417900357321
C5	C5AR2	R-HSA-375276	REACTOME_PEPTIDE_LIGAND_BINDING_RECEPTORS	3.81239916540307e-79	1.0222257102839e-78	8.77007198720716	5.33057261344698	2.52764764396048e-12	1	11	21	2.63636324039561e-07	1	0	-6.28110613916856	4.53400340033076
GNAS	ADCY9	R-HSA-163685	REACTOME_INTEGRATION_OF_ENERGY_METABOLISM	8.77094142551908e-79	2.33891771347175e-78	4.03691496101728	2.67129200562162	4.2255760151395e-15	1	19	36	8.10744026099854e-05	1	0	-6.120008988169	5.27346430796081
TGFB1	CXCR4	R-HSA-376176	REACTOME_SIGNALING_BY_ROBO_RECEPTORS	1.5210663051499e-77	4.03413237452799e-77	1.84299229844541	3.44516913247212	1.43005691602024e-12	1	46	84	0.005221355117186	1	0	5.17534300196075	4.79417900357321
B2M	TREM2	R-HSA-373755	REACTOME_SEMAPHORIN_INTERACTIONS	6.14175081445546e-77	1.6200942688942e-76	2.64186886128111	19.3982662358995	2.45040257645207e-14	1	19	35	5.61781503462229e-05	1	0	6.06732647295143	2.84334725273609
GNAS	ADCY1	R-HSA-9662851	REACTOME_ANTI_INFLAMMATORY_RESPONSE_FAVOURING_LEISHMANIA_PARASITE_INFECTION	2.20104078841549e-76	5.77477368143419e-76	4.03691496101728	10.6204928516965	9.5919449491343e-18	1	16	30	3.50497540502689e-05	1	0	-6.120008988169	5.30152224100833
GNAS	ADCY1	R-HSA-111885	REACTOME_OPIOID_SIGNALLING	4.70736670846743e-76	1.22844649932198e-75	4.03691496101728	10.6204928516965	9.5919449491343e-18	1	17	32	6.41242629094304e-05	1	0	-6.120008988169	5.30152224100833
SLPI	CD4	R-HSA-162909	REACTOME_HOST_INTERACTIONS_OF_HIV_FACTORS	1.18770853078857e-75	3.08298810119585e-75	11.5333151850971	13.6375993932019	1.11074016003339e-15	1	29	54	0.00127808059375475	1	0	8.5626794377319	5.79173665608926
GNAS	ADCY9	R-HSA-9662851	REACTOME_ANTI_INFLAMMATORY_RESPONSE_FAVOURING_LEISHMANIA_PARASITE_INFECTION	9.69632875625672e-74	2.50360234553084e-73	4.03691496101728	2.67129200562162	4.2255760151395e-15	1	16	30	3.50497540502689e-05	1	0	-6.120008988169	5.27346430796081
GNAS	ADCY9	R-HSA-111885	REACTOME_OPIOID_SIGNALLING	2.07375417219856e-73	5.32627387385735e-73	4.03691496101728	2.67129200562162	4.2255760151395e-15	1	17	32	6.41242629094304e-05	1	0	-6.120008988169	5.27346430796081
CALM3	PDE1B	R-HSA-111885	REACTOME_OPIOID_SIGNALLING	1.81543898218629e-72	4.63839907490529e-72	1.37614203467764	5.83532862214754	3.69922121094165e-14	1	17	32	6.41242629094304e-05	1	0	1.03698414728734	4.47062213677901
SDCBP	EPHB6	R-HSA-3928662	REACTOME_EPHB_MEDIATED_FORWARD_SIGNALING	9.79799620589607e-72	2.49032403566525e-71	1.13299616453332	8.88750635166492	1.27313188032329e-09	1	15	29	2.15336202936366e-05	1	0	5.23563890688455	1.29128897961476
TGFB1	SDC2	R-HSA-3781865	REACTOME_DISEASES_OF_GLYCOSYLATION	1.65698586720381e-71	4.16808816080134e-71	1.84299229844541	6.7853501472646	2.28654748700847e-15	1	13	24	6.10489244656407e-06	1	0	5.17534300196075	-6.28110613916856
TGFB1	SDC2	R-HSA-5668914	REACTOME_DISEASES_OF_METABOLISM	1.65698586720381e-71	4.16808816080134e-71	1.84299229844541	6.7853501472646	2.28654748700847e-15	1	13	24	6.10489244656407e-06	1	0	5.17534300196075	-6.28110613916856
GNAS	ADCY1	R-HSA-5610787	REACTOME_HEDGEHOG_OFF_STATE	3.19397670180153e-71	7.99313143835459e-71	4.03691496101728	10.6204928516965	9.5919449491343e-18	1	15	29	8.10744026099854e-05	1	0	-6.120008988169	5.30152224100833
PTDSS1	JMJD6	R-HSA-3247509	REACTOME_CHROMATIN_MODIFYING_ENZYMES	4.88532982195903e-70	1.21634742505919e-69	2.27231617786553	1.82176196809606	2.49928342296081e-13	1	35	65	0.0037552337624729	1	0	-2.55658325092873	-3.52604439645666
TNFSF13	SDC2	R-HSA-3781865	REACTOME_DISEASES_OF_GLYCOSYLATION	1.03769386839499e-69	2.55754852412502e-69	1.20992860846779	6.7853501472646	1.4319592906768e-13	1	13	24	6.10489244656407e-06	1	0	-2.57729415663965	-6.28110613916856
TNFSF13	SDC2	R-HSA-5668914	REACTOME_DISEASES_OF_METABOLISM	1.03769386839499e-69	2.55754852412502e-69	1.20992860846779	6.7853501472646	1.4319592906768e-13	1	13	24	6.10489244656407e-06	1	0	-2.57729415663965	-6.28110613916856
GNAS	ADCY9	R-HSA-5610787	REACTOME_HEDGEHOG_OFF_STATE	1.40705471263834e-68	3.45046582797743e-68	4.03691496101728	2.67129200562162	4.2255760151395e-15	1	15	29	8.10744026099854e-05	1	0	-6.120008988169	5.27346430796081
GNAS	ADCY1	R-HSA-112040	REACTOME_G_PROTEIN_MEDIATED_EVENTS	1.31828728050222e-66	3.21662096442543e-66	4.03691496101728	10.6204928516965	9.5919449491343e-18	1	13	25	5.30633607410123e-05	1	0	-6.120008988169	5.30152224100833
TGFB1	SDC2	R-HSA-1638091	REACTOME_HEPARAN_SULFATE_HEPARIN_HS_GAG_METABOLISM	3.15245774139665e-66	7.65372824776899e-66	1.84299229844541	6.7853501472646	2.28654748700847e-15	1	9	18	2.81735807956099e-06	1	0	5.17534300196075	-6.28110613916856
GNAS	ADCY1	R-HSA-9664323	REACTOME_FCGR3A_MEDIATED_IL10_SYNTHESIS	4.45629115615106e-65	1.07656934861471e-64	4.03691496101728	10.6204928516965	9.5919449491343e-18	1	12	23	3.50497540502689e-05	1	0	-6.120008988169	5.30152224100833
TNFSF13	SDC2	R-HSA-1638091	REACTOME_HEPARAN_SULFATE_HEPARIN_HS_GAG_METABOLISM	1.97423896809812e-64	4.74595377552651e-64	1.20992860846779	6.7853501472646	1.4319592906768e-13	1	9	18	2.81735807956099e-06	1	0	-2.57729415663965	-6.28110613916856
FABP5	RXRA	R-HSA-1592230	REACTOME_MITOCHONDRIAL_BIOGENESIS	3.84072967547617e-64	9.18762785113907e-64	10.954974516912	1.61988488573837	1.57427109628194e-12	1	22	41	0.000704977014002349	1	0	5.03452567930648	3.45261027371506
GNAS	ADCY9	R-HSA-112040	REACTOME_G_PROTEIN_MEDIATED_EVENTS	5.80750113047347e-64	1.38246856179076e-63	4.03691496101728	2.67129200562162	4.2255760151395e-15	1	13	25	5.30633607410123e-05	1	0	-6.120008988169	5.27346430796081
FABP5	RXRA	R-HSA-9843745	REACTOME_ADIPOGENESIS	1.28389721850114e-63	3.04146525547843e-63	10.954974516912	1.61988488573837	1.57427109628194e-12	1	21	39	0.000550716275417011	1	0	5.03452567930648	3.45261027371506
TGFB1	SDC2	R-HSA-3000171	REACTOME_NON_INTEGRIN_MEMBRANE_ECM_INTERACTIONS	2.00540075179074e-63	4.72770805253083e-63	1.84299229844541	6.7853501472646	2.28654748700847e-15	1	7	14	3.61562438487986e-07	1	0	5.17534300196075	-6.28110613916856
CALM3	PDE1B	R-HSA-112040	REACTOME_G_PROTEIN_MEDIATED_EVENTS	5.08409534876297e-63	1.19280698567131e-62	1.37614203467764	5.83532862214754	3.69922121094165e-14	1	13	25	5.30633607410123e-05	1	0	1.03698414728734	4.47062213677901
GNAS	ADCY9	R-HSA-9664323	REACTOME_FCGR3A_MEDIATED_IL10_SYNTHESIS	1.96314690354949e-62	4.58380712407729e-62	4.03691496101728	2.67129200562162	4.2255760151395e-15	1	12	23	3.50497540502689e-05	1	0	-6.120008988169	5.27346430796081
TNFSF13	SDC2	R-HSA-3000171	REACTOME_NON_INTEGRIN_MEMBRANE_ECM_INTERACTIONS	1.25589005011832e-61	2.91844925932258e-61	1.20992860846779	6.7853501472646	1.4319592906768e-13	1	7	14	3.61562438487986e-07	1	0	-2.57729415663965	-6.28110613916856
ABCA1	RXRA	R-HSA-1592230	REACTOME_MITOCHONDRIAL_BIOGENESIS	1.07208032817025e-60	2.47950331823263e-60	2.74728736941636	1.61988488573837	4.39433445240232e-09	1	22	41	0.000704977014002349	1	0	7.0128577455292	3.45261027371506
ABCA1	RXRA	R-HSA-9843745	REACTOME_ADIPOGENESIS	3.58380065157001e-60	8.24950338663286e-60	2.74728736941636	1.61988488573837	4.39433445240232e-09	1	21	39	0.000550716275417011	1	0	7.0128577455292	3.45261027371506
ST6GAL1	CD22	R-HSA-983695	REACTOME_ANTIGEN_ACTIVATES_B_CELL_RECEPTOR_BCR_LEADING_TO_GENERATION_OF_SECOND_MESSENGERS	3.02322016177506e-59	6.92643868049874e-59	3.44802377394194	14.5904961249525	1.06133243058862e-16	1	7	13	2.88412799883589e-07	1	0	-5.85033418022391	0.168717066558356
FABP5	RXRA	R-HSA-9616222	REACTOME_TRANSCRIPTIONAL_REGULATION_OF_GRANULOPOIESIS	5.53333260652604e-59	1.26180668784332e-58	10.954974516912	1.61988488573837	1.57427109628194e-12	1	12	22	1.75885452380102e-05	1	0	5.03452567930648	3.45261027371506
FGR	LRP8	R-HSA-2187338	REACTOME_VISUAL_PHOTOTRANSDUCTION	3.76823159227736e-58	8.51341211588588e-58	6.10821312899508	1.24665645290537	7.11825007516792e-15	1	6	12	2.53266117102009e-07	1	0	-4.84642589144364	0.134838435738358
FGR	LRP8	R-HSA-6806667	REACTOME_METABOLISM_OF_FAT_SOLUBLE_VITAMINS	3.76823159227736e-58	8.51341211588588e-58	6.10821312899508	1.24665645290537	7.11825007516792e-15	1	6	12	2.53266117102009e-07	1	0	-4.84642589144364	0.134838435738358
CD22	PTPRC	R-HSA-202403	REACTOME_TCR_SIGNALING	7.0478550657336e-57	1.58495542492074e-56	14.5904961249525	16.7653659016281	3.893642120685e-13	1	19	36	0.00104012697599157	1	0	0.168717066558356	-5.95991795398381
SLPI	CD4	R-HSA-202403	REACTOME_TCR_SIGNALING	9.66542309308358e-57	2.16363599514898e-56	11.5333151850971	13.6375993932019	1.11074016003339e-15	1	19	35	0.00104012697599157	1	0	8.5626794377319	5.79173665608926
CAP1	ROBO1	R-HSA-373752	REACTOME_NETRIN_1_SIGNALING	2.07151608224195e-56	4.61598104170809e-56	5.30231581237547	7.40087996763933	1.03360135525728e-16	1	8	15	3.64480725747476e-06	1	0	6.58725125883721	3.96408434415491
ABCA1	RXRA	R-HSA-9616222	REACTOME_TRANSCRIPTIONAL_REGULATION_OF_GRANULOPOIESIS	1.54454427619776e-55	3.42608003083867e-55	2.74728736941636	1.61988488573837	4.39433445240232e-09	1	12	22	1.75885452380102e-05	1	0	7.0128577455292	3.45261027371506
TGFB1	SDC2	R-HSA-2682334	REACTOME_EPH_EPHRIN_SIGNALING	2.97608469445704e-55	6.57162593165175e-55	1.84299229844541	6.7853501472646	2.28654748700847e-15	1	4	9	1.07571605233273e-07	1	0	5.17534300196075	-6.28110613916856
TGFB1	SDC2	R-HSA-1793185	REACTOME_CHONDROITIN_SULFATE_DERMATAN_SULFATE_METABOLISM	1.22642806149431e-54	2.65998619559656e-54	1.84299229844541	6.7853501472646	2.28654748700847e-15	1	6	12	9.45844583869651e-07	1	0	5.17534300196075	-6.28110613916856
TGFB1	SDC2	R-HSA-1971475	REACTOME_A_TETRASACCHARIDE_LINKER_SEQUENCE_IS_REQUIRED_FOR_GAG_SYNTHESIS	1.22642806149431e-54	2.65998619559656e-54	1.84299229844541	6.7853501472646	2.28654748700847e-15	1	6	12	9.45844583869651e-07	1	0	5.17534300196075	-6.28110613916856
TGFB1	SDC2	R-HSA-3560782	REACTOME_DISEASES_ASSOCIATED_WITH_GLYCOSAMINOGLYCAN_METABOLISM	1.22642806149431e-54	2.65998619559656e-54	1.84299229844541	6.7853501472646	2.28654748700847e-15	1	6	12	9.45844583869651e-07	1	0	5.17534300196075	-6.28110613916856
TGFB1	SDC2	R-HSA-3560783	REACTOME_DEFECTIVE_B4GALT7_CAUSES_EDS_PROGEROID_TYPE	1.22642806149431e-54	2.65998619559656e-54	1.84299229844541	6.7853501472646	2.28654748700847e-15	1	6	12	9.45844583869651e-07	1	0	5.17534300196075	-6.28110613916856
TNFSF13	SDC2	R-HSA-2682334	REACTOME_EPH_EPHRIN_SIGNALING	1.86378465887204e-53	4.02445536959979e-53	1.20992860846779	6.7853501472646	1.4319592906768e-13	1	4	9	1.07571605233273e-07	1	0	-2.57729415663965	-6.28110613916856
TNFSF13	SDC2	R-HSA-1793185	REACTOME_CHONDROITIN_SULFATE_DERMATAN_SULFATE_METABOLISM	7.68055361623468e-53	1.62961311509675e-52	1.20992860846779	6.7853501472646	1.4319592906768e-13	1	6	12	9.45844583869651e-07	1	0	-2.57729415663965	-6.28110613916856
TNFSF13	SDC2	R-HSA-1971475	REACTOME_A_TETRASACCHARIDE_LINKER_SEQUENCE_IS_REQUIRED_FOR_GAG_SYNTHESIS	7.68055361623468e-53	1.62961311509675e-52	1.20992860846779	6.7853501472646	1.4319592906768e-13	1	6	12	9.45844583869651e-07	1	0	-2.57729415663965	-6.28110613916856
TNFSF13	SDC2	R-HSA-3560782	REACTOME_DISEASES_ASSOCIATED_WITH_GLYCOSAMINOGLYCAN_METABOLISM	7.68055361623468e-53	1.62961311509675e-52	1.20992860846779	6.7853501472646	1.4319592906768e-13	1	6	12	9.45844583869651e-07	1	0	-2.57729415663965	-6.28110613916856
TNFSF13	SDC2	R-HSA-3560783	REACTOME_DEFECTIVE_B4GALT7_CAUSES_EDS_PROGEROID_TYPE	7.68055361623468e-53	1.62961311509675e-52	1.20992860846779	6.7853501472646	1.4319592906768e-13	1	6	12	9.45844583869651e-07	1	0	-2.57729415663965	-6.28110613916856
B2M	TFRC	R-HSA-199992	REACTOME_TRANS_GOLGI_NETWORK_VESICLE_BUDDING	2.01004710978313e-52	4.24633328819987e-52	2.64186886128111	1.63276393267892	5.16905300617011e-10	1	17	31	0.000405168343910481	1	0	6.06732647295143	6.64679211208542
TGFB1	SDC2	R-HSA-2187338	REACTOME_VISUAL_PHOTOTRANSDUCTION	2.78794551379625e-52	5.83913051816554e-52	1.84299229844541	6.7853501472646	2.28654748700847e-15	1	6	11	2.53266117102009e-07	1	0	5.17534300196075	-6.28110613916856
TGFB1	SDC2	R-HSA-6806667	REACTOME_METABOLISM_OF_FAT_SOLUBLE_VITAMINS	2.78794551379625e-52	5.83913051816554e-52	1.84299229844541	6.7853501472646	2.28654748700847e-15	1	6	11	2.53266117102009e-07	1	0	5.17534300196075	-6.28110613916856
FABP5	RXRA	R-HSA-9839373	REACTOME_SIGNALING_BY_TGFBR3	1.01160379697065e-51	2.10966945693024e-51	10.954974516912	1.61988488573837	1.57427109628194e-12	1	14	26	0.000278974334394932	1	0	5.03452567930648	3.45261027371506
GNAS	ADCY1	R-HSA-9634597	REACTOME_GPER1_SIGNALING	1.08041840084203e-51	2.24359225366345e-51	4.03691496101728	10.6204928516965	9.5919449491343e-18	1	8	16	5.9847636273539e-05	1	0	-6.120008988169	5.30152224100833
VASP	ROBO1	R-HSA-373752	REACTOME_NETRIN_1_SIGNALING	4.01732404017274e-51	8.3070090322216e-51	1.4111491482633	7.40087996763933	2.00447952493627e-11	1	8	15	3.64480725747476e-06	1	0	4.44633488002104	3.96408434415491
FABP5	RXRA	R-HSA-5617472	REACTOME_ACTIVATION_OF_ANTERIOR_HOX_GENES_IN_HINDBRAIN_DEVELOPMENT_DURING_EARLY_EMBRYOGENESIS	9.81864198859514e-51	2.0073929630364e-50	10.954974516912	1.61988488573837	1.57427109628194e-12	1	22	40	0.00254214815230705	1	0	5.03452567930648	3.45261027371506
TGFB1	SDC2	R-HSA-2022928	REACTOME_HS_GAG_BIOSYNTHESIS	9.83128930667415e-51	2.0073929630364e-50	1.84299229844541	6.7853501472646	2.28654748700847e-15	1	5	10	5.23040464881362e-07	1	0	5.17534300196075	-6.28110613916856
TGFB1	SDC2	R-HSA-9820960	REACTOME_RESPIRATORY_SYNCYTIAL_VIRUS_RSV_ATTACHMENT_AND_ENTRY	9.83128930667415e-51	2.0073929630364e-50	1.84299229844541	6.7853501472646	2.28654748700847e-15	1	5	10	5.23040464881362e-07	1	0	5.17534300196075	-6.28110613916856
TNFSF13	SDC2	R-HSA-2187338	REACTOME_VISUAL_PHOTOTRANSDUCTION	1.74596176246676e-50	3.53539145262979e-50	1.20992860846779	6.7853501472646	1.4319592906768e-13	1	6	11	2.53266117102009e-07	1	0	-2.57729415663965	-6.28110613916856
TNFSF13	SDC2	R-HSA-6806667	REACTOME_METABOLISM_OF_FAT_SOLUBLE_VITAMINS	1.74596176246676e-50	3.53539145262979e-50	1.20992860846779	6.7853501472646	1.4319592906768e-13	1	6	11	2.53266117102009e-07	1	0	-2.57729415663965	-6.28110613916856
FABP5	RXRA	R-HSA-400253	REACTOME_CIRCADIAN_CLOCK	1.79631846143113e-50	3.62232813710078e-50	10.954974516912	1.61988488573837	1.57427109628194e-12	1	23	43	0.00419325848104175	1	0	5.03452567930648	3.45261027371506
TGFB1	SDC2	R-HSA-2024096	REACTOME_HS_GAG_DEGRADATION	3.99126664540892e-50	8.01538322205578e-50	1.84299229844541	6.7853501472646	2.28654748700847e-15	1	6	12	4.17310236397182e-06	1	0	5.17534300196075	-6.28110613916856
FABP5	RXRA	R-HSA-2151201	REACTOME_TRANSCRIPTIONAL_ACTIVATION_OF_MITOCHONDRIAL_BIOGENESIS	5.517926945744e-50	1.1035853891488e-49	10.954974516912	1.61988488573837	1.57427109628194e-12	1	13	24	0.000220196463282603	1	0	5.03452567930648	3.45261027371506
FABP5	RXRA	R-HSA-1655829	REACTOME_REGULATION_OF_CHOLESTEROL_BIOSYNTHESIS_BY_SREBP_SREBF	1.01968556918761e-49	2.03104717454512e-49	10.954974516912	1.61988488573837	1.57427109628194e-12	1	19	35	0.00175853257976359	1	0	5.03452567930648	3.45261027371506
SLPI	CD4	R-HSA-388841	REACTOME_COSTIMULATION_BY_THE_CD28_FAMILY	1.94299919550741e-49	3.85440490816103e-49	11.5333151850971	13.6375993932019	1.11074016003339e-15	1	10	19	0.000134207519636298	1	0	8.5626794377319	5.79173665608926
ADAM15	ITGA5	R-HSA-9634597	REACTOME_GPER1_SIGNALING	3.94366643334502e-49	7.79153530150756e-49	1.57334321293087	1.98593026329213	2.41308516858236e-11	1	10	19	5.30633607410123e-05	1	0	7.29491933691975	5.44744307422945
YWHAZ	CSF2RB	R-HSA-451927	REACTOME_INTERLEUKIN_2_FAMILY_SIGNALING	4.23442434930542e-49	8.33225436476229e-49	1.49758741796099	7.9467650959154	2.2226631573e-14	1	11	20	0.000100316373913772	1	0	4.88105716284841	-3.23987123357223
GNAS	ADCY9	R-HSA-9634597	REACTOME_GPER1_SIGNALING	4.75960830167766e-49	9.32806767557709e-49	4.03691496101728	2.67129200562162	4.2255760151395e-15	1	8	16	5.9847636273539e-05	1	0	-6.120008988169	5.27346430796081
TNFSF13	SDC2	R-HSA-2022928	REACTOME_HS_GAG_BIOSYNTHESIS	6.15688331076038e-49	1.19703548033907e-48	1.20992860846779	6.7853501472646	1.4319592906768e-13	1	5	10	5.23040464881362e-07	1	0	-2.57729415663965	-6.28110613916856
TNFSF13	SDC2	R-HSA-9820960	REACTOME_RESPIRATORY_SYNCYTIAL_VIRUS_RSV_ATTACHMENT_AND_ENTRY	6.15688331076038e-49	1.19703548033907e-48	1.20992860846779	6.7853501472646	1.4319592906768e-13	1	5	10	5.23040464881362e-07	1	0	-2.57729415663965	-6.28110613916856
CALM3	PLPP6	R-HSA-191273	REACTOME_CHOLESTEROL_BIOSYNTHESIS	1.17679312811957e-48	2.27886923223154e-48	1.37614203467764	1.7009192295396	4.55942198224674e-11	1	12	22	0.000112527090140296	1	0	1.03698414728734	3.42355577882615
TNFSF13	SDC2	R-HSA-2024096	REACTOME_HS_GAG_DEGRADATION	2.49954631903981e-48	4.82125930312817e-48	1.20992860846779	6.7853501472646	1.4319592906768e-13	1	6	12	4.17310236397182e-06	1	0	-2.57729415663965	-6.28110613916856
ABCA1	RXRA	R-HSA-9839373	REACTOME_SIGNALING_BY_TGFBR3	2.82373564991946e-48	5.42512991008149e-48	2.74728736941636	1.61988488573837	4.39433445240232e-09	1	14	26	0.000278974334394932	1	0	7.0128577455292	3.45261027371506
GNAS	ADCY1	R-HSA-1489509	REACTOME_DAG_AND_IP3_SIGNALING	1.01547566027135e-47	1.94334165573498e-47	4.03691496101728	10.6204928516965	9.5919449491343e-18	1	8	15	5.9847636273539e-05	1	0	-6.120008988169	5.30152224100833
ABCA1	RXRA	R-HSA-5617472	REACTOME_ACTIVATION_OF_ANTERIOR_HOX_GENES_IN_HINDBRAIN_DEVELOPMENT_DURING_EARLY_EMBRYOGENESIS	2.74072215822226e-47	5.22450161411118e-47	2.74728736941636	1.61988488573837	4.39433445240232e-09	1	22	40	0.00254214815230705	1	0	7.0128577455292	3.45261027371506
SPP1	ITGA5	R-HSA-9634597	REACTOME_GPER1_SIGNALING	3.35051097165525e-47	6.36205974384344e-47	1.64604929549555	1.98593026329213	2.05014000791543e-09	1	10	19	5.30633607410123e-05	1	0	-6.120008988169	5.44744307422945
ABCA1	RXRA	R-HSA-400253	REACTOME_CIRCADIAN_CLOCK	5.01414535348836e-47	9.48411989341984e-47	2.74728736941636	1.61988488573837	4.39433445240232e-09	1	23	43	0.00419325848104175	1	0	7.0128577455292	3.45261027371506
GNAS	ADCY1	R-HSA-111996	REACTOME_CA_DEPENDENT_EVENTS	5.37457681360118e-47	1.01266157723451e-46	4.03691496101728	10.6204928516965	9.5919449491343e-18	1	7	14	8.10744026099854e-05	1	0	-6.120008988169	5.30152224100833
C3	C3AR1	R-HSA-9660826	REACTOME_PURINERGIC_SIGNALING_IN_LEISHMANIASIS_INFECTION	5.49713535297404e-47	1.03177002009667e-46	3.90196335214493	3.55513202514291	7.46916103286588e-15	1	6	11	1.58624742745954e-06	1	0	7.73258194741264	-4.38808105150221
TNF	TNFRSF1B	R-HSA-6783783	REACTOME_INTERLEUKIN_10_SIGNALING	7.46793435997346e-47	1.39630343588776e-46	9.16114476241759	4.26698254473924	1.83618020078406e-17	1	7	13	2.18403539444182e-05	1	0	-3.54859108041153	1.60218998348799
FABP5	RXRA	R-HSA-381340	REACTOME_TRANSCRIPTIONAL_REGULATION_OF_WHITE_ADIPOCYTE_DIFFERENTIATION	7.96832519767101e-47	1.48417660170361e-46	10.954974516912	1.61988488573837	1.57427109628194e-12	1	15	29	0.00154251838654207	1	0	5.03452567930648	3.45261027371506
FABP5	RXRA	R-HSA-9024446	REACTOME_NR1H2_AND_NR1H3_MEDIATED_SIGNALING	1.03962594602573e-46	1.92903977817702e-46	10.954974516912	1.61988488573837	1.57427109628194e-12	1	16	30	0.00149929339255149	1	0	5.03452567930648	3.45261027371506
GNAS	ADCY1	R-HSA-9660821	REACTOME_ADORA2B_MEDIATED_ANTI_INFLAMMATORY_CYTOKINES_PRODUCTION	1.15161203372425e-46	2.1287373956721e-46	4.03691496101728	10.6204928516965	9.5919449491343e-18	1	8	15	8.10744026099854e-05	1	0	-6.120008988169	5.30152224100833
ABCA1	RXRA	R-HSA-2151201	REACTOME_TRANSCRIPTIONAL_ACTIVATION_OF_MITOCHONDRIAL_BIOGENESIS	1.54024402409402e-46	2.83637390097313e-46	2.74728736941636	1.61988488573837	4.39433445240232e-09	1	13	24	0.000220196463282603	1	0	7.0128577455292	3.45261027371506
ADAM15	ITGA5	R-HSA-1566948	REACTOME_ELASTIC_FIBRE_FORMATION	1.96479379299113e-46	3.60458410142734e-46	1.57334321293087	1.98593026329213	2.41308516858236e-11	1	6	11	5.10133546184388e-07	1	0	7.29491933691975	5.44744307422945
ADAM28	ITGA4	R-HSA-216083	REACTOME_INTEGRIN_CELL_SURFACE_INTERACTIONS	2.60359258636788e-46	4.75862615036526e-46	12.2754447891409	12.7164730424749	8.10942860612678e-13	1	4	9	1.2504053225507e-06	1	0	6.9432828998599	-4.74471901436337
ABCA1	RXRA	R-HSA-1655829	REACTOME_REGULATION_OF_CHOLESTEROL_BIOSYNTHESIS_BY_SREBP_SREBF	2.84629466797763e-46	5.18280521631747e-46	2.74728736941636	1.61988488573837	4.39433445240232e-09	1	19	35	0.00175853257976359	1	0	7.0128577455292	3.45261027371506
ADAM15	ITGA5	R-HSA-216083	REACTOME_INTEGRIN_CELL_SURFACE_INTERACTIONS	4.31592042907655e-46	7.82962516501619e-46	1.57334321293087	1.98593026329213	2.41308516858236e-11	1	5	10	6.63305724347615e-07	1	0	7.29491933691975	5.44744307422945
CALM3	ABCA1	R-HSA-9024446	REACTOME_NR1H2_AND_NR1H3_MEDIATED_SIGNALING	5.85179073058196e-46	1.05765699130518e-45	1.37614203467764	2.74728736941636	1.27670806496715e-08	1	14	27	0.000648028638421138	1	0	1.03698414728734	7.0128577455292
B2M	TFRC	R-HSA-9013149	REACTOME_RAC1_GTPASE_CYCLE	6.02799490404935e-46	1.08548395320151e-45	2.64186886128111	1.63276393267892	5.16905300617011e-10	1	11	20	7.58658429677548e-05	1	0	6.06732647295143	6.64679211208542
RPS19	C5AR1	R-HSA-166658	REACTOME_COMPLEMENT_CASCADE	9.16030848176659e-46	1.64346710996401e-45	7.1407250281743	14.5819898170058	4.60491067910861e-19	1	3	6	1.0731228089587e-07	1	0	-3.22621169310118	2.99592792370149
YWHAZ	CSF2RB	R-HSA-512988	REACTOME_INTERLEUKIN_3_INTERLEUKIN_5_AND_GM_CSF_SIGNALING	1.58897518975782e-45	2.84036590696636e-45	1.49758741796099	7.9467650959154	2.2226631573e-14	1	14	27	0.00179633496848569	1	0	4.88105716284841	-3.23987123357223
GNAS	ADCY9	R-HSA-1489509	REACTOME_DAG_AND_IP3_SIGNALING	4.47351357493753e-45	7.96742563711501e-45	4.03691496101728	2.67129200562162	4.2255760151395e-15	1	8	15	5.9847636273539e-05	1	0	-6.120008988169	5.27346430796081
TGFB1	SDC2	R-HSA-3656237	REACTOME_DEFECTIVE_EXT2_CAUSES_EXOSTOSES_2	5.01238163782497e-45	8.83047739804543e-45	1.84299229844541	6.7853501472646	2.28654748700847e-15	1	4	8	5.23040464881362e-07	1	0	5.17534300196075	-6.28110613916856
TGFB1	SDC2	R-HSA-9694614	REACTOME_ATTACHMENT_AND_ENTRY	5.01238163782497e-45	8.83047739804543e-45	1.84299229844541	6.7853501472646	2.28654748700847e-15	1	4	8	5.23040464881362e-07	1	0	5.17534300196075	-6.28110613916856
TGFB1	SDC2	R-HSA-9772572	REACTOME_EARLY_SARS_COV_2_INFECTION_EVENTS	5.01238163782497e-45	8.83047739804543e-45	1.84299229844541	6.7853501472646	2.28654748700847e-15	1	4	8	5.23040464881362e-07	1	0	5.17534300196075	-6.28110613916856
YWHAZ	CSF2RA	R-HSA-451927	REACTOME_INTERLEUKIN_2_FAMILY_SIGNALING	9.27292559268182e-45	1.62776535583767e-44	1.49758741796099	1.61065954742238	4.86738889989118e-10	1	11	20	0.000100316373913772	1	0	4.88105716284841	5.0461084914837
SPP1	ITGA5	R-HSA-1566948	REACTOME_ELASTIC_FIBRE_FORMATION	1.66927484150154e-44	2.91973520664068e-44	1.64604929549555	1.98593026329213	2.05014000791543e-09	1	6	11	5.10133546184388e-07	1	0	-6.120008988169	5.44744307422945
GNAS	ADCY9	R-HSA-111996	REACTOME_CA_DEPENDENT_EVENTS	2.36768277919774e-44	4.12653284374463e-44	4.03691496101728	2.67129200562162	4.2255760151395e-15	1	7	14	8.10744026099854e-05	1	0	-6.120008988169	5.27346430796081
S100A9	TLR4	R-HSA-9833110	REACTOME_RSV_HOST_INTERACTIONS	2.70501135192865e-44	4.69767095993302e-44	18.4614532792056	4.75870695306939	3.7837778152637e-13	1	14	27	0.00179633496848569	1	0	0.779560169435325	-6.28110613916856
SPP1	ITGA5	R-HSA-216083	REACTOME_INTEGRIN_CELL_SURFACE_INTERACTIONS	3.66677532058577e-44	6.34534168952432e-44	1.64604929549555	1.98593026329213	2.05014000791543e-09	1	5	10	6.63305724347615e-07	1	0	-6.120008988169	5.44744307422945
CALM3	PDE1B	R-HSA-1489509	REACTOME_DAG_AND_IP3_SIGNALING	3.91627466753737e-44	6.75315207688422e-44	1.37614203467764	5.83532862214754	3.69922121094165e-14	1	8	15	5.9847636273539e-05	1	0	1.03698414728734	4.47062213677901
GNAS	ADCY9	R-HSA-9660821	REACTOME_ADORA2B_MEDIATED_ANTI_INFLAMMATORY_CYTOKINES_PRODUCTION	5.07324032222517e-44	8.71739886354184e-44	4.03691496101728	2.67129200562162	4.2255760151395e-15	1	8	15	8.10744026099854e-05	1	0	-6.120008988169	5.27346430796081
TGFB1	ACVRL1	R-HSA-201451	REACTOME_SIGNALING_BY_BMP	5.66867773584122e-44	9.70636749154566e-44	1.84299229844541	6.33927201871904	7.08560796220591e-15	1	9	17	0.000190444467261493	1	0	5.17534300196075	1.35028737193141
CALM3	PDE1B	R-HSA-111996	REACTOME_CA_DEPENDENT_EVENTS	2.07275465550947e-43	3.53672822338679e-43	1.37614203467764	5.83532862214754	3.69922121094165e-14	1	7	14	8.10744026099854e-05	1	0	1.03698414728734	4.47062213677901
ABCA1	RXRA	R-HSA-381340	REACTOME_TRANSCRIPTIONAL_REGULATION_OF_WHITE_ADIPOCYTE_DIFFERENTIATION	2.22423482377143e-43	3.78197419512355e-43	2.74728736941636	1.61988488573837	4.39433445240232e-09	1	15	29	0.00154251838654207	1	0	7.0128577455292	3.45261027371506
ABCA1	RXRA	R-HSA-9024446	REACTOME_NR1H2_AND_NR1H3_MEDIATED_SIGNALING	2.90195514801857e-43	4.91720177858702e-43	2.74728736941636	1.61988488573837	4.39433445240232e-09	1	16	30	0.00149929339255149	1	0	7.0128577455292	3.45261027371506
TNFSF13	SDC2	R-HSA-3656237	REACTOME_DEFECTIVE_EXT2_CAUSES_EXOSTOSES_2	3.13902356958777e-43	5.26406701704065e-43	1.20992860846779	6.7853501472646	1.4319592906768e-13	1	4	8	5.23040464881362e-07	1	0	-2.57729415663965	-6.28110613916856
TNFSF13	SDC2	R-HSA-9694614	REACTOME_ATTACHMENT_AND_ENTRY	3.13902356958777e-43	5.26406701704065e-43	1.20992860846779	6.7853501472646	1.4319592906768e-13	1	4	8	5.23040464881362e-07	1	0	-2.57729415663965	-6.28110613916856
TNFSF13	SDC2	R-HSA-9772572	REACTOME_EARLY_SARS_COV_2_INFECTION_EVENTS	3.13902356958777e-43	5.26406701704065e-43	1.20992860846779	6.7853501472646	1.4319592906768e-13	1	4	8	5.23040464881362e-07	1	0	-2.57729415663965	-6.28110613916856
UBC	TLR4	R-HSA-9833110	REACTOME_RSV_HOST_INTERACTIONS	4.61872773645e-43	7.71896964173836e-43	3.32450962235125	4.75870695306939	6.46068990855149e-12	1	14	27	0.00179633496848569	1	0	-2.4901804903753	-6.28110613916856
B2M	TFRC	R-HSA-9013148	REACTOME_CDC42_GTPASE_CYCLE	4.92091677588041e-43	8.19592964720014e-43	2.64186886128111	1.63276393267892	5.16905300617011e-10	1	8	16	7.58658429677548e-05	1	0	6.06732647295143	6.64679211208542
GNAS	ADCY1	R-HSA-418597	REACTOME_G_ALPHA_Z_SIGNALLING_EVENTS	5.64675164797972e-43	9.3095094736963e-43	4.03691496101728	10.6204928516965	9.5919449491343e-18	1	4	9	2.9803984896771e-05	1	0	-6.120008988169	5.30152224100833
GNAS	ADCY1	R-HSA-977443	REACTOME_GABA_RECEPTOR_ACTIVATION	5.64675164797972e-43	9.3095094736963e-43	4.03691496101728	10.6204928516965	9.5919449491343e-18	1	4	9	2.9803984896771e-05	1	0	-6.120008988169	5.30152224100833
GNAS	ADCY1	R-HSA-977444	REACTOME_GABA_B_RECEPTOR_ACTIVATION	5.64675164797972e-43	9.3095094736963e-43	4.03691496101728	10.6204928516965	9.5919449491343e-18	1	4	9	2.9803984896771e-05	1	0	-6.120008988169	5.30152224100833
SPP1	ITGA4	R-HSA-216083	REACTOME_INTEGRIN_CELL_SURFACE_INTERACTIONS	7.0854094641046e-43	1.1642019590852e-42	1.64604929549555	12.7164730424749	2.20689759585191e-09	1	4	9	1.2504053225507e-06	1	0	-6.120008988169	-4.74471901436337
FABP5	RXRA	R-HSA-9029569	REACTOME_NR1H3_NR1H2_REGULATE_GENE_EXPRESSION_LINKED_TO_CHOLESTEROL_TRANSPORT_AND_EFFLUX	1.27002522968418e-42	2.07977285934859e-42	10.954974516912	1.61988488573837	1.57427109628194e-12	1	13	25	0.00147592911156944	1	0	5.03452567930648	3.45261027371506
C5	C5AR1	R-HSA-166658	REACTOME_COMPLEMENT_CASCADE	1.54628949032902e-42	2.52370993739318e-42	8.77007198720716	14.5819898170058	7.77323711442991e-16	1	3	6	1.0731228089587e-07	1	0	-6.28110613916856	2.99592792370149
FABP5	RXRA	R-HSA-2426168	REACTOME_ACTIVATION_OF_GENE_EXPRESSION_BY_SREBF_SREBP	4.49821575279228e-42	7.31709762454211e-42	10.954974516912	1.61988488573837	1.57427109628194e-12	1	14	26	0.00154251838654207	1	0	5.03452567930648	3.45261027371506
B2M	TYROBP	R-HSA-2172127	REACTOME_DAP12_INTERACTIONS	6.78305631546223e-42	1.09607002713429e-41	2.64186886128111	10.5526058596651	2.13959435742746e-15	1	10	19	0.000714177871113554	1	0	6.06732647295143	3.07222690498282
B2M	TYROBP	R-HSA-2424491	REACTOME_DAP12_SIGNALING	6.78305631546223e-42	1.09607002713429e-41	2.64186886128111	10.5526058596651	2.13959435742746e-15	1	10	19	0.000714177871113554	1	0	6.06732647295143	3.07222690498282
C3	C5AR2	R-HSA-166658	REACTOME_COMPLEMENT_CASCADE	1.38007672307853e-41	2.22269782462813e-41	3.90196335214493	5.33057261344698	6.93768125030212e-15	1	3	6	1.0731228089587e-07	1	0	7.73258194741264	4.53400340033076
C3	C3AR1	R-HSA-166658	REACTOME_COMPLEMENT_CASCADE	1.48580122240908e-41	2.38510196228825e-41	3.90196335214493	3.55513202514291	7.46916103286588e-15	1	3	6	1.0731228089587e-07	1	0	7.73258194741264	-4.38808105150221
B2M	TYROBP	R-HSA-391160	REACTOME_SIGNAL_REGULATORY_PROTEIN_FAMILY_INTERACTIONS	1.93035693908385e-41	3.08857110253415e-41	2.64186886128111	10.5526058596651	2.13959435742746e-15	1	3	7	3.36215602246692e-06	1	0	6.06732647295143	3.07222690498282
YWHAZ	CSF2RA	R-HSA-512988	REACTOME_INTERLEUKIN_3_INTERLEUKIN_5_AND_GM_CSF_SIGNALING	3.47968164920898e-41	5.54929622488229e-41	1.49758741796099	1.61065954742238	4.86738889989118e-10	1	14	27	0.00179633496848569	1	0	4.88105716284841	5.0461084914837
GNAS	ADCY1	R-HSA-164378	REACTOME_PKA_ACTIVATION_IN_GLUCAGON_SIGNALLING	9.25377360575336e-41	1.47095814970933e-40	4.03691496101728	10.6204928516965	9.5919449491343e-18	1	5	10	5.9847636273539e-05	1	0	-6.120008988169	5.30152224100833
GNAS	ADCY1	R-HSA-163359	REACTOME_GLUCAGON_SIGNALING_IN_METABOLIC_REGULATION	2.03572575974797e-40	3.19432209246627e-40	4.03691496101728	10.6204928516965	9.5919449491343e-18	1	6	11	5.9847636273539e-05	1	0	-6.120008988169	5.30152224100833
GNAS	ADCY1	R-HSA-432040	REACTOME_VASOPRESSIN_REGULATES_RENAL_WATER_HOMEOSTASIS_VIA_AQUAPORINS	2.03572575974797e-40	3.19432209246627e-40	4.03691496101728	10.6204928516965	9.5919449491343e-18	1	6	11	5.9847636273539e-05	1	0	-6.120008988169	5.30152224100833
GNAS	ADCY1	R-HSA-445717	REACTOME_AQUAPORIN_MEDIATED_TRANSPORT	2.03572575974797e-40	3.19432209246627e-40	4.03691496101728	10.6204928516965	9.5919449491343e-18	1	6	11	5.9847636273539e-05	1	0	-6.120008988169	5.30152224100833
GNAS	ADCY1	R-HSA-111931	REACTOME_PKA_MEDIATED_PHOSPHORYLATION_OF_CREB	2.03572575974797e-40	3.19432209246627e-40	4.03691496101728	10.6204928516965	9.5919449491343e-18	1	6	11	5.9847636273539e-05	1	0	-6.120008988169	5.30152224100833
GNAS	ADCY9	R-HSA-418597	REACTOME_G_ALPHA_Z_SIGNALLING_EVENTS	2.48758499487698e-40	3.86605566082793e-40	4.03691496101728	2.67129200562162	4.2255760151395e-15	1	4	9	2.9803984896771e-05	1	0	-6.120008988169	5.27346430796081
GNAS	ADCY9	R-HSA-977443	REACTOME_GABA_RECEPTOR_ACTIVATION	2.48758499487698e-40	3.86605566082793e-40	4.03691496101728	2.67129200562162	4.2255760151395e-15	1	4	9	2.9803984896771e-05	1	0	-6.120008988169	5.27346430796081
GNAS	ADCY9	R-HSA-977444	REACTOME_GABA_B_RECEPTOR_ACTIVATION	2.48758499487698e-40	3.86605566082793e-40	4.03691496101728	2.67129200562162	4.2255760151395e-15	1	4	9	2.9803984896771e-05	1	0	-6.120008988169	5.27346430796081
FABP5	RXRA	R-HSA-383280	REACTOME_NUCLEAR_RECEPTOR_TRANSCRIPTION_PATHWAY	3.33168806081226e-40	5.16147229738534e-40	10.954974516912	1.61988488573837	1.57427109628194e-12	1	9	18	0.000587000113970713	1	0	5.03452567930648	3.45261027371506
FABP5	RXRA	R-HSA-9707564	REACTOME_CYTOPROTECTION_BY_HMOX1	6.75582372531268e-40	1.04330442340272e-39	10.954974516912	1.61988488573837	1.57427109628194e-12	1	11	20	0.000545525999773964	1	0	5.03452567930648	3.45261027371506
PTDSS1	SCARB1	R-HSA-174824	REACTOME_PLASMA_LIPOPROTEIN_ASSEMBLY_REMODELING_AND_CLEARANCE	6.96715545257431e-40	1.07254632834582e-39	2.27231617786553	2.28734520746692	1.66215610269723e-12	1	13	25	0.00238947430952812	1	0	-2.55658325092873	4.99043951871569
TYROBP	TREM2	R-HSA-2172127	REACTOME_DAP12_INTERACTIONS	1.62306481731412e-39	2.48293301206674e-39	10.5526058596651	19.3982662358995	6.25827310646756e-17	1	9	18	0.00189618972074245	1	0	3.07222690498282	2.84334725273609
TYROBP	TREM2	R-HSA-2424491	REACTOME_DAP12_SIGNALING	1.62306481731412e-39	2.48293301206674e-39	10.5526058596651	19.3982662358995	6.25827310646756e-17	1	9	18	0.00189618972074245	1	0	3.07222690498282	2.84334725273609
ABCA1	RXRA	R-HSA-9029569	REACTOME_NR1H3_NR1H2_REGULATE_GENE_EXPRESSION_LINKED_TO_CHOLESTEROL_TRANSPORT_AND_EFFLUX	3.54507913878503e-39	5.40624568664717e-39	2.74728736941636	1.61988488573837	4.39433445240232e-09	1	13	25	0.00147592911156944	1	0	7.0128577455292	3.45261027371506
SDCBP	EPHB6	R-HSA-3928664	REACTOME_EPHRIN_SIGNALING	4.6898714018632e-39	7.10763119288584e-39	1.13299616453332	8.88750635166492	1.27313188032329e-09	1	7	13	2.15336202936366e-05	1	0	5.23563890688455	1.29128897961476
SDCBP	EPHB6	R-HSA-3928665	REACTOME_EPH_EPHRIN_MEDIATED_REPULSION_OF_CELLS	4.6898714018632e-39	7.10763119288584e-39	1.13299616453332	8.88750635166492	1.27313188032329e-09	1	7	13	2.15336202936366e-05	1	0	5.23563890688455	1.29128897961476
CALM3	ABCA1	R-HSA-9029569	REACTOME_NR1H3_NR1H2_REGULATE_GENE_EXPRESSION_LINKED_TO_CHOLESTEROL_TRANSPORT_AND_EFFLUX	4.99166448010418e-39	7.54158596374873e-39	1.37614203467764	2.74728736941636	1.27670806496715e-08	1	12	22	0.000506027474411073	1	0	1.03698414728734	7.0128577455292
C5	C5AR2	R-HSA-166658	REACTOME_COMPLEMENT_CASCADE	5.02811753915942e-39	7.57321407132654e-39	8.77007198720716	5.33057261344698	2.52764764396048e-12	1	3	6	1.0731228089587e-07	1	0	-6.28110613916856	4.53400340033076
CALM3	INSR	R-HSA-74751	REACTOME_INSULIN_RECEPTOR_SIGNALLING_CASCADE	7.08450792885636e-39	1.06050302738709e-38	1.37614203467764	1.47390987082155	3.39626738976039e-10	1	13	25	0.00189618972074245	1	0	1.03698414728734	6.20418766483912
CALM3	INSR	R-HSA-74752	REACTOME_SIGNALING_BY_INSULIN_RECEPTOR	7.08450792885636e-39	1.06050302738709e-38	1.37614203467764	1.47390987082155	3.39626738976039e-10	1	13	25	0.00189618972074245	1	0	1.03698414728734	6.20418766483912
ABCA1	RXRA	R-HSA-2426168	REACTOME_ACTIVATION_OF_GENE_EXPRESSION_BY_SREBF_SREBP	1.25560740481853e-38	1.87381166223683e-38	2.74728736941636	1.61988488573837	4.39433445240232e-09	1	14	26	0.00154251838654207	1	0	7.0128577455292	3.45261027371506
B2M	TFRC	R-HSA-432722	REACTOME_GOLGI_ASSOCIATED_VESICLE_BIOGENESIS	3.4593795232622e-38	5.14688172973157e-38	2.64186886128111	1.63276393267892	5.16905300617011e-10	1	11	21	0.000860379127799624	1	0	6.06732647295143	6.64679211208542
GNAS	ADCY9	R-HSA-164378	REACTOME_PKA_ACTIVATION_IN_GLUCAGON_SIGNALLING	4.0766001061684e-38	6.04675030945344e-38	4.03691496101728	2.67129200562162	4.2255760151395e-15	1	5	10	5.9847636273539e-05	1	0	-6.120008988169	5.27346430796081
TNF	TNFRSF1B	R-HSA-5668541	REACTOME_TNFR2_NON_CANONICAL_NF_KB_PATHWAY	8.75069787860428e-38	1.29404259538148e-37	9.16114476241759	4.26698254473924	1.83618020078406e-17	1	12	22	0.00419325848104175	1	0	-3.54859108041153	1.60218998348799
GNAS	ADCY9	R-HSA-163359	REACTOME_GLUCAGON_SIGNALING_IN_METABOLIC_REGULATION	8.96806016861995e-38	1.3103034018822e-37	4.03691496101728	2.67129200562162	4.2255760151395e-15	1	6	11	5.9847636273539e-05	1	0	-6.120008988169	5.27346430796081
GNAS	ADCY9	R-HSA-432040	REACTOME_VASOPRESSIN_REGULATES_RENAL_WATER_HOMEOSTASIS_VIA_AQUAPORINS	8.96806016861995e-38	1.3103034018822e-37	4.03691496101728	2.67129200562162	4.2255760151395e-15	1	6	11	5.9847636273539e-05	1	0	-6.120008988169	5.27346430796081
GNAS	ADCY9	R-HSA-445717	REACTOME_AQUAPORIN_MEDIATED_TRANSPORT	8.96806016861995e-38	1.3103034018822e-37	4.03691496101728	2.67129200562162	4.2255760151395e-15	1	6	11	5.9847636273539e-05	1	0	-6.120008988169	5.27346430796081
GNAS	ADCY9	R-HSA-111931	REACTOME_PKA_MEDIATED_PHOSPHORYLATION_OF_CREB	8.96806016861995e-38	1.3103034018822e-37	4.03691496101728	2.67129200562162	4.2255760151395e-15	1	6	11	5.9847636273539e-05	1	0	-6.120008988169	5.27346430796081
HBEGF	PRLR	R-HSA-982772	REACTOME_GROWTH_HORMONE_RECEPTOR_SIGNALING	1.46853643435825e-37	2.13924113422934e-37	2.66725447312726	14.9132583993494	7.18852077977428e-12	1	7	14	0.000226022502469942	1	0	5.82503188508927	-1.16583921987155
S100A9	TLR4	R-HSA-5260271	REACTOME_DISEASES_OF_IMMUNE_SYSTEM	1.56371683968366e-37	2.27111255287389e-37	18.4614532792056	4.75870695306939	3.7837778152637e-13	1	8	15	0.000299268903750029	1	0	0.779560169435325	-6.28110613916856
TGFB1	SDC2	R-HSA-3000170	REACTOME_SYNDECAN_INTERACTIONS	2.81341037262945e-37	4.07401858113701e-37	1.84299229844541	6.7853501472646	2.28654748700847e-15	1	4	8	1.8551413035888e-05	1	0	5.17534300196075	-6.28110613916856
B2M	TREM2	R-HSA-2172127	REACTOME_DAP12_INTERACTIONS	6.35504737878101e-37	9.14826879305349e-37	2.64186886128111	19.3982662358995	2.45040257645207e-14	1	9	18	0.00189618972074245	1	0	6.06732647295143	2.84334725273609
B2M	TREM2	R-HSA-2424491	REACTOME_DAP12_SIGNALING	6.35504737878101e-37	9.14826879305349e-37	2.64186886128111	19.3982662358995	2.45040257645207e-14	1	9	18	0.00189618972074245	1	0	6.06732647295143	2.84334725273609
ABCA1	RXRA	R-HSA-383280	REACTOME_NUCLEAR_RECEPTOR_TRANSCRIPTION_PATHWAY	9.2998922897475e-37	1.33480806982258e-36	2.74728736941636	1.61988488573837	4.39433445240232e-09	1	9	18	0.000587000113970713	1	0	7.0128577455292	3.45261027371506
ABCA1	RXRA	R-HSA-9707564	REACTOME_CYTOPROTECTION_BY_HMOX1	1.8857837776869e-36	2.69871696044342e-36	2.74728736941636	1.61988488573837	4.39433445240232e-09	1	11	20	0.000545525999773964	1	0	7.0128577455292	3.45261027371506
UBC	TLR4	R-HSA-5260271	REACTOME_DISEASES_OF_IMMUNE_SYSTEM	2.67000075036705e-36	3.8098256321027e-36	3.32450962235125	4.75870695306939	6.46068990855149e-12	1	8	15	0.000299268903750029	1	0	-2.4901804903753	-6.28110613916856
FABP5	RXRA	R-HSA-211859	REACTOME_BIOLOGICAL_OXIDATIONS	5.16430224098308e-36	7.32610317906902e-36	10.954974516912	1.61988488573837	1.57427109628194e-12	1	5	10	4.99993717797942e-05	1	0	5.03452567930648	3.45261027371506
FABP5	RXRA	R-HSA-211945	REACTOME_PHASE_I_FUNCTIONALIZATION_OF_COMPOUNDS	5.16430224098308e-36	7.32610317906902e-36	10.954974516912	1.61988488573837	1.57427109628194e-12	1	5	10	4.99993717797942e-05	1	0	5.03452567930648	3.45261027371506
CALM3	ABCA1	R-HSA-174824	REACTOME_PLASMA_LIPOPROTEIN_ASSEMBLY_REMODELING_AND_CLEARANCE	5.35149709569834e-36	7.56965386290084e-36	1.37614203467764	2.74728736941636	1.27670806496715e-08	1	13	25	0.00238947430952812	1	0	1.03698414728734	7.0128577455292
ARTN	RET	R-HSA-8853659	REACTOME_RET_SIGNALING	8.40707086535366e-36	1.18573716251231e-35	4.58892495886839	6.41002451711292	3.65450040204314e-16	1	8	15	0.00117369475898136	1	0	1.83917662031855	5.41766982254419
B2M	TFRC	R-HSA-9013404	REACTOME_RAC2_GTPASE_CYCLE	1.28256475295727e-35	1.80372218859697e-35	2.64186886128111	1.63276393267892	5.16905300617011e-10	1	7	13	7.58658429677548e-05	1	0	6.06732647295143	6.64679211208542
TNFSF13	SDC2	R-HSA-3000170	REACTOME_SYNDECAN_INTERACTIONS	1.76190922972872e-35	2.47072328766556e-35	1.20992860846779	6.7853501472646	1.4319592906768e-13	1	4	8	1.8551413035888e-05	1	0	-2.57729415663965	-6.28110613916856
ALOX5AP	ALOX5	R-HSA-2142753	REACTOME_ARACHIDONIC_ACID_METABOLISM	1.87837319815895e-35	2.62649318252598e-35	19.9260191536905	11.7588226664529	9.92774565154176e-17	1	3	7	9.79392035384827e-05	1	0	7.59378297672866	2.76840122306202
GNAS	ADCY1	R-HSA-170660	REACTOME_ADENYLATE_CYCLASE_ACTIVATING_PATHWAY	8.09740784386131e-35	1.12901000794409e-34	4.03691496101728	10.6204928516965	9.5919449491343e-18	1	2	4	1.28270440935985e-06	1	0	-6.120008988169	5.30152224100833
GNAS	ADCY1	R-HSA-170670	REACTOME_ADENYLATE_CYCLASE_INHIBITORY_PATHWAY	1.13520570506651e-34	1.57829169251412e-34	4.03691496101728	10.6204928516965	9.5919449491343e-18	1	3	6	2.9803984896771e-05	1	0	-6.120008988169	5.30152224100833
TGFB1	CXCR4	R-HSA-380108	REACTOME_CHEMOKINE_RECEPTORS_BIND_CHEMOKINES	1.68005392898413e-34	2.32916567427345e-34	1.84299229844541	3.44516913247212	1.43005691602024e-12	1	3	7	2.23641995459457e-05	1	0	5.17534300196075	4.79417900357321
FABP5	RXRA	R-HSA-9839394	REACTOME_TGFBR3_EXPRESSION	3.13783459420152e-34	4.33785632286216e-34	10.954974516912	1.61988488573837	1.57427109628194e-12	1	8	15	0.000648028638421138	1	0	5.03452567930648	3.45261027371506
TNFSF14	LTBR	R-HSA-5668541	REACTOME_TNFR2_NON_CANONICAL_NF_KB_PATHWAY	5.34967758654865e-34	7.37469678597667e-34	10.9830187501541	1.31342806057338	1.12253584814262e-13	1	12	22	0.00419325848104175	1	0	-2.09553905300913	1.07176657123412
CALM3	PDE1B	R-HSA-418346	REACTOME_PLATELET_HOMEOSTASIS	8.42160973055129e-34	1.15767480239691e-33	1.37614203467764	5.83532862214754	3.69922121094165e-14	1	3	7	6.41242629094304e-05	1	0	1.03698414728734	4.47062213677901
ADAM15	ITGA5	R-HSA-445144	REACTOME_SIGNAL_TRANSDUCTION_BY_L1	1.29526713275422e-33	1.77553472130354e-33	1.57334321293087	1.98593026329213	2.41308516858236e-11	1	8	15	0.000549972003389108	1	0	7.29491933691975	5.44744307422945
B2M	TFRC	R-HSA-9013408	REACTOME_RHOG_GTPASE_CYCLE	2.36629039333735e-33	3.22555785460511e-33	2.64186886128111	1.63276393267892	5.16905300617011e-10	1	5	10	5.2855000009592e-05	1	0	6.06732647295143	6.64679211208542
FABP5	RXRA	R-HSA-9843743	REACTOME_TRANSCRIPTIONAL_REGULATION_OF_BROWN_AND_BEIGE_ADIPOCYTE_DIFFERENTIATION	2.36509716820803e-33	3.22555785460511e-33	10.954974516912	1.61988488573837	1.57427109628194e-12	1	6	11	0.000121728520904066	1	0	5.03452567930648	3.45261027371506
TGFB1	SDC2	R-HSA-9833110	REACTOME_RSV_HOST_INTERACTIONS	3.98737429768336e-33	5.42016339072278e-33	1.84299229844541	6.7853501472646	2.28654748700847e-15	1	1	2	1.32054559212646e-09	1	0	5.17534300196075	-6.28110613916856
SLPI	CD4	R-HSA-389948	REACTOME_PD_1_SIGNALING	5.30841721237652e-33	7.19585444344373e-33	11.5333151850971	13.6375993932019	1.11074016003339e-15	1	2	4	1.06111953402645e-06	1	0	8.5626794377319	5.79173665608926
ABCA1	RXRA	R-HSA-211859	REACTOME_BIOLOGICAL_OXIDATIONS	1.44153515323806e-32	1.94328495795629e-32	2.74728736941636	1.61988488573837	4.39433445240232e-09	1	5	10	4.99993717797942e-05	1	0	7.0128577455292	3.45261027371506
ABCA1	RXRA	R-HSA-211945	REACTOME_PHASE_I_FUNCTIONALIZATION_OF_COMPOUNDS	1.44153515323806e-32	1.94328495795629e-32	2.74728736941636	1.61988488573837	4.39433445240232e-09	1	5	10	4.99993717797942e-05	1	0	7.0128577455292	3.45261027371506
SLPI	CD4	R-HSA-202433	REACTOME_GENERATION_OF_SECOND_MESSENGER_MOLECULES	2.51431263266471e-32	3.38012276787983e-32	11.5333151850971	13.6375993932019	1.11074016003339e-15	1	3	6	3.50497540502689e-05	1	0	8.5626794377319	5.79173665608926
S100A9	TLR4	R-HSA-1236975	REACTOME_ANTIGEN_PROCESSING_CROSS_PRESENTATION	2.69917584310131e-32	3.61867530613582e-32	18.4614532792056	4.75870695306939	3.7837778152637e-13	1	9	18	0.00419325848104175	1	0	0.779560169435325	-6.28110613916856
FABP5	RXRA	R-HSA-211897	REACTOME_CYTOCHROME_P450_ARRANGED_BY_SUBSTRATE_TYPE	2.75445701868328e-32	3.68267130169162e-32	10.954974516912	1.61988488573837	1.57427109628194e-12	1	4	8	4.99993717797942e-05	1	0	5.03452567930648	3.45261027371506
GNAS	ADCY9	R-HSA-170660	REACTOME_ADENYLATE_CYCLASE_ACTIVATING_PATHWAY	3.56718189598356e-32	4.75624252797808e-32	4.03691496101728	2.67129200562162	4.2255760151395e-15	1	2	4	1.28270440935985e-06	1	0	-6.120008988169	5.27346430796081
GNAS	ADCY9	R-HSA-170670	REACTOME_ADENYLATE_CYCLASE_INHIBITORY_PATHWAY	5.00096489816855e-32	6.64978438775546e-32	4.03691496101728	2.67129200562162	4.2255760151395e-15	1	3	6	2.9803984896771e-05	1	0	-6.120008988169	5.27346430796081
SPP1	ITGA5	R-HSA-445144	REACTOME_SIGNAL_TRANSDUCTION_BY_L1	1.10044974971081e-31	1.45929205939912e-31	1.64604929549555	1.98593026329213	2.05014000791543e-09	1	8	15	0.000549972003389108	1	0	-6.120008988169	5.44744307422945
S100A9	TLR4	R-HSA-936964	REACTOME_ACTIVATION_OF_IRF3_IRF7_MEDIATED_BY_TBK1_IKK_IKBKE	1.25423834902483e-31	1.65872171903555e-31	18.4614532792056	4.75870695306939	3.7837778152637e-13	1	6	11	0.000299268903750029	1	0	0.779560169435325	-6.28110613916856
TNFSF13	SDC2	R-HSA-9833110	REACTOME_RSV_HOST_INTERACTIONS	2.49710872108051e-31	3.29348393483051e-31	1.20992860846779	6.7853501472646	1.4319592906768e-13	1	1	2	1.32054559212646e-09	1	0	-2.57729415663965	-6.28110613916856
TGFB1	CXCR4	R-HSA-9823730	REACTOME_FORMATION_OF_DEFINITIVE_ENDODERM	2.53806539450481e-31	3.33847954856697e-31	1.84299229844541	3.44516913247212	1.43005691602024e-12	1	4	9	0.000358271058318185	1	0	5.17534300196075	4.79417900357321
UBC	TLR4	R-HSA-1236975	REACTOME_ANTIGEN_PROCESSING_CROSS_PRESENTATION	4.60876377587072e-31	6.04590516834654e-31	3.32450962235125	4.75870695306939	6.46068990855149e-12	1	9	18	0.00419325848104175	1	0	-2.4901804903753	-6.28110613916856
SLPI	CD4	R-HSA-449836	REACTOME_OTHER_INTERLEUKIN_SIGNALING	5.42622985263271e-31	7.09919616108516e-31	11.5333151850971	13.6375993932019	1.11074016003339e-15	1	2	4	4.96145563372895e-06	1	0	8.5626794377319	5.79173665608926
ITGAM	ITGB2	R-HSA-216083	REACTOME_INTEGRIN_CELL_SURFACE_INTERACTIONS	5.4492064681777e-31	7.11019453601796e-31	14.9545071001722	11.9149301426607	3.94656182153016e-21	1	1	2	1.17505224504727e-05	1	0	5.08975208280515	-5.86057348394259
CALM3	PDE1B	R-HSA-392154	REACTOME_NITRIC_OXIDE_STIMULATES_GUANYLATE_CYCLASE	8.49020674308552e-31	1.10485890416686e-30	1.37614203467764	5.83532862214754	3.69922121094165e-14	1	2	4	1.79026031621963e-06	1	0	1.03698414728734	4.47062213677901
ABCA1	RXRA	R-HSA-9839394	REACTOME_TGFBR3_EXPRESSION	8.75878029889848e-31	1.13677786858044e-30	2.74728736941636	1.61988488573837	4.39433445240232e-09	1	8	15	0.000648028638421138	1	0	7.0128577455292	3.45261027371506
CAP1	ROBO1	R-HSA-428542	REACTOME_REGULATION_OF_COMMISSURAL_AXON_PATHFINDING_BY_SLIT_AND_ROBO	9.00468621348044e-31	1.16559333479535e-30	5.30231581237547	7.40087996763933	1.03360135525728e-16	1	1	2	9.33378422711906e-08	1	0	6.58725125883721	3.96408434415491
UBC	TLR4	R-HSA-936964	REACTOME_ACTIVATION_OF_IRF3_IRF7_MEDIATED_BY_TBK1_IKK_IKBKE	2.14157528271736e-30	2.76478502107426e-30	3.32450962235125	4.75870695306939	6.46068990855149e-12	1	6	11	0.000299268903750029	1	0	-2.4901804903753	-6.28110613916856
ADAM28	ITGA4	R-HSA-8949275	REACTOME_RUNX3_REGULATES_IMMUNE_RESPONSE_AND_CELL_MIGRATION	3.09593778455774e-30	3.98632622391604e-30	12.2754447891409	12.7164730424749	8.10942860612678e-13	1	1	2	1.95389393223888e-09	1	0	6.9432828998599	-4.74471901436337
CAP1	ROBO1	R-HSA-428540	REACTOME_ACTIVATION_OF_RAC1	3.15199423630727e-30	4.04782417715249e-30	5.30231581237547	7.40087996763933	1.03360135525728e-16	1	4	8	0.000885933876423685	1	0	6.58725125883721	3.96408434415491
MMP9	ITGB2	R-HSA-216083	REACTOME_INTEGRIN_CELL_SURFACE_INTERACTIONS	5.16592808580508e-30	6.61672678706792e-30	12.3632704906985	11.9149301426607	3.74139880279241e-20	1	1	2	1.17505224504727e-05	1	0	-0.760651295589167	-5.86057348394259
ABCA1	RXRA	R-HSA-9843743	REACTOME_TRANSCRIPTIONAL_REGULATION_OF_BROWN_AND_BEIGE_ADIPOCYTE_DIFFERENTIATION	6.60180320535746e-30	8.43371718380743e-30	2.74728736941636	1.61988488573837	4.39433445240232e-09	1	6	11	0.000121728520904066	1	0	7.0128577455292	3.45261027371506
PTDSS1	SCARB1	R-HSA-8964043	REACTOME_PLASMA_LIPOPROTEIN_CLEARANCE	1.5713989153109e-29	2.00220018452147e-29	2.27231617786553	2.28734520746692	1.66215610269723e-12	1	9	17	0.00419325848104175	1	0	-2.55658325092873	4.99043951871569
B2M	TFRC	R-HSA-8980692	REACTOME_RHOA_GTPASE_CYCLE	2.61476271769036e-29	3.32292762039817e-29	2.64186886128111	1.63276393267892	5.16905300617011e-10	1	4	9	0.000290632672991848	1	0	6.06732647295143	6.64679211208542
B2M	TFRC	R-HSA-9013409	REACTOME_RHOJ_GTPASE_CYCLE	3.48332743256841e-29	4.41523061582698e-29	2.64186886128111	1.63276393267892	5.16905300617011e-10	1	6	11	0.000229471143879557	1	0	6.06732647295143	6.64679211208542
S100A9	TLR4	R-HSA-5357769	REACTOME_CASPASE_ACTIVATION_VIA_EXTRINSIC_APOPTOTIC_SIGNALLING_PATHWAY	5.08272545950269e-29	6.40922486883027e-29	18.4614532792056	4.75870695306939	3.7837778152637e-13	1	4	8	0.000299268903750029	1	0	0.779560169435325	-6.28110613916856
S100A9	TLR4	R-HSA-140534	REACTOME_CASPASE_ACTIVATION_VIA_DEATH_RECEPTORS_IN_THE_PRESENCE_OF_LIGAND	5.08272545950269e-29	6.40922486883027e-29	18.4614532792056	4.75870695306939	3.7837778152637e-13	1	4	8	0.000299268903750029	1	0	0.779560169435325	-6.28110613916856
ABCA1	RXRA	R-HSA-211897	REACTOME_CYTOCHROME_P450_ARRANGED_BY_SUBSTRATE_TYPE	7.6886410501013e-29	9.67024956816864e-29	2.74728736941636	1.61988488573837	4.39433445240232e-09	1	4	8	4.99993717797942e-05	1	0	7.0128577455292	3.45261027371506
C3	ITGB2	R-HSA-216083	REACTOME_INTEGRIN_CELL_SURFACE_INTERACTIONS	1.28424810866771e-28	1.61108760161913e-28	3.90196335214493	11.9149301426607	9.30110573830987e-19	1	1	2	1.17505224504727e-05	1	0	7.73258194741264	-5.86057348394259
CAP1	ROBO1	R-HSA-428543	REACTOME_INACTIVATION_OF_CDC42_AND_RAC1	1.34369416212344e-28	1.68134038747753e-28	5.30231581237547	7.40087996763933	1.03360135525728e-16	1	2	5	0.000714177871113554	1	0	6.58725125883721	3.96408434415491
ICAM2	ITGB2	R-HSA-216083	REACTOME_INTEGRIN_CELL_SURFACE_INTERACTIONS	1.39839730907868e-28	1.74531428856879e-28	4.87645487057848	11.9149301426607	1.01278258835842e-18	1	1	2	1.17505224504727e-05	1	0	5.19094570642293	-5.86057348394259
ITGB2	ITGAL	R-HSA-8949275	REACTOME_RUNX3_REGULATES_IMMUNE_RESPONSE_AND_CELL_MIGRATION	1.82419987888491e-28	2.27094270636693e-28	11.9149301426607	12.7052215442675	6.22191838126543e-21	1	1	3	0.00308353846935488	1	0	-5.86057348394259	4.4755947091073
YWHAZ	CSF2RB	R-HSA-912526	REACTOME_INTERLEUKIN_RECEPTOR_SHC_SIGNALING	2.03345789897385e-28	2.52500624605404e-28	1.49758741796099	7.9467650959154	2.2226631573e-14	1	6	12	0.00381428878297735	1	0	4.88105716284841	-3.23987123357223
S100A9	TLR4	R-HSA-937041	REACTOME_IKK_COMPLEX_RECRUITMENT_MEDIATED_BY_RIP1	2.26744275686243e-28	2.80840625723062e-28	18.4614532792056	4.75870695306939	3.7837778152637e-13	1	8	15	0.00419325848104175	1	0	0.779560169435325	-6.28110613916856
ICAM3	ITGB2	R-HSA-216083	REACTOME_INTEGRIN_CELL_SURFACE_INTERACTIONS	3.51136953731274e-28	4.3380970486294e-28	6.8413988043969	11.9149301426607	2.54309265728313e-18	1	1	2	1.17505224504727e-05	1	0	3.11789277304976	-5.86057348394259
ALOX5AP	ALOX5	R-HSA-2142691	REACTOME_SYNTHESIS_OF_LEUKOTRIENES_LT_AND_EOXINS_EX	3.73034015416124e-28	4.59698483644112e-28	19.9260191536905	11.7588226664529	9.92774565154176e-17	1	2	4	9.79392035384827e-05	1	0	7.59378297672866	2.76840122306202
UBC	TLR4	R-HSA-5357769	REACTOME_CASPASE_ACTIVATION_VIA_EXTRINSIC_APOPTOTIC_SIGNALLING_PATHWAY	8.67860500468056e-28	1.06411036238294e-27	3.32450962235125	4.75870695306939	6.46068990855149e-12	1	4	8	0.000299268903750029	1	0	-2.4901804903753	-6.28110613916856
UBC	TLR4	R-HSA-140534	REACTOME_CASPASE_ACTIVATION_VIA_DEATH_RECEPTORS_IN_THE_PRESENCE_OF_LIGAND	8.67860500468056e-28	1.06411036238294e-27	3.32450962235125	4.75870695306939	6.46068990855149e-12	1	4	8	0.000299268903750029	1	0	-2.4901804903753	-6.28110613916856
B2M	TFRC	R-HSA-9013406	REACTOME_RHOQ_GTPASE_CYCLE	1.22908646560135e-27	1.50324359702622e-27	2.64186886128111	1.63276393267892	5.16905300617011e-10	1	6	12	0.0011709128929798	1	0	6.06732647295143	6.64679211208542
FABP5	RXRA	R-HSA-5362517	REACTOME_SIGNALING_BY_RETINOIC_ACID	2.30178501600205e-27	2.8081777195225e-27	10.954974516912	1.61988488573837	1.57427109628194e-12	1	3	7	0.000587000113970713	1	0	5.03452567930648	3.45261027371506
SLPI	CD4	R-HSA-164938	REACTOME_NEF_MEDIATES_DOWN_MODULATION_OF_CELL_SURFACE_RECEPTORS_BY_RECRUITING_THEM_TO_CLATHRIN_ADAPTERS	3.15066629739909e-27	3.81519889114331e-27	11.5333151850971	13.6375993932019	1.11074016003339e-15	1	3	6	0.000659613117846521	1	0	8.5626794377319	5.79173665608926
SLPI	CD4	R-HSA-164952	REACTOME_THE_ROLE_OF_NEF_IN_HIV_1_REPLICATION_AND_DISEASE_PATHOGENESIS	3.15066629739909e-27	3.81519889114331e-27	11.5333151850971	13.6375993932019	1.11074016003339e-15	1	3	6	0.000659613117846521	1	0	8.5626794377319	5.79173665608926
SLPI	CD4	R-HSA-167590	REACTOME_NEF_MEDIATED_CD4_DOWN_REGULATION	3.15066629739909e-27	3.81519889114331e-27	11.5333151850971	13.6375993932019	1.11074016003339e-15	1	3	6	0.000659613117846521	1	0	8.5626794377319	5.79173665608926
UBC	TLR4	R-HSA-937041	REACTOME_IKK_COMPLEX_RECRUITMENT_MEDIATED_BY_RIP1	3.87159216336235e-27	4.67657667257631e-27	3.32450962235125	4.75870695306939	6.46068990855149e-12	1	8	15	0.00419325848104175	1	0	-2.4901804903753	-6.28110613916856
SPP1	ITGA4	R-HSA-8949275	REACTOME_RUNX3_REGULATES_IMMUNE_RESPONSE_AND_CELL_MIGRATION	8.42527628701928e-27	1.01519378470751e-26	1.64604929549555	12.7164730424749	2.20689759585191e-09	1	1	2	1.95389393223888e-09	1	0	-6.120008988169	-4.74471901436337
S100A9	TLR4	R-HSA-2562578	REACTOME_TRIF_MEDIATED_PROGRAMMED_CELL_DEATH	1.51718315754181e-26	1.82360931251331e-26	18.4614532792056	4.75870695306939	3.7837778152637e-13	1	2	5	0.000299268903750029	1	0	0.779560169435325	-6.28110613916856
GNAS	ADCY1	R-HSA-442720	REACTOME_CREB1_PHOSPHORYLATION_THROUGH_THE_ACTIVATION_OF_ADENYLATE_CYCLASE	8.03651290098512e-26	9.63591718840476e-26	4.03691496101728	10.6204928516965	9.5919449491343e-18	1	3	7	0.0132469648378902	1	0	-6.120008988169	5.30152224100833
ICAM2	ITGAL	R-HSA-8949275	REACTOME_RUNX3_REGULATES_IMMUNE_RESPONSE_AND_CELL_MIGRATION	9.35486319938937e-26	1.11891501012304e-25	4.87645487057848	12.7052215442675	3.19072465513394e-18	1	1	3	0.00308353846935488	1	0	5.19094570642293	4.4755947091073
VASP	ROBO1	R-HSA-428542	REACTOME_REGULATION_OF_COMMISSURAL_AXON_PATHFINDING_BY_SLIT_AND_ROBO	1.74629309951946e-25	2.08359665663935e-25	1.4111491482633	7.40087996763933	2.00447952493627e-11	1	1	2	9.33378422711906e-08	1	0	4.44633488002104	3.96408434415491
ICAM3	ITGAL	R-HSA-8949275	REACTOME_RUNX3_REGULATES_IMMUNE_RESPONSE_AND_CELL_MIGRATION	2.3490020647784e-25	2.79588538441917e-25	6.8413988043969	12.7052215442675	8.01189567746774e-18	1	1	3	0.00308353846935488	1	0	3.11789277304976	4.4755947091073
UBC	TLR4	R-HSA-2562578	REACTOME_TRIF_MEDIATED_PROGRAMMED_CELL_DEATH	2.59054584965675e-25	3.07587925701337e-25	3.32450962235125	4.75870695306939	6.46068990855149e-12	1	2	5	0.000299268903750029	1	0	-2.4901804903753	-6.28110613916856
VASP	ROBO1	R-HSA-428540	REACTOME_ACTIVATION_OF_RAC1	6.11271248558143e-25	7.24030022564014e-25	1.4111491482633	7.40087996763933	2.00447952493627e-11	1	4	8	0.000885933876423685	1	0	4.44633488002104	3.96408434415491
CAP1	ROBO1	R-HSA-428890	REACTOME_ROLE_OF_ABL_IN_ROBO_SLIT_SIGNALING	1.14272520383485e-24	1.35024188733997e-24	5.30231581237547	7.40087996763933	1.03360135525728e-16	1	3	6	0.005221355117186	1	0	6.58725125883721	3.96408434415491
ARTN	RET	R-HSA-9634815	REACTOME_TRANSCRIPTIONAL_REGULATION_BY_NPAS4	2.12099551231752e-24	2.50011065220037e-24	4.58892495886839	6.41002451711292	3.65450040204314e-16	1	6	12	0.0260880522946146	1	0	1.83917662031855	5.41766982254419
YWHAZ	CSF2RA	R-HSA-912526	REACTOME_INTERLEUKIN_RECEPTOR_SHC_SIGNALING	4.45305010494015e-24	5.23635771376094e-24	1.49758741796099	1.61065954742238	4.86738889989118e-10	1	6	12	0.00381428878297735	1	0	4.88105716284841	5.0461084914837
ABCA1	RXRA	R-HSA-5362517	REACTOME_SIGNALING_BY_RETINOIC_ACID	6.42507711774041e-24	7.53710969581086e-24	2.74728736941636	1.61988488573837	4.39433445240232e-09	1	3	7	0.000587000113970713	1	0	7.0128577455292	3.45261027371506
CALM3	KCNQ1	R-HSA-397014	REACTOME_MUSCLE_CONTRACTION	8.57245932252419e-24	1.00080386349086e-23	1.37614203467764	6.54624493415556	1.38805376068687e-12	1	3	7	0.00311995407357387	1	0	1.03698414728734	-6.120008988169
CALM3	KCNQ1	R-HSA-5576891	REACTOME_CARDIAC_CONDUCTION	8.57245932252419e-24	1.00080386349086e-23	1.37614203467764	6.54624493415556	1.38805376068687e-12	1	3	7	0.00311995407357387	1	0	1.03698414728734	-6.120008988169
ARTN	RET	R-HSA-9768919	REACTOME_NPAS4_REGULATES_EXPRESSION_OF_TARGET_GENES	2.21024016122654e-23	2.57421765794404e-23	4.58892495886839	6.41002451711292	3.65450040204314e-16	1	5	10	0.0260880522946146	1	0	1.83917662031855	5.41766982254419
B2M	TFRC	R-HSA-9013423	REACTOME_RAC3_GTPASE_CYCLE	2.38454368854239e-23	2.77061266668735e-23	2.64186886128111	1.63276393267892	5.16905300617011e-10	1	3	7	0.0011709128929798	1	0	6.06732647295143	6.64679211208542
VASP	ROBO1	R-HSA-428543	REACTOME_INACTIVATION_OF_CDC42_AND_RAC1	2.60584743049451e-23	3.0205547412858e-23	1.4111491482633	7.40087996763933	2.00447952493627e-11	1	2	5	0.000714177871113554	1	0	4.44633488002104	3.96408434415491
S100A9	TLR4	R-HSA-9824878	REACTOME_REGULATION_OF_TBK1_IKK_IKBKE_MEDIATED_ACTIVATION_OF_IRF3_IRF7	2.71838857260785e-23	3.14353939202045e-23	18.4614532792056	4.75870695306939	3.7837778152637e-13	1	4	8	0.00419325848104175	1	0	0.779560169435325	-6.28110613916856
FABP5	RXRA	R-HSA-9707616	REACTOME_HEME_SIGNALING	4.55914945468567e-23	5.25972797609127e-23	10.954974516912	1.61988488573837	1.57427109628194e-12	1	9	18	0.0310465378560184	1	0	5.03452567930648	3.45261027371506
FABP5	RXRA	R-HSA-200425	REACTOME_CARNITINE_METABOLISM	1.47496572299482e-22	1.69760205854121e-22	10.954974516912	1.61988488573837	1.57427109628194e-12	1	3	6	0.00158189537702855	1	0	5.03452567930648	3.45261027371506
UBC	TLR4	R-HSA-9824878	REACTOME_REGULATION_OF_TBK1_IKK_IKBKE_MEDIATED_ACTIVATION_OF_IRF3_IRF7	4.6415689493505e-22	5.32961328772481e-22	3.32450962235125	4.75870695306939	6.46068990855149e-12	1	4	8	0.00419325848104175	1	0	-2.4901804903753	-6.28110613916856
S100A9	TLR4	R-HSA-5603041	REACTOME_IRAK4_DEFICIENCY_TLR2_4	1.02119744490056e-21	1.1698224251443e-21	18.4614532792056	4.75870695306939	3.7837778152637e-13	1	3	7	0.0105518121533315	1	0	0.779560169435325	-6.28110613916856
CALM3	INSR	R-HSA-74749	REACTOME_SIGNAL_ATTENUATION	3.5371966099537e-21	4.04251041137565e-21	1.37614203467764	1.47390987082155	3.39626738976039e-10	1	4	8	0.00284782271173619	1	0	1.03698414728734	6.20418766483912
GDF11	ACVR1B	R-HSA-1502540	REACTOME_SIGNALING_BY_ACTIVIN	3.70591940793817e-21	4.22544082026595e-21	3.7035438689707	1.78550777695487	1.04865484206363e-13	1	5	10	0.0238219024258084	1	0	6.81262670549555	5.54888498201624
CAP1	ROBO1	R-HSA-9010553	REACTOME_REGULATION_OF_EXPRESSION_OF_SLITS_AND_ROBOS	4.01698197640635e-21	4.5694340430916e-21	5.30231581237547	7.40087996763933	1.03360135525728e-16	1	1	2	0.00623409486223789	1	0	6.58725125883721	3.96408434415491
B2M	TFRC	R-HSA-917937	REACTOME_IRON_UPTAKE_AND_TRANSPORT	4.03061563306707e-21	4.57428006729472e-21	2.64186886128111	1.63276393267892	5.16905300617011e-10	1	4	9	0.00674848700904424	1	0	6.06732647295143	6.64679211208542
FABP5	RXRA	R-HSA-1368108	REACTOME_BMAL1_CLOCK_NPAS2_ACTIVATES_CIRCADIAN_GENE_EXPRESSION	5.76163514057333e-21	6.5236147299299e-21	10.954974516912	1.61988488573837	1.57427109628194e-12	1	6	11	0.0142644151429759	1	0	5.03452567930648	3.45261027371506
UBC	TLR4	R-HSA-5603041	REACTOME_IRAK4_DEFICIENCY_TLR2_4	1.74366475755866e-20	1.96969537427923e-20	3.32450962235125	4.75870695306939	6.46068990855149e-12	1	3	7	0.0105518121533315	1	0	-2.4901804903753	-6.28110613916856
TNFSF14	LTBR	R-HSA-5676594	REACTOME_TNF_RECEPTOR_SUPERFAMILY_TNFSF_MEMBERS_MEDIATING_NON_CANONICAL_NF_KB_PATHWAY	1.8297005202476e-20	2.0621105170458e-20	10.9830187501541	1.31342806057338	1.12253584814262e-13	1	3	7	0.0240719491844916	1	0	-2.09553905300913	1.07176657123412
HBEGF	PRLR	R-HSA-1170546	REACTOME_PROLACTIN_RECEPTOR_SIGNALING	5.93125899849953e-20	6.6692497494649e-20	2.66725447312726	14.9132583993494	7.18852077977428e-12	1	4	9	0.0216825346115031	1	0	5.82503188508927	-1.16583921987155
ABCA1	RXRA	R-HSA-9707616	REACTOME_HEME_SIGNALING	1.27261610593582e-19	1.42767048206134e-19	2.74728736941636	1.61988488573837	4.39433445240232e-09	1	9	18	0.0310465378560184	1	0	7.0128577455292	3.45261027371506
VASP	ROBO1	R-HSA-428890	REACTOME_ROLE_OF_ABL_IN_ROBO_SLIT_SIGNALING	2.21610513769637e-19	2.4804112550363e-19	1.4111491482633	7.40087996763933	2.00447952493627e-11	1	3	6	0.005221355117186	1	0	4.44633488002104	3.96408434415491
ADAM28	ITGA4	R-HSA-198933	REACTOME_IMMUNOREGULATORY_INTERACTIONS_BETWEEN_A_LYMPHOID_AND_A_NON_LYMPHOID_CELL	2.45285241954085e-19	2.73911208406393e-19	12.2754447891409	12.7164730424749	8.10942860612678e-13	1	1	2	0.000549972003389108	1	0	6.9432828998599	-4.74471901436337
GDF11	ACVR1B	R-HSA-1181150	REACTOME_SIGNALING_BY_NODAL	2.90791705923061e-19	3.23987106142589e-19	3.7035438689707	1.78550777695487	1.04865484206363e-13	1	4	9	0.0581021406933717	1	0	6.81262670549555	5.54888498201624
ABCA1	RXRA	R-HSA-200425	REACTOME_CARNITINE_METABOLISM	4.11713885110156e-19	4.57668282309239e-19	2.74728736941636	1.61988488573837	4.39433445240232e-09	1	3	6	0.00158189537702855	1	0	7.0128577455292	3.45261027371506
S100A9	TLR4	R-HSA-5686938	REACTOME_REGULATION_OF_TLR_BY_ENDOGENOUS_LIGAND	4.44535838990966e-19	4.9303065778998e-19	18.4614532792056	4.75870695306939	3.7837778152637e-13	1	1	3	0.0105518121533315	1	0	0.779560169435325	-6.28110613916856
S100A9	TLR4	R-HSA-937072	REACTOME_TRAF6_MEDIATED_INDUCTION_OF_TAK1_COMPLEX_WITHIN_TLR4_COMPLEX	1.12686904690179e-18	1.24696620156025e-18	18.4614532792056	4.75870695306939	3.7837778152637e-13	1	6	11	0.0445609597531537	1	0	0.779560169435325	-6.28110613916856
ALOX5AP	ALOX5	R-HSA-9018678	REACTOME_BIOSYNTHESIS_OF_SPECIALIZED_PRORESOLVING_MEDIATORS_SPMS	1.22388208697828e-18	1.35125443087195e-18	19.9260191536905	11.7588226664529	9.92774565154176e-17	1	2	4	0.151496786901763	1	0	7.59378297672866	2.76840122306202
FABP5	RXRA	R-HSA-9623433	REACTOME_NR1H2_NR1H3_REGULATE_GENE_EXPRESSION_TO_CONTROL_BILE_ACID_HOMEOSTASIS	4.12900013463094e-18	4.54842452753928e-18	10.954974516912	1.61988488573837	1.57427109628194e-12	1	3	6	0.020619546582281	1	0	5.03452567930648	3.45261027371506
FABP5	RXRA	R-HSA-194068	REACTOME_BILE_ACID_AND_BILE_SALT_METABOLISM	4.69051945339282e-18	5.15534570553084e-18	10.954974516912	1.61988488573837	1.57427109628194e-12	1	3	7	0.0433280718593429	1	0	5.03452567930648	3.45261027371506
FGR	LRP8	R-HSA-418346	REACTOME_PLATELET_HOMEOSTASIS	6.70828719688316e-18	7.34000930959413e-18	6.10821312899508	1.24665645290537	7.11825007516792e-15	1	1	2	0.0306986447426338	1	0	-4.84642589144364	0.134838435738358
FGR	LRP8	R-HSA-432142	REACTOME_PLATELET_SENSITIZATION_BY_LDL	6.70828719688316e-18	7.34000930959413e-18	6.10821312899508	1.24665645290537	7.11825007516792e-15	1	1	2	0.0306986447426338	1	0	-4.84642589144364	0.134838435738358
ADAM15	ITGA5	R-HSA-1566977	REACTOME_FIBRONECTIN_MATRIX_FORMATION	7.29883951360462e-18	7.96830801485247e-18	1.57334321293087	1.98593026329213	2.41308516858236e-11	1	1	2	0.000549972003389108	1	0	7.29491933691975	5.44744307422945
UBC	TLR4	R-HSA-5686938	REACTOME_REGULATION_OF_TLR_BY_ENDOGENOUS_LIGAND	7.59031938231884e-18	8.26802647002587e-18	3.32450962235125	4.75870695306939	6.46068990855149e-12	1	1	3	0.0105518121533315	1	0	-2.4901804903753	-6.28110613916856
CALM3	INSR	R-HSA-74713	REACTOME_IRS_ACTIVATION	7.84405667513189e-18	8.52538899212552e-18	1.37614203467764	1.47390987082155	3.39626738976039e-10	1	1	3	0.00284782271173619	1	0	1.03698414728734	6.20418766483912
ALOX5AP	ALOX5	R-HSA-2142688	REACTOME_SYNTHESIS_OF_5_EICOSATETRAENOIC_ACIDS	1.16366376874383e-17	1.25913064112415e-17	19.9260191536905	11.7588226664529	9.92774565154176e-17	1	1	2	0.342364270759184	1	0	7.59378297672866	2.76840122306202
ALOX5AP	ALOX5	R-HSA-9018679	REACTOME_BIOSYNTHESIS_OF_EPA_DERIVED_SPMS	1.16366376874383e-17	1.25913064112415e-17	19.9260191536905	11.7588226664529	9.92774565154176e-17	1	1	2	0.342364270759184	1	0	7.59378297672866	2.76840122306202
ABCA1	RXRA	R-HSA-1368108	REACTOME_BMAL1_CLOCK_NPAS2_ACTIVATES_CIRCADIAN_GENE_EXPRESSION	1.60827140002695e-17	1.73636381241848e-17	2.74728736941636	1.61988488573837	4.39433445240232e-09	1	6	11	0.0142644151429759	1	0	7.0128577455292	3.45261027371506
TYROBP	TREM2	R-HSA-416700	REACTOME_OTHER_SEMAPHORIN_INTERACTIONS	1.72918575929936e-17	1.8627873080311e-17	10.5526058596651	19.3982662358995	6.25827310646756e-17	1	1	2	0.525646248660205	1	0	3.07222690498282	2.84334725273609
UBC	TLR4	R-HSA-937072	REACTOME_TRAF6_MEDIATED_INDUCTION_OF_TAK1_COMPLEX_WITHIN_TLR4_COMPLEX	1.92409592608969e-17	2.06819121570874e-17	3.32450962235125	4.75870695306939	6.46068990855149e-12	1	6	11	0.0445609597531537	1	0	-2.4901804903753	-6.28110613916856
FABP5	RXRA	R-HSA-4090294	REACTOME_SUMOYLATION_OF_INTRACELLULAR_RECEPTORS	2.0236442495904e-17	2.17041405230794e-17	10.954974516912	1.61988488573837	1.57427109628194e-12	1	5	10	0.0652276120242787	1	0	5.03452567930648	3.45261027371506
FABP5	RXRA	R-HSA-9031525	REACTOME_NR1H2_NR1H3_REGULATE_GENE_EXPRESSION_TO_LIMIT_CHOLESTEROL_UPTAKE	5.43510772279735e-17	5.81651879106383e-17	10.954974516912	1.61988488573837	1.57427109628194e-12	1	2	4	0.020619546582281	1	0	5.03452567930648	3.45261027371506
FABP5	RXRA	R-HSA-192105	REACTOME_SYNTHESIS_OF_BILE_ACIDS_AND_BILE_SALTS	7.75585990918489e-17	8.26388566742844e-17	10.954974516912	1.61988488573837	1.57427109628194e-12	1	3	6	0.0433280718593429	1	0	5.03452567930648	3.45261027371506
FABP5	RXRA	R-HSA-193368	REACTOME_SYNTHESIS_OF_BILE_ACIDS_AND_BILE_SALTS_VIA_7ALPHA_HYDROXYCHOLESTEROL	7.75585990918489e-17	8.26388566742844e-17	10.954974516912	1.61988488573837	1.57427109628194e-12	1	3	6	0.0433280718593429	1	0	5.03452567930648	3.45261027371506
FABP5	RXRA	R-HSA-9029558	REACTOME_NR1H2_NR1H3_REGULATE_GENE_EXPRESSION_LINKED_TO_LIPOGENESIS	1.26051379462189e-16	1.34015409972872e-16	10.954974516912	1.61988488573837	1.57427109628194e-12	1	3	7	0.0849150528601452	1	0	5.03452567930648	3.45261027371506
FABP5	RXRA	R-HSA-159418	REACTOME_RECYCLING_OF_BILE_ACIDS_AND_SALTS	1.28052367009557e-16	1.35552180261743e-16	10.954974516912	1.61988488573837	1.57427109628194e-12	1	1	3	0.0433280718593429	1	0	5.03452567930648	3.45261027371506
FABP5	RXRA	R-HSA-193807	REACTOME_SYNTHESIS_OF_BILE_ACIDS_AND_BILE_SALTS_VIA_27_HYDROXYCHOLESTEROL	1.28052367009557e-16	1.35552180261743e-16	10.954974516912	1.61988488573837	1.57427109628194e-12	1	1	3	0.0433280718593429	1	0	5.03452567930648	3.45261027371506
ADAM15	ITGA5	R-HSA-8941332	REACTOME_RUNX2_REGULATES_GENES_INVOLVED_IN_CELL_MIGRATION	3.1026394661183e-16	3.27529922899644e-16	1.57334321293087	1.98593026329213	2.41308516858236e-11	1	1	2	0.00358574441837206	1	0	7.29491933691975	5.44744307422945
B2M	TYROBP	R-HSA-416700	REACTOME_OTHER_SEMAPHORIN_INTERACTIONS	3.10750726029786e-16	3.27529922899644e-16	2.64186886128111	10.5526058596651	2.13959435742746e-15	1	1	3	0.525646248660205	1	0	6.06732647295143	3.07222690498282
SPP1	ITGA5	R-HSA-1566977	REACTOME_FIBRONECTIN_MATRIX_FORMATION	6.20104217332108e-16	6.5217857340101e-16	1.64604929549555	1.98593026329213	2.05014000791543e-09	1	1	2	0.000549972003389108	1	0	-6.120008988169	5.44744307422945
SPP1	ITGA4	R-HSA-198933	REACTOME_IMMUNOREGULATORY_INTERACTIONS_BETWEEN_A_LYMPHOID_AND_A_NON_LYMPHOID_CELL	6.67518560256454e-16	7.00535607322902e-16	1.64604929549555	12.7164730424749	2.20689759585191e-09	1	1	2	0.000549972003389108	1	0	-6.120008988169	-4.74471901436337
VASP	ROBO1	R-HSA-9010553	REACTOME_REGULATION_OF_EXPRESSION_OF_SLITS_AND_ROBOS	7.79019694855209e-16	8.15797448689575e-16	1.4111491482633	7.40087996763933	2.00447952493627e-11	1	1	2	0.00623409486223789	1	0	4.44633488002104	3.96408434415491
FABP5	RXRA	R-HSA-1368082	REACTOME_RORA_ACTIVATES_GENE_EXPRESSION	1.36257437830168e-15	1.42384645955293e-15	10.954974516912	1.61988488573837	1.57427109628194e-12	1	3	7	0.139453695160298	1	0	5.03452567930648	3.45261027371506
GDF11	ACVR1B	R-HSA-1433617	REACTOME_REGULATION_OF_SIGNALING_BY_NODAL	2.69233415353939e-15	2.80739116864791e-15	3.7035438689707	1.78550777695487	1.04865484206363e-13	1	1	2	0.160231610184557	1	0	6.81262670549555	5.54888498201624
FABP5	RXRA	R-HSA-211976	REACTOME_ENDOGENOUS_STEROLS	2.95541346555315e-15	3.07514236927492e-15	10.954974516912	1.61988488573837	1.57427109628194e-12	1	1	2	0.0433280718593429	1	0	5.03452567930648	3.45261027371506
B2M	TREM2	R-HSA-416700	REACTOME_OTHER_SEMAPHORIN_INTERACTIONS	6.77055981365289e-15	7.02985784906939e-15	2.64186886128111	19.3982662358995	2.45040257645207e-14	1	1	2	0.525646248660205	1	0	6.06732647295143	2.84334725273609
ABCA1	RXRA	R-HSA-9623433	REACTOME_NR1H2_NR1H3_REGULATE_GENE_EXPRESSION_TO_CONTROL_BILE_ACID_HOMEOSTASIS	1.1525465714536e-14	1.19414591692008e-14	2.74728736941636	1.61988488573837	4.39433445240232e-09	1	3	6	0.020619546582281	1	0	7.0128577455292	3.45261027371506
ABCA1	RXRA	R-HSA-194068	REACTOME_BILE_ACID_AND_BILE_SALT_METABOLISM	1.30928601067423e-14	1.35366858730726e-14	2.74728736941636	1.61988488573837	4.39433445240232e-09	1	3	7	0.0433280718593429	1	0	7.0128577455292	3.45261027371506
SPP1	ITGA5	R-HSA-8941332	REACTOME_RUNX2_REGULATES_GENES_INVOLVED_IN_CELL_MIGRATION	2.63598043800641e-14	2.71957389798547e-14	1.64604929549555	1.98593026329213	2.05014000791543e-09	1	1	2	0.00358574441837206	1	0	-6.120008988169	5.44744307422945
ABCA1	RXRA	R-HSA-4090294	REACTOME_SUMOYLATION_OF_INTRACELLULAR_RECEPTORS	5.64869015659569e-14	5.81552910636856e-14	2.74728736941636	1.61988488573837	4.39433445240232e-09	1	5	10	0.0652276120242787	1	0	7.0128577455292	3.45261027371506
ABCA1	RXRA	R-HSA-9031525	REACTOME_NR1H2_NR1H3_REGULATE_GENE_EXPRESSION_TO_LIMIT_CHOLESTEROL_UPTAKE	1.51712631802832e-13	1.55864766989015e-13	2.74728736941636	1.61988488573837	4.39433445240232e-09	1	2	4	0.020619546582281	1	0	7.0128577455292	3.45261027371506
ABCA1	RXRA	R-HSA-192105	REACTOME_SYNTHESIS_OF_BILE_ACIDS_AND_BILE_SALTS	2.16492842226668e-13	2.21485339636508e-13	2.74728736941636	1.61988488573837	4.39433445240232e-09	1	3	6	0.0433280718593429	1	0	7.0128577455292	3.45261027371506
ABCA1	RXRA	R-HSA-193368	REACTOME_SYNTHESIS_OF_BILE_ACIDS_AND_BILE_SALTS_VIA_7ALPHA_HYDROXYCHOLESTEROL	2.16492842226668e-13	2.21485339636508e-13	2.74728736941636	1.61988488573837	4.39433445240232e-09	1	3	6	0.0433280718593429	1	0	7.0128577455292	3.45261027371506
FABP5	RXRA	R-HSA-9632974	REACTOME_NR1H2_NR1H3_REGULATE_GENE_EXPRESSION_LINKED_TO_GLUCONEOGENESIS	2.46887374117788e-13	2.5205238194452e-13	10.954974516912	1.61988488573837	1.57427109628194e-12	1	1	3	0.53927023850804	1	0	5.03452567930648	3.45261027371506
ABCA1	RXRA	R-HSA-9029558	REACTOME_NR1H2_NR1H3_REGULATE_GENE_EXPRESSION_LINKED_TO_LIPOGENESIS	3.51852943785694e-13	3.58463959430937e-13	2.74728736941636	1.61988488573837	4.39433445240232e-09	1	3	7	0.0849150528601452	1	0	7.0128577455292	3.45261027371506
ABCA1	RXRA	R-HSA-159418	REACTOME_RECYCLING_OF_BILE_ACIDS_AND_SALTS	3.57438391259763e-13	3.62640197369572e-13	2.74728736941636	1.61988488573837	4.39433445240232e-09	1	1	3	0.0433280718593429	1	0	7.0128577455292	3.45261027371506
ABCA1	RXRA	R-HSA-193807	REACTOME_SYNTHESIS_OF_BILE_ACIDS_AND_BILE_SALTS_VIA_27_HYDROXYCHOLESTEROL	3.57438391259763e-13	3.62640197369572e-13	2.74728736941636	1.61988488573837	4.39433445240232e-09	1	1	3	0.0433280718593429	1	0	7.0128577455292	3.45261027371506
FABP5	RXRA	R-HSA-9031528	REACTOME_NR1H2_NR1H3_REGULATE_GENE_EXPRESSION_LINKED_TO_TRIGLYCERIDE_LIPOLYSIS_IN_ADIPOSE	9.47803516923446e-13	9.59601900951538e-13	10.954974516912	1.61988488573837	1.57427109628194e-12	1	1	3	0.84439618924352	1	0	5.03452567930648	3.45261027371506
CALM3	ABCA1	R-HSA-8963896	REACTOME_HDL_ASSEMBLY	2.24039383494581e-12	2.25890948647429e-12	1.37614203467764	2.74728736941636	1.27670806496715e-08	1	1	2	0.0132469648378902	1	0	1.03698414728734	7.0128577455292
CALM3	ABCA1	R-HSA-8963898	REACTOME_PLASMA_LIPOPROTEIN_ASSEMBLY	2.24039383494581e-12	2.25890948647429e-12	1.37614203467764	2.74728736941636	1.27670806496715e-08	1	1	2	0.0132469648378902	1	0	1.03698414728734	7.0128577455292
ABCA1	RXRA	R-HSA-1368082	REACTOME_RORA_ACTIVATES_GENE_EXPRESSION	3.80341578313484e-12	3.82694206632949e-12	2.74728736941636	1.61988488573837	4.39433445240232e-09	1	3	7	0.139453695160298	1	0	7.0128577455292	3.45261027371506
ABCA1	RXRA	R-HSA-211976	REACTOME_ENDOGENOUS_STEROLS	8.24957991253625e-12	8.28352880106521e-12	2.74728736941636	1.61988488573837	4.39433445240232e-09	1	1	2	0.0433280718593429	1	0	7.0128577455292	3.45261027371506
ABCA1	RXRA	R-HSA-9632974	REACTOME_NR1H2_NR1H3_REGULATE_GENE_EXPRESSION_LINKED_TO_GLUCONEOGENESIS	6.89147946952231e-10	6.90563035138991e-10	2.74728736941636	1.61988488573837	4.39433445240232e-09	1	1	3	0.53927023850804	1	0	7.0128577455292	3.45261027371506
ABCA1	RXRA	R-HSA-9031528	REACTOME_NR1H2_NR1H3_REGULATE_GENE_EXPRESSION_LINKED_TO_TRIGLYCERIDE_LIPOLYSIS_IN_ADIPOSE	2.6456470288767e-09	2.6456470288767e-09	2.74728736941636	1.61988488573837	4.39433445240232e-09	1	1	3	0.84439618924352	1	0	7.0128577455292	3.45261027371506
