L	R	pw.id	pw.name	pval	qval	L.logFC	R.logFC	LR.pval	LR.corr	rank	len	rank.pval	rank.corr	LR.score	L.expr	R.expr
GNAS	ADCY8	R-HSA-9006925	REACTOME_INTRACELLULAR_SIGNALING_BY_SECOND_MESSENGERS	6.443452098924e-232	5.85709795792192e-229	3.70969835811646	10.3110820516253	1.67562841936802e-14	1	90	164	0.000290103605433765	1	0	4.55564546302124	4.44304765339598
GNAS	ADCY1	R-HSA-9006925	REACTOME_INTRACELLULAR_SIGNALING_BY_SECOND_MESSENGERS	2.75908712531554e-230	9.72703618320484e-228	3.70969835811646	9.201462497802	7.17504332726115e-13	1	90	164	0.000290103605433765	1	0	4.55564546302124	3.96421770987343
IL1B	IL1RAP	R-HSA-9006925	REACTOME_INTRACELLULAR_SIGNALING_BY_SECOND_MESSENGERS	3.21024296475407e-230	9.72703618320484e-228	20.3246827538021	2.02665274531631	8.34828017999305e-13	1	90	164	0.000290103605433765	1	0	6.57811016167277	-2.95384539758806
IL33	IL1RAP	R-HSA-9006925	REACTOME_INTRACELLULAR_SIGNALING_BY_SECOND_MESSENGERS	3.01568480170936e-229	6.85314371188453e-227	5.0787758300266	2.02665274531631	7.8423290497407e-12	1	90	164	0.000290103605433765	1	0	-6.41945330260141	-2.95384539758806
NAMPT	INSR	R-HSA-9006925	REACTOME_INTRACELLULAR_SIGNALING_BY_SECOND_MESSENGERS	1.31822564250153e-228	2.39653421806778e-226	5.3595441620608	1.00993685694133	3.42806358424562e-11	1	90	164	0.000290103605433765	1	0	0.0678080694096571	-1.81952088489786
IL36G	IL1RAP	R-HSA-9006925	REACTOME_INTRACELLULAR_SIGNALING_BY_SECOND_MESSENGERS	2.3838100134896e-226	3.61147217043675e-224	14.6325332272826	2.02665274531631	6.19913013032918e-09	1	90	164	0.000290103605433765	1	0	3.68824933688231	-2.95384539758806
FYN	CD86	R-HSA-9006925	REACTOME_INTRACELLULAR_SIGNALING_BY_SECOND_MESSENGERS	2.69639178629679e-218	3.50145733391969e-216	2.13884060313412	6.25980915139201	1.16851805137742e-09	1	89	162	0.000347972538236645	1	0	-6.25875440017665	-3.04055219434815
CD274	CD80	R-HSA-9006925	REACTOME_INTRACELLULAR_SIGNALING_BY_SECOND_MESSENGERS	7.38253347748404e-218	8.38840366379124e-216	8.18201397707283	8.17616127802437	3.19932128453262e-09	1	89	162	0.000347972538236645	1	0	1.12077320161514	0.57093958009102
FYN	CD80	R-HSA-9006925	REACTOME_INTRACELLULAR_SIGNALING_BY_SECOND_MESSENGERS	9.32074523216487e-218	9.41395268448652e-216	2.13884060313412	8.17616127802437	4.03927170800093e-09	1	89	162	0.000347972538236645	1	0	-6.25875440017665	0.57093958009102
HBEGF	ERBB4	R-HSA-9006925	REACTOME_INTRACELLULAR_SIGNALING_BY_SECOND_MESSENGERS	1.09940785831058e-217	9.99361743204319e-216	4.89501697871428	6.58137366024069	1.23024671338808e-12	1	88	161	0.000392313781121974	1	0	5.84427041608315	-2.96822194563169
CD86	CD80	R-HSA-9006925	REACTOME_INTRACELLULAR_SIGNALING_BY_SECOND_MESSENGERS	3.54276793132304e-217	2.6836467079772e-215	6.25980915139201	8.17616127802437	1.53530666449537e-08	1	89	162	0.000347972538236645	1	0	-3.04055219434815	0.57093958009102
CD80	CD86	R-HSA-9006925	REACTOME_INTRACELLULAR_SIGNALING_BY_SECOND_MESSENGERS	3.54276793132304e-217	2.6836467079772e-215	8.17616127802437	6.25980915139201	1.53530666449537e-08	1	89	162	0.000347972538236645	1	0	0.57093958009102	-3.04055219434815
MMP9	ITGB2	R-HSA-1474244	REACTOME_EXTRACELLULAR_MATRIX_ORGANIZATION	3.91766592530473e-217	2.73935255854e-215	15.1188915449759	12.9957409508531	5.55691053627409e-20	1	45	83	2.15269452445203e-06	1	0	-1.30828113955721	5.76556152538233
ICAM3	ITGB2	R-HSA-1474244	REACTOME_EXTRACELLULAR_MATRIX_ORGANIZATION	2.50208918782212e-215	1.62457076552165e-213	7.01524132334348	12.9957409508531	3.54902282011827e-18	1	45	83	2.15269452445203e-06	1	0	6.94092769135818	5.76556152538233
UBC	ERBB4	R-HSA-9006925	REACTOME_INTRACELLULAR_SIGNALING_BY_SECOND_MESSENGERS	5.28531858431162e-215	3.20290306209284e-213	4.10321008708002	6.58137366024069	5.91431630073125e-10	1	88	161	0.000392313781121974	1	0	-5.60109607146166	-2.96822194563169
ICAM5	ITGB2	R-HSA-1474244	REACTOME_EXTRACELLULAR_MATRIX_ORGANIZATION	5.98774832611607e-215	3.40178951777469e-213	6.93639503282286	12.9957409508531	8.493164653738e-18	1	45	83	2.15269452445203e-06	1	0	-3.24983956639454	5.76556152538233
ICAM2	ITGB2	R-HSA-1474244	REACTOME_EXTRACELLULAR_MATRIX_ORGANIZATION	1.90471817719152e-214	1.01846401356888e-212	5.96057612091828	12.9957409508531	2.70169756923443e-17	1	45	83	2.15269452445203e-06	1	0	5.99020786714257	5.76556152538233
MMP7	ERBB4	R-HSA-9006925	REACTOME_INTRACELLULAR_SIGNALING_BY_SECOND_MESSENGERS	2.34137722271436e-214	1.18239549747075e-212	7.97883344922994	6.58137366024069	2.6200209606218e-09	1	88	161	0.000392313781121974	1	0	-1.49782869064644	-2.96822194563169
C3	ITGB2	R-HSA-1474244	REACTOME_EXTRACELLULAR_MATRIX_ORGANIZATION	2.83574246549705e-214	1.35667889533517e-212	3.94926349424245	12.9957409508531	4.02228456563833e-17	1	45	83	2.15269452445203e-06	1	0	7.22892163971451	5.76556152538233
NRG1	ERBB4	R-HSA-9006925	REACTOME_INTRACELLULAR_SIGNALING_BY_SECOND_MESSENGERS	3.10548117033728e-214	1.41144119191829e-212	8.70029753393485	6.58137366024069	3.47505975550041e-09	1	88	161	0.000392313781121974	1	0	-0.480817994838106	-2.96822194563169
ADAM17	ERBB4	R-HSA-9006925	REACTOME_INTRACELLULAR_SIGNALING_BY_SECOND_MESSENGERS	3.38992877718823e-214	1.46735488498291e-212	1.4101160510875	6.58137366024069	3.79335903889578e-09	1	88	161	0.000392313781121974	1	0	5.53482763327679	-2.96822194563169
ITGB2	ITGAL	R-HSA-1474244	REACTOME_EXTRACELLULAR_MATRIX_ORGANIZATION	3.57913071278031e-214	1.47883173541695e-212	12.9957409508531	9.57801611120613	5.07672413823903e-17	1	45	83	2.15269452445203e-06	1	0	5.76556152538233	0.316751165973224
ICAM3	ITGAL	R-HSA-1474244	REACTOME_EXTRACELLULAR_MATRIX_ORGANIZATION	1.17114735226495e-212	4.62857801395149e-211	7.01524132334348	9.57801611120613	1.66118326202723e-15	1	45	83	2.15269452445203e-06	1	0	6.94092769135818	0.316751165973224
ICAM5	ITGAL	R-HSA-1474244	REACTOME_EXTRACELLULAR_MATRIX_ORGANIZATION	2.80267211588234e-212	1.01905158133482e-210	6.93639503282286	9.57801611120613	3.97537679511474e-15	1	45	83	2.15269452445203e-06	1	0	-3.24983956639454	0.316751165973224
ITGAM	ITGB2	R-HSA-1474244	REACTOME_EXTRACELLULAR_MATRIX_ORGANIZATION	2.76279894957754e-212	1.01905158133482e-210	16.5309971348271	12.9957409508531	3.91881974758228e-15	1	45	83	2.15269452445203e-06	1	0	6.05325334801331	5.76556152538233
ICAM2	ITGAL	R-HSA-1474244	REACTOME_EXTRACELLULAR_MATRIX_ORGANIZATION	8.91537224526533e-212	3.11695129651776e-210	5.96057612091828	9.57801611120613	1.2645776058781e-14	1	45	83	2.15269452445203e-06	1	0	5.99020786714257	0.316751165973224
SPP1	ITGA4	R-HSA-1474244	REACTOME_EXTRACELLULAR_MATRIX_ORGANIZATION	1.34778735572661e-210	4.3819640770832e-209	3.52628787401922	11.6075982897741	1.74093378109224e-11	1	45	82	1.38331138122133e-06	1	0	-4.21471412274633	6.05087903182527
TGM2	ITGA4	R-HSA-1474244	REACTOME_EXTRACELLULAR_MATRIX_ORGANIZATION	1.349779913733e-210	4.3819640770832e-209	1.98540366080875	11.6075982897741	1.74350756361763e-11	1	45	82	1.38331138122133e-06	1	0	-5.06651626145377	6.05087903182527
COL5A3	SDC3	R-HSA-9694516	REACTOME_SARS_COV_2_INFECTION	7.05137902466585e-210	2.21024259773147e-208	8.12734136673925	1.1368949149542	1.52091513325862e-09	1	78	142	0.000191358475866752	1	0	-5.22264500271412	-5.30037032347287
COL9A2	ITGA1	R-HSA-1474244	REACTOME_EXTRACELLULAR_MATRIX_ORGANIZATION	9.7906857774079e-210	2.9665777905546e-208	8.05118941155366	1.2691563010367	1.38873415934757e-12	1	45	83	2.15269452445203e-06	1	0	6.26407663799585	6.22317999564956
SPP1	ITGA5	R-HSA-1474244	REACTOME_EXTRACELLULAR_MATRIX_ORGANIZATION	2.06549380561708e-209	6.0565608687288e-208	3.52628787401922	2.81843843329586	4.97216305314355e-10	1	44	81	1.38331138122133e-06	1	0	-4.21471412274633	-4.94117284223112
ADAM17	ITGA5	R-HSA-1474244	REACTOME_EXTRACELLULAR_MATRIX_ORGANIZATION	2.42388587001598e-209	6.88535079951414e-208	1.4101160510875	2.81843843329586	5.83490288625171e-10	1	44	81	1.38331138122133e-06	1	0	5.53482763327679	-4.94117284223112
ADAM28	ITGA4	R-HSA-1474244	REACTOME_EXTRACELLULAR_MATRIX_ORGANIZATION	9.55784368131671e-209	2.63275148676269e-207	13.6430612190813	11.6075982897741	1.23458443711491e-09	1	45	82	1.38331138122133e-06	1	0	6.5282983767433	6.05087903182527
EFNB2	PECAM1	R-HSA-1474244	REACTOME_EXTRACELLULAR_MATRIX_ORGANIZATION	2.38717569966171e-208	6.38218444409558e-207	2.80254702941213	11.4400409772757	3.38602679511419e-11	1	45	83	2.15269452445203e-06	1	0	-1.79278889076211	4.5471791287388
MMP9	ITGAM	R-HSA-1474244	REACTOME_EXTRACELLULAR_MATRIX_ORGANIZATION	1.65787486236742e-207	4.30573785683424e-206	15.1188915449759	16.5309971348271	2.00776963748298e-15	1	44	81	2.15269452445203e-06	1	0	-1.30828113955721	6.05325334801331
SEMA7A	ITGA1	R-HSA-1474244	REACTOME_EXTRACELLULAR_MATRIX_ORGANIZATION	2.60828486700356e-207	6.58591928918399e-206	9.79085741872736	1.2691563010367	3.69965329749983e-10	1	45	83	2.15269452445203e-06	1	0	4.60406746041105	6.22317999564956
ITGB2	ITGAM	R-HSA-1474244	REACTOME_EXTRACELLULAR_MATRIX_ORGANIZATION	3.23588554601837e-207	7.94978367927215e-206	12.9957409508531	16.5309971348271	3.91881974758228e-15	1	44	81	2.15269452445203e-06	1	0	5.76556152538233	6.05325334801331
MMP9	CD44	R-HSA-1474244	REACTOME_EXTRACELLULAR_MATRIX_ORGANIZATION	1.37972560485878e-205	3.3004488810964e-204	15.1188915449759	1.28699130177455	1.50984931153769e-15	1	43	79	1.78334050653675e-06	1	0	-1.30828113955721	1.15591131949725
TLN1	ITGA1	R-HSA-1474244	REACTOME_EXTRACELLULAR_MATRIX_ORGANIZATION	1.6722035936825e-205	3.89752068373689e-204	1.12008362611655	1.2691563010367	2.37189335326158e-08	1	45	83	2.15269452445203e-06	1	0	4.30237625177188	6.22317999564956
TGFB1	SDC2	R-HSA-1474244	REACTOME_EXTRACELLULAR_MATRIX_ORGANIZATION	3.37123291376005e-205	7.66112679651971e-204	3.14112209804367	6.4543225009276	2.19073894660281e-13	1	45	82	2.15269452445203e-06	1	0	5.19755832572095	6.36500079053041
YWHAZ	IL3RA	R-HSA-5683057	REACTOME_MAPK_FAMILY_SIGNALING_CASCADES	6.50088683837057e-205	1.44129417953143e-203	2.20543630287479	10.1969514682693	4.44495146888959e-14	1	75	138	0.000245434447292395	1	0	8.37332122088212	4.08117884972582
ICAM2	ITGAM	R-HSA-1474244	REACTOME_EXTRACELLULAR_MATRIX_ORGANIZATION	8.06037177765354e-205	1.74449474902073e-203	5.96057612091828	16.5309971348271	9.76151462896776e-13	1	44	81	2.15269452445203e-06	1	0	5.99020786714257	6.05325334801331
C3	ITGAM	R-HSA-1474244	REACTOME_EXTRACELLULAR_MATRIX_ORGANIZATION	1.20002732221985e-204	2.53680194394847e-203	3.94926349424245	16.5309971348271	1.45329329516611e-12	1	44	81	2.15269452445203e-06	1	0	7.22892163971451	6.05325334801331
IL16	GRIN2D	R-HSA-5683057	REACTOME_MAPK_FAMILY_SIGNALING_CASCADES	1.63847214555923e-204	3.38493450071213e-203	8.10206497894335	4.91497207701578	2.36495312575524e-13	1	77	140	0.000237975668190112	1	0	-6.11068214041468	6.87394755689109
LPL	CD44	R-HSA-1474244	REACTOME_EXTRACELLULAR_MATRIX_ORGANIZATION	2.24570302243534e-204	4.53632010531939e-203	14.099600435784	1.28699130177455	2.45749817963925e-14	1	43	79	1.78334050653675e-06	1	0	6.88280044878832	1.15591131949725
YWHAZ	CSF2RB	R-HSA-5683057	REACTOME_MAPK_FAMILY_SIGNALING_CASCADES	2.70438937464135e-204	5.34410856858476e-203	2.20543630287479	9.76661371727464	1.8491137935689e-13	1	75	138	0.000245434447292395	1	0	8.37332122088212	7.70178123203608
VEGFA	RET	R-HSA-5683057	REACTOME_MAPK_FAMILY_SIGNALING_CASCADES	8.5401337683627e-204	1.65169821179611e-202	4.02648845006077	4.67522249736185	5.83927717586792e-13	1	75	138	0.000245434447292395	1	0	7.97551401221459	1.11137795255669
HBEGF	CD44	R-HSA-1474244	REACTOME_EXTRACELLULAR_MATRIX_ORGANIZATION	1.16700098917886e-203	2.21000812325746e-202	4.89501697871428	1.28699130177455	1.27706236216139e-13	1	43	79	1.78334050653675e-06	1	0	5.84427041608315	1.15591131949725
YWHAZ	CSF2RA	R-HSA-5683057	REACTOME_MAPK_FAMILY_SIGNALING_CASCADES	1.56902145115543e-203	2.91069489612303e-202	2.20543630287479	5.03900908814577	1.07281119906106e-12	1	75	138	0.000245434447292395	1	0	8.37332122088212	-6.41945330260141
TGFB1	SDC2	R-HSA-9694516	REACTOME_SARS_COV_2_INFECTION	6.11146987545799e-203	1.11106522335826e-201	3.14112209804367	6.4543225009276	2.19073894660281e-13	1	78	142	0.000280368694992032	1	0	5.19755832572095	6.36500079053041
VEGFA	NRP1	R-HSA-9694516	REACTOME_SARS_COV_2_INFECTION	3.5098741623732e-202	6.25583453646517e-201	4.02648845006077	1.87070556151693	1.25816181407744e-12	1	78	142	0.000280368694992032	1	0	7.97551401221459	-4.05181724627992
CSF2	SDC2	R-HSA-1474244	REACTOME_EXTRACELLULAR_MATRIX_ORGANIZATION	6.54639627302298e-202	1.14436042541883e-200	7.26648712311557	6.4543225009276	4.25406539449433e-10	1	45	82	2.15269452445203e-06	1	0	-6.41945330260141	6.36500079053041
VEGFB	RET	R-HSA-5683057	REACTOME_MAPK_FAMILY_SIGNALING_CASCADES	6.98309856802978e-202	1.19766728270549e-200	1.35841845472351	4.67522249736185	4.7746615206649e-11	1	75	138	0.000245434447292395	1	0	4.69895678266557	1.11137795255669
CSF2	IL3RA	R-HSA-5683057	REACTOME_MAPK_FAMILY_SIGNALING_CASCADES	1.1030978951668e-201	1.85688145686411e-200	7.26648712311557	10.1969514682693	7.54238111100496e-11	1	75	138	0.000245434447292395	1	0	-6.41945330260141	4.08117884972582
ARTN	RET	R-HSA-5683057	REACTOME_MAPK_FAMILY_SIGNALING_CASCADES	2.94033236615584e-201	4.85956749242846e-200	4.84442395890197	4.67522249736185	2.01043872857874e-10	1	75	138	0.000245434447292395	1	0	3.9011144115792	1.11137795255669
FYN	NRP1	R-HSA-9694516	REACTOME_SARS_COV_2_INFECTION	3.86146799976986e-201	6.26799002105501e-200	2.13884060313412	1.87070556151693	1.38419537534288e-11	1	78	142	0.000280368694992032	1	0	-6.25875440017665	-4.05181724627992
CSF2	CSF2RB	R-HSA-5683057	REACTOME_MAPK_FAMILY_SIGNALING_CASCADES	4.58892194411135e-201	7.31812288981969e-200	7.26648712311557	9.76661371727464	3.13765426829212e-10	1	75	138	0.000245434447292395	1	0	-6.41945330260141	7.70178123203608
MMP7	CD44	R-HSA-1474244	REACTOME_EXTRACELLULAR_MATRIX_ORGANIZATION	2.48532836498664e-200	3.89510945478079e-199	7.97883344922994	1.28699130177455	2.71972289823834e-10	1	43	79	1.78334050653675e-06	1	0	-1.49782869064644	1.15591131949725
CSF2	CSF2RA	R-HSA-5683057	REACTOME_MAPK_FAMILY_SIGNALING_CASCADES	2.66238176924631e-200	4.10187292922864e-199	7.26648712311557	5.03900908814577	1.8203912866329e-09	1	75	138	0.000245434447292395	1	0	-6.41945330260141	-6.41945330260141
VEGFB	NRP1	R-HSA-9694516	REACTOME_SARS_COV_2_INFECTION	2.86995472225864e-200	4.34798140422184e-199	1.35841845472351	1.87070556151693	1.02877404506023e-10	1	78	142	0.000280368694992032	1	0	4.69895678266557	-4.05181724627992
SPP1	CD44	R-HSA-1474244	REACTOME_EXTRACELLULAR_MATRIX_ORGANIZATION	3.06630033811486e-200	4.56929017597772e-199	3.52628787401922	1.28699130177455	3.3554870897278e-10	1	43	79	1.78334050653675e-06	1	0	-4.21471412274633	1.15591131949725
CSF2	SDC2	R-HSA-9694516	REACTOME_SARS_COV_2_INFECTION	1.18674991134825e-199	1.73992849905736e-198	7.26648712311557	6.4543225009276	4.25406539449433e-10	1	78	142	0.000280368694992032	1	0	-6.41945330260141	6.36500079053041
VIM	CD44	R-HSA-1474244	REACTOME_EXTRACELLULAR_MATRIX_ORGANIZATION	1.64556843469241e-199	2.37432017005619e-198	1.03211033767015	1.28699130177455	1.80076412256102e-09	1	43	79	1.78334050653675e-06	1	0	4.82783652985955	1.15591131949725
COL5A3	SDC3	R-HSA-1474244	REACTOME_EXTRACELLULAR_MATRIX_ORGANIZATION	2.58574013929998e-199	3.6725590415995e-198	8.12734136673925	1.1368949149542	1.52091513325862e-09	1	44	80	1.78334050653675e-06	1	0	-5.22264500271412	-5.30037032347287
HBEGF	ERBB4	R-HSA-5683057	REACTOME_MAPK_FAMILY_SIGNALING_CASCADES	3.50456008687139e-198	4.90099249071707e-197	4.89501697871428	6.58137366024069	1.23024671338808e-12	1	74	136	0.000266775126644558	1	0	5.84427041608315	-2.96822194563169
UBC	ERBB4	R-HSA-5683057	REACTOME_MAPK_FAMILY_SIGNALING_CASCADES	1.68479026386452e-195	2.32041568159523e-194	4.10321008708002	6.58137366024069	5.91431630073125e-10	1	74	136	0.000266775126644558	1	0	-5.60109607146166	-2.96822194563169
MMP7	ERBB4	R-HSA-5683057	REACTOME_MAPK_FAMILY_SIGNALING_CASCADES	7.4635605894646e-195	1.0125935187796e-193	7.97883344922994	6.58137366024069	2.6200209606218e-09	1	74	136	0.000266775126644558	1	0	-1.49782869064644	-2.96822194563169
NRG1	ERBB4	R-HSA-5683057	REACTOME_MAPK_FAMILY_SIGNALING_CASCADES	9.8992792145571e-195	1.32330070676947e-193	8.70029753393485	6.58137366024069	3.47505975550041e-09	1	74	136	0.000266775126644558	1	0	-0.480817994838106	-2.96822194563169
ADAM17	ERBB4	R-HSA-5683057	REACTOME_MAPK_FAMILY_SIGNALING_CASCADES	1.08060070701391e-194	1.42357397489224e-193	1.4101160510875	6.58137366024069	3.79335903889578e-09	1	74	136	0.000266775126644558	1	0	5.53482763327679	-2.96822194563169
FABP5	RXRA	R-HSA-1852241	REACTOME_ORGANELLE_BIOGENESIS_AND_MAINTENANCE	1.90570368683886e-184	2.47469235905217e-183	9.57008852839852	1.68361392236059	5.81784655455214e-13	1	79	144	0.000583941025574297	1	0	3.45004811875469	6.75656281282435
ABCA1	RXRA	R-HSA-1852241	REACTOME_ORGANELLE_BIOGENESIS_AND_MAINTENANCE	1.63501416386543e-183	2.09327869711786e-182	7.72041715625344	1.68361392236059	4.99146933785241e-12	1	79	144	0.000583941025574297	1	0	-6.41945330260141	6.75656281282435
RPS19	C5AR1	R-HSA-418594	REACTOME_G_ALPHA_I_SIGNALLING_EVENTS	2.26215969933664e-182	2.85597662041251e-181	7.43447895201995	13.6966789438658	2.33109392347326e-15	1	44	81	9.83391006641659e-06	1	0	7.40419482553417	-6.26217711110194
TGFB1	CXCR4	R-HSA-418594	REACTOME_G_ALPHA_I_SIGNALLING_EVENTS	2.91913768092001e-181	3.63492623555657e-180	3.14112209804367	5.247457689196	3.00809183001975e-14	1	44	81	9.83391006641659e-06	1	0	5.19755832572095	-3.35035647540864
C3	C3AR1	R-HSA-418594	REACTOME_G_ALPHA_I_SIGNALLING_EVENTS	5.135897124186e-178	6.30882498092577e-177	3.94926349424245	6.17300679507666	1.10938006527553e-15	1	44	80	9.83391006641659e-06	1	0	7.22892163971451	0.990582027645615
FABP5	RXRA	R-HSA-9006931	REACTOME_SIGNALING_BY_NUCLEAR_RECEPTORS	8.09069437202328e-178	9.80592157889222e-177	9.57008852839852	1.68361392236059	5.81784655455214e-13	1	72	132	0.000465515431400875	1	0	3.45004811875469	6.75656281282435
ABCA1	RXRA	R-HSA-9006931	REACTOME_SIGNALING_BY_NUCLEAR_RECEPTORS	6.94147783053692e-177	8.30237282626061e-176	7.72041715625344	1.68361392236059	4.99146933785241e-12	1	72	132	0.000465515431400875	1	0	-6.41945330260141	6.75656281282435
GNAS	ADCY8	R-HSA-418594	REACTOME_G_ALPHA_I_SIGNALLING_EVENTS	7.75735516583236e-177	9.15770889057352e-176	3.70969835811646	10.3110820516253	1.67562841936802e-14	1	44	80	9.83391006641659e-06	1	0	4.55564546302124	4.44304765339598
CXCL13	CXCR5	R-HSA-418594	REACTOME_G_ALPHA_I_SIGNALLING_EVENTS	2.02513858392997e-176	2.36006534973377e-175	18.7125865084989	10.2412584395774	4.37440299154804e-14	1	44	80	9.83391006641659e-06	1	0	5.4249390432801	4.71829198146271
GNAS	ADCY1	R-HSA-418594	REACTOME_G_ALPHA_I_SIGNALLING_EVENTS	5.75391085990963e-176	6.6206392046302e-175	3.70969835811646	9.201462497802	7.17504332726115e-13	1	44	80	9.37880921871555e-06	1	0	4.55564546302124	3.96421770987343
TGFB1	SDC2	R-HSA-71387	REACTOME_METABOLISM_OF_CARBOHYDRATES	6.60753204617245e-173	7.50780828746345e-172	3.14112209804367	6.4543225009276	2.19073894660281e-13	1	46	85	2.5147195258102e-05	1	0	5.19755832572095	6.36500079053041
COL5A3	SDC3	R-HSA-71387	REACTOME_METABOLISM_OF_CARBOHYDRATES	8.77419409870868e-170	9.84659559966197e-169	8.12734136673925	1.1368949149542	1.52091513325862e-09	1	46	85	2.41285047017705e-05	1	0	-5.22264500271412	-5.30037032347287
CSF2	SDC2	R-HSA-71387	REACTOME_METABOLISM_OF_CARBOHYDRATES	1.28307726779693e-169	1.42233809320416e-168	7.26648712311557	6.4543225009276	4.25406539449433e-10	1	46	85	2.5147195258102e-05	1	0	-6.41945330260141	6.36500079053041
TGM2	TBXA2R	R-HSA-76002	REACTOME_PLATELET_ACTIVATION_SIGNALING_AND_AGGREGATION	6.29561781503202e-169	6.89483926971579e-168	1.98540366080875	6.64184901615579	8.40965390889549e-11	1	42	78	1.32184210896227e-05	1	0	-5.06651626145377	3.99078629239796
EFNB2	PECAM1	R-HSA-76002	REACTOME_PLATELET_ACTIVATION_SIGNALING_AND_AGGREGATION	8.88391238580694e-169	9.61366233178394e-168	2.80254702941213	11.4400409772757	3.38602679511419e-11	1	42	77	1.02277862178952e-05	1	0	-1.79278889076211	4.5471791287388
HBEGF	ERBB4	R-HSA-9006931	REACTOME_SIGNALING_BY_NUCLEAR_RECEPTORS	1.43579772365483e-166	1.5354589774144e-165	4.89501697871428	6.58137366024069	1.23024671338808e-12	1	68	124	0.000465515431400875	1	0	5.84427041608315	-2.96822194563169
UBC	ERBB4	R-HSA-9006931	REACTOME_SIGNALING_BY_NUCLEAR_RECEPTORS	6.9024869476614e-164	7.29576818072583e-163	4.10321008708002	6.58137366024069	5.91431630073125e-10	1	68	124	0.000465515431400875	1	0	-5.60109607146166	-2.96822194563169
MMP7	ERBB4	R-HSA-9006931	REACTOME_SIGNALING_BY_NUCLEAR_RECEPTORS	3.05777702167456e-163	3.19484978471514e-162	7.97883344922994	6.58137366024069	2.6200209606218e-09	1	68	124	0.000465515431400875	1	0	-1.49782869064644	-2.96822194563169
NRG1	ERBB4	R-HSA-9006931	REACTOME_SIGNALING_BY_NUCLEAR_RECEPTORS	4.05567666404979e-163	4.18932964502416e-162	8.70029753393485	6.58137366024069	3.47505975550041e-09	1	68	124	0.000465515431400875	1	0	-0.480817994838106	-2.96822194563169
ADAM17	ERBB4	R-HSA-9006931	REACTOME_SIGNALING_BY_NUCLEAR_RECEPTORS	4.42715775118997e-163	4.52167010767604e-162	1.4101160510875	6.58137366024069	3.79335903889578e-09	1	68	124	0.000465515431400875	1	0	5.53482763327679	-2.96822194563169
C3	C3AR1	R-HSA-9658195	REACTOME_LEISHMANIA_INFECTION	1.29363574172386e-162	1.3065720991411e-161	3.94926349424245	6.17300679507666	1.10938006527553e-15	1	47	86	5.10964848606855e-05	1	0	7.22892163971451	0.990582027645615
GNAS	ADCY8	R-HSA-9658195	REACTOME_LEISHMANIA_INFECTION	1.953931642538e-161	1.95178446490884e-160	3.70969835811646	10.3110820516253	1.67562841936802e-14	1	47	86	5.10964848606855e-05	1	0	4.55564546302124	4.44304765339598
GNAS	ADCY1	R-HSA-9658195	REACTOME_LEISHMANIA_INFECTION	8.36673813338895e-160	8.26670104701147e-159	3.70969835811646	9.201462497802	7.17504332726115e-13	1	47	86	5.10964848606855e-05	1	0	4.55564546302124	3.96421770987343
TGFB1	CXCR4	R-HSA-162906	REACTOME_HIV_INFECTION	2.06524936067146e-158	2.01861469768855e-157	3.14112209804367	5.247457689196	3.00809183001975e-14	1	64	117	0.000503586147844505	1	0	5.19755832572095	-3.35035647540864
IL16	CD4	R-HSA-162906	REACTOME_HIV_INFECTION	2.68852114889146e-158	2.59985715355568e-157	8.10206497894335	13.6358505419342	3.91590413091151e-14	1	64	117	0.000503586147844505	1	0	-6.11068214041468	-1.47758833979379
FABP5	RXRA	R-HSA-2990846	REACTOME_SUMOYLATION	9.20199410967325e-154	8.80485541651893e-153	9.57008852839852	1.68361392236059	5.81784655455214e-13	1	69	127	0.000972477908416087	1	0	3.45004811875469	6.75656281282435
ABCA1	RXRA	R-HSA-2990846	REACTOME_SUMOYLATION	7.89492658750062e-153	7.47550861253965e-152	7.72041715625344	1.68361392236059	4.99146933785241e-12	1	69	127	0.000972477908416087	1	0	-6.41945330260141	6.75656281282435
FABP5	RXRA	R-HSA-9711123	REACTOME_CELLULAR_RESPONSE_TO_CHEMICAL_STRESS	1.27798820514069e-152	1.19761987471432e-151	9.57008852839852	1.68361392236059	5.81784655455214e-13	1	56	103	0.00029498638916823	1	0	3.45004811875469	6.75656281282435
MMP9	ITGB2	R-HSA-168898	REACTOME_TOLL_LIKE_RECEPTOR_CASCADES	1.62158349869027e-152	1.5041014288872e-151	15.1188915449759	12.9957409508531	5.55691053627409e-20	1	53	97	0.000270844599989713	1	0	-1.30828113955721	5.76556152538233
FABP5	RXRA	R-HSA-9006936	REACTOME_SIGNALING_BY_TGFB_FAMILY_MEMBERS	6.13412949821164e-152	5.63224617563069e-151	9.57008852839852	1.68361392236059	5.81784655455214e-13	1	57	104	0.000300883787252252	1	0	3.45004811875469	6.75656281282435
ABCA1	RXRA	R-HSA-9711123	REACTOME_CELLULAR_RESPONSE_TO_CHEMICAL_STRESS	1.09646049965095e-151	9.96682594182713e-151	7.72041715625344	1.68361392236059	4.99146933785241e-12	1	56	103	0.00029498638916823	1	0	-6.41945330260141	6.75656281282435
ABCA1	RXRA	R-HSA-9006936	REACTOME_SIGNALING_BY_TGFB_FAMILY_MEMBERS	5.26282689267256e-151	4.73654420340531e-150	7.72041715625344	1.68361392236059	4.99146933785241e-12	1	57	104	0.000300883787252252	1	0	-6.41945330260141	6.75656281282435
ICAM3	ITGB2	R-HSA-168898	REACTOME_TOLL_LIKE_RECEPTOR_CASCADES	1.0356540390585e-150	9.22950511278604e-150	7.01524132334348	12.9957409508531	3.54902282011827e-18	1	53	97	0.000270844599989713	1	0	6.94092769135818	5.76556152538233
ICAM5	ITGB2	R-HSA-168898	REACTOME_TOLL_LIKE_RECEPTOR_CASCADES	2.47842313894717e-150	2.18726857602231e-149	6.93639503282286	12.9957409508531	8.493164653738e-18	1	53	97	0.000270844599989713	1	0	-3.24983956639454	5.76556152538233
ICAM2	ITGB2	R-HSA-168898	REACTOME_TOLL_LIKE_RECEPTOR_CASCADES	7.88392789144965e-150	6.89085620512282e-149	5.96057612091828	12.9957409508531	2.70169756923443e-17	1	53	97	0.000270844599989713	1	0	5.99020786714257	5.76556152538233
C3	ITGB2	R-HSA-168898	REACTOME_TOLL_LIKE_RECEPTOR_CASCADES	1.17375837456779e-149	1.01613939284011e-148	3.94926349424245	12.9957409508531	4.02228456563833e-17	1	53	97	0.000270844599989713	1	0	7.22892163971451	5.76556152538233
UBC	TLR4	R-HSA-5357801	REACTOME_PROGRAMMED_CELL_DEATH	4.15439673553263e-149	3.5625911628294e-148	4.10321008708002	4.97971482845478	1.19712183675261e-12	1	56	102	0.00029498638916823	1	0	-5.60109607146166	6.63556963125616
TGFB1	ACVRL1	R-HSA-9006936	REACTOME_SIGNALING_BY_TGFB_FAMILY_MEMBERS	4.5543261804199e-149	3.86904906355298e-148	3.14112209804367	7.41917926063486	2.98812724535082e-13	1	56	102	0.000304424916683613	1	0	5.19755832572095	-4.32296031673241
TGFB1	SDC2	R-HSA-381426	REACTOME_REGULATION_OF_INSULIN_LIKE_GROWTH_FACTOR_IGF_TRANSPORT_AND_UPTAKE_BY_INSULIN_LIKE_GROWTH_FACTOR_BINDING_PROTEINS_IGFBPS	5.41819999583748e-149	4.56031832982988e-148	3.14112209804367	6.4543225009276	2.19073894660281e-13	1	36	66	1.04454939547069e-05	1	0	5.19755832572095	6.36500079053041
MMP9	ITGAM	R-HSA-168898	REACTOME_TOLL_LIKE_RECEPTOR_CASCADES	5.85895002638775e-148	4.88604181099676e-147	15.1188915449759	16.5309971348271	2.00776963748298e-15	1	53	97	0.000270844599989713	1	0	-1.30828113955721	6.05325334801331
ITGAM	ITGB2	R-HSA-168898	REACTOME_TOLL_LIKE_RECEPTOR_CASCADES	1.14356590690802e-147	9.36487756197649e-147	16.5309971348271	12.9957409508531	3.91881974758228e-15	1	53	97	0.000270844599989713	1	0	6.05325334801331	5.76556152538233
ITGB2	ITGAM	R-HSA-168898	REACTOME_TOLL_LIKE_RECEPTOR_CASCADES	1.14356590690802e-147	9.36487756197649e-147	12.9957409508531	16.5309971348271	3.91881974758228e-15	1	53	97	0.000270844599989713	1	0	5.76556152538233	6.05325334801331
GDF11	ACVR1B	R-HSA-9006936	REACTOME_SIGNALING_BY_TGFB_FAMILY_MEMBERS	4.54429260879795e-147	3.68818034053333e-146	1.64965659784912	2.16622699841861	4.56423665282589e-08	1	56	103	0.000304424916683613	1	0	-2.97175511961335	4.47937893455755
CSF2	SDC2	R-HSA-381426	REACTOME_REGULATION_OF_INSULIN_LIKE_GROWTH_FACTOR_IGF_TRANSPORT_AND_UPTAKE_BY_INSULIN_LIKE_GROWTH_FACTOR_BINDING_PROTEINS_IGFBPS	1.0521279652459e-145	8.46357805671259e-145	7.26648712311557	6.4543225009276	4.25406539449433e-10	1	36	66	1.04454939547069e-05	1	0	-6.41945330260141	6.36500079053041
TGFB1	TGFBR1	R-HSA-9006936	REACTOME_SIGNALING_BY_TGFB_FAMILY_MEMBERS	1.16980825047443e-145	9.32768157615141e-145	3.14112209804367	1.45796522957666	1.88721421067582e-09	1	57	105	0.000398177780251284	1	0	5.19755832572095	-6.41945330260141
TGFB1	TGFBR1	R-HSA-5688426	REACTOME_DEUBIQUITINATION	1.90191166905031e-145	1.50333713666672e-144	3.14112209804367	1.45796522957666	1.88721421067582e-09	1	80	146	0.00216832219607571	1	0	5.19755832572095	-6.41945330260141
ICAM2	ITGAM	R-HSA-168898	REACTOME_TOLL_LIKE_RECEPTOR_CASCADES	2.84854523772327e-145	2.23217898369866e-144	5.96057612091828	16.5309971348271	9.76151462896776e-13	1	53	97	0.000270844599989713	1	0	5.99020786714257	6.05325334801331
C3	ITGAM	R-HSA-168898	REACTOME_TOLL_LIKE_RECEPTOR_CASCADES	4.24091122362878e-145	3.29486179681928e-144	3.94926349424245	16.5309971348271	1.45329329516611e-12	1	53	97	0.000270844599989713	1	0	7.22892163971451	6.05325334801331
UBC	TGFBR1	R-HSA-9006936	REACTOME_SIGNALING_BY_TGFB_FAMILY_MEMBERS	9.56899147035402e-145	7.37136715809475e-144	4.10321008708002	1.45796522957666	1.54373476827196e-08	1	57	105	0.000398177780251284	1	0	-5.60109607146166	-6.41945330260141
UBC	TGFBR1	R-HSA-5688426	REACTOME_DEUBIQUITINATION	1.55575723894306e-144	1.18838935310861e-143	4.10321008708002	1.45796522957666	1.54373476827196e-08	1	80	146	0.00216832219607571	1	0	-5.60109607146166	-6.41945330260141
TGFB1	CXCR4	R-HSA-162587	REACTOME_HIV_LIFE_CYCLE	3.22181597007077e-142	2.44052559732861e-141	3.14112209804367	5.247457689196	3.00809183001975e-14	1	55	100	0.00038968129379584	1	0	5.19755832572095	-3.35035647540864
IL16	CD4	R-HSA-162587	REACTOME_HIV_LIFE_CYCLE	4.19412809819506e-142	3.15079540599943e-141	8.10206497894335	13.6358505419342	3.91590413091151e-14	1	55	100	0.00038968129379584	1	0	-6.11068214041468	-1.47758833979379
IL16	CD4	R-HSA-8856828	REACTOME_CLATHRIN_MEDIATED_ENDOCYTOSIS	1.30258898255649e-140	9.70535561593318e-140	8.10206497894335	13.6358505419342	3.91590413091151e-14	1	48	88	0.000198350009114978	1	0	-6.11068214041468	-1.47758833979379
UBC	TLR4	R-HSA-983169	REACTOME_CLASS_I_MHC_MEDIATED_ANTIGEN_PROCESSING_PRESENTATION	1.38205020262292e-140	1.02136880827986e-139	4.10321008708002	4.97971482845478	1.19712183675261e-12	1	89	163	0.00458445874129779	1	0	-5.60109607146166	6.63556963125616
UBC	TLR4	R-HSA-168898	REACTOME_TOLL_LIKE_RECEPTOR_CASCADES	1.83987009068353e-139	1.3487434777672e-138	4.10321008708002	4.97971482845478	1.19712183675261e-12	1	52	96	0.000368067035871662	1	0	-5.60109607146166	6.63556963125616
B2M	TFRC	R-HSA-8856828	REACTOME_CLATHRIN_MEDIATED_ENDOCYTOSIS	2.56020783451668e-137	1.86178313726053e-136	3.89784702561476	1.01174550518786	6.38206383449392e-09	1	48	88	0.000178084350874076	1	0	0.546563503342828	4.81093271457256
GNAS	ADCY8	R-HSA-112315	REACTOME_TRANSMISSION_ACROSS_CHEMICAL_SYNAPSES	1.46464606363631e-136	1.05663751733762e-135	3.70969835811646	10.3110820516253	1.67562841936802e-14	1	40	74	8.07349310151577e-05	1	0	4.55564546302124	4.44304765339598
IL16	GRIN2D	R-HSA-112315	REACTOME_TRANSMISSION_ACROSS_CHEMICAL_SYNAPSES	2.25034895725663e-135	1.61068283633565e-134	8.10206497894335	4.91497207701578	2.36495312575524e-13	1	41	75	7.94905151762361e-05	1	0	-6.11068214041468	6.87394755689109
GNAS	ADCY1	R-HSA-112315	REACTOME_TRANSMISSION_ACROSS_CHEMICAL_SYNAPSES	6.27161657335491e-135	4.45382770717157e-134	3.70969835811646	9.201462497802	7.17504332726115e-13	1	40	74	8.07349310151577e-05	1	0	4.55564546302124	3.96421770987343
MMP9	CD44	R-HSA-913531	REACTOME_INTERFERON_SIGNALING	1.80517261325066e-132	1.272016980965e-131	15.1188915449759	1.28699130177455	1.50984931153769e-15	1	73	134	0.00306485740667911	1	0	-1.30828113955721	1.15591131949725
HBEGF	ERBB4	R-HSA-8939211	REACTOME_ESR_MEDIATED_SIGNALING	7.37671528892037e-132	5.15802630586817e-131	4.89501697871428	6.58137366024069	1.23024671338808e-12	1	52	95	0.000465515431400875	1	0	5.84427041608315	-2.96822194563169
LPL	CD44	R-HSA-913531	REACTOME_INTERFERON_SIGNALING	2.93817957666258e-131	2.03878262227961e-130	14.099600435784	1.28699130177455	2.45749817963925e-14	1	73	134	0.00306485740667911	1	0	6.88280044878832	1.15591131949725
HBEGF	ERBB4	R-HSA-112315	REACTOME_TRANSMISSION_ACROSS_CHEMICAL_SYNAPSES	3.7151291762971e-131	2.5583730464046e-130	4.89501697871428	6.58137366024069	1.23024671338808e-12	1	40	73	7.94905151762361e-05	1	0	5.84427041608315	-2.96822194563169
HBEGF	CD44	R-HSA-913531	REACTOME_INTERFERON_SIGNALING	1.52685303359121e-130	1.04354090792061e-129	4.89501697871428	1.28699130177455	1.27706236216139e-13	1	73	134	0.00306485740667911	1	0	5.84427041608315	1.15591131949725
UBC	ERBB4	R-HSA-8939211	REACTOME_ESR_MEDIATED_SIGNALING	3.54629904752712e-129	2.40566107030011e-128	4.10321008708002	6.58137366024069	5.91431630073125e-10	1	52	95	0.000465515431400875	1	0	-5.60109607146166	-2.96822194563169
MMP7	ERBB4	R-HSA-8939211	REACTOME_ESR_MEDIATED_SIGNALING	1.57099778988915e-128	1.05780517852536e-127	7.97883344922994	6.58137366024069	2.6200209606218e-09	1	52	95	0.000465515431400875	1	0	-1.49782869064644	-2.96822194563169
UBC	ERBB4	R-HSA-112315	REACTOME_TRANSMISSION_ACROSS_CHEMICAL_SYNAPSES	1.78601973145569e-128	1.19374407050972e-127	4.10321008708002	6.58137366024069	5.91431630073125e-10	1	40	73	7.94905151762361e-05	1	0	-5.60109607146166	-2.96822194563169
NRG1	ERBB4	R-HSA-8939211	REACTOME_ESR_MEDIATED_SIGNALING	2.08368989320156e-128	1.38253584884687e-127	8.70029753393485	6.58137366024069	3.47505975550041e-09	1	52	95	0.000465515431400875	1	0	-0.480817994838106	-2.96822194563169
ADAM17	ERBB4	R-HSA-8939211	REACTOME_ESR_MEDIATED_SIGNALING	2.27454617956453e-128	1.49823367914794e-127	1.4101160510875	6.58137366024069	3.79335903889578e-09	1	52	95	0.000465515431400875	1	0	5.53482763327679	-2.96822194563169
MMP7	ERBB4	R-HSA-112315	REACTOME_TRANSMISSION_ACROSS_CHEMICAL_SYNAPSES	7.91200350904375e-128	5.17410876958329e-127	7.97883344922994	6.58137366024069	2.6200209606218e-09	1	40	73	7.94905151762361e-05	1	0	-1.49782869064644	-2.96822194563169
NRG1	ERBB4	R-HSA-112315	REACTOME_TRANSMISSION_ACROSS_CHEMICAL_SYNAPSES	1.04940706173323e-127	6.81365013653932e-127	8.70029753393485	6.58137366024069	3.47505975550041e-09	1	40	73	7.94905151762361e-05	1	0	-0.480817994838106	-2.96822194563169
ADAM17	ERBB4	R-HSA-112315	REACTOME_TRANSMISSION_ACROSS_CHEMICAL_SYNAPSES	1.14552785942916e-127	7.38499875334117e-127	1.4101160510875	6.58137366024069	3.79335903889578e-09	1	40	73	7.94905151762361e-05	1	0	5.53482763327679	-2.96822194563169
MMP7	CD44	R-HSA-913531	REACTOME_INTERFERON_SIGNALING	3.2516948903533e-127	2.08154271502193e-126	7.97883344922994	1.28699130177455	2.71972289823834e-10	1	73	134	0.00306485740667911	1	0	-1.49782869064644	1.15591131949725
SPP1	CD44	R-HSA-913531	REACTOME_INTERFERON_SIGNALING	4.01181320030131e-127	2.55016657277895e-126	3.52628787401922	1.28699130177455	3.3554870897278e-10	1	73	134	0.00306485740667911	1	0	-4.21471412274633	1.15591131949725
UBC	TLR4	R-HSA-109581	REACTOME_APOPTOSIS	1.80650439223519e-126	1.14035589759846e-125	4.10321008708002	4.97971482845478	1.19712183675261e-12	1	45	83	0.00029498638916823	1	0	-5.60109607146166	6.63556963125616
VIM	CD44	R-HSA-913531	REACTOME_INTERFERON_SIGNALING	2.15298974018861e-126	1.34970184402169e-125	1.03211033767015	1.28699130177455	1.80076412256102e-09	1	73	134	0.00306485740667911	1	0	4.82783652985955	1.15591131949725
TNF	TNFRSF1B	R-HSA-6785807	REACTOME_INTERLEUKIN_4_AND_INTERLEUKIN_13_SIGNALING	5.49427047980353e-124	3.42074785352151e-123	13.8864726882537	6.69818524828608	8.51272336279243e-13	1	32	59	2.69759105685559e-05	1	0	5.98234032019044	5.65282494151214
MMP9	ITGB2	R-HSA-6785807	REACTOME_INTERLEUKIN_4_AND_INTERLEUKIN_13_SIGNALING	3.98931057083765e-120	2.46685939380369e-119	15.1188915449759	12.9957409508531	5.55691053627409e-20	1	31	58	6.8467443119653e-05	1	0	-1.30828113955721	5.76556152538233
ICAM3	ITGB2	R-HSA-6785807	REACTOME_INTERLEUKIN_4_AND_INTERLEUKIN_13_SIGNALING	2.54784635455638e-118	1.56485968668361e-117	7.01524132334348	12.9957409508531	3.54902282011827e-18	1	31	58	6.8467443119653e-05	1	0	6.94092769135818	5.76556152538233
ICAM5	ITGB2	R-HSA-6785807	REACTOME_INTERLEUKIN_4_AND_INTERLEUKIN_13_SIGNALING	6.09724977788459e-118	3.71973157590409e-117	6.93639503282286	12.9957409508531	8.493164653738e-18	1	31	58	6.8467443119653e-05	1	0	-3.24983956639454	5.76556152538233
ICAM2	ITGB2	R-HSA-6785807	REACTOME_INTERLEUKIN_4_AND_INTERLEUKIN_13_SIGNALING	1.93955087126162e-117	1.17536782798454e-116	5.96057612091828	12.9957409508531	2.70169756923443e-17	1	31	58	6.8467443119653e-05	1	0	5.99020786714257	5.76556152538233
C3	ITGB2	R-HSA-6785807	REACTOME_INTERLEUKIN_4_AND_INTERLEUKIN_13_SIGNALING	2.8876013446452e-117	1.73829776310099e-116	3.94926349424245	12.9957409508531	4.02228456563833e-17	1	31	58	6.8467443119653e-05	1	0	7.22892163971451	5.76556152538233
MMP9	ITGAM	R-HSA-6785807	REACTOME_INTERLEUKIN_4_AND_INTERLEUKIN_13_SIGNALING	1.44137944750649e-115	8.61982840646972e-115	15.1188915449759	16.5309971348271	2.00776963748298e-15	1	31	58	6.8467443119653e-05	1	0	-1.30828113955721	6.05325334801331
ITGAM	ITGB2	R-HSA-6785807	REACTOME_INTERLEUKIN_4_AND_INTERLEUKIN_13_SIGNALING	2.81332386803541e-115	1.66059181561311e-114	16.5309971348271	12.9957409508531	3.91881974758228e-15	1	31	58	6.8467443119653e-05	1	0	6.05325334801331	5.76556152538233
ITGB2	ITGAM	R-HSA-6785807	REACTOME_INTERLEUKIN_4_AND_INTERLEUKIN_13_SIGNALING	2.81332386803541e-115	1.66059181561311e-114	12.9957409508531	16.5309971348271	3.91881974758228e-15	1	31	58	6.8467443119653e-05	1	0	5.76556152538233	6.05325334801331
GNAS	ADCY8	R-HSA-112314	REACTOME_NEUROTRANSMITTER_RECEPTORS_AND_POSTSYNAPTIC_SIGNAL_TRANSMISSION	4.91844058322697e-115	2.88442741300214e-114	3.70969835811646	10.3110820516253	1.67562841936802e-14	1	33	61	8.62020737333223e-05	1	0	4.55564546302124	4.44304765339598
IL16	GRIN2D	R-HSA-112314	REACTOME_NEUROTRANSMITTER_RECEPTORS_AND_POSTSYNAPTIC_SIGNAL_TRANSMISSION	1.24318894579478e-114	7.24396635722727e-114	8.10206497894335	4.91497207701578	2.36495312575524e-13	1	34	62	7.94905151762361e-05	1	0	-6.11068214041468	6.87394755689109
GNAS	ADCY1	R-HSA-112314	REACTOME_NEUROTRANSMITTER_RECEPTORS_AND_POSTSYNAPTIC_SIGNAL_TRANSMISSION	2.10607697263353e-113	1.21937832364578e-112	3.70969835811646	9.201462497802	7.17504332726115e-13	1	33	61	8.62020737333223e-05	1	0	4.55564546302124	3.96421770987343
ICAM2	ITGAM	R-HSA-6785807	REACTOME_INTERLEUKIN_4_AND_INTERLEUKIN_13_SIGNALING	7.00779925149522e-113	4.03170222760073e-112	5.96057612091828	16.5309971348271	9.76151462896776e-13	1	31	58	6.8467443119653e-05	1	0	5.99020786714257	6.05325334801331
C3	ITGAM	R-HSA-6785807	REACTOME_INTERLEUKIN_4_AND_INTERLEUKIN_13_SIGNALING	1.04332043265555e-112	5.96464322820059e-112	3.94926349424245	16.5309971348271	1.45329329516611e-12	1	31	58	6.8467443119653e-05	1	0	7.22892163971451	6.05325334801331
UBC	TLR4	R-HSA-166166	REACTOME_MYD88_INDEPENDENT_TLR4_CASCADE	4.43057386119e-112	2.51711977488857e-111	4.10321008708002	4.97971482845478	1.19712183675261e-12	1	42	78	0.000510197703145226	1	0	-5.60109607146166	6.63556963125616
HBEGF	ERBB4	R-HSA-112314	REACTOME_NEUROTRANSMITTER_RECEPTORS_AND_POSTSYNAPTIC_SIGNAL_TRANSMISSION	2.05881138106092e-110	1.162397233158e-109	4.89501697871428	6.58137366024069	1.23024671338808e-12	1	33	60	7.94905151762361e-05	1	0	5.84427041608315	-2.96822194563169
FABP5	RXRA	R-HSA-8957322	REACTOME_METABOLISM_OF_STEROIDS	6.71144241132807e-109	3.76586490857853e-108	9.57008852839852	1.68361392236059	5.81784655455214e-13	1	34	63	0.000160071036336527	1	0	3.45004811875469	6.75656281282435
ABCA1	RXRA	R-HSA-8957322	REACTOME_METABOLISM_OF_STEROIDS	5.75813725831158e-108	3.21113298638358e-107	7.72041715625344	1.68361392236059	4.99146933785241e-12	1	34	63	0.000160071036336527	1	0	-6.41945330260141	6.75656281282435
UBC	ERBB4	R-HSA-112314	REACTOME_NEUROTRANSMITTER_RECEPTORS_AND_POSTSYNAPTIC_SIGNAL_TRANSMISSION	9.89757711085918e-108	5.48591316693354e-107	4.10321008708002	6.58137366024069	5.91431630073125e-10	1	33	60	7.94905151762361e-05	1	0	-5.60109607146166	-2.96822194563169
MMP7	ERBB4	R-HSA-112314	REACTOME_NEUROTRANSMITTER_RECEPTORS_AND_POSTSYNAPTIC_SIGNAL_TRANSMISSION	4.38459124795463e-107	2.41551117841864e-106	7.97883344922994	6.58137366024069	2.6200209606218e-09	1	33	60	7.94905151762361e-05	1	0	-1.49782869064644	-2.96822194563169
NRG1	ERBB4	R-HSA-112314	REACTOME_NEUROTRANSMITTER_RECEPTORS_AND_POSTSYNAPTIC_SIGNAL_TRANSMISSION	5.81549415790566e-107	3.1845085479134e-106	8.70029753393485	6.58137366024069	3.47505975550041e-09	1	33	60	7.94905151762361e-05	1	0	-0.480817994838106	-2.96822194563169
ADAM17	ERBB4	R-HSA-112314	REACTOME_NEUROTRANSMITTER_RECEPTORS_AND_POSTSYNAPTIC_SIGNAL_TRANSMISSION	6.3481663285414e-107	3.45537915727193e-106	1.4101160510875	6.58137366024069	3.79335903889578e-09	1	33	60	7.94905151762361e-05	1	0	5.53482763327679	-2.96822194563169
CAP1	ROBO1	R-HSA-376176	REACTOME_SIGNALING_BY_ROBO_RECEPTORS	4.92431552628437e-106	2.66440643654315e-105	4.40146747798861	8.49956445559487	1.81042953352961e-17	1	51	93	0.00208033477543573	1	0	7.18547999307474	4.89189834921981
MMP9	CD44	R-HSA-1474228	REACTOME_DEGRADATION_OF_THE_EXTRACELLULAR_MATRIX	5.08071401812948e-105	2.73276274702941e-104	15.1188915449759	1.28699130177455	1.50984931153769e-15	1	18	33	6.93824928005725e-07	1	0	-1.30828113955721	1.15591131949725
NRP1	ROBO1	R-HSA-376176	REACTOME_SIGNALING_BY_ROBO_RECEPTORS	4.95815434696485e-104	2.65115429493591e-103	1.87070556151693	8.49956445559487	1.82287040983268e-15	1	51	93	0.00208033477543573	1	0	-4.05181724627992	4.89189834921981
UBC	TLR4	R-HSA-168179	REACTOME_TOLL_LIKE_RECEPTOR_TLR1_TLR2_CASCADE	5.38737048453618e-104	2.86381273125344e-103	4.10321008708002	4.97971482845478	1.19712183675261e-12	1	39	72	0.000510197703145226	1	0	-5.60109607146166	6.63556963125616
LPL	CD44	R-HSA-1474228	REACTOME_DEGRADATION_OF_THE_EXTRACELLULAR_MATRIX	8.26959707529005e-104	4.37038589618526e-103	14.099600435784	1.28699130177455	2.45749817963925e-14	1	18	33	6.93824928005725e-07	1	0	6.88280044878832	1.15591131949725
HBEGF	CD44	R-HSA-1474228	REACTOME_DEGRADATION_OF_THE_EXTRACELLULAR_MATRIX	4.2973749736991e-103	2.25798488502456e-102	4.89501697871428	1.28699130177455	1.27706236216139e-13	1	18	33	6.93824928005725e-07	1	0	5.84427041608315	1.15591131949725
VASP	ROBO1	R-HSA-376176	REACTOME_SIGNALING_BY_ROBO_RECEPTORS	9.94019754754501e-103	5.19289630501058e-102	1.24720326234774	8.49956445559487	3.65452358061487e-14	1	51	93	0.00208033477543573	1	0	0.487665222948153	4.89189834921981
UBC	TLR4	R-HSA-168138	REACTOME_TOLL_LIKE_RECEPTOR_9_TLR9_CASCADE	1.27691561773342e-102	6.63266455154104e-102	4.10321008708002	4.97971482845478	1.19712183675261e-12	1	39	72	0.000560011393063351	1	0	-5.60109607146166	6.63556963125616
COL5A3	SDC3	R-HSA-1630316	REACTOME_GLYCOSAMINOGLYCAN_METABOLISM	8.15786337647316e-101	4.21335102796256e-100	8.12734136673925	1.1368949149542	1.52091513325862e-09	1	22	41	7.32788651610277e-06	1	0	-5.22264500271412	-5.30037032347287
ITGB2	ITGAL	R-HSA-8878159	REACTOME_TRANSCRIPTIONAL_REGULATION_BY_RUNX3	1.27206768746716e-100	6.53282219156864e-100	12.9957409508531	9.57801611120613	5.07672413823903e-17	1	30	55	0.000153642116461645	1	0	5.76556152538233	0.316751165973224
RPS19	C5AR1	R-HSA-373076	REACTOME_CLASS_A_1_RHODOPSIN_LIKE_RECEPTORS	2.85219792613268e-100	1.45654377239023e-99	7.43447895201995	13.6966789438658	2.33109392347326e-15	1	17	32	1.39409871805714e-06	1	0	7.40419482553417	-6.26217711110194
IL16	GRIN2D	R-HSA-442755	REACTOME_ACTIVATION_OF_NMDA_RECEPTORS_AND_POSTSYNAPTIC_EVENTS	3.67268794302635e-100	1.86506890514578e-99	8.10206497894335	4.91497207701578	2.36495312575524e-13	1	24	44	1.90704553429396e-05	1	0	-6.11068214041468	6.87394755689109
IL1B	IL1RAP	R-HSA-446652	REACTOME_INTERLEUKIN_1_FAMILY_SIGNALING	8.43180978394116e-100	4.25806394089029e-99	20.3246827538021	2.02665274531631	8.34828017999305e-13	1	35	64	0.000311391004986814	1	0	6.57811016167277	-2.95384539758806
MMP7	CD44	R-HSA-1474228	REACTOME_DEGRADATION_OF_THE_EXTRACELLULAR_MATRIX	9.15199559910673e-100	4.59622320419227e-99	7.97883344922994	1.28699130177455	2.71972289823834e-10	1	18	33	6.93824928005725e-07	1	0	-1.49782869064644	1.15591131949725
SPP1	CD44	R-HSA-1474228	REACTOME_DEGRADATION_OF_THE_EXTRACELLULAR_MATRIX	1.12913720357099e-99	5.63948196728586e-99	3.52628787401922	1.28699130177455	3.3554870897278e-10	1	18	33	6.93824928005725e-07	1	0	-4.21471412274633	1.15591131949725
TGM2	TBXA2R	R-HSA-416476	REACTOME_G_ALPHA_Q_SIGNALLING_EVENTS	1.19793655931901e-99	5.95040618809281e-99	1.98540366080875	6.64184901615579	8.40965390889549e-11	1	23	42	9.37880921871555e-06	1	0	-5.06651626145377	3.99078629239796
TGFB1	CXCR4	R-HSA-373076	REACTOME_CLASS_A_1_RHODOPSIN_LIKE_RECEPTORS	3.68053521688029e-99	1.81826440877401e-98	3.14112209804367	5.247457689196	3.00809183001975e-14	1	17	32	1.39409871805714e-06	1	0	5.19755832572095	-3.35035647540864
ICAM3	ITGAL	R-HSA-8878159	REACTOME_TRANSCRIPTIONAL_REGULATION_BY_RUNX3	4.16240373328442e-99	2.04520269921921e-98	7.01524132334348	9.57801611120613	1.66118326202723e-15	1	30	55	0.000153642116461645	1	0	6.94092769135818	0.316751165973224
VIM	CD44	R-HSA-1474228	REACTOME_DEGRADATION_OF_THE_EXTRACELLULAR_MATRIX	6.05965605370412e-99	2.96141255527798e-98	1.03211033767015	1.28699130177455	1.80076412256102e-09	1	18	33	6.93824928005725e-07	1	0	4.82783652985955	1.15591131949725
HBEGF	ERBB4	R-HSA-9018519	REACTOME_ESTROGEN_DEPENDENT_GENE_EXPRESSION	7.31481502599746e-99	3.55570420247684e-98	4.89501697871428	6.58137366024069	1.23024671338808e-12	1	33	61	0.000268492326034824	1	0	5.84427041608315	-2.96822194563169
IL33	IL1RAP	R-HSA-446652	REACTOME_INTERLEUKIN_1_FAMILY_SIGNALING	7.92079630592186e-99	3.82978927770371e-98	5.0787758300266	2.02665274531631	7.8423290497407e-12	1	35	64	0.000311391004986814	1	0	-6.41945330260141	-2.95384539758806
ICAM5	ITGAL	R-HSA-8878159	REACTOME_TRANSCRIPTIONAL_REGULATION_BY_RUNX3	9.96104619607386e-99	4.79078888477838e-98	6.93639503282286	9.57801611120613	3.97537679511474e-15	1	30	55	0.000153642116461645	1	0	-3.24983956639454	0.316751165973224
ICAM2	ITGAL	R-HSA-8878159	REACTOME_TRANSCRIPTIONAL_REGULATION_BY_RUNX3	3.16863447161833e-98	1.51594143931635e-97	5.96057612091828	9.57801611120613	1.2645776058781e-14	1	30	55	0.000153642116461645	1	0	5.99020786714257	0.316751165973224
TGFB1	TGFBR1	R-HSA-5689880	REACTOME_UB_SPECIFIC_PROCESSING_PROTEASES	7.80880972950744e-98	3.71633929011637e-97	3.14112209804367	1.45796522957666	1.88721421067582e-09	1	57	104	0.00341968782518311	1	0	5.19755832572095	-6.41945330260141
TGFB1	SDC2	R-HSA-1630316	REACTOME_GLYCOSAMINOGLYCAN_METABOLISM	1.24496917866343e-97	5.89415095523468e-97	3.14112209804367	6.4543225009276	2.19073894660281e-13	1	22	41	1.6452713080514e-05	1	0	5.19755832572095	6.36500079053041
HBEGF	ERBB4	R-HSA-442755	REACTOME_ACTIVATION_OF_NMDA_RECEPTORS_AND_POSTSYNAPTIC_EVENTS	5.25683703920444e-97	2.47588853297245e-96	4.89501697871428	6.58137366024069	1.23024671338808e-12	1	23	42	1.57037874914305e-05	1	0	5.84427041608315	-2.96822194563169
FABP5	RXRA	R-HSA-8978868	REACTOME_FATTY_ACID_METABOLISM	5.53396559514705e-97	2.59297666288076e-96	9.57008852839852	1.68361392236059	5.81784655455214e-13	1	27	50	8.17084691248517e-05	1	0	3.45004811875469	6.75656281282435
UBC	TGFBR1	R-HSA-5689880	REACTOME_UB_SPECIFIC_PROCESSING_PROTEASES	6.38757964520846e-97	2.97759481922795e-96	4.10321008708002	1.45796522957666	1.54373476827196e-08	1	57	104	0.00341968782518311	1	0	-5.60109607146166	-6.41945330260141
CXCL13	CXCR5	R-HSA-373076	REACTOME_CLASS_A_1_RHODOPSIN_LIKE_RECEPTORS	1.39780795852027e-96	6.48269099130063e-96	18.7125865084989	10.2412584395774	4.37440299154804e-14	1	17	31	8.61209445450012e-07	1	0	5.4249390432801	4.71829198146271
UBC	ERBB4	R-HSA-9018519	REACTOME_ESTROGEN_DEPENDENT_GENE_EXPRESSION	3.5165409729848e-96	1.62260697687471e-95	4.10321008708002	6.58137366024069	5.91431630073125e-10	1	33	61	0.000268492326034824	1	0	-5.60109607146166	-2.96822194563169
ABCA1	RXRA	R-HSA-8978868	REACTOME_FATTY_ACID_METABOLISM	4.74791133212229e-96	2.17972292974705e-95	7.72041715625344	1.68361392236059	4.99146933785241e-12	1	27	50	8.17084691248517e-05	1	0	-6.41945330260141	6.75656281282435
IL36G	IL1RAP	R-HSA-446652	REACTOME_INTERLEUKIN_1_FAMILY_SIGNALING	6.26115618521054e-96	2.85999546349567e-95	14.6325332272826	2.02665274531631	6.19913013032918e-09	1	35	64	0.000311391004986814	1	0	3.68824933688231	-2.95384539758806
MMP7	ERBB4	R-HSA-9018519	REACTOME_ESTROGEN_DEPENDENT_GENE_EXPRESSION	1.55781506933716e-95	7.0802694901374e-95	7.97883344922994	6.58137366024069	2.6200209606218e-09	1	33	61	0.000268492326034824	1	0	-1.49782869064644	-2.96822194563169
NRG1	ERBB4	R-HSA-9018519	REACTOME_ESTROGEN_DEPENDENT_GENE_EXPRESSION	2.06620501718463e-95	9.34418089861108e-95	8.70029753393485	6.58137366024069	3.47505975550041e-09	1	33	61	0.000268492326034824	1	0	-0.480817994838106	-2.96822194563169
ADAM17	ERBB4	R-HSA-9018519	REACTOME_ESTROGEN_DEPENDENT_GENE_EXPRESSION	2.25545977036601e-95	1.0149568966647e-94	1.4101160510875	6.58137366024069	3.79335903889578e-09	1	33	61	0.000268492326034824	1	0	5.53482763327679	-2.96822194563169
C3	C3AR1	R-HSA-373076	REACTOME_CLASS_A_1_RHODOPSIN_LIKE_RECEPTORS	4.86829354643893e-95	2.17994031217389e-94	3.94926349424245	6.17300679507666	1.10938006527553e-15	1	17	31	1.39409871805714e-06	1	0	7.22892163971451	0.990582027645615
GNAS	ADCY8	R-HSA-442755	REACTOME_ACTIVATION_OF_NMDA_RECEPTORS_AND_POSTSYNAPTIC_EVENTS	9.12393211327014e-95	4.06551680929537e-94	3.70969835811646	10.3110820516253	1.67562841936802e-14	1	23	43	4.03129484593489e-05	1	0	4.55564546302124	4.44304765339598
CSF2	SDC2	R-HSA-1630316	REACTOME_GLYCOSAMINOGLYCAN_METABOLISM	2.41753144909253e-94	1.07196882303664e-93	7.26648712311557	6.4543225009276	4.25406539449433e-10	1	22	41	1.6452713080514e-05	1	0	-6.41945330260141	6.36500079053041
UBC	ERBB4	R-HSA-442755	REACTOME_ACTIVATION_OF_NMDA_RECEPTORS_AND_POSTSYNAPTIC_EVENTS	2.52718390977299e-94	1.11515056989498e-93	4.10321008708002	6.58137366024069	5.91431630073125e-10	1	23	42	1.57037874914305e-05	1	0	-5.60109607146166	-2.96822194563169
COL9A2	ITGA1	R-HSA-373760	REACTOME_L1CAM_INTERACTIONS	9.13045799856836e-94	4.00946199067567e-93	8.05118941155366	1.2691563010367	1.38873415934757e-12	1	25	46	5.29292358345499e-05	1	0	6.26407663799585	6.22317999564956
MMP7	ERBB4	R-HSA-442755	REACTOME_ACTIVATION_OF_NMDA_RECEPTORS_AND_POSTSYNAPTIC_EVENTS	1.11953343011647e-93	4.89257638449937e-93	7.97883344922994	6.58137366024069	2.6200209606218e-09	1	23	42	1.57037874914305e-05	1	0	-1.49782869064644	-2.96822194563169
NRG1	ERBB4	R-HSA-442755	REACTOME_ACTIVATION_OF_NMDA_RECEPTORS_AND_POSTSYNAPTIC_EVENTS	1.48489100904436e-93	6.45821017809244e-93	8.70029753393485	6.58137366024069	3.47505975550041e-09	1	23	42	1.57037874914305e-05	1	0	-0.480817994838106	-2.96822194563169
ADAM17	ERBB4	R-HSA-442755	REACTOME_ACTIVATION_OF_NMDA_RECEPTORS_AND_POSTSYNAPTIC_EVENTS	1.62090010740617e-93	7.01618189348671e-93	1.4101160510875	6.58137366024069	3.79335903889578e-09	1	23	42	1.57037874914305e-05	1	0	5.53482763327679	-2.96822194563169
IL16	CD4	R-HSA-8856825	REACTOME_CARGO_RECOGNITION_FOR_CLATHRIN_MEDIATED_ENDOCYTOSIS	3.4315304368576e-93	1.47832282801117e-92	8.10206497894335	13.6358505419342	3.91590413091151e-14	1	28	52	0.000178084350874076	1	0	-6.11068214041468	-1.47758833979379
GNAS	ADCY1	R-HSA-442755	REACTOME_ACTIVATION_OF_NMDA_RECEPTORS_AND_POSTSYNAPTIC_EVENTS	3.90686905706655e-93	1.67516225135542e-92	3.70969835811646	9.201462497802	7.17504332726115e-13	1	23	43	4.03129484593489e-05	1	0	4.55564546302124	3.96421770987343
TGFB1	CXCR4	R-HSA-376176	REACTOME_SIGNALING_BY_ROBO_RECEPTORS	1.19194286088897e-92	5.08674206830081e-92	3.14112209804367	5.247457689196	3.00809183001975e-14	1	46	84	0.00235531448805455	1	0	5.19755832572095	-3.35035647540864
SEMA7A	ITGA1	R-HSA-373760	REACTOME_L1CAM_INTERACTIONS	2.43239707288231e-91	1.03320043890188e-90	9.79085741872736	1.2691563010367	3.69965329749983e-10	1	25	46	5.29292358345499e-05	1	0	4.60406746041105	6.22317999564956
SPP1	ITGA5	R-HSA-418555	REACTOME_G_ALPHA_S_SIGNALLING_EVENTS	3.47115438425164e-91	1.46757178385337e-90	3.52628787401922	2.81843843329586	4.97216305314355e-10	1	22	40	1.39144293331161e-05	1	0	-4.21471412274633	-4.94117284223112
ADAM17	ITGA5	R-HSA-418555	REACTOME_G_ALPHA_S_SIGNALLING_EVENTS	4.07344821938011e-91	1.71424279232246e-90	1.4101160510875	2.81843843329586	5.83490288625171e-10	1	22	40	1.39144293331161e-05	1	0	5.53482763327679	-4.94117284223112
B2M	TFRC	R-HSA-8856825	REACTOME_CARGO_RECOGNITION_FOR_CLATHRIN_MEDIATED_ENDOCYTOSIS	1.65007123211835e-90	6.91204953915016e-90	3.89784702561476	1.01174550518786	6.38206383449392e-09	1	28	52	0.000141060197345485	1	0	0.546563503342828	4.81093271457256
TGFB1	TGFBR1	R-HSA-170834	REACTOME_SIGNALING_BY_TGF_BETA_RECEPTOR_COMPLEX	2.09236518996334e-90	8.7245869618196e-90	3.14112209804367	1.45796522957666	1.88721421067582e-09	1	37	68	0.000731357818584248	1	0	5.19755832572095	-6.41945330260141
VEGFA	FLT1	R-HSA-194138	REACTOME_SIGNALING_BY_VEGF	3.11600046041302e-90	1.29335361576047e-89	4.02648845006077	1.34397969378102	3.10120722658922e-10	1	34	62	0.000430846859148583	1	0	7.97551401221459	5.52987232617923
VEGFA	NRP1	R-HSA-376176	REACTOME_SIGNALING_BY_ROBO_RECEPTORS	5.28927504256731e-90	2.18543227895168e-89	4.02648845006077	1.87070556151693	1.25816181407744e-12	1	45	83	0.00254310054951057	1	0	7.97551401221459	-4.05181724627992
TLN1	ITGA1	R-HSA-373760	REACTOME_L1CAM_INTERACTIONS	1.55943975981786e-89	6.41416625192051e-89	1.12008362611655	1.2691563010367	2.37189335326158e-08	1	25	46	5.29292358345499e-05	1	0	4.30237625177188	6.22317999564956
UBC	TGFBR1	R-HSA-170834	REACTOME_SIGNALING_BY_TGF_BETA_RECEPTOR_COMPLEX	1.71154756751841e-89	7.0080934183524e-89	4.10321008708002	1.45796522957666	1.54373476827196e-08	1	37	68	0.000731357818584248	1	0	-5.60109607146166	-6.41945330260141
SPP1	ITGA5	R-HSA-373760	REACTOME_L1CAM_INTERACTIONS	1.91710817365023e-89	7.8145799544756e-89	3.52628787401922	2.81843843329586	4.97216305314355e-10	1	24	45	6.560201010295e-05	1	0	-4.21471412274633	-4.94117284223112
ADAM17	ITGA5	R-HSA-373760	REACTOME_L1CAM_INTERACTIONS	2.24975325550039e-89	9.12957905915115e-89	1.4101160510875	2.81843843329586	5.83490288625171e-10	1	24	45	6.560201010295e-05	1	0	5.53482763327679	-4.94117284223112
SPP1	ITGA4	R-HSA-8878159	REACTOME_TRANSCRIPTIONAL_REGULATION_BY_RUNX3	3.8993735451754e-89	1.57069502569784e-88	3.52628787401922	11.6075982897741	1.74093378109224e-11	1	29	54	0.000266775126644558	1	0	-4.21471412274633	6.05087903182527
TGM2	ITGA4	R-HSA-8878159	REACTOME_TRANSCRIPTIONAL_REGULATION_BY_RUNX3	3.9051383477196e-89	1.57069502569784e-88	1.98540366080875	11.6075982897741	1.74350756361763e-11	1	29	54	0.000266775126644558	1	0	-5.06651626145377	6.05087903182527
FYN	NRP1	R-HSA-376176	REACTOME_SIGNALING_BY_ROBO_RECEPTORS	5.81911640531442e-89	2.33021004952899e-88	2.13884060313412	1.87070556151693	1.38419537534288e-11	1	45	83	0.00254310054951057	1	0	-6.25875440017665	-4.05181724627992
CD6	ALCAM	R-HSA-373760	REACTOME_L1CAM_INTERACTIONS	1.6190452577747e-88	6.4548778040228e-88	7.97695497666629	2.48874601156307	5.10969006262907e-11	1	24	44	5.29292358345499e-05	1	0	-4.71526992384783	-1.46328880614917
VEGFA	NRP1	R-HSA-373760	REACTOME_L1CAM_INTERACTIONS	1.88988086591749e-88	7.50175417955896e-88	4.02648845006077	1.87070556151693	1.25816181407744e-12	1	23	43	6.560201010295e-05	1	0	7.97551401221459	-4.05181724627992
VEGFB	FLT1	R-HSA-194138	REACTOME_SIGNALING_BY_VEGF	2.54789198193812e-88	1.00697122242685e-87	1.35841845472351	1.34397969378102	2.53579584706091e-08	1	34	62	0.000430846859148583	1	0	4.69895678266557	5.52987232617923
VEGFB	NRP1	R-HSA-376176	REACTOME_SIGNALING_BY_ROBO_RECEPTORS	4.32493564825609e-88	1.70189026158649e-87	1.35841845472351	1.87070556151693	1.02877404506023e-10	1	45	83	0.00254310054951057	1	0	4.69895678266557	-4.05181724627992
COL9A2	ITGA1	R-HSA-397014	REACTOME_MUSCLE_CONTRACTION	7.37029911498913e-88	2.88775943772634e-87	8.05118941155366	1.2691563010367	1.38873415934757e-12	1	15	28	1.20257070906744e-06	1	0	6.26407663799585	6.22317999564956
VEGFC	FLT1	R-HSA-194138	REACTOME_SIGNALING_BY_VEGF	9.03661396815967e-88	3.52544296011036e-87	2.14477332523164	1.34397969378102	8.99371258059419e-08	1	34	62	0.000430846859148583	1	0	-6.23029440888105	5.52987232617923
RPS19	C5AR1	R-HSA-375276	REACTOME_PEPTIDE_LIGAND_BINDING_RECEPTORS	9.92031946156197e-88	3.8536625600683e-87	7.43447895201995	13.6966789438658	2.33109392347326e-15	1	12	23	2.87186343271495e-07	1	0	7.40419482553417	-6.26217711110194
HBEGF	ERBB4	R-HSA-2219528	REACTOME_PI3K_AKT_SIGNALING_IN_CANCER	1.65765404498139e-87	6.41194692292802e-87	4.89501697871428	6.58137366024069	1.23024671338808e-12	1	29	53	0.000255301858398256	1	0	5.84427041608315	-2.96822194563169
FYN	NRP1	R-HSA-373760	REACTOME_L1CAM_INTERACTIONS	2.07919547810324e-87	8.00842665082987e-87	2.13884060313412	1.87070556151693	1.38419537534288e-11	1	23	43	6.560201010295e-05	1	0	-6.25875440017665	-4.05181724627992
ADAM28	ITGA4	R-HSA-8878159	REACTOME_TRANSCRIPTIONAL_REGULATION_BY_RUNX3	2.76524354094089e-87	1.06059340874062e-86	13.6430612190813	11.6075982897741	1.23458443711491e-09	1	29	54	0.000266775126644558	1	0	6.5282983767433	6.05087903182527
TGFB1	CXCR4	R-HSA-375276	REACTOME_PEPTIDE_LIGAND_BINDING_RECEPTORS	1.28013854881694e-86	4.88926865913696e-86	3.14112209804367	5.247457689196	3.00809183001975e-14	1	12	23	2.87186343271495e-07	1	0	5.19755832572095	-3.35035647540864
TGFB1	CXCR4	R-HSA-9758941	REACTOME_GASTRULATION	1.33052107939684e-86	5.060433728752e-86	3.14112209804367	5.247457689196	3.00809183001975e-14	1	22	40	4.04324664116235e-05	1	0	5.19755832572095	-3.35035647540864
VEGFB	NRP1	R-HSA-373760	REACTOME_L1CAM_INTERACTIONS	1.54531822644571e-86	5.85289278266311e-86	1.35841845472351	1.87070556151693	1.02877404506023e-10	1	23	43	6.560201010295e-05	1	0	4.69895678266557	-4.05181724627992
VEGFA	NRP1	R-HSA-194138	REACTOME_SIGNALING_BY_VEGF	4.12239961620241e-86	1.55488018719004e-85	4.02648845006077	1.87070556151693	1.25816181407744e-12	1	32	59	0.000599611023157118	1	0	7.97551401221459	-4.05181724627992
SEMA7A	ITGA1	R-HSA-397014	REACTOME_MUSCLE_CONTRACTION	1.96348244484315e-85	7.3752295138943e-85	9.79085741872736	1.2691563010367	3.69965329749983e-10	1	15	28	1.20257070906744e-06	1	0	4.60406746041105	6.22317999564956
FYN	NRP1	R-HSA-194138	REACTOME_SIGNALING_BY_VEGF	4.53535182852992e-85	1.69655753585749e-84	2.13884060313412	1.87070556151693	1.38419537534288e-11	1	32	59	0.000599611023157118	1	0	-6.25875440017665	-4.05181724627992
UBC	ERBB4	R-HSA-2219528	REACTOME_PI3K_AKT_SIGNALING_IN_CANCER	7.9690441214078e-85	2.96879553539331e-84	4.10321008708002	6.58137366024069	5.91431630073125e-10	1	29	53	0.000255301858398256	1	0	-5.60109607146166	-2.96822194563169
FYN	CD86	R-HSA-2219528	REACTOME_PI3K_AKT_SIGNALING_IN_CANCER	1.57447986116955e-84	5.84164160735968e-84	2.13884060313412	6.25980915139201	1.16851805137742e-09	1	29	53	0.000255301858398256	1	0	-6.25875440017665	-3.04055219434815
NAMPT	INSR	R-HSA-199418	REACTOME_NEGATIVE_REGULATION_OF_THE_PI3K_AKT_NETWORK	2.06849684489879e-84	7.64334809761383e-84	5.3595441620608	1.00993685694133	3.42806358424562e-11	1	27	50	0.000230372899534046	1	0	0.0678080694096571	-1.81952088489786
B2M	TYROBP	R-HSA-1500931	REACTOME_CELL_CELL_COMMUNICATION	2.43284018798508e-84	8.95324587400177e-84	3.89784702561476	11.4820516553354	3.42165243902634e-14	1	22	41	8.33934773148356e-05	1	0	0.546563503342828	6.56640279608026
VEGFB	NRP1	R-HSA-194138	REACTOME_SIGNALING_BY_VEGF	3.37080467795396e-84	1.2355086501049e-83	1.35841845472351	1.87070556151693	1.02877404506023e-10	1	32	59	0.000599611023157118	1	0	4.69895678266557	-4.05181724627992
MMP7	ERBB4	R-HSA-2219528	REACTOME_PI3K_AKT_SIGNALING_IN_CANCER	3.5302580336508e-84	1.28875684842915e-83	7.97883344922994	6.58137366024069	2.6200209606218e-09	1	29	53	0.000255301858398256	1	0	-1.49782869064644	-2.96822194563169
CD274	CD80	R-HSA-2219528	REACTOME_PI3K_AKT_SIGNALING_IN_CANCER	4.31081653036501e-84	1.56741289044072e-83	8.18201397707283	8.17616127802437	3.19932128453262e-09	1	29	53	0.000255301858398256	1	0	1.12077320161514	0.57093958009102
NRG1	ERBB4	R-HSA-2219528	REACTOME_PI3K_AKT_SIGNALING_IN_CANCER	4.68235094438344e-84	1.69571992368309e-83	8.70029753393485	6.58137366024069	3.47505975550041e-09	1	29	53	0.000255301858398256	1	0	-0.480817994838106	-2.96822194563169
ADAM17	ERBB4	R-HSA-2219528	REACTOME_PI3K_AKT_SIGNALING_IN_CANCER	5.11123247594383e-84	1.84369457167974e-83	1.4101160510875	6.58137366024069	3.79335903889578e-09	1	29	53	0.000255301858398256	1	0	5.53482763327679	-2.96822194563169
FYN	CD80	R-HSA-2219528	REACTOME_PI3K_AKT_SIGNALING_IN_CANCER	5.44257912878852e-84	1.95545629567935e-83	2.13884060313412	8.17616127802437	4.03927170800093e-09	1	29	53	0.000255301858398256	1	0	-6.25875440017665	0.57093958009102
CXCL13	CXCR5	R-HSA-375276	REACTOME_PEPTIDE_LIGAND_BINDING_RECEPTORS	8.7678341100035e-84	3.13778000235952e-83	18.7125865084989	10.2412584395774	4.37440299154804e-14	1	12	22	1.35562037704676e-07	1	0	5.4249390432801	4.71829198146271
TLN1	ITGA1	R-HSA-397014	REACTOME_MUSCLE_CONTRACTION	1.25881280911282e-83	4.48729742542569e-83	1.12008362611655	1.2691563010367	2.37189335326158e-08	1	15	28	1.20257070906744e-06	1	0	4.30237625177188	6.22317999564956
FYN	TYROBP	R-HSA-1500931	REACTOME_CELL_CELL_COMMUNICATION	1.52303462542718e-83	5.40796279106759e-83	2.13884060313412	11.4820516553354	2.14206225569241e-13	1	22	41	8.33934773148356e-05	1	0	-6.25875440017665	6.56640279608026
CD86	CD80	R-HSA-2219528	REACTOME_PI3K_AKT_SIGNALING_IN_CANCER	2.06869668903949e-83	7.28854763696471e-83	6.25980915139201	8.17616127802437	1.53530666449537e-08	1	29	53	0.000255301858398256	1	0	-3.04055219434815	0.57093958009102
CD80	CD86	R-HSA-2219528	REACTOME_PI3K_AKT_SIGNALING_IN_CANCER	2.06869668903949e-83	7.28854763696471e-83	8.17616127802437	6.25980915139201	1.53530666449537e-08	1	29	53	0.000255301858398256	1	0	0.57093958009102	-3.04055219434815
SEMA6D	TYROBP	R-HSA-1500931	REACTOME_CELL_CELL_COMMUNICATION	3.06468668901874e-83	1.07559853294133e-82	11.3717546305381	11.4820516553354	4.31030888757944e-13	1	22	41	8.33934773148356e-05	1	0	3.96826590256828	6.56640279608026
ST6GAL1	CD22	R-HSA-983705	REACTOME_SIGNALING_BY_THE_B_CELL_RECEPTOR_BCR	5.70817940341107e-83	1.99566733757718e-82	3.84628800627454	15.8931760234149	8.42177762310144e-10	1	26	48	0.000170712485403758	1	0	-0.637331169341912	6.15936573692112
IL16	CD4	R-HSA-162909	REACTOME_HOST_INTERACTIONS_OF_HIV_FACTORS	1.47537000170739e-82	5.13835759215333e-82	8.10206497894335	13.6358505419342	3.91590413091151e-14	1	29	54	0.000604140521117987	1	0	-6.11068214041468	-1.47758833979379
HBEGF	ERBB4	R-HSA-199418	REACTOME_NEGATIVE_REGULATION_OF_THE_PI3K_AKT_NETWORK	5.0877614180443e-82	1.76518134694743e-81	4.89501697871428	6.58137366024069	1.23024671338808e-12	1	26	48	0.000249393576891838	1	0	5.84427041608315	-2.96822194563169
C3	C3AR1	R-HSA-375276	REACTOME_PEPTIDE_LIGAND_BINDING_RECEPTORS	8.57700924620084e-82	2.9644492033447e-81	3.94926349424245	6.17300679507666	1.10938006527553e-15	1	12	22	2.87186343271495e-07	1	0	7.22892163971451	0.990582027645615
UBC	ERBB4	R-HSA-199418	REACTOME_NEGATIVE_REGULATION_OF_THE_PI3K_AKT_NETWORK	2.4459021073994e-79	8.42168566525022e-79	4.10321008708002	6.58137366024069	5.91431630073125e-10	1	26	48	0.000249393576891838	1	0	-5.60109607146166	-2.96822194563169
IL1B	IL1RAP	R-HSA-9020702	REACTOME_INTERLEUKIN_1_SIGNALING	3.76796351985399e-79	1.29248258096124e-78	20.3246827538021	2.02665274531631	8.34828017999305e-13	1	29	53	0.000560011393063351	1	0	6.57811016167277	-2.95384539758806
FYN	CD86	R-HSA-199418	REACTOME_NEGATIVE_REGULATION_OF_THE_PI3K_AKT_NETWORK	4.8324787161703e-79	1.6513996815785e-78	2.13884060313412	6.25980915139201	1.16851805137742e-09	1	26	48	0.000249393576891838	1	0	-6.25875440017665	-3.04055219434815
MMP7	ERBB4	R-HSA-199418	REACTOME_NEGATIVE_REGULATION_OF_THE_PI3K_AKT_NETWORK	1.08352588247997e-78	3.68885777967899e-78	7.97883344922994	6.58137366024069	2.6200209606218e-09	1	26	48	0.000249393576891838	1	0	-1.49782869064644	-2.96822194563169
CD274	CD80	R-HSA-199418	REACTOME_NEGATIVE_REGULATION_OF_THE_PI3K_AKT_NETWORK	1.3230991164809e-78	4.48767573463111e-78	8.18201397707283	8.17616127802437	3.19932128453262e-09	1	26	48	0.000249393576891838	1	0	1.12077320161514	0.57093958009102
NRG1	ERBB4	R-HSA-199418	REACTOME_NEGATIVE_REGULATION_OF_THE_PI3K_AKT_NETWORK	1.4371324675798e-78	4.85633239044623e-78	8.70029753393485	6.58137366024069	3.47505975550041e-09	1	26	48	0.000249393576891838	1	0	-0.480817994838106	-2.96822194563169
ADAM17	ERBB4	R-HSA-199418	REACTOME_NEGATIVE_REGULATION_OF_THE_PI3K_AKT_NETWORK	1.5687671060492e-78	5.28151592369897e-78	1.4101160510875	6.58137366024069	3.79335903889578e-09	1	26	48	0.000249393576891838	1	0	5.53482763327679	-2.96822194563169
FYN	CD80	R-HSA-199418	REACTOME_NEGATIVE_REGULATION_OF_THE_PI3K_AKT_NETWORK	1.67046581220838e-78	5.60314916345909e-78	2.13884060313412	8.17616127802437	4.03927170800093e-09	1	26	48	0.000249393576891838	1	0	-6.25875440017665	0.57093958009102
IL33	IL1RAP	R-HSA-9020702	REACTOME_INTERLEUKIN_1_SIGNALING	3.53960446139923e-78	1.18290457919555e-77	5.0787758300266	2.02665274531631	7.8423290497407e-12	1	29	53	0.000560011393063351	1	0	-6.41945330260141	-2.95384539758806
CD86	CD80	R-HSA-199418	REACTOME_NEGATIVE_REGULATION_OF_THE_PI3K_AKT_NETWORK	6.34935572473402e-78	2.10641034809607e-77	6.25980915139201	8.17616127802437	1.53530666449537e-08	1	26	48	0.000249393576891838	1	0	-3.04055219434815	0.57093958009102
CD80	CD86	R-HSA-199418	REACTOME_NEGATIVE_REGULATION_OF_THE_PI3K_AKT_NETWORK	6.34935572473402e-78	2.10641034809607e-77	8.17616127802437	6.25980915139201	1.53530666449537e-08	1	26	48	0.000249393576891838	1	0	0.57093958009102	-3.04055219434815
GNAS	ADCY8	R-HSA-418555	REACTOME_G_ALPHA_S_SIGNALLING_EVENTS	1.12790164117059e-76	3.72822760663297e-76	3.70969835811646	10.3110820516253	1.67562841936802e-14	1	20	37	9.47876703943391e-05	1	0	4.55564546302124	4.44304765339598
GNAS	PTGIR	R-HSA-418555	REACTOME_G_ALPHA_S_SIGNALLING_EVENTS	5.47109568293224e-76	1.80189346948747e-75	3.70969835811646	9.95863085846248	8.12794580375686e-14	1	20	37	9.47876703943391e-05	1	0	4.55564546302124	-6.41945330260141
IL36G	IL1RAP	R-HSA-9020702	REACTOME_INTERLEUKIN_1_SIGNALING	2.79795307324334e-75	9.18173048223176e-75	14.6325332272826	2.02665274531631	6.19913013032918e-09	1	29	53	0.000560011393063351	1	0	3.68824933688231	-2.95384539758806
GNAS	ADCY1	R-HSA-418555	REACTOME_G_ALPHA_S_SIGNALLING_EVENTS	4.82967646689842e-75	1.5791999670542e-74	3.70969835811646	9.201462497802	7.17504332726115e-13	1	20	37	9.47876703943391e-05	1	0	4.55564546302124	3.96421770987343
FABP5	RXRA	R-HSA-400206	REACTOME_REGULATION_OF_LIPID_METABOLISM_BY_PPARALPHA	1.87651201985838e-73	6.11379722599022e-73	9.57008852839852	1.68361392236059	5.81784655455214e-13	1	30	55	0.00119076904333607	1	0	3.45004811875469	6.75656281282435
YWHAZ	IL3RA	R-HSA-512988	REACTOME_INTERLEUKIN_3_INTERLEUKIN_5_AND_GM_CSF_SIGNALING	4.62695365930048e-73	1.50210745582291e-72	2.20543630287479	10.1969514682693	4.44495146888959e-14	1	15	28	1.75336235996977e-05	1	0	8.37332122088212	4.08117884972582
ABCA1	RXRA	R-HSA-400206	REACTOME_REGULATION_OF_LIPID_METABOLISM_BY_PPARALPHA	1.60996893290453e-72	5.2080489680079e-72	7.72041715625344	1.68361392236059	4.99146933785241e-12	1	30	55	0.00119076904333607	1	0	-6.41945330260141	6.75656281282435
YWHAZ	CSF2RB	R-HSA-512988	REACTOME_INTERLEUKIN_3_INTERLEUKIN_5_AND_GM_CSF_SIGNALING	1.92482727730522e-72	6.20449643642002e-72	2.20543630287479	9.76661371727464	1.8491137935689e-13	1	15	28	1.75336235996977e-05	1	0	8.37332122088212	7.70178123203608
MMP9	ITGB2	R-HSA-202733	REACTOME_CELL_SURFACE_INTERACTIONS_AT_THE_VASCULAR_WALL	6.1264243039674e-72	1.9678161456913e-71	15.1188915449759	12.9957409508531	5.55691053627409e-20	1	19	35	0.00023753291094638	1	0	-1.30828113955721	5.76556152538233
GNAS	ADCY8	R-HSA-5358351	REACTOME_SIGNALING_BY_HEDGEHOG	6.97813499657734e-72	2.23349461686225e-71	3.70969835811646	10.3110820516253	1.67562841936802e-14	1	24	45	0.000658712255591799	1	0	4.55564546302124	4.44304765339598
YWHAZ	CSF2RA	R-HSA-512988	REACTOME_INTERLEUKIN_3_INTERLEUKIN_5_AND_GM_CSF_SIGNALING	1.11673833515985e-71	3.56180753214143e-71	2.20543630287479	5.03900908814577	1.07281119906106e-12	1	15	28	1.75336235996977e-05	1	0	8.37332122088212	-6.41945330260141
GNAS	ADCY1	R-HSA-5358351	REACTOME_SIGNALING_BY_HEDGEHOG	2.9880384198069e-70	9.49694728533034e-70	3.70969835811646	9.201462497802	7.17504332726115e-13	1	24	45	0.000658712255591799	1	0	4.55564546302124	3.96421770987343
ICAM3	ITGB2	R-HSA-202733	REACTOME_CELL_SURFACE_INTERACTIONS_AT_THE_VASCULAR_WALL	3.91275323195792e-70	1.23926574489538e-69	7.01524132334348	12.9957409508531	3.54902282011827e-18	1	19	35	0.00023753291094638	1	0	6.94092769135818	5.76556152538233
CSF2	IL3RA	R-HSA-512988	REACTOME_INTERLEUKIN_3_INTERLEUKIN_5_AND_GM_CSF_SIGNALING	7.85121010334029e-70	2.47803818886678e-69	7.26648712311557	10.1969514682693	7.54238111100496e-11	1	15	28	1.75336235996977e-05	1	0	-6.41945330260141	4.08117884972582
ICAM5	ITGB2	R-HSA-202733	REACTOME_CELL_SURFACE_INTERACTIONS_AT_THE_VASCULAR_WALL	9.36360771198332e-70	2.94516242567226e-69	6.93639503282286	12.9957409508531	8.493164653738e-18	1	19	35	0.00023753291094638	1	0	-3.24983956639454	5.76556152538233
ICAM2	ITGB2	R-HSA-202733	REACTOME_CELL_SURFACE_INTERACTIONS_AT_THE_VASCULAR_WALL	2.97858774980845e-69	9.33633194681337e-69	5.96057612091828	12.9957409508531	2.70169756923443e-17	1	19	35	0.00023753291094638	1	0	5.99020786714257	5.76556152538233
CSF2	CSF2RB	R-HSA-512988	REACTOME_INTERLEUKIN_3_INTERLEUKIN_5_AND_GM_CSF_SIGNALING	3.26612810058885e-69	1.02024413863755e-68	7.26648712311557	9.76661371727464	3.13765426829212e-10	1	15	28	1.75336235996977e-05	1	0	-6.41945330260141	7.70178123203608
C3	ITGB2	R-HSA-202733	REACTOME_CELL_SURFACE_INTERACTIONS_AT_THE_VASCULAR_WALL	4.43451838202929e-69	1.38047164700843e-68	3.94926349424245	12.9957409508531	4.02228456563833e-17	1	19	35	0.00023753291094638	1	0	7.22892163971451	5.76556152538233
HBEGF	ERBB4	R-HSA-2219530	REACTOME_CONSTITUTIVE_SIGNALING_BY_ABERRANT_PI3K_IN_CANCER	1.18278236987215e-68	3.6694511065317e-68	4.89501697871428	6.58137366024069	1.23024671338808e-12	1	18	33	8.5562181979711e-05	1	0	5.84427041608315	-2.96822194563169
CSF2	CSF2RA	R-HSA-512988	REACTOME_INTERLEUKIN_3_INTERLEUKIN_5_AND_GM_CSF_SIGNALING	1.8949287037208e-68	5.85881017578981e-68	7.26648712311557	5.03900908814577	1.8203912866329e-09	1	15	28	1.75336235996977e-05	1	0	-6.41945330260141	-6.41945330260141
ITGB2	ITGAL	R-HSA-202733	REACTOME_CELL_SURFACE_INTERACTIONS_AT_THE_VASCULAR_WALL	2.45005589840536e-67	7.54949427678125e-67	12.9957409508531	9.57801611120613	5.07672413823903e-17	1	18	34	0.000308515816961241	1	0	5.76556152538233	0.316751165973224
COL9A2	ITGA1	R-HSA-445355	REACTOME_SMOOTH_MUSCLE_CONTRACTION	2.95483408359507e-67	9.07413574995917e-67	8.05118941155366	1.2691563010367	1.38873415934757e-12	1	11	20	1.01421947010623e-06	1	0	6.26407663799585	6.22317999564956
ITGAM	ITGB2	R-HSA-202733	REACTOME_CELL_SURFACE_INTERACTIONS_AT_THE_VASCULAR_WALL	4.32044971531126e-67	1.32231945832254e-66	16.5309971348271	12.9957409508531	3.91881974758228e-15	1	19	35	0.00023753291094638	1	0	6.05325334801331	5.76556152538233
FABP5	RXRA	R-HSA-400253	REACTOME_CIRCADIAN_CLOCK	1.61538379077554e-66	4.92746263696297e-66	9.57008852839852	1.68361392236059	5.81784655455214e-13	1	24	44	0.000731357818584248	1	0	3.45004811875469	6.75656281282435
UBC	ERBB4	R-HSA-2219530	REACTOME_CONSTITUTIVE_SIGNALING_BY_ABERRANT_PI3K_IN_CANCER	5.6861351257646e-66	1.72866114692977e-65	4.10321008708002	6.58137366024069	5.91431630073125e-10	1	18	33	8.5562181979711e-05	1	0	-5.60109607146166	-2.96822194563169
ICAM3	ITGAL	R-HSA-202733	REACTOME_CELL_SURFACE_INTERACTIONS_AT_THE_VASCULAR_WALL	8.01696475647743e-66	2.42914032121266e-65	7.01524132334348	9.57801611120613	1.66118326202723e-15	1	18	34	0.000308515816961241	1	0	6.94092769135818	0.316751165973224
FYN	CD86	R-HSA-2219530	REACTOME_CONSTITUTIVE_SIGNALING_BY_ABERRANT_PI3K_IN_CANCER	1.12343527115817e-65	3.39269987203579e-65	2.13884060313412	6.25980915139201	1.16851805137742e-09	1	18	33	8.5562181979711e-05	1	0	-6.25875440017665	-3.04055219434815
ABCA1	RXRA	R-HSA-400253	REACTOME_CIRCADIAN_CLOCK	1.38593181943084e-65	4.17156299292263e-65	7.72041715625344	1.68361392236059	4.99146933785241e-12	1	24	44	0.000731357818584248	1	0	-6.41945330260141	6.75656281282435
ICAM5	ITGAL	R-HSA-202733	REACTOME_CELL_SURFACE_INTERACTIONS_AT_THE_VASCULAR_WALL	1.91853941637119e-65	5.75561824911358e-65	6.93639503282286	9.57801611120613	3.97537679511474e-15	1	18	34	0.000308515816961241	1	0	-3.24983956639454	0.316751165973224
MMP7	ERBB4	R-HSA-2219530	REACTOME_CONSTITUTIVE_SIGNALING_BY_ABERRANT_PI3K_IN_CANCER	2.51893751651213e-65	7.53195461351816e-65	7.97883344922994	6.58137366024069	2.6200209606218e-09	1	18	33	8.5562181979711e-05	1	0	-1.49782869064644	-2.96822194563169
CD274	CD80	R-HSA-2219530	REACTOME_CONSTITUTIVE_SIGNALING_BY_ABERRANT_PI3K_IN_CANCER	3.07588776277285e-65	9.16715402085417e-65	8.18201397707283	8.17616127802437	3.19932128453262e-09	1	18	33	8.5562181979711e-05	1	0	1.12077320161514	0.57093958009102
NRG1	ERBB4	R-HSA-2219530	REACTOME_CONSTITUTIVE_SIGNALING_BY_ABERRANT_PI3K_IN_CANCER	3.34098792407142e-65	9.92469942150627e-65	8.70029753393485	6.58137366024069	3.47505975550041e-09	1	18	33	8.5562181979711e-05	1	0	-0.480817994838106	-2.96822194563169
ADAM17	ERBB4	R-HSA-2219530	REACTOME_CONSTITUTIVE_SIGNALING_BY_ABERRANT_PI3K_IN_CANCER	3.64700685234489e-65	1.07984665432622e-64	1.4101160510875	6.58137366024069	3.79335903889578e-09	1	18	33	8.5562181979711e-05	1	0	5.53482763327679	-2.96822194563169
FYN	CD80	R-HSA-2219530	REACTOME_CONSTITUTIVE_SIGNALING_BY_ABERRANT_PI3K_IN_CANCER	3.88343192577162e-65	1.14611675991117e-64	2.13884060313412	8.17616127802437	4.03927170800093e-09	1	18	33	8.5562181979711e-05	1	0	-6.25875440017665	0.57093958009102
ICAM2	ITGAL	R-HSA-202733	REACTOME_CELL_SURFACE_INTERACTIONS_AT_THE_VASCULAR_WALL	6.10292333777989e-65	1.79532599159933e-64	5.96057612091828	9.57801611120613	1.2645776058781e-14	1	18	34	0.000308515816961241	1	0	5.99020786714257	0.316751165973224
SEMA7A	ITGA1	R-HSA-445355	REACTOME_SMOOTH_MUSCLE_CONTRACTION	7.87181735781107e-65	2.30821999298395e-64	9.79085741872736	1.2691563010367	3.69965329749983e-10	1	11	20	1.01421947010623e-06	1	0	4.60406746041105	6.22317999564956
CD86	CD80	R-HSA-2219530	REACTOME_CONSTITUTIVE_SIGNALING_BY_ABERRANT_PI3K_IN_CANCER	1.47607275463577e-64	4.30048119860228e-64	6.25980915139201	8.17616127802437	1.53530666449537e-08	1	18	33	8.5562181979711e-05	1	0	-3.04055219434815	0.57093958009102
CD80	CD86	R-HSA-2219530	REACTOME_CONSTITUTIVE_SIGNALING_BY_ABERRANT_PI3K_IN_CANCER	1.47607275463577e-64	4.30048119860228e-64	8.17616127802437	6.25980915139201	1.53530666449537e-08	1	18	33	8.5562181979711e-05	1	0	0.57093958009102	-3.04055219434815
TGFB1	SDC2	R-HSA-3781865	REACTOME_DISEASES_OF_GLYCOSYLATION	2.33020168249288e-64	6.7457112400829e-64	3.14112209804367	6.4543225009276	2.19073894660281e-13	1	13	24	1.6452713080514e-05	1	0	5.19755832572095	6.36500079053041
TGFB1	SDC2	R-HSA-5668914	REACTOME_DISEASES_OF_METABOLISM	2.33020168249288e-64	6.7457112400829e-64	3.14112209804367	6.4543225009276	2.19073894660281e-13	1	13	24	1.6452713080514e-05	1	0	5.19755832572095	6.36500079053041
MMP9	ITGAM	R-HSA-202733	REACTOME_CELL_SURFACE_INTERACTIONS_AT_THE_VASCULAR_WALL	2.39685297422971e-64	6.91663286849144e-64	15.1188915449759	16.5309971348271	2.00776963748298e-15	1	18	33	0.00023753291094638	1	0	-1.30828113955721	6.05325334801331
GNAS	ADCY8	R-HSA-163685	REACTOME_INTEGRATION_OF_ENERGY_METABOLISM	3.02758860512366e-64	8.70910772802976e-64	3.70969835811646	10.3110820516253	1.67562841936802e-14	1	19	36	0.000482480760545013	1	0	4.55564546302124	4.44304765339598
ITGB2	ITGAM	R-HSA-202733	REACTOME_CELL_SURFACE_INTERACTIONS_AT_THE_VASCULAR_WALL	4.67824325665067e-64	1.34148994331087e-63	12.9957409508531	16.5309971348271	3.91881974758228e-15	1	18	33	0.00023753291094638	1	0	5.76556152538233	6.05325334801331
COL5A3	SDC3	R-HSA-3781865	REACTOME_DISEASES_OF_GLYCOSYLATION	9.92135289661758e-64	2.82711905423993e-63	8.12734136673925	1.1368949149542	1.52091513325862e-09	1	13	24	8.88259256870307e-06	1	0	-5.22264500271412	-5.30037032347287
COL5A3	SDC3	R-HSA-5668914	REACTOME_DISEASES_OF_METABOLISM	9.92135289661758e-64	2.82711905423993e-63	8.12734136673925	1.1368949149542	1.52091513325862e-09	1	13	24	8.88259256870307e-06	1	0	-5.22264500271412	-5.30037032347287
COL9A2	ITGA1	R-HSA-373755	REACTOME_SEMAPHORIN_INTERACTIONS	3.27411233941133e-63	9.30052536414031e-63	8.05118941155366	1.2691563010367	1.38873415934757e-12	1	19	36	0.000430846859148583	1	0	6.26407663799585	6.22317999564956
GNAS	ADCY8	R-HSA-111885	REACTOME_OPIOID_SIGNALLING	4.10416073074411e-63	1.16220626300511e-62	3.70969835811646	10.3110820516253	1.67562841936802e-14	1	19	35	0.000373805860596402	1	0	4.55564546302124	4.44304765339598
TLN1	ITGA1	R-HSA-445355	REACTOME_SMOOTH_MUSCLE_CONTRACTION	5.04671918357832e-63	1.4246794216996e-62	1.12008362611655	1.2691563010367	2.37189335326158e-08	1	11	20	1.01421947010623e-06	1	0	4.30237625177188	6.22317999564956
GNAS	ADCY8	R-HSA-9662851	REACTOME_ANTI_INFLAMMATORY_RESPONSE_FAVOURING_LEISHMANIA_PARASITE_INFECTION	7.24715175057204e-63	2.0395235112291e-62	3.70969835811646	10.3110820516253	1.67562841936802e-14	1	15	29	0.000177756219887423	1	0	4.55564546302124	4.44304765339598
GNAS	ADCY1	R-HSA-163685	REACTOME_INTEGRATION_OF_ENERGY_METABOLISM	1.2964138807742e-62	3.63716116550539e-62	3.70969835811646	9.201462497802	7.17504332726115e-13	1	19	36	0.000482480760545013	1	0	4.55564546302124	3.96421770987343
SPP1	ITGA5	R-HSA-8878166	REACTOME_TRANSCRIPTIONAL_REGULATION_BY_RUNX2	1.81845377234375e-62	5.08607532018604e-62	3.52628787401922	2.81843843329586	4.97216305314355e-10	1	26	48	0.00136206761830845	1	0	-4.21471412274633	-4.94117284223112
SEMA7A	PLXNC1	R-HSA-373755	REACTOME_SEMAPHORIN_INTERACTIONS	1.87040717181335e-62	5.21533778889059e-62	9.79085741872736	6.65596759163214	4.79986860270425e-12	1	20	37	0.000426947677535233	1	0	4.60406746041105	1.17816621622752
ADAM17	ITGA5	R-HSA-8878166	REACTOME_TRANSCRIPTIONAL_REGULATION_BY_RUNX2	2.1339809357329e-62	5.93207544520247e-62	1.4101160510875	2.81843843329586	5.83490288625171e-10	1	26	48	0.00136206761830845	1	0	5.53482763327679	-4.94117284223112
B2M	TYROBP	R-HSA-373755	REACTOME_SEMAPHORIN_INTERACTIONS	9.36197075270895e-62	2.59452177262574e-61	3.89784702561476	11.4820516553354	3.42165243902634e-14	1	19	35	0.000430846859148583	1	0	0.546563503342828	6.56640279608026
ICAM2	ITGAM	R-HSA-202733	REACTOME_CELL_SURFACE_INTERACTIONS_AT_THE_VASCULAR_WALL	1.16531871658143e-61	3.21967997985567e-61	5.96057612091828	16.5309971348271	9.76151462896776e-13	1	18	33	0.00023753291094638	1	0	5.99020786714257	6.05325334801331
C3	ITGAM	R-HSA-202733	REACTOME_CELL_SURFACE_INTERACTIONS_AT_THE_VASCULAR_WALL	1.73492530812142e-61	4.77893062146173e-61	3.94926349424245	16.5309971348271	1.45329329516611e-12	1	18	33	0.00023753291094638	1	0	7.22892163971451	6.05325334801331
GNAS	ADCY1	R-HSA-111885	REACTOME_OPIOID_SIGNALLING	1.75740222144472e-61	4.82621939363521e-61	3.70969835811646	9.201462497802	7.17504332726115e-13	1	19	35	0.000373805860596402	1	0	4.55564546302124	3.96421770987343
GNAS	ADCY1	R-HSA-9662851	REACTOME_ANTI_INFLAMMATORY_RESPONSE_FAVOURING_LEISHMANIA_PARASITE_INFECTION	3.10323143296904e-61	8.49649811014717e-61	3.70969835811646	9.201462497802	7.17504332726115e-13	1	15	29	0.000177756219887423	1	0	4.55564546302124	3.96421770987343
CSF2	SDC2	R-HSA-3781865	REACTOME_DISEASES_OF_GLYCOSYLATION	4.52487976947565e-61	1.23147176959682e-60	7.26648712311557	6.4543225009276	4.25406539449433e-10	1	13	24	1.6452713080514e-05	1	0	-6.41945330260141	6.36500079053041
CSF2	SDC2	R-HSA-5668914	REACTOME_DISEASES_OF_METABOLISM	4.52487976947565e-61	1.23147176959682e-60	7.26648712311557	6.4543225009276	4.25406539449433e-10	1	13	24	1.6452713080514e-05	1	0	-6.41945330260141	6.36500079053041
FYN	TYROBP	R-HSA-373755	REACTOME_SEMAPHORIN_INTERACTIONS	5.86088872135144e-61	1.59031279036073e-60	2.13884060313412	11.4820516553354	2.14206225569241e-13	1	19	35	0.000430846859148583	1	0	-6.25875440017665	6.56640279608026
SEMA7A	ITGA1	R-HSA-373755	REACTOME_SEMAPHORIN_INTERACTIONS	8.72238968945557e-61	2.35971792491521e-60	9.79085741872736	1.2691563010367	3.69965329749983e-10	1	19	36	0.000430846859148583	1	0	4.60406746041105	6.22317999564956
TGFB1	SDC2	R-HSA-202733	REACTOME_CELL_SURFACE_INTERACTIONS_AT_THE_VASCULAR_WALL	8.82966400257724e-61	2.38165121019072e-60	3.14112209804367	6.4543225009276	2.19073894660281e-13	1	17	32	0.000308515816961241	1	0	5.19755832572095	6.36500079053041
SEMA6D	TYROBP	R-HSA-373755	REACTOME_SEMAPHORIN_INTERACTIONS	1.17934204188614e-60	3.17166247359321e-60	11.3717546305381	11.4820516553354	4.31030888757944e-13	1	19	35	0.000430846859148583	1	0	3.96826590256828	6.56640279608026
TYROBP	CD300LB	R-HSA-2172127	REACTOME_DAP12_INTERACTIONS	2.09145981139768e-60	5.60807365357078e-60	11.4820516553354	16.4629039889575	1.1783159585762e-12	1	11	21	1.42794295838804e-05	1	0	6.56640279608026	2.66157388606896
CD22	PTPRC	R-HSA-373755	REACTOME_SEMAPHORIN_INTERACTIONS	2.53218309316598e-60	6.76986597555259e-60	15.8931760234149	17.601033251972	6.49812848685913e-10	1	20	37	0.000426947677535233	1	0	6.15936573692112	-1.625433011068
LGALS1	PTPRC	R-HSA-373755	REACTOME_SEMAPHORIN_INTERACTIONS	2.99911638876709e-60	7.99471201580436e-60	1.3555065992926	17.601033251972	7.69638012900833e-10	1	20	37	0.000426947677535233	1	0	2.89414170424276	-1.625433011068
EFNB2	PECAM1	R-HSA-202733	REACTOME_CELL_SURFACE_INTERACTIONS_AT_THE_VASCULAR_WALL	4.04220097922451e-60	1.07437447079388e-59	2.80254702941213	11.4400409772757	3.38602679511419e-11	1	18	33	0.00023753291094638	1	0	-1.79278889076211	4.5471791287388
FYN	SPN	R-HSA-202733	REACTOME_CELL_SURFACE_INTERACTIONS_AT_THE_VASCULAR_WALL	5.98402837793819e-60	1.58585475088799e-59	2.13884060313412	3.12833978860808	1.48470474315888e-12	1	17	32	0.000308515816961241	1	0	-6.25875440017665	5.24858246984573
FABP5	RXRA	R-HSA-1592230	REACTOME_MITOCHONDRIAL_BIOGENESIS	9.57764466618946e-60	2.53083691905995e-59	9.57008852839852	1.68361392236059	5.81784655455214e-13	1	23	42	0.00119076904333607	1	0	3.45004811875469	6.75656281282435
TYROBP	TREM1	R-HSA-2172127	REACTOME_DAP12_INTERACTIONS	1.16467155608545e-59	3.06865636081644e-59	11.4820516553354	14.3000398917057	6.56168994286409e-12	1	11	21	1.42794295838804e-05	1	0	6.56640279608026	3.75825340720031
TLN1	ITGA1	R-HSA-373755	REACTOME_SEMAPHORIN_INTERACTIONS	5.5920315946789e-59	1.46912043918009e-58	1.12008362611655	1.2691563010367	2.37189335326158e-08	1	19	36	0.000430846859148583	1	0	4.30237625177188	6.22317999564956
SPP1	ITGA5	R-HSA-202733	REACTOME_CELL_SURFACE_INTERACTIONS_AT_THE_VASCULAR_WALL	5.93571273307156e-59	1.55491725485938e-58	3.52628787401922	2.81843843329586	4.97216305314355e-10	1	18	33	0.00023753291094638	1	0	-4.21471412274633	-4.94117284223112
ADAM17	ITGA5	R-HSA-202733	REACTOME_CELL_SURFACE_INTERACTIONS_AT_THE_VASCULAR_WALL	6.96564191237925e-59	1.8194737064232e-58	1.4101160510875	2.81843843329586	5.83490288625171e-10	1	18	33	0.00023753291094638	1	0	5.53482763327679	-4.94117284223112
SPP1	ITGA4	R-HSA-202733	REACTOME_CELL_SURFACE_INTERACTIONS_AT_THE_VASCULAR_WALL	7.01674672905146e-59	1.82504351144433e-58	3.52628787401922	11.6075982897741	1.74093378109224e-11	1	17	32	0.000308515816961241	1	0	-4.21471412274633	6.05087903182527
TGM2	ITGA4	R-HSA-202733	REACTOME_CELL_SURFACE_INTERACTIONS_AT_THE_VASCULAR_WALL	7.02712023108377e-59	1.82504351144433e-58	1.98540366080875	11.6075982897741	1.74350756361763e-11	1	17	32	0.000308515816961241	1	0	-5.06651626145377	6.05087903182527
ABCA1	RXRA	R-HSA-1592230	REACTOME_MITOCHONDRIAL_BIOGENESIS	8.21721907442273e-59	2.1280490423505e-58	7.72041715625344	1.68361392236059	4.99146933785241e-12	1	23	42	0.00119076904333607	1	0	-6.41945330260141	6.75656281282435
IL16	CD4	R-HSA-202403	REACTOME_TCR_SIGNALING	2.11502427275472e-58	5.46180984072172e-58	8.10206497894335	13.6358505419342	3.91590413091151e-14	1	19	36	0.000972477908416087	1	0	-6.11068214041468	-1.47758833979379
VEGFA	NRP1	R-HSA-373755	REACTOME_SEMAPHORIN_INTERACTIONS	1.06266406452734e-57	2.73643522565256e-57	4.02648845006077	1.87070556151693	1.25816181407744e-12	1	19	36	0.000877147236695342	1	0	7.97551401221459	-4.05181724627992
B2M	TYROBP	R-HSA-2424491	REACTOME_DAP12_SIGNALING	1.11394128594244e-57	2.86037465797083e-57	3.89784702561476	11.4820516553354	3.42165243902634e-14	1	10	19	1.42794295838804e-05	1	0	0.546563503342828	6.56640279608026
CSF2	SDC2	R-HSA-202733	REACTOME_CELL_SURFACE_INTERACTIONS_AT_THE_VASCULAR_WALL	1.71457982872052e-57	4.39029032199142e-57	7.26648712311557	6.4543225009276	4.25406539449433e-10	1	17	32	0.000308515816961241	1	0	-6.41945330260141	6.36500079053041
FABP5	RXRA	R-HSA-9843745	REACTOME_ADIPOGENESIS	2.05764001947747e-57	5.25391791490175e-57	9.57008852839852	1.68361392236059	5.81784655455214e-13	1	22	40	0.00119076904333607	1	0	3.45004811875469	6.75656281282435
ADAM28	ITGA4	R-HSA-202733	REACTOME_CELL_SURFACE_INTERACTIONS_AT_THE_VASCULAR_WALL	4.97593096586875e-57	1.26698074172961e-56	13.6430612190813	11.6075982897741	1.23458443711491e-09	1	17	32	0.000308515816961241	1	0	6.5282983767433	6.05087903182527
FYN	TYROBP	R-HSA-2424491	REACTOME_DAP12_SIGNALING	6.97362349389803e-57	1.7706770268026e-56	2.13884060313412	11.4820516553354	2.14206225569241e-13	1	10	19	1.42794295838804e-05	1	0	-6.25875440017665	6.56640279608026
TYROBP	TREM2	R-HSA-373755	REACTOME_SEMAPHORIN_INTERACTIONS	1.15698769179937e-56	2.9295315093193e-56	11.4820516553354	16.2569244704046	4.6686066963932e-14	1	18	34	0.000877147236695342	1	0	6.56640279608026	-1.20411008852934
FYN	NRP1	R-HSA-373755	REACTOME_SEMAPHORIN_INTERACTIONS	1.16911407356644e-56	2.95201303575525e-56	2.13884060313412	1.87070556151693	1.38419537534288e-11	1	19	36	0.000877147236695342	1	0	-6.25875440017665	-4.05181724627992
SEMA6D	TYROBP	R-HSA-2424491	REACTOME_DAP12_SIGNALING	1.40324919336508e-56	3.53338924312702e-56	11.3717546305381	11.4820516553354	4.31030888757944e-13	1	10	19	1.42794295838804e-05	1	0	3.96826590256828	6.56640279608026
ABCA1	RXRA	R-HSA-9843745	REACTOME_ADIPOGENESIS	1.76536919103232e-56	4.43292981947065e-56	7.72041715625344	1.68361392236059	4.99146933785241e-12	1	22	40	0.00119076904333607	1	0	-6.41945330260141	6.75656281282435
B2M	TYROBP	R-HSA-2172127	REACTOME_DAP12_INTERACTIONS	2.33521506672374e-56	5.84768731584539e-56	3.89784702561476	11.4820516553354	3.42165243902634e-14	1	11	21	4.59664328683385e-05	1	0	0.546563503342828	6.56640279608026
CD22	PTPRC	R-HSA-202403	REACTOME_TCR_SIGNALING	5.11251340615928e-56	1.27672381488978e-55	15.8931760234149	17.601033251972	6.49812848685913e-10	1	20	37	0.000740773484307616	1	0	6.15936573692112	-1.625433011068
LGALS1	PTPRC	R-HSA-202403	REACTOME_TCR_SIGNALING	6.05525832061097e-56	1.50800816806449e-55	1.3555065992926	17.601033251972	7.69638012900833e-10	1	20	37	0.000740773484307616	1	0	2.89414170424276	-1.625433011068
VEGFB	NRP1	R-HSA-373755	REACTOME_SEMAPHORIN_INTERACTIONS	8.68919399692293e-56	2.15805391890791e-55	1.35841845472351	1.87070556151693	1.02877404506023e-10	1	19	36	0.000877147236695342	1	0	4.69895678266557	-4.05181724627992
GNAS	ADCY8	R-HSA-112040	REACTOME_G_PROTEIN_MEDIATED_EVENTS	1.1117684907454e-55	2.75367182040208e-55	3.70969835811646	10.3110820516253	1.67562841936802e-14	1	15	28	0.000327899661281938	1	0	4.55564546302124	4.44304765339598
FABP5	RXRA	R-HSA-5617472	REACTOME_ACTIVATION_OF_ANTERIOR_HOX_GENES_IN_HINDBRAIN_DEVELOPMENT_DURING_EARLY_EMBRYOGENESIS	1.3264638753168e-55	3.2765099528885e-55	9.57008852839852	1.68361392236059	5.81784655455214e-13	1	22	40	0.00148316243240978	1	0	3.45004811875469	6.75656281282435
FYN	TYROBP	R-HSA-2172127	REACTOME_DAP12_INTERACTIONS	1.46191822299069e-55	3.60131074444048e-55	2.13884060313412	11.4820516553354	2.14206225569241e-13	1	11	21	4.59664328683385e-05	1	0	-6.25875440017665	6.56640279608026
SEMA6D	TYROBP	R-HSA-2172127	REACTOME_DAP12_INTERACTIONS	2.94170680274382e-55	7.22705806403819e-55	11.3717546305381	11.4820516553354	4.31030888757944e-13	1	11	21	4.59664328683385e-05	1	0	3.96826590256828	6.56640279608026
ABCA1	RXRA	R-HSA-5617472	REACTOME_ACTIVATION_OF_ANTERIOR_HOX_GENES_IN_HINDBRAIN_DEVELOPMENT_DURING_EARLY_EMBRYOGENESIS	1.13805059987911e-54	2.78837734579545e-54	7.72041715625344	1.68361392236059	4.99146933785241e-12	1	22	40	0.00148316243240978	1	0	-6.41945330260141	6.75656281282435
TGFB1	SDC2	R-HSA-1638091	REACTOME_HEPARAN_SULFATE_HEPARIN_HS_GAG_METABOLISM	1.41355991044884e-54	3.45410203924192e-54	3.14112209804367	6.4543225009276	2.19073894660281e-13	1	9	18	2.61140878577017e-05	1	0	5.19755832572095	6.36500079053041
B2M	TREM2	R-HSA-373755	REACTOME_SEMAPHORIN_INTERACTIONS	2.65242927643528e-54	6.46396303560232e-54	3.89784702561476	16.2569244704046	1.07029220530571e-11	1	18	34	0.000877147236695342	1	0	0.546563503342828	-1.20411008852934
GNAS	ADCY1	R-HSA-112040	REACTOME_G_PROTEIN_MEDIATED_EVENTS	4.76059429332819e-54	1.15705353279019e-53	3.70969835811646	9.201462497802	7.17504332726115e-13	1	15	28	0.000327899661281938	1	0	4.55564546302124	3.96421770987343
FABP5	RXRA	R-HSA-1655829	REACTOME_REGULATION_OF_CHOLESTEROL_BIOSYNTHESIS_BY_SREBP_SREBF	1.00009166961948e-53	2.42422220715761e-53	9.57008852839852	1.68361392236059	5.81784655455214e-13	1	19	35	0.00108267263028114	1	0	3.45004811875469	6.75656281282435
FYN	TREM2	R-HSA-373755	REACTOME_SEMAPHORIN_INTERACTIONS	1.66050431485739e-53	4.01435750586533e-53	2.13884060313412	16.2569244704046	6.70036649368028e-11	1	18	34	0.000877147236695342	1	0	-6.25875440017665	-1.20411008852934
SEMA6D	TREM2	R-HSA-373755	REACTOME_SEMAPHORIN_INTERACTIONS	3.34130648498835e-53	8.05635966804882e-53	11.3717546305381	16.2569244704046	1.3482637664242e-10	1	18	34	0.000877147236695342	1	0	3.96826590256828	-1.20411008852934
TGFB1	SDC2	R-HSA-9820952	REACTOME_RESPIRATORY_SYNCYTIAL_VIRUS_INFECTION_PATHWAY	4.06038785633081e-53	9.76426603546218e-53	3.14112209804367	6.4543225009276	2.19073894660281e-13	1	23	42	0.00268585759971704	1	0	5.19755832572095	6.36500079053041
B2M	TFRC	R-HSA-199992	REACTOME_TRANS_GOLGI_NETWORK_VESICLE_BUDDING	8.02365515747836e-53	1.92440700214982e-52	3.89784702561476	1.01174550518786	6.38206383449392e-09	1	17	32	0.000510197703145226	1	0	0.546563503342828	4.81093271457256
TYROBP	TREM2	R-HSA-2172127	REACTOME_DAP12_INTERACTIONS	8.60018096303337e-53	2.04648285219825e-52	11.4820516553354	16.2569244704046	4.6686066963932e-14	1	9	18	4.59664328683385e-05	1	0	6.56640279608026	-1.20411008852934
TYROBP	TREM2	R-HSA-2424491	REACTOME_DAP12_SIGNALING	8.60018096303337e-53	2.04648285219825e-52	11.4820516553354	16.2569244704046	4.6686066963932e-14	1	9	18	4.59664328683385e-05	1	0	6.56640279608026	-1.20411008852934
ABCA1	RXRA	R-HSA-1655829	REACTOME_REGULATION_OF_CHOLESTEROL_BIOSYNTHESIS_BY_SREBP_SREBF	8.58036879649454e-53	2.04648285219825e-52	7.72041715625344	1.68361392236059	4.99146933785241e-12	1	19	35	0.00108267263028114	1	0	-6.41945330260141	6.75656281282435
COL5A3	SDC3	R-HSA-9820952	REACTOME_RESPIRATORY_SYNCYTIAL_VIRUS_INFECTION_PATHWAY	9.25945105042932e-53	2.19760861745176e-52	8.12734136673925	1.1368949149542	1.52091513325862e-09	1	23	42	0.00179681280781743	1	0	-5.22264500271412	-5.30037032347287
COL5A3	SDC3	R-HSA-1638091	REACTOME_HEPARAN_SULFATE_HEPARIN_HS_GAG_METABOLISM	9.67131925320101e-53	2.28938260446868e-52	8.12734136673925	1.1368949149542	1.52091513325862e-09	1	9	18	1.6452713080514e-05	1	0	-5.22264500271412	-5.30037032347287
GNAS	ADCY8	R-HSA-5610787	REACTOME_HEDGEHOG_OFF_STATE	1.37124091409217e-52	3.23755322314228e-52	3.70969835811646	10.3110820516253	1.67562841936802e-14	1	16	30	0.000822533061807905	1	0	4.55564546302124	4.44304765339598
GNAS	ADCY8	R-HSA-9664323	REACTOME_FCGR3A_MEDIATED_IL10_SYNTHESIS	1.8719737100335e-52	4.40835259694417e-52	3.70969835811646	10.3110820516253	1.67562841936802e-14	1	12	22	0.000104278085483958	1	0	4.55564546302124	4.44304765339598
CSF2	SDC2	R-HSA-1638091	REACTOME_HEPARAN_SULFATE_HEPARIN_HS_GAG_METABOLISM	2.74490774330273e-51	6.44734144357153e-51	7.26648712311557	6.4543225009276	4.25406539449433e-10	1	9	18	2.61140878577017e-05	1	0	-6.41945330260141	6.36500079053041
FABP5	RXRA	R-HSA-9707616	REACTOME_HEME_SIGNALING	3.15436543795589e-51	7.38999531727295e-51	9.57008852839852	1.68361392236059	5.81784655455214e-13	1	11	20	4.43376452879007e-05	1	0	3.45004811875469	6.75656281282435
GNAS	ADCY1	R-HSA-5610787	REACTOME_HEDGEHOG_OFF_STATE	5.87165558724243e-51	1.37206553439675e-50	3.70969835811646	9.201462497802	7.17504332726115e-13	1	16	30	0.000822533061807905	1	0	4.55564546302124	3.96421770987343
TGFB1	TGFBR1	R-HSA-2173789	REACTOME_TGF_BETA_RECEPTOR_SIGNALING_ACTIVATES_SMADS	6.09389348231622e-51	1.42034594241678e-50	3.14112209804367	1.45796522957666	1.88721421067582e-09	1	17	31	0.000466602890228419	1	0	5.19755832572095	-6.41945330260141
FABP5	RXRA	R-HSA-9616222	REACTOME_TRANSCRIPTIONAL_REGULATION_OF_GRANULOPOIESIS	6.28328726458153e-51	1.4607437656022e-50	9.57008852839852	1.68361392236059	5.81784655455214e-13	1	11	21	0.000110718920920911	1	0	3.45004811875469	6.75656281282435
HBEGF	ERBB4	R-HSA-8848021	REACTOME_SIGNALING_BY_PTK6	7.18960786406806e-51	1.66718202766272e-50	4.89501697871428	6.58137366024069	1.23024671338808e-12	1	15	29	0.000842284877892745	1	0	5.84427041608315	-2.96822194563169
GNAS	ADCY1	R-HSA-9664323	REACTOME_FCGR3A_MEDIATED_IL10_SYNTHESIS	8.01579414727875e-51	1.85403482948508e-50	3.70969835811646	9.201462497802	7.17504332726115e-13	1	12	22	0.000104278085483958	1	0	4.55564546302124	3.96421770987343
B2M	TREM2	R-HSA-2172127	REACTOME_DAP12_INTERACTIONS	1.9716174969428e-50	4.53721596131899e-50	3.89784702561476	16.2569244704046	1.07029220530571e-11	1	9	18	4.59664328683385e-05	1	0	0.546563503342828	-1.20411008852934
B2M	TREM2	R-HSA-2424491	REACTOME_DAP12_SIGNALING	1.9716174969428e-50	4.53721596131899e-50	3.89784702561476	16.2569244704046	1.07029220530571e-11	1	9	18	4.59664328683385e-05	1	0	0.546563503342828	-1.20411008852934
ABCA1	RXRA	R-HSA-9707616	REACTOME_HEME_SIGNALING	2.70631379090236e-50	6.21222029275314e-50	7.72041715625344	1.68361392236059	4.99146933785241e-12	1	11	20	4.43376452879007e-05	1	0	-6.41945330260141	6.75656281282435
UBC	TGFBR1	R-HSA-2173789	REACTOME_TGF_BETA_RECEPTOR_SIGNALING_ACTIVATES_SMADS	4.9847840216446e-50	1.14135231125313e-49	4.10321008708002	1.45796522957666	1.54373476827196e-08	1	17	31	0.000466602890228419	1	0	-5.60109607146166	-6.41945330260141
ABCA1	RXRA	R-HSA-9616222	REACTOME_TRANSCRIPTIONAL_REGULATION_OF_GRANULOPOIESIS	5.39079802603896e-50	1.23121492604759e-49	7.72041715625344	1.68361392236059	4.99146933785241e-12	1	11	21	0.000110718920920911	1	0	-6.41945330260141	6.75656281282435
FABP5	RXRA	R-HSA-381340	REACTOME_TRANSCRIPTIONAL_REGULATION_OF_WHITE_ADIPOCYTE_DIFFERENTIATION	5.85703121676365e-50	1.33434620953337e-49	9.57008852839852	1.68361392236059	5.81784655455214e-13	1	16	30	0.000972477908416087	1	0	3.45004811875469	6.75656281282435
CSF2	SDC2	R-HSA-9820952	REACTOME_RESPIRATORY_SYNCYTIAL_VIRUS_INFECTION_PATHWAY	7.88462518303585e-50	1.7917810728449e-49	7.26648712311557	6.4543225009276	4.25406539449433e-10	1	23	42	0.00268585759971704	1	0	-6.41945330260141	6.36500079053041
FYN	TREM2	R-HSA-2172127	REACTOME_DAP12_INTERACTIONS	1.23429468601016e-49	2.79097977508267e-49	2.13884060313412	16.2569244704046	6.70036649368028e-11	1	9	18	4.59664328683385e-05	1	0	-6.25875440017665	-1.20411008852934
FYN	TREM2	R-HSA-2424491	REACTOME_DAP12_SIGNALING	1.23429468601016e-49	2.79097977508267e-49	2.13884060313412	16.2569244704046	6.70036649368028e-11	1	9	18	4.59664328683385e-05	1	0	-6.25875440017665	-1.20411008852934
UBC	TLR4	R-HSA-9707616	REACTOME_HEME_SIGNALING	1.83921690592793e-49	4.14850661907813e-49	4.10321008708002	4.97971482845478	1.19712183675261e-12	1	9	17	2.6442971582873e-05	1	0	-5.60109607146166	6.63556963125616
SEMA6D	TREM2	R-HSA-2172127	REACTOME_DAP12_INTERACTIONS	2.48367727915637e-49	5.5744756709954e-49	11.3717546305381	16.2569244704046	1.3482637664242e-10	1	9	18	4.59664328683385e-05	1	0	3.96826590256828	-1.20411008852934
SEMA6D	TREM2	R-HSA-2424491	REACTOME_DAP12_SIGNALING	2.48367727915637e-49	5.5744756709954e-49	11.3717546305381	16.2569244704046	1.3482637664242e-10	1	9	18	4.59664328683385e-05	1	0	3.96826590256828	-1.20411008852934
TGFB1	SDC2	R-HSA-196854	REACTOME_METABOLISM_OF_VITAMINS_AND_COFACTORS	2.56825070627579e-49	5.7500982561692e-49	3.14112209804367	6.4543225009276	2.19073894660281e-13	1	8	15	1.07786884804163e-05	1	0	5.19755832572095	6.36500079053041
UBC	TLR4	R-HSA-9820952	REACTOME_RESPIRATORY_SYNCYTIAL_VIRUS_INFECTION_PATHWAY	4.07014536695883e-49	9.09032466478029e-49	4.10321008708002	4.97971482845478	1.19712183675261e-12	1	22	41	0.00404422378063376	1	0	-5.60109607146166	6.63556963125616
ABCA1	RXRA	R-HSA-381340	REACTOME_TRANSCRIPTIONAL_REGULATION_OF_WHITE_ADIPOCYTE_DIFFERENTIATION	5.02508814132358e-49	1.11956007854489e-48	7.72041715625344	1.68361392236059	4.99146933785241e-12	1	16	30	0.000972477908416087	1	0	-6.41945330260141	6.75656281282435
FABP5	RXRA	R-HSA-9024446	REACTOME_NR1H2_AND_NR1H3_MEDIATED_SIGNALING	6.09558001402528e-49	1.35473893221246e-48	9.57008852839852	1.68361392236059	5.81784655455214e-13	1	15	29	0.00119076904333607	1	0	3.45004811875469	6.75656281282435
CAP1	ROBO1	R-HSA-373752	REACTOME_NETRIN_1_SIGNALING	6.16501554050735e-49	1.36682905520029e-48	4.40146747798861	8.49956445559487	1.81042953352961e-17	1	8	15	3.89460713761665e-05	1	0	7.18547999307474	4.89189834921981
IL16	CD4	R-HSA-388841	REACTOME_COSTIMULATION_BY_THE_CD28_FAMILY	2.6731513418329e-48	5.91215223777641e-48	8.10206497894335	13.6358505419342	3.91590413091151e-14	1	12	22	0.000230372899534046	1	0	-6.11068214041468	-1.47758833979379
UBC	ERBB4	R-HSA-8848021	REACTOME_SIGNALING_BY_PTK6	3.4563485944392e-48	7.62577881637191e-48	4.10321008708002	6.58137366024069	5.91431630073125e-10	1	15	29	0.000842284877892745	1	0	-5.60109607146166	-2.96822194563169
HBEGF	ERBB4	R-HSA-1236394	REACTOME_SIGNALING_BY_ERBB4	4.41530621752151e-48	9.71795000418173e-48	4.89501697871428	6.58137366024069	1.23024671338808e-12	1	15	28	0.000842284877892745	1	0	5.84427041608315	-2.96822194563169
ABCA1	RXRA	R-HSA-9024446	REACTOME_NR1H2_AND_NR1H3_MEDIATED_SIGNALING	5.2297530454162e-48	1.14827186431964e-47	7.72041715625344	1.68361392236059	4.99146933785241e-12	1	15	29	0.00119076904333607	1	0	-6.41945330260141	6.75656281282435
FYN	CSF1R	R-HSA-8853884	REACTOME_TRANSCRIPTIONAL_REGULATION_BY_VENTX	1.11489175437866e-47	2.44201591501254e-47	2.13884060313412	12.1096745040454	8.31282764673178e-13	1	14	27	0.000972477908416087	1	0	-6.25875440017665	4.07702539487887
IL16	GRIN2D	R-HSA-6794362	REACTOME_PROTEIN_PROTEIN_INTERACTIONS_AT_SYNAPSES	1.43317989271626e-47	3.13163587134395e-47	8.10206497894335	4.91497207701578	2.36495312575524e-13	1	8	15	1.76500997524193e-05	1	0	-6.11068214041468	6.87394755689109
MMP7	ERBB4	R-HSA-8848021	REACTOME_SIGNALING_BY_PTK6	1.53115006100143e-47	3.33768682362182e-47	7.97883344922994	6.58137366024069	2.6200209606218e-09	1	15	29	0.000842284877892745	1	0	-1.49782869064644	-2.96822194563169
NRG1	ERBB4	R-HSA-8848021	REACTOME_SIGNALING_BY_PTK6	2.03083793472984e-47	4.41634373844359e-47	8.70029753393485	6.58137366024069	3.47505975550041e-09	1	15	29	0.000842284877892745	1	0	-0.480817994838106	-2.96822194563169
ADAM17	ERBB4	R-HSA-8848021	REACTOME_SIGNALING_BY_PTK6	2.21685322793263e-47	4.80935461620707e-47	1.4101160510875	6.58137366024069	3.79335903889578e-09	1	15	29	0.000842284877892745	1	0	5.53482763327679	-2.96822194563169
FABP5	RXRA	R-HSA-9839373	REACTOME_SIGNALING_BY_TGFBR3	2.48772538105754e-47	5.38414850328882e-47	9.57008852839852	1.68361392236059	5.81784655455214e-13	1	13	24	0.000398177780251284	1	0	3.45004811875469	6.75656281282435
NRP1	ROBO1	R-HSA-373752	REACTOME_NETRIN_1_SIGNALING	6.20738018068e-47	1.34026332167176e-46	1.87070556151693	8.49956445559487	1.82287040983268e-15	1	8	15	3.89460713761665e-05	1	0	-4.05181724627992	4.89189834921981
COL5A3	SDC3	R-HSA-196854	REACTOME_METABOLISM_OF_VITAMINS_AND_COFACTORS	8.13698677644191e-47	1.75273008999661e-46	8.12734136673925	1.1368949149542	1.52091513325862e-09	1	8	15	7.32788651610277e-06	1	0	-5.22264500271412	-5.30037032347287
GNAS	ADCY8	R-HSA-422356	REACTOME_REGULATION_OF_INSULIN_SECRETION	9.73469776442543e-47	2.09192441320632e-46	3.70969835811646	10.3110820516253	1.67562841936802e-14	1	11	20	0.000177756219887423	1	0	4.55564546302124	4.44304765339598
ABCA1	RXRA	R-HSA-9839373	REACTOME_SIGNALING_BY_TGFBR3	2.13436446700885e-46	4.57579552007321e-46	7.72041715625344	1.68361392236059	4.99146933785241e-12	1	13	24	0.000398177780251284	1	0	-6.41945330260141	6.75656281282435
CSF2	SDC2	R-HSA-196854	REACTOME_METABOLISM_OF_VITAMINS_AND_COFACTORS	4.98713298126905e-46	1.06665973646437e-45	7.26648712311557	6.4543225009276	4.25406539449433e-10	1	8	15	1.07786884804163e-05	1	0	-6.41945330260141	6.36500079053041
FABP5	RXRA	R-HSA-9707564	REACTOME_CYTOPROTECTION_BY_HMOX1	7.86786656281883e-46	1.67884758347472e-45	9.57008852839852	1.68361392236059	5.81784655455214e-13	1	11	20	0.000153642116461645	1	0	3.45004811875469	6.75656281282435
CSF2	CSF1R	R-HSA-8853884	REACTOME_TRANSCRIPTIONAL_REGULATION_BY_VENTX	1.03564259188004e-45	2.2046817705362e-45	7.26648712311557	12.1096745040454	7.72193204954795e-11	1	14	27	0.000972477908416087	1	0	-6.41945330260141	4.07702539487887
VASP	ROBO1	R-HSA-373752	REACTOME_NETRIN_1_SIGNALING	1.24446681024455e-45	2.64303815540256e-45	1.24720326234774	8.49956445559487	3.65452358061487e-14	1	8	15	3.89460713761665e-05	1	0	0.487665222948153	4.89189834921981
HBEGF	ERBB4	R-HSA-1227986	REACTOME_SIGNALING_BY_ERBB2	1.36019228801499e-45	2.88208575712266e-45	4.89501697871428	6.58137366024069	1.23024671338808e-12	1	14	26	0.000842284877892745	1	0	5.84427041608315	-2.96822194563169
UBC	ERBB4	R-HSA-1236394	REACTOME_SIGNALING_BY_ERBB4	2.12262445010654e-45	4.48712936080662e-45	4.10321008708002	6.58137366024069	5.91431630073125e-10	1	15	28	0.000842284877892745	1	0	-5.60109607146166	-2.96822194563169
ABCA1	RXRA	R-HSA-9707564	REACTOME_CYTOPROTECTION_BY_HMOX1	6.75030087754654e-45	1.42367134517165e-44	7.72041715625344	1.68361392236059	4.99146933785241e-12	1	11	20	0.000153642116461645	1	0	-6.41945330260141	6.75656281282435
MMP7	ERBB4	R-HSA-1236394	REACTOME_SIGNALING_BY_ERBB4	9.40315036941778e-45	1.97857955689832e-44	7.97883344922994	6.58137366024069	2.6200209606218e-09	1	15	28	0.000842284877892745	1	0	-1.49782869064644	-2.96822194563169
NRG1	ERBB4	R-HSA-1236394	REACTOME_SIGNALING_BY_ERBB4	1.24718503839479e-44	2.61822448014056e-44	8.70029753393485	6.58137366024069	3.47505975550041e-09	1	15	28	0.000842284877892745	1	0	-0.480817994838106	-2.96822194563169
ADAM17	ERBB4	R-HSA-1236394	REACTOME_SIGNALING_BY_ERBB4	1.36142137731073e-44	2.85145629487431e-44	1.4101160510875	6.58137366024069	3.79335903889578e-09	1	15	28	0.000842284877892745	1	0	5.53482763327679	-2.96822194563169
FABP5	RXRA	R-HSA-2151201	REACTOME_TRANSCRIPTIONAL_ACTIVATION_OF_MITOCHONDRIAL_BIOGENESIS	1.46946224827872e-44	3.07066938778243e-44	9.57008852839852	1.68361392236059	5.81784655455214e-13	1	13	25	0.00113036450172328	1	0	3.45004811875469	6.75656281282435
CSF2	CSF3R	R-HSA-9616222	REACTOME_TRANSCRIPTIONAL_REGULATION_OF_GRANULOPOIESIS	1.58877846609312e-44	3.3123844625657e-44	7.26648712311557	14.2429561127429	3.4650730066496e-08	1	11	21	0.000155679496495516	1	0	-6.41945330260141	-1.24981328184145
TGFB1	SDC2	R-HSA-1793185	REACTOME_CHONDROITIN_SULFATE_DERMATAN_SULFATE_METABOLISM	5.66170475794693e-44	1.16965673294858e-43	3.14112209804367	6.4543225009276	2.19073894660281e-13	1	6	12	1.6452713080514e-05	1	0	5.19755832572095	6.36500079053041
TGFB1	SDC2	R-HSA-1971475	REACTOME_A_TETRASACCHARIDE_LINKER_SEQUENCE_IS_REQUIRED_FOR_GAG_SYNTHESIS	5.66170475794693e-44	1.16965673294858e-43	3.14112209804367	6.4543225009276	2.19073894660281e-13	1	6	12	1.6452713080514e-05	1	0	5.19755832572095	6.36500079053041
TGFB1	SDC2	R-HSA-3560782	REACTOME_DISEASES_ASSOCIATED_WITH_GLYCOSAMINOGLYCAN_METABOLISM	5.66170475794693e-44	1.16965673294858e-43	3.14112209804367	6.4543225009276	2.19073894660281e-13	1	6	12	1.6452713080514e-05	1	0	5.19755832572095	6.36500079053041
TGFB1	SDC2	R-HSA-3560783	REACTOME_DEFECTIVE_B4GALT7_CAUSES_EDS_PROGEROID_TYPE	5.66170475794693e-44	1.16965673294858e-43	3.14112209804367	6.4543225009276	2.19073894660281e-13	1	6	12	1.6452713080514e-05	1	0	5.19755832572095	6.36500079053041
TGFB1	CXCR4	R-HSA-380108	REACTOME_CHEMOKINE_RECEPTORS_BIND_CHEMOKINES	6.39597058363086e-44	1.31835312029942e-43	3.14112209804367	5.247457689196	3.00809183001975e-14	1	5	10	4.65122304746434e-06	1	0	5.19755832572095	-3.35035647540864
MMP9	ITGB2	R-HSA-216083	REACTOME_INTEGRIN_CELL_SURFACE_INTERACTIONS	7.13696199028555e-44	1.46775983012886e-43	15.1188915449759	12.9957409508531	5.55691053627409e-20	1	6	11	3.74988515056535e-05	1	0	-1.30828113955721	5.76556152538233
EFNB2	PECAM1	R-HSA-76005	REACTOME_RESPONSE_TO_ELEVATED_PLATELET_CYTOSOLIC_CA2	1.24517132739843e-43	2.55499037608391e-43	2.80254702941213	11.4400409772757	3.38602679511419e-11	1	7	14	3.24345079997416e-05	1	0	-1.79278889076211	4.5471791287388
ABCA1	RXRA	R-HSA-2151201	REACTOME_TRANSCRIPTIONAL_ACTIVATION_OF_MITOCHONDRIAL_BIOGENESIS	1.26073723097352e-43	2.58110392557416e-43	7.72041715625344	1.68361392236059	4.99146933785241e-12	1	13	25	0.00113036450172328	1	0	-6.41945330260141	6.75656281282435
TGFB1	SDC2	R-HSA-2022928	REACTOME_HS_GAG_BIOSYNTHESIS	1.57041153744071e-43	3.20787435400811e-43	3.14112209804367	6.4543225009276	2.19073894660281e-13	1	5	10	3.88032607254958e-06	1	0	5.19755832572095	6.36500079053041
COL5A3	SDC3	R-HSA-3000171	REACTOME_NON_INTEGRIN_MEMBRANE_ECM_INTERACTIONS	2.34640210651225e-43	4.78224106461802e-43	8.12734136673925	1.1368949149542	1.52091513325862e-09	1	7	13	5.10134321761978e-06	1	0	-5.22264500271412	-5.30037032347287
FABP5	RXRA	R-HSA-2426168	REACTOME_ACTIVATION_OF_GENE_EXPRESSION_BY_SREBF_SREBP	3.09409456184561e-43	6.29201780026322e-43	9.57008852839852	1.68361392236059	5.81784655455214e-13	1	14	26	0.00135514657993955	1	0	3.45004811875469	6.75656281282435
GNAS	ADCY8	R-HSA-1489509	REACTOME_DAG_AND_IP3_SIGNALING	5.43992175011549e-43	1.10376983724442e-42	3.70969835811646	10.3110820516253	1.67562841936802e-14	1	9	18	0.000486619466386222	1	0	4.55564546302124	4.44304765339598
UBC	ERBB4	R-HSA-1227986	REACTOME_SIGNALING_BY_ERBB2	6.53901964019985e-43	1.32382379798255e-42	4.10321008708002	6.58137366024069	5.91431630073125e-10	1	14	26	0.000842284877892745	1	0	-5.60109607146166	-2.96822194563169
COL5A3	SDC3	R-HSA-2022928	REACTOME_HS_GAG_BIOSYNTHESIS	1.33247188029012e-42	2.69159319818604e-42	8.12734136673925	1.1368949149542	1.52091513325862e-09	1	5	10	1.26878862861213e-06	1	0	-5.22264500271412	-5.30037032347287
COL5A3	SDC3	R-HSA-1793185	REACTOME_CHONDROITIN_SULFATE_DERMATAN_SULFATE_METABOLISM	1.36668171606367e-42	2.73637374427725e-42	8.12734136673925	1.1368949149542	1.52091513325862e-09	1	6	12	7.32788651610277e-06	1	0	-5.22264500271412	-5.30037032347287
COL5A3	SDC3	R-HSA-1971475	REACTOME_A_TETRASACCHARIDE_LINKER_SEQUENCE_IS_REQUIRED_FOR_GAG_SYNTHESIS	1.36668171606367e-42	2.73637374427725e-42	8.12734136673925	1.1368949149542	1.52091513325862e-09	1	6	12	7.32788651610277e-06	1	0	-5.22264500271412	-5.30037032347287
COL5A3	SDC3	R-HSA-3560782	REACTOME_DISEASES_ASSOCIATED_WITH_GLYCOSAMINOGLYCAN_METABOLISM	1.36668171606367e-42	2.73637374427725e-42	8.12734136673925	1.1368949149542	1.52091513325862e-09	1	6	12	7.32788651610277e-06	1	0	-5.22264500271412	-5.30037032347287
COL5A3	SDC3	R-HSA-3560783	REACTOME_DEFECTIVE_B4GALT7_CAUSES_EDS_PROGEROID_TYPE	1.36668171606367e-42	2.73637374427725e-42	8.12734136673925	1.1368949149542	1.52091513325862e-09	1	6	12	7.32788651610277e-06	1	0	-5.22264500271412	-5.30037032347287
FABP5	RXRA	R-HSA-383280	REACTOME_NUCLEAR_RECEPTOR_TRANSCRIPTION_PATHWAY	1.42187392261639e-42	2.84062284760066e-42	9.57008852839852	1.68361392236059	5.81784655455214e-13	1	11	21	0.000636690096863739	1	0	3.45004811875469	6.75656281282435
SPP1	ITGA5	R-HSA-1566948	REACTOME_ELASTIC_FIBRE_FORMATION	1.60954996764172e-42	3.20851079075948e-42	3.52628787401922	2.81843843329586	4.97216305314355e-10	1	6	11	1.38331138122133e-06	1	0	-4.21471412274633	-4.94117284223112
ADAM17	ITGA5	R-HSA-1566948	REACTOME_ELASTIC_FIBRE_FORMATION	1.88882939907238e-42	3.75699326861442e-42	1.4101160510875	2.81843843329586	5.83490288625171e-10	1	6	11	1.38331138122133e-06	1	0	5.53482763327679	-4.94117284223112
ABCA1	RXRA	R-HSA-2426168	REACTOME_ACTIVATION_OF_GENE_EXPRESSION_BY_SREBF_SREBP	2.65460389665728e-42	5.2686352446757e-42	7.72041715625344	1.68361392236059	4.99146933785241e-12	1	14	26	0.00135514657993955	1	0	-6.41945330260141	6.75656281282435
MMP7	ERBB4	R-HSA-1227986	REACTOME_SIGNALING_BY_ERBB2	2.89676230490462e-42	5.73672534892876e-42	7.97883344922994	6.58137366024069	2.6200209606218e-09	1	14	26	0.000842284877892745	1	0	-1.49782869064644	-2.96822194563169
NRG1	ERBB4	R-HSA-1227986	REACTOME_SIGNALING_BY_ERBB2	3.84211510454315e-42	7.59235354354287e-42	8.70029753393485	6.58137366024069	3.47505975550041e-09	1	14	26	0.000842284877892745	1	0	-0.480817994838106	-2.96822194563169
ADAM17	ERBB4	R-HSA-1227986	REACTOME_SIGNALING_BY_ERBB2	4.19403494780998e-42	8.26979992962966e-42	1.4101160510875	6.58137366024069	3.79335903889578e-09	1	14	26	0.000842284877892745	1	0	5.53482763327679	-2.96822194563169
ICAM3	ITGB2	R-HSA-216083	REACTOME_INTEGRIN_CELL_SURFACE_INTERACTIONS	4.55815165720184e-42	8.96831137748154e-42	7.01524132334348	12.9957409508531	3.54902282011827e-18	1	6	11	3.74988515056535e-05	1	0	6.94092769135818	5.76556152538233
ST6GAL1	CD22	R-HSA-983695	REACTOME_ANTIGEN_ACTIVATES_B_CELL_RECEPTOR_BCR_LEADING_TO_GENERATION_OF_SECOND_MESSENGERS	4.94588716169705e-42	9.71017587469248e-42	3.84628800627454	15.8931760234149	8.42177762310144e-10	1	7	13	8.57980723316869e-06	1	0	-0.637331169341912	6.15936573692112
CXCL13	CXCR5	R-HSA-380108	REACTOME_CHEMOKINE_RECEPTORS_BIND_CHEMOKINES	5.20176545024728e-42	1.01905275738681e-41	18.7125865084989	10.2412584395774	4.37440299154804e-14	1	4	9	1.05964588008889e-05	1	0	5.4249390432801	4.71829198146271
ICAM5	ITGB2	R-HSA-216083	REACTOME_INTEGRIN_CELL_SURFACE_INTERACTIONS	1.09081103457187e-41	2.13235963532437e-41	6.93639503282286	12.9957409508531	8.493164653738e-18	1	6	11	3.74988515056535e-05	1	0	-3.24983956639454	5.76556152538233
ABCA1	RXRA	R-HSA-383280	REACTOME_NUCLEAR_RECEPTOR_TRANSCRIPTION_PATHWAY	1.21990843527464e-41	2.37960679756362e-41	7.72041715625344	1.68361392236059	4.99146933785241e-12	1	11	21	0.000636690096863739	1	0	-6.41945330260141	6.75656281282435
FABP5	RXRA	R-HSA-9029569	REACTOME_NR1H3_NR1H2_REGULATE_GENE_EXPRESSION_LINKED_TO_CHOLESTEROL_TRANSPORT_AND_EFFLUX	1.26180754471092e-41	2.45606650565787e-41	9.57008852839852	1.68361392236059	5.81784655455214e-13	1	13	24	0.00119076904333607	1	0	3.45004811875469	6.75656281282435
B2M	TFRC	R-HSA-432722	REACTOME_GOLGI_ASSOCIATED_VESICLE_BIOGENESIS	1.27052213987154e-41	2.46774492551972e-41	3.89784702561476	1.01174550518786	6.38206383449392e-09	1	12	22	0.000313062206603409	1	0	0.546563503342828	4.81093271457256
YWHAZ	IL3RA	R-HSA-451927	REACTOME_INTERLEUKIN_2_FAMILY_SIGNALING	1.37098046391964e-41	2.65718814862038e-41	2.20543630287479	10.1969514682693	4.44495146888959e-14	1	12	22	0.000928339673930603	1	0	8.37332122088212	4.08117884972582
TGFB1	SDC2	R-HSA-2187338	REACTOME_VISUAL_PHOTOTRANSDUCTION	1.56708074864463e-41	3.02436603082371e-41	3.14112209804367	6.4543225009276	2.19073894660281e-13	1	6	11	7.32788651610277e-06	1	0	5.19755832572095	6.36500079053041
TGFB1	SDC2	R-HSA-6806667	REACTOME_METABOLISM_OF_FAT_SOLUBLE_VITAMINS	1.56708074864463e-41	3.02436603082371e-41	3.14112209804367	6.4543225009276	2.19073894660281e-13	1	6	11	7.32788651610277e-06	1	0	5.19755832572095	6.36500079053041
VEGFA	NRP1	R-HSA-9694614	REACTOME_ATTACHMENT_AND_ENTRY	1.63636436151207e-41	3.14472559115111e-41	4.02648845006077	1.87070556151693	1.25816181407744e-12	1	4	9	7.32788651610277e-06	1	0	7.97551401221459	-4.05181724627992
VEGFA	NRP1	R-HSA-9772572	REACTOME_EARLY_SARS_COV_2_INFECTION_EVENTS	1.63636436151207e-41	3.14472559115111e-41	4.02648845006077	1.87070556151693	1.25816181407744e-12	1	4	9	7.32788651610277e-06	1	0	7.97551401221459	-4.05181724627992
GNAS	ADCY1	R-HSA-1489509	REACTOME_DAG_AND_IP3_SIGNALING	2.32937528409252e-41	4.46709310810148e-41	3.70969835811646	9.201462497802	7.17504332726115e-13	1	9	18	0.000486619466386222	1	0	4.55564546302124	3.96421770987343
ICAM2	ITGB2	R-HSA-216083	REACTOME_INTEGRIN_CELL_SURFACE_INTERACTIONS	3.46989801887319e-41	6.64028905085416e-41	5.96057612091828	12.9957409508531	2.70169756923443e-17	1	6	11	3.74988515056535e-05	1	0	5.99020786714257	5.76556152538233
C3	ITGB2	R-HSA-216083	REACTOME_INTEGRIN_CELL_SURFACE_INTERACTIONS	5.16598060589275e-41	9.86528649318595e-41	3.94926349424245	12.9957409508531	4.02228456563833e-17	1	6	11	3.74988515056535e-05	1	0	7.22892163971451	5.76556152538233
TGFB1	TGFBR1	R-HSA-9839373	REACTOME_SIGNALING_BY_TGFBR3	5.28907367634783e-41	1.00791781379459e-40	3.14112209804367	1.45796522957666	1.88721421067582e-09	1	12	22	0.000398177780251284	1	0	5.19755832572095	-6.41945330260141
FYN	CSF1R	R-HSA-9680350	REACTOME_SIGNALING_BY_CSF1_M_CSF_IN_MYELOID_CELLS	5.46248892923855e-41	1.0387871206439e-40	2.13884060313412	12.1096745040454	8.31282764673178e-13	1	12	22	0.000806512085864725	1	0	-6.25875440017665	4.07702539487887
YWHAZ	CSF2RB	R-HSA-451927	REACTOME_INTERLEUKIN_2_FAMILY_SIGNALING	5.70332185692142e-41	1.08232141293143e-40	2.20543630287479	9.76661371727464	1.8491137935689e-13	1	12	22	0.000928339673930603	1	0	8.37332122088212	7.70178123203608
TGFB1	SDC2	R-HSA-9820960	REACTOME_RESPIRATORY_SYNCYTIAL_VIRUS_RSV_ATTACHMENT_AND_ENTRY	6.51266394605687e-41	1.23333573478452e-40	3.14112209804367	6.4543225009276	2.19073894660281e-13	1	5	10	1.05964588008889e-05	1	0	5.19755832572095	6.36500079053041
TNF	TNFRSF1B	R-HSA-5668541	REACTOME_TNFR2_NON_CANONICAL_NF_KB_PATHWAY	9.24544889704149e-41	1.74721684977354e-40	13.8864726882537	6.69818524828608	8.51272336279243e-13	1	13	24	0.00136206761830845	1	0	5.98234032019044	5.65282494151214
TGFB1	TGFBR1	R-HSA-5689603	REACTOME_UCH_PROTEINASES	9.67090758560231e-41	1.82382883720176e-40	3.14112209804367	1.45796522957666	1.88721421067582e-09	1	9	17	0.000108648144541529	1	0	5.19755832572095	-6.41945330260141
ABCA1	RXRA	R-HSA-9029569	REACTOME_NR1H3_NR1H2_REGULATE_GENE_EXPRESSION_LINKED_TO_CHOLESTEROL_TRANSPORT_AND_EFFLUX	1.0825781688531e-40	2.03739866560553e-40	7.72041715625344	1.68361392236059	4.99146933785241e-12	1	13	24	0.00119076904333607	1	0	-6.41945330260141	6.75656281282435
CSF2	SDC2	R-HSA-1793185	REACTOME_CHONDROITIN_SULFATE_DERMATAN_SULFATE_METABOLISM	1.0994127037352e-40	2.05208654557556e-40	7.26648712311557	6.4543225009276	4.25406539449433e-10	1	6	12	1.6452713080514e-05	1	0	-6.41945330260141	6.36500079053041
CSF2	SDC2	R-HSA-1971475	REACTOME_A_TETRASACCHARIDE_LINKER_SEQUENCE_IS_REQUIRED_FOR_GAG_SYNTHESIS	1.0994127037352e-40	2.05208654557556e-40	7.26648712311557	6.4543225009276	4.25406539449433e-10	1	6	12	1.6452713080514e-05	1	0	-6.41945330260141	6.36500079053041
CSF2	SDC2	R-HSA-3560782	REACTOME_DISEASES_ASSOCIATED_WITH_GLYCOSAMINOGLYCAN_METABOLISM	1.0994127037352e-40	2.05208654557556e-40	7.26648712311557	6.4543225009276	4.25406539449433e-10	1	6	12	1.6452713080514e-05	1	0	-6.41945330260141	6.36500079053041
CSF2	SDC2	R-HSA-3560783	REACTOME_DEFECTIVE_B4GALT7_CAUSES_EDS_PROGEROID_TYPE	1.0994127037352e-40	2.05208654557556e-40	7.26648712311557	6.4543225009276	4.25406539449433e-10	1	6	12	1.6452713080514e-05	1	0	-6.41945330260141	6.36500079053041
COL9A2	ITGA1	R-HSA-216083	REACTOME_INTEGRIN_CELL_SURFACE_INTERACTIONS	1.14656535696584e-40	2.1357129292663e-40	8.05118941155366	1.2691563010367	1.38873415934757e-12	1	6	12	3.74988515056535e-05	1	0	6.26407663799585	6.22317999564956
FYN	NRP1	R-HSA-9694614	REACTOME_ATTACHMENT_AND_ENTRY	1.80028352175176e-40	3.33970963524969e-40	2.13884060313412	1.87070556151693	1.38419537534288e-11	1	4	9	7.32788651610277e-06	1	0	-6.25875440017665	-4.05181724627992
FYN	NRP1	R-HSA-9772572	REACTOME_EARLY_SARS_COV_2_INFECTION_EVENTS	1.80028352175176e-40	3.33970963524969e-40	2.13884060313412	1.87070556151693	1.38419537534288e-11	1	4	9	7.32788651610277e-06	1	0	-6.25875440017665	-4.05181724627992
TGFB1	SDC2	R-HSA-2024096	REACTOME_HS_GAG_DEGRADATION	1.94624808345069e-40	3.60313545388325e-40	3.14112209804367	6.4543225009276	2.19073894660281e-13	1	6	12	5.26533565475348e-05	1	0	5.19755832572095	6.36500079053041
TGFB1	SDC2	R-HSA-3000171	REACTOME_NON_INTEGRIN_MEMBRANE_ECM_INTERACTIONS	2.99044929304973e-40	5.52503741337847e-40	3.14112209804367	6.4543225009276	2.19073894660281e-13	1	7	14	0.000161155626430653	1	0	5.19755832572095	6.36500079053041
CSF2	SDC2	R-HSA-2022928	REACTOME_HS_GAG_BIOSYNTHESIS	3.04948856955361e-40	5.62268784933922e-40	7.26648712311557	6.4543225009276	4.25406539449433e-10	1	5	10	3.88032607254958e-06	1	0	-6.41945330260141	6.36500079053041
YWHAZ	CSF2RA	R-HSA-451927	REACTOME_INTERLEUKIN_2_FAMILY_SIGNALING	3.30892970526481e-40	6.08869858721804e-40	2.20543630287479	5.03900908814577	1.07281119906106e-12	1	12	22	0.000928339673930603	1	0	8.37332122088212	-6.41945330260141
TNF	TNFRSF1B	R-HSA-6783783	REACTOME_INTERLEUKIN_10_SIGNALING	3.49259933707422e-40	6.41368241899084e-40	13.8864726882537	6.69818524828608	8.51272336279243e-13	1	9	17	0.00029498638916823	1	0	5.98234032019044	5.65282494151214
UBC	TGFBR1	R-HSA-9839373	REACTOME_SIGNALING_BY_TGFBR3	4.32644417360881e-40	7.92890676171454e-40	4.10321008708002	1.45796522957666	1.54373476827196e-08	1	12	22	0.000398177780251284	1	0	-5.60109607146166	-6.41945330260141
IL16	GRIN2D	R-HSA-442742	REACTOME_CREB1_PHOSPHORYLATION_THROUGH_NMDA_RECEPTOR_MEDIATED_ACTIVATION_OF_RAS_SIGNALING	4.72159252410957e-40	8.63566922417626e-40	8.10206497894335	4.91497207701578	2.36495312575524e-13	1	7	13	5.29292358345499e-05	1	0	-6.11068214041468	6.87394755689109
UBC	TGFBR1	R-HSA-5689603	REACTOME_UCH_PROTEINASES	7.91076932135493e-40	1.44395367733165e-39	4.10321008708002	1.45796522957666	1.54373476827196e-08	1	9	17	0.000108648144541529	1	0	-5.60109607146166	-6.41945330260141
IL16	GRIN2D	R-HSA-9609736	REACTOME_ASSEMBLY_AND_CELL_SURFACE_PRESENTATION_OF_NMDA_RECEPTORS	1.21912647694432e-39	2.22081356220919e-39	8.10206497894335	4.91497207701578	2.36495312575524e-13	1	3	7	3.00608891028292e-06	1	0	-6.11068214041468	6.87394755689109
VEGFB	NRP1	R-HSA-9694614	REACTOME_ATTACHMENT_AND_ENTRY	1.33802279209974e-39	2.42767009584563e-39	1.35841845472351	1.87070556151693	1.02877404506023e-10	1	4	9	7.32788651610277e-06	1	0	4.69895678266557	-4.05181724627992
VEGFB	NRP1	R-HSA-9772572	REACTOME_EARLY_SARS_COV_2_INFECTION_EVENTS	1.33802279209974e-39	2.42767009584563e-39	1.35841845472351	1.87070556151693	1.02877404506023e-10	1	4	9	7.32788651610277e-06	1	0	4.69895678266557	-4.05181724627992
SPP1	ITGA5	R-HSA-216083	REACTOME_INTEGRIN_CELL_SURFACE_INTERACTIONS	1.84019702214616e-39	3.33214958791008e-39	3.52628787401922	2.81843843329586	4.97216305314355e-10	1	5	10	5.10134321761978e-06	1	0	-4.21471412274633	-4.94117284223112
ADAM17	ITGA5	R-HSA-216083	REACTOME_INTEGRIN_CELL_SURFACE_INTERACTIONS	2.159496943489e-39	3.90255014240855e-39	1.4101160510875	2.81843843329586	5.83490288625171e-10	1	5	10	5.10134321761978e-06	1	0	5.53482763327679	-4.94117284223112
COL5A3	SDC3	R-HSA-2187338	REACTOME_VISUAL_PHOTOTRANSDUCTION	2.39855159892483e-39	4.3173928780647e-39	8.12734136673925	1.1368949149542	1.52091513325862e-09	1	6	11	3.88032607254958e-06	1	0	-5.22264500271412	-5.30037032347287
COL5A3	SDC3	R-HSA-6806667	REACTOME_METABOLISM_OF_FAT_SOLUBLE_VITAMINS	2.39855159892483e-39	4.3173928780647e-39	8.12734136673925	1.1368949149542	1.52091513325862e-09	1	6	11	3.88032607254958e-06	1	0	-5.22264500271412	-5.30037032347287
GNAS	PTGIR	R-HSA-373076	REACTOME_CLASS_A_1_RHODOPSIN_LIKE_RECEPTORS	5.02594828955481e-39	9.02383593489932e-39	3.70969835811646	9.95863085846248	8.12794580375686e-14	1	3	7	4.94087992548848e-06	1	0	4.55564546302124	-6.41945330260141
ITGAM	ITGB2	R-HSA-216083	REACTOME_INTEGRIN_CELL_SURFACE_INTERACTIONS	5.03309661055441e-39	9.02383593489932e-39	16.5309971348271	12.9957409508531	3.91881974758228e-15	1	6	11	3.74988515056535e-05	1	0	6.05325334801331	5.76556152538233
CSF2	CSF1R	R-HSA-9680350	REACTOME_SIGNALING_BY_CSF1_M_CSF_IN_MYELOID_CELLS	5.07420219996642e-39	9.07962559009739e-39	7.26648712311557	12.1096745040454	7.72193204954795e-11	1	12	22	0.000806512085864725	1	0	-6.41945330260141	4.07702539487887
GNAS	ADCY8	R-HSA-111996	REACTOME_CA_DEPENDENT_EVENTS	9.46594685191322e-39	1.69048048887802e-38	3.70969835811646	10.3110820516253	1.67562841936802e-14	1	9	17	0.000658712255591799	1	0	4.55564546302124	4.44304765339598
CAP1	ROBO1	R-HSA-428890	REACTOME_ROLE_OF_ABL_IN_ROBO_SLIT_SIGNALING	1.09321608862504e-38	1.94849691090227e-38	4.40146747798861	8.49956445559487	1.81042953352961e-17	1	3	6	2.51888720305774e-06	1	0	7.18547999307474	4.89189834921981
CSF2	CSF3R	R-HSA-9674555	REACTOME_SIGNALING_BY_CSF3_G_CSF	1.90152335225688e-38	3.38255328219473e-38	7.26648712311557	14.2429561127429	3.4650730066496e-08	1	12	23	0.000928339673930603	1	0	-6.41945330260141	-1.24981328184145
CSF2	IL3RA	R-HSA-451927	REACTOME_INTERLEUKIN_2_FAMILY_SIGNALING	2.32633747004836e-38	4.13015773491007e-38	7.26648712311557	10.1969514682693	7.54238111100496e-11	1	12	22	0.000928339673930603	1	0	-6.41945330260141	4.08117884972582
C3	C3AR1	R-HSA-9660826	REACTOME_PURINERGIC_SIGNALING_IN_LEISHMANIASIS_INFECTION	2.39939836704803e-38	4.25156552757634e-38	3.94926349424245	6.17300679507666	1.10938006527553e-15	1	5	10	6.8467443119653e-05	1	0	7.22892163971451	0.990582027645615
CSF2	SDC2	R-HSA-2187338	REACTOME_VISUAL_PHOTOTRANSDUCTION	3.04302070930227e-38	5.37107927137041e-38	7.26648712311557	6.4543225009276	4.25406539449433e-10	1	6	11	7.32788651610277e-06	1	0	-6.41945330260141	6.36500079053041
CSF2	SDC2	R-HSA-6806667	REACTOME_METABOLISM_OF_FAT_SOLUBLE_VITAMINS	3.04302070930227e-38	5.37107927137041e-38	7.26648712311557	6.4543225009276	4.25406539449433e-10	1	6	11	7.32788651610277e-06	1	0	-6.41945330260141	6.36500079053041
SEMA7A	ITGA1	R-HSA-216083	REACTOME_INTEGRIN_CELL_SURFACE_INTERACTIONS	3.05450418652523e-38	5.38089981696015e-38	9.79085741872736	1.2691563010367	3.69965329749983e-10	1	6	12	3.74988515056535e-05	1	0	4.60406746041105	6.22317999564956
GNAS	ADCY8	R-HSA-9634597	REACTOME_GPER1_SIGNALING	3.21964616812568e-38	5.66084790488635e-38	3.70969835811646	10.3110820516253	1.67562841936802e-14	1	8	16	0.000820656042456998	1	0	4.55564546302124	4.44304765339598
GNAS	ADCY8	R-HSA-9660821	REACTOME_ADORA2B_MEDIATED_ANTI_INFLAMMATORY_CYTOKINES_PRODUCTION	3.28649317470154e-38	5.76722450927355e-38	3.70969835811646	10.3110820516253	1.67562841936802e-14	1	8	16	0.000822533061807905	1	0	4.55564546302124	4.44304765339598
COL5A3	SDC3	R-HSA-9820960	REACTOME_RESPIRATORY_SYNCYTIAL_VIRUS_RSV_ATTACHMENT_AND_ENTRY	4.9452217930603e-38	8.66128441212295e-38	8.12734136673925	1.1368949149542	1.52091513325862e-09	1	5	10	7.32788651610277e-06	1	0	-5.22264500271412	-5.30037032347287
CSF2	CSF2RB	R-HSA-451927	REACTOME_INTERLEUKIN_2_FAMILY_SIGNALING	9.6776370551402e-38	1.69172540060047e-37	7.26648712311557	9.76661371727464	3.13765426829212e-10	1	12	22	0.000928339673930603	1	0	-6.41945330260141	7.70178123203608
CSF2	SDC2	R-HSA-9820960	REACTOME_RESPIRATORY_SYNCYTIAL_VIRUS_RSV_ATTACHMENT_AND_ENTRY	1.26465539684015e-37	2.20647170005316e-37	7.26648712311557	6.4543225009276	4.25406539449433e-10	1	5	10	1.05964588008889e-05	1	0	-6.41945330260141	6.36500079053041
COL5A3	SDC3	R-HSA-2024096	REACTOME_HS_GAG_DEGRADATION	1.303251380131e-37	2.26945498953847e-37	8.12734136673925	1.1368949149542	1.52091513325862e-09	1	6	12	3.76985144934883e-05	1	0	-5.22264500271412	-5.30037032347287
B2M	TFRC	R-HSA-9013404	REACTOME_RAC2_GTPASE_CYCLE	1.45424208069247e-37	2.52754503126091e-37	3.89784702561476	1.01174550518786	6.38206383449392e-09	1	7	13	2.79366655292433e-05	1	0	0.546563503342828	4.81093271457256
RPS19	C5AR1	R-HSA-166658	REACTOME_COMPLEMENT_CASCADE	1.54938480934422e-37	2.68776868643874e-37	7.43447895201995	13.6966789438658	2.33109392347326e-15	1	2	5	1.9094467222914e-06	1	0	7.40419482553417	-6.26217711110194
VEGFA	RET	R-HSA-8853659	REACTOME_RET_SIGNALING	2.38103576069562e-37	4.12259334566157e-37	4.02648845006077	4.67522249736185	5.83927717586792e-13	1	8	16	0.000690747037209472	1	0	7.97551401221459	1.11137795255669
TGFB1	SDC2	R-HSA-3656237	REACTOME_DEFECTIVE_EXT2_CAUSES_EXOSTOSES_2	2.59217534061384e-37	4.46266550117041e-37	3.14112209804367	6.4543225009276	2.19073894660281e-13	1	4	8	7.32788651610277e-06	1	0	5.19755832572095	6.36500079053041
TGFB1	SDC2	R-HSA-9694614	REACTOME_ATTACHMENT_AND_ENTRY	2.59217534061384e-37	4.46266550117041e-37	3.14112209804367	6.4543225009276	2.19073894660281e-13	1	4	8	7.32788651610277e-06	1	0	5.19755832572095	6.36500079053041
TGFB1	SDC2	R-HSA-9772572	REACTOME_EARLY_SARS_COV_2_INFECTION_EVENTS	2.59217534061384e-37	4.46266550117041e-37	3.14112209804367	6.4543225009276	2.19073894660281e-13	1	4	8	7.32788651610277e-06	1	0	5.19755832572095	6.36500079053041
CSF2	SDC2	R-HSA-2024096	REACTOME_HS_GAG_DEGRADATION	3.77930315875723e-37	6.49411450153181e-37	7.26648712311557	6.4543225009276	4.25406539449433e-10	1	6	12	5.26533565475348e-05	1	0	-6.41945330260141	6.36500079053041
GNAS	ADCY1	R-HSA-111996	REACTOME_CA_DEPENDENT_EVENTS	4.05331981786538e-37	6.9518258763012e-37	3.70969835811646	9.201462497802	7.17504332726115e-13	1	9	17	0.000658712255591799	1	0	4.55564546302124	3.96421770987343
IL16	CD4	R-HSA-202433	REACTOME_GENERATION_OF_SECOND_MESSENGER_MOLECULES	4.88197223921484e-37	8.35727451119828e-37	8.10206497894335	13.6358505419342	3.91590413091151e-14	1	3	7	1.42794295838804e-05	1	0	-6.11068214041468	-1.47758833979379
CSF2	CSF2RA	R-HSA-451927	REACTOME_INTERLEUKIN_2_FAMILY_SIGNALING	5.61473147261766e-37	9.59359193347642e-37	7.26648712311557	5.03900908814577	1.8203912866329e-09	1	12	22	0.000928339673930603	1	0	-6.41945330260141	-6.41945330260141
CSF2	SDC2	R-HSA-3000171	REACTOME_NON_INTEGRIN_MEMBRANE_ECM_INTERACTIONS	5.80697525429962e-37	9.90345310723894e-37	7.26648712311557	6.4543225009276	4.25406539449433e-10	1	7	14	0.000161155626430653	1	0	-6.41945330260141	6.36500079053041
SPP1	ITGA5	R-HSA-9634597	REACTOME_GPER1_SIGNALING	7.02635496438112e-37	1.19605930011656e-36	3.52628787401922	2.81843843329586	4.97216305314355e-10	1	10	19	0.000658712255591799	1	0	-4.21471412274633	-4.94117284223112
ADAM17	ITGA5	R-HSA-9634597	REACTOME_GPER1_SIGNALING	8.24552582513887e-37	1.40096878038341e-36	1.4101160510875	2.81843843329586	5.83490288625171e-10	1	10	19	0.000658712255591799	1	0	5.53482763327679	-4.94117284223112
VEGFA	RET	R-HSA-9634815	REACTOME_TRANSCRIPTIONAL_REGULATION_BY_NPAS4	9.3403746248789e-37	1.58402995037592e-36	4.02648845006077	4.67522249736185	5.83927717586792e-13	1	6	12	0.000153642116461645	1	0	7.97551401221459	1.11137795255669
FABP5	RXRA	R-HSA-211859	REACTOME_BIOLOGICAL_OXIDATIONS	1.06520923562828e-36	1.79976802079202e-36	9.57008852839852	1.68361392236059	5.81784655455214e-13	1	4	9	5.28537005845828e-05	1	0	3.45004811875469	6.75656281282435
FABP5	RXRA	R-HSA-211945	REACTOME_PHASE_I_FUNCTIONALIZATION_OF_COMPOUNDS	1.06520923562828e-36	1.79976802079202e-36	9.57008852839852	1.68361392236059	5.81784655455214e-13	1	4	9	5.28537005845828e-05	1	0	3.45004811875469	6.75656281282435
NRP1	ROBO1	R-HSA-428890	REACTOME_ROLE_OF_ABL_IN_ROBO_SLIT_SIGNALING	1.10072843079534e-36	1.85633050759363e-36	1.87070556151693	8.49956445559487	1.82287040983268e-15	1	3	6	2.51888720305774e-06	1	0	-4.05181724627992	4.89189834921981
HBEGF	ERBB4	R-HSA-1963642	REACTOME_PI3K_EVENTS_IN_ERBB2_SIGNALING	1.20113811984435e-36	2.02191583507133e-36	4.89501697871428	6.58137366024069	1.23024671338808e-12	1	3	7	8.57980723316869e-06	1	0	5.84427041608315	-2.96822194563169
FYN	CD86	R-HSA-388841	REACTOME_COSTIMULATION_BY_THE_CD28_FAMILY	1.28991804778055e-36	2.16734843887712e-36	2.13884060313412	6.25980915139201	1.16851805137742e-09	1	11	20	0.000599611023157118	1	0	-6.25875440017665	-3.04055219434815
GNAS	ADCY1	R-HSA-9634597	REACTOME_GPER1_SIGNALING	1.37865295716725e-36	2.31216888941887e-36	3.70969835811646	9.201462497802	7.17504332726115e-13	1	8	16	0.000820656042456998	1	0	4.55564546302124	3.96421770987343
GNAS	ADCY1	R-HSA-9660821	REACTOME_ADORA2B_MEDIATED_ANTI_INFLAMMATORY_CYTOKINES_PRODUCTION	1.40727685509925e-36	2.35582810549764e-36	3.70969835811646	9.201462497802	7.17504332726115e-13	1	8	16	0.000822533061807905	1	0	4.55564546302124	3.96421770987343
TLN1	ITGA1	R-HSA-216083	REACTOME_INTEGRIN_CELL_SURFACE_INTERACTIONS	1.95828030221775e-36	3.27219999028665e-36	1.12008362611655	1.2691563010367	2.37189335326158e-08	1	6	12	3.74988515056535e-05	1	0	4.30237625177188	6.22317999564956
FABP5	RXRA	R-HSA-1368108	REACTOME_BMAL1_CLOCK_NPAS2_ACTIVATES_CIRCADIAN_GENE_EXPRESSION	5.8581199788047e-36	9.77069919400638e-36	9.57008852839852	1.68361392236059	5.81784655455214e-13	1	6	11	5.28537005845828e-05	1	0	3.45004811875469	6.75656281282435
HBEGF	ERBB4	R-HSA-1227990	REACTOME_SIGNALING_BY_ERBB2_IN_CANCER	7.16538370108353e-36	1.19291827551006e-35	4.89501697871428	6.58137366024069	1.23024671338808e-12	1	8	16	0.000928339673930603	1	0	5.84427041608315	-2.96822194563169
ABCA1	RXRA	R-HSA-211859	REACTOME_BIOLOGICAL_OXIDATIONS	9.13905031385802e-36	1.51594830936076e-35	7.72041715625344	1.68361392236059	4.99146933785241e-12	1	4	9	5.28537005845828e-05	1	0	-6.41945330260141	6.75656281282435
ABCA1	RXRA	R-HSA-211945	REACTOME_PHASE_I_FUNCTIONALIZATION_OF_COMPOUNDS	9.13905031385802e-36	1.51594830936076e-35	7.72041715625344	1.68361392236059	4.99146933785241e-12	1	4	9	5.28537005845828e-05	1	0	-6.41945330260141	6.75656281282435
ITGB2	ITGAL	R-HSA-216083	REACTOME_INTEGRIN_CELL_SURFACE_INTERACTIONS	9.18349567368971e-36	1.52054600498797e-35	12.9957409508531	9.57801611120613	5.07672413823903e-17	1	5	10	0.000308515816961241	1	0	5.76556152538233	0.316751165973224
TGFB1	TGFBR1	R-HSA-2173788	REACTOME_DOWNREGULATION_OF_TGF_BETA_RECEPTOR_SIGNALING	9.31808081356819e-36	1.54002462900609e-35	3.14112209804367	1.45796522957666	1.88721421067582e-09	1	11	21	0.00127247681425457	1	0	5.19755832572095	-6.41945330260141
UBC	TLR4	R-HSA-5260271	REACTOME_DISEASES_OF_IMMUNE_SYSTEM	1.24634640809355e-35	2.05613227759898e-35	4.10321008708002	4.97971482845478	1.19712183675261e-12	1	8	15	0.000447992079241652	1	0	-5.60109607146166	6.63556963125616
CD80	CD86	R-HSA-388841	REACTOME_COSTIMULATION_BY_THE_CD28_FAMILY	1.69481316362709e-35	2.7909151553207e-35	8.17616127802437	6.25980915139201	1.53530666449537e-08	1	11	20	0.000599611023157118	1	0	0.57093958009102	-3.04055219434815
VEGFB	RET	R-HSA-8853659	REACTOME_RET_SIGNALING	1.94692587515863e-35	3.20028141142712e-35	1.35841845472351	4.67522249736185	4.7746615206649e-11	1	8	16	0.000690747037209472	1	0	4.69895678266557	1.11137795255669
VASP	ROBO1	R-HSA-428890	REACTOME_ROLE_OF_ABL_IN_ROBO_SLIT_SIGNALING	2.20676027461767e-35	3.62083951196293e-35	1.24720326234774	8.49956445559487	3.65452358061487e-14	1	3	6	2.51888720305774e-06	1	0	0.487665222948153	4.89189834921981
CD274	CD80	R-HSA-388841	REACTOME_COSTIMULATION_BY_THE_CD28_FAMILY	3.41875858136823e-35	5.59937216299769e-35	8.18201397707283	8.17616127802437	3.19932128453262e-09	1	10	19	0.000806512085864725	1	0	1.12077320161514	0.57093958009102
FYN	CD80	R-HSA-388841	REACTOME_COSTIMULATION_BY_THE_CD28_FAMILY	4.31632011482193e-35	7.0567175977934e-35	2.13884060313412	8.17616127802437	4.03927170800093e-09	1	10	19	0.000806512085864725	1	0	-6.25875440017665	0.57093958009102
ABCA1	RXRA	R-HSA-1368108	REACTOME_BMAL1_CLOCK_NPAS2_ACTIVATES_CIRCADIAN_GENE_EXPRESSION	5.02602225367824e-35	8.20225175690039e-35	7.72041715625344	1.68361392236059	4.99146933785241e-12	1	6	11	5.28537005845828e-05	1	0	-6.41945330260141	6.75656281282435
COL5A3	SDC3	R-HSA-3656237	REACTOME_DEFECTIVE_EXT2_CAUSES_EXOSTOSES_2	7.4925543949771e-35	1.21620213304182e-34	8.12734136673925	1.1368949149542	1.52091513325862e-09	1	4	8	3.88032607254958e-06	1	0	-5.22264500271412	-5.30037032347287
COL5A3	SDC3	R-HSA-9694614	REACTOME_ATTACHMENT_AND_ENTRY	7.4925543949771e-35	1.21620213304182e-34	8.12734136673925	1.1368949149542	1.52091513325862e-09	1	4	8	3.88032607254958e-06	1	0	-5.22264500271412	-5.30037032347287
COL5A3	SDC3	R-HSA-9772572	REACTOME_EARLY_SARS_COV_2_INFECTION_EVENTS	7.4925543949771e-35	1.21620213304182e-34	8.12734136673925	1.1368949149542	1.52091513325862e-09	1	4	8	3.88032607254958e-06	1	0	-5.22264500271412	-5.30037032347287
UBC	TGFBR1	R-HSA-2173788	REACTOME_DOWNREGULATION_OF_TGF_BETA_RECEPTOR_SIGNALING	7.62215822883291e-35	1.23503419429752e-34	4.10321008708002	1.45796522957666	1.54373476827196e-08	1	11	21	0.00127247681425457	1	0	-5.60109607146166	-6.41945330260141
VEGFB	RET	R-HSA-9634815	REACTOME_TRANSCRIPTIONAL_REGULATION_BY_NPAS4	7.63743969789812e-35	1.23530830700879e-34	1.35841845472351	4.67522249736185	4.7746615206649e-11	1	6	12	0.000153642116461645	1	0	4.69895678266557	1.11137795255669
ARTN	RET	R-HSA-8853659	REACTOME_RET_SIGNALING	8.19780661760062e-35	1.32358902582575e-34	4.84442395890197	4.67522249736185	2.01043872857874e-10	1	8	16	0.000690747037209472	1	0	3.9011144115792	1.11137795255669
TGFB1	ACVRL1	R-HSA-201451	REACTOME_SIGNALING_BY_BMP	8.30628159365572e-35	1.33872517174345e-34	3.14112209804367	7.41917926063486	2.98812724535082e-13	1	9	17	0.00131231013510527	1	0	5.19755832572095	-4.32296031673241
MMP9	ITGAM	R-HSA-216083	REACTOME_INTEGRIN_CELL_SURFACE_INTERACTIONS	1.45315919174148e-34	2.33791452264249e-34	15.1188915449759	16.5309971348271	2.00776963748298e-15	1	4	9	0.000308515816961241	1	0	-1.30828113955721	6.05325334801331
IL16	GRIN2D	R-HSA-9617324	REACTOME_NEGATIVE_REGULATION_OF_NMDA_RECEPTOR_MEDIATED_NEURONAL_TRANSMISSION	1.58457177267554e-34	2.54483346530401e-34	8.10206497894335	4.91497207701578	2.36495312575524e-13	1	2	5	3.40235902061167e-06	1	0	-6.11068214041468	6.87394755689109
CD86	CD80	R-HSA-388841	REACTOME_COSTIMULATION_BY_THE_CD28_FAMILY	1.64061135705605e-34	2.63018646131208e-34	6.25980915139201	8.17616127802437	1.53530666449537e-08	1	10	19	0.000806512085864725	1	0	-3.04055219434815	0.57093958009102
ITGB2	ITGAM	R-HSA-216083	REACTOME_INTEGRIN_CELL_SURFACE_INTERACTIONS	2.8363158953416e-34	4.53910413532661e-34	12.9957409508531	16.5309971348271	3.91881974758228e-15	1	4	9	0.000308515816961241	1	0	5.76556152538233	6.05325334801331
ICAM3	ITGAL	R-HSA-216083	REACTOME_INTEGRIN_CELL_SURFACE_INTERACTIONS	3.0049829150899e-34	4.8005790330698e-34	7.01524132334348	9.57801611120613	1.66118326202723e-15	1	5	10	0.000308515816961241	1	0	6.94092769135818	0.316751165973224
ARTN	RET	R-HSA-9634815	REACTOME_TRANSCRIPTIONAL_REGULATION_BY_NPAS4	3.21585194874733e-34	5.12843758142338e-34	4.84442395890197	4.67522249736185	2.01043872857874e-10	1	6	12	0.000153642116461645	1	0	3.9011144115792	1.11137795255669
CSF2	SDC2	R-HSA-3656237	REACTOME_DEFECTIVE_EXT2_CAUSES_EXOSTOSES_2	5.03359080280513e-34	7.98522520026154e-34	7.26648712311557	6.4543225009276	4.25406539449433e-10	1	4	8	7.32788651610277e-06	1	0	-6.41945330260141	6.36500079053041
CSF2	SDC2	R-HSA-9694614	REACTOME_ATTACHMENT_AND_ENTRY	5.03359080280513e-34	7.98522520026154e-34	7.26648712311557	6.4543225009276	4.25406539449433e-10	1	4	8	7.32788651610277e-06	1	0	-6.41945330260141	6.36500079053041
CSF2	SDC2	R-HSA-9772572	REACTOME_EARLY_SARS_COV_2_INFECTION_EVENTS	5.03359080280513e-34	7.98522520026154e-34	7.26648712311557	6.4543225009276	4.25406539449433e-10	1	4	8	7.32788651610277e-06	1	0	-6.41945330260141	6.36500079053041
UBC	ERBB4	R-HSA-1963642	REACTOME_PI3K_EVENTS_IN_ERBB2_SIGNALING	5.77437897969351e-34	9.14444336679686e-34	4.10321008708002	6.58137366024069	5.91431630073125e-10	1	3	7	8.57980723316869e-06	1	0	-5.60109607146166	-2.96822194563169
B2M	TFRC	R-HSA-9013408	REACTOME_RHOG_GTPASE_CYCLE	6.37068672759377e-34	1.00712247571874e-33	3.89784702561476	1.01174550518786	6.38206383449392e-09	1	5	10	2.79366655292433e-05	1	0	0.546563503342828	4.81093271457256
ICAM5	ITGAL	R-HSA-216083	REACTOME_INTEGRIN_CELL_SURFACE_INTERACTIONS	7.19122304169283e-34	1.13486488626715e-33	6.93639503282286	9.57801611120613	3.97537679511474e-15	1	5	10	0.000308515816961241	1	0	-3.24983956639454	0.316751165973224
COL9A2	ITGA1	R-HSA-3000157	REACTOME_LAMININ_INTERACTIONS	1.19462498460951e-33	1.88200019239176e-33	8.05118941155366	1.2691563010367	1.38873415934757e-12	1	3	6	2.75188817538107e-06	1	0	6.26407663799585	6.22317999564956
CSF2	CSF3R	R-HSA-9705462	REACTOME_INACTIVATION_OF_CSF3_G_CSF_SIGNALING	1.22980289228523e-33	1.93406717835168e-33	7.26648712311557	14.2429561127429	3.4650730066496e-08	1	9	18	0.000979977765248915	1	0	-6.41945330260141	-1.24981328184145
GNAS	ADCY8	R-HSA-381676	REACTOME_GLUCAGON_LIKE_PEPTIDE_1_GLP1_REGULATES_INSULIN_SECRETION	1.54192380850861e-33	2.4207404869332e-33	3.70969835811646	10.3110820516253	1.67562841936802e-14	1	7	13	0.000658712255591799	1	0	4.55564546302124	4.44304765339598
ICAM2	ITGAL	R-HSA-216083	REACTOME_INTEGRIN_CELL_SURFACE_INTERACTIONS	2.28754658642033e-33	3.58513766733806e-33	5.96057612091828	9.57801611120613	1.2645776058781e-14	1	5	10	0.000308515816961241	1	0	5.99020786714257	0.316751165973224
MMP7	ERBB4	R-HSA-1963642	REACTOME_PI3K_EVENTS_IN_ERBB2_SIGNALING	2.55802922807838e-33	4.00214899883519e-33	7.97883344922994	6.58137366024069	2.6200209606218e-09	1	3	7	8.57980723316869e-06	1	0	-1.49782869064644	-2.96822194563169
NRG1	ERBB4	R-HSA-1963642	REACTOME_PI3K_EVENTS_IN_ERBB2_SIGNALING	3.39283714042474e-33	5.29912192550874e-33	8.70029753393485	6.58137366024069	3.47505975550041e-09	1	3	7	8.57980723316869e-06	1	0	-0.480817994838106	-2.96822194563169
UBC	ERBB4	R-HSA-1227990	REACTOME_SIGNALING_BY_ERBB2_IN_CANCER	3.44470301469882e-33	5.37090058380999e-33	4.10321008708002	6.58137366024069	5.91431630073125e-10	1	8	16	0.000928339673930603	1	0	-5.60109607146166	-2.96822194563169
ADAM17	ERBB4	R-HSA-1963642	REACTOME_PI3K_EVENTS_IN_ERBB2_SIGNALING	3.70360521535209e-33	5.76468688485454e-33	1.4101160510875	6.58137366024069	3.79335903889578e-09	1	3	7	8.57980723316869e-06	1	0	5.53482763327679	-2.96822194563169
FABP5	RXRA	R-HSA-211897	REACTOME_CYTOCHROME_P450_ARRANGED_BY_SUBSTRATE_TYPE	5.03872086779301e-33	7.82939704072452e-33	9.57008852839852	1.68361392236059	5.81784655455214e-13	1	3	7	5.28537005845828e-05	1	0	3.45004811875469	6.75656281282435
MMP7	ERBB4	R-HSA-1227990	REACTOME_SIGNALING_BY_ERBB2_IN_CANCER	1.52599111084271e-32	2.36710907808195e-32	7.97883344922994	6.58137366024069	2.6200209606218e-09	1	8	16	0.000928339673930603	1	0	-1.49782869064644	-2.96822194563169
NRG1	ERBB4	R-HSA-1227990	REACTOME_SIGNALING_BY_ERBB2_IN_CANCER	2.02399537112189e-32	3.13426199718876e-32	8.70029753393485	6.58137366024069	3.47505975550041e-09	1	8	16	0.000928339673930603	1	0	-0.480817994838106	-2.96822194563169
UBC	TLR4	R-HSA-9833110	REACTOME_RSV_HOST_INTERACTIONS	2.07537751085633e-32	3.20836421321158e-32	4.10321008708002	4.97971482845478	1.19712183675261e-12	1	14	27	0.0117859323392103	1	0	-5.60109607146166	6.63556963125616
ADAM17	ERBB4	R-HSA-1227990	REACTOME_SIGNALING_BY_ERBB2_IN_CANCER	2.20938391737751e-32	3.40972832070655e-32	1.4101160510875	6.58137366024069	3.79335903889578e-09	1	8	16	0.000928339673930603	1	0	5.53482763327679	-2.96822194563169
HBEGF	ERBB4	R-HSA-1251985	REACTOME_NUCLEAR_SIGNALING_BY_ERBB4	2.70810244279272e-32	4.17231376355692e-32	4.89501697871428	6.58137366024069	1.23024671338808e-12	1	6	12	0.000599611023157118	1	0	5.84427041608315	-2.96822194563169
C3	C3AR1	R-HSA-166658	REACTOME_COMPLEMENT_CASCADE	3.08931620425831e-32	4.75158786746329e-32	3.94926349424245	6.17300679507666	1.10938006527553e-15	1	2	4	1.9094467222914e-06	1	0	7.22892163971451	0.990582027645615
ABCA1	RXRA	R-HSA-211897	REACTOME_CYTOCHROME_P450_ARRANGED_BY_SUBSTRATE_TYPE	4.32301204195682e-32	6.6378681522614e-32	7.72041715625344	1.68361392236059	4.99146933785241e-12	1	3	7	5.28537005845828e-05	1	0	-6.41945330260141	6.75656281282435
YWHAZ	IL3RA	R-HSA-912526	REACTOME_INTERLEUKIN_RECEPTOR_SHC_SIGNALING	4.51040183765853e-32	6.91392119802969e-32	2.20543630287479	10.1969514682693	4.44495146888959e-14	1	7	13	0.000928339673930603	1	0	8.37332122088212	4.08117884972582
SPP1	ITGA5	R-HSA-445144	REACTOME_SIGNAL_TRANSDUCTION_BY_L1	4.57142508183399e-32	6.99566565553383e-32	3.52628787401922	2.81843843329586	4.97216305314355e-10	1	7	13	0.000245434447292395	1	0	-4.21471412274633	-4.94117284223112
ADAM17	ITGA5	R-HSA-445144	REACTOME_SIGNAL_TRANSDUCTION_BY_L1	5.36463127197983e-32	8.1957139936633e-32	1.4101160510875	2.81843843329586	5.83490288625171e-10	1	7	13	0.000245434447292395	1	0	5.53482763327679	-4.94117284223112
TGM2	TBXA2R	R-HSA-392518	REACTOME_SIGNAL_AMPLIFICATION	5.87130251864757e-32	8.9547214588098e-32	1.98540366080875	6.64184901615579	8.40965390889549e-11	1	7	13	0.000327899661281938	1	0	-5.06651626145377	3.99078629239796
GNAS	ADCY8	R-HSA-418597	REACTOME_G_ALPHA_Z_SIGNALLING_EVENTS	6.70807661009283e-32	1.02138050897393e-31	3.70969835811646	10.3110820516253	1.67562841936802e-14	1	6	11	0.000453353577113305	1	0	4.55564546302124	4.44304765339598
ICAM2	ITGAM	R-HSA-216083	REACTOME_INTEGRIN_CELL_SURFACE_INTERACTIONS	7.06507083461345e-32	1.07393802486014e-31	5.96057612091828	16.5309971348271	9.76151462896776e-13	1	4	9	0.000308515816961241	1	0	5.99020786714257	6.05325334801331
C3	ITGAM	R-HSA-216083	REACTOME_INTEGRIN_CELL_SURFACE_INTERACTIONS	1.05184702006671e-31	1.59620858303947e-31	3.94926349424245	16.5309971348271	1.45329329516611e-12	1	4	9	0.000308515816961241	1	0	7.22892163971451	6.05325334801331
VEGFA	NRP1	R-HSA-445144	REACTOME_SIGNAL_TRANSDUCTION_BY_L1	1.26921359421671e-31	1.92285859523831e-31	4.02648845006077	1.87070556151693	1.25816181407744e-12	1	6	11	0.000245434447292395	1	0	7.97551401221459	-4.05181724627992
LPL	VLDLR	R-HSA-174824	REACTOME_PLASMA_LIPOPROTEIN_ASSEMBLY_REMODELING_AND_CLEARANCE	1.36358923955297e-31	2.06240036398278e-31	14.099600435784	1.87722169347299	1.14191256443996e-11	1	12	22	0.00455999046457761	1	0	6.88280044878832	3.8795887446574
HBEGF	PRLR	R-HSA-982772	REACTOME_GROWTH_HORMONE_RECEPTOR_SIGNALING	1.57861981443943e-31	2.38366347396253e-31	4.89501697871428	11.9914434592167	2.55375382110847e-16	1	8	15	0.00420962255403836	1	0	5.84427041608315	4.11408451085847
YWHAZ	CSF2RB	R-HSA-912526	REACTOME_INTERLEUKIN_RECEPTOR_SHC_SIGNALING	1.8763413528644e-31	2.82851457670603e-31	2.20543630287479	9.76661371727464	1.8491137935689e-13	1	7	13	0.000928339673930603	1	0	8.37332122088212	7.70178123203608
MMP9	CD44	R-HSA-216083	REACTOME_INTEGRIN_CELL_SURFACE_INTERACTIONS	2.36142304100609e-31	3.55386348389824e-31	15.1188915449759	1.28699130177455	1.50984931153769e-15	1	4	8	0.000308515816961241	1	0	-1.30828113955721	1.15591131949725
B2M	TFRC	R-HSA-9013149	REACTOME_RAC1_GTPASE_CYCLE	2.61023553463543e-31	3.92182496030349e-31	3.89784702561476	1.01174550518786	6.38206383449392e-09	1	11	20	0.00171866424605169	1	0	0.546563503342828	4.81093271457256
SEMA7A	ITGA1	R-HSA-3000157	REACTOME_LAMININ_INTERACTIONS	3.18253730120863e-31	4.77380595181294e-31	9.79085741872736	1.2691563010367	3.69965329749983e-10	1	3	6	2.75188817538107e-06	1	0	4.60406746041105	6.22317999564956
GNAS	ADCY8	R-HSA-977443	REACTOME_GABA_RECEPTOR_ACTIVATION	4.29049351861907e-31	6.41457007964595e-31	3.70969835811646	10.3110820516253	1.67562841936802e-14	1	4	9	0.000820656042456998	1	0	4.55564546302124	4.44304765339598
GNAS	ADCY8	R-HSA-977444	REACTOME_GABA_B_RECEPTOR_ACTIVATION	4.29049351861907e-31	6.41457007964595e-31	3.70969835811646	10.3110820516253	1.67562841936802e-14	1	4	9	0.000820656042456998	1	0	4.55564546302124	4.44304765339598
NAMPT	INSR	R-HSA-74751	REACTOME_INSULIN_RECEPTOR_SIGNALLING_CASCADE	4.97460447945504e-31	7.41297618331907e-31	5.3595441620608	1.00993685694133	3.42806358424562e-11	1	13	24	0.00650762721430372	1	0	0.0678080694096571	-1.81952088489786
NAMPT	INSR	R-HSA-74752	REACTOME_SIGNALING_BY_INSULIN_RECEPTOR	4.97460447945504e-31	7.41297618331907e-31	5.3595441620608	1.00993685694133	3.42806358424562e-11	1	13	24	0.00650762721430372	1	0	0.0678080694096571	-1.81952088489786
B2M	TYROBP	R-HSA-391160	REACTOME_SIGNAL_REGULATORY_PROTEIN_FAMILY_INTERACTIONS	5.43128002191972e-31	8.08025129283965e-31	3.89784702561476	11.4820516553354	3.42165243902634e-14	1	3	7	0.00023753291094638	1	0	0.546563503342828	6.56640279608026
GNAS	ADCY8	R-HSA-111931	REACTOME_PKA_MEDIATED_PHOSPHORYLATION_OF_CREB	6.30620089745998e-31	9.36656309769792e-31	3.70969835811646	10.3110820516253	1.67562841936802e-14	1	6	11	0.000658712255591799	1	0	4.55564546302124	4.44304765339598
GNAS	ADCY8	R-HSA-164378	REACTOME_PKA_ACTIVATION_IN_GLUCAGON_SIGNALLING	1.08665586569922e-30	1.611370606722e-30	3.70969835811646	10.3110820516253	1.67562841936802e-14	1	5	10	0.000822533061807905	1	0	4.55564546302124	4.44304765339598
YWHAZ	CSF2RA	R-HSA-912526	REACTOME_INTERLEUKIN_RECEPTOR_SHC_SIGNALING	1.08860797189186e-30	1.61163623200278e-30	2.20543630287479	5.03900908814577	1.07281119906106e-12	1	7	13	0.000928339673930603	1	0	8.37332122088212	-6.41945330260141
SPP1	ITGA4	R-HSA-216083	REACTOME_INTEGRIN_CELL_SURFACE_INTERACTIONS	1.26003196730227e-30	1.86211422515951e-30	3.52628787401922	11.6075982897741	1.74093378109224e-11	1	4	9	0.000308515816961241	1	0	-4.21471412274633	6.05087903182527
TGM2	ITGA4	R-HSA-216083	REACTOME_INTEGRIN_CELL_SURFACE_INTERACTIONS	1.26189478844693e-30	1.86211422515951e-30	1.98540366080875	11.6075982897741	1.74350756361763e-11	1	4	9	0.000308515816961241	1	0	-5.06651626145377	6.05087903182527
UBC	TLR4	R-HSA-937072	REACTOME_TRAF6_MEDIATED_INDUCTION_OF_TAK1_COMPLEX_WITHIN_TLR4_COMPLEX	1.37295626275027e-30	2.02271838385737e-30	4.10321008708002	4.97971482845478	1.19712183675261e-12	1	6	11	0.000368067035871662	1	0	-5.60109607146166	6.63556963125616
FYN	NRP1	R-HSA-445144	REACTOME_SIGNAL_TRANSDUCTION_BY_L1	1.39635424297573e-30	2.05386085253227e-30	2.13884060313412	1.87070556151693	1.38419537534288e-11	1	6	11	0.000245434447292395	1	0	-6.25875440017665	-4.05181724627992
GNAS	ADCY8	R-HSA-163359	REACTOME_GLUCAGON_SIGNALING_IN_METABOLIC_REGULATION	2.38895753265755e-30	3.49687986664366e-30	3.70969835811646	10.3110820516253	1.67562841936802e-14	1	6	11	0.000822533061807905	1	0	4.55564546302124	4.44304765339598
GNAS	ADCY8	R-HSA-432040	REACTOME_VASOPRESSIN_REGULATES_RENAL_WATER_HOMEOSTASIS_VIA_AQUAPORINS	2.38895753265755e-30	3.49687986664366e-30	3.70969835811646	10.3110820516253	1.67562841936802e-14	1	6	11	0.000822533061807905	1	0	4.55564546302124	4.44304765339598
GNAS	ADCY8	R-HSA-445717	REACTOME_AQUAPORIN_MEDIATED_TRANSPORT	2.38895753265755e-30	3.49687986664366e-30	3.70969835811646	10.3110820516253	1.67562841936802e-14	1	6	11	0.000822533061807905	1	0	4.55564546302124	4.44304765339598
ITGB2	ITGAL	R-HSA-8949275	REACTOME_RUNX3_REGULATES_IMMUNE_RESPONSE_AND_CELL_MIGRATION	2.67693277432694e-30	3.91210915090545e-30	12.9957409508531	9.57801611120613	5.07672413823903e-17	1	1	3	3.74988515056535e-05	1	0	5.76556152538233	0.316751165973224
GNAS	ADCY1	R-HSA-418597	REACTOME_G_ALPHA_Z_SIGNALLING_EVENTS	2.87239937946123e-30	4.19102895012882e-30	3.70969835811646	9.201462497802	7.17504332726115e-13	1	6	11	0.000453353577113305	1	0	4.55564546302124	3.96421770987343
MMP9	CD44	R-HSA-71387	REACTOME_METABOLISM_OF_CARBOHYDRATES	2.99709170804899e-30	4.36595570932137e-30	15.1188915449759	1.28699130177455	1.50984931153769e-15	1	6	12	0.00306485740667911	1	0	-1.30828113955721	1.15591131949725
FYN	TYROBP	R-HSA-391160	REACTOME_SIGNAL_REGULATORY_PROTEIN_FAMILY_INTERACTIONS	3.40015245334534e-30	4.94518172814547e-30	2.13884060313412	11.4820516553354	2.14206225569241e-13	1	3	7	0.00023753291094638	1	0	-6.25875440017665	6.56640279608026
LPL	CD44	R-HSA-216083	REACTOME_INTEGRIN_CELL_SURFACE_INTERACTIONS	3.84355761881988e-30	5.5811403762097e-30	14.099600435784	1.28699130177455	2.45749817963925e-14	1	4	8	0.000308515816961241	1	0	6.88280044878832	1.15591131949725
EFNB2	PECAM1	R-HSA-216083	REACTOME_INTEGRIN_CELL_SURFACE_INTERACTIONS	6.12512352004904e-30	8.87996376351607e-30	2.80254702941213	11.4400409772757	3.38602679511419e-11	1	5	10	0.000308515816961241	1	0	-1.79278889076211	4.5471791287388
SEMA6D	TYROBP	R-HSA-391160	REACTOME_SIGNAL_REGULATORY_PROTEIN_FAMILY_INTERACTIONS	6.84186806421371e-30	9.90327718211826e-30	11.3717546305381	11.4820516553354	4.31030888757944e-13	1	3	7	0.00023753291094638	1	0	3.96826590256828	6.56640279608026
VEGFB	NRP1	R-HSA-445144	REACTOME_SIGNAL_TRANSDUCTION_BY_L1	1.03781086721758e-29	1.49979344721905e-29	1.35841845472351	1.87070556151693	1.02877404506023e-10	1	6	11	0.000245434447292395	1	0	4.69895678266557	-4.05181724627992
UBC	ERBB4	R-HSA-1251985	REACTOME_NUCLEAR_SIGNALING_BY_ERBB4	1.3018993871034e-29	1.87845482996348e-29	4.10321008708002	6.58137366024069	5.91431630073125e-10	1	6	12	0.000599611023157118	1	0	-5.60109607146166	-2.96822194563169
UBC	TLR4	R-HSA-9824878	REACTOME_REGULATION_OF_TBK1_IKK_IKBKE_MEDIATED_ACTIVATION_OF_IRF3_IRF7	1.71932158566095e-29	2.47680399582537e-29	4.10321008708002	4.97971482845478	1.19712183675261e-12	1	4	8	0.000191358475866752	1	0	-5.60109607146166	6.63556963125616
GNAS	ADCY1	R-HSA-977443	REACTOME_GABA_RECEPTOR_ACTIVATION	1.83718994829627e-29	2.63823959399891e-29	3.70969835811646	9.201462497802	7.17504332726115e-13	1	4	9	0.000820656042456998	1	0	4.55564546302124	3.96421770987343
GNAS	ADCY1	R-HSA-977444	REACTOME_GABA_B_RECEPTOR_ACTIVATION	1.83718994829627e-29	2.63823959399891e-29	3.70969835811646	9.201462497802	7.17504332726115e-13	1	4	9	0.000820656042456998	1	0	4.55564546302124	3.96421770987343
HBEGF	CD44	R-HSA-216083	REACTOME_INTEGRIN_CELL_SURFACE_INTERACTIONS	1.99734136629719e-29	2.86369605988036e-29	4.89501697871428	1.28699130177455	1.27706236216139e-13	1	4	8	0.000308515816961241	1	0	5.84427041608315	1.15591131949725
TLN1	ITGA1	R-HSA-3000157	REACTOME_LAMININ_INTERACTIONS	2.04036391094945e-29	2.92077290559535e-29	1.12008362611655	1.2691563010367	2.37189335326158e-08	1	3	6	2.75188817538107e-06	1	0	4.30237625177188	6.22317999564956
GNAS	ADCY1	R-HSA-111931	REACTOME_PKA_MEDIATED_PHOSPHORYLATION_OF_CREB	2.70031614089918e-29	3.85941410703986e-29	3.70969835811646	9.201462497802	7.17504332726115e-13	1	6	11	0.000658712255591799	1	0	4.55564546302124	3.96421770987343
TGFB1	SDC2	R-HSA-2682334	REACTOME_EPH_EPHRIN_SIGNALING	3.3489507947517e-29	4.77895804149026e-29	3.14112209804367	6.4543225009276	2.19073894660281e-13	1	3	7	0.000373657642340431	1	0	5.19755832572095	6.36500079053041
TGFB1	SDC2	R-HSA-3000170	REACTOME_SYNDECAN_INTERACTIONS	3.42634287130854e-29	4.88173302510888e-29	3.14112209804367	6.4543225009276	2.19073894660281e-13	1	4	8	0.000308515816961241	1	0	5.19755832572095	6.36500079053041
GNAS	ADCY1	R-HSA-164378	REACTOME_PKA_ACTIVATION_IN_GLUCAGON_SIGNALLING	4.65306199637922e-29	6.61914453006059e-29	3.70969835811646	9.201462497802	7.17504332726115e-13	1	5	10	0.000822533061807905	1	0	4.55564546302124	3.96421770987343
LPL	CD44	R-HSA-71387	REACTOME_METABOLISM_OF_CARBOHYDRATES	4.87820033460234e-29	6.92856891273988e-29	14.099600435784	1.28699130177455	2.45749817963925e-14	1	6	12	0.00306485740667911	1	0	6.88280044878832	1.15591131949725
MMP7	ERBB4	R-HSA-1251985	REACTOME_NUCLEAR_SIGNALING_BY_ERBB4	5.76736770471651e-29	8.1786852474061e-29	7.97883344922994	6.58137366024069	2.6200209606218e-09	1	6	12	0.000599611023157118	1	0	-1.49782869064644	-2.96822194563169
IL16	GRIN2D	R-HSA-9620244	REACTOME_LONG_TERM_POTENTIATION	6.52880121101919e-29	9.2440503127982e-29	8.10206497894335	4.91497207701578	2.36495312575524e-13	1	2	5	8.62020737333223e-05	1	0	-6.11068214041468	6.87394755689109
HBEGF	ERBB4	R-HSA-1250196	REACTOME_SHC1_EVENTS_IN_ERBB2_SIGNALING	6.59896523375142e-29	9.32886375968902e-29	4.89501697871428	6.58137366024069	1.23024671338808e-12	1	4	9	0.000928339673930603	1	0	5.84427041608315	-2.96822194563169
TGM2	TBXA2R	R-HSA-416482	REACTOME_G_ALPHA_12_13_SIGNALLING_EVENTS	7.0123080305163e-29	9.89780745301136e-29	1.98540366080875	6.64184901615579	8.40965390889549e-11	1	6	12	0.00100801658444615	1	0	-5.06651626145377	3.99078629239796
CSF2	IL3RA	R-HSA-912526	REACTOME_INTERLEUKIN_RECEPTOR_SHC_SIGNALING	7.65344005699486e-29	1.07693142597652e-28	7.26648712311557	10.1969514682693	7.54238111100496e-11	1	7	13	0.000928339673930603	1	0	-6.41945330260141	4.08117884972582
NRG1	ERBB4	R-HSA-1251985	REACTOME_NUCLEAR_SIGNALING_BY_ERBB4	7.64953704838935e-29	1.07693142597652e-28	8.70029753393485	6.58137366024069	3.47505975550041e-09	1	6	12	0.000599611023157118	1	0	-0.480817994838106	-2.96822194563169
ADAM17	ERBB4	R-HSA-1251985	REACTOME_NUCLEAR_SIGNALING_BY_ERBB4	8.35019900303767e-29	1.17315778883481e-28	1.4101160510875	6.58137366024069	3.79335903889578e-09	1	6	12	0.000599611023157118	1	0	5.53482763327679	-2.96822194563169
ICAM3	ITGAL	R-HSA-8949275	REACTOME_RUNX3_REGULATES_IMMUNE_RESPONSE_AND_CELL_MIGRATION	8.75934125470626e-29	1.22874092600741e-28	7.01524132334348	9.57801611120613	1.66118326202723e-15	1	1	3	3.74988515056535e-05	1	0	6.94092769135818	0.316751165973224
ADAM28	ITGA4	R-HSA-216083	REACTOME_INTEGRIN_CELL_SURFACE_INTERACTIONS	8.93552571610556e-29	1.25152432603081e-28	13.6430612190813	11.6075982897741	1.23458443711491e-09	1	4	9	0.000308515816961241	1	0	6.5282983767433	6.05087903182527
GNAS	ADCY1	R-HSA-163359	REACTOME_GLUCAGON_SIGNALING_IN_METABOLIC_REGULATION	1.02295196271913e-28	1.42617075784002e-28	3.70969835811646	9.201462497802	7.17504332726115e-13	1	6	11	0.000822533061807905	1	0	4.55564546302124	3.96421770987343
GNAS	ADCY1	R-HSA-432040	REACTOME_VASOPRESSIN_REGULATES_RENAL_WATER_HOMEOSTASIS_VIA_AQUAPORINS	1.02295196271913e-28	1.42617075784002e-28	3.70969835811646	9.201462497802	7.17504332726115e-13	1	6	11	0.000822533061807905	1	0	4.55564546302124	3.96421770987343
GNAS	ADCY1	R-HSA-445717	REACTOME_AQUAPORIN_MEDIATED_TRANSPORT	1.02295196271913e-28	1.42617075784002e-28	3.70969835811646	9.201462497802	7.17504332726115e-13	1	6	11	0.000822533061807905	1	0	4.55564546302124	3.96421770987343
CAP1	ROBO1	R-HSA-428542	REACTOME_REGULATION_OF_COMMISSURAL_AXON_PATHFINDING_BY_SLIT_AND_ROBO	1.14868001635885e-28	1.59900480072005e-28	4.40146747798861	8.49956445559487	1.81042953352961e-17	1	1	2	2.51888720305774e-06	1	0	7.18547999307474	4.89189834921981
GNAS	ADCY8	R-HSA-170670	REACTOME_ADENYLATE_CYCLASE_INHIBITORY_PATHWAY	1.30800276468089e-28	1.81800384265279e-28	3.70969835811646	10.3110820516253	1.67562841936802e-14	1	3	7	0.000820656042456998	1	0	4.55564546302124	4.44304765339598
GNAS	ADCY8	R-HSA-442720	REACTOME_CREB1_PHOSPHORYLATION_THROUGH_THE_ACTIVATION_OF_ADENYLATE_CYCLASE	1.32302564408254e-28	1.83607680987944e-28	3.70969835811646	10.3110820516253	1.67562841936802e-14	1	3	7	0.000822533061807905	1	0	4.55564546302124	4.44304765339598
ICAM5	ITGAL	R-HSA-8949275	REACTOME_RUNX3_REGULATES_IMMUNE_RESPONSE_AND_CELL_MIGRATION	2.09619749731621e-28	2.9046395199092e-28	6.93639503282286	9.57801611120613	3.97537679511474e-15	1	1	3	3.74988515056535e-05	1	0	-3.24983956639454	0.316751165973224
HBEGF	CD44	R-HSA-71387	REACTOME_METABOLISM_OF_CARBOHYDRATES	2.53500331923673e-28	3.50733335949192e-28	4.89501697871428	1.28699130177455	1.27706236216139e-13	1	6	12	0.00306485740667911	1	0	5.84427041608315	1.15591131949725
CSF2	CSF2RB	R-HSA-912526	REACTOME_INTERLEUKIN_RECEPTOR_SHC_SIGNALING	3.18385513918272e-28	4.39836523026914e-28	7.26648712311557	9.76661371727464	3.13765426829212e-10	1	7	13	0.000928339673930603	1	0	-6.41945330260141	7.70178123203608
EFNB2	PECAM1	R-HSA-210990	REACTOME_PECAM1_INTERACTIONS	3.29787577886648e-28	4.54896674201765e-28	2.80254702941213	11.4400409772757	3.38602679511419e-11	1	5	10	0.000599611023157118	1	0	-1.79278889076211	4.5471791287388
TFPI	VLDLR	R-HSA-174824	REACTOME_PLASMA_LIPOPROTEIN_ASSEMBLY_REMODELING_AND_CLEARANCE	4.33969554302579e-28	5.97694431607643e-28	3.88543229085374	1.87722169347299	3.63419769141757e-08	1	12	22	0.00455999046457761	1	0	0.605042638409635	3.8795887446574
TGFB1	TGFBR1	R-HSA-9839389	REACTOME_TGFBR3_REGULATES_TGF_BETA_SIGNALING	6.09694184582866e-28	8.38444801491414e-28	3.14112209804367	1.45796522957666	1.88721421067582e-09	1	2	4	4.32258625380379e-07	1	0	5.19755832572095	-6.41945330260141
ICAM2	ITGAL	R-HSA-8949275	REACTOME_RUNX3_REGULATES_IMMUNE_RESPONSE_AND_CELL_MIGRATION	6.66805827276878e-28	9.15598938058432e-28	5.96057612091828	9.57801611120613	1.2645776058781e-14	1	1	3	3.74988515056535e-05	1	0	5.99020786714257	0.316751165973224
APOE	VLDLR	R-HSA-174824	REACTOME_PLASMA_LIPOPROTEIN_ASSEMBLY_REMODELING_AND_CLEARANCE	6.69832344094792e-28	9.18367421994217e-28	2.66987736118126	1.87722169347299	5.60938695908798e-08	1	12	22	0.00455999046457761	1	0	2.3441109671766	3.8795887446574
CAP1	ROBO1	R-HSA-9010553	REACTOME_REGULATION_OF_EXPRESSION_OF_SLITS_AND_ROBOS	1.15048322191681e-27	1.57498380831684e-27	4.40146747798861	8.49956445559487	1.81042953352961e-17	1	1	2	7.97167036422041e-06	1	0	7.18547999307474	4.89189834921981
CSF2	CSF2RA	R-HSA-912526	REACTOME_INTERLEUKIN_RECEPTOR_SHC_SIGNALING	1.84719591697539e-27	2.5249640429032e-27	7.26648712311557	5.03900908814577	1.8203912866329e-09	1	7	13	0.000928339673930603	1	0	-6.41945330260141	-6.41945330260141
VEGFA	RET	R-HSA-9768919	REACTOME_NPAS4_REGULATES_EXPRESSION_OF_TARGET_GENES	2.27259383933952e-27	3.10178348342286e-27	4.02648845006077	4.67522249736185	5.83927717586792e-13	1	5	10	0.00162827688564668	1	0	7.97551401221459	1.11137795255669
IL16	GRIN2D	R-HSA-438066	REACTOME_UNBLOCKING_OF_NMDA_RECEPTORS_GLUTAMATE_BINDING_AND_ACTIVATION	2.33925934164245e-27	3.18798611926985e-27	8.10206497894335	4.91497207701578	2.36495312575524e-13	1	2	4	1.35228038790624e-05	1	0	-6.11068214041468	6.87394755689109
B2M	TFRC	R-HSA-8980692	REACTOME_RHOA_GTPASE_CYCLE	3.4252855400501e-27	4.6610547244095e-27	3.89784702561476	1.01174550518786	6.38206383449392e-09	1	4	9	0.000430846859148583	1	0	0.546563503342828	4.81093271457256
UBC	TGFBR1	R-HSA-9839389	REACTOME_TGFBR3_REGULATES_TGF_BETA_SIGNALING	4.98727757256948e-27	6.77643544613701e-27	4.10321008708002	1.45796522957666	1.54373476827196e-08	1	2	4	4.32258625380379e-07	1	0	-5.60109607146166	-6.41945330260141
GNAS	ADCY1	R-HSA-170670	REACTOME_ADENYLATE_CYCLASE_INHIBITORY_PATHWAY	5.60086973954664e-27	7.59879193022074e-27	3.70969835811646	9.201462497802	7.17504332726115e-13	1	3	7	0.000820656042456998	1	0	4.55564546302124	3.96421770987343
GNAS	ADCY1	R-HSA-442720	REACTOME_CREB1_PHOSPHORYLATION_THROUGH_THE_ACTIVATION_OF_ADENYLATE_CYCLASE	5.6651977309803e-27	7.67461212736377e-27	3.70969835811646	9.201462497802	7.17504332726115e-13	1	3	7	0.000822533061807905	1	0	4.55564546302124	3.96421770987343
TGM2	TBXA2R	R-HSA-428930	REACTOME_THROMBOXANE_SIGNALLING_THROUGH_TP_RECEPTOR	6.690597208055e-27	9.05022747339582e-27	1.98540366080875	6.64184901615579	8.40965390889549e-11	1	3	7	0.000327899661281938	1	0	-5.06651626145377	3.99078629239796
NRP1	ROBO1	R-HSA-428542	REACTOME_REGULATION_OF_COMMISSURAL_AXON_PATHFINDING_BY_SLIT_AND_ROBO	1.15657349452558e-26	1.56214755798477e-26	1.87070556151693	8.49956445559487	1.82287040983268e-15	1	1	2	2.51888720305774e-06	1	0	-4.05181724627992	4.89189834921981
FABP5	RXRA	R-HSA-9839394	REACTOME_TGFBR3_EXPRESSION	1.81696896548137e-26	2.450481883713e-26	9.57008852839852	1.68361392236059	5.81784655455214e-13	1	8	15	0.00688791578935991	1	0	3.45004811875469	6.75656281282435
UBC	TLR4	R-HSA-936964	REACTOME_ACTIVATION_OF_IRF3_IRF7_MEDIATED_BY_TBK1_IKK_IKBKE	1.84693084304642e-26	2.48720020196918e-26	4.10321008708002	4.97971482845478	1.19712183675261e-12	1	6	11	0.00179681280781743	1	0	-5.60109607146166	6.63556963125616
FABP5	RXRA	R-HSA-9843743	REACTOME_TRANSCRIPTIONAL_REGULATION_OF_BROWN_AND_BEIGE_ADIPOCYTE_DIFFERENTIATION	2.27139913950321e-26	3.0542926298941e-26	9.57008852839852	1.68361392236059	5.81784655455214e-13	1	6	11	0.00209797134665488	1	0	3.45004811875469	6.75656281282435
FYN	CD86	R-HSA-389356	REACTOME_CD28_CO_STIMULATION	2.50252690110261e-26	3.36011366780247e-26	2.13884060313412	6.25980915139201	1.16851805137742e-09	1	6	11	0.000599611023157118	1	0	-6.25875440017665	-3.04055219434815
UBC	ERBB4	R-HSA-1250196	REACTOME_SHC1_EVENTS_IN_ERBB2_SIGNALING	3.17240170001766e-26	4.25326422612987e-26	4.10321008708002	6.58137366024069	5.91431630073125e-10	1	4	9	0.000928339673930603	1	0	-5.60109607146166	-2.96822194563169
B2M	TFRC	R-HSA-9013148	REACTOME_CDC42_GTPASE_CYCLE	3.76952443359004e-26	5.04638838016694e-26	3.89784702561476	1.01174550518786	6.38206383449392e-09	1	8	16	0.0043259762719569	1	0	0.546563503342828	4.81093271457256
MMP7	CD44	R-HSA-216083	REACTOME_INTEGRIN_CELL_SURFACE_INTERACTIONS	4.25368032953636e-26	5.68616973463022e-26	7.97883344922994	1.28699130177455	2.71972289823834e-10	1	4	8	0.000308515816961241	1	0	-1.49782869064644	1.15591131949725
SPP1	CD44	R-HSA-216083	REACTOME_INTEGRIN_CELL_SURFACE_INTERACTIONS	5.24802340666159e-26	7.00507089083023e-26	3.52628787401922	1.28699130177455	3.3554870897278e-10	1	4	8	0.000308515816961241	1	0	-4.21471412274633	1.15591131949725
CSF2	SDC2	R-HSA-2682334	REACTOME_EPH_EPHRIN_SIGNALING	6.50312795411333e-26	8.66765881274049e-26	7.26648712311557	6.4543225009276	4.25406539449433e-10	1	3	7	0.000373657642340431	1	0	-6.41945330260141	6.36500079053041
CSF2	SDC2	R-HSA-3000170	REACTOME_SYNDECAN_INTERACTIONS	6.65341101508645e-26	8.85497893515899e-26	7.26648712311557	6.4543225009276	4.25406539449433e-10	1	4	8	0.000308515816961241	1	0	-6.41945330260141	6.36500079053041
CD274	CD80	R-HSA-389356	REACTOME_CD28_CO_STIMULATION	6.85174488350889e-26	9.10560833203155e-26	8.18201397707283	8.17616127802437	3.19932128453262e-09	1	6	11	0.000599611023157118	1	0	1.12077320161514	0.57093958009102
GNAS	PTGIR	R-HSA-418346	REACTOME_PLATELET_HOMEOSTASIS	8.47052662345189e-26	1.12404506579821e-25	3.70969835811646	9.95863085846248	8.12794580375686e-14	1	2	5	0.000675769543579458	1	0	4.55564546302124	-6.41945330260141
FYN	CD80	R-HSA-389356	REACTOME_CD28_CO_STIMULATION	8.65060329895586e-26	1.1462679881561e-25	2.13884060313412	8.17616127802437	4.03927170800093e-09	1	6	11	0.000599611023157118	1	0	-6.25875440017665	0.57093958009102
COL5A3	SDC3	R-HSA-3000170	REACTOME_SYNDECAN_INTERACTIONS	8.92253188073998e-26	1.18057954579223e-25	8.12734136673925	1.1368949149542	1.52091513325862e-09	1	3	7	0.000308515816961241	1	0	-5.22264500271412	-5.30037032347287
LPL	VLDLR	R-HSA-8964043	REACTOME_PLASMA_LIPOPROTEIN_CLEARANCE	9.91750174086028e-26	1.31032108756424e-25	14.099600435784	1.87722169347299	1.14191256443996e-11	1	8	15	0.00586493882361811	1	0	6.88280044878832	3.8795887446574
NRP1	ROBO1	R-HSA-9010553	REACTOME_REGULATION_OF_EXPRESSION_OF_SLITS_AND_ROBOS	1.15838909131826e-25	1.52826659507736e-25	1.87070556151693	8.49956445559487	1.82287040983268e-15	1	1	2	7.97167036422041e-06	1	0	-4.05181724627992	4.89189834921981
MMP7	ERBB4	R-HSA-1250196	REACTOME_SHC1_EVENTS_IN_ERBB2_SIGNALING	1.40536260269523e-25	1.85141247224633e-25	7.97883344922994	6.58137366024069	2.6200209606218e-09	1	4	9	0.000928339673930603	1	0	-1.49782869064644	-2.96822194563169
ABCA1	RXRA	R-HSA-9839394	REACTOME_TGFBR3_EXPRESSION	1.55888347930617e-25	2.05068752921752e-25	7.72041715625344	1.68361392236059	4.99146933785241e-12	1	8	15	0.00688791578935991	1	0	-6.41945330260141	6.75656281282435
UBC	TLR4	R-HSA-937041	REACTOME_IKK_COMPLEX_RECRUITMENT_MEDIATED_BY_RIP1	1.84117147265304e-25	2.41853304716996e-25	4.10321008708002	4.97971482845478	1.19712183675261e-12	1	8	15	0.00841693367273209	1	0	-5.60109607146166	6.63556963125616
VEGFB	RET	R-HSA-9768919	REACTOME_NPAS4_REGULATES_EXPRESSION_OF_TARGET_GENES	1.85825505965671e-25	2.43745144188737e-25	1.35841845472351	4.67522249736185	4.7746615206649e-11	1	5	10	0.00162827688564668	1	0	4.69895678266557	1.11137795255669
NRG1	ERBB4	R-HSA-1250196	REACTOME_SHC1_EVENTS_IN_ERBB2_SIGNALING	1.86399998164613e-25	2.44146395290538e-25	8.70029753393485	6.58137366024069	3.47505975550041e-09	1	4	9	0.000928339673930603	1	0	-0.480817994838106	-2.96822194563169
ABCA1	RXRA	R-HSA-9843743	REACTOME_TRANSCRIPTIONAL_REGULATION_OF_BROWN_AND_BEIGE_ADIPOCYTE_DIFFERENTIATION	1.94876558749793e-25	2.54881714969154e-25	7.72041715625344	1.68361392236059	4.99146933785241e-12	1	6	11	0.00209797134665488	1	0	-6.41945330260141	6.75656281282435
ADAM17	ERBB4	R-HSA-1250196	REACTOME_SHC1_EVENTS_IN_ERBB2_SIGNALING	2.03473369563992e-25	2.65743236973662e-25	1.4101160510875	6.58137366024069	3.79335903889578e-09	1	4	9	0.000928339673930603	1	0	5.53482763327679	-2.96822194563169
MMP9	CD44	R-HSA-1630316	REACTOME_GLYCOSAMINOGLYCAN_METABOLISM	2.15811896919141e-25	2.80648089126608e-25	15.1188915449759	1.28699130177455	1.50984931153769e-15	1	2	4	0.000329404628774962	1	0	-1.30828113955721	1.15591131949725
MMP9	CD44	R-HSA-2142845	REACTOME_HYALURONAN_METABOLISM	2.15811896919141e-25	2.80648089126608e-25	15.1188915449759	1.28699130177455	1.50984931153769e-15	1	2	4	0.000329404628774962	1	0	-1.30828113955721	1.15591131949725
MMP9	CD44	R-HSA-2160916	REACTOME_HYALURONAN_UPTAKE_AND_DEGRADATION	2.15811896919141e-25	2.80648089126608e-25	15.1188915449759	1.28699130177455	1.50984931153769e-15	1	2	4	0.000329404628774962	1	0	-1.30828113955721	1.15591131949725
VASP	ROBO1	R-HSA-428542	REACTOME_REGULATION_OF_COMMISSURAL_AXON_PATHFINDING_BY_SLIT_AND_ROBO	2.31871946884356e-25	3.01102285311257e-25	1.24720326234774	8.49956445559487	3.65452358061487e-14	1	1	2	2.51888720305774e-06	1	0	0.487665222948153	4.89189834921981
VIM	CD44	R-HSA-216083	REACTOME_INTEGRIN_CELL_SURFACE_INTERACTIONS	2.81641741194816e-25	3.65210189366744e-25	1.03211033767015	1.28699130177455	1.80076412256102e-09	1	4	8	0.000308515816961241	1	0	4.82783652985955	1.15591131949725
CD86	CD80	R-HSA-389356	REACTOME_CD28_CO_STIMULATION	3.28805038553982e-25	4.25154736906927e-25	6.25980915139201	8.17616127802437	1.53530666449537e-08	1	6	11	0.000599611023157118	1	0	-3.04055219434815	0.57093958009102
CD80	CD86	R-HSA-389356	REACTOME_CD28_CO_STIMULATION	3.28805038553982e-25	4.25154736906927e-25	8.17616127802437	6.25980915139201	1.53530666449537e-08	1	6	11	0.000599611023157118	1	0	0.57093958009102	-3.04055219434815
UBC	TLR4	R-HSA-1236975	REACTOME_ANTIGEN_PROCESSING_CROSS_PRESENTATION	3.44814612569746e-25	4.45222276741334e-25	4.10321008708002	4.97971482845478	1.19712183675261e-12	1	9	18	0.019409798496347	1	0	-5.60109607146166	6.63556963125616
SPP1	ITGA4	R-HSA-8949275	REACTOME_RUNX3_REGULATES_IMMUNE_RESPONSE_AND_CELL_MIGRATION	4.13689570615221e-25	5.33395488920902e-25	3.52628787401922	11.6075982897741	1.74093378109224e-11	1	1	2	1.54150933801192e-07	1	0	-4.21471412274633	6.05087903182527
TGM2	ITGA4	R-HSA-8949275	REACTOME_RUNX3_REGULATES_IMMUNE_RESPONSE_AND_CELL_MIGRATION	4.14301165955232e-25	5.33427421888535e-25	1.98540366080875	11.6075982897741	1.74350756361763e-11	1	1	2	1.54150933801192e-07	1	0	-5.06651626145377	6.05087903182527
MMP7	CD44	R-HSA-71387	REACTOME_METABOLISM_OF_CARBOHYDRATES	5.39872349128638e-25	6.9412159173682e-25	7.97883344922994	1.28699130177455	2.71972289823834e-10	1	6	12	0.00306485740667911	1	0	-1.49782869064644	1.15591131949725
SPP1	CD44	R-HSA-71387	REACTOME_METABOLISM_OF_CARBOHYDRATES	6.66073260174981e-25	8.5517032980093e-25	3.52628787401922	1.28699130177455	3.3554870897278e-10	1	6	12	0.00306485740667911	1	0	-4.21471412274633	1.15591131949725
HBEGF	ERBB4	R-HSA-8847993	REACTOME_ERBB2_ACTIVATES_PTK6_SIGNALING	7.70615548366441e-25	9.87996521107327e-25	4.89501697871428	6.58137366024069	1.23024671338808e-12	1	1	3	8.5562181979711e-05	1	0	5.84427041608315	-2.96822194563169
ARTN	RET	R-HSA-9768919	REACTOME_NPAS4_REGULATES_EXPRESSION_OF_TARGET_GENES	7.82444561429562e-25	1.00174944554855e-24	4.84442395890197	4.67522249736185	2.01043872857874e-10	1	5	10	0.00162827688564668	1	0	3.9011144115792	1.11137795255669
IL23A	IL12RB1	R-HSA-447115	REACTOME_INTERLEUKIN_12_FAMILY_SIGNALING	1.12233446516329e-24	1.43488330356319e-24	10.9651006088555	6.16469475488222	3.69392095591138e-12	1	5	10	0.00336956045854014	1	0	-2.37576761093819	3.30727641920942
VEGFA	NRP1	R-HSA-399956	REACTOME_CRMPS_IN_SEMA3A_SIGNALING	1.72024836335503e-24	2.19621595827209e-24	4.02648845006077	1.87070556151693	1.25816181407744e-12	1	5	10	0.00433194385514491	1	0	7.97551401221459	-4.05181724627992
IL16	GRIN2D	R-HSA-442982	REACTOME_RAS_ACTIVATION_UPON_CA2_INFLUX_THROUGH_NMDA_RECEPTOR	1.7830533681259e-24	2.2732054861521e-24	8.10206497894335	4.91497207701578	2.36495312575524e-13	1	3	6	0.000842284877892745	1	0	-6.11068214041468	6.87394755689109
COL5A3	SDC3	R-HSA-9833110	REACTOME_RSV_HOST_INTERACTIONS	1.80961939796638e-24	2.30384318312526e-24	8.12734136673925	1.1368949149542	1.52091513325862e-09	1	1	3	1.05964588008889e-05	1	0	-5.22264500271412	-5.30037032347287
IL16	CD4	R-HSA-164938	REACTOME_NEF_MEDIATES_DOWN_MODULATION_OF_CELL_SURFACE_RECEPTORS_BY_RECRUITING_THEM_TO_CLATHRIN_ADAPTERS	1.82986335108206e-24	2.31986859990739e-24	8.10206497894335	13.6358505419342	3.91590413091151e-14	1	3	6	0.00132924448907126	1	0	-6.11068214041468	-1.47758833979379
IL16	CD4	R-HSA-164952	REACTOME_THE_ROLE_OF_NEF_IN_HIV_1_REPLICATION_AND_DISEASE_PATHOGENESIS	1.82986335108206e-24	2.31986859990739e-24	8.10206497894335	13.6358505419342	3.91590413091151e-14	1	3	6	0.00132924448907126	1	0	-6.11068214041468	-1.47758833979379
IL16	CD4	R-HSA-167590	REACTOME_NEF_MEDIATED_CD4_DOWN_REGULATION	1.82986335108206e-24	2.31986859990739e-24	8.10206497894335	13.6358505419342	3.91590413091151e-14	1	3	6	0.00132924448907126	1	0	-6.11068214041468	-1.47758833979379
FABP5	RXRA	R-HSA-4090294	REACTOME_SUMOYLATION_OF_INTRACELLULAR_RECEPTORS	2.00382291472806e-24	2.53687330012229e-24	9.57008852839852	1.68361392236059	5.81784655455214e-13	1	6	11	0.00443391159122001	1	0	3.45004811875469	6.75656281282435
VASP	ROBO1	R-HSA-9010553	REACTOME_REGULATION_OF_EXPRESSION_OF_SLITS_AND_ROBOS	2.32235941014491e-24	2.9360566117131e-24	1.24720326234774	8.49956445559487	3.65452358061487e-14	1	1	2	7.97167036422041e-06	1	0	0.487665222948153	4.89189834921981
IL16	GRIN2D	R-HSA-8849932	REACTOME_SYNAPTIC_ADHESION_LIKE_MOLECULES	2.70813472389768e-24	3.41902008892083e-24	8.10206497894335	4.91497207701578	2.36495312575524e-13	1	2	4	0.000141996616773961	1	0	-6.11068214041468	6.87394755689109
HBEGF	ERBB4	R-HSA-6785631	REACTOME_ERBB2_REGULATES_CELL_MOTILITY	3.08226438682241e-24	3.88596161944739e-24	4.89501697871428	6.58137366024069	1.23024671338808e-12	1	2	4	8.5562181979711e-05	1	0	5.84427041608315	-2.96822194563169
CAP1	ROBO1	R-HSA-428540	REACTOME_ACTIVATION_OF_RAC1	3.38775929432255e-24	4.26519833592686e-24	4.40146747798861	8.49956445559487	1.81042953352961e-17	1	4	8	0.020382164517106	1	0	7.18547999307474	4.89189834921981
LPL	CD44	R-HSA-1630316	REACTOME_GLYCOSAMINOGLYCAN_METABOLISM	3.51265083058616e-24	4.40413738621078e-24	14.099600435784	1.28699130177455	2.45749817963925e-14	1	2	4	0.000329404628774962	1	0	6.88280044878832	1.15591131949725
LPL	CD44	R-HSA-2142845	REACTOME_HYALURONAN_METABOLISM	3.51265083058616e-24	4.40413738621078e-24	14.099600435784	1.28699130177455	2.45749817963925e-14	1	2	4	0.000329404628774962	1	0	6.88280044878832	1.15591131949725
LPL	CD44	R-HSA-2160916	REACTOME_HYALURONAN_UPTAKE_AND_DEGRADATION	3.51265083058616e-24	4.40413738621078e-24	14.099600435784	1.28699130177455	2.45749817963925e-14	1	2	4	0.000329404628774962	1	0	6.88280044878832	1.15591131949725
VIM	CD44	R-HSA-71387	REACTOME_METABOLISM_OF_CARBOHYDRATES	3.57456547394333e-24	4.47559230828441e-24	1.03211033767015	1.28699130177455	1.80076412256102e-09	1	6	12	0.00306485740667911	1	0	4.82783652985955	1.15591131949725
B2M	TYROBP	R-HSA-198933	REACTOME_IMMUNOREGULATORY_INTERACTIONS_BETWEEN_A_LYMPHOID_AND_A_NON_LYMPHOID_CELL	5.30153678674468e-24	6.62874407035889e-24	3.89784702561476	11.4820516553354	3.42165243902634e-14	1	1	3	0.000537100176852289	1	0	0.546563503342828	6.56640279608026
HBEGF	PRLR	R-HSA-1170546	REACTOME_PROLACTIN_RECEPTOR_SIGNALING	7.80299099133042e-24	9.74302034494416e-24	4.89501697871428	11.9914434592167	2.55375382110847e-16	1	4	9	0.0270326491969878	1	0	5.84427041608315	4.11408451085847
HBEGF	ERBB4	R-HSA-9620244	REACTOME_LONG_TERM_POTENTIATION	1.40876950464855e-23	1.756613826784e-23	4.89501697871428	6.58137366024069	1.23024671338808e-12	1	2	4	0.000141996616773961	1	0	5.84427041608315	-2.96822194563169
CAP1	ROBO1	R-HSA-428543	REACTOME_INACTIVATION_OF_CDC42_AND_RAC1	1.53678453623745e-23	1.91361252526006e-23	4.40146747798861	8.49956445559487	1.81042953352961e-17	1	2	5	0.020382164517106	1	0	7.18547999307474	4.89189834921981
ABCA1	RXRA	R-HSA-4090294	REACTOME_SUMOYLATION_OF_INTRACELLULAR_RECEPTORS	1.71919636304693e-23	2.13682186937488e-23	7.72041715625344	1.68361392236059	4.99146933785241e-12	1	6	11	0.00443391159122001	1	0	-6.41945330260141	6.75656281282435
TYROBP	CD300LB	R-HSA-198933	REACTOME_IMMUNOREGULATORY_INTERACTIONS_BETWEEN_A_LYMPHOID_AND_A_NON_LYMPHOID_CELL	1.72074104332498e-23	2.13682186937488e-23	11.4820516553354	16.4629039889575	1.1783159585762e-12	1	1	2	3.82143853812159e-06	1	0	6.56640279608026	2.66157388606896
HBEGF	CD44	R-HSA-1630316	REACTOME_GLYCOSAMINOGLYCAN_METABOLISM	1.82538249847861e-23	2.25751386546538e-23	4.89501697871428	1.28699130177455	1.27706236216139e-13	1	2	4	0.000329404628774962	1	0	5.84427041608315	1.15591131949725
HBEGF	CD44	R-HSA-2142845	REACTOME_HYALURONAN_METABOLISM	1.82538249847861e-23	2.25751386546538e-23	4.89501697871428	1.28699130177455	1.27706236216139e-13	1	2	4	0.000329404628774962	1	0	5.84427041608315	1.15591131949725
HBEGF	CD44	R-HSA-2160916	REACTOME_HYALURONAN_UPTAKE_AND_DEGRADATION	1.82538249847861e-23	2.25751386546538e-23	4.89501697871428	1.28699130177455	1.27706236216139e-13	1	2	4	0.000329404628774962	1	0	5.84427041608315	1.15591131949725
FYN	NRP1	R-HSA-399956	REACTOME_CRMPS_IN_SEMA3A_SIGNALING	1.89257041690079e-23	2.33742732196035e-23	2.13884060313412	1.87070556151693	1.38419537534288e-11	1	5	10	0.00433194385514491	1	0	-6.25875440017665	-4.05181724627992
VEGFA	NRP1	R-HSA-399954	REACTOME_SEMA3A_PAK_DEPENDENT_AXON_REPULSION	2.21486941890579e-23	2.73177245832478e-23	4.02648845006077	1.87070556151693	1.25816181407744e-12	1	6	11	0.00582513648749556	1	0	7.97551401221459	-4.05181724627992
TGFB1	SDC2	R-HSA-9833110	REACTOME_RSV_HOST_INTERACTIONS	2.45986989243436e-23	3.0298397455594e-23	3.14112209804367	6.4543225009276	2.19073894660281e-13	1	1	2	1.05964588008889e-05	1	0	5.19755832572095	6.36500079053041
ADAM28	ITGA4	R-HSA-8949275	REACTOME_RUNX3_REGULATES_IMMUNE_RESPONSE_AND_CELL_MIGRATION	2.93368255142864e-23	3.6085486322715e-23	13.6430612190813	11.6075982897741	1.23458443711491e-09	1	1	2	1.54150933801192e-07	1	0	6.5282983767433	6.05087903182527
UBC	TLR4	R-HSA-5357769	REACTOME_CASPASE_ACTIVATION_VIA_EXTRINSIC_APOPTOTIC_SIGNALLING_PATHWAY	3.10842802367632e-23	3.81317283876083e-23	4.10321008708002	4.97971482845478	1.19712183675261e-12	1	4	8	0.00341968782518311	1	0	-5.60109607146166	6.63556963125616
UBC	TLR4	R-HSA-140534	REACTOME_CASPASE_ACTIVATION_VIA_DEATH_RECEPTORS_IN_THE_PRESENCE_OF_LIGAND	3.10842802367632e-23	3.81317283876083e-23	4.10321008708002	4.97971482845478	1.19712183675261e-12	1	4	8	0.00341968782518311	1	0	-5.60109607146166	6.63556963125616
FYN	TYROBP	R-HSA-198933	REACTOME_IMMUNOREGULATORY_INTERACTIONS_BETWEEN_A_LYMPHOID_AND_A_NON_LYMPHOID_CELL	3.3189290994389e-23	4.06591179432609e-23	2.13884060313412	11.4820516553354	2.14206225569241e-13	1	1	3	0.000537100176852289	1	0	-6.25875440017665	6.56640279608026
SEMA6D	TYROBP	R-HSA-198933	REACTOME_IMMUNOREGULATORY_INTERACTIONS_BETWEEN_A_LYMPHOID_AND_A_NON_LYMPHOID_CELL	6.67842848943404e-23	8.17051345477193e-23	11.3717546305381	11.4820516553354	4.31030888757944e-13	1	1	3	0.000537100176852289	1	0	3.96826590256828	6.56640279608026
TYROBP	TREM1	R-HSA-198933	REACTOME_IMMUNOREGULATORY_INTERACTIONS_BETWEEN_A_LYMPHOID_AND_A_NON_LYMPHOID_CELL	9.58229337053385e-23	1.1707398755128e-22	11.4820516553354	14.3000398917057	6.56168994286409e-12	1	1	2	3.82143853812159e-06	1	0	6.56640279608026	3.75825340720031
UBC	TLR4	R-HSA-5686938	REACTOME_REGULATION_OF_TLR_BY_ENDOGENOUS_LIGAND	1.07633970030399e-22	1.31327890949843e-22	4.10321008708002	4.97971482845478	1.19712183675261e-12	1	1	3	0.000447992079241652	1	0	-5.60109607146166	6.63556963125616
B2M	TFRC	R-HSA-9013406	REACTOME_RHOQ_GTPASE_CYCLE	1.40618070878719e-22	1.71166170250499e-22	3.89784702561476	1.01174550518786	6.38206383449392e-09	1	6	12	0.0043259762719569	1	0	0.546563503342828	4.81093271457256
VEGFB	NRP1	R-HSA-399956	REACTOME_CRMPS_IN_SEMA3A_SIGNALING	1.40661308225657e-22	1.71166170250499e-22	1.35841845472351	1.87070556151693	1.02877404506023e-10	1	5	10	0.00433194385514491	1	0	4.69895678266557	-4.05181724627992
IL16	CD4	R-HSA-449836	REACTOME_OTHER_INTERLEUKIN_SIGNALING	1.76911505691485e-22	2.1499005170262e-22	8.10206497894335	13.6358505419342	3.91590413091151e-14	1	2	5	0.00548865956643071	1	0	-6.11068214041468	-1.47758833979379
CSF2	CSF3R	R-HSA-449836	REACTOME_OTHER_INTERLEUKIN_SIGNALING	1.77436470894243e-22	2.15340122887673e-22	7.26648712311557	14.2429561127429	3.4650730066496e-08	1	2	4	1.0858204473734e-05	1	0	-6.41945330260141	-1.24981328184145
FYN	NRP1	R-HSA-399954	REACTOME_SEMA3A_PAK_DEPENDENT_AXON_REPULSION	2.43673903653307e-22	2.95332771227808e-22	2.13884060313412	1.87070556151693	1.38419537534288e-11	1	6	11	0.00582513648749556	1	0	-6.25875440017665	-4.05181724627992
FABP5	RXRA	R-HSA-200425	REACTOME_CARNITINE_METABOLISM	3.06586821928748e-22	3.71088443586194e-22	9.57008852839852	1.68361392236059	5.81784655455214e-13	1	3	6	0.00243696184771808	1	0	3.45004811875469	6.75656281282435
TFPI	VLDLR	R-HSA-8964043	REACTOME_PLASMA_LIPOPROTEIN_CLEARANCE	3.15629786847478e-22	3.81525899261113e-22	3.88543229085374	1.87722169347299	3.63419769141757e-08	1	8	15	0.00586493882361811	1	0	0.605042638409635	3.8795887446574
NRP1	ROBO1	R-HSA-428540	REACTOME_ACTIVATION_OF_RAC1	3.41103923620631e-22	4.11770871940443e-22	1.87070556151693	8.49956445559487	1.82287040983268e-15	1	4	8	0.020382164517106	1	0	-4.05181724627992	4.89189834921981
UBC	ERBB4	R-HSA-8847993	REACTOME_ERBB2_ACTIVATES_PTK6_SIGNALING	3.70467488325887e-22	4.46624597995002e-22	4.10321008708002	6.58137366024069	5.91431630073125e-10	1	1	3	8.5562181979711e-05	1	0	-5.60109607146166	-2.96822194563169
APOE	VLDLR	R-HSA-8964043	REACTOME_PLASMA_LIPOPROTEIN_CLEARANCE	4.87174821122997e-22	5.86545579338813e-22	2.66987736118126	1.87722169347299	5.60938695908798e-08	1	8	15	0.00586493882361811	1	0	2.3441109671766	3.8795887446574
GNAS	ADCY8	R-HSA-170660	REACTOME_ADENYLATE_CYCLASE_ACTIVATING_PATHWAY	9.10145557083932e-22	1.09434168173187e-21	3.70969835811646	10.3110820516253	1.67562841936802e-14	1	2	5	0.0102301740028445	1	0	4.55564546302124	4.44304765339598
UBC	ERBB4	R-HSA-6785631	REACTOME_ERBB2_REGULATES_CELL_MOTILITY	1.48177485928359e-21	1.77930428941715e-21	4.10321008708002	6.58137366024069	5.91431630073125e-10	1	2	4	8.5562181979711e-05	1	0	-5.60109607146166	-2.96822194563169
NRP1	ROBO1	R-HSA-428543	REACTOME_INACTIVATION_OF_CDC42_AND_RAC1	1.54734498389128e-21	1.85558916933664e-21	1.87070556151693	8.49956445559487	1.82287040983268e-15	1	2	5	0.020382164517106	1	0	-4.05181724627992	4.89189834921981
MMP7	ERBB4	R-HSA-8847993	REACTOME_ERBB2_ACTIVATES_PTK6_SIGNALING	1.64115771847158e-21	1.96549718852525e-21	7.97883344922994	6.58137366024069	2.6200209606218e-09	1	1	3	8.5562181979711e-05	1	0	-1.49782869064644	-2.96822194563169
IL16	GRIN2D	R-HSA-6794361	REACTOME_NEUREXINS_AND_NEUROLIGINS	1.74013968696961e-21	2.08129865191496e-21	8.10206497894335	4.91497207701578	2.36495312575524e-13	1	2	5	0.00620137333615631	1	0	-6.11068214041468	6.87394755689109
VEGFB	NRP1	R-HSA-399954	REACTOME_SEMA3A_PAK_DEPENDENT_AXON_REPULSION	1.81105494211705e-21	2.16327062074166e-21	1.35841845472351	1.87070556151693	1.02877404506023e-10	1	6	11	0.00582513648749556	1	0	4.69895678266557	-4.05181724627992
IL16	CD4	R-HSA-389948	REACTOME_PD_1_SIGNALING	1.92828935733456e-21	2.30028218611171e-21	8.10206497894335	13.6358505419342	3.91590413091151e-14	1	2	5	0.00998189584728721	1	0	-6.11068214041468	-1.47758833979379
NRG1	ERBB4	R-HSA-8847993	REACTOME_ERBB2_ACTIVATES_PTK6_SIGNALING	2.1767463793633e-21	2.59326665641054e-21	8.70029753393485	6.58137366024069	3.47505975550041e-09	1	1	3	8.5562181979711e-05	1	0	-0.480817994838106	-2.96822194563169
GDF11	ACVR1B	R-HSA-1502540	REACTOME_SIGNALING_BY_ACTIVIN	2.21608833858901e-21	2.63668102065106e-21	1.64965659784912	2.16622699841861	4.56423665282589e-08	1	6	11	0.00217573000579211	1	0	-2.97175511961335	4.47937893455755
ADAM17	ERBB4	R-HSA-8847993	REACTOME_ERBB2_ACTIVATES_PTK6_SIGNALING	2.37612620631106e-21	2.82339702161667e-21	1.4101160510875	6.58137366024069	3.79335903889578e-09	1	1	3	8.5562181979711e-05	1	0	5.53482763327679	-2.96822194563169
NAMPT	INSR	R-HSA-74749	REACTOME_SIGNAL_ATTENUATION	2.51116106937685e-21	2.97995484603597e-21	5.3595441620608	1.00993685694133	3.42806358424562e-11	1	4	8	0.00420962255403836	1	0	0.0678080694096571	-1.81952088489786
ABCA1	RXRA	R-HSA-200425	REACTOME_CARNITINE_METABOLISM	2.63038687373007e-21	3.11736853744541e-21	7.72041715625344	1.68361392236059	4.99146933785241e-12	1	3	6	0.00243696184771808	1	0	-6.41945330260141	6.75656281282435
FABP5	RXRA	R-HSA-1368082	REACTOME_RORA_ACTIVATES_GENE_EXPRESSION	5.99135057034307e-21	7.09132508911699e-21	9.57008852839852	1.68361392236059	5.81784655455214e-13	1	3	7	0.013807617409013	1	0	3.45004811875469	6.75656281282435
MMP7	ERBB4	R-HSA-6785631	REACTOME_ERBB2_REGULATES_CELL_MOTILITY	6.56420961078022e-21	7.75925427334099e-21	7.97883344922994	6.58137366024069	2.6200209606218e-09	1	2	4	8.5562181979711e-05	1	0	-1.49782869064644	-2.96822194563169
B2M	TYROBP	R-HSA-416700	REACTOME_OTHER_SEMAPHORIN_INTERACTIONS	6.76323082940189e-21	7.98412574535885e-21	3.89784702561476	11.4820516553354	3.42165243902634e-14	1	1	3	0.00582513648749556	1	0	0.546563503342828	6.56640279608026
UBC	ERBB4	R-HSA-9620244	REACTOME_LONG_TERM_POTENTIATION	6.77255086694773e-21	7.98475841511736e-21	4.10321008708002	6.58137366024069	5.91431630073125e-10	1	2	4	0.000141996616773961	1	0	-5.60109607146166	-2.96822194563169
VASP	ROBO1	R-HSA-428540	REACTOME_ACTIVATION_OF_RAC1	6.83851318002508e-21	8.0520835241487e-21	1.24720326234774	8.49956445559487	3.65452358061487e-14	1	4	8	0.020382164517106	1	0	0.487665222948153	4.89189834921981
NRG1	ERBB4	R-HSA-6785631	REACTOME_ERBB2_REGULATES_CELL_MOTILITY	8.70642677594369e-21	1.02382172565754e-20	8.70029753393485	6.58137366024069	3.47505975550041e-09	1	2	4	8.5562181979711e-05	1	0	-0.480817994838106	-2.96822194563169
ADAM17	ERBB4	R-HSA-6785631	REACTOME_ERBB2_REGULATES_CELL_MOTILITY	9.50389490561562e-21	1.11615509938044e-20	1.4101160510875	6.58137366024069	3.79335903889578e-09	1	2	4	8.5562181979711e-05	1	0	5.53482763327679	-2.96822194563169
TNF	TNFRSF1B	R-HSA-5669034	REACTOME_TNFS_BIND_THEIR_PHYSIOLOGICAL_RECEPTORS	1.06050359322727e-20	1.2438680854756e-20	13.8864726882537	6.69818524828608	8.51272336279243e-13	1	1	2	0.000111614806832031	1	0	5.98234032019044	5.65282494151214
FYN	CD86	R-HSA-389513	REACTOME_CTLA4_INHIBITORY_SIGNALING	1.1716840089461e-20	1.37250098470619e-20	2.13884060313412	6.25980915139201	1.16851805137742e-09	1	3	7	0.00343787065524005	1	0	-6.25875440017665	-3.04055219434815
IL12B	IL12RB1	R-HSA-447115	REACTOME_INTERLEUKIN_12_FAMILY_SIGNALING	1.4419428606283e-20	1.68690612652655e-20	6.7952033614266	6.16469475488222	4.74584280838846e-08	1	5	10	0.00336956045854014	1	0	6.76725355614135	3.30727641920942
GDF11	ACVR1B	R-HSA-1181150	REACTOME_SIGNALING_BY_NODAL	1.59724237743357e-20	1.86618678802971e-20	1.64965659784912	2.16622699841861	4.56423665282589e-08	1	5	10	0.00345001727374891	1	0	-2.97175511961335	4.47937893455755
MMP7	ERBB4	R-HSA-9620244	REACTOME_LONG_TERM_POTENTIATION	3.00021580281164e-20	3.50089366464157e-20	7.97883344922994	6.58137366024069	2.6200209606218e-09	1	2	4	0.000141996616773961	1	0	-1.49782869064644	-2.96822194563169
VASP	ROBO1	R-HSA-428543	REACTOME_INACTIVATION_OF_CDC42_AND_RAC1	3.10214522133577e-20	3.61519231563361e-20	1.24720326234774	8.49956445559487	3.65452358061487e-14	1	2	5	0.020382164517106	1	0	0.487665222948153	4.89189834921981
CD274	CD80	R-HSA-389513	REACTOME_CTLA4_INHIBITORY_SIGNALING	3.20798945651632e-20	3.73375469394793e-20	8.18201397707283	8.17616127802437	3.19932128453262e-09	1	3	7	0.00343787065524005	1	0	1.12077320161514	0.57093958009102
MMP7	CD44	R-HSA-1630316	REACTOME_GLYCOSAMINOGLYCAN_METABOLISM	3.88746448587951e-20	4.50727706334754e-20	7.97883344922994	1.28699130177455	2.71972289823834e-10	1	2	4	0.000329404628774962	1	0	-1.49782869064644	1.15591131949725
MMP7	CD44	R-HSA-2142845	REACTOME_HYALURONAN_METABOLISM	3.88746448587951e-20	4.50727706334754e-20	7.97883344922994	1.28699130177455	2.71972289823834e-10	1	2	4	0.000329404628774962	1	0	-1.49782869064644	1.15591131949725
MMP7	CD44	R-HSA-2160916	REACTOME_HYALURONAN_UPTAKE_AND_DEGRADATION	3.88746448587951e-20	4.50727706334754e-20	7.97883344922994	1.28699130177455	2.71972289823834e-10	1	2	4	0.000329404628774962	1	0	-1.49782869064644	1.15591131949725
GNAS	ADCY1	R-HSA-170660	REACTOME_ADENYLATE_CYCLASE_ACTIVATING_PATHWAY	3.8972445983307e-20	4.51286030558294e-20	3.70969835811646	9.201462497802	7.17504332726115e-13	1	2	5	0.0102301740028445	1	0	4.55564546302124	3.96421770987343
NRG1	ERBB4	R-HSA-9620244	REACTOME_LONG_TERM_POTENTIATION	3.97933045226201e-20	4.60205010318851e-20	8.70029753393485	6.58137366024069	3.47505975550041e-09	1	2	4	0.000141996616773961	1	0	-0.480817994838106	-2.96822194563169
FYN	CD80	R-HSA-389513	REACTOME_CTLA4_INHIBITORY_SIGNALING	4.05021562351924e-20	4.6780762411423e-20	2.13884060313412	8.17616127802437	4.03927170800093e-09	1	3	7	0.00343787065524005	1	0	-6.25875440017665	0.57093958009102
FYN	TYROBP	R-HSA-416700	REACTOME_OTHER_SEMAPHORIN_INTERACTIONS	4.23399563350144e-20	4.88413963306194e-20	2.13884060313412	11.4820516553354	2.14206225569241e-13	1	1	3	0.00582513648749556	1	0	-6.25875440017665	6.56640279608026
ADAM17	ERBB4	R-HSA-9620244	REACTOME_LONG_TERM_POTENTIATION	4.34381858209734e-20	5.00447540066728e-20	1.4101160510875	6.58137366024069	3.79335903889578e-09	1	2	4	0.000141996616773961	1	0	5.53482763327679	-2.96822194563169
CSF2	SDC2	R-HSA-9833110	REACTOME_RSV_HOST_INTERACTIONS	4.77667473826163e-20	5.49619916086053e-20	7.26648712311557	6.4543225009276	4.25406539449433e-10	1	1	2	1.05964588008889e-05	1	0	-6.41945330260141	6.36500079053041
SPP1	CD44	R-HSA-1630316	REACTOME_GLYCOSAMINOGLYCAN_METABOLISM	4.79620070948891e-20	5.49778870734606e-20	3.52628787401922	1.28699130177455	3.3554870897278e-10	1	2	4	0.000329404628774962	1	0	-4.21471412274633	1.15591131949725
SPP1	CD44	R-HSA-2142845	REACTOME_HYALURONAN_METABOLISM	4.79620070948891e-20	5.49778870734606e-20	3.52628787401922	1.28699130177455	3.3554870897278e-10	1	2	4	0.000329404628774962	1	0	-4.21471412274633	1.15591131949725
SPP1	CD44	R-HSA-2160916	REACTOME_HYALURONAN_UPTAKE_AND_DEGRADATION	4.79620070948891e-20	5.49778870734606e-20	3.52628787401922	1.28699130177455	3.3554870897278e-10	1	2	4	0.000329404628774962	1	0	-4.21471412274633	1.15591131949725
ABCA1	RXRA	R-HSA-1368082	REACTOME_RORA_ACTIVATES_GENE_EXPRESSION	5.14032853630223e-20	5.88483455856263e-20	7.72041715625344	1.68361392236059	4.99146933785241e-12	1	3	7	0.013807617409013	1	0	-6.41945330260141	6.75656281282435
UBC	TLR4	R-HSA-5603041	REACTOME_IRAK4_DEFICIENCY_TLR2_4	6.70350584042028e-20	7.6647632816881e-20	4.10321008708002	4.97971482845478	1.19712183675261e-12	1	3	7	0.019409798496347	1	0	-5.60109607146166	6.63556963125616
SEMA6D	TYROBP	R-HSA-416700	REACTOME_OTHER_SEMAPHORIN_INTERACTIONS	8.51974724850126e-20	9.72920885538649e-20	11.3717546305381	11.4820516553354	4.31030888757944e-13	1	1	3	0.00582513648749556	1	0	3.96826590256828	6.56640279608026
CD86	CD80	R-HSA-389513	REACTOME_CTLA4_INHIBITORY_SIGNALING	1.53946639120988e-19	1.75360269374659e-19	6.25980915139201	8.17616127802437	1.53530666449537e-08	1	3	7	0.00343787065524005	1	0	-3.04055219434815	0.57093958009102
CD80	CD86	R-HSA-389513	REACTOME_CTLA4_INHIBITORY_SIGNALING	1.53946639120988e-19	1.75360269374659e-19	8.17616127802437	6.25980915139201	1.53530666449537e-08	1	3	7	0.00343787065524005	1	0	0.57093958009102	-3.04055219434815
FABP5	RXRA	R-HSA-5362517	REACTOME_SIGNALING_BY_RETINOIC_ACID	1.91695192512558e-19	2.18086270330307e-19	9.57008852839852	1.68361392236059	5.81784655455214e-13	1	3	7	0.027745224083856	1	0	3.45004811875469	6.75656281282435
VEGFA	NRP1	R-HSA-399955	REACTOME_SEMA3A_PLEXIN_REPULSION_SIGNALING_BY_INHIBITING_INTEGRIN_ADHESION	2.35433045057141e-19	2.67510797446177e-19	4.02648845006077	1.87070556151693	1.25816181407744e-12	1	4	8	0.020382164517106	1	0	7.97551401221459	-4.05181724627992
VIM	CD44	R-HSA-1630316	REACTOME_GLYCOSAMINOGLYCAN_METABOLISM	2.57394110938152e-19	2.91371415744433e-19	1.03211033767015	1.28699130177455	1.80076412256102e-09	1	2	4	0.000329404628774962	1	0	4.82783652985955	1.15591131949725
VIM	CD44	R-HSA-2142845	REACTOME_HYALURONAN_METABOLISM	2.57394110938152e-19	2.91371415744433e-19	1.03211033767015	1.28699130177455	1.80076412256102e-09	1	2	4	0.000329404628774962	1	0	4.82783652985955	1.15591131949725
VIM	CD44	R-HSA-2160916	REACTOME_HYALURONAN_UPTAKE_AND_DEGRADATION	2.57394110938152e-19	2.91371415744433e-19	1.03211033767015	1.28699130177455	1.80076412256102e-09	1	2	4	0.000329404628774962	1	0	4.82783652985955	1.15591131949725
B2M	TFRC	R-HSA-9013409	REACTOME_RHOJ_GTPASE_CYCLE	2.69678476133166e-19	3.04897680105781e-19	3.89784702561476	1.01174550518786	6.38206383449392e-09	1	6	11	0.0067448413955069	1	0	0.546563503342828	4.81093271457256
TGFB1	CXCR4	R-HSA-9823730	REACTOME_FORMATION_OF_DEFINITIVE_ENDODERM	4.98465486307632e-19	5.62863511867873e-19	3.14112209804367	5.247457689196	3.00809183001975e-14	1	4	8	0.0507548768766244	1	0	5.19755832572095	-3.35035647540864
IL23A	IL12RB1	R-HSA-9020933	REACTOME_INTERLEUKIN_23_SIGNALING	5.63856282095777e-19	6.35912357847471e-19	10.9651006088555	6.16469475488222	3.69392095591138e-12	1	2	4	0.00336956045854014	1	0	-2.37576761093819	3.30727641920942
HBEGF	ERBB4	R-HSA-1963640	REACTOME_GRB2_EVENTS_IN_ERBB2_SIGNALING	6.05158652411963e-19	6.81647106620166e-19	4.89501697871428	6.58137366024069	1.23024671338808e-12	1	3	7	0.0300843466644167	1	0	5.84427041608315	-2.96822194563169
MMP12	PLAUR	R-HSA-163125	REACTOME_POST_TRANSLATIONAL_MODIFICATION_SYNTHESIS_OF_GPI_ANCHORED_PROTEINS	7.38867740683878e-19	8.31226208269363e-19	7.19928683407743	6.12805463547983	2.9657825708723e-11	1	4	8	0.013570960483065	1	0	7.67375972962699	-5.67788443585804
TYROBP	TREM2	R-HSA-416700	REACTOME_OTHER_SEMAPHORIN_INTERACTIONS	1.58416166629756e-18	1.77997893036401e-18	11.4820516553354	16.2569244704046	4.6686066963932e-14	1	1	2	0.00582513648749556	1	0	6.56640279608026	-1.20411008852934
ABCA1	RXRA	R-HSA-5362517	REACTOME_SIGNALING_BY_RETINOIC_ACID	1.64466468248716e-18	1.84567925479115e-18	7.72041715625344	1.68361392236059	4.99146933785241e-12	1	3	7	0.027745224083856	1	0	-6.41945330260141	6.75656281282435
APOE	SORL1	R-HSA-977225	REACTOME_AMYLOID_FIBER_FORMATION	1.99684979365971e-18	2.238146069589e-18	2.66987736118126	4.63969220107198	4.22130137035999e-09	1	6	12	0.0181426445141453	1	0	2.3441109671766	1.17234826759686
HBEGF	ERBB4	R-HSA-1253288	REACTOME_DOWNREGULATION_OF_ERBB4_SIGNALING	2.43636468907897e-18	2.72740825415367e-18	4.89501697871428	6.58137366024069	1.23024671338808e-12	1	3	6	0.0192099672822147	1	0	5.84427041608315	-2.96822194563169
FYN	NRP1	R-HSA-399955	REACTOME_SEMA3A_PLEXIN_REPULSION_SIGNALING_BY_INHIBITING_INTEGRIN_ADHESION	2.59017026685033e-18	2.89602063046366e-18	2.13884060313412	1.87070556151693	1.38419537534288e-11	1	4	8	0.020382164517106	1	0	-6.25875440017665	-4.05181724627992
UBC	TLR4	R-HSA-2562578	REACTOME_TRIF_MEDIATED_PROGRAMMED_CELL_DEATH	3.86695111773235e-18	4.31825376660775e-18	4.10321008708002	4.97971482845478	1.19712183675261e-12	1	2	5	0.0285148133638229	1	0	-5.60109607146166	6.63556963125616
HBEGF	ERBB4	R-HSA-8863795	REACTOME_DOWNREGULATION_OF_ERBB2_SIGNALING	9.5194284986453e-18	1.06173748530903e-17	4.89501697871428	6.58137366024069	1.23024671338808e-12	1	6	12	0.075299626758513	1	0	5.84427041608315	-2.96822194563169
AKAP9	KCNQ1	R-HSA-397014	REACTOME_MUSCLE_CONTRACTION	1.37815662015786e-17	1.53334683931884e-17	1.13410316158503	4.89371582713568	1.46478713433963e-05	1	2	5	0.000658712255591799	1	0	-0.25035813606509	-5.64360689156329
AKAP9	KCNQ1	R-HSA-5576891	REACTOME_CARDIAC_CONDUCTION	1.37815662015786e-17	1.53334683931884e-17	1.13410316158503	4.89371582713568	1.46478713433963e-05	1	2	5	0.000658712255591799	1	0	-0.25035813606509	-5.64360689156329
HBEGF	ERBB4	R-HSA-1250347	REACTOME_SHC1_EVENTS_IN_ERBB4_SIGNALING	1.43978086455461e-17	1.59995208542804e-17	4.89501697871428	6.58137366024069	1.23024671338808e-12	1	3	6	0.0300843466644167	1	0	5.84427041608315	-2.96822194563169
VEGFB	NRP1	R-HSA-399955	REACTOME_SEMA3A_PLEXIN_REPULSION_SIGNALING_BY_INHIBITING_INTEGRIN_ADHESION	1.92508947095873e-17	2.13663776447068e-17	1.35841845472351	1.87070556151693	1.02877404506023e-10	1	4	8	0.020382164517106	1	0	4.69895678266557	-4.05181724627992
EFNB2	PECAM1	R-HSA-418346	REACTOME_PLATELET_HOMEOSTASIS	8.84544485325876e-17	9.79355587285287e-17	2.80254702941213	11.4400409772757	3.38602679511419e-11	1	2	5	0.0270326491969878	1	0	-1.79278889076211	4.5471791287388
EFNB2	PECAM1	R-HSA-432142	REACTOME_PLATELET_SENSITIZATION_BY_LDL	8.84544485325876e-17	9.79355587285287e-17	2.80254702941213	11.4400409772757	3.38602679511419e-11	1	2	5	0.0270326491969878	1	0	-1.79278889076211	4.5471791287388
FABP5	RXRA	R-HSA-9029558	REACTOME_NR1H2_NR1H3_REGULATE_GENE_EXPRESSION_LINKED_TO_LIPOGENESIS	1.45299305291574e-16	1.60677698917325e-16	9.57008852839852	1.68361392236059	5.81784655455214e-13	1	3	7	0.107481407295116	1	0	3.45004811875469	6.75656281282435
UBC	ERBB4	R-HSA-1963640	REACTOME_GRB2_EVENTS_IN_ERBB2_SIGNALING	2.90925360217533e-16	3.21325823132123e-16	4.10321008708002	6.58137366024069	5.91431630073125e-10	1	3	7	0.0300843466644167	1	0	-5.60109607146166	-2.96822194563169
B2M	TREM2	R-HSA-416700	REACTOME_OTHER_SEMAPHORIN_INTERACTIONS	3.63173853280954e-16	4.00637175524741e-16	3.89784702561476	16.2569244704046	1.07029220530571e-11	1	1	2	0.00582513648749556	1	0	0.546563503342828	-1.20411008852934
FABP5	RXRA	R-HSA-192105	REACTOME_SYNTHESIS_OF_BILE_ACIDS_AND_BILE_SALTS	4.30302577995221e-16	4.73541214767138e-16	9.57008852839852	1.68361392236059	5.81784655455214e-13	1	3	6	0.0868649996711811	1	0	3.45004811875469	6.75656281282435
FABP5	RXRA	R-HSA-193368	REACTOME_SYNTHESIS_OF_BILE_ACIDS_AND_BILE_SALTS_VIA_7ALPHA_HYDROXYCHOLESTEROL	4.30302577995221e-16	4.73541214767138e-16	9.57008852839852	1.68361392236059	5.81784655455214e-13	1	3	6	0.0868649996711811	1	0	3.45004811875469	6.75656281282435
FABP5	RXRA	R-HSA-9623433	REACTOME_NR1H2_NR1H3_REGULATE_GENE_EXPRESSION_TO_CONTROL_BILE_ACID_HOMEOSTASIS	9.73315277511025e-16	1.06982295919894e-15	9.57008852839852	1.68361392236059	5.81784655455214e-13	1	3	6	0.107481407295116	1	0	3.45004811875469	6.75656281282435
UBC	ERBB4	R-HSA-1253288	REACTOME_DOWNREGULATION_OF_ERBB4_SIGNALING	1.17126355537764e-15	1.28584368579502e-15	4.10321008708002	6.58137366024069	5.91431630073125e-10	1	3	6	0.0192099672822147	1	0	-5.60109607146166	-2.96822194563169
ABCA1	RXRA	R-HSA-9029558	REACTOME_NR1H2_NR1H3_REGULATE_GENE_EXPRESSION_LINKED_TO_LIPOGENESIS	1.24660734925481e-15	1.36690721408037e-15	7.72041715625344	1.68361392236059	4.99146933785241e-12	1	3	7	0.107481407295116	1	0	-6.41945330260141	6.75656281282435
MMP7	ERBB4	R-HSA-1963640	REACTOME_GRB2_EVENTS_IN_ERBB2_SIGNALING	1.28878893685842e-15	1.41145679952326e-15	7.97883344922994	6.58137366024069	2.6200209606218e-09	1	3	7	0.0300843466644167	1	0	-1.49782869064644	-2.96822194563169
NRG1	ERBB4	R-HSA-1963640	REACTOME_GRB2_EVENTS_IN_ERBB2_SIGNALING	1.70938272446032e-15	1.86983020040245e-15	8.70029753393485	6.58137366024069	3.47505975550041e-09	1	3	7	0.0300843466644167	1	0	-0.480817994838106	-2.96822194563169
SPP1	ITGA5	R-HSA-8941332	REACTOME_RUNX2_REGULATES_GENES_INVOLVED_IN_CELL_MIGRATION	1.81778342600165e-15	1.98601578634074e-15	3.52628787401922	2.81843843329586	4.97216305314355e-10	1	1	2	0.00191204623022894	1	0	-4.21471412274633	-4.94117284223112
ADAM17	ERBB4	R-HSA-1963640	REACTOME_GRB2_EVENTS_IN_ERBB2_SIGNALING	1.86595421805347e-15	2.03619733998872e-15	1.4101160510875	6.58137366024069	3.79335903889578e-09	1	3	7	0.0300843466644167	1	0	5.53482763327679	-2.96822194563169
FABP5	RXRA	R-HSA-194068	REACTOME_BILE_ACID_AND_BILE_SALT_METABOLISM	1.99573063907538e-15	2.17520281884835e-15	9.57008852839852	1.68361392236059	5.81784655455214e-13	1	3	7	0.187058866433601	1	0	3.45004811875469	6.75656281282435
ADAM17	ITGA5	R-HSA-8941332	REACTOME_RUNX2_REGULATES_GENES_INVOLVED_IN_CELL_MIGRATION	2.13319427492462e-15	2.32224382743291e-15	1.4101160510875	2.81843843329586	5.83490288625171e-10	1	1	2	0.00191204623022894	1	0	5.53482763327679	-4.94117284223112
FYN	TREM2	R-HSA-416700	REACTOME_OTHER_SEMAPHORIN_INTERACTIONS	2.27358277098674e-15	2.47211332395568e-15	2.13884060313412	16.2569244704046	6.70036649368028e-11	1	1	2	0.00582513648749556	1	0	-6.25875440017665	-1.20411008852934
FYN	CSF1R	R-HSA-449836	REACTOME_OTHER_INTERLEUKIN_SIGNALING	2.2949419858735e-15	2.49235635024972e-15	2.13884060313412	12.1096745040454	8.31282764673178e-13	1	1	2	0.0525425888885993	1	0	-6.25875440017665	4.07702539487887
NAMPT	INSR	R-HSA-74713	REACTOME_IRS_ACTIVATION	2.39121850145274e-15	2.59381577305554e-15	5.3595441620608	1.00993685694133	3.42806358424562e-11	1	1	3	0.0411645587537088	1	0	0.0678080694096571	-1.81952088489786
FABP5	RXRA	R-HSA-9031525	REACTOME_NR1H2_NR1H3_REGULATE_GENE_EXPRESSION_TO_LIMIT_CHOLESTEROL_UPTAKE	2.65657183278706e-15	2.8782166817681e-15	9.57008852839852	1.68361392236059	5.81784655455214e-13	1	2	4	0.107481407295116	1	0	3.45004811875469	6.75656281282435
FYN	CD86	R-HSA-389359	REACTOME_CD28_DEPENDENT_VAV1_PATHWAY	2.92720507628951e-15	3.16765406469901e-15	2.13884060313412	6.25980915139201	1.16851805137742e-09	1	3	6	0.020382164517106	1	0	-6.25875440017665	-3.04055219434815
ABCA1	RXRA	R-HSA-192105	REACTOME_SYNTHESIS_OF_BILE_ACIDS_AND_BILE_SALTS	3.69181638587808e-15	3.98558324793726e-15	7.72041715625344	1.68361392236059	4.99146933785241e-12	1	3	6	0.0868649996711811	1	0	-6.41945330260141	6.75656281282435
ABCA1	RXRA	R-HSA-193368	REACTOME_SYNTHESIS_OF_BILE_ACIDS_AND_BILE_SALTS_VIA_7ALPHA_HYDROXYCHOLESTEROL	3.69181638587808e-15	3.98558324793726e-15	7.72041715625344	1.68361392236059	4.99146933785241e-12	1	3	6	0.0868649996711811	1	0	-6.41945330260141	6.75656281282435
SEMA6D	TREM2	R-HSA-416700	REACTOME_OTHER_SEMAPHORIN_INTERACTIONS	4.57495761310817e-15	4.92883916113899e-15	11.3717546305381	16.2569244704046	1.3482637664242e-10	1	1	2	0.00582513648749556	1	0	3.96826590256828	-1.20411008852934
UBC	ERBB4	R-HSA-8863795	REACTOME_DOWNREGULATION_OF_ERBB2_SIGNALING	4.57639191639307e-15	4.92883916113899e-15	4.10321008708002	6.58137366024069	5.91431630073125e-10	1	6	12	0.075299626758513	1	0	-5.60109607146166	-2.96822194563169
IL23A	IL12RB1	R-HSA-9020591	REACTOME_INTERLEUKIN_12_SIGNALING	4.65553902866424e-15	5.00814790184118e-15	10.9651006088555	6.16469475488222	3.69392095591138e-12	1	2	4	0.0692676562940482	1	0	-2.37576761093819	3.30727641920942
FYN	SPN	R-HSA-210991	REACTOME_BASIGIN_INTERACTIONS	4.93034417349937e-15	5.29749746301528e-15	2.13884060313412	3.12833978860808	1.48470474315888e-12	1	1	2	0.0576260127021406	1	0	-6.25875440017665	5.24858246984573
MMP7	ERBB4	R-HSA-1253288	REACTOME_DOWNREGULATION_OF_ERBB4_SIGNALING	5.18865564413998e-15	5.56846278692237e-15	7.97883344922994	6.58137366024069	2.6200209606218e-09	1	3	6	0.0192099672822147	1	0	-1.49782869064644	-2.96822194563169
NRG1	ERBB4	R-HSA-1253288	REACTOME_DOWNREGULATION_OF_ERBB4_SIGNALING	6.88196342132381e-15	7.37701031837659e-15	8.70029753393485	6.58137366024069	3.47505975550041e-09	1	3	6	0.0192099672822147	1	0	-0.480817994838106	-2.96822194563169
UBC	ERBB4	R-HSA-1250347	REACTOME_SHC1_EVENTS_IN_ERBB4_SIGNALING	6.92163559068993e-15	7.41079711653374e-15	4.10321008708002	6.58137366024069	5.91431630073125e-10	1	3	6	0.0300843466644167	1	0	-5.60109607146166	-2.96822194563169
IL12B	IL12RB1	R-HSA-9020933	REACTOME_INTERLEUKIN_23_SIGNALING	7.24426243357086e-15	7.74709947307755e-15	6.7952033614266	6.16469475488222	4.74584280838846e-08	1	2	4	0.00336956045854014	1	0	6.76725355614135	3.30727641920942
ADAM17	ERBB4	R-HSA-1253288	REACTOME_DOWNREGULATION_OF_ERBB4_SIGNALING	7.51231920783749e-15	8.02432216207318e-15	1.4101160510875	6.58137366024069	3.79335903889578e-09	1	3	6	0.0192099672822147	1	0	5.53482763327679	-2.96822194563169
CD274	CD80	R-HSA-389359	REACTOME_CD28_DEPENDENT_VAV1_PATHWAY	8.01448423815587e-15	8.55066452169446e-15	8.18201397707283	8.17616127802437	3.19932128453262e-09	1	3	6	0.020382164517106	1	0	1.12077320161514	0.57093958009102
ABCA1	RXRA	R-HSA-9623433	REACTOME_NR1H2_NR1H3_REGULATE_GENE_EXPRESSION_TO_CONTROL_BILE_ACID_HOMEOSTASIS	8.35063853645e-15	8.8988633407187e-15	7.72041715625344	1.68361392236059	4.99146933785241e-12	1	3	6	0.107481407295116	1	0	-6.41945330260141	6.75656281282435
IL1B	IL1RAP	R-HSA-199418	REACTOME_NEGATIVE_REGULATION_OF_THE_PI3K_AKT_NETWORK	8.82372296027435e-15	9.39199551626391e-15	20.3246827538021	2.02665274531631	8.34828017999305e-13	1	2	4	0.143602370703585	1	0	6.57811016167277	-2.95384539758806
FYN	CD80	R-HSA-389359	REACTOME_CD28_DEPENDENT_VAV1_PATHWAY	1.01186084667116e-14	1.07576784751355e-14	2.13884060313412	8.17616127802437	4.03927170800093e-09	1	3	6	0.020382164517106	1	0	-6.25875440017665	0.57093958009102
ABCA1	RXRA	R-HSA-194068	REACTOME_BILE_ACID_AND_BILE_SALT_METABOLISM	1.71225352854364e-14	1.81826922598852e-14	7.72041715625344	1.68361392236059	4.99146933785241e-12	1	3	7	0.187058866433601	1	0	-6.41945330260141	6.75656281282435
MMP7	ERBB4	R-HSA-8863795	REACTOME_DOWNREGULATION_OF_ERBB2_SIGNALING	2.02732524526758e-14	2.15033681207495e-14	7.97883344922994	6.58137366024069	2.6200209606218e-09	1	6	12	0.075299626758513	1	0	-1.49782869064644	-2.96822194563169
LPL	VLDLR	R-HSA-8866427	REACTOME_VLDLR_INTERNALISATION_AND_DEGRADATION	2.18323805938382e-14	2.31301095102551e-14	14.099600435784	1.87722169347299	1.14191256443996e-11	1	6	12	0.177665995642482	1	0	6.88280044878832	3.8795887446574
ABCA1	RXRA	R-HSA-9031525	REACTOME_NR1H2_NR1H3_REGULATE_GENE_EXPRESSION_TO_LIMIT_CHOLESTEROL_UPTAKE	2.27922767003603e-14	2.41189517120227e-14	7.72041715625344	1.68361392236059	4.99146933785241e-12	1	2	4	0.107481407295116	1	0	-6.41945330260141	6.75656281282435
NRG1	ERBB4	R-HSA-8863795	REACTOME_DOWNREGULATION_OF_ERBB2_SIGNALING	2.68893893485012e-14	2.84214592067297e-14	8.70029753393485	6.58137366024069	3.47505975550041e-09	1	6	12	0.075299626758513	1	0	-0.480817994838106	-2.96822194563169
ADAM17	ERBB4	R-HSA-8863795	REACTOME_DOWNREGULATION_OF_ERBB2_SIGNALING	2.93523321358935e-14	3.0988699084236e-14	1.4101160510875	6.58137366024069	3.79335903889578e-09	1	6	12	0.075299626758513	1	0	5.53482763327679	-2.96822194563169
MMP7	ERBB4	R-HSA-1250347	REACTOME_SHC1_EVENTS_IN_ERBB4_SIGNALING	3.06625980202501e-14	3.23344566130015e-14	7.97883344922994	6.58137366024069	2.6200209606218e-09	1	3	6	0.0300843466644167	1	0	-1.49782869064644	-2.96822194563169
CD86	CD80	R-HSA-389359	REACTOME_CD28_DEPENDENT_VAV1_PATHWAY	3.84603169516666e-14	4.04634584595659e-14	6.25980915139201	8.17616127802437	1.53530666449537e-08	1	3	6	0.020382164517106	1	0	-3.04055219434815	0.57093958009102
CD80	CD86	R-HSA-389359	REACTOME_CD28_DEPENDENT_VAV1_PATHWAY	3.84603169516666e-14	4.04634584595659e-14	8.17616127802437	6.25980915139201	1.53530666449537e-08	1	3	6	0.020382164517106	1	0	0.57093958009102	-3.04055219434815
NRG1	ERBB4	R-HSA-1250347	REACTOME_SHC1_EVENTS_IN_ERBB4_SIGNALING	4.06692778343153e-14	4.27380041056562e-14	8.70029753393485	6.58137366024069	3.47505975550041e-09	1	3	6	0.0300843466644167	1	0	-0.480817994838106	-2.96822194563169
ADAM17	ERBB4	R-HSA-1250347	REACTOME_SHC1_EVENTS_IN_ERBB4_SIGNALING	4.43943942068841e-14	4.65987347968333e-14	1.4101160510875	6.58137366024069	3.79335903889578e-09	1	3	6	0.0300843466644167	1	0	5.53482763327679	-2.96822194563169
SPP1	ITGA4	R-HSA-198933	REACTOME_IMMUNOREGULATORY_INTERACTIONS_BETWEEN_A_LYMPHOID_AND_A_NON_LYMPHOID_CELL	6.50496803649163e-14	6.82008759535282e-14	3.52628787401922	11.6075982897741	1.74093378109224e-11	1	1	2	0.061126771323734	1	0	-4.21471412274633	6.05087903182527
TGM2	ITGA4	R-HSA-198933	REACTOME_IMMUNOREGULATORY_INTERACTIONS_BETWEEN_A_LYMPHOID_AND_A_NON_LYMPHOID_CELL	6.51458492901353e-14	6.82230149824113e-14	1.98540366080875	11.6075982897741	1.74350756361763e-11	1	1	2	0.061126771323734	1	0	-5.06651626145377	6.05087903182527
IL33	IL1RAP	R-HSA-199418	REACTOME_NEGATIVE_REGULATION_OF_THE_PI3K_AKT_NETWORK	8.28895741473319e-14	8.67049745683828e-14	5.0787758300266	2.02665274531631	7.8423290497407e-12	1	2	4	0.143602370703585	1	0	-6.41945330260141	-2.95384539758806
FABP5	RXRA	R-HSA-9031528	REACTOME_NR1H2_NR1H3_REGULATE_GENE_EXPRESSION_LINKED_TO_TRIGLYCERIDE_LIPOLYSIS_IN_ADIPOSE	8.80642459875035e-14	9.1906314124731e-14	9.57008852839852	1.68361392236059	5.81784655455214e-13	1	1	3	0.532940984025426	1	0	3.45004811875469	6.75656281282435
FABP5	RXRA	R-HSA-9632974	REACTOME_NR1H2_NR1H3_REGULATE_GENE_EXPRESSION_LINKED_TO_GLUCONEOGENESIS	8.80642459875035e-14	9.1906314124731e-14	9.57008852839852	1.68361392236059	5.81784655455214e-13	1	1	3	0.532940984025426	1	0	3.45004811875469	6.75656281282435
B2M	TFRC	R-HSA-917937	REACTOME_IRON_UPTAKE_AND_TRANSPORT	1.16707378810891e-13	1.21659412086124e-13	3.89784702561476	1.01174550518786	6.38206383449392e-09	1	4	9	0.0803744793774152	1	0	0.546563503342828	4.81093271457256
MMP12	PLAUR	R-HSA-75205	REACTOME_DISSOLUTION_OF_FIBRIN_CLOT	1.9318649540016e-13	2.01152948818724e-13	7.19928683407743	6.12805463547983	2.9657825708723e-11	1	1	3	0.186757973078221	1	0	7.67375972962699	-5.67788443585804
CSF2	CSF1R	R-HSA-449836	REACTOME_OTHER_INTERLEUKIN_SIGNALING	2.13181204106127e-13	2.21718208847219e-13	7.26648712311557	12.1096745040454	7.72193204954795e-11	1	1	2	0.0525425888885993	1	0	-6.41945330260141	4.07702539487887
TGFB1	TGFBR1	R-HSA-2173791	REACTOME_TGF_BETA_RECEPTOR_SIGNALING_IN_EMT_EPITHELIAL_TO_MESENCHYMAL_TRANSITION	2.88049701213236e-13	2.99242489603236e-13	3.14112209804367	1.45796522957666	1.88721421067582e-09	1	4	8	0.0803744793774152	1	0	5.19755832572095	-6.41945330260141
FABP5	RXRA	R-HSA-193807	REACTOME_SYNTHESIS_OF_BILE_ACIDS_AND_BILE_SALTS_VIA_27_HYDROXYCHOLESTEROL	3.23598392720392e-13	3.35788743131091e-13	9.57008852839852	1.68361392236059	5.81784655455214e-13	1	1	3	0.822396710322007	1	0	3.45004811875469	6.75656281282435
FABP5	RXRA	R-HSA-159418	REACTOME_RECYCLING_OF_BILE_ACIDS_AND_SALTS	3.41858639672906e-13	3.54332387072602e-13	9.57008852839852	1.68361392236059	5.81784655455214e-13	1	1	3	0.837583472682123	1	0	3.45004811875469	6.75656281282435
HBEGF	ERBB4	R-HSA-1250342	REACTOME_PI3K_EVENTS_IN_ERBB4_SIGNALING	3.92007112105004e-13	4.05847909912811e-13	4.89501697871428	6.58137366024069	1.23024671338808e-12	1	1	2	0.564482999009803	1	0	5.84427041608315	-2.96822194563169
FABP5	RXRA	R-HSA-211976	REACTOME_ENDOGENOUS_STEROLS	3.93482109861173e-13	4.06911533405923e-13	9.57008852839852	1.68361392236059	5.81784655455214e-13	1	1	2	0.822396710322007	1	0	3.45004811875469	6.75656281282435
HSPH1	SCARF1	R-HSA-2173782	REACTOME_BINDING_AND_UPTAKE_OF_LIGANDS_BY_SCAVENGER_RECEPTORS	5.54053140079325e-13	5.72311709468303e-13	2.9357031375172	3.0504680951949	8.909169406995e-12	1	2	5	0.363956791469332	1	0	-2.34549229844067	4.8249499946785
ABCA1	RXRA	R-HSA-9031528	REACTOME_NR1H2_NR1H3_REGULATE_GENE_EXPRESSION_LINKED_TO_TRIGLYCERIDE_LIPOLYSIS_IN_ADIPOSE	7.55554446969347e-13	7.78683664733715e-13	7.72041715625344	1.68361392236059	4.99146933785241e-12	1	1	3	0.532940984025426	1	0	-6.41945330260141	6.75656281282435
ABCA1	RXRA	R-HSA-9632974	REACTOME_NR1H2_NR1H3_REGULATE_GENE_EXPRESSION_LINKED_TO_GLUCONEOGENESIS	7.55554446969347e-13	7.78683664733715e-13	7.72041715625344	1.68361392236059	4.99146933785241e-12	1	1	3	0.532940984025426	1	0	-6.41945330260141	6.75656281282435
GDF11	ACVR1B	R-HSA-1433617	REACTOME_REGULATION_OF_SIGNALING_BY_NODAL	8.93665390695492e-13	9.19979433909629e-13	1.64965659784912	2.16622699841861	4.56423665282589e-08	1	1	3	0.0269526990247105	1	0	-2.97175511961335	4.47937893455755
SPP1	ITGA5	R-HSA-1566977	REACTOME_FIBRONECTIN_MATRIX_FORMATION	1.85783986066554e-12	1.91038058070698e-12	3.52628787401922	2.81843843329586	4.97216305314355e-10	1	1	2	0.061126771323734	1	0	-4.21471412274633	-4.94117284223112
ADAM17	ITGA5	R-HSA-1566977	REACTOME_FIBRONECTIN_MATRIX_FORMATION	2.18020106125387e-12	2.23932515783024e-12	1.4101160510875	2.81843843329586	5.83490288625171e-10	1	1	2	0.061126771323734	1	0	5.53482763327679	-4.94117284223112
UBC	TGFBR1	R-HSA-2173791	REACTOME_TGF_BETA_RECEPTOR_SIGNALING_IN_EMT_EPITHELIAL_TO_MESENCHYMAL_TRANSITION	2.35623670189503e-12	2.41740311740698e-12	4.10321008708002	1.45796522957666	1.54373476827196e-08	1	4	8	0.0803744793774152	1	0	-5.60109607146166	-6.41945330260141
ABCA1	RXRA	R-HSA-193807	REACTOME_SYNTHESIS_OF_BILE_ACIDS_AND_BILE_SALTS_VIA_27_HYDROXYCHOLESTEROL	2.77633904554999e-12	2.84519976595822e-12	7.72041715625344	1.68361392236059	4.99146933785241e-12	1	1	3	0.822396710322007	1	0	-6.41945330260141	6.75656281282435
ABCA1	RXRA	R-HSA-159418	REACTOME_RECYCLING_OF_BILE_ACIDS_AND_SALTS	2.93300433726996e-12	3.00236592632702e-12	7.72041715625344	1.68361392236059	4.99146933785241e-12	1	1	3	0.837583472682123	1	0	-6.41945330260141	6.75656281282435
HSPH1	SCARF1	R-HSA-3000484	REACTOME_SCAVENGING_BY_CLASS_F_RECEPTORS	3.27737659026085e-12	3.35110834707212e-12	2.9357031375172	3.0504680951949	8.909169406995e-12	1	1	3	0.716522297981252	1	0	-2.34549229844067	4.8249499946785
ABCA1	RXRA	R-HSA-211976	REACTOME_ENDOGENOUS_STEROLS	3.37591214884958e-12	3.44798218348794e-12	7.72041715625344	1.68361392236059	4.99146933785241e-12	1	1	2	0.822396710322007	1	0	-6.41945330260141	6.75656281282435
B2M	TFRC	R-HSA-9013423	REACTOME_RAC3_GTPASE_CYCLE	4.33806967227099e-12	4.42570744342798e-12	3.89784702561476	1.01174550518786	6.38206383449392e-09	1	3	7	0.132530321527054	1	0	0.546563503342828	4.81093271457256
ADAM28	ITGA4	R-HSA-198933	REACTOME_IMMUNOREGULATORY_INTERACTIONS_BETWEEN_A_LYMPHOID_AND_A_NON_LYMPHOID_CELL	4.61300273968144e-12	4.70091871117761e-12	13.6430612190813	11.6075982897741	1.23458443711491e-09	1	1	2	0.061126771323734	1	0	6.5282983767433	6.05087903182527
TGFB1	TGFBR1	R-HSA-3304349	REACTOME_LOSS_OF_FUNCTION_OF_SMAD2_3_IN_CANCER	1.68664624168633e-11	1.71494567527167e-11	3.14112209804367	1.45796522957666	1.88721421067582e-09	1	2	5	0.215581575524184	1	0	5.19755832572095	-6.41945330260141
TGFB1	TGFBR1	R-HSA-3304351	REACTOME_SIGNALING_BY_TGF_BETA_RECEPTOR_COMPLEX_IN_CANCER	1.68664624168633e-11	1.71494567527167e-11	3.14112209804367	1.45796522957666	1.88721421067582e-09	1	2	5	0.215581575524184	1	0	5.19755832572095	-6.41945330260141
IL12B	IL12RB1	R-HSA-9020591	REACTOME_INTERLEUKIN_12_SIGNALING	5.98130189629538e-11	6.07486416059498e-11	6.7952033614266	6.16469475488222	4.74584280838846e-08	1	2	4	0.0692676562940482	1	0	6.76725355614135	3.30727641920942
IL36G	IL1RAP	R-HSA-199418	REACTOME_NEGATIVE_REGULATION_OF_THE_PI3K_AKT_NETWORK	6.55217669811839e-11	6.64724176181877e-11	14.6325332272826	2.02665274531631	6.19913013032918e-09	1	2	4	0.143602370703585	1	0	3.68824933688231	-2.95384539758806
TFPI	VLDLR	R-HSA-8866427	REACTOME_VLDLR_INTERNALISATION_AND_DEGRADATION	6.9482716648441e-11	7.04122513193232e-11	3.88543229085374	1.87722169347299	3.63419769141757e-08	1	6	12	0.177665995642482	1	0	0.605042638409635	3.8795887446574
APOE	VLDLR	R-HSA-8866427	REACTOME_VLDLR_INTERNALISATION_AND_DEGRADATION	1.07246627108428e-10	1.08560338576349e-10	2.66987736118126	1.87722169347299	5.60938695908798e-08	1	6	12	0.177665995642482	1	0	2.3441109671766	3.8795887446574
UBC	TGFBR1	R-HSA-3304349	REACTOME_LOSS_OF_FUNCTION_OF_SMAD2_3_IN_CANCER	1.37967085577106e-10	1.39346756432878e-10	4.10321008708002	1.45796522957666	1.54373476827196e-08	1	2	5	0.215581575524184	1	0	-5.60109607146166	-6.41945330260141
UBC	TGFBR1	R-HSA-3304351	REACTOME_SIGNALING_BY_TGF_BETA_RECEPTOR_COMPLEX_IN_CANCER	1.37967085577106e-10	1.39346756432878e-10	4.10321008708002	1.45796522957666	1.54373476827196e-08	1	2	5	0.215581575524184	1	0	-5.60109607146166	-6.41945330260141
UBC	ERBB4	R-HSA-1250342	REACTOME_PI3K_EVENTS_IN_ERBB4_SIGNALING	1.88454399259497e-10	1.90127690262911e-10	4.10321008708002	6.58137366024069	5.91431630073125e-10	1	1	2	0.564482999009803	1	0	-5.60109607146166	-2.96822194563169
FYN	CD86	R-HSA-389357	REACTOME_CD28_DEPENDENT_PI3K_AKT_SIGNALING	3.72337826045899e-10	3.75227365715878e-10	2.13884060313412	6.25980915139201	1.16851805137742e-09	1	1	2	0.564482999009803	1	0	-6.25875440017665	-3.04055219434815
MMP7	ERBB4	R-HSA-1250342	REACTOME_PI3K_EVENTS_IN_ERBB4_SIGNALING	8.34846246082955e-10	8.40393397219718e-10	7.97883344922994	6.58137366024069	2.6200209606218e-09	1	1	2	0.564482999009803	1	0	-1.49782869064644	-2.96822194563169
CD274	CD80	R-HSA-389357	REACTOME_CD28_DEPENDENT_PI3K_AKT_SIGNALING	1.01943511313416e-09	1.02507358168025e-09	8.18201397707283	8.17616127802437	3.19932128453262e-09	1	1	2	0.564482999009803	1	0	1.12077320161514	0.57093958009102
NRG1	ERBB4	R-HSA-1250342	REACTOME_PI3K_EVENTS_IN_ERBB4_SIGNALING	1.10729671075034e-09	1.11219083985863e-09	8.70029753393485	6.58137366024069	3.47505975550041e-09	1	1	2	0.564482999009803	1	0	-0.480817994838106	-2.96822194563169
ADAM17	ERBB4	R-HSA-1250342	REACTOME_PI3K_EVENTS_IN_ERBB4_SIGNALING	1.20871993058994e-09	1.21272231446607e-09	1.4101160510875	6.58137366024069	3.79335903889578e-09	1	1	2	0.564482999009803	1	0	5.53482763327679	-2.96822194563169
FYN	CD80	R-HSA-389357	REACTOME_CD28_DEPENDENT_PI3K_AKT_SIGNALING	1.28707780319946e-09	1.28991590199373e-09	2.13884060313412	8.17616127802437	4.03927170800093e-09	1	1	2	0.564482999009803	1	0	-6.25875440017665	0.57093958009102
CD86	CD80	R-HSA-389357	REACTOME_CD28_DEPENDENT_PI3K_AKT_SIGNALING	4.89211737121334e-09	4.89211737121334e-09	6.25980915139201	8.17616127802437	1.53530666449537e-08	1	1	2	0.564482999009803	1	0	-3.04055219434815	0.57093958009102
CD80	CD86	R-HSA-389357	REACTOME_CD28_DEPENDENT_PI3K_AKT_SIGNALING	4.89211737121334e-09	4.89211737121334e-09	8.17616127802437	6.25980915139201	1.53530666449537e-08	1	1	2	0.564482999009803	1	0	0.57093958009102	-3.04055219434815
