L	R	pw.id	pw.name	pval	qval	L.logFC	R.logFC	LR.pval	LR.corr	rank	len	rank.pval	rank.corr	LR.score	L.expr	R.expr
ITGB2	ITGAL	R-HSA-1474244	REACTOME_EXTRACELLULAR_MATRIX_ORGANIZATION	2.53657532818177e-275	1.59296930609815e-272	11.0570783125705	12.863632824959	4.64913652503896e-22	1	44	81	5.28423824773068e-08	1	0	5.95386199926313	4.99335906499239
MMP9	ITGB2	R-HSA-1474244	REACTOME_EXTRACELLULAR_MATRIX_ORGANIZATION	1.20367876046715e-274	3.77955130786684e-272	12.5505038489043	11.0570783125705	2.20615048468233e-21	1	44	81	5.28423824773068e-08	1	0	-6.29915988117961	5.95386199926313
ICAM3	ITGB2	R-HSA-1474244	REACTOME_EXTRACELLULAR_MATRIX_ORGANIZATION	7.31676186479328e-273	1.53164215036339e-270	7.44884337818483	11.0570783125705	1.34104532409081e-19	1	44	81	5.28423824773068e-08	1	0	4.19823208733952	5.95386199926313
ICAM2	ITGB2	R-HSA-1474244	REACTOME_EXTRACELLULAR_MATRIX_ORGANIZATION	3.31289327444921e-272	3.79079131650812e-270	3.90506526964816	11.0570783125705	6.07200304862937e-19	1	44	81	5.28423824773068e-08	1	0	3.36233332379401	5.95386199926313
ICAM3	ITGAL	R-HSA-1474244	REACTOME_EXTRACELLULAR_MATRIX_ORGANIZATION	2.88347652356863e-272	3.79079131650812e-270	7.44884337818483	12.863632824959	5.28495088471295e-19	1	44	81	5.28423824773068e-08	1	0	4.19823208733952	4.99335906499239
ITGAM	ITGB2	R-HSA-1474244	REACTOME_EXTRACELLULAR_MATRIX_ORGANIZATION	3.62177514316062e-272	3.79079131650812e-270	17.6295571013408	11.0570783125705	6.63813406858922e-19	1	44	81	5.28423824773068e-08	1	0	1.01250985484145	5.95386199926313
ICAM2	ITGAL	R-HSA-1474244	REACTOME_EXTRACELLULAR_MATRIX_ORGANIZATION	1.30558437714476e-271	1.17129569835273e-269	3.90506526964816	12.863632824959	2.39292716714029e-18	1	44	81	5.28423824773068e-08	1	0	3.36233332379401	4.99335906499239
ITGB2	ITGAM	R-HSA-1474244	REACTOME_EXTRACELLULAR_MATRIX_ORGANIZATION	1.72828819280278e-265	1.35670623135019e-263	11.0570783125705	17.6295571013408	6.63813406858922e-19	1	43	79	5.28423824773068e-08	1	0	5.95386199926313	1.01250985484145
MMP9	ITGAM	R-HSA-1474244	REACTOME_EXTRACELLULAR_MATRIX_ORGANIZATION	3.23203827783861e-264	2.25524448720294e-262	12.5505038489043	17.6295571013408	1.24138459618309e-17	1	43	79	5.28423824773068e-08	1	0	-6.29915988117961	1.01250985484145
ADAM28	ITGA4	R-HSA-1474244	REACTOME_EXTRACELLULAR_MATRIX_ORGANIZATION	6.17499088557289e-264	3.87789427613978e-262	11.4455905418167	12.9907021611148	6.51513570724411e-14	1	43	79	4.26619101427325e-08	1	0	-0.336583724608113	6.0277376851527
TGFB1	SDC2	R-HSA-1474244	REACTOME_EXTRACELLULAR_MATRIX_ORGANIZATION	9.22479424720994e-263	5.26651889749804e-261	2.05487257195855	6.7440164564611	3.54312557495541e-16	1	43	79	5.28423824773068e-08	1	0	-1.39063821020999	-5.95305678721919
MMP2	SDC2	R-HSA-1474244	REACTOME_EXTRACELLULAR_MATRIX_ORGANIZATION	1.1165035087438e-262	5.84303502909258e-261	1.67940017257643	6.7440164564611	4.28834728487749e-16	1	43	79	5.28423824773068e-08	1	0	6.5695203595606	-5.95305678721919
ICAM2	ITGAM	R-HSA-1474244	REACTOME_EXTRACELLULAR_MATRIX_ORGANIZATION	8.89556102930518e-262	4.29724025107973e-260	3.90506526964816	17.6295571013408	3.41667130364892e-15	1	43	79	5.28423824773068e-08	1	0	3.36233332379401	1.01250985484145
ADAM15	ITGA5	R-HSA-1474244	REACTOME_EXTRACELLULAR_MATRIX_ORGANIZATION	1.87509603709345e-261	8.41114508067634e-260	1.53114347477818	2.07826981282619	1.063381616313e-11	1	44	80	4.26619101427325e-08	1	0	6.59301590703664	-1.80245868588719
TNFSF13	SDC2	R-HSA-1474244	REACTOME_EXTRACELLULAR_MATRIX_ORGANIZATION	2.9359449563821e-261	1.22918228840531e-259	1.60875278493508	6.7440164564611	1.12765893556542e-14	1	43	79	5.28423824773068e-08	1	0	3.96106931077195	-5.95305678721919
SPP1	ITGA4	R-HSA-1474244	REACTOME_EXTRACELLULAR_MATRIX_ORGANIZATION	1.25293994777564e-259	4.9177892950194e-258	1.50243928958212	12.9907021611148	1.32195722132282e-09	1	43	79	4.26619101427325e-08	1	0	3.98177922727717	6.0277376851527
SPP1	ITGA5	R-HSA-1474244	REACTOME_EXTRACELLULAR_MATRIX_ORGANIZATION	2.21970770494602e-259	8.19986140415352e-258	1.50243928958212	2.07826981282619	1.25881358625594e-09	1	44	80	4.26619101427325e-08	1	0	3.98177922727717	-1.80245868588719
VCAN	ITGA4	R-HSA-1474244	REACTOME_EXTRACELLULAR_MATRIX_ORGANIZATION	7.8123428027805e-259	2.7256396000812e-257	1.78707147818052	12.9907021611148	8.24267994800524e-09	1	43	79	4.26619101427325e-08	1	0	1.35379241825946	6.0277376851527
GNAS	ADCY1	R-HSA-9006925	REACTOME_INTRACELLULAR_SIGNALING_BY_SECOND_MESSENGERS	2.27216166625283e-257	7.51009224424619e-256	4.03137536308105	10.989538701412	2.70666375816616e-19	1	86	157	0.00011399461554245	1	0	3.97442598633081	-5.19253405910747
GNAS	ADCY9	R-HSA-9006925	REACTOME_INTRACELLULAR_SIGNALING_BY_SECOND_MESSENGERS	2.84597025052714e-253	8.9363465866552e-252	4.03137536308105	2.93449394930792	3.3902009035407e-15	1	86	157	0.00011399461554245	1	0	3.97442598633081	6.1527765739481
CALM3	PDE1B	R-HSA-9006925	REACTOME_INTRACELLULAR_SIGNALING_BY_SECOND_MESSENGERS	1.05332789237021e-251	3.14995198289758e-250	1.15803973026608	5.64723103867455	1.25475421669523e-13	1	86	157	0.00011399461554245	1	0	0.0905799434324896	1.07807167979185
CALM3	INSR	R-HSA-9006925	REACTOME_INTRACELLULAR_SIGNALING_BY_SECOND_MESSENGERS	3.00026888974995e-247	8.56440392164985e-246	1.15803973026608	1.68122778865516	3.57400584177271e-09	1	86	157	0.00011399461554245	1	0	0.0905799434324896	4.15533419045177
YWHAZ	CSF2RB	R-HSA-5683057	REACTOME_MAPK_FAMILY_SIGNALING_CASCADES	1.15302478775593e-234	3.1482589856988e-233	1.46152707204408	7.65254123242469	3.95351206323907e-14	1	75	138	8.42925951531462e-05	1	0	6.82704897889915	4.33215491868096
ARTN	RET	R-HSA-5683057	REACTOME_MAPK_FAMILY_SIGNALING_CASCADES	1.05292608916764e-232	2.75515659998866e-231	4.85866162723582	6.49995521125445	6.56190890513263e-16	1	75	137	8.42925951531462e-05	1	0	3.00186208735413	-1.9762788729679
YWHAZ	CSF2RA	R-HSA-5683057	REACTOME_MAPK_FAMILY_SIGNALING_CASCADES	1.27048334827988e-230	3.19145417087905e-229	1.46152707204408	2.20686592282665	4.35625608131513e-10	1	75	138	8.42925951531462e-05	1	0	6.82704897889915	5.36668968819985
CALM3	MYLK	R-HSA-195258	REACTOME_RHO_GTPASE_EFFECTORS	4.11583123737046e-224	9.94131545026402e-223	1.15803973026608	2.87220018722953	2.78555962889204e-09	1	95	174	0.00047686970206417	1	0	0.0905799434324896	6.40970592919509
PNOC	OPRL1	R-HSA-418594	REACTOME_G_ALPHA_I_SIGNALLING_EVENTS	8.56857473327447e-214	1.99298701203569e-212	11.1452545247716	6.37627650514777	1.33391343852105e-19	1	41	76	1.00093123804998e-06	1	0	3.92487998437318	6.92240749860184
GNAS	ADCY1	R-HSA-418594	REACTOME_G_ALPHA_I_SIGNALLING_EVENTS	1.73866234644178e-213	3.8995712627337e-212	4.03137536308105	10.989538701412	2.70666375816616e-19	1	41	76	1.00093123804998e-06	1	0	3.97442598633081	-5.19253405910747
RPS19	C5AR1	R-HSA-418594	REACTOME_G_ALPHA_I_SIGNALLING_EVENTS	3.95874439980735e-212	8.5727292519966e-211	6.76660331084665	12.8132611907135	6.16277796360538e-18	1	41	76	1.00093123804998e-06	1	0	4.71030748022813	1.33725280951307
TGFB1	CXCR4	R-HSA-418594	REACTOME_G_ALPHA_I_SIGNALLING_EVENTS	1.52412538035953e-211	3.19050246288594e-210	2.05487257195855	2.67657319820785	1.35517230331226e-12	1	42	77	7.25552891512266e-07	1	0	-1.39063821020999	5.37575700254494
GNAS	ADCY9	R-HSA-418594	REACTOME_G_ALPHA_I_SIGNALLING_EVENTS	2.49750654473759e-211	5.05946487127486e-210	4.03137536308105	2.93449394930792	3.3902009035407e-15	1	41	76	8.84100055590164e-07	1	0	3.97442598633081	6.1527765739481
C5	C5AR1	R-HSA-418594	REACTOME_G_ALPHA_I_SIGNALLING_EVENTS	1.02098671240478e-210	2.00368642309437e-209	10.1753110294156	12.8132611907135	1.58942174004674e-16	1	41	76	1.00093123804998e-06	1	0	6.37749932670405	1.33725280951307
CALM3	PDE1B	R-HSA-418594	REACTOME_G_ALPHA_I_SIGNALLING_EVENTS	1.7359865593735e-209	3.30363502814108e-208	1.15803973026608	5.64723103867455	1.25475421669523e-13	1	42	77	8.84100055590164e-07	1	0	0.0905799434324896	1.07807167979185
GNAS	ADCY1	R-HSA-9658195	REACTOME_LEISHMANIA_INFECTION	3.68238139044526e-199	6.80157503882242e-198	4.03137536308105	10.989538701412	2.70666375816616e-19	1	48	89	1.27816157268754e-05	1	0	3.97442598633081	-5.19253405910747
GNAS	ADCY9	R-HSA-9658195	REACTOME_LEISHMANIA_INFECTION	4.61232492562254e-195	8.27582872368845e-194	4.03137536308105	2.93449394930792	3.3902009035407e-15	1	48	89	1.27816157268754e-05	1	0	3.97442598633081	6.1527765739481
C5	C5AR2	R-HSA-373076	REACTOME_CLASS_A_1_RHODOPSIN_LIKE_RECEPTORS	6.44003363323031e-190	1.1234280893524e-188	10.1753110294156	6.78739796393247	1.46146369249531e-15	1	29	54	5.08814323106503e-08	1	0	6.37749932670405	1.6454981544034
TGFB1	CXCR4	R-HSA-373076	REACTOME_CLASS_A_1_RHODOPSIN_LIKE_RECEPTORS	5.97165379952204e-187	1.01356718543239e-185	2.05487257195855	2.67657319820785	1.35517230331226e-12	1	29	54	5.08814323106503e-08	1	0	-1.39063821020999	5.37575700254494
RPS19	C5AR1	R-HSA-373076	REACTOME_CLASS_A_1_RHODOPSIN_LIKE_RECEPTORS	2.56978557488287e-185	4.24690879217484e-184	6.76660331084665	12.8132611907135	6.16277796360538e-18	1	29	53	5.08814323106503e-08	1	0	4.71030748022813	1.33725280951307
PNOC	OPRL1	R-HSA-373076	REACTOME_CLASS_A_1_RHODOPSIN_LIKE_RECEPTORS	9.06535153207844e-185	1.45975404157571e-183	11.1452545247716	6.37627650514777	1.33391343852105e-19	1	29	53	6.2379917843778e-08	1	0	3.92487998437318	6.92240749860184
C5	C5AR1	R-HSA-373076	REACTOME_CLASS_A_1_RHODOPSIN_LIKE_RECEPTORS	6.62764922588223e-184	1.04054092846351e-182	10.1753110294156	12.8132611907135	1.58942174004674e-16	1	29	53	5.08814323106503e-08	1	0	6.37749932670405	1.33725280951307
TGFB1	SDC2	R-HSA-9694516	REACTOME_SARS_COV_2_INFECTION	1.51669344559136e-181	2.3231304483692e-180	2.05487257195855	6.7440164564611	3.54312557495541e-16	1	78	143	0.000729696614213121	1	0	-1.39063821020999	-5.95305678721919
MMP2	SDC2	R-HSA-9694516	REACTOME_SARS_COV_2_INFECTION	1.83569791185711e-181	2.74480544915778e-180	1.67940017257643	6.7440164564611	4.28834728487749e-16	1	78	143	0.000729696614213121	1	0	6.5695203595606	-5.95305678721919
TNFSF13	SDC2	R-HSA-9694516	REACTOME_SARS_COV_2_INFECTION	4.82713039730781e-180	7.04985555699839e-179	1.60875278493508	6.7440164564611	1.12765893556542e-14	1	78	143	0.000729696614213121	1	0	3.96106931077195	-5.95305678721919
TGFB1	SDC2	R-HSA-71387	REACTOME_METABOLISM_OF_CARBOHYDRATES	5.89554728926502e-179	8.41455385831462e-178	2.05487257195855	6.7440164564611	3.54312557495541e-16	1	47	87	2.62183607275948e-05	1	0	-1.39063821020999	-5.95305678721919
MMP2	SDC2	R-HSA-71387	REACTOME_METABOLISM_OF_CARBOHYDRATES	7.13555127413306e-179	9.95805822256791e-178	1.67940017257643	6.7440164564611	4.28834728487749e-16	1	47	87	2.62183607275948e-05	1	0	6.5695203595606	-5.95305678721919
TNFSF13	SDC2	R-HSA-71387	REACTOME_METABOLISM_OF_CARBOHYDRATES	1.87635646554014e-177	2.56163447904175e-176	1.60875278493508	6.7440164564611	1.12765893556542e-14	1	47	87	2.62183607275948e-05	1	0	3.96106931077195	-5.95305678721919
S100A9	TLR4	R-HSA-983169	REACTOME_CLASS_I_MHC_MEDIATED_ANTIGEN_PROCESSING_PRESENTATION	2.17672658485346e-176	2.90847722401696e-175	18.4885634396239	4.61290488106845	8.26954640670327e-14	1	91	167	0.00179949135425785	1	0	4.04781870740767	3.13067103956041
UBC	TLR4	R-HSA-983169	REACTOME_CLASS_I_MHC_MEDIATED_ANTIGEN_PROCESSING_PRESENTATION	1.04387133218455e-175	1.36573165960812e-174	3.57563146033348	4.61290488106845	3.9657449328706e-13	1	91	167	0.00179949135425785	1	0	3.83073089347309	3.13067103956041
TGFB1	SDC2	R-HSA-381426	REACTOME_REGULATION_OF_INSULIN_LIKE_GROWTH_FACTOR_IGF_TRANSPORT_AND_UPTAKE_BY_INSULIN_LIKE_GROWTH_FACTOR_BINDING_PROTEINS_IGFBPS	6.51240906711333e-175	8.34651611050443e-174	2.05487257195855	6.7440164564611	3.54312557495541e-16	1	33	61	8.48140914049195e-07	1	0	-1.39063821020999	-5.95305678721919
MMP2	SDC2	R-HSA-381426	REACTOME_REGULATION_OF_INSULIN_LIKE_GROWTH_FACTOR_IGF_TRANSPORT_AND_UPTAKE_BY_INSULIN_LIKE_GROWTH_FACTOR_BINDING_PROTEINS_IGFBPS	7.88215691207006e-175	9.89998908156e-174	1.67940017257643	6.7440164564611	4.28834728487749e-16	1	33	61	8.48140914049195e-07	1	0	6.5695203595606	-5.95305678721919
FARP2	NRP1	R-HSA-9694516	REACTOME_SARS_COV_2_INFECTION	1.58920137355509e-174	1.95689894625999e-173	1.87455807946842	1.89828954603297	3.71251029452553e-09	1	78	143	0.000729696614213121	1	0	-0.262160712832187	3.76033350574528
VCAN	TLR2	R-HSA-9694516	REACTOME_SARS_COV_2_INFECTION	1.18534608785437e-173	1.4315333522549e-172	1.78707147818052	5.22046770622329	2.769069815168e-08	1	78	143	0.000729696614213121	1	0	1.35379241825946	3.43412978434477
FABP5	RXRA	R-HSA-1852241	REACTOME_ORGANELLE_BIOGENESIS_AND_MAINTENANCE	1.76938085139473e-173	2.09654938618092e-172	7.03526045472788	1.42633796326735	2.35409293346913e-14	1	86	157	0.00142594812266217	1	0	-1.88107147069544	4.33072062880602
TNFSF13	SDC2	R-HSA-381426	REACTOME_REGULATION_OF_INSULIN_LIKE_GROWTH_FACTOR_IGF_TRANSPORT_AND_UPTAKE_BY_INSULIN_LIKE_GROWTH_FACTOR_BINDING_PROTEINS_IGFBPS	2.07268303683536e-173	2.41045360580112e-172	1.60875278493508	6.7440164564611	1.12765893556542e-14	1	33	61	8.48140914049195e-07	1	0	3.96106931077195	-5.95305678721919
VCAN	TLR2	R-HSA-983169	REACTOME_CLASS_I_MHC_MEDIATED_ANTIGEN_PROCESSING_PRESENTATION	2.44065331939054e-173	2.78678233559502e-172	1.78707147818052	5.22046770622329	2.769069815168e-08	1	92	169	0.00178192732601381	1	0	1.35379241825946	3.43412978434477
ABCA1	RXRA	R-HSA-1852241	REACTOME_ORGANELLE_BIOGENESIS_AND_MAINTENANCE	2.62018877510218e-168	2.93835455493602e-167	3.50717001438836	1.42633796326735	3.48606003900238e-09	1	86	157	0.00142594812266217	1	0	-6.20417452604792	4.33072062880602
S100A9	TLR4	R-HSA-5357801	REACTOME_PROGRAMMED_CELL_DEATH	1.42391049045233e-164	1.5687996280773e-163	18.4885634396239	4.61290488106845	8.26954640670327e-14	1	56	102	0.000146345618982901	1	0	4.04781870740767	3.13067103956041
UBC	TLR4	R-HSA-5357801	REACTOME_PROGRAMMED_CELL_DEATH	6.82850731425278e-164	7.39362516094957e-163	3.57563146033348	4.61290488106845	3.9657449328706e-13	1	56	102	0.000146345618982901	1	0	3.83073089347309	3.13067103956041
SLPI	CD4	R-HSA-8856828	REACTOME_CLATHRIN_MEDIATED_ENDOCYTOSIS	2.46396697803799e-147	2.6226631562845e-146	10.7587671001445	13.6007524623245	2.13465442344454e-18	1	47	86	0.000143987795251767	1	0	0.52892351710641	-6.29915988117961
FABP5	RXRA	R-HSA-9006936	REACTOME_SIGNALING_BY_TGFB_FAMILY_MEMBERS	1.00012319751226e-146	1.04679561339617e-145	7.03526045472788	1.42633796326735	2.35409293346913e-14	1	57	105	0.00047686970206417	1	0	-1.88107147069544	4.33072062880602
TGFB1	ACVRL1	R-HSA-9006936	REACTOME_SIGNALING_BY_TGFB_FAMILY_MEMBERS	1.30085558905692e-143	1.33924149168483e-142	2.05487257195855	5.78970492647317	3.97335410755342e-15	1	56	103	0.000504291074262551	1	0	-1.39063821020999	-2.04684389501395
VCAN	TLR2	R-HSA-9705683	REACTOME_SARS_COV_2_HOST_INTERACTIONS	1.98945671070265e-143	2.01512711987301e-142	1.78707147818052	5.22046770622329	2.769069815168e-08	1	65	119	0.000822750701198373	1	0	1.35379241825946	3.43412978434477
GDF11	ACVR1B	R-HSA-9006936	REACTOME_SIGNALING_BY_TGFB_FAMILY_MEMBERS	2.20874692893434e-142	2.20173503392185e-141	4.28339782142397	1.66307739809795	5.31256519547953e-13	1	57	104	0.00047686970206417	1	0	4.52657698953721	0.615166257061489
ABCA1	RXRA	R-HSA-9006936	REACTOME_SIGNALING_BY_TGFB_FAMILY_MEMBERS	1.48103308215148e-141	1.45326371186114e-140	3.50717001438836	1.42633796326735	3.48606003900238e-09	1	57	105	0.00047686970206417	1	0	-6.20417452604792	4.33072062880602
GNAS	ADCY1	R-HSA-112315	REACTOME_TRANSMISSION_ACROSS_CHEMICAL_SYNAPSES	1.84831375711997e-140	1.78575544534053e-139	4.03137536308105	10.989538701412	2.70666375816616e-19	1	39	72	6.76867098677292e-05	1	0	3.97442598633081	-5.19253405910747
MMP9	ITGB2	R-HSA-168898	REACTOME_TOLL_LIKE_RECEPTOR_CASCADES	2.63327543164417e-140	2.50560147132203e-139	12.5505038489043	11.0570783125705	2.20615048468233e-21	1	55	100	0.000613050287899029	1	0	-6.29915988117961	5.95386199926313
S100A9	TLR4	R-HSA-109581	REACTOME_APOPTOSIS	1.68455219281957e-139	1.57895339864282e-138	18.4885634396239	4.61290488106845	8.26954640670327e-14	1	45	83	0.000146345618982901	1	0	4.04781870740767	3.13067103956041
UBC	TLR4	R-HSA-109581	REACTOME_APOPTOSIS	8.07844105864751e-139	7.46067791886858e-138	3.57563146033348	4.61290488106845	3.9657449328706e-13	1	45	83	0.000146345618982901	1	0	3.83073089347309	3.13067103956041
ICAM3	ITGB2	R-HSA-168898	REACTOME_TOLL_LIKE_RECEPTOR_CASCADES	1.60068033852102e-138	1.45685109071188e-137	7.44884337818483	11.0570783125705	1.34104532409081e-19	1	55	100	0.000613050287899029	1	0	4.19823208733952	5.95386199926313
B2M	TFRC	R-HSA-8856828	REACTOME_CLATHRIN_MEDIATED_ENDOCYTOSIS	4.20490056437346e-138	3.77239650632362e-137	1.38696062008033	2.06428719840872	1.10903326188333e-08	1	47	86	0.000140034921354678	1	0	1.73911837527151	-3.96213831293091
ICAM2	ITGB2	R-HSA-168898	REACTOME_TOLL_LIKE_RECEPTOR_CASCADES	7.24758195773149e-138	6.41053728092306e-137	3.90506526964816	11.0570783125705	6.07200304862937e-19	1	55	100	0.000613050287899029	1	0	3.36233332379401	5.95386199926313
ITGAM	ITGB2	R-HSA-168898	REACTOME_TOLL_LIKE_RECEPTOR_CASCADES	7.92331959045539e-138	6.81622562028217e-137	17.6295571013408	11.0570783125705	6.63813406858922e-19	1	55	100	0.000613050287899029	1	0	1.01250985484145	5.95386199926313
ITGB2	ITGAM	R-HSA-168898	REACTOME_TOLL_LIKE_RECEPTOR_CASCADES	7.92331959045539e-138	6.81622562028217e-137	11.0570783125705	17.6295571013408	6.63813406858922e-19	1	55	100	0.000613050287899029	1	0	5.95386199926313	1.01250985484145
MMP9	ITGAM	R-HSA-168898	REACTOME_TOLL_LIKE_RECEPTOR_CASCADES	1.481724651626e-136	1.25746362327179e-135	12.5505038489043	17.6295571013408	1.24138459618309e-17	1	55	100	0.000613050287899029	1	0	-6.29915988117961	1.01250985484145
GNAS	ADCY9	R-HSA-112315	REACTOME_TRANSMISSION_ACROSS_CHEMICAL_SYNAPSES	2.31508437297004e-136	1.93849731496691e-135	4.03137536308105	2.93449394930792	3.3902009035407e-15	1	39	72	6.76867098677292e-05	1	0	3.97442598633081	6.1527765739481
ICAM2	ITGAM	R-HSA-168898	REACTOME_TOLL_LIKE_RECEPTOR_CASCADES	4.07816087994463e-134	3.36984872711214e-133	3.90506526964816	17.6295571013408	3.41667130364892e-15	1	55	100	0.000613050287899029	1	0	3.36233332379401	1.01250985484145
ALOX5AP	ALOX5	R-HSA-6785807	REACTOME_INTERLEUKIN_4_AND_INTERLEUKIN_13_SIGNALING	3.31925552680324e-133	2.70713307900316e-132	15.9085124540266	11.519812542446	3.35646561784364e-23	1	30	55	1.48223128804936e-05	1	0	-6.29915988117961	-2.80232844757037
LY86	CD180	R-HSA-168898	REACTOME_TOLL_LIKE_RECEPTOR_CASCADES	3.25297269283449e-132	2.6190600655129e-131	14.60060234808	16.2257365397853	2.72533104464286e-13	1	55	100	0.000613050287899029	1	0	3.97480685911528	-1.8648399453802
S100A9	TLR4	R-HSA-168898	REACTOME_TOLL_LIKE_RECEPTOR_CASCADES	4.25240988987784e-129	3.38039672258644e-128	18.4885634396239	4.61290488106845	8.26954640670327e-14	1	53	98	0.000755572757412601	1	0	4.04781870740767	3.13067103956041
UBC	TLR4	R-HSA-168898	REACTOME_TOLL_LIKE_RECEPTOR_CASCADES	2.03928633372224e-128	1.60083977197196e-127	3.57563146033348	4.61290488106845	3.9657449328706e-13	1	53	98	0.000755572757412601	1	0	3.83073089347309	3.13067103956041
FABP5	RXRA	R-HSA-2990846	REACTOME_SUMOYLATION	9.45563249838626e-125	7.33103359134145e-124	7.03526045472788	1.42633796326735	2.35409293346913e-14	1	69	127	0.00319381672396066	1	0	-1.88107147069544	4.33072062880602
VCAN	TLR2	R-HSA-168898	REACTOME_TOLL_LIKE_RECEPTOR_CASCADES	6.42866305500838e-124	4.92341512017715e-123	1.78707147818052	5.22046770622329	2.769069815168e-08	1	54	99	0.000732596649063675	1	0	1.35379241825946	3.43412978434477
TNF	TNFRSF1B	R-HSA-6785807	REACTOME_INTERLEUKIN_4_AND_INTERLEUKIN_13_SIGNALING	3.20608695928711e-123	2.42581037401483e-122	9.86697561558859	3.5368052185439	1.29507645757425e-17	1	29	54	2.24276625612842e-05	1	0	-3.74914991333805	5.16792685909877
FABP5	RXRA	R-HSA-9711123	REACTOME_CELLULAR_RESPONSE_TO_CHEMICAL_STRESS	6.51164167748819e-123	4.86822734936022e-122	7.03526045472788	1.42633796326735	2.35409293346913e-14	1	56	102	0.00115845947019831	1	0	-1.88107147069544	4.33072062880602
MMP9	ITGB2	R-HSA-6785807	REACTOME_INTERLEUKIN_4_AND_INTERLEUKIN_13_SIGNALING	1.17249496212353e-122	8.66266866133623e-122	12.5505038489043	11.0570783125705	2.20615048468233e-21	1	29	53	2.24276625612842e-05	1	0	-6.29915988117961	5.95386199926313
GNAS	ADCY1	R-HSA-112314	REACTOME_NEUROTRANSMITTER_RECEPTORS_AND_POSTSYNAPTIC_SIGNAL_TRANSMISSION	1.41275312370892e-121	1.03163832754558e-120	4.03137536308105	10.989538701412	2.70666375816616e-19	1	33	61	7.50182783427263e-05	1	0	3.97442598633081	-5.19253405910747
UBC	NOTCH1	R-HSA-9711123	REACTOME_CELLULAR_RESPONSE_TO_CHEMICAL_STRESS	1.47208686444064e-121	1.06260982858474e-120	3.57563146033348	1.60069739973573	1.1517026902564e-12	1	53	97	0.000908656770906612	1	0	3.83073089347309	5.27286760177124
ICAM3	ITGB2	R-HSA-6785807	REACTOME_INTERLEUKIN_4_AND_INTERLEUKIN_13_SIGNALING	7.12720595169284e-121	5.08623333825353e-120	7.44884337818483	11.0570783125705	1.34104532409081e-19	1	29	53	2.24276625612842e-05	1	0	4.19823208733952	5.95386199926313
ICAM2	ITGB2	R-HSA-6785807	REACTOME_INTERLEUKIN_4_AND_INTERLEUKIN_13_SIGNALING	3.22706589325969e-120	2.27707570895178e-119	3.90506526964816	11.0570783125705	6.07200304862937e-19	1	29	53	2.24276625612842e-05	1	0	3.36233332379401	5.95386199926313
ITGAM	ITGB2	R-HSA-6785807	REACTOME_INTERLEUKIN_4_AND_INTERLEUKIN_13_SIGNALING	3.52794553561118e-120	2.43467010589431e-119	17.6295571013408	11.0570783125705	6.63813406858922e-19	1	29	53	2.24276625612842e-05	1	0	1.01250985484145	5.95386199926313
ITGB2	ITGAM	R-HSA-6785807	REACTOME_INTERLEUKIN_4_AND_INTERLEUKIN_13_SIGNALING	3.52794553561118e-120	2.43467010589431e-119	11.0570783125705	17.6295571013408	6.63813406858922e-19	1	29	53	2.24276625612842e-05	1	0	5.95386199926313	1.01250985484145
ABCA1	RXRA	R-HSA-2990846	REACTOME_SUMOYLATION	1.40023794844584e-119	9.5581459959129e-119	3.50717001438836	1.42633796326735	3.48606003900238e-09	1	69	127	0.00319381672396066	1	0	-6.20417452604792	4.33072062880602
SLPI	CD4	R-HSA-162906	REACTOME_HIV_INFECTION	2.59637826982534e-119	1.75325328327991e-118	10.7587671001445	13.6007524623245	2.13465442344454e-18	1	64	117	0.00319381672396066	1	0	0.52892351710641	-6.29915988117961
MMP9	ITGAM	R-HSA-6785807	REACTOME_INTERLEUKIN_4_AND_INTERLEUKIN_13_SIGNALING	6.5975426209061e-119	4.40771996375429e-118	12.5505038489043	17.6295571013408	1.24138459618309e-17	1	29	53	2.24276625612842e-05	1	0	-6.29915988117961	1.01250985484145
DLL1	NOTCH1	R-HSA-9711123	REACTOME_CELLULAR_RESPONSE_TO_CHEMICAL_STRESS	3.22678456059915e-118	2.13307442532239e-117	1.06164985813785	1.60069739973573	2.52450894650973e-09	1	53	97	0.000908656770906612	1	0	4.25625476997444	5.27286760177124
ABCA1	RXRA	R-HSA-9711123	REACTOME_CELLULAR_RESPONSE_TO_CHEMICAL_STRESS	9.64276877835149e-118	6.3079779091716e-117	3.50717001438836	1.42633796326735	3.48606003900238e-09	1	56	102	0.00115845947019831	1	0	-6.20417452604792	4.33072062880602
GNAS	ADCY9	R-HSA-112314	REACTOME_NEUROTRANSMITTER_RECEPTORS_AND_POSTSYNAPTIC_SIGNAL_TRANSMISSION	1.76952785584381e-117	1.14563246749476e-116	4.03137536308105	2.93449394930792	3.3902009035407e-15	1	33	61	7.50182783427263e-05	1	0	3.97442598633081	6.1527765739481
FABP5	RXRA	R-HSA-9006931	REACTOME_SIGNALING_BY_NUCLEAR_RECEPTORS	1.0256430904643e-116	6.57248837562835e-116	7.03526045472788	1.42633796326735	2.35409293346913e-14	1	71	130	0.00463553346949515	1	0	-1.88107147069544	4.33072062880602
ICAM2	ITGAM	R-HSA-6785807	REACTOME_INTERLEUKIN_4_AND_INTERLEUKIN_13_SIGNALING	1.81584616216117e-116	1.15187009074466e-115	3.90506526964816	17.6295571013408	3.41667130364892e-15	1	29	53	2.24276625612842e-05	1	0	3.36233332379401	1.01250985484145
B2M	TYROBP	R-HSA-1500931	REACTOME_CELL_CELL_COMMUNICATION	6.49277886782913e-115	4.0774651289967e-114	1.38696062008033	11.9386185175893	2.32567614739739e-14	1	23	42	2.43644059470615e-06	1	0	1.73911837527151	0.550395704900247
FARP2	NRP1	R-HSA-194138	REACTOME_SIGNALING_BY_VEGF	8.09527722958859e-115	5.03349910909073e-114	1.87455807946842	1.89828954603297	3.71251029452553e-09	1	33	60	4.15611769946172e-05	1	0	-0.262160712832187	3.76033350574528
CAP1	ROBO1	R-HSA-376176	REACTOME_SIGNALING_BY_ROBO_RECEPTORS	3.54523993879096e-114	2.18275557015757e-113	5.10777958231126	6.83683290161393	3.41500990032181e-17	1	51	93	0.00132429530809688	1	0	5.40282343078379	-3.61475788608394
TGFB1	SDC2	R-HSA-1630316	REACTOME_GLYCOSAMINOGLYCAN_METABOLISM	5.5338487415397e-114	3.37403593173488e-113	2.05487257195855	6.7440164564611	3.54312557495541e-16	1	23	42	3.34306028071604e-06	1	0	-1.39063821020999	-5.95305678721919
MMP2	SDC2	R-HSA-1630316	REACTOME_GLYCOSAMINOGLYCAN_METABOLISM	6.69777706820429e-114	4.04442692195413e-113	1.67940017257643	6.7440164564611	4.28834728487749e-16	1	23	42	3.34306028071604e-06	1	0	6.5695203595606	-5.95305678721919
TGFB1	CXCR4	R-HSA-162906	REACTOME_HIV_INFECTION	1.64829486288065e-113	9.85837308465762e-113	2.05487257195855	2.67657319820785	1.35517230331226e-12	1	64	117	0.00319381672396066	1	0	-1.39063821020999	5.37575700254494
ADAM15	ITGA5	R-HSA-373760	REACTOME_L1CAM_INTERACTIONS	3.21188526064431e-113	1.90289051291003e-112	1.53114347477818	2.07826981282619	1.063381616313e-11	1	26	48	9.98939984861885e-06	1	0	6.59301590703664	-1.80245868588719
TNFSF13	SDC2	R-HSA-1630316	REACTOME_GLYCOSAMINOGLYCAN_METABOLISM	1.76123985714033e-112	1.03369965447115e-111	1.60875278493508	6.7440164564611	1.12765893556542e-14	1	23	42	3.34306028071604e-06	1	0	3.96106931077195	-5.95305678721919
ABCA1	RXRA	R-HSA-9006931	REACTOME_SIGNALING_BY_NUCLEAR_RECEPTORS	1.51882423209074e-111	8.83168164586097e-111	3.50717001438836	1.42633796326735	3.48606003900238e-09	1	71	130	0.00463553346949515	1	0	-6.20417452604792	4.33072062880602
SPP1	ITGA5	R-HSA-373760	REACTOME_L1CAM_INTERACTIONS	3.80217669890974e-111	2.19061189625258e-110	1.50243928958212	2.07826981282619	1.25881358625594e-09	1	26	48	9.98939984861885e-06	1	0	3.98177922727717	-1.80245868588719
CALM3	ABCA1	R-HSA-9006931	REACTOME_SIGNALING_BY_NUCLEAR_RECEPTORS	4.60961755154906e-111	2.63167256579347e-110	1.15803973026608	3.50717001438836	1.55211345258221e-08	1	72	131	0.004559178809401	1	0	0.0905799434324896	-6.20417452604792
SHANK1	ABCA1	R-HSA-9006931	REACTOME_SIGNALING_BY_NUCLEAR_RECEPTORS	1.08082657191838e-110	6.11494673121389e-110	1.1541562549924	3.50717001438836	3.63927255010361e-08	1	72	131	0.004559178809401	1	0	5.24480324901242	-6.20417452604792
GNAS	ADCY1	R-HSA-418555	REACTOME_G_ALPHA_S_SIGNALLING_EVENTS	2.24840351896588e-110	1.26071197313444e-109	4.03137536308105	10.989538701412	2.70666375816616e-19	1	19	36	2.43644059470615e-06	1	0	3.97442598633081	-5.19253405910747
UBC	NOTCH1	R-HSA-157118	REACTOME_SIGNALING_BY_NOTCH	2.54270319690218e-110	1.41311292712794e-109	3.57563146033348	1.60069739973573	1.1517026902564e-12	1	51	93	0.00127739973556054	1	0	3.83073089347309	5.27286760177124
VASP	ROBO1	R-HSA-376176	REACTOME_SIGNALING_BY_ROBO_RECEPTORS	3.52322802352641e-108	1.94086596383736e-107	1.1594642348968	6.83683290161393	3.3938065657517e-11	1	51	93	0.00132429530809688	1	0	-2.83291988368955	-3.61475788608394
ADAM15	ITGA5	R-HSA-418555	REACTOME_G_ALPHA_S_SIGNALLING_EVENTS	1.451882239676e-107	7.92853953492635e-107	1.53114347477818	2.07826981282619	1.063381616313e-11	1	21	39	2.42129206173949e-06	1	0	6.59301590703664	-1.80245868588719
NRP1	ROBO1	R-HSA-376176	REACTOME_SIGNALING_BY_ROBO_RECEPTORS	2.82447528059466e-107	1.52911247949435e-106	1.89828954603297	6.83683290161393	2.72072164732931e-10	1	51	93	0.00132429530809688	1	0	3.76033350574528	-3.61475788608394
ITGB2	ITGAL	R-HSA-202733	REACTOME_CELL_SURFACE_INTERACTIONS_AT_THE_VASCULAR_WALL	2.96965927674021e-107	1.59397096221611e-106	11.0570783125705	12.863632824959	4.64913652503896e-22	1	18	34	2.73835503913423e-06	1	0	5.95386199926313	4.99335906499239
FARP2	NRP1	R-HSA-373760	REACTOME_L1CAM_INTERACTIONS	3.28554738596316e-107	1.74857945625836e-106	1.87455807946842	1.89828954603297	3.71251029452553e-09	1	25	46	9.05347135555416e-06	1	0	-0.262160712832187	3.76033350574528
MMP9	ITGB2	R-HSA-202733	REACTOME_CELL_SURFACE_INTERACTIONS_AT_THE_VASCULAR_WALL	3.76087859864891e-107	1.98473257138783e-106	12.5505038489043	11.0570783125705	2.20615048468233e-21	1	19	35	2.43644059470615e-06	1	0	-6.29915988117961	5.95386199926313
DLL1	NOTCH1	R-HSA-157118	REACTOME_SIGNALING_BY_NOTCH	5.57355385483157e-107	2.91682651736186e-106	1.06164985813785	1.60069739973573	2.52450894650973e-09	1	51	93	0.00127739973556054	1	0	4.25625476997444	5.27286760177124
ALOX5AP	ALOX5	R-HSA-446652	REACTOME_INTERLEUKIN_1_FAMILY_SIGNALING	6.98655766004748e-107	3.62608116571059e-106	15.9085124540266	11.519812542446	3.35646561784364e-23	1	36	67	0.000613050287899029	1	0	-6.29915988117961	-2.80232844757037
GNAS	ADCY9	R-HSA-418555	REACTOME_G_ALPHA_S_SIGNALLING_EVENTS	2.81621225337819e-106	1.44965679927992e-105	4.03137536308105	2.93449394930792	3.3902009035407e-15	1	19	36	2.43644059470615e-06	1	0	3.97442598633081	6.1527765739481
UBC	NOTCH2	R-HSA-157118	REACTOME_SIGNALING_BY_NOTCH	3.18176147672933e-106	1.62450911169595e-105	3.57563146033348	1.34997641936825	7.31668880740948e-11	1	50	91	0.00127739973556054	1	0	3.83073089347309	5.94446390999845
SPP1	ITGA5	R-HSA-418555	REACTOME_G_ALPHA_S_SIGNALLING_EVENTS	1.71871420467542e-105	8.70445581077551e-105	1.50243928958212	2.07826981282619	1.25881358625594e-09	1	21	39	2.42129206173949e-06	1	0	3.98177922727717	-1.80245868588719
FABP5	RXRA	R-HSA-8957322	REACTOME_METABOLISM_OF_STEROIDS	2.18302921269549e-105	1.09675387645821e-104	7.03526045472788	1.42633796326735	2.35409293346913e-14	1	36	66	0.000286371713158733	1	0	-1.88107147069544	4.33072062880602
ICAM3	ITGB2	R-HSA-202733	REACTOME_CELL_SURFACE_INTERACTIONS_AT_THE_VASCULAR_WALL	2.28611270818071e-105	1.13942760375991e-104	7.44884337818483	11.0570783125705	1.34104532409081e-19	1	19	35	2.43644059470615e-06	1	0	4.19823208733952	5.95386199926313
TGFB1	SDC2	R-HSA-9820952	REACTOME_RESPIRATORY_SYNCYTIAL_VIRUS_INFECTION_PATHWAY	3.54721847657981e-105	1.7540576403875e-104	2.05487257195855	6.7440164564611	3.54312557495541e-16	1	23	43	1.54688291622178e-05	1	0	-1.39063821020999	-5.95305678721919
MMP2	SDC2	R-HSA-9820952	REACTOME_RESPIRATORY_SYNCYTIAL_VIRUS_INFECTION_PATHWAY	4.29330104200434e-105	2.10640082373338e-104	1.67940017257643	6.7440164564611	4.28834728487749e-16	1	23	43	1.54688291622178e-05	1	0	6.5695203595606	-5.95305678721919
ICAM2	ITGB2	R-HSA-202733	REACTOME_CELL_SURFACE_INTERACTIONS_AT_THE_VASCULAR_WALL	1.03510918566416e-104	5.03913619067513e-104	3.90506526964816	11.0570783125705	6.07200304862937e-19	1	19	35	2.43644059470615e-06	1	0	3.36233332379401	5.95386199926313
ITGAM	ITGB2	R-HSA-202733	REACTOME_CELL_SURFACE_INTERACTIONS_AT_THE_VASCULAR_WALL	1.13161892295458e-104	5.4665898739652e-104	17.6295571013408	11.0570783125705	6.63813406858922e-19	1	19	35	2.43644059470615e-06	1	0	1.01250985484145	5.95386199926313
CALM3	INSR	R-HSA-199418	REACTOME_NEGATIVE_REGULATION_OF_THE_PI3K_AKT_NETWORK	1.20695772792814e-104	5.78602635983874e-104	1.15803973026608	1.68122778865516	3.57400584177271e-09	1	26	49	2.7990014675712e-05	1	0	0.0905799434324896	4.15533419045177
CALM3	PDE1B	R-HSA-418555	REACTOME_G_ALPHA_S_SIGNALLING_EVENTS	1.81422093827955e-104	8.63129355484514e-104	1.15803973026608	5.64723103867455	1.25475421669523e-13	1	20	37	2.42129206173949e-06	1	0	0.0905799434324896	1.07807167979185
ICAM3	ITGAL	R-HSA-202733	REACTOME_CELL_SURFACE_INTERACTIONS_AT_THE_VASCULAR_WALL	3.37578888840496e-104	1.59398152023934e-103	7.44884337818483	12.863632824959	5.28495088471295e-19	1	18	34	2.73835503913423e-06	1	0	4.19823208733952	4.99335906499239
TNFSF13	SDC2	R-HSA-9820952	REACTOME_RESPIRATORY_SYNCYTIAL_VIRUS_INFECTION_PATHWAY	1.12896156991792e-103	5.2909542231974e-103	1.60875278493508	6.7440164564611	1.12765893556542e-14	1	23	43	1.54688291622178e-05	1	0	3.96106931077195	-5.95305678721919
ICAM2	ITGAL	R-HSA-202733	REACTOME_CELL_SURFACE_INTERACTIONS_AT_THE_VASCULAR_WALL	1.52849423160407e-103	7.11032872183227e-103	3.90506526964816	12.863632824959	2.39292716714029e-18	1	18	34	2.73835503913423e-06	1	0	3.36233332379401	4.99335906499239
DLL1	NOTCH2	R-HSA-157118	REACTOME_SIGNALING_BY_NOTCH	6.97435664743909e-103	3.22051174602335e-102	1.06164985813785	1.34997641936825	1.60380335214991e-07	1	50	91	0.00127739973556054	1	0	4.25625476997444	5.94446390999845
CALM3	PLPP6	R-HSA-8957322	REACTOME_METABOLISM_OF_STEROIDS	1.15536277278027e-100	5.29611548398547e-100	1.15803973026608	1.57952750890122	5.23902608513079e-10	1	34	63	0.000240102622375871	1	0	0.0905799434324896	-3.07623741332667
ABCA1	RXRA	R-HSA-8957322	REACTOME_METABOLISM_OF_STEROIDS	3.23274021775248e-100	1.4711310556149e-99	3.50717001438836	1.42633796326735	3.48606003900238e-09	1	36	66	0.000286371713158733	1	0	-6.20417452604792	4.33072062880602
ALOX5AP	ALOX5	R-HSA-8978868	REACTOME_FATTY_ACID_METABOLISM	9.15156196191774e-100	4.13466252667938e-99	15.9085124540266	11.519812542446	3.35646561784364e-23	1	25	46	8.58238090186072e-05	1	0	-6.29915988117961	-2.80232844757037
ITGB2	ITGAM	R-HSA-202733	REACTOME_CELL_SURFACE_INTERACTIONS_AT_THE_VASCULAR_WALL	7.74213354270053e-99	3.47289990343995e-98	11.0570783125705	17.6295571013408	6.63813406858922e-19	1	18	33	2.73835503913423e-06	1	0	5.95386199926313	1.01250985484145
S100A9	TLR4	R-HSA-9820952	REACTOME_RESPIRATORY_SYNCYTIAL_VIRUS_INFECTION_PATHWAY	2.61382674695454e-98	1.16417248020387e-97	18.4885634396239	4.61290488106845	8.26954640670327e-14	1	23	42	1.54688291622178e-05	1	0	4.04781870740767	3.13067103956041
UBC	TLR4	R-HSA-9820952	REACTOME_RESPIRATORY_SYNCYTIAL_VIRUS_INFECTION_PATHWAY	1.25348715241916e-97	5.54359106844531e-97	3.57563146033348	4.61290488106845	3.9657449328706e-13	1	23	42	1.54688291622178e-05	1	0	3.83073089347309	3.13067103956041
MMP9	ITGAM	R-HSA-202733	REACTOME_CELL_SURFACE_INTERACTIONS_AT_THE_VASCULAR_WALL	1.44784139973591e-97	6.35835244079827e-97	12.5505038489043	17.6295571013408	1.24138459618309e-17	1	18	33	2.73835503913423e-06	1	0	-6.29915988117961	1.01250985484145
VCAN	TLR2	R-HSA-9820952	REACTOME_RESPIRATORY_SYNCYTIAL_VIRUS_INFECTION_PATHWAY	2.77226855314802e-97	1.20901711901177e-96	1.78707147818052	5.22046770622329	2.769069815168e-08	1	23	43	1.54688291622178e-05	1	0	1.35379241825946	3.43412978434477
SLPI	CD4	R-HSA-8856825	REACTOME_CARGO_RECOGNITION_FOR_CLATHRIN_MEDIATED_ENDOCYTOSIS	1.5789927880893e-96	6.83867221324195e-96	10.7587671001445	13.6007524623245	2.13465442344454e-18	1	28	51	0.000140034921354678	1	0	0.52892351710641	-6.29915988117961
UBC	NOTCH1	R-HSA-9700206	REACTOME_SIGNALING_BY_ALK_IN_CANCER	2.29240404177735e-96	9.86047765915187e-96	3.57563146033348	1.60069739973573	1.1517026902564e-12	1	31	58	0.000264739194522691	1	0	3.83073089347309	5.27286760177124
ITGB2	ITGAL	R-HSA-8878159	REACTOME_TRANSCRIPTIONAL_REGULATION_BY_RUNX3	9.46307028232258e-96	4.04272662401264e-95	11.0570783125705	12.863632824959	4.64913652503896e-22	1	31	57	0.000470835792235247	1	0	5.95386199926313	4.99335906499239
ICAM2	ITGAM	R-HSA-202733	REACTOME_CELL_SURFACE_INTERACTIONS_AT_THE_VASCULAR_WALL	3.9849037743199e-95	1.69089160153574e-94	3.90506526964816	17.6295571013408	3.41667130364892e-15	1	18	33	2.73835503913423e-06	1	0	3.36233332379401	1.01250985484145
FABP5	RXRA	R-HSA-8978868	REACTOME_FATTY_ACID_METABOLISM	1.12567445795838e-94	4.7444534201199e-94	7.03526045472788	1.42633796326735	2.35409293346913e-14	1	25	47	8.58238090186072e-05	1	0	-1.88107147069544	4.33072062880602
VCAN	TLR2	R-HSA-9705671	REACTOME_SARS_COV_2_ACTIVATES_MODULATES_INNATE_AND_ADAPTIVE_IMMUNE_RESPONSES	1.23016935666582e-94	5.15030903990755e-94	1.78707147818052	5.22046770622329	2.769069815168e-08	1	42	78	0.00115221738063462	1	0	1.35379241825946	3.43412978434477
SLPI	CD4	R-HSA-162587	REACTOME_HIV_LIFE_CYCLE	3.37508263648049e-94	1.40367675212566e-93	10.7587671001445	13.6007524623245	2.13465442344454e-18	1	55	100	0.00533699532055145	1	0	0.52892351710641	-6.29915988117961
TGFB1	SDC2	R-HSA-202733	REACTOME_CELL_SURFACE_INTERACTIONS_AT_THE_VASCULAR_WALL	9.51565511305333e-94	3.93146803355098e-93	2.05487257195855	6.7440164564611	3.54312557495541e-16	1	17	32	4.00990527340229e-06	1	0	-1.39063821020999	-5.95305678721919
MMP2	SDC2	R-HSA-202733	REACTOME_CELL_SURFACE_INTERACTIONS_AT_THE_VASCULAR_WALL	1.15170723996725e-93	4.72726893267605e-93	1.67940017257643	6.7440164564611	4.28834728487749e-16	1	17	32	4.00990527340229e-06	1	0	6.5695203595606	-5.95305678721919
GNAS	ADCY1	R-HSA-5358351	REACTOME_SIGNALING_BY_HEDGEHOG	1.98313086045752e-93	8.08705311926833e-93	4.03137536308105	10.989538701412	2.70666375816616e-19	1	24	45	0.00011399461554245	1	0	3.97442598633081	-5.19253405910747
ADAM15	ITGA5	R-HSA-8878166	REACTOME_TRANSCRIPTIONAL_REGULATION_BY_RUNX2	3.85907008324927e-93	1.56354581437454e-92	1.53114347477818	2.07826981282619	1.063381616313e-11	1	25	46	5.15186030995606e-05	1	0	6.59301590703664	-1.80245868588719
DLL1	NOTCH1	R-HSA-9700206	REACTOME_SIGNALING_BY_ALK_IN_CANCER	5.0249031815612e-93	2.02284563975669e-92	1.06164985813785	1.60069739973573	2.52450894650973e-09	1	31	58	0.000264739194522691	1	0	4.25625476997444	5.27286760177124
S100A9	TLR4	R-HSA-166166	REACTOME_MYD88_INDEPENDENT_TLR4_CASCADE	9.5616089375748e-93	3.82464357502992e-92	18.4885634396239	4.61290488106845	8.26954640670327e-14	1	44	81	0.00204877959815139	1	0	4.04781870740767	3.13067103956041
ICAM3	ITGAL	R-HSA-8878159	REACTOME_TRANSCRIPTIONAL_REGULATION_BY_RUNX3	1.07572366161569e-92	4.27566113604211e-92	7.44884337818483	12.863632824959	5.28495088471295e-19	1	31	57	0.000470835792235247	1	0	4.19823208733952	4.99335906499239
TNFSF13	SDC2	R-HSA-202733	REACTOME_CELL_SURFACE_INTERACTIONS_AT_THE_VASCULAR_WALL	3.02851628851129e-92	1.19616869760068e-91	1.60875278493508	6.7440164564611	1.12765893556542e-14	1	17	32	4.00990527340229e-06	1	0	3.96106931077195	-5.95305678721919
UBC	TLR4	R-HSA-166166	REACTOME_MYD88_INDEPENDENT_TLR4_CASCADE	4.58536663674087e-92	1.79975640492079e-91	3.57563146033348	4.61290488106845	3.9657449328706e-13	1	44	81	0.00204877959815139	1	0	3.83073089347309	3.13067103956041
ICAM2	ITGAL	R-HSA-8878159	REACTOME_TRANSCRIPTIONAL_REGULATION_BY_RUNX3	4.87067605805315e-92	1.89986618910396e-91	3.90506526964816	12.863632824959	2.39292716714029e-18	1	31	57	0.000470835792235247	1	0	3.36233332379401	4.99335906499239
ADAM15	ITGA5	R-HSA-202733	REACTOME_CELL_SURFACE_INTERACTIONS_AT_THE_VASCULAR_WALL	1.24023443866624e-91	4.80782239186666e-91	1.53114347477818	2.07826981282619	1.063381616313e-11	1	18	33	2.73835503913423e-06	1	0	6.59301590703664	-1.80245868588719
ADAM28	ITGA4	R-HSA-202733	REACTOME_CELL_SURFACE_INTERACTIONS_AT_THE_VASCULAR_WALL	1.74974843802012e-91	6.74136208022477e-91	11.4455905418167	12.9907021611148	6.51513570724411e-14	1	17	32	4.00990527340229e-06	1	0	-0.336583724608113	6.0277376851527
SPP1	ITGA5	R-HSA-8878166	REACTOME_TRANSCRIPTIONAL_REGULATION_BY_RUNX2	4.56830339793851e-91	1.74932593530816e-90	1.50243928958212	2.07826981282619	1.25881358625594e-09	1	25	46	5.15186030995606e-05	1	0	3.98177922727717	-1.80245868588719
GNAS	ADCY1	R-HSA-442755	REACTOME_ACTIVATION_OF_NMDA_RECEPTORS_AND_POSTSYNAPTIC_EVENTS	5.65813709121312e-91	2.15352126865566e-90	4.03137536308105	10.989538701412	2.70666375816616e-19	1	23	42	6.76867098677292e-05	1	0	3.97442598633081	-5.19253405910747
SPP1	ITGA5	R-HSA-202733	REACTOME_CELL_SURFACE_INTERACTIONS_AT_THE_VASCULAR_WALL	1.46816903507201e-89	5.55427803629653e-89	1.50243928958212	2.07826981282619	1.25881358625594e-09	1	18	33	2.73835503913423e-06	1	0	3.98177922727717	-1.80245868588719
ABCA1	RXRA	R-HSA-8978868	REACTOME_FATTY_ACID_METABOLISM	1.66695574716819e-89	6.26855215102768e-89	3.50717001438836	1.42633796326735	3.48606003900238e-09	1	25	47	8.58238090186072e-05	1	0	-6.20417452604792	4.33072062880602
GNAS	ADCY9	R-HSA-5358351	REACTOME_SIGNALING_BY_HEDGEHOG	2.48394800228813e-89	9.28523419902944e-89	4.03137536308105	2.93449394930792	3.3902009035407e-15	1	24	45	0.00011399461554245	1	0	3.97442598633081	6.1527765739481
RPS19	C5AR1	R-HSA-375276	REACTOME_PEPTIDE_LIGAND_BINDING_RECEPTORS	3.42165638358515e-89	1.27147941354525e-88	6.76660331084665	12.8132611907135	6.16277796360538e-18	1	11	21	1.04210693117524e-07	1	0	4.71030748022813	1.33725280951307
UBC	NOTCH1	R-HSA-9758941	REACTOME_GASTRULATION	3.88767113753359e-89	1.43615145551241e-88	3.57563146033348	1.60069739973573	1.1517026902564e-12	1	21	39	2.53949283700782e-05	1	0	3.83073089347309	5.27286760177124
B2M	TFRC	R-HSA-8856825	REACTOME_CARGO_RECOGNITION_FOR_CLATHRIN_MEDIATED_ENDOCYTOSIS	5.38935789928537e-89	1.97924956769077e-88	1.38696062008033	2.06428719840872	1.10903326188333e-08	1	28	51	0.000113576400875612	1	0	1.73911837527151	-3.96213831293091
C5	C5AR2	R-HSA-375276	REACTOME_PEPTIDE_LIGAND_BINDING_RECEPTORS	1.21210523381575e-88	4.42559352811798e-88	10.1753110294156	6.78739796393247	1.46146369249531e-15	1	12	22	6.67686343928819e-08	1	0	6.37749932670405	1.6454981544034
FABP5	RXRA	R-HSA-400206	REACTOME_REGULATION_OF_LIPID_METABOLISM_BY_PPARALPHA	1.47539212872151e-88	5.35575871004107e-88	7.03526045472788	1.42633796326735	2.35409293346913e-14	1	29	54	0.000362043059159763	1	0	-1.88107147069544	4.33072062880602
TGFB1	CXCR4	R-HSA-162587	REACTOME_HIV_LIFE_CYCLE	2.14265056681541e-88	7.7332445744832e-88	2.05487257195855	2.67657319820785	1.35517230331226e-12	1	55	100	0.00533699532055145	1	0	-1.39063821020999	5.37575700254494
ADAM28	ITGA4	R-HSA-8878159	REACTOME_TRANSCRIPTIONAL_REGULATION_BY_RUNX3	6.98275575095688e-88	2.50581177805767e-87	11.4455905418167	12.9907021611148	6.51513570724411e-14	1	30	56	0.000470835792235247	1	0	-0.336583724608113	6.0277376851527
C5	C5AR1	R-HSA-375276	REACTOME_PEPTIDE_LIGAND_BINDING_RECEPTORS	8.8246811343148e-88	3.14880667747142e-87	10.1753110294156	12.8132611907135	1.58942174004674e-16	1	11	21	1.04210693117524e-07	1	0	6.37749932670405	1.33725280951307
SPP1	ITGA4	R-HSA-202733	REACTOME_CELL_SURFACE_INTERACTIONS_AT_THE_VASCULAR_WALL	3.55033676515305e-87	1.25966750763622e-86	1.50243928958212	12.9907021611148	1.32195722132282e-09	1	17	32	4.00990527340229e-06	1	0	3.98177922727717	6.0277376851527
UBC	NOTCH1	R-HSA-9755511	REACTOME_KEAP1_NFE2L2_PATHWAY	1.53670566394655e-86	5.42163571324961e-86	3.57563146033348	1.60069739973573	1.1517026902564e-12	1	39	72	0.00166789088603927	1	0	3.83073089347309	5.27286760177124
TGFB1	CXCR4	R-HSA-9758941	REACTOME_GASTRULATION	1.85283733109833e-86	6.50045722865783e-86	2.05487257195855	2.67657319820785	1.35517230331226e-12	1	22	40	3.36712599222216e-05	1	0	-1.39063821020999	5.37575700254494
VCAN	ITGA4	R-HSA-202733	REACTOME_CELL_SURFACE_INTERACTIONS_AT_THE_VASCULAR_WALL	2.21370927824045e-86	7.72338570408336e-86	1.78707147818052	12.9907021611148	8.24267994800524e-09	1	17	32	4.00990527340229e-06	1	0	1.35379241825946	6.0277376851527
DLL1	NOTCH1	R-HSA-9758941	REACTOME_GASTRULATION	8.5216963117506e-86	2.95669905181181e-85	1.06164985813785	1.60069739973573	2.52450894650973e-09	1	21	39	2.53949283700782e-05	1	0	4.25625476997444	5.27286760177124
TGFB1	CXCR4	R-HSA-375276	REACTOME_PEPTIDE_LIGAND_BINDING_RECEPTORS	1.12394953771471e-85	3.8782434598068e-85	2.05487257195855	2.67657319820785	1.35517230331226e-12	1	12	22	6.67686343928819e-08	1	0	-1.39063821020999	5.37575700254494
CALM3	ABCA1	R-HSA-400206	REACTOME_REGULATION_OF_LIPID_METABOLISM_BY_PPARALPHA	2.63027399242525e-85	9.0262954494156e-85	1.15803973026608	3.50717001438836	1.55211345258221e-08	1	31	57	0.000362043059159763	1	0	0.0905799434324896	-6.20417452604792
SHANK1	ABCA1	R-HSA-400206	REACTOME_REGULATION_OF_LIPID_METABOLISM_BY_PPARALPHA	6.16725789210799e-85	2.1049119327412e-84	1.1541562549924	3.50717001438836	3.63927255010361e-08	1	31	57	0.000362043059159763	1	0	5.24480324901242	-6.20417452604792
S100A9	TLR4	R-HSA-168138	REACTOME_TOLL_LIKE_RECEPTOR_9_TLR9_CASCADE	1.0819705658539e-84	3.65310492127015e-84	18.4885634396239	4.61290488106845	8.26954640670327e-14	1	40	74	0.0023457207469645	1	0	4.04781870740767	3.13067103956041
S100A9	TLR4	R-HSA-168179	REACTOME_TOLL_LIKE_RECEPTOR_TLR1_TLR2_CASCADE	1.0819705658539e-84	3.65310492127015e-84	18.4885634396239	4.61290488106845	8.26954640670327e-14	1	40	74	0.0023457207469645	1	0	4.04781870740767	3.13067103956041
UBC	TLR4	R-HSA-168138	REACTOME_TOLL_LIKE_RECEPTOR_9_TLR9_CASCADE	5.18869969164463e-84	1.73324649274087e-83	3.57563146033348	4.61290488106845	3.9657449328706e-13	1	40	74	0.0023457207469645	1	0	3.83073089347309	3.13067103956041
UBC	TLR4	R-HSA-168179	REACTOME_TOLL_LIKE_RECEPTOR_TLR1_TLR2_CASCADE	5.18869969164463e-84	1.73324649274087e-83	3.57563146033348	4.61290488106845	3.9657449328706e-13	1	40	74	0.0023457207469645	1	0	3.83073089347309	3.13067103956041
PNOC	OPRL1	R-HSA-375276	REACTOME_PEPTIDE_LIGAND_BINDING_RECEPTORS	9.26905952234686e-84	3.07987797885388e-83	11.1452545247716	6.37627650514777	1.33391343852105e-19	1	11	21	4.60399636752022e-07	1	0	3.92487998437318	6.92240749860184
SPP1	ITGA4	R-HSA-8878159	REACTOME_TRANSCRIPTIONAL_REGULATION_BY_RUNX3	1.41683992544424e-83	4.68302880620518e-83	1.50243928958212	12.9907021611148	1.32195722132282e-09	1	30	56	0.000470835792235247	1	0	3.98177922727717	6.0277376851527
ABCA1	RXRA	R-HSA-400206	REACTOME_REGULATION_OF_LIPID_METABOLISM_BY_PPARALPHA	2.18483538549823e-83	7.18364723608844e-83	3.50717001438836	1.42633796326735	3.48606003900238e-09	1	29	54	0.000362043059159763	1	0	-6.20417452604792	4.33072062880602
VCAN	TLR2	R-HSA-168179	REACTOME_TOLL_LIKE_RECEPTOR_TLR1_TLR2_CASCADE	2.59863372668302e-83	8.49969781435905e-83	1.78707147818052	5.22046770622329	2.769069815168e-08	1	41	76	0.00204877959815139	1	0	1.35379241825946	3.43412978434477
DLL1	NOTCH1	R-HSA-9755511	REACTOME_KEAP1_NFE2L2_PATHWAY	3.36842765898338e-83	1.09604796364848e-82	1.06164985813785	1.60069739973573	2.52450894650973e-09	1	39	72	0.00166789088603927	1	0	4.25625476997444	5.27286760177124
FARP2	NRP1	R-HSA-373755	REACTOME_SEMAPHORIN_INTERACTIONS	3.6219498150665e-83	1.17246622879472e-82	1.87455807946842	1.89828954603297	3.71251029452553e-09	1	20	37	2.08452727741758e-05	1	0	-0.262160712832187	3.76033350574528
VCAN	ITGA4	R-HSA-8878159	REACTOME_TRANSCRIPTIONAL_REGULATION_BY_RUNX3	8.83429346624875e-83	2.84509553682267e-82	1.78707147818052	12.9907021611148	8.24267994800524e-09	1	30	56	0.000470835792235247	1	0	1.35379241825946	6.0277376851527
TGFB1	CXCR4	R-HSA-376176	REACTOME_SIGNALING_BY_ROBO_RECEPTORS	1.28634363403114e-81	4.12155001107938e-81	2.05487257195855	2.67657319820785	1.35517230331226e-12	1	46	84	0.00410586062877125	1	0	-1.39063821020999	5.37575700254494
GNAS	ADCY1	R-HSA-163685	REACTOME_INTEGRATION_OF_ENERGY_METABOLISM	2.59036660390261e-80	8.25761536675552e-80	4.03137536308105	10.989538701412	2.70666375816616e-19	1	19	36	0.00011399461554245	1	0	3.97442598633081	-5.19253405910747
TGFB1	SDC2	R-HSA-196854	REACTOME_METABOLISM_OF_VITAMINS_AND_COFACTORS	7.41711712940753e-80	2.35249977639795e-79	2.05487257195855	6.7440164564611	3.54312557495541e-16	1	16	30	1.61690969832096e-05	1	0	-1.39063821020999	-5.95305678721919
MMP2	SDC2	R-HSA-196854	REACTOME_METABOLISM_OF_VITAMINS_AND_COFACTORS	8.97715122725037e-80	2.83299043754434e-79	1.67940017257643	6.7440164564611	4.28834728487749e-16	1	16	30	1.61690969832096e-05	1	0	6.5695203595606	-5.95305678721919
CD22	PTPRC	R-HSA-373755	REACTOME_SEMAPHORIN_INTERACTIONS	1.62800007030727e-79	5.11192022076484e-79	16.4793097563152	14.1644874392027	7.23176927957569e-15	1	20	37	6.90562026409395e-05	1	0	4.31592999909471	6.14188203331607
FGR	LRP8	R-HSA-196854	REACTOME_METABOLISM_OF_VITAMINS_AND_COFACTORS	5.46170752501047e-79	1.7064439431376e-78	5.34613753925241	1.97257626059682	2.6161642102249e-15	1	17	31	1.54688291622178e-05	1	0	-5.1799930791844	4.16124014266346
SEMA7A	PLXNC1	R-HSA-373755	REACTOME_SEMAPHORIN_INTERACTIONS	1.15062724374439e-78	3.57719756966079e-78	6.89611933956913	5.50303085279908	5.11122260085836e-14	1	20	37	6.90562026409395e-05	1	0	-0.919465361739509	-6.04004269836028
TNFSF13	SDC2	R-HSA-196854	REACTOME_METABOLISM_OF_VITAMINS_AND_COFACTORS	2.360621499343e-78	7.30280936742562e-78	1.60875278493508	6.7440164564611	1.12765893556542e-14	1	16	30	1.61690969832096e-05	1	0	3.96106931077195	-5.95305678721919
FARP2	NRP1	R-HSA-376176	REACTOME_SIGNALING_BY_ROBO_RECEPTORS	4.91648146319091e-77	1.51350507788426e-76	1.87455807946842	1.89828954603297	3.71251029452553e-09	1	45	83	0.00446510452527054	1	0	-0.262160712832187	3.76033350574528
GNAS	ADCY1	R-HSA-9662851	REACTOME_ANTI_INFLAMMATORY_RESPONSE_FAVOURING_LEISHMANIA_PARASITE_INFECTION	8.00126956307534e-77	2.45112062712747e-76	4.03137536308105	10.989538701412	2.70666375816616e-19	1	16	30	4.15611769946172e-05	1	0	3.97442598633081	-5.19253405910747
GNAS	ADCY1	R-HSA-111885	REACTOME_OPIOID_SIGNALLING	8.1209641405683e-77	2.47571139819267e-76	4.03137536308105	10.989538701412	2.70666375816616e-19	1	17	32	7.18074322938798e-05	1	0	3.97442598633081	-5.19253405910747
ST6GAL1	CD22	R-HSA-983705	REACTOME_SIGNALING_BY_THE_B_CELL_RECEPTOR_BCR	8.97657265069395e-77	2.72332735489652e-76	5.18076503951274	16.4793097563152	4.03943952435403e-16	1	26	48	0.000597887234895555	1	0	6.15166951990127	4.31592999909471
GNAS	ADCY9	R-HSA-163685	REACTOME_INTEGRATION_OF_ENERGY_METABOLISM	3.24453422578142e-76	9.79599756630159e-76	4.03137536308105	2.93449394930792	3.3902009035407e-15	1	19	36	0.00011399461554245	1	0	3.97442598633081	6.1527765739481
TYROBP	TREM2	R-HSA-373755	REACTOME_SEMAPHORIN_INTERACTIONS	3.33439372699803e-76	1.00191352179654e-75	11.9386185175893	16.7973749524467	2.84671674565185e-21	1	19	35	0.000158769101671134	1	0	0.550395704900247	4.87477089537038
UBC	NOTCH1	R-HSA-8878159	REACTOME_TRANSCRIPTIONAL_REGULATION_BY_RUNX3	2.71636342196567e-75	8.12322013806877e-75	3.57563146033348	1.60069739973573	1.1517026902564e-12	1	30	56	0.00123968059033088	1	0	3.83073089347309	5.27286760177124
TGFB1	SDC2	R-HSA-3781865	REACTOME_DISEASES_OF_GLYCOSYLATION	2.81419232120953e-74	8.33638102697918e-74	2.05487257195855	6.7440164564611	3.54312557495541e-16	1	13	25	1.03312527533489e-05	1	0	-1.39063821020999	-5.95305678721919
TGFB1	SDC2	R-HSA-5668914	REACTOME_DISEASES_OF_METABOLISM	2.81419232120953e-74	8.33638102697918e-74	2.05487257195855	6.7440164564611	3.54312557495541e-16	1	13	25	1.03312527533489e-05	1	0	-1.39063821020999	-5.95305678721919
MMP2	SDC2	R-HSA-3781865	REACTOME_DISEASES_OF_GLYCOSYLATION	3.40609830063216e-74	9.99546604110747e-74	1.67940017257643	6.7440164564611	4.28834728487749e-16	1	13	25	1.03312527533489e-05	1	0	6.5695203595606	-5.95305678721919
MMP2	SDC2	R-HSA-5668914	REACTOME_DISEASES_OF_METABOLISM	3.40609830063216e-74	9.99546604110747e-74	1.67940017257643	6.7440164564611	4.28834728487749e-16	1	13	25	1.03312527533489e-05	1	0	6.5695203595606	-5.95305678721919
B2M	TYROBP	R-HSA-373755	REACTOME_SEMAPHORIN_INTERACTIONS	8.64996232626284e-73	2.52659364692701e-72	1.38696062008033	11.9386185175893	2.32567614739739e-14	1	19	36	0.000158769101671134	1	0	1.73911837527151	0.550395704900247
TNFSF13	SDC2	R-HSA-3781865	REACTOME_DISEASES_OF_GLYCOSYLATION	8.95663743854594e-73	2.59205912968058e-72	1.60875278493508	6.7440164564611	1.12765893556542e-14	1	13	25	1.03312527533489e-05	1	0	3.96106931077195	-5.95305678721919
TNFSF13	SDC2	R-HSA-5668914	REACTOME_DISEASES_OF_METABOLISM	8.95663743854594e-73	2.59205912968058e-72	1.60875278493508	6.7440164564611	1.12765893556542e-14	1	13	25	1.03312527533489e-05	1	0	3.96106931077195	-5.95305678721919
GNAS	ADCY9	R-HSA-9662851	REACTOME_ANTI_INFLAMMATORY_RESPONSE_FAVOURING_LEISHMANIA_PARASITE_INFECTION	1.00218991813705e-72	2.8870425164682e-72	4.03137536308105	2.93449394930792	3.3902009035407e-15	1	16	30	4.15611769946172e-05	1	0	3.97442598633081	6.1527765739481
GNAS	ADCY9	R-HSA-111885	REACTOME_OPIOID_SIGNALLING	1.0171821262952e-72	2.91685102882826e-72	4.03137536308105	2.93449394930792	3.3902009035407e-15	1	17	32	7.18074322938798e-05	1	0	3.97442598633081	6.1527765739481
SLPI	CD4	R-HSA-162909	REACTOME_HOST_INTERACTIONS_OF_HIV_FACTORS	5.5810767609986e-72	1.59314372995778e-71	10.7587671001445	13.6007524623245	2.13465442344454e-18	1	29	54	0.00225269026376091	1	0	0.52892351710641	-6.29915988117961
DLL1	NOTCH1	R-HSA-8878159	REACTOME_TRANSCRIPTIONAL_REGULATION_BY_RUNX3	5.95421354724583e-72	1.69196656455673e-71	1.06164985813785	1.60069739973573	2.52450894650973e-09	1	30	56	0.00123968059033088	1	0	4.25625476997444	5.27286760177124
CALM3	PDE1B	R-HSA-111885	REACTOME_OPIOID_SIGNALLING	3.76471365099029e-71	1.06497305082068e-70	1.15803973026608	5.64723103867455	1.25475421669523e-13	1	17	32	7.18074322938798e-05	1	0	0.0905799434324896	1.07807167979185
CALM3	MYLK	R-HSA-397014	REACTOME_MUSCLE_CONTRACTION	5.10308255602586e-71	1.43710127586737e-70	1.15803973026608	2.87220018722953	2.78555962889204e-09	1	14	27	1.1711716522206e-05	1	0	0.0905799434324896	6.40970592919509
B2M	TREM2	R-HSA-373755	REACTOME_SEMAPHORIN_INTERACTIONS	6.52978318239767e-71	1.83067135649363e-70	1.38696062008033	16.7973749524467	5.57475950734304e-16	1	19	35	0.000158769101671134	1	0	1.73911837527151	4.87477089537038
GNAS	ADCY1	R-HSA-5610787	REACTOME_HEDGEHOG_OFF_STATE	1.85726406386922e-70	5.18383036493276e-70	4.03137536308105	10.989538701412	2.70666375816616e-19	1	16	30	0.000110432489989738	1	0	3.97442598633081	-5.19253405910747
TGFB1	SDC2	R-HSA-1638091	REACTOME_HEPARAN_SULFATE_HEPARIN_HS_GAG_METABOLISM	3.59068201883785e-67	9.97764737977952e-67	2.05487257195855	6.7440164564611	3.54312557495541e-16	1	10	19	2.53526339233868e-06	1	0	-1.39063821020999	-5.95305678721919
MMP2	SDC2	R-HSA-1638091	REACTOME_HEPARAN_SULFATE_HEPARIN_HS_GAG_METABOLISM	4.34590622335916e-67	1.20230357192491e-66	1.67940017257643	6.7440164564611	4.28834728487749e-16	1	10	19	2.53526339233868e-06	1	0	6.5695203595606	-5.95305678721919
GNAS	ADCY1	R-HSA-112040	REACTOME_G_PROTEIN_MEDIATED_EVENTS	8.80398710084389e-67	2.42495785058332e-66	4.03137536308105	10.989538701412	2.70666375816616e-19	1	13	25	6.76867098677292e-05	1	0	3.97442598633081	-5.19253405910747
FABP5	RXRA	R-HSA-9843745	REACTOME_ADIPOGENESIS	9.79091759571063e-67	2.68502019655296e-66	7.03526045472788	1.42633796326735	2.35409293346913e-14	1	21	39	0.000470835792235247	1	0	-1.88107147069544	4.33072062880602
GNAS	ADCY9	R-HSA-5610787	REACTOME_HEDGEHOG_OFF_STATE	2.32629497788419e-66	6.35179672222293e-66	4.03137536308105	2.93449394930792	3.3902009035407e-15	1	16	30	0.000110432489989738	1	0	3.97442598633081	6.1527765739481
FABP5	RXRA	R-HSA-9616222	REACTOME_TRANSCRIPTIONAL_REGULATION_OF_GRANULOPOIESIS	4.46452629932183e-66	1.21373269089788e-65	7.03526045472788	1.42633796326735	2.35409293346913e-14	1	12	22	5.83875429122277e-06	1	0	-1.88107147069544	4.33072062880602
GNAS	ADCY1	R-HSA-9664323	REACTOME_FCGR3A_MEDIATED_IL10_SYNTHESIS	9.71643239272573e-66	2.630137733893e-65	4.03137536308105	10.989538701412	2.70666375816616e-19	1	12	23	4.15611769946172e-05	1	0	3.97442598633081	-5.19253405910747
TNFSF13	SDC2	R-HSA-1638091	REACTOME_HEPARAN_SULFATE_HEPARIN_HS_GAG_METABOLISM	1.14279456871001e-65	3.08015016802527e-65	1.60875278493508	6.7440164564611	1.12765893556542e-14	1	10	19	2.53526339233868e-06	1	0	3.96106931077195	-5.95305678721919
SLPI	CD4	R-HSA-202403	REACTOME_TCR_SIGNALING	2.20877877574452e-65	5.92783363746819e-65	10.7587671001445	13.6007524623245	2.13465442344454e-18	1	19	36	0.00068672213946139	1	0	0.52892351710641	-6.29915988117961
FABP5	RXRA	R-HSA-1592230	REACTOME_MITOCHONDRIAL_BIOGENESIS	1.95061081886746e-63	5.21269614573943e-63	7.03526045472788	1.42633796326735	2.35409293346913e-14	1	22	41	0.00094368998629219	1	0	-1.88107147069544	4.33072062880602
UBC	NOTCH1	R-HSA-9759194	REACTOME_NUCLEAR_EVENTS_MEDIATED_BY_NFE2L2	5.83020455365514e-63	1.55142731343027e-62	3.57563146033348	1.60069739973573	1.1517026902564e-12	1	28	52	0.00252436851821905	1	0	3.83073089347309	5.27286760177124
GNAS	ADCY9	R-HSA-112040	REACTOME_G_PROTEIN_MEDIATED_EVENTS	1.10273339028502e-62	2.92201084008013e-62	4.03137536308105	2.93449394930792	3.3902009035407e-15	1	13	25	6.76867098677292e-05	1	0	3.97442598633081	6.1527765739481
CD22	PTPRC	R-HSA-202403	REACTOME_TCR_SIGNALING	1.20508514452778e-62	3.17980449900608e-62	16.4793097563152	14.1644874392027	7.23176927957569e-15	1	20	37	0.000597887234895555	1	0	4.31592999909471	6.14188203331607
MMP9	ITGB2	R-HSA-216083	REACTOME_INTEGRIN_CELL_SURFACE_INTERACTIONS	1.94187308188212e-62	5.10249495992457e-62	12.5505038489043	11.0570783125705	2.20615048468233e-21	1	6	12	5.25820314899633e-07	1	0	-6.29915988117961	5.95386199926313
GNAS	ADCY9	R-HSA-9664323	REACTOME_FCGR3A_MEDIATED_IL10_SYNTHESIS	1.21702068746541e-61	3.18453746553448e-61	4.03137536308105	2.93449394930792	3.3902009035407e-15	1	12	23	4.15611769946172e-05	1	0	3.97442598633081	6.1527765739481
S100A9	TLR4	R-HSA-9833110	REACTOME_RSV_HOST_INTERACTIONS	1.32903127327145e-61	3.46320182412644e-61	18.4885634396239	4.61290488106845	8.26954640670327e-14	1	15	28	0.000110432489989738	1	0	4.04781870740767	3.13067103956041
ABCA1	RXRA	R-HSA-9843745	REACTOME_ADIPOGENESIS	1.44988866371021e-61	3.7625209950827e-61	3.50717001438836	1.42633796326735	3.48606003900238e-09	1	21	39	0.000470835792235247	1	0	-6.20417452604792	4.33072062880602
CALM3	PDE1B	R-HSA-112040	REACTOME_G_PROTEIN_MEDIATED_EVENTS	4.08134919056175e-61	1.05476843278715e-60	1.15803973026608	5.64723103867455	1.25475421669523e-13	1	13	25	6.76867098677292e-05	1	0	0.0905799434324896	1.07807167979185
UBC	TLR4	R-HSA-9833110	REACTOME_RSV_HOST_INTERACTIONS	6.37350439599745e-61	1.64039375437967e-60	3.57563146033348	4.61290488106845	3.9657449328706e-13	1	15	28	0.000110432489989738	1	0	3.83073089347309	3.13067103956041
ABCA1	RXRA	R-HSA-9616222	REACTOME_TRANSCRIPTIONAL_REGULATION_OF_GRANULOPOIESIS	6.61129665013078e-61	1.69465073317638e-60	3.50717001438836	1.42633796326735	3.48606003900238e-09	1	12	22	5.83875429122277e-06	1	0	-6.20417452604792	4.33072062880602
ICAM3	ITGB2	R-HSA-216083	REACTOME_INTEGRIN_CELL_SURFACE_INTERACTIONS	1.1803999022355e-60	3.01337861221096e-60	7.44884337818483	11.0570783125705	1.34104532409081e-19	1	6	12	5.25820314899633e-07	1	0	4.19823208733952	5.95386199926313
ICAM2	ITGB2	R-HSA-216083	REACTOME_INTEGRIN_CELL_SURFACE_INTERACTIONS	5.3446305476924e-60	1.35887772629588e-59	3.90506526964816	11.0570783125705	6.07200304862937e-19	1	6	12	5.25820314899633e-07	1	0	3.36233332379401	5.95386199926313
ITGAM	ITGB2	R-HSA-216083	REACTOME_INTEGRIN_CELL_SURFACE_INTERACTIONS	5.84294405627284e-60	1.47958422070135e-59	17.6295571013408	11.0570783125705	6.63813406858922e-19	1	6	12	5.25820314899633e-07	1	0	1.01250985484145	5.95386199926313
PTDSS1	JMJD6	R-HSA-3247509	REACTOME_CHROMATIN_MODIFYING_ENZYMES	7.47784934705805e-60	1.8859796746797e-59	1.99950334999693	1.31666658830247	8.14051125234497e-12	1	35	65	0.00717740860409538	1	0	7.13266426431184	4.75433530927271
VCAN	TLR2	R-HSA-9833110	REACTOME_RSV_HOST_INTERACTIONS	9.50141357751708e-60	2.38675509067229e-59	1.78707147818052	5.22046770622329	2.769069815168e-08	1	15	29	0.000110432489989738	1	0	1.35379241825946	3.43412978434477
DLL1	NOTCH1	R-HSA-9759194	REACTOME_NUCLEAR_EVENTS_MEDIATED_BY_NFE2L2	1.27796901754284e-59	3.19746829887212e-59	1.06164985813785	1.60069739973573	2.52450894650973e-09	1	28	52	0.00252436851821905	1	0	4.25625476997444	5.27286760177124
ST6GAL1	CD22	R-HSA-983695	REACTOME_ANTIGEN_ACTIVATES_B_CELL_RECEPTOR_BCR_LEADING_TO_GENERATION_OF_SECOND_MESSENGERS	8.46543738235447e-59	2.10964074449151e-58	5.18076503951274	16.4793097563152	4.03943952435403e-16	1	7	13	2.76040681542858e-07	1	0	6.15166951990127	4.31592999909471
TGFB1	SDC2	R-HSA-3000171	REACTOME_NON_INTEGRIN_MEMBRANE_ECM_INTERACTIONS	9.17727211805171e-59	2.27799481823576e-58	2.05487257195855	6.7440164564611	3.54312557495541e-16	1	7	13	2.84521949452609e-07	1	0	-1.39063821020999	-5.95305678721919
MMP2	SDC2	R-HSA-3000171	REACTOME_NON_INTEGRIN_MEMBRANE_ECM_INTERACTIONS	1.11075176810588e-58	2.74626815106494e-58	1.67940017257643	6.7440164564611	4.28834728487749e-16	1	7	13	2.84521949452609e-07	1	0	6.5695203595606	-5.95305678721919
CAP1	ROBO1	R-HSA-373752	REACTOME_NETRIN_1_SIGNALING	2.72885556382086e-58	6.72047566305685e-58	5.10777958231126	6.83683290161393	3.41500990032181e-17	1	8	15	2.43644059470615e-06	1	0	5.40282343078379	-3.61475788608394
ABCA1	RXRA	R-HSA-1592230	REACTOME_MITOCHONDRIAL_BIOGENESIS	2.88856328933403e-58	7.08600681914753e-58	3.50717001438836	1.42633796326735	3.48606003900238e-09	1	22	41	0.00094368998629219	1	0	-6.20417452604792	4.33072062880602
RPS19	C5AR1	R-HSA-166658	REACTOME_COMPLEMENT_CASCADE	3.06025563677412e-58	7.47797875445195e-58	6.76660331084665	12.8132611907135	6.16277796360538e-18	1	5	10	7.8637011717843e-08	1	0	4.71030748022813	1.33725280951307
TGFB1	SDC2	R-HSA-2682334	REACTOME_EPH_EPHRIN_SIGNALING	4.45451101962992e-58	1.08427632570837e-57	2.05487257195855	6.7440164564611	3.54312557495541e-16	1	4	9	4.96427361203158e-08	1	0	-1.39063821020999	-5.95305678721919
MMP2	SDC2	R-HSA-2682334	REACTOME_EPH_EPHRIN_SIGNALING	5.3914234289388e-58	1.30726405921759e-57	1.67940017257643	6.7440164564611	4.28834728487749e-16	1	4	9	4.96427361203158e-08	1	0	6.5695203595606	-5.95305678721919
TNFSF13	SDC2	R-HSA-3000171	REACTOME_NON_INTEGRIN_MEMBRANE_ECM_INTERACTIONS	2.92082024447204e-57	7.0549042828017e-57	1.60875278493508	6.7440164564611	1.12765893556542e-14	1	7	13	2.84521949452609e-07	1	0	3.96106931077195	-5.95305678721919
ITGB2	ITGAL	R-HSA-216083	REACTOME_INTEGRIN_CELL_SURFACE_INTERACTIONS	4.53980774937982e-57	1.09233688375882e-56	11.0570783125705	12.863632824959	4.64913652503896e-22	1	6	11	5.25820314899633e-07	1	0	5.95386199926313	4.99335906499239
C5	C5AR1	R-HSA-166658	REACTOME_COMPLEMENT_CASCADE	7.89260438703811e-57	1.89181509735112e-56	10.1753110294156	12.8132611907135	1.58942174004674e-16	1	5	10	7.8637011717843e-08	1	0	6.37749932670405	1.33725280951307
YWHAZ	CSF2RB	R-HSA-512988	REACTOME_INTERLEUKIN_3_INTERLEUKIN_5_AND_GM_CSF_SIGNALING	9.12186168112163e-57	2.17814796035908e-56	1.46152707204408	7.65254123242469	3.95351206323907e-14	1	14	27	0.000271029622245989	1	0	6.82704897889915	4.33215491868096
FABP5	RXRA	R-HSA-9839373	REACTOME_SIGNALING_BY_TGFBR3	9.44826151406242e-57	2.24754099652697e-56	7.03526045472788	1.42633796326735	2.35409293346913e-14	1	14	27	0.000281964411702354	1	0	-1.88107147069544	4.33072062880602
TNFSF13	SDC2	R-HSA-2682334	REACTOME_EPH_EPHRIN_SIGNALING	1.41772258662425e-56	3.35973503547181e-56	1.60875278493508	6.7440164564611	1.12765893556542e-14	1	4	9	4.96427361203158e-08	1	0	3.96106931077195	-5.95305678721919
C5	C5AR2	R-HSA-166658	REACTOME_COMPLEMENT_CASCADE	3.97831056310795e-56	9.39240238207442e-56	10.1753110294156	6.78739796393247	1.46146369249531e-15	1	6	11	6.2379917843778e-08	1	0	6.37749932670405	1.6454981544034
SLPI	CD4	R-HSA-388841	REACTOME_COSTIMULATION_BY_THE_CD28_FAMILY	1.5944752117787e-55	3.75030124717987e-55	10.7587671001445	13.6007524623245	2.13465442344454e-18	1	11	20	5.763574619361e-05	1	0	0.52892351710641	-6.29915988117961
FGR	LRP8	R-HSA-2187338	REACTOME_VISUAL_PHOTOTRANSDUCTION	1.38504095442551e-54	3.23347851070342e-54	5.34613753925241	1.97257626059682	2.6161642102249e-15	1	6	12	9.44083927128532e-07	1	0	-5.1799930791844	4.16124014266346
FGR	LRP8	R-HSA-6806667	REACTOME_METABOLISM_OF_FAT_SOLUBLE_VITAMINS	1.38504095442551e-54	3.23347851070342e-54	5.34613753925241	1.97257626059682	2.6161642102249e-15	1	6	12	9.44083927128532e-07	1	0	-5.1799930791844	4.16124014266346
CALM3	MYLK	R-HSA-445355	REACTOME_SMOOTH_MUSCLE_CONTRACTION	1.50967022683556e-54	3.5113811201953e-54	1.15803973026608	2.87220018722953	2.78555962889204e-09	1	11	21	2.40216948417881e-05	1	0	0.0905799434324896	6.40970592919509
ITGB2	ITGAM	R-HSA-216083	REACTOME_INTEGRIN_CELL_SURFACE_INTERACTIONS	2.94637958390264e-54	6.82777261509542e-54	11.0570783125705	17.6295571013408	6.63813406858922e-19	1	5	10	5.25820314899633e-07	1	0	5.95386199926313	1.01250985484145
ICAM3	ITGAL	R-HSA-216083	REACTOME_INTEGRIN_CELL_SURFACE_INTERACTIONS	5.16067034217941e-54	1.19150771135613e-53	7.44884337818483	12.863632824959	5.28495088471295e-19	1	6	11	5.25820314899633e-07	1	0	4.19823208733952	4.99335906499239
ICAM2	ITGAL	R-HSA-216083	REACTOME_INTEGRIN_CELL_SURFACE_INTERACTIONS	2.3366552559981e-53	5.37516300647181e-53	3.90506526964816	12.863632824959	2.39292716714029e-18	1	6	11	5.25820314899633e-07	1	0	3.36233332379401	4.99335906499239
UBC	NOTCH1	R-HSA-9725371	REACTOME_NUCLEAR_EVENTS_STIMULATED_BY_ALK_SIGNALING_IN_CANCER	3.30976761300258e-53	7.58589073345118e-53	3.57563146033348	1.60069739973573	1.1517026902564e-12	1	13	24	0.000121782327988844	1	0	3.83073089347309	5.27286760177124
TGFB1	SDC2	R-HSA-1793185	REACTOME_CHONDROITIN_SULFATE_DERMATAN_SULFATE_METABOLISM	4.94244350294769e-53	1.11649443160113e-52	2.05487257195855	6.7440164564611	3.54312557495541e-16	1	7	13	1.87440384117608e-06	1	0	-1.39063821020999	-5.95305678721919
TGFB1	SDC2	R-HSA-1971475	REACTOME_A_TETRASACCHARIDE_LINKER_SEQUENCE_IS_REQUIRED_FOR_GAG_SYNTHESIS	4.94244350294769e-53	1.11649443160113e-52	2.05487257195855	6.7440164564611	3.54312557495541e-16	1	7	13	1.87440384117608e-06	1	0	-1.39063821020999	-5.95305678721919
TGFB1	SDC2	R-HSA-3560782	REACTOME_DISEASES_ASSOCIATED_WITH_GLYCOSAMINOGLYCAN_METABOLISM	4.94244350294769e-53	1.11649443160113e-52	2.05487257195855	6.7440164564611	3.54312557495541e-16	1	7	13	1.87440384117608e-06	1	0	-1.39063821020999	-5.95305678721919
TGFB1	SDC2	R-HSA-3560783	REACTOME_DEFECTIVE_B4GALT7_CAUSES_EDS_PROGEROID_TYPE	4.94244350294769e-53	1.11649443160113e-52	2.05487257195855	6.7440164564611	3.54312557495541e-16	1	7	13	1.87440384117608e-06	1	0	-1.39063821020999	-5.95305678721919
MMP9	ITGAM	R-HSA-216083	REACTOME_INTEGRIN_CELL_SURFACE_INTERACTIONS	5.50996739772449e-53	1.24023638916523e-52	12.5505038489043	17.6295571013408	1.24138459618309e-17	1	5	10	5.25820314899633e-07	1	0	-6.29915988117961	1.01250985484145
MMP2	SDC2	R-HSA-1793185	REACTOME_CHONDROITIN_SULFATE_DERMATAN_SULFATE_METABOLISM	5.98198221546039e-53	1.32745047042725e-52	1.67940017257643	6.7440164564611	4.28834728487749e-16	1	7	13	1.87440384117608e-06	1	0	6.5695203595606	-5.95305678721919
MMP2	SDC2	R-HSA-1971475	REACTOME_A_TETRASACCHARIDE_LINKER_SEQUENCE_IS_REQUIRED_FOR_GAG_SYNTHESIS	5.98198221546039e-53	1.32745047042725e-52	1.67940017257643	6.7440164564611	4.28834728487749e-16	1	7	13	1.87440384117608e-06	1	0	6.5695203595606	-5.95305678721919
MMP2	SDC2	R-HSA-3560782	REACTOME_DISEASES_ASSOCIATED_WITH_GLYCOSAMINOGLYCAN_METABOLISM	5.98198221546039e-53	1.32745047042725e-52	1.67940017257643	6.7440164564611	4.28834728487749e-16	1	7	13	1.87440384117608e-06	1	0	6.5695203595606	-5.95305678721919
MMP2	SDC2	R-HSA-3560783	REACTOME_DEFECTIVE_B4GALT7_CAUSES_EDS_PROGEROID_TYPE	5.98198221546039e-53	1.32745047042725e-52	1.67940017257643	6.7440164564611	4.28834728487749e-16	1	7	13	1.87440384117608e-06	1	0	6.5695203595606	-5.95305678721919
YWHAZ	CSF2RA	R-HSA-512988	REACTOME_INTERLEUKIN_3_INTERLEUKIN_5_AND_GM_CSF_SIGNALING	1.0051105140361e-52	2.22256831976997e-52	1.46152707204408	2.20686592282665	4.35625608131513e-10	1	14	27	0.000271029622245989	1	0	6.82704897889915	5.36668968819985
FABP5	RXRA	R-HSA-400253	REACTOME_CIRCADIAN_CLOCK	1.72914529245588e-52	3.81018681986768e-52	7.03526045472788	1.42633796326735	2.35409293346913e-14	1	23	43	0.00410586062877125	1	0	-1.88107147069544	4.33072062880602
VASP	ROBO1	R-HSA-373752	REACTOME_NETRIN_1_SIGNALING	2.71191246871951e-52	5.95482877746802e-52	1.1594642348968	6.83683290161393	3.3938065657517e-11	1	8	15	2.43644059470615e-06	1	0	-2.83291988368955	-3.61475788608394
TGFB1	SDC2	R-HSA-2024096	REACTOME_HS_GAG_DEGRADATION	1.30952811884244e-51	2.86544828792004e-51	2.05487257195855	6.7440164564611	3.54312557495541e-16	1	6	12	3.34306028071604e-06	1	0	-1.39063821020999	-5.95305678721919
ABCA1	RXRA	R-HSA-9839373	REACTOME_SIGNALING_BY_TGFBR3	1.39914641575679e-51	3.0509164899141e-51	3.50717001438836	1.42633796326735	3.48606003900238e-09	1	14	27	0.000281964411702354	1	0	-6.20417452604792	4.33072062880602
TNFSF13	SDC2	R-HSA-1793185	REACTOME_CHONDROITIN_SULFATE_DERMATAN_SULFATE_METABOLISM	1.57301525495504e-51	3.38306020586222e-51	1.60875278493508	6.7440164564611	1.12765893556542e-14	1	7	13	1.87440384117608e-06	1	0	3.96106931077195	-5.95305678721919
TNFSF13	SDC2	R-HSA-1971475	REACTOME_A_TETRASACCHARIDE_LINKER_SEQUENCE_IS_REQUIRED_FOR_GAG_SYNTHESIS	1.57301525495504e-51	3.38306020586222e-51	1.60875278493508	6.7440164564611	1.12765893556542e-14	1	7	13	1.87440384117608e-06	1	0	3.96106931077195	-5.95305678721919
TNFSF13	SDC2	R-HSA-3560782	REACTOME_DISEASES_ASSOCIATED_WITH_GLYCOSAMINOGLYCAN_METABOLISM	1.57301525495504e-51	3.38306020586222e-51	1.60875278493508	6.7440164564611	1.12765893556542e-14	1	7	13	1.87440384117608e-06	1	0	3.96106931077195	-5.95305678721919
TNFSF13	SDC2	R-HSA-3560783	REACTOME_DEFECTIVE_B4GALT7_CAUSES_EDS_PROGEROID_TYPE	1.57301525495504e-51	3.38306020586222e-51	1.60875278493508	6.7440164564611	1.12765893556542e-14	1	7	13	1.87440384117608e-06	1	0	3.96106931077195	-5.95305678721919
MMP2	SDC2	R-HSA-2024096	REACTOME_HS_GAG_DEGRADATION	1.58495972951209e-51	3.39711505165049e-51	1.67940017257643	6.7440164564611	4.28834728487749e-16	1	6	12	3.34306028071604e-06	1	0	6.5695203595606	-5.95305678721919
NRP1	ROBO1	R-HSA-373752	REACTOME_NETRIN_1_SIGNALING	2.17406585094315e-51	4.64392297412347e-51	1.89828954603297	6.83683290161393	2.72072164732931e-10	1	8	15	2.43644059470615e-06	1	0	3.76033350574528	-3.61475788608394
GNAS	ADCY1	R-HSA-9634597	REACTOME_GPER1_SIGNALING	1.00579035273131e-50	2.1411401407297e-50	4.03137536308105	10.989538701412	2.70666375816616e-19	1	8	16	0.00011399461554245	1	0	3.97442598633081	-5.19253405910747
ICAM2	ITGAM	R-HSA-216083	REACTOME_INTEGRIN_CELL_SURFACE_INTERACTIONS	1.51651209059064e-50	3.21746484084771e-50	3.90506526964816	17.6295571013408	3.41667130364892e-15	1	5	10	5.25820314899633e-07	1	0	3.36233332379401	1.01250985484145
TNFSF13	SDC2	R-HSA-2024096	REACTOME_HS_GAG_DEGRADATION	4.16779211841916e-50	8.8127052200917e-50	1.60875278493508	6.7440164564611	1.12765893556542e-14	1	6	12	3.34306028071604e-06	1	0	3.96106931077195	-5.95305678721919
DLL1	NOTCH1	R-HSA-9725371	REACTOME_NUCLEAR_EVENTS_STIMULATED_BY_ALK_SIGNALING_IN_CANCER	7.2549435028523e-50	1.52889413415813e-49	1.06164985813785	1.60069739973573	2.52450894650973e-09	1	13	24	0.000121782327988844	1	0	4.25625476997444	5.27286760177124
TGFB1	SDC2	R-HSA-2187338	REACTOME_VISUAL_PHOTOTRANSDUCTION	1.15901854942606e-49	2.42621216346522e-49	2.05487257195855	6.7440164564611	3.54312557495541e-16	1	6	11	9.44083927128532e-07	1	0	-1.39063821020999	-5.95305678721919
TGFB1	SDC2	R-HSA-6806667	REACTOME_METABOLISM_OF_FAT_SOLUBLE_VITAMINS	1.15901854942606e-49	2.42621216346522e-49	2.05487257195855	6.7440164564611	3.54312557495541e-16	1	6	11	9.44083927128532e-07	1	0	-1.39063821020999	-5.95305678721919
MMP2	SDC2	R-HSA-2187338	REACTOME_VISUAL_PHOTOTRANSDUCTION	1.40279364770086e-49	2.91706758528522e-49	1.67940017257643	6.7440164564611	4.28834728487749e-16	1	6	11	9.44083927128532e-07	1	0	6.5695203595606	-5.95305678721919
MMP2	SDC2	R-HSA-6806667	REACTOME_METABOLISM_OF_FAT_SOLUBLE_VITAMINS	1.40279364770086e-49	2.91706758528522e-49	1.67940017257643	6.7440164564611	4.28834728487749e-16	1	6	11	9.44083927128532e-07	1	0	6.5695203595606	-5.95305678721919
TGFB1	ACVRL1	R-HSA-201451	REACTOME_SIGNALING_BY_BMP	1.72272121239033e-49	3.57052449300701e-49	2.05487257195855	5.78970492647317	3.97335410755342e-15	1	9	17	4.94997564138815e-05	1	0	-1.39063821020999	-2.04684389501395
ADAM28	ITGA4	R-HSA-216083	REACTOME_INTEGRIN_CELL_SURFACE_INTERACTIONS	2.89178595006274e-49	5.97382097578751e-49	11.4455905418167	12.9907021611148	6.51513570724411e-14	1	5	10	5.25820314899633e-07	1	0	-0.336583724608113	6.0277376851527
GNAS	ADCY1	R-HSA-1489509	REACTOME_DAG_AND_IP3_SIGNALING	1.23067673039366e-48	2.5339835629089e-48	4.03137536308105	10.989538701412	2.70666375816616e-19	1	8	15	7.18074322938798e-05	1	0	3.97442598633081	-5.19253405910747
UBC	NOTCH1	R-HSA-8986944	REACTOME_TRANSCRIPTIONAL_REGULATION_BY_MECP2	1.84057671291156e-48	3.7773927310734e-48	3.57563146033348	1.60069739973573	1.1517026902564e-12	1	15	28	0.000794955858697269	1	0	3.83073089347309	5.27286760177124
ADAM15	ITGA5	R-HSA-216083	REACTOME_INTEGRIN_CELL_SURFACE_INTERACTIONS	2.60630506482438e-48	5.33146443227919e-48	1.53114347477818	2.07826981282619	1.063381616313e-11	1	6	11	2.84521949452609e-07	1	0	6.59301590703664	-1.80245868588719
TGFB1	SDC2	R-HSA-2022928	REACTOME_HS_GAG_BIOSYNTHESIS	3.22687425383651e-48	6.55817809517581e-48	2.05487257195855	6.7440164564611	3.54312557495541e-16	1	5	10	1.87440384117608e-06	1	0	-1.39063821020999	-5.95305678721919
TGFB1	SDC2	R-HSA-9820960	REACTOME_RESPIRATORY_SYNCYTIAL_VIRUS_RSV_ATTACHMENT_AND_ENTRY	3.22687425383651e-48	6.55817809517581e-48	2.05487257195855	6.7440164564611	3.54312557495541e-16	1	5	10	1.87440384117608e-06	1	0	-1.39063821020999	-5.95305678721919
TNF	TNFRSF1B	R-HSA-6783783	REACTOME_INTERLEUKIN_10_SIGNALING	3.49293683041668e-48	7.07601396613444e-48	9.86697561558859	3.5368052185439	1.29507645757425e-17	1	7	13	1.48223128804936e-05	1	0	-3.74914991333805	5.16792685909877
TNFSF13	SDC2	R-HSA-2187338	REACTOME_VISUAL_PHOTOTRANSDUCTION	3.68877025693005e-48	7.42483244023099e-48	1.60875278493508	6.7440164564611	1.12765893556542e-14	1	6	11	9.44083927128532e-07	1	0	3.96106931077195	-5.95305678721919
TNFSF13	SDC2	R-HSA-6806667	REACTOME_METABOLISM_OF_FAT_SOLUBLE_VITAMINS	3.68877025693005e-48	7.42483244023099e-48	1.60875278493508	6.7440164564611	1.12765893556542e-14	1	6	11	9.44083927128532e-07	1	0	3.96106931077195	-5.95305678721919
YWHAZ	CSF2RB	R-HSA-451927	REACTOME_INTERLEUKIN_2_FAMILY_SIGNALING	3.81403732866924e-48	7.65244550288908e-48	1.46152707204408	7.65254123242469	3.95351206323907e-14	1	11	20	0.000117985032455814	1	0	6.82704897889915	4.33215491868096
MMP2	SDC2	R-HSA-2022928	REACTOME_HS_GAG_BIOSYNTHESIS	3.90557917080176e-48	7.78636101353494e-48	1.67940017257643	6.7440164564611	4.28834728487749e-16	1	5	10	1.87440384117608e-06	1	0	6.5695203595606	-5.95305678721919
MMP2	SDC2	R-HSA-9820960	REACTOME_RESPIRATORY_SYNCYTIAL_VIRUS_RSV_ATTACHMENT_AND_ENTRY	3.90557917080176e-48	7.78636101353494e-48	1.67940017257643	6.7440164564611	4.28834728487749e-16	1	5	10	1.87440384117608e-06	1	0	6.5695203595606	-5.95305678721919
CALM3	PLPP6	R-HSA-191273	REACTOME_CHOLESTEROL_BIOSYNTHESIS	1.41227942382216e-47	2.8066818929124e-47	1.15803973026608	1.57952750890122	5.23902608513079e-10	1	12	22	0.000112972725294433	1	0	0.0905799434324896	-3.07623741332667
ADAM15	ITGA5	R-HSA-9634597	REACTOME_GPER1_SIGNALING	1.77767523753399e-47	3.5217036251462e-47	1.53114347477818	2.07826981282619	1.063381616313e-11	1	10	19	8.42925951531462e-05	1	0	6.59301590703664	-1.80245868588719
ABCA1	RXRA	R-HSA-400253	REACTOME_CIRCADIAN_CLOCK	2.5606059216942e-47	5.05679408435206e-47	3.50717001438836	1.42633796326735	3.48606003900238e-09	1	23	43	0.00410586062877125	1	0	-6.20417452604792	4.33072062880602
B2M	TFRC	R-HSA-199992	REACTOME_TRANS_GOLGI_NETWORK_VESICLE_BUDDING	8.81724145887007e-47	1.73580803641705e-46	1.38696062008033	2.06428719840872	1.10903326188333e-08	1	17	31	0.00078554967161628	1	0	1.73911837527151	-3.96213831293091
TNFSF13	SDC2	R-HSA-2022928	REACTOME_HS_GAG_BIOSYNTHESIS	1.02700666665774e-46	2.00922176529925e-46	1.60875278493508	6.7440164564611	1.12765893556542e-14	1	5	10	1.87440384117608e-06	1	0	3.96106931077195	-5.95305678721919
TNFSF13	SDC2	R-HSA-9820960	REACTOME_RESPIRATORY_SYNCYTIAL_VIRUS_RSV_ATTACHMENT_AND_ENTRY	1.02700666665774e-46	2.00922176529925e-46	1.60875278493508	6.7440164564611	1.12765893556542e-14	1	5	10	1.87440384117608e-06	1	0	3.96106931077195	-5.95305678721919
ADAM15	ITGA5	R-HSA-1566948	REACTOME_ELASTIC_FIBRE_FORMATION	1.03837520715642e-46	2.02515413072742e-46	1.53114347477818	2.07826981282619	1.063381616313e-11	1	6	11	5.25820314899633e-07	1	0	6.59301590703664	-1.80245868588719
GNAS	ADCY9	R-HSA-9634597	REACTOME_GPER1_SIGNALING	1.25979126602428e-46	2.44937744601625e-46	4.03137536308105	2.93449394930792	3.3902009035407e-15	1	8	16	0.00011399461554245	1	0	3.97442598633081	6.1527765739481
TYROBP	TREM2	R-HSA-2172127	REACTOME_DAP12_INTERACTIONS	1.71857985254986e-46	3.32082506892712e-46	11.9386185175893	16.7973749524467	2.84671674565185e-21	1	9	18	0.00103348307865651	1	0	0.550395704900247	4.87477089537038
TYROBP	TREM2	R-HSA-2424491	REACTOME_DAP12_SIGNALING	1.71857985254986e-46	3.32082506892712e-46	11.9386185175893	16.7973749524467	2.84671674565185e-21	1	9	18	0.00103348307865651	1	0	0.550395704900247	4.87477089537038
SPP1	ITGA5	R-HSA-216083	REACTOME_INTEGRIN_CELL_SURFACE_INTERACTIONS	3.08530086960136e-46	5.94346302487625e-46	1.50243928958212	2.07826981282619	1.25881358625594e-09	1	6	11	2.84521949452609e-07	1	0	3.98177922727717	-1.80245868588719
GNAS	ADCY1	R-HSA-418597	REACTOME_G_ALPHA_Z_SIGNALLING_EVENTS	1.65371374588734e-45	3.1566329252804e-45	4.03137536308105	10.989538701412	2.70666375816616e-19	1	4	9	2.0431249465354e-05	1	0	3.97442598633081	-5.19253405910747
GNAS	ADCY1	R-HSA-977443	REACTOME_GABA_RECEPTOR_ACTIVATION	1.65371374588734e-45	3.1566329252804e-45	4.03137536308105	10.989538701412	2.70666375816616e-19	1	4	9	2.0431249465354e-05	1	0	3.97442598633081	-5.19253405910747
GNAS	ADCY1	R-HSA-977444	REACTOME_GABA_B_RECEPTOR_ACTIVATION	1.65371374588734e-45	3.1566329252804e-45	4.03137536308105	10.989538701412	2.70666375816616e-19	1	4	9	2.0431249465354e-05	1	0	3.97442598633081	-5.19253405910747
SPP1	ITGA5	R-HSA-9634597	REACTOME_GPER1_SIGNALING	2.1043825721921e-45	4.00470380405042e-45	1.50243928958212	2.07826981282619	1.25881358625594e-09	1	10	19	8.42925951531462e-05	1	0	3.98177922727717	-1.80245868588719
FABP5	RXRA	R-HSA-1655829	REACTOME_REGULATION_OF_CHOLESTEROL_BIOSYNTHESIS_BY_SREBP_SREBF	2.76562325409754e-45	5.2471643612485e-45	7.03526045472788	1.42633796326735	2.35409293346913e-14	1	19	35	0.00411460609443924	1	0	-1.88107147069544	4.33072062880602
DLL1	NOTCH1	R-HSA-8986944	REACTOME_TRANSCRIPTIONAL_REGULATION_BY_MECP2	4.03450683739244e-45	7.63153702976642e-45	1.06164985813785	1.60069739973573	2.52450894650973e-09	1	15	28	0.000794955858697269	1	0	4.25625476997444	5.27286760177124
SPP1	ITGA4	R-HSA-216083	REACTOME_INTEGRIN_CELL_SURFACE_INTERACTIONS	5.86759430805832e-45	1.10656132896715e-44	1.50243928958212	12.9907021611148	1.32195722132282e-09	1	5	10	5.25820314899633e-07	1	0	3.98177922727717	6.0277376851527
UBC	NOTCH1	R-HSA-1980143	REACTOME_SIGNALING_BY_NOTCH1	7.69752595565795e-45	1.44731925154287e-44	3.57563146033348	1.60069739973573	1.1517026902564e-12	1	20	38	0.00567218589786986	1	0	3.83073089347309	5.27286760177124
GNAS	ADCY1	R-HSA-111996	REACTOME_CA_DEPENDENT_EVENTS	9.39858230541679e-45	1.76188348889604e-44	4.03137536308105	10.989538701412	2.70666375816616e-19	1	7	14	0.000241520513295091	1	0	3.97442598633081	-5.19253405910747
SPP1	ITGA5	R-HSA-1566948	REACTOME_ELASTIC_FIBRE_FORMATION	1.22921141229799e-44	2.29745466346173e-44	1.50243928958212	2.07826981282619	1.25881358625594e-09	1	6	11	5.25820314899633e-07	1	0	3.98177922727717	-1.80245868588719
GNAS	ADCY9	R-HSA-1489509	REACTOME_DAG_AND_IP3_SIGNALING	1.54147014041149e-44	2.8725318937045e-44	4.03137536308105	2.93449394930792	3.3902009035407e-15	1	8	15	7.18074322938798e-05	1	0	3.97442598633081	6.1527765739481
UBC	NOTCH1	R-HSA-3781865	REACTOME_DISEASES_OF_GLYCOSYLATION	1.93100682820005e-44	3.58778783464388e-44	3.57563146033348	1.60069739973573	1.1517026902564e-12	1	3	6	5.78213254415478e-09	1	0	3.83073089347309	5.27286760177124
GNAS	ADCY1	R-HSA-9660821	REACTOME_ADORA2B_MEDIATED_ANTI_INFLAMMATORY_CYTOKINES_PRODUCTION	2.01354955804409e-44	3.73011540546222e-44	4.03137536308105	10.989538701412	2.70666375816616e-19	1	8	15	0.000241520513295091	1	0	3.97442598633081	-5.19253405910747
FABP5	RXRA	R-HSA-2151201	REACTOME_TRANSCRIPTIONAL_ACTIVATION_OF_MITOCHONDRIAL_BIOGENESIS	3.14243206833181e-44	5.80425687915405e-44	7.03526045472788	1.42633796326735	2.35409293346913e-14	1	13	24	0.00094368998629219	1	0	-1.88107147069544	4.33072062880602
VCAN	ITGA4	R-HSA-216083	REACTOME_INTEGRIN_CELL_SURFACE_INTERACTIONS	3.65856785423555e-44	6.73777305706722e-44	1.78707147818052	12.9907021611148	8.24267994800524e-09	1	5	10	5.25820314899633e-07	1	0	1.35379241825946	6.0277376851527
YWHAZ	CSF2RA	R-HSA-451927	REACTOME_INTERLEUKIN_2_FAMILY_SIGNALING	4.20257306455917e-44	7.71700551036011e-44	1.46152707204408	2.20686592282665	4.35625608131513e-10	1	11	20	0.000117985032455814	1	0	6.82704897889915	5.36668968819985
FABP5	RXRA	R-HSA-5617472	REACTOME_ACTIVATION_OF_ANTERIOR_HOX_GENES_IN_HINDBRAIN_DEVELOPMENT_DURING_EARLY_EMBRYOGENESIS	1.13907407748745e-43	2.08553504566215e-43	7.03526045472788	1.42633796326735	2.35409293346913e-14	1	22	40	0.007505095628359	1	0	-1.88107147069544	4.33072062880602
FABP5	RXRA	R-HSA-9707564	REACTOME_CYTOPROTECTION_BY_HMOX1	1.6772384216145e-43	3.06193525806368e-43	7.03526045472788	1.42633796326735	2.35409293346913e-14	1	11	20	0.000362043059159763	1	0	-1.88107147069544	4.33072062880602
UBC	NOTCH1	R-HSA-9012852	REACTOME_SIGNALING_BY_NOTCH3	2.7269293892458e-43	4.96380190274308e-43	3.57563146033348	1.60069739973573	1.1517026902564e-12	1	13	25	0.00134295711705733	1	0	3.83073089347309	5.27286760177124
UBC	NOTCH2	R-HSA-1912422	REACTOME_PRE_NOTCH_EXPRESSION_AND_PROCESSING	2.77954945844562e-43	5.04496260087818e-43	3.57563146033348	1.34997641936825	7.31668880740948e-11	1	14	27	0.00145618791931944	1	0	3.83073089347309	5.94446390999845
FARP2	NRP1	R-HSA-399956	REACTOME_CRMPS_IN_SEMA3A_SIGNALING	3.10116592126001e-43	5.61248472204981e-43	1.87455807946842	1.89828954603297	3.71251029452553e-09	1	6	11	7.51973945581498e-07	1	0	-0.262160712832187	3.76033350574528
TGFB1	SDC2	R-HSA-3656237	REACTOME_DEFECTIVE_EXT2_CAUSES_EXOSTOSES_2	4.59079991117328e-43	8.23720669776234e-43	2.05487257195855	6.7440164564611	3.54312557495541e-16	1	4	8	1.87440384117608e-06	1	0	-1.39063821020999	-5.95305678721919
TGFB1	SDC2	R-HSA-9694614	REACTOME_ATTACHMENT_AND_ENTRY	4.59079991117328e-43	8.23720669776234e-43	2.05487257195855	6.7440164564611	3.54312557495541e-16	1	4	8	1.87440384117608e-06	1	0	-1.39063821020999	-5.95305678721919
TGFB1	SDC2	R-HSA-9772572	REACTOME_EARLY_SARS_COV_2_INFECTION_EVENTS	4.59079991117328e-43	8.23720669776234e-43	2.05487257195855	6.7440164564611	3.54312557495541e-16	1	4	8	1.87440384117608e-06	1	0	-1.39063821020999	-5.95305678721919
MMP2	SDC2	R-HSA-3656237	REACTOME_DEFECTIVE_EXT2_CAUSES_EXOSTOSES_2	5.55637781332193e-43	9.88500075571154e-43	1.67940017257643	6.7440164564611	4.28834728487749e-16	1	4	8	1.87440384117608e-06	1	0	6.5695203595606	-5.95305678721919
MMP2	SDC2	R-HSA-9694614	REACTOME_ATTACHMENT_AND_ENTRY	5.55637781332193e-43	9.88500075571154e-43	1.67940017257643	6.7440164564611	4.28834728487749e-16	1	4	8	1.87440384117608e-06	1	0	6.5695203595606	-5.95305678721919
MMP2	SDC2	R-HSA-9772572	REACTOME_EARLY_SARS_COV_2_INFECTION_EVENTS	5.55637781332193e-43	9.88500075571154e-43	1.67940017257643	6.7440164564611	4.28834728487749e-16	1	4	8	1.87440384117608e-06	1	0	6.5695203595606	-5.95305678721919
CALM3	PDE1B	R-HSA-1489509	REACTOME_DAG_AND_IP3_SIGNALING	5.70516678398345e-43	1.0121030339948e-42	1.15803973026608	5.64723103867455	1.25475421669523e-13	1	8	15	7.18074322938798e-05	1	0	0.0905799434324896	1.07807167979185
UBC	NOTCH1	R-HSA-1912422	REACTOME_PRE_NOTCH_EXPRESSION_AND_PROCESSING	9.45413718076957e-43	1.67245018296431e-42	3.57563146033348	1.60069739973573	1.1517026902564e-12	1	14	27	0.00213911222651957	1	0	3.83073089347309	5.27286760177124
ALOX5AP	ALOX5	R-HSA-2142753	REACTOME_ARACHIDONIC_ACID_METABOLISM	3.28154452381577e-42	5.78879202515816e-42	15.9085124540266	11.519812542446	3.35646561784364e-23	1	3	7	8.58238090186072e-05	1	0	-6.29915988117961	-2.80232844757037
B2M	TYROBP	R-HSA-2172127	REACTOME_DAP12_INTERACTIONS	1.23434152946933e-41	2.16526949862218e-41	1.38696062008033	11.9386185175893	2.32567614739739e-14	1	10	19	0.000597233313430613	1	0	1.73911837527151	0.550395704900247
B2M	TYROBP	R-HSA-2424491	REACTOME_DAP12_SIGNALING	1.23434152946933e-41	2.16526949862218e-41	1.38696062008033	11.9386185175893	2.32567614739739e-14	1	10	19	0.000597233313430613	1	0	1.73911837527151	0.550395704900247
FARP2	NRP1	R-HSA-9694614	REACTOME_ATTACHMENT_AND_ENTRY	1.35245820451304e-41	2.35928820120607e-41	1.87455807946842	1.89828954603297	3.71251029452553e-09	1	4	9	1.87440384117608e-06	1	0	-0.262160712832187	3.76033350574528
FARP2	NRP1	R-HSA-9772572	REACTOME_EARLY_SARS_COV_2_INFECTION_EVENTS	1.35245820451304e-41	2.35928820120607e-41	1.87455807946842	1.89828954603297	3.71251029452553e-09	1	4	9	1.87440384117608e-06	1	0	-0.262160712832187	3.76033350574528
TNFSF13	SDC2	R-HSA-3656237	REACTOME_DEFECTIVE_EXT2_CAUSES_EXOSTOSES_2	1.4610988043495e-41	2.5277411821804e-41	1.60875278493508	6.7440164564611	1.12765893556542e-14	1	4	8	1.87440384117608e-06	1	0	3.96106931077195	-5.95305678721919
TNFSF13	SDC2	R-HSA-9694614	REACTOME_ATTACHMENT_AND_ENTRY	1.4610988043495e-41	2.5277411821804e-41	1.60875278493508	6.7440164564611	1.12765893556542e-14	1	4	8	1.87440384117608e-06	1	0	3.96106931077195	-5.95305678721919
TNFSF13	SDC2	R-HSA-9772572	REACTOME_EARLY_SARS_COV_2_INFECTION_EVENTS	1.4610988043495e-41	2.5277411821804e-41	1.60875278493508	6.7440164564611	1.12765893556542e-14	1	4	8	1.87440384117608e-06	1	0	3.96106931077195	-5.95305678721919
DLL1	NOTCH1	R-HSA-1980143	REACTOME_SIGNALING_BY_NOTCH1	1.68728208290658e-41	2.91102513204762e-41	1.06164985813785	1.60069739973573	2.52450894650973e-09	1	20	38	0.00567218589786986	1	0	4.25625476997444	5.27286760177124
SLPI	CD4	R-HSA-389948	REACTOME_PD_1_SIGNALING	1.75017478920598e-41	3.01125963731878e-41	10.7587671001445	13.6007524623245	2.13465442344454e-18	1	2	5	1.13160812934699e-06	1	0	0.52892351710641	-6.29915988117961
GNAS	ADCY9	R-HSA-418597	REACTOME_G_ALPHA_Z_SIGNALLING_EVENTS	2.0713403423643e-41	3.53478732338255e-41	4.03137536308105	2.93449394930792	3.3902009035407e-15	1	4	9	2.0431249465354e-05	1	0	3.97442598633081	6.1527765739481
GNAS	ADCY9	R-HSA-977443	REACTOME_GABA_RECEPTOR_ACTIVATION	2.0713403423643e-41	3.53478732338255e-41	4.03137536308105	2.93449394930792	3.3902009035407e-15	1	4	9	2.0431249465354e-05	1	0	3.97442598633081	6.1527765739481
GNAS	ADCY9	R-HSA-977444	REACTOME_GABA_B_RECEPTOR_ACTIVATION	2.0713403423643e-41	3.53478732338255e-41	4.03137536308105	2.93449394930792	3.3902009035407e-15	1	4	9	2.0431249465354e-05	1	0	3.97442598633081	6.1527765739481
B2M	TREM2	R-HSA-2172127	REACTOME_DAP12_INTERACTIONS	3.36551551423735e-41	5.71228038632717e-41	1.38696062008033	16.7973749524467	5.57475950734304e-16	1	9	18	0.00103348307865651	1	0	1.73911837527151	4.87477089537038
B2M	TREM2	R-HSA-2424491	REACTOME_DAP12_SIGNALING	3.36551551423735e-41	5.71228038632717e-41	1.38696062008033	16.7973749524467	5.57475950734304e-16	1	9	18	0.00103348307865651	1	0	1.73911837527151	4.87477089537038
B2M	TYROBP	R-HSA-391160	REACTOME_SIGNAL_REGULATORY_PROTEIN_FAMILY_INTERACTIONS	4.19320315865178e-41	7.0979287968553e-41	1.38696062008033	11.9386185175893	2.32567614739739e-14	1	3	7	2.43644059470615e-06	1	0	1.73911837527151	0.550395704900247
DLL1	NOTCH1	R-HSA-3781865	REACTOME_DISEASES_OF_GLYCOSYLATION	4.23272781665304e-41	7.1455727657476e-41	1.06164985813785	1.60069739973573	2.52450894650973e-09	1	3	6	5.78213254415478e-09	1	0	4.25625476997444	5.27286760177124
GNAS	ADCY9	R-HSA-111996	REACTOME_CA_DEPENDENT_EVENTS	1.1772087363158e-40	1.98200291261749e-40	4.03137536308105	2.93449394930792	3.3902009035407e-15	1	7	14	0.000241520513295091	1	0	3.97442598633081	6.1527765739481
GNAS	ADCY1	R-HSA-164378	REACTOME_PKA_ACTIVATION_IN_GLUCAGON_SIGNALLING	1.24678016658278e-40	2.09352391608017e-40	4.03137536308105	10.989538701412	2.70666375816616e-19	1	5	10	0.00011399461554245	1	0	3.97442598633081	-5.19253405910747
GNAS	ADCY9	R-HSA-9660821	REACTOME_ADORA2B_MEDIATED_ANTI_INFLAMMATORY_CYTOKINES_PRODUCTION	2.52204859595493e-40	4.22359071535919e-40	4.03137536308105	2.93449394930792	3.3902009035407e-15	1	8	15	0.000241520513295091	1	0	3.97442598633081	6.1527765739481
GNAS	ADCY1	R-HSA-163359	REACTOME_GLUCAGON_SIGNALING_IN_METABOLIC_REGULATION	2.74264835921038e-40	4.54454662159398e-40	4.03137536308105	10.989538701412	2.70666375816616e-19	1	6	11	0.00011399461554245	1	0	3.97442598633081	-5.19253405910747
GNAS	ADCY1	R-HSA-432040	REACTOME_VASOPRESSIN_REGULATES_RENAL_WATER_HOMEOSTASIS_VIA_AQUAPORINS	2.74264835921038e-40	4.54454662159398e-40	4.03137536308105	10.989538701412	2.70666375816616e-19	1	6	11	0.00011399461554245	1	0	3.97442598633081	-5.19253405910747
GNAS	ADCY1	R-HSA-445717	REACTOME_AQUAPORIN_MEDIATED_TRANSPORT	2.74264835921038e-40	4.54454662159398e-40	4.03137536308105	10.989538701412	2.70666375816616e-19	1	6	11	0.00011399461554245	1	0	3.97442598633081	-5.19253405910747
GNAS	ADCY1	R-HSA-111931	REACTOME_PKA_MEDIATED_PHOSPHORYLATION_OF_CREB	2.74264835921038e-40	4.54454662159398e-40	4.03137536308105	10.989538701412	2.70666375816616e-19	1	6	11	0.00011399461554245	1	0	3.97442598633081	-5.19253405910747
ABCA1	RXRA	R-HSA-1655829	REACTOME_REGULATION_OF_CHOLESTEROL_BIOSYNTHESIS_BY_SREBP_SREBF	4.09547497975682e-40	6.76831128233495e-40	3.50717001438836	1.42633796326735	3.48606003900238e-09	1	19	35	0.00411460609443924	1	0	-6.20417452604792	4.33072062880602
DLL1	NOTCH1	R-HSA-9012852	REACTOME_SIGNALING_BY_NOTCH3	5.97737393330109e-40	9.85246937037555e-40	1.06164985813785	1.60069739973573	2.52450894650973e-09	1	13	25	0.00134295711705733	1	0	4.25625476997444	5.27286760177124
DLL1	NOTCH2	R-HSA-1912422	REACTOME_PRE_NOTCH_EXPRESSION_AND_PROCESSING	6.09271605812614e-40	1.00162976034116e-39	1.06164985813785	1.34997641936825	1.60380335214991e-07	1	14	27	0.00145618791931944	1	0	4.25625476997444	5.94446390999845
CALM3	INSR	R-HSA-74751	REACTOME_INSULIN_RECEPTOR_SIGNALLING_CASCADE	1.34287759808171e-39	2.19616440519612e-39	1.15803973026608	1.68122778865516	3.57400584177271e-09	1	14	26	0.00131936479704444	1	0	0.0905799434324896	4.15533419045177
CALM3	INSR	R-HSA-74752	REACTOME_SIGNALING_BY_INSULIN_RECEPTOR	1.34287759808171e-39	2.19616440519612e-39	1.15803973026608	1.68122778865516	3.57400584177271e-09	1	14	26	0.00131936479704444	1	0	0.0905799434324896	4.15533419045177
DLL1	NOTCH1	R-HSA-1912422	REACTOME_PRE_NOTCH_EXPRESSION_AND_PROCESSING	2.07232770195836e-39	3.38031635540221e-39	1.06164985813785	1.60069739973573	2.52450894650973e-09	1	14	27	0.00213911222651957	1	0	4.25625476997444	5.27286760177124
CALM3	PDE1B	R-HSA-111996	REACTOME_CA_DEPENDENT_EVENTS	4.3569914227798e-39	7.08857671892672e-39	1.15803973026608	5.64723103867455	1.25475421669523e-13	1	7	14	0.000241520513295091	1	0	0.0905799434324896	1.07807167979185
ABCA1	RXRA	R-HSA-2151201	REACTOME_TRANSCRIPTIONAL_ACTIVATION_OF_MITOCHONDRIAL_BIOGENESIS	4.65347255537088e-39	7.55137148520132e-39	3.50717001438836	1.42633796326735	3.48606003900238e-09	1	13	24	0.00094368998629219	1	0	-6.20417452604792	4.33072062880602
SLPI	CD4	R-HSA-202433	REACTOME_GENERATION_OF_SECOND_MESSENGER_MOLECULES	5.55847912965001e-39	8.99671364283559e-39	10.7587671001445	13.6007524623245	2.13465442344454e-18	1	3	7	4.15611769946172e-05	1	0	0.52892351710641	-6.29915988117961
FABP5	RXRA	R-HSA-9839394	REACTOME_TGFBR3_EXPRESSION	1.13881106336637e-38	1.83849189664288e-38	7.03526045472788	1.42633796326735	2.35409293346913e-14	1	8	16	0.000703995472168317	1	0	-1.88107147069544	4.33072062880602
FABP5	RXRA	R-HSA-381340	REACTOME_TRANSCRIPTIONAL_REGULATION_OF_WHITE_ADIPOCYTE_DIFFERENTIATION	1.14795889447829e-38	1.84850816854452e-38	7.03526045472788	1.42633796326735	2.35409293346913e-14	1	15	29	0.00717740860409538	1	0	-1.88107147069544	4.33072062880602
ARTN	RET	R-HSA-8853659	REACTOME_RET_SIGNALING	1.52993589828118e-38	2.45728834813448e-38	4.85866162723582	6.49995521125445	6.56190890513263e-16	1	8	16	0.00108314569949251	1	0	3.00186208735413	-1.9762788729679
ABCA1	RXRA	R-HSA-5617472	REACTOME_ACTIVATION_OF_ANTERIOR_HOX_GENES_IN_HINDBRAIN_DEVELOPMENT_DURING_EARLY_EMBRYOGENESIS	1.68679858239104e-38	2.70232017791218e-38	3.50717001438836	1.42633796326735	3.48606003900238e-09	1	22	40	0.007505095628359	1	0	-6.20417452604792	4.33072062880602
UBC	NOTCH1	R-HSA-2122947	REACTOME_NOTCH1_INTRACELLULAR_DOMAIN_REGULATES_TRANSCRIPTION	1.6942650142014e-38	2.70737513719714e-38	3.57563146033348	1.60069739973573	1.1517026902564e-12	1	15	28	0.00410586062877125	1	0	3.83073089347309	5.27286760177124
ABCA1	RXRA	R-HSA-9707564	REACTOME_CYTOPROTECTION_BY_HMOX1	2.48373959852695e-38	3.95885397937798e-38	3.50717001438836	1.42633796326735	3.48606003900238e-09	1	11	20	0.000362043059159763	1	0	-6.20417452604792	4.33072062880602
S100A9	TLR4	R-HSA-936964	REACTOME_ACTIVATION_OF_IRF3_IRF7_MEDIATED_BY_TBK1_IKK_IKBKE	3.02119587884869e-38	4.80331901751133e-38	18.4885634396239	4.61290488106845	8.26954640670327e-14	1	6	11	3.04101552201337e-05	1	0	4.04781870740767	3.13067103956041
TGFB1	SDC2	R-HSA-3000170	REACTOME_SYNDECAN_INTERACTIONS	7.8581880738703e-38	1.24619750262388e-37	2.05487257195855	6.7440164564611	3.54312557495541e-16	1	3	7	2.53949283700782e-05	1	0	-1.39063821020999	-5.95305678721919
MMP2	SDC2	R-HSA-3000170	REACTOME_SYNDECAN_INTERACTIONS	9.51099213892878e-38	1.50450958771972e-37	1.67940017257643	6.7440164564611	4.28834728487749e-16	1	3	7	2.53949283700782e-05	1	0	6.5695203595606	-5.95305678721919
TNF	TNFRSF1B	R-HSA-5668541	REACTOME_TNFR2_NON_CANONICAL_NF_KB_PATHWAY	1.21560484769359e-37	1.91809006118486e-37	9.86697561558859	3.5368052185439	1.29507645757425e-17	1	12	22	0.00446086869263584	1	0	-3.74914991333805	5.16792685909877
UBC	TLR4	R-HSA-936964	REACTOME_ACTIVATION_OF_IRF3_IRF7_MEDIATED_BY_TBK1_IKK_IKBKE	1.44884515528466e-37	2.28038786345556e-37	3.57563146033348	4.61290488106845	3.9657449328706e-13	1	6	11	3.04101552201337e-05	1	0	3.83073089347309	3.13067103956041
GNAS	ADCY1	R-HSA-170670	REACTOME_ADENYLATE_CYCLASE_INHIBITORY_PATHWAY	7.07442384666525e-37	1.11068454392644e-36	4.03137536308105	10.989538701412	2.70666375816616e-19	1	3	6	2.0431249465354e-05	1	0	3.97442598633081	-5.19253405910747
PTDSS1	SCARB1	R-HSA-174824	REACTOME_PLASMA_LIPOPROTEIN_ASSEMBLY_REMODELING_AND_CLEARANCE	7.79577986538796e-37	1.22088522580141e-36	1.99950334999693	2.30744215076749	1.66525887458853e-12	1	13	25	0.00410586062877125	1	0	7.13266426431184	4.87837688245602
FABP5	RXRA	R-HSA-2426168	REACTOME_ACTIVATION_OF_GENE_EXPRESSION_BY_SREBF_SREBP	8.24369414663001e-37	1.28782087663772e-36	7.03526045472788	1.42633796326735	2.35409293346913e-14	1	14	26	0.00543326513815427	1	0	-1.88107147069544	4.33072062880602
S100A9	TLR4	R-HSA-1236975	REACTOME_ANTIGEN_PROCESSING_CROSS_PRESENTATION	1.2715947079254e-36	1.98154212550161e-36	18.4885634396239	4.61290488106845	8.26954640670327e-14	1	9	18	0.00179949135425785	1	0	4.04781870740767	3.13067103956041
GNAS	ADCY9	R-HSA-164378	REACTOME_PKA_ACTIVATION_IN_GLUCAGON_SIGNALLING	1.56164031624281e-36	2.42750029356556e-36	4.03137536308105	2.93449394930792	3.3902009035407e-15	1	5	10	0.00011399461554245	1	0	3.97442598633081	6.1527765739481
FABP5	RXRA	R-HSA-9843743	REACTOME_TRANSCRIPTIONAL_REGULATION_OF_BROWN_AND_BEIGE_ADIPOCYTE_DIFFERENTIATION	1.8818077610095e-36	2.91796363929374e-36	7.03526045472788	1.42633796326735	2.35409293346913e-14	1	6	11	7.46519983607018e-05	1	0	-1.88107147069544	4.33072062880602
TNFSF13	SDC2	R-HSA-3000170	REACTOME_SYNDECAN_INTERACTIONS	2.50099969966912e-36	3.86854140736998e-36	1.60875278493508	6.7440164564611	1.12765893556542e-14	1	3	7	2.53949283700782e-05	1	0	3.96106931077195	-5.95305678721919
GNAS	ADCY9	R-HSA-163359	REACTOME_GLUCAGON_SIGNALING_IN_METABOLIC_REGULATION	3.4352730062744e-36	5.26183279985445e-36	4.03137536308105	2.93449394930792	3.3902009035407e-15	1	6	11	0.00011399461554245	1	0	3.97442598633081	6.1527765739481
GNAS	ADCY9	R-HSA-432040	REACTOME_VASOPRESSIN_REGULATES_RENAL_WATER_HOMEOSTASIS_VIA_AQUAPORINS	3.4352730062744e-36	5.26183279985445e-36	4.03137536308105	2.93449394930792	3.3902009035407e-15	1	6	11	0.00011399461554245	1	0	3.97442598633081	6.1527765739481
GNAS	ADCY9	R-HSA-445717	REACTOME_AQUAPORIN_MEDIATED_TRANSPORT	3.4352730062744e-36	5.26183279985445e-36	4.03137536308105	2.93449394930792	3.3902009035407e-15	1	6	11	0.00011399461554245	1	0	3.97442598633081	6.1527765739481
GNAS	ADCY9	R-HSA-111931	REACTOME_PKA_MEDIATED_PHOSPHORYLATION_OF_CREB	3.4352730062744e-36	5.26183279985445e-36	4.03137536308105	2.93449394930792	3.3902009035407e-15	1	6	11	0.00011399461554245	1	0	3.97442598633081	6.1527765739481
UBC	TLR4	R-HSA-1236975	REACTOME_ANTIGEN_PROCESSING_CROSS_PRESENTATION	6.09806151584386e-36	9.31771929914828e-36	3.57563146033348	4.61290488106845	3.9657449328706e-13	1	9	18	0.00179949135425785	1	0	3.83073089347309	3.13067103956041
FABP5	RXRA	R-HSA-211859	REACTOME_BIOLOGICAL_OXIDATIONS	1.13019840102242e-35	1.71855834344329e-35	7.03526045472788	1.42633796326735	2.35409293346913e-14	1	5	10	0.000114783761344984	1	0	-1.88107147069544	4.33072062880602
FABP5	RXRA	R-HSA-211945	REACTOME_PHASE_I_FUNCTIONALIZATION_OF_COMPOUNDS	1.13019840102242e-35	1.71855834344329e-35	7.03526045472788	1.42633796326735	2.35409293346913e-14	1	5	10	0.000114783761344984	1	0	-1.88107147069544	4.33072062880602
B2M	TFRC	R-HSA-9013149	REACTOME_RAC1_GTPASE_CYCLE	1.17658909715437e-35	1.78477766428248e-35	1.38696062008033	2.06428719840872	1.10903326188333e-08	1	11	20	0.000597233313430613	1	0	1.73911837527151	-3.96213831293091
B2M	TFRC	R-HSA-9013148	REACTOME_CDC42_GTPASE_CYCLE	1.40631847088304e-35	2.12811566196276e-35	1.38696062008033	2.06428719840872	1.10903326188333e-08	1	8	16	0.000363608671865122	1	0	1.73911837527151	-3.96213831293091
GNAS	ADCY1	R-HSA-170660	REACTOME_ADENYLATE_CYCLASE_ACTIVATING_PATHWAY	1.53686261069295e-35	2.32007144114224e-35	4.03137536308105	10.989538701412	2.70666375816616e-19	1	2	4	2.42129206173949e-06	1	0	3.97442598633081	-5.19253405910747
TNFSF14	LTBR	R-HSA-5668541	REACTOME_TNFR2_NON_CANONICAL_NF_KB_PATHWAY	2.11672148858061e-35	3.18777240966097e-35	13.154909072412	1.18285870541173	2.25510466851417e-15	1	12	22	0.00446086869263584	1	0	5.22577864558122	4.07940112034884
VCAN	TLR2	R-HSA-1236975	REACTOME_ANTIGEN_PROCESSING_CROSS_PRESENTATION	2.22938976478849e-35	3.34941811551955e-35	1.78707147818052	5.22046770622329	2.769069815168e-08	1	11	20	0.00058097144325594	1	0	1.35379241825946	3.43412978434477
DLL1	NOTCH1	R-HSA-2122947	REACTOME_NOTCH1_INTRACELLULAR_DOMAIN_REGULATES_TRANSCRIPTION	3.71379456025899e-35	5.56626010463639e-35	1.06164985813785	1.60069739973573	2.52450894650973e-09	1	15	28	0.00410586062877125	1	0	4.25625476997444	5.27286760177124
ALOX5AP	ALOX5	R-HSA-2142691	REACTOME_SYNTHESIS_OF_LEUKOTRIENES_LT_AND_EOXINS_EX	8.48667546581806e-35	1.26896004584137e-34	15.9085124540266	11.519812542446	3.35646561784364e-23	1	2	4	8.58238090186072e-05	1	0	-6.29915988117961	-2.80232844757037
FABP5	RXRA	R-HSA-9029569	REACTOME_NR1H3_NR1H2_REGULATE_GENE_EXPRESSION_LINKED_TO_CHOLESTEROL_TRANSPORT_AND_EFFLUX	8.67006289380483e-35	1.2933015433039e-34	7.03526045472788	1.42633796326735	2.35409293346913e-14	1	13	25	0.00821524950318	1	0	-1.88107147069544	4.33072062880602
UBC	NOTCH1	R-HSA-9013508	REACTOME_NOTCH3_INTRACELLULAR_DOMAIN_REGULATES_TRANSCRIPTION	1.1836161389566e-34	1.76140032053258e-34	3.57563146033348	1.60069739973573	1.1517026902564e-12	1	8	16	0.00127739973556054	1	0	3.83073089347309	5.27286760177124
S100A9	TLR4	R-HSA-5260271	REACTOME_DISEASES_OF_IMMUNE_SYSTEM	1.85066723607521e-34	2.74756270509511e-34	18.4885634396239	4.61290488106845	8.26954640670327e-14	1	8	16	0.00179949135425785	1	0	4.04781870740767	3.13067103956041
FABP5	RXRA	R-HSA-383280	REACTOME_NUCLEAR_RECEPTOR_TRANSCRIPTION_PATHWAY	2.70691491617082e-34	4.00929850791339e-34	7.03526045472788	1.42633796326735	2.35409293346913e-14	1	9	18	0.00349191713481712	1	0	-1.88107147069544	4.33072062880602
UBC	TLR4	R-HSA-5260271	REACTOME_DISEASES_OF_IMMUNE_SYSTEM	8.87506261280025e-34	1.3114210166679e-33	3.57563146033348	4.61290488106845	3.9657449328706e-13	1	8	16	0.00179949135425785	1	0	3.83073089347309	3.13067103956041
UBC	NOTCH1	R-HSA-9013694	REACTOME_SIGNALING_BY_NOTCH4	9.53789149734447e-34	1.40605536627519e-33	3.57563146033348	1.60069739973573	1.1517026902564e-12	1	11	20	0.00232310818570186	1	0	3.83073089347309	5.27286760177124
FABP5	RXRA	R-HSA-9024446	REACTOME_NR1H2_AND_NR1H3_MEDIATED_SIGNALING	1.02985994578378e-33	1.5146417937991e-33	7.03526045472788	1.42633796326735	2.35409293346913e-14	1	16	30	0.0147708864350781	1	0	-1.88107147069544	4.33072062880602
ADAM15	ITGA5	R-HSA-445144	REACTOME_SIGNAL_TRANSDUCTION_BY_L1	1.15656093124859e-33	1.69700996454232e-33	1.53114347477818	2.07826981282619	1.063381616313e-11	1	8	15	0.000600750757093424	1	0	6.59301590703664	-1.80245868588719
ABCA1	RXRA	R-HSA-9839394	REACTOME_TGFBR3_EXPRESSION	1.68640909776019e-33	2.46868278180279e-33	3.50717001438836	1.42633796326735	3.48606003900238e-09	1	8	16	0.000703995472168317	1	0	-6.20417452604792	4.33072062880602
ABCA1	RXRA	R-HSA-381340	REACTOME_TRANSCRIPTIONAL_REGULATION_OF_WHITE_ADIPOCYTE_DIFFERENTIATION	1.69995566936295e-33	2.48272595432543e-33	3.50717001438836	1.42633796326735	3.48606003900238e-09	1	15	29	0.00717740860409538	1	0	-6.20417452604792	4.33072062880602
B2M	TFRC	R-HSA-432722	REACTOME_GOLGI_ASSOCIATED_VESICLE_BIOGENESIS	2.57112232302897e-33	3.74632208552714e-33	1.38696062008033	2.06428719840872	1.10903326188333e-08	1	11	21	0.00180639877234683	1	0	1.73911837527151	-3.96213831293091
UBC	NOTCH1	R-HSA-2644602	REACTOME_SIGNALING_BY_NOTCH1_PEST_DOMAIN_MUTANTS_IN_CANCER	3.59213704885792e-33	5.22190293213604e-33	3.57563146033348	1.60069739973573	1.1517026902564e-12	1	14	27	0.0104143493727257	1	0	3.83073089347309	5.27286760177124
CALM3	PDE1B	R-HSA-418346	REACTOME_PLATELET_HOMEOSTASIS	5.03005771438237e-33	7.2953262000742e-33	1.15803973026608	5.64723103867455	1.25475421669523e-13	1	3	7	7.18074322938798e-05	1	0	0.0905799434324896	1.07807167979185
CALM3	ABCA1	R-HSA-174824	REACTOME_PLASMA_LIPOPROTEIN_ASSEMBLY_REMODELING_AND_CLEARANCE	7.2660983749016e-33	1.05140778328069e-32	1.15803973026608	3.50717001438836	1.55211345258221e-08	1	13	25	0.00410586062877125	1	0	0.0905799434324896	-6.20417452604792
GNAS	ADCY9	R-HSA-170670	REACTOME_ADENYLATE_CYCLASE_INHIBITORY_PATHWAY	8.86098912162034e-33	1.27924164790289e-32	4.03137536308105	2.93449394930792	3.3902009035407e-15	1	3	6	2.0431249465354e-05	1	0	3.97442598633081	6.1527765739481
B2M	TFRC	R-HSA-9013408	REACTOME_RHOG_GTPASE_CYCLE	1.5940503813362e-32	2.29601752174113e-32	1.38696062008033	2.06428719840872	1.10903326188333e-08	1	5	10	4.35746435891614e-05	1	0	1.73911837527151	-3.96213831293091
SHANK1	ABCA1	R-HSA-174824	REACTOME_PLASMA_LIPOPROTEIN_ASSEMBLY_REMODELING_AND_CLEARANCE	1.70369713104018e-32	2.44833363453829e-32	1.1541562549924	3.50717001438836	3.63927255010361e-08	1	13	25	0.00410586062877125	1	0	5.24480324901242	-6.20417452604792
FABP5	RXRA	R-HSA-211897	REACTOME_CYTOCHROME_P450_ARRANGED_BY_SUBSTRATE_TYPE	2.62596697696411e-32	3.7650850719942e-32	7.03526045472788	1.42633796326735	2.35409293346913e-14	1	4	8	0.000114783761344984	1	0	-1.88107147069544	4.33072062880602
CAP1	ROBO1	R-HSA-428542	REACTOME_REGULATION_OF_COMMISSURAL_AXON_PATHFINDING_BY_SLIT_AND_ROBO	2.78137076307943e-32	3.97881740139837e-32	5.10777958231126	6.83683290161393	3.41500990032181e-17	1	1	2	2.85386522307295e-08	1	0	5.40282343078379	-3.61475788608394
CALM3	MYLK	R-HSA-5627123	REACTOME_RHO_GTPASES_ACTIVATE_PAKS	4.77936245253889e-32	6.82145368226006e-32	1.15803973026608	2.87220018722953	2.78555962889204e-09	1	8	15	0.00047686970206417	1	0	0.0905799434324896	6.40970592919509
UBC	NOTCH2	R-HSA-9013694	REACTOME_SIGNALING_BY_NOTCH4	6.05935755428081e-32	8.62874499793276e-32	3.57563146033348	1.34997641936825	7.31668880740948e-11	1	11	20	0.00232310818570186	1	0	3.83073089347309	5.94446390999845
TGFB1	SDC2	R-HSA-9833110	REACTOME_RSV_HOST_INTERACTIONS	7.72719496398397e-32	1.09789104918143e-31	2.05487257195855	6.7440164564611	3.54312557495541e-16	1	1	2	1.47678632114979e-08	1	0	-1.39063821020999	-5.95305678721919
YWHAZ	CSF2RB	R-HSA-912526	REACTOME_INTERLEUKIN_RECEPTOR_SHC_SIGNALING	8.3996059584739e-32	1.19073420810872e-31	1.46152707204408	7.65254123242469	3.95351206323907e-14	1	6	12	0.00115221738063462	1	0	6.82704897889915	4.33215491868096
MMP2	SDC2	R-HSA-9833110	REACTOME_RSV_HOST_INTERACTIONS	9.35244739214097e-32	1.32282364014967e-31	1.67940017257643	6.7440164564611	4.28834728487749e-16	1	1	2	1.47678632114979e-08	1	0	6.5695203595606	-5.95305678721919
ARTN	RET	R-HSA-9830369	REACTOME_KIDNEY_DEVELOPMENT	1.03667909030423e-31	1.46299880609226e-31	4.85866162723582	6.49995521125445	6.56190890513263e-16	1	2	5	7.49751851383398e-05	1	0	3.00186208735413	-1.9762788729679
GNAS	ADCY9	R-HSA-170660	REACTOME_ADENYLATE_CYCLASE_ACTIVATING_PATHWAY	1.08475663965126e-31	1.52741517870177e-31	4.03137536308105	2.93449394930792	3.3902009035407e-15	1	2	4	1.9999348454206e-06	1	0	3.97442598633081	6.1527765739481
S100A9	TLR4	R-HSA-5357769	REACTOME_CASPASE_ACTIVATION_VIA_EXTRINSIC_APOPTOTIC_SIGNALLING_PATHWAY	1.10587782289734e-31	1.55020373388287e-31	18.4885634396239	4.61290488106845	8.26954640670327e-14	1	4	8	0.000119023668970746	1	0	4.04781870740767	3.13067103956041
S100A9	TLR4	R-HSA-140534	REACTOME_CASPASE_ACTIVATION_VIA_DEATH_RECEPTORS_IN_THE_PRESENCE_OF_LIGAND	1.10587782289734e-31	1.55020373388287e-31	18.4885634396239	4.61290488106845	8.26954640670327e-14	1	4	8	0.000119023668970746	1	0	4.04781870740767	3.13067103956041
ABCA1	RXRA	R-HSA-2426168	REACTOME_ACTIVATION_OF_GENE_EXPRESSION_BY_SREBF_SREBP	1.22076797945163e-31	1.70744385544683e-31	3.50717001438836	1.42633796326735	3.48606003900238e-09	1	14	26	0.00543326513815427	1	0	-6.20417452604792	4.33072062880602
CALM3	ABCA1	R-HSA-9029569	REACTOME_NR1H3_NR1H2_REGULATE_GENE_EXPRESSION_LINKED_TO_CHOLESTEROL_TRANSPORT_AND_EFFLUX	1.33889186034092e-31	1.86849797398688e-31	1.15803973026608	3.50717001438836	1.55211345258221e-08	1	12	22	0.0023578622247526	1	0	0.0905799434324896	-6.20417452604792
HBEGF	PRLR	R-HSA-982772	REACTOME_GROWTH_HORMONE_RECEPTOR_SIGNALING	1.35854288466769e-31	1.89171825182109e-31	3.13163472223428	13.0977952914772	4.9974229870226e-14	1	7	14	0.0023457207469645	1	0	6.80227803451566	-6.12574999629676
SPP1	ITGA5	R-HSA-445144	REACTOME_SIGNAL_TRANSDUCTION_BY_L1	1.36911771959768e-31	1.90222550421978e-31	1.50243928958212	2.07826981282619	1.25881358625594e-09	1	8	15	0.000600750757093424	1	0	3.98177922727717	-1.80245868588719
CAP1	ROBO1	R-HSA-428540	REACTOME_ACTIVATION_OF_RAC1	1.45094692538968e-31	2.01146726080512e-31	5.10777958231126	6.83683290161393	3.41500990032181e-17	1	4	8	0.000597233313430613	1	0	5.40282343078379	-3.61475788608394
S100A9	TLR4	R-HSA-937041	REACTOME_IKK_COMPLEX_RECRUITMENT_MEDIATED_BY_RIP1	1.63098936329336e-31	2.25608220296966e-31	18.4885634396239	4.61290488106845	8.26954640670327e-14	1	8	15	0.00204877959815139	1	0	4.04781870740767	3.13067103956041
SLPI	CD4	R-HSA-449836	REACTOME_OTHER_INTERLEUKIN_SIGNALING	1.8418321972876e-31	2.542133230542e-31	10.7587671001445	13.6007524623245	2.13465442344454e-18	1	2	4	2.78370912435251e-05	1	0	0.52892351710641	-6.29915988117961
DLL1	NOTCH1	R-HSA-9013508	REACTOME_NOTCH3_INTRACELLULAR_DOMAIN_REGULATES_TRANSCRIPTION	2.59446257902205e-31	3.57307565707422e-31	1.06164985813785	1.60069739973573	2.52450894650973e-09	1	8	16	0.00127739973556054	1	0	4.25625476997444	5.27286760177124
ABCA1	RXRA	R-HSA-9843743	REACTOME_TRANSCRIPTIONAL_REGULATION_OF_BROWN_AND_BEIGE_ADIPOCYTE_DIFFERENTIATION	2.78667623672461e-31	3.82939316556468e-31	3.50717001438836	1.42633796326735	3.48606003900238e-09	1	6	11	7.46519983607018e-05	1	0	-6.20417452604792	4.33072062880602
SHANK1	ABCA1	R-HSA-9029569	REACTOME_NR1H3_NR1H2_REGULATE_GENE_EXPRESSION_LINKED_TO_CHOLESTEROL_TRANSPORT_AND_EFFLUX	3.13932746784035e-31	4.30458002140555e-31	1.1541562549924	3.50717001438836	3.63927255010361e-08	1	12	22	0.0023578622247526	1	0	5.24480324901242	-6.20417452604792
ADAM28	ITGA4	R-HSA-8949275	REACTOME_RUNX3_REGULATES_IMMUNE_RESPONSE_AND_CELL_MIGRATION	3.24449947550575e-31	4.439097321607e-31	11.4455905418167	12.9907021611148	6.51513570724411e-14	1	1	2	2.23157823839294e-09	1	0	-0.336583724608113	6.0277376851527
UBC	TLR4	R-HSA-5357769	REACTOME_CASPASE_ACTIVATION_VIA_EXTRINSIC_APOPTOTIC_SIGNALLING_PATHWAY	5.303349369893e-31	7.22451931516878e-31	3.57563146033348	4.61290488106845	3.9657449328706e-13	1	4	8	0.000119023668970746	1	0	3.83073089347309	3.13067103956041
UBC	TLR4	R-HSA-140534	REACTOME_CASPASE_ACTIVATION_VIA_DEATH_RECEPTORS_IN_THE_PRESENCE_OF_LIGAND	5.303349369893e-31	7.22451931516878e-31	3.57563146033348	4.61290488106845	3.9657449328706e-13	1	4	8	0.000119023668970746	1	0	3.83073089347309	3.13067103956041
UBC	TLR4	R-HSA-937041	REACTOME_IKK_COMPLEX_RECRUITMENT_MEDIATED_BY_RIP1	7.82157507188478e-31	1.0631924556588e-30	3.57563146033348	4.61290488106845	3.9657449328706e-13	1	8	15	0.00204877959815139	1	0	3.83073089347309	3.13067103956041
CALM3	PDE1B	R-HSA-392154	REACTOME_NITRIC_OXIDE_STIMULATES_GUANYLATE_CYCLASE	9.24857938645952e-31	1.25445094053922e-30	1.15803973026608	5.64723103867455	1.25475421669523e-13	1	2	4	1.22598622617624e-06	1	0	0.0905799434324896	1.07807167979185
TGFB1	CXCR4	R-HSA-9823730	REACTOME_FORMATION_OF_DEFINITIVE_ENDODERM	1.23869593168837e-30	1.67651087306098e-30	2.05487257195855	2.67657319820785	1.35517230331226e-12	1	4	9	0.000470835792235247	1	0	-1.39063821020999	5.37575700254494
ABCA1	RXRA	R-HSA-211859	REACTOME_BIOLOGICAL_OXIDATIONS	1.67365503117267e-30	2.25548360424129e-30	3.50717001438836	1.42633796326735	3.48606003900238e-09	1	5	10	0.000114783761344984	1	0	-6.20417452604792	4.33072062880602
ABCA1	RXRA	R-HSA-211945	REACTOME_PHASE_I_FUNCTIONALIZATION_OF_COMPOUNDS	1.67365503117267e-30	2.25548360424129e-30	3.50717001438836	1.42633796326735	3.48606003900238e-09	1	5	10	0.000114783761344984	1	0	-6.20417452604792	4.33072062880602
CALM3	ABCA1	R-HSA-9024446	REACTOME_NR1H2_AND_NR1H3_MEDIATED_SIGNALING	1.79663838044e-30	2.41603619468162e-30	1.15803973026608	3.50717001438836	1.55211345258221e-08	1	14	27	0.00821524950318	1	0	0.0905799434324896	-6.20417452604792
DLL1	NOTCH1	R-HSA-9013694	REACTOME_SIGNALING_BY_NOTCH4	2.09068647834145e-30	2.80545108632143e-30	1.06164985813785	1.60069739973573	2.52450894650973e-09	1	11	20	0.00232310818570186	1	0	4.25625476997444	5.27286760177124
TNFSF13	SDC2	R-HSA-9833110	REACTOME_RSV_HOST_INTERACTIONS	2.45930895297221e-30	3.29306188159179e-30	1.60875278493508	6.7440164564611	1.12765893556542e-14	1	1	2	1.47678632114979e-08	1	0	3.96106931077195	-5.95305678721919
SHANK1	ABCA1	R-HSA-9024446	REACTOME_NR1H2_AND_NR1H3_MEDIATED_SIGNALING	4.21261521154914e-30	5.62877096351673e-30	1.1541562549924	3.50717001438836	3.63927255010361e-08	1	14	27	0.00821524950318	1	0	5.24480324901242	-6.20417452604792
DLL1	NOTCH1	R-HSA-2644602	REACTOME_SIGNALING_BY_NOTCH1_PEST_DOMAIN_MUTANTS_IN_CANCER	7.87389158126565e-30	1.04985221083542e-29	1.06164985813785	1.60069739973573	2.52450894650973e-09	1	14	27	0.0104143493727257	1	0	4.25625476997444	5.27286760177124
ABCA1	RXRA	R-HSA-9029569	REACTOME_NR1H3_NR1H2_REGULATE_GENE_EXPRESSION_LINKED_TO_CHOLESTEROL_TRANSPORT_AND_EFFLUX	1.28390682287933e-29	1.70824890840725e-29	3.50717001438836	1.42633796326735	3.48606003900238e-09	1	13	25	0.00821524950318	1	0	-6.20417452604792	4.33072062880602
PTDSS1	SCARB1	R-HSA-8964043	REACTOME_PLASMA_LIPOPROTEIN_CLEARANCE	1.30329809084022e-29	1.73038308889569e-29	1.99950334999693	2.30744215076749	1.66525887458853e-12	1	9	17	0.00410586062877125	1	0	7.13266426431184	4.87837688245602
CAP1	ROBO1	R-HSA-428543	REACTOME_INACTIVATION_OF_CDC42_AND_RAC1	2.17135343309442e-29	2.87681425312931e-29	5.10777958231126	6.83683290161393	3.41500990032181e-17	1	2	5	0.000597233313430613	1	0	5.40282343078379	-3.61475788608394
ITGB2	ITGAL	R-HSA-8949275	REACTOME_RUNX3_REGULATES_IMMUNE_RESPONSE_AND_CELL_MIGRATION	2.44567350074905e-29	3.23343780730611e-29	11.0570783125705	12.863632824959	4.64913652503896e-22	1	1	3	0.0037469283869724	1	0	5.95386199926313	4.99335906499239
ABCA1	RXRA	R-HSA-383280	REACTOME_NUCLEAR_RECEPTOR_TRANSCRIPTION_PATHWAY	4.00853669966906e-29	5.28857362897514e-29	3.50717001438836	1.42633796326735	3.48606003900238e-09	1	9	18	0.00349191713481712	1	0	-6.20417452604792	4.33072062880602
TGFB1	CXCR4	R-HSA-380108	REACTOME_CHEMOKINE_RECEPTORS_BIND_CHEMOKINES	4.56430521490685e-29	6.00919009425891e-29	2.05487257195855	2.67657319820785	1.35517230331226e-12	1	3	7	0.000276103649930016	1	0	-1.39063821020999	5.37575700254494
FARP2	NRP1	R-HSA-399954	REACTOME_SEMA3A_PAK_DEPENDENT_AXON_REPULSION	7.94814855505262e-29	1.04423374321612e-28	1.87455807946842	1.89828954603297	3.71251029452553e-09	1	6	12	0.000597233313430613	1	0	-0.262160712832187	3.76033350574528
S100A9	TLR4	R-HSA-2562578	REACTOME_TRIF_MEDIATED_PROGRAMMED_CELL_DEATH	8.29743142881863e-29	1.08784695976996e-28	18.4885634396239	4.61290488106845	8.26954640670327e-14	1	2	5	0.000119023668970746	1	0	4.04781870740767	3.13067103956041
VCAN	TLR2	R-HSA-5260271	REACTOME_DISEASES_OF_IMMUNE_SYSTEM	1.11360158689621e-28	1.4569620761892e-28	1.78707147818052	5.22046770622329	2.769069815168e-08	1	9	17	0.00176655249608685	1	0	1.35379241825946	3.43412978434477
DLL1	NOTCH2	R-HSA-9013694	REACTOME_SIGNALING_BY_NOTCH4	1.32819889067705e-28	1.73411414416879e-28	1.06164985813785	1.34997641936825	1.60380335214991e-07	1	11	20	0.00232310818570186	1	0	4.25625476997444	5.94446390999845
ABCA1	RXRA	R-HSA-9024446	REACTOME_NR1H2_AND_NR1H3_MEDIATED_SIGNALING	1.52506876501062e-28	1.98701905482711e-28	3.50717001438836	1.42633796326735	3.48606003900238e-09	1	16	30	0.0147708864350781	1	0	-6.20417452604792	4.33072062880602
FARP2	NRP1	R-HSA-445144	REACTOME_SIGNAL_TRANSDUCTION_BY_L1	1.72119895799139e-28	2.23791500128074e-28	1.87455807946842	1.89828954603297	3.71251029452553e-09	1	7	13	0.000597233313430613	1	0	-0.262160712832187	3.76033350574528
UBC	NOTCH1	R-HSA-9793380	REACTOME_FORMATION_OF_PARAXIAL_MESODERM	3.29710978091296e-28	4.27806806283748e-28	3.57563146033348	1.60069739973573	1.1517026902564e-12	1	6	12	0.00232310818570186	1	0	3.83073089347309	5.27286760177124
UBC	TLR4	R-HSA-2562578	REACTOME_TRIF_MEDIATED_PROGRAMMED_CELL_DEATH	3.97911747831847e-28	5.15234180697732e-28	3.57563146033348	4.61290488106845	3.9657449328706e-13	1	2	5	0.000119023668970746	1	0	3.83073089347309	3.13067103956041
FABP5	RXRA	R-HSA-9707616	REACTOME_HEME_SIGNALING	8.80676582453443e-28	1.13799360860239e-27	7.03526045472788	1.42633796326735	2.35409293346913e-14	1	9	18	0.0157838458560104	1	0	-1.88107147069544	4.33072062880602
YWHAZ	CSF2RA	R-HSA-912526	REACTOME_INTERLEUKIN_RECEPTOR_SHC_SIGNALING	9.25527327397964e-28	1.19349314498136e-27	1.46152707204408	2.20686592282665	4.35625608131513e-10	1	6	12	0.00115221738063462	1	0	6.82704897889915	5.36668968819985
SLPI	CD4	R-HSA-164938	REACTOME_NEF_MEDIATES_DOWN_MODULATION_OF_CELL_SURFACE_RECEPTORS_BY_RECRUITING_THEM_TO_CLATHRIN_ADAPTERS	1.15614834863044e-27	1.48175747538758e-27	10.7587671001445	13.6007524623245	2.13465442344454e-18	1	3	6	0.00245372189483504	1	0	0.52892351710641	-6.29915988117961
SLPI	CD4	R-HSA-164952	REACTOME_THE_ROLE_OF_NEF_IN_HIV_1_REPLICATION_AND_DISEASE_PATHOGENESIS	1.15614834863044e-27	1.48175747538758e-27	10.7587671001445	13.6007524623245	2.13465442344454e-18	1	3	6	0.00245372189483504	1	0	0.52892351710641	-6.29915988117961
SLPI	CD4	R-HSA-167590	REACTOME_NEF_MEDIATED_CD4_DOWN_REGULATION	1.15614834863044e-27	1.48175747538758e-27	10.7587671001445	13.6007524623245	2.13465442344454e-18	1	3	6	0.00245372189483504	1	0	0.52892351710641	-6.29915988117961
B2M	TFRC	R-HSA-9013404	REACTOME_RAC2_GTPASE_CYCLE	1.36572420540627e-27	1.74679185538724e-27	1.38696062008033	2.06428719840872	1.10903326188333e-08	1	7	13	0.00068672213946139	1	0	1.73911837527151	-3.96213831293091
ABCA1	RXRA	R-HSA-211897	REACTOME_CYTOCHROME_P450_ARRANGED_BY_SUBSTRATE_TYPE	3.88866489168046e-27	4.96358039019376e-27	3.50717001438836	1.42633796326735	3.48606003900238e-09	1	4	8	0.000114783761344984	1	0	-6.20417452604792	4.33072062880602
TNFSF14	LTBR	R-HSA-5676594	REACTOME_TNF_RECEPTOR_SUPERFAMILY_TNFSF_MEMBERS_MEDIATING_NON_CANONICAL_NF_KB_PATHWAY	4.02710561216927e-27	5.12986272706349e-27	13.154909072412	1.18285870541173	2.25510466851417e-15	1	3	7	0.00243373939147914	1	0	5.22577864558122	4.07940112034884
SPP1	ITGA4	R-HSA-8949275	REACTOME_RUNX3_REGULATES_IMMUNE_RESPONSE_AND_CELL_MIGRATION	6.58326964157313e-27	8.36901484799175e-27	1.50243928958212	12.9907021611148	1.32195722132282e-09	1	1	2	2.23157823839294e-09	1	0	3.98177922727717	6.0277376851527
B2M	TFRC	R-HSA-9013406	REACTOME_RHOQ_GTPASE_CYCLE	7.70339975173169e-27	9.77320210926768e-27	1.38696062008033	2.06428719840872	1.10903326188333e-08	1	6	12	0.000982031952683139	1	0	1.73911837527151	-3.96213831293091
ARTN	RET	R-HSA-9634815	REACTOME_TRANSCRIPTIONAL_REGULATION_BY_NPAS4	9.79574149911312e-27	1.24026727045223e-26	4.85866162723582	6.49995521125445	6.56190890513263e-16	1	6	12	0.0110238125074701	1	0	3.00186208735413	-1.9762788729679
FARP2	NRP1	R-HSA-399955	REACTOME_SEMA3A_PLEXIN_REPULSION_SIGNALING_BY_INHIBITING_INTEGRIN_ADHESION	1.41300588736734e-26	1.78544808303157e-26	1.87455807946842	1.89828954603297	3.71251029452553e-09	1	4	9	0.000597233313430613	1	0	-0.262160712832187	3.76033350574528
VASP	ROBO1	R-HSA-428542	REACTOME_REGULATION_OF_COMMISSURAL_AXON_PATHFINDING_BY_SLIT_AND_ROBO	2.76410160820889e-26	3.4856542368578e-26	1.1594642348968	6.83683290161393	3.3938065657517e-11	1	1	2	2.85386522307295e-08	1	0	-2.83291988368955	-3.61475788608394
ICAM3	ITGAL	R-HSA-8949275	REACTOME_RUNX3_REGULATES_IMMUNE_RESPONSE_AND_CELL_MIGRATION	2.78014299255159e-26	3.49885731327134e-26	7.44884337818483	12.863632824959	5.28495088471295e-19	1	1	3	0.0037469283869724	1	0	4.19823208733952	4.99335906499239
S100A9	TLR4	R-HSA-5603041	REACTOME_IRAK4_DEFICIENCY_TLR2_4	3.26697898287791e-26	4.10332560249466e-26	18.4885634396239	4.61290488106845	8.26954640670327e-14	1	3	7	0.00179949135425785	1	0	4.04781870740767	3.13067103956041
UBC	NOTCH1	R-HSA-186712	REACTOME_REGULATION_OF_BETA_CELL_DEVELOPMENT	3.77149836436801e-26	4.71812942793448e-26	3.57563146033348	1.60069739973573	1.1517026902564e-12	1	5	10	0.00232310818570186	1	0	3.83073089347309	5.27286760177124
UBC	NOTCH1	R-HSA-9013695	REACTOME_NOTCH4_INTRACELLULAR_DOMAIN_REGULATES_TRANSCRIPTION	3.77149836436801e-26	4.71812942793448e-26	3.57563146033348	1.60069739973573	1.1517026902564e-12	1	5	10	0.00232310818570186	1	0	3.83073089347309	5.27286760177124
VCAN	ITGA4	R-HSA-8949275	REACTOME_RUNX3_REGULATES_IMMUNE_RESPONSE_AND_CELL_MIGRATION	4.10480640308522e-26	5.12488751717201e-26	1.78707147818052	12.9907021611148	8.24267994800524e-09	1	1	2	2.23157823839294e-09	1	0	1.35379241825946	6.0277376851527
UBC	NOTCH1	R-HSA-350054	REACTOME_NOTCH_HLH_TRANSCRIPTION_PATHWAY	8.28077727830313e-26	1.03181113705841e-25	3.57563146033348	1.60069739973573	1.1517026902564e-12	1	6	11	0.00232310818570186	1	0	3.83073089347309	5.27286760177124
GNAS	ADCY1	R-HSA-442720	REACTOME_CREB1_PHOSPHORYLATION_THROUGH_THE_ACTIVATION_OF_ADENYLATE_CYCLASE	1.16539614395856e-25	1.44924510575441e-25	4.03137536308105	10.989538701412	2.70666375816616e-19	1	3	7	0.0292856292884442	1	0	3.97442598633081	-5.19253405910747
ICAM2	ITGAL	R-HSA-8949275	REACTOME_RUNX3_REGULATES_IMMUNE_RESPONSE_AND_CELL_MIGRATION	1.25879688204004e-25	1.56230126861887e-25	3.90506526964816	12.863632824959	2.39292716714029e-18	1	1	3	0.0037469283869724	1	0	3.36233332379401	4.99335906499239
VASP	ROBO1	R-HSA-428540	REACTOME_ACTIVATION_OF_RAC1	1.44193819217939e-25	1.786069397808e-25	1.1594642348968	6.83683290161393	3.3938065657517e-11	1	4	8	0.000597233313430613	1	0	-2.83291988368955	-3.61475788608394
UBC	TLR4	R-HSA-5603041	REACTOME_IRAK4_DEFICIENCY_TLR2_4	1.56671293804467e-25	1.93680260844892e-25	3.57563146033348	4.61290488106845	3.9657449328706e-13	1	3	7	0.00179949135425785	1	0	3.83073089347309	3.13067103956041
NRP1	ROBO1	R-HSA-428542	REACTOME_REGULATION_OF_COMMISSURAL_AXON_PATHFINDING_BY_SLIT_AND_ROBO	2.21590445276482e-25	2.73396462934442e-25	1.89828954603297	6.83683290161393	2.72072164732931e-10	1	1	2	2.85386522307295e-08	1	0	3.76033350574528	-3.61475788608394
ARTN	RET	R-HSA-9768919	REACTOME_NPAS4_REGULATES_EXPRESSION_OF_TARGET_GENES	2.38096351614159e-25	2.93185311399396e-25	4.85866162723582	6.49995521125445	6.56190890513263e-16	1	5	10	0.0110238125074701	1	0	3.00186208735413	-1.9762788729679
FABP5	RXRA	R-HSA-5362517	REACTOME_SIGNALING_BY_RETINOIC_ACID	2.55171067836031e-25	3.13595754600836e-25	7.03526045472788	1.42633796326735	2.35409293346913e-14	1	3	7	0.00349191713481712	1	0	-1.88107147069544	4.33072062880602
B2M	TFRC	R-HSA-9013409	REACTOME_RHOJ_GTPASE_CYCLE	5.35789657765767e-25	6.57179502103323e-25	1.38696062008033	2.06428719840872	1.10903326188333e-08	1	6	11	0.00068672213946139	1	0	1.73911837527151	-3.96213831293091
DLL1	NOTCH1	R-HSA-9793380	REACTOME_FORMATION_OF_PARAXIAL_MESODERM	7.22719779154676e-25	8.84732985008063e-25	1.06164985813785	1.60069739973573	2.52450894650973e-09	1	6	12	0.00232310818570186	1	0	4.25625476997444	5.27286760177124
NRP1	ROBO1	R-HSA-428540	REACTOME_ACTIVATION_OF_RAC1	1.15596230296773e-24	1.41234304720571e-24	1.89828954603297	6.83683290161393	2.72072164732931e-10	1	4	8	0.000597233313430613	1	0	3.76033350574528	-3.61475788608394
UBC	NOTCH2	R-HSA-9013695	REACTOME_NOTCH4_INTRACELLULAR_DOMAIN_REGULATES_TRANSCRIPTION	2.39600724242393e-24	2.92173310338297e-24	3.57563146033348	1.34997641936825	7.31668880740948e-11	1	5	10	0.00232310818570186	1	0	3.83073089347309	5.94446390999845
FABP5	RXRA	R-HSA-1368108	REACTOME_BMAL1_CLOCK_NPAS2_ACTIVATES_CIRCADIAN_GENE_EXPRESSION	3.22737819144273e-24	3.92789438803495e-24	7.03526045472788	1.42633796326735	2.35409293346913e-14	1	6	11	0.00821524950318	1	0	-1.88107147069544	4.33072062880602
HBEGF	PRLR	R-HSA-1170546	REACTOME_PROLACTIN_RECEPTOR_SIGNALING	4.16015641711622e-24	5.05334280454349e-24	3.13163472223428	13.0977952914772	4.9974229870226e-14	1	4	9	0.0100281682090508	1	0	6.80227803451566	-6.12574999629676
ALOX5AP	ALOX5	R-HSA-9018678	REACTOME_BIOSYNTHESIS_OF_SPECIALIZED_PRORESOLVING_MEDIATORS_SPMS	5.06810287651591e-24	6.14434093909651e-24	15.9085124540266	11.519812542446	3.35646561784364e-23	1	2	4	0.374415206329676	1	0	-6.29915988117961	-2.80232844757037
UBC	NOTCH2	R-HSA-350054	REACTOME_NOTCH_HLH_TRANSCRIPTION_PATHWAY	5.26072144672362e-24	6.36557431318388e-24	3.57563146033348	1.34997641936825	7.31668880740948e-11	1	6	11	0.00232310818570186	1	0	3.83073089347309	5.94446390999845
S100A9	TLR4	R-HSA-9824878	REACTOME_REGULATION_OF_TBK1_IKK_IKBKE_MEDIATED_ACTIVATION_OF_IRF3_IRF7	5.3484217487819e-24	6.45924780429814e-24	18.4885634396239	4.61290488106845	8.26954640670327e-14	1	4	8	0.00410586062877125	1	0	4.04781870740767	3.13067103956041
ALOX5AP	ALOX5	R-HSA-2142688	REACTOME_SYNTHESIS_OF_5_EICOSATETRAENOIC_ACIDS	5.56167239705719e-24	6.69105414818375e-24	15.9085124540266	11.519812542446	3.35646561784364e-23	1	1	2	0.40706297327949	1	0	-6.29915988117961	-2.80232844757037
ALOX5AP	ALOX5	R-HSA-9018679	REACTOME_BIOSYNTHESIS_OF_EPA_DERIVED_SPMS	5.56167239705719e-24	6.69105414818375e-24	15.9085124540266	11.519812542446	3.35646561784364e-23	1	1	2	0.40706297327949	1	0	-6.29915988117961	-2.80232844757037
UBC	NOTCH2	R-HSA-1980145	REACTOME_SIGNALING_BY_NOTCH2	8.2487398921444e-24	9.90479665825369e-24	3.57563146033348	1.34997641936825	7.31668880740948e-11	1	7	14	0.00890022920131342	1	0	3.83073089347309	5.94446390999845
UBC	NOTCH2	R-HSA-5668914	REACTOME_DISEASES_OF_METABOLISM	1.58266278669538e-23	1.8967790649708e-23	3.57563146033348	1.34997641936825	7.31668880740948e-11	1	4	9	0.00370814740754653	1	0	3.83073089347309	5.94446390999845
VASP	ROBO1	R-HSA-428543	REACTOME_INACTIVATION_OF_CDC42_AND_RAC1	2.15787179331718e-23	2.58122568800607e-23	1.1594642348968	6.83683290161393	3.3938065657517e-11	1	2	5	0.000597233313430613	1	0	-2.83291988368955	-3.61475788608394
UBC	TLR4	R-HSA-9824878	REACTOME_REGULATION_OF_TBK1_IKK_IKBKE_MEDIATED_ACTIVATION_OF_IRF3_IRF7	2.56488994751799e-23	3.06226404380475e-23	3.57563146033348	4.61290488106845	3.9657449328706e-13	1	4	8	0.00410586062877125	1	0	3.83073089347309	3.13067103956041
B2M	TFRC	R-HSA-8980692	REACTOME_RHOA_GTPASE_CYCLE	2.93518960490657e-23	3.4977211990158e-23	1.38696062008033	2.06428719840872	1.10903326188333e-08	1	4	9	0.00177855238409062	1	0	1.73911837527151	-3.96213831293091
TYROBP	TREM2	R-HSA-416700	REACTOME_OTHER_SEMAPHORIN_INTERACTIONS	3.20903225175406e-23	3.81680351155596e-23	11.9386185175893	16.7973749524467	2.84671674565185e-21	1	1	2	0.106173201460323	1	0	0.550395704900247	4.87477089537038
UBC	NOTCH1	R-HSA-5668914	REACTOME_DISEASES_OF_METABOLISM	4.48003506261874e-23	5.31845372273075e-23	3.57563146033348	1.60069739973573	1.1517026902564e-12	1	4	8	0.00370814740754653	1	0	3.83073089347309	5.27286760177124
DLL1	NOTCH1	R-HSA-186712	REACTOME_REGULATION_OF_BETA_CELL_DEVELOPMENT	8.26704794835045e-23	9.77722431556324e-23	1.06164985813785	1.60069739973573	2.52450894650973e-09	1	5	10	0.00232310818570186	1	0	4.25625476997444	5.27286760177124
DLL1	NOTCH1	R-HSA-9013695	REACTOME_NOTCH4_INTRACELLULAR_DOMAIN_REGULATES_TRANSCRIPTION	8.26704794835045e-23	9.77722431556324e-23	1.06164985813785	1.60069739973573	2.52450894650973e-09	1	5	10	0.00232310818570186	1	0	4.25625476997444	5.27286760177124
ABCA1	RXRA	R-HSA-9707616	REACTOME_HEME_SIGNALING	1.30415048519426e-22	1.53948591109397e-22	3.50717001438836	1.42633796326735	3.48606003900238e-09	1	9	18	0.0157838458560104	1	0	-6.20417452604792	4.33072062880602
CAP1	ROBO1	R-HSA-428890	REACTOME_ROLE_OF_ABL_IN_ROBO_SLIT_SIGNALING	1.48048097277618e-22	1.74435656829914e-22	5.10777958231126	6.83683290161393	3.41500990032181e-17	1	3	6	0.0234063069776183	1	0	5.40282343078379	-3.61475788608394
VCAN	TLR2	R-HSA-5686938	REACTOME_REGULATION_OF_TLR_BY_ENDOGENOUS_LIGAND	1.72632043807584e-22	2.03020456013413e-22	1.78707147818052	5.22046770622329	2.769069815168e-08	1	2	4	1.15942794568094e-05	1	0	1.35379241825946	3.43412978434477
NRP1	ROBO1	R-HSA-428543	REACTOME_INACTIVATION_OF_CDC42_AND_RAC1	1.72990663624902e-22	2.03061937862502e-22	1.89828954603297	6.83683290161393	2.72072164732931e-10	1	2	5	0.000597233313430613	1	0	3.76033350574528	-3.61475788608394
DLL1	NOTCH1	R-HSA-350054	REACTOME_NOTCH_HLH_TRANSCRIPTION_PATHWAY	1.81512959030049e-22	2.12668168415804e-22	1.06164985813785	1.60069739973573	2.52450894650973e-09	1	6	11	0.00232310818570186	1	0	4.25625476997444	5.27286760177124
B2M	TFRC	R-HSA-9013423	REACTOME_RAC3_GTPASE_CYCLE	2.74114711629411e-22	3.20566180453017e-22	1.38696062008033	2.06428719840872	1.10903326188333e-08	1	3	7	0.00103348307865651	1	0	1.73911837527151	-3.96213831293091
UBC	NOTCH1	R-HSA-2122948	REACTOME_ACTIVATED_NOTCH1_TRANSMITS_SIGNAL_TO_THE_NUCLEUS	2.97700969378151e-22	3.47502246783418e-22	3.57563146033348	1.60069739973573	1.1517026902564e-12	1	5	10	0.0104143493727257	1	0	3.83073089347309	5.27286760177124
S100A9	TLR4	R-HSA-5686938	REACTOME_REGULATION_OF_TLR_BY_ENDOGENOUS_LIGAND	4.55891328910434e-22	5.3116837579917e-22	18.4885634396239	4.61290488106845	8.26954640670327e-14	1	1	3	0.00176655249608685	1	0	4.04781870740767	3.13067103956041
CAP1	ROBO1	R-HSA-9010553	REACTOME_REGULATION_OF_EXPRESSION_OF_SLITS_AND_ROBOS	9.49828908842343e-22	1.10461584213517e-21	5.10777958231126	6.83683290161393	3.41500990032181e-17	1	1	2	0.00527383706617862	1	0	5.40282343078379	-3.61475788608394
UBC	TLR4	R-HSA-5686938	REACTOME_REGULATION_OF_TLR_BY_ENDOGENOUS_LIGAND	2.18627315048462e-21	2.53785496950895e-21	3.57563146033348	4.61290488106845	3.9657449328706e-13	1	1	3	0.00176655249608685	1	0	3.83073089347309	3.13067103956041
UBC	NOTCH1	R-HSA-8941856	REACTOME_RUNX3_REGULATES_NOTCH_SIGNALING	3.54147484171839e-21	4.10340627416817e-21	3.57563146033348	1.60069739973573	1.1517026902564e-12	1	5	10	0.0157838458560104	1	0	3.83073089347309	5.27286760177124
DLL1	NOTCH2	R-HSA-9013695	REACTOME_NOTCH4_INTRACELLULAR_DOMAIN_REGULATES_TRANSCRIPTION	5.25199929684519e-21	6.07413546670126e-21	1.06164985813785	1.34997641936825	1.60380335214991e-07	1	5	10	0.00232310818570186	1	0	4.25625476997444	5.94446390999845
FABP5	RXRA	R-HSA-200425	REACTOME_CARNITINE_METABOLISM	5.96381007322769e-21	6.88469251100549e-21	7.03526045472788	1.42633796326735	2.35409293346913e-14	1	3	6	0.0114525058579404	1	0	-1.88107147069544	4.33072062880602
UBC	NOTCH1	R-HSA-9824272	REACTOME_SOMITOGENESIS	1.11467730365275e-20	1.28443549852097e-20	3.57563146033348	1.60069739973573	1.1517026902564e-12	1	2	4	0.00134295711705733	1	0	3.83073089347309	5.27286760177124
DLL1	NOTCH2	R-HSA-350054	REACTOME_NOTCH_HLH_TRANSCRIPTION_PATHWAY	1.1531394751186e-20	1.32632159409245e-20	1.06164985813785	1.34997641936825	1.60380335214991e-07	1	6	11	0.00232310818570186	1	0	4.25625476997444	5.94446390999845
B2M	TFRC	R-HSA-917937	REACTOME_IRON_UPTAKE_AND_TRANSPORT	1.8039169924367e-20	2.07104181215768e-20	1.38696062008033	2.06428719840872	1.10903326188333e-08	1	4	9	0.00519358821172467	1	0	1.73911837527151	-3.96213831293091
DLL1	NOTCH2	R-HSA-1980145	REACTOME_SIGNALING_BY_NOTCH2	1.80810706020963e-20	2.07206429527673e-20	1.06164985813785	1.34997641936825	1.60380335214991e-07	1	7	14	0.00890022920131342	1	0	4.25625476997444	5.94446390999845
UBC	NOTCH1	R-HSA-9818030	REACTOME_NFE2L2_REGULATING_TUMORIGENIC_GENES	2.30741390432889e-20	2.63944614192812e-20	3.57563146033348	1.60069739973573	1.1517026902564e-12	1	3	7	0.0157838458560104	1	0	3.83073089347309	5.27286760177124
VCAN	TLR2	R-HSA-5603041	REACTOME_IRAK4_DEFICIENCY_TLR2_4	2.65604439015522e-20	3.03271977639541e-20	1.78707147818052	5.22046770622329	2.769069815168e-08	1	4	8	0.00176655249608685	1	0	1.35379241825946	3.43412978434477
ADAM28	ITGA4	R-HSA-198933	REACTOME_IMMUNOREGULATORY_INTERACTIONS_BETWEEN_A_LYMPHOID_AND_A_NON_LYMPHOID_CELL	3.27155798789117e-20	3.72874485734238e-20	11.4455905418167	12.9907021611148	6.51513570724411e-14	1	1	2	0.000708623544729098	1	0	-0.336583724608113	6.0277376851527
DLL1	NOTCH2	R-HSA-5668914	REACTOME_DISEASES_OF_METABOLISM	3.46916474027773e-20	3.94680336393915e-20	1.06164985813785	1.34997641936825	1.60380335214991e-07	1	4	9	0.00370814740754653	1	0	4.25625476997444	5.94446390999845
FABP5	RXRA	R-HSA-4090294	REACTOME_SUMOYLATION_OF_INTRACELLULAR_RECEPTORS	3.56643531738532e-20	4.05012907652438e-20	7.03526045472788	1.42633796326735	2.35409293346913e-14	1	5	10	0.0451272306320809	1	0	-1.88107147069544	4.33072062880602
ABCA1	RXRA	R-HSA-5362517	REACTOME_SIGNALING_BY_RETINOIC_ACID	3.77870240399503e-20	4.28343882618932e-20	3.50717001438836	1.42633796326735	3.48606003900238e-09	1	3	7	0.00349191713481712	1	0	-6.20417452604792	4.33072062880602
FABP5	RXRA	R-HSA-1368082	REACTOME_RORA_ACTIVATES_GENE_EXPRESSION	3.97914624164597e-20	4.5025294409976e-20	7.03526045472788	1.42633796326735	2.35409293346913e-14	1	3	7	0.038621545476715	1	0	-1.88107147069544	4.33072062880602
CALM3	KCNQ1	R-HSA-397014	REACTOME_MUSCLE_CONTRACTION	5.94325923142503e-20	6.70083805625659e-20	1.15803973026608	6.29415554950418	1.94753964121825e-12	1	3	7	0.0171778183298875	1	0	0.0905799434324896	4.62545549383567
CALM3	KCNQ1	R-HSA-5576891	REACTOME_CARDIAC_CONDUCTION	5.94325923142503e-20	6.70083805625659e-20	1.15803973026608	6.29415554950418	1.94753964121825e-12	1	3	7	0.0171778183298875	1	0	0.0905799434324896	4.62545549383567
UBC	NOTCH1	R-HSA-210744	REACTOME_REGULATION_OF_GENE_EXPRESSION_IN_LATE_STAGE_BRANCHING_MORPHOGENESIS_PANCREATIC_BUD_PRECURSOR_CELLS	6.07223243351036e-20	6.83398202194356e-20	3.57563146033348	1.60069739973573	1.1517026902564e-12	1	4	8	0.0157838458560104	1	0	3.83073089347309	5.27286760177124
DLL1	NOTCH1	R-HSA-5668914	REACTOME_DISEASES_OF_METABOLISM	9.82014602548198e-20	1.10322928515254e-19	1.06164985813785	1.60069739973573	2.52450894650973e-09	1	4	8	0.00370814740754653	1	0	4.25625476997444	5.27286760177124
ABCA1	RXRA	R-HSA-1368108	REACTOME_BMAL1_CLOCK_NPAS2_ACTIVATES_CIRCADIAN_GENE_EXPRESSION	4.77926507657299e-19	5.35960440729971e-19	3.50717001438836	1.42633796326735	3.48606003900238e-09	1	6	11	0.00821524950318	1	0	-6.20417452604792	4.33072062880602
GDF11	ACVR1B	R-HSA-1502540	REACTOME_SIGNALING_BY_ACTIVIN	5.11794694605403e-19	5.72918125155425e-19	4.28339782142397	1.66307739809795	5.31256519547953e-13	1	5	10	0.0417641954901447	1	0	4.52657698953721	0.615166257061489
DLL1	NOTCH1	R-HSA-2122948	REACTOME_ACTIVATED_NOTCH1_TRANSMITS_SIGNAL_TO_THE_NUCLEUS	6.52554489051724e-19	7.29189002000859e-19	1.06164985813785	1.60069739973573	2.52450894650973e-09	1	5	10	0.0104143493727257	1	0	4.25625476997444	5.27286760177124
FABP5	RXRA	R-HSA-192105	REACTOME_SYNTHESIS_OF_BILE_ACIDS_AND_BILE_SALTS	7.37889812230605e-19	8.21621989505e-19	7.03526045472788	1.42633796326735	2.35409293346913e-14	1	3	6	0.038621545476715	1	0	-1.88107147069544	4.33072062880602
FABP5	RXRA	R-HSA-193368	REACTOME_SYNTHESIS_OF_BILE_ACIDS_AND_BILE_SALTS_VIA_7ALPHA_HYDROXYCHOLESTEROL	7.37889812230605e-19	8.21621989505e-19	7.03526045472788	1.42633796326735	2.35409293346913e-14	1	3	6	0.038621545476715	1	0	-1.88107147069544	4.33072062880602
FABP5	RXRA	R-HSA-193807	REACTOME_SYNTHESIS_OF_BILE_ACIDS_AND_BILE_SALTS_VIA_27_HYDROXYCHOLESTEROL	1.35616505381553e-18	1.50738345804629e-18	7.03526045472788	1.42633796326735	2.35409293346913e-14	1	1	3	0.038621545476715	1	0	-1.88107147069544	4.33072062880602
FABP5	RXRA	R-HSA-9623433	REACTOME_NR1H2_NR1H3_REGULATE_GENE_EXPRESSION_TO_CONTROL_BILE_ACID_HOMEOSTASIS	1.36068416012892e-18	1.50973436848226e-18	7.03526045472788	1.42633796326735	2.35409293346913e-14	1	3	6	0.0451272306320809	1	0	-1.88107147069544	4.33072062880602
UBC	NOTCH2	R-HSA-2197563	REACTOME_NOTCH2_INTRACELLULAR_DOMAIN_REGULATES_TRANSCRIPTION	1.46588434938063e-18	1.62358972030165e-18	3.57563146033348	1.34997641936825	7.31668880740948e-11	1	3	7	0.0157838458560104	1	0	3.83073089347309	5.94446390999845
FABP5	RXRA	R-HSA-9029558	REACTOME_NR1H2_NR1H3_REGULATE_GENE_EXPRESSION_LINKED_TO_LIPOGENESIS	4.36398922721375e-18	4.82497400473632e-18	7.03526045472788	1.42633796326735	2.35409293346913e-14	1	3	7	0.101023961548622	1	0	-1.88107147069544	4.33072062880602
UBC	NOTCH1	R-HSA-2644605	REACTOME_FBXW7_MUTANTS_AND_NOTCH1_IN_CANCER	4.61090817901021e-18	5.08901640846821e-18	3.57563146033348	1.60069739973573	1.1517026902564e-12	1	2	4	0.0100281682090508	1	0	3.83073089347309	5.27286760177124
ADAM15	ITGA5	R-HSA-1566977	REACTOME_FIBRONECTIN_MATRIX_FORMATION	5.33974237429506e-18	5.88308458080227e-18	1.53114347477818	2.07826981282619	1.063381616313e-11	1	1	2	0.000708623544729098	1	0	6.59301590703664	-1.80245868588719
B2M	TREM2	R-HSA-416700	REACTOME_OTHER_SEMAPHORIN_INTERACTIONS	6.28428630356757e-18	6.91161435838955e-18	1.38696062008033	16.7973749524467	5.57475950734304e-16	1	1	2	0.106173201460323	1	0	1.73911837527151	4.87477089537038
DLL1	NOTCH1	R-HSA-8941856	REACTOME_RUNX3_REGULATES_NOTCH_SIGNALING	7.76284105038152e-18	8.52283947489439e-18	1.06164985813785	1.60069739973573	2.52450894650973e-09	1	5	10	0.0157838458560104	1	0	4.25625476997444	5.27286760177124
FABP5	RXRA	R-HSA-9031525	REACTOME_NR1H2_NR1H3_REGULATE_GENE_EXPRESSION_TO_LIMIT_CHOLESTEROL_UPTAKE	8.3607696510773e-18	9.16328680781247e-18	7.03526045472788	1.42633796326735	2.35409293346913e-14	1	2	4	0.0451272306320809	1	0	-1.88107147069544	4.33072062880602
GDF11	ACVR1B	R-HSA-1181150	REACTOME_SIGNALING_BY_NODAL	1.12126701084737e-17	1.22675206064835e-17	4.28339782142397	1.66307739809795	5.31256519547953e-13	1	4	9	0.0823946361333573	1	0	4.52657698953721	0.615166257061489
FABP5	RXRA	R-HSA-9031528	REACTOME_NR1H2_NR1H3_REGULATE_GENE_EXPRESSION_LINKED_TO_TRIGLYCERIDE_LIPOLYSIS_IN_ADIPOSE	1.26816425552289e-17	1.3850559173363e-17	7.03526045472788	1.42633796326735	2.35409293346913e-14	1	1	3	0.0813674367091381	1	0	-1.88107147069544	4.33072062880602
S100A9	TLR4	R-HSA-937072	REACTOME_TRAF6_MEDIATED_INDUCTION_OF_TAK1_COMPLEX_WITHIN_TLR4_COMPLEX	1.99961359115632e-17	2.18013426258015e-17	18.4885634396239	4.61290488106845	8.26954640670327e-14	1	6	11	0.0964355099991749	1	0	4.04781870740767	3.13067103956041
DLL1	NOTCH1	R-HSA-9824272	REACTOME_SOMITOGENESIS	2.44335004975653e-17	2.65931339904177e-17	1.06164985813785	1.60069739973573	2.52450894650973e-09	1	2	4	0.00134295711705733	1	0	4.25625476997444	5.27286760177124
B2M	TYROBP	R-HSA-416700	REACTOME_OTHER_SEMAPHORIN_INTERACTIONS	2.78351763697683e-17	3.0243063598987e-17	1.38696062008033	11.9386185175893	2.32567614739739e-14	1	1	3	0.106173201460323	1	0	1.73911837527151	0.550395704900247
FABP5	RXRA	R-HSA-211976	REACTOME_ENDOGENOUS_STEROLS	3.51142098814551e-17	3.80858787660687e-17	7.03526045472788	1.42633796326735	2.35409293346913e-14	1	1	2	0.038621545476715	1	0	-1.88107147069544	4.33072062880602
DLL1	NOTCH1	R-HSA-9818030	REACTOME_NFE2L2_REGULATING_TUMORIGENIC_GENES	5.05780449595234e-17	5.47638141975529e-17	1.06164985813785	1.60069739973573	2.52450894650973e-09	1	3	7	0.0157838458560104	1	0	4.25625476997444	5.27286760177124
FABP5	RXRA	R-HSA-194068	REACTOME_BILE_ACID_AND_BILE_SALT_METABOLISM	5.7395762450474e-17	6.20387931478446e-17	7.03526045472788	1.42633796326735	2.35409293346913e-14	1	3	7	0.17381122276292	1	0	-1.88107147069544	4.33072062880602
UBC	TLR4	R-HSA-937072	REACTOME_TRAF6_MEDIATED_INDUCTION_OF_TAK1_COMPLEX_WITHIN_TLR4_COMPLEX	9.58934997982397e-17	1.03472711122499e-16	3.57563146033348	4.61290488106845	3.9657449328706e-13	1	6	11	0.0964355099991749	1	0	3.83073089347309	3.13067103956041
DLL1	NOTCH1	R-HSA-210744	REACTOME_REGULATION_OF_GENE_EXPRESSION_IN_LATE_STAGE_BRANCHING_MORPHOGENESIS_PANCREATIC_BUD_PRECURSOR_CELLS	1.33102103810062e-16	1.43375851102434e-16	1.06164985813785	1.60069739973573	2.52450894650973e-09	1	4	8	0.0157838458560104	1	0	4.25625476997444	5.27286760177124
VASP	ROBO1	R-HSA-428890	REACTOME_ROLE_OF_ABL_IN_ROBO_SLIT_SIGNALING	1.47128886666033e-16	1.58213939771008e-16	1.1594642348968	6.83683290161393	3.3938065657517e-11	1	3	6	0.0234063069776183	1	0	-2.83291988368955	-3.61475788608394
FGR	LRP8	R-HSA-418346	REACTOME_PLATELET_HOMEOSTASIS	2.23995268535052e-16	2.4004953692835e-16	5.34613753925241	1.97257626059682	2.6161642102249e-15	1	1	2	0.292608489577579	1	0	-5.1799930791844	4.16124014266346
FGR	LRP8	R-HSA-432142	REACTOME_PLATELET_SENSITIZATION_BY_LDL	2.23995268535052e-16	2.4004953692835e-16	5.34613753925241	1.97257626059682	2.6161642102249e-15	1	1	2	0.292608489577579	1	0	-5.1799930791844	4.16124014266346
ARTN	RET	R-HSA-9830364	REACTOME_FORMATION_OF_THE_NEPHRIC_DUCT	4.76722468507647e-16	5.10019949272235e-16	4.85866162723582	6.49995521125445	6.56190890513263e-16	1	1	3	0.898969880952312	1	0	3.00186208735413	-1.9762788729679
FABP5	RXRA	R-HSA-159418	REACTOME_RECYCLING_OF_BILE_ACIDS_AND_SALTS	6.3285089089501e-16	6.74754430360044e-16	7.03526045472788	1.42633796326735	2.35409293346913e-14	1	1	3	0.299566053050118	1	0	-1.88107147069544	4.33072062880602
SPP1	ITGA5	R-HSA-1566977	REACTOME_FIBRONECTIN_MATRIX_FORMATION	6.32109878970362e-16	6.74754430360044e-16	1.50243928958212	2.07826981282619	1.25881358625594e-09	1	1	2	0.000708623544729098	1	0	3.98177922727717	-1.80245868588719
SPP1	ITGA4	R-HSA-198933	REACTOME_IMMUNOREGULATORY_INTERACTIONS_BETWEEN_A_LYMPHOID_AND_A_NON_LYMPHOID_CELL	6.63817286608521e-16	7.0657162032229e-16	1.50243928958212	12.9907021611148	1.32195722132282e-09	1	1	2	0.000708623544729098	1	0	3.98177922727717	6.0277376851527
ADAM15	ITGA5	R-HSA-8941332	REACTOME_RUNX2_REGULATES_GENES_INVOLVED_IN_CELL_MIGRATION	7.99332372172518e-16	8.49375177198547e-16	1.53114347477818	2.07826981282619	1.063381616313e-11	1	1	2	0.00867000058781707	1	0	6.59301590703664	-1.80245868588719
ABCA1	RXRA	R-HSA-200425	REACTOME_CARNITINE_METABOLISM	8.83151199381124e-16	9.3685633988403e-16	3.50717001438836	1.42633796326735	3.48606003900238e-09	1	3	6	0.0114525058579404	1	0	-6.20417452604792	4.33072062880602
VASP	ROBO1	R-HSA-9010553	REACTOME_REGULATION_OF_EXPRESSION_OF_SLITS_AND_ROBOS	9.43931549617515e-16	9.99644204316694e-16	1.1594642348968	6.83683290161393	3.3938065657517e-11	1	1	2	0.00527383706617862	1	0	-2.83291988368955	-3.61475788608394
NRP1	ROBO1	R-HSA-428890	REACTOME_ROLE_OF_ABL_IN_ROBO_SLIT_SIGNALING	1.17949193374571e-15	1.24700494005438e-15	1.89828954603297	6.83683290161393	2.72072164732931e-10	1	3	6	0.0234063069776183	1	0	3.76033350574528	-3.61475788608394
UBC	NOTCH1	R-HSA-9818749	REACTOME_REGULATION_OF_NFE2L2_GENE_EXPRESSION	3.02867185841182e-15	3.19664861694559e-15	3.57563146033348	1.60069739973573	1.1517026902564e-12	1	3	7	0.17665601479681	1	0	3.83073089347309	5.27286760177124
DLL1	NOTCH2	R-HSA-2197563	REACTOME_NOTCH2_INTRACELLULAR_DOMAIN_REGULATES_TRANSCRIPTION	3.2131887733423e-15	3.38570897593786e-15	1.06164985813785	1.34997641936825	1.60380335214991e-07	1	3	7	0.0157838458560104	1	0	4.25625476997444	5.94446390999845
VCAN	ITGA4	R-HSA-198933	REACTOME_IMMUNOREGULATORY_INTERACTIONS_BETWEEN_A_LYMPHOID_AND_A_NON_LYMPHOID_CELL	4.13903971264071e-15	4.35396472284483e-15	1.78707147818052	12.9907021611148	8.24267994800524e-09	1	1	2	0.000708623544729098	1	0	1.35379241825946	6.0277376851527
ABCA1	RXRA	R-HSA-4090294	REACTOME_SUMOYLATION_OF_INTRACELLULAR_RECEPTORS	5.28135804022912e-15	5.54630911248142e-15	3.50717001438836	1.42633796326735	3.48606003900238e-09	1	5	10	0.0451272306320809	1	0	-6.20417452604792	4.33072062880602
ABCA1	RXRA	R-HSA-1368082	REACTOME_RORA_ACTIVATES_GENE_EXPRESSION	5.89252127863389e-15	6.17780194153937e-15	3.50717001438836	1.42633796326735	3.48606003900238e-09	1	3	7	0.038621545476715	1	0	-6.20417452604792	4.33072062880602
NRP1	ROBO1	R-HSA-9010553	REACTOME_REGULATION_OF_EXPRESSION_OF_SLITS_AND_ROBOS	7.56724035647164e-15	7.92037823977365e-15	1.89828954603297	6.83683290161393	2.72072164732931e-10	1	1	2	0.00527383706617862	1	0	3.76033350574528	-3.61475788608394
DLL1	NOTCH1	R-HSA-2644605	REACTOME_FBXW7_MUTANTS_AND_NOTCH1_IN_CANCER	1.01070172431869e-14	1.05610762541121e-14	1.06164985813785	1.60069739973573	2.52450894650973e-09	1	2	4	0.0100281682090508	1	0	4.25625476997444	5.27286760177124
FABP5	RXRA	R-HSA-9632974	REACTOME_NR1H2_NR1H3_REGULATE_GENE_EXPRESSION_LINKED_TO_GLUCONEOGENESIS	1.54344562517576e-14	1.6101060674591e-14	7.03526045472788	1.42633796326735	2.35409293346913e-14	1	1	3	0.868738849771901	1	0	-1.88107147069544	4.33072062880602
SPP1	ITGA5	R-HSA-8941332	REACTOME_RUNX2_REGULATES_GENES_INVOLVED_IN_CELL_MIGRATION	9.46236454146848e-14	9.85466821234196e-14	1.50243928958212	2.07826981282619	1.25881358625594e-09	1	1	2	0.00867000058781707	1	0	3.98177922727717	-1.80245868588719
ABCA1	RXRA	R-HSA-192105	REACTOME_SYNTHESIS_OF_BILE_ACIDS_AND_BILE_SALTS	1.09270460440716e-13	1.13424544060777e-13	3.50717001438836	1.42633796326735	3.48606003900238e-09	1	3	6	0.038621545476715	1	0	-6.20417452604792	4.33072062880602
ABCA1	RXRA	R-HSA-193368	REACTOME_SYNTHESIS_OF_BILE_ACIDS_AND_BILE_SALTS_VIA_7ALPHA_HYDROXYCHOLESTEROL	1.09270460440716e-13	1.13424544060777e-13	3.50717001438836	1.42633796326735	3.48606003900238e-09	1	3	6	0.038621545476715	1	0	-6.20417452604792	4.33072062880602
ABCA1	RXRA	R-HSA-193807	REACTOME_SYNTHESIS_OF_BILE_ACIDS_AND_BILE_SALTS_VIA_27_HYDROXYCHOLESTEROL	2.00827789471798e-13	2.08118567307407e-13	3.50717001438836	1.42633796326735	3.48606003900238e-09	1	1	3	0.038621545476715	1	0	-6.20417452604792	4.33072062880602
ABCA1	RXRA	R-HSA-9623433	REACTOME_NR1H2_NR1H3_REGULATE_GENE_EXPRESSION_TO_CONTROL_BILE_ACID_HOMEOSTASIS	2.01497001621713e-13	2.08468067575677e-13	3.50717001438836	1.42633796326735	3.48606003900238e-09	1	3	6	0.0451272306320809	1	0	-6.20417452604792	4.33072062880602
GDF11	ACVR1B	R-HSA-1433617	REACTOME_REGULATION_OF_SIGNALING_BY_NODAL	3.58437226576681e-13	3.70227924819335e-13	4.28339782142397	1.66307739809795	5.31256519547953e-13	1	1	2	0.82139946903452	1	0	4.52657698953721	0.615166257061489
UBC	NOTCH1	R-HSA-2660825	REACTOME_SIGNALING_BY_NOTCH1_T_7_9_NOTCH1_M1580_K2555_TRANSLOCATION_MUTANT	5.39639124072503e-13	5.56475155858016e-13	3.57563146033348	1.60069739973573	1.1517026902564e-12	1	1	2	0.684512721322786	1	0	3.83073089347309	5.27286760177124
UBC	NOTCH1	R-HSA-2691230	REACTOME_SIGNALING_BY_NOTCH1_HD_DOMAIN_MUTANTS_IN_CANCER	5.71938466737312e-13	5.88815339526282e-13	3.57563146033348	1.60069739973573	1.1517026902564e-12	1	2	5	0.684512721322786	1	0	3.83073089347309	5.27286760177124
ABCA1	RXRA	R-HSA-9029558	REACTOME_NR1H2_NR1H3_REGULATE_GENE_EXPRESSION_LINKED_TO_LIPOGENESIS	6.4624162620495e-13	6.64222162449605e-13	3.50717001438836	1.42633796326735	3.48606003900238e-09	1	3	7	0.101023961548622	1	0	-6.20417452604792	4.33072062880602
CALM3	INSR	R-HSA-74749	REACTOME_SIGNAL_ATTENUATION	9.45606988214132e-13	9.70328739539992e-13	1.15803973026608	1.68122778865516	3.57400584177271e-09	1	4	8	0.0901955084212352	1	0	0.0905799434324896	4.15533419045177
ABCA1	RXRA	R-HSA-9031525	REACTOME_NR1H2_NR1H3_REGULATE_GENE_EXPRESSION_TO_LIMIT_CHOLESTEROL_UPTAKE	1.2381051130795e-12	1.26840132302435e-12	3.50717001438836	1.42633796326735	3.48606003900238e-09	1	2	4	0.0451272306320809	1	0	-6.20417452604792	4.33072062880602
ABCA1	RXRA	R-HSA-9031528	REACTOME_NR1H2_NR1H3_REGULATE_GENE_EXPRESSION_LINKED_TO_TRIGLYCERIDE_LIPOLYSIS_IN_ADIPOSE	1.87796185580263e-12	1.92078183297077e-12	3.50717001438836	1.42633796326735	3.48606003900238e-09	1	1	3	0.0813674367091381	1	0	-6.20417452604792	4.33072062880602
ABCA1	RXRA	R-HSA-211976	REACTOME_ENDOGENOUS_STEROLS	5.19989003528812e-12	5.30980641001779e-12	3.50717001438836	1.42633796326735	3.48606003900238e-09	1	1	2	0.038621545476715	1	0	-6.20417452604792	4.33072062880602
DLL1	NOTCH1	R-HSA-9818749	REACTOME_REGULATION_OF_NFE2L2_GENE_EXPRESSION	6.63878730794726e-12	6.76811433342675e-12	1.06164985813785	1.60069739973573	2.52450894650973e-09	1	3	7	0.17665601479681	1	0	4.25625476997444	5.27286760177124
ABCA1	RXRA	R-HSA-194068	REACTOME_BILE_ACID_AND_BILE_SALT_METABOLISM	8.49945518471159e-12	8.65098517990093e-12	3.50717001438836	1.42633796326735	3.48606003900238e-09	1	3	7	0.17381122276292	1	0	-6.20417452604792	4.33072062880602
CALM3	INSR	R-HSA-74713	REACTOME_IRS_ACTIVATION	2.33263417115706e-11	2.37037906065798e-11	1.15803973026608	1.68122778865516	3.57400584177271e-09	1	1	3	0.186880415829426	1	0	0.0905799434324896	4.15533419045177
UBC	NOTCH2	R-HSA-2979096	REACTOME_NOTCH2_ACTIVATION_AND_TRANSMISSION_OF_SIGNAL_TO_THE_NUCLEUS	3.63348615359421e-11	3.68631551608589e-11	3.57563146033348	1.34997641936825	7.31668880740948e-11	1	2	5	0.684512721322786	1	0	3.83073089347309	5.94446390999845
ABCA1	RXRA	R-HSA-159418	REACTOME_RECYCLING_OF_BILE_ACIDS_AND_SALTS	9.37157649993464e-11	9.49250006767573e-11	3.50717001438836	1.42633796326735	3.48606003900238e-09	1	1	3	0.299566053050118	1	0	-6.20417452604792	4.33072062880602
CALM3	ABCA1	R-HSA-8963896	REACTOME_HDL_ASSEMBLY	1.3646040437431e-10	1.37776742680172e-10	1.15803973026608	3.50717001438836	1.55211345258221e-08	1	1	2	0.0937651808074513	1	0	0.0905799434324896	-6.20417452604792
CALM3	ABCA1	R-HSA-8963898	REACTOME_PLASMA_LIPOPROTEIN_ASSEMBLY	1.3646040437431e-10	1.37776742680172e-10	1.15803973026608	3.50717001438836	1.55211345258221e-08	1	1	2	0.0937651808074513	1	0	0.0905799434324896	-6.20417452604792
SHANK1	ABCA1	R-HSA-8963896	REACTOME_HDL_ASSEMBLY	3.19961535665616e-10	3.22012571150652e-10	1.1541562549924	3.50717001438836	3.63927255010361e-08	1	1	2	0.0937651808074513	1	0	5.24480324901242	-6.20417452604792
SHANK1	ABCA1	R-HSA-8963898	REACTOME_PLASMA_LIPOPROTEIN_ASSEMBLY	3.19961535665616e-10	3.22012571150652e-10	1.1541562549924	3.50717001438836	3.63927255010361e-08	1	1	2	0.0937651808074513	1	0	5.24480324901242	-6.20417452604792
DLL1	NOTCH1	R-HSA-2660825	REACTOME_SIGNALING_BY_NOTCH1_T_7_9_NOTCH1_M1580_K2555_TRANSLOCATION_MUTANT	1.18287801889602e-09	1.18855583338672e-09	1.06164985813785	1.60069739973573	2.52450894650973e-09	1	1	2	0.684512721322786	1	0	4.25625476997444	5.27286760177124
DLL1	NOTCH1	R-HSA-2691230	REACTOME_SIGNALING_BY_NOTCH1_HD_DOMAIN_MUTANTS_IN_CANCER	1.25367752315483e-09	1.25768288265373e-09	1.06164985813785	1.60069739973573	2.52450894650973e-09	1	2	5	0.684512721322786	1	0	4.25625476997444	5.27286760177124
ABCA1	RXRA	R-HSA-9632974	REACTOME_NR1H2_NR1H3_REGULATE_GENE_EXPRESSION_LINKED_TO_GLUCONEOGENESIS	2.28561244961947e-09	2.28925776453114e-09	3.50717001438836	1.42633796326735	3.48606003900238e-09	1	1	3	0.868738849771901	1	0	-6.20417452604792	4.33072062880602
DLL1	NOTCH2	R-HSA-2979096	REACTOME_NOTCH2_ACTIVATION_AND_TRANSMISSION_OF_SIGNAL_TO_THE_NUCLEUS	7.96452798050312e-08	7.96452798050312e-08	1.06164985813785	1.34997641936825	1.60380335214991e-07	1	2	5	0.684512721322786	1	0	4.25625476997444	5.94446390999845
