L	R	pw.id	pw.name	pval	qval	L.logFC	R.logFC	LR.pval	LR.corr	rank	len	rank.pval	rank.corr	LR.score	L.expr	R.expr
ADAM17	ERBB4	R-HSA-5683057	REACTOME_MAPK_FAMILY_SIGNALING_CASCADES	0	0	1.5896590416355	7.00666928414004	3.28058577527394e-18	1	70	128	1.43440136548138e-06	1	0	7.29936930599439	5.74483040006388
ADAM17	ITGA5	R-HSA-1474244	REACTOME_EXTRACELLULAR_MATRIX_ORGANIZATION	0	0	1.5896590416355	2.35156648985552	5.49308928756002e-16	1	43	79	4.99276630768804e-12	1	0	7.29936930599439	8.07526829451089
ADAM28	ITGA4	R-HSA-1474244	REACTOME_EXTRACELLULAR_MATRIX_ORGANIZATION	0	0	15.375445455263	15.1770063173997	1.21470517786959e-27	1	43	79	4.99276630768804e-12	1	0	7.68169270870018	5.0976613481112
C3	C3AR1	R-HSA-418594	REACTOME_G_ALPHA_I_SIGNALLING_EVENTS	0	0	3.20057725358691	4.89715724440861	1.09513309072969e-21	1	40	73	1.54002156961954e-10	1	0	2.39344492210027	5.01786377680967
C3	ITGAM	R-HSA-1474244	REACTOME_EXTRACELLULAR_MATRIX_ORGANIZATION	0	0	3.20057725358691	16.3722019910173	3.65251440441733e-21	1	43	79	1.38539637082614e-11	1	0	2.39344492210027	4.8319537742462
C3	ITGB2	R-HSA-1474244	REACTOME_EXTRACELLULAR_MATRIX_ORGANIZATION	0	0	3.20057725358691	12.5217032139872	4.90080817440586e-24	1	44	81	1.38539637082614e-11	1	0	2.39344492210027	5.80902871863339
C5	C5AR1	R-HSA-418594	REACTOME_G_ALPHA_I_SIGNALLING_EVENTS	0	0	10.1932303048562	13.1334936540315	4.36436716030289e-27	1	40	73	1.6940586473001e-10	1	0	-3.57721347542601	3.16526804816043
COL7A1	ITGA2	R-HSA-1474244	REACTOME_EXTRACELLULAR_MATRIX_ORGANIZATION	0	0	1.40983826886096	1.82587311291054	1.87938855050471e-12	1	43	79	4.99276630768804e-12	1	0	-4.63551693170852	1.50730363632828
CXCL13	CXCR5	R-HSA-418594	REACTOME_G_ALPHA_I_SIGNALLING_EVENTS	0	0	16.6010971969329	10.4990755093477	1.18095343395751e-24	1	40	73	1.6940586473001e-10	1	0	-3.51782657496309	4.01930496965654
GNAS	ADCY1	R-HSA-418594	REACTOME_G_ALPHA_I_SIGNALLING_EVENTS	0	0	3.3187853395061	10.0738130890855	2.96512290894829e-21	1	40	73	1.6940586473001e-10	1	0	-6.31397532931747	-0.0645140772909733
HBEGF	ERBB4	R-HSA-5683057	REACTOME_MAPK_FAMILY_SIGNALING_CASCADES	0	0	3.10513081118419	7.00666928414004	1.26780152351645e-20	1	70	128	1.43440136548138e-06	1	0	6.33036679532127	5.74483040006388
ICAM2	ITGAL	R-HSA-1474244	REACTOME_EXTRACELLULAR_MATRIX_ORGANIZATION	0	0	5.31746051986694	12.3699824135542	7.86684381061077e-24	1	44	81	1.38539637082614e-11	1	0	-2.63928424522828	6.09194252057816
ICAM2	ITGAM	R-HSA-1474244	REACTOME_EXTRACELLULAR_MATRIX_ORGANIZATION	0	0	5.31746051986694	16.3722019910173	7.31886154481727e-23	1	43	79	1.38539637082614e-11	1	0	-2.63928424522828	4.8319537742462
ICAM2	ITGB2	R-HSA-1474244	REACTOME_EXTRACELLULAR_MATRIX_ORGANIZATION	0	0	5.31746051986694	12.5217032139872	9.82017660020896e-26	1	44	81	1.38539637082614e-11	1	0	-2.63928424522828	5.80902871863339
ICAM3	ITGAL	R-HSA-1474244	REACTOME_EXTRACELLULAR_MATRIX_ORGANIZATION	0	0	6.44554517853026	12.3699824135542	1.95220762892473e-25	1	44	81	1.38539637082614e-11	1	0	-6.31397532931747	6.09194252057816
ICAM3	ITGB2	R-HSA-1474244	REACTOME_EXTRACELLULAR_MATRIX_ORGANIZATION	0	0	6.44554517853026	12.5217032139872	2.43693965939152e-27	1	44	81	1.38539637082614e-11	1	0	-6.31397532931747	5.80902871863339
ICAM5	ITGAL	R-HSA-1474244	REACTOME_EXTRACELLULAR_MATRIX_ORGANIZATION	0	0	3.7633250512016	12.3699824135542	1.75882625130855e-23	1	44	81	1.38539637082614e-11	1	0	-2.16870268302112	6.09194252057816
ICAM5	ITGB2	R-HSA-1474244	REACTOME_EXTRACELLULAR_MATRIX_ORGANIZATION	0	0	3.7633250512016	12.5217032139872	2.19554179703391e-25	1	44	81	1.38539637082614e-11	1	0	-2.16870268302112	5.80902871863339
MMP2	SDC2	R-HSA-1474244	REACTOME_EXTRACELLULAR_MATRIX_ORGANIZATION	0	0	1.39003757627372	7.02714662271295	3.56658779279039e-20	1	43	79	1.29897391193462e-11	1	0	0.709530435951326	1.88082337601345
MMP7	ERBB4	R-HSA-5683057	REACTOME_MAPK_FAMILY_SIGNALING_CASCADES	0	0	4.90647762810185	7.00666928414004	4.60705833051547e-22	1	70	128	1.43440136548138e-06	1	0	3.77434399675889	5.74483040006388
MMP9	ITGAM	R-HSA-1474244	REACTOME_EXTRACELLULAR_MATRIX_ORGANIZATION	0	0	14.0080228974083	16.3722019910173	4.93920851823802e-27	1	43	79	1.38539637082614e-11	1	0	7.03507745353074	4.8319537742462
MMP9	ITGB2	R-HSA-1474244	REACTOME_EXTRACELLULAR_MATRIX_ORGANIZATION	0	0	14.0080228974083	12.5217032139872	6.62724654884351e-30	1	44	81	1.38539637082614e-11	1	0	7.03507745353074	5.80902871863339
NRG1	ERBB4	R-HSA-5683057	REACTOME_MAPK_FAMILY_SIGNALING_CASCADES	0	0	9.5329150450773	7.00666928414004	3.80156789224067e-25	1	70	128	1.43440136548138e-06	1	0	6.90495468672893	5.74483040006388
RPS19	C5AR1	R-HSA-418594	REACTOME_G_ALPHA_I_SIGNALLING_EVENTS	0	0	6.57039345129222	13.1334936540315	1.06429965485351e-24	1	40	73	1.6940586473001e-10	1	0	5.7959681692493	3.16526804816043
SPP1	ITGA4	R-HSA-1474244	REACTOME_EXTRACELLULAR_MATRIX_ORGANIZATION	0	0	3.31970943934407	15.1770063173997	2.66285792870034e-24	1	43	79	4.99276630768804e-12	1	0	4.48267476586738	5.0976613481112
SPP1	ITGA5	R-HSA-1474244	REACTOME_EXTRACELLULAR_MATRIX_ORGANIZATION	0	0	3.31970943934407	2.35156648985552	1.16721688923402e-16	1	43	79	4.99276630768804e-12	1	0	4.48267476586738	8.07526829451089
SPP1	ITGB5	R-HSA-1474244	REACTOME_EXTRACELLULAR_MATRIX_ORGANIZATION	0	0	3.31970943934407	1.34132651155907	7.36337459360251e-15	1	44	81	1.38539637082614e-11	1	0	4.48267476586738	-2.68914898889273
TGFB1	ITGB5	R-HSA-1474244	REACTOME_EXTRACELLULAR_MATRIX_ORGANIZATION	0	0	2.62379790205911	1.34132651155907	3.29147396343273e-16	1	44	81	1.38539637082614e-11	1	0	-6.31397532931747	-2.68914898889273
TGFB1	ITGB8	R-HSA-1474244	REACTOME_EXTRACELLULAR_MATRIX_ORGANIZATION	0	0	2.62379790205911	1.91793695371209	5.94681506164922e-17	1	44	81	1.38539637082614e-11	1	0	-6.31397532931747	4.46651790607271
TGFB1	SDC2	R-HSA-1474244	REACTOME_EXTRACELLULAR_MATRIX_ORGANIZATION	0	0	2.62379790205911	7.02714662271295	1.43944167028145e-23	1	43	79	1.29897391193462e-11	1	0	-6.31397532931747	1.88082337601345
TLN1	ITGB5	R-HSA-1474244	REACTOME_EXTRACELLULAR_MATRIX_ORGANIZATION	0	0	1.37532041259926	1.34132651155907	4.02438854275843e-11	1	44	81	1.38539637082614e-11	1	0	6.16994139245844	-2.68914898889273
VCAN	ITGA4	R-HSA-1474244	REACTOME_EXTRACELLULAR_MATRIX_ORGANIZATION	0	0	1.51899530427996	15.1770063173997	7.57756030830676e-20	1	43	79	4.99276630768804e-12	1	0	-6.06802196033256	5.0976613481112
VEGFA	RET	R-HSA-5683057	REACTOME_MAPK_FAMILY_SIGNALING_CASCADES	0	0	1.5083413743376	5.65176436778406	1.14298157225152e-19	1	72	131	1.10795630940326e-06	1	0	7.98654812386516	2.6718568471367
UBC	ERBB4	R-HSA-5683057	REACTOME_MAPK_FAMILY_SIGNALING_CASCADES	0	0	3.40616648312256	7.00666928414004	1.91548986052379e-18	1	70	128	1.43440136548138e-06	1	0	6.66064817987658	5.74483040006388
YWHAZ	CSF2RB	R-HSA-5683057	REACTOME_MAPK_FAMILY_SIGNALING_CASCADES	0	0	2.1312887937113	9.08211240949195	1.16147580518599e-21	1	72	131	1.10795630940326e-06	1	0	-3.51763600569558	-3.46764441946279
ITGAM	ITGB2	R-HSA-1474244	REACTOME_EXTRACELLULAR_MATRIX_ORGANIZATION	0	0	16.3722019910173	12.5217032139872	1.28320096555879e-26	1	44	81	1.38539637082614e-11	1	0	4.8319537742462	5.80902871863339
ITGB2	ITGAM	R-HSA-1474244	REACTOME_EXTRACELLULAR_MATRIX_ORGANIZATION	0	0	12.5217032139872	16.3722019910173	1.28320096555879e-26	1	43	79	1.38539637082614e-11	1	0	5.80902871863339	4.8319537742462
COL9A2	ITGA2	R-HSA-1474244	REACTOME_EXTRACELLULAR_MATRIX_ORGANIZATION	0	0	7.49924647809911	1.82587311291054	4.60770585238688e-19	1	43	79	4.99276630768804e-12	1	0	-5.34806577023979	1.50730363632828
ITGB2	ITGAL	R-HSA-1474244	REACTOME_EXTRACELLULAR_MATRIX_ORGANIZATION	0	0	12.5217032139872	12.3699824135542	1.37927757095287e-27	1	44	81	1.38539637082614e-11	1	0	5.80902871863339	6.09194252057816
IL1B	IL1RAP	R-HSA-9006925	REACTOME_INTRACELLULAR_SIGNALING_BY_SECOND_MESSENGERS	5.28216702892499e-315	7.31580133523403e-314	17.9337476788063	1.02082311697848	5.28843311400981e-21	1	86	158	2.18862193986499e-05	1	0	5.58548556180097	-2.3894714813988
GNAS	ADCY1	R-HSA-9006925	REACTOME_INTRACELLULAR_SIGNALING_BY_SECOND_MESSENGERS	8.12001944713843e-315	1.09719287162688e-313	3.3187853395061	10.0738130890855	2.96512290894829e-21	1	86	158	2.21907152773151e-05	1	0	-6.31397532931747	-0.0645140772909733
NRG1	ERBB4	R-HSA-9006925	REACTOME_INTRACELLULAR_SIGNALING_BY_SECOND_MESSENGERS	5.37080710083343e-303	7.08435031871839e-302	9.5329150450773	7.00666928414004	3.80156789224067e-25	1	85	155	2.81572248814296e-05	1	0	6.90495468672893	5.74483040006388
MMP7	ERBB4	R-HSA-9006925	REACTOME_INTRACELLULAR_SIGNALING_BY_SECOND_MESSENGERS	6.50879381793765e-300	8.38574831427316e-299	4.90647762810185	7.00666928414004	4.60705833051547e-22	1	85	155	2.81572248814296e-05	1	0	3.77434399675889	5.74483040006388
HBEGF	ERBB4	R-HSA-9006925	REACTOME_INTRACELLULAR_SIGNALING_BY_SECOND_MESSENGERS	1.79113397891634e-298	2.25520050981739e-297	3.10513081118419	7.00666928414004	1.26780152351645e-20	1	85	155	2.81572248814296e-05	1	0	6.33036679532127	5.74483040006388
TGFB1	SDC2	R-HSA-381426	REACTOME_REGULATION_OF_INSULIN_LIKE_GROWTH_FACTOR_IGF_TRANSPORT_AND_UPTAKE_BY_INSULIN_LIKE_GROWTH_FACTOR_BINDING_PROTEINS_IGFBPS	3.0838147923533e-297	3.79651865547495e-296	2.62379790205911	7.02714662271295	1.43944167028145e-23	1	34	63	1.90487639005427e-10	1	0	-6.31397532931747	1.88082337601345
UBC	ERBB4	R-HSA-9006925	REACTOME_INTRACELLULAR_SIGNALING_BY_SECOND_MESSENGERS	2.70617988053659e-296	3.2591818561245e-295	3.40616648312256	7.00666928414004	1.91548986052379e-18	1	85	155	2.81572248814296e-05	1	0	6.66064817987658	5.74483040006388
ADAM17	ERBB4	R-HSA-9006925	REACTOME_INTRACELLULAR_SIGNALING_BY_SECOND_MESSENGERS	4.63477014646961e-296	5.46311204498758e-295	1.5896590416355	7.00666928414004	3.28058577527394e-18	1	85	155	2.81572248814296e-05	1	0	7.29936930599439	5.74483040006388
MMP2	SDC2	R-HSA-381426	REACTOME_REGULATION_OF_INSULIN_LIKE_GROWTH_FACTOR_IGF_TRANSPORT_AND_UPTAKE_BY_INSULIN_LIKE_GROWTH_FACTOR_BINDING_PROTEINS_IGFBPS	7.64094608396545e-294	8.81892527191012e-293	1.39003757627372	7.02714662271295	3.56658779279039e-20	1	34	63	1.90487639005427e-10	1	0	0.709530435951326	1.88082337601345
TGFB1	SDC2	R-HSA-9694516	REACTOME_SARS_COV_2_INFECTION	1.01692832636366e-280	1.14975161797034e-279	2.62379790205911	7.02714662271295	1.43944167028145e-23	1	78	142	2.55655345959047e-05	1	0	-6.31397532931747	1.88082337601345
C3	C3AR1	R-HSA-9658195	REACTOME_LEISHMANIA_INFECTION	1.16490957900621e-280	1.29071981353888e-279	3.20057725358691	4.89715724440861	1.09513309072969e-21	1	47	87	1.18138208694486e-07	1	0	2.39344492210027	5.01786377680967
GNAS	ADCY1	R-HSA-9658195	REACTOME_LEISHMANIA_INFECTION	3.15404594090307e-280	3.42615970835353e-279	3.3187853395061	10.0738130890855	2.96512290894829e-21	1	47	87	1.18138208694486e-07	1	0	-6.31397532931747	-0.0645140772909733
MMP2	SDC2	R-HSA-9694516	REACTOME_SARS_COV_2_INFECTION	2.51970206909615e-277	2.68445181976782e-276	1.39003757627372	7.02714662271295	3.56658779279039e-20	1	78	142	2.55655345959047e-05	1	0	0.709530435951326	1.88082337601345
C5	C5AR1	R-HSA-373076	REACTOME_CLASS_A_1_RHODOPSIN_LIKE_RECEPTORS	2.64891352839686e-276	2.76886432968275e-275	10.1932303048562	13.1334936540315	4.36436716030289e-27	1	25	47	3.8926971772385e-12	1	0	-3.57721347542601	3.16526804816043
C5	C5AR2	R-HSA-373076	REACTOME_CLASS_A_1_RHODOPSIN_LIKE_RECEPTORS	3.70612493632373e-276	3.80220965689509e-275	10.1932303048562	8.65857279536715	9.96682402840169e-27	1	25	47	3.81059722706332e-12	1	0	-3.57721347542601	-3.67922646675566
VCAN	TLR2	R-HSA-9694516	REACTOME_SARS_COV_2_INFECTION	8.43689211811923e-275	8.49825133352374e-274	1.51899530427996	5.8843386295703	1.19422517473931e-17	1	78	142	2.55655345959047e-05	1	0	-6.06802196033256	-5.80061799508089
CXCL13	CXCR5	R-HSA-373076	REACTOME_CLASS_A_1_RHODOPSIN_LIKE_RECEPTORS	4.3913296329452e-274	4.34427967259222e-273	16.6010971969329	10.4990755093477	1.18095343395751e-24	1	25	47	3.81059722706332e-12	1	0	-3.51782657496309	4.01930496965654
RPS19	C5AR1	R-HSA-373076	REACTOME_CLASS_A_1_RHODOPSIN_LIKE_RECEPTORS	6.45967135774595e-274	6.27834724945834e-273	6.57039345129222	13.1334936540315	1.06429965485351e-24	1	25	47	3.8926971772385e-12	1	0	5.7959681692493	3.16526804816043
C3	C5AR2	R-HSA-373076	REACTOME_CLASS_A_1_RHODOPSIN_LIKE_RECEPTORS	1.68794974697572e-272	1.61228303418026e-271	3.20057725358691	8.65857279536715	4.53937694652575e-23	1	25	47	3.81059722706332e-12	1	0	2.39344492210027	-3.67922646675566
VEGFA	NRP1	R-HSA-9694516	REACTOME_SARS_COV_2_INFECTION	2.72770383085688e-272	2.56126766490629e-271	1.5083413743376	1.66754906986167	3.86101011893501e-15	1	78	142	2.55655345959047e-05	1	0	7.98654812386516	-5.46397449897657
C3	C3AR1	R-HSA-373076	REACTOME_CLASS_A_1_RHODOPSIN_LIKE_RECEPTORS	4.07221000850504e-271	3.76000724118632e-270	3.20057725358691	4.89715724440861	1.09513309072969e-21	1	25	47	3.81059722706332e-12	1	0	2.39344492210027	5.01786377680967
VCAN	TLR2	R-HSA-983169	REACTOME_CLASS_I_MHC_MEDIATED_ANTIGEN_PROCESSING_PRESENTATION	5.37281408320391e-271	4.87957213458191e-270	1.51899530427996	5.8843386295703	1.19422517473931e-17	1	90	164	9.62417495333046e-05	1	0	-6.06802196033256	-5.80061799508089
UBC	TLR4	R-HSA-983169	REACTOME_CLASS_I_MHC_MEDIATED_ANTIGEN_PROCESSING_PRESENTATION	3.88050574887995e-269	3.46741965303144e-268	3.40616648312256	5.86524880252892	3.51511783795841e-20	1	89	163	0.000111030139594316	1	0	6.66064817987658	6.33520832979857
TGFB1	ITGB8	R-HSA-9006936	REACTOME_SIGNALING_BY_TGFB_FAMILY_MEMBERS	7.89985963537127e-269	6.94686069523125e-268	2.62379790205911	1.91793695371209	5.94681506164922e-17	1	56	103	1.35448708670551e-06	1	0	-6.31397532931747	4.46651790607271
TGFB1	ITGB5	R-HSA-9006936	REACTOME_SIGNALING_BY_TGFB_FAMILY_MEMBERS	4.37245517727376e-268	3.7849065128276e-267	2.62379790205911	1.34132651155907	3.29147396343273e-16	1	56	103	1.35448708670551e-06	1	0	-6.31397532931747	-2.68914898889273
SEMA3D	NRP1	R-HSA-9694516	REACTOME_SARS_COV_2_INFECTION	9.01699466827866e-268	7.68525391727135e-267	1.02351133157821	1.66754906986167	1.2763375283918e-10	1	78	142	2.55655345959047e-05	1	0	2.62112181718373	-5.46397449897657
GDF11	ACVR2A	R-HSA-9006936	REACTOME_SIGNALING_BY_TGFB_FAMILY_MEMBERS	1.70755095573628e-267	1.43330792345136e-266	1.41830203971192	2.43549413503917	1.28540128695955e-15	1	56	103	1.35448708670551e-06	1	0	6.1175305463628	5.52025785025303
TGFB1	ACVRL1	R-HSA-9006936	REACTOME_SIGNALING_BY_TGFB_FAMILY_MEMBERS	8.4934553365465e-267	7.02294665141307e-266	2.62379790205911	6.10077217183555	1.85831917329187e-20	1	56	102	1.35448708670551e-06	1	0	-6.31397532931747	5.56255914215382
GDF11	ACVR1B	R-HSA-9006936	REACTOME_SIGNALING_BY_TGFB_FAMILY_MEMBERS	9.78338085921254e-267	7.85506231304891e-266	1.41830203971192	1.16616077376105	4.8537281573437e-13	1	56	103	1.24131103815608e-06	1	0	6.1175305463628	-4.45149791358894
SPP1	ITGB5	R-HSA-9006936	REACTOME_SIGNALING_BY_TGFB_FAMILY_MEMBERS	9.78164364102265e-267	7.85506231304891e-266	3.31970943934407	1.34132651155907	7.36337459360251e-15	1	56	103	1.35448708670551e-06	1	0	4.48267476586738	-2.68914898889273
TLN1	ITGB5	R-HSA-9006936	REACTOME_SIGNALING_BY_TGFB_FAMILY_MEMBERS	5.346072523932e-263	4.23103454036904e-262	1.37532041259926	1.34132651155907	4.02438854275843e-11	1	56	103	1.35448708670551e-06	1	0	6.16994139245844	-2.68914898889273
TGFB1	SDC2	R-HSA-71387	REACTOME_METABOLISM_OF_CARBOHYDRATES	1.87847108554902e-262	1.4657365935129e-261	2.62379790205911	7.02714662271295	1.43944167028145e-23	1	46	85	2.6084453138043e-07	1	0	-6.31397532931747	1.88082337601345
MMP2	SDC2	R-HSA-71387	REACTOME_METABOLISM_OF_CARBOHYDRATES	4.65439634071374e-259	3.58129940660474e-258	1.39003757627372	7.02714662271295	3.56658779279039e-20	1	46	85	2.6084453138043e-07	1	0	0.709530435951326	1.88082337601345
ALOX5AP	ALOX5	R-HSA-6785807	REACTOME_INTERLEUKIN_4_AND_INTERLEUKIN_13_SIGNALING	1.27009255566537e-243	9.63878460052895e-243	14.7976001780956	11.613542795127	9.57217250836777e-29	1	29	54	1.40620521856451e-09	1	0	-1.98996554294888	-1.28391773866105
PTGS2	ALOX5	R-HSA-6785807	REACTOME_INTERLEUKIN_4_AND_INTERLEUKIN_13_SIGNALING	2.80899184762826e-236	2.10294795079197e-235	1.79871887476581	11.613542795127	2.11702323741363e-21	1	29	54	1.40620521856451e-09	1	0	2.94024914557853	-1.28391773866105
TNF	TNFRSF1B	R-HSA-6785807	REACTOME_INTERLEUKIN_4_AND_INTERLEUKIN_13_SIGNALING	4.63979835829913e-236	3.42726438733029e-235	12.945101806299	3.91386061098809	4.6939318240245e-25	1	29	54	1.9814224695886e-09	1	0	-4.17309033422515	6.74397575053135
MMP9	ITGB2	R-HSA-6785807	REACTOME_INTERLEUKIN_4_AND_INTERLEUKIN_13_SIGNALING	1.59183467740933e-232	1.16036369905891e-231	14.0080228974083	12.5217032139872	6.62724654884351e-30	1	29	53	1.9814224695886e-09	1	0	7.03507745353074	5.80902871863339
ICAM3	ITGB2	R-HSA-6785807	REACTOME_INTERLEUKIN_4_AND_INTERLEUKIN_13_SIGNALING	5.85341895458897e-230	4.21142091018479e-229	6.44554517853026	12.5217032139872	2.43693965939152e-27	1	29	53	1.9814224695886e-09	1	0	-6.31397532931747	5.80902871863339
MMP9	ITGAM	R-HSA-6785807	REACTOME_INTERLEUKIN_4_AND_INTERLEUKIN_13_SIGNALING	1.18637556945257e-229	8.4263085317529e-229	14.0080228974083	16.3722019910173	4.93920851823802e-27	1	29	53	1.9814224695886e-09	1	0	7.03507745353074	4.8319537742462
ITGAM	ITGB2	R-HSA-6785807	REACTOME_INTERLEUKIN_4_AND_INTERLEUKIN_13_SIGNALING	3.08219074091649e-229	2.13441708808467e-228	16.3722019910173	12.5217032139872	1.28320096555879e-26	1	29	53	1.9814224695886e-09	1	0	4.8319537742462	5.80902871863339
ITGB2	ITGAM	R-HSA-6785807	REACTOME_INTERLEUKIN_4_AND_INTERLEUKIN_13_SIGNALING	3.08219074091649e-229	2.13441708808467e-228	12.5217032139872	16.3722019910173	1.28320096555879e-26	1	29	53	1.9814224695886e-09	1	0	5.80902871863339	4.8319537742462
UBC	TLR4	R-HSA-5357801	REACTOME_PROGRAMMED_CELL_DEATH	3.53570113097595e-229	2.41824497106257e-228	3.40616648312256	5.86524880252892	3.51511783795841e-20	1	55	101	8.55083157630213e-06	1	0	6.66064817987658	6.33520832979857
ICAM2	ITGB2	R-HSA-6785807	REACTOME_INTERLEUKIN_4_AND_INTERLEUKIN_13_SIGNALING	2.35876204925923e-228	1.59360265279221e-227	5.31746051986694	12.5217032139872	9.82017660020896e-26	1	29	53	1.9814224695886e-09	1	0	-2.63928424522828	5.80902871863339
ICAM5	ITGB2	R-HSA-6785807	REACTOME_INTERLEUKIN_4_AND_INTERLEUKIN_13_SIGNALING	5.27359219618902e-228	3.51996394781773e-227	3.7633250512016	12.5217032139872	2.19554179703391e-25	1	29	53	1.9814224695886e-09	1	0	-2.16870268302112	5.80902871863339
C3	ITGB2	R-HSA-6785807	REACTOME_INTERLEUKIN_4_AND_INTERLEUKIN_13_SIGNALING	1.17715198036683e-226	7.76359758480026e-226	3.20057725358691	12.5217032139872	4.90080817440586e-24	1	29	53	1.9814224695886e-09	1	0	2.39344492210027	5.80902871863339
ICAM2	ITGAM	R-HSA-6785807	REACTOME_INTERLEUKIN_4_AND_INTERLEUKIN_13_SIGNALING	1.75795747454587e-225	1.14577463635107e-224	5.31746051986694	16.3722019910173	7.31886154481727e-23	1	29	53	1.9814224695886e-09	1	0	-2.63928424522828	4.8319537742462
VCAN	TLR2	R-HSA-168898	REACTOME_TOLL_LIKE_RECEPTOR_CASCADES	5.18449469694095e-224	3.33977914198289e-223	1.51899530427996	5.8843386295703	1.19422517473931e-17	1	51	93	3.78132131138727e-06	1	0	-6.06802196033256	-5.80061799508089
C3	ITGAM	R-HSA-6785807	REACTOME_INTERLEUKIN_4_AND_INTERLEUKIN_13_SIGNALING	8.77317456931369e-224	5.58659621999975e-223	3.20057725358691	16.3722019910173	3.65251440441733e-21	1	29	53	1.9814224695886e-09	1	0	2.39344492210027	4.8319537742462
UBC	TLR4	R-HSA-168898	REACTOME_TOLL_LIKE_RECEPTOR_CASCADES	1.0139717386971e-222	6.3834129913431e-222	3.40616648312256	5.86524880252892	3.51511783795841e-20	1	50	92	4.70767299591273e-06	1	0	6.66064817987658	6.33520832979857
VCAN	TLR2	R-HSA-9705683	REACTOME_SARS_COV_2_HOST_INTERACTIONS	4.07855663510839e-222	2.53878693915735e-221	1.51899530427996	5.8843386295703	1.19422517473931e-17	1	64	118	4.56416983110811e-05	1	0	-6.06802196033256	-5.80061799508089
NRG1	ERBB4	R-HSA-9006931	REACTOME_SIGNALING_BY_NUCLEAR_RECEPTORS	3.53302275369566e-218	2.17477178394155e-217	9.5329150450773	7.00666928414004	3.80156789224067e-25	1	67	122	8.33260830603449e-05	1	0	6.90495468672893	5.74483040006388
MMP7	ERBB4	R-HSA-9006931	REACTOME_SIGNALING_BY_NUCLEAR_RECEPTORS	4.28161284256866e-215	2.60660825800334e-214	4.90647762810185	7.00666928414004	4.60705833051547e-22	1	67	122	8.33260830603449e-05	1	0	3.77434399675889	5.74483040006388
HBEGF	ERBB4	R-HSA-9006931	REACTOME_SIGNALING_BY_NUCLEAR_RECEPTORS	1.17824322929916e-213	7.09507335904061e-213	3.10513081118419	7.00666928414004	1.26780152351645e-20	1	67	122	8.33260830603449e-05	1	0	6.33036679532127	5.74483040006388
B2M	TFRC	R-HSA-8856828	REACTOME_CLATHRIN_MEDIATED_ENDOCYTOSIS	1.42469687938767e-213	8.48690399119108e-213	2.35953762700537	2.08277150359185	4.59101461626927e-16	1	47	87	3.72853444194194e-06	1	0	3.88059643622323	-4.3797191892982
UBC	ERBB4	R-HSA-9006931	REACTOME_SIGNALING_BY_NUCLEAR_RECEPTORS	1.78017845624087e-211	1.04916900506111e-210	3.40616648312256	7.00666928414004	1.91548986052379e-18	1	67	122	8.33260830603449e-05	1	0	6.66064817987658	5.74483040006388
ADAM17	ERBB4	R-HSA-9006931	REACTOME_SIGNALING_BY_NUCLEAR_RECEPTORS	3.04884313999761e-211	1.77795694690387e-210	1.5896590416355	7.00666928414004	3.28058577527394e-18	1	67	122	8.33260830603449e-05	1	0	7.29936930599439	5.74483040006388
GNAS	ADCY1	R-HSA-112315	REACTOME_TRANSMISSION_ACROSS_CHEMICAL_SYNAPSES	4.23566765403939e-205	2.44433320868523e-204	3.3187853395061	10.0738130890855	2.96512290894829e-21	1	39	71	6.5255806827245e-07	1	0	-6.31397532931747	-0.0645140772909733
NRG1	ERBB4	R-HSA-112315	REACTOME_TRANSMISSION_ACROSS_CHEMICAL_SYNAPSES	1.85735159790836e-201	1.0607966858157e-200	9.5329150450773	7.00666928414004	3.80156789224067e-25	1	38	70	1.12499475662354e-06	1	0	6.90495468672893	5.74483040006388
MMP7	ERBB4	R-HSA-112315	REACTOME_TRANSMISSION_ACROSS_CHEMICAL_SYNAPSES	2.25089420849365e-198	1.27244427704641e-197	4.90647762810185	7.00666928414004	4.60705833051547e-22	1	38	70	1.12499475662354e-06	1	0	3.77434399675889	5.74483040006388
NRG1	ERBB4	R-HSA-112314	REACTOME_NEUROTRANSMITTER_RECEPTORS_AND_POSTSYNAPTIC_SIGNAL_TRANSMISSION	4.56679785662074e-197	2.55556162885646e-196	9.5329150450773	7.00666928414004	3.80156789224067e-25	1	32	59	1.82821904484002e-07	1	0	6.90495468672893	5.74483040006388
HBEGF	ERBB4	R-HSA-112315	REACTOME_TRANSMISSION_ACROSS_CHEMICAL_SYNAPSES	6.19416317761992e-197	3.43156640040144e-196	3.10513081118419	7.00666928414004	1.26780152351645e-20	1	38	70	1.12499475662354e-06	1	0	6.33036679532127	5.74483040006388
GNAS	ADCY1	R-HSA-112314	REACTOME_NEUROTRANSMITTER_RECEPTORS_AND_POSTSYNAPTIC_SIGNAL_TRANSMISSION	1.291264780347e-196	7.08277909220039e-196	3.3187853395061	10.0738130890855	2.96512290894829e-21	1	33	60	1.34709077451797e-07	1	0	-6.31397532931747	-0.0645140772909733
UBC	ERBB4	R-HSA-112315	REACTOME_TRANSMISSION_ACROSS_CHEMICAL_SYNAPSES	9.35860743269313e-195	5.08300835069803e-194	3.40616648312256	7.00666928414004	1.91548986052379e-18	1	38	70	1.12499475662354e-06	1	0	6.66064817987658	5.74483040006388
ADAM17	ERBB4	R-HSA-112315	REACTOME_TRANSMISSION_ACROSS_CHEMICAL_SYNAPSES	1.60281268268738e-194	8.6209536525127e-194	1.5896590416355	7.00666928414004	3.28058577527394e-18	1	38	70	1.12499475662354e-06	1	0	7.29936930599439	5.74483040006388
MMP7	ERBB4	R-HSA-112314	REACTOME_NEUROTRANSMITTER_RECEPTORS_AND_POSTSYNAPTIC_SIGNAL_TRANSMISSION	5.53442808480897e-194	2.94814726825401e-193	4.90647762810185	7.00666928414004	4.60705833051547e-22	1	32	59	1.82821904484002e-07	1	0	3.77434399675889	5.74483040006388
HBEGF	ERBB4	R-HSA-112314	REACTOME_NEUROTRANSMITTER_RECEPTORS_AND_POSTSYNAPTIC_SIGNAL_TRANSMISSION	1.52300141529313e-192	8.03564556259422e-192	3.10513081118419	7.00666928414004	1.26780152351645e-20	1	32	59	1.82821904484002e-07	1	0	6.33036679532127	5.74483040006388
UBC	ERBB4	R-HSA-112314	REACTOME_NEUROTRANSMITTER_RECEPTORS_AND_POSTSYNAPTIC_SIGNAL_TRANSMISSION	2.30106504405025e-190	1.20263210792815e-189	3.40616648312256	7.00666928414004	1.91548986052379e-18	1	32	59	1.82821904484002e-07	1	0	6.66064817987658	5.74483040006388
UBC	TLR4	R-HSA-166166	REACTOME_MYD88_INDEPENDENT_TLR4_CASCADE	3.63188254605017e-190	1.88043264533813e-189	3.40616648312256	5.86524880252892	3.51511783795841e-20	1	41	76	4.70767299591273e-06	1	0	6.66064817987658	6.33520832979857
ADAM17	ERBB4	R-HSA-112314	REACTOME_NEUROTRANSMITTER_RECEPTORS_AND_POSTSYNAPTIC_SIGNAL_TRANSMISSION	3.94094555500656e-190	2.02155910877188e-189	1.5896590416355	7.00666928414004	3.28058577527394e-18	1	32	59	1.82821904484002e-07	1	0	7.29936930599439	5.74483040006388
UBC	TLR4	R-HSA-109581	REACTOME_APOPTOSIS	3.13332067876957e-189	1.59253179453059e-188	3.40616648312256	5.86524880252892	3.51511783795841e-20	1	45	82	8.55083157630213e-06	1	0	6.66064817987658	6.33520832979857
NRG1	ERBB4	R-HSA-8939211	REACTOME_ESR_MEDIATED_SIGNALING	2.75326458447485e-176	1.3866441634537e-175	9.5329150450773	7.00666928414004	3.80156789224067e-25	1	51	94	8.88134722859185e-05	1	0	6.90495468672893	5.74483040006388
MMP7	ERBB4	R-HSA-8939211	REACTOME_ESR_MEDIATED_SIGNALING	3.33663659299842e-173	1.6653123175866e-172	4.90647762810185	7.00666928414004	4.60705833051547e-22	1	51	94	8.88134722859185e-05	1	0	3.77434399675889	5.74483040006388
HBEGF	ERBB4	R-HSA-8939211	REACTOME_ESR_MEDIATED_SIGNALING	9.18198262870884e-172	4.54180212170062e-171	3.10513081118419	7.00666928414004	1.26780152351645e-20	1	51	94	8.88134722859185e-05	1	0	6.33036679532127	5.74483040006388
B2M	TFRC	R-HSA-8856825	REACTOME_CARGO_RECOGNITION_FOR_CLATHRIN_MEDIATED_ENDOCYTOSIS	1.53140586253836e-170	7.50795440571902e-170	2.35953762700537	2.08277150359185	4.59101461626927e-16	1	28	52	1.71303621919786e-07	1	0	3.88059643622323	-4.3797191892982
TGFB1	SDC2	R-HSA-1630316	REACTOME_GLYCOSAMINOGLYCAN_METABOLISM	1.16132922156876e-169	5.64365253288677e-169	2.62379790205911	7.02714662271295	1.43944167028145e-23	1	22	40	5.31757235157819e-09	1	0	-6.31397532931747	1.88082337601345
UBC	ERBB4	R-HSA-8939211	REACTOME_ESR_MEDIATED_SIGNALING	1.38728296965712e-169	6.68308491469606e-169	3.40616648312256	7.00666928414004	1.91548986052379e-18	1	51	94	8.88134722859185e-05	1	0	6.66064817987658	5.74483040006388
ADAM17	ERBB4	R-HSA-8939211	REACTOME_ESR_MEDIATED_SIGNALING	2.37594615890708e-169	1.13471911382286e-168	1.5896590416355	7.00666928414004	3.28058577527394e-18	1	51	94	8.88134722859185e-05	1	0	7.29936930599439	5.74483040006388
ALOX5AP	ALOX5	R-HSA-8978868	REACTOME_FATTY_ACID_METABOLISM	4.04696935625473e-168	1.91625728492745e-167	14.7976001780956	11.613542795127	9.57217250836777e-29	1	26	49	4.14690186879915e-07	1	0	-1.98996554294888	-1.28391773866105
MMP2	SDC2	R-HSA-1630316	REACTOME_GLYCOSAMINOGLYCAN_METABOLISM	2.87749251016753e-166	1.35095834799391e-165	1.39003757627372	7.02714662271295	3.56658779279039e-20	1	22	40	5.31757235157819e-09	1	0	0.709530435951326	1.88082337601345
UBC	TLR4	R-HSA-168179	REACTOME_TOLL_LIKE_RECEPTOR_TLR1_TLR2_CASCADE	2.23261373890458e-165	1.03938488349003e-164	3.40616648312256	5.86524880252892	3.51511783795841e-20	1	38	70	9.86282586088827e-06	1	0	6.66064817987658	6.33520832979857
ALOX5AP	ALOX5	R-HSA-446652	REACTOME_INTERLEUKIN_1_FAMILY_SIGNALING	3.99509745688812e-165	1.84440332593002e-164	14.7976001780956	11.613542795127	9.57217250836777e-29	1	36	66	9.86282586088827e-06	1	0	-1.98996554294888	-1.28391773866105
VCAN	TLR2	R-HSA-168179	REACTOME_TOLL_LIKE_RECEPTOR_TLR1_TLR2_CASCADE	1.2755048378421e-164	5.83991471210348e-164	1.51899530427996	5.8843386295703	1.19422517473931e-17	1	39	71	8.55083157630213e-06	1	0	-6.06802196033256	-5.80061799508089
UBC	TLR4	R-HSA-168138	REACTOME_TOLL_LIKE_RECEPTOR_9_TLR9_CASCADE	8.81275939007377e-164	4.00185959188596e-163	3.40616648312256	5.86524880252892	3.51511783795841e-20	1	38	70	1.10248982707497e-05	1	0	6.66064817987658	6.33520832979857
TGFB1	ITGB8	R-HSA-170834	REACTOME_SIGNALING_BY_TGF_BETA_RECEPTOR_COMPLEX	2.77058687750644e-161	1.24789034970615e-160	2.62379790205911	1.91793695371209	5.94681506164922e-17	1	36	66	5.4635603246262e-06	1	0	-6.31397532931747	4.46651790607271
PTGS2	ALOX5	R-HSA-8978868	REACTOME_FATTY_ACID_METABOLISM	8.95045316076638e-161	3.99883149279401e-160	1.79871887476581	11.613542795127	2.11702323741363e-21	1	26	49	4.14690186879915e-07	1	0	2.94024914557853	-1.28391773866105
TGFB1	ITGB5	R-HSA-170834	REACTOME_SIGNALING_BY_TGF_BETA_RECEPTOR_COMPLEX	1.53347875731851e-160	6.79637785243564e-160	2.62379790205911	1.34132651155907	3.29147396343273e-16	1	36	66	5.4635603246262e-06	1	0	-6.31397532931747	-2.68914898889273
SPP1	ITGB5	R-HSA-170834	REACTOME_SIGNALING_BY_TGF_BETA_RECEPTOR_COMPLEX	3.43055380261678e-159	1.50835460845214e-158	3.31970943934407	1.34132651155907	7.36337459360251e-15	1	36	66	5.4635603246262e-06	1	0	4.48267476586738	-2.68914898889273
GNAS	ADCY1	R-HSA-442755	REACTOME_ACTIVATION_OF_NMDA_RECEPTORS_AND_POSTSYNAPTIC_EVENTS	6.45045644964478e-158	2.81382115992379e-157	3.3187853395061	10.0738130890855	2.96512290894829e-21	1	22	41	3.93894017089775e-08	1	0	-6.31397532931747	-0.0645140772909733
PTGS2	ALOX5	R-HSA-446652	REACTOME_INTERLEUKIN_1_FAMILY_SIGNALING	8.83573101568188e-158	3.82421483022481e-157	1.79871887476581	11.613542795127	2.11702323741363e-21	1	36	66	9.86282586088827e-06	1	0	2.94024914557853	-1.28391773866105
IL1B	IL1RAP	R-HSA-446652	REACTOME_INTERLEUKIN_1_FAMILY_SIGNALING	1.17050193366828e-157	5.02680675389325e-157	17.9337476788063	1.02082311697848	5.28843311400981e-21	1	35	65	9.86282586088827e-06	1	0	5.58548556180097	-2.3894714813988
COL9A2	ITGA2	R-HSA-373760	REACTOME_L1CAM_INTERACTIONS	2.55453463604472e-157	1.08862476028367e-156	7.49924647809911	1.82587311291054	4.60770585238688e-19	1	25	46	1.34709077451797e-07	1	0	-5.34806577023979	1.50730363632828
TLN1	ITGB5	R-HSA-170834	REACTOME_SIGNALING_BY_TGF_BETA_RECEPTOR_COMPLEX	1.87493943749136e-155	7.92913319366577e-155	1.37532041259926	1.34132651155907	4.02438854275843e-11	1	36	66	5.4635603246262e-06	1	0	6.16994139245844	-2.68914898889273
SPP1	ITGA5	R-HSA-373760	REACTOME_L1CAM_INTERACTIONS	3.59786657042675e-155	1.51001369698213e-154	3.31970943934407	2.35156648985552	1.16721688923402e-16	1	24	45	1.35098957323677e-07	1	0	4.48267476586738	8.07526829451089
ADAM17	ITGA5	R-HSA-373760	REACTOME_L1CAM_INTERACTIONS	1.69320736346191e-154	7.05290886735264e-154	1.5896590416355	2.35156648985552	5.49308928756002e-16	1	24	45	1.35098957323677e-07	1	0	7.29936930599439	8.07526829451089
B2M	TYROBP	R-HSA-1500931	REACTOME_CELL_CELL_COMMUNICATION	1.74415921535773e-152	7.21092690528495e-152	2.35953762700537	11.4974292172777	3.66550987484244e-22	1	22	41	8.17287021312827e-08	1	0	3.88059643622323	-3.56012729380098
NRG1	ERBB4	R-HSA-442755	REACTOME_ACTIVATION_OF_NMDA_RECEPTORS_AND_POSTSYNAPTIC_EVENTS	3.91182460968504e-152	1.60529691390038e-151	9.5329150450773	7.00666928414004	3.80156789224067e-25	1	21	39	5.57189209474468e-08	1	0	6.90495468672893	5.74483040006388
VCAN	TLR2	R-HSA-9705671	REACTOME_SARS_COV_2_ACTIVATES_MODULATES_INNATE_AND_ADAPTIVE_IMMUNE_RESPONSES	7.59052986763205e-152	3.09202466666776e-151	1.51899530427996	5.8843386295703	1.19422517473931e-17	1	42	77	4.56416983110811e-05	1	0	-6.06802196033256	-5.80061799508089
COL7A1	ITGA2	R-HSA-373760	REACTOME_L1CAM_INTERACTIONS	1.04194219437058e-150	4.21340128234527e-150	1.40983826886096	1.82587311291054	1.87938855050471e-12	1	25	46	1.34709077451797e-07	1	0	-4.63551693170852	1.50730363632828
MMP7	ERBB4	R-HSA-442755	REACTOME_ACTIVATION_OF_NMDA_RECEPTORS_AND_POSTSYNAPTIC_EVENTS	4.74067665405881e-149	1.90314120749897e-148	4.90647762810185	7.00666928414004	4.60705833051547e-22	1	21	39	5.57189209474468e-08	1	0	3.77434399675889	5.74483040006388
ITGB2	ITGAL	R-HSA-8878159	REACTOME_TRANSCRIPTIONAL_REGULATION_BY_RUNX3	1.52779044089498e-148	6.08917916730804e-148	12.5217032139872	12.3699824135542	1.37927757095287e-27	1	30	56	8.5595454344613e-06	1	0	5.80902871863339	6.09194252057816
HBEGF	ERBB4	R-HSA-442755	REACTOME_ACTIVATION_OF_NMDA_RECEPTORS_AND_POSTSYNAPTIC_EVENTS	1.30457151903309e-147	5.16237586817382e-147	3.10513081118419	7.00666928414004	1.26780152351645e-20	1	21	39	5.57189209474468e-08	1	0	6.33036679532127	5.74483040006388
NRG1	ERBB4	R-HSA-2219528	REACTOME_PI3K_AKT_SIGNALING_IN_CANCER	2.00720467469244e-147	7.88646375730222e-147	9.5329150450773	7.00666928414004	3.80156789224067e-25	1	28	52	3.32464943995329e-06	1	0	6.90495468672893	5.74483040006388
VEGFA	NRP1	R-HSA-373760	REACTOME_L1CAM_INTERACTIONS	2.2512712122434e-147	8.78312853227354e-147	1.5083413743376	1.66754906986167	3.86101011893501e-15	1	23	43	1.35098957323677e-07	1	0	7.98654812386516	-5.46397449897657
ICAM3	ITGAL	R-HSA-8878159	REACTOME_TRANSCRIPTIONAL_REGULATION_BY_RUNX3	2.16241039289354e-146	8.37745005358758e-146	6.44554517853026	12.3699824135542	1.95220762892473e-25	1	30	56	8.5595454344613e-06	1	0	-6.31397532931747	6.09194252057816
UBC	ERBB4	R-HSA-442755	REACTOME_ACTIVATION_OF_NMDA_RECEPTORS_AND_POSTSYNAPTIC_EVENTS	1.97104473427743e-145	7.58304710270621e-145	3.40616648312256	7.00666928414004	1.91548986052379e-18	1	21	39	5.57189209474468e-08	1	0	6.66064817987658	5.74483040006388
ADAM17	ERBB4	R-HSA-442755	REACTOME_ACTIVATION_OF_NMDA_RECEPTORS_AND_POSTSYNAPTIC_EVENTS	3.37573246977719e-145	1.28976261259073e-144	1.5896590416355	7.00666928414004	3.28058577527394e-18	1	21	39	5.57189209474468e-08	1	0	7.29936930599439	5.74483040006388
ICAM2	ITGAL	R-HSA-8878159	REACTOME_TRANSCRIPTIONAL_REGULATION_BY_RUNX3	8.71390141257913e-145	3.30650779628003e-144	5.31746051986694	12.3699824135542	7.86684381061077e-24	1	30	56	8.5595454344613e-06	1	0	-2.63928424522828	6.09194252057816
ICAM5	ITGAL	R-HSA-8878159	REACTOME_TRANSCRIPTIONAL_REGULATION_BY_RUNX3	1.94820679356655e-144	7.34222152133243e-144	3.7633250512016	12.3699824135542	1.75882625130855e-23	1	30	56	8.5595454344613e-06	1	0	-2.16870268302112	6.09194252057816
MMP7	ERBB4	R-HSA-2219528	REACTOME_PI3K_AKT_SIGNALING_IN_CANCER	2.43249871624442e-144	9.10543438377978e-144	4.90647762810185	7.00666928414004	4.60705833051547e-22	1	28	52	3.32464943995329e-06	1	0	3.77434399675889	5.74483040006388
ADAM28	ITGA4	R-HSA-8878159	REACTOME_TRANSCRIPTIONAL_REGULATION_BY_RUNX3	7.57893487707913e-144	2.81793954490056e-143	15.375445455263	15.1770063173997	1.21470517786959e-27	1	30	55	8.5595454344613e-06	1	0	7.68169270870018	5.0976613481112
MMP9	ITGB2	R-HSA-202733	REACTOME_CELL_SURFACE_INTERACTIONS_AT_THE_VASCULAR_WALL	2.54599005377926e-143	9.40318993195807e-143	14.0080228974083	12.5217032139872	6.62724654884351e-30	1	19	35	5.76040466625181e-08	1	0	7.03507745353074	5.80902871863339
HBEGF	ERBB4	R-HSA-2219528	REACTOME_PI3K_AKT_SIGNALING_IN_CANCER	6.69391476547994e-143	2.455913099388e-142	3.10513081118419	7.00666928414004	1.26780152351645e-20	1	28	52	3.32464943995329e-06	1	0	6.33036679532127	5.74483040006388
SEMA3D	NRP1	R-HSA-373760	REACTOME_L1CAM_INTERACTIONS	7.44204714896449e-143	2.71243034245153e-142	1.02351133157821	1.66754906986167	1.2763375283918e-10	1	23	43	1.35098957323677e-07	1	0	2.62112181718373	-5.46397449897657
SPP1	ITGA5	R-HSA-8878166	REACTOME_TRANSCRIPTIONAL_REGULATION_BY_RUNX2	1.85547593591459e-141	6.71852070912864e-141	3.31970943934407	2.35156648985552	1.16721688923402e-16	1	25	47	9.99384127434312e-07	1	0	4.48267476586738	8.07526829451089
ADAM17	ITGA5	R-HSA-8878166	REACTOME_TRANSCRIPTIONAL_REGULATION_BY_RUNX2	8.73213460232442e-141	3.1413003699271e-140	1.5896590416355	2.35156648985552	5.49308928756002e-16	1	25	47	9.99384127434312e-07	1	0	7.29936930599439	8.07526829451089
ICAM3	ITGB2	R-HSA-202733	REACTOME_CELL_SURFACE_INTERACTIONS_AT_THE_VASCULAR_WALL	9.36199383672201e-141	3.34615779712516e-140	6.44554517853026	12.5217032139872	2.43693965939152e-27	1	19	35	5.76040466625181e-08	1	0	-6.31397532931747	5.80902871863339
UBC	ERBB4	R-HSA-2219528	REACTOME_PI3K_AKT_SIGNALING_IN_CANCER	1.01136697051152e-140	3.59164936963707e-140	3.40616648312256	7.00666928414004	1.91548986052379e-18	1	28	52	3.32464943995329e-06	1	0	6.66064817987658	5.74483040006388
SPP1	ITGA4	R-HSA-8878159	REACTOME_TRANSCRIPTIONAL_REGULATION_BY_RUNX3	1.6614423973996e-140	5.86266935133363e-140	3.31970943934407	15.1770063173997	2.66285792870034e-24	1	30	55	8.5595454344613e-06	1	0	4.48267476586738	5.0976613481112
ADAM17	ERBB4	R-HSA-2219528	REACTOME_PI3K_AKT_SIGNALING_IN_CANCER	1.73212929257414e-140	6.07341536763337e-140	1.5896590416355	7.00666928414004	3.28058577527394e-18	1	28	52	3.32464943995329e-06	1	0	7.29936930599439	5.74483040006388
ITGAM	ITGB2	R-HSA-202733	REACTOME_CELL_SURFACE_INTERACTIONS_AT_THE_VASCULAR_WALL	4.92967459597945e-140	1.7176350479073e-139	16.3722019910173	12.5217032139872	1.28320096555879e-26	1	19	35	5.76040466625181e-08	1	0	4.8319537742462	5.80902871863339
ICAM2	ITGB2	R-HSA-202733	REACTOME_CELL_SURFACE_INTERACTIONS_AT_THE_VASCULAR_WALL	3.77261835156123e-139	1.30626910422807e-138	5.31746051986694	12.5217032139872	9.82017660020896e-26	1	19	35	5.76040466625181e-08	1	0	-2.63928424522828	5.80902871863339
ICAM5	ITGB2	R-HSA-202733	REACTOME_CELL_SURFACE_INTERACTIONS_AT_THE_VASCULAR_WALL	8.43461539676751e-139	2.90234591913615e-138	3.7633250512016	12.5217032139872	2.19554179703391e-25	1	19	35	5.76040466625181e-08	1	0	-2.16870268302112	5.80902871863339
C3	ITGB2	R-HSA-202733	REACTOME_CELL_SURFACE_INTERACTIONS_AT_THE_VASCULAR_WALL	1.8827440288448e-137	6.43851970358036e-137	3.20057725358691	12.5217032139872	4.90080817440586e-24	1	19	35	5.76040466625181e-08	1	0	2.39344492210027	5.80902871863339
TGFB1	SDC2	R-HSA-9820952	REACTOME_RESPIRATORY_SYNCYTIAL_VIRUS_INFECTION_PATHWAY	3.39377270332145e-136	1.15346630530066e-135	2.62379790205911	7.02714662271295	1.43944167028145e-23	1	22	40	3.0694998845877e-07	1	0	-6.31397532931747	1.88082337601345
VCAN	ITGA4	R-HSA-8878159	REACTOME_TRANSCRIPTIONAL_REGULATION_BY_RUNX3	4.72788271179677e-136	1.59710184288744e-135	1.51899530427996	15.1770063173997	7.57756030830676e-20	1	30	55	8.5595454344613e-06	1	0	-6.06802196033256	5.0976613481112
ST6GAL1	CD22	R-HSA-983705	REACTOME_SIGNALING_BY_THE_B_CELL_RECEPTOR_BCR	2.37814323075321e-134	7.98479605961985e-134	4.39505527986782	17.0992636382671	8.44356142760944e-23	1	26	48	3.6596031150524e-06	1	0	6.46112781549055	0.402057498536215
CAP1	ROBO1	R-HSA-376176	REACTOME_SIGNALING_BY_ROBO_RECEPTORS	4.46211253660461e-134	1.48916285860178e-133	4.6493661864022	8.06384557560543	8.15586201378416e-24	1	51	93	0.000649915291925581	1	0	7.62833293072641	-5.7295562977145
SPP1	ITGA5	R-HSA-418555	REACTOME_G_ALPHA_S_SIGNALLING_EVENTS	8.41625940206072e-134	2.79198066391715e-133	3.31970943934407	2.35156648985552	1.16721688923402e-16	1	19	35	3.47731317266489e-08	1	0	4.48267476586738	8.07526829451089
MMP9	ITGAM	R-HSA-202733	REACTOME_CELL_SURFACE_INTERACTIONS_AT_THE_VASCULAR_WALL	8.47037100347611e-134	2.79320567614629e-133	14.0080228974083	16.3722019910173	4.93920851823802e-27	1	18	33	5.76040466625181e-08	1	0	7.03507745353074	4.8319537742462
C5	C5AR2	R-HSA-375276	REACTOME_PEPTIDE_LIGAND_BINDING_RECEPTORS	1.38194551058132e-133	4.53016457314822e-133	10.1932303048562	8.65857279536715	9.96682402840169e-27	1	10	19	6.57105717877085e-12	1	0	-3.57721347542601	-3.67922646675566
ITGB2	ITGAM	R-HSA-202733	REACTOME_CELL_SURFACE_INTERACTIONS_AT_THE_VASCULAR_WALL	2.20059311328268e-133	7.1713446162271e-133	12.5217032139872	16.3722019910173	1.28320096555879e-26	1	18	33	5.76040466625181e-08	1	0	5.80902871863339	4.8319537742462
ADAM17	ITGA5	R-HSA-418555	REACTOME_G_ALPHA_S_SIGNALLING_EVENTS	3.96081180706057e-133	1.28321037491904e-132	1.5896590416355	2.35156648985552	5.49308928756002e-16	1	19	35	3.47731317266489e-08	1	0	7.29936930599439	8.07526829451089
MMP2	SDC2	R-HSA-9820952	REACTOME_RESPIRATORY_SYNCYTIAL_VIRUS_INFECTION_PATHWAY	8.40894670834757e-133	2.7084630676887e-132	1.39003757627372	7.02714662271295	3.56658779279039e-20	1	22	40	3.0694998845877e-07	1	0	0.709530435951326	1.88082337601345
C5	C5AR1	R-HSA-375276	REACTOME_PEPTIDE_LIGAND_BINDING_RECEPTORS	1.79487511952601e-132	5.7477503827596e-132	10.1932303048562	13.1334936540315	4.36436716030289e-27	1	10	19	9.22257035086322e-12	1	0	-3.57721347542601	3.16526804816043
ITGB2	ITGAL	R-HSA-202733	REACTOME_CELL_SURFACE_INTERACTIONS_AT_THE_VASCULAR_WALL	2.52005623310939e-132	8.0236273169115e-132	12.5217032139872	12.3699824135542	1.37927757095287e-27	1	18	34	1.94028983346941e-07	1	0	5.80902871863339	6.09194252057816
CXCL13	CXCR5	R-HSA-375276	REACTOME_PEPTIDE_LIGAND_BINDING_RECEPTORS	1.63744568140518e-131	5.18368518570553e-131	16.6010971969329	10.4990755093477	1.18095343395751e-24	1	10	19	6.57105717877085e-12	1	0	-3.51782657496309	4.01930496965654
SEMA7A	PLXNC1	R-HSA-373755	REACTOME_SEMAPHORIN_INTERACTIONS	1.42367037629039e-130	4.48132607082317e-130	9.12991291099712	6.44463651466802	3.56562486708349e-26	1	19	36	4.43462486220561e-07	1	0	-6.31397532931747	-2.72195490698853
VCAN	TLR2	R-HSA-9820952	REACTOME_RESPIRATORY_SYNCYTIAL_VIRUS_INFECTION_PATHWAY	2.81562558825819e-130	8.81274901635615e-130	1.51899530427996	5.8843386295703	1.19422517473931e-17	1	22	40	3.0694998845877e-07	1	0	-6.06802196033256	-5.80061799508089
ICAM3	ITGAL	R-HSA-202733	REACTOME_CELL_SURFACE_INTERACTIONS_AT_THE_VASCULAR_WALL	3.56684767968547e-130	1.11013124412683e-129	6.44554517853026	12.3699824135542	1.95220762892473e-25	1	18	34	1.94028983346941e-07	1	0	-6.31397532931747	6.09194252057816
RPS19	C5AR1	R-HSA-375276	REACTOME_PEPTIDE_LIGAND_BINDING_RECEPTORS	4.37700335478673e-130	1.35467031204014e-129	6.57039345129222	13.1334936540315	1.06429965485351e-24	1	10	19	9.22257035086322e-12	1	0	5.7959681692493	3.16526804816043
NRP1	ROBO1	R-HSA-376176	REACTOME_SIGNALING_BY_ROBO_RECEPTORS	5.42124092211726e-130	1.6685374838072e-129	1.66754906986167	8.06384557560543	9.90895961084681e-20	1	51	93	0.000649915291925581	1	0	-5.46397449897657	-5.7295562977145
C3	C5AR2	R-HSA-375276	REACTOME_PEPTIDE_LIGAND_BINDING_RECEPTORS	6.29405272352699e-130	1.9264669662066e-129	3.20057725358691	8.65857279536715	4.53937694652575e-23	1	10	19	6.57105717877085e-12	1	0	2.39344492210027	-3.67922646675566
ICAM2	ITGAM	R-HSA-202733	REACTOME_CELL_SURFACE_INTERACTIONS_AT_THE_VASCULAR_WALL	1.25512969089614e-129	3.82055960855198e-129	5.31746051986694	16.3722019910173	7.31886154481727e-23	1	18	33	5.76040466625181e-08	1	0	-2.63928424522828	4.8319537742462
CD22	PTPRC	R-HSA-373755	REACTOME_SEMAPHORIN_INTERACTIONS	1.80420831794134e-129	5.46192026305739e-129	17.0992636382671	18.2336631995914	4.51869347777896e-25	1	19	36	4.43462486220561e-07	1	0	0.402057498536215	-6.16083307670923
NRG1	ERBB4	R-HSA-199418	REACTOME_NEGATIVE_REGULATION_OF_THE_PI3K_AKT_NETWORK	5.64882299005832e-129	1.70078692200669e-128	9.5329150450773	7.00666928414004	3.80156789224067e-25	1	25	47	8.15651707020067e-06	1	0	6.90495468672893	5.74483040006388
ICAM2	ITGAL	R-HSA-202733	REACTOME_CELL_SURFACE_INTERACTIONS_AT_THE_VASCULAR_WALL	1.43733858922477e-128	4.30424636989471e-128	5.31746051986694	12.3699824135542	7.86684381061077e-24	1	18	34	1.94028983346941e-07	1	0	-2.63928424522828	6.09194252057816
C3	C3AR1	R-HSA-375276	REACTOME_PEPTIDE_LIGAND_BINDING_RECEPTORS	1.51845186983364e-128	4.52270073057977e-128	3.20057725358691	4.89715724440861	1.09513309072969e-21	1	10	19	6.57105717877085e-12	1	0	2.39344492210027	5.01786377680967
ICAM5	ITGAL	R-HSA-202733	REACTOME_CELL_SURFACE_INTERACTIONS_AT_THE_VASCULAR_WALL	3.21352362346069e-128	9.52027854223113e-128	3.7633250512016	12.3699824135542	1.75882625130855e-23	1	18	34	1.94028983346941e-07	1	0	-2.16870268302112	6.09194252057816
C3	ITGAM	R-HSA-202733	REACTOME_CELL_SURFACE_INTERACTIONS_AT_THE_VASCULAR_WALL	6.26378740373407e-128	1.84581820301525e-127	3.20057725358691	16.3722019910173	3.65251440441733e-21	1	18	33	5.76040466625181e-08	1	0	2.39344492210027	4.8319537742462
GNAS	ADCY1	R-HSA-5358351	REACTOME_SIGNALING_BY_HEDGEHOG	3.40723695859093e-127	9.98735066168983e-127	3.3187853395061	10.0738130890855	2.96512290894829e-21	1	24	45	4.08483859812129e-06	1	0	-6.31397532931747	-0.0645140772909733
ADAM28	ITGA4	R-HSA-202733	REACTOME_CELL_SURFACE_INTERACTIONS_AT_THE_VASCULAR_WALL	2.94623851334893e-126	8.59061124418582e-126	15.375445455263	15.1770063173997	1.21470517786959e-27	1	17	32	1.94028983346941e-07	1	0	7.68169270870018	5.0976613481112
SDCBP	EPHB6	R-HSA-2682334	REACTOME_EPH_EPHRIN_SIGNALING	3.1912841433539e-126	9.25639484512074e-126	2.95176862028965	11.5913916956061	1.46939962741691e-23	1	27	50	1.36618436611332e-05	1	0	-1.61189660530662	5.06876535619
TGFB1	ITGB5	R-HSA-397014	REACTOME_MUSCLE_CONTRACTION	4.12503149903806e-126	1.19024346378494e-125	2.62379790205911	1.34132651155907	3.29147396343273e-16	1	14	26	1.01444640367177e-09	1	0	-6.31397532931747	-2.68914898889273
MMP7	ERBB4	R-HSA-199418	REACTOME_NEGATIVE_REGULATION_OF_THE_PI3K_AKT_NETWORK	6.84571675467738e-126	1.96503993890739e-125	4.90647762810185	7.00666928414004	4.60705833051547e-22	1	25	47	8.15651707020067e-06	1	0	3.77434399675889	5.74483040006388
SPP1	ITGB5	R-HSA-397014	REACTOME_MUSCLE_CONTRACTION	9.22813076307894e-125	2.63524971275553e-124	3.31970943934407	1.34132651155907	7.36337459360251e-15	1	14	26	1.01444640367177e-09	1	0	4.48267476586738	-2.68914898889273
HBEGF	ERBB4	R-HSA-199418	REACTOME_NEGATIVE_REGULATION_OF_THE_PI3K_AKT_NETWORK	1.88385071525045e-124	5.35206818589101e-124	3.10513081118419	7.00666928414004	1.26780152351645e-20	1	25	47	8.15651707020067e-06	1	0	6.33036679532127	5.74483040006388
SPP1	ITGA5	R-HSA-202733	REACTOME_CELL_SURFACE_INTERACTIONS_AT_THE_VASCULAR_WALL	2.00168914854041e-123	5.65783565454789e-123	3.31970943934407	2.35156648985552	1.16721688923402e-16	1	18	33	5.76040466625181e-08	1	0	4.48267476586738	8.07526829451089
GNAS	ADCY1	R-HSA-418555	REACTOME_G_ALPHA_S_SIGNALLING_EVENTS	2.5657869291602e-123	7.21546171956726e-123	3.3187853395061	10.0738130890855	2.96512290894829e-21	1	17	32	1.18138208694486e-07	1	0	-6.31397532931747	-0.0645140772909733
SPP1	ITGA4	R-HSA-202733	REACTOME_CELL_SURFACE_INTERACTIONS_AT_THE_VASCULAR_WALL	6.45869856163216e-123	1.8071308096688e-122	3.31970943934407	15.1770063173997	2.66285792870034e-24	1	17	32	1.94028983346941e-07	1	0	4.48267476586738	5.0976613481112
ADAM17	ITGA5	R-HSA-202733	REACTOME_CELL_SURFACE_INTERACTIONS_AT_THE_VASCULAR_WALL	9.42023485120079e-123	2.62251764199258e-122	1.5896590416355	2.35156648985552	5.49308928756002e-16	1	18	33	5.76040466625181e-08	1	0	7.29936930599439	8.07526829451089
IL1B	IL1RAP	R-HSA-9020702	REACTOME_INTERLEUKIN_1_SIGNALING	2.15593407836001e-122	5.97193739705724e-122	17.9337476788063	1.02082311697848	5.28843311400981e-21	1	29	53	2.21910170403716e-05	1	0	5.58548556180097	-2.3894714813988
UBC	ERBB4	R-HSA-199418	REACTOME_NEGATIVE_REGULATION_OF_THE_PI3K_AKT_NETWORK	2.84626329663492e-122	7.84492470813803e-122	3.40616648312256	7.00666928414004	1.91548986052379e-18	1	25	47	8.15651707020067e-06	1	0	6.66064817987658	5.74483040006388
TGFB1	SDC2	R-HSA-202733	REACTOME_CELL_SURFACE_INTERACTIONS_AT_THE_VASCULAR_WALL	3.4913315296313e-122	9.57523597730565e-122	2.62379790205911	7.02714662271295	1.43944167028145e-23	1	17	32	1.94028983346941e-07	1	0	-6.31397532931747	1.88082337601345
ADAM17	ERBB4	R-HSA-199418	REACTOME_NEGATIVE_REGULATION_OF_THE_PI3K_AKT_NETWORK	4.87468562275319e-122	1.33033292364792e-121	1.5896590416355	7.00666928414004	3.28058577527394e-18	1	25	47	8.15651707020067e-06	1	0	7.29936930599439	5.74483040006388
TLN1	ITGB5	R-HSA-397014	REACTOME_MUSCLE_CONTRACTION	5.04355485951747e-121	1.36967127067288e-120	1.37532041259926	1.34132651155907	4.02438854275843e-11	1	14	26	1.01444640367177e-09	1	0	6.16994139245844	-2.68914898889273
B2M	TYROBP	R-HSA-373755	REACTOME_SEMAPHORIN_INTERACTIONS	1.65014200391846e-120	4.45940814717477e-120	2.35953762700537	11.4974292172777	3.66550987484244e-22	1	19	35	4.43462486220561e-07	1	0	3.88059643622323	-3.56012729380098
VEGFA	NRP1	R-HSA-373755	REACTOME_SEMAPHORIN_INTERACTIONS	3.00208288729199e-119	8.07356271630951e-119	1.5083413743376	1.66754906986167	3.86101011893501e-15	1	20	37	4.43462486220561e-07	1	0	7.98654812386516	-5.46397449897657
MMP2	SDC2	R-HSA-202733	REACTOME_CELL_SURFACE_INTERACTIONS_AT_THE_VASCULAR_WALL	8.65067384893233e-119	2.31520449869976e-118	1.39003757627372	7.02714662271295	3.56658779279039e-20	1	17	32	1.94028983346941e-07	1	0	0.709530435951326	1.88082337601345
UBC	TLR4	R-HSA-9820952	REACTOME_RESPIRATORY_SYNCYTIAL_VIRUS_INFECTION_PATHWAY	1.44280396941244e-118	3.84285288006966e-118	3.40616648312256	5.86524880252892	3.51511783795841e-20	1	21	39	1.78365717521218e-06	1	0	6.66064817987658	6.33520832979857
VCAN	ITGA4	R-HSA-202733	REACTOME_CELL_SURFACE_INTERACTIONS_AT_THE_VASCULAR_WALL	1.83791922717517e-118	4.87180503279924e-118	1.51899530427996	15.1770063173997	7.57756030830676e-20	1	17	32	1.94028983346941e-07	1	0	-6.06802196033256	5.0976613481112
NRG1	ERBB4	R-HSA-2219530	REACTOME_CONSTITUTIVE_SIGNALING_BY_ABERRANT_PI3K_IN_CANCER	5.11213847687429e-118	1.34863081723255e-117	9.5329150450773	7.00666928414004	3.80156789224067e-25	1	17	32	4.43462486220561e-07	1	0	6.90495468672893	5.74483040006388
TYROBP	TREM2	R-HSA-373755	REACTOME_SEMAPHORIN_INTERACTIONS	1.23683416183241e-117	3.24742239646994e-117	11.4974292172777	18.27826742997	3.2252309248005e-26	1	18	34	1.17899945984414e-06	1	0	-3.56012729380098	2.40148859196422
COL9A2	ITGA2	R-HSA-3000171	REACTOME_NON_INTEGRIN_MEMBRANE_ECM_INTERACTIONS	1.4242969772046e-116	3.72198361024221e-116	7.49924647809911	1.82587311291054	4.60770585238688e-19	1	9	18	6.09404615895118e-11	1	0	-5.34806577023979	1.50730363632828
MMP7	ERBB4	R-HSA-2219530	REACTOME_CONSTITUTIVE_SIGNALING_BY_ABERRANT_PI3K_IN_CANCER	6.19531751746533e-115	1.61136427449568e-114	4.90647762810185	7.00666928414004	4.60705833051547e-22	1	17	32	4.43462486220561e-07	1	0	3.77434399675889	5.74483040006388
SEMA3D	NRP1	R-HSA-373755	REACTOME_SEMAPHORIN_INTERACTIONS	9.92401194081939e-115	2.5691133715953e-114	1.02351133157821	1.66754906986167	1.2763375283918e-10	1	20	37	4.43462486220561e-07	1	0	2.62112181718373	-5.46397449897657
VEGFA	NRP1	R-HSA-376176	REACTOME_SIGNALING_BY_ROBO_RECEPTORS	2.30806348793374e-114	5.94728917355949e-114	1.5083413743376	1.66754906986167	3.86101011893501e-15	1	45	83	0.000698712778225288	1	0	7.98654812386516	-5.46397449897657
HBEGF	ERBB4	R-HSA-2219530	REACTOME_CONSTITUTIVE_SIGNALING_BY_ABERRANT_PI3K_IN_CANCER	1.70486944679772e-113	4.37267441447192e-113	3.10513081118419	7.00666928414004	1.26780152351645e-20	1	17	32	4.43462486220561e-07	1	0	6.33036679532127	5.74483040006388
B2M	TREM2	R-HSA-373755	REACTOME_SEMAPHORIN_INTERACTIONS	3.4931387059059e-112	8.91796701876436e-112	2.35953762700537	18.27826742997	9.10888405783848e-21	1	18	34	1.17899945984414e-06	1	0	3.88059643622323	2.40148859196422
VEGFA	NRP1	R-HSA-194138	REACTOME_SIGNALING_BY_VEGF	4.03982117835975e-112	1.02663345541803e-111	1.5083413743376	1.66754906986167	3.86101011893501e-15	1	31	58	8.88134722859185e-05	1	0	7.98654812386516	-5.46397449897657
NRG1	ERBB4	R-HSA-9018519	REACTOME_ESTROGEN_DEPENDENT_GENE_EXPRESSION	4.10011601993351e-112	1.03719829910647e-111	9.5329150450773	7.00666928414004	3.80156789224067e-25	1	33	61	0.00025313955588611	1	0	6.90495468672893	5.74483040006388
SDCBP	EPHB6	R-HSA-3928662	REACTOME_EPHB_MEDIATED_FORWARD_SIGNALING	1.73462225024594e-111	4.36809421198296e-111	2.95176862028965	11.5913916956061	1.46939962741691e-23	1	16	30	3.90925291075591e-07	1	0	-1.61189660530662	5.06876535619
UBC	ERBB4	R-HSA-2219530	REACTOME_CONSTITUTIVE_SIGNALING_BY_ABERRANT_PI3K_IN_CANCER	2.57584493967161e-111	6.4570954596293e-111	3.40616648312256	7.00666928414004	1.91548986052379e-18	1	17	32	4.43462486220561e-07	1	0	6.66064817987658	5.74483040006388
ADAM17	ERBB4	R-HSA-2219530	REACTOME_CONSTITUTIVE_SIGNALING_BY_ABERRANT_PI3K_IN_CANCER	4.4115505085928e-111	1.10090044223442e-110	1.5896590416355	7.00666928414004	3.28058577527394e-18	1	17	32	4.43462486220561e-07	1	0	7.29936930599439	5.74483040006388
COL7A1	ITGA2	R-HSA-3000171	REACTOME_NON_INTEGRIN_MEMBRANE_ECM_INTERACTIONS	5.80941474397754e-110	1.44323577047693e-109	1.40983826886096	1.82587311291054	1.87938855050471e-12	1	9	18	6.09404615895118e-11	1	0	-4.63551693170852	1.50730363632828
SEMA3D	NRP1	R-HSA-376176	REACTOME_SIGNALING_BY_ROBO_RECEPTORS	7.62978587679344e-110	1.88700954274266e-109	1.02351133157821	1.66754906986167	1.2763375283918e-10	1	45	83	0.000698712778225288	1	0	2.62112181718373	-5.46397449897657
MMP7	ERBB4	R-HSA-9018519	REACTOME_ESTROGEN_DEPENDENT_GENE_EXPRESSION	4.96886395328351e-109	1.22344472449736e-108	4.90647762810185	7.00666928414004	4.60705833051547e-22	1	33	61	0.00025313955588611	1	0	3.77434399675889	5.74483040006388
SEMA3D	NRP1	R-HSA-194138	REACTOME_SIGNALING_BY_VEGF	1.33544725838604e-107	3.27361850064542e-107	1.02351133157821	1.66754906986167	1.2763375283918e-10	1	31	58	8.88134722859185e-05	1	0	2.62112181718373	-5.46397449897657
HBEGF	ERBB4	R-HSA-9018519	REACTOME_ESTROGEN_DEPENDENT_GENE_EXPRESSION	1.36736564596828e-107	3.33709501262742e-107	3.10513081118419	7.00666928414004	1.26780152351645e-20	1	33	61	0.00025313955588611	1	0	6.33036679532127	5.74483040006388
COL9A2	ITGA2	R-HSA-3000178	REACTOME_ECM_PROTEOGLYCANS	1.29844097850766e-106	3.15498378111071e-106	7.49924647809911	1.82587311291054	4.60770585238688e-19	1	9	17	6.09404615895118e-11	1	0	-5.34806577023979	1.50730363632828
UBC	ERBB4	R-HSA-9018519	REACTOME_ESTROGEN_DEPENDENT_GENE_EXPRESSION	2.06591882238482e-105	4.99789968384799e-105	3.40616648312256	7.00666928414004	1.91548986052379e-18	1	33	61	0.00025313955588611	1	0	6.66064817987658	5.74483040006388
ADAM17	ERBB4	R-HSA-9018519	REACTOME_ESTROGEN_DEPENDENT_GENE_EXPRESSION	3.53821966968442e-105	8.52249433480508e-105	1.5896590416355	7.00666928414004	3.28058577527394e-18	1	33	61	0.00025313955588611	1	0	7.29936930599439	5.74483040006388
PTDSS1	JMJD6	R-HSA-3247509	REACTOME_CHROMATIN_MODIFYING_ENZYMES	1.54813119513151e-104	3.7128341216574e-104	1.18482999134178	1.15015625881167	1.09701222055252e-11	1	35	65	0.000255366957478685	1	0	-6.31397532931747	4.91840016564463
TGFB1	ITGB8	R-HSA-2173789	REACTOME_TGF_BETA_RECEPTOR_SIGNALING_ACTIVATES_SMADS	8.41768160380346e-104	2.01008431401169e-103	2.62379790205911	1.91793695371209	5.94681506164922e-17	1	18	34	2.18861987206054e-06	1	0	-6.31397532931747	4.46651790607271
TGFB1	ITGB5	R-HSA-3000171	REACTOME_NON_INTEGRIN_MEMBRANE_ECM_INTERACTIONS	9.88999088004691e-104	2.35152572856051e-103	2.62379790205911	1.34132651155907	3.29147396343273e-16	1	8	15	3.83405104099165e-12	1	0	-6.31397532931747	-2.68914898889273
TGFB1	ITGB5	R-HSA-2173789	REACTOME_TGF_BETA_RECEPTOR_SIGNALING_ACTIVATES_SMADS	4.65906195907527e-103	1.10304287407167e-102	2.62379790205911	1.34132651155907	3.29147396343273e-16	1	18	34	2.18861987206054e-06	1	0	-6.31397532931747	-2.68914898889273
SPP1	ITGB5	R-HSA-3000171	REACTOME_NON_INTEGRIN_MEMBRANE_ECM_INTERACTIONS	2.21249532538149e-102	5.21584004366529e-102	3.31970943934407	1.34132651155907	7.36337459360251e-15	1	8	15	3.83405104099165e-12	1	0	4.48267476586738	-2.68914898889273
TGFB1	SDC2	R-HSA-3000171	REACTOME_NON_INTEGRIN_MEMBRANE_ECM_INTERACTIONS	8.22235221928955e-102	1.93016234300272e-101	2.62379790205911	7.02714662271295	1.43944167028145e-23	1	7	14	6.09404615895118e-11	1	0	-6.31397532931747	1.88082337601345
SPP1	ITGB5	R-HSA-2173789	REACTOME_TGF_BETA_RECEPTOR_SIGNALING_ACTIVATES_SMADS	1.0422813256495e-101	2.43638757134946e-101	3.31970943934407	1.34132651155907	7.36337459360251e-15	1	18	34	2.18861987206054e-06	1	0	4.48267476586738	-2.68914898889273
TGFB1	SDC2	R-HSA-3781865	REACTOME_DISEASES_OF_GLYCOSYLATION	1.14620201333414e-101	2.6568866752599e-101	2.62379790205911	7.02714662271295	1.43944167028145e-23	1	13	24	9.03135643019402e-08	1	0	-6.31397532931747	1.88082337601345
TGFB1	SDC2	R-HSA-5668914	REACTOME_DISEASES_OF_METABOLISM	1.14620201333414e-101	2.6568866752599e-101	2.62379790205911	7.02714662271295	1.43944167028145e-23	1	13	24	9.03135643019402e-08	1	0	-6.31397532931747	1.88082337601345
COL7A1	ITGA2	R-HSA-3000178	REACTOME_ECM_PROTEOGLYCANS	5.29607398278107e-100	1.2225104110253e-99	1.40983826886096	1.82587311291054	1.87938855050471e-12	1	9	17	6.09404615895118e-11	1	0	-4.63551693170852	1.50730363632828
TGFB1	ITGB5	R-HSA-445355	REACTOME_SMOOTH_MUSCLE_CONTRACTION	4.78100024014505e-99	1.09903490997525e-98	2.62379790205911	1.34132651155907	3.29147396343273e-16	1	11	20	1.54722327006654e-09	1	0	-6.31397532931747	-2.68914898889273
TLN1	ITGB5	R-HSA-3000171	REACTOME_NON_INTEGRIN_MEMBRANE_ECM_INTERACTIONS	1.20922013747716e-98	2.76821469488572e-98	1.37532041259926	1.34132651155907	4.02438854275843e-11	1	8	15	3.83405104099165e-12	1	0	6.16994139245844	-2.68914898889273
MMP2	SDC2	R-HSA-3000171	REACTOME_NON_INTEGRIN_MEMBRANE_ECM_INTERACTIONS	2.03729971549366e-98	4.64470799334768e-98	1.39003757627372	7.02714662271295	3.56658779279039e-20	1	7	14	6.09404615895118e-11	1	0	0.709530435951326	1.88082337601345
MMP2	SDC2	R-HSA-3781865	REACTOME_DISEASES_OF_GLYCOSYLATION	2.84001095232293e-98	6.42190231668123e-98	1.39003757627372	7.02714662271295	3.56658779279039e-20	1	13	24	9.03135643019402e-08	1	0	0.709530435951326	1.88082337601345
MMP2	SDC2	R-HSA-5668914	REACTOME_DISEASES_OF_METABOLISM	2.84001095232293e-98	6.42190231668123e-98	1.39003757627372	7.02714662271295	3.56658779279039e-20	1	13	24	9.03135643019402e-08	1	0	0.709530435951326	1.88082337601345
TLN1	ITGB5	R-HSA-2173789	REACTOME_TGF_BETA_RECEPTOR_SIGNALING_ACTIVATES_SMADS	5.69649821824797e-98	1.2828699239469e-97	1.37532041259926	1.34132651155907	4.02438854275843e-11	1	18	34	2.18861987206054e-06	1	0	6.16994139245844	-2.68914898889273
SPP1	ITGB5	R-HSA-445355	REACTOME_SMOOTH_MUSCLE_CONTRACTION	1.06956020589561e-97	2.39893260755534e-97	3.31970943934407	1.34132651155907	7.36337459360251e-15	1	11	20	1.54722327006654e-09	1	0	4.48267476586738	-2.68914898889273
CD22	PTPRC	R-HSA-202403	REACTOME_TCR_SIGNALING	5.07311548676331e-97	1.13326854018826e-96	17.0992636382671	18.2336631995914	4.51869347777896e-25	1	19	36	2.81572248814296e-05	1	0	0.402057498536215	-6.16083307670923
TGFB1	SDC2	R-HSA-1638091	REACTOME_HEPARAN_SULFATE_HEPARIN_HS_GAG_METABOLISM	5.94539022054084e-96	1.32278963139744e-95	2.62379790205911	7.02714662271295	1.43944167028145e-23	1	9	18	1.98377717732522e-08	1	0	-6.31397532931747	1.88082337601345
TGFB1	SDC2	R-HSA-196854	REACTOME_METABOLISM_OF_VITAMINS_AND_COFACTORS	2.06690840262264e-94	4.58026902021176e-94	2.62379790205911	7.02714662271295	1.43944167028145e-23	1	16	30	5.38393670908782e-06	1	0	-6.31397532931747	1.88082337601345
TGFB1	ITGB5	R-HSA-3000178	REACTOME_ECM_PROTEOGLYCANS	4.02889221443866e-94	8.8924553258925e-94	2.62379790205911	1.34132651155907	3.29147396343273e-16	1	8	15	6.09404615895118e-11	1	0	-6.31397532931747	-2.68914898889273
TLN1	ITGB5	R-HSA-445355	REACTOME_SMOOTH_MUSCLE_CONTRACTION	5.8455885731202e-94	1.28510161488436e-93	1.37532041259926	1.34132651155907	4.02438854275843e-11	1	11	20	1.54722327006654e-09	1	0	6.16994139245844	-2.68914898889273
SPP1	ITGB5	R-HSA-3000178	REACTOME_ECM_PROTEOGLYCANS	9.01305703819731e-93	1.97361011824558e-92	3.31970943934407	1.34132651155907	7.36337459360251e-15	1	8	15	6.09404615895118e-11	1	0	4.48267476586738	-2.68914898889273
COL9A2	ITGA2	R-HSA-6806834	REACTOME_SIGNALING_BY_MET	1.19315228789421e-92	2.60238727359603e-92	7.49924647809911	1.82587311291054	4.60770585238688e-19	1	21	39	3.60235451155192e-05	1	0	-5.34806577023979	1.50730363632828
MMP2	SDC2	R-HSA-1638091	REACTOME_HEPARAN_SULFATE_HEPARIN_HS_GAG_METABOLISM	1.4731236855058e-92	3.20043341870672e-92	1.39003757627372	7.02714662271295	3.56658779279039e-20	1	9	18	1.98377717732522e-08	1	0	0.709530435951326	1.88082337601345
TYROBP	CD300LB	R-HSA-2172127	REACTOME_DAP12_INTERACTIONS	4.31958409449687e-92	9.34784995449712e-92	11.4974292172777	13.8765133212546	5.81184035096569e-25	1	11	20	5.76040466625181e-08	1	0	-3.56012729380098	-6.31397532931747
GNAS	ADCY1	R-HSA-9662851	REACTOME_ANTI_INFLAMMATORY_RESPONSE_FAVOURING_LEISHMANIA_PARASITE_INFECTION	9.70282920679359e-92	2.09158263835161e-91	3.3187853395061	10.0738130890855	2.96512290894829e-21	1	15	29	5.9568580659902e-06	1	0	-6.31397532931747	-0.0645140772909733
TNF	TNFRSF1B	R-HSA-6783783	REACTOME_INTERLEUKIN_10_SIGNALING	3.34895086636695e-91	7.19115806188873e-91	12.945101806299	3.91386061098809	4.6939318240245e-25	1	7	14	1.9814224695886e-09	1	0	-4.17309033422515	6.74397575053135
MMP2	SDC2	R-HSA-196854	REACTOME_METABOLISM_OF_VITAMINS_AND_COFACTORS	5.12129836853229e-91	1.09544374369378e-90	1.39003757627372	7.02714662271295	3.56658779279039e-20	1	16	30	5.38393670908782e-06	1	0	0.709530435951326	1.88082337601345
B2M	TYROBP	R-HSA-2172127	REACTOME_DAP12_INTERACTIONS	2.7243484331017e-89	5.80495781514746e-89	2.35953762700537	11.4974292172777	3.66550987484244e-22	1	11	20	5.76040466625181e-08	1	0	3.88059643622323	-3.56012729380098
TLN1	ITGB5	R-HSA-3000178	REACTOME_ECM_PROTEOGLYCANS	4.92600817989941e-89	1.04559713856869e-88	1.37532041259926	1.34132651155907	4.02438854275843e-11	1	8	15	6.09404615895118e-11	1	0	6.16994139245844	-2.68914898889273
NRG1	ERBB4	R-HSA-8848021	REACTOME_SIGNALING_BY_PTK6	1.16620384571025e-88	2.46594248291403e-88	9.5329150450773	7.00666928414004	3.80156789224067e-25	1	15	28	8.32247477968644e-06	1	0	6.90495468672893	5.74483040006388
GNAS	ADCY1	R-HSA-5610787	REACTOME_HEDGEHOG_OFF_STATE	1.33509243667686e-88	2.81232399208737e-88	3.3187853395061	10.0738130890855	2.96512290894829e-21	1	16	30	9.20854330495362e-06	1	0	-6.31397532931747	-0.0645140772909733
COL9A2	ITGA2	R-HSA-216083	REACTOME_INTEGRIN_CELL_SURFACE_INTERACTIONS	3.72591408133997e-87	7.81877424644827e-87	7.49924647809911	1.82587311291054	4.60770585238688e-19	1	7	13	6.46341098266358e-11	1	0	-5.34806577023979	1.50730363632828
COL9A2	ITGA2	R-HSA-8875878	REACTOME_MET_PROMOTES_CELL_MOTILITY	4.23744488050677e-86	8.8586583539651e-86	7.49924647809911	1.82587311291054	4.60770585238688e-19	1	9	17	1.1593213124739e-08	1	0	-5.34806577023979	1.50730363632828
COL7A1	ITGA2	R-HSA-6806834	REACTOME_SIGNALING_BY_MET	4.8666230456427e-86	1.01357487491957e-85	1.40983826886096	1.82587311291054	1.87938855050471e-12	1	21	39	3.60235451155192e-05	1	0	-4.63551693170852	1.50730363632828
MMP7	ERBB4	R-HSA-8848021	REACTOME_SIGNALING_BY_PTK6	1.41330348286686e-85	2.93247239516195e-85	4.90647762810185	7.00666928414004	4.60705833051547e-22	1	15	28	8.32247477968644e-06	1	0	3.77434399675889	5.74483040006388
MMP9	ITGB2	R-HSA-216083	REACTOME_INTEGRIN_CELL_SURFACE_INTERACTIONS	1.46276888706897e-85	3.0237834456575e-85	14.0080228974083	12.5217032139872	6.62724654884351e-30	1	6	11	1.90487639005427e-10	1	0	7.03507745353074	5.80902871863339
TGFB1	SDC2	R-HSA-2187338	REACTOME_VISUAL_PHOTOTRANSDUCTION	1.76591494295641e-85	3.62339584591797e-85	2.62379790205911	7.02714662271295	1.43944167028145e-23	1	6	11	1.72725047212284e-11	1	0	-6.31397532931747	1.88082337601345
TGFB1	SDC2	R-HSA-6806667	REACTOME_METABOLISM_OF_FAT_SOLUBLE_VITAMINS	1.76591494295641e-85	3.62339584591797e-85	2.62379790205911	7.02714662271295	1.43944167028145e-23	1	6	11	1.72725047212284e-11	1	0	-6.31397532931747	1.88082337601345
ALOX5AP	ALOX5	R-HSA-2142753	REACTOME_ARACHIDONIC_ACID_METABOLISM	1.65949923954426e-84	3.39248184024916e-84	14.7976001780956	11.613542795127	9.57217250836777e-29	1	5	10	2.08668942958972e-10	1	0	-1.98996554294888	-1.28391773866105
B2M	TYROBP	R-HSA-2424491	REACTOME_DAP12_SIGNALING	2.56075683437021e-84	5.21565914059226e-84	2.35953762700537	11.4974292172777	3.66550987484244e-22	1	10	19	1.94028983346941e-07	1	0	3.88059643622323	-3.56012729380098
HBEGF	ERBB4	R-HSA-8848021	REACTOME_SIGNALING_BY_PTK6	3.889224273332e-84	7.89241848873966e-84	3.10513081118419	7.00666928414004	1.26780152351645e-20	1	15	28	8.32247477968644e-06	1	0	6.33036679532127	5.74483040006388
ADAM28	ITGA4	R-HSA-216083	REACTOME_INTEGRIN_CELL_SURFACE_INTERACTIONS	4.87473240174349e-84	9.85621076848866e-84	15.375445455263	15.1770063173997	1.21470517786959e-27	1	4	9	1.90487639005427e-10	1	0	7.68169270870018	5.0976613481112
GNAS	ADCY1	R-HSA-163685	REACTOME_INTEGRATION_OF_ENERGY_METABOLISM	7.33970777375855e-84	1.47861749333172e-83	3.3187853395061	10.0738130890855	2.96512290894829e-21	1	19	36	9.30449683818291e-05	1	0	-6.31397532931747	-0.0645140772909733
ICAM3	ITGB2	R-HSA-216083	REACTOME_INTEGRIN_CELL_SURFACE_INTERACTIONS	5.37882435359889e-83	1.07966256952673e-82	6.44554517853026	12.5217032139872	2.43693965939152e-27	1	6	11	1.90487639005427e-10	1	0	-6.31397532931747	5.80902871863339
TGFB1	SDC2	R-HSA-2682334	REACTOME_EPH_EPHRIN_SIGNALING	1.49099005431881e-82	2.98198010863761e-82	2.62379790205911	7.02714662271295	1.43944167028145e-23	1	4	8	7.13573427973211e-13	1	0	-6.31397532931747	1.88082337601345
GNAS	ADCY1	R-HSA-112040	REACTOME_G_PROTEIN_MEDIATED_EVENTS	1.83343936410707e-82	3.65368851696157e-82	3.3187853395061	10.0738130890855	2.96512290894829e-21	1	13	25	5.9568580659902e-06	1	0	-6.31397532931747	-0.0645140772909733
ITGAM	ITGB2	R-HSA-216083	REACTOME_INTEGRIN_CELL_SURFACE_INTERACTIONS	2.83228703571292e-82	5.62396780568085e-82	16.3722019910173	12.5217032139872	1.28320096555879e-26	1	6	11	1.90487639005427e-10	1	0	4.8319537742462	5.80902871863339
MMP2	SDC2	R-HSA-2187338	REACTOME_VISUAL_PHOTOTRANSDUCTION	4.37550948307826e-82	8.62644930115784e-82	1.39003757627372	7.02714662271295	3.56658779279039e-20	1	6	11	1.72725047212284e-11	1	0	0.709530435951326	1.88082337601345
MMP2	SDC2	R-HSA-6806667	REACTOME_METABOLISM_OF_FAT_SOLUBLE_VITAMINS	4.37550948307826e-82	8.62644930115784e-82	1.39003757627372	7.02714662271295	3.56658779279039e-20	1	6	11	1.72725047212284e-11	1	0	0.709530435951326	1.88082337601345
UBC	ERBB4	R-HSA-8848021	REACTOME_SIGNALING_BY_PTK6	5.87613244083134e-82	1.15438913908531e-81	3.40616648312256	7.00666928414004	1.91548986052379e-18	1	15	28	8.32247477968644e-06	1	0	6.66064817987658	5.74483040006388
ADAM17	ERBB4	R-HSA-8848021	REACTOME_SIGNALING_BY_PTK6	1.00638259153957e-81	1.97009171630008e-81	1.5896590416355	7.00666928414004	3.28058577527394e-18	1	15	28	8.32247477968644e-06	1	0	7.29936930599439	5.74483040006388
ICAM2	ITGB2	R-HSA-216083	REACTOME_INTEGRIN_CELL_SURFACE_INTERACTIONS	2.16751386725081e-81	4.22817845935546e-81	5.31746051986694	12.5217032139872	9.82017660020896e-26	1	6	11	1.90487639005427e-10	1	0	-2.63928424522828	5.80902871863339
TGFB1	ITGB5	R-HSA-216083	REACTOME_INTEGRIN_CELL_SURFACE_INTERACTIONS	2.3723730693431e-81	4.61156028216168e-81	2.62379790205911	1.34132651155907	3.29147396343273e-16	1	6	12	1.90487639005427e-10	1	0	-6.31397532931747	-2.68914898889273
ICAM5	ITGB2	R-HSA-216083	REACTOME_INTEGRIN_CELL_SURFACE_INTERACTIONS	4.84600988855792e-81	9.38702614776605e-81	3.7633250512016	12.5217032139872	2.19554179703391e-25	1	6	11	1.90487639005427e-10	1	0	-2.16870268302112	5.80902871863339
ST6GAL1	CD22	R-HSA-983695	REACTOME_ANTIGEN_ACTIVATES_B_CELL_RECEPTOR_BCR_LEADING_TO_GENERATION_OF_SECOND_MESSENGERS	6.62158877636025e-81	1.2781742794786e-80	4.39505527986782	17.0992636382671	8.44356142760944e-23	1	7	13	1.72635979198117e-09	1	0	6.46112781549055	0.402057498536215
SPP1	ITGA4	R-HSA-216083	REACTOME_INTEGRIN_CELL_SURFACE_INTERACTIONS	1.068631307643e-80	2.05563105706327e-80	3.31970943934407	15.1770063173997	2.66285792870034e-24	1	4	9	1.90487639005427e-10	1	0	4.48267476586738	5.0976613481112
COL7A1	ITGA2	R-HSA-216083	REACTOME_INTEGRIN_CELL_SURFACE_INTERACTIONS	1.51972380376825e-80	2.91324217054536e-80	1.40983826886096	1.82587311291054	1.87938855050471e-12	1	7	13	6.46341098266358e-11	1	0	-4.63551693170852	1.50730363632828
SPP1	ITGB5	R-HSA-216083	REACTOME_INTEGRIN_CELL_SURFACE_INTERACTIONS	5.3072489041139e-80	1.01386754926865e-79	3.31970943934407	1.34132651155907	7.36337459360251e-15	1	6	12	1.90487639005427e-10	1	0	4.48267476586738	-2.68914898889273
C3	ITGB2	R-HSA-216083	REACTOME_INTEGRIN_CELL_SURFACE_INTERACTIONS	1.08170862003997e-79	2.05933531100393e-79	3.20057725358691	12.5217032139872	4.90080817440586e-24	1	6	11	1.90487639005427e-10	1	0	2.39344492210027	5.80902871863339
B2M	TFRC	R-HSA-199992	REACTOME_TRANS_GOLGI_NETWORK_VESICLE_BUDDING	1.3056076982616e-79	2.47707761930455e-79	2.35953762700537	2.08277150359185	4.59101461626927e-16	1	17	31	1.57909026255475e-05	1	0	3.88059643622323	-4.3797191892982
COL7A1	ITGA2	R-HSA-8875878	REACTOME_MET_PROMOTES_CELL_MOTILITY	1.72836670719634e-79	3.26796981497192e-79	1.40983826886096	1.82587311291054	1.87938855050471e-12	1	9	17	1.1593213124739e-08	1	0	-4.63551693170852	1.50730363632828
MMP2	SDC2	R-HSA-2682334	REACTOME_EPH_EPHRIN_SIGNALING	3.69431220222045e-79	6.96139102051064e-79	1.39003757627372	7.02714662271295	3.56658779279039e-20	1	4	8	7.13573427973211e-13	1	0	0.709530435951326	1.88082337601345
NRG1	ERBB4	R-HSA-1236394	REACTOME_SIGNALING_BY_ERBB4	1.9091195769123e-78	3.58526184952344e-78	9.5329150450773	7.00666928414004	3.80156789224067e-25	1	15	29	8.33260830603449e-05	1	0	6.90495468672893	5.74483040006388
TNF	TNFRSF1B	R-HSA-5668541	REACTOME_TNFR2_NON_CANONICAL_NF_KB_PATHWAY	5.39338044930895e-78	1.0094367462558e-77	12.945101806299	3.91386061098809	4.6939318240245e-25	1	12	23	1.19522023361833e-05	1	0	-4.17309033422515	6.74397575053135
PTGS2	ALOX5	R-HSA-2142753	REACTOME_ARACHIDONIC_ACID_METABOLISM	3.67022057899008e-77	6.84613535609598e-77	1.79871887476581	11.613542795127	2.11702323741363e-21	1	5	10	2.08668942958972e-10	1	0	2.94024914557853	-1.28391773866105
GNAS	ADCY1	R-HSA-111885	REACTOME_OPIOID_SIGNALLING	5.61633502036557e-77	1.04411060445722e-76	3.3187853395061	10.0738130890855	2.96512290894829e-21	1	17	32	9.30449683818291e-05	1	0	-6.31397532931747	-0.0645140772909733
TLN1	ITGB5	R-HSA-216083	REACTOME_INTEGRIN_CELL_SURFACE_INTERACTIONS	2.9006308740343e-76	5.37441305757525e-76	1.37532041259926	1.34132651155907	4.02438854275843e-11	1	6	12	1.90487639005427e-10	1	0	6.16994139245844	-2.68914898889273
VCAN	ITGA4	R-HSA-216083	REACTOME_INTEGRIN_CELL_SURFACE_INTERACTIONS	3.04095013621766e-76	5.61562125154861e-76	1.51899530427996	15.1770063173997	7.57756030830676e-20	1	4	9	1.90487639005427e-10	1	0	-6.06802196033256	5.0976613481112
SPP1	ITGA5	R-HSA-216083	REACTOME_INTEGRIN_CELL_SURFACE_INTERACTIONS	1.78706405632142e-75	3.28914779801351e-75	3.31970943934407	2.35156648985552	1.16721688923402e-16	1	5	10	6.46341098266358e-11	1	0	4.48267476586738	8.07526829451089
MMP7	ERBB4	R-HSA-1236394	REACTOME_SIGNALING_BY_ERBB4	2.31363098071094e-75	4.2442104745492e-75	4.90647762810185	7.00666928414004	4.60705833051547e-22	1	15	29	8.33260830603449e-05	1	0	3.77434399675889	5.74483040006388
TGFB1	ACVRL1	R-HSA-201451	REACTOME_SIGNALING_BY_BMP	4.67174961715852e-75	8.54174682477169e-75	2.62379790205911	6.10077217183555	1.85831917329187e-20	1	9	17	2.79295479910458e-07	1	0	-6.31397532931747	5.56255914215382
ADAM17	ITGA5	R-HSA-216083	REACTOME_INTEGRIN_CELL_SURFACE_INTERACTIONS	8.41017853194773e-75	1.53264437720363e-74	1.5896590416355	2.35156648985552	5.49308928756002e-16	1	5	10	6.46341098266358e-11	1	0	7.29936930599439	8.07526829451089
ITGB2	ITGAL	R-HSA-216083	REACTOME_INTEGRIN_CELL_SURFACE_INTERACTIONS	1.17196416354114e-74	2.12874802164523e-74	12.5217032139872	12.3699824135542	1.37927757095287e-27	1	5	10	5.85923023747718e-09	1	0	5.80902871863339	6.09194252057816
TGFB1	SDC2	R-HSA-1793185	REACTOME_CHONDROITIN_SULFATE_DERMATAN_SULFATE_METABOLISM	1.37838151201395e-74	2.47127300212209e-74	2.62379790205911	7.02714662271295	1.43944167028145e-23	1	6	12	1.98377717732522e-08	1	0	-6.31397532931747	1.88082337601345
TGFB1	SDC2	R-HSA-1971475	REACTOME_A_TETRASACCHARIDE_LINKER_SEQUENCE_IS_REQUIRED_FOR_GAG_SYNTHESIS	1.37838151201395e-74	2.47127300212209e-74	2.62379790205911	7.02714662271295	1.43944167028145e-23	1	6	12	1.98377717732522e-08	1	0	-6.31397532931747	1.88082337601345
TGFB1	SDC2	R-HSA-3560782	REACTOME_DISEASES_ASSOCIATED_WITH_GLYCOSAMINOGLYCAN_METABOLISM	1.37838151201395e-74	2.47127300212209e-74	2.62379790205911	7.02714662271295	1.43944167028145e-23	1	6	12	1.98377717732522e-08	1	0	-6.31397532931747	1.88082337601345
TGFB1	SDC2	R-HSA-3560783	REACTOME_DEFECTIVE_B4GALT7_CAUSES_EDS_PROGEROID_TYPE	1.37838151201395e-74	2.47127300212209e-74	2.62379790205911	7.02714662271295	1.43944167028145e-23	1	6	12	1.98377717732522e-08	1	0	-6.31397532931747	1.88082337601345
MMP9	ITGAM	R-HSA-216083	REACTOME_INTEGRIN_CELL_SURFACE_INTERACTIONS	1.6787267568498e-74	3.00004717191868e-74	14.0080228974083	16.3722019910173	4.93920851823802e-27	1	4	9	5.85923023747718e-09	1	0	7.03507745353074	4.8319537742462
ITGB2	ITGAM	R-HSA-216083	REACTOME_INTEGRIN_CELL_SURFACE_INTERACTIONS	4.36131373547984e-74	7.76902832622454e-74	12.5217032139872	16.3722019910173	1.28320096555879e-26	1	4	9	5.85923023747718e-09	1	0	5.80902871863339	4.8319537742462
TGFB1	SDC2	R-HSA-2022928	REACTOME_HS_GAG_BIOSYNTHESIS	5.65452512137734e-74	1.00404067860354e-73	2.62379790205911	7.02714662271295	1.43944167028145e-23	1	5	10	1.6292852674867e-09	1	0	-6.31397532931747	1.88082337601345
HBEGF	ERBB4	R-HSA-1236394	REACTOME_SIGNALING_BY_ERBB4	6.36680647772914e-74	1.12690440532331e-73	3.10513081118419	7.00666928414004	1.26780152351645e-20	1	15	29	8.33260830603449e-05	1	0	6.33036679532127	5.74483040006388
CAP1	ROBO1	R-HSA-373752	REACTOME_NETRIN_1_SIGNALING	1.05426735975321e-73	1.86007680669835e-73	4.6493661864022	8.06384557560543	8.15586201378416e-24	1	8	15	1.94028983346941e-07	1	0	7.62833293072641	-5.7295562977145
GNAS	ADCY1	R-HSA-9664323	REACTOME_FCGR3A_MEDIATED_IL10_SYNTHESIS	1.62136175667787e-73	2.85153781968108e-73	3.3187853395061	10.0738130890855	2.96512290894829e-21	1	12	22	5.21457151100173e-06	1	0	-6.31397532931747	-0.0645140772909733
COL9A2	ITGA2	R-HSA-8874081	REACTOME_MET_ACTIVATES_PTK2_SIGNALING	2.64152975279094e-73	4.63103633875374e-73	7.49924647809911	1.82587311291054	4.60770585238688e-19	1	6	11	3.27809435614889e-10	1	0	-5.34806577023979	1.50730363632828
TGFB1	ITGB8	R-HSA-1566948	REACTOME_ELASTIC_FIBRE_FORMATION	1.31258373824218e-72	2.29391605989328e-72	2.62379790205911	1.91793695371209	5.94681506164922e-17	1	6	11	1.90487639005427e-10	1	0	-6.31397532931747	4.46651790607271
ICAM3	ITGAL	R-HSA-216083	REACTOME_INTEGRIN_CELL_SURFACE_INTERACTIONS	1.65877951550449e-72	2.88982343267134e-72	6.44554517853026	12.3699824135542	1.95220762892473e-25	1	5	10	5.85923023747718e-09	1	0	-6.31397532931747	6.09194252057816
C5	C5AR2	R-HSA-166658	REACTOME_COMPLEMENT_CASCADE	2.07777775961368e-72	3.60842908722877e-72	10.1932303048562	8.65857279536715	9.96682402840169e-27	1	2	5	2.54111581100971e-12	1	0	-3.57721347542601	-3.67922646675566
SPP1	ITGA5	R-HSA-1566948	REACTOME_ELASTIC_FIBRE_FORMATION	2.57628645237424e-72	4.4601959206729e-72	3.31970943934407	2.35156648985552	1.16721688923402e-16	1	6	11	1.90487639005427e-10	1	0	4.48267476586738	8.07526829451089
TGFB1	ITGB5	R-HSA-1566948	REACTOME_ELASTIC_FIBRE_FORMATION	7.2649563749023e-72	1.25382736189903e-71	2.62379790205911	1.34132651155907	3.29147396343273e-16	1	6	11	1.90487639005427e-10	1	0	-6.31397532931747	-2.68914898889273
VCAN	TLR2	R-HSA-9833110	REACTOME_RSV_HOST_INTERACTIONS	8.27717200041936e-72	1.42408487212184e-71	1.51899530427996	5.8843386295703	1.19422517473931e-17	1	14	27	4.07294273795534e-05	1	0	-6.06802196033256	-5.80061799508089
UBC	ERBB4	R-HSA-1236394	REACTOME_SIGNALING_BY_ERBB4	9.61944991056722e-72	1.64989945834497e-71	3.40616648312256	7.00666928414004	1.91548986052379e-18	1	15	29	8.33260830603449e-05	1	0	6.66064817987658	5.74483040006388
ADAM17	ITGA5	R-HSA-1566948	REACTOME_ELASTIC_FIBRE_FORMATION	1.21243717802182e-71	2.07311789081508e-71	1.5896590416355	2.35156648985552	5.49308928756002e-16	1	6	11	1.90487639005427e-10	1	0	7.29936930599439	8.07526829451089
ADAM17	ERBB4	R-HSA-1236394	REACTOME_SIGNALING_BY_ERBB4	1.64748617014019e-71	2.80833027156205e-71	1.5896590416355	7.00666928414004	3.28058577527394e-18	1	15	29	8.33260830603449e-05	1	0	7.29936930599439	5.74483040006388
MMP2	SDC2	R-HSA-1793185	REACTOME_CHONDROITIN_SULFATE_DERMATAN_SULFATE_METABOLISM	3.41529551079043e-71	5.750983930024e-71	1.39003757627372	7.02714662271295	3.56658779279039e-20	1	6	12	1.98377717732522e-08	1	0	0.709530435951326	1.88082337601345
MMP2	SDC2	R-HSA-1971475	REACTOME_A_TETRASACCHARIDE_LINKER_SEQUENCE_IS_REQUIRED_FOR_GAG_SYNTHESIS	3.41529551079043e-71	5.750983930024e-71	1.39003757627372	7.02714662271295	3.56658779279039e-20	1	6	12	1.98377717732522e-08	1	0	0.709530435951326	1.88082337601345
MMP2	SDC2	R-HSA-3560782	REACTOME_DISEASES_ASSOCIATED_WITH_GLYCOSAMINOGLYCAN_METABOLISM	3.41529551079043e-71	5.750983930024e-71	1.39003757627372	7.02714662271295	3.56658779279039e-20	1	6	12	1.98377717732522e-08	1	0	0.709530435951326	1.88082337601345
MMP2	SDC2	R-HSA-3560783	REACTOME_DEFECTIVE_B4GALT7_CAUSES_EDS_PROGEROID_TYPE	3.41529551079043e-71	5.750983930024e-71	1.39003757627372	7.02714662271295	3.56658779279039e-20	1	6	12	1.98377717732522e-08	1	0	0.709530435951326	1.88082337601345
ICAM2	ITGAL	R-HSA-216083	REACTOME_INTEGRIN_CELL_SURFACE_INTERACTIONS	6.68441162270324e-71	1.1221709209023e-70	5.31746051986694	12.3699824135542	7.86684381061077e-24	1	5	10	5.85923023747718e-09	1	0	-2.63928424522828	6.09194252057816
MMP2	SDC2	R-HSA-2022928	REACTOME_HS_GAG_BIOSYNTHESIS	1.40105435936058e-70	2.34496711506273e-70	1.39003757627372	7.02714662271295	3.56658779279039e-20	1	5	10	1.6292852674867e-09	1	0	0.709530435951326	1.88082337601345
ICAM5	ITGAL	R-HSA-216083	REACTOME_INTEGRIN_CELL_SURFACE_INTERACTIONS	1.49446447896996e-70	2.49377506430529e-70	3.7633250512016	12.3699824135542	1.75882625130855e-23	1	5	10	5.85923023747718e-09	1	0	-2.16870268302112	6.09194252057816
SPP1	ITGB5	R-HSA-1566948	REACTOME_ELASTIC_FIBRE_FORMATION	1.62524740553608e-70	2.70386505305403e-70	3.31970943934407	1.34132651155907	7.36337459360251e-15	1	6	11	1.90487639005427e-10	1	0	4.48267476586738	-2.68914898889273
B2M	TFRC	R-HSA-9013404	REACTOME_RAC2_GTPASE_CYCLE	1.70894249050637e-70	2.83459323275608e-70	2.35953762700537	2.08277150359185	4.59101461626927e-16	1	7	13	5.78533870652042e-09	1	0	3.88059643622323	-4.3797191892982
ICAM2	ITGAM	R-HSA-216083	REACTOME_INTEGRIN_CELL_SURFACE_INTERACTIONS	2.48751771859731e-70	4.11368601821764e-70	5.31746051986694	16.3722019910173	7.31886154481727e-23	1	4	9	5.85923023747718e-09	1	0	-2.63928424522828	4.8319537742462
UBC	TLR4	R-HSA-9833110	REACTOME_RSV_HOST_INTERACTIONS	3.10164942623047e-70	5.11402911348715e-70	3.40616648312256	5.86524880252892	3.51511783795841e-20	1	14	26	4.07294273795534e-05	1	0	6.66064817987658	6.33520832979857
GDF11	ACVR2A	R-HSA-201451	REACTOME_SIGNALING_BY_BMP	3.23145402391281e-70	5.31224192655102e-70	1.41830203971192	2.43549413503917	1.28540128695955e-15	1	9	17	2.79295479910458e-07	1	0	6.1175305463628	5.52025785025303
NRP1	ROBO1	R-HSA-373752	REACTOME_NETRIN_1_SIGNALING	1.28088148980118e-69	2.09943297440785e-69	1.66754906986167	8.06384557560543	9.90895961084681e-20	1	8	15	1.94028983346941e-07	1	0	-5.46397449897657	-5.7295562977145
C3	C5AR2	R-HSA-166658	REACTOME_COMPLEMENT_CASCADE	9.46321158587444e-69	1.54649534471222e-68	3.20057725358691	8.65857279536715	4.53937694652575e-23	1	2	5	2.54111581100971e-12	1	0	2.39344492210027	-3.67922646675566
B2M	TFRC	R-HSA-9013149	REACTOME_RAC1_GTPASE_CYCLE	1.06525046077687e-68	1.73573163314819e-68	2.35953762700537	2.08277150359185	4.59101461626927e-16	1	11	20	1.62141837561812e-06	1	0	3.88059643622323	-4.3797191892982
C3	ITGAM	R-HSA-216083	REACTOME_INTEGRIN_CELL_SURFACE_INTERACTIONS	1.24140814015725e-68	2.01683316612057e-68	3.20057725358691	16.3722019910173	3.65251440441733e-21	1	4	9	5.85923023747718e-09	1	0	2.39344492210027	4.8319537742462
C3	C3AR1	R-HSA-166658	REACTOME_COMPLEMENT_CASCADE	2.28301731148357e-67	3.69822102503478e-67	3.20057725358691	4.89715724440861	1.09513309072969e-21	1	2	5	2.54111581100971e-12	1	0	2.39344492210027	5.01786377680967
SDCBP	EPHB6	R-HSA-3928665	REACTOME_EPH_EPHRIN_MEDIATED_REPULSION_OF_CELLS	6.46105258237024e-67	1.04356359493677e-66	2.95176862028965	11.5913916956061	1.46939962741691e-23	1	7	14	1.39862538754132e-06	1	0	-1.61189660530662	5.06876535619
TLN1	ITGB5	R-HSA-1566948	REACTOME_ELASTIC_FIBRE_FORMATION	8.88264878398274e-67	1.43051960067629e-66	1.37532041259926	1.34132651155907	4.02438854275843e-11	1	6	11	1.90487639005427e-10	1	0	6.16994139245844	-2.68914898889273
COL7A1	ITGA2	R-HSA-8874081	REACTOME_MET_ACTIVATES_PTK2_SIGNALING	1.07742571515088e-66	1.73012709041619e-66	1.40983826886096	1.82587311291054	1.87938855050471e-12	1	6	11	3.27809435614889e-10	1	0	-4.63551693170852	1.50730363632828
NRG1	ERBB4	R-HSA-1251985	REACTOME_NUCLEAR_SIGNALING_BY_ERBB4	5.85977736219918e-66	9.38241808860793e-66	9.5329150450773	7.00666928414004	3.80156789224067e-25	1	7	13	5.10068955843176e-07	1	0	6.90495468672893	5.74483040006388
COL9A2	ITGA2	R-HSA-3000170	REACTOME_SYNDECAN_INTERACTIONS	6.47152475014438e-66	1.03320596875504e-65	7.49924647809911	1.82587311291054	4.60770585238688e-19	1	4	8	1.90487639005427e-10	1	0	-5.34806577023979	1.50730363632828
YWHAZ	CSF2RB	R-HSA-512988	REACTOME_INTERLEUKIN_3_INTERLEUKIN_5_AND_GM_CSF_SIGNALING	1.33465189749997e-65	2.12470445751432e-65	2.1312887937113	9.08211240949195	1.16147580518599e-21	1	14	26	0.000120310165451537	1	0	-3.51763600569558	-3.46764441946279
NRG1	ERBB4	R-HSA-1963642	REACTOME_PI3K_EVENTS_IN_ERBB2_SIGNALING	3.86427763554931e-64	6.13412553035621e-64	9.5329150450773	7.00666928414004	3.80156789224067e-25	1	3	7	8.64922624176582e-09	1	0	6.90495468672893	5.74483040006388
TGFB1	ITGB8	R-HSA-216083	REACTOME_INTEGRIN_CELL_SURFACE_INTERACTIONS	5.05297431512989e-64	7.99813648737703e-64	2.62379790205911	1.91793695371209	5.94681506164922e-17	1	5	10	5.85923023747718e-09	1	0	-6.31397532931747	4.46651790607271
B2M	TFRC	R-HSA-9013408	REACTOME_RHOG_GTPASE_CYCLE	4.34518360921656e-63	6.85821002708255e-63	2.35953762700537	2.08277150359185	4.59101461626927e-16	1	5	10	5.96549783574596e-09	1	0	3.88059643622323	-4.3797191892982
TGFB1	ITGB5	R-HSA-3000170	REACTOME_SYNDECAN_INTERACTIONS	4.62287652493626e-63	7.27577725799628e-63	2.62379790205911	1.34132651155907	3.29147396343273e-16	1	4	8	1.90487639005427e-10	1	0	-6.31397532931747	-2.68914898889273
GDF11	ACVR2A	R-HSA-9839373	REACTOME_SIGNALING_BY_TGFBR3	4.6900342349082e-63	7.36056364345367e-63	1.41830203971192	2.43549413503917	1.28540128695955e-15	1	13	24	3.24231441086767e-05	1	0	6.1175305463628	5.52025785025303
MMP7	ERBB4	R-HSA-1251985	REACTOME_NUCLEAR_SIGNALING_BY_ERBB4	7.10136892901153e-63	1.1113441770261e-62	4.90647762810185	7.00666928414004	4.60705833051547e-22	1	7	13	5.10068955843176e-07	1	0	3.77434399675889	5.74483040006388
CXCL13	CXCR5	R-HSA-380108	REACTOME_CHEMOKINE_RECEPTORS_BIND_CHEMOKINES	9.96394002495935e-63	1.55493599262746e-62	16.6010971969329	10.4990755093477	1.18095343395751e-24	1	3	6	1.54002156961954e-10	1	0	-3.51782657496309	4.01930496965654
VCAN	TLR2	R-HSA-1236975	REACTOME_ANTIGEN_PROCESSING_CROSS_PRESENTATION	1.75538614151813e-62	2.73169641123889e-62	1.51899530427996	5.8843386295703	1.19422517473931e-17	1	9	18	1.12882459507965e-05	1	0	-6.06802196033256	-5.80061799508089
TYROBP	TREM2	R-HSA-2172127	REACTOME_DAP12_INTERACTIONS	2.27596068974708e-62	3.52201738022313e-62	11.4974292172777	18.27826742997	3.2252309248005e-26	1	9	18	8.33260830603449e-05	1	0	-3.56012729380098	2.40148859196422
TYROBP	TREM2	R-HSA-2424491	REACTOME_DAP12_SIGNALING	2.27596068974708e-62	3.52201738022313e-62	11.4974292172777	18.27826742997	3.2252309248005e-26	1	9	18	8.33260830603449e-05	1	0	-3.56012729380098	2.40148859196422
C5	C5AR1	R-HSA-166658	REACTOME_COMPLEMENT_CASCADE	4.24640229070231e-62	6.5529439249278e-62	10.1932303048562	13.1334936540315	4.36436716030289e-27	1	2	5	1.18108861103913e-09	1	0	-3.57721347542601	3.16526804816043
SPP1	ITGB5	R-HSA-3000170	REACTOME_SYNDECAN_INTERACTIONS	1.03418626218074e-61	1.59149774791147e-61	3.31970943934407	1.34132651155907	7.36337459360251e-15	1	4	8	1.90487639005427e-10	1	0	4.48267476586738	-2.68914898889273
HBEGF	ERBB4	R-HSA-1251985	REACTOME_NUCLEAR_SIGNALING_BY_ERBB4	1.95420281258863e-61	2.9989705212579e-61	3.10513081118419	7.00666928414004	1.26780152351645e-20	1	7	13	5.10068955843176e-07	1	0	6.33036679532127	5.74483040006388
MMP7	ERBB4	R-HSA-1963642	REACTOME_PI3K_EVENTS_IN_ERBB2_SIGNALING	4.68305524902487e-61	7.16688565734745e-61	4.90647762810185	7.00666928414004	4.60705833051547e-22	1	3	7	8.64922624176582e-09	1	0	3.77434399675889	5.74483040006388
TGFB1	SDC2	R-HSA-3656237	REACTOME_DEFECTIVE_EXT2_CAUSES_EXOSTOSES_2	2.47654670364829e-60	3.75892294197577e-60	2.62379790205911	7.02714662271295	1.43944167028145e-23	1	4	8	1.98377717732522e-08	1	0	-6.31397532931747	1.88082337601345
TGFB1	SDC2	R-HSA-9694614	REACTOME_ATTACHMENT_AND_ENTRY	2.47654670364829e-60	3.75892294197577e-60	2.62379790205911	7.02714662271295	1.43944167028145e-23	1	4	8	1.98377717732522e-08	1	0	-6.31397532931747	1.88082337601345
TGFB1	SDC2	R-HSA-9772572	REACTOME_EARLY_SARS_COV_2_INFECTION_EVENTS	2.47654670364829e-60	3.75892294197577e-60	2.62379790205911	7.02714662271295	1.43944167028145e-23	1	4	8	1.98377717732522e-08	1	0	-6.31397532931747	1.88082337601345
UBC	TLR4	R-HSA-1236975	REACTOME_ANTIGEN_PROCESSING_CROSS_PRESENTATION	2.5428908549021e-60	3.84907522845837e-60	3.40616648312256	5.86524880252892	3.51511783795841e-20	1	9	17	1.12882459507965e-05	1	0	6.66064817987658	6.33520832979857
HBEGF	PRLR	R-HSA-982772	REACTOME_GROWTH_HORMONE_RECEPTOR_SIGNALING	7.16610157884217e-60	1.08174939364539e-59	3.10513081118419	11.6396194803768	1.46234626648092e-22	1	7	13	1.6142094170865e-06	1	0	6.33036679532127	7.57313212414433
RPS19	C5AR1	R-HSA-166658	REACTOME_COMPLEMENT_CASCADE	1.03553260446813e-59	1.55892680129169e-59	6.57039345129222	13.1334936540315	1.06429965485351e-24	1	2	5	1.18108861103913e-09	1	0	5.7959681692493	3.16526804816043
HBEGF	ERBB4	R-HSA-1963642	REACTOME_PI3K_EVENTS_IN_ERBB2_SIGNALING	1.28871487041953e-59	1.93481853174097e-59	3.10513081118419	7.00666928414004	1.26780152351645e-20	1	3	7	8.64922624176582e-09	1	0	6.33036679532127	5.74483040006388
COL9A2	ITGA2	R-HSA-3000157	REACTOME_LAMININ_INTERACTIONS	1.94651419507396e-59	2.91451044343507e-59	7.49924647809911	1.82587311291054	4.60770585238688e-19	1	4	8	3.76285049870451e-09	1	0	-5.34806577023979	1.50730363632828
VEGFA	NRP1	R-HSA-9694614	REACTOME_ATTACHMENT_AND_ENTRY	1.97668532967561e-59	2.94377331354916e-59	1.5083413743376	1.66754906986167	3.86101011893501e-15	1	4	9	1.98377717732522e-08	1	0	7.98654812386516	-5.46397449897657
VEGFA	NRP1	R-HSA-9772572	REACTOME_EARLY_SARS_COV_2_INFECTION_EVENTS	1.97668532967561e-59	2.94377331354916e-59	1.5083413743376	1.66754906986167	3.86101011893501e-15	1	4	9	1.98377717732522e-08	1	0	7.98654812386516	-5.46397449897657
COL7A1	ITGA2	R-HSA-3000170	REACTOME_SYNDECAN_INTERACTIONS	2.63960198618772e-59	3.92048123417694e-59	1.40983826886096	1.82587311291054	1.87938855050471e-12	1	4	8	1.90487639005427e-10	1	0	-4.63551693170852	1.50730363632828
UBC	ERBB4	R-HSA-1251985	REACTOME_NUCLEAR_SIGNALING_BY_ERBB4	2.95255653466803e-59	4.37357304867938e-59	3.40616648312256	7.00666928414004	1.91548986052379e-18	1	7	13	5.10068955843176e-07	1	0	6.66064817987658	5.74483040006388
NRG1	ERBB4	R-HSA-1227986	REACTOME_SIGNALING_BY_ERBB2	3.70885542894495e-59	5.47921575369467e-59	9.5329150450773	7.00666928414004	3.80156789224067e-25	1	14	26	0.000698712778225288	1	0	6.90495468672893	5.74483040006388
ADAM17	ERBB4	R-HSA-1251985	REACTOME_NUCLEAR_SIGNALING_BY_ERBB4	5.05672996132457e-59	7.45060744301546e-59	1.5896590416355	7.00666928414004	3.28058577527394e-18	1	7	13	5.10068955843176e-07	1	0	7.29936930599439	5.74483040006388
TGFB1	ITGB8	R-HSA-2129379	REACTOME_MOLECULES_ASSOCIATED_WITH_ELASTIC_FIBRES	9.40062471834177e-59	1.38141806205871e-58	2.62379790205911	1.91793695371209	5.94681506164922e-17	1	5	10	4.42699307208703e-08	1	0	-6.31397532931747	4.46651790607271
TGFB1	SDC2	R-HSA-3000170	REACTOME_SYNDECAN_INTERACTIONS	1.37064902521781e-58	2.00883481473722e-58	2.62379790205911	7.02714662271295	1.43944167028145e-23	1	4	8	4.42699307208703e-08	1	0	-6.31397532931747	1.88082337601345
TGFB1	ITGB5	R-HSA-2129379	REACTOME_MOLECULES_ASSOCIATED_WITH_ELASTIC_FIBRES	5.20310639891381e-58	7.60559616094526e-58	2.62379790205911	1.34132651155907	3.29147396343273e-16	1	5	10	4.42699307208703e-08	1	0	-6.31397532931747	-2.68914898889273
TLN1	ITGB5	R-HSA-3000170	REACTOME_SYNDECAN_INTERACTIONS	5.65225535071154e-58	8.24039332708998e-58	1.37532041259926	1.34132651155907	4.02438854275843e-11	1	4	8	1.90487639005427e-10	1	0	6.16994139245844	-2.68914898889273
UBC	ERBB4	R-HSA-1963642	REACTOME_PI3K_EVENTS_IN_ERBB2_SIGNALING	1.94708731738071e-57	2.83119783157195e-57	3.40616648312256	7.00666928414004	1.91548986052379e-18	1	3	7	8.64922624176582e-09	1	0	6.66064817987658	5.74483040006388
B2M	TFRC	R-HSA-9013148	REACTOME_CDC42_GTPASE_CYCLE	1.95239467379243e-57	2.83148337508116e-57	2.35953762700537	2.08277150359185	4.59101461626927e-16	1	8	16	8.95882029449311e-06	1	0	3.88059643622323	-4.3797191892982
ADAM17	ERBB4	R-HSA-1963642	REACTOME_PI3K_EVENTS_IN_ERBB2_SIGNALING	3.33470152374954e-57	4.82356303957505e-57	1.5896590416355	7.00666928414004	3.28058577527394e-18	1	3	7	8.64922624176582e-09	1	0	7.29936930599439	5.74483040006388
MMP2	SDC2	R-HSA-3656237	REACTOME_DEFECTIVE_EXT2_CAUSES_EXOSTOSES_2	6.13628285457391e-57	8.80699663583924e-57	1.39003757627372	7.02714662271295	3.56658779279039e-20	1	4	8	1.98377717732522e-08	1	0	0.709530435951326	1.88082337601345
MMP2	SDC2	R-HSA-9694614	REACTOME_ATTACHMENT_AND_ENTRY	6.13628285457391e-57	8.80699663583924e-57	1.39003757627372	7.02714662271295	3.56658779279039e-20	1	4	8	1.98377717732522e-08	1	0	0.709530435951326	1.88082337601345
MMP2	SDC2	R-HSA-9772572	REACTOME_EARLY_SARS_COV_2_INFECTION_EVENTS	6.13628285457391e-57	8.80699663583924e-57	1.39003757627372	7.02714662271295	3.56658779279039e-20	1	4	8	1.98377717732522e-08	1	0	0.709530435951326	1.88082337601345
B2M	TREM2	R-HSA-2172127	REACTOME_DAP12_INTERACTIONS	6.42790005629957e-57	9.17798100822155e-57	2.35953762700537	18.27826742997	9.10888405783848e-21	1	9	18	8.33260830603449e-05	1	0	3.88059643622323	2.40148859196422
B2M	TREM2	R-HSA-2424491	REACTOME_DAP12_SIGNALING	6.42790005629957e-57	9.17798100822155e-57	2.35953762700537	18.27826742997	9.10888405783848e-21	1	9	18	8.33260830603449e-05	1	0	3.88059643622323	2.40148859196422
SPP1	ITGB5	R-HSA-2129379	REACTOME_MOLECULES_ASSOCIATED_WITH_ELASTIC_FIBRES	1.16398980794659e-56	1.65771299126583e-56	3.31970943934407	1.34132651155907	7.36337459360251e-15	1	5	10	4.42699307208703e-08	1	0	4.48267476586738	-2.68914898889273
TGFB1	SDC2	R-HSA-2024096	REACTOME_HS_GAG_DEGRADATION	3.34150173631179e-56	4.74664605619675e-56	2.62379790205911	7.02714662271295	1.43944167028145e-23	1	6	12	8.39194494924943e-06	1	0	-6.31397532931747	1.88082337601345
MMP7	ERBB4	R-HSA-1227986	REACTOME_SIGNALING_BY_ERBB2	4.4947016033764e-56	6.36845188815991e-56	4.90647762810185	7.00666928414004	4.60705833051547e-22	1	14	26	0.000698712778225288	1	0	3.77434399675889	5.74483040006388
MMP2	SDC2	R-HSA-3000170	REACTOME_SYNDECAN_INTERACTIONS	3.3961362814973e-55	4.79964158150384e-55	1.39003757627372	7.02714662271295	3.56658779279039e-20	1	4	8	4.42699307208703e-08	1	0	0.709530435951326	1.88082337601345
VEGFA	RET	R-HSA-9634815	REACTOME_TRANSCRIPTIONAL_REGULATION_BY_NPAS4	5.09242829472382e-55	7.17863937729515e-55	1.5083413743376	5.65176436778406	1.14298157225152e-19	1	6	11	4.61360875825855e-07	1	0	7.98654812386516	2.6718568471367
SEMA3D	NRP1	R-HSA-9694614	REACTOME_ATTACHMENT_AND_ENTRY	6.53434616944849e-55	9.16462728575813e-55	1.02351133157821	1.66754906986167	1.2763375283918e-10	1	4	9	1.98377717732522e-08	1	0	2.62112181718373	-5.46397449897657
SEMA3D	NRP1	R-HSA-9772572	REACTOME_EARLY_SARS_COV_2_INFECTION_EVENTS	6.53434616944849e-55	9.16462728575813e-55	1.02351133157821	1.66754906986167	1.2763375283918e-10	1	4	9	1.98377717732522e-08	1	0	2.62112181718373	-5.46397449897657
HBEGF	ERBB4	R-HSA-1227986	REACTOME_SIGNALING_BY_ERBB2	1.23688243814245e-54	1.73038603719928e-54	3.10513081118419	7.00666928414004	1.26780152351645e-20	1	14	26	0.000698712778225288	1	0	6.33036679532127	5.74483040006388
C3	C3AR1	R-HSA-9660826	REACTOME_PURINERGIC_SIGNALING_IN_LEISHMANIASIS_INFECTION	1.20300710220455e-53	1.67875550282449e-53	3.20057725358691	4.89715724440861	1.09513309072969e-21	1	5	10	1.93388574598143e-06	1	0	2.39344492210027	5.01786377680967
TLN1	ITGB5	R-HSA-2129379	REACTOME_MOLECULES_ASSOCIATED_WITH_ELASTIC_FIBRES	6.36168537596568e-53	8.85521029719845e-53	1.37532041259926	1.34132651155907	4.02438854275843e-11	1	5	10	4.42699307208703e-08	1	0	6.16994139245844	-2.68914898889273
COL7A1	ITGA2	R-HSA-3000157	REACTOME_LAMININ_INTERACTIONS	7.93943148458976e-53	1.10236717856209e-52	1.40983826886096	1.82587311291054	1.87938855050471e-12	1	4	8	3.76285049870451e-09	1	0	-4.63551693170852	1.50730363632828
MMP2	SDC2	R-HSA-2024096	REACTOME_HS_GAG_DEGRADATION	8.27943191333851e-53	1.14670131999738e-52	1.39003757627372	7.02714662271295	3.56658779279039e-20	1	6	12	8.39194494924943e-06	1	0	0.709530435951326	1.88082337601345
ADAM28	ITGA4	R-HSA-8949275	REACTOME_RUNX3_REGULATES_IMMUNE_RESPONSE_AND_CELL_MIGRATION	1.34213108262159e-52	1.85421600940739e-52	15.375445455263	15.1770063173997	1.21470517786959e-27	1	1	2	3.32404161220133e-13	1	0	7.68169270870018	5.0976613481112
SDCBP	EPHB6	R-HSA-3928664	REACTOME_EPHRIN_SIGNALING	1.70734125645104e-52	2.35290312456188e-52	2.95176862028965	11.5913916956061	1.46939962741691e-23	1	7	14	8.88134722859185e-05	1	0	-1.61189660530662	5.06876535619
UBC	ERBB4	R-HSA-1227986	REACTOME_SIGNALING_BY_ERBB2	1.86877498171033e-52	2.56898595500626e-52	3.40616648312256	7.00666928414004	1.91548986052379e-18	1	14	26	0.000698712778225288	1	0	6.66064817987658	5.74483040006388
B2M	TFRC	R-HSA-432722	REACTOME_GOLGI_ASSOCIATED_VESICLE_BIOGENESIS	2.2429742637669e-52	3.07576173793777e-52	2.35953762700537	2.08277150359185	4.59101461626927e-16	1	11	21	0.000156580480902525	1	0	3.88059643622323	-4.3797191892982
ITGB2	ITGAL	R-HSA-8949275	REACTOME_RUNX3_REGULATES_IMMUNE_RESPONSE_AND_CELL_MIGRATION	2.77442736880762e-52	3.79514262301092e-52	12.5217032139872	12.3699824135542	1.37927757095287e-27	1	1	3	5.85923023747718e-09	1	0	5.80902871863339	6.09194252057816
ADAM17	ERBB4	R-HSA-1227986	REACTOME_SIGNALING_BY_ERBB2	3.20057899993807e-52	4.36729252700909e-52	1.5896590416355	7.00666928414004	3.28058577527394e-18	1	14	26	0.000698712778225288	1	0	7.29936930599439	5.74483040006388
TGFB1	SDC2	R-HSA-9820960	REACTOME_RESPIRATORY_SYNCYTIAL_VIRUS_RSV_ATTACHMENT_AND_ENTRY	4.22318146202969e-52	5.7485074446301e-52	2.62379790205911	7.02714662271295	1.43944167028145e-23	1	4	9	8.39194494924943e-06	1	0	-6.31397532931747	1.88082337601345
SPP1	ITGA5	R-HSA-9634597	REACTOME_GPER1_SIGNALING	5.2398446758625e-52	7.11488713340154e-52	3.31970943934407	2.35156648985552	1.16721688923402e-16	1	10	19	9.30449683818291e-05	1	0	4.48267476586738	8.07526829451089
UBC	TLR4	R-HSA-9824878	REACTOME_REGULATION_OF_TBK1_IKK_IKBKE_MEDIATED_ACTIVATION_OF_IRF3_IRF7	6.2426759037526e-52	8.45584951266245e-52	3.40616648312256	5.86524880252892	3.51511783795841e-20	1	3	7	2.42908300946677e-07	1	0	6.66064817987658	6.33520832979857
GNAS	ADCY1	R-HSA-9634597	REACTOME_GPER1_SIGNALING	1.11616307950896e-51	1.5081813318243e-51	3.3187853395061	10.0738130890855	2.96512290894829e-21	1	8	16	0.000147444695271466	1	0	-6.31397532931747	-0.0645140772909733
ADAM17	ITGA5	R-HSA-9634597	REACTOME_GPER1_SIGNALING	2.46594569723434e-51	3.32392680357135e-51	1.5896590416355	2.35156648985552	5.49308928756002e-16	1	10	19	9.30449683818291e-05	1	0	7.29936930599439	8.07526829451089
GDF11	ACVR1B	R-HSA-1502540	REACTOME_SIGNALING_BY_ACTIVIN	8.37310345400693e-51	1.12589789163103e-50	1.41830203971192	1.16616077376105	4.8537281573437e-13	1	6	11	1.82821904484002e-07	1	0	6.1175305463628	-4.45149791358894
ICAM3	ITGAL	R-HSA-8949275	REACTOME_RUNX3_REGULATES_IMMUNE_RESPONSE_AND_CELL_MIGRATION	3.92688055642201e-50	5.26753469311814e-50	6.44554517853026	12.3699824135542	1.95220762892473e-25	1	1	3	5.85923023747718e-09	1	0	-6.31397532931747	6.09194252057816
UBC	TLR4	R-HSA-5260271	REACTOME_DISEASES_OF_IMMUNE_SYSTEM	7.96020002656362e-50	1.06520551080102e-49	3.40616648312256	5.86524880252892	3.51511783795841e-20	1	7	14	7.23934969672377e-05	1	0	6.66064817987658	6.33520832979857
GNAS	ADCY1	R-HSA-9660821	REACTOME_ADORA2B_MEDIATED_ANTI_INFLAMMATORY_CYTOKINES_PRODUCTION	1.07123055021882e-49	1.43002825258126e-49	3.3187853395061	10.0738130890855	2.96512290894829e-21	1	8	15	9.30449683818291e-05	1	0	-6.31397532931747	-0.0645140772909733
CAP1	ROBO1	R-HSA-428890	REACTOME_ROLE_OF_ABL_IN_ROBO_SLIT_SIGNALING	1.36066198543047e-49	1.81203543252038e-49	4.6493661864022	8.06384557560543	8.15586201378416e-24	1	3	6	1.82619568563409e-07	1	0	7.62833293072641	-5.7295562977145
NRG1	ERBB4	R-HSA-8847993	REACTOME_ERBB2_ACTIVATES_PTK6_SIGNALING	2.45977011188852e-49	3.26789602394781e-49	9.5329150450773	7.00666928414004	3.80156789224067e-25	1	1	3	8.64922624176582e-09	1	0	6.90495468672893	5.74483040006388
SPP1	ITGA4	R-HSA-8949275	REACTOME_RUNX3_REGULATES_IMMUNE_RESPONSE_AND_CELL_MIGRATION	2.94219902888877e-49	3.89946952632626e-49	3.31970943934407	15.1770063173997	2.66285792870034e-24	1	1	2	3.32404161220133e-13	1	0	4.48267476586738	5.0976613481112
NRG1	ERBB4	R-HSA-6785631	REACTOME_ERBB2_REGULATES_CELL_MOTILITY	9.83908038372878e-49	1.30091898152404e-48	9.5329150450773	7.00666928414004	3.80156789224067e-25	1	2	4	8.64922624176582e-09	1	0	6.90495468672893	5.74483040006388
MMP2	SDC2	R-HSA-9820960	REACTOME_RESPIRATORY_SYNCYTIAL_VIRUS_RSV_ATTACHMENT_AND_ENTRY	1.04640207103833e-48	1.3802541603696e-48	1.39003757627372	7.02714662271295	3.56658779279039e-20	1	4	9	8.39194494924943e-06	1	0	0.709530435951326	1.88082337601345
ICAM2	ITGAL	R-HSA-8949275	REACTOME_RUNX3_REGULATES_IMMUNE_RESPONSE_AND_CELL_MIGRATION	1.58242164115051e-48	2.08233156578951e-48	5.31746051986694	12.3699824135542	7.86684381061077e-24	1	1	3	5.85923023747718e-09	1	0	-2.63928424522828	6.09194252057816
YWHAZ	CSF2RB	R-HSA-451927	REACTOME_INTERLEUKIN_2_FAMILY_SIGNALING	2.47889091727696e-48	3.25427859756264e-48	2.1312887937113	9.08211240949195	1.16147580518599e-21	1	10	19	0.000686454663193776	1	0	-3.51763600569558	-3.46764441946279
VEGFA	RET	R-HSA-8853659	REACTOME_RET_SIGNALING	2.84563091462458e-48	3.72690195437829e-48	1.5083413743376	5.65176436778406	1.14298157225152e-19	1	8	15	8.88134722859185e-05	1	0	7.98654812386516	2.6718568471367
ICAM5	ITGAL	R-HSA-8949275	REACTOME_RUNX3_REGULATES_IMMUNE_RESPONSE_AND_CELL_MIGRATION	3.53789243831218e-48	4.6226236104362e-48	3.7633250512016	12.3699824135542	1.75882625130855e-23	1	1	3	5.85923023747718e-09	1	0	-2.16870268302112	6.09194252057816
B2M	TYROBP	R-HSA-391160	REACTOME_SIGNAL_REGULATORY_PROTEIN_FAMILY_INTERACTIONS	4.11141179391174e-48	5.35934619724025e-48	2.35953762700537	11.4974292172777	3.66550987484244e-22	1	3	7	3.51178537725786e-06	1	0	3.88059643622323	-3.56012729380098
UBC	TLR4	R-HSA-936964	REACTOME_ACTIVATION_OF_IRF3_IRF7_MEDIATED_BY_TBK1_IKK_IKBKE	1.10402254554006e-47	1.43574762964599e-47	3.40616648312256	5.86524880252892	3.51511783795841e-20	1	4	9	1.24583954927188e-05	1	0	6.66064817987658	6.33520832979857
GDF11	ACVR2A	R-HSA-1502540	REACTOME_SIGNALING_BY_ACTIVIN	1.57637284477237e-47	2.04522378455245e-47	1.41830203971192	2.43549413503917	1.28540128695955e-15	1	6	11	1.72715073712133e-06	1	0	6.1175305463628	5.52025785025303
VCAN	TLR2	R-HSA-5260271	REACTOME_DISEASES_OF_IMMUNE_SYSTEM	2.70439618411315e-47	3.50055020093151e-47	1.51899530427996	5.8843386295703	1.19422517473931e-17	1	7	14	7.23934969672377e-05	1	0	-6.06802196033256	-5.80061799508089
UBC	TLR4	R-HSA-937041	REACTOME_IKK_COMPLEX_RECRUITMENT_MEDIATED_BY_RIP1	3.24266200641726e-47	4.18749359336868e-47	3.40616648312256	5.86524880252892	3.51511783795841e-20	1	7	13	4.74016246805253e-05	1	0	6.66064817987658	6.33520832979857
GNAS	ADCY1	R-HSA-111996	REACTOME_CA_DEPENDENT_EVENTS	4.10763875774322e-47	5.29216714369708e-47	3.3187853395061	10.0738130890855	2.96512290894829e-21	1	7	14	0.00021530872053118	1	0	-6.31397532931747	-0.0645140772909733
NRG1	ERBB4	R-HSA-1227990	REACTOME_SIGNALING_BY_ERBB2_IN_CANCER	5.64912918871436e-47	7.26129366716417e-47	9.5329150450773	7.00666928414004	3.80156789224067e-25	1	8	16	0.00133087524710635	1	0	6.90495468672893	5.74483040006388
GNAS	ADCY1	R-HSA-1489509	REACTOME_DAG_AND_IP3_SIGNALING	6.93947595089933e-47	8.89923536295886e-47	3.3187853395061	10.0738130890855	2.96512290894829e-21	1	8	15	0.000209007819107454	1	0	-6.31397532931747	-0.0645140772909733
MMP7	ERBB4	R-HSA-8847993	REACTOME_ERBB2_ACTIVATES_PTK6_SIGNALING	2.98095541270201e-46	3.81397066659795e-46	4.90647762810185	7.00666928414004	4.60705833051547e-22	1	1	3	8.64922624176582e-09	1	0	3.77434399675889	5.74483040006388
CAP1	ROBO1	R-HSA-428542	REACTOME_REGULATION_OF_COMMISSURAL_AXON_PATHFINDING_BY_SLIT_AND_ROBO	3.08260449652869e-46	3.93493753704353e-46	4.6493661864022	8.06384557560543	8.15586201378416e-24	1	1	2	6.14784617109245e-12	1	0	7.62833293072641	-5.7295562977145
MMP7	ERBB4	R-HSA-6785631	REACTOME_ERBB2_REGULATES_CELL_MOTILITY	1.19238215734592e-45	1.51857405786124e-45	4.90647762810185	7.00666928414004	4.60705833051547e-22	1	2	4	8.64922624176582e-09	1	0	3.77434399675889	5.74483040006388
NRP1	ROBO1	R-HSA-428890	REACTOME_ROLE_OF_ABL_IN_ROBO_SLIT_SIGNALING	1.65313545457955e-45	2.10054367393823e-45	1.66754906986167	8.06384557560543	9.90895961084681e-20	1	3	6	1.82619568563409e-07	1	0	-5.46397449897657	-5.7295562977145
HBEGF	ERBB4	R-HSA-8847993	REACTOME_ERBB2_ACTIVATES_PTK6_SIGNALING	8.20319505990576e-45	1.0399473828805e-44	3.10513081118419	7.00666928414004	1.26780152351645e-20	1	1	3	8.64922624176582e-09	1	0	6.33036679532127	5.74483040006388
VCAN	ITGA4	R-HSA-8949275	REACTOME_RUNX3_REGULATES_IMMUNE_RESPONSE_AND_CELL_MIGRATION	8.37246716775747e-45	1.05898329016841e-44	1.51899530427996	15.1770063173997	7.57756030830676e-20	1	1	2	3.32404161220133e-13	1	0	-6.06802196033256	5.0976613481112
GNAS	ADCY1	R-HSA-418597	REACTOME_G_ALPHA_Z_SIGNALLING_EVENTS	2.64209930714154e-44	3.31909980987849e-44	3.3187853395061	10.0738130890855	2.96512290894829e-21	1	4	9	6.88045774150388e-05	1	0	-6.31397532931747	-0.0645140772909733
GNAS	ADCY1	R-HSA-977443	REACTOME_GABA_RECEPTOR_ACTIVATION	2.64209930714154e-44	3.31909980987849e-44	3.3187853395061	10.0738130890855	2.96512290894829e-21	1	4	9	6.88045774150388e-05	1	0	-6.31397532931747	-0.0645140772909733
GNAS	ADCY1	R-HSA-977444	REACTOME_GABA_B_RECEPTOR_ACTIVATION	2.64209930714154e-44	3.31909980987849e-44	3.3187853395061	10.0738130890855	2.96512290894829e-21	1	4	9	6.88045774150388e-05	1	0	-6.31397532931747	-0.0645140772909733
HBEGF	ERBB4	R-HSA-6785631	REACTOME_ERBB2_REGULATES_CELL_MOTILITY	3.28127800267693e-44	4.11273306217878e-44	3.10513081118419	7.00666928414004	1.26780152351645e-20	1	2	4	8.64922624176582e-09	1	0	6.33036679532127	5.74483040006388
TNF	TNFRSF1B	R-HSA-5669034	REACTOME_TNFS_BIND_THEIR_PHYSIOLOGICAL_RECEPTORS	5.57240334890362e-44	6.96864888327902e-44	12.945101806299	3.91386061098809	4.6939318240245e-25	1	1	2	3.44550544167601e-10	1	0	-4.17309033422515	6.74397575053135
MMP7	ERBB4	R-HSA-1227990	REACTOME_SIGNALING_BY_ERBB2_IN_CANCER	6.84608783185109e-44	8.54219067307546e-44	4.90647762810185	7.00666928414004	4.60705833051547e-22	1	8	16	0.00133087524710635	1	0	3.77434399675889	5.74483040006388
B2M	TYROBP	R-HSA-198933	REACTOME_IMMUNOREGULATORY_INTERACTIONS_BETWEEN_A_LYMPHOID_AND_A_NON_LYMPHOID_CELL	9.53968213071411e-44	1.18763683155407e-43	2.35953762700537	11.4974292172777	3.66550987484244e-22	1	1	2	1.61323879900114e-11	1	0	3.88059643622323	-3.56012729380098
UBC	ERBB4	R-HSA-8847993	REACTOME_ERBB2_ACTIVATES_PTK6_SIGNALING	1.2394003848146e-42	1.53952424481455e-42	3.40616648312256	7.00666928414004	1.91548986052379e-18	1	1	3	8.64922624176582e-09	1	0	6.66064817987658	5.74483040006388
HBEGF	ERBB4	R-HSA-1227990	REACTOME_SIGNALING_BY_ERBB2_IN_CANCER	1.8839528307811e-42	2.33492140548709e-42	3.10513081118419	7.00666928414004	1.26780152351645e-20	1	8	16	0.00133087524710635	1	0	6.33036679532127	5.74483040006388
ADAM17	ERBB4	R-HSA-8847993	REACTOME_ERBB2_ACTIVATES_PTK6_SIGNALING	2.12267334643056e-42	2.6249130221485e-42	1.5896590416355	7.00666928414004	3.28058577527394e-18	1	1	3	8.64922624176582e-09	1	0	7.29936930599439	5.74483040006388
NRP1	ROBO1	R-HSA-428542	REACTOME_REGULATION_OF_COMMISSURAL_AXON_PATHFINDING_BY_SLIT_AND_ROBO	3.74520846486773e-42	4.6210367250261e-42	1.66754906986167	8.06384557560543	9.90895961084681e-20	1	1	2	6.14784617109245e-12	1	0	-5.46397449897657	-5.7295562977145
UBC	ERBB4	R-HSA-6785631	REACTOME_ERBB2_REGULATES_CELL_MOTILITY	4.95760150709886e-42	6.1033582998506e-42	3.40616648312256	7.00666928414004	1.91548986052379e-18	1	2	4	8.64922624176582e-09	1	0	6.66064817987658	5.74483040006388
ADAM17	ERBB4	R-HSA-6785631	REACTOME_ERBB2_REGULATES_CELL_MOTILITY	8.49069333064381e-42	1.04298095458463e-41	1.5896590416355	7.00666928414004	3.28058577527394e-18	1	2	4	8.64922624176582e-09	1	0	7.29936930599439	5.74483040006388
TYROBP	CD300LB	R-HSA-198933	REACTOME_IMMUNOREGULATORY_INTERACTIONS_BETWEEN_A_LYMPHOID_AND_A_NON_LYMPHOID_CELL	6.01661782298155e-41	7.37435016356588e-41	11.4974292172777	13.8765133212546	5.81184035096569e-25	1	1	2	1.01746476006263e-08	1	0	-3.56012729380098	-6.31397532931747
B2M	TFRC	R-HSA-9013409	REACTOME_RHOJ_GTPASE_CYCLE	7.6540326960563e-41	9.36056095720793e-41	2.35953762700537	2.08277150359185	4.59101461626927e-16	1	6	11	2.66828094250646e-05	1	0	3.88059643622323	-4.3797191892982
GNAS	ADCY1	R-HSA-163359	REACTOME_GLUCAGON_SIGNALING_IN_METABOLIC_REGULATION	1.14096107246714e-40	1.38313442920525e-40	3.3187853395061	10.0738130890855	2.96512290894829e-21	1	6	11	0.000209007819107454	1	0	-6.31397532931747	-0.0645140772909733
GNAS	ADCY1	R-HSA-432040	REACTOME_VASOPRESSIN_REGULATES_RENAL_WATER_HOMEOSTASIS_VIA_AQUAPORINS	1.14096107246714e-40	1.38313442920525e-40	3.3187853395061	10.0738130890855	2.96512290894829e-21	1	6	11	0.000209007819107454	1	0	-6.31397532931747	-0.0645140772909733
GNAS	ADCY1	R-HSA-445717	REACTOME_AQUAPORIN_MEDIATED_TRANSPORT	1.14096107246714e-40	1.38313442920525e-40	3.3187853395061	10.0738130890855	2.96512290894829e-21	1	6	11	0.000209007819107454	1	0	-6.31397532931747	-0.0645140772909733
GNAS	ADCY1	R-HSA-111931	REACTOME_PKA_MEDIATED_PHOSPHORYLATION_OF_CREB	1.14096107246714e-40	1.38313442920525e-40	3.3187853395061	10.0738130890855	2.96512290894829e-21	1	6	11	0.000209007819107454	1	0	-6.31397532931747	-0.0645140772909733
NRG1	ERBB4	R-HSA-1250196	REACTOME_SHC1_EVENTS_IN_ERBB2_SIGNALING	1.76839405311392e-40	2.13906180223823e-40	9.5329150450773	7.00666928414004	3.80156789224067e-25	1	4	9	0.00133087524710635	1	0	6.90495468672893	5.74483040006388
UBC	ERBB4	R-HSA-1227990	REACTOME_SIGNALING_BY_ERBB2_IN_CANCER	2.84641758045611e-40	3.43554540211914e-40	3.40616648312256	7.00666928414004	1.91548986052379e-18	1	8	16	0.00133087524710635	1	0	6.66064817987658	5.74483040006388
ADAM17	ERBB4	R-HSA-1227990	REACTOME_SIGNALING_BY_ERBB2_IN_CANCER	4.87494985871685e-40	5.87113526462855e-40	1.5896590416355	7.00666928414004	3.28058577527394e-18	1	8	16	0.00133087524710635	1	0	7.29936930599439	5.74483040006388
ALOX5AP	ALOX5	R-HSA-9018678	REACTOME_BIOSYNTHESIS_OF_SPECIALIZED_PRORESOLVING_MEDIATORS_SPMS	6.15846060894692e-40	7.40083986411409e-40	14.7976001780956	11.613542795127	9.57217250836777e-29	1	2	4	0.000117169148904489	1	0	-1.98996554294888	-1.28391773866105
SPP1	ITGA5	R-HSA-445144	REACTOME_SIGNAL_TRANSDUCTION_BY_L1	2.55025818375527e-39	3.05810180476281e-39	3.31970943934407	2.35156648985552	1.16721688923402e-16	1	7	13	0.00019987905901396	1	0	4.48267476586738	8.07526829451089
ADAM17	ITGA5	R-HSA-445144	REACTOME_SIGNAL_TRANSDUCTION_BY_L1	1.20018790328604e-38	1.4360779663509e-38	1.5896590416355	2.35156648985552	5.49308928756002e-16	1	7	13	0.00019987905901396	1	0	7.29936930599439	8.07526829451089
NRG1	ERBB4	R-HSA-8863795	REACTOME_DOWNREGULATION_OF_ERBB2_SIGNALING	2.27822854028313e-38	2.72012631749322e-38	9.5329150450773	7.00666928414004	3.80156789224067e-25	1	6	12	0.00499281010619162	1	0	6.90495468672893	5.74483040006388
NRG1	ERBB4	R-HSA-1963640	REACTOME_GRB2_EVENTS_IN_ERBB2_SIGNALING	3.32586751583227e-38	3.96243140595931e-38	9.5329150450773	7.00666928414004	3.80156789224067e-25	1	3	7	0.00133087524710635	1	0	6.90495468672893	5.74483040006388
B2M	TFRC	R-HSA-9013406	REACTOME_RHOQ_GTPASE_CYCLE	7.77244523120983e-38	9.24020312894902e-38	2.35953762700537	2.08277150359185	4.59101461626927e-16	1	6	12	0.000299078085451188	1	0	3.88059643622323	-4.3797191892982
MMP7	ERBB4	R-HSA-1250196	REACTOME_SHC1_EVENTS_IN_ERBB2_SIGNALING	2.14308800604651e-37	2.54233566456053e-37	4.90647762810185	7.00666928414004	4.60705833051547e-22	1	4	9	0.00133087524710635	1	0	3.77434399675889	5.74483040006388
NRG1	ERBB4	R-HSA-1253288	REACTOME_DOWNREGULATION_OF_ERBB4_SIGNALING	5.90098938663556e-37	6.98535923118825e-37	9.5329150450773	7.00666928414004	3.80156789224067e-25	1	3	6	0.000567304564924518	1	0	6.90495468672893	5.74483040006388
UBC	TLR4	R-HSA-2562578	REACTOME_TRIF_MEDIATED_PROGRAMMED_CELL_DEATH	6.34997077135375e-37	7.50081835251594e-37	3.40616648312256	5.86524880252892	3.51511783795841e-20	1	2	4	1.65294141655496e-06	1	0	6.66064817987658	6.33520832979857
VEGFA	NRP1	R-HSA-399954	REACTOME_SEMA3A_PAK_DEPENDENT_AXON_REPULSION	6.53657027800001e-37	7.70480837023831e-37	1.5083413743376	1.66754906986167	3.86101011893501e-15	1	6	12	0.000299078085451188	1	0	7.98654812386516	-5.46397449897657
GNAS	ADCY1	R-HSA-170670	REACTOME_ADENYLATE_CYCLASE_INHIBITORY_PATHWAY	9.96679383959588e-37	1.17231502911595e-36	3.3187853395061	10.0738130890855	2.96512290894829e-21	1	3	6	6.88045774150388e-05	1	0	-6.31397532931747	-0.0645140772909733
NRG1	ERBB4	R-HSA-9620244	REACTOME_LONG_TERM_POTENTIATION	1.0651980485606e-36	1.25025364174273e-36	9.5329150450773	7.00666928414004	3.80156789224067e-25	1	2	4	8.88134722859185e-05	1	0	6.90495468672893	5.74483040006388
ALOX5AP	ALOX5	R-HSA-2142688	REACTOME_SYNTHESIS_OF_5_EICOSATETRAENOIC_ACIDS	1.13512742310059e-36	1.32951499449836e-36	14.7976001780956	11.613542795127	9.57217250836777e-29	1	1	2	0.00010889728432399	1	0	-1.98996554294888	-1.28391773866105
CAP1	ROBO1	R-HSA-428540	REACTOME_ACTIVATION_OF_RAC1	1.44488776896863e-36	1.68875068356249e-36	4.6493661864022	8.06384557560543	8.15586201378416e-24	1	4	8	0.00125982129736012	1	0	7.62833293072641	-5.7295562977145
UBC	TLR4	R-HSA-5357769	REACTOME_CASPASE_ACTIVATION_VIA_EXTRINSIC_APOPTOTIC_SIGNALLING_PATHWAY	1.64626900138653e-36	1.91603577052129e-36	3.40616648312256	5.86524880252892	3.51511783795841e-20	1	3	7	0.000294924616449497	1	0	6.66064817987658	6.33520832979857
UBC	TLR4	R-HSA-140534	REACTOME_CASPASE_ACTIVATION_VIA_DEATH_RECEPTORS_IN_THE_PRESENCE_OF_LIGAND	1.64626900138653e-36	1.91603577052129e-36	3.40616648312256	5.86524880252892	3.51511783795841e-20	1	3	7	0.000294924616449497	1	0	6.66064817987658	6.33520832979857
ALOX5AP	ALOX5	R-HSA-2142691	REACTOME_SYNTHESIS_OF_LEUKOTRIENES_LT_AND_EOXINS_EX	1.79826966658942e-36	2.0885563842569e-36	14.7976001780956	11.613542795127	9.57217250836777e-29	1	2	4	0.00167536762410982	1	0	-1.98996554294888	-1.28391773866105
VEGFA	NRP1	R-HSA-399956	REACTOME_CRMPS_IN_SEMA3A_SIGNALING	2.4578480323117e-36	2.84863558556628e-36	1.5083413743376	1.66754906986167	3.86101011893501e-15	1	5	10	0.000120310165451537	1	0	7.98654812386516	-5.46397449897657
HBEGF	ERBB4	R-HSA-1250196	REACTOME_SHC1_EVENTS_IN_ERBB2_SIGNALING	5.89749476601831e-36	6.82090208846376e-36	3.10513081118419	7.00666928414004	1.26780152351645e-20	1	4	9	0.00133087524710635	1	0	6.33036679532127	5.74483040006388
GNAS	ADCY1	R-HSA-164378	REACTOME_PKA_ACTIVATION_IN_GLUCAGON_SIGNALLING	1.00384409841269e-35	1.15860339691798e-35	3.3187853395061	10.0738130890855	2.96512290894829e-21	1	5	10	0.00159084950360532	1	0	-6.31397532931747	-0.0645140772909733
UBC	TLR4	R-HSA-5603041	REACTOME_IRAK4_DEFICIENCY_TLR2_4	1.44803501921093e-35	1.66779916973567e-35	3.40616648312256	5.86524880252892	3.51511783795841e-20	1	3	6	7.23934969672377e-05	1	0	6.66064817987658	6.33520832979857
UBC	TLR4	R-HSA-5686938	REACTOME_REGULATION_OF_TLR_BY_ENDOGENOUS_LIGAND	2.06566524388007e-35	2.37422934670033e-35	3.40616648312256	5.86524880252892	3.51511783795841e-20	1	1	2	2.42415299837178e-08	1	0	6.66064817987658	6.33520832979857
MMP7	ERBB4	R-HSA-8863795	REACTOME_DOWNREGULATION_OF_ERBB2_SIGNALING	2.76094813320384e-35	3.16680179253608e-35	4.90647762810185	7.00666928414004	4.60705833051547e-22	1	6	12	0.00499281010619162	1	0	3.77434399675889	5.74483040006388
MMP7	ERBB4	R-HSA-1963640	REACTOME_GRB2_EVENTS_IN_ERBB2_SIGNALING	4.03056477730685e-35	4.61349769964462e-35	4.90647762810185	7.00666928414004	4.60705833051547e-22	1	3	7	0.00133087524710635	1	0	3.77434399675889	5.74483040006388
GDF11	ACVR2A	R-HSA-1181150	REACTOME_SIGNALING_BY_NODAL	8.30380874886153e-35	9.48517535436967e-35	1.41830203971192	2.43549413503917	1.28540128695955e-15	1	5	10	0.000259856976177469	1	0	6.1175305463628	5.52025785025303
CAP1	ROBO1	R-HSA-428543	REACTOME_INACTIVATION_OF_CDC42_AND_RAC1	1.02621351463513e-34	1.16979894466639e-34	4.6493661864022	8.06384557560543	8.15586201378416e-24	1	2	5	0.00125982129736012	1	0	7.62833293072641	-5.7295562977145
VEGFA	NRP1	R-HSA-445144	REACTOME_SIGNAL_TRANSDUCTION_BY_L1	1.13651359763169e-34	1.29287173118676e-34	1.5083413743376	1.66754906986167	3.86101011893501e-15	1	6	11	0.00019987905901396	1	0	7.98654812386516	-5.46397449897657
UBC	TLR4	R-HSA-937072	REACTOME_TRAF6_MEDIATED_INDUCTION_OF_TAK1_COMPLEX_WITHIN_TLR4_COMPLEX	1.83922603441659e-34	2.08797381775982e-34	3.40616648312256	5.86524880252892	3.51511783795841e-20	1	4	9	0.00199269356446393	1	0	6.66064817987658	6.33520832979857
GNAS	ADCY1	R-HSA-442720	REACTOME_CREB1_PHOSPHORYLATION_THROUGH_THE_ACTIVATION_OF_ADENYLATE_CYCLASE	6.32783638755227e-34	7.16895983375043e-34	3.3187853395061	10.0738130890855	2.96512290894829e-21	1	3	7	0.00159084950360532	1	0	-6.31397532931747	-0.0645140772909733
MMP7	ERBB4	R-HSA-1253288	REACTOME_DOWNREGULATION_OF_ERBB4_SIGNALING	7.15131311148544e-34	8.08536217094476e-34	4.90647762810185	7.00666928414004	4.60705833051547e-22	1	3	6	0.000567304564924518	1	0	3.77434399675889	5.74483040006388
HBEGF	ERBB4	R-HSA-8863795	REACTOME_DOWNREGULATION_OF_ERBB2_SIGNALING	7.5977641230214e-34	8.5726299880934e-34	3.10513081118419	7.00666928414004	1.26780152351645e-20	1	6	12	0.00499281010619162	1	0	6.33036679532127	5.74483040006388
UBC	ERBB4	R-HSA-1250196	REACTOME_SHC1_EVENTS_IN_ERBB2_SIGNALING	8.91037849163269e-34	1.00332310657815e-33	3.40616648312256	7.00666928414004	1.91548986052379e-18	1	4	9	0.00133087524710635	1	0	6.66064817987658	5.74483040006388
HBEGF	ERBB4	R-HSA-1963640	REACTOME_GRB2_EVENTS_IN_ERBB2_SIGNALING	1.10915812188765e-33	1.24639675360194e-33	3.10513081118419	7.00666928414004	1.26780152351645e-20	1	3	7	0.00133087524710635	1	0	6.33036679532127	5.74483040006388
MMP7	ERBB4	R-HSA-9620244	REACTOME_LONG_TERM_POTENTIATION	1.29089619924621e-33	1.44768521130041e-33	4.90647762810185	7.00666928414004	4.60705833051547e-22	1	2	4	8.88134722859185e-05	1	0	3.77434399675889	5.74483040006388
ADAM17	ERBB4	R-HSA-1250196	REACTOME_SHC1_EVENTS_IN_ERBB2_SIGNALING	1.52604623675553e-33	1.70793861649003e-33	1.5896590416355	7.00666928414004	3.28058577527394e-18	1	4	9	0.00133087524710635	1	0	7.29936930599439	5.74483040006388
B2M	TFRC	R-HSA-8980692	REACTOME_RHOA_GTPASE_CYCLE	4.47919077212877e-33	5.00296711241802e-33	2.35953762700537	2.08277150359185	4.59101461626927e-16	1	4	9	0.000698712778225288	1	0	3.88059643622323	-4.3797191892982
VCAN	TLR2	R-HSA-5603041	REACTOME_IRAK4_DEFICIENCY_TLR2_4	4.91955022153734e-33	5.48376423084847e-33	1.51899530427996	5.8843386295703	1.19422517473931e-17	1	3	6	7.23934969672377e-05	1	0	-6.06802196033256	-5.80061799508089
VCAN	TLR2	R-HSA-5686938	REACTOME_REGULATION_OF_TLR_BY_ENDOGENOUS_LIGAND	7.01788546087083e-33	7.8070452717318e-33	1.51899530427996	5.8843386295703	1.19422517473931e-17	1	1	2	2.42415299837178e-08	1	0	-6.06802196033256	-5.80061799508089
IL1B	IL1RAP	R-HSA-199418	REACTOME_NEGATIVE_REGULATION_OF_THE_PI3K_AKT_NETWORK	8.02531510937872e-33	8.90986887894952e-33	17.9337476788063	1.02082311697848	5.28843311400981e-21	1	2	4	7.23934969672377e-05	1	0	5.58548556180097	-2.3894714813988
PTGS2	ALOX5	R-HSA-9018678	REACTOME_BIOSYNTHESIS_OF_SPECIALIZED_PRORESOLVING_MEDIATORS_SPMS	1.36203189029867e-32	1.50913133445093e-32	1.79871887476581	11.613542795127	2.11702323741363e-21	1	2	4	0.000117169148904489	1	0	2.94024914557853	-1.28391773866105
NRP1	ROBO1	R-HSA-428540	REACTOME_ACTIVATION_OF_RAC1	1.75546551924482e-32	1.94117344842641e-32	1.66754906986167	8.06384557560543	9.90895961084681e-20	1	4	8	0.00125982129736012	1	0	-5.46397449897657	-5.7295562977145
HBEGF	ERBB4	R-HSA-1253288	REACTOME_DOWNREGULATION_OF_ERBB4_SIGNALING	1.9679467910861e-32	2.17179785311096e-32	3.10513081118419	7.00666928414004	1.26780152351645e-20	1	3	6	0.000567304564924518	1	0	6.33036679532127	5.74483040006388
SEMA3D	NRP1	R-HSA-399954	REACTOME_SEMA3A_PAK_DEPENDENT_AXON_REPULSION	2.16079981553714e-32	2.37988687436893e-32	1.02351133157821	1.66754906986167	1.2763375283918e-10	1	6	12	0.000299078085451188	1	0	2.62112181718373	-5.46397449897657
B2M	TFRC	R-HSA-9013423	REACTOME_RAC3_GTPASE_CYCLE	2.30586789840952e-32	2.53462463436284e-32	2.35953762700537	2.08277150359185	4.59101461626927e-16	1	3	7	0.000299078085451188	1	0	3.88059643622323	-4.3797191892982
NRG1	ERBB4	R-HSA-1250347	REACTOME_SHC1_EVENTS_IN_ERBB4_SIGNALING	2.70147135305425e-32	2.96359431602387e-32	9.5329150450773	7.00666928414004	3.80156789224067e-25	1	3	6	0.00832409956731837	1	0	6.90495468672893	5.74483040006388
GDF11	ACVR1B	R-HSA-1181150	REACTOME_SIGNALING_BY_NODAL	3.13555235601803e-32	3.43299605777468e-32	1.41830203971192	1.16616077376105	4.8537281573437e-13	1	5	10	0.000259856976177469	1	0	6.1175305463628	-4.45149791358894
HBEGF	ERBB4	R-HSA-9620244	REACTOME_LONG_TERM_POTENTIATION	3.55237561735589e-32	3.88168854440861e-32	3.10513081118419	7.00666928414004	1.26780152351645e-20	1	2	4	8.88134722859185e-05	1	0	6.33036679532127	5.74483040006388
HBEGF	PRLR	R-HSA-1170546	REACTOME_PROLACTIN_RECEPTOR_SIGNALING	7.33953700056005e-32	8.00414074470525e-32	3.10513081118419	11.6396194803768	1.46234626648092e-22	1	4	9	0.0135495828907687	1	0	6.33036679532127	7.57313212414433
SEMA3D	NRP1	R-HSA-399956	REACTOME_CRMPS_IN_SEMA3A_SIGNALING	8.12492996933311e-32	8.84324401377317e-32	1.02351133157821	1.66754906986167	1.2763375283918e-10	1	5	10	0.000120310165451537	1	0	2.62112181718373	-5.46397449897657
UBC	ERBB4	R-HSA-8863795	REACTOME_DOWNREGULATION_OF_ERBB2_SIGNALING	1.1479273269788e-31	1.24696419440442e-31	3.40616648312256	7.00666928414004	1.91548986052379e-18	1	6	12	0.00499281010619162	1	0	6.66064817987658	5.74483040006388
UBC	ERBB4	R-HSA-1963640	REACTOME_GRB2_EVENTS_IN_ERBB2_SIGNALING	1.67579948184675e-31	1.81681587660098e-31	3.40616648312256	7.00666928414004	1.91548986052379e-18	1	3	7	0.00133087524710635	1	0	6.66064817987658	5.74483040006388
YWHAZ	CSF2RB	R-HSA-912526	REACTOME_INTERLEUKIN_RECEPTOR_SHC_SIGNALING	1.72239022613786e-31	1.86368004937573e-31	2.1312887937113	9.08211240949195	1.16147580518599e-21	1	6	11	0.00832409956731837	1	0	-3.51763600569558	-3.46764441946279
ADAM17	ERBB4	R-HSA-8863795	REACTOME_DOWNREGULATION_OF_ERBB2_SIGNALING	1.96601096019642e-31	2.12313854181056e-31	1.5896590416355	7.00666928414004	3.28058577527394e-18	1	6	12	0.00499281010619162	1	0	7.29936930599439	5.74483040006388
ADAM17	ERBB4	R-HSA-1963640	REACTOME_GRB2_EVENTS_IN_ERBB2_SIGNALING	2.87007728709907e-31	3.09342960516126e-31	1.5896590416355	7.00666928414004	3.28058577527394e-18	1	3	7	0.00133087524710635	1	0	7.29936930599439	5.74483040006388
VEGFA	NRP1	R-HSA-399955	REACTOME_SEMA3A_PLEXIN_REPULSION_SIGNALING_BY_INHIBITING_INTEGRIN_ADHESION	7.0896641947602e-31	7.62655138620805e-31	1.5083413743376	1.66754906986167	3.86101011893501e-15	1	5	10	0.000978424114169	1	0	7.98654812386516	-5.46397449897657
NRP1	ROBO1	R-HSA-428543	REACTOME_INACTIVATION_OF_CDC42_AND_RAC1	1.2467974876768e-30	1.33861590731191e-30	1.66754906986167	8.06384557560543	9.90895961084681e-20	1	2	5	0.00125982129736012	1	0	-5.46397449897657	-5.7295562977145
UBC	ERBB4	R-HSA-1253288	REACTOME_DOWNREGULATION_OF_ERBB4_SIGNALING	2.97332197071369e-30	3.18611290478797e-30	3.40616648312256	7.00666928414004	1.91548986052379e-18	1	3	6	0.000567304564924518	1	0	6.66064817987658	5.74483040006388
SEMA3D	NRP1	R-HSA-445144	REACTOME_SIGNAL_TRANSDUCTION_BY_L1	3.75698304718509e-30	4.01808611610142e-30	1.02351133157821	1.66754906986167	1.2763375283918e-10	1	6	11	0.00019987905901396	1	0	2.62112181718373	-5.46397449897657
ADAM17	ERBB4	R-HSA-1253288	REACTOME_DOWNREGULATION_OF_ERBB4_SIGNALING	5.09229412457736e-30	5.43570509636967e-30	1.5896590416355	7.00666928414004	3.28058577527394e-18	1	3	6	0.000567304564924518	1	0	7.29936930599439	5.74483040006388
UBC	ERBB4	R-HSA-9620244	REACTOME_LONG_TERM_POTENTIATION	5.36719616564558e-30	5.7181282226301e-30	3.40616648312256	7.00666928414004	1.91548986052379e-18	1	2	4	8.88134722859185e-05	1	0	6.66064817987658	5.74483040006388
ADAM17	ERBB4	R-HSA-9620244	REACTOME_LONG_TERM_POTENTIATION	9.19219034096426e-30	9.77442120709059e-30	1.5896590416355	7.00666928414004	3.28058577527394e-18	1	2	4	8.88134722859185e-05	1	0	7.29936930599439	5.74483040006388
ADAM28	ITGA4	R-HSA-198933	REACTOME_IMMUNOREGULATORY_INTERACTIONS_BETWEEN_A_LYMPHOID_AND_A_NON_LYMPHOID_CELL	1.39474187094524e-29	1.4802432883212e-29	15.375445455263	15.1770063173997	1.21470517786959e-27	1	1	2	0.107154762502829	1	0	7.68169270870018	5.0976613481112
PTGS2	ALOX5	R-HSA-2142688	REACTOME_SYNTHESIS_OF_5_EICOSATETRAENOIC_ACIDS	2.51049709982626e-29	2.6593028552653e-29	1.79871887476581	11.613542795127	2.11702323741363e-21	1	1	2	0.00010889728432399	1	0	2.94024914557853	-1.28391773866105
MMP7	ERBB4	R-HSA-1250347	REACTOME_SHC1_EVENTS_IN_ERBB4_SIGNALING	3.27386921778789e-29	3.46130447834826e-29	4.90647762810185	7.00666928414004	4.60705833051547e-22	1	3	6	0.00832409956731837	1	0	3.77434399675889	5.74483040006388
PTGS2	ALOX5	R-HSA-2142691	REACTOME_SYNTHESIS_OF_LEUKOTRIENES_LT_AND_EOXINS_EX	3.97713128130307e-29	4.19682043779409e-29	1.79871887476581	11.613542795127	2.11702323741363e-21	1	2	4	0.00167536762410982	1	0	2.94024914557853	-1.28391773866105
ALOX5AP	ALOX5	R-HSA-9018679	REACTOME_BIOSYNTHESIS_OF_EPA_DERIVED_SPMS	6.51013677732136e-29	6.85668398219778e-29	14.7976001780956	11.613542795127	9.57217250836777e-29	1	1	2	0.824688233493838	1	0	-1.98996554294888	-1.28391773866105
B2M	TFRC	R-HSA-917937	REACTOME_IRON_UPTAKE_AND_TRANSPORT	5.89754187267987e-28	6.19969297431623e-28	2.35953762700537	2.08277150359185	4.59101461626927e-16	1	4	9	0.00499281010619162	1	0	3.88059643622323	-4.3797191892982
HBEGF	ERBB4	R-HSA-1250347	REACTOME_SHC1_EVENTS_IN_ERBB4_SIGNALING	9.00925511320952e-28	9.45289267560241e-28	3.10513081118419	7.00666928414004	1.26780152351645e-20	1	3	6	0.00832409956731837	1	0	6.33036679532127	5.74483040006388
VEGFA	RET	R-HSA-9768919	REACTOME_NPAS4_REGULATES_EXPRESSION_OF_TARGET_GENES	3.07074356114609e-27	3.2158637672494e-27	1.5083413743376	5.65176436778406	1.14298157225152e-19	1	4	9	0.0264524089839822	1	0	7.98654812386516	2.6718568471367
TYROBP	TREM2	R-HSA-416700	REACTOME_OTHER_SEMAPHORIN_INTERACTIONS	4.98232174083735e-27	5.20793631023376e-27	11.4974292172777	18.27826742997	3.2252309248005e-26	1	1	2	0.393038846898675	1	0	-3.56012729380098	2.40148859196422
GNAS	ADCY1	R-HSA-170660	REACTOME_ADENYLATE_CYCLASE_ACTIVATING_PATHWAY	9.30389290576591e-27	9.70688638379344e-27	3.3187853395061	10.0738130890855	2.96512290894829e-21	1	2	4	0.0092440259598663	1	0	-6.31397532931747	-0.0645140772909733
SEMA3D	NRP1	R-HSA-399955	REACTOME_SEMA3A_PLEXIN_REPULSION_SIGNALING_BY_INHIBITING_INTEGRIN_ADHESION	2.34363656057031e-26	2.44055386194728e-26	1.02351133157821	1.66754906986167	1.2763375283918e-10	1	5	10	0.000978424114169	1	0	2.62112181718373	-5.46397449897657
SPP1	ITGA4	R-HSA-198933	REACTOME_IMMUNOREGULATORY_INTERACTIONS_BETWEEN_A_LYMPHOID_AND_A_NON_LYMPHOID_CELL	3.05753158643044e-26	3.17799718364439e-26	3.31970943934407	15.1770063173997	2.66285792870034e-24	1	1	2	0.107154762502829	1	0	4.48267476586738	5.0976613481112
CAP1	ROBO1	R-HSA-9010553	REACTOME_REGULATION_OF_EXPRESSION_OF_SLITS_AND_ROBOS	3.52659108365294e-26	3.6586731467111e-26	4.6493661864022	8.06384557560543	8.15586201378416e-24	1	1	2	0.0657570948516859	1	0	7.62833293072641	-5.7295562977145
NRG1	ERBB4	R-HSA-1250342	REACTOME_PI3K_EVENTS_IN_ERBB4_SIGNALING	6.71828315557438e-26	6.95687638913683e-26	9.5329150450773	7.00666928414004	3.80156789224067e-25	1	1	2	0.42038554714883	1	0	6.90495468672893	5.74483040006388
UBC	ERBB4	R-HSA-1250347	REACTOME_SHC1_EVENTS_IN_ERBB4_SIGNALING	1.36118599797541e-25	1.40689746805667e-25	3.40616648312256	7.00666928414004	1.91548986052379e-18	1	3	6	0.00832409956731837	1	0	6.66064817987658	5.74483040006388
ADAM17	ERBB4	R-HSA-1250347	REACTOME_SHC1_EVENTS_IN_ERBB4_SIGNALING	2.33125087973012e-25	2.40505211800835e-25	1.5896590416355	7.00666928414004	3.28058577527394e-18	1	3	6	0.00832409956731837	1	0	7.29936930599439	5.74483040006388
SPP1	ITGA5	R-HSA-8941332	REACTOME_RUNX2_REGULATES_GENES_INVOLVED_IN_CELL_MIGRATION	1.20768449018505e-24	1.24360075755115e-24	3.31970943934407	2.35156648985552	1.16721688923402e-16	1	1	2	0.000101718737899202	1	0	4.48267476586738	8.07526829451089
ADAM17	ITGA5	R-HSA-8941332	REACTOME_RUNX2_REGULATES_GENES_INVOLVED_IN_CELL_MIGRATION	5.68353559392151e-24	5.84170448800096e-24	1.5896590416355	2.35156648985552	5.49308928756002e-16	1	1	2	0.000101718737899202	1	0	7.29936930599439	8.07526829451089
B2M	TYROBP	R-HSA-416700	REACTOME_OTHER_SEMAPHORIN_INTERACTIONS	2.2255677773252e-23	2.28326768266326e-23	2.35953762700537	11.4974292172777	3.66550987484244e-22	1	1	3	0.393038846898675	1	0	3.88059643622323	-3.56012729380098
MMP7	ERBB4	R-HSA-1250342	REACTOME_PI3K_EVENTS_IN_ERBB4_SIGNALING	8.14177814417717e-23	8.33742161159732e-23	4.90647762810185	7.00666928414004	4.60705833051547e-22	1	1	2	0.42038554714883	1	0	3.77434399675889	5.74483040006388
NRP1	ROBO1	R-HSA-9010553	REACTOME_REGULATION_OF_EXPRESSION_OF_SLITS_AND_ROBOS	4.28462969981953e-22	4.37949235000003e-22	1.66754906986167	8.06384557560543	9.90895961084681e-20	1	1	2	0.0657570948516859	1	0	-5.46397449897657	-5.7295562977145
VCAN	ITGA4	R-HSA-198933	REACTOME_IMMUNOREGULATORY_INTERACTIONS_BETWEEN_A_LYMPHOID_AND_A_NON_LYMPHOID_CELL	8.7006632013738e-22	8.87691973031508e-22	1.51899530427996	15.1770063173997	7.57756030830676e-20	1	1	2	0.107154762502829	1	0	-6.06802196033256	5.0976613481112
B2M	TREM2	R-HSA-416700	REACTOME_OTHER_SEMAPHORIN_INTERACTIONS	1.40713617518543e-21	1.43300264899399e-21	2.35953762700537	18.27826742997	9.10888405783848e-21	1	1	2	0.393038846898675	1	0	3.88059643622323	2.40148859196422
PTGS2	ALOX5	R-HSA-9018679	REACTOME_BIOSYNTHESIS_OF_EPA_DERIVED_SPMS	1.43981011878781e-21	1.46358679964853e-21	1.79871887476581	11.613542795127	2.11702323741363e-21	1	1	2	0.824688233493838	1	0	2.94024914557853	-1.28391773866105
HBEGF	ERBB4	R-HSA-1250342	REACTOME_PI3K_EVENTS_IN_ERBB4_SIGNALING	2.2405096690334e-21	2.27333764953205e-21	3.10513081118419	7.00666928414004	1.26780152351645e-20	1	1	2	0.42038554714883	1	0	6.33036679532127	5.74483040006388
UBC	ERBB4	R-HSA-1250342	REACTOME_PI3K_EVENTS_IN_ERBB4_SIGNALING	3.38513045917102e-19	3.4284502273871e-19	3.40616648312256	7.00666928414004	1.91548986052379e-18	1	1	2	0.42038554714883	1	0	6.66064817987658	5.74483040006388
ADAM17	ERBB4	R-HSA-1250342	REACTOME_PI3K_EVENTS_IN_ERBB4_SIGNALING	5.79758267619663e-19	5.86105985878272e-19	1.5896590416355	7.00666928414004	3.28058577527394e-18	1	1	2	0.42038554714883	1	0	7.29936930599439	5.74483040006388
SPP1	ITGA5	R-HSA-1566977	REACTOME_FIBRONECTIN_MATRIX_FORMATION	1.34021513824806e-18	1.35242110489878e-18	3.31970943934407	2.35156648985552	1.16721688923402e-16	1	1	2	0.107154762502829	1	0	4.48267476586738	8.07526829451089
ADAM17	ITGA5	R-HSA-1566977	REACTOME_FIBRONECTIN_MATRIX_FORMATION	6.30724374093615e-18	6.3531146045066e-18	1.5896590416355	2.35156648985552	5.49308928756002e-16	1	1	2	0.107154762502829	1	0	7.29936930599439	8.07526829451089
GDF11	ACVR2A	R-HSA-1433617	REACTOME_REGULATION_OF_SIGNALING_BY_NODAL	1.01043006852235e-17	1.01593150265224e-17	1.41830203971192	2.43549413503917	1.28540128695955e-15	1	1	3	0.19883332589834	1	0	6.1175305463628	5.52025785025303
AKAP9	KCNQ1	R-HSA-397014	REACTOME_MUSCLE_CONTRACTION	1.30778627110636e-17	1.31015116490583e-17	2.52398834098745	5.67430272693587	3.5425510664002e-16	1	2	5	0.315219245500965	1	0	-2.79097381635064	-6.31397532931747
AKAP9	KCNQ1	R-HSA-5576891	REACTOME_CARDIAC_CONDUCTION	1.30778627110636e-17	1.31015116490583e-17	2.52398834098745	5.67430272693587	3.5425510664002e-16	1	2	5	0.315219245500965	1	0	-2.79097381635064	-6.31397532931747
GDF11	ACVR1B	R-HSA-1433617	REACTOME_REGULATION_OF_SIGNALING_BY_NODAL	3.81542552070589e-15	3.81542552070589e-15	1.41830203971192	1.16616077376105	4.8537281573437e-13	1	1	3	0.19883332589834	1	0	6.1175305463628	-4.45149791358894
