L	R	pw.id	pw.name	pval	qval	L.logFC	R.logFC	LR.pval	LR.corr	rank	len	rank.pval	rank.corr	LR.score	L.expr	R.expr
GNAS	ADCY8	R-HSA-9006925	REACTOME_INTRACELLULAR_SIGNALING_BY_SECOND_MESSENGERS	1.60680326543019e-243	1.54092433154756e-240	3.90700276139367	13.8269451132053	2.05691648699432e-11	1	90	164	0.000184758150417592	1	0	4.12344928606252	9.37081217912184
GNAS	ADCY1	R-HSA-9006925	REACTOME_INTRACELLULAR_SIGNALING_BY_SECOND_MESSENGERS	4.77057438951213e-241	1.70375404861498e-238	3.90700276139367	9.19292090268125	1.0670582363924e-12	1	90	164	0.000207356150207111	1	0	4.12344928606252	-1.7710651724855
IL33	IL1RAP	R-HSA-9006925	REACTOME_INTRACELLULAR_SIGNALING_BY_SECOND_MESSENGERS	5.32978325948378e-241	1.70375404861498e-238	5.03922317974234	1.24220077697132	1.19213928153421e-12	1	90	164	0.000207356150207111	1	0	6.46726482775296	-1.29225977430019
IL1B	IL1RAP	R-HSA-9006925	REACTOME_INTRACELLULAR_SIGNALING_BY_SECOND_MESSENGERS	7.90157805587182e-241	1.77289394615225e-238	20.423259395131	1.24220077697132	1.76738548790929e-12	1	90	164	0.000207356150207111	1	0	3.83293866740966	-1.29225977430019
NAMPT	INSR	R-HSA-9006925	REACTOME_INTRACELLULAR_SIGNALING_BY_SECOND_MESSENGERS	9.24345123124215e-241	1.77289394615225e-238	4.70401291269966	1.23583007939983	2.06752897317194e-12	1	90	164	0.000207356150207111	1	0	-3.7504001622876	3.32949477156727
IL36G	IL1RAP	R-HSA-9006925	REACTOME_INTRACELLULAR_SIGNALING_BY_SECOND_MESSENGERS	3.87281176729361e-237	6.19004414139096e-235	14.702184993824	1.24220077697132	8.66251180019994e-09	1	90	164	0.000207356150207111	1	0	6.8145896735638	-1.29225977430019
HBEGF	ERBB4	R-HSA-9006925	REACTOME_INTRACELLULAR_SIGNALING_BY_SECOND_MESSENGERS	3.23459188882364e-229	4.43139088768839e-227	5.1186235848315	4.5186694766263	2.72015151936314e-11	1	88	161	0.000262765950013217	1	0	-1.34775337552078	7.85406549065209
FYN	CD80	R-HSA-9006925	REACTOME_INTRACELLULAR_SIGNALING_BY_SECOND_MESSENGERS	2.20756133519561e-228	2.64631415056574e-226	2.39472839386236	10.7940639015063	1.00871075128725e-10	1	89	162	0.000262765950013217	1	0	0.605987033652581	-6.41387051449348
CD274	CD80	R-HSA-9006925	REACTOME_INTRACELLULAR_SIGNALING_BY_SECOND_MESSENGERS	1.09778338227186e-227	1.16974918177635e-225	7.54483912201574	10.7940639015063	5.01615009570727e-10	1	89	162	0.000262765950013217	1	0	-6.41387051449348	-6.41387051449348
CD86	CD80	R-HSA-9006925	REACTOME_INTRACELLULAR_SIGNALING_BY_SECOND_MESSENGERS	3.60637975819157e-227	3.14410744373247e-225	6.6357588698783	10.7940639015063	1.64787903163299e-09	1	89	162	0.000262765950013217	1	0	4.42942857302926	-6.41387051449348
CD80	CD86	R-HSA-9006925	REACTOME_INTRACELLULAR_SIGNALING_BY_SECOND_MESSENGERS	3.60637975819157e-227	3.14410744373247e-225	10.7940639015063	6.6357588698783	1.64787903163299e-09	1	89	162	0.000262765950013217	1	0	-6.41387051449348	4.42942857302926
FYN	CD86	R-HSA-9006925	REACTOME_INTRACELLULAR_SIGNALING_BY_SECOND_MESSENGERS	4.32281125657376e-227	3.4546466625452e-225	2.39472839386236	6.6357588698783	1.9752412405362e-09	1	89	162	0.000262765950013217	1	0	0.605987033652581	4.42942857302926
UBC	ERBB4	R-HSA-9006925	REACTOME_INTRACELLULAR_SIGNALING_BY_SECOND_MESSENGERS	8.3349279468357e-227	6.14861223155033e-225	4.19689819640229	4.5186694766263	7.00931298217434e-09	1	88	161	0.000262765950013217	1	0	4.63774849711558	7.85406549065209
ADAM17	ERBB4	R-HSA-9006925	REACTOME_INTRACELLULAR_SIGNALING_BY_SECOND_MESSENGERS	6.23538662443524e-226	4.27123983773814e-224	1.38707316810871	4.5186694766263	5.24368977084233e-08	1	88	161	0.000262765950013217	1	0	7.08959667712629	7.85406549065209
MMP7	ERBB4	R-HSA-9006925	REACTOME_INTRACELLULAR_SIGNALING_BY_SECOND_MESSENGERS	7.12983955598602e-226	4.5583440894604e-224	7.89765195511114	4.5186694766263	5.99588590079723e-08	1	88	161	0.000262765950013217	1	0	7.87337272525504	7.85406549065209
NRG1	ERBB4	R-HSA-9006925	REACTOME_INTRACELLULAR_SIGNALING_BY_SECOND_MESSENGERS	1.00232309304814e-225	6.0076740389573e-224	8.21899543308893	4.5186694766263	8.4291025828276e-08	1	88	161	0.000262765950013217	1	0	1.58850965471032	7.85406549065209
IL16	GRIN2D	R-HSA-5683057	REACTOME_MAPK_FAMILY_SIGNALING_CASCADES	4.91464099302965e-224	2.77243571312673e-222	8.17450987137151	5.25885318522488	3.49197206944122e-12	1	77	140	0.000113019540718619	1	0	3.2068237045736	5.95777328440602
YWHAZ	IL3RA	R-HSA-5683057	REACTOME_MAPK_FAMILY_SIGNALING_CASCADES	1.25876920729532e-223	6.70644260997895e-222	2.06184908034546	10.7521040912945	1.04493989718807e-13	1	75	138	0.000123504790198405	1	0	-1.44924928414852	-0.766720389792181
YWHAZ	CSF2RB	R-HSA-5683057	REACTOME_MAPK_FAMILY_SIGNALING_CASCADES	2.06078893877065e-223	1.04015610120055e-221	2.06184908034546	10.6537454223187	1.71071914480039e-13	1	75	138	0.000123504790198405	1	0	-1.44924928414852	-3.11866725416418
YWHAZ	CSF2RA	R-HSA-5683057	REACTOME_MAPK_FAMILY_SIGNALING_CASCADES	5.05555212501681e-223	2.42413724394556e-221	2.06184908034546	5.20503754005317	4.19675671054496e-13	1	75	138	0.000123504790198405	1	0	-1.44924928414852	5.64681417033611
VEGFA	RET	R-HSA-5683057	REACTOME_MAPK_FAMILY_SIGNALING_CASCADES	7.67905713397992e-222	3.5067694245175e-220	3.83758049527232	4.33341380350635	6.37460236997976e-12	1	75	138	0.000123504790198405	1	0	3.57040038685763	-0.290890557785715
VEGFB	RET	R-HSA-5683057	REACTOME_MAPK_FAMILY_SIGNALING_CASCADES	3.35919791849484e-221	1.4643049108348e-219	1.66495807988446	4.33341380350635	2.78856513747151e-11	1	75	138	0.000123504790198405	1	0	4.11030357103874	-0.290890557785715
ARTN	RET	R-HSA-5683057	REACTOME_MAPK_FAMILY_SIGNALING_CASCADES	1.40409362544742e-219	5.85445994262643e-218	5.12645780362713	4.33341380350635	1.16557780418697e-09	1	75	138	0.000123504790198405	1	0	5.0006911125606	-0.290890557785715
CSF2	IL3RA	R-HSA-5683057	REACTOME_MAPK_FAMILY_SIGNALING_CASCADES	3.23217537459192e-219	1.29152341009735e-217	7.43622871191756	10.7521040912945	2.68312013357625e-09	1	75	138	0.000123504790198405	1	0	2.86889441396839	-0.766720389792181
CSF2	CSF2RB	R-HSA-5683057	REACTOME_MAPK_FAMILY_SIGNALING_CASCADES	5.29154289882721e-219	2.02983585599012e-217	7.43622871191756	10.6537454223187	4.39265932199557e-09	1	75	138	0.000123504790198405	1	0	2.86889441396839	-3.11866725416418
CSF2	CSF2RA	R-HSA-5683057	REACTOME_MAPK_FAMILY_SIGNALING_CASCADES	1.29812764633442e-218	4.78809389551811e-217	7.43622871191756	5.20503754005317	1.07761244987258e-08	1	75	138	0.000123504790198405	1	0	2.86889441396839	5.64681417033611
HBEGF	ERBB4	R-HSA-5683057	REACTOME_MAPK_FAMILY_SIGNALING_CASCADES	6.64706445016476e-218	2.36093881766963e-216	5.1186235848315	4.5186694766263	2.72015151936314e-11	1	74	136	0.000123504790198405	1	0	-1.34775337552078	7.85406549065209
UBC	ERBB4	R-HSA-5683057	REACTOME_MAPK_FAMILY_SIGNALING_CASCADES	1.71282205466252e-215	5.86641553721912e-214	4.19689819640229	4.5186694766263	7.00931298217434e-09	1	74	136	0.000123504790198405	1	0	4.63774849711558	7.85406549065209
ADAM17	ERBB4	R-HSA-5683057	REACTOME_MAPK_FAMILY_SIGNALING_CASCADES	1.28136773320698e-214	4.23735053843273e-213	1.38707316810871	4.5186694766263	5.24368977084233e-08	1	74	136	0.000123504790198405	1	0	7.08959667712629	7.85406549065209
MMP7	ERBB4	R-HSA-5683057	REACTOME_MAPK_FAMILY_SIGNALING_CASCADES	1.46517720556113e-214	4.68368313377707e-213	7.89765195511114	4.5186694766263	5.99588590079723e-08	1	74	136	0.000123504790198405	1	0	7.87337272525504	7.85406549065209
NRG1	ERBB4	R-HSA-5683057	REACTOME_MAPK_FAMILY_SIGNALING_CASCADES	2.05976717569848e-214	6.3719894241769e-213	8.21899543308893	4.5186694766263	8.4291025828276e-08	1	74	136	0.000123504790198405	1	0	1.58850965471032	7.85406549065209
FABP5	RXRA	R-HSA-1852241	REACTOME_ORGANELLE_BIOGENESIS_AND_MAINTENANCE	8.99140593999866e-214	2.69461196764335e-212	9.39176574212	2.10851014331761	7.25177582024761e-13	1	84	154	0.000344511598622738	1	0	-3.52378407843682	7.1217491498643
ABCA1	RXRA	R-HSA-1852241	REACTOME_ORGANELLE_BIOGENESIS_AND_MAINTENANCE	6.08294381810685e-213	1.76774033986802e-211	7.6670000085532	2.10851014331761	4.90603418313449e-12	1	84	154	0.000344511598622738	1	0	-6.10325044131212	7.1217491498643
VEGFA	NRP1	R-HSA-9694516	REACTOME_SARS_COV_2_INFECTION	7.77361715827787e-206	2.1926173102319e-204	3.83758049527232	2.25652504794621	3.30124720113194e-13	1	78	142	0.000251436631822757	1	0	3.57040038685763	10.030876423867
FYN	NRP1	R-HSA-9694516	REACTOME_SARS_COV_2_INFECTION	2.0525102041288e-205	5.62387795931291e-204	2.39472839386236	2.25652504794621	8.71646162746716e-13	1	78	142	0.000251436631822757	1	0	0.605987033652581	10.030876423867
VEGFB	NRP1	R-HSA-9694516	REACTOME_SARS_COV_2_INFECTION	3.40056313186054e-205	9.05872234292849e-204	1.66495807988446	2.25652504794621	1.44412817003379e-12	1	78	142	0.000251436631822757	1	0	4.11030357103874	10.030876423867
TGFB1	SDC2	R-HSA-9694516	REACTOME_SARS_COV_2_INFECTION	4.65040244989869e-205	1.20533404039266e-203	3.57520126226616	6.92810601340794	1.97490148527796e-12	1	78	142	0.000251436631822757	1	0	2.93572819389576	-3.43895894693805
FABP5	RXRA	R-HSA-9006931	REACTOME_SIGNALING_BY_NUCLEAR_RECEPTORS	5.32267063500686e-203	1.34327398393989e-201	9.39176574212	2.10851014331761	7.25177582024761e-13	1	72	132	0.0001792279685409	1	0	-3.52378407843682	7.1217491498643
ABCA1	RXRA	R-HSA-9006931	REACTOME_SIGNALING_BY_NUCLEAR_RECEPTORS	3.60093923587646e-202	8.85461724924493e-201	7.6670000085532	2.10851014331761	4.90603418313449e-12	1	72	132	0.0001792279685409	1	0	-6.10325044131212	7.1217491498643
COL5A3	SDC3	R-HSA-9694516	REACTOME_SARS_COV_2_INFECTION	4.10009416965819e-202	9.82997577175551e-201	7.22253878717918	1.32465128222274	5.08172361085832e-09	1	78	142	0.000247326199451962	1	0	-3.7873277414631	7.20209742692618
CSF2	SDC2	R-HSA-9694516	REACTOME_SARS_COV_2_INFECTION	9.20174362224292e-202	2.15231027651975e-200	7.43622871191756	6.92810601340794	3.90773429665434e-09	1	78	142	0.000251436631822757	1	0	2.86889441396839	-3.43895894693805
SHANK1	ABCA1	R-HSA-9006931	REACTOME_SIGNALING_BY_NUCLEAR_RECEPTORS	3.057257230122e-200	6.98073734211191e-199	1.20510439290405	7.6670000085532	7.28269065265789e-09	1	73	133	0.000169301822533191	1	0	5.37584530717573	-6.10325044131212
MMP9	ITGB2	R-HSA-1474244	REACTOME_EXTRACELLULAR_MATRIX_ORGANIZATION	8.22803905432408e-195	1.83504405885972e-193	15.8939127872024	13.6327398498456	4.7629353995605e-20	1	45	82	6.04887218669043e-06	1	0	3.20808982866359	5.28850769701234
ICAM2	ITGB2	R-HSA-1474244	REACTOME_EXTRACELLULAR_MATRIX_ORGANIZATION	1.05404401990724e-192	2.29733685247964e-191	5.98009676035307	13.6327398498456	6.10150674050689e-18	1	45	82	6.04887218669043e-06	1	0	4.48989711598673	5.28850769701234
ITGB2	ITGAL	R-HSA-1474244	REACTOME_EXTRACELLULAR_MATRIX_ORGANIZATION	1.51742444894746e-192	3.2338001034236e-191	13.6327398498456	8.16847381243557	1.63698251335501e-17	1	44	81	6.04887218669043e-06	1	0	5.28850769701234	6.03365906329367
MMP9	ITGB2	R-HSA-168898	REACTOME_TOLL_LIKE_RECEPTOR_CASCADES	6.58839089803159e-192	1.3735362763505e-190	15.8939127872024	13.6327398498456	4.7629353995605e-20	1	53	98	4.44781244153657e-05	1	0	3.20808982866359	5.28850769701234
C3	ITGB2	R-HSA-1474244	REACTOME_EXTRACELLULAR_MATRIX_ORGANIZATION	8.12020409520887e-192	1.65686717602241e-190	4.42606497435535	13.6327398498456	4.70051336428709e-17	1	45	82	6.04887218669043e-06	1	0	-5.10898578169431	5.28850769701234
ICAM5	ITGB2	R-HSA-1474244	REACTOME_EXTRACELLULAR_MATRIX_ORGANIZATION	1.12005337886063e-191	2.23777331318198e-190	7.64111910296574	13.6327398498456	6.4836127446054e-17	1	45	82	6.04887218669043e-06	1	0	7.69990541806973	5.28850769701234
ICAM3	ITGB2	R-HSA-1474244	REACTOME_EXTRACELLULAR_MATRIX_ORGANIZATION	1.2551808962123e-191	2.45656832544408e-190	7.23202815492978	13.6327398498456	7.26582054843291e-17	1	45	82	6.04887218669043e-06	1	0	5.67876194855417	5.28850769701234
ICAM2	ITGAL	R-HSA-1474244	REACTOME_EXTRACELLULAR_MATRIX_ORGANIZATION	9.73267798839794e-191	1.86672763817473e-189	5.98009676035307	8.16847381243557	1.04995169190623e-15	1	44	81	6.04887218669043e-06	1	0	4.48989711598673	6.03365906329367
HBEGF	ERBB4	R-HSA-9006931	REACTOME_SIGNALING_BY_NUCLEAR_RECEPTORS	3.26867924992005e-190	6.14639882484966e-189	5.1186235848315	4.5186694766263	2.72015151936314e-11	1	68	124	0.000169594400915998	1	0	-1.34775337552078	7.85406549065209
ICAM2	ITGB2	R-HSA-168898	REACTOME_TOLL_LIKE_RECEPTOR_CASCADES	8.43998671011648e-190	1.55652831826956e-188	5.98009676035307	13.6327398498456	6.10150674050689e-18	1	53	98	4.44781244153657e-05	1	0	4.48989711598673	5.28850769701234
ICAM5	ITGAL	R-HSA-1474244	REACTOME_EXTRACELLULAR_MATRIX_ORGANIZATION	1.03421855827492e-189	1.8713501837465e-188	7.64111910296574	8.16847381243557	1.11570476939237e-14	1	44	81	6.04887218669043e-06	1	0	7.69990541806973	6.03365906329367
ICAM3	ITGAL	R-HSA-1474244	REACTOME_EXTRACELLULAR_MATRIX_ORGANIZATION	1.1589906350494e-189	2.05828151668958e-188	7.23202815492978	8.16847381243557	1.2503076538895e-14	1	44	81	6.04887218669043e-06	1	0	5.67876194855417	6.03365906329367
ITGAM	ITGB2	R-HSA-1474244	REACTOME_EXTRACELLULAR_MATRIX_ORGANIZATION	2.73611978010141e-189	4.77079794384956e-188	16.5686107503802	13.6327398498456	1.58384782474191e-14	1	45	82	6.04887218669043e-06	1	0	4.90223579415257	5.28850769701234
C3	ITGB2	R-HSA-168898	REACTOME_TOLL_LIKE_RECEPTOR_CASCADES	6.50204482475293e-189	1.11347517623894e-187	4.42606497435535	13.6327398498456	4.70051336428709e-17	1	53	98	4.44781244153657e-05	1	0	-5.10898578169431	5.28850769701234
ICAM5	ITGB2	R-HSA-168898	REACTOME_TOLL_LIKE_RECEPTOR_CASCADES	8.9685396944207e-189	1.50891746788587e-187	7.64111910296574	13.6327398498456	6.4836127446054e-17	1	53	98	4.44781244153657e-05	1	0	7.69990541806973	5.28850769701234
ICAM3	ITGB2	R-HSA-168898	REACTOME_TOLL_LIKE_RECEPTOR_CASCADES	1.0050538575947e-188	1.66180456798848e-187	7.23202815492978	13.6327398498456	7.26582054843291e-17	1	53	98	4.44781244153657e-05	1	0	5.67876194855417	5.28850769701234
UBC	ERBB4	R-HSA-9006931	REACTOME_SIGNALING_BY_NUCLEAR_RECEPTORS	8.42276459158151e-188	1.36905614293672e-186	4.19689819640229	4.5186694766263	7.00931298217434e-09	1	68	124	0.000169594400915998	1	0	4.63774849711558	7.85406549065209
ADAM17	ERBB4	R-HSA-9006931	REACTOME_SIGNALING_BY_NUCLEAR_RECEPTORS	6.3010975031947e-187	1.00712541759395e-185	1.38707316810871	4.5186694766263	5.24368977084233e-08	1	68	124	0.000169594400915998	1	0	7.08959667712629	7.85406549065209
MMP7	ERBB4	R-HSA-9006931	REACTOME_SIGNALING_BY_NUCLEAR_RECEPTORS	7.20497652035673e-187	1.13271680049543e-185	7.89765195511114	4.5186694766263	5.99588590079723e-08	1	68	124	0.000169594400915998	1	0	7.87337272525504	7.85406549065209
NRG1	ERBB4	R-HSA-9006931	REACTOME_SIGNALING_BY_NUCLEAR_RECEPTORS	1.01288595549952e-186	1.56670585697426e-185	8.21899543308893	4.5186694766263	8.4291025828276e-08	1	68	124	0.000169594400915998	1	0	1.58850965471032	7.85406549065209
MMP9	ITGAM	R-HSA-168898	REACTOME_TOLL_LIKE_RECEPTOR_CASCADES	1.0969352509787e-186	1.66977921537869e-185	15.8939127872024	16.5686107503802	7.93005730651652e-15	1	53	98	4.44781244153657e-05	1	0	3.20808982866359	4.90223579415257
ITGAM	ITGB2	R-HSA-168898	REACTOME_TOLL_LIKE_RECEPTOR_CASCADES	2.19087762419781e-186	3.23238714093185e-185	16.5686107503802	13.6327398498456	1.58384782474191e-14	1	53	98	4.44781244153657e-05	1	0	4.90223579415257	5.28850769701234
ITGB2	ITGAM	R-HSA-168898	REACTOME_TOLL_LIKE_RECEPTOR_CASCADES	2.19087762419781e-186	3.23238714093185e-185	13.6327398498456	16.5686107503802	1.58384782474191e-14	1	53	98	4.44781244153657e-05	1	0	5.28850769701234	4.90223579415257
TGM2	ITGA4	R-HSA-1474244	REACTOME_EXTRACELLULAR_MATRIX_ORGANIZATION	1.29022006235674e-185	1.87472884818199e-184	2.47405738476075	9.89659053145497	1.13081310131154e-11	1	44	80	4.77514878912928e-06	1	0	4.36595141340137	5.66544909400929
MMP9	ITGAM	R-HSA-1474244	REACTOME_EXTRACELLULAR_MATRIX_ORGANIZATION	3.06439422524353e-185	4.38620009255007e-184	15.8939127872024	16.5686107503802	7.93005730651652e-15	1	43	79	6.04887218669043e-06	1	0	3.20808982866359	4.90223579415257
TLN1	ITGB5	R-HSA-1474244	REACTOME_EXTRACELLULAR_MATRIX_ORGANIZATION	4.12662898082815e-185	5.81976057737382e-184	1.599479448771	1.34376876136635	1.51576644915834e-10	1	44	81	6.22282591490994e-06	1	0	4.45852991249517	4.90963413720588
EFNB2	PECAM1	R-HSA-1474244	REACTOME_EXTRACELLULAR_MATRIX_ORGANIZATION	4.50629270500602e-185	6.26309377405909e-184	2.67060222794057	11.7147518895933	4.86134407763816e-10	1	44	81	6.04887218669043e-06	1	0	-3.78976403409972	5.72784319756764
TGFB1	ITGB5	R-HSA-1474244	REACTOME_EXTRACELLULAR_MATRIX_ORGANIZATION	5.68691040868755e-185	7.79106725990194e-184	3.57520126226616	1.34376876136635	2.08887884927518e-10	1	44	81	6.22282591490994e-06	1	0	2.93572819389576	4.90963413720588
ITGB2	ITGAM	R-HSA-1474244	REACTOME_EXTRACELLULAR_MATRIX_ORGANIZATION	6.12042755834219e-185	8.26688736401431e-184	13.6327398498456	16.5686107503802	1.58384782474191e-14	1	43	79	6.04887218669043e-06	1	0	5.28850769701234	4.90223579415257
ICAM2	ITGAM	R-HSA-168898	REACTOME_TOLL_LIKE_RECEPTOR_CASCADES	1.40521700721865e-184	1.87167098600372e-183	5.98009676035307	16.5686107503802	1.01587139125971e-12	1	53	98	4.44781244153657e-05	1	0	4.48989711598673	4.90223579415257
SPP1	ITGA4	R-HSA-1474244	REACTOME_EXTRACELLULAR_MATRIX_ORGANIZATION	2.14867907034267e-184	2.82271675131318e-183	2.09497256602496	9.89659053145497	1.88320931765637e-10	1	44	80	4.77514878912928e-06	1	0	-5.4964540916368	5.66544909400929
ITGB2	ITGAD	R-HSA-1474244	REACTOME_EXTRACELLULAR_MATRIX_ORGANIZATION	3.93431740723194e-184	5.09866269396679e-183	13.6327398498456	10.4996367842585	2.9611769418878e-13	1	44	80	5.77904180585202e-06	1	0	5.28850769701234	6.41880193782222
C3	ITGAM	R-HSA-168898	REACTOME_TOLL_LIKE_RECEPTOR_CASCADES	1.08255904698157e-183	1.38423216807377e-182	4.42606497435535	16.5686107503802	7.82612763387111e-12	1	53	98	4.44781244153657e-05	1	0	-5.10898578169431	4.90223579415257
ADAM17	ITGA5	R-HSA-1474244	REACTOME_EXTRACELLULAR_MATRIX_ORGANIZATION	1.45212526254781e-183	1.83235279839914e-182	1.38707316810871	3.20605504250472	2.36783062767134e-09	1	43	79	4.77514878912928e-06	1	0	7.08959667712629	6.6526553313784
ADAM28	ITGA4	R-HSA-1474244	REACTOME_EXTRACELLULAR_MATRIX_ORGANIZATION	2.94004157127156e-183	3.66168813876548e-182	13.7179473321254	9.89659053145497	2.57679881455385e-09	1	44	80	4.77514878912928e-06	1	0	4.36456971027165	5.66544909400929
ICAM2	ITGAM	R-HSA-1474244	REACTOME_EXTRACELLULAR_MATRIX_ORGANIZATION	3.92560898949398e-183	4.82648592426247e-182	5.98009676035307	16.5686107503802	1.01587139125971e-12	1	43	79	6.04887218669043e-06	1	0	4.48989711598673	4.90223579415257
MMP9	CD44	R-HSA-1474244	REACTOME_EXTRACELLULAR_MATRIX_ORGANIZATION	5.46739910045093e-183	6.63700726244613e-182	15.8939127872024	1.69913352091108	1.75436044930728e-16	1	42	77	5.77904180585202e-06	1	0	3.20808982866359	1.05564596780402
SPP1	ITGA5	R-HSA-1474244	REACTOME_EXTRACELLULAR_MATRIX_ORGANIZATION	7.35401273394851e-183	8.81562276482078e-182	2.09497256602496	3.20605504250472	1.19914287264561e-08	1	43	79	4.77514878912928e-06	1	0	-5.4964540916368	6.6526553313784
TGFB1	SDC2	R-HSA-1474244	REACTOME_EXTRACELLULAR_MATRIX_ORGANIZATION	1.41981813651624e-182	1.68099455915935e-181	3.57520126226616	6.92810601340794	1.97490148527796e-12	1	44	80	6.04887218669043e-06	1	0	2.93572819389576	-3.43895894693805
SPP1	ITGB5	R-HSA-1474244	REACTOME_EXTRACELLULAR_MATRIX_ORGANIZATION	1.64076884284516e-182	1.91889917108355e-181	2.09497256602496	1.34376876136635	6.02676512563517e-08	1	44	81	6.22282591490994e-06	1	0	-5.4964540916368	4.90963413720588
C3	ITGAM	R-HSA-1474244	REACTOME_EXTRACELLULAR_MATRIX_ORGANIZATION	3.02423291538461e-182	3.49426429620945e-181	4.42606497435535	16.5686107503802	7.82612763387111e-12	1	43	79	6.04887218669043e-06	1	0	-5.10898578169431	4.90223579415257
LPL	CD44	R-HSA-1474244	REACTOME_EXTRACELLULAR_MATRIX_ORGANIZATION	5.79434352022523e-182	6.61520885225714e-181	14.1670138568848	1.69913352091108	1.85926926401709e-15	1	42	77	5.77904180585202e-06	1	0	5.97664098678989	1.05564596780402
ICAM3	ITGAD	R-HSA-1474244	REACTOME_EXTRACELLULAR_MATRIX_ORGANIZATION	3.00498455356804e-181	3.39032963161383e-180	7.23202815492978	10.4996367842585	2.2617115117347e-10	1	44	80	5.77904180585202e-06	1	0	5.67876194855417	6.41880193782222
TGFB1	SDC2	R-HSA-71387	REACTOME_METABOLISM_OF_CARBOHYDRATES	1.22348390171582e-180	1.36432681598311e-179	3.57520126226616	6.92810601340794	1.97490148527796e-12	1	46	84	1.17000277152794e-05	1	0	2.93572819389576	-3.43895894693805
HBEGF	CD44	R-HSA-1474244	REACTOME_EXTRACELLULAR_MATRIX_ORGANIZATION	1.79027471745563e-180	1.97341776326431e-179	5.1186235848315	1.69913352091108	5.74457269351325e-14	1	42	77	5.77904180585202e-06	1	0	-1.34775337552078	1.05564596780402
COL5A3	SDC3	R-HSA-1474244	REACTOME_EXTRACELLULAR_MATRIX_ORGANIZATION	1.04400867422346e-179	1.13773218020489e-178	7.22253878717918	1.32465128222274	5.08172361085832e-09	1	42	78	6.04887218669043e-06	1	0	-3.7873277414631	7.20209742692618
CSF2	SDC2	R-HSA-1474244	REACTOME_EXTRACELLULAR_MATRIX_ORGANIZATION	2.80939179419144e-179	3.02719857374111e-178	7.43622871191756	6.92810601340794	3.90773429665434e-09	1	44	80	6.04887218669043e-06	1	0	2.86889441396839	-3.43895894693805
PKM	CD44	R-HSA-1474244	REACTOME_EXTRACELLULAR_MATRIX_ORGANIZATION	1.77362355149926e-178	1.88989442876421e-177	1.1268241537222	1.69913352091108	5.69114299787185e-12	1	42	77	5.77904180585202e-06	1	0	-6.41387051449348	1.05564596780402
PSEN1	CD44	R-HSA-1474244	REACTOME_EXTRACELLULAR_MATRIX_ORGANIZATION	3.75677672497785e-178	3.95906470247666e-177	1.03037213848847	1.69913352091108	1.20546175285351e-11	1	42	77	5.77904180585202e-06	1	0	5.73356893136081	1.05564596780402
TGM2	TBXA2R	R-HSA-76002	REACTOME_PLATELET_ACTIVATION_SIGNALING_AND_AGGREGATION	7.53875891288418e-178	7.85833673636514e-177	2.47405738476075	7.41002857575163	9.03606449174844e-11	1	42	78	7.57191262184199e-06	1	0	4.36595141340137	-4.73919372473879
FABP5	RXRA	R-HSA-9006936	REACTOME_SIGNALING_BY_TGFB_FAMILY_MEMBERS	9.32004334603259e-178	9.61066835359705e-177	9.39176574212	2.10851014331761	7.25177582024761e-13	1	56	103	8.79058680483456e-05	1	0	-3.52378407843682	7.1217491498643
VIM	CD44	R-HSA-1474244	REACTOME_EXTRACELLULAR_MATRIX_ORGANIZATION	1.05985109359713e-177	1.08127361570175e-176	1.27422084998371	1.69913352091108	3.40081418349087e-11	1	42	77	5.77904180585202e-06	1	0	0.440157696238909	1.05564596780402
UBC	TLR4	R-HSA-168898	REACTOME_TOLL_LIKE_RECEPTOR_CASCADES	1.24977100311148e-177	1.26161093893043e-176	4.19689819640229	5.52538179144511	1.22862244759877e-11	1	53	97	4.88772634305825e-05	1	0	4.63774849711558	6.87606691175318
COL5A3	SDC3	R-HSA-71387	REACTOME_METABOLISM_OF_CARBOHYDRATES	1.7019955362402e-177	1.70022262422329e-176	7.22253878717918	1.32465128222274	5.08172361085832e-09	1	46	84	1.1516962253764e-05	1	0	-3.7873277414631	7.20209742692618
CSF2	SDC2	R-HSA-71387	REACTOME_METABOLISM_OF_CARBOHYDRATES	2.4209055691031e-177	2.39345200079368e-176	7.43622871191756	6.92810601340794	3.90773429665434e-09	1	46	84	1.17000277152794e-05	1	0	2.86889441396839	-3.43895894693805
MMP7	CD44	R-HSA-1474244	REACTOME_EXTRACELLULAR_MATRIX_ORGANIZATION	3.94620772428852e-177	3.86164613019662e-176	7.89765195511114	1.69913352091108	1.2662457283705e-10	1	42	77	5.77904180585202e-06	1	0	7.87337272525504	1.05564596780402
ABCA1	RXRA	R-HSA-9006936	REACTOME_SIGNALING_BY_TGFB_FAMILY_MEMBERS	6.30527644225629e-177	6.10783849305433e-176	7.6670000085532	2.10851014331761	4.90603418313449e-12	1	56	103	8.79058680483456e-05	1	0	-6.10325044131212	7.1217491498643
SPP1	CD44	R-HSA-1474244	REACTOME_EXTRACELLULAR_MATRIX_ORGANIZATION	1.74776834408106e-176	1.67610984197374e-175	2.09497256602496	1.69913352091108	5.60817968667077e-10	1	42	77	5.77904180585202e-06	1	0	-5.4964540916368	1.05564596780402
EFNB2	PECAM1	R-HSA-76002	REACTOME_PLATELET_ACTIVATION_SIGNALING_AND_AGGREGATION	1.84596100298557e-174	1.75274911075561e-173	2.67060222794057	11.7147518895933	4.86134407763816e-10	1	42	77	6.60382017935944e-06	1	0	-3.78976403409972	5.72784319756764
RPS19	C5AR1	R-HSA-418594	REACTOME_G_ALPHA_I_SIGNALLING_EVENTS	2.49527813246316e-174	2.34605071473742e-173	7.68662722401	14.1537934450557	6.64540374843446e-16	1	45	83	2.11824507223941e-05	1	0	5.47665149543189	3.35893735852063
C3	C3AR1	R-HSA-9658195	REACTOME_LEISHMANIA_INFECTION	3.96734766652978e-174	3.69387030310879e-173	4.42606497435535	6.3962542748394	6.61082738667129e-16	1	47	86	2.66788402160976e-05	1	0	-5.10898578169431	5.9117652192184
TGFB1	CXCR4	R-HSA-418594	REACTOME_G_ALPHA_I_SIGNALLING_EVENTS	1.52682747172065e-172	1.40791110132702e-171	3.57520126226616	6.06665293294826	4.06623408901089e-14	1	45	83	2.11824507223941e-05	1	0	2.93572819389576	-4.94652109791248
TGFB1	ACVRL1	R-HSA-9006936	REACTOME_SIGNALING_BY_TGFB_FAMILY_MEMBERS	5.36410526353174e-172	4.89921614069232e-171	3.57520126226616	7.50703071190096	4.44871213512676e-15	1	55	101	0.000109677057854645	1	0	2.93572819389576	7.35584275233739
TLN1	ITGB5	R-HSA-9006936	REACTOME_SIGNALING_BY_TGFB_FAMILY_MEMBERS	1.03274450029876e-171	9.34341486591046e-171	1.599479448771	1.34376876136635	1.51576644915834e-10	1	56	102	8.79058680483456e-05	1	0	4.45852991249517	4.90963413720588
GNAS	ADCY8	R-HSA-9658195	REACTOME_LEISHMANIA_INFECTION	1.25527696054585e-171	1.12505664033969e-170	3.90700276139367	13.8269451132053	2.05691648699432e-11	1	47	86	2.37874286416862e-05	1	0	4.12344928606252	9.37081217912184
TGFB1	ITGB5	R-HSA-9006936	REACTOME_SIGNALING_BY_TGFB_FAMILY_MEMBERS	1.42322594920689e-171	1.26377193082353e-170	3.57520126226616	1.34376876136635	2.08887884927518e-10	1	56	102	8.79058680483456e-05	1	0	2.93572819389576	4.90963413720588
GNAS	ADCY1	R-HSA-9658195	REACTOME_LEISHMANIA_INFECTION	6.40372340191197e-171	5.63410159856292e-170	3.90700276139367	9.19292090268125	1.0670582363924e-12	1	47	86	2.66788402160976e-05	1	0	4.12344928606252	-1.7710651724855
TGFB1	CXCR4	R-HSA-162906	REACTOME_HIV_INFECTION	7.46196205347166e-171	6.50547419025393e-170	3.57520126226616	6.06665293294826	4.06623408901089e-14	1	63	116	0.000297929821056047	1	0	2.93572819389576	-4.94652109791248
IL16	CD4	R-HSA-162906	REACTOME_HIV_INFECTION	9.47226932668698e-171	8.18369935521875e-170	8.17450987137151	14.0155388412442	5.16170735799268e-14	1	63	116	0.000297929821056047	1	0	3.2068237045736	6.05331035232973
C3	C3AR1	R-HSA-418594	REACTOME_G_ALPHA_I_SIGNALLING_EVENTS	5.50635206046692e-170	4.7148139517748e-169	4.42606497435535	6.3962542748394	6.61082738667129e-16	1	45	82	2.11824507223941e-05	1	0	-5.10898578169431	5.9117652192184
GDF11	ACVR1B	R-HSA-9006936	REACTOME_SIGNALING_BY_TGFB_FAMILY_MEMBERS	6.47146347864085e-170	5.49215351859874e-169	1.68545078151755	2.32837246814502	4.44168713095296e-08	1	56	102	8.50673950148928e-05	1	0	-5.42995678914304	-5.52322539493246
SPP1	ITGB5	R-HSA-9006936	REACTOME_SIGNALING_BY_TGFB_FAMILY_MEMBERS	4.10624508910864e-169	3.45428863197823e-168	2.09497256602496	1.34376876136635	6.02676512563517e-08	1	56	102	8.79058680483456e-05	1	0	-5.4964540916368	4.90963413720588
FABP5	RXRA	R-HSA-2990846	REACTOME_SUMOYLATION	4.88166909775933e-169	4.07088753456626e-168	9.39176574212	2.10851014331761	7.25177582024761e-13	1	69	127	0.000533504605908625	1	0	-3.52378407843682	7.1217491498643
TGFB1	TGFBR1	R-HSA-9006936	REACTOME_SIGNALING_BY_TGFB_FAMILY_MEMBERS	1.07672662455433e-168	8.90155890472067e-168	3.57520126226616	1.05004843782037	1.10190032218372e-08	1	57	104	0.000109677057854645	1	0	2.93572819389576	3.74808244272111
GDF11	ACVR2B	R-HSA-9006936	REACTOME_SIGNALING_BY_TGFB_FAMILY_MEMBERS	2.01574785216524e-168	1.65222409421066e-167	1.68545078151755	1.08383511579915	1.38350796906434e-06	1	56	102	8.50673950148928e-05	1	0	-5.42995678914304	6.63785583960654
ABCA1	RXRA	R-HSA-2990846	REACTOME_SUMOYLATION	3.30258905653e-168	2.68405330950192e-167	7.6670000085532	2.10851014331761	4.90603418313449e-12	1	69	127	0.000533504605908625	1	0	-6.10325044131212	7.1217491498643
UBC	TGFBR1	R-HSA-9006936	REACTOME_SIGNALING_BY_TGFB_FAMILY_MEMBERS	8.19963710927391e-168	6.60794284688545e-167	4.19689819640229	1.05004843782037	8.39134332378776e-08	1	57	104	0.000109677057854645	1	0	4.63774849711558	3.74808244272111
GNAS	ADCY1	R-HSA-418594	REACTOME_G_ALPHA_I_SIGNALLING_EVENTS	1.66695144241276e-167	1.3321720277282e-166	3.90700276139367	9.19292090268125	1.0670582363924e-12	1	45	82	2.02697089134057e-05	1	0	4.12344928606252	-1.7710651724855
CXCL13	CXCR5	R-HSA-418594	REACTOME_G_ALPHA_I_SIGNALLING_EVENTS	2.07985249040446e-167	1.64841201512221e-166	18.7693676421855	9.36128547430657	1.33136675364403e-12	1	45	82	2.02697089134057e-05	1	0	5.75188968461605	5.74596501783531
GNAS	ADCY8	R-HSA-418594	REACTOME_G_ALPHA_I_SIGNALLING_EVENTS	3.21330156872232e-166	2.52586574131533e-165	3.90700276139367	13.8269451132053	2.05691648699432e-11	1	45	82	2.02697089134057e-05	1	0	4.12344928606252	9.37081217912184
TGFB1	TGFBR1	R-HSA-5688426	REACTOME_DEUBIQUITINATION	8.70778512397954e-165	6.78924059666372e-164	3.57520126226616	1.05004843782037	1.10190032218372e-08	1	80	146	0.00108515757492269	1	0	2.93572819389576	3.74808244272111
UBC	TGFBR1	R-HSA-5688426	REACTOME_DEUBIQUITINATION	6.6312726381889e-164	5.12854069356706e-163	4.19689819640229	1.05004843782037	8.39134332378776e-08	1	80	146	0.00108515757492269	1	0	4.63774849711558	3.74808244272111
UBC	TLR4	R-HSA-5357801	REACTOME_PROGRAMMED_CELL_DEATH	5.66496367449004e-161	4.34616013106876e-160	4.19689819640229	5.52538179144511	1.22862244759877e-11	1	56	102	0.000156950698415216	1	0	4.63774849711558	6.87606691175318
MMP9	CD44	R-HSA-913531	REACTOME_INTERFERON_SIGNALING	1.96868749739836e-160	1.49838992857542e-159	15.8939127872024	1.69913352091108	1.75436044930728e-16	1	73	133	0.00101526783962863	1	0	3.20808982866359	1.05564596780402
FABP5	RXRA	R-HSA-9711123	REACTOME_CELLULAR_RESPONSE_TO_CHEMICAL_STRESS	2.00278838127679e-159	1.51234177767279e-158	9.39176574212	2.10851014331761	7.25177582024761e-13	1	56	103	0.000211835859060914	1	0	-3.52378407843682	7.1217491498643
LPL	CD44	R-HSA-913531	REACTOME_INTERFERON_SIGNALING	2.08641283255832e-159	1.5631796143933e-158	14.1670138568848	1.69913352091108	1.85926926401709e-15	1	73	133	0.00101526783962863	1	0	5.97664098678989	1.05564596780402
ABCA1	RXRA	R-HSA-9711123	REACTOME_CELLULAR_RESPONSE_TO_CHEMICAL_STRESS	1.35494374118601e-158	1.00727988201347e-157	7.6670000085532	2.10851014331761	4.90603418313449e-12	1	56	103	0.000211835859060914	1	0	-6.10325044131212	7.1217491498643
HBEGF	CD44	R-HSA-913531	REACTOME_INTERFERON_SIGNALING	6.44637676600671e-158	4.75544255276956e-157	5.1186235848315	1.69913352091108	5.74457269351325e-14	1	73	133	0.00101526783962863	1	0	-1.34775337552078	1.05564596780402
PKM	CD44	R-HSA-913531	REACTOME_INTERFERON_SIGNALING	6.38641966093144e-156	4.67524920216278e-155	1.1268241537222	1.69913352091108	5.69114299787185e-12	1	73	133	0.00101526783962863	1	0	-6.41387051449348	1.05564596780402
PSEN1	CD44	R-HSA-913531	REACTOME_INTERFERON_SIGNALING	1.3527308383928e-155	9.82779450014167e-155	1.03037213848847	1.69913352091108	1.20546175285351e-11	1	73	133	0.00101526783962863	1	0	5.73356893136081	1.05564596780402
VIM	CD44	R-HSA-913531	REACTOME_INTERFERON_SIGNALING	3.81628551114288e-155	2.75174271066618e-154	1.27422084998371	1.69913352091108	3.40081418349087e-11	1	73	133	0.00101526783962863	1	0	0.440157696238909	1.05564596780402
MMP7	CD44	R-HSA-913531	REACTOME_INTERFERON_SIGNALING	1.4209406824358e-154	1.01692695108652e-153	7.89765195511114	1.69913352091108	1.2662457283705e-10	1	73	133	0.00101526783962863	1	0	7.87337272525504	1.05564596780402
SPP1	CD44	R-HSA-913531	REACTOME_INTERFERON_SIGNALING	6.29332087181497e-154	4.47058867857078e-153	2.09497256602496	1.69913352091108	5.60817968667077e-10	1	73	133	0.00101526783962863	1	0	-5.4964540916368	1.05564596780402
TGFB1	CXCR4	R-HSA-162587	REACTOME_HIV_LIFE_CYCLE	1.96135129723192e-151	1.3830410985628e-150	3.57520126226616	6.06665293294826	4.06623408901089e-14	1	54	99	0.000247326199451962	1	0	2.93572819389576	-4.94652109791248
IL16	CD4	R-HSA-162587	REACTOME_HIV_LIFE_CYCLE	2.48975371336605e-151	1.74282759935624e-150	8.17450987137151	14.0155388412442	5.16170735799268e-14	1	54	99	0.000247326199451962	1	0	3.2068237045736	6.05331035232973
HBEGF	ERBB4	R-HSA-8939211	REACTOME_ESR_MEDIATED_SIGNALING	8.39230753729848e-150	5.8320456001951e-149	5.1186235848315	4.5186694766263	2.72015151936314e-11	1	52	95	0.000169594400915998	1	0	-1.34775337552078	7.85406549065209
UBC	ERBB4	R-HSA-8939211	REACTOME_ESR_MEDIATED_SIGNALING	2.16253799660977e-147	1.4919956393876e-146	4.19689819640229	4.5186694766263	7.00931298217434e-09	1	52	95	0.000169594400915998	1	0	4.63774849711558	7.85406549065209
TGFB1	SDC2	R-HSA-381426	REACTOME_REGULATION_OF_INSULIN_LIKE_GROWTH_FACTOR_IGF_TRANSPORT_AND_UPTAKE_BY_INSULIN_LIKE_GROWTH_FACTOR_BINDING_PROTEINS_IGFBPS	6.23369988100395e-147	4.2700844184877e-146	3.57520126226616	6.92810601340794	1.97490148527796e-12	1	35	65	1.1574201440497e-05	1	0	2.93572819389576	-3.43895894693805
GNAS	ADCY1	R-HSA-112315	REACTOME_TRANSMISSION_ACROSS_CHEMICAL_SYNAPSES	1.04901942998989e-146	7.13482009475396e-146	3.90700276139367	9.19292090268125	1.0670582363924e-12	1	40	74	3.67825601474221e-05	1	0	4.12344928606252	-1.7710651724855
ADAM17	ERBB4	R-HSA-8939211	REACTOME_ESR_MEDIATED_SIGNALING	1.61780168765739e-146	1.09258578765031e-145	1.38707316810871	4.5186694766263	5.24368977084233e-08	1	52	95	0.000169594400915998	1	0	7.08959667712629	7.85406549065209
IL16	GRIN2D	R-HSA-112315	REACTOME_TRANSMISSION_ACROSS_CHEMICAL_SYNAPSES	1.77644121629532e-146	1.19133365484421e-145	8.17450987137151	5.25885318522488	3.49197206944122e-12	1	41	75	3.54541433586951e-05	1	0	3.2068237045736	5.95777328440602
MMP7	ERBB4	R-HSA-8939211	REACTOME_ESR_MEDIATED_SIGNALING	1.84987189426211e-146	1.23196329624817e-145	7.89765195511114	4.5186694766263	5.99588590079723e-08	1	52	95	0.000169594400915998	1	0	7.87337272525504	7.85406549065209
NRG1	ERBB4	R-HSA-8939211	REACTOME_ESR_MEDIATED_SIGNALING	2.60057649858741e-146	1.71996749113471e-145	8.21899543308893	4.5186694766263	8.4291025828276e-08	1	52	95	0.000169594400915998	1	0	1.58850965471032	7.85406549065209
GNAS	ADCY8	R-HSA-112315	REACTOME_TRANSMISSION_ACROSS_CHEMICAL_SYNAPSES	5.58097962306838e-146	3.66586264282369e-145	3.90700276139367	13.8269451132053	2.05691648699432e-11	1	40	74	3.54541433586951e-05	1	0	4.12344928606252	9.37081217912184
UBC	TLR4	R-HSA-983169	REACTOME_CLASS_I_MHC_MEDIATED_ANTIGEN_PROCESSING_PRESENTATION	4.099980239349e-144	2.67474901328958e-143	4.19689819640229	5.52538179144511	1.22862244759877e-11	1	89	162	0.00373651920280488	1	0	4.63774849711558	6.87606691175318
CSF2	SDC2	R-HSA-381426	REACTOME_REGULATION_OF_INSULIN_LIKE_GROWTH_FACTOR_IGF_TRANSPORT_AND_UPTAKE_BY_INSULIN_LIKE_GROWTH_FACTOR_BINDING_PROTEINS_IGFBPS	1.23346116257646e-143	7.99249496561367e-143	7.43622871191756	6.92810601340794	3.90773429665434e-09	1	35	65	1.1574201440497e-05	1	0	2.86889441396839	-3.43895894693805
HBEGF	ERBB4	R-HSA-112315	REACTOME_TRANSMISSION_ACROSS_CHEMICAL_SYNAPSES	4.79160201762222e-143	3.08399082879175e-142	5.1186235848315	4.5186694766263	2.72015151936314e-11	1	40	73	3.24380306458036e-05	1	0	-1.34775337552078	7.85406549065209
IL16	CD4	R-HSA-8856828	REACTOME_CLATHRIN_MEDIATED_ENDOCYTOSIS	4.9975800215047e-142	3.19511949374867e-141	8.17450987137151	14.0155388412442	5.16170735799268e-14	1	47	87	0.000184758150417592	1	0	3.2068237045736	6.05331035232973
UBC	ERBB4	R-HSA-112315	REACTOME_TRANSMISSION_ACROSS_CHEMICAL_SYNAPSES	1.23470468422272e-140	7.84160127264629e-140	4.19689819640229	4.5186694766263	7.00931298217434e-09	1	40	73	3.24380306458036e-05	1	0	4.63774849711558	7.85406549065209
ADAM17	ERBB4	R-HSA-112315	REACTOME_TRANSMISSION_ACROSS_CHEMICAL_SYNAPSES	9.23686578004879e-140	5.82773308096499e-139	1.38707316810871	4.5186694766263	5.24368977084233e-08	1	40	73	3.24380306458036e-05	1	0	7.08959667712629	7.85406549065209
MMP7	ERBB4	R-HSA-112315	REACTOME_TRANSMISSION_ACROSS_CHEMICAL_SYNAPSES	1.05618745041155e-139	6.62015532643581e-139	7.89765195511114	4.5186694766263	5.99588590079723e-08	1	40	73	3.24380306458036e-05	1	0	7.87337272525504	7.85406549065209
NRG1	ERBB4	R-HSA-112315	REACTOME_TRANSMISSION_ACROSS_CHEMICAL_SYNAPSES	1.4848034991844e-139	9.24627633583011e-139	8.21899543308893	4.5186694766263	8.4291025828276e-08	1	40	73	3.24380306458036e-05	1	0	1.58850965471032	7.85406549065209
UBC	TLR4	R-HSA-166166	REACTOME_MYD88_INDEPENDENT_TLR4_CASCADE	6.56051507069649e-137	4.05905416309544e-136	4.19689819640229	5.52538179144511	1.22862244759877e-11	1	43	79	0.000100399579428185	1	0	4.63774849711558	6.87606691175318
UBC	TLR4	R-HSA-109581	REACTOME_APOPTOSIS	3.82984463846883e-136	2.35437244121257e-135	4.19689819640229	5.52538179144511	1.22862244759877e-11	1	45	83	0.000156950698415216	1	0	4.63774849711558	6.87606691175318
UBC	TLR4	R-HSA-168138	REACTOME_TOLL_LIKE_RECEPTOR_9_TLR9_CASCADE	2.15014097579735e-131	1.30505392138586e-130	4.19689819640229	5.52538179144511	1.22862244759877e-11	1	40	73	7.31024329902036e-05	1	0	4.63774849711558	6.87606691175318
UBC	TLR4	R-HSA-168179	REACTOME_TOLL_LIKE_RECEPTOR_TLR1_TLR2_CASCADE	2.15014097579735e-131	1.30505392138586e-130	4.19689819640229	5.52538179144511	1.22862244759877e-11	1	40	73	7.31024329902036e-05	1	0	4.63774849711558	6.87606691175318
CAP1	ROBO1	R-HSA-376176	REACTOME_SIGNALING_BY_ROBO_RECEPTORS	3.04565367811775e-131	1.83696973416033e-130	4.90157934267212	7.42501891433904	6.12480875058896e-16	1	51	93	0.000496063191175265	1	0	3.88249471164202	-1.01170323580886
NRP1	ROBO1	R-HSA-376176	REACTOME_SIGNALING_BY_ROBO_RECEPTORS	2.27584933943022e-130	1.36408719782099e-129	2.25652504794621	7.42501891433904	4.57673242670809e-15	1	51	93	0.000496063191175265	1	0	10.030876423867	-1.01170323580886
VASP	ROBO1	R-HSA-376176	REACTOME_SIGNALING_BY_ROBO_RECEPTORS	3.51686176624813e-129	2.09482635641736e-128	1.70328595307253	7.42501891433904	7.07240809264968e-14	1	51	93	0.000496063191175265	1	0	1.89931999211838	-1.01170323580886
MMP9	ITGB2	R-HSA-6785807	REACTOME_INTERLEUKIN_4_AND_INTERLEUKIN_13_SIGNALING	4.35731777724978e-128	2.57942453603861e-127	15.8939127872024	13.6327398498456	4.7629353995605e-20	1	31	57	2.51500730921584e-05	1	0	3.20808982866359	5.28850769701234
ICAM2	ITGB2	R-HSA-6785807	REACTOME_INTERLEUKIN_4_AND_INTERLEUKIN_13_SIGNALING	5.5818946842893e-126	3.28407178051131e-125	5.98009676035307	13.6327398498456	6.10150674050689e-18	1	31	57	2.51500730921584e-05	1	0	4.48989711598673	5.28850769701234
C3	ITGB2	R-HSA-6785807	REACTOME_INTERLEUKIN_4_AND_INTERLEUKIN_13_SIGNALING	4.30021168170752e-125	2.51457500168141e-124	4.42606497435535	13.6327398498456	4.70051336428709e-17	1	31	57	2.51500730921584e-05	1	0	-5.10898578169431	5.28850769701234
ICAM5	ITGB2	R-HSA-6785807	REACTOME_INTERLEUKIN_4_AND_INTERLEUKIN_13_SIGNALING	5.93146005622484e-125	3.44743648116341e-124	7.64111910296574	13.6327398498456	6.4836127446054e-17	1	31	57	2.51500730921584e-05	1	0	7.69990541806973	5.28850769701234
ICAM3	ITGB2	R-HSA-6785807	REACTOME_INTERLEUKIN_4_AND_INTERLEUKIN_13_SIGNALING	6.64705405093567e-125	3.84007520171525e-124	7.23202815492978	13.6327398498456	7.26582054843291e-17	1	31	57	2.51500730921584e-05	1	0	5.67876194855417	5.28850769701234
TNF	TNFRSF1B	R-HSA-6785807	REACTOME_INTERLEUKIN_4_AND_INTERLEUKIN_13_SIGNALING	1.72293457226162e-124	9.89397757364609e-124	11.6259632683462	7.38342064426472	3.61505935708429e-12	1	31	58	2.51500730921584e-05	1	0	6.68713826084144	8.12702928130014
IL16	GRIN2D	R-HSA-112314	REACTOME_NEUROTRANSMITTER_RECEPTORS_AND_POSTSYNAPTIC_SIGNAL_TRANSMISSION	3.6211765093134e-123	2.06708825739973e-122	8.17450987137151	5.25885318522488	3.49197206944122e-12	1	34	62	3.67825601474221e-05	1	0	3.2068237045736	5.95777328440602
MMP9	ITGAM	R-HSA-6785807	REACTOME_INTERLEUKIN_4_AND_INTERLEUKIN_13_SIGNALING	7.25472356385149e-123	4.11673366729798e-122	15.8939127872024	16.5686107503802	7.93005730651652e-15	1	31	57	2.51500730921584e-05	1	0	3.20808982866359	4.90223579415257
GNAS	ADCY8	R-HSA-112314	REACTOME_NEUROTRANSMITTER_RECEPTORS_AND_POSTSYNAPTIC_SIGNAL_TRANSMISSION	1.13535920383658e-122	6.4047616263487e-122	3.90700276139367	13.8269451132053	2.05691648699432e-11	1	33	61	3.67825601474221e-05	1	0	4.12344928606252	9.37081217912184
ITGAM	ITGB2	R-HSA-6785807	REACTOME_INTERLEUKIN_4_AND_INTERLEUKIN_13_SIGNALING	1.44896533424391e-122	8.07882416011577e-122	16.5686107503802	13.6327398498456	1.58384782474191e-14	1	31	57	2.51500730921584e-05	1	0	4.90223579415257	5.28850769701234
ITGB2	ITGAM	R-HSA-6785807	REACTOME_INTERLEUKIN_4_AND_INTERLEUKIN_13_SIGNALING	1.44896533424391e-122	8.07882416011577e-122	13.6327398498456	16.5686107503802	1.58384782474191e-14	1	31	57	2.51500730921584e-05	1	0	5.28850769701234	4.90223579415257
ICAM2	ITGAM	R-HSA-6785807	REACTOME_INTERLEUKIN_4_AND_INTERLEUKIN_13_SIGNALING	9.29358494541802e-121	5.15176182812479e-120	5.98009676035307	16.5686107503802	1.01587139125971e-12	1	31	57	2.51500730921584e-05	1	0	4.48989711598673	4.90223579415257
C3	ITGAM	R-HSA-6785807	REACTOME_INTERLEUKIN_4_AND_INTERLEUKIN_13_SIGNALING	7.15964467400483e-120	3.94603404733944e-119	4.42606497435535	16.5686107503802	7.82612763387111e-12	1	31	57	2.51500730921584e-05	1	0	-5.10898578169431	4.90223579415257
GNAS	ADCY1	R-HSA-112314	REACTOME_NEUROTRANSMITTER_RECEPTORS_AND_POSTSYNAPTIC_SIGNAL_TRANSMISSION	9.17563731820778e-120	5.02824925037786e-119	3.90700276139367	9.19292090268125	1.0670582363924e-12	1	33	61	5.13119756171588e-05	1	0	4.12344928606252	-1.7710651724855
HBEGF	ERBB4	R-HSA-112314	REACTOME_NEUROTRANSMITTER_RECEPTORS_AND_POSTSYNAPTIC_SIGNAL_TRANSMISSION	6.92876030478269e-119	3.77538700698102e-118	5.1186235848315	4.5186694766263	2.72015151936314e-11	1	33	60	3.54541433586951e-05	1	0	-1.34775337552078	7.85406549065209
PSEN1	NOTCH2	R-HSA-157118	REACTOME_SIGNALING_BY_NOTCH	7.41581116244021e-119	4.01794514394359e-118	1.03037213848847	1.08995904979585	4.8277853644812e-08	1	48	89	0.00056358520429838	1	0	5.73356893136081	-6.25556324817136
UBC	NOTCH2	R-HSA-157118	REACTOME_SIGNALING_BY_NOTCH	9.10637043686891e-119	4.90618497132432e-118	4.19689819640229	1.08995904979585	5.92836049295969e-08	1	48	89	0.00056358520429838	1	0	4.63774849711558	-6.25556324817136
DLL4	NOTCH2	R-HSA-157118	REACTOME_SIGNALING_BY_NOTCH	2.65803262998859e-117	1.42405211852462e-116	6.1751008043893	1.08995904979585	1.73041232419271e-06	1	48	89	0.00056358520429838	1	0	-4.59235374269834	-6.25556324817136
UBC	ERBB4	R-HSA-112314	REACTOME_NEUROTRANSMITTER_RECEPTORS_AND_POSTSYNAPTIC_SIGNAL_TRANSMISSION	1.78540971739906e-116	9.5122662165872e-116	4.19689819640229	4.5186694766263	7.00931298217434e-09	1	33	60	3.54541433586951e-05	1	0	4.63774849711558	7.85406549065209
ADAM17	ERBB4	R-HSA-112314	REACTOME_NEUROTRANSMITTER_RECEPTORS_AND_POSTSYNAPTIC_SIGNAL_TRANSMISSION	1.3356707990779e-115	7.0768414161089e-115	1.38707316810871	4.5186694766263	5.24368977084233e-08	1	33	60	3.54541433586951e-05	1	0	7.08959667712629	7.85406549065209
MMP7	ERBB4	R-HSA-112314	REACTOME_NEUROTRANSMITTER_RECEPTORS_AND_POSTSYNAPTIC_SIGNAL_TRANSMISSION	1.52726993058007e-115	8.04753771113344e-115	7.89765195511114	4.5186694766263	5.99588590079723e-08	1	33	60	3.54541433586951e-05	1	0	7.87337272525504	7.85406549065209
NRG1	ERBB4	R-HSA-112314	REACTOME_NEUROTRANSMITTER_RECEPTORS_AND_POSTSYNAPTIC_SIGNAL_TRANSMISSION	2.14705802103667e-115	1.12515226348315e-114	8.21899543308893	4.5186694766263	8.4291025828276e-08	1	33	60	3.54541433586951e-05	1	0	1.58850965471032	7.85406549065209
TGFB1	CXCR4	R-HSA-376176	REACTOME_SIGNALING_BY_ROBO_RECEPTORS	1.38797844289817e-114	7.23408329749643e-114	3.57520126226616	6.06665293294826	4.06623408901089e-14	1	46	84	0.000638918813626641	1	0	2.93572819389576	-4.94652109791248
VEGFA	NRP1	R-HSA-376176	REACTOME_SIGNALING_BY_ROBO_RECEPTORS	3.87813450592328e-113	2.01034107631375e-112	3.83758049527232	2.25652504794621	3.30124720113194e-13	1	45	83	0.000670142294662704	1	0	3.57040038685763	10.030876423867
FYN	NRP1	R-HSA-376176	REACTOME_SIGNALING_BY_ROBO_RECEPTORS	1.02396483957475e-112	5.27947462985047e-112	2.39472839386236	2.25652504794621	8.71646162746716e-13	1	45	83	0.000670142294662704	1	0	0.605987033652581	10.030876423867
VEGFB	NRP1	R-HSA-376176	REACTOME_SIGNALING_BY_ROBO_RECEPTORS	1.69648709895568e-112	8.70016645935025e-112	1.66495807988446	2.25652504794621	1.44412817003379e-12	1	45	83	0.000670142294662704	1	0	4.11030357103874	10.030876423867
IL33	IL1RAP	R-HSA-446652	REACTOME_INTERLEUKIN_1_FAMILY_SIGNALING	4.71939613299475e-112	2.40739409124572e-111	5.03922317974234	1.24220077697132	1.19213928153421e-12	1	35	65	0.000156950698415216	1	0	6.46726482775296	-1.29225977430019
IL1B	IL1RAP	R-HSA-446652	REACTOME_INTERLEUKIN_1_FAMILY_SIGNALING	6.99665917091147e-112	3.55015669042545e-111	20.423259395131	1.24220077697132	1.76738548790929e-12	1	35	65	0.000156950698415216	1	0	3.83293866740966	-1.29225977430019
IL36G	IL1RAP	R-HSA-446652	REACTOME_INTERLEUKIN_1_FAMILY_SIGNALING	3.42928257839743e-108	1.73088525930692e-107	14.702184993824	1.24220077697132	8.66251180019994e-09	1	35	65	0.000156950698415216	1	0	6.8145896735638	-1.29225977430019
VEGFA	FLT1	R-HSA-194138	REACTOME_SIGNALING_BY_VEGF	3.95076949504216e-106	1.98365861033792e-105	3.83758049527232	1.20188753907802	2.78050112072476e-09	1	34	62	0.000113019540718619	1	0	3.57040038685763	1.123637303106
TGFB1	TGFBR1	R-HSA-5689880	REACTOME_UB_SPECIFIC_PROCESSING_PROTEASES	8.93549573199838e-106	4.46309396197211e-105	3.57520126226616	1.05004843782037	1.10190032218372e-08	1	57	104	0.00224901108837685	1	0	2.93572819389576	3.74808244272111
VEGFB	FLT1	R-HSA-194138	REACTOME_SIGNALING_BY_VEGF	1.72826122174197e-105	8.5875777805728e-105	1.66495807988446	1.20188753907802	1.21632817859636e-08	1	34	62	0.000113019540718619	1	0	4.11030357103874	1.123637303106
VEGFA	NRP1	R-HSA-194138	REACTOME_SIGNALING_BY_VEGF	3.76998210817374e-105	1.86361486687558e-104	3.83758049527232	2.25652504794621	3.30124720113194e-13	1	32	59	0.000131355029844681	1	0	3.57040038685763	10.030876423867
TGFB1	TGFBR1	R-HSA-170834	REACTOME_SIGNALING_BY_TGF_BETA_RECEPTOR_COMPLEX	4.58925813426422e-105	2.25697361577404e-104	3.57520126226616	1.05004843782037	1.10190032218372e-08	1	37	68	0.000240912557424408	1	0	2.93572819389576	3.74808244272111
UBC	TGFBR1	R-HSA-5689880	REACTOME_UB_SPECIFIC_PROCESSING_PROTEASES	6.80468196132694e-105	3.32943367393497e-104	4.19689819640229	1.05004843782037	8.39134332378776e-08	1	57	104	0.00224901108837685	1	0	4.63774849711558	3.74808244272111
FYN	NRP1	R-HSA-194138	REACTOME_SIGNALING_BY_VEGF	9.95408776745552e-105	4.84567013654307e-104	2.39472839386236	2.25652504794621	8.71646162746716e-13	1	32	59	0.000131355029844681	1	0	0.605987033652581	10.030876423867
VEGFB	NRP1	R-HSA-194138	REACTOME_SIGNALING_BY_VEGF	1.64917591177973e-104	7.98767524947861e-104	1.66495807988446	2.25652504794621	1.44412817003379e-12	1	32	59	0.000131355029844681	1	0	4.11030357103874	10.030876423867
COL5A3	SDC3	R-HSA-1630316	REACTOME_GLYCOSAMINOGLYCAN_METABOLISM	1.74331228671553e-104	8.40118835658388e-104	7.22253878717918	1.32465128222274	5.08172361085832e-09	1	22	41	4.52139189351642e-06	1	0	-3.7873277414631	7.20209742692618
UBC	TGFBR1	R-HSA-170834	REACTOME_SIGNALING_BY_TGF_BETA_RECEPTOR_COMPLEX	3.49487515620093e-104	1.67579263739835e-103	4.19689819640229	1.05004843782037	8.39134332378776e-08	1	37	68	0.000240912557424408	1	0	4.63774849711558	3.74808244272111
TLN1	ITGB5	R-HSA-170834	REACTOME_SIGNALING_BY_TGF_BETA_RECEPTOR_COMPLEX	6.62745410446524e-104	3.16205397322496e-103	1.599479448771	1.34376876136635	1.51576644915834e-10	1	36	66	0.000240912557424408	1	0	4.45852991249517	4.90963413720588
TGFB1	ITGB5	R-HSA-170834	REACTOME_SIGNALING_BY_TGF_BETA_RECEPTOR_COMPLEX	9.13329933582219e-104	4.33605646685816e-103	3.57520126226616	1.34376876136635	2.08887884927518e-10	1	36	66	0.000240912557424408	1	0	2.93572819389576	4.90963413720588
TGFB1	SDC2	R-HSA-1630316	REACTOME_GLYCOSAMINOGLYCAN_METABOLISM	1.25575610786424e-103	5.93236506128967e-103	3.57520126226616	6.92810601340794	1.97490148527796e-12	1	22	41	7.39048913705799e-06	1	0	2.93572819389576	-3.43895894693805
VEGFC	FLT1	R-HSA-194138	REACTOME_SIGNALING_BY_VEGF	2.01592818666115e-103	9.4768388774904e-103	1.84579449340768	1.20188753907802	1.41878451510422e-06	1	34	62	0.000113019540718619	1	0	5.83761317075559	1.123637303106
FABP5	RXRA	R-HSA-8957322	REACTOME_METABOLISM_OF_STEROIDS	1.10942720072644e-102	5.18995456339834e-102	9.39176574212	2.10851014331761	7.25177582024761e-13	1	33	61	0.000201893902104196	1	0	-3.52378407843682	7.1217491498643
ABCA1	RXRA	R-HSA-8957322	REACTOME_METABOLISM_OF_STEROIDS	7.50559298215772e-102	3.49410857761614e-101	7.6670000085532	2.10851014331761	4.90603418313449e-12	1	33	61	0.000201893902104196	1	0	-6.10325044131212	7.1217491498643
SPP1	ITGB5	R-HSA-170834	REACTOME_SIGNALING_BY_TGF_BETA_RECEPTOR_COMPLEX	2.63510973545545e-101	1.22080687744047e-100	2.09497256602496	1.34376876136635	6.02676512563517e-08	1	36	66	0.000240912557424408	1	0	-5.4964540916368	4.90963413720588
TGM2	TBXA2R	R-HSA-416476	REACTOME_G_ALPHA_Q_SIGNALLING_EVENTS	4.76361361196287e-101	2.19630069897711e-100	2.47405738476075	7.41002857575163	9.03606449174844e-11	1	23	42	7.9535703844077e-06	1	0	4.36595141340137	-4.73919372473879
ITGB2	ITGAL	R-HSA-8878159	REACTOME_TRANSCRIPTIONAL_REGULATION_BY_RUNX3	7.13687062176003e-101	3.2747650364918e-100	13.6327398498456	8.16847381243557	1.63698251335501e-17	1	30	55	0.000156950698415216	1	0	5.28850769701234	6.03365906329367
HBEGF	ERBB4	R-HSA-9018519	REACTOME_ESTROGEN_DEPENDENT_GENE_EXPRESSION	1.67697258404139e-100	7.65817480045568e-100	5.1186235848315	4.5186694766263	2.72015151936314e-11	1	33	61	0.000211835859060914	1	0	-1.34775337552078	7.85406549065209
CSF2	SDC2	R-HSA-1630316	REACTOME_GLYCOSAMINOGLYCAN_METABOLISM	2.48476252993632e-100	1.12933045791892e-99	7.43622871191756	6.92810601340794	3.90773429665434e-09	1	22	41	7.39048913705799e-06	1	0	2.86889441396839	-3.43895894693805
ST6GAL1	CD22	R-HSA-983705	REACTOME_SIGNALING_BY_THE_B_CELL_RECEPTOR_BCR	8.45035922282789e-100	3.82259174277922e-99	4.47481064852353	15.9289740790085	4.21361212662016e-09	1	25	47	3.0366431607303e-05	1	0	3.09569171263031	5.90031750268453
ICAM2	ITGAL	R-HSA-8878159	REACTOME_TRANSCRIPTIONAL_REGULATION_BY_RUNX3	4.57755004900759e-99	2.06097206431844e-98	5.98009676035307	8.16847381243557	1.04995169190623e-15	1	30	55	0.000156950698415216	1	0	4.48989711598673	6.03365906329367
HBEGF	ERBB4	R-HSA-199418	REACTOME_NEGATIVE_REGULATION_OF_THE_PI3K_AKT_NETWORK	1.60778089692741e-98	7.20496205679151e-98	5.1186235848315	4.5186694766263	2.72015151936314e-11	1	26	48	4.17759252207652e-05	1	0	-1.34775337552078	7.85406549065209
UBC	ERBB4	R-HSA-9018519	REACTOME_ESTROGEN_DEPENDENT_GENE_EXPRESSION	4.32123932082423e-98	1.92747372496299e-97	4.19689819640229	4.5186694766263	7.00931298217434e-09	1	33	61	0.000211835859060914	1	0	4.63774849711558	7.85406549065209
ICAM5	ITGAL	R-HSA-8878159	REACTOME_TRANSCRIPTIONAL_REGULATION_BY_RUNX3	4.86421847898328e-98	2.1596229265486e-97	7.64111910296574	8.16847381243557	1.11570476939237e-14	1	30	55	0.000156950698415216	1	0	7.69990541806973	6.03365906329367
ICAM3	ITGAL	R-HSA-8878159	REACTOME_TRANSCRIPTIONAL_REGULATION_BY_RUNX3	5.45105637378946e-98	2.40901523615857e-97	7.23202815492978	8.16847381243557	1.2503076538895e-14	1	30	55	0.000156950698415216	1	0	5.67876194855417	6.03365906329367
RPS19	C5AR1	R-HSA-373076	REACTOME_CLASS_A_1_RHODOPSIN_LIKE_RECEPTORS	9.09102937283191e-98	3.99921888465404e-97	7.68662722401	14.1537934450557	6.64540374843446e-16	1	17	32	2.16183890988321e-06	1	0	5.47665149543189	3.35893735852063
ADAM17	ERBB4	R-HSA-9018519	REACTOME_ESTROGEN_DEPENDENT_GENE_EXPRESSION	3.2327331482548e-97	1.41561236948692e-96	1.38707316810871	4.5186694766263	5.24368977084233e-08	1	33	61	0.000211835859060914	1	0	7.08959667712629	7.85406549065209
MMP7	ERBB4	R-HSA-9018519	REACTOME_ESTROGEN_DEPENDENT_GENE_EXPRESSION	3.69646183350529e-97	1.61132131742344e-96	7.89765195511114	4.5186694766263	5.99588590079723e-08	1	33	61	0.000211835859060914	1	0	7.87337272525504	7.85406549065209
NRG1	ERBB4	R-HSA-9018519	REACTOME_ESTROGEN_DEPENDENT_GENE_EXPRESSION	5.19653917763516e-97	2.25496881056657e-96	8.21899543308893	4.5186694766263	8.4291025828276e-08	1	33	61	0.000211835859060914	1	0	1.58850965471032	7.85406549065209
UBC	ERBB4	R-HSA-199418	REACTOME_NEGATIVE_REGULATION_OF_THE_PI3K_AKT_NETWORK	4.14294550619873e-96	1.78967781101108e-95	4.19689819640229	4.5186694766263	7.00931298217434e-09	1	26	48	4.17759252207652e-05	1	0	4.63774849711558	7.85406549065209
HBEGF	ERBB4	R-HSA-2219528	REACTOME_PI3K_AKT_SIGNALING_IN_CANCER	4.95335833961437e-96	2.13016620972654e-95	5.1186235848315	4.5186694766263	2.72015151936314e-11	1	29	53	0.000102852502319685	1	0	-1.34775337552078	7.85406549065209
TGFB1	CXCR4	R-HSA-373076	REACTOME_CLASS_A_1_RHODOPSIN_LIKE_RECEPTORS	5.5626798520281e-96	2.38152231164953e-95	3.57520126226616	6.06665293294826	4.06623408901089e-14	1	17	32	2.16183890988321e-06	1	0	2.93572819389576	-4.94652109791248
TGM2	ITGA4	R-HSA-8878159	REACTOME_TRANSCRIPTIONAL_REGULATION_BY_RUNX3	2.59989354890147e-95	1.108132405954e-94	2.47405738476075	9.89659053145497	1.13081310131154e-11	1	29	54	0.000156950698415216	1	0	4.36595141340137	5.66544909400929
ADAM17	ERBB4	R-HSA-199418	REACTOME_NEGATIVE_REGULATION_OF_THE_PI3K_AKT_NETWORK	3.09935096738574e-95	1.31516706978891e-94	1.38707316810871	4.5186694766263	5.24368977084233e-08	1	26	48	4.17759252207652e-05	1	0	7.08959667712629	7.85406549065209
MMP7	ERBB4	R-HSA-199418	REACTOME_NEGATIVE_REGULATION_OF_THE_PI3K_AKT_NETWORK	3.54394626285935e-95	1.49720020532252e-94	7.89765195511114	4.5186694766263	5.99588590079723e-08	1	26	48	4.17759252207652e-05	1	0	7.87337272525504	7.85406549065209
NRG1	ERBB4	R-HSA-199418	REACTOME_NEGATIVE_REGULATION_OF_THE_PI3K_AKT_NETWORK	4.98213059619731e-95	2.09555405340053e-94	8.21899543308893	4.5186694766263	8.4291025828276e-08	1	26	48	4.17759252207652e-05	1	0	1.58850965471032	7.85406549065209
NAMPT	INSR	R-HSA-199418	REACTOME_NEGATIVE_REGULATION_OF_THE_PI3K_AKT_NETWORK	5.96226664486167e-95	2.49686188315386e-94	4.70401291269966	1.23583007939983	2.06752897317194e-12	1	27	50	9.41910443190214e-05	1	0	-3.7504001622876	3.32949477156727
IL16	GRIN2D	R-HSA-442755	REACTOME_ACTIVATION_OF_NMDA_RECEPTORS_AND_POSTSYNAPTIC_EVENTS	8.66934330163932e-95	3.61473922881396e-94	8.17450987137151	5.25885318522488	3.49197206944122e-12	1	24	44	3.02374311505327e-05	1	0	3.2068237045736	5.95777328440602
GNAS	ADCY8	R-HSA-442755	REACTOME_ACTIVATION_OF_NMDA_RECEPTORS_AND_POSTSYNAPTIC_EVENTS	2.66943772536425e-94	1.10822111628758e-93	3.90700276139367	13.8269451132053	2.05691648699432e-11	1	23	43	3.02374311505327e-05	1	0	4.12344928606252	9.37081217912184
GNAS	ADCY1	R-HSA-442755	REACTOME_ACTIVATION_OF_NMDA_RECEPTORS_AND_POSTSYNAPTIC_EVENTS	3.91658774591639e-94	1.61896881393699e-93	3.90700276139367	9.19292090268125	1.0670582363924e-12	1	23	43	3.54541433586951e-05	1	0	4.12344928606252	-1.7710651724855
SPP1	ITGA4	R-HSA-8878159	REACTOME_TRANSCRIPTIONAL_REGULATION_BY_RUNX3	4.32975506785982e-94	1.78207515453973e-93	2.09497256602496	9.89659053145497	1.88320931765637e-10	1	29	54	0.000156950698415216	1	0	-5.4964540916368	5.66544909400929
CXCL13	CXCR5	R-HSA-373076	REACTOME_CLASS_A_1_RHODOPSIN_LIKE_RECEPTORS	9.78374760187431e-94	4.00966408128097e-93	18.7693676421855	9.36128547430657	1.33136675364403e-12	1	17	31	1.06142046983781e-06	1	0	5.75188968461605	5.74596501783531
CD6	ALCAM	R-HSA-373760	REACTOME_L1CAM_INTERACTIONS	1.18973220630151e-93	4.85511993975806e-93	8.77977902190305	1.57507683740779	1.6944132434499e-12	1	24	44	3.54541433586951e-05	1	0	-6.11541251743042	5.31398578830862
UBC	ERBB4	R-HSA-2219528	REACTOME_PI3K_AKT_SIGNALING_IN_CANCER	1.27638621113832e-93	5.18667108678664e-93	4.19689819640229	4.5186694766263	7.00931298217434e-09	1	29	53	0.000102852502319685	1	0	4.63774849711558	7.85406549065209
ADAM28	ITGA4	R-HSA-8878159	REACTOME_TRANSCRIPTIONAL_REGULATION_BY_RUNX3	5.92441191829613e-93	2.39726203782531e-92	13.7179473321254	9.89659053145497	2.57679881455385e-09	1	29	54	0.000156950698415216	1	0	4.36456971027165	5.66544909400929
ADAM17	ERBB4	R-HSA-2219528	REACTOME_PI3K_AKT_SIGNALING_IN_CANCER	9.54868663449807e-93	3.84755902625364e-92	1.38707316810871	4.5186694766263	5.24368977084233e-08	1	29	53	0.000102852502319685	1	0	7.08959667712629	7.85406549065209
MMP7	ERBB4	R-HSA-2219528	REACTOME_PI3K_AKT_SIGNALING_IN_CANCER	1.09184253960396e-92	4.38107529489623e-92	7.89765195511114	4.5186694766263	5.99588590079723e-08	1	29	53	0.000102852502319685	1	0	7.87337272525504	7.85406549065209
VEGFA	NRP1	R-HSA-373760	REACTOME_L1CAM_INTERACTIONS	1.24550402975912e-92	4.9768265189125e-92	3.83758049527232	2.25652504794621	3.30124720113194e-13	1	23	43	4.42056533871949e-05	1	0	3.57040038685763	10.030876423867
NRG1	ERBB4	R-HSA-2219528	REACTOME_PI3K_AKT_SIGNALING_IN_CANCER	1.53492793606915e-92	6.10786676634984e-92	8.21899543308893	4.5186694766263	8.4291025828276e-08	1	29	53	0.000102852502319685	1	0	1.58850965471032	7.85406549065209
ADAM17	ITGA5	R-HSA-373760	REACTOME_L1CAM_INTERACTIONS	1.54522246570142e-92	6.12342291160192e-92	1.38707316810871	3.20605504250472	2.36783062767134e-09	1	24	45	4.42056533871949e-05	1	0	7.08959667712629	6.6526553313784
C3	C3AR1	R-HSA-373076	REACTOME_CLASS_A_1_RHODOPSIN_LIKE_RECEPTORS	2.09167514972055e-92	8.25480028223048e-92	4.42606497435535	6.3962542748394	6.61082738667129e-16	1	17	31	2.16183890988321e-06	1	0	-5.10898578169431	5.9117652192184
IL16	CD4	R-HSA-162909	REACTOME_HOST_INTERACTIONS_OF_HIV_FACTORS	2.48055709653067e-92	9.74940268677421e-92	8.17450987137151	14.0155388412442	5.16170735799268e-14	1	29	54	0.000251436631822757	1	0	3.2068237045736	6.05331035232973
FYN	NRP1	R-HSA-373760	REACTOME_L1CAM_INTERACTIONS	3.28857168846025e-92	1.28724091805444e-91	2.39472839386236	2.25652504794621	8.71646162746716e-13	1	23	43	4.42056533871949e-05	1	0	0.605987033652581	10.030876423867
IL16	CD4	R-HSA-8856825	REACTOME_CARGO_RECOGNITION_FOR_CLATHRIN_MEDIATED_ENDOCYTOSIS	4.64909093970817e-92	1.81238951673989e-91	8.17450987137151	14.0155388412442	5.16170735799268e-14	1	28	51	0.000141188821663914	1	0	3.2068237045736	6.05331035232973
HBEGF	ERBB4	R-HSA-442755	REACTOME_ACTIVATION_OF_NMDA_RECEPTORS_AND_POSTSYNAPTIC_EVENTS	4.7001705348223e-92	1.8248840254634e-91	5.1186235848315	4.5186694766263	2.72015151936314e-11	1	23	42	2.37874286416862e-05	1	0	-1.34775337552078	7.85406549065209
VEGFB	NRP1	R-HSA-373760	REACTOME_L1CAM_INTERACTIONS	5.44844825509892e-92	2.10687978896769e-91	1.66495807988446	2.25652504794621	1.44412817003379e-12	1	23	43	4.42056533871949e-05	1	0	4.11030357103874	10.030876423867
SPP1	ITGA5	R-HSA-373760	REACTOME_L1CAM_INTERACTIONS	7.82548584659546e-92	3.01391201882934e-91	2.09497256602496	3.20605504250472	1.19914287264561e-08	1	24	45	4.42056533871949e-05	1	0	-5.4964540916368	6.6526553313784
B2M	TYROBP	R-HSA-1500931	REACTOME_CELL_CELL_COMMUNICATION	8.50814133703741e-92	3.26372301688755e-91	4.33780628352636	12.4451635196177	4.96381452311151e-13	1	22	41	3.0918354016228e-05	1	0	7.29786795683269	1.02625558347166
FYN	TYROBP	R-HSA-1500931	REACTOME_CELL_CELL_COMMUNICATION	1.01659127008841e-91	3.88410768133381e-91	2.39472839386236	12.4451635196177	5.93099046035635e-13	1	22	41	3.0918354016228e-05	1	0	0.605987033652581	1.02625558347166
MMP9	CD44	R-HSA-1474228	REACTOME_DEGRADATION_OF_THE_EXTRACELLULAR_MATRIX	1.63195046217321e-91	6.21047814771471e-91	15.8939127872024	1.69913352091108	1.75436044930728e-16	1	17	32	5.77904180585202e-06	1	0	3.20808982866359	1.05564596780402
FYN	CD80	R-HSA-2219528	REACTOME_PI3K_AKT_SIGNALING_IN_CANCER	6.82684950337971e-91	2.58772674851428e-90	2.39472839386236	10.7940639015063	1.00871075128725e-10	1	29	53	0.000156691676414383	1	0	0.605987033652581	-6.41387051449348
SEMA6D	TYROBP	R-HSA-1500931	REACTOME_CELL_CELL_COMMUNICATION	8.24636364057939e-91	3.11348926429749e-90	11.4794390376106	12.4451635196177	4.8110883423829e-12	1	22	41	3.0918354016228e-05	1	0	4.07770211566635	1.02625558347166
LPL	CD44	R-HSA-1474228	REACTOME_DEGRADATION_OF_THE_EXTRACELLULAR_MATRIX	1.7295392950264e-90	6.50442425070714e-90	14.1670138568848	1.69913352091108	1.85926926401709e-15	1	17	32	5.77904180585202e-06	1	0	5.97664098678989	1.05564596780402
CD274	CD80	R-HSA-2219528	REACTOME_PI3K_AKT_SIGNALING_IN_CANCER	3.39487823898541e-90	1.27175321530743e-89	7.54483912201574	10.7940639015063	5.01615009570727e-10	1	29	53	0.000156691676414383	1	0	-6.41387051449348	-6.41387051449348
FYN	CD80	R-HSA-199418	REACTOME_NEGATIVE_REGULATION_OF_THE_PI3K_AKT_NETWORK	7.86640514548138e-90	2.93536285389753e-89	2.39472839386236	10.7940639015063	1.00871075128725e-10	1	26	48	9.41910443190214e-05	1	0	0.605987033652581	-6.41387051449348
CD86	CD80	R-HSA-2219528	REACTOME_PI3K_AKT_SIGNALING_IN_CANCER	1.11526739795101e-89	4.12950360862943e-89	6.6357588698783	10.7940639015063	1.64787903163299e-09	1	29	53	0.000156691676414383	1	0	4.42942857302926	-6.41387051449348
CD80	CD86	R-HSA-2219528	REACTOME_PI3K_AKT_SIGNALING_IN_CANCER	1.11526739795101e-89	4.12950360862943e-89	10.7940639015063	6.6357588698783	1.64787903163299e-09	1	29	53	0.000156691676414383	1	0	-6.41387051449348	4.42942857302926
UBC	ERBB4	R-HSA-442755	REACTOME_ACTIVATION_OF_NMDA_RECEPTORS_AND_POSTSYNAPTIC_EVENTS	1.21114453050309e-89	4.4672600182787e-89	4.19689819640229	4.5186694766263	7.00931298217434e-09	1	23	42	2.37874286416862e-05	1	0	4.63774849711558	7.85406549065209
FYN	CD86	R-HSA-2219528	REACTOME_PI3K_AKT_SIGNALING_IN_CANCER	1.3368227378167e-89	4.91192722439162e-89	2.39472839386236	6.6357588698783	1.9752412405362e-09	1	29	53	0.000156691676414383	1	0	0.605987033652581	4.42942857302926
CD274	CD80	R-HSA-199418	REACTOME_NEGATIVE_REGULATION_OF_THE_PI3K_AKT_NETWORK	3.91183189760032e-89	1.4318499197705e-88	7.54483912201574	10.7940639015063	5.01615009570727e-10	1	26	48	9.41910443190214e-05	1	0	-6.41387051449348	-6.41387051449348
HBEGF	CD44	R-HSA-1474228	REACTOME_DEGRADATION_OF_THE_EXTRACELLULAR_MATRIX	5.34374681432669e-89	1.94853733647882e-88	5.1186235848315	1.69913352091108	5.74457269351325e-14	1	17	32	5.77904180585202e-06	1	0	-1.34775337552078	1.05564596780402
ADAM17	ERBB4	R-HSA-442755	REACTOME_ACTIVATION_OF_NMDA_RECEPTORS_AND_POSTSYNAPTIC_EVENTS	9.06061150609456e-89	3.29133577058511e-88	1.38707316810871	4.5186694766263	5.24368977084233e-08	1	23	42	2.37874286416862e-05	1	0	7.08959667712629	7.85406549065209
MMP7	ERBB4	R-HSA-442755	REACTOME_ACTIVATION_OF_NMDA_RECEPTORS_AND_POSTSYNAPTIC_EVENTS	1.03603369299375e-88	3.7492691003057e-88	7.89765195511114	4.5186694766263	5.99588590079723e-08	1	23	42	2.37874286416862e-05	1	0	7.87337272525504	7.85406549065209
CD86	CD80	R-HSA-199418	REACTOME_NEGATIVE_REGULATION_OF_THE_PI3K_AKT_NETWORK	1.28509427276612e-88	4.61575059019741e-88	6.6357588698783	10.7940639015063	1.64787903163299e-09	1	26	48	9.41910443190214e-05	1	0	4.42942857302926	-6.41387051449348
CD80	CD86	R-HSA-199418	REACTOME_NEGATIVE_REGULATION_OF_THE_PI3K_AKT_NETWORK	1.28509427276612e-88	4.61575059019741e-88	10.7940639015063	6.6357588698783	1.64787903163299e-09	1	26	48	9.41910443190214e-05	1	0	-6.41387051449348	4.42942857302926
NRG1	ERBB4	R-HSA-442755	REACTOME_ACTIVATION_OF_NMDA_RECEPTORS_AND_POSTSYNAPTIC_EVENTS	1.45647105732098e-88	5.21177516407021e-88	8.21899543308893	4.5186694766263	8.4291025828276e-08	1	23	42	2.37874286416862e-05	1	0	1.58850965471032	7.85406549065209
FYN	CD86	R-HSA-199418	REACTOME_NEGATIVE_REGULATION_OF_THE_PI3K_AKT_NETWORK	1.54038685899722e-88	5.49156504750309e-88	2.39472839386236	6.6357588698783	1.9752412405362e-09	1	26	48	9.41910443190214e-05	1	0	0.605987033652581	4.42942857302926
SHANK1	ABCA1	R-HSA-400206	REACTOME_REGULATION_OF_LIPID_METABOLISM_BY_PPARALPHA	2.08643433909156e-87	7.41070567106967e-87	1.20510439290405	7.6670000085532	7.28269065265789e-09	1	31	58	0.000404670181064959	1	0	5.37584530717573	-6.10325044131212
PKM	CD44	R-HSA-1474228	REACTOME_DEGRADATION_OF_THE_EXTRACELLULAR_MATRIX	5.29404516006848e-87	1.87342778911648e-86	1.1268241537222	1.69913352091108	5.69114299787185e-12	1	17	32	5.77904180585202e-06	1	0	-6.41387051449348	1.05564596780402
PSEN1	CD44	R-HSA-1474228	REACTOME_DEGRADATION_OF_THE_EXTRACELLULAR_MATRIX	1.12135101169101e-86	3.95358683901351e-86	1.03037213848847	1.69913352091108	1.20546175285351e-11	1	17	32	5.77904180585202e-06	1	0	5.73356893136081	1.05564596780402
SEMA7A	PLXNC1	R-HSA-373755	REACTOME_SEMAPHORIN_INTERACTIONS	1.71913301491665e-86	6.03900571906618e-86	10.1540924938032	6.26715370663822	3.09207176696252e-10	1	20	37	1.56432404449575e-05	1	0	4.36425973148791	-6.22103300644298
VIM	CD44	R-HSA-1474228	REACTOME_DEGRADATION_OF_THE_EXTRACELLULAR_MATRIX	3.16352336870371e-86	1.1072331790463e-85	1.27422084998371	1.69913352091108	3.40081418349087e-11	1	17	32	5.77904180585202e-06	1	0	0.440157696238909	1.05564596780402
LGALS1	PTPRC	R-HSA-373755	REACTOME_SEMAPHORIN_INTERACTIONS	1.10104214895718e-85	3.83963425763615e-85	1.61005570913142	17.6620768715471	1.98035946810742e-09	1	20	37	1.56432404449575e-05	1	0	-5.03695118880787	6.74481792412333
MMP7	CD44	R-HSA-1474228	REACTOME_DEGRADATION_OF_THE_EXTRACELLULAR_MATRIX	1.17789380309789e-85	4.09275419264811e-85	7.89765195511114	1.69913352091108	1.2662457283705e-10	1	17	32	5.77904180585202e-06	1	0	7.87337272525504	1.05564596780402
MMP9	ITGB2	R-HSA-202733	REACTOME_CELL_SURFACE_INTERACTIONS_AT_THE_VASCULAR_WALL	3.9935053729978e-85	1.38258904429779e-84	15.8939127872024	13.6327398498456	4.7629353995605e-20	1	18	34	4.17759252207652e-05	1	0	3.20808982866359	5.28850769701234
SPP1	CD44	R-HSA-1474228	REACTOME_DEGRADATION_OF_THE_EXTRACELLULAR_MATRIX	5.21687058963657e-85	1.79963269620916e-84	2.09497256602496	1.69913352091108	5.60817968667077e-10	1	17	32	5.77904180585202e-06	1	0	-5.4964540916368	1.05564596780402
CD22	PTPRC	R-HSA-373755	REACTOME_SEMAPHORIN_INTERACTIONS	8.3592382564414e-85	2.87330089173022e-84	15.9289740790085	17.6620768715471	1.50351161787842e-08	1	20	37	1.56432404449575e-05	1	0	5.90031750268453	6.74481792412333
RPS19	C5AR1	R-HSA-375276	REACTOME_PEPTIDE_LIGAND_BINDING_RECEPTORS	1.15053759972682e-84	3.94059127906434e-84	7.68662722401	14.1537934450557	6.64540374843446e-16	1	12	22	1.64917183768549e-07	1	0	5.47665149543189	3.35893735852063
IL33	IL1RAP	R-HSA-9020702	REACTOME_INTERLEUKIN_1_SIGNALING	1.72199720033984e-84	5.87685165525234e-84	5.03922317974234	1.24220077697132	1.19213928153421e-12	1	29	54	0.000446342526922986	1	0	6.46726482775296	-1.29225977430019
IL1B	IL1RAP	R-HSA-9020702	REACTOME_INTERLEUKIN_1_SIGNALING	2.55291718781748e-84	8.68172901814525e-84	20.423259395131	1.24220077697132	1.76738548790929e-12	1	29	54	0.000446342526922986	1	0	3.83293866740966	-1.29225977430019
ADAM17	ITGA5	R-HSA-418555	REACTOME_G_ALPHA_S_SIGNALLING_EVENTS	8.49854106817422e-84	2.8798943054343e-83	1.38707316810871	3.20605504250472	2.36783062767134e-09	1	22	40	3.13824844183077e-05	1	0	7.08959667712629	6.6526553313784
SPP1	ITGA5	R-HSA-418555	REACTOME_G_ALPHA_S_SIGNALLING_EVENTS	4.30392479541895e-83	1.45333235169253e-82	2.09497256602496	3.20605504250472	1.19914287264561e-08	1	22	40	3.13824844183077e-05	1	0	-5.4964540916368	6.6526553313784
ICAM2	ITGB2	R-HSA-202733	REACTOME_CELL_SURFACE_INTERACTIONS_AT_THE_VASCULAR_WALL	5.11583674929644e-83	1.72143419037729e-82	5.98009676035307	13.6327398498456	6.10150674050689e-18	1	18	34	4.17759252207652e-05	1	0	4.48989711598673	5.28850769701234
TGFB1	CXCR4	R-HSA-375276	REACTOME_PEPTIDE_LIGAND_BINDING_RECEPTORS	7.03998641136e-83	2.36061082814484e-82	3.57520126226616	6.06665293294826	4.06623408901089e-14	1	12	22	1.64917183768549e-07	1	0	2.93572819389576	-4.94652109791248
B2M	TYROBP	R-HSA-373755	REACTOME_SEMAPHORIN_INTERACTIONS	1.99362901773137e-82	6.66163842510239e-82	4.33780628352636	12.4451635196177	4.96381452311151e-13	1	19	35	2.23786344898166e-05	1	0	7.29786795683269	1.02625558347166
FYN	TYROBP	R-HSA-373755	REACTOME_SEMAPHORIN_INTERACTIONS	2.38207826472986e-82	7.93198977734701e-82	2.39472839386236	12.4451635196177	5.93099046035635e-13	1	19	35	2.23786344898166e-05	1	0	0.605987033652581	1.02625558347166
GNAS	ADCY8	R-HSA-418555	REACTOME_G_ALPHA_S_SIGNALLING_EVENTS	3.16697295583963e-82	1.05090901891011e-81	3.90700276139367	13.8269451132053	2.05691648699432e-11	1	20	37	3.13824844183077e-05	1	0	4.12344928606252	9.37081217912184
C3	ITGB2	R-HSA-202733	REACTOME_CELL_SURFACE_INTERACTIONS_AT_THE_VASCULAR_WALL	3.94116732674153e-82	1.30330326425694e-81	4.42606497435535	13.6327398498456	4.70051336428709e-17	1	18	34	4.17759252207652e-05	1	0	-5.10898578169431	5.28850769701234
ICAM5	ITGB2	R-HSA-202733	REACTOME_CELL_SURFACE_INTERACTIONS_AT_THE_VASCULAR_WALL	5.4362153084016e-82	1.7915225019784e-81	7.64111910296574	13.6327398498456	6.4836127446054e-17	1	18	34	4.17759252207652e-05	1	0	7.69990541806973	5.28850769701234
ICAM3	ITGB2	R-HSA-202733	REACTOME_CELL_SURFACE_INTERACTIONS_AT_THE_VASCULAR_WALL	6.09206108528831e-82	2.00078307561352e-81	7.23202815492978	13.6327398498456	7.26582054843291e-17	1	18	34	4.17759252207652e-05	1	0	5.67876194855417	5.28850769701234
CXCL13	CXCR5	R-HSA-375276	REACTOME_PEPTIDE_LIGAND_BINDING_RECEPTORS	1.15251668570262e-81	3.7722303808492e-81	18.7693676421855	9.36128547430657	1.33136675364403e-12	1	11	21	1.64917183768549e-07	1	0	5.75188968461605	5.74596501783531
SEMA6D	TYROBP	R-HSA-373755	REACTOME_SEMAPHORIN_INTERACTIONS	1.93228922667951e-81	6.30294342988317e-81	11.4794390376106	12.4451635196177	4.8110883423829e-12	1	19	35	2.23786344898166e-05	1	0	4.07770211566635	1.02625558347166
IL16	CD4	R-HSA-202403	REACTOME_TCR_SIGNALING	3.71608998100101e-81	1.20804416670507e-80	8.17450987137151	14.0155388412442	5.16170735799268e-14	1	19	35	3.0366431607303e-05	1	0	3.2068237045736	6.05331035232973
LGALS1	PTPRC	R-HSA-202403	REACTOME_TCR_SIGNALING	8.65884436855461e-81	2.80534856400131e-80	1.61005570913142	17.6620768715471	1.98035946810742e-09	1	19	36	3.0366431607303e-05	1	0	-5.03695118880787	6.74481792412333
IL36G	IL1RAP	R-HSA-9020702	REACTOME_INTERLEUKIN_1_SIGNALING	1.2512649569485e-80	4.0402797768135e-80	14.702184993824	1.24220077697132	8.66251180019994e-09	1	29	54	0.000446342526922986	1	0	6.8145896735638	-1.29225977430019
FABP5	RXRA	R-HSA-400206	REACTOME_REGULATION_OF_LIPID_METABOLISM_BY_PPARALPHA	1.92362851043715e-80	6.19046893123902e-80	9.39176574212	2.10851014331761	7.25177582024761e-13	1	30	55	0.000635435754832597	1	0	-3.52378407843682	7.1217491498643
TGFB1	CXCR4	R-HSA-9758941	REACTOME_GASTRULATION	4.389148547654e-80	1.40775700909705e-79	3.57520126226616	6.06665293294826	4.06623408901089e-14	1	21	39	9.07113459512606e-05	1	0	2.93572819389576	-4.94652109791248
CD22	PTPRC	R-HSA-202403	REACTOME_TCR_SIGNALING	6.57389393955058e-80	2.10145476267634e-79	15.9289740790085	17.6620768715471	1.50351161787842e-08	1	19	36	3.0366431607303e-05	1	0	5.90031750268453	6.74481792412333
VEGFA	NRP1	R-HSA-373755	REACTOME_SEMAPHORIN_INTERACTIONS	7.89075699188863e-80	2.51403187881103e-79	3.83758049527232	2.25652504794621	3.30124720113194e-13	1	19	36	5.56687026119645e-05	1	0	3.57040038685763	10.030876423867
ABCA1	RXRA	R-HSA-400206	REACTOME_REGULATION_OF_LIPID_METABOLISM_BY_PPARALPHA	1.30138981978824e-79	4.13255906349974e-79	7.6670000085532	2.10851014331761	4.90603418313449e-12	1	30	55	0.000635435754832597	1	0	-6.10325044131212	7.1217491498643
ITGAM	ITGB2	R-HSA-202733	REACTOME_CELL_SURFACE_INTERACTIONS_AT_THE_VASCULAR_WALL	1.32798458671124e-79	4.20309313087816e-79	16.5686107503802	13.6327398498456	1.58384782474191e-14	1	18	34	4.17759252207652e-05	1	0	4.90223579415257	5.28850769701234
FYN	NRP1	R-HSA-373755	REACTOME_SEMAPHORIN_INTERACTIONS	2.08343926828267e-79	6.57242848119435e-79	2.39472839386236	2.25652504794621	8.71646162746716e-13	1	19	36	5.56687026119645e-05	1	0	0.605987033652581	10.030876423867
C3	C3AR1	R-HSA-375276	REACTOME_PEPTIDE_LIGAND_BINDING_RECEPTORS	3.25009612782323e-79	1.02191547101065e-78	4.42606497435535	6.3962542748394	6.61082738667129e-16	1	11	21	5.50026230939117e-07	1	0	-5.10898578169431	5.9117652192184
VEGFB	NRP1	R-HSA-373755	REACTOME_SEMAPHORIN_INTERACTIONS	3.45180586627085e-79	1.08179144632475e-78	1.66495807988446	2.25652504794621	1.44412817003379e-12	1	19	36	5.56687026119645e-05	1	0	4.11030357103874	10.030876423867
FABP5	RXRA	R-HSA-400253	REACTOME_CIRCADIAN_CLOCK	1.31264357251168e-78	4.10040777211304e-78	9.39176574212	2.10851014331761	7.25177582024761e-13	1	24	44	0.000192135787591812	1	0	-3.52378407843682	7.1217491498643
ITGB2	ITGAL	R-HSA-202733	REACTOME_CELL_SURFACE_INTERACTIONS_AT_THE_VASCULAR_WALL	1.6427389607419e-78	5.11489176412819e-78	13.6327398498456	8.16847381243557	1.63698251335501e-17	1	18	33	4.17759252207652e-05	1	0	5.28850769701234	6.03365906329367
ABCA1	RXRA	R-HSA-400253	REACTOME_CIRCADIAN_CLOCK	8.88040998045386e-78	2.75608840493698e-77	7.6670000085532	2.10851014331761	4.90603418313449e-12	1	24	44	0.000192135787591812	1	0	-6.10325044131212	7.1217491498643
FABP5	RXRA	R-HSA-8978868	REACTOME_FATTY_ACID_METABOLISM	1.1923838557809e-77	3.68869715385125e-77	9.39176574212	2.10851014331761	7.25177582024761e-13	1	26	49	0.000531943085767969	1	0	-3.52378407843682	7.1217491498643
ABCA1	RXRA	R-HSA-8978868	REACTOME_FATTY_ACID_METABOLISM	8.06681852953236e-77	2.48748519929953e-76	7.6670000085532	2.10851014331761	4.90603418313449e-12	1	26	49	0.000531943085767969	1	0	-6.10325044131212	7.1217491498643
ICAM2	ITGAL	R-HSA-202733	REACTOME_CELL_SURFACE_INTERACTIONS_AT_THE_VASCULAR_WALL	1.05364384599091e-76	3.23860400097846e-76	5.98009676035307	8.16847381243557	1.04995169190623e-15	1	18	33	4.17759252207652e-05	1	0	4.48989711598673	6.03365906329367
TLN1	ITGB5	R-HSA-397014	REACTOME_MUSCLE_CONTRACTION	2.24537687883262e-76	6.87960519744562e-76	1.599479448771	1.34376876136635	1.51576644915834e-10	1	14	27	5.97466940811039e-06	1	0	4.45852991249517	4.90963413720588
TGFB1	ITGB5	R-HSA-397014	REACTOME_MUSCLE_CONTRACTION	3.09435551463048e-76	9.45059534563895e-76	3.57520126226616	1.34376876136635	2.08887884927518e-10	1	14	27	5.97466940811039e-06	1	0	2.93572819389576	4.90963413720588
MMP9	ITGAM	R-HSA-202733	REACTOME_CELL_SURFACE_INTERACTIONS_AT_THE_VASCULAR_WALL	4.09970776584054e-76	1.2481332531559e-75	15.8939127872024	16.5686107503802	7.93005730651652e-15	1	17	32	4.17759252207652e-05	1	0	3.20808982866359	4.90223579415257
ITGB2	ITGAM	R-HSA-202733	REACTOME_CELL_SURFACE_INTERACTIONS_AT_THE_VASCULAR_WALL	8.18822989042991e-76	2.48497229902604e-75	13.6327398498456	16.5686107503802	1.58384782474191e-14	1	17	32	4.17759252207652e-05	1	0	5.28850769701234	4.90223579415257
TYROBP	TREM2	R-HSA-373755	REACTOME_SEMAPHORIN_INTERACTIONS	9.31646823074556e-76	2.81845206097318e-75	12.4451635196177	16.296248969742	8.43768315054243e-13	1	18	34	5.56687026119645e-05	1	0	1.02625558347166	6.28830278494697
ICAM5	ITGAL	R-HSA-202733	REACTOME_CELL_SURFACE_INTERACTIONS_AT_THE_VASCULAR_WALL	1.1196281441089e-75	3.37648864842906e-75	7.64111910296574	8.16847381243557	1.11570476939237e-14	1	18	33	4.17759252207652e-05	1	0	7.69990541806973	6.03365906329367
ICAM3	ITGAL	R-HSA-202733	REACTOME_CELL_SURFACE_INTERACTIONS_AT_THE_VASCULAR_WALL	1.25470435951606e-75	3.77197956356082e-75	7.23202815492978	8.16847381243557	1.2503076538895e-14	1	18	33	4.17759252207652e-05	1	0	5.67876194855417	6.03365906329367
YWHAZ	IL3RA	R-HSA-512988	REACTOME_INTERLEUKIN_3_INTERLEUKIN_5_AND_GM_CSF_SIGNALING	1.70412737695768e-74	5.10705673282005e-74	2.06184908034546	10.7521040912945	1.04493989718807e-13	1	15	28	1.3029868730362e-05	1	0	-1.44924928414852	-0.766720389792181
YWHAZ	CSF2RB	R-HSA-512988	REACTOME_INTERLEUKIN_3_INTERLEUKIN_5_AND_GM_CSF_SIGNALING	2.7899052728152e-74	8.33495064370648e-74	2.06184908034546	10.6537454223187	1.71071914480039e-13	1	15	28	1.3029868730362e-05	1	0	-1.44924928414852	-3.11866725416418
ICAM2	ITGAM	R-HSA-202733	REACTOME_CELL_SURFACE_INTERACTIONS_AT_THE_VASCULAR_WALL	5.25188617290351e-74	1.56414870801692e-73	5.98009676035307	16.5686107503802	1.01587139125971e-12	1	17	32	4.17759252207652e-05	1	0	4.48989711598673	4.90223579415257
YWHAZ	CSF2RA	R-HSA-512988	REACTOME_INTERLEUKIN_3_INTERLEUKIN_5_AND_GM_CSF_SIGNALING	6.84422905481551e-74	2.03207915280745e-73	2.06184908034546	5.20503754005317	4.19675671054496e-13	1	15	28	1.3029868730362e-05	1	0	-1.44924928414852	5.64681417033611
SPP1	ITGB5	R-HSA-397014	REACTOME_MUSCLE_CONTRACTION	8.92773360617005e-74	2.64249892849292e-73	2.09497256602496	1.34376876136635	6.02676512563517e-08	1	14	27	5.97466940811039e-06	1	0	-5.4964540916368	4.90963413720588
B2M	TREM2	R-HSA-373755	REACTOME_SEMAPHORIN_INTERACTIONS	1.58954881054644e-73	4.69039172096626e-73	4.33780628352636	16.296248969742	1.43961304686799e-10	1	18	34	5.56687026119645e-05	1	0	7.29786795683269	6.28830278494697
FYN	TREM2	R-HSA-373755	REACTOME_SEMAPHORIN_INTERACTIONS	1.89926492775401e-73	5.58710142857699e-73	2.39472839386236	16.296248969742	1.72011488499905e-10	1	18	34	5.56687026119645e-05	1	0	0.605987033652581	6.28830278494697
C3	ITGAM	R-HSA-202733	REACTOME_CELL_SURFACE_INTERACTIONS_AT_THE_VASCULAR_WALL	4.04597785323379e-73	1.18657270986275e-72	4.42606497435535	16.5686107503802	7.82612763387111e-12	1	17	32	4.17759252207652e-05	1	0	-5.10898578169431	4.90223579415257
GNAS	ADCY1	R-HSA-5358351	REACTOME_SIGNALING_BY_HEDGEHOG	1.32560564956604e-72	3.87577993272509e-72	3.90700276139367	9.19292090268125	1.0670582363924e-12	1	24	45	0.000505639805773181	1	0	4.12344928606252	-1.7710651724855
SEMA6D	TREM2	R-HSA-373755	REACTOME_SEMAPHORIN_INTERACTIONS	1.54064172149503e-72	4.49080672010254e-72	11.4794390376106	16.296248969742	1.39531916736231e-09	1	18	34	5.56687026119645e-05	1	0	4.07770211566635	6.28830278494697
HBEGF	ERBB4	R-HSA-2219530	REACTOME_CONSTITUTIVE_SIGNALING_BY_ABERRANT_PI3K_IN_CANCER	2.72971692948685e-72	7.93272283447845e-72	5.1186235848315	4.5186694766263	2.72015151936314e-11	1	18	33	4.17759252207652e-05	1	0	-1.34775337552078	7.85406549065209
EFNB2	PECAM1	R-HSA-202733	REACTOME_CELL_SURFACE_INTERACTIONS_AT_THE_VASCULAR_WALL	2.51323405331996e-71	7.28154518771552e-71	2.67060222794057	11.7147518895933	4.86134407763816e-10	1	17	32	4.17759252207652e-05	1	0	-3.78976403409972	5.72784319756764
GNAS	ADCY8	R-HSA-163685	REACTOME_INTEGRATION_OF_ENERGY_METABOLISM	2.52428069866325e-71	7.29152165668089e-71	3.90700276139367	13.8269451132053	2.05691648699432e-11	1	19	36	0.000131355029844681	1	0	4.12344928606252	9.37081217912184
GNAS	ADCY8	R-HSA-5358351	REACTOME_SIGNALING_BY_HEDGEHOG	2.55530581448274e-71	7.35897380206891e-71	3.90700276139367	13.8269451132053	2.05691648699432e-11	1	24	45	0.000505639805773181	1	0	4.12344928606252	9.37081217912184
ADAM17	ITGA5	R-HSA-202733	REACTOME_CELL_SURFACE_INTERACTIONS_AT_THE_VASCULAR_WALL	1.22412906202862e-70	3.51478973199235e-70	1.38707316810871	3.20605504250472	2.36783062767134e-09	1	17	32	4.17759252207652e-05	1	0	7.08959667712629	6.6526553313784
GNAS	PTGIR	R-HSA-418555	REACTOME_G_ALPHA_S_SIGNALLING_EVENTS	1.86720240798963e-70	5.34521525152851e-70	3.90700276139367	9.59784684660893	3.41915245197428e-13	1	20	37	0.000177631516227514	1	0	4.12344928606252	-5.6021599082548
FYN	SPN	R-HSA-202733	REACTOME_CELL_SURFACE_INTERACTIONS_AT_THE_VASCULAR_WALL	2.32043652487811e-70	6.62291258142294e-70	2.39472839386236	3.58434687632486	3.75014554720693e-13	1	17	31	4.17759252207652e-05	1	0	0.605987033652581	4.18725189331608
CSF2	IL3RA	R-HSA-512988	REACTOME_INTERLEUKIN_3_INTERLEUKIN_5_AND_GM_CSF_SIGNALING	4.37573346332922e-70	1.24520130306609e-69	7.43622871191756	10.7521040912945	2.68312013357625e-09	1	15	28	1.3029868730362e-05	1	0	2.86889441396839	-0.766720389792181
GNAS	ADCY1	R-HSA-418555	REACTOME_G_ALPHA_S_SIGNALLING_EVENTS	5.82721518400442e-70	1.65334300634918e-69	3.90700276139367	9.19292090268125	1.0670582363924e-12	1	20	37	0.000177631516227514	1	0	4.12344928606252	-1.7710651724855
SPP1	ITGA5	R-HSA-202733	REACTOME_CELL_SURFACE_INTERACTIONS_AT_THE_VASCULAR_WALL	6.19936925713979e-70	1.75374487244751e-69	2.09497256602496	3.20605504250472	1.19914287264561e-08	1	17	32	4.17759252207652e-05	1	0	-5.4964540916368	6.6526553313784
UBC	ERBB4	R-HSA-2219530	REACTOME_CONSTITUTIVE_SIGNALING_BY_ABERRANT_PI3K_IN_CANCER	7.0339612243339e-70	1.98399082768712e-69	4.19689819640229	4.5186694766263	7.00931298217434e-09	1	18	33	4.17759252207652e-05	1	0	4.63774849711558	7.85406549065209
CSF2	CSF2RB	R-HSA-512988	REACTOME_INTERLEUKIN_3_INTERLEUKIN_5_AND_GM_CSF_SIGNALING	7.16371441879565e-70	2.0146633805352e-69	7.43622871191756	10.6537454223187	4.39265932199557e-09	1	15	28	1.3029868730362e-05	1	0	2.86889441396839	-3.11866725416418
TGFB1	SDC2	R-HSA-202733	REACTOME_CELL_SURFACE_INTERACTIONS_AT_THE_VASCULAR_WALL	1.22198818200219e-69	3.42656920040964e-69	3.57520126226616	6.92810601340794	1.97490148527796e-12	1	17	31	4.17759252207652e-05	1	0	2.93572819389576	-3.43895894693805
CSF2	CSF2RA	R-HSA-512988	REACTOME_INTERLEUKIN_3_INTERLEUKIN_5_AND_GM_CSF_SIGNALING	1.75741100758046e-69	4.91357771507189e-69	7.43622871191756	5.20503754005317	1.07761244987258e-08	1	15	28	1.3029868730362e-05	1	0	2.86889441396839	5.64681417033611
ADAM17	ERBB4	R-HSA-2219530	REACTOME_CONSTITUTIVE_SIGNALING_BY_ABERRANT_PI3K_IN_CANCER	5.26212920072797e-69	1.46697148357504e-68	1.38707316810871	4.5186694766263	5.24368977084233e-08	1	18	33	4.17759252207652e-05	1	0	7.08959667712629	7.85406549065209
MMP7	ERBB4	R-HSA-2219530	REACTOME_CONSTITUTIVE_SIGNALING_BY_ABERRANT_PI3K_IN_CANCER	6.01697042762886e-69	1.67254337394089e-68	7.89765195511114	4.5186694766263	5.99588590079723e-08	1	18	33	4.17759252207652e-05	1	0	7.87337272525504	7.85406549065209
TGM2	ITGA4	R-HSA-202733	REACTOME_CELL_SURFACE_INTERACTIONS_AT_THE_VASCULAR_WALL	6.99700848957262e-69	1.93934426054918e-68	2.47405738476075	9.89659053145497	1.13081310131154e-11	1	17	31	4.17759252207652e-05	1	0	4.36595141340137	5.66544909400929
NRG1	ERBB4	R-HSA-2219530	REACTOME_CONSTITUTIVE_SIGNALING_BY_ABERRANT_PI3K_IN_CANCER	8.45874351371165e-69	2.33773343793933e-68	8.21899543308893	4.5186694766263	8.4291025828276e-08	1	18	33	4.17759252207652e-05	1	0	1.58850965471032	7.85406549065209
TLN1	ITGB5	R-HSA-2173789	REACTOME_TGF_BETA_RECEPTOR_SIGNALING_ACTIVATES_SMADS	1.69771007256162e-68	4.67845965398446e-68	1.599479448771	1.34376876136635	1.51576644915834e-10	1	18	34	0.000109677057854645	1	0	4.45852991249517	4.90963413720588
TGFB1	ITGB5	R-HSA-2173789	REACTOME_TGF_BETA_RECEPTOR_SIGNALING_ACTIVATES_SMADS	2.33961548940772e-68	6.42891476888827e-68	3.57520126226616	1.34376876136635	2.08887884927518e-10	1	18	34	0.000109677057854645	1	0	2.93572819389576	4.90963413720588
SPP1	ITGA4	R-HSA-202733	REACTOME_CELL_SURFACE_INTERACTIONS_AT_THE_VASCULAR_WALL	1.16525282276984e-67	3.19279273438936e-67	2.09497256602496	9.89659053145497	1.88320931765637e-10	1	17	31	4.17759252207652e-05	1	0	-5.4964540916368	5.66544909400929
ADAM28	ITGA4	R-HSA-202733	REACTOME_CELL_SURFACE_INTERACTIONS_AT_THE_VASCULAR_WALL	1.59441760627309e-66	4.35625779035867e-66	13.7179473321254	9.89659053145497	2.57679881455385e-09	1	17	31	4.17759252207652e-05	1	0	4.36456971027165	5.66544909400929
CSF2	SDC2	R-HSA-202733	REACTOME_CELL_SURFACE_INTERACTIONS_AT_THE_VASCULAR_WALL	2.41794599098403e-66	6.58752899248206e-66	7.43622871191756	6.92810601340794	3.90773429665434e-09	1	17	31	4.17759252207652e-05	1	0	2.86889441396839	-3.43895894693805
FYN	CD80	R-HSA-2219530	REACTOME_CONSTITUTIVE_SIGNALING_BY_ABERRANT_PI3K_IN_CANCER	6.57770331582787e-66	1.78697379033397e-65	2.39472839386236	10.7940639015063	1.00871075128725e-10	1	18	33	9.64381260336487e-05	1	0	0.605987033652581	-6.41387051449348
SPP1	ITGB5	R-HSA-2173789	REACTOME_TGF_BETA_RECEPTOR_SIGNALING_ACTIVATES_SMADS	6.75018230178882e-66	1.82865108119081e-65	2.09497256602496	1.34376876136635	6.02676512563517e-08	1	18	34	0.000109677057854645	1	0	-5.4964540916368	4.90963413720588
CD274	CD80	R-HSA-2219530	REACTOME_CONSTITUTIVE_SIGNALING_BY_ABERRANT_PI3K_IN_CANCER	3.2709820010462e-65	8.83625841972762e-65	7.54483912201574	10.7940639015063	5.01615009570727e-10	1	18	33	9.64381260336487e-05	1	0	-6.41387051449348	-6.41387051449348
CD86	CD80	R-HSA-2219530	REACTOME_CONSTITUTIVE_SIGNALING_BY_ABERRANT_PI3K_IN_CANCER	1.07456566281495e-64	2.88657834913035e-64	6.6357588698783	10.7940639015063	1.64787903163299e-09	1	18	33	9.64381260336487e-05	1	0	4.42942857302926	-6.41387051449348
CD80	CD86	R-HSA-2219530	REACTOME_CONSTITUTIVE_SIGNALING_BY_ABERRANT_PI3K_IN_CANCER	1.07456566281495e-64	2.88657834913035e-64	10.7940639015063	6.6357588698783	1.64787903163299e-09	1	18	33	9.64381260336487e-05	1	0	-6.41387051449348	4.42942857302926
FYN	CD86	R-HSA-2219530	REACTOME_CONSTITUTIVE_SIGNALING_BY_ABERRANT_PI3K_IN_CANCER	1.28803533033177e-64	3.45035162510662e-64	2.39472839386236	6.6357588698783	1.9752412405362e-09	1	18	33	9.64381260336487e-05	1	0	0.605987033652581	4.42942857302926
GNAS	ADCY1	R-HSA-163685	REACTOME_INTEGRATION_OF_ENERGY_METABOLISM	7.71637434903279e-63	2.06128217290319e-62	3.90700276139367	9.19292090268125	1.0670582363924e-12	1	19	36	0.000458538742193751	1	0	4.12344928606252	-1.7710651724855
FABP5	RXRA	R-HSA-9707616	REACTOME_HEME_SIGNALING	3.56047069540356e-62	9.48469832470003e-62	9.39176574212	2.10851014331761	7.25177582024761e-13	1	11	20	3.48696691046617e-06	1	0	-3.52378407843682	7.1217491498643
TGFB1	TGFBR1	R-HSA-2173789	REACTOME_TGF_BETA_RECEPTOR_SIGNALING_ACTIVATES_SMADS	3.76986139666967e-62	1.00146733501557e-61	3.57520126226616	1.05004843782037	1.10190032218372e-08	1	17	31	7.42080346617601e-05	1	0	2.93572819389576	3.74808244272111
GNAS	ADCY8	R-HSA-9662851	REACTOME_ANTI_INFLAMMATORY_RESPONSE_FAVOURING_LEISHMANIA_PARASITE_INFECTION	9.52356050449232e-62	2.52295428834479e-61	3.90700276139367	13.8269451132053	2.05691648699432e-11	1	15	29	0.000131355029844681	1	0	4.12344928606252	9.37081217912184
ADAM17	ITGA5	R-HSA-8878166	REACTOME_TRANSCRIPTIONAL_REGULATION_BY_RUNX2	1.19528608733395e-61	3.15779437397592e-61	1.38707316810871	3.20605504250472	2.36783062767134e-09	1	26	48	0.00138131520414143	1	0	7.08959667712629	6.6526553313784
ABCA1	RXRA	R-HSA-9707616	REACTOME_HEME_SIGNALING	2.40876047090794e-61	6.34615739450747e-61	7.6670000085532	2.10851014331761	4.90603418313449e-12	1	11	20	3.48696691046617e-06	1	0	-6.10325044131212	7.1217491498643
UBC	TGFBR1	R-HSA-2173789	REACTOME_TGF_BETA_RECEPTOR_SIGNALING_ACTIVATES_SMADS	2.87087685026332e-61	7.54293397096582e-61	4.19689819640229	1.05004843782037	8.39134332378776e-08	1	17	31	7.42080346617601e-05	1	0	4.63774849711558	3.74808244272111
IL16	CD4	R-HSA-388841	REACTOME_COSTIMULATION_BY_THE_CD28_FAMILY	3.54204034810423e-61	9.28091992850262e-61	8.17450987137151	14.0155388412442	5.16170735799268e-14	1	12	22	1.51612064028951e-05	1	0	3.2068237045736	6.05331035232973
SPP1	ITGA5	R-HSA-8878166	REACTOME_TRANSCRIPTIONAL_REGULATION_BY_RUNX2	6.05329948708608e-61	1.58177498858734e-60	2.09497256602496	3.20605504250472	1.19914287264561e-08	1	26	48	0.00138131520414143	1	0	-5.4964540916368	6.6526553313784
TLN1	ITGB5	R-HSA-445355	REACTOME_SMOOTH_MUSCLE_CONTRACTION	1.15295587948614e-60	3.00457795768262e-60	1.599479448771	1.34376876136635	1.51576644915834e-10	1	10	19	3.1014321628005e-06	1	0	4.45852991249517	4.90963413720588
TGFB1	ITGB5	R-HSA-445355	REACTOME_SMOOTH_MUSCLE_CONTRACTION	1.58888933855434e-60	4.12938990697455e-60	3.57520126226616	1.34376876136635	2.08887884927518e-10	1	10	19	3.1014321628005e-06	1	0	2.93572819389576	4.90963413720588
FABP5	RXRA	R-HSA-381340	REACTOME_TRANSCRIPTIONAL_REGULATION_OF_WHITE_ADIPOCYTE_DIFFERENTIATION	8.70569680671733e-60	2.25642249665998e-59	9.39176574212	2.10851014331761	7.25177582024761e-13	1	16	30	0.000211835859060914	1	0	-3.52378407843682	7.1217491498643
GNAS	ADCY1	R-HSA-111885	REACTOME_OPIOID_SIGNALLING	1.41425573058394e-59	3.65571764320755e-59	3.90700276139367	9.19292090268125	1.0670582363924e-12	1	19	35	0.000472767401523943	1	0	4.12344928606252	-1.7710651724855
TGFB1	SDC2	R-HSA-196854	REACTOME_METABOLISM_OF_VITAMINS_AND_COFACTORS	5.32937544106147e-59	1.37389006666074e-58	3.57520126226616	6.92810601340794	1.97490148527796e-12	1	15	28	0.000135086635540824	1	0	2.93572819389576	-3.43895894693805
FABP5	RXRA	R-HSA-1592230	REACTOME_MITOCHONDRIAL_BIOGENESIS	5.48349073842291e-59	1.40983046062937e-58	9.39176574212	2.10851014331761	7.25177582024761e-13	1	23	42	0.00128521672823962	1	0	-3.52378407843682	7.1217491498643
ABCA1	RXRA	R-HSA-381340	REACTOME_TRANSCRIPTIONAL_REGULATION_OF_WHITE_ADIPOCYTE_DIFFERENTIATION	5.8896534008275e-59	1.51020791748491e-58	7.6670000085532	2.10851014331761	4.90603418313449e-12	1	16	30	0.000211835859060914	1	0	-6.10325044131212	7.1217491498643
TYROBP	CD300LB	R-HSA-2172127	REACTOME_DAP12_INTERACTIONS	9.24104992263241e-59	2.36324450021453e-58	12.4451635196177	16.4961450077079	1.90881792551801e-11	1	11	21	1.56432404449575e-05	1	0	1.02625558347166	1.11462006641027
FABP5	RXRA	R-HSA-9024446	REACTOME_NR1H2_AND_NR1H3_MEDIATED_SIGNALING	1.66161184318214e-58	4.23799403620125e-58	9.39176574212	2.10851014331761	7.25177582024761e-13	1	15	29	0.000270063730275365	1	0	-3.52378407843682	7.1217491498643
FYN	CSF1R	R-HSA-8853884	REACTOME_TRANSCRIPTIONAL_REGULATION_BY_VENTX	2.0897345993634e-58	5.31579703127188e-58	2.39472839386236	11.4890639378054	4.53931406800643e-12	1	14	27	0.000147463508587863	1	0	0.605987033652581	2.73337580078798
GNAS	ADCY8	R-HSA-111885	REACTOME_OPIOID_SIGNALLING	2.7261922825312e-58	6.91645079086619e-58	3.90700276139367	13.8269451132053	2.05691648699432e-11	1	19	35	0.000472767401523943	1	0	4.12344928606252	9.37081217912184
ABCA1	RXRA	R-HSA-1592230	REACTOME_MITOCHONDRIAL_BIOGENESIS	3.70973864504896e-58	9.3869112416938e-58	7.6670000085532	2.10851014331761	4.90603418313449e-12	1	23	42	0.00128521672823962	1	0	-6.10325044131212	7.1217491498643
SPP1	ITGB5	R-HSA-445355	REACTOME_SMOOTH_MUSCLE_CONTRACTION	4.58421169682269e-58	1.15691026769815e-57	2.09497256602496	1.34376876136635	6.02676512563517e-08	1	10	19	3.1014321628005e-06	1	0	-5.4964540916368	4.90963413720588
TYROBP	TREM1	R-HSA-2172127	REACTOME_DAP12_INTERACTIONS	4.69339165440652e-58	1.18135501222463e-57	12.4451635196177	14.3694371248499	9.69460201645116e-11	1	11	21	1.56432404449575e-05	1	0	1.02625558347166	3.46709716127782
ABCA1	RXRA	R-HSA-9024446	REACTOME_NR1H2_AND_NR1H3_MEDIATED_SIGNALING	1.12412803481759e-57	2.82209106123055e-57	7.6670000085532	2.10851014331761	4.90603418313449e-12	1	15	29	0.000270063730275365	1	0	-6.10325044131212	7.1217491498643
FABP5	RXRA	R-HSA-1655829	REACTOME_REGULATION_OF_CHOLESTEROL_BIOSYNTHESIS_BY_SREBP_SREBF	1.46147954478881e-57	3.65942267219967e-57	9.39176574212	2.10851014331761	7.25177582024761e-13	1	19	35	0.000635435754832597	1	0	-3.52378407843682	7.1217491498643
COL5A3	SDC3	R-HSA-196854	REACTOME_METABOLISM_OF_VITAMINS_AND_COFACTORS	2.38051267157387e-57	5.94508242718578e-57	7.22253878717918	1.32465128222274	5.08172361085832e-09	1	15	28	0.000101123166023869	1	0	-3.7873277414631	7.20209742692618
FABP5	RXRA	R-HSA-5617472	REACTOME_ACTIVATION_OF_ANTERIOR_HOX_GENES_IN_HINDBRAIN_DEVELOPMENT_DURING_EARLY_EMBRYOGENESIS	2.62057135290101e-57	6.52760500631707e-57	9.39176574212	2.10851014331761	7.25177582024761e-13	1	22	40	0.00119211998131664	1	0	-3.52378407843682	7.1217491498643
ABCA1	RXRA	R-HSA-1655829	REACTOME_REGULATION_OF_CHOLESTEROL_BIOSYNTHESIS_BY_SREBP_SREBF	9.88732799029209e-57	2.45646309396117e-56	7.6670000085532	2.10851014331761	4.90603418313449e-12	1	19	35	0.000635435754832597	1	0	-6.10325044131212	7.1217491498643
ABCA1	RXRA	R-HSA-5617472	REACTOME_ACTIVATION_OF_ANTERIOR_HOX_GENES_IN_HINDBRAIN_DEVELOPMENT_DURING_EARLY_EMBRYOGENESIS	1.77289162756225e-56	4.39328958871369e-56	7.6670000085532	2.10851014331761	4.90603418313449e-12	1	22	40	0.00119211998131664	1	0	-6.10325044131212	7.1217491498643
UBC	TLR4	R-HSA-9707616	REACTOME_HEME_SIGNALING	2.2762656076984e-56	5.62613071593498e-56	4.19689819640229	5.52538179144511	1.22862244759877e-11	1	9	17	3.48696691046617e-06	1	0	4.63774849711558	6.87606691175318
HBEGF	ERBB4	R-HSA-1236394	REACTOME_SIGNALING_BY_ERBB4	4.18376192494326e-56	1.03142099897701e-55	5.1186235848315	4.5186694766263	2.72015151936314e-11	1	15	28	0.000180321735990516	1	0	-1.34775337552078	7.85406549065209
B2M	TYROBP	R-HSA-2424491	REACTOME_DAP12_SIGNALING	4.70315089732259e-56	1.15649274629035e-55	4.33780628352636	12.4451635196177	4.96381452311151e-13	1	10	19	1.5889349844631e-05	1	0	7.29786795683269	1.02625558347166
FYN	TYROBP	R-HSA-2424491	REACTOME_DAP12_SIGNALING	5.6195377518158e-56	1.37829583222285e-55	2.39472839386236	12.4451635196177	5.93099046035635e-13	1	10	19	1.5889349844631e-05	1	0	0.605987033652581	1.02625558347166
CSF2	CSF1R	R-HSA-8853884	REACTOME_TRANSCRIPTIONAL_REGULATION_BY_VENTX	6.43414509491126e-56	1.57406763929079e-55	7.43622871191756	11.4890639378054	1.39762271026295e-09	1	14	27	0.000147463508587863	1	0	2.86889441396839	2.73337580078798
CSF2	SDC2	R-HSA-196854	REACTOME_METABOLISM_OF_VITAMINS_AND_COFACTORS	1.05452263548489e-55	2.57324989167941e-55	7.43622871191756	6.92810601340794	3.90773429665434e-09	1	15	28	0.000135086635540824	1	0	2.86889441396839	-3.43895894693805
B2M	TYROBP	R-HSA-2172127	REACTOME_DAP12_INTERACTIONS	1.183753400931e-55	2.88126779566707e-55	4.33780628352636	12.4451635196177	4.96381452311151e-13	1	11	21	4.17759252207652e-05	1	0	7.29786795683269	1.02625558347166
FYN	TYROBP	R-HSA-2172127	REACTOME_DAP12_INTERACTIONS	1.41440218921299e-55	3.43395366950697e-55	2.39472839386236	12.4451635196177	5.93099046035635e-13	1	11	21	4.17759252207652e-05	1	0	0.605987033652581	1.02625558347166
COL5A3	SDC3	R-HSA-3781865	REACTOME_DISEASES_OF_GLYCOSYLATION	2.64179553227925e-55	6.38156653767205e-55	7.22253878717918	1.32465128222274	5.08172361085832e-09	1	13	24	4.04579854871589e-05	1	0	-3.7873277414631	7.20209742692618
COL5A3	SDC3	R-HSA-5668914	REACTOME_DISEASES_OF_METABOLISM	2.64179553227925e-55	6.38156653767205e-55	7.22253878717918	1.32465128222274	5.08172361085832e-09	1	13	24	4.04579854871589e-05	1	0	-3.7873277414631	7.20209742692618
TGFB1	SDC2	R-HSA-3781865	REACTOME_DISEASES_OF_GLYCOSYLATION	3.29095556379845e-55	7.90984056562084e-55	3.57520126226616	6.92810601340794	1.97490148527796e-12	1	13	24	7.92824728938187e-05	1	0	2.93572819389576	-3.43895894693805
TGFB1	SDC2	R-HSA-5668914	REACTOME_DISEASES_OF_METABOLISM	3.29095556379845e-55	7.90984056562084e-55	3.57520126226616	6.92810601340794	1.97490148527796e-12	1	13	24	7.92824728938187e-05	1	0	2.93572819389576	-3.43895894693805
GNAS	ADCY8	R-HSA-9664323	REACTOME_FCGR3A_MEDIATED_IL10_SYNTHESIS	4.21788686014867e-55	1.01123837472064e-54	3.90700276139367	13.8269451132053	2.05691648699432e-11	1	12	22	3.13824844183077e-05	1	0	4.12344928606252	9.37081217912184
SEMA6D	TYROBP	R-HSA-2424491	REACTOME_DAP12_SIGNALING	4.5584447906391e-55	1.09016173422017e-54	11.4794390376106	12.4451635196177	4.8110883423829e-12	1	10	19	1.5889349844631e-05	1	0	4.07770211566635	1.02625558347166
GNAS	ADCY1	R-HSA-9662851	REACTOME_ANTI_INFLAMMATORY_RESPONSE_FAVOURING_LEISHMANIA_PARASITE_INFECTION	6.8524401744108e-55	1.63469903663183e-54	3.90700276139367	9.19292090268125	1.0670582363924e-12	1	15	29	0.000458538742193751	1	0	4.12344928606252	-1.7710651724855
SEMA6D	TYROBP	R-HSA-2172127	REACTOME_DAP12_INTERACTIONS	1.14733178706792e-54	2.73025107642217e-54	11.4794390376106	12.4451635196177	4.8110883423829e-12	1	11	21	4.17759252207652e-05	1	0	4.07770211566635	1.02625558347166
FYN	CSF1R	R-HSA-9680350	REACTOME_SIGNALING_BY_CSF1_M_CSF_IN_MYELOID_CELLS	2.16495707812864e-54	5.13909365823111e-54	2.39472839386236	11.4890639378054	4.53931406800643e-12	1	12	22	4.17759252207652e-05	1	0	0.605987033652581	2.73337580078798
FYN	CD80	R-HSA-388841	REACTOME_COSTIMULATION_BY_THE_CD28_FAMILY	5.97886757577287e-54	1.41573679139906e-53	2.39472839386236	10.7940639015063	1.00871075128725e-10	1	10	19	1.51612064028951e-05	1	0	0.605987033652581	-6.41387051449348
UBC	ERBB4	R-HSA-1236394	REACTOME_SIGNALING_BY_ERBB4	1.07807585592502e-53	2.54648952175392e-53	4.19689819640229	4.5186694766263	7.00931298217434e-09	1	15	28	0.000180321735990516	1	0	4.63774849711558	7.85406549065209
GNAS	ADCY8	R-HSA-112040	REACTOME_G_PROTEIN_MEDIATED_EVENTS	1.61486750942971e-53	3.80505636742774e-53	3.90700276139367	13.8269451132053	2.05691648699432e-11	1	15	28	0.000281522979290992	1	0	4.12344928606252	9.37081217912184
HBEGF	ERBB4	R-HSA-1227986	REACTOME_SIGNALING_BY_ERBB2	1.6411861091724e-53	3.85759185954983e-53	5.1186235848315	4.5186694766263	2.72015151936314e-11	1	14	26	0.000163171091325277	1	0	-1.34775337552078	7.85406549065209
CD274	CD80	R-HSA-388841	REACTOME_COSTIMULATION_BY_THE_CD28_FAMILY	2.97319098900866e-53	6.97136958058509e-53	7.54483912201574	10.7940639015063	5.01615009570727e-10	1	10	19	1.51612064028951e-05	1	0	-6.41387051449348	-6.41387051449348
TNFSF9	TNFRSF9	R-HSA-5668541	REACTOME_TNFR2_NON_CANONICAL_NF_KB_PATHWAY	6.69854639430543e-53	1.56680633954607e-52	1.27652626549096	13.593229692317	6.99869382315553e-12	1	14	26	0.00020183532818103	1	0	5.14642166628603	5.36758010479585
ADAM17	ERBB4	R-HSA-1236394	REACTOME_SIGNALING_BY_ERBB4	8.06512043660015e-53	1.8818614352067e-52	1.38707316810871	4.5186694766263	5.24368977084233e-08	1	15	28	0.000180321735990516	1	0	7.08959667712629	7.85406549065209
MMP7	ERBB4	R-HSA-1236394	REACTOME_SIGNALING_BY_ERBB4	9.22204478665687e-53	2.14658760932134e-52	7.89765195511114	4.5186694766263	5.99588590079723e-08	1	15	28	0.000180321735990516	1	0	7.87337272525504	7.85406549065209
CD86	CD80	R-HSA-388841	REACTOME_COSTIMULATION_BY_THE_CD28_FAMILY	9.76736938557794e-53	2.26801628105793e-52	6.6357588698783	10.7940639015063	1.64787903163299e-09	1	10	19	1.51612064028951e-05	1	0	4.42942857302926	-6.41387051449348
NRG1	ERBB4	R-HSA-1236394	REACTOME_SIGNALING_BY_ERBB4	1.2964483116636e-52	3.00312543692123e-52	8.21899543308893	4.5186694766263	8.4291025828276e-08	1	15	28	0.000180321735990516	1	0	1.58850965471032	7.85406549065209
CD80	CD86	R-HSA-388841	REACTOME_COSTIMULATION_BY_THE_CD28_FAMILY	1.95344695257917e-52	4.51410994583957e-52	10.7940639015063	6.6357588698783	1.64787903163299e-09	1	11	20	1.51612064028951e-05	1	0	-6.41387051449348	4.42942857302926
FYN	CD86	R-HSA-388841	REACTOME_COSTIMULATION_BY_THE_CD28_FAMILY	2.34151227600152e-52	5.39786123241696e-52	2.39472839386236	6.6357588698783	1.9752412405362e-09	1	11	20	1.51612064028951e-05	1	0	0.605987033652581	4.42942857302926
TYROBP	TREM2	R-HSA-2172127	REACTOME_DAP12_INTERACTIONS	5.9759849606569e-52	1.37104535341387e-51	12.4451635196177	16.296248969742	8.43768315054243e-13	1	9	18	4.17759252207652e-05	1	0	1.02625558347166	6.28830278494697
TYROBP	TREM2	R-HSA-2424491	REACTOME_DAP12_SIGNALING	5.9759849606569e-52	1.37104535341387e-51	12.4451635196177	16.296248969742	8.43768315054243e-13	1	9	18	4.17759252207652e-05	1	0	1.02625558347166	6.28830278494697
CSF2	SDC2	R-HSA-3781865	REACTOME_DISEASES_OF_GLYCOSYLATION	6.51180832121894e-52	1.48686290001166e-51	7.43622871191756	6.92810601340794	3.90773429665434e-09	1	13	24	7.92824728938187e-05	1	0	2.86889441396839	-3.43895894693805
CSF2	SDC2	R-HSA-5668914	REACTOME_DISEASES_OF_METABOLISM	6.51180832121894e-52	1.48686290001166e-51	7.43622871191756	6.92810601340794	3.90773429665434e-09	1	13	24	7.92824728938187e-05	1	0	2.86889441396839	-3.43895894693805
CSF2	CSF1R	R-HSA-9680350	REACTOME_SIGNALING_BY_CSF1_M_CSF_IN_MYELOID_CELLS	6.66574978907765e-52	1.5183976360393e-51	7.43622871191756	11.4890639378054	1.39762271026295e-09	1	12	22	4.17759252207652e-05	1	0	2.86889441396839	2.73337580078798
GNAS	ADCY1	R-HSA-112040	REACTOME_G_PROTEIN_MEDIATED_EVENTS	7.72990405890402e-52	1.75662985604004e-51	3.90700276139367	9.19292090268125	1.0670582363924e-12	1	15	28	0.000458538742193751	1	0	4.12344928606252	-1.7710651724855
FABP5	RXRA	R-HSA-9707564	REACTOME_CYTOPROTECTION_BY_HMOX1	8.42471032170315e-52	1.90999933771001e-51	9.39176574212	2.10851014331761	7.25177582024761e-13	1	11	20	3.80072293503302e-05	1	0	-3.52378407843682	7.1217491498643
COL5A3	SDC3	R-HSA-1638091	REACTOME_HEPARAN_SULFATE_HEPARIN_HS_GAG_METABOLISM	8.60189613806353e-52	1.94557037651012e-51	7.22253878717918	1.32465128222274	5.08172361085832e-09	1	9	18	1.81450554687781e-05	1	0	-3.7873277414631	7.20209742692618
FABP5	RXRA	R-HSA-9843745	REACTOME_ADIPOGENESIS	1.25164382903183e-51	2.82429748715654e-51	9.39176574212	2.10851014331761	7.25177582024761e-13	1	22	40	0.00237552540669468	1	0	-3.52378407843682	7.1217491498643
CSF2	CSF3R	R-HSA-9616222	REACTOME_TRANSCRIPTIONAL_REGULATION_OF_GRANULOPOIESIS	3.76534323512322e-51	8.47644169596988e-51	7.43622871191756	14.2996527550809	3.54428070569802e-07	1	11	21	3.14839189318115e-05	1	0	2.86889441396839	5.8110949592712
FABP5	RXRA	R-HSA-9616222	REACTOME_TRANSCRIPTIONAL_REGULATION_OF_GRANULOPOIESIS	4.22986986857608e-51	9.47767571019735e-51	9.39176574212	2.10851014331761	7.25177582024761e-13	1	11	21	0.000104688182526452	1	0	-3.52378407843682	7.1217491498643
UBC	ERBB4	R-HSA-1227986	REACTOME_SIGNALING_BY_ERBB2	4.22902438312686e-51	9.47767571019735e-51	4.19689819640229	4.5186694766263	7.00931298217434e-09	1	14	26	0.000163171091325277	1	0	4.63774849711558	7.85406549065209
ABCA1	RXRA	R-HSA-9707564	REACTOME_CYTOPROTECTION_BY_HMOX1	5.69955799045514e-51	1.27409699600151e-50	7.6670000085532	2.10851014331761	4.90603418313449e-12	1	11	20	3.80072293503302e-05	1	0	-6.10325044131212	7.1217491498643
ABCA1	RXRA	R-HSA-9843745	REACTOME_ADIPOGENESIS	8.46772923287893e-51	1.88850054286765e-50	7.6670000085532	2.10851014331761	4.90603418313449e-12	1	22	40	0.00237552540669468	1	0	-6.10325044131212	7.1217491498643
PSEN1	NOTCH2	R-HSA-1912422	REACTOME_PRE_NOTCH_EXPRESSION_AND_PROCESSING	1.04572223152581e-50	2.32679262188689e-50	1.03037213848847	1.08995904979585	4.8277853644812e-08	1	14	27	0.000269809271822345	1	0	5.73356893136081	-6.25556324817136
UBC	NOTCH2	R-HSA-1912422	REACTOME_PRE_NOTCH_EXPRESSION_AND_PROCESSING	1.28411225768183e-50	2.85061031277054e-50	4.19689819640229	1.08995904979585	5.92836049295969e-08	1	14	27	0.000269809271822345	1	0	4.63774849711558	-6.25556324817136
ABCA1	RXRA	R-HSA-9616222	REACTOME_TRANSCRIPTIONAL_REGULATION_OF_GRANULOPOIESIS	2.86162819698642e-50	6.33787861642026e-50	7.6670000085532	2.10851014331761	4.90603418313449e-12	1	11	21	0.000104688182526452	1	0	-6.10325044131212	7.1217491498643
ADAM17	ERBB4	R-HSA-1227986	REACTOME_SIGNALING_BY_ERBB2	3.16374685434093e-50	6.99085998459206e-50	1.38707316810871	4.5186694766263	5.24368977084233e-08	1	14	26	0.000163171091325277	1	0	7.08959667712629	7.85406549065209
TGFB1	SDC2	R-HSA-9820952	REACTOME_RESPIRATORY_SYNCYTIAL_VIRUS_INFECTION_PATHWAY	3.20757633851168e-50	7.07141542214414e-50	3.57520126226616	6.92810601340794	1.97490148527796e-12	1	23	42	0.00336142890373737	1	0	2.93572819389576	-3.43895894693805
MMP7	ERBB4	R-HSA-1227986	REACTOME_SIGNALING_BY_ERBB2	3.61757960265205e-50	7.9570156856498e-50	7.89765195511114	4.5186694766263	5.99588590079723e-08	1	14	26	0.000163171091325277	1	0	7.87337272525504	7.85406549065209
GNAS	ADCY1	R-HSA-5610787	REACTOME_HEDGEHOG_OFF_STATE	4.19369511740507e-50	9.20309752309258e-50	3.90700276139367	9.19292090268125	1.0670582363924e-12	1	16	30	0.000913317685476711	1	0	4.12344928606252	-1.7710651724855
NRG1	ERBB4	R-HSA-1227986	REACTOME_SIGNALING_BY_ERBB2	5.0856454036666e-50	1.11350090002655e-49	8.21899543308893	4.5186694766263	8.4291025828276e-08	1	14	26	0.000163171091325277	1	0	1.58850965471032	7.85406549065209
TNF	TNFRSF1B	R-HSA-5668541	REACTOME_TNFR2_NON_CANONICAL_NF_KB_PATHWAY	5.23645132685073e-50	1.14390816001136e-49	11.6259632683462	7.38342064426472	3.61505935708429e-12	1	13	24	0.000204560999886368	1	0	6.68713826084144	8.12702928130014
COL5A3	SDC3	R-HSA-9820952	REACTOME_RESPIRATORY_SYNCYTIAL_VIRUS_INFECTION_PATHWAY	7.48552266369924e-50	1.63150368965627e-49	7.22253878717918	1.32465128222274	5.08172361085832e-09	1	23	42	0.00236564006957943	1	0	-3.7873277414631	7.20209742692618
B2M	TREM2	R-HSA-2172127	REACTOME_DAP12_INTERACTIONS	1.01960523567367e-49	2.21222040952726e-49	4.33780628352636	16.296248969742	1.43961304686799e-10	1	9	18	4.17759252207652e-05	1	0	7.29786795683269	6.28830278494697
B2M	TREM2	R-HSA-2424491	REACTOME_DAP12_SIGNALING	1.01960523567367e-49	2.21222040952726e-49	4.33780628352636	16.296248969742	1.43961304686799e-10	1	9	18	4.17759252207652e-05	1	0	7.29786795683269	6.28830278494697
FYN	TREM2	R-HSA-2172127	REACTOME_DAP12_INTERACTIONS	1.21827052520876e-49	2.63135458034955e-49	2.39472839386236	16.296248969742	1.72011488499905e-10	1	9	18	4.17759252207652e-05	1	0	0.605987033652581	6.28830278494697
FYN	TREM2	R-HSA-2424491	REACTOME_DAP12_SIGNALING	1.21827052520876e-49	2.63135458034955e-49	2.39472839386236	16.296248969742	1.72011488499905e-10	1	9	18	4.17759252207652e-05	1	0	0.605987033652581	6.28830278494697
GNAS	ADCY1	R-HSA-9664323	REACTOME_FCGR3A_MEDIATED_IL10_SYNTHESIS	1.51001689614106e-49	3.25417124359388e-49	3.90700276139367	9.19292090268125	1.0670582363924e-12	1	12	22	0.000131355029844681	1	0	4.12344928606252	-1.7710651724855
FABP5	RXRA	R-HSA-9839373	REACTOME_SIGNALING_BY_TGFBR3	2.90978192601878e-49	6.25668355841258e-49	9.39176574212	2.10851014331761	7.25177582024761e-13	1	13	24	0.000269809271822345	1	0	-3.52378407843682	7.1217491498643
FABP5	RXRA	R-HSA-9029569	REACTOME_NR1H3_NR1H2_REGULATE_GENE_EXPRESSION_LINKED_TO_CHOLESTEROL_TRANSPORT_AND_EFFLUX	2.94287573771754e-49	6.3136864261099e-49	9.39176574212	2.10851014331761	7.25177582024761e-13	1	13	24	0.000270063730275365	1	0	-3.52378407843682	7.1217491498643
DLL4	NOTCH2	R-HSA-1912422	REACTOME_PRE_NOTCH_EXPRESSION_AND_PROCESSING	3.74815883578331e-49	8.02340250784865e-49	6.1751008043893	1.08995904979585	1.73041232419271e-06	1	14	27	0.000269809271822345	1	0	-4.59235374269834	-6.25556324817136
TGFB1	SDC2	R-HSA-1638091	REACTOME_HEPARAN_SULFATE_HEPARIN_HS_GAG_METABOLISM	6.23369505035293e-49	1.33142840830478e-48	3.57520126226616	6.92810601340794	1.97490148527796e-12	1	9	18	7.68844567463833e-05	1	0	2.93572819389576	-3.43895894693805
IL16	GRIN2D	R-HSA-6794362	REACTOME_PROTEIN_PROTEIN_INTERACTIONS_AT_SYNAPSES	6.56140154912101e-49	1.39830757457934e-48	8.17450987137151	5.25885318522488	3.49197206944122e-12	1	8	15	8.57383377037065e-06	1	0	3.2068237045736	5.95777328440602
GNAS	ADCY8	R-HSA-5610787	REACTOME_HEDGEHOG_OFF_STATE	8.08398298632871e-49	1.71896667048542e-48	3.90700276139367	13.8269451132053	2.05691648699432e-11	1	16	30	0.000913317685476711	1	0	4.12344928606252	9.37081217912184
UBC	TLR4	R-HSA-9820952	REACTOME_RESPIRATORY_SYNCYTIAL_VIRUS_INFECTION_PATHWAY	8.45499679722307e-49	1.79388095764091e-48	4.19689819640229	5.52538179144511	1.22862244759877e-11	1	22	41	0.0037325920814117	1	0	4.63774849711558	6.87606691175318
SEMA6D	TREM2	R-HSA-2172127	REACTOME_DAP12_INTERACTIONS	9.88234117198089e-49	2.08748131804618e-48	11.4794390376106	16.296248969742	1.39531916736231e-09	1	9	18	4.17759252207652e-05	1	0	4.07770211566635	6.28830278494697
SEMA6D	TREM2	R-HSA-2424491	REACTOME_DAP12_SIGNALING	9.88234117198089e-49	2.08748131804618e-48	11.4794390376106	16.296248969742	1.39531916736231e-09	1	9	18	4.17759252207652e-05	1	0	4.07770211566635	6.28830278494697
HBEGF	ERBB4	R-HSA-8848021	REACTOME_SIGNALING_BY_PTK6	1.81129364539363e-48	3.81186055538029e-48	5.1186235848315	4.5186694766263	2.72015151936314e-11	1	15	29	0.000990742933268178	1	0	-1.34775337552078	7.85406549065209
SHANK1	ABCA1	R-HSA-9024446	REACTOME_NR1H2_AND_NR1H3_MEDIATED_SIGNALING	1.81252180735497e-48	3.81186055538029e-48	1.20510439290405	7.6670000085532	7.28269065265789e-09	1	14	26	0.000259339501803591	1	0	5.37584530717573	-6.10325044131212
ABCA1	RXRA	R-HSA-9839373	REACTOME_SIGNALING_BY_TGFBR3	1.96855086924455e-48	4.13094153961822e-48	7.6670000085532	2.10851014331761	4.90603418313449e-12	1	13	24	0.000269809271822345	1	0	-6.10325044131212	7.1217491498643
ABCA1	RXRA	R-HSA-9029569	REACTOME_NR1H3_NR1H2_REGULATE_GENE_EXPRESSION_LINKED_TO_CHOLESTEROL_TRANSPORT_AND_EFFLUX	1.99093978134951e-48	4.16880185658117e-48	7.6670000085532	2.10851014331761	4.90603418313449e-12	1	13	24	0.000270063730275365	1	0	-6.10325044131212	7.1217491498643
TGFB1	ACVRL1	R-HSA-201451	REACTOME_SIGNALING_BY_BMP	1.07414240006442e-47	2.24423216048317e-47	3.57520126226616	7.50703071190096	4.44871213512676e-15	1	9	17	7.73725965084651e-05	1	0	2.93572819389576	7.35584275233739
EFNB2	PECAM1	R-HSA-76005	REACTOME_RESPONSE_TO_ELEVATED_PLATELET_CYTOSOLIC_CA2	1.57738934838706e-47	3.28851388065912e-47	2.67060222794057	11.7147518895933	4.86134407763816e-10	1	7	14	7.57191262184199e-06	1	0	-3.78976403409972	5.72784319756764
CSF2	SDC2	R-HSA-9820952	REACTOME_RESPIRATORY_SYNCYTIAL_VIRUS_INFECTION_PATHWAY	6.34682598629719e-47	1.32030501537072e-46	7.43622871191756	6.92810601340794	3.90773429665434e-09	1	23	42	0.00336142890373737	1	0	2.86889441396839	-3.43895894693805
FABP5	RXRA	R-HSA-383280	REACTOME_NUCLEAR_RECEPTOR_TRANSCRIPTION_PATHWAY	9.10735721328575e-47	1.89046657306083e-46	9.39176574212	2.10851014331761	7.25177582024761e-13	1	11	21	0.000259339501803591	1	0	-3.52378407843682	7.1217491498643
UBC	ERBB4	R-HSA-8848021	REACTOME_SIGNALING_BY_PTK6	4.66735914261127e-46	9.66738103188814e-46	4.19689819640229	4.5186694766263	7.00931298217434e-09	1	15	29	0.000990742933268178	1	0	4.63774849711558	7.85406549065209
ABCA1	RXRA	R-HSA-383280	REACTOME_NUCLEAR_RECEPTOR_TRANSCRIPTION_PATHWAY	6.16138817772648e-46	1.27344208242235e-45	7.6670000085532	2.10851014331761	4.90603418313449e-12	1	11	21	0.000259339501803591	1	0	-6.10325044131212	7.1217491498643
CSF2	SDC2	R-HSA-1638091	REACTOME_HEPARAN_SULFATE_HEPARIN_HS_GAG_METABOLISM	1.23346020673634e-45	2.54384588873151e-45	7.43622871191756	6.92810601340794	3.90773429665434e-09	1	9	18	7.68844567463833e-05	1	0	2.86889441396839	-3.43895894693805
TLN1	ITGB5	R-HSA-3000171	REACTOME_NON_INTEGRIN_MEMBRANE_ECM_INTERACTIONS	3.33457582031739e-45	6.84766212352114e-45	1.599479448771	1.34376876136635	1.51576644915834e-10	1	8	15	1.55502624096356e-05	1	0	4.45852991249517	4.90963413720588
TLN1	ITGB5	R-HSA-3000178	REACTOME_ECM_PROTEOGLYCANS	3.33457582031739e-45	6.84766212352114e-45	1.599479448771	1.34376876136635	1.51576644915834e-10	1	8	15	1.55502624096356e-05	1	0	4.45852991249517	4.90963413720588
ADAM17	ERBB4	R-HSA-8848021	REACTOME_SIGNALING_BY_PTK6	3.49166650928549e-45	7.15493201368544e-45	1.38707316810871	4.5186694766263	5.24368977084233e-08	1	15	29	0.000990742933268178	1	0	7.08959667712629	7.85406549065209
MMP7	ERBB4	R-HSA-8848021	REACTOME_SIGNALING_BY_PTK6	3.99253863371626e-45	8.16384765401683e-45	7.89765195511114	4.5186694766263	5.99588590079723e-08	1	15	29	0.000990742933268178	1	0	7.87337272525504	7.85406549065209
TGFB1	ITGB5	R-HSA-3000171	REACTOME_NON_INTEGRIN_MEMBRANE_ECM_INTERACTIONS	4.59538137041704e-45	9.35662576269627e-45	3.57520126226616	1.34376876136635	2.08887884927518e-10	1	8	15	1.55502624096356e-05	1	0	2.93572819389576	4.90963413720588
TGFB1	ITGB5	R-HSA-3000178	REACTOME_ECM_PROTEOGLYCANS	4.59538137041704e-45	9.35662576269627e-45	3.57520126226616	1.34376876136635	2.08887884927518e-10	1	8	15	1.55502624096356e-05	1	0	2.93572819389576	4.90963413720588
NRG1	ERBB4	R-HSA-8848021	REACTOME_SIGNALING_BY_PTK6	5.61276819911167e-45	1.14039082689578e-44	8.21899543308893	4.5186694766263	8.4291025828276e-08	1	15	29	0.000990742933268178	1	0	1.58850965471032	7.85406549065209
C3	C3AR1	R-HSA-9660826	REACTOME_PURINERGIC_SIGNALING_IN_LEISHMANIASIS_INFECTION	1.05243832318482e-44	2.13380201254597e-44	4.42606497435535	6.3962542748394	6.61082738667129e-16	1	5	10	6.50561769318189e-06	1	0	-5.10898578169431	5.9117652192184
IL16	GRIN2D	R-HSA-442742	REACTOME_CREB1_PHOSPHORYLATION_THROUGH_NMDA_RECEPTOR_MEDIATED_ACTIVATION_OF_RAS_SIGNALING	1.55359699092349e-44	3.14324792045492e-44	8.17450987137151	5.25885318522488	3.49197206944122e-12	1	7	13	8.24617852157864e-06	1	0	3.2068237045736	5.95777328440602
YWHAZ	IL3RA	R-HSA-451927	REACTOME_INTERLEUKIN_2_FAMILY_SIGNALING	2.22365025471972e-44	4.48943283005517e-44	2.06184908034546	10.7521040912945	1.04493989718807e-13	1	12	22	0.000478792140164885	1	0	-1.44924928414852	-0.766720389792181
YWHAZ	CSF2RB	R-HSA-451927	REACTOME_INTERLEUKIN_2_FAMILY_SIGNALING	3.64044006007039e-44	7.3344160033771e-44	2.06184908034546	10.6537454223187	1.71071914480039e-13	1	12	22	0.000478792140164885	1	0	-1.44924928414852	-3.11866725416418
UBC	TLR4	R-HSA-5260271	REACTOME_DISEASES_OF_IMMUNE_SYSTEM	5.71524722588698e-44	1.14904027036176e-43	4.19689819640229	5.52538179144511	1.22862244759877e-11	1	8	15	3.0366431607303e-05	1	0	4.63774849711558	6.87606691175318
YWHAZ	CSF2RA	R-HSA-451927	REACTOME_INTERLEUKIN_2_FAMILY_SIGNALING	8.93077118934082e-44	1.79175932438867e-43	2.06184908034546	5.20503754005317	4.19675671054496e-13	1	12	22	0.000478792140164885	1	0	-1.44924928414852	5.64681417033611
FABP5	RXRA	R-HSA-2151201	REACTOME_TRANSCRIPTIONAL_ACTIVATION_OF_MITOCHONDRIAL_BIOGENESIS	9.70381580062737e-44	1.94278900893563e-43	9.39176574212	2.10851014331761	7.25177582024761e-13	1	13	25	0.00128521672823962	1	0	-3.52378407843682	7.1217491498643
CAP1	ROBO1	R-HSA-373752	REACTOME_NETRIN_1_SIGNALING	1.04848920656267e-43	2.09479406061167e-43	4.90157934267212	7.42501891433904	6.12480875058896e-16	1	8	15	0.000113019540718619	1	0	3.88249471164202	-1.01170323580886
FABP5	RXRA	R-HSA-2426168	REACTOME_ACTIVATION_OF_GENE_EXPRESSION_BY_SREBF_SREBP	1.93844719365535e-43	3.86480428007376e-43	9.39176574212	2.10851014331761	7.25177582024761e-13	1	14	26	0.00128521672823962	1	0	-3.52378407843682	7.1217491498643
ST6GAL1	CD22	R-HSA-983695	REACTOME_ANTIGEN_ACTIVATES_B_CELL_RECEPTOR_BCR_LEADING_TO_GENERATION_OF_SECOND_MESSENGERS	5.42694252667876e-43	1.07975889690559e-42	4.47481064852353	15.9289740790085	4.21361212662016e-09	1	7	13	4.97147156576972e-06	1	0	3.09569171263031	5.90031750268453
ABCA1	RXRA	R-HSA-2151201	REACTOME_TRANSCRIPTIONAL_ACTIVATION_OF_MITOCHONDRIAL_BIOGENESIS	6.56490950696445e-43	1.30346753978859e-42	7.6670000085532	2.10851014331761	4.90603418313449e-12	1	13	25	0.00128521672823962	1	0	-6.10325044131212	7.1217491498643
TGFB1	SDC2	R-HSA-2022928	REACTOME_HS_GAG_BIOSYNTHESIS	6.67270391406477e-43	1.32213286231159e-42	3.57520126226616	6.92810601340794	1.97490148527796e-12	1	5	10	3.42313244953738e-06	1	0	2.93572819389576	-3.43895894693805
NRP1	ROBO1	R-HSA-373752	REACTOME_NETRIN_1_SIGNALING	7.83478267834465e-43	1.54918692547062e-42	2.25652504794621	7.42501891433904	4.57673242670809e-15	1	8	15	0.000113019540718619	1	0	10.030876423867	-1.01170323580886
ABCA1	RXRA	R-HSA-2426168	REACTOME_ACTIVATION_OF_GENE_EXPRESSION_BY_SREBF_SREBP	1.3114150836987e-42	2.58775116310094e-42	7.6670000085532	2.10851014331761	4.90603418313449e-12	1	14	26	0.00128521672823962	1	0	-6.10325044131212	7.1217491498643
SPP1	ITGB5	R-HSA-3000171	REACTOME_NON_INTEGRIN_MEMBRANE_ECM_INTERACTIONS	1.32584444482421e-42	2.60550168562791e-42	2.09497256602496	1.34376876136635	6.02676512563517e-08	1	8	15	1.55502624096356e-05	1	0	-5.4964540916368	4.90963413720588
SPP1	ITGB5	R-HSA-3000178	REACTOME_ECM_PROTEOGLYCANS	1.32584444482421e-42	2.60550168562791e-42	2.09497256602496	1.34376876136635	6.02676512563517e-08	1	8	15	1.55502624096356e-05	1	0	-5.4964540916368	4.90963413720588
SHANK1	ABCA1	R-HSA-9029569	REACTOME_NR1H3_NR1H2_REGULATE_GENE_EXPRESSION_LINKED_TO_CHOLESTEROL_TRANSPORT_AND_EFFLUX	1.41341061207533e-42	2.77190342940745e-42	1.20510439290405	7.6670000085532	7.28269065265789e-09	1	11	21	0.000269809271822345	1	0	5.37584530717573	-6.10325044131212
TGFB1	TGFBR1	R-HSA-9839373	REACTOME_SIGNALING_BY_TGFBR3	4.27603614168414e-42	8.36881359158182e-42	3.57520126226616	1.05004843782037	1.10190032218372e-08	1	12	22	0.000269809271822345	1	0	2.93572819389576	3.74808244272111
VEGFA	NRP1	R-HSA-9694614	REACTOME_ATTACHMENT_AND_ENTRY	4.51843642975287e-42	8.80727751246544e-42	3.83758049527232	2.25652504794621	3.30124720113194e-13	1	4	9	7.39048913705799e-06	1	0	3.57040038685763	10.030876423867
VEGFA	NRP1	R-HSA-9772572	REACTOME_EARLY_SARS_COV_2_INFECTION_EVENTS	4.51843642975287e-42	8.80727751246544e-42	3.83758049527232	2.25652504794621	3.30124720113194e-13	1	4	9	7.39048913705799e-06	1	0	3.57040038685763	10.030876423867
COL5A3	SDC3	R-HSA-1793185	REACTOME_CHONDROITIN_SULFATE_DERMATAN_SULFATE_METABOLISM	4.84656967677108e-42	9.37068612907957e-42	7.22253878717918	1.32465128222274	5.08172361085832e-09	1	6	12	7.39048913705799e-06	1	0	-3.7873277414631	7.20209742692618
COL5A3	SDC3	R-HSA-1971475	REACTOME_A_TETRASACCHARIDE_LINKER_SEQUENCE_IS_REQUIRED_FOR_GAG_SYNTHESIS	4.84656967677108e-42	9.37068612907957e-42	7.22253878717918	1.32465128222274	5.08172361085832e-09	1	6	12	7.39048913705799e-06	1	0	-3.7873277414631	7.20209742692618
COL5A3	SDC3	R-HSA-3560782	REACTOME_DISEASES_ASSOCIATED_WITH_GLYCOSAMINOGLYCAN_METABOLISM	4.84656967677108e-42	9.37068612907957e-42	7.22253878717918	1.32465128222274	5.08172361085832e-09	1	6	12	7.39048913705799e-06	1	0	-3.7873277414631	7.20209742692618
COL5A3	SDC3	R-HSA-3560783	REACTOME_DEFECTIVE_B4GALT7_CAUSES_EDS_PROGEROID_TYPE	4.84656967677108e-42	9.37068612907957e-42	7.22253878717918	1.32465128222274	5.08172361085832e-09	1	6	12	7.39048913705799e-06	1	0	-3.7873277414631	7.20209742692618
HBEGF	ERBB4	R-HSA-1251985	REACTOME_NUCLEAR_SIGNALING_BY_ERBB4	5.65212678003718e-42	1.09062164628886e-41	5.1186235848315	4.5186694766263	2.72015151936314e-11	1	6	12	1.59478968125833e-05	1	0	-1.34775337552078	7.85406549065209
FYN	NRP1	R-HSA-9694614	REACTOME_ATTACHMENT_AND_ENTRY	1.19302722142669e-41	2.29281183436511e-41	2.39472839386236	2.25652504794621	8.71646162746716e-13	1	4	9	7.39048913705799e-06	1	0	0.605987033652581	10.030876423867
FYN	NRP1	R-HSA-9772572	REACTOME_EARLY_SARS_COV_2_INFECTION_EVENTS	1.19302722142669e-41	2.29281183436511e-41	2.39472839386236	2.25652504794621	8.71646162746716e-13	1	4	9	7.39048913705799e-06	1	0	0.605987033652581	10.030876423867
VASP	ROBO1	R-HSA-373752	REACTOME_NETRIN_1_SIGNALING	1.2107061381854e-41	2.32213437303959e-41	1.70328595307253	7.42501891433904	7.07240809264968e-14	1	8	15	0.000113019540718619	1	0	1.89931999211838	-1.01170323580886
TGM2	TBXA2R	R-HSA-416482	REACTOME_G_ALPHA_12_13_SIGNALLING_EVENTS	1.21539866808214e-41	2.32648168201751e-41	2.47405738476075	7.41002857575163	9.03606449174844e-11	1	6	12	1.49871960996229e-05	1	0	4.36595141340137	-4.73919372473879
VEGFB	NRP1	R-HSA-9694614	REACTOME_ATTACHMENT_AND_ENTRY	1.97658670652583e-41	3.76848240866456e-41	1.66495807988446	2.25652504794621	1.44412817003379e-12	1	4	9	7.39048913705799e-06	1	0	4.11030357103874	10.030876423867
VEGFB	NRP1	R-HSA-9772572	REACTOME_EARLY_SARS_COV_2_INFECTION_EVENTS	1.97658670652583e-41	3.76848240866456e-41	1.66495807988446	2.25652504794621	1.44412817003379e-12	1	4	9	7.39048913705799e-06	1	0	4.11030357103874	10.030876423867
GDF11	ACVR2B	R-HSA-201451	REACTOME_SIGNALING_BY_BMP	2.2206375102836e-41	4.2253797070674e-41	1.68545078151755	1.08383511579915	1.38350796906434e-06	1	9	17	4.43251242081067e-05	1	0	-5.42995678914304	6.63785583960654
TGFB1	SDC2	R-HSA-2187338	REACTOME_VISUAL_PHOTOTRANSDUCTION	2.70305925990434e-41	5.12299175938391e-41	3.57520126226616	6.92810601340794	1.97490148527796e-12	1	4	9	7.39048913705799e-06	1	0	2.93572819389576	-3.43895894693805
TGFB1	SDC2	R-HSA-6806667	REACTOME_METABOLISM_OF_FAT_SOLUBLE_VITAMINS	2.70305925990434e-41	5.12299175938391e-41	3.57520126226616	6.92810601340794	1.97490148527796e-12	1	4	9	7.39048913705799e-06	1	0	2.93572819389576	-3.43895894693805
UBC	TGFBR1	R-HSA-9839373	REACTOME_SIGNALING_BY_TGFBR3	3.25634602399308e-41	6.15943952072854e-41	4.19689819640229	1.05004843782037	8.39134332378776e-08	1	12	22	0.000269809271822345	1	0	4.63774849711558	3.74808244272111
YWHAZ	IL3RA	R-HSA-912526	REACTOME_INTERLEUKIN_RECEPTOR_SHC_SIGNALING	3.98103395642868e-41	7.51537709491162e-41	2.06184908034546	10.7521040912945	1.04493989718807e-13	1	7	13	4.17759252207652e-05	1	0	-1.44924928414852	-0.766720389792181
FABP5	RXRA	R-HSA-211859	REACTOME_BIOLOGICAL_OXIDATIONS	4.25219331025617e-41	7.99579095006993e-41	9.39176574212	2.10851014331761	7.25177582024761e-13	1	4	9	9.4185340103488e-06	1	0	-3.52378407843682	7.1217491498643
FABP5	RXRA	R-HSA-211945	REACTOME_PHASE_I_FUNCTIONALIZATION_OF_COMPOUNDS	4.25219331025617e-41	7.99579095006993e-41	9.39176574212	2.10851014331761	7.25177582024761e-13	1	4	9	9.4185340103488e-06	1	0	-3.52378407843682	7.1217491498643
YWHAZ	CSF2RB	R-HSA-912526	REACTOME_INTERLEUKIN_RECEPTOR_SHC_SIGNALING	6.51753371049362e-41	1.22315358676387e-40	2.06184908034546	10.6537454223187	1.71071914480039e-13	1	7	13	4.17759252207652e-05	1	0	-1.44924928414852	-3.11866725416418
GNAS	ADCY1	R-HSA-1489509	REACTOME_DAG_AND_IP3_SIGNALING	1.02208252450686e-40	1.91440847851968e-40	3.90700276139367	9.19292090268125	1.0670582363924e-12	1	9	18	0.000542244737291348	1	0	4.12344928606252	-1.7710651724855
YWHAZ	CSF2RA	R-HSA-912526	REACTOME_INTERLEUKIN_RECEPTOR_SHC_SIGNALING	1.59888918171361e-40	2.98895657946073e-40	2.06184908034546	5.20503754005317	4.19675671054496e-13	1	7	13	4.17759252207652e-05	1	0	-1.44924928414852	5.64681417033611
ABCA1	RXRA	R-HSA-211859	REACTOME_BIOLOGICAL_OXIDATIONS	2.87673064508774e-40	5.35686347308571e-40	7.6670000085532	2.10851014331761	4.90603418313449e-12	1	4	9	9.4185340103488e-06	1	0	-6.10325044131212	7.1217491498643
ABCA1	RXRA	R-HSA-211945	REACTOME_PHASE_I_FUNCTIONALIZATION_OF_COMPOUNDS	2.87673064508774e-40	5.35686347308571e-40	7.6670000085532	2.10851014331761	4.90603418313449e-12	1	4	9	9.4185340103488e-06	1	0	-6.10325044131212	7.1217491498643
CSF2	IL3RA	R-HSA-451927	REACTOME_INTERLEUKIN_2_FAMILY_SIGNALING	5.70972625748694e-40	1.0611681164593e-39	7.43622871191756	10.7521040912945	2.68312013357625e-09	1	12	22	0.000478792140164885	1	0	2.86889441396839	-0.766720389792181
CSF2	CSF2RB	R-HSA-451927	REACTOME_INTERLEUKIN_2_FAMILY_SIGNALING	9.3476553498793e-40	1.73392678540314e-39	7.43622871191756	10.6537454223187	4.39265932199557e-09	1	12	22	0.000478792140164885	1	0	2.86889441396839	-3.11866725416418
TGM2	TBXA2R	R-HSA-392518	REACTOME_SIGNAL_AMPLIFICATION	1.17390883466515e-39	2.17331770742061e-39	2.47405738476075	7.41002857575163	9.03606449174844e-11	1	7	13	2.57818331127384e-05	1	0	4.36595141340137	-4.73919372473879
CSF2	SDC2	R-HSA-2022928	REACTOME_HS_GAG_BIOSYNTHESIS	1.32032681785849e-39	2.439679033384e-39	7.43622871191756	6.92810601340794	3.90773429665434e-09	1	5	10	3.42313244953738e-06	1	0	2.86889441396839	-3.43895894693805
COL5A3	SDC3	R-HSA-2022928	REACTOME_HS_GAG_BIOSYNTHESIS	1.38649012544489e-39	2.55700775058009e-39	7.22253878717918	1.32465128222274	5.08172361085832e-09	1	5	10	3.30330413273459e-06	1	0	-3.7873277414631	7.20209742692618
UBC	ERBB4	R-HSA-1251985	REACTOME_NUCLEAR_SIGNALING_BY_ERBB4	1.45644554482338e-39	2.6808661755962e-39	4.19689819640229	4.5186694766263	7.00931298217434e-09	1	6	12	1.59478968125833e-05	1	0	4.63774849711558	7.85406549065209
COL5A3	SDC3	R-HSA-3000171	REACTOME_NON_INTEGRIN_MEMBRANE_ECM_INTERACTIONS	1.91715366154017e-39	3.52212712915138e-39	7.22253878717918	1.32465128222274	5.08172361085832e-09	1	7	13	1.55502624096356e-05	1	0	-3.7873277414631	7.20209742692618
GNAS	ADCY8	R-HSA-1489509	REACTOME_DAG_AND_IP3_SIGNALING	1.97021898526804e-39	3.61269599784331e-39	3.90700276139367	13.8269451132053	2.05691648699432e-11	1	9	18	0.000542244737291348	1	0	4.12344928606252	9.37081217912184
GNAS	ADCY8	R-HSA-422356	REACTOME_REGULATION_OF_INSULIN_SECRETION	2.11068548536932e-39	3.86287668028469e-39	3.90700276139367	13.8269451132053	2.05691648699432e-11	1	11	20	0.000472767401523943	1	0	4.12344928606252	9.37081217912184
VEGFA	RET	R-HSA-8853659	REACTOME_RET_SIGNALING	2.12768282420697e-39	3.88656729221807e-39	3.83758049527232	4.33341380350635	6.37460236997976e-12	1	8	16	0.000313479761975757	1	0	3.57040038685763	-0.290890557785715
IL16	GRIN2D	R-HSA-9609736	REACTOME_ASSEMBLY_AND_CELL_SURFACE_PRESENTATION_OF_NMDA_RECEPTORS	2.23521398372903e-39	4.07522853687478e-39	8.17450987137151	5.25885318522488	3.49197206944122e-12	1	3	7	1.98064251317022e-06	1	0	3.2068237045736	5.95777328440602
CSF2	CSF2RA	R-HSA-451927	REACTOME_INTERLEUKIN_2_FAMILY_SIGNALING	2.2931780144452e-39	4.17297479288984e-39	7.43622871191756	5.20503754005317	1.07761244987258e-08	1	12	22	0.000478792140164885	1	0	2.86889441396839	5.64681417033611
COL5A3	SDC3	R-HSA-2024096	REACTOME_HS_GAG_DEGRADATION	2.60621263989234e-39	4.73363242738022e-39	7.22253878717918	1.32465128222274	5.08172361085832e-09	1	6	12	1.81450554687781e-05	1	0	-3.7873277414631	7.20209742692618
VEGFB	RET	R-HSA-8853659	REACTOME_RET_SIGNALING	9.30753292961756e-39	1.68732024187207e-38	1.66495807988446	4.33341380350635	2.78856513747151e-11	1	8	16	0.000313479761975757	1	0	4.11030357103874	-0.290890557785715
ADAM17	ERBB4	R-HSA-1251985	REACTOME_NUCLEAR_SIGNALING_BY_ERBB4	1.08957163485231e-38	1.97150792042145e-38	1.38707316810871	4.5186694766263	5.24368977084233e-08	1	6	12	1.59478968125833e-05	1	0	7.08959667712629	7.85406549065209
FYN	CD80	R-HSA-389356	REACTOME_CD28_CO_STIMULATION	1.17968645693751e-38	2.13054484407357e-38	2.39472839386236	10.7940639015063	1.00871075128725e-10	1	6	11	7.9535703844077e-06	1	0	0.605987033652581	-6.41387051449348
MMP7	ERBB4	R-HSA-1251985	REACTOME_NUCLEAR_SIGNALING_BY_ERBB4	1.24586836537245e-38	2.24584165863192e-38	7.89765195511114	4.5186694766263	5.99588590079723e-08	1	6	12	1.59478968125833e-05	1	0	7.87337272525504	7.85406549065209
TGFB1	CXCR4	R-HSA-380108	REACTOME_CHEMOKINE_RECEPTORS_BIND_CHEMOKINES	1.59714041908045e-38	2.87365414990271e-38	3.57520126226616	6.06665293294826	4.06623408901089e-14	1	5	10	3.5101899310925e-05	1	0	2.93572819389576	-4.94652109791248
NRG1	ERBB4	R-HSA-1251985	REACTOME_NUCLEAR_SIGNALING_BY_ERBB4	1.75145965586633e-38	3.14541162916819e-38	8.21899543308893	4.5186694766263	8.4291025828276e-08	1	6	12	1.59478968125833e-05	1	0	1.58850965471032	7.85406549065209
TGFB1	SDC2	R-HSA-2024096	REACTOME_HS_GAG_DEGRADATION	2.48310097464067e-38	4.45101651342131e-38	3.57520126226616	6.92810601340794	1.97490148527796e-12	1	6	12	7.68844567463833e-05	1	0	2.93572819389576	-3.43895894693805
CSF2	CSF3R	R-HSA-9674555	REACTOME_SIGNALING_BY_CSF3_G_CSF	2.96957360071938e-38	5.31309903561545e-38	7.43622871191756	14.2996527550809	3.54428070569802e-07	1	12	23	0.000793667830010262	1	0	2.86889441396839	5.8110949592712
TGFB1	SDC2	R-HSA-1793185	REACTOME_CHONDROITIN_SULFATE_DERMATAN_SULFATE_METABOLISM	3.07864978108666e-38	5.46745396307798e-38	3.57520126226616	6.92810601340794	1.97490148527796e-12	1	6	12	7.92824728938187e-05	1	0	2.93572819389576	-3.43895894693805
TGFB1	SDC2	R-HSA-1971475	REACTOME_A_TETRASACCHARIDE_LINKER_SEQUENCE_IS_REQUIRED_FOR_GAG_SYNTHESIS	3.07864978108666e-38	5.46745396307798e-38	3.57520126226616	6.92810601340794	1.97490148527796e-12	1	6	12	7.92824728938187e-05	1	0	2.93572819389576	-3.43895894693805
TGFB1	SDC2	R-HSA-3560782	REACTOME_DISEASES_ASSOCIATED_WITH_GLYCOSAMINOGLYCAN_METABOLISM	3.07864978108666e-38	5.46745396307798e-38	3.57520126226616	6.92810601340794	1.97490148527796e-12	1	6	12	7.92824728938187e-05	1	0	2.93572819389576	-3.43895894693805
TGFB1	SDC2	R-HSA-3560783	REACTOME_DEFECTIVE_B4GALT7_CAUSES_EDS_PROGEROID_TYPE	3.07864978108666e-38	5.46745396307798e-38	3.57520126226616	6.92810601340794	1.97490148527796e-12	1	6	12	7.92824728938187e-05	1	0	2.93572819389576	-3.43895894693805
COL5A3	SDC3	R-HSA-2187338	REACTOME_VISUAL_PHOTOTRANSDUCTION	4.31387698047121e-38	7.63285613334298e-38	7.22253878717918	1.32465128222274	5.08172361085832e-09	1	4	9	6.82491911192194e-06	1	0	-3.7873277414631	7.20209742692618
COL5A3	SDC3	R-HSA-6806667	REACTOME_METABOLISM_OF_FAT_SOLUBLE_VITAMINS	4.31387698047121e-38	7.63285613334298e-38	7.22253878717918	1.32465128222274	5.08172361085832e-09	1	4	9	6.82491911192194e-06	1	0	-3.7873277414631	7.20209742692618
TLN1	ITGB5	R-HSA-1566948	REACTOME_ELASTIC_FIBRE_FORMATION	4.51136759906673e-38	7.96759029006444e-38	1.599479448771	1.34376876136635	1.51576644915834e-10	1	6	11	9.29341236588873e-06	1	0	4.45852991249517	4.90963413720588
CSF2	SDC2	R-HSA-2187338	REACTOME_VISUAL_PHOTOTRANSDUCTION	5.34853887880419e-38	9.41146566013435e-38	7.43622871191756	6.92810601340794	3.90773429665434e-09	1	4	9	7.39048913705799e-06	1	0	2.86889441396839	-3.43895894693805
CSF2	SDC2	R-HSA-6806667	REACTOME_METABOLISM_OF_FAT_SOLUBLE_VITAMINS	5.34853887880419e-38	9.41146566013435e-38	7.43622871191756	6.92810601340794	3.90773429665434e-09	1	4	9	7.39048913705799e-06	1	0	2.86889441396839	-3.43895894693805
CD274	CD80	R-HSA-389356	REACTOME_CD28_CO_STIMULATION	5.86638372429372e-38	1.03037765413877e-37	7.54483912201574	10.7940639015063	5.01615009570727e-10	1	6	11	7.9535703844077e-06	1	0	-6.41387051449348	-6.41387051449348
TGFB1	ITGB5	R-HSA-1566948	REACTOME_ELASTIC_FIBRE_FORMATION	6.21711897913332e-38	1.08998484478773e-37	3.57520126226616	1.34376876136635	2.08887884927518e-10	1	6	11	9.29341236588873e-06	1	0	2.93572819389576	4.90963413720588
ADAM17	ITGA5	R-HSA-1566948	REACTOME_ELASTIC_FIBRE_FORMATION	6.35194804224737e-38	1.11159090739329e-37	1.38707316810871	3.20605504250472	2.36783062767134e-09	1	6	11	6.22282591490994e-06	1	0	7.08959667712629	6.6526553313784
COL5A3	SDC3	R-HSA-9820960	REACTOME_RESPIRATORY_SYNCYTIAL_VIRUS_RSV_ATTACHMENT_AND_ENTRY	1.73883522168847e-37	3.03741890273085e-37	7.22253878717918	1.32465128222274	5.08172361085832e-09	1	5	10	7.39048913705799e-06	1	0	-3.7873277414631	7.20209742692618
CD86	CD80	R-HSA-389356	REACTOME_CD28_CO_STIMULATION	1.92719327498784e-37	3.35422568187538e-37	6.6357588698783	10.7940639015063	1.64787903163299e-09	1	6	11	7.9535703844077e-06	1	0	4.42942857302926	-6.41387051449348
CD80	CD86	R-HSA-389356	REACTOME_CD28_CO_STIMULATION	1.92719327498784e-37	3.35422568187538e-37	10.7940639015063	6.6357588698783	1.64787903163299e-09	1	6	11	7.9535703844077e-06	1	0	-6.41387051449348	4.42942857302926
FYN	CD86	R-HSA-389356	REACTOME_CD28_CO_STIMULATION	2.31004312948125e-37	4.01328145139949e-37	2.39472839386236	6.6357588698783	1.9752412405362e-09	1	6	11	7.9535703844077e-06	1	0	0.605987033652581	4.42942857302926
TGFB1	TGFBR1	R-HSA-2173788	REACTOME_DOWNREGULATION_OF_TGF_BETA_RECEPTOR_SIGNALING	2.75089879186818e-37	4.77054600615115e-37	3.57520126226616	1.05004843782037	1.10190032218372e-08	1	11	21	0.000786558203446137	1	0	2.93572819389576	3.74808244272111
TNF	TNFRSF1B	R-HSA-6783783	REACTOME_INTERLEUKIN_10_SIGNALING	2.98554204813055e-37	5.16811340100578e-37	11.6259632683462	7.38342064426472	3.61505935708429e-12	1	9	17	0.000531943085767969	1	0	6.68713826084144	8.12702928130014
SPP1	ITGA5	R-HSA-1566948	REACTOME_ELASTIC_FIBRE_FORMATION	3.21682350640385e-37	5.55843917593026e-37	2.09497256602496	3.20605504250472	1.19914287264561e-08	1	6	11	6.22282591490994e-06	1	0	-5.4964540916368	6.6526553313784
ARTN	RET	R-HSA-8853659	REACTOME_RET_SIGNALING	3.89040716629573e-37	6.71025264834101e-37	5.12645780362713	4.33341380350635	1.16557780418697e-09	1	8	16	0.000313479761975757	1	0	5.0006911125606	-0.290890557785715
TGFB1	SDC2	R-HSA-3000171	REACTOME_NON_INTEGRIN_MEMBRANE_ECM_INTERACTIONS	8.74658342103256e-37	1.50591983855839e-36	3.57520126226616	6.92810601340794	1.97490148527796e-12	1	7	14	0.000332038434459497	1	0	2.93572819389576	-3.43895894693805
CSF2	IL3RA	R-HSA-912526	REACTOME_INTERLEUKIN_RECEPTOR_SHC_SIGNALING	1.02222074108651e-36	1.75682740269169e-36	7.43622871191756	10.7521040912945	2.68312013357625e-09	1	7	13	4.17759252207652e-05	1	0	2.86889441396839	-0.766720389792181
IL16	CD4	R-HSA-202433	REACTOME_GENERATION_OF_SECOND_MESSENGER_MOLECULES	1.09782169365818e-36	1.88338283402182e-36	8.17450987137151	14.0155388412442	5.16170735799268e-14	1	3	7	1.5889349844631e-05	1	0	3.2068237045736	6.05331035232973
FABP5	RXRA	R-HSA-211897	REACTOME_CYTOCHROME_P450_ARRANGED_BY_SUBSTRATE_TYPE	1.12868667806123e-36	1.93287593617985e-36	9.39176574212	2.10851014331761	7.25177582024761e-13	1	3	7	9.4185340103488e-06	1	0	-3.52378407843682	7.1217491498643
MMP9	CD44	R-HSA-71387	REACTOME_METABOLISM_OF_CARBOHYDRATES	1.17157977614216e-36	2.00275402017884e-36	15.8939127872024	1.69913352091108	1.75436044930728e-16	1	6	12	0.000505639805773181	1	0	3.20808982866359	1.05564596780402
EFNB2	PECAM1	R-HSA-210990	REACTOME_PECAM1_INTERACTIONS	1.64281537774027e-36	2.80330951468491e-36	2.67060222794057	11.7147518895933	4.86134407763816e-10	1	5	10	1.5889349844631e-05	1	0	-3.78976403409972	5.72784319756764
CSF2	CSF2RB	R-HSA-912526	REACTOME_INTERLEUKIN_RECEPTOR_SHC_SIGNALING	1.67352456987677e-36	2.85063954264977e-36	7.43622871191756	10.6537454223187	4.39265932199557e-09	1	7	13	4.17759252207652e-05	1	0	2.86889441396839	-3.11866725416418
UBC	TGFBR1	R-HSA-2173788	REACTOME_DOWNREGULATION_OF_TGF_BETA_RECEPTOR_SIGNALING	2.09490239242441e-36	3.56207694031029e-36	4.19689819640229	1.05004843782037	8.39134332378776e-08	1	11	21	0.000786558203446137	1	0	4.63774849711558	3.74808244272111
TGFB1	SDC2	R-HSA-3656237	REACTOME_DEFECTIVE_EXT2_CAUSES_EXOSTOSES_2	2.43832366773925e-36	4.12407830222564e-36	3.57520126226616	6.92810601340794	1.97490148527796e-12	1	4	8	7.39048913705799e-06	1	0	2.93572819389576	-3.43895894693805
TGFB1	SDC2	R-HSA-9694614	REACTOME_ATTACHMENT_AND_ENTRY	2.43832366773925e-36	4.12407830222564e-36	3.57520126226616	6.92810601340794	1.97490148527796e-12	1	4	8	7.39048913705799e-06	1	0	2.93572819389576	-3.43895894693805
TGFB1	SDC2	R-HSA-9772572	REACTOME_EARLY_SARS_COV_2_INFECTION_EVENTS	2.43832366773925e-36	4.12407830222564e-36	3.57520126226616	6.92810601340794	1.97490148527796e-12	1	4	8	7.39048913705799e-06	1	0	2.93572819389576	-3.43895894693805
CSF2	CSF2RA	R-HSA-912526	REACTOME_INTERLEUKIN_RECEPTOR_SHC_SIGNALING	4.10551053353161e-36	6.93166303108594e-36	7.43622871191756	5.20503754005317	1.07761244987258e-08	1	7	13	4.17759252207652e-05	1	0	2.86889441396839	5.64681417033611
ADAM17	ITGA5	R-HSA-9634597	REACTOME_GPER1_SIGNALING	4.86326420568614e-36	8.1966087403392e-36	1.38707316810871	3.20605504250472	2.36783062767134e-09	1	10	19	0.000683823343647254	1	0	7.08959667712629	6.6526553313784
GNAS	PTGIR	R-HSA-373076	REACTOME_CLASS_A_1_RHODOPSIN_LIKE_RECEPTORS	5.20326003296518e-36	8.75425679230458e-36	3.90700276139367	9.59784684660893	3.41915245197428e-13	1	3	7	1.48603728226833e-05	1	0	4.12344928606252	-5.6021599082548
RPS19	C5AR1	R-HSA-166658	REACTOME_COMPLEMENT_CASCADE	6.49522471104033e-36	1.09087924656527e-35	7.68662722401	14.1537934450557	6.64540374843446e-16	1	2	5	6.6493053728977e-06	1	0	5.47665149543189	3.35893735852063
ABCA1	RXRA	R-HSA-211897	REACTOME_CYTOCHROME_P450_ARRANGED_BY_SUBSTRATE_TYPE	7.63588886622231e-36	1.28021283613762e-35	7.6670000085532	2.10851014331761	4.90603418313449e-12	1	3	7	9.4185340103488e-06	1	0	-6.10325044131212	7.1217491498643
FABP5	RXRA	R-HSA-1368108	REACTOME_BMAL1_CLOCK_NPAS2_ACTIVATES_CIRCADIAN_GENE_EXPRESSION	1.04410892208773e-35	1.74747025529168e-35	9.39176574212	2.10851014331761	7.25177582024761e-13	1	6	11	5.60997139302666e-05	1	0	-3.52378407843682	7.1217491498643
GNAS	ADCY1	R-HSA-111996	REACTOME_CA_DEPENDENT_EVENTS	1.13949631495133e-35	1.90379262376015e-35	3.90700276139367	9.19292090268125	1.0670582363924e-12	1	9	17	0.000913317685476711	1	0	4.12344928606252	-1.7710651724855
LPL	CD44	R-HSA-71387	REACTOME_METABOLISM_OF_CARBOHYDRATES	1.24163895109767e-35	2.07083783322203e-35	14.1670138568848	1.69913352091108	1.85926926401709e-15	1	6	12	0.000505639805773181	1	0	5.97664098678989	1.05564596780402
HBEGF	ERBB4	R-HSA-1227990	REACTOME_SIGNALING_BY_ERBB2_IN_CANCER	1.48113959279668e-35	2.46599456509031e-35	5.1186235848315	4.5186694766263	2.72015151936314e-11	1	8	16	0.000713314437343034	1	0	-1.34775337552078	7.85406549065209
TGFB1	TGFBR1	R-HSA-5689603	REACTOME_UCH_PROTEINASES	1.5462776518411e-35	2.56998313364924e-35	3.57520126226616	1.05004843782037	1.10190032218372e-08	1	9	17	0.000338187489932283	1	0	2.93572819389576	3.74808244272111
SPP1	ITGB5	R-HSA-1566948	REACTOME_ELASTIC_FIBRE_FORMATION	1.7937428902766e-35	2.97612358438626e-35	2.09497256602496	1.34376876136635	6.02676512563517e-08	1	6	11	9.29341236588873e-06	1	0	-5.4964540916368	4.90963413720588
HBEGF	ERBB4	R-HSA-1963642	REACTOME_PI3K_EVENTS_IN_ERBB2_SIGNALING	1.81809795001767e-35	3.01132285676502e-35	5.1186235848315	4.5186694766263	2.72015151936314e-11	1	3	7	7.9535703844077e-06	1	0	-1.34775337552078	7.85406549065209
SPP1	ITGA5	R-HSA-9634597	REACTOME_GPER1_SIGNALING	2.46290783719455e-35	4.07229071701651e-35	2.09497256602496	3.20605504250472	1.19914287264561e-08	1	10	19	0.000683823343647254	1	0	-5.4964540916368	6.6526553313784
CSF2	SDC2	R-HSA-2024096	REACTOME_HS_GAG_DEGRADATION	4.91330778420751e-35	8.10991766790879e-35	7.43622871191756	6.92810601340794	3.90773429665434e-09	1	6	12	7.68844567463833e-05	1	0	2.86889441396839	-3.43895894693805
CSF2	SDC2	R-HSA-1793185	REACTOME_CHONDROITIN_SULFATE_DERMATAN_SULFATE_METABOLISM	6.09171922074204e-35	9.9814252132756e-35	7.43622871191756	6.92810601340794	3.90773429665434e-09	1	6	12	7.92824728938187e-05	1	0	2.86889441396839	-3.43895894693805
CSF2	SDC2	R-HSA-1971475	REACTOME_A_TETRASACCHARIDE_LINKER_SEQUENCE_IS_REQUIRED_FOR_GAG_SYNTHESIS	6.09171922074204e-35	9.9814252132756e-35	7.43622871191756	6.92810601340794	3.90773429665434e-09	1	6	12	7.92824728938187e-05	1	0	2.86889441396839	-3.43895894693805
CSF2	SDC2	R-HSA-3560782	REACTOME_DISEASES_ASSOCIATED_WITH_GLYCOSAMINOGLYCAN_METABOLISM	6.09171922074204e-35	9.9814252132756e-35	7.43622871191756	6.92810601340794	3.90773429665434e-09	1	6	12	7.92824728938187e-05	1	0	2.86889441396839	-3.43895894693805
CSF2	SDC2	R-HSA-3560783	REACTOME_DEFECTIVE_B4GALT7_CAUSES_EDS_PROGEROID_TYPE	6.09171922074204e-35	9.9814252132756e-35	7.43622871191756	6.92810601340794	3.90773429665434e-09	1	6	12	7.92824728938187e-05	1	0	2.86889441396839	-3.43895894693805
FABP5	RXRA	R-HSA-9839394	REACTOME_TGFBR3_EXPRESSION	6.09918162145933e-35	9.9814252132756e-35	9.39176574212	2.10851014331761	7.25177582024761e-13	1	8	15	0.000581743288423743	1	0	-3.52378407843682	7.1217491498643
ABCA1	RXRA	R-HSA-1368108	REACTOME_BMAL1_CLOCK_NPAS2_ACTIVATES_CIRCADIAN_GENE_EXPRESSION	7.06369610651201e-35	1.15401781365333e-34	7.6670000085532	2.10851014331761	4.90603418313449e-12	1	6	11	5.60997139302666e-05	1	0	-6.10325044131212	7.1217491498643
CAP1	ROBO1	R-HSA-428890	REACTOME_ROLE_OF_ABL_IN_ROBO_SLIT_SIGNALING	8.46996493515872e-35	1.38141094775803e-34	4.90157934267212	7.42501891433904	6.12480875058896e-16	1	3	6	9.79887364451158e-06	1	0	3.88249471164202	-1.01170323580886
NAMPT	INSR	R-HSA-74751	REACTOME_INSULIN_RECEPTOR_SIGNALLING_CASCADE	8.71823927604072e-35	1.41708329927509e-34	4.70401291269966	1.23583007939983	2.06752897317194e-12	1	13	24	0.00399038291299484	1	0	-3.7504001622876	3.32949477156727
NAMPT	INSR	R-HSA-74752	REACTOME_SIGNALING_BY_INSULIN_RECEPTOR	8.71823927604072e-35	1.41708329927509e-34	4.70401291269966	1.23583007939983	2.06752897317194e-12	1	13	24	0.00399038291299484	1	0	-3.7504001622876	3.32949477156727
VEGFA	RET	R-HSA-9634815	REACTOME_TRANSCRIPTIONAL_REGULATION_BY_NPAS4	9.65544064486809e-35	1.5667627036258e-34	3.83758049527232	4.33341380350635	6.37460236997976e-12	1	6	12	0.000211835859060914	1	0	3.57040038685763	-0.290890557785715
UBC	TGFBR1	R-HSA-5689603	REACTOME_UCH_PROTEINASES	1.17754268596499e-34	1.90753958756829e-34	4.19689819640229	1.05004843782037	8.39134332378776e-08	1	9	17	0.000338187489932283	1	0	4.63774849711558	3.74808244272111
COL5A3	SDC3	R-HSA-3656237	REACTOME_DEFECTIVE_EXT2_CAUSES_EXOSTOSES_2	1.33756183346279e-34	2.15583495511062e-34	7.22253878717918	1.32465128222274	5.08172361085832e-09	1	4	8	3.42313244953738e-06	1	0	-3.7873277414631	7.20209742692618
COL5A3	SDC3	R-HSA-9694614	REACTOME_ATTACHMENT_AND_ENTRY	1.33756183346279e-34	2.15583495511062e-34	7.22253878717918	1.32465128222274	5.08172361085832e-09	1	4	8	3.42313244953738e-06	1	0	-3.7873277414631	7.20209742692618
COL5A3	SDC3	R-HSA-9772572	REACTOME_EARLY_SARS_COV_2_INFECTION_EVENTS	1.33756183346279e-34	2.15583495511062e-34	7.22253878717918	1.32465128222274	5.08172361085832e-09	1	4	8	3.42313244953738e-06	1	0	-3.7873277414631	7.20209742692618
TGFB1	SDC2	R-HSA-9820960	REACTOME_RESPIRATORY_SYNCYTIAL_VIRUS_RSV_ATTACHMENT_AND_ENTRY	1.78975235506665e-34	2.8798196451492e-34	3.57520126226616	6.92810601340794	1.97490148527796e-12	1	5	10	8.69346567571399e-05	1	0	2.93572819389576	-3.43895894693805
GNAS	ADCY8	R-HSA-111996	REACTOME_CA_DEPENDENT_EVENTS	2.19655186301448e-34	3.52846438296631e-34	3.90700276139367	13.8269451132053	2.05691648699432e-11	1	9	17	0.000913317685476711	1	0	4.12344928606252	9.37081217912184
HBEGF	CD44	R-HSA-71387	REACTOME_METABOLISM_OF_CARBOHYDRATES	3.83628415298353e-34	6.15216806473446e-34	5.1186235848315	1.69913352091108	5.74457269351325e-14	1	6	12	0.000505639805773181	1	0	-1.34775337552078	1.05564596780402
ABCA1	RXRA	R-HSA-9839394	REACTOME_TGFBR3_EXPRESSION	4.1262711735349e-34	6.606167037429e-34	7.6670000085532	2.10851014331761	4.90603418313449e-12	1	8	15	0.000581743288423743	1	0	-6.10325044131212	7.1217491498643
VEGFB	RET	R-HSA-9634815	REACTOME_TRANSCRIPTIONAL_REGULATION_BY_NPAS4	4.22376543766918e-34	6.75098509120791e-34	1.66495807988446	4.33341380350635	2.78856513747151e-11	1	6	12	0.000211835859060914	1	0	4.11030357103874	-0.290890557785715
VEGFA	NRP1	R-HSA-399954	REACTOME_SEMA3A_PAK_DEPENDENT_AXON_REPULSION	5.22637164154229e-34	8.33958469923304e-34	3.83758049527232	2.25652504794621	3.30124720113194e-13	1	6	11	0.000122796165546799	1	0	3.57040038685763	10.030876423867
CXCL13	CXCR5	R-HSA-380108	REACTOME_CHEMOKINE_RECEPTORS_BIND_CHEMOKINES	5.51640938266828e-34	8.78776843518087e-34	18.7693676421855	9.36128547430657	1.33136675364403e-12	1	4	9	0.000130478073516374	1	0	5.75188968461605	5.74596501783531
NRP1	ROBO1	R-HSA-428890	REACTOME_ROLE_OF_ABL_IN_ROBO_SLIT_SIGNALING	6.32913854952513e-34	1.00657443930259e-33	2.25652504794621	7.42501891433904	4.57673242670809e-15	1	3	6	9.79887364451158e-06	1	0	10.030876423867	-1.01170323580886
VEGFA	NRP1	R-HSA-445144	REACTOME_SIGNAL_TRANSDUCTION_BY_L1	1.06880420443575e-33	1.69699210604948e-33	3.83758049527232	2.25652504794621	3.30124720113194e-13	1	6	11	0.00013834791166977	1	0	3.57040038685763	10.030876423867
FYN	NRP1	R-HSA-399954	REACTOME_SEMA3A_PAK_DEPENDENT_AXON_REPULSION	1.37994718628662e-33	2.1873873580973e-33	2.39472839386236	2.25652504794621	8.71646162746716e-13	1	6	11	0.000122796165546799	1	0	0.605987033652581	10.030876423867
CSF2	CSF3R	R-HSA-9705462	REACTOME_INACTIVATION_OF_CSF3_G_CSF_SIGNALING	1.52920493587146e-33	2.41997942821902e-33	7.43622871191756	14.2996527550809	3.54428070569802e-07	1	9	18	0.000793667830010262	1	0	2.86889441396839	5.8110949592712
CSF2	SDC2	R-HSA-3000171	REACTOME_NON_INTEGRIN_MEMBRANE_ECM_INTERACTIONS	1.73068501227577e-33	2.73431124674212e-33	7.43622871191756	6.92810601340794	3.90773429665434e-09	1	7	14	0.000332038434459497	1	0	2.86889441396839	-3.43895894693805
VEGFB	NRP1	R-HSA-399954	REACTOME_SEMA3A_PAK_DEPENDENT_AXON_REPULSION	2.28627244637391e-33	3.60614354617201e-33	1.66495807988446	2.25652504794621	1.44412817003379e-12	1	6	11	0.000122796165546799	1	0	4.11030357103874	10.030876423867
FYN	NRP1	R-HSA-445144	REACTOME_SIGNAL_TRANSDUCTION_BY_L1	2.82202157779807e-33	4.44387305929122e-33	2.39472839386236	2.25652504794621	8.71646162746716e-13	1	6	11	0.00013834791166977	1	0	0.605987033652581	10.030876423867
GNAS	ADCY1	R-HSA-418597	REACTOME_G_ALPHA_Z_SIGNALLING_EVENTS	3.56134202550047e-33	5.59889672533599e-33	3.90700276139367	9.19292090268125	1.0670582363924e-12	1	6	11	0.000139050877907219	1	0	4.12344928606252	-1.7710651724855
UBC	ERBB4	R-HSA-1227990	REACTOME_SIGNALING_BY_ERBB2_IN_CANCER	3.81661495777001e-33	5.99039892717094e-33	4.19689819640229	4.5186694766263	7.00931298217434e-09	1	8	16	0.000713314437343034	1	0	4.63774849711558	7.85406549065209
ADAM17	ITGA5	R-HSA-445144	REACTOME_SIGNAL_TRANSDUCTION_BY_L1	3.93877085598291e-33	6.17202818772486e-33	1.38707316810871	3.20605504250472	2.36783062767134e-09	1	7	13	0.00013834791166977	1	0	7.08959667712629	6.6526553313784
VEGFB	NRP1	R-HSA-445144	REACTOME_SIGNAL_TRANSDUCTION_BY_L1	4.67547616351477e-33	7.31448881045785e-33	1.66495807988446	2.25652504794621	1.44412817003379e-12	1	6	11	0.00013834791166977	1	0	4.11030357103874	10.030876423867
UBC	ERBB4	R-HSA-1963642	REACTOME_PI3K_EVENTS_IN_ERBB2_SIGNALING	4.6848925411725e-33	7.31728330127757e-33	4.19689819640229	4.5186694766263	7.00931298217434e-09	1	3	7	7.9535703844077e-06	1	0	4.63774849711558	7.85406549065209
CSF2	SDC2	R-HSA-3656237	REACTOME_DEFECTIVE_EXT2_CAUSES_EXOSTOSES_2	4.82470700123435e-33	7.49901785118921e-33	7.43622871191756	6.92810601340794	3.90773429665434e-09	1	4	8	7.39048913705799e-06	1	0	2.86889441396839	-3.43895894693805
CSF2	SDC2	R-HSA-9694614	REACTOME_ATTACHMENT_AND_ENTRY	4.82470700123435e-33	7.49901785118921e-33	7.43622871191756	6.92810601340794	3.90773429665434e-09	1	4	8	7.39048913705799e-06	1	0	2.86889441396839	-3.43895894693805
CSF2	SDC2	R-HSA-9772572	REACTOME_EARLY_SARS_COV_2_INFECTION_EVENTS	4.82470700123435e-33	7.49901785118921e-33	7.43622871191756	6.92810601340794	3.90773429665434e-09	1	4	8	7.39048913705799e-06	1	0	2.86889441396839	-3.43895894693805
SHANK1	ABCA1	R-HSA-174824	REACTOME_PLASMA_LIPOPROTEIN_ASSEMBLY_REMODELING_AND_CLEARANCE	7.49754907061652e-33	1.1634546211523e-32	1.20510439290405	7.6670000085532	7.28269065265789e-09	1	13	25	0.00436342317847691	1	0	5.37584530717573	-6.10325044131212
VASP	ROBO1	R-HSA-428890	REACTOME_ROLE_OF_ABL_IN_ROBO_SLIT_SIGNALING	9.78039494639165e-33	1.51525020251851e-32	1.70328595307253	7.42501891433904	7.07240809264968e-14	1	3	6	9.79887364451158e-06	1	0	1.89931999211838	-1.01170323580886
GNAS	ADCY8	R-HSA-418597	REACTOME_G_ALPHA_Z_SIGNALLING_EVENTS	1.09185519100939e-32	1.68885343254517e-32	3.90700276139367	13.8269451132053	2.05691648699432e-11	1	6	11	0.000102348815062319	1	0	4.12344928606252	9.37081217912184
IL16	GRIN2D	R-HSA-9617324	REACTOME_NEGATIVE_REGULATION_OF_NMDA_RECEPTOR_MEDIATED_NEURONAL_TRANSMISSION	1.58405302121074e-32	2.44622680731255e-32	8.17450987137151	5.25885318522488	3.49197206944122e-12	1	2	5	5.48823518611558e-06	1	0	3.2068237045736	5.95777328440602
ARTN	RET	R-HSA-9634815	REACTOME_TRANSCRIPTIONAL_REGULATION_BY_NPAS4	1.76546969553784e-32	2.72200231193054e-32	5.12645780362713	4.33341380350635	1.16557780418697e-09	1	6	12	0.000211835859060914	1	0	5.0006911125606	-0.290890557785715
SPP1	ITGA5	R-HSA-445144	REACTOME_SIGNAL_TRANSDUCTION_BY_L1	1.9947157299765e-32	3.07051747198629e-32	2.09497256602496	3.20605504250472	1.19914287264561e-08	1	7	13	0.00013834791166977	1	0	-5.4964540916368	6.6526553313784
ADAM17	ERBB4	R-HSA-1227990	REACTOME_SIGNALING_BY_ERBB2_IN_CANCER	2.85522202592446e-32	4.38807359432942e-32	1.38707316810871	4.5186694766263	5.24368977084233e-08	1	8	16	0.000713314437343034	1	0	7.08959667712629	7.85406549065209
MMP7	ERBB4	R-HSA-1227990	REACTOME_SIGNALING_BY_ERBB2_IN_CANCER	3.26479754467552e-32	5.00950535255012e-32	7.89765195511114	4.5186694766263	5.99588590079723e-08	1	8	16	0.000713314437343034	1	0	7.87337272525504	7.85406549065209
ADAM17	ERBB4	R-HSA-1963642	REACTOME_PI3K_EVENTS_IN_ERBB2_SIGNALING	3.50478330160414e-32	5.36914885980571e-32	1.38707316810871	4.5186694766263	5.24368977084233e-08	1	3	7	7.9535703844077e-06	1	0	7.08959667712629	7.85406549065209
PKM	CD44	R-HSA-71387	REACTOME_METABOLISM_OF_CARBOHYDRATES	3.80060325805478e-32	5.81304389868347e-32	1.1268241537222	1.69913352091108	5.69114299787185e-12	1	6	12	0.000505639805773181	1	0	-6.41387051449348	1.05564596780402
MMP7	ERBB4	R-HSA-1963642	REACTOME_PI3K_EVENTS_IN_ERBB2_SIGNALING	4.00753700195773e-32	6.11978978483672e-32	7.89765195511114	4.5186694766263	5.99588590079723e-08	1	3	7	7.9535703844077e-06	1	0	7.87337272525504	7.85406549065209
NRG1	ERBB4	R-HSA-1227990	REACTOME_SIGNALING_BY_ERBB2_IN_CANCER	4.58969931575493e-32	6.99764967219233e-32	8.21899543308893	4.5186694766263	8.4291025828276e-08	1	8	16	0.000713314437343034	1	0	1.58850965471032	7.85406549065209
LPL	VLDLR	R-HSA-174824	REACTOME_PLASMA_LIPOPROTEIN_ASSEMBLY_REMODELING_AND_CLEARANCE	5.62801064954209e-32	8.56238532934566e-32	14.1670138568848	1.98328719748653	7.63735044895448e-12	1	12	22	0.00436342317847691	1	0	5.97664098678989	-6.41387051449348
NRG1	ERBB4	R-HSA-1963642	REACTOME_PI3K_EVENTS_IN_ERBB2_SIGNALING	5.63385312076862e-32	8.56238532934566e-32	8.21899543308893	4.5186694766263	8.4291025828276e-08	1	3	7	7.9535703844077e-06	1	0	1.58850965471032	7.85406549065209
PSEN1	CD44	R-HSA-71387	REACTOME_METABOLISM_OF_CARBOHYDRATES	8.05019636137887e-32	1.22154087192442e-31	1.03037213848847	1.69913352091108	1.20546175285351e-11	1	6	12	0.000505639805773181	1	0	5.73356893136081	1.05564596780402
TGFB1	SDC2	R-HSA-2682334	REACTOME_EPH_EPHRIN_SIGNALING	1.04799362551786e-31	1.58771862065027e-31	3.57520126226616	6.92810601340794	1.97490148527796e-12	1	3	7	7.59503495975772e-05	1	0	2.93572819389576	-3.43895894693805
VIM	CD44	R-HSA-71387	REACTOME_METABOLISM_OF_CARBOHYDRATES	2.2710983488989e-31	3.43530491576348e-31	1.27422084998371	1.69913352091108	3.40081418349087e-11	1	6	12	0.000505639805773181	1	0	0.440157696238909	1.05564596780402
UBC	TLR4	R-HSA-9833110	REACTOME_RSV_HOST_INTERACTIONS	2.45931630788653e-31	3.71414856576878e-31	4.19689819640229	5.52538179144511	1.22862244759877e-11	1	14	27	0.0119088686040599	1	0	4.63774849711558	6.87606691175318
CSF2	SDC2	R-HSA-9820960	REACTOME_RESPIRATORY_SYNCYTIAL_VIRUS_RSV_ATTACHMENT_AND_ENTRY	3.54138001948361e-31	5.33991106711443e-31	7.43622871191756	6.92810601340794	3.90773429665434e-09	1	5	10	8.69346567571399e-05	1	0	2.86889441396839	-3.43895894693805
MMP9	CD44	R-HSA-216083	REACTOME_INTEGRIN_CELL_SURFACE_INTERACTIONS	5.50253265812673e-31	8.28403268311386e-31	15.8939127872024	1.69913352091108	1.75436044930728e-16	1	3	7	0.000683823343647254	1	0	3.20808982866359	1.05564596780402
C3	C3AR1	R-HSA-166658	REACTOME_COMPLEMENT_CASCADE	7.77396317246573e-31	1.16853145492079e-30	4.42606497435535	6.3962542748394	6.61082738667129e-16	1	2	4	6.6493053728977e-06	1	0	-5.10898578169431	5.9117652192184
MMP7	CD44	R-HSA-71387	REACTOME_METABOLISM_OF_CARBOHYDRATES	8.45611794070619e-31	1.26907935917641e-30	7.89765195511114	1.69913352091108	1.2662457283705e-10	1	6	12	0.000505639805773181	1	0	7.87337272525504	1.05564596780402
UBC	TLR4	R-HSA-1236975	REACTOME_ANTIGEN_PROCESSING_CROSS_PRESENTATION	9.78491218558353e-31	1.46620793530853e-30	4.19689819640229	5.52538179144511	1.22862244759877e-11	1	9	18	0.00423984221091755	1	0	4.63774849711558	6.87606691175318
APOE	SORL1	R-HSA-977225	REACTOME_AMYLOID_FIBER_FORMATION	1.61891233392446e-30	2.42205449022396e-30	3.19409616985785	3.78389568639079	1.17148967832162e-08	1	6	12	0.000290527598821619	1	0	5.32806766778927	4.92560455049593
IL16	CD4	R-HSA-389948	REACTOME_PD_1_SIGNALING	2.30718708312749e-30	3.44640562728857e-30	8.17450987137151	14.0155388412442	5.16170735799268e-14	1	2	5	5.46807681385219e-05	1	0	3.2068237045736	6.05331035232973
GNAS	ADCY1	R-HSA-9634597	REACTOME_GPER1_SIGNALING	3.05357740757362e-30	4.55424686448382e-30	3.90700276139367	9.19292090268125	1.0670582363924e-12	1	8	16	0.00399038291299484	1	0	4.12344928606252	-1.7710651724855
SPP1	CD44	R-HSA-71387	REACTOME_METABOLISM_OF_CARBOHYDRATES	3.74519951385652e-30	5.57709058041677e-30	2.09497256602496	1.69913352091108	5.60817968667077e-10	1	6	12	0.000505639805773181	1	0	-5.4964540916368	1.05564596780402
VEGFA	NRP1	R-HSA-399956	REACTOME_CRMPS_IN_SEMA3A_SIGNALING	3.87143183207026e-30	5.75612887900058e-30	3.83758049527232	2.25652504794621	3.30124720113194e-13	1	5	10	0.000618466102150894	1	0	3.57040038685763	10.030876423867
LPL	CD44	R-HSA-216083	REACTOME_INTEGRIN_CELL_SURFACE_INTERACTIONS	5.83157802579561e-30	8.65709493303094e-30	14.1670138568848	1.69913352091108	1.85926926401709e-15	1	3	7	0.000683823343647254	1	0	5.97664098678989	1.05564596780402
FYN	NRP1	R-HSA-399956	REACTOME_CRMPS_IN_SEMA3A_SIGNALING	1.02219509632677e-29	1.51512379811031e-29	2.39472839386236	2.25652504794621	8.71646162746716e-13	1	5	10	0.000618466102150894	1	0	0.605987033652581	10.030876423867
VEGFB	NRP1	R-HSA-399956	REACTOME_CRMPS_IN_SEMA3A_SIGNALING	1.69355501918825e-29	2.50635688796533e-29	1.66495807988446	2.25652504794621	1.44412817003379e-12	1	5	10	0.000618466102150894	1	0	4.11030357103874	10.030876423867
GNAS	ADCY8	R-HSA-381676	REACTOME_GLUCAGON_LIKE_PEPTIDE_1_GLP1_REGULATES_INSULIN_SECRETION	1.86210360908558e-29	2.75155217428824e-29	3.90700276139367	13.8269451132053	2.05691648699432e-11	1	7	13	0.000913317685476711	1	0	4.12344928606252	9.37081217912184
B2M	TYROBP	R-HSA-391160	REACTOME_SIGNAL_REGULATORY_PROTEIN_FAMILY_INTERACTIONS	3.15395468167942e-29	4.65329621497009e-29	4.33780628352636	12.4451635196177	4.96381452311151e-13	1	3	7	0.000313479761975757	1	0	7.29786795683269	1.02625558347166
FYN	TYROBP	R-HSA-391160	REACTOME_SIGNAL_REGULATORY_PROTEIN_FAMILY_INTERACTIONS	3.76848793248447e-29	5.55142845968142e-29	2.39472839386236	12.4451635196177	5.93099046035635e-13	1	3	7	0.000313479761975757	1	0	0.605987033652581	1.02625558347166
UBC	TLR4	R-HSA-937041	REACTOME_IKK_COMPLEX_RECRUITMENT_MEDIATED_BY_RIP1	5.10289573522567e-29	7.50563958601444e-29	4.19689819640229	5.52538179144511	1.22862244759877e-11	1	8	15	0.00224901108837685	1	0	4.63774849711558	6.87606691175318
GNAS	ADCY8	R-HSA-9634597	REACTOME_GPER1_SIGNALING	5.88623329049662e-29	8.6445600698105e-29	3.90700276139367	13.8269451132053	2.05691648699432e-11	1	8	16	0.00399038291299484	1	0	4.12344928606252	9.37081217912184
UBC	TLR4	R-HSA-937072	REACTOME_TRAF6_MEDIATED_INDUCTION_OF_TAK1_COMPLEX_WITHIN_TLR4_COMPLEX	1.25538594637866e-28	1.84084881128003e-28	4.19689819640229	5.52538179144511	1.22862244759877e-11	1	6	11	0.000530009827363214	1	0	4.63774849711558	6.87606691175318
HBEGF	CD44	R-HSA-216083	REACTOME_INTEGRIN_CELL_SURFACE_INTERACTIONS	1.80177903950815e-28	2.63802457845545e-28	5.1186235848315	1.69913352091108	5.74457269351325e-14	1	3	7	0.000683823343647254	1	0	-1.34775337552078	1.05564596780402
CSF2	SDC2	R-HSA-2682334	REACTOME_EPH_EPHRIN_SIGNALING	2.07366325036454e-28	3.03146807484695e-28	7.43622871191756	6.92810601340794	3.90773429665434e-09	1	3	7	7.59503495975772e-05	1	0	2.86889441396839	-3.43895894693805
APOE	VLDLR	R-HSA-174824	REACTOME_PLASMA_LIPOPROTEIN_ASSEMBLY_REMODELING_AND_CLEARANCE	2.34698424847324e-28	3.42581110241376e-28	3.19409616985785	1.98328719748653	3.1849160067287e-08	1	12	22	0.00436342317847691	1	0	5.32806766778927	-6.41387051449348
GNAS	ADCY1	R-HSA-111931	REACTOME_PKA_MEDIATED_PHOSPHORYLATION_OF_CREB	2.85010440000351e-28	4.15387556170725e-28	3.90700276139367	9.19292090268125	1.0670582363924e-12	1	6	11	0.000913317685476711	1	0	4.12344928606252	-1.7710651724855
SEMA6D	TYROBP	R-HSA-391160	REACTOME_SIGNAL_REGULATORY_PROTEIN_FAMILY_INTERACTIONS	3.05691409918358e-28	4.44852901535213e-28	11.4794390376106	12.4451635196177	4.8110883423829e-12	1	3	7	0.000313479761975757	1	0	4.07770211566635	1.02625558347166
UBC	TLR4	R-HSA-9824878	REACTOME_REGULATION_OF_TBK1_IKK_IKBKE_MEDIATED_ACTIVATION_OF_IRF3_IRF7	3.56610982468231e-28	5.18166563919747e-28	4.19689819640229	5.52538179144511	1.22862244759877e-11	1	4	8	0.00022027513926517	1	0	4.63774849711558	6.87606691175318
TLN1	ITGB5	R-HSA-216083	REACTOME_INTEGRIN_CELL_SURFACE_INTERACTIONS	3.65599742389891e-28	5.30423831999857e-28	1.599479448771	1.34376876136635	1.51576644915834e-10	1	6	11	0.000416630634621453	1	0	4.45852991249517	4.90963413720588
TGFB1	ITGB5	R-HSA-216083	REACTOME_INTEGRIN_CELL_SURFACE_INTERACTIONS	5.03833271677675e-28	7.29873274227931e-28	3.57520126226616	1.34376876136635	2.08887884927518e-10	1	6	11	0.000416630634621453	1	0	2.93572819389576	4.90963413720588
ADAM17	ITGA5	R-HSA-216083	REACTOME_INTEGRIN_CELL_SURFACE_INTERACTIONS	1.03913450561729e-27	1.50306182637553e-27	1.38707316810871	3.20605504250472	2.36783062767134e-09	1	4	9	0.000416630634621453	1	0	7.08959667712629	6.6526553313784
TFPI	VLDLR	R-HSA-174824	REACTOME_PLASMA_LIPOPROTEIN_ASSEMBLY_REMODELING_AND_CLEARANCE	1.21757552035329e-27	1.75851645183555e-27	2.70918995949222	1.98328719748653	1.65228026847511e-07	1	12	22	0.00436342317847691	1	0	4.85680884727665	-6.41387051449348
CAP1	ROBO1	R-HSA-428540	REACTOME_ACTIVATION_OF_RAC1	1.63287523498201e-27	2.35477797044774e-27	4.90157934267212	7.42501891433904	6.12480875058896e-16	1	4	8	0.00216773209111249	1	0	3.88249471164202	-1.01170323580886
ITGB2	ITGAL	R-HSA-8949275	REACTOME_RUNX3_REGULATES_IMMUNE_RESPONSE_AND_CELL_MIGRATION	1.96928994327845e-27	2.8356592426487e-27	13.6327398498456	8.16847381243557	1.63698251335501e-17	1	1	3	0.000493653106462132	1	0	5.28850769701234	6.03365906329367
PSEN1	NOTCH2	R-HSA-9013694	REACTOME_SIGNALING_BY_NOTCH4	2.57065240014727e-27	3.6960354598819e-27	1.03037213848847	1.08995904979585	4.8277853644812e-08	1	11	20	0.00352666434219117	1	0	5.73356893136081	-6.25556324817136
UBC	NOTCH2	R-HSA-9013694	REACTOME_SIGNALING_BY_NOTCH4	3.15667598694143e-27	4.53181477765992e-27	4.19689819640229	1.08995904979585	5.92836049295969e-08	1	11	20	0.00352666434219117	1	0	4.63774849711558	-6.25556324817136
TLN1	ITGB5	R-HSA-2129379	REACTOME_MOLECULES_ASSOCIATED_WITH_ELASTIC_FIBRES	3.24710713875563e-27	4.65467226616838e-27	1.599479448771	1.34376876136635	1.51576644915834e-10	1	5	10	0.000683823343647254	1	0	4.45852991249517	4.90963413720588
IL23A	IL12RB1	R-HSA-447115	REACTOME_INTERLEUKIN_12_FAMILY_SIGNALING	3.68115547244264e-27	5.26899716130223e-27	11.2010423596485	7.4307023982988	7.03257476333708e-11	1	5	10	0.000793667830010262	1	0	2.83127596130422	6.20126554832623
IL16	GRIN2D	R-HSA-438066	REACTOME_UNBLOCKING_OF_NMDA_RECEPTORS_GLUTAMATE_BINDING_AND_ACTIVATION	3.82338777256441e-27	5.46442455125078e-27	8.17450987137151	5.25885318522488	3.49197206944122e-12	1	2	4	6.49291777437964e-06	1	0	3.2068237045736	5.95777328440602
EFNB2	PECAM1	R-HSA-216083	REACTOME_INTEGRIN_CELL_SURFACE_INTERACTIONS	4.16807284857378e-27	5.94818729431883e-27	2.67060222794057	11.7147518895933	4.86134407763816e-10	1	4	9	0.000683823343647254	1	0	-3.78976403409972	5.72784319756764
TGFB1	ITGB5	R-HSA-2129379	REACTOME_MOLECULES_ASSOCIATED_WITH_ELASTIC_FIBRES	4.47484071655193e-27	6.37648179371962e-27	3.57520126226616	1.34376876136635	2.08887884927518e-10	1	5	10	0.000683823343647254	1	0	2.93572819389576	4.90963413720588
FABP5	RXRA	R-HSA-4090294	REACTOME_SUMOYLATION_OF_INTRACELLULAR_RECEPTORS	4.67850386529377e-27	6.65680297747289e-27	9.39176574212	2.10851014331761	7.25177582024761e-13	1	6	11	0.0015535276567146	1	0	-3.52378407843682	7.1217491498643
SPP1	ITGA5	R-HSA-216083	REACTOME_INTEGRIN_CELL_SURFACE_INTERACTIONS	5.2624994438751e-27	7.47664735803885e-27	2.09497256602496	3.20605504250472	1.19914287264561e-08	1	4	9	0.000416630634621453	1	0	-5.4964540916368	6.6526553313784
GNAS	ADCY8	R-HSA-111931	REACTOME_PKA_MEDIATED_PHOSPHORYLATION_OF_CREB	5.49400822755698e-27	7.79401463051353e-27	3.90700276139367	13.8269451132053	2.05691648699432e-11	1	6	11	0.000913317685476711	1	0	4.12344928606252	9.37081217912184
FYN	CD80	R-HSA-389513	REACTOME_CTLA4_INHIBITORY_SIGNALING	6.40924027614262e-27	9.07896813119759e-27	2.39472839386236	10.7940639015063	1.00871075128725e-10	1	3	7	0.000313479761975757	1	0	0.605987033652581	-6.41387051449348
IL16	GRIN2D	R-HSA-8849932	REACTOME_SYNAPTIC_ADHESION_LIKE_MOLECULES	7.83224500710363e-27	1.10783524510507e-26	8.17450987137151	5.25885318522488	3.49197206944122e-12	1	2	4	8.24617852157864e-06	1	0	3.2068237045736	5.95777328440602
TGM2	ITGA4	R-HSA-216083	REACTOME_INTEGRIN_CELL_SURFACE_INTERACTIONS	7.94113235656299e-27	1.12158261118467e-26	2.47405738476075	9.89659053145497	1.13081310131154e-11	1	4	8	0.000416630634621453	1	0	4.36595141340137	5.66544909400929
HBEGF	PRLR	R-HSA-982772	REACTOME_GROWTH_HORMONE_RECEPTOR_SIGNALING	8.54484149033572e-27	1.2050739690047e-26	5.1186235848315	14.6354314421215	2.64278757168036e-13	1	8	15	0.00691799286723041	1	0	-1.34775337552078	-5.02636647026176
HBEGF	ERBB4	R-HSA-8863795	REACTOME_DOWNREGULATION_OF_ERBB2_SIGNALING	8.84015303114249e-27	1.24489086003901e-26	5.1186235848315	4.5186694766263	2.72015151936314e-11	1	6	12	0.00236564006957943	1	0	-1.34775337552078	7.85406549065209
IL16	GRIN2D	R-HSA-9620244	REACTOME_LONG_TERM_POTENTIATION	1.05237380666591e-26	1.47980422374283e-26	8.17450987137151	5.25885318522488	3.49197206944122e-12	1	2	5	0.000156691676414383	1	0	3.2068237045736	5.95777328440602
TGFB1	TGFBR1	R-HSA-9839389	REACTOME_TGFBR3_REGULATES_TGF_BETA_SIGNALING	1.20498476767982e-26	1.69191858302335e-26	3.57520126226616	1.05004843782037	1.10190032218372e-08	1	2	4	6.49022603605846e-07	1	0	2.93572819389576	3.74808244272111
NRP1	ROBO1	R-HSA-428540	REACTOME_ACTIVATION_OF_RAC1	1.22015777814975e-26	1.71071828837077e-26	2.25652504794621	7.42501891433904	4.57673242670809e-15	1	4	8	0.00216773209111249	1	0	10.030876423867	-1.01170323580886
GNAS	PTGIR	R-HSA-418346	REACTOME_PLATELET_HOMEOSTASIS	1.36949875101658e-26	1.91729825142321e-26	3.90700276139367	9.59784684660893	3.41915245197428e-13	1	4	8	0.000935608737983455	1	0	4.12344928606252	-5.6021599082548
PKM	CD44	R-HSA-216083	REACTOME_INTEGRIN_CELL_SURFACE_INTERACTIONS	1.78502087300385e-26	2.49538632246456e-26	1.1268241537222	1.69913352091108	5.69114299787185e-12	1	3	7	0.000683823343647254	1	0	-6.41387051449348	1.05564596780402
PSEN1	NOTCH2	R-HSA-5668914	REACTOME_DISEASES_OF_METABOLISM	2.19432290213095e-26	3.06085934658091e-26	1.03037213848847	1.08995904979585	4.8277853644812e-08	1	6	11	0.000315439662346769	1	0	5.73356893136081	-6.25556324817136
CAP1	ROBO1	R-HSA-428542	REACTOME_REGULATION_OF_COMMISSURAL_AXON_PATHFINDING_BY_SLIT_AND_ROBO	2.19909498414416e-26	3.06085934658091e-26	4.90157934267212	7.42501891433904	6.12480875058896e-16	1	1	2	5.99205412866456e-06	1	0	3.88249471164202	-1.01170323580886
CAP1	ROBO1	R-HSA-9010553	REACTOME_REGULATION_OF_EXPRESSION_OF_SLITS_AND_ROBOS	2.19909498414416e-26	3.06085934658091e-26	4.90157934267212	7.42501891433904	6.12480875058896e-16	1	1	2	5.99205412866456e-06	1	0	3.88249471164202	-1.01170323580886
UBC	NOTCH2	R-HSA-5668914	REACTOME_DISEASES_OF_METABOLISM	2.69455583040149e-26	3.74504208892033e-26	4.19689819640229	1.08995904979585	5.92836049295969e-08	1	6	11	0.000315439662346769	1	0	4.63774849711558	-6.25556324817136
MMP9	CD44	R-HSA-1630316	REACTOME_GLYCOSAMINOGLYCAN_METABOLISM	3.00987708578921e-26	4.16518344195073e-26	15.8939127872024	1.69913352091108	1.75436044930728e-16	1	2	4	0.000350075185593256	1	0	3.20808982866359	1.05564596780402
MMP9	CD44	R-HSA-2142845	REACTOME_HYALURONAN_METABOLISM	3.00987708578921e-26	4.16518344195073e-26	15.8939127872024	1.69913352091108	1.75436044930728e-16	1	2	4	0.000350075185593256	1	0	3.20808982866359	1.05564596780402
MMP9	CD44	R-HSA-2160916	REACTOME_HYALURONAN_UPTAKE_AND_DEGRADATION	3.00987708578921e-26	4.16518344195073e-26	15.8939127872024	1.69913352091108	1.75436044930728e-16	1	2	4	0.000350075185593256	1	0	3.20808982866359	1.05564596780402
ABCA1	RXRA	R-HSA-4090294	REACTOME_SUMOYLATION_OF_INTRACELLULAR_RECEPTORS	3.16514195391583e-26	4.37373362219781e-26	7.6670000085532	2.10851014331761	4.90603418313449e-12	1	6	11	0.0015535276567146	1	0	-6.10325044131212	7.1217491498643
TGM2	ITGA4	R-HSA-8949275	REACTOME_RUNX3_REGULATES_IMMUNE_RESPONSE_AND_CELL_MIGRATION	3.18542286778373e-26	4.39156984347879e-26	2.47405738476075	9.89659053145497	1.13081310131154e-11	1	1	2	5.30747712760272e-08	1	0	4.36595141340137	5.66544909400929
CD274	CD80	R-HSA-389513	REACTOME_CTLA4_INHIBITORY_SIGNALING	3.18720814500651e-26	4.39156984347879e-26	7.54483912201574	10.7940639015063	5.01615009570727e-10	1	3	7	0.000313479761975757	1	0	-6.41387051449348	-6.41387051449348
PSEN1	CD44	R-HSA-216083	REACTOME_INTEGRIN_CELL_SURFACE_INTERACTIONS	3.78091780729452e-26	5.20215233457022e-26	1.03037213848847	1.69913352091108	1.20546175285351e-11	1	3	7	0.000683823343647254	1	0	5.73356893136081	1.05564596780402
TGM2	TBXA2R	R-HSA-428930	REACTOME_THROMBOXANE_SIGNALLING_THROUGH_TP_RECEPTOR	4.47810184864786e-26	6.15257832787006e-26	2.47405738476075	7.41002857575163	9.03606449174844e-11	1	3	7	0.000472767401523943	1	0	4.36595141340137	-4.73919372473879
FABP5	RXRA	R-HSA-9623433	REACTOME_NR1H2_NR1H3_REGULATE_GENE_EXPRESSION_TO_CONTROL_BILE_ACID_HOMEOSTASIS	4.91847074359322e-26	6.7479448399226e-26	9.39176574212	2.10851014331761	7.25177582024761e-13	1	3	6	0.000259339501803591	1	0	-3.52378407843682	7.1217491498643
HBEGF	ERBB4	R-HSA-9620244	REACTOME_LONG_TERM_POTENTIATION	6.10110640418337e-26	8.35851577373122e-26	5.1186235848315	4.5186694766263	2.72015151936314e-11	1	2	4	8.24617852157864e-06	1	0	-1.34775337552078	7.85406549065209
GNAS	ADCY1	R-HSA-9660821	REACTOME_ADORA2B_MEDIATED_ANTI_INFLAMMATORY_CYTOKINES_PRODUCTION	6.11772838384713e-26	8.36933169773096e-26	3.90700276139367	9.19292090268125	1.0670582363924e-12	1	8	16	0.0120631633304215	1	0	4.12344928606252	-1.7710651724855
TGFB1	SDC2	R-HSA-3000170	REACTOME_SYNDECAN_INTERACTIONS	6.8546354865593e-26	9.36409605642503e-26	3.57520126226616	6.92810601340794	1.97490148527796e-12	1	4	8	0.000909175398928023	1	0	2.93572819389576	-3.43895894693805
UBC	TGFBR1	R-HSA-9839389	REACTOME_TGFBR3_REGULATES_TGF_BETA_SIGNALING	9.17636621205214e-26	1.25179732537098e-25	4.19689819640229	1.05004843782037	8.39134332378776e-08	1	2	4	6.49022603605846e-07	1	0	4.63774849711558	3.74808244272111
DLL4	NOTCH2	R-HSA-9013694	REACTOME_SIGNALING_BY_NOTCH4	9.21393197625807e-26	1.25513647233402e-25	6.1751008043893	1.08995904979585	1.73041232419271e-06	1	11	20	0.00352666434219117	1	0	-4.59235374269834	-6.25556324817136
CD86	CD80	R-HSA-389513	REACTOME_CTLA4_INHIBITORY_SIGNALING	1.04704471983419e-25	1.42226046221104e-25	6.6357588698783	10.7940639015063	1.64787903163299e-09	1	3	7	0.000313479761975757	1	0	4.42942857302926	-6.41387051449348
CD80	CD86	R-HSA-389513	REACTOME_CTLA4_INHIBITORY_SIGNALING	1.04704471983419e-25	1.42226046221104e-25	10.7940639015063	6.6357588698783	1.64787903163299e-09	1	3	7	0.000313479761975757	1	0	-6.41387051449348	4.42942857302926
VIM	CD44	R-HSA-216083	REACTOME_INTEGRIN_CELL_SURFACE_INTERACTIONS	1.06666170662181e-25	1.44685795848701e-25	1.27422084998371	1.69913352091108	3.40081418349087e-11	1	3	7	0.000683823343647254	1	0	0.440157696238909	1.05564596780402
FYN	CD86	R-HSA-389513	REACTOME_CTLA4_INHIBITORY_SIGNALING	1.25504716766297e-25	1.69998620591636e-25	2.39472839386236	6.6357588698783	1.9752412405362e-09	1	3	7	0.000313479761975757	1	0	0.605987033652581	4.42942857302926
ICAM2	ITGAL	R-HSA-8949275	REACTOME_RUNX3_REGULATES_IMMUNE_RESPONSE_AND_CELL_MIGRATION	1.26309187235082e-25	1.70846982451965e-25	5.98009676035307	8.16847381243557	1.04995169190623e-15	1	1	3	0.000493653106462132	1	0	4.48989711598673	6.03365906329367
SPP1	ITGA4	R-HSA-216083	REACTOME_INTEGRIN_CELL_SURFACE_INTERACTIONS	1.3224833024376e-25	1.78628378456008e-25	2.09497256602496	9.89659053145497	1.88320931765637e-10	1	4	8	0.000416630634621453	1	0	-5.4964540916368	5.66544909400929
SPP1	ITGB5	R-HSA-216083	REACTOME_INTEGRIN_CELL_SURFACE_INTERACTIONS	1.45364332255808e-25	1.96068065588355e-25	2.09497256602496	1.34376876136635	6.02676512563517e-08	1	6	11	0.000416630634621453	1	0	-5.4964540916368	4.90963413720588
NRP1	ROBO1	R-HSA-428542	REACTOME_REGULATION_OF_COMMISSURAL_AXON_PATHFINDING_BY_SLIT_AND_ROBO	1.64326262797608e-25	2.21022280537035e-25	2.25652504794621	7.42501891433904	4.57673242670809e-15	1	1	2	5.99205412866456e-06	1	0	10.030876423867	-1.01170323580886
NRP1	ROBO1	R-HSA-9010553	REACTOME_REGULATION_OF_EXPRESSION_OF_SLITS_AND_ROBOS	1.64326262797608e-25	2.21022280537035e-25	2.25652504794621	7.42501891433904	4.57673242670809e-15	1	1	2	5.99205412866456e-06	1	0	10.030876423867	-1.01170323580886
TGFB1	TGFBR1	R-HSA-2173791	REACTOME_TGF_BETA_RECEPTOR_SIGNALING_IN_EMT_EPITHELIAL_TO_MESENCHYMAL_TRANSITION	1.7082630120586e-25	2.29443169266694e-25	3.57520126226616	1.05004843782037	1.10190032218372e-08	1	4	8	0.000194306386989122	1	0	2.93572819389576	3.74808244272111
VASP	ROBO1	R-HSA-428540	REACTOME_ACTIVATION_OF_RAC1	1.88550540864864e-25	2.52895061104063e-25	1.70328595307253	7.42501891433904	7.07240809264968e-14	1	4	8	0.00216773209111249	1	0	1.89931999211838	-1.01170323580886
HBEGF	ERBB4	R-HSA-6785631	REACTOME_ERBB2_REGULATES_CELL_MOTILITY	1.90567995399186e-25	2.55244005010921e-25	5.1186235848315	4.5186694766263	2.72015151936314e-11	1	2	4	1.20540670122943e-05	1	0	-1.34775337552078	7.85406549065209
LPL	CD44	R-HSA-1630316	REACTOME_GLYCOSAMINOGLYCAN_METABOLISM	3.18986440687652e-25	4.25463138552793e-25	14.1670138568848	1.69913352091108	1.85926926401709e-15	1	2	4	0.000350075185593256	1	0	5.97664098678989	1.05564596780402
LPL	CD44	R-HSA-2142845	REACTOME_HYALURONAN_METABOLISM	3.18986440687652e-25	4.25463138552793e-25	14.1670138568848	1.69913352091108	1.85926926401709e-15	1	2	4	0.000350075185593256	1	0	5.97664098678989	1.05564596780402
LPL	CD44	R-HSA-2160916	REACTOME_HYALURONAN_UPTAKE_AND_DEGRADATION	3.18986440687652e-25	4.25463138552793e-25	14.1670138568848	1.69913352091108	1.85926926401709e-15	1	2	4	0.000350075185593256	1	0	5.97664098678989	1.05564596780402
ABCA1	RXRA	R-HSA-9623433	REACTOME_NR1H2_NR1H3_REGULATE_GENE_EXPRESSION_TO_CONTROL_BILE_ACID_HOMEOSTASIS	3.32748642469636e-25	4.43202705733863e-25	7.6670000085532	2.10851014331761	4.90603418313449e-12	1	3	6	0.000259339501803591	1	0	-6.10325044131212	7.1217491498643
MMP7	CD44	R-HSA-216083	REACTOME_INTEGRIN_CELL_SURFACE_INTERACTIONS	3.97156609197573e-25	5.28256849126869e-25	7.89765195511114	1.69913352091108	1.2662457283705e-10	1	3	7	0.000683823343647254	1	0	7.87337272525504	1.05564596780402
SPP1	ITGA4	R-HSA-8949275	REACTOME_RUNX3_REGULATES_IMMUNE_RESPONSE_AND_CELL_MIGRATION	5.30487135171005e-25	7.04622108904423e-25	2.09497256602496	9.89659053145497	1.88320931765637e-10	1	1	2	5.30747712760272e-08	1	0	-5.4964540916368	5.66544909400929
VEGFA	RET	R-HSA-9768919	REACTOME_NPAS4_REGULATES_EXPRESSION_OF_TARGET_GENES	6.62589758745909e-25	8.78870786496995e-25	3.83758049527232	4.33341380350635	6.37460236997976e-12	1	5	10	0.00281705472219881	1	0	3.57040038685763	-0.290890557785715
DLL4	NOTCH2	R-HSA-5668914	REACTOME_DISEASES_OF_METABOLISM	7.8650625627259e-25	1.04179488917875e-24	6.1751008043893	1.08995904979585	1.73041232419271e-06	1	6	11	0.000315439662346769	1	0	-4.59235374269834	-6.25556324817136
PSEN1	NOTCH2	R-HSA-1980145	REACTOME_SIGNALING_BY_NOTCH2	7.89157278730212e-25	1.04386459352038e-24	1.03037213848847	1.08995904979585	4.8277853644812e-08	1	7	13	0.00138131520414143	1	0	5.73356893136081	-6.25556324817136
UBC	NOTCH2	R-HSA-1980145	REACTOME_SIGNALING_BY_NOTCH2	9.6905899511929e-25	1.28006553212038e-24	4.19689819640229	1.08995904979585	5.92836049295969e-08	1	7	13	0.00138131520414143	1	0	4.63774849711558	-6.25556324817136
UBC	TLR4	R-HSA-936964	REACTOME_ACTIVATION_OF_IRF3_IRF7_MEDIATED_BY_TBK1_IKK_IKBKE	9.84793685481897e-25	1.29906072128905e-24	4.19689819640229	5.52538179144511	1.22862244759877e-11	1	6	11	0.00236564006957943	1	0	4.63774849711558	6.87606691175318
GNAS	ADCY8	R-HSA-9660821	REACTOME_ADORA2B_MEDIATED_ANTI_INFLAMMATORY_CYTOKINES_PRODUCTION	1.17928487373212e-24	1.55348103558943e-24	3.90700276139367	13.8269451132053	2.05691648699432e-11	1	8	16	0.0120631633304215	1	0	4.12344928606252	9.37081217912184
TLN1	ITGB5	R-HSA-3000170	REACTOME_SYNDECAN_INTERACTIONS	1.26706027959613e-24	1.66681866684868e-24	1.599479448771	1.34376876136635	1.51576644915834e-10	1	4	8	0.000683823343647254	1	0	4.45852991249517	4.90963413720588
SPP1	ITGB5	R-HSA-2129379	REACTOME_MOLECULES_ASSOCIATED_WITH_ELASTIC_FIBRES	1.29106644852311e-24	1.69607222484063e-24	2.09497256602496	1.34376876136635	6.02676512563517e-08	1	5	10	0.000683823343647254	1	0	-5.4964540916368	4.90963413720588
UBC	TGFBR1	R-HSA-2173791	REACTOME_TGF_BETA_RECEPTOR_SIGNALING_IN_EMT_EPITHELIAL_TO_MESENCHYMAL_TRANSITION	1.30090001181809e-24	1.70665268308282e-24	4.19689819640229	1.05004843782037	8.39134332378776e-08	1	4	8	0.000194306386989122	1	0	4.63774849711558	3.74808244272111
ICAM5	ITGAL	R-HSA-8949275	REACTOME_RUNX3_REGULATES_IMMUNE_RESPONSE_AND_CELL_MIGRATION	1.34219282375175e-24	1.75841928685509e-24	7.64111910296574	8.16847381243557	1.11570476939237e-14	1	1	3	0.000493653106462132	1	0	7.69990541806973	6.03365906329367
IL16	GRIN2D	R-HSA-6794361	REACTOME_NEUREXINS_AND_NEUROLIGINS	1.37438157423576e-24	1.79813360121705e-24	8.17450987137151	5.25885318522488	3.49197206944122e-12	1	2	5	0.000529739871657117	1	0	3.2068237045736	5.95777328440602
ICAM3	ITGAL	R-HSA-8949275	REACTOME_RUNX3_REGULATES_IMMUNE_RESPONSE_AND_CELL_MIGRATION	1.50412009213363e-24	1.96519232746069e-24	7.23202815492978	8.16847381243557	1.2503076538895e-14	1	1	3	0.000493653106462132	1	0	5.67876194855417	6.03365906329367
TGFB1	ITGB5	R-HSA-3000170	REACTOME_SYNDECAN_INTERACTIONS	1.74613669558044e-24	2.2782926409002e-24	3.57520126226616	1.34376876136635	2.08887884927518e-10	1	4	8	0.000683823343647254	1	0	2.93572819389576	4.90963413720588
SPP1	CD44	R-HSA-216083	REACTOME_INTEGRIN_CELL_SURFACE_INTERACTIONS	1.75899951978134e-24	2.29195725471509e-24	2.09497256602496	1.69913352091108	5.60817968667077e-10	1	3	7	0.000683823343647254	1	0	-5.4964540916368	1.05564596780402
ADAM28	ITGA4	R-HSA-216083	REACTOME_INTEGRIN_CELL_SURFACE_INTERACTIONS	1.8095563642545e-24	2.35463304385355e-24	13.7179473321254	9.89659053145497	2.57679881455385e-09	1	4	8	0.000416630634621453	1	0	4.36456971027165	5.66544909400929
UBC	ERBB4	R-HSA-8863795	REACTOME_DOWNREGULATION_OF_ERBB2_SIGNALING	2.27793926053436e-24	2.96008638326891e-24	4.19689819640229	4.5186694766263	7.00931298217434e-09	1	6	12	0.00236564006957943	1	0	4.63774849711558	7.85406549065209
VASP	ROBO1	R-HSA-428542	REACTOME_REGULATION_OF_COMMISSURAL_AXON_PATHFINDING_BY_SLIT_AND_ROBO	2.5393278052757e-24	3.29083157467486e-24	1.70328595307253	7.42501891433904	7.07240809264968e-14	1	1	2	5.99205412866456e-06	1	0	1.89931999211838	-1.01170323580886
VASP	ROBO1	R-HSA-9010553	REACTOME_REGULATION_OF_EXPRESSION_OF_SLITS_AND_ROBOS	2.5393278052757e-24	3.29083157467486e-24	1.70328595307253	7.42501891433904	7.07240809264968e-14	1	1	2	5.99205412866456e-06	1	0	1.89931999211838	-1.01170323580886
VEGFB	RET	R-HSA-9768919	REACTOME_NPAS4_REGULATES_EXPRESSION_OF_TARGET_GENES	2.89849404628883e-24	3.75122238919162e-24	1.66495807988446	4.33341380350635	2.78856513747151e-11	1	5	10	0.00281705472219881	1	0	4.11030357103874	-0.290890557785715
FABP5	RXRA	R-HSA-9029558	REACTOME_NR1H2_NR1H3_REGULATE_GENE_EXPRESSION_LINKED_TO_LIPOGENESIS	4.44661403076945e-24	5.74703888882467e-24	9.39176574212	2.10851014331761	7.25177582024761e-13	1	3	7	0.00311547833279841	1	0	-3.52378407843682	7.1217491498643
ADAM28	ITGA4	R-HSA-8949275	REACTOME_RUNX3_REGULATES_IMMUNE_RESPONSE_AND_CELL_MIGRATION	7.25866534446567e-24	9.36885607717709e-24	13.7179473321254	9.89659053145497	2.57679881455385e-09	1	1	2	5.30747712760272e-08	1	0	4.36456971027165	5.66544909400929
FABP5	RXRA	R-HSA-9843743	REACTOME_TRANSCRIPTIONAL_REGULATION_OF_BROWN_AND_BEIGE_ADIPOCYTE_DIFFERENTIATION	8.9437612691978e-24	1.15283159370439e-23	9.39176574212	2.10851014331761	7.25177582024761e-13	1	6	11	0.00548839312836088	1	0	-3.52378407843682	7.1217491498643
HBEGF	ERBB4	R-HSA-1250196	REACTOME_SHC1_EVENTS_IN_ERBB2_SIGNALING	9.13053461458103e-24	1.17532653629305e-23	5.1186235848315	4.5186694766263	2.72015151936314e-11	1	4	9	0.00399038291299484	1	0	-1.34775337552078	7.85406549065209
HBEGF	CD44	R-HSA-1630316	REACTOME_GLYCOSAMINOGLYCAN_METABOLISM	9.855704239504e-24	1.26358561038561e-23	5.1186235848315	1.69913352091108	5.74457269351325e-14	1	2	4	0.000350075185593256	1	0	-1.34775337552078	1.05564596780402
HBEGF	CD44	R-HSA-2142845	REACTOME_HYALURONAN_METABOLISM	9.855704239504e-24	1.26358561038561e-23	5.1186235848315	1.69913352091108	5.74457269351325e-14	1	2	4	0.000350075185593256	1	0	-1.34775337552078	1.05564596780402
HBEGF	CD44	R-HSA-2160916	REACTOME_HYALURONAN_UPTAKE_AND_DEGRADATION	9.855704239504e-24	1.26358561038561e-23	5.1186235848315	1.69913352091108	5.74457269351325e-14	1	2	4	0.000350075185593256	1	0	-1.34775337552078	1.05564596780402
IL12B	IL12RB1	R-HSA-447115	REACTOME_INTERLEUKIN_12_FAMILY_SIGNALING	1.54318450444554e-23	1.97585305709383e-23	5.89252615262669	7.4307023982988	2.94813964864551e-07	1	5	10	0.000793667830010262	1	0	-1.01616491899319	6.20126554832623
UBC	ERBB4	R-HSA-9620244	REACTOME_LONG_TERM_POTENTIATION	1.57213905255108e-23	2.01024180186198e-23	4.19689819640229	4.5186694766263	7.00931298217434e-09	1	2	4	8.24617852157864e-06	1	0	4.63774849711558	7.85406549065209
COL5A3	SDC3	R-HSA-3000170	REACTOME_SYNDECAN_INTERACTIONS	1.59387713849583e-23	2.03532380268642e-23	7.22253878717918	1.32465128222274	5.08172361085832e-09	1	3	7	0.000683823343647254	1	0	-3.7873277414631	7.20209742692618
LPL	VLDLR	R-HSA-8964043	REACTOME_PLASMA_LIPOPROTEIN_CLEARANCE	1.64033437991222e-23	2.09186259353167e-23	14.1670138568848	1.98328719748653	7.63735044895448e-12	1	8	15	0.0117330959841502	1	0	5.97664098678989	-6.41387051449348
ADAM17	ERBB4	R-HSA-8863795	REACTOME_DOWNREGULATION_OF_ERBB2_SIGNALING	1.70413374740741e-23	2.17033766768089e-23	1.38707316810871	4.5186694766263	5.24368977084233e-08	1	6	12	0.00236564006957943	1	0	7.08959667712629	7.85406549065209
MMP7	ERBB4	R-HSA-8863795	REACTOME_DOWNREGULATION_OF_ERBB2_SIGNALING	1.94858810411881e-23	2.47837664701584e-23	7.89765195511114	4.5186694766263	5.99588590079723e-08	1	6	12	0.00236564006957943	1	0	7.87337272525504	7.85406549065209
EFNB2	PECAM1	R-HSA-418346	REACTOME_PLATELET_HOMEOSTASIS	2.34668863896067e-23	2.97681799571863e-23	2.67060222794057	11.7147518895933	4.86134407763816e-10	1	2	5	0.000313479761975757	1	0	-3.78976403409972	5.72784319756764
EFNB2	PECAM1	R-HSA-432142	REACTOME_PLATELET_SENSITIZATION_BY_LDL	2.34668863896067e-23	2.97681799571863e-23	2.67060222794057	11.7147518895933	4.86134407763816e-10	1	2	5	0.000313479761975757	1	0	-3.78976403409972	5.72784319756764
NRG1	ERBB4	R-HSA-8863795	REACTOME_DOWNREGULATION_OF_ERBB2_SIGNALING	2.7393531653281e-23	3.47032983560059e-23	8.21899543308893	4.5186694766263	8.4291025828276e-08	1	6	12	0.00236564006957943	1	0	1.58850965471032	7.85406549065209
DLL4	NOTCH2	R-HSA-1980145	REACTOME_SIGNALING_BY_NOTCH2	2.82855880646195e-23	3.5786119992045e-23	6.1751008043893	1.08995904979585	1.73041232419271e-06	1	7	13	0.00138131520414143	1	0	-4.59235374269834	-6.25556324817136
ABCA1	RXRA	R-HSA-9029558	REACTOME_NR1H2_NR1H3_REGULATE_GENE_EXPRESSION_LINKED_TO_LIPOGENESIS	3.00826183474264e-23	3.80095270028747e-23	7.6670000085532	2.10851014331761	4.90603418313449e-12	1	3	7	0.00311547833279841	1	0	-6.10325044131212	7.1217491498643
UBC	ERBB4	R-HSA-6785631	REACTOME_ERBB2_REGULATES_CELL_MOTILITY	4.91057470376206e-23	6.19636992224712e-23	4.19689819640229	4.5186694766263	7.00931298217434e-09	1	2	4	1.20540670122943e-05	1	0	4.63774849711558	7.85406549065209
FABP5	RXRA	R-HSA-9031525	REACTOME_NR1H2_NR1H3_REGULATE_GENE_EXPRESSION_TO_LIMIT_CHOLESTEROL_UPTAKE	5.05854825762835e-23	6.3747014179574e-23	9.39176574212	2.10851014331761	7.25177582024761e-13	1	2	4	0.000259339501803591	1	0	-3.52378407843682	7.1217491498643
ABCA1	RXRA	R-HSA-9843743	REACTOME_TRANSCRIPTIONAL_REGULATION_OF_BROWN_AND_BEIGE_ADIPOCYTE_DIFFERENTIATION	6.05071083278199e-23	7.61500221606028e-23	7.6670000085532	2.10851014331761	4.90603418313449e-12	1	6	11	0.00548839312836088	1	0	-6.10325044131212	7.1217491498643
ADAM17	ERBB4	R-HSA-9620244	REACTOME_LONG_TERM_POTENTIATION	1.17612232313909e-22	1.4782454887161e-22	1.38707316810871	4.5186694766263	5.24368977084233e-08	1	2	4	8.24617852157864e-06	1	0	7.08959667712629	7.85406549065209
HBEGF	ERBB4	R-HSA-8847993	REACTOME_ERBB2_ACTIVATES_PTK6_SIGNALING	1.1817422167969e-22	1.48336490302123e-22	5.1186235848315	4.5186694766263	2.72015151936314e-11	1	1	3	0.000163171091325277	1	0	-1.34775337552078	7.85406549065209
ARTN	RET	R-HSA-9768919	REACTOME_NPAS4_REGULATES_EXPRESSION_OF_TARGET_GENES	1.21152641569122e-22	1.51876317993187e-22	5.12645780362713	4.33341380350635	1.16557780418697e-09	1	5	10	0.00281705472219881	1	0	5.0006911125606	-0.290890557785715
MMP7	ERBB4	R-HSA-9620244	REACTOME_LONG_TERM_POTENTIATION	1.34483456556389e-22	1.68367669500753e-22	7.89765195511114	4.5186694766263	5.99588590079723e-08	1	2	4	8.24617852157864e-06	1	0	7.87337272525504	7.85406549065209
CSF2	SDC2	R-HSA-3000170	REACTOME_SYNDECAN_INTERACTIONS	1.35632558796328e-22	1.69584907282501e-22	7.43622871191756	6.92810601340794	3.90773429665434e-09	1	4	8	0.000909175398928023	1	0	2.86889441396839	-3.43895894693805
IL16	CD4	R-HSA-449836	REACTOME_OTHER_INTERLEUKIN_SIGNALING	1.43693392811283e-22	1.79429640242214e-22	8.17450987137151	14.0155388412442	5.16170735799268e-14	1	2	5	0.00486229731773527	1	0	3.2068237045736	6.05331035232973
PSEN1	NOTCH2	R-HSA-9013695	REACTOME_NOTCH4_INTRACELLULAR_DOMAIN_REGULATES_TRANSCRIPTION	1.5401899898658e-22	1.9207310796896e-22	1.03037213848847	1.08995904979585	4.8277853644812e-08	1	6	11	0.00138131520414143	1	0	5.73356893136081	-6.25556324817136
LPL	VLDLR	R-HSA-8866427	REACTOME_VLDLR_INTERNALISATION_AND_DEGRADATION	1.75855168547252e-22	2.1901961900885e-22	14.1670138568848	1.98328719748653	7.63735044895448e-12	1	6	12	0.0117330959841502	1	0	5.97664098678989	-6.41387051449348
NRG1	ERBB4	R-HSA-9620244	REACTOME_LONG_TERM_POTENTIATION	1.89058776261289e-22	2.34942861472541e-22	8.21899543308893	4.5186694766263	8.4291025828276e-08	1	2	4	8.24617852157864e-06	1	0	1.58850965471032	7.85406549065209
UBC	NOTCH2	R-HSA-9013695	REACTOME_NOTCH4_INTRACELLULAR_DOMAIN_REGULATES_TRANSCRIPTION	1.89130228422108e-22	2.34942861472541e-22	4.19689819640229	1.08995904979585	5.92836049295969e-08	1	6	11	0.00138131520414143	1	0	4.63774849711558	-6.25556324817136
GNAS	ADCY1	R-HSA-164378	REACTOME_PKA_ACTIVATION_IN_GLUCAGON_SIGNALLING	2.76803772030302e-22	3.43408560643027e-22	3.90700276139367	9.19292090268125	1.0670582363924e-12	1	5	10	0.0104205593819487	1	0	4.12344928606252	-1.7710651724855
ABCA1	RXRA	R-HSA-9031525	REACTOME_NR1H2_NR1H3_REGULATE_GENE_EXPRESSION_TO_LIMIT_CHOLESTEROL_UPTAKE	3.42225287765621e-22	4.24023321663088e-22	7.6670000085532	2.10851014331761	4.90603418313449e-12	1	2	4	0.000259339501803591	1	0	-6.10325044131212	7.1217491498643
FABP5	RXRA	R-HSA-1368082	REACTOME_RORA_ACTIVATES_GENE_EXPRESSION	3.56422363888717e-22	4.41043931573264e-22	9.39176574212	2.10851014331761	7.25177582024761e-13	1	3	7	0.00749806186181404	1	0	-3.52378407843682	7.1217491498643
ADAM17	ERBB4	R-HSA-6785631	REACTOME_ERBB2_REGULATES_CELL_MOTILITY	3.67361685924981e-22	4.53994660827392e-22	1.38707316810871	4.5186694766263	5.24368977084233e-08	1	2	4	1.20540670122943e-05	1	0	7.08959667712629	7.85406549065209
MMP7	ERBB4	R-HSA-6785631	REACTOME_ERBB2_REGULATES_CELL_MOTILITY	4.20058937387683e-22	5.18451120919933e-22	7.89765195511114	4.5186694766263	5.99588590079723e-08	1	2	4	1.20540670122943e-05	1	0	7.87337272525504	7.85406549065209
GNAS	ADCY1	R-HSA-977443	REACTOME_GABA_RECEPTOR_ACTIVATION	4.47205135534433e-22	5.50538799714404e-22	3.90700276139367	9.19292090268125	1.0670582363924e-12	1	4	9	0.0131461943694503	1	0	4.12344928606252	-1.7710651724855
GNAS	ADCY1	R-HSA-977444	REACTOME_GABA_B_RECEPTOR_ACTIVATION	4.47205135534433e-22	5.50538799714404e-22	3.90700276139367	9.19292090268125	1.0670582363924e-12	1	4	9	0.0131461943694503	1	0	4.12344928606252	-1.7710651724855
IL16	CD4	R-HSA-164938	REACTOME_NEF_MEDIATES_DOWN_MODULATION_OF_CELL_SURFACE_RECEPTORS_BY_RECRUITING_THEM_TO_CLATHRIN_ADAPTERS	4.56732039573062e-22	5.60110007609421e-22	8.17450987137151	14.0155388412442	5.16170735799268e-14	1	3	6	0.00493802928720705	1	0	3.2068237045736	6.05331035232973
IL16	CD4	R-HSA-164952	REACTOME_THE_ROLE_OF_NEF_IN_HIV_1_REPLICATION_AND_DISEASE_PATHOGENESIS	4.56732039573062e-22	5.60110007609421e-22	8.17450987137151	14.0155388412442	5.16170735799268e-14	1	3	6	0.00493802928720705	1	0	3.2068237045736	6.05331035232973
IL16	CD4	R-HSA-167590	REACTOME_NEF_MEDIATED_CD4_DOWN_REGULATION	4.56732039573062e-22	5.60110007609421e-22	8.17450987137151	14.0155388412442	5.16170735799268e-14	1	3	6	0.00493802928720705	1	0	3.2068237045736	6.05331035232973
SPP1	ITGB5	R-HSA-3000170	REACTOME_SYNDECAN_INTERACTIONS	5.0378966425782e-22	6.17029742047573e-22	2.09497256602496	1.34376876136635	6.02676512563517e-08	1	4	8	0.000683823343647254	1	0	-5.4964540916368	4.90963413720588
NRG1	ERBB4	R-HSA-6785631	REACTOME_ERBB2_REGULATES_CELL_MOTILITY	5.90524892010296e-22	7.2233848397688e-22	8.21899543308893	4.5186694766263	8.4291025828276e-08	1	2	4	1.20540670122943e-05	1	0	1.58850965471032	7.85406549065209
GNAS	ADCY1	R-HSA-163359	REACTOME_GLUCAGON_SIGNALING_IN_METABOLIC_REGULATION	6.0353314490147e-22	7.35436195629619e-22	3.90700276139367	9.19292090268125	1.0670582363924e-12	1	6	11	0.0104205593819487	1	0	4.12344928606252	-1.7710651724855
GNAS	ADCY1	R-HSA-432040	REACTOME_VASOPRESSIN_REGULATES_RENAL_WATER_HOMEOSTASIS_VIA_AQUAPORINS	6.0353314490147e-22	7.35436195629619e-22	3.90700276139367	9.19292090268125	1.0670582363924e-12	1	6	11	0.0104205593819487	1	0	4.12344928606252	-1.7710651724855
GNAS	ADCY1	R-HSA-445717	REACTOME_AQUAPORIN_MEDIATED_TRANSPORT	6.0353314490147e-22	7.35436195629619e-22	3.90700276139367	9.19292090268125	1.0670582363924e-12	1	6	11	0.0104205593819487	1	0	4.12344928606252	-1.7710651724855
HBEGF	ERBB4	R-HSA-1963640	REACTOME_GRB2_EVENTS_IN_ERBB2_SIGNALING	7.28220609977352e-22	8.86248178893757e-22	5.1186235848315	4.5186694766263	2.72015151936314e-11	1	3	7	0.00418501468749805	1	0	-1.34775337552078	7.85406549065209
PKM	CD44	R-HSA-1630316	REACTOME_GLYCOSAMINOGLYCAN_METABOLISM	9.76403732084129e-22	1.18378151588961e-21	1.1268241537222	1.69913352091108	5.69114299787185e-12	1	2	4	0.000350075185593256	1	0	-6.41387051449348	1.05564596780402
PKM	CD44	R-HSA-2142845	REACTOME_HYALURONAN_METABOLISM	9.76403732084129e-22	1.18378151588961e-21	1.1268241537222	1.69913352091108	5.69114299787185e-12	1	2	4	0.000350075185593256	1	0	-6.41387051449348	1.05564596780402
PKM	CD44	R-HSA-2160916	REACTOME_HYALURONAN_UPTAKE_AND_DEGRADATION	9.76403732084129e-22	1.18378151588961e-21	1.1268241537222	1.69913352091108	5.69114299787185e-12	1	2	4	0.000350075185593256	1	0	-6.41387051449348	1.05564596780402
FABP5	RXRA	R-HSA-5362517	REACTOME_SIGNALING_BY_RETINOIC_ACID	1.38123103311245e-21	1.67247545549854e-21	9.39176574212	2.10851014331761	7.25177582024761e-13	1	3	7	0.00983899124484065	1	0	-3.52378407843682	7.1217491498643
NAMPT	INSR	R-HSA-74749	REACTOME_SIGNAL_ATTENUATION	1.80305337495281e-21	2.18048951649401e-21	4.70401291269966	1.23583007939983	2.06752897317194e-12	1	4	8	0.00691799286723041	1	0	-3.7504001622876	3.32949477156727
PSEN1	CD44	R-HSA-1630316	REACTOME_GLYCOSAMINOGLYCAN_METABOLISM	2.06815635244269e-21	2.49166073114641e-21	1.03037213848847	1.69913352091108	1.20546175285351e-11	1	2	4	0.000350075185593256	1	0	5.73356893136081	1.05564596780402
PSEN1	CD44	R-HSA-2142845	REACTOME_HYALURONAN_METABOLISM	2.06815635244269e-21	2.49166073114641e-21	1.03037213848847	1.69913352091108	1.20546175285351e-11	1	2	4	0.000350075185593256	1	0	5.73356893136081	1.05564596780402
PSEN1	CD44	R-HSA-2160916	REACTOME_HYALURONAN_UPTAKE_AND_DEGRADATION	2.06815635244269e-21	2.49166073114641e-21	1.03037213848847	1.69913352091108	1.20546175285351e-11	1	2	4	0.000350075185593256	1	0	5.73356893136081	1.05564596780402
UBC	ERBB4	R-HSA-1250196	REACTOME_SHC1_EVENTS_IN_ERBB2_SIGNALING	2.35276507035016e-21	2.83099335315659e-21	4.19689819640229	4.5186694766263	7.00931298217434e-09	1	4	9	0.00399038291299484	1	0	4.63774849711558	7.85406549065209
ABCA1	RXRA	R-HSA-1368082	REACTOME_RORA_ACTIVATES_GENE_EXPRESSION	2.41129944473648e-21	2.89778968358682e-21	7.6670000085532	2.10851014331761	4.90603418313449e-12	1	3	7	0.00749806186181404	1	0	-6.10325044131212	7.1217491498643
GNAS	ADCY1	R-HSA-442720	REACTOME_CREB1_PHOSPHORYLATION_THROUGH_THE_ACTIVATION_OF_ADENYLATE_CYCLASE	2.70575170325752e-21	3.2475793284405e-21	3.90700276139367	9.19292090268125	1.0670582363924e-12	1	3	7	0.0104205593819487	1	0	4.12344928606252	-1.7710651724855
B2M	TYROBP	R-HSA-198933	REACTOME_IMMUNOREGULATORY_INTERACTIONS_BETWEEN_A_LYMPHOID_AND_A_NON_LYMPHOID_CELL	2.88214631329376e-21	3.45497289306089e-21	4.33780628352636	12.4451635196177	4.96381452311151e-13	1	1	3	0.00179735346369064	1	0	7.29786795683269	1.02625558347166
MMP12	PLAUR	R-HSA-163125	REACTOME_POST_TRANSLATIONAL_MODIFICATION_SYNTHESIS_OF_GPI_ANCHORED_PROTEINS	3.38466454316197e-21	4.05230124455971e-21	12.4694940819891	6.05514478472718	2.68312573881012e-10	1	4	8	0.00295924318080149	1	0	3.84370669267325	4.72394208110126
FYN	TYROBP	R-HSA-198933	REACTOME_IMMUNOREGULATORY_INTERACTIONS_BETWEEN_A_LYMPHOID_AND_A_NON_LYMPHOID_CELL	3.443718980616e-21	4.11786346934008e-21	2.39472839386236	12.4451635196177	5.93099046035635e-13	1	1	3	0.00179735346369064	1	0	0.605987033652581	1.02625558347166
TYROBP	CD300LB	R-HSA-198933	REACTOME_IMMUNOREGULATORY_INTERACTIONS_BETWEEN_A_LYMPHOID_AND_A_NON_LYMPHOID_CELL	4.67108689199756e-21	5.57854586478912e-21	12.4451635196177	16.4961450077079	1.90881792551801e-11	1	1	2	1.56432404449575e-05	1	0	1.02625558347166	1.11462006641027
PSEN1	NOTCH2	R-HSA-2197563	REACTOME_NOTCH2_INTRACELLULAR_DOMAIN_REGULATES_TRANSCRIPTION	5.08663787228978e-21	6.06727079543022e-21	1.03037213848847	1.08995904979585	4.8277853644812e-08	1	3	7	0.00138131520414143	1	0	5.73356893136081	-6.25556324817136
GNAS	ADCY8	R-HSA-164378	REACTOME_PKA_ACTIVATION_IN_GLUCAGON_SIGNALLING	5.33581226340836e-21	6.35657634858214e-21	3.90700276139367	13.8269451132053	2.05691648699432e-11	1	5	10	0.0104205593819487	1	0	4.12344928606252	9.37081217912184
DLL4	NOTCH2	R-HSA-9013695	REACTOME_NOTCH4_INTRACELLULAR_DOMAIN_REGULATES_TRANSCRIPTION	5.52046857689672e-21	6.56839871618356e-21	6.1751008043893	1.08995904979585	1.73041232419271e-06	1	6	11	0.00138131520414143	1	0	-4.59235374269834	-6.25556324817136
VIM	CD44	R-HSA-1630316	REACTOME_GLYCOSAMINOGLYCAN_METABOLISM	5.83462348798268e-21	6.91644490108206e-21	1.27422084998371	1.69913352091108	3.40081418349087e-11	1	2	4	0.000350075185593256	1	0	0.440157696238909	1.05564596780402
VIM	CD44	R-HSA-2142845	REACTOME_HYALURONAN_METABOLISM	5.83462348798268e-21	6.91644490108206e-21	1.27422084998371	1.69913352091108	3.40081418349087e-11	1	2	4	0.000350075185593256	1	0	0.440157696238909	1.05564596780402
VIM	CD44	R-HSA-2160916	REACTOME_HYALURONAN_UPTAKE_AND_DEGRADATION	5.83462348798268e-21	6.91644490108206e-21	1.27422084998371	1.69913352091108	3.40081418349087e-11	1	2	4	0.000350075185593256	1	0	0.440157696238909	1.05564596780402
UBC	NOTCH2	R-HSA-2197563	REACTOME_NOTCH2_INTRACELLULAR_DOMAIN_REGULATES_TRANSCRIPTION	6.24622279729616e-21	7.39521933655188e-21	4.19689819640229	1.08995904979585	5.92836049295969e-08	1	3	7	0.00138131520414143	1	0	4.63774849711558	-6.25556324817136
TGFB1	CXCR4	R-HSA-9823730	REACTOME_FORMATION_OF_DEFINITIVE_ENDODERM	7.99507395281564e-21	9.45410101202243e-21	3.57520126226616	6.06665293294826	4.06623408901089e-14	1	4	8	0.0205871093221662	1	0	2.93572819389576	-4.94652109791248
GNAS	ADCY1	R-HSA-170670	REACTOME_ADENYLATE_CYCLASE_INHIBITORY_PATHWAY	8.60678880784884e-21	1.01561597004335e-20	3.90700276139367	9.19292090268125	1.0670582363924e-12	1	3	7	0.0131461943694503	1	0	4.12344928606252	-1.7710651724855
GNAS	ADCY8	R-HSA-977443	REACTOME_GABA_RECEPTOR_ACTIVATION	8.62055682601971e-21	1.01561597004335e-20	3.90700276139367	13.8269451132053	2.05691648699432e-11	1	4	9	0.0131461943694503	1	0	4.12344928606252	9.37081217912184
GNAS	ADCY8	R-HSA-977444	REACTOME_GABA_B_RECEPTOR_ACTIVATION	8.62055682601971e-21	1.01561597004335e-20	3.90700276139367	13.8269451132053	2.05691648699432e-11	1	4	9	0.0131461943694503	1	0	4.12344928606252	9.37081217912184
ABCA1	RXRA	R-HSA-5362517	REACTOME_SIGNALING_BY_RETINOIC_ACID	9.34442380904224e-21	1.09954631078178e-20	7.6670000085532	2.10851014331761	4.90603418313449e-12	1	3	7	0.00983899124484065	1	0	-6.10325044131212	7.1217491498643
COL5A3	SDC3	R-HSA-9833110	REACTOME_RSV_HOST_INTERACTIONS	1.1288172773739e-20	1.32663697181565e-20	7.22253878717918	1.32465128222274	5.08172361085832e-09	1	1	3	0.000130478073516374	1	0	-3.7873277414631	7.20209742692618
GDF11	ACVR1B	R-HSA-1502540	REACTOME_SIGNALING_BY_ACTIVIN	1.1473501900942e-20	1.34676723659772e-20	1.68545078151755	2.32837246814502	4.44168713095296e-08	1	6	11	0.00287614578098621	1	0	-5.42995678914304	-5.52322539493246
GNAS	ADCY8	R-HSA-163359	REACTOME_GLUCAGON_SIGNALING_IN_METABOLIC_REGULATION	1.16340161563483e-20	1.36061237730951e-20	3.90700276139367	13.8269451132053	2.05691648699432e-11	1	6	11	0.0104205593819487	1	0	4.12344928606252	9.37081217912184
GNAS	ADCY8	R-HSA-432040	REACTOME_VASOPRESSIN_REGULATES_RENAL_WATER_HOMEOSTASIS_VIA_AQUAPORINS	1.16340161563483e-20	1.36061237730951e-20	3.90700276139367	13.8269451132053	2.05691648699432e-11	1	6	11	0.0104205593819487	1	0	4.12344928606252	9.37081217912184
GNAS	ADCY8	R-HSA-445717	REACTOME_AQUAPORIN_MEDIATED_TRANSPORT	1.16340161563483e-20	1.36061237730951e-20	3.90700276139367	13.8269451132053	2.05691648699432e-11	1	6	11	0.0104205593819487	1	0	4.12344928606252	9.37081217912184
IL16	GRIN2D	R-HSA-442982	REACTOME_RAS_ACTIVATION_UPON_CA2_INFLUX_THROUGH_NMDA_RECEPTOR	1.59601601753754e-20	1.8642866757838e-20	8.17450987137151	5.25885318522488	3.49197206944122e-12	1	3	6	0.00418501468749805	1	0	3.2068237045736	5.95777328440602
MMP9	ITGB2	R-HSA-216083	REACTOME_INTEGRIN_CELL_SURFACE_INTERACTIONS	1.68814361152012e-20	1.96950088010681e-20	15.8939127872024	13.6327398498456	4.7629353995605e-20	1	1	3	0.707692999328665	1	0	3.20808982866359	5.28850769701234
ADAM17	ERBB4	R-HSA-1250196	REACTOME_SHC1_EVENTS_IN_ERBB2_SIGNALING	1.7601111783659e-20	2.05096794660133e-20	1.38707316810871	4.5186694766263	5.24368977084233e-08	1	4	9	0.00399038291299484	1	0	7.08959667712629	7.85406549065209
UBC	TLR4	R-HSA-5686938	REACTOME_REGULATION_OF_TLR_BY_ENDOGENOUS_LIGAND	1.92458859131289e-20	2.239903469744e-20	4.19689819640229	5.52538179144511	1.22862244759877e-11	1	1	3	0.0011613768201489	1	0	4.63774849711558	6.87606691175318
MMP7	ERBB4	R-HSA-1250196	REACTOME_SHC1_EVENTS_IN_ERBB2_SIGNALING	2.01259537833117e-20	2.33948965796314e-20	7.89765195511114	4.5186694766263	5.99588590079723e-08	1	4	9	0.00399038291299484	1	0	7.87337272525504	7.85406549065209
MMP7	CD44	R-HSA-1630316	REACTOME_GLYCOSAMINOGLYCAN_METABOLISM	2.17244067734525e-20	2.51614807919576e-20	7.89765195511114	1.69913352091108	1.2662457283705e-10	1	2	4	0.000350075185593256	1	0	7.87337272525504	1.05564596780402
MMP7	CD44	R-HSA-2142845	REACTOME_HYALURONAN_METABOLISM	2.17244067734525e-20	2.51614807919576e-20	7.89765195511114	1.69913352091108	1.2662457283705e-10	1	2	4	0.000350075185593256	1	0	7.87337272525504	1.05564596780402
MMP7	CD44	R-HSA-2160916	REACTOME_HYALURONAN_UPTAKE_AND_DEGRADATION	2.17244067734525e-20	2.51614807919576e-20	7.89765195511114	1.69913352091108	1.2662457283705e-10	1	2	4	0.000350075185593256	1	0	7.87337272525504	1.05564596780402
TYROBP	TREM1	R-HSA-198933	REACTOME_IMMUNOREGULATORY_INTERACTIONS_BETWEEN_A_LYMPHOID_AND_A_NON_LYMPHOID_CELL	2.37237547891787e-20	2.7444005841764e-20	12.4451635196177	14.3694371248499	9.69460201645116e-11	1	1	2	1.56432404449575e-05	1	0	1.02625558347166	3.46709716127782
SEMA6D	TYROBP	R-HSA-198933	REACTOME_IMMUNOREGULATORY_INTERACTIONS_BETWEEN_A_LYMPHOID_AND_A_NON_LYMPHOID_CELL	2.79346870524032e-20	3.2276343232837e-20	11.4794390376106	12.4451635196177	4.8110883423829e-12	1	1	3	0.00179735346369064	1	0	4.07770211566635	1.02625558347166
NRG1	ERBB4	R-HSA-1250196	REACTOME_SHC1_EVENTS_IN_ERBB2_SIGNALING	2.82933551144169e-20	3.26514170333643e-20	8.21899543308893	4.5186694766263	8.4291025828276e-08	1	4	9	0.00399038291299484	1	0	1.58850965471032	7.85406549065209
UBC	ERBB4	R-HSA-8847993	REACTOME_ERBB2_ACTIVATES_PTK6_SIGNALING	3.04512487735143e-20	3.50994562185098e-20	4.19689819640229	4.5186694766263	7.00931298217434e-09	1	1	3	0.000163171091325277	1	0	4.63774849711558	7.85406549065209
TGFB1	SDC2	R-HSA-9833110	REACTOME_RSV_HOST_INTERACTIONS	3.36217649787796e-20	3.87074101016202e-20	3.57520126226616	6.92810601340794	1.97490148527796e-12	1	1	2	0.000130478073516374	1	0	2.93572819389576	-3.43895894693805
PSEN1	NOTCH2	R-HSA-350054	REACTOME_NOTCH_HLH_TRANSCRIPTION_PATHWAY	4.22670107522743e-20	4.86019943782147e-20	1.03037213848847	1.08995904979585	4.8277853644812e-08	1	6	11	0.00352666434219117	1	0	5.73356893136081	-6.25556324817136
HBEGF	ERBB4	R-HSA-1250342	REACTOME_PI3K_EVENTS_IN_ERBB4_SIGNALING	4.74728440013311e-20	5.45227034697922e-20	5.1186235848315	4.5186694766263	2.72015151936314e-11	1	1	2	4.17759252207652e-05	1	0	-1.34775337552078	7.85406549065209
UBC	NOTCH2	R-HSA-350054	REACTOME_NOTCH_HLH_TRANSCRIPTION_PATHWAY	5.19024889844522e-20	5.95388599713992e-20	4.19689819640229	1.08995904979585	5.92836049295969e-08	1	6	11	0.00352666434219117	1	0	4.63774849711558	-6.25556324817136
GNAS	ADCY8	R-HSA-442720	REACTOME_CREB1_PHOSPHORYLATION_THROUGH_THE_ACTIVATION_OF_ADENYLATE_CYCLASE	5.21574652472548e-20	5.97598675891486e-20	3.90700276139367	13.8269451132053	2.05691648699432e-11	1	3	7	0.0104205593819487	1	0	4.12344928606252	9.37081217912184
APOE	VLDLR	R-HSA-8964043	REACTOME_PLASMA_LIPOPROTEIN_CLEARANCE	6.8404969208726e-20	7.8282059034807e-20	3.19409616985785	1.98328719748653	3.1849160067287e-08	1	8	15	0.0117330959841502	1	0	5.32806766778927	-6.41387051449348
CAP1	ROBO1	R-HSA-428543	REACTOME_INACTIVATION_OF_CDC42_AND_RAC1	9.23228121262717e-20	1.05527505159827e-19	4.90157934267212	7.42501891433904	6.12480875058896e-16	1	2	5	0.0752581459128452	1	0	3.88249471164202	-1.01170323580886
SPP1	CD44	R-HSA-1630316	REACTOME_GLYCOSAMINOGLYCAN_METABOLISM	9.62170091018866e-20	1.09586831031721e-19	2.09497256602496	1.69913352091108	5.60817968667077e-10	1	2	4	0.000350075185593256	1	0	-5.4964540916368	1.05564596780402
SPP1	CD44	R-HSA-2142845	REACTOME_HYALURONAN_METABOLISM	9.62170091018866e-20	1.09586831031721e-19	2.09497256602496	1.69913352091108	5.60817968667077e-10	1	2	4	0.000350075185593256	1	0	-5.4964540916368	1.05564596780402
SPP1	CD44	R-HSA-2160916	REACTOME_HYALURONAN_UPTAKE_AND_DEGRADATION	9.62170091018866e-20	1.09586831031721e-19	2.09497256602496	1.69913352091108	5.60817968667077e-10	1	2	4	0.000350075185593256	1	0	-5.4964540916368	1.05564596780402
FABP5	RXRA	R-HSA-200425	REACTOME_CARNITINE_METABOLISM	1.00340251224083e-19	1.14147450680777e-19	9.39176574212	2.10851014331761	7.25177582024761e-13	1	3	6	0.00983899124484065	1	0	-3.52378407843682	7.1217491498643
HBEGF	ERBB4	R-HSA-1250347	REACTOME_SHC1_EVENTS_IN_ERBB4_SIGNALING	1.24325318436105e-19	1.41265379597422e-19	5.1186235848315	4.5186694766263	2.72015151936314e-11	1	3	6	0.00418501468749805	1	0	-1.34775337552078	7.85406549065209
IL23A	IL12RB1	R-HSA-9020933	REACTOME_INTERLEUKIN_23_SIGNALING	1.40550401264837e-19	1.59512230547904e-19	11.2010423596485	7.4307023982988	7.03257476333708e-11	1	2	4	0.000793667830010262	1	0	2.83127596130422	6.20126554832623
GDF11	ACVR1B	R-HSA-1181150	REACTOME_SIGNALING_BY_NODAL	1.41212333097246e-19	1.60074027707162e-19	1.68545078151755	2.32837246814502	4.44168713095296e-08	1	5	10	0.00498797850373196	1	0	-5.42995678914304	-5.52322539493246
CSF2	CSF3R	R-HSA-449836	REACTOME_OTHER_INTERLEUKIN_SIGNALING	1.4472856467846e-19	1.63866226123545e-19	7.43622871191756	14.2996527550809	3.54428070569802e-07	1	2	4	4.67369598445102e-05	1	0	2.86889441396839	5.8110949592712
TNF	TNFRSF1B	R-HSA-5669034	REACTOME_TNFS_BIND_THEIR_PHYSIOLOGICAL_RECEPTORS	1.51272891477649e-19	1.71073942130974e-19	11.6259632683462	7.38342064426472	3.61505935708429e-12	1	1	2	0.000204560999886368	1	0	6.68713826084144	8.12702928130014
GNAS	ADCY8	R-HSA-170670	REACTOME_ADENYLATE_CYCLASE_INHIBITORY_PATHWAY	1.65908899769105e-19	1.87404752507152e-19	3.90700276139367	13.8269451132053	2.05691648699432e-11	1	3	7	0.0131461943694503	1	0	4.12344928606252	9.37081217912184
FYN	CD80	R-HSA-389357	REACTOME_CD28_DEPENDENT_PI3K_AKT_SIGNALING	1.7604301744756e-19	1.98617945567306e-19	2.39472839386236	10.7940639015063	1.00871075128725e-10	1	1	2	4.17759252207652e-05	1	0	0.605987033652581	-6.41387051449348
DLL4	NOTCH2	R-HSA-2197563	REACTOME_NOTCH2_INTRACELLULAR_DOMAIN_REGULATES_TRANSCRIPTION	1.82319225035836e-19	2.05457270046259e-19	6.1751008043893	1.08995904979585	1.73041232419271e-06	1	3	7	0.00138131520414143	1	0	-4.59235374269834	-6.25556324817136
UBC	ERBB4	R-HSA-1963640	REACTOME_GRB2_EVENTS_IN_ERBB2_SIGNALING	1.87648597479461e-19	2.11214794580755e-19	4.19689819640229	4.5186694766263	7.00931298217434e-09	1	3	7	0.00418501468749805	1	0	4.63774849711558	7.85406549065209
ADAM17	ERBB4	R-HSA-8847993	REACTOME_ERBB2_ACTIVATES_PTK6_SIGNALING	2.27806779507681e-19	2.56115711076045e-19	1.38707316810871	4.5186694766263	5.24368977084233e-08	1	1	3	0.000163171091325277	1	0	7.08959667712629	7.85406549065209
MMP7	ERBB4	R-HSA-8847993	REACTOME_ERBB2_ACTIVATES_PTK6_SIGNALING	2.60485176859865e-19	2.92512042867226e-19	7.89765195511114	4.5186694766263	5.99588590079723e-08	1	1	3	0.000163171091325277	1	0	7.87337272525504	7.85406549065209
TFPI	VLDLR	R-HSA-8964043	REACTOME_PLASMA_LIPOPROTEIN_CLEARANCE	3.54873348780445e-19	3.98039229801692e-19	2.70918995949222	1.98328719748653	1.65228026847511e-07	1	8	15	0.0117330959841502	1	0	4.85680884727665	-6.41387051449348
GDF11	ACVR2B	R-HSA-1502540	REACTOME_SIGNALING_BY_ACTIVIN	3.57379546218115e-19	4.00381991615856e-19	1.68545078151755	1.08383511579915	1.38350796906434e-06	1	6	11	0.00287614578098621	1	0	-5.42995678914304	6.63785583960654
NRG1	ERBB4	R-HSA-8847993	REACTOME_ERBB2_ACTIVATES_PTK6_SIGNALING	3.66193805783705e-19	4.09778132726456e-19	8.21899543308893	4.5186694766263	8.4291025828276e-08	1	1	3	0.000163171091325277	1	0	1.58850965471032	7.85406549065209
ABCA1	RXRA	R-HSA-200425	REACTOME_CARNITINE_METABOLISM	6.78830557716886e-19	7.58739516142767e-19	7.6670000085532	2.10851014331761	4.90603418313449e-12	1	3	6	0.00983899124484065	1	0	-6.10325044131212	7.1217491498643
NRP1	ROBO1	R-HSA-428543	REACTOME_INACTIVATION_OF_CDC42_AND_RAC1	6.89877554042084e-19	7.7018925998412e-19	2.25652504794621	7.42501891433904	4.57673242670809e-15	1	2	5	0.0752581459128452	1	0	10.030876423867	-1.01170323580886
APOE	VLDLR	R-HSA-8866427	REACTOME_VLDLR_INTERNALISATION_AND_DEGRADATION	7.33348489002215e-19	8.17768838317586e-19	3.19409616985785	1.98328719748653	3.1849160067287e-08	1	6	12	0.0117330959841502	1	0	5.32806766778927	-6.41387051449348
CD274	CD80	R-HSA-389357	REACTOME_CD28_DEPENDENT_PI3K_AKT_SIGNALING	8.75432523834284e-19	9.75075250124364e-19	7.54483912201574	10.7940639015063	5.01615009570727e-10	1	1	2	4.17759252207652e-05	1	0	-6.41387051449348	-6.41387051449348
HBEGF	PRLR	R-HSA-1170546	REACTOME_PROLACTIN_RECEPTOR_SIGNALING	1.1057923769773e-18	1.23022608993182e-18	5.1186235848315	14.6354314421215	2.64278757168036e-13	1	4	9	0.0623447306474175	1	0	-1.34775337552078	-5.02636647026176
ADAM17	ERBB4	R-HSA-1963640	REACTOME_GRB2_EVENTS_IN_ERBB2_SIGNALING	1.40380524256562e-18	1.55996434254974e-18	1.38707316810871	4.5186694766263	5.24368977084233e-08	1	3	7	0.00418501468749805	1	0	7.08959667712629	7.85406549065209
DLL4	NOTCH2	R-HSA-350054	REACTOME_NOTCH_HLH_TRANSCRIPTION_PATHWAY	1.51496702505914e-18	1.68154326045337e-18	6.1751008043893	1.08995904979585	1.73041232419271e-06	1	6	11	0.00352666434219117	1	0	-4.59235374269834	-6.25556324817136
MMP7	ERBB4	R-HSA-1963640	REACTOME_GRB2_EVENTS_IN_ERBB2_SIGNALING	1.60517811487775e-18	1.77961365568527e-18	7.89765195511114	4.5186694766263	5.99588590079723e-08	1	3	7	0.00418501468749805	1	0	7.87337272525504	7.85406549065209
TGM2	ITGA4	R-HSA-198933	REACTOME_IMMUNOREGULATORY_INTERACTIONS_BETWEEN_A_LYMPHOID_AND_A_NON_LYMPHOID_CELL	1.9628776585522e-18	2.17367167962074e-18	2.47405738476075	9.89659053145497	1.13081310131154e-11	1	1	2	0.000416630634621453	1	0	4.36595141340137	5.66544909400929
NAMPT	INSR	R-HSA-74713	REACTOME_IRS_ACTIVATION	2.09540390292227e-18	2.31775356736154e-18	4.70401291269966	1.23583007939983	2.06752897317194e-12	1	1	3	0.0100447403444162	1	0	-3.7504001622876	3.32949477156727
ICAM2	ITGB2	R-HSA-216083	REACTOME_INTEGRIN_CELL_SURFACE_INTERACTIONS	2.16257806595154e-18	2.38929995996258e-18	5.98009676035307	13.6327398498456	6.10150674050689e-18	1	1	3	0.707692999328665	1	0	4.48989711598673	5.28850769701234
NRG1	ERBB4	R-HSA-1963640	REACTOME_GRB2_EVENTS_IN_ERBB2_SIGNALING	2.2565824663567e-18	2.49029066195176e-18	8.21899543308893	4.5186694766263	8.4291025828276e-08	1	3	7	0.00418501468749805	1	0	1.58850965471032	7.85406549065209
CD86	CD80	R-HSA-389357	REACTOME_CD28_DEPENDENT_PI3K_AKT_SIGNALING	2.8759245080617e-18	3.16648863746404e-18	6.6357588698783	10.7940639015063	1.64787903163299e-09	1	1	2	4.17759252207652e-05	1	0	4.42942857302926	-6.41387051449348
CD80	CD86	R-HSA-389357	REACTOME_CD28_DEPENDENT_PI3K_AKT_SIGNALING	2.8759245080617e-18	3.16648863746404e-18	10.7940639015063	6.6357588698783	1.64787903163299e-09	1	1	2	4.17759252207652e-05	1	0	-6.41387051449348	4.42942857302926
FYN	CD86	R-HSA-389357	REACTOME_CD28_DEPENDENT_PI3K_AKT_SIGNALING	3.44724617762928e-18	3.79118014259918e-18	2.39472839386236	6.6357588698783	1.9752412405362e-09	1	1	2	4.17759252207652e-05	1	0	0.605987033652581	4.42942857302926
TFPI	VLDLR	R-HSA-8866427	REACTOME_VLDLR_INTERNALISATION_AND_DEGRADATION	3.80448726350858e-18	4.17927065945559e-18	2.70918995949222	1.98328719748653	1.65228026847511e-07	1	6	12	0.0117330959841502	1	0	4.85680884727665	-6.41387051449348
HBEGF	ERBB4	R-HSA-1253288	REACTOME_DOWNREGULATION_OF_ERBB4_SIGNALING	4.36703439418213e-18	4.79174597714035e-18	5.1186235848315	4.5186694766263	2.72015151936314e-11	1	3	6	0.0102130801174293	1	0	-1.34775337552078	7.85406549065209
GDF11	ACVR2B	R-HSA-1181150	REACTOME_SIGNALING_BY_NODAL	4.39851755448365e-18	4.82077523971408e-18	1.68545078151755	1.08383511579915	1.38350796906434e-06	1	5	10	0.00498797850373196	1	0	-5.42995678914304	6.63785583960654
VASP	ROBO1	R-HSA-428543	REACTOME_INACTIVATION_OF_CDC42_AND_RAC1	1.06606529314933e-17	1.16707376270572e-17	1.70328595307253	7.42501891433904	7.07240809264968e-14	1	2	5	0.0752581459128452	1	0	1.89931999211838	-1.01170323580886
VEGFA	NRP1	R-HSA-399955	REACTOME_SEMA3A_PLEXIN_REPULSION_SIGNALING_BY_INHIBITING_INTEGRIN_ADHESION	1.19921367543562e-17	1.31134083779106e-17	3.83758049527232	2.25652504794621	3.30124720113194e-13	1	4	8	0.059658658009725	1	0	3.57040038685763	10.030876423867
UBC	ERBB4	R-HSA-1250342	REACTOME_PI3K_EVENTS_IN_ERBB4_SIGNALING	1.22328487729674e-17	1.33613917691067e-17	4.19689819640229	4.5186694766263	7.00931298217434e-09	1	1	2	4.17759252207652e-05	1	0	4.63774849711558	7.85406549065209
C3	ITGB2	R-HSA-216083	REACTOME_INTEGRIN_CELL_SURFACE_INTERACTIONS	1.6660191543892e-17	1.81764774637002e-17	4.42606497435535	13.6327398498456	4.70051336428709e-17	1	1	3	0.707692999328665	1	0	-5.10898578169431	5.28850769701234
ICAM5	ITGB2	R-HSA-216083	REACTOME_INTEGRIN_CELL_SURFACE_INTERACTIONS	2.29800921410482e-17	2.50430776855286e-17	7.64111910296574	13.6327398498456	6.4836127446054e-17	1	1	3	0.707692999328665	1	0	7.69990541806973	5.28850769701234
ICAM3	ITGB2	R-HSA-216083	REACTOME_INTEGRIN_CELL_SURFACE_INTERACTIONS	2.57524982228826e-17	2.80325150916509e-17	7.23202815492978	13.6327398498456	7.26582054843291e-17	1	1	3	0.707692999328665	1	0	5.67876194855417	5.28850769701234
FYN	NRP1	R-HSA-399955	REACTOME_SEMA3A_PLEXIN_REPULSION_SIGNALING_BY_INHIBITING_INTEGRIN_ADHESION	3.16634876100291e-17	3.44277603378888e-17	2.39472839386236	2.25652504794621	8.71646162746716e-13	1	4	8	0.059658658009725	1	0	0.605987033652581	10.030876423867
UBC	ERBB4	R-HSA-1250347	REACTOME_SHC1_EVENTS_IN_ERBB4_SIGNALING	3.20362693888161e-17	3.4793637988533e-17	4.19689819640229	4.5186694766263	7.00931298217434e-09	1	3	6	0.00418501468749805	1	0	4.63774849711558	7.85406549065209
SPP1	ITGA4	R-HSA-198933	REACTOME_IMMUNOREGULATORY_INTERACTIONS_BETWEEN_A_LYMPHOID_AND_A_NON_LYMPHOID_CELL	3.26889517968772e-17	3.54623357162955e-17	2.09497256602496	9.89659053145497	1.88320931765637e-10	1	1	2	0.000416630634621453	1	0	-5.4964540916368	5.66544909400929
UBC	TLR4	R-HSA-5357769	REACTOME_CASPASE_ACTIVATION_VIA_EXTRINSIC_APOPTOTIC_SIGNALLING_PATHWAY	4.16413474023992e-17	4.5072293633071e-17	4.19689819640229	5.52538179144511	1.22862244759877e-11	1	4	8	0.0366831118377477	1	0	4.63774849711558	6.87606691175318
UBC	TLR4	R-HSA-140534	REACTOME_CASPASE_ACTIVATION_VIA_DEATH_RECEPTORS_IN_THE_PRESENCE_OF_LIGAND	4.16413474023992e-17	4.5072293633071e-17	4.19689819640229	5.52538179144511	1.22862244759877e-11	1	4	8	0.0366831118377477	1	0	4.63774849711558	6.87606691175318
GNAS	ADCY1	R-HSA-170660	REACTOME_ADENYLATE_CYCLASE_ACTIVATING_PATHWAY	4.20658059756781e-17	4.54803922555528e-17	3.90700276139367	9.19292090268125	1.0670582363924e-12	1	2	5	0.0535733439464479	1	0	4.12344928606252	-1.7710651724855
VEGFB	NRP1	R-HSA-399955	REACTOME_SEMA3A_PLEXIN_REPULSION_SIGNALING_BY_INHIBITING_INTEGRIN_ADHESION	5.24595143917887e-17	5.6653912501943e-17	1.66495807988446	2.25652504794621	1.44412817003379e-12	1	4	8	0.059658658009725	1	0	4.11030357103874	10.030876423867
CSF2	SDC2	R-HSA-9833110	REACTOME_RSV_HOST_INTERACTIONS	6.65273306547426e-17	7.1765703147242e-17	7.43622871191756	6.92810601340794	3.90773429665434e-09	1	1	2	0.000130478073516374	1	0	2.86889441396839	-3.43895894693805
ADAM17	ERBB4	R-HSA-1250342	REACTOME_PI3K_EVENTS_IN_ERBB4_SIGNALING	9.15143383412905e-17	9.8609270190222e-17	1.38707316810871	4.5186694766263	5.24368977084233e-08	1	1	2	4.17759252207652e-05	1	0	7.08959667712629	7.85406549065209
MMP7	ERBB4	R-HSA-1250342	REACTOME_PI3K_EVENTS_IN_ERBB4_SIGNALING	1.0464187527501e-16	1.12628011659635e-16	7.89765195511114	4.5186694766263	5.99588590079723e-08	1	1	2	4.17759252207652e-05	1	0	7.87337272525504	7.85406549065209
B2M	TYROBP	R-HSA-416700	REACTOME_OTHER_SEMAPHORIN_INTERACTIONS	1.05398877364128e-16	1.13315609184079e-16	4.33780628352636	12.4451635196177	4.96381452311151e-13	1	1	3	0.059658658009725	1	0	7.29786795683269	1.02625558347166
UBC	TLR4	R-HSA-2562578	REACTOME_TRIF_MEDIATED_PROGRAMMED_CELL_DEATH	1.0797354471243e-16	1.15953672317156e-16	4.19689819640229	5.52538179144511	1.22862244759877e-11	1	2	5	0.0366831118377477	1	0	4.63774849711558	6.87606691175318
FYN	TYROBP	R-HSA-416700	REACTOME_OTHER_SEMAPHORIN_INTERACTIONS	1.2593535339976e-16	1.35091726969094e-16	2.39472839386236	12.4451635196177	5.93099046035635e-13	1	1	3	0.059658658009725	1	0	0.605987033652581	1.02625558347166
NRG1	ERBB4	R-HSA-1250342	REACTOME_PI3K_EVENTS_IN_ERBB4_SIGNALING	1.47107052359892e-16	1.57626439344286e-16	8.21899543308893	4.5186694766263	8.4291025828276e-08	1	1	2	4.17759252207652e-05	1	0	1.58850965471032	7.85406549065209
UBC	TLR4	R-HSA-5603041	REACTOME_IRAK4_DEFICIENCY_TLR2_4	1.74875718062243e-16	1.87171666988495e-16	4.19689819640229	5.52538179144511	1.22862244759877e-11	1	3	7	0.0595740666164168	1	0	4.63774849711558	6.87606691175318
ADAM17	ERBB4	R-HSA-1250347	REACTOME_SHC1_EVENTS_IN_ERBB4_SIGNALING	2.39664370127717e-16	2.56229800392955e-16	1.38707316810871	4.5186694766263	5.24368977084233e-08	1	3	6	0.00418501468749805	1	0	7.08959667712629	7.85406549065209
MMP7	ERBB4	R-HSA-1250347	REACTOME_SHC1_EVENTS_IN_ERBB4_SIGNALING	2.74043713600813e-16	2.92659155170578e-16	7.89765195511114	4.5186694766263	5.99588590079723e-08	1	3	6	0.00418501468749805	1	0	7.87337272525504	7.85406549065209
NRG1	ERBB4	R-HSA-1250347	REACTOME_SHC1_EVENTS_IN_ERBB4_SIGNALING	3.85254591621422e-16	4.10966800183474e-16	8.21899543308893	4.5186694766263	8.4291025828276e-08	1	3	6	0.00418501468749805	1	0	1.58850965471032	7.85406549065209
IL23A	IL12RB1	R-HSA-9020591	REACTOME_INTERLEUKIN_12_SIGNALING	4.16416861157178e-16	4.43715299833038e-16	11.2010423596485	7.4307023982988	7.03257476333708e-11	1	2	4	0.011429597970987	1	0	2.83127596130422	6.20126554832623
ADAM28	ITGA4	R-HSA-198933	REACTOME_IMMUNOREGULATORY_INTERACTIONS_BETWEEN_A_LYMPHOID_AND_A_NON_LYMPHOID_CELL	4.47283535873897e-16	4.76076482689309e-16	13.7179473321254	9.89659053145497	2.57679881455385e-09	1	1	2	0.000416630634621453	1	0	4.36456971027165	5.66544909400929
IL12B	IL12RB1	R-HSA-9020933	REACTOME_INTERLEUKIN_23_SIGNALING	5.89204131553776e-16	6.26437652062163e-16	5.89252615262669	7.4307023982988	2.94813964864551e-07	1	2	4	0.000793667830010262	1	0	-1.01616491899319	6.20126554832623
GNAS	ADCY8	R-HSA-170660	REACTOME_ADENYLATE_CYCLASE_ACTIVATING_PATHWAY	8.10882170242277e-16	8.61169436613891e-16	3.90700276139367	13.8269451132053	2.05691648699432e-11	1	2	5	0.0535733439464479	1	0	4.12344928606252	9.37081217912184
SEMA6D	TYROBP	R-HSA-416700	REACTOME_OTHER_SEMAPHORIN_INTERACTIONS	1.02155974568716e-15	1.0837121638429e-15	11.4794390376106	12.4451635196177	4.8110883423829e-12	1	1	3	0.059658658009725	1	0	4.07770211566635	1.02625558347166
GDF11	ACVR1B	R-HSA-1433617	REACTOME_REGULATION_OF_SIGNALING_BY_NODAL	1.05677042124019e-15	1.11982633587773e-15	1.68545078151755	2.32837246814502	4.44168713095296e-08	1	1	3	0.00287614578098621	1	0	-5.42995678914304	-5.52322539493246
IL33	IL1RAP	R-HSA-199418	REACTOME_NEGATIVE_REGULATION_OF_THE_PI3K_AKT_NETWORK	1.08018064665665e-15	1.1433700222337e-15	5.03922317974234	1.24220077697132	1.19213928153421e-12	1	2	4	0.0619329741617144	1	0	6.46726482775296	-1.29225977430019
ADAM17	ITGA5	R-HSA-1566977	REACTOME_FIBRONECTIN_MATRIX_FORMATION	1.10723161613646e-15	1.17071126777824e-15	1.38707316810871	3.20605504250472	2.36783062767134e-09	1	1	2	0.000683823343647254	1	0	7.08959667712629	6.6526553313784
UBC	ERBB4	R-HSA-1253288	REACTOME_DOWNREGULATION_OF_ERBB4_SIGNALING	1.12530168466164e-15	1.18850695549616e-15	4.19689819640229	4.5186694766263	7.00931298217434e-09	1	3	6	0.0102130801174293	1	0	4.63774849711558	7.85406549065209
IL1B	IL1RAP	R-HSA-199418	REACTOME_NEGATIVE_REGULATION_OF_THE_PI3K_AKT_NETWORK	1.60140314877013e-15	1.68948913055066e-15	20.423259395131	1.24220077697132	1.76738548790929e-12	1	2	4	0.0619329741617144	1	0	3.83293866740966	-1.29225977430019
PSEN1	NOTCH2	R-HSA-2979096	REACTOME_NOTCH2_ACTIVATION_AND_TRANSMISSION_OF_SIGNAL_TO_THE_NUCLEUS	1.64309242856873e-15	1.7315666362609e-15	1.03037213848847	1.08995904979585	4.8277853644812e-08	1	2	5	0.00909974650091827	1	0	5.73356893136081	-6.25556324817136
UBC	NOTCH2	R-HSA-2979096	REACTOME_NOTCH2_ACTIVATION_AND_TRANSMISSION_OF_SIGNAL_TO_THE_NUCLEUS	2.01766307000163e-15	2.12397243044079e-15	4.19689819640229	1.08995904979585	5.92836049295969e-08	1	2	5	0.00909974650091827	1	0	4.63774849711558	-6.25556324817136
TYROBP	TREM2	R-HSA-416700	REACTOME_OTHER_SEMAPHORIN_INTERACTIONS	3.00310261859672e-15	3.15786777547615e-15	12.4451635196177	16.296248969742	8.43768315054243e-13	1	1	2	0.059658658009725	1	0	1.02625558347166	6.28830278494697
SPP1	ITGA5	R-HSA-1566977	REACTOME_FIBRONECTIN_MATRIX_FORMATION	5.60736433316465e-15	5.88988214184545e-15	2.09497256602496	3.20605504250472	1.19914287264561e-08	1	1	2	0.000683823343647254	1	0	-5.4964540916368	6.6526553313784
ITGAM	ITGB2	R-HSA-216083	REACTOME_INTEGRIN_CELL_SURFACE_INTERACTIONS	5.61368644051906e-15	5.8900714403258e-15	16.5686107503802	13.6327398498456	1.58384782474191e-14	1	1	3	0.707692999328665	1	0	4.90223579415257	5.28850769701234
ADAM17	ERBB4	R-HSA-1253288	REACTOME_DOWNREGULATION_OF_ERBB4_SIGNALING	8.41841839275587e-15	8.82323851218894e-15	1.38707316810871	4.5186694766263	5.24368977084233e-08	1	3	6	0.0102130801174293	1	0	7.08959667712629	7.85406549065209
FABP5	RXRA	R-HSA-9031528	REACTOME_NR1H2_NR1H3_REGULATE_GENE_EXPRESSION_LINKED_TO_TRIGLYCERIDE_LIPOLYSIS_IN_ADIPOSE	9.43250439450824e-15	9.86452749654679e-15	9.39176574212	2.10851014331761	7.25177582024761e-13	1	1	3	0.235176658501752	1	0	-3.52378407843682	7.1217491498643
FABP5	RXRA	R-HSA-9632974	REACTOME_NR1H2_NR1H3_REGULATE_GENE_EXPRESSION_LINKED_TO_GLUCONEOGENESIS	9.43250439450824e-15	9.86452749654679e-15	9.39176574212	2.10851014331761	7.25177582024761e-13	1	1	3	0.235176658501752	1	0	-3.52378407843682	7.1217491498643
MMP7	ERBB4	R-HSA-1253288	REACTOME_DOWNREGULATION_OF_ERBB4_SIGNALING	9.62602258219192e-15	1.0055942980743e-14	7.89765195511114	4.5186694766263	5.99588590079723e-08	1	3	6	0.0102130801174293	1	0	7.87337272525504	7.85406549065209
NRG1	ERBB4	R-HSA-1253288	REACTOME_DOWNREGULATION_OF_ERBB4_SIGNALING	1.35324009082832e-14	1.41214063885131e-14	8.21899543308893	4.5186694766263	8.4291025828276e-08	1	3	6	0.0102130801174293	1	0	1.58850965471032	7.85406549065209
GDF11	ACVR2B	R-HSA-1433617	REACTOME_REGULATION_OF_SIGNALING_BY_NODAL	3.29165530158267e-14	3.4311928632802e-14	1.68545078151755	1.08383511579915	1.38350796906434e-06	1	1	3	0.00287614578098621	1	0	-5.42995678914304	6.63785583960654
FYN	CD80	R-HSA-389359	REACTOME_CD28_DEPENDENT_VAV1_PATHWAY	4.28756864706015e-14	4.4644715879812e-14	2.39472839386236	10.7940639015063	1.00871075128725e-10	1	3	6	0.0752581459128452	1	0	0.605987033652581	-6.41387051449348
DLL4	NOTCH2	R-HSA-2979096	REACTOME_NOTCH2_ACTIVATION_AND_TRANSMISSION_OF_SIGNAL_TO_THE_NUCLEUS	5.88929948937074e-14	6.12563797213291e-14	6.1751008043893	1.08995904979585	1.73041232419271e-06	1	2	5	0.00909974650091827	1	0	-4.59235374269834	-6.25556324817136
ABCA1	RXRA	R-HSA-9031528	REACTOME_NR1H2_NR1H3_REGULATE_GENE_EXPRESSION_LINKED_TO_TRIGLYCERIDE_LIPOLYSIS_IN_ADIPOSE	6.38135956475881e-14	6.62307773009058e-14	7.6670000085532	2.10851014331761	4.90603418313449e-12	1	1	3	0.235176658501752	1	0	-6.10325044131212	7.1217491498643
ABCA1	RXRA	R-HSA-9632974	REACTOME_NR1H2_NR1H3_REGULATE_GENE_EXPRESSION_LINKED_TO_GLUCONEOGENESIS	6.38135956475881e-14	6.62307773009058e-14	7.6670000085532	2.10851014331761	4.90603418313449e-12	1	1	3	0.235176658501752	1	0	-6.10325044131212	7.1217491498643
FYN	SPN	R-HSA-210991	REACTOME_BASIGIN_INTERACTIONS	1.1918356687627e-13	1.23564368253344e-13	2.39472839386236	3.58434687632486	3.75014554720693e-13	1	1	2	0.563746849175087	1	0	0.605987033652581	4.18725189331608
CD274	CD80	R-HSA-389359	REACTOME_CD28_DEPENDENT_VAV1_PATHWAY	2.13213627909252e-13	2.20811953741871e-13	7.54483912201574	10.7940639015063	5.01615009570727e-10	1	3	6	0.0752581459128452	1	0	-6.41387051449348	-6.41387051449348
FABP5	RXRA	R-HSA-194068	REACTOME_BILE_ACID_AND_BILE_SALT_METABOLISM	2.80919088907614e-13	2.90616403735062e-13	9.39176574212	2.10851014331761	7.25177582024761e-13	1	3	7	0.584859185639867	1	0	-3.52378407843682	7.1217491498643
FABP5	RXRA	R-HSA-192105	REACTOME_SYNTHESIS_OF_BILE_ACIDS_AND_BILE_SALTS	3.7197899300948e-13	3.83991231750368e-13	9.39176574212	2.10851014331761	7.25177582024761e-13	1	3	6	0.584859185639867	1	0	-3.52378407843682	7.1217491498643
FABP5	RXRA	R-HSA-193368	REACTOME_SYNTHESIS_OF_BILE_ACIDS_AND_BILE_SALTS_VIA_7ALPHA_HYDROXYCHOLESTEROL	3.7197899300948e-13	3.83991231750368e-13	9.39176574212	2.10851014331761	7.25177582024761e-13	1	3	6	0.584859185639867	1	0	-3.52378407843682	7.1217491498643
FABP5	RXRA	R-HSA-159418	REACTOME_RECYCLING_OF_BILE_ACIDS_AND_SALTS	4.34322384079802e-13	4.47384711420547e-13	9.39176574212	2.10851014331761	7.25177582024761e-13	1	1	3	0.84292567207839	1	0	-3.52378407843682	7.1217491498643
FABP5	RXRA	R-HSA-193807	REACTOME_SYNTHESIS_OF_BILE_ACIDS_AND_BILE_SALTS_VIA_27_HYDROXYCHOLESTEROL	4.34322384079802e-13	4.47384711420547e-13	9.39176574212	2.10851014331761	7.25177582024761e-13	1	1	3	0.84292567207839	1	0	-3.52378407843682	7.1217491498643
B2M	TREM2	R-HSA-416700	REACTOME_OTHER_SEMAPHORIN_INTERACTIONS	5.12380665839215e-13	5.27224311737991e-13	4.33780628352636	16.296248969742	1.43961304686799e-10	1	1	2	0.059658658009725	1	0	7.29786795683269	6.28830278494697
FABP5	RXRA	R-HSA-211976	REACTOME_ENDOGENOUS_STEROLS	5.15255850505655e-13	5.29614534442576e-13	9.39176574212	2.10851014331761	7.25177582024761e-13	1	1	2	0.84292567207839	1	0	-3.52378407843682	7.1217491498643
FYN	TREM2	R-HSA-416700	REACTOME_OTHER_SEMAPHORIN_INTERACTIONS	6.12215631147012e-13	6.28602559175572e-13	2.39472839386236	16.296248969742	1.72011488499905e-10	1	1	2	0.059658658009725	1	0	0.605987033652581	6.28830278494697
CD86	CD80	R-HSA-389359	REACTOME_CD28_DEPENDENT_VAV1_PATHWAY	7.00438104893898e-13	7.17649724992786e-13	6.6357588698783	10.7940639015063	1.64787903163299e-09	1	3	6	0.0752581459128452	1	0	4.42942857302926	-6.41387051449348
CD80	CD86	R-HSA-389359	REACTOME_CD28_DEPENDENT_VAV1_PATHWAY	7.00438104893898e-13	7.17649724992786e-13	10.7940639015063	6.6357588698783	1.64787903163299e-09	1	3	6	0.0752581459128452	1	0	-6.41387051449348	4.42942857302926
SHANK1	ABCA1	R-HSA-8963896	REACTOME_HDL_ASSEMBLY	7.90813233768626e-13	8.08518007658968e-13	1.20510439290405	7.6670000085532	7.28269065265789e-09	1	1	2	0.0104205593819487	1	0	5.37584530717573	-6.10325044131212
SHANK1	ABCA1	R-HSA-8963898	REACTOME_PLASMA_LIPOPROTEIN_ASSEMBLY	7.90813233768626e-13	8.08518007658968e-13	1.20510439290405	7.6670000085532	7.28269065265789e-09	1	1	2	0.0104205593819487	1	0	5.37584530717573	-6.10325044131212
FYN	CD86	R-HSA-389359	REACTOME_CD28_DEPENDENT_VAV1_PATHWAY	8.39584826720209e-13	8.57467357640767e-13	2.39472839386236	6.6357588698783	1.9752412405362e-09	1	3	6	0.0752581459128452	1	0	0.605987033652581	4.42942857302926
ADAM17	ITGA5	R-HSA-8941332	REACTOME_RUNX2_REGULATES_GENES_INVOLVED_IN_CELL_MIGRATION	1.47762639965961e-12	1.50749331624848e-12	1.38707316810871	3.20605504250472	2.36783062767134e-09	1	1	2	0.0249808380546407	1	0	7.08959667712629	6.6526553313784
IL12B	IL12RB1	R-HSA-9020591	REACTOME_INTERLEUKIN_12_SIGNALING	1.7456694028226e-12	1.7790615911869e-12	5.89252615262669	7.4307023982988	2.94813964864551e-07	1	2	4	0.011429597970987	1	0	-1.01616491899319	6.20126554832623
ABCA1	RXRA	R-HSA-194068	REACTOME_BILE_ACID_AND_BILE_SALT_METABOLISM	1.90049814974657e-12	1.93479588705623e-12	7.6670000085532	2.10851014331761	4.90603418313449e-12	1	3	7	0.584859185639867	1	0	-6.10325044131212	7.1217491498643
HSPH1	SCARF1	R-HSA-2173782	REACTOME_BINDING_AND_UPTAKE_OF_LIGANDS_BY_SCAVENGER_RECEPTORS	2.50594752177742e-12	2.54846624961245e-12	2.19346778481589	2.88727336206272	2.31757653012587e-11	1	2	5	0.425525023511035	1	0	2.48205934097178	-5.9571052511083
ABCA1	RXRA	R-HSA-192105	REACTOME_SYNTHESIS_OF_BILE_ACIDS_AND_BILE_SALTS	2.51654449937222e-12	2.55382664010366e-12	7.6670000085532	2.10851014331761	4.90603418313449e-12	1	3	6	0.584859185639867	1	0	-6.10325044131212	7.1217491498643
ABCA1	RXRA	R-HSA-193368	REACTOME_SYNTHESIS_OF_BILE_ACIDS_AND_BILE_SALTS_VIA_7ALPHA_HYDROXYCHOLESTEROL	2.51654449937222e-12	2.55382664010366e-12	7.6670000085532	2.10851014331761	4.90603418313449e-12	1	3	6	0.584859185639867	1	0	-6.10325044131212	7.1217491498643
ABCA1	RXRA	R-HSA-159418	REACTOME_RECYCLING_OF_BILE_ACIDS_AND_SALTS	2.93831540799508e-12	2.97554854938467e-12	7.6670000085532	2.10851014331761	4.90603418313449e-12	1	1	3	0.84292567207839	1	0	-6.10325044131212	7.1217491498643
ABCA1	RXRA	R-HSA-193807	REACTOME_SYNTHESIS_OF_BILE_ACIDS_AND_BILE_SALTS_VIA_27_HYDROXYCHOLESTEROL	2.93831540799508e-12	2.97554854938467e-12	7.6670000085532	2.10851014331761	4.90603418313449e-12	1	1	3	0.84292567207839	1	0	-6.10325044131212	7.1217491498643
FYN	CSF1R	R-HSA-449836	REACTOME_OTHER_INTERLEUKIN_SIGNALING	3.18106600737427e-12	3.21797711083536e-12	2.39472839386236	11.4890639378054	4.53931406800643e-12	1	1	2	0.837126758914405	1	0	0.605987033652581	2.73337580078798
ABCA1	RXRA	R-HSA-211976	REACTOME_ENDOGENOUS_STEROLS	3.48585350443785e-12	3.52258536433709e-12	7.6670000085532	2.10851014331761	4.90603418313449e-12	1	1	2	0.84292567207839	1	0	-6.10325044131212	7.1217491498643
SEMA6D	TREM2	R-HSA-416700	REACTOME_OTHER_SEMAPHORIN_INTERACTIONS	4.96615785461743e-12	5.0132056658717e-12	11.4794390376106	16.296248969742	1.39531916736231e-09	1	1	2	0.059658658009725	1	0	4.07770211566635	6.28830278494697
TGFB1	TGFBR1	R-HSA-3304349	REACTOME_LOSS_OF_FUNCTION_OF_SMAD2_3_IN_CANCER	5.8547865411378e-12	5.89783644217558e-12	3.57520126226616	1.05004843782037	1.10190032218372e-08	1	2	5	0.103754704919617	1	0	2.93572819389576	3.74808244272111
TGFB1	TGFBR1	R-HSA-3304351	REACTOME_SIGNALING_BY_TGF_BETA_RECEPTOR_COMPLEX_IN_CANCER	5.8547865411378e-12	5.89783644217558e-12	3.57520126226616	1.05004843782037	1.10190032218372e-08	1	2	5	0.103754704919617	1	0	2.93572819389576	3.74808244272111
SPP1	ITGA5	R-HSA-8941332	REACTOME_RUNX2_REGULATES_GENES_INVOLVED_IN_CELL_MIGRATION	7.48315840194782e-12	7.53027167625179e-12	2.09497256602496	3.20605504250472	1.19914287264561e-08	1	1	2	0.0249808380546407	1	0	-5.4964540916368	6.6526553313784
IL36G	IL1RAP	R-HSA-199418	REACTOME_NEGATIVE_REGULATION_OF_THE_PI3K_AKT_NETWORK	7.84898018457112e-12	7.89011739727852e-12	14.702184993824	1.24220077697132	8.66251180019994e-09	1	2	4	0.0619329741617144	1	0	6.8145896735638	-1.29225977430019
HSPH1	SCARF1	R-HSA-3000484	REACTOME_SCAVENGING_BY_CLASS_F_RECEPTORS	8.43282063293898e-12	8.46814134763192e-12	2.19346778481589	2.88727336206272	2.31757653012587e-11	1	1	3	0.713914593338524	1	0	2.48205934097178	-5.9571052511083
MMP12	PLAUR	R-HSA-75205	REACTOME_DISSOLUTION_OF_FIBRIN_CLOT	8.5482089847326e-12	8.57503390832485e-12	12.4694940819891	6.05514478472718	2.68312573881012e-10	1	1	3	0.317013703097853	1	0	3.84370669267325	4.72394208110126
UBC	TGFBR1	R-HSA-3304349	REACTOME_LOSS_OF_FUNCTION_OF_SMAD2_3_IN_CANCER	4.45861780463188e-11	4.4632718941983e-11	4.19689819640229	1.05004843782037	8.39134332378776e-08	1	2	5	0.103754704919617	1	0	4.63774849711558	3.74808244272111
UBC	TGFBR1	R-HSA-3304351	REACTOME_SIGNALING_BY_TGF_BETA_RECEPTOR_COMPLEX_IN_CANCER	4.45861780463188e-11	4.4632718941983e-11	4.19689819640229	1.05004843782037	8.39134332378776e-08	1	2	5	0.103754704919617	1	0	4.63774849711558	3.74808244272111
CSF2	CSF1R	R-HSA-449836	REACTOME_OTHER_INTERLEUKIN_SIGNALING	9.79427734707133e-10	9.79427734707133e-10	7.43622871191756	11.4890639378054	1.39762271026295e-09	1	1	2	0.837126758914405	1	0	2.86889441396839	2.73337580078798
