L	R	pw.id	pw.name	pval	qval	L.logFC	R.logFC	LR.pval	LR.corr	rank	len	rank.pval	rank.corr	LR.score	L.expr	R.expr
ACTR2	ADRB2	R-HSA-373076	REACTOME_CLASS_A_1_RHODOPSIN_LIKE_RECEPTORS	0	0	1.44743574402206	4.80213170757104	2.78121875959279e-27	1	30	55	1.93095008932176e-16	1	0	5.06461475648988	-2.12757525941195
ACTR2	ADRB2	R-HSA-5688426	REACTOME_DEUBIQUITINATION	0	0	1.44743574402206	4.80213170757104	2.78121875959279e-27	1	79	145	8.42168300922683e-10	1	0	5.06461475648988	-2.12757525941195
ACTR2	ADRB2	R-HSA-5689880	REACTOME_UB_SPECIFIC_PROCESSING_PROTEASES	0	0	1.44743574402206	4.80213170757104	2.78121875959279e-27	1	56	103	2.3165789419685e-09	1	0	5.06461475648988	-2.12757525941195
ACTR2	ADRB2	R-HSA-8856828	REACTOME_CLATHRIN_MEDIATED_ENDOCYTOSIS	0	0	1.44743574402206	4.80213170757104	2.78121875959279e-27	1	48	88	6.43926250523066e-12	1	0	5.06461475648988	-2.12757525941195
ADAM15	ITGA5	R-HSA-1474244	REACTOME_EXTRACELLULAR_MATRIX_ORGANIZATION	0	0	1.01265127124354	2.55548806645391	2.3532918383655e-27	1	45	83	1.13612919742986e-16	1	0	5.90480276034764	7.02263960712023
ADAM15	ITGA9	R-HSA-1474244	REACTOME_EXTRACELLULAR_MATRIX_ORGANIZATION	0	0	1.01265127124354	8.09059973976369	2.69866592464841e-27	1	45	83	1.13612919742986e-16	1	0	5.90480276034764	5.1239734120545
ADAM17	ITGA5	R-HSA-1474244	REACTOME_EXTRACELLULAR_MATRIX_ORGANIZATION	0	0	1.57180540051559	2.55548806645391	6.87382196216429e-30	1	45	83	1.13612919742986e-16	1	0	-5.26760817289518	7.02263960712023
ADAM17	NOTCH1	R-HSA-157118	REACTOME_SIGNALING_BY_NOTCH	0	0	1.57180540051559	1.51536285566774	4.40378003688051e-24	1	51	93	4.8536293782786e-11	1	0	-5.26760817289518	-3.93900049718347
ADAM17	NOTCH1	R-HSA-3781865	REACTOME_DISEASES_OF_GLYCOSYLATION	0	0	1.57180540051559	1.51536285566774	4.40378003688051e-24	1	3	6	2.05521308926997e-17	1	0	-5.26760817289518	-3.93900049718347
ADAM17	NOTCH1	R-HSA-9711123	REACTOME_CELLULAR_RESPONSE_TO_CHEMICAL_STRESS	0	0	1.57180540051559	1.51536285566774	4.40378003688051e-24	1	53	98	4.63235779101934e-10	1	0	-5.26760817289518	-3.93900049718347
ADAM28	ITGA4	R-HSA-1474244	REACTOME_EXTRACELLULAR_MATRIX_ORGANIZATION	0	0	11.3302287682274	12.7819632380897	1.47003444760444e-37	1	45	83	7.44375534656307e-17	1	0	6.55370976303402	-1.85525234637379
ADAM28	ITGA4	R-HSA-8949275	REACTOME_RUNX3_REGULATES_IMMUNE_RESPONSE_AND_CELL_MIGRATION	0	0	11.3302287682274	12.7819632380897	1.47003444760444e-37	1	1	2	9.41750299877674e-20	1	0	6.55370976303402	-1.85525234637379
ALOX5AP	ALOX5	R-HSA-6785807	REACTOME_INTERLEUKIN_4_AND_INTERLEUKIN_13_SIGNALING	0	0	16.6901374530266	10.6309469507678	6.65384715883628e-34	1	30	56	1.90662558054069e-14	1	0	-6.12945837369949	5.84430661794989
ARPC5	ADRB2	R-HSA-373076	REACTOME_CLASS_A_1_RHODOPSIN_LIKE_RECEPTORS	0	0	2.56575205019975	4.80213170757104	4.27065484273873e-31	1	30	55	1.93095008932176e-16	1	0	6.94088458308805	-2.12757525941195
ARPC5	ADRB2	R-HSA-5688426	REACTOME_DEUBIQUITINATION	0	0	2.56575205019975	4.80213170757104	4.27065484273873e-31	1	79	145	8.42168300922683e-10	1	0	6.94088458308805	-2.12757525941195
ARPC5	ADRB2	R-HSA-5689880	REACTOME_UB_SPECIFIC_PROCESSING_PROTEASES	0	0	2.56575205019975	4.80213170757104	4.27065484273873e-31	1	56	103	2.3165789419685e-09	1	0	6.94088458308805	-2.12757525941195
ARPC5	ADRB2	R-HSA-8856828	REACTOME_CLATHRIN_MEDIATED_ENDOCYTOSIS	0	0	2.56575205019975	4.80213170757104	4.27065484273873e-31	1	48	88	6.43926250523066e-12	1	0	6.94088458308805	-2.12757525941195
B2M	TFRC	R-HSA-8856828	REACTOME_CLATHRIN_MEDIATED_ENDOCYTOSIS	0	0	2.64498857550919	1.61072018692503	1.03075838890181e-25	1	50	91	4.94391631378493e-12	1	0	-3.41500679605085	6.3040254268924
BMP2	ACVR2B	R-HSA-9006936	REACTOME_SIGNALING_BY_TGFB_FAMILY_MEMBERS	0	0	1.08247948807465	1.24613585232934	2.59524693674729e-20	1	56	102	2.30882220087559e-11	1	0	2.2543726991538	2.62805426502013
C3	C3AR1	R-HSA-373076	REACTOME_CLASS_A_1_RHODOPSIN_LIKE_RECEPTORS	0	0	4.13985953669678	4.11191343841219	9.12023510340352e-32	1	29	54	2.0925558847695e-16	1	0	6.43350458535656	6.00420659517145
C3	C3AR1	R-HSA-418594	REACTOME_G_ALPHA_I_SIGNALLING_EVENTS	0	0	4.13985953669678	4.11191343841219	9.12023510340352e-32	1	44	81	2.30535207315032e-14	1	0	6.43350458535656	6.00420659517145
C3	C3AR1	R-HSA-9658195	REACTOME_LEISHMANIA_INFECTION	0	0	4.13985953669678	4.11191343841219	9.12023510340352e-32	1	48	89	8.84492634754199e-14	1	0	6.43350458535656	6.00420659517145
C3	C5AR2	R-HSA-373076	REACTOME_CLASS_A_1_RHODOPSIN_LIKE_RECEPTORS	0	0	4.13985953669678	9.97694056361996	1.26210253692485e-35	1	29	54	3.24418991209635e-16	1	0	6.43350458535656	-1.35996059598909
C3	ITGAM	R-HSA-1474244	REACTOME_EXTRACELLULAR_MATRIX_ORGANIZATION	0	0	4.13985953669678	17.1759868604849	1.53899743706872e-39	1	45	83	1.13612919742986e-16	1	0	6.43350458535656	7.73094488772463
C3	ITGAM	R-HSA-168898	REACTOME_TOLL_LIKE_RECEPTOR_CASCADES	0	0	4.13985953669678	17.1759868604849	1.53899743706872e-39	1	52	95	2.64092631194663e-11	1	0	6.43350458535656	7.73094488772463
C3	ITGAM	R-HSA-6785807	REACTOME_INTERLEUKIN_4_AND_INTERLEUKIN_13_SIGNALING	0	0	4.13985953669678	17.1759868604849	1.53899743706872e-39	1	29	54	2.75752179990918e-14	1	0	6.43350458535656	7.73094488772463
C3	ITGB2	R-HSA-1474244	REACTOME_EXTRACELLULAR_MATRIX_ORGANIZATION	0	0	4.13985953669678	12.9570661393732	1.70871930452325e-38	1	46	85	1.13612919742986e-16	1	0	6.43350458535656	-3.48969294179493
C3	ITGB2	R-HSA-168898	REACTOME_TOLL_LIKE_RECEPTOR_CASCADES	0	0	4.13985953669678	12.9570661393732	1.70871930452325e-38	1	52	95	2.64092631194663e-11	1	0	6.43350458535656	-3.48969294179493
C3	ITGB2	R-HSA-6785807	REACTOME_INTERLEUKIN_4_AND_INTERLEUKIN_13_SIGNALING	0	0	4.13985953669678	12.9570661393732	1.70871930452325e-38	1	29	54	2.75752179990918e-14	1	0	6.43350458535656	-3.48969294179493
C5	C5AR1	R-HSA-373076	REACTOME_CLASS_A_1_RHODOPSIN_LIKE_RECEPTORS	0	0	9.29232911290068	16.0024771656886	6.55216139399919e-39	1	29	54	3.24418991209635e-16	1	0	6.74818281693681	5.20519310771212
C5	C5AR1	R-HSA-418594	REACTOME_G_ALPHA_I_SIGNALLING_EVENTS	0	0	9.29232911290068	16.0024771656886	6.55216139399919e-39	1	44	81	2.30535207315032e-14	1	0	6.74818281693681	5.20519310771212
C5	C5AR2	R-HSA-373076	REACTOME_CLASS_A_1_RHODOPSIN_LIKE_RECEPTORS	0	0	9.29232911290068	9.97694056361996	2.85627171754148e-36	1	29	54	3.24418991209635e-16	1	0	6.74818281693681	-1.35996059598909
CALM3	ABCA1	R-HSA-9006931	REACTOME_SIGNALING_BY_NUCLEAR_RECEPTORS	0	0	1.16716372044699	5.33280661171401	3.88135498768571e-28	1	74	135	1.81439571635255e-10	1	0	4.91910786257586	-5.99112378359814
CALM3	ADCY8	R-HSA-418594	REACTOME_G_ALPHA_I_SIGNALLING_EVENTS	0	0	1.16716372044699	17.348369613788	2.93133247064706e-29	1	44	81	2.30535207315032e-14	1	0	4.91910786257586	5.45913134583374
CALM3	ADCY8	R-HSA-9006925	REACTOME_INTRACELLULAR_SIGNALING_BY_SECOND_MESSENGERS	0	0	1.16716372044699	17.348369613788	2.93133247064706e-29	1	87	159	1.1912511955074e-11	1	0	4.91910786257586	5.45913134583374
CALM3	ADCY8	R-HSA-9658195	REACTOME_LEISHMANIA_INFECTION	0	0	1.16716372044699	17.348369613788	2.93133247064706e-29	1	48	89	8.84492634754199e-14	1	0	4.91910786257586	5.45913134583374
CALM3	ADCY8	R-HSA-112314	REACTOME_NEUROTRANSMITTER_RECEPTORS_AND_POSTSYNAPTIC_SIGNAL_TRANSMISSION	0	0	1.16716372044699	17.348369613788	2.93133247064706e-29	1	34	62	1.17327046954623e-12	1	0	4.91910786257586	5.45913134583374
CALM3	ADCY8	R-HSA-112315	REACTOME_TRANSMISSION_ACROSS_CHEMICAL_SYNAPSES	0	0	1.16716372044699	17.348369613788	2.93133247064706e-29	1	40	74	1.17327046954623e-12	1	0	4.91910786257586	5.45913134583374
CALM3	INSR	R-HSA-9006925	REACTOME_INTRACELLULAR_SIGNALING_BY_SECOND_MESSENGERS	0	0	1.16716372044699	1.22594635023173	9.6929355881386e-22	1	87	159	4.85548485527369e-12	1	0	4.91910786257586	8.89647865680447
CALM3	MYLK	R-HSA-195258	REACTOME_RHO_GTPASE_EFFECTORS	0	0	1.16716372044699	6.78104553090517	1.01719453141206e-31	1	94	172	2.0699283362627e-12	1	0	4.91910786257586	1.72952571289275
CALM3	PDE1B	R-HSA-418594	REACTOME_G_ALPHA_I_SIGNALLING_EVENTS	0	0	1.16716372044699	6.72778172365762	1.01153714829716e-30	1	45	82	1.66301889860486e-14	1	0	4.91910786257586	6.28622379810591
CALM3	PDE1B	R-HSA-9006925	REACTOME_INTRACELLULAR_SIGNALING_BY_SECOND_MESSENGERS	0	0	1.16716372044699	6.72778172365762	1.01153714829716e-30	1	87	159	1.1912511955074e-11	1	0	4.91910786257586	6.28622379810591
COL6A3	ITGA2	R-HSA-1474244	REACTOME_EXTRACELLULAR_MATRIX_ORGANIZATION	0	0	7.52712334550539	1.25765311660448	3.1422350669259e-26	1	45	82	4.94438289914793e-17	1	0	4.51573287516013	5.13588672337162
COL6A3	ITGA2	R-HSA-3000170	REACTOME_SYNDECAN_INTERACTIONS	0	0	7.52712334550539	1.25765311660448	3.1422350669259e-26	1	4	8	4.94438289914793e-17	1	0	4.51573287516013	5.13588672337162
COL7A1	ITGA2	R-HSA-1474244	REACTOME_EXTRACELLULAR_MATRIX_ORGANIZATION	0	0	1.35393245943373	1.25765311660448	7.36841288569357e-19	1	45	82	4.94438289914793e-17	1	0	2.308383588934	5.13588672337162
COL7A1	ITGA2	R-HSA-3000170	REACTOME_SYNDECAN_INTERACTIONS	0	0	1.35393245943373	1.25765311660448	7.36841288569357e-19	1	4	8	4.94438289914793e-17	1	0	2.308383588934	5.13588672337162
FABP5	RXRA	R-HSA-1852241	REACTOME_ORGANELLE_BIOGENESIS_AND_MAINTENANCE	0	0	12.4802691404467	2.10216678121164	2.51512024274717e-33	1	85	156	1.09883204252055e-10	1	0	-5.89742976660913	-5.32763144612348
FABP5	RXRA	R-HSA-2990846	REACTOME_SUMOYLATION	0	0	12.4802691404467	2.10216678121164	2.51512024274717e-33	1	69	127	1.0948289153269e-09	1	0	-5.89742976660913	-5.32763144612348
FABP5	RXRA	R-HSA-9006931	REACTOME_SIGNALING_BY_NUCLEAR_RECEPTORS	0	0	12.4802691404467	2.10216678121164	2.51512024274717e-33	1	73	134	1.81439571635255e-10	1	0	-5.89742976660913	-5.32763144612348
FABP5	RXRA	R-HSA-9006936	REACTOME_SIGNALING_BY_TGFB_FAMILY_MEMBERS	0	0	12.4802691404467	2.10216678121164	2.51512024274717e-33	1	57	104	3.32609323427324e-11	1	0	-5.89742976660913	-5.32763144612348
FABP5	RXRA	R-HSA-9711123	REACTOME_CELLULAR_RESPONSE_TO_CHEMICAL_STRESS	0	0	12.4802691404467	2.10216678121164	2.51512024274717e-33	1	56	103	4.63235779101934e-10	1	0	-5.89742976660913	-5.32763144612348
GDF11	ACVR1B	R-HSA-9006936	REACTOME_SIGNALING_BY_TGFB_FAMILY_MEMBERS	0	0	2.6253601188463	1.41831964452396	2.47293753062277e-25	1	56	103	4.08739158211265e-11	1	0	-4.23280308357368	5.22189578175226
GDF11	ACVR2B	R-HSA-9006936	REACTOME_SIGNALING_BY_TGFB_FAMILY_MEMBERS	0	0	2.6253601188463	1.24613585232934	1.23529263478952e-23	1	56	102	2.30882220087559e-11	1	0	-4.23280308357368	2.62805426502013
GNAS	ADCY1	R-HSA-418594	REACTOME_G_ALPHA_I_SIGNALLING_EVENTS	0	0	3.7253336135429	10.2014414560231	2.61579316977587e-36	1	44	81	2.30535207315032e-14	1	0	7.31617375403125	5.92201895166161
GNAS	ADCY1	R-HSA-9006925	REACTOME_INTRACELLULAR_SIGNALING_BY_SECOND_MESSENGERS	0	0	3.7253336135429	10.2014414560231	2.61579316977587e-36	1	87	159	1.1912511955074e-11	1	0	7.31617375403125	5.92201895166161
GNAS	ADCY1	R-HSA-9658195	REACTOME_LEISHMANIA_INFECTION	0	0	3.7253336135429	10.2014414560231	2.61579316977587e-36	1	48	89	8.84492634754199e-14	1	0	7.31617375403125	5.92201895166161
GNAS	ADCY1	R-HSA-112314	REACTOME_NEUROTRANSMITTER_RECEPTORS_AND_POSTSYNAPTIC_SIGNAL_TRANSMISSION	0	0	3.7253336135429	10.2014414560231	2.61579316977587e-36	1	34	62	1.17327046954623e-12	1	0	7.31617375403125	5.92201895166161
GNAS	ADCY1	R-HSA-112315	REACTOME_TRANSMISSION_ACROSS_CHEMICAL_SYNAPSES	0	0	3.7253336135429	10.2014414560231	2.61579316977587e-36	1	40	74	1.17327046954623e-12	1	0	7.31617375403125	5.92201895166161
GNAS	ADCY7	R-HSA-418594	REACTOME_G_ALPHA_I_SIGNALLING_EVENTS	0	0	3.7253336135429	1.27908574014702	4.47541952716321e-29	1	44	81	1.66301889860486e-14	1	0	7.31617375403125	6.20114159335363
GNAS	ADCY7	R-HSA-9006925	REACTOME_INTRACELLULAR_SIGNALING_BY_SECOND_MESSENGERS	0	0	3.7253336135429	1.27908574014702	4.47541952716321e-29	1	87	159	1.1912511955074e-11	1	0	7.31617375403125	6.20114159335363
GNAS	ADCY7	R-HSA-9658195	REACTOME_LEISHMANIA_INFECTION	0	0	3.7253336135429	1.27908574014702	4.47541952716321e-29	1	48	89	7.72641665371147e-14	1	0	7.31617375403125	6.20114159335363
GNAS	ADCY7	R-HSA-112314	REACTOME_NEUROTRANSMITTER_RECEPTORS_AND_POSTSYNAPTIC_SIGNAL_TRANSMISSION	0	0	3.7253336135429	1.27908574014702	4.47541952716321e-29	1	34	62	8.30992305984145e-13	1	0	7.31617375403125	6.20114159335363
GNAS	ADCY7	R-HSA-112315	REACTOME_TRANSMISSION_ACROSS_CHEMICAL_SYNAPSES	0	0	3.7253336135429	1.27908574014702	4.47541952716321e-29	1	40	74	8.30992305984145e-13	1	0	7.31617375403125	6.20114159335363
GNAS	ADCY8	R-HSA-418594	REACTOME_G_ALPHA_I_SIGNALLING_EVENTS	0	0	3.7253336135429	17.348369613788	4.5510544231885e-34	1	44	81	2.30535207315032e-14	1	0	7.31617375403125	5.45913134583374
GNAS	ADCY8	R-HSA-9006925	REACTOME_INTRACELLULAR_SIGNALING_BY_SECOND_MESSENGERS	0	0	3.7253336135429	17.348369613788	4.5510544231885e-34	1	87	159	1.1912511955074e-11	1	0	7.31617375403125	5.45913134583374
GNAS	ADCY8	R-HSA-9658195	REACTOME_LEISHMANIA_INFECTION	0	0	3.7253336135429	17.348369613788	4.5510544231885e-34	1	48	89	8.84492634754199e-14	1	0	7.31617375403125	5.45913134583374
GNAS	ADCY8	R-HSA-112314	REACTOME_NEUROTRANSMITTER_RECEPTORS_AND_POSTSYNAPTIC_SIGNAL_TRANSMISSION	0	0	3.7253336135429	17.348369613788	4.5510544231885e-34	1	34	62	1.17327046954623e-12	1	0	7.31617375403125	5.45913134583374
GNAS	ADCY8	R-HSA-112315	REACTOME_TRANSMISSION_ACROSS_CHEMICAL_SYNAPSES	0	0	3.7253336135429	17.348369613788	4.5510544231885e-34	1	40	74	1.17327046954623e-12	1	0	7.31617375403125	5.45913134583374
GNAS	ADCY9	R-HSA-418594	REACTOME_G_ALPHA_I_SIGNALLING_EVENTS	0	0	3.7253336135429	2.06150928024925	2.55494276052019e-29	1	44	81	1.66301889860486e-14	1	0	7.31617375403125	-5.68535622757741
GNAS	ADCY9	R-HSA-9006925	REACTOME_INTRACELLULAR_SIGNALING_BY_SECOND_MESSENGERS	0	0	3.7253336135429	2.06150928024925	2.55494276052019e-29	1	87	159	1.1912511955074e-11	1	0	7.31617375403125	-5.68535622757741
GNAS	ADCY9	R-HSA-9658195	REACTOME_LEISHMANIA_INFECTION	0	0	3.7253336135429	2.06150928024925	2.55494276052019e-29	1	48	89	7.72641665371147e-14	1	0	7.31617375403125	-5.68535622757741
GNAS	ADCY9	R-HSA-112314	REACTOME_NEUROTRANSMITTER_RECEPTORS_AND_POSTSYNAPTIC_SIGNAL_TRANSMISSION	0	0	3.7253336135429	2.06150928024925	2.55494276052019e-29	1	34	62	8.30992305984145e-13	1	0	7.31617375403125	-5.68535622757741
GNAS	ADCY9	R-HSA-112315	REACTOME_TRANSMISSION_ACROSS_CHEMICAL_SYNAPSES	0	0	3.7253336135429	2.06150928024925	2.55494276052019e-29	1	40	74	8.30992305984145e-13	1	0	7.31617375403125	-5.68535622757741
ICAM2	ITGAL	R-HSA-1474244	REACTOME_EXTRACELLULAR_MATRIX_ORGANIZATION	0	0	4.12486973332381	11.5481931423672	2.85348938422427e-34	1	46	85	1.13612919742986e-16	1	0	4.65501111715197	4.08496240843586
ICAM2	ITGAL	R-HSA-8949275	REACTOME_RUNX3_REGULATES_IMMUNE_RESPONSE_AND_CELL_MIGRATION	0	0	4.12486973332381	11.5481931423672	2.85348938422427e-34	1	1	3	1.10422561448414e-18	1	0	4.65501111715197	4.08496240843586
ICAM2	ITGAM	R-HSA-1474244	REACTOME_EXTRACELLULAR_MATRIX_ORGANIZATION	0	0	4.12486973332381	17.1759868604849	4.72974450222569e-36	1	45	83	1.13612919742986e-16	1	0	4.65501111715197	7.73094488772463
ICAM2	ITGAM	R-HSA-168898	REACTOME_TOLL_LIKE_RECEPTOR_CASCADES	0	0	4.12486973332381	17.1759868604849	4.72974450222569e-36	1	52	95	2.64092631194663e-11	1	0	4.65501111715197	7.73094488772463
ICAM2	ITGAM	R-HSA-6785807	REACTOME_INTERLEUKIN_4_AND_INTERLEUKIN_13_SIGNALING	0	0	4.12486973332381	17.1759868604849	4.72974450222569e-36	1	29	54	2.75752179990918e-14	1	0	4.65501111715197	7.73094488772463
ICAM2	ITGB2	R-HSA-1474244	REACTOME_EXTRACELLULAR_MATRIX_ORGANIZATION	0	0	4.12486973332381	12.9570661393732	5.25134450633583e-35	1	46	85	1.13612919742986e-16	1	0	4.65501111715197	-3.48969294179493
ICAM2	ITGB2	R-HSA-168898	REACTOME_TOLL_LIKE_RECEPTOR_CASCADES	0	0	4.12486973332381	12.9570661393732	5.25134450633583e-35	1	52	95	2.64092631194663e-11	1	0	4.65501111715197	-3.48969294179493
ICAM2	ITGB2	R-HSA-6785807	REACTOME_INTERLEUKIN_4_AND_INTERLEUKIN_13_SIGNALING	0	0	4.12486973332381	12.9570661393732	5.25134450633583e-35	1	29	54	2.75752179990918e-14	1	0	4.65501111715197	-3.48969294179493
ICAM3	ITGAL	R-HSA-1474244	REACTOME_EXTRACELLULAR_MATRIX_ORGANIZATION	0	0	5.84496954177593	11.5481931423672	2.74623748200338e-37	1	46	85	1.13612919742986e-16	1	0	-5.65486572670884	4.08496240843586
ICAM3	ITGAL	R-HSA-8949275	REACTOME_RUNX3_REGULATES_IMMUNE_RESPONSE_AND_CELL_MIGRATION	0	0	5.84496954177593	11.5481931423672	2.74623748200338e-37	1	1	3	1.10422561448414e-18	1	0	-5.65486572670884	4.08496240843586
ICAM3	ITGB2	R-HSA-1474244	REACTOME_EXTRACELLULAR_MATRIX_ORGANIZATION	0	0	5.84496954177593	12.9570661393732	5.05396627509533e-38	1	46	85	1.13612919742986e-16	1	0	-5.65486572670884	-3.48969294179493
ICAM3	ITGB2	R-HSA-168898	REACTOME_TOLL_LIKE_RECEPTOR_CASCADES	0	0	5.84496954177593	12.9570661393732	5.05396627509533e-38	1	52	95	2.64092631194663e-11	1	0	-5.65486572670884	-3.48969294179493
ICAM3	ITGB2	R-HSA-6785807	REACTOME_INTERLEUKIN_4_AND_INTERLEUKIN_13_SIGNALING	0	0	5.84496954177593	12.9570661393732	5.05396627509533e-38	1	29	54	2.75752179990918e-14	1	0	-5.65486572670884	-3.48969294179493
ICAM5	ITGAL	R-HSA-1474244	REACTOME_EXTRACELLULAR_MATRIX_ORGANIZATION	0	0	2.65531851792524	11.5481931423672	1.40544056086755e-33	1	46	85	1.13612919742986e-16	1	0	-3.81862787208286	4.08496240843586
ICAM5	ITGAL	R-HSA-8949275	REACTOME_RUNX3_REGULATES_IMMUNE_RESPONSE_AND_CELL_MIGRATION	0	0	2.65531851792524	11.5481931423672	1.40544056086755e-33	1	1	3	1.10422561448414e-18	1	0	-3.81862787208286	4.08496240843586
ICAM5	ITGB2	R-HSA-1474244	REACTOME_EXTRACELLULAR_MATRIX_ORGANIZATION	0	0	2.65531851792524	12.9570661393732	2.58646575280663e-34	1	46	85	1.13612919742986e-16	1	0	-3.81862787208286	-3.48969294179493
ICAM5	ITGB2	R-HSA-168898	REACTOME_TOLL_LIKE_RECEPTOR_CASCADES	0	0	2.65531851792524	12.9570661393732	2.58646575280663e-34	1	52	95	2.64092631194663e-11	1	0	-3.81862787208286	-3.48969294179493
ICAM5	ITGB2	R-HSA-6785807	REACTOME_INTERLEUKIN_4_AND_INTERLEUKIN_13_SIGNALING	0	0	2.65531851792524	12.9570661393732	2.58646575280663e-34	1	29	54	2.75752179990918e-14	1	0	-3.81862787208286	-3.48969294179493
IL16	CD4	R-HSA-162587	REACTOME_HIV_LIFE_CYCLE	0	0	7.2581482602989	11.2246017640495	3.67506403541848e-34	1	54	99	6.69773812454662e-09	1	0	4.55383547334455	-5.92611937037602
IL16	CD4	R-HSA-162906	REACTOME_HIV_INFECTION	0	0	7.2581482602989	11.2246017640495	3.67506403541848e-34	1	63	116	5.25358981641587e-09	1	0	4.55383547334455	-5.92611937037602
IL16	CD4	R-HSA-8856828	REACTOME_CLATHRIN_MEDIATED_ENDOCYTOSIS	0	0	7.2581482602989	11.2246017640495	3.67506403541848e-34	1	50	91	4.94391631378493e-12	1	0	4.55383547334455	-5.92611937037602
IL16	GRIN2D	R-HSA-5683057	REACTOME_MAPK_FAMILY_SIGNALING_CASCADES	0	0	7.2581482602989	5.03524915710015	3.23430036802397e-34	1	77	140	1.47964933991412e-12	1	0	4.55383547334455	-5.14265179748115
IL16	GRIN2D	R-HSA-112314	REACTOME_NEUROTRANSMITTER_RECEPTORS_AND_POSTSYNAPTIC_SIGNAL_TRANSMISSION	0	0	7.2581482602989	5.03524915710015	3.23430036802397e-34	1	34	63	1.17327046954623e-12	1	0	4.55383547334455	-5.14265179748115
IL16	GRIN2D	R-HSA-112315	REACTOME_TRANSMISSION_ACROSS_CHEMICAL_SYNAPSES	0	0	7.2581482602989	5.03524915710015	3.23430036802397e-34	1	41	75	8.30992305984145e-13	1	0	4.55383547334455	-5.14265179748115
IL1B	ADRB2	R-HSA-373076	REACTOME_CLASS_A_1_RHODOPSIN_LIKE_RECEPTORS	0	0	16.8871293288484	4.80213170757104	2.68736169603719e-36	1	30	55	1.93095008932176e-16	1	0	-6.31018049386903	-2.12757525941195
IL1B	ADRB2	R-HSA-5688426	REACTOME_DEUBIQUITINATION	0	0	16.8871293288484	4.80213170757104	2.68736169603719e-36	1	79	145	8.42168300922683e-10	1	0	-6.31018049386903	-2.12757525941195
IL1B	ADRB2	R-HSA-5689880	REACTOME_UB_SPECIFIC_PROCESSING_PROTEASES	0	0	16.8871293288484	4.80213170757104	2.68736169603719e-36	1	56	103	2.3165789419685e-09	1	0	-6.31018049386903	-2.12757525941195
IL1B	ADRB2	R-HSA-8856828	REACTOME_CLATHRIN_MEDIATED_ENDOCYTOSIS	0	0	16.8871293288484	4.80213170757104	2.68736169603719e-36	1	48	88	6.43926250523066e-12	1	0	-6.31018049386903	-2.12757525941195
JAG1	NOTCH1	R-HSA-157118	REACTOME_SIGNALING_BY_NOTCH	0	0	1.42200275372927	1.51536285566774	1.2345046259072e-22	1	51	93	4.8536293782786e-11	1	0	7.22526333693245	-3.93900049718347
JAG1	NOTCH1	R-HSA-3781865	REACTOME_DISEASES_OF_GLYCOSYLATION	0	0	1.42200275372927	1.51536285566774	1.2345046259072e-22	1	3	6	2.05521308926997e-17	1	0	7.22526333693245	-3.93900049718347
JAG1	NOTCH1	R-HSA-9711123	REACTOME_CELLULAR_RESPONSE_TO_CHEMICAL_STRESS	0	0	1.42200275372927	1.51536285566774	1.2345046259072e-22	1	53	98	4.63235779101934e-10	1	0	7.22526333693245	-3.93900049718347
MMP9	ITGAM	R-HSA-1474244	REACTOME_EXTRACELLULAR_MATRIX_ORGANIZATION	0	0	12.9713882501639	17.1759868604849	2.08917380037542e-44	1	45	83	1.13612919742986e-16	1	0	-4.24676876708707	7.73094488772463
MMP9	ITGAM	R-HSA-168898	REACTOME_TOLL_LIKE_RECEPTOR_CASCADES	0	0	12.9713882501639	17.1759868604849	2.08917380037542e-44	1	52	95	2.64092631194663e-11	1	0	-4.24676876708707	7.73094488772463
MMP9	ITGAM	R-HSA-6785807	REACTOME_INTERLEUKIN_4_AND_INTERLEUKIN_13_SIGNALING	0	0	12.9713882501639	17.1759868604849	2.08917380037542e-44	1	29	54	2.75752179990918e-14	1	0	-4.24676876708707	7.73094488772463
MMP9	ITGB2	R-HSA-1474244	REACTOME_EXTRACELLULAR_MATRIX_ORGANIZATION	0	0	12.9713882501639	12.9570661393732	2.31956955692207e-43	1	46	85	1.13612919742986e-16	1	0	-4.24676876708707	-3.48969294179493
MMP9	ITGB2	R-HSA-168898	REACTOME_TOLL_LIKE_RECEPTOR_CASCADES	0	0	12.9713882501639	12.9570661393732	2.31956955692207e-43	1	52	95	2.64092631194663e-11	1	0	-4.24676876708707	-3.48969294179493
MMP9	ITGB2	R-HSA-6785807	REACTOME_INTERLEUKIN_4_AND_INTERLEUKIN_13_SIGNALING	0	0	12.9713882501639	12.9570661393732	2.31956955692207e-43	1	29	54	2.75752179990918e-14	1	0	-4.24676876708707	-3.48969294179493
NTS	NTSR1	R-HSA-373076	REACTOME_CLASS_A_1_RHODOPSIN_LIKE_RECEPTORS	0	0	8.75457506671987	16.4924669198612	6.3417368982804e-30	1	29	54	1.93095008932176e-16	1	0	6.92268695516757	4.03611594505515
NTS	NTSR1	R-HSA-416476	REACTOME_G_ALPHA_Q_SIGNALLING_EVENTS	0	0	8.75457506671987	16.4924669198612	6.3417368982804e-30	1	31	58	5.10017938220072e-15	1	0	6.92268695516757	4.03611594505515
PDGFA	PDGFRA	R-HSA-199418	REACTOME_NEGATIVE_REGULATION_OF_THE_PI3K_AKT_NETWORK	0	0	1.83624093306308	1.13245821113078	6.56419017538382e-25	1	27	50	7.70588796051193e-14	1	0	4.81000362654467	3.99731112577433
PDGFA	PDGFRA	R-HSA-2219528	REACTOME_PI3K_AKT_SIGNALING_IN_CANCER	0	0	1.83624093306308	1.13245821113078	6.56419017538382e-25	1	30	55	8.84492634754199e-14	1	0	4.81000362654467	3.99731112577433
PDGFA	PDGFRA	R-HSA-5683057	REACTOME_MAPK_FAMILY_SIGNALING_CASCADES	0	0	1.83624093306308	1.13245821113078	6.56419017538382e-25	1	76	139	1.47964933991412e-12	1	0	4.81000362654467	3.99731112577433
PDGFA	PDGFRA	R-HSA-9006925	REACTOME_INTRACELLULAR_SIGNALING_BY_SECOND_MESSENGERS	0	0	1.83624093306308	1.13245821113078	6.56419017538382e-25	1	87	159	4.85548485527369e-12	1	0	4.81000362654467	3.99731112577433
RPS19	C5AR1	R-HSA-373076	REACTOME_CLASS_A_1_RHODOPSIN_LIKE_RECEPTORS	0	0	6.83304512817193	16.0024771656886	7.24659524077717e-41	1	29	54	3.24418991209635e-16	1	0	-1.74920968611789	5.20519310771212
RPS19	C5AR1	R-HSA-418594	REACTOME_G_ALPHA_I_SIGNALLING_EVENTS	0	0	6.83304512817193	16.0024771656886	7.24659524077717e-41	1	44	81	2.30535207315032e-14	1	0	-1.74920968611789	5.20519310771212
SLPI	CD4	R-HSA-162587	REACTOME_HIV_LIFE_CYCLE	0	0	8.64910048461806	11.2246017640495	6.17028321932533e-33	1	54	99	6.69773812454662e-09	1	0	3.42762688145674	-5.92611937037602
SLPI	CD4	R-HSA-162906	REACTOME_HIV_INFECTION	0	0	8.64910048461806	11.2246017640495	6.17028321932533e-33	1	63	116	5.25358981641587e-09	1	0	3.42762688145674	-5.92611937037602
SLPI	CD4	R-HSA-8856828	REACTOME_CLATHRIN_MEDIATED_ENDOCYTOSIS	0	0	8.64910048461806	11.2246017640495	6.17028321932533e-33	1	50	91	4.94391631378493e-12	1	0	3.42762688145674	-5.92611937037602
SPP1	ITGA4	R-HSA-1474244	REACTOME_EXTRACELLULAR_MATRIX_ORGANIZATION	0	0	5.32327069780505	12.7819632380897	3.39322275329928e-39	1	45	83	7.44375534656307e-17	1	0	7.30748082876017	-1.85525234637379
SPP1	ITGA4	R-HSA-8949275	REACTOME_RUNX3_REGULATES_IMMUNE_RESPONSE_AND_CELL_MIGRATION	0	0	5.32327069780505	12.7819632380897	3.39322275329928e-39	1	1	2	9.41750299877674e-20	1	0	7.30748082876017	-1.85525234637379
SPP1	ITGA5	R-HSA-1474244	REACTOME_EXTRACELLULAR_MATRIX_ORGANIZATION	0	0	5.32327069780505	2.55548806645391	1.00375950995987e-34	1	45	83	1.13612919742986e-16	1	0	7.30748082876017	7.02263960712023
SPP1	ITGA9	R-HSA-1474244	REACTOME_EXTRACELLULAR_MATRIX_ORGANIZATION	0	0	5.32327069780505	8.09059973976369	1.15107337811187e-34	1	45	83	1.13612919742986e-16	1	0	7.30748082876017	5.1239734120545
SPP1	ITGB5	R-HSA-1474244	REACTOME_EXTRACELLULAR_MATRIX_ORGANIZATION	0	0	5.32327069780505	2.57684153447841	6.95251493051319e-35	1	46	85	3.61698464146817e-16	1	0	7.30748082876017	7.06105519464433
SPP1	ITGB5	R-HSA-9006936	REACTOME_SIGNALING_BY_TGFB_FAMILY_MEMBERS	0	0	5.32327069780505	2.57684153447841	6.95251493051319e-35	1	56	103	4.08739158211265e-11	1	0	7.30748082876017	7.06105519464433
SPP1	S1PR1	R-HSA-6785807	REACTOME_INTERLEUKIN_4_AND_INTERLEUKIN_13_SIGNALING	0	0	5.32327069780505	7.53512765325107	1.81271196616236e-33	1	30	56	1.90662558054069e-14	1	0	7.30748082876017	5.34692798905485
TGFB1	ACVRL1	R-HSA-9006936	REACTOME_SIGNALING_BY_TGFB_FAMILY_MEMBERS	0	0	2.95359173998466	5.29254708069923	3.10391047025452e-32	1	56	102	4.08739158211265e-11	1	0	-3.09377331019866	4.51995166961603
TGFB1	CXCR4	R-HSA-162587	REACTOME_HIV_LIFE_CYCLE	0	0	2.95359173998466	1.54804598353712	3.35524066038888e-26	1	54	99	6.69773812454662e-09	1	0	-3.09377331019866	1.03607444617553
TGFB1	CXCR4	R-HSA-162906	REACTOME_HIV_INFECTION	0	0	2.95359173998466	1.54804598353712	3.35524066038888e-26	1	63	116	5.25358981641587e-09	1	0	-3.09377331019866	1.03607444617553
TGFB1	CXCR4	R-HSA-373076	REACTOME_CLASS_A_1_RHODOPSIN_LIKE_RECEPTORS	0	0	2.95359173998466	1.54804598353712	3.35524066038888e-26	1	30	55	1.93095008932176e-16	1	0	-3.09377331019866	1.03607444617553
TGFB1	CXCR4	R-HSA-418594	REACTOME_G_ALPHA_I_SIGNALLING_EVENTS	0	0	2.95359173998466	1.54804598353712	3.35524066038888e-26	1	45	82	1.61390324665821e-14	1	0	-3.09377331019866	1.03607444617553
TGFB1	ITGB5	R-HSA-1474244	REACTOME_EXTRACELLULAR_MATRIX_ORGANIZATION	0	0	2.95359173998466	2.57684153447841	1.83280484799567e-33	1	46	85	3.61698464146817e-16	1	0	-3.09377331019866	7.06105519464433
TGFB1	ITGB5	R-HSA-9006936	REACTOME_SIGNALING_BY_TGFB_FAMILY_MEMBERS	0	0	2.95359173998466	2.57684153447841	1.83280484799567e-33	1	56	103	4.08739158211265e-11	1	0	-3.09377331019866	7.06105519464433
TGFB1	SDC2	R-HSA-1474244	REACTOME_EXTRACELLULAR_MATRIX_ORGANIZATION	0	0	2.95359173998466	6.90301337760225	8.25731285895557e-37	1	46	84	1.13612919742986e-16	1	0	-3.09377331019866	-3.92777998958391
TGFB1	SDC2	R-HSA-381426	REACTOME_REGULATION_OF_INSULIN_LIKE_GROWTH_FACTOR_IGF_TRANSPORT_AND_UPTAKE_BY_INSULIN_LIKE_GROWTH_FACTOR_BINDING_PROTEINS_IGFBPS	0	0	2.95359173998466	6.90301337760225	8.25731285895557e-37	1	35	65	2.30535207315032e-14	1	0	-3.09377331019866	-3.92777998958391
TGFB1	SDC2	R-HSA-71387	REACTOME_METABOLISM_OF_CARBOHYDRATES	0	0	2.95359173998466	6.90301337760225	8.25731285895557e-37	1	47	86	3.49481706552114e-12	1	0	-3.09377331019866	-3.92777998958391
TGFB1	SDC2	R-HSA-9694516	REACTOME_SARS_COV_2_INFECTION	0	0	2.95359173998466	6.90301337760225	8.25731285895557e-37	1	77	141	3.83588880540267e-10	1	0	-3.09377331019866	-3.92777998958391
TGFB1	SDC2	R-HSA-9833110	REACTOME_RSV_HOST_INTERACTIONS	0	0	2.95359173998466	6.90301337760225	8.25731285895557e-37	1	1	2	2.32452091492243e-19	1	0	-3.09377331019866	-3.92777998958391
TGFB1	TGFBR1	R-HSA-5688426	REACTOME_DEUBIQUITINATION	0	0	2.95359173998466	1.03975778026108	1.32879117899083e-26	1	79	144	8.42168300922683e-10	1	0	-3.09377331019866	6.70932710455252
TGFB1	TGFBR1	R-HSA-5689880	REACTOME_UB_SPECIFIC_PROCESSING_PROTEASES	0	0	2.95359173998466	1.03975778026108	1.32879117899083e-26	1	56	103	2.3165789419685e-09	1	0	-3.09377331019866	6.70932710455252
TGFB1	TGFBR1	R-HSA-9006936	REACTOME_SIGNALING_BY_TGFB_FAMILY_MEMBERS	0	0	2.95359173998466	1.03975778026108	1.32879117899083e-26	1	57	105	9.59754117160195e-11	1	0	-3.09377331019866	6.70932710455252
THBS2	ITGA4	R-HSA-1474244	REACTOME_EXTRACELLULAR_MATRIX_ORGANIZATION	0	0	5.03759609779263	12.7819632380897	2.59383863160653e-35	1	45	83	7.44375534656307e-17	1	0	6.12199869171095	-1.85525234637379
THBS2	ITGA4	R-HSA-8949275	REACTOME_RUNX3_REGULATES_IMMUNE_RESPONSE_AND_CELL_MIGRATION	0	0	5.03759609779263	12.7819632380897	2.59383863160653e-35	1	1	2	9.41750299877674e-20	1	0	6.12199869171095	-1.85525234637379
TLN1	ITGB5	R-HSA-1474244	REACTOME_EXTRACELLULAR_MATRIX_ORGANIZATION	0	0	1.60275952856363	2.57684153447841	5.91680476429989e-29	1	46	85	3.61698464146817e-16	1	0	-5.89653156592724	7.06105519464433
TLN1	ITGB5	R-HSA-9006936	REACTOME_SIGNALING_BY_TGFB_FAMILY_MEMBERS	0	0	1.60275952856363	2.57684153447841	5.91680476429989e-29	1	56	103	4.08739158211265e-11	1	0	-5.89653156592724	7.06105519464433
UBC	ADRB2	R-HSA-373076	REACTOME_CLASS_A_1_RHODOPSIN_LIKE_RECEPTORS	0	0	3.56054014633095	4.80213170757104	1.95045685643519e-28	1	30	55	1.93095008932176e-16	1	0	-6.14929019694352	-2.12757525941195
UBC	ADRB2	R-HSA-5688426	REACTOME_DEUBIQUITINATION	0	0	3.56054014633095	4.80213170757104	1.95045685643519e-28	1	79	145	8.42168300922683e-10	1	0	-6.14929019694352	-2.12757525941195
UBC	ADRB2	R-HSA-5689880	REACTOME_UB_SPECIFIC_PROCESSING_PROTEASES	0	0	3.56054014633095	4.80213170757104	1.95045685643519e-28	1	56	103	2.3165789419685e-09	1	0	-6.14929019694352	-2.12757525941195
UBC	ADRB2	R-HSA-8856828	REACTOME_CLATHRIN_MEDIATED_ENDOCYTOSIS	0	0	3.56054014633095	4.80213170757104	1.95045685643519e-28	1	48	88	6.43926250523066e-12	1	0	-6.14929019694352	-2.12757525941195
UBC	TGFBR1	R-HSA-5688426	REACTOME_DEUBIQUITINATION	0	0	3.56054014633095	1.03975778026108	2.88203962712749e-23	1	79	144	8.42168300922683e-10	1	0	-6.14929019694352	6.70932710455252
UBC	TGFBR1	R-HSA-5689880	REACTOME_UB_SPECIFIC_PROCESSING_PROTEASES	0	0	3.56054014633095	1.03975778026108	2.88203962712749e-23	1	56	103	2.3165789419685e-09	1	0	-6.14929019694352	6.70932710455252
UBC	TGFBR1	R-HSA-9006936	REACTOME_SIGNALING_BY_TGFB_FAMILY_MEMBERS	0	0	3.56054014633095	1.03975778026108	2.88203962712749e-23	1	57	105	9.59754117160195e-11	1	0	-6.14929019694352	6.70932710455252
UBC	TLR4	R-HSA-166166	REACTOME_MYD88_INDEPENDENT_TLR4_CASCADE	0	0	3.56054014633095	6.38102530703386	5.9117105564857e-31	1	41	76	9.59754117160195e-11	1	0	-6.14929019694352	6.25682664195776
UBC	TLR4	R-HSA-168138	REACTOME_TOLL_LIKE_RECEPTOR_9_TLR9_CASCADE	0	0	3.56054014633095	6.38102530703386	5.9117105564857e-31	1	38	70	1.06331593355233e-10	1	0	-6.14929019694352	6.25682664195776
UBC	TLR4	R-HSA-168179	REACTOME_TOLL_LIKE_RECEPTOR_TLR1_TLR2_CASCADE	0	0	3.56054014633095	6.38102530703386	5.9117105564857e-31	1	38	70	1.06331593355233e-10	1	0	-6.14929019694352	6.25682664195776
UBC	TLR4	R-HSA-168898	REACTOME_TOLL_LIKE_RECEPTOR_CASCADES	0	0	3.56054014633095	6.38102530703386	5.9117105564857e-31	1	51	93	8.81086030914185e-11	1	0	-6.14929019694352	6.25682664195776
UBC	TLR4	R-HSA-5357801	REACTOME_PROGRAMMED_CELL_DEATH	0	0	3.56054014633095	6.38102530703386	5.9117105564857e-31	1	56	102	1.74425202902316e-11	1	0	-6.14929019694352	6.25682664195776
UBC	TLR4	R-HSA-983169	REACTOME_CLASS_I_MHC_MEDIATED_ANTIGEN_PROCESSING_PRESENTATION	0	0	3.56054014633095	6.38102530703386	5.9117105564857e-31	1	90	164	4.7558627689879e-09	1	0	-6.14929019694352	6.25682664195776
UBC	TLR4	R-HSA-109581	REACTOME_APOPTOSIS	0	0	3.56054014633095	6.38102530703386	5.9117105564857e-31	1	45	83	1.24095704109751e-11	1	0	-6.14929019694352	6.25682664195776
VCAN	ITGA4	R-HSA-1474244	REACTOME_EXTRACELLULAR_MATRIX_ORGANIZATION	0	0	1.85907108912757	12.7819632380897	7.83163520774357e-32	1	45	83	7.44375534656307e-17	1	0	4.53741890610367	-1.85525234637379
VCAN	ITGA4	R-HSA-8949275	REACTOME_RUNX3_REGULATES_IMMUNE_RESPONSE_AND_CELL_MIGRATION	0	0	1.85907108912757	12.7819632380897	7.83163520774357e-32	1	1	2	9.41750299877674e-20	1	0	4.53741890610367	-1.85525234637379
VCAN	TLR2	R-HSA-168179	REACTOME_TOLL_LIKE_RECEPTOR_TLR1_TLR2_CASCADE	0	0	1.85907108912757	5.75479965189381	5.3300097506623e-28	1	39	71	9.59754117160195e-11	1	0	4.53741890610367	-6.31018049386903
VCAN	TLR2	R-HSA-168898	REACTOME_TOLL_LIKE_RECEPTOR_CASCADES	0	0	1.85907108912757	5.75479965189381	5.3300097506623e-28	1	51	94	8.81086030914185e-11	1	0	4.53741890610367	-6.31018049386903
VCAN	TLR2	R-HSA-9694516	REACTOME_SARS_COV_2_INFECTION	0	0	1.85907108912757	5.75479965189381	5.3300097506623e-28	1	77	141	3.83588880540267e-10	1	0	4.53741890610367	-6.31018049386903
VCAN	TLR2	R-HSA-9705671	REACTOME_SARS_COV_2_ACTIVATES_MODULATES_INNATE_AND_ADAPTIVE_IMMUNE_RESPONSES	0	0	1.85907108912757	5.75479965189381	5.3300097506623e-28	1	41	76	1.32456268907266e-09	1	0	4.53741890610367	-6.31018049386903
VCAN	TLR2	R-HSA-9705683	REACTOME_SARS_COV_2_HOST_INTERACTIONS	0	0	1.85907108912757	5.75479965189381	5.3300097506623e-28	1	64	117	7.10457207646193e-10	1	0	4.53741890610367	-6.31018049386903
VCAN	TLR2	R-HSA-983169	REACTOME_CLASS_I_MHC_MEDIATED_ANTIGEN_PROCESSING_PRESENTATION	0	0	1.85907108912757	5.75479965189381	5.3300097506623e-28	1	90	165	4.7558627689879e-09	1	0	4.53741890610367	-6.31018049386903
VEGFC	ITGA9	R-HSA-1474244	REACTOME_EXTRACELLULAR_MATRIX_ORGANIZATION	0	0	1.59843395257706	8.09059973976369	9.92078508138928e-29	1	45	83	1.13612919742986e-16	1	0	3.87675444694312	5.1239734120545
VEGFC	NRP2	R-HSA-194138	REACTOME_SIGNALING_BY_VEGF	0	0	1.59843395257706	1.19786259726062	2.621970319051e-22	1	34	62	6.21540687010773e-13	1	0	3.87675444694312	1.51802905588864
UBC	NOTCH1	R-HSA-157118	REACTOME_SIGNALING_BY_NOTCH	0	0	3.56054014633095	1.51536285566774	3.67683819302609e-24	1	51	93	4.8536293782786e-11	1	0	-6.14929019694352	-3.93900049718347
UBC	NOTCH1	R-HSA-3781865	REACTOME_DISEASES_OF_GLYCOSYLATION	0	0	3.56054014633095	1.51536285566774	3.67683819302609e-24	1	3	6	2.05521308926997e-17	1	0	-6.14929019694352	-3.93900049718347
UBC	NOTCH1	R-HSA-9711123	REACTOME_CELLULAR_RESPONSE_TO_CHEMICAL_STRESS	0	0	3.56054014633095	1.51536285566774	3.67683819302609e-24	1	53	98	4.63235779101934e-10	1	0	-6.14929019694352	-3.93900049718347
FYN	KIT	R-HSA-199418	REACTOME_NEGATIVE_REGULATION_OF_THE_PI3K_AKT_NETWORK	0	0	1.48425704472725	14.0899318619109	4.74969726623336e-27	1	26	49	9.44020698080359e-14	1	0	-4.20077016325016	4.46025008592032
FYN	KIT	R-HSA-5683057	REACTOME_MAPK_FAMILY_SIGNALING_CASCADES	0	0	1.48425704472725	14.0899318619109	4.74969726623336e-27	1	75	138	1.8853542965709e-12	1	0	-4.20077016325016	4.46025008592032
FYN	KIT	R-HSA-9006925	REACTOME_INTRACELLULAR_SIGNALING_BY_SECOND_MESSENGERS	0	0	1.48425704472725	14.0899318619109	4.74969726623336e-27	1	86	158	1.60159339581819e-11	1	0	-4.20077016325016	4.46025008592032
FYN	KIT	R-HSA-9730414	REACTOME_MITF_M_REGULATED_MELANOCYTE_DEVELOPMENT	0	0	1.48425704472725	14.0899318619109	4.74969726623336e-27	1	38	70	4.33136922944848e-11	1	0	-4.20077016325016	4.46025008592032
CAP1	ROBO1	R-HSA-376176	REACTOME_SIGNALING_BY_ROBO_RECEPTORS	0	0	6.16922785926843	8.15589643865118	6.4984703338158e-38	1	50	92	1.49737529779136e-08	1	0	3.8720347186902	-3.7193383191315
FYN	NRP1	R-HSA-194138	REACTOME_SIGNALING_BY_VEGF	0	0	1.48425704472725	1.3623135065631	2.52231556077407e-26	1	32	59	4.85548485527369e-12	1	0	-4.20077016325016	2.32253836071393
FYN	NRP1	R-HSA-9694516	REACTOME_SARS_COV_2_INFECTION	0	0	1.48425704472725	1.3623135065631	2.52231556077407e-26	1	77	141	3.83588880540267e-10	1	0	-4.20077016325016	2.32253836071393
FARP2	NRP1	R-HSA-194138	REACTOME_SIGNALING_BY_VEGF	0	0	1.41509133534125	1.3623135065631	9.09444005089805e-25	1	32	59	4.85548485527369e-12	1	0	3.11012663184584	2.32253836071393
FARP2	NRP1	R-HSA-9694516	REACTOME_SARS_COV_2_INFECTION	0	0	1.41509133534125	1.3623135065631	9.09444005089805e-25	1	77	141	3.83588880540267e-10	1	0	3.11012663184584	2.32253836071393
FYN	FLT3	R-HSA-199418	REACTOME_NEGATIVE_REGULATION_OF_THE_PI3K_AKT_NETWORK	0	0	1.48425704472725	8.46496856255924	6.72216504562034e-28	1	26	49	9.44020698080359e-14	1	0	-4.20077016325016	-5.71320510130856
FYN	FLT3	R-HSA-5683057	REACTOME_MAPK_FAMILY_SIGNALING_CASCADES	0	0	1.48425704472725	8.46496856255924	6.72216504562034e-28	1	75	138	1.8853542965709e-12	1	0	-4.20077016325016	-5.71320510130856
FYN	FLT3	R-HSA-9006925	REACTOME_INTRACELLULAR_SIGNALING_BY_SECOND_MESSENGERS	0	0	1.48425704472725	8.46496856255924	6.72216504562034e-28	1	86	158	1.60159339581819e-11	1	0	-4.20077016325016	-5.71320510130856
YWHAZ	CSF2RB	R-HSA-5683057	REACTOME_MAPK_FAMILY_SIGNALING_CASCADES	0	0	2.24541976754868	8.33268809747797	2.85375158074071e-34	1	76	139	1.58172413516378e-12	1	0	5.44331389382614	-3.85656652883
YWHAZ	CSF2RA	R-HSA-5683057	REACTOME_MAPK_FAMILY_SIGNALING_CASCADES	0	0	2.24541976754868	1.76575668197968	1.73572308660768e-25	1	76	139	1.47964933991412e-12	1	0	5.44331389382614	-6.31018049386903
ABCA1	RXRA	R-HSA-1852241	REACTOME_ORGANELLE_BIOGENESIS_AND_MAINTENANCE	0	0	5.33280661171401	2.10216678121164	8.68214137375383e-31	1	85	156	1.09883204252055e-10	1	0	-5.99112378359814	-5.32763144612348
ABCA1	RXRA	R-HSA-2990846	REACTOME_SUMOYLATION	0	0	5.33280661171401	2.10216678121164	8.68214137375383e-31	1	69	127	1.0948289153269e-09	1	0	-5.99112378359814	-5.32763144612348
ABCA1	RXRA	R-HSA-9006931	REACTOME_SIGNALING_BY_NUCLEAR_RECEPTORS	0	0	5.33280661171401	2.10216678121164	8.68214137375383e-31	1	73	134	1.81439571635255e-10	1	0	-5.99112378359814	-5.32763144612348
ABCA1	RXRA	R-HSA-9006936	REACTOME_SIGNALING_BY_TGFB_FAMILY_MEMBERS	0	0	5.33280661171401	2.10216678121164	8.68214137375383e-31	1	57	104	3.32609323427324e-11	1	0	-5.99112378359814	-5.32763144612348
ABCA1	RXRA	R-HSA-9711123	REACTOME_CELLULAR_RESPONSE_TO_CHEMICAL_STRESS	0	0	5.33280661171401	2.10216678121164	8.68214137375383e-31	1	56	103	4.63235779101934e-10	1	0	-5.99112378359814	-5.32763144612348
ITGAM	ITGB2	R-HSA-1474244	REACTOME_EXTRACELLULAR_MATRIX_ORGANIZATION	0	0	17.1759868604849	12.9570661393732	1.37796054800107e-44	1	46	85	1.13612919742986e-16	1	0	7.73094488772463	-3.48969294179493
ITGAM	ITGB2	R-HSA-168898	REACTOME_TOLL_LIKE_RECEPTOR_CASCADES	0	0	17.1759868604849	12.9570661393732	1.37796054800107e-44	1	52	95	2.64092631194663e-11	1	0	7.73094488772463	-3.48969294179493
ITGAM	ITGB2	R-HSA-6785807	REACTOME_INTERLEUKIN_4_AND_INTERLEUKIN_13_SIGNALING	0	0	17.1759868604849	12.9570661393732	1.37796054800107e-44	1	29	54	2.75752179990918e-14	1	0	7.73094488772463	-3.48969294179493
ITGB2	ITGAM	R-HSA-1474244	REACTOME_EXTRACELLULAR_MATRIX_ORGANIZATION	0	0	12.9570661393732	17.1759868604849	1.37796054800107e-44	1	45	83	1.13612919742986e-16	1	0	-3.48969294179493	7.73094488772463
ITGB2	ITGAM	R-HSA-168898	REACTOME_TOLL_LIKE_RECEPTOR_CASCADES	0	0	12.9570661393732	17.1759868604849	1.37796054800107e-44	1	52	95	2.64092631194663e-11	1	0	-3.48969294179493	7.73094488772463
ITGB2	ITGAM	R-HSA-6785807	REACTOME_INTERLEUKIN_4_AND_INTERLEUKIN_13_SIGNALING	0	0	12.9570661393732	17.1759868604849	1.37796054800107e-44	1	29	54	2.75752179990918e-14	1	0	-3.48969294179493	7.73094488772463
COL9A2	ITGA2	R-HSA-1474244	REACTOME_EXTRACELLULAR_MATRIX_ORGANIZATION	0	0	6.82126276261219	1.25765311660448	3.53515825543381e-27	1	45	82	4.94438289914793e-17	1	0	7.77652359002812	5.13588672337162
COL9A2	ITGA2	R-HSA-3000170	REACTOME_SYNDECAN_INTERACTIONS	0	0	6.82126276261219	1.25765311660448	3.53515825543381e-27	1	4	8	4.94438289914793e-17	1	0	7.77652359002812	5.13588672337162
COL9A2	ITGA11	R-HSA-1474244	REACTOME_EXTRACELLULAR_MATRIX_ORGANIZATION	0	0	6.82126276261219	6.76531779860934	8.12218572547355e-34	1	45	83	1.13612919742986e-16	1	0	7.77652359002812	4.65445933456908
ITGB2	ITGAL	R-HSA-1474244	REACTOME_EXTRACELLULAR_MATRIX_ORGANIZATION	0	0	12.9570661393732	11.5481931423672	8.31333657399598e-43	1	46	85	1.13612919742986e-16	1	0	-3.48969294179493	4.08496240843586
ITGB2	ITGAL	R-HSA-8878159	REACTOME_TRANSCRIPTIONAL_REGULATION_BY_RUNX3	0	0	12.9570661393732	11.5481931423672	8.31333657399598e-43	1	31	58	1.60159339581819e-11	1	0	-3.48969294179493	4.08496240843586
ITGB2	ITGAL	R-HSA-8949275	REACTOME_RUNX3_REGULATES_IMMUNE_RESPONSE_AND_CELL_MIGRATION	0	0	12.9570661393732	11.5481931423672	8.31333657399598e-43	1	1	3	1.10422561448414e-18	1	0	-3.48969294179493	4.08496240843586
NRP1	ROBO1	R-HSA-376176	REACTOME_SIGNALING_BY_ROBO_RECEPTORS	0	0	1.3623135065631	8.15589643865118	9.34481045526326e-31	1	50	92	1.49737529779136e-08	1	0	2.32253836071393	-3.7193383191315
VASP	ROBO1	R-HSA-376176	REACTOME_SIGNALING_BY_ROBO_RECEPTORS	0	0	1.87487152353974	8.15589643865118	1.74110326644125e-32	1	50	92	1.49737529779136e-08	1	0	5.44561507561647	-3.7193383191315
ICAM3	ITGAL	R-HSA-8878159	REACTOME_TRANSCRIPTIONAL_REGULATION_BY_RUNX3	4.44659081257122e-323	1.97626258336499e-322	5.84496954177593	11.5481931423672	2.74623748200338e-37	1	31	58	1.60159339581819e-11	1	0	-5.65486572670884	4.08496240843586
CALM3	INSR	R-HSA-199418	REACTOME_NEGATIVE_REGULATION_OF_THE_PI3K_AKT_NETWORK	2.27270197086973e-322	1.01283457397456e-321	1.16716372044699	1.22594635023173	9.6929355881386e-22	1	27	50	7.70588796051193e-14	1	0	4.91910786257586	8.89647865680447
ICAM2	ITGAL	R-HSA-8878159	REACTOME_TRANSCRIPTIONAL_REGULATION_BY_RUNX3	4.42831038367509e-320	1.96109476803766e-319	4.12486973332381	11.5481931423672	2.85348938422427e-34	1	31	58	1.60159339581819e-11	1	0	4.65501111715197	4.08496240843586
ICAM5	ITGAL	R-HSA-8878159	REACTOME_TRANSCRIPTIONAL_REGULATION_BY_RUNX3	2.18110220013077e-319	9.61338111708522e-319	2.65531851792524	11.5481931423672	1.40544056086755e-33	1	31	58	1.60159339581819e-11	1	0	-3.81862787208286	4.08496240843586
TGFB1	TGFBR1	R-HSA-170834	REACTOME_SIGNALING_BY_TGF_BETA_RECEPTOR_COMPLEX	1.3366580439657e-317	5.86364124216562e-317	2.95359173998466	1.03975778026108	1.32879117899083e-26	1	37	69	3.83880697331689e-10	1	0	-3.09377331019866	6.70932710455252
SPP1	ITGB5	R-HSA-170834	REACTOME_SIGNALING_BY_TGF_BETA_RECEPTOR_COMPLEX	4.61283155075565e-317	2.0140532199563e-316	5.32327069780505	2.57684153447841	6.95251493051319e-35	1	36	67	3.83880697331689e-10	1	0	7.30748082876017	7.06105519464433
FYN	FLT3	R-HSA-2219528	REACTOME_PI3K_AKT_SIGNALING_IN_CANCER	1.40590732242467e-316	6.10978415404496e-316	1.48425704472725	8.46496856255924	6.72216504562034e-28	1	29	54	2.03941245596591e-12	1	0	-4.20077016325016	-5.71320510130856
FYN	KIT	R-HSA-2219528	REACTOME_PI3K_AKT_SIGNALING_IN_CANCER	9.9337550207371e-316	4.29692658944616e-315	1.48425704472725	14.0899318619109	4.74969726623336e-27	1	29	54	2.03941245596591e-12	1	0	-4.20077016325016	4.46025008592032
TGFB1	ITGB5	R-HSA-170834	REACTOME_SIGNALING_BY_TGF_BETA_RECEPTOR_COMPLEX	1.21602329508804e-315	5.23565585206716e-315	2.95359173998466	2.57684153447841	1.83280484799567e-33	1	36	67	3.83880697331689e-10	1	0	-3.09377331019866	7.06105519464433
SPP1	ITGA4	R-HSA-8878159	REACTOME_TRANSCRIPTIONAL_REGULATION_BY_RUNX3	1.58725999810001e-314	6.80254284921179e-314	5.32327069780505	12.7819632380897	3.39322275329928e-39	1	31	57	1.60159339581819e-11	1	0	7.30748082876017	-1.85525234637379
UBC	TGFBR1	R-HSA-170834	REACTOME_SIGNALING_BY_TGF_BETA_RECEPTOR_COMPLEX	2.89910179215779e-314	1.23677278290932e-313	3.56054014633095	1.03975778026108	2.88203962712749e-23	1	37	69	3.83880697331689e-10	1	0	-6.14929019694352	6.70932710455252
ADAM28	ITGA4	R-HSA-8878159	REACTOME_TRANSCRIPTIONAL_REGULATION_BY_RUNX3	6.87643294962136e-313	2.9201290607996e-312	11.3302287682274	12.7819632380897	1.47003444760444e-37	1	31	57	1.60159339581819e-11	1	0	6.55370976303402	-1.85525234637379
IL16	CD4	R-HSA-8856825	REACTOME_CARGO_RECOGNITION_FOR_CLATHRIN_MEDIATED_ENDOCYTOSIS	1.36721056529614e-311	5.77957193511564e-311	7.2581482602989	11.2246017640495	3.67506403541848e-34	1	30	56	1.37125467659391e-11	1	0	4.55383547334455	-5.92611937037602
TLN1	ITGB5	R-HSA-170834	REACTOME_SIGNALING_BY_TGF_BETA_RECEPTOR_COMPLEX	3.92566204770261e-311	1.65197543183865e-310	1.60275952856363	2.57684153447841	5.91680476429989e-29	1	36	67	3.83880697331689e-10	1	0	-5.89653156592724	7.06105519464433
THBS2	ITGA4	R-HSA-8878159	REACTOME_TRANSCRIPTIONAL_REGULATION_BY_RUNX3	1.21332921561763e-310	5.08286563299279e-310	5.03759609779263	12.7819632380897	2.59383863160653e-35	1	31	57	1.60159339581819e-11	1	0	6.12199869171095	-1.85525234637379
SLPI	CD4	R-HSA-8856825	REACTOME_CARGO_RECOGNITION_FOR_CLATHRIN_MEDIATED_ENDOCYTOSIS	2.2954909974433e-310	9.57312389068281e-310	8.64910048461806	11.2246017640495	6.17028321932533e-33	1	30	56	1.37125467659391e-11	1	0	3.42762688145674	-5.92611937037602
TGFB1	CXCR4	R-HSA-376176	REACTOME_SIGNALING_BY_ROBO_RECEPTORS	3.13766356579864e-307	1.30269067687176e-306	2.95359173998466	1.54804598353712	3.35524066038888e-26	1	46	84	1.49737529779136e-08	1	0	-3.09377331019866	1.03607444617553
VCAN	ITGA4	R-HSA-8878159	REACTOME_TRANSCRIPTIONAL_REGULATION_BY_RUNX3	3.66343213792348e-307	1.51421861700837e-306	1.85907108912757	12.7819632380897	7.83163520774357e-32	1	31	57	1.60159339581819e-11	1	0	4.53741890610367	-1.85525234637379
SPP1	ITGA5	R-HSA-373760	REACTOME_L1CAM_INTERACTIONS	7.68787392754065e-305	3.16359413832425e-304	5.32327069780505	2.55548806645391	1.00375950995987e-34	1	26	49	1.47964933991412e-12	1	0	7.30748082876017	7.02263960712023
SPP1	ITGA9	R-HSA-373760	REACTOME_L1CAM_INTERACTIONS	8.81616256131535e-305	3.61190800970188e-304	5.32327069780505	8.09059973976369	1.15107337811187e-34	1	26	49	1.47964933991412e-12	1	0	7.30748082876017	5.1239734120545
IL1B	ADRB2	R-HSA-8856825	REACTOME_CARGO_RECOGNITION_FOR_CLATHRIN_MEDIATED_ENDOCYTOSIS	3.51522372623134e-303	1.43384125675226e-302	16.8871293288484	4.80213170757104	2.68736169603719e-36	1	30	55	1.37125467659391e-11	1	0	-6.31018049386903	-2.12757525941195
B2M	TFRC	R-HSA-8856825	REACTOME_CARGO_RECOGNITION_FOR_CLATHRIN_MEDIATED_ENDOCYTOSIS	3.83466450105995e-303	1.55730916418592e-302	2.64498857550919	1.61072018692503	1.03075838890181e-25	1	30	56	1.37125467659391e-11	1	0	-3.41500679605085	6.3040254268924
UBC	NOTCH1	R-HSA-9755511	REACTOME_KEAP1_NFE2L2_PATHWAY	5.67145772050039e-303	2.29324160002842e-302	3.56054014633095	1.51536285566774	3.67683819302609e-24	1	40	73	1.53395734875301e-09	1	0	-6.14929019694352	-3.93900049718347
ADAM17	NOTCH1	R-HSA-9755511	REACTOME_KEAP1_NFE2L2_PATHWAY	6.79275262559105e-303	2.73474456354964e-302	1.57180540051559	1.51536285566774	4.40378003688051e-24	1	40	73	1.53395734875301e-09	1	0	-5.26760817289518	-3.93900049718347
SPP1	ITGA5	R-HSA-418555	REACTOME_G_ALPHA_S_SIGNALLING_EVENTS	2.33845770185315e-302	9.37398992553201e-302	5.32327069780505	2.55548806645391	1.00375950995987e-34	1	24	44	4.67493080999693e-14	1	0	7.30748082876017	7.02263960712023
FYN	NRP1	R-HSA-376176	REACTOME_SIGNALING_BY_ROBO_RECEPTORS	1.01085903307545e-301	4.03475923073035e-301	1.48425704472725	1.3623135065631	2.52231556077407e-26	1	45	83	2.12173710900035e-08	1	0	-4.20077016325016	2.32253836071393
JAG1	NOTCH1	R-HSA-9755511	REACTOME_KEAP1_NFE2L2_PATHWAY	1.90420149705651e-301	7.56798030881433e-301	1.42200275372927	1.51536285566774	1.2345046259072e-22	1	40	73	1.53395734875301e-09	1	0	7.22526333693245	-3.93900049718347
ALOX5AP	ALOX5	R-HSA-446652	REACTOME_INTERLEUKIN_1_FAMILY_SIGNALING	2.96000723450676e-301	1.17140711833672e-300	16.6901374530266	10.6309469507678	6.65384715883628e-34	1	35	65	5.99749867220833e-10	1	0	-6.12945837369949	5.84430661794989
FABP5	RXRA	R-HSA-8957322	REACTOME_METABOLISM_OF_STEROIDS	4.54997855327134e-301	1.79300002311116e-300	12.4802691404467	2.10216678121164	2.51512024274717e-33	1	35	64	2.93942197517094e-10	1	0	-5.89742976660913	-5.32763144612348
FARP2	NRP1	R-HSA-376176	REACTOME_SIGNALING_BY_ROBO_RECEPTORS	3.64474493960312e-300	1.43021636870502e-299	1.41509133534125	1.3623135065631	9.09444005089805e-25	1	45	83	2.12173710900035e-08	1	0	3.11012663184584	2.32253836071393
ADAM17	ITGA5	R-HSA-373760	REACTOME_L1CAM_INTERACTIONS	5.26471491638391e-300	2.05722053455338e-299	1.57180540051559	2.55548806645391	6.87382196216429e-30	1	26	49	1.47964933991412e-12	1	0	-5.26760817289518	7.02263960712023
UBC	NOTCH1	R-HSA-8878159	REACTOME_TRANSCRIPTIONAL_REGULATION_BY_RUNX3	9.05225163891064e-300	3.52242427790247e-299	3.56054014633095	1.51536285566774	3.67683819302609e-24	1	30	56	1.60159339581819e-11	1	0	-6.14929019694352	-3.93900049718347
ADAM17	NOTCH1	R-HSA-8878159	REACTOME_TRANSCRIPTIONAL_REGULATION_BY_RUNX3	1.08419579441555e-299	4.20125870336025e-299	1.57180540051559	1.51536285566774	4.40378003688051e-24	1	30	56	1.60159339581819e-11	1	0	-5.26760817289518	-3.93900049718347
VEGFC	ITGA9	R-HSA-373760	REACTOME_L1CAM_INTERACTIONS	7.5984082054671e-299	2.93216582202672e-298	1.59843395257706	8.09059973976369	9.92078508138928e-29	1	26	49	1.47964933991412e-12	1	0	3.87675444694312	5.1239734120545
COL9A2	ITGA2	R-HSA-373760	REACTOME_L1CAM_INTERACTIONS	1.00986599091729e-298	3.88088996509537e-298	6.82126276261219	1.25765311660448	3.53515825543381e-27	1	27	50	1.25542399874068e-12	1	0	7.77652359002812	5.13588672337162
ABCA1	RXRA	R-HSA-8957322	REACTOME_METABOLISM_OF_STEROIDS	1.57064288122867e-298	6.01110238494923e-298	5.33280661171401	2.10216678121164	8.68214137375383e-31	1	35	64	2.93942197517094e-10	1	0	-5.99112378359814	-5.32763144612348
JAG1	NOTCH1	R-HSA-8878159	REACTOME_TRANSCRIPTIONAL_REGULATION_BY_RUNX3	3.03930875835305e-298	1.1584250595362e-297	1.42200275372927	1.51536285566774	1.2345046259072e-22	1	30	56	1.60159339581819e-11	1	0	7.22526333693245	-3.93900049718347
NTS	NGFR	R-HSA-73887	REACTOME_DEATH_RECEPTOR_SIGNALING	3.31614853094303e-298	1.25878291174572e-297	8.75457506671987	3.32092124366156	1.3130180752581e-26	1	35	65	4.37529195237698e-10	1	0	6.92268695516757	1.38075447202657
ARPC5	ADRB2	R-HSA-8856825	REACTOME_CARGO_RECOGNITION_FOR_CLATHRIN_MEDIATED_ENDOCYTOSIS	5.58626226305049e-298	2.11187963603128e-297	2.56575205019975	4.80213170757104	4.27065484273873e-31	1	30	55	1.37125467659391e-11	1	0	6.94088458308805	-2.12757525941195
COL6A3	ITGA2	R-HSA-373760	REACTOME_L1CAM_INTERACTIONS	8.9762214313282e-298	3.37971090329361e-297	7.52712334550539	1.25765311660448	3.1422350669259e-26	1	27	50	1.25542399874068e-12	1	0	4.51573287516013	5.13588672337162
ADAM17	ITGA5	R-HSA-418555	REACTOME_G_ALPHA_S_SIGNALLING_EVENTS	1.60139373516203e-297	6.00522650685761e-297	1.57180540051559	2.55548806645391	6.87382196216429e-30	1	24	44	4.67493080999693e-14	1	0	-5.26760817289518	7.02263960712023
ADAM15	ITGA5	R-HSA-373760	REACTOME_L1CAM_INTERACTIONS	1.80240493749222e-297	6.73187386292274e-297	1.01265127124354	2.55548806645391	2.3532918383655e-27	1	26	49	1.47964933991412e-12	1	0	5.90480276034764	7.02263960712023
ADAM15	ITGA9	R-HSA-373760	REACTOME_L1CAM_INTERACTIONS	2.06692969734119e-297	7.68897847410923e-297	1.01265127124354	8.09059973976369	2.69866592464841e-27	1	26	49	1.47964933991412e-12	1	0	5.90480276034764	5.1239734120545
CALM3	ABCA1	R-HSA-400206	REACTOME_REGULATION_OF_LIPID_METABOLISM_BY_PPARALPHA	2.02402724354967e-296	7.49938381076173e-296	1.16716372044699	5.33280661171401	3.88135498768571e-28	1	31	58	6.76854179659236e-11	1	0	4.91910786257586	-5.99112378359814
UBC	ADRB2	R-HSA-8856825	REACTOME_CARGO_RECOGNITION_FOR_CLATHRIN_MEDIATED_ENDOCYTOSIS	2.55130979534386e-295	9.41554805424519e-295	3.56054014633095	4.80213170757104	1.95045685643519e-28	1	30	55	1.37125467659391e-11	1	0	-6.14929019694352	-2.12757525941195
ADAM15	ITGA5	R-HSA-418555	REACTOME_G_ALPHA_S_SIGNALLING_EVENTS	5.48246205343945e-295	2.01529237537498e-294	1.01265127124354	2.55548806645391	2.3532918383655e-27	1	24	44	4.67493080999693e-14	1	0	5.90480276034764	7.02263960712023
ACTR2	ADRB2	R-HSA-8856825	REACTOME_CARGO_RECOGNITION_FOR_CLATHRIN_MEDIATED_ENDOCYTOSIS	3.63799416579352e-294	1.33202148590078e-293	1.44743574402206	4.80213170757104	2.78121875959279e-27	1	30	55	1.37125467659391e-11	1	0	5.06461475648988	-2.12757525941195
SDCBP	EPHB1	R-HSA-2682334	REACTOME_EPH_EPHRIN_SIGNALING	1.1355567642822e-293	4.14144231679391e-293	2.83255270597399	9.05934458394078	9.78998452292756e-32	1	26	49	3.24325886485022e-12	1	0	5.3383577386305	3.01771805248262
IL1B	ADRB2	R-HSA-418555	REACTOME_G_ALPHA_S_SIGNALLING_EVENTS	3.41947664276266e-291	1.24223174912862e-290	16.8871293288484	4.80213170757104	2.68736169603719e-36	1	23	42	4.67493080999693e-14	1	0	-6.31018049386903	-2.12757525941195
FYN	EPHB1	R-HSA-2682334	REACTOME_EPH_EPHRIN_SIGNALING	1.57831783901493e-290	5.71142253028748e-290	1.48425704472725	9.05934458394078	1.36071640821794e-28	1	26	49	3.24325886485022e-12	1	0	-4.20077016325016	3.01771805248262
COL7A1	ITGA2	R-HSA-373760	REACTOME_L1CAM_INTERACTIONS	2.10488726179687e-290	7.58738431577941e-290	1.35393245943373	1.25765311660448	7.36841288569357e-19	1	27	50	1.25542399874068e-12	1	0	2.308383588934	5.13588672337162
GNAS	ADCY1	R-HSA-418555	REACTOME_G_ALPHA_S_SIGNALLING_EVENTS	3.6561346677597e-289	1.31282055637704e-288	3.7253336135429	10.2014414560231	2.61579316977587e-36	1	22	41	6.11094097665404e-14	1	0	7.31617375403125	5.92201895166161
GNAS	ADCY8	R-HSA-418555	REACTOME_G_ALPHA_S_SIGNALLING_EVENTS	6.36107932528408e-287	2.27530914327469e-286	3.7253336135429	17.348369613788	4.5510544231885e-34	1	22	41	6.11094097665404e-14	1	0	7.31617375403125	5.45913134583374
ARPC5	ADRB2	R-HSA-418555	REACTOME_G_ALPHA_S_SIGNALLING_EVENTS	5.43410457385794e-286	1.9362901355126e-285	2.56575205019975	4.80213170757104	4.27065484273873e-31	1	23	42	4.67493080999693e-14	1	0	6.94088458308805	-2.12757525941195
GNAS	VIPR1	R-HSA-418555	REACTOME_G_ALPHA_S_SIGNALLING_EVENTS	6.89233952358531e-286	2.44651746447876e-285	3.7253336135429	7.08142398024462	4.93114622077583e-33	1	22	41	6.11094097665404e-14	1	0	7.31617375403125	-2.67095828582325
CALM3	PDE1B	R-HSA-418555	REACTOME_G_ALPHA_S_SIGNALLING_EVENTS	1.28710908434449e-285	4.55137432867063e-285	1.16716372044699	6.72778172365762	1.01153714829716e-30	1	23	42	4.67493080999693e-14	1	0	4.91910786257586	6.28622379810591
FYN	NRP1	R-HSA-373760	REACTOME_L1CAM_INTERACTIONS	3.33079040129767e-285	1.17334661863895e-284	1.48425704472725	1.3623135065631	2.52231556077407e-26	1	25	47	1.47964933991412e-12	1	0	-4.20077016325016	2.32253836071393
GNAS	ADCY9	R-HSA-418555	REACTOME_G_ALPHA_S_SIGNALLING_EVENTS	1.70289583853366e-284	5.97620048994833e-284	3.7253336135429	2.06150928024925	2.55494276052019e-29	1	22	41	4.67493080999693e-14	1	0	7.31617375403125	-5.68535622757741
CALM3	PLPP6	R-HSA-8957322	REACTOME_METABOLISM_OF_STEROIDS	2.89966485166364e-284	1.01379259851398e-283	1.16716372044699	2.22201917185365	6.03679503292285e-26	1	33	61	3.12304013512066e-10	1	0	4.91910786257586	6.0445088291542
GNAS	ADCY7	R-HSA-418555	REACTOME_G_ALPHA_S_SIGNALLING_EVENTS	2.98291351425299e-284	1.03899234766115e-283	3.7253336135429	1.27908574014702	4.47541952716321e-29	1	22	41	4.67493080999693e-14	1	0	7.31617375403125	6.20114159335363
FARP2	NRP1	R-HSA-373760	REACTOME_L1CAM_INTERACTIONS	1.20094702256098e-283	4.16746541411085e-283	1.41509133534125	1.3623135065631	9.09444005089805e-25	1	25	47	1.47964933991412e-12	1	0	3.11012663184584	2.32253836071393
UBC	ADRB2	R-HSA-418555	REACTOME_G_ALPHA_S_SIGNALLING_EVENTS	2.48181764037621e-283	8.58026173066867e-283	3.56054014633095	4.80213170757104	1.95045685643519e-28	1	23	42	4.67493080999693e-14	1	0	-6.14929019694352	-2.12757525941195
FABP5	RXRA	R-HSA-400206	REACTOME_REGULATION_OF_LIPID_METABOLISM_BY_PPARALPHA	4.54917958557701e-283	1.56693963503208e-282	12.4802691404467	2.10216678121164	2.51512024274717e-33	1	30	55	6.25717889073775e-11	1	0	-5.89742976660913	-5.32763144612348
ACTR2	ADRB2	R-HSA-418555	REACTOME_G_ALPHA_S_SIGNALLING_EVENTS	3.53890308136225e-282	1.21445751500623e-281	1.44743574402206	4.80213170757104	2.78121875959279e-27	1	23	42	4.67493080999693e-14	1	0	5.06461475648988	-2.12757525941195
CALM3	ADCY8	R-HSA-418555	REACTOME_G_ALPHA_S_SIGNALLING_EVENTS	4.09716884060092e-282	1.40087022858782e-281	1.16716372044699	17.348369613788	2.93133247064706e-29	1	22	41	6.11094097665404e-14	1	0	4.91910786257586	5.45913134583374
ABCA1	RXRA	R-HSA-400206	REACTOME_REGULATION_OF_LIPID_METABOLISM_BY_PPARALPHA	1.57036707928658e-280	5.34960213822902e-280	5.33280661171401	2.10216678121164	8.68214137375383e-31	1	30	55	6.25717889073775e-11	1	0	-5.99112378359814	-5.32763144612348
UBC	NOTCH1	R-HSA-9700206	REACTOME_SIGNALING_BY_ALK_IN_CANCER	7.97629963797676e-278	2.70728418369284e-277	3.56054014633095	1.51536285566774	3.67683819302609e-24	1	31	58	2.25219335459317e-10	1	0	-6.14929019694352	-3.93900049718347
FABP5	RXRA	R-HSA-8978868	REACTOME_FATTY_ACID_METABOLISM	8.52047750411889e-278	2.88147057412021e-277	12.4802691404467	2.10216678121164	2.51512024274717e-33	1	25	47	6.26081234417833e-12	1	0	-5.89742976660913	-5.32763144612348
ADAM17	NOTCH1	R-HSA-9700206	REACTOME_SIGNALING_BY_ALK_IN_CANCER	9.55328118069568e-278	3.21904039784311e-277	1.57180540051559	1.51536285566774	4.40378003688051e-24	1	31	58	2.25219335459317e-10	1	0	-5.26760817289518	-3.93900049718347
IL16	GRIN2D	R-HSA-442755	REACTOME_ACTIVATION_OF_NMDA_RECEPTORS_AND_POSTSYNAPTIC_EVENTS	2.77087827152219e-277	9.30294870944272e-277	7.2581482602989	5.03524915710015	3.23430036802397e-34	1	24	44	6.91053357000869e-13	1	0	4.55383547334455	-5.14265179748115
TGFB1	SDC2	R-HSA-1630316	REACTOME_GLYCOSAMINOGLYCAN_METABOLISM	4.47146158762254e-277	1.49584866060754e-276	2.95359173998466	6.90301337760225	8.25731285895557e-37	1	22	41	2.60152344607501e-13	1	0	-3.09377331019866	-3.92777998958391
JAG1	NOTCH1	R-HSA-9700206	REACTOME_SIGNALING_BY_ALK_IN_CANCER	2.678056058975e-276	8.92685352991668e-276	1.42200275372927	1.51536285566774	1.2345046259072e-22	1	31	58	2.25219335459317e-10	1	0	7.22526333693245	-3.93900049718347
ABCA1	RXRA	R-HSA-8978868	REACTOME_FATTY_ACID_METABOLISM	2.94125064103687e-275	9.76915391487247e-275	5.33280661171401	2.10216678121164	8.68214137375383e-31	1	25	47	6.26081234417833e-12	1	0	-5.99112378359814	-5.32763144612348
GNAS	ADCY1	R-HSA-442755	REACTOME_ACTIVATION_OF_NMDA_RECEPTORS_AND_POSTSYNAPTIC_EVENTS	7.89047759438119e-275	2.61143920383434e-274	3.7253336135429	10.2014414560231	2.61579316977587e-36	1	23	43	1.17327046954623e-12	1	0	7.31617375403125	5.92201895166161
GNAS	ADCY8	R-HSA-442755	REACTOME_ACTIVATION_OF_NMDA_RECEPTORS_AND_POSTSYNAPTIC_EVENTS	1.37281469238086e-272	4.52736760253263e-272	3.7253336135429	17.348369613788	4.5510544231885e-34	1	23	43	1.17327046954623e-12	1	0	7.31617375403125	5.45913134583374
ST6GAL1	CD22	R-HSA-983705	REACTOME_SIGNALING_BY_THE_B_CELL_RECEPTOR_BCR	2.1087587731592e-271	6.92984331815567e-271	4.09965517167486	17.3883354842851	1.34442270147273e-36	1	26	48	1.60159339581819e-11	1	0	6.64071150563042	-5.75852573120555
CALM3	ADCY8	R-HSA-442755	REACTOME_ACTIVATION_OF_NMDA_RECEPTORS_AND_POSTSYNAPTIC_EVENTS	8.84229435590448e-268	2.8955400531659e-267	1.16716372044699	17.348369613788	2.93133247064706e-29	1	23	43	1.17327046954623e-12	1	0	4.91910786257586	5.45913134583374
ALOX5AP	ALOX5	R-HSA-8978868	REACTOME_FATTY_ACID_METABOLISM	1.76189593270078e-267	5.74934462249727e-267	16.6901374530266	10.6309469507678	6.65384715883628e-34	1	25	46	6.26081234417833e-12	1	0	-6.12945837369949	5.84430661794989
FYN	FLT3	R-HSA-2219530	REACTOME_CONSTITUTIVE_SIGNALING_BY_ABERRANT_PI3K_IN_CANCER	1.00612569735647e-263	3.27166747741788e-263	1.48425704472725	8.46496856255924	6.72216504562034e-28	1	18	34	3.82115994858792e-15	1	0	-4.20077016325016	-5.71320510130856
FYN	KIT	R-HSA-2219530	REACTOME_CONSTITUTIVE_SIGNALING_BY_ABERRANT_PI3K_IN_CANCER	7.10900794876294e-263	2.30361581614966e-262	1.48425704472725	14.0899318619109	4.74969726623336e-27	1	18	34	3.82115994858792e-15	1	0	-4.20077016325016	4.46025008592032
ITGAM	ITGB2	R-HSA-202733	REACTOME_CELL_SURFACE_INTERACTIONS_AT_THE_VASCULAR_WALL	6.63057510305488e-262	2.14112321036147e-261	17.1759868604849	12.9570661393732	1.37796054800107e-44	1	18	34	4.62680633629856e-14	1	0	7.73094488772463	-3.48969294179493
FYN	TYROBP	R-HSA-1500931	REACTOME_CELL_CELL_COMMUNICATION	4.52633016517883e-261	1.45656991474613e-260	1.48425704472725	10.9601027395593	2.77369259504401e-33	1	20	38	2.8577383628457e-13	1	0	-4.20077016325016	-5.864730666438
B2M	TYROBP	R-HSA-1500931	REACTOME_CELL_CELL_COMMUNICATION	4.97362348255799e-261	1.59498959957894e-260	2.64498857550919	10.9601027395593	3.04778973708893e-33	1	20	38	2.8577383628457e-13	1	0	-3.41500679605085	-5.864730666438
MMP9	ITGB2	R-HSA-202733	REACTOME_CELL_SURFACE_INTERACTIONS_AT_THE_VASCULAR_WALL	1.1161480766806e-260	3.56707117289678e-260	12.9713882501639	12.9570661393732	2.31956955692207e-43	1	18	34	4.62680633629856e-14	1	0	-4.24676876708707	-3.48969294179493
PDGFA	PDGFRA	R-HSA-2219530	REACTOME_CONSTITUTIVE_SIGNALING_BY_ABERRANT_PI3K_IN_CANCER	1.91038000615937e-260	6.08442947167197e-260	1.83624093306308	1.13245821113078	6.56419017538382e-25	1	19	35	3.82115994858792e-15	1	0	4.81000362654467	3.99731112577433
SPP1	ITGA5	R-HSA-8878166	REACTOME_TRANSCRIPTIONAL_REGULATION_BY_RUNX2	7.86221513053436e-259	2.49551538272934e-258	5.32327069780505	2.55548806645391	1.00375950995987e-34	1	25	46	1.68705066662658e-11	1	0	7.30748082876017	7.02263960712023
GNAS	ADCY1	R-HSA-5358351	REACTOME_SIGNALING_BY_HEDGEHOG	3.29959841849763e-257	1.043750520137e-256	3.7253336135429	10.2014414560231	2.61579316977587e-36	1	24	44	7.85412193681264e-12	1	0	7.31617375403125	5.92201895166161
TGFB1	CXCR4	R-HSA-9758941	REACTOME_GASTRULATION	4.0631141972924e-257	1.28091396728201e-256	2.95359173998466	1.54804598353712	3.35524066038888e-26	1	22	40	1.82523328367756e-13	1	0	-3.09377331019866	1.03607444617553
C3	ITGB2	R-HSA-202733	REACTOME_CELL_SURFACE_INTERACTIONS_AT_THE_VASCULAR_WALL	8.22214518051087e-256	2.58330912766051e-255	4.13985953669678	12.9570661393732	1.70871930452325e-38	1	18	34	4.62680633629856e-14	1	0	6.43350458535656	-3.48969294179493
ICAM3	ITGB2	R-HSA-202733	REACTOME_CELL_SURFACE_INTERACTIONS_AT_THE_VASCULAR_WALL	2.43190583387442e-255	7.615058671728e-255	5.84496954177593	12.9570661393732	5.05396627509533e-38	1	18	34	4.62680633629856e-14	1	0	-5.65486572670884	-3.48969294179493
GNAS	ADCY8	R-HSA-5358351	REACTOME_SIGNALING_BY_HEDGEHOG	5.74076427401027e-255	1.79158079692267e-254	3.7253336135429	17.348369613788	4.5510544231885e-34	1	24	44	7.85412193681264e-12	1	0	7.31617375403125	5.45913134583374
CD22	PTPRC	R-HSA-373755	REACTOME_SEMAPHORIN_INTERACTIONS	1.3549719396053e-254	4.21446121683255e-254	17.3883354842851	19.0605640879253	8.91182887248831e-38	1	20	37	2.42751723985162e-13	1	0	-5.75852573120555	-2.67035052826682
SEMA7A	PLXNC1	R-HSA-373755	REACTOME_SEMAPHORIN_INTERACTIONS	3.26558981834927e-254	1.01233284368827e-253	9.6131847311334	5.79355025857165	2.14782142553788e-37	1	20	37	2.42751723985162e-13	1	0	5.61373209795946	-6.31018049386903
ADAM17	ITGA5	R-HSA-8878166	REACTOME_TRANSCRIPTIONAL_REGULATION_BY_RUNX2	5.38410510677884e-254	1.66352749146323e-253	1.57180540051559	2.55548806645391	6.87382196216429e-30	1	25	46	1.68705066662658e-11	1	0	-5.26760817289518	7.02263960712023
IL16	CD4	R-HSA-162909	REACTOME_HOST_INTERACTIONS_OF_HIV_FACTORS	1.27346396418825e-253	3.92159432680488e-253	7.2581482602989	11.2246017640495	3.67506403541848e-34	1	29	54	9.37077473396613e-10	1	0	4.55383547334455	-5.92611937037602
SLPI	CD4	R-HSA-162909	REACTOME_HOST_INTERACTIONS_OF_HIV_FACTORS	2.13809426255386e-252	6.56246753853164e-252	8.64910048461806	11.2246017640495	6.17028321932533e-33	1	29	54	9.37077473396613e-10	1	0	3.42762688145674	-5.92611937037602
ICAM2	ITGB2	R-HSA-202733	REACTOME_CELL_SURFACE_INTERACTIONS_AT_THE_VASCULAR_WALL	2.52688178858131e-252	7.73026336638363e-252	4.12486973332381	12.9570661393732	5.25134450633583e-35	1	18	34	4.62680633629856e-14	1	0	4.65501111715197	-3.48969294179493
MRC1	PTPRC	R-HSA-373755	REACTOME_SEMAPHORIN_INTERACTIONS	8.26998418640703e-252	2.52166730929788e-251	8.17343675542857	19.0605640879253	5.43927750038223e-35	1	20	37	2.42751723985162e-13	1	0	6.48744633095146	-2.67035052826682
ICAM5	ITGB2	R-HSA-202733	REACTOME_CELL_SURFACE_INTERACTIONS_AT_THE_VASCULAR_WALL	1.24457521300896e-251	3.78253251012526e-251	2.65531851792524	12.9570661393732	2.58646575280663e-34	1	18	34	4.62680633629856e-14	1	0	-3.81862787208286	-3.48969294179493
ADAM15	ITGA5	R-HSA-8878166	REACTOME_TRANSCRIPTIONAL_REGULATION_BY_RUNX2	1.84327884464078e-251	5.58387402448186e-251	1.01265127124354	2.55548806645391	2.3532918383655e-27	1	25	46	1.68705066662658e-11	1	0	5.90480276034764	7.02263960712023
GNAS	ADCY9	R-HSA-5358351	REACTOME_SIGNALING_BY_HEDGEHOG	3.22284085353993e-250	9.73130517464979e-250	3.7253336135429	2.06150928024925	2.55494276052019e-29	1	24	44	7.85412193681264e-12	1	0	7.31617375403125	-5.68535622757741
CALM3	ADCY8	R-HSA-5358351	REACTOME_SIGNALING_BY_HEDGEHOG	3.6976241455155e-250	1.11287717000952e-249	1.16716372044699	17.348369613788	2.93133247064706e-29	1	24	44	7.85412193681264e-12	1	0	4.91910786257586	5.45913134583374
GNAS	ADCY7	R-HSA-5358351	REACTOME_SIGNALING_BY_HEDGEHOG	5.64535734880231e-250	1.69360720464069e-249	3.7253336135429	1.27908574014702	4.47541952716321e-29	1	24	44	7.85412193681264e-12	1	0	7.31617375403125	6.20114159335363
ITGB2	ITGAM	R-HSA-202733	REACTOME_CELL_SURFACE_INTERACTIONS_AT_THE_VASCULAR_WALL	3.68901057028762e-249	1.10314463998955e-248	12.9570661393732	17.1759868604849	1.37796054800107e-44	1	17	32	4.62680633629856e-14	1	0	-3.48969294179493	7.73094488772463
MMP9	ITGAM	R-HSA-202733	REACTOME_CELL_SURFACE_INTERACTIONS_AT_THE_VASCULAR_WALL	5.59303692978217e-249	1.66715523868507e-248	12.9713882501639	17.1759868604849	2.08917380037542e-44	1	17	32	4.62680633629856e-14	1	0	-4.24676876708707	7.73094488772463
ITGB2	ITGAL	R-HSA-202733	REACTOME_CELL_SURFACE_INTERACTIONS_AT_THE_VASCULAR_WALL	4.32029595276735e-247	1.28366620960819e-246	12.9570661393732	11.5481931423672	8.31333657399598e-43	1	18	33	4.62680633629856e-14	1	0	-3.48969294179493	4.08496240843586
C3	ITGAM	R-HSA-202733	REACTOME_CELL_SURFACE_INTERACTIONS_AT_THE_VASCULAR_WALL	4.12013088562507e-244	1.22029354255774e-243	4.13985953669678	17.1759868604849	1.53899743706872e-39	1	17	32	4.62680633629856e-14	1	0	6.43350458535656	7.73094488772463
FYN	NRP1	R-HSA-373755	REACTOME_SEMAPHORIN_INTERACTIONS	1.96931305071153e-243	5.81416234019595e-243	1.48425704472725	1.3623135065631	2.52231556077407e-26	1	19	36	2.42751723985162e-13	1	0	-4.20077016325016	2.32253836071393
FARP2	NRP1	R-HSA-373755	REACTOME_SEMAPHORIN_INTERACTIONS	7.1005387904957e-242	2.08971553011424e-241	1.41509133534125	1.3623135065631	9.09444005089805e-25	1	19	36	2.42751723985162e-13	1	0	3.11012663184584	2.32253836071393
ICAM3	ITGAL	R-HSA-202733	REACTOME_CELL_SURFACE_INTERACTIONS_AT_THE_VASCULAR_WALL	1.42717169853911e-241	4.18697059823778e-241	5.84496954177593	11.5481931423672	2.74623748200338e-37	1	18	33	4.62680633629856e-14	1	0	-5.65486572670884	4.08496240843586
PTDSS1	JMJD6	R-HSA-3247509	REACTOME_CHROMATIN_MODIFYING_ENZYMES	1.80726304231211e-241	5.2853919161958e-241	1.08743472455887	1.26979156219321	3.73164761384753e-23	1	35	65	2.28984305264923e-08	1	0	4.73007593856739	4.08317421448979
TGFB1	SDC2	R-HSA-9820952	REACTOME_RESPIRATORY_SYNCYTIAL_VIRUS_INFECTION_PATHWAY	5.23225243375846e-241	1.52539020796093e-240	2.95359173998466	6.90301337760225	8.25731285895557e-37	1	23	42	1.60159339581819e-11	1	0	-3.09377331019866	-3.92777998958391
ICAM2	ITGAM	R-HSA-202733	REACTOME_CELL_SURFACE_INTERACTIONS_AT_THE_VASCULAR_WALL	1.26622474705689e-240	3.67996567113409e-240	4.12486973332381	17.1759868604849	4.72974450222569e-36	1	17	32	4.62680633629856e-14	1	0	4.65501111715197	7.73094488772463
SPP1	ITGA5	R-HSA-202733	REACTOME_CELL_SURFACE_INTERACTIONS_AT_THE_VASCULAR_WALL	2.68721731376143e-239	7.78539595575742e-239	5.32327069780505	2.55548806645391	1.00375950995987e-34	1	17	32	4.62680633629856e-14	1	0	7.30748082876017	7.02263960712023
FYN	SPN	R-HSA-202733	REACTOME_CELL_SURFACE_INTERACTIONS_AT_THE_VASCULAR_WALL	1.27043022247183e-238	3.66925499036894e-238	1.48425704472725	4.71250184107576	1.00815505135617e-32	1	17	31	5.11942025979211e-15	1	0	-4.20077016325016	6.82542190870628
ICAM2	ITGAL	R-HSA-202733	REACTOME_CELL_SURFACE_INTERACTIONS_AT_THE_VASCULAR_WALL	1.48290864061613e-238	4.26967503335293e-238	4.12486973332381	11.5481931423672	2.85348938422427e-34	1	18	33	4.62680633629856e-14	1	0	4.65501111715197	4.08496240843586
ICAM5	ITGAL	R-HSA-202733	REACTOME_CELL_SURFACE_INTERACTIONS_AT_THE_VASCULAR_WALL	7.30382935049693e-238	2.09646953579078e-237	2.65531851792524	11.5481931423672	1.40544056086755e-33	1	18	33	4.62680633629856e-14	1	0	-3.81862787208286	4.08496240843586
FYN	TYROBP	R-HSA-373755	REACTOME_SEMAPHORIN_INTERACTIONS	6.88406748805872e-237	1.96990238889065e-236	1.48425704472725	10.9601027395593	2.77369259504401e-33	1	19	35	2.85170894778001e-13	1	0	-4.20077016325016	-5.864730666438
B2M	TYROBP	R-HSA-373755	REACTOME_SEMAPHORIN_INTERACTIONS	7.56435312154699e-237	2.15792895798733e-236	2.64498857550919	10.9601027395593	3.04778973708893e-33	1	19	35	2.85170894778001e-13	1	0	-3.41500679605085	-5.864730666438
GNAS	ADCY1	R-HSA-163685	REACTOME_INTEGRATION_OF_ENERGY_METABOLISM	3.91859358209428e-235	1.11446239490755e-234	3.7253336135429	10.2014414560231	2.61579316977587e-36	1	20	37	2.42607211516611e-12	1	0	7.31617375403125	5.92201895166161
UBC	TLR4	R-HSA-9820952	REACTOME_RESPIRATORY_SYNCYTIAL_VIRUS_INFECTION_PATHWAY	1.20958130951646e-234	3.42960554222654e-234	3.56054014633095	6.38102530703386	5.9117105564857e-31	1	22	41	1.7540770341792e-11	1	0	-6.14929019694352	6.25682664195776
ADAM17	ITGA5	R-HSA-202733	REACTOME_CELL_SURFACE_INTERACTIONS_AT_THE_VASCULAR_WALL	1.84022698715751e-234	5.20185744090117e-234	1.57180540051559	2.55548806645391	6.87382196216429e-30	1	17	32	4.62680633629856e-14	1	0	-5.26760817289518	7.02263960712023
UBC	NOTCH1	R-HSA-9758941	REACTOME_GASTRULATION	1.9491379306643e-233	5.49302507732667e-233	3.56054014633095	1.51536285566774	3.67683819302609e-24	1	21	39	2.60048439755321e-12	1	0	-6.14929019694352	-3.93900049718347
ADAM17	NOTCH1	R-HSA-9758941	REACTOME_GASTRULATION	2.33449889757635e-233	6.55916608684594e-233	1.57180540051559	1.51536285566774	4.40378003688051e-24	1	21	39	2.60048439755321e-12	1	0	-5.26760817289518	-3.93900049718347
TYROBP	TREM2	R-HSA-373755	REACTOME_SEMAPHORIN_INTERACTIONS	3.94556432675923e-233	1.10523338068858e-232	10.9601027395593	19.3515299735117	4.86767437404339e-38	1	18	34	9.39730074935552e-13	1	0	-5.864730666438	6.33881759213504
GNAS	ADCY8	R-HSA-163685	REACTOME_INTEGRATION_OF_ENERGY_METABOLISM	6.81771512385908e-233	1.90404656612281e-232	3.7253336135429	17.348369613788	4.5510544231885e-34	1	20	37	2.42607211516611e-12	1	0	7.31617375403125	5.45913134583374
VCAN	TLR2	R-HSA-9820952	REACTOME_RESPIRATORY_SYNCYTIAL_VIRUS_INFECTION_PATHWAY	3.37736464225319e-232	9.40403927333973e-232	1.85907108912757	5.75479965189381	5.3300097506623e-28	1	23	42	1.60159339581819e-11	1	0	4.53741890610367	-6.31018049386903
ADAM15	ITGA5	R-HSA-202733	REACTOME_CELL_SURFACE_INTERACTIONS_AT_THE_VASCULAR_WALL	6.30012120397452e-232	1.74898887155114e-231	1.01265127124354	2.55548806645391	2.3532918383655e-27	1	17	32	4.62680633629856e-14	1	0	5.90480276034764	7.02263960712023
JAG1	NOTCH1	R-HSA-9758941	REACTOME_GASTRULATION	6.54426348295711e-232	1.8113586426042e-231	1.42200275372927	1.51536285566774	1.2345046259072e-22	1	21	39	2.60048439755321e-12	1	0	7.22526333693245	-3.93900049718347
SPP1	ITGA4	R-HSA-202733	REACTOME_CELL_SURFACE_INTERACTIONS_AT_THE_VASCULAR_WALL	9.81090806528789e-231	2.70746127617737e-230	5.32327069780505	12.7819632380897	3.39322275329928e-39	1	17	31	4.62680633629856e-14	1	0	7.30748082876017	-1.85525234637379
GNAS	ADCY7	R-HSA-163685	REACTOME_INTEGRATION_OF_ENERGY_METABOLISM	5.3188749603709e-230	1.46347742992454e-229	3.7253336135429	1.27908574014702	4.47541952716321e-29	1	20	37	1.85441220631623e-12	1	0	7.31617375403125	6.20114159335363
UBC	NOTCH1	R-HSA-9759194	REACTOME_NUCLEAR_EVENTS_MEDIATED_BY_NFE2L2	6.61633272663304e-230	1.81510012854535e-229	3.56054014633095	1.51536285566774	3.67683819302609e-24	1	29	53	1.48579948235328e-09	1	0	-6.14929019694352	-3.93900049718347
ADAM17	NOTCH1	R-HSA-9759194	REACTOME_NUCLEAR_EVENTS_MEDIATED_BY_NFE2L2	7.9244373696319e-230	2.16756669228167e-229	1.57180540051559	1.51536285566774	4.40378003688051e-24	1	29	53	1.48579948235328e-09	1	0	-5.26760817289518	-3.93900049718347
ADAM28	ITGA4	R-HSA-202733	REACTOME_CELL_SURFACE_INTERACTIONS_AT_THE_VASCULAR_WALL	4.25034660758135e-229	1.15918543843128e-228	11.3302287682274	12.7819632380897	1.47003444760444e-37	1	17	31	4.62680633629856e-14	1	0	6.55370976303402	-1.85525234637379
JAG1	NOTCH1	R-HSA-9759194	REACTOME_NUCLEAR_EVENTS_MEDIATED_BY_NFE2L2	2.22144487431126e-228	6.0407711494429e-228	1.42200275372927	1.51536285566774	1.2345046259072e-22	1	29	53	1.48579948235328e-09	1	0	7.22526333693245	-3.93900049718347
TGFB1	SDC2	R-HSA-202733	REACTOME_CELL_SURFACE_INTERACTIONS_AT_THE_VASCULAR_WALL	2.38745709360706e-228	6.47328016633985e-228	2.95359173998466	6.90301337760225	8.25731285895557e-37	1	17	31	4.62680633629856e-14	1	0	-3.09377331019866	-3.92777998958391
GNAS	ADCY9	R-HSA-163685	REACTOME_INTEGRATION_OF_ENERGY_METABOLISM	3.8274365189395e-228	1.03474301238771e-227	3.7253336135429	2.06150928024925	2.55494276052019e-29	1	20	37	2.42607211516611e-12	1	0	7.31617375403125	-5.68535622757741
CALM3	ADCY8	R-HSA-163685	REACTOME_INTEGRATION_OF_ENERGY_METABOLISM	4.39128778956417e-228	1.18373844762165e-227	1.16716372044699	17.348369613788	2.93133247064706e-29	1	20	37	2.42607211516611e-12	1	0	4.91910786257586	5.45913134583374
THBS2	ITGA4	R-HSA-202733	REACTOME_CELL_SURFACE_INTERACTIONS_AT_THE_VASCULAR_WALL	7.49962917292725e-227	2.01579628058449e-226	5.03759609779263	12.7819632380897	2.59383863160653e-35	1	17	31	4.62680633629856e-14	1	0	6.12199869171095	-1.85525234637379
FYN	TREM2	R-HSA-373755	REACTOME_SEMAPHORIN_INTERACTIONS	1.11285669518204e-226	2.98258422628038e-226	1.48425704472725	19.3515299735117	1.37294023579375e-31	1	18	34	9.39730074935552e-13	1	0	-4.20077016325016	6.33881759213504
B2M	TREM2	R-HSA-373755	REACTOME_SEMAPHORIN_INTERACTIONS	1.22282953074426e-226	3.26790650457519e-226	2.64498857550919	19.3515299735117	1.50861460558582e-31	1	18	34	9.39730074935552e-13	1	0	-3.41500679605085	6.33881759213504
VCAN	ITGA4	R-HSA-202733	REACTOME_CELL_SURFACE_INTERACTIONS_AT_THE_VASCULAR_WALL	2.26437987159363e-223	6.03402086126668e-223	1.85907108912757	12.7819632380897	7.83163520774357e-32	1	17	31	4.62680633629856e-14	1	0	4.53741890610367	-1.85525234637379
COL9A2	ITGA2	R-HSA-6806834	REACTOME_SIGNALING_BY_MET	9.81845140646287e-223	2.6089028022887e-222	6.82126276261219	1.25765311660448	3.53515825543381e-27	1	21	39	1.37125467659391e-11	1	0	7.77652359002812	5.13588672337162
COL6A3	ITGA2	R-HSA-6806834	REACTOME_SIGNALING_BY_MET	8.72715733867749e-222	2.31232373930771e-221	7.52712334550539	1.25765311660448	3.1422350669259e-26	1	21	39	1.37125467659391e-11	1	0	4.51573287516013	5.13588672337162
COL7A1	ITGA2	R-HSA-6806834	REACTOME_SIGNALING_BY_MET	2.04648274938569e-214	5.40690044582015e-214	1.35393245943373	1.25765311660448	7.36841288569357e-19	1	21	39	1.37125467659391e-11	1	0	2.308383588934	5.13588672337162
GNAS	ADCY1	R-HSA-111885	REACTOME_OPIOID_SIGNALLING	4.39565628612673e-213	1.15806242099089e-212	3.7253336135429	10.2014414560231	2.61579316977587e-36	1	18	33	2.42607211516611e-12	1	0	7.31617375403125	5.92201895166161
GNAS	ADCY8	R-HSA-111885	REACTOME_OPIOID_SIGNALLING	7.64772659204835e-211	2.00914851147033e-210	3.7253336135429	17.348369613788	4.5510544231885e-34	1	18	33	2.42607211516611e-12	1	0	7.31617375403125	5.45913134583374
GNAS	ADCY7	R-HSA-111885	REACTOME_OPIOID_SIGNALLING	1.54143947770992e-209	4.03813722329641e-209	3.7253336135429	1.27908574014702	4.47541952716321e-29	1	18	33	1.42681069955539e-12	1	0	7.31617375403125	6.20114159335363
GNAS	ADCY1	R-HSA-9662851	REACTOME_ANTI_INFLAMMATORY_RESPONSE_FAVOURING_LEISHMANIA_PARASITE_INFECTION	4.89256363050962e-209	1.27811353268931e-208	3.7253336135429	10.2014414560231	2.61579316977587e-36	1	17	31	8.30992305984145e-13	1	0	7.31617375403125	5.92201895166161
UBC	NOTCH1	R-HSA-1980143	REACTOME_SIGNALING_BY_NOTCH1	1.01616384612765e-208	2.64714951512245e-208	3.56054014633095	1.51536285566774	3.67683819302609e-24	1	21	39	5.1994096906715e-11	1	0	-6.14929019694352	-3.93900049718347
ADAM17	NOTCH1	R-HSA-1980143	REACTOME_SIGNALING_BY_NOTCH1	1.21706798745302e-208	3.16165706237796e-208	1.57180540051559	1.51536285566774	4.40378003688051e-24	1	21	39	5.1994096906715e-11	1	0	-5.26760817289518	-3.93900049718347
SPP1	ITGB5	R-HSA-397014	REACTOME_MUSCLE_CONTRACTION	6.9637361305621e-208	1.80397621209547e-207	5.32327069780505	2.57684153447841	6.95251493051319e-35	1	13	25	1.49344552578475e-14	1	0	7.30748082876017	7.06105519464433
CALM3	PDE1B	R-HSA-111885	REACTOME_OPIOID_SIGNALLING	1.69981697174631e-207	4.39119384367798e-207	1.16716372044699	6.72778172365762	1.01153714829716e-30	1	18	33	2.42607211516611e-12	1	0	4.91910786257586	6.28622379810591
JAG1	NOTCH1	R-HSA-1980143	REACTOME_SIGNALING_BY_NOTCH1	3.41178725542937e-207	8.78936882977649e-207	1.42200275372927	1.51536285566774	1.2345046259072e-22	1	21	39	5.1994096906715e-11	1	0	7.22526333693245	-3.93900049718347
GNAS	ADCY8	R-HSA-9662851	REACTOME_ANTI_INFLAMMATORY_RESPONSE_FAVOURING_LEISHMANIA_PARASITE_INFECTION	8.51226450494547e-207	2.18685248331472e-206	3.7253336135429	17.348369613788	4.5510544231885e-34	1	17	31	8.30992305984145e-13	1	0	7.31617375403125	5.45913134583374
TGFB1	ITGB5	R-HSA-397014	REACTOME_MUSCLE_CONTRACTION	1.83576295309224e-206	4.70319434263302e-206	2.95359173998466	2.57684153447841	1.83280484799567e-33	1	13	25	1.49344552578475e-14	1	0	-3.09377331019866	7.06105519464433
GNAS	ADCY9	R-HSA-111885	REACTOME_OPIOID_SIGNALLING	4.2934014568655e-206	1.09694048211124e-205	3.7253336135429	2.06150928024925	2.55494276052019e-29	1	18	33	2.42607211516611e-12	1	0	7.31617375403125	-5.68535622757741
SPP1	ITGB5	R-HSA-2173789	REACTOME_TGF_BETA_RECEPTOR_SIGNALING_ACTIVATES_SMADS	4.7489292409749e-206	1.21000114907032e-205	5.32327069780505	2.57684153447841	6.95251493051319e-35	1	19	35	2.30882220087559e-11	1	0	7.30748082876017	7.06105519464433
CALM3	ADCY8	R-HSA-111885	REACTOME_OPIOID_SIGNALLING	4.92589786922304e-206	1.25166257332717e-205	1.16716372044699	17.348369613788	2.93133247064706e-29	1	18	33	2.42607211516611e-12	1	0	4.91910786257586	5.45913134583374
GNAS	ADCY9	R-HSA-9662851	REACTOME_ANTI_INFLAMMATORY_RESPONSE_FAVOURING_LEISHMANIA_PARASITE_INFECTION	2.99622215472001e-205	7.59260655010793e-205	3.7253336135429	2.06150928024925	2.55494276052019e-29	1	17	31	5.08314663355948e-13	1	0	7.31617375403125	-5.68535622757741
GNAS	ADCY7	R-HSA-9662851	REACTOME_ANTI_INFLAMMATORY_RESPONSE_FAVOURING_LEISHMANIA_PARASITE_INFECTION	5.2483959117044e-205	1.32636092333834e-204	3.7253336135429	1.27908574014702	4.47541952716321e-29	1	17	31	5.08314663355948e-13	1	0	7.31617375403125	6.20114159335363
TGFB1	SDC2	R-HSA-3781865	REACTOME_DISEASES_OF_GLYCOSYLATION	9.25351022978974e-205	2.32588230100121e-204	2.95359173998466	6.90301337760225	8.25731285895557e-37	1	14	26	3.47784245895731e-14	1	0	-3.09377331019866	-3.92777998958391
TGFB1	SDC2	R-HSA-5668914	REACTOME_DISEASES_OF_METABOLISM	9.25351022978974e-205	2.32588230100121e-204	2.95359173998466	6.90301337760225	8.25731285895557e-37	1	14	26	3.47784245895731e-14	1	0	-3.09377331019866	-3.92777998958391
TGFB1	ITGB5	R-HSA-2173789	REACTOME_TGF_BETA_RECEPTOR_SIGNALING_ACTIVATES_SMADS	1.25190102037001e-204	3.13818854162833e-204	2.95359173998466	2.57684153447841	1.83280484799567e-33	1	19	35	2.30882220087559e-11	1	0	-3.09377331019866	7.06105519464433
CALM3	MYLK	R-HSA-397014	REACTOME_MUSCLE_CONTRACTION	2.03767252023186e-204	5.09418130057965e-204	1.16716372044699	6.78104553090517	1.01719453141206e-31	1	14	26	1.49344552578475e-14	1	0	4.91910786257586	1.72952571289275
FABP5	RXRA	R-HSA-400253	REACTOME_CIRCADIAN_CLOCK	2.49099228138722e-202	6.2107850447456e-202	12.4802691404467	2.10216678121164	2.51512024274717e-33	1	23	42	9.20982407466388e-10	1	0	-5.89742976660913	-5.32763144612348
CALM3	ADCY8	R-HSA-9662851	REACTOME_ANTI_INFLAMMATORY_RESPONSE_FAVOURING_LEISHMANIA_PARASITE_INFECTION	5.48274641914771e-202	1.36335672989502e-201	1.16716372044699	17.348369613788	2.93133247064706e-29	1	17	31	8.30992305984145e-13	1	0	4.91910786257586	5.45913134583374
TLN1	ITGB5	R-HSA-397014	REACTOME_MUSCLE_CONTRACTION	5.92635435183391e-202	1.46973587925481e-201	1.60275952856363	2.57684153447841	5.91680476429989e-29	1	13	25	1.49344552578475e-14	1	0	-5.89653156592724	7.06105519464433
TLN1	ITGB5	R-HSA-2173789	REACTOME_TGF_BETA_RECEPTOR_SIGNALING_ACTIVATES_SMADS	4.04148533863692e-200	9.99622703439452e-200	1.60275952856363	2.57684153447841	5.91680476429989e-29	1	19	35	2.30882220087559e-11	1	0	-5.89653156592724	7.06105519464433
ABCA1	RXRA	R-HSA-400253	REACTOME_CIRCADIAN_CLOCK	8.59885216633255e-200	2.12120225853827e-199	5.33280661171401	2.10216678121164	8.68214137375383e-31	1	23	42	9.20982407466388e-10	1	0	-5.99112378359814	-5.32763144612348
FABP5	RXRA	R-HSA-9843745	REACTOME_ADIPOGENESIS	3.0218124012446e-199	7.43461781258593e-199	12.4802691404467	2.10216678121164	2.51512024274717e-33	1	20	38	5.15439604075066e-10	1	0	-5.89742976660913	-5.32763144612348
CD22	PTPRC	R-HSA-202403	REACTOME_TCR_SIGNALING	2.54334342881977e-198	6.24092187019099e-198	17.3883354842851	19.0605640879253	8.91182887248831e-38	1	19	36	3.37010688402111e-10	1	0	-5.75852573120555	-2.67035052826682
ABCA1	RXRA	R-HSA-9843745	REACTOME_ADIPOGENESIS	1.04312318857216e-196	2.55290675097923e-196	5.33280661171401	2.10216678121164	8.68214137375383e-31	1	20	38	5.15439604075066e-10	1	0	-5.99112378359814	-5.32763144612348
MRC1	PTPRC	R-HSA-202403	REACTOME_TCR_SIGNALING	1.55231332267063e-195	3.78911126006216e-195	8.17343675542857	19.0605640879253	5.43927750038223e-35	1	19	36	3.37010688402111e-10	1	0	6.48744633095146	-2.67035052826682
SDCBP	EPHB1	R-HSA-3928662	REACTOME_EPHB_MEDIATED_FORWARD_SIGNALING	9.02384332989695e-193	2.1969042661791e-192	2.83255270597399	9.05934458394078	9.78998452292756e-32	1	15	28	9.00272792183886e-13	1	0	5.3383577386305	3.01771805248262
TGFB1	SDC2	R-HSA-196854	REACTOME_METABOLISM_OF_VITAMINS_AND_COFACTORS	1.54744160649131e-192	3.7574952846917e-192	2.95359173998466	6.90301337760225	8.25731285895557e-37	1	15	29	1.23654345122262e-11	1	0	-3.09377331019866	-3.92777998958391
GNAS	ADCY1	R-HSA-5610787	REACTOME_HEDGEHOG_OFF_STATE	8.46174146466473e-192	2.04932801097349e-191	3.7253336135429	10.2014414560231	2.61579316977587e-36	1	16	30	1.22446031927927e-11	1	0	7.31617375403125	5.92201895166161
FYN	EPHB1	R-HSA-3928662	REACTOME_EPHB_MEDIATED_FORWARD_SIGNALING	1.254229938303e-189	3.02969829252413e-189	1.48425704472725	9.05934458394078	1.36071640821794e-28	1	15	28	9.00272792183886e-13	1	0	-4.20077016325016	3.01771805248262
GNAS	ADCY8	R-HSA-5610787	REACTOME_HEDGEHOG_OFF_STATE	1.47220530910475e-189	3.54702315406068e-189	3.7253336135429	17.348369613788	4.5510544231885e-34	1	16	30	1.22446031927927e-11	1	0	7.31617375403125	5.45913134583374
TGFB1	TGFBR1	R-HSA-2173789	REACTOME_TGF_BETA_RECEPTOR_SIGNALING_ACTIVATES_SMADS	5.20750760600158e-188	1.251416556481e-187	2.95359173998466	1.03975778026108	1.32879117899083e-26	1	17	32	2.30882220087559e-11	1	0	-3.09377331019866	6.70932710455252
FGR	LRP8	R-HSA-196854	REACTOME_METABOLISM_OF_VITAMINS_AND_COFACTORS	6.3693377435042e-188	1.52667116016982e-187	9.16772830580626	1.04817310678606	2.17838610051444e-31	1	16	30	1.04316648233314e-11	1	0	-2.02706288773186	-1.56271997998783
FABP5	RXRA	R-HSA-1592230	REACTOME_MITOCHONDRIAL_BIOGENESIS	1.23034360583746e-187	2.94143844069111e-187	12.4802691404467	2.10216678121164	2.51512024274717e-33	1	22	41	5.16387080436936e-09	1	0	-5.89742976660913	-5.32763144612348
YWHAZ	CSF2RA	R-HSA-512988	REACTOME_INTERLEUKIN_3_INTERLEUKIN_5_AND_GM_CSF_SIGNALING	3.3268421463648e-186	7.93323896440838e-186	2.24541976754868	1.76575668197968	1.73572308660768e-25	1	14	27	9.96738728547659e-13	1	0	5.44331389382614	-6.31018049386903
IL16	CD4	R-HSA-202403	REACTOME_TCR_SIGNALING	1.55607121567905e-185	3.70114125468418e-185	7.2581482602989	11.2246017640495	3.67506403541848e-34	1	19	35	3.37010688402111e-10	1	0	4.55383547334455	-5.92611937037602
ABCA1	RXRA	R-HSA-1592230	REACTOME_MITOCHONDRIAL_BIOGENESIS	4.247119856388e-185	1.00760751694919e-184	5.33280661171401	2.10216678121164	8.68214137375383e-31	1	22	41	5.16387080436936e-09	1	0	-5.99112378359814	-5.32763144612348
GNAS	ADCY9	R-HSA-5610787	REACTOME_HEDGEHOG_OFF_STATE	8.26489851962993e-185	1.95581568021777e-184	3.7253336135429	2.06150928024925	2.55494276052019e-29	1	16	30	1.22446031927927e-11	1	0	7.31617375403125	-5.68535622757741
CALM3	ADCY8	R-HSA-5610787	REACTOME_HEDGEHOG_OFF_STATE	9.48246895060041e-185	2.23824774722294e-184	1.16716372044699	17.348369613788	2.93133247064706e-29	1	16	30	1.22446031927927e-11	1	0	4.91910786257586	5.45913134583374
UBC	TGFBR1	R-HSA-2173789	REACTOME_TGF_BETA_RECEPTOR_SIGNALING_ACTIVATES_SMADS	1.12946590226936e-184	2.65924883319115e-184	3.56054014633095	1.03975778026108	2.88203962712749e-23	1	17	32	2.30882220087559e-11	1	0	-6.14929019694352	6.70932710455252
GNAS	ADCY7	R-HSA-5610787	REACTOME_HEDGEHOG_OFF_STATE	1.44773843063486e-184	3.3999917689152e-184	3.7253336135429	1.27908574014702	4.47541952716321e-29	1	16	30	1.22446031927927e-11	1	0	7.31617375403125	6.20114159335363
SLPI	CD4	R-HSA-202403	REACTOME_TCR_SIGNALING	2.6125803571437e-184	6.12015045880011e-184	8.64910048461806	11.2246017640495	6.17028321932533e-33	1	19	35	3.37010688402111e-10	1	0	3.42762688145674	-5.92611937037602
GNAS	ADCY1	R-HSA-112040	REACTOME_G_PROTEIN_MEDIATED_EVENTS	1.87724946319524e-183	4.38653769038084e-183	3.7253336135429	10.2014414560231	2.61579316977587e-36	1	14	26	1.3850043218345e-12	1	0	7.31617375403125	5.92201895166161
COL9A2	ITGA2	R-HSA-3000171	REACTOME_NON_INTEGRIN_MEMBRANE_ECM_INTERACTIONS	4.40117484724857e-182	1.02583774635117e-181	6.82126276261219	1.25765311660448	3.53515825543381e-27	1	9	18	1.13612919742986e-16	1	0	7.77652359002812	5.13588672337162
GNAS	ADCY8	R-HSA-112040	REACTOME_G_PROTEIN_MEDIATED_EVENTS	3.26610856378793e-181	7.59370241080693e-181	3.7253336135429	17.348369613788	4.5510544231885e-34	1	14	26	1.3850043218345e-12	1	0	7.31617375403125	5.45913134583374
COL6A3	ITGA2	R-HSA-3000171	REACTOME_NON_INTEGRIN_MEMBRANE_ECM_INTERACTIONS	3.9119962789331e-181	9.07270957458299e-181	7.52712334550539	1.25765311660448	3.1422350669259e-26	1	9	18	1.13612919742986e-16	1	0	4.51573287516013	5.13588672337162
B2M	TFRC	R-HSA-199992	REACTOME_TRANS_GOLGI_NETWORK_VESICLE_BUDDING	3.53061369865739e-180	8.16783766107307e-180	2.64498857550919	1.61072018692503	1.03075838890181e-25	1	17	31	1.37125467659391e-11	1	0	-3.41500679605085	6.3040254268924
GNAS	ADCY9	R-HSA-112040	REACTOME_G_PROTEIN_MEDIATED_EVENTS	2.40729005079886e-179	5.55528473261276e-179	3.7253336135429	2.06150928024925	2.55494276052019e-29	1	14	26	8.31290234174632e-13	1	0	7.31617375403125	-5.68535622757741
GNAS	ADCY7	R-HSA-112040	REACTOME_G_PROTEIN_MEDIATED_EVENTS	4.21678053511359e-179	9.70694529122682e-179	3.7253336135429	1.27908574014702	4.47541952716321e-29	1	14	26	8.31290234174632e-13	1	0	7.31617375403125	6.20114159335363
YWHAZ	CSF2RB	R-HSA-512988	REACTOME_INTERLEUKIN_3_INTERLEUKIN_5_AND_GM_CSF_SIGNALING	4.1826771869397e-178	9.60466613297265e-178	2.24541976754868	8.33268809747797	2.85375158074071e-34	1	14	27	1.60159339581819e-11	1	0	5.44331389382614	-3.85656652883
CALM3	PDE1B	R-HSA-112040	REACTOME_G_PROTEIN_MEDIATED_EVENTS	7.25939493452225e-178	1.66286632736594e-177	1.16716372044699	6.72778172365762	1.01153714829716e-30	1	14	26	1.3850043218345e-12	1	0	4.91910786257586	6.28622379810591
NTS	NGFR	R-HSA-193704	REACTOME_P75_NTR_RECEPTOR_MEDIATED_SIGNALLING	2.61598409363044e-177	5.97755579134228e-177	8.75457506671987	3.32092124366156	1.3130180752581e-26	1	18	34	3.83880697331689e-10	1	0	6.92268695516757	1.38075447202657
CALM3	ADCY8	R-HSA-112040	REACTOME_G_PROTEIN_MEDIATED_EVENTS	2.10369931787859e-176	4.7951969745762e-176	1.16716372044699	17.348369613788	2.93133247064706e-29	1	14	26	1.3850043218345e-12	1	0	4.91910786257586	5.45913134583374
FABP5	RXRA	R-HSA-1655829	REACTOME_REGULATION_OF_CHOLESTEROL_BIOSYNTHESIS_BY_SREBP_SREBF	5.32436864734252e-176	1.21067551149842e-175	12.4802691404467	2.10216678121164	2.51512024274717e-33	1	19	35	1.0948289153269e-09	1	0	-5.89742976660913	-5.32763144612348
UBC	NOTCH1	R-HSA-8986944	REACTOME_TRANSCRIPTIONAL_REGULATION_BY_MECP2	6.3117022904925e-176	1.43167881223366e-175	3.56054014633095	1.51536285566774	3.67683819302609e-24	1	15	28	4.13546126135151e-12	1	0	-6.14929019694352	-3.93900049718347
ADAM17	NOTCH1	R-HSA-8986944	REACTOME_TRANSCRIPTIONAL_REGULATION_BY_MECP2	7.55957893342265e-176	1.7105616564679e-175	1.57180540051559	1.51536285566774	4.40378003688051e-24	1	15	28	4.13546126135151e-12	1	0	-5.26760817289518	-3.93900049718347
GNAS	ADCY1	R-HSA-9664323	REACTOME_FCGR3A_MEDIATED_IL10_SYNTHESIS	7.67113379124666e-175	1.73159088006296e-174	3.7253336135429	10.2014414560231	2.61579316977587e-36	1	13	24	8.30992305984145e-13	1	0	7.31617375403125	5.92201895166161
JAG1	NOTCH1	R-HSA-8986944	REACTOME_TRANSCRIPTIONAL_REGULATION_BY_MECP2	2.11916469148436e-174	4.77196891787035e-174	1.42200275372927	1.51536285566774	1.2345046259072e-22	1	15	28	4.13546126135151e-12	1	0	7.22526333693245	-3.93900049718347
COL7A1	ITGA2	R-HSA-3000171	REACTOME_NON_INTEGRIN_MEMBRANE_ECM_INTERACTIONS	9.173471486548e-174	2.0607073629202e-173	1.35393245943373	1.25765311660448	7.36841288569357e-19	1	9	18	1.13612919742986e-16	1	0	2.308383588934	5.13588672337162
ABCA1	RXRA	R-HSA-1655829	REACTOME_REGULATION_OF_CHOLESTEROL_BIOSYNTHESIS_BY_SREBP_SREBF	1.83796068818238e-173	4.11880346990268e-173	5.33280661171401	2.10216678121164	8.68214137375383e-31	1	19	35	1.0948289153269e-09	1	0	-5.99112378359814	-5.32763144612348
FABP5	RXRA	R-HSA-5617472	REACTOME_ACTIVATION_OF_ANTERIOR_HOX_GENES_IN_HINDBRAIN_DEVELOPMENT_DURING_EARLY_EMBRYOGENESIS	2.37696359831118e-173	5.31388496737835e-173	12.4802691404467	2.10216678121164	2.51512024274717e-33	1	22	40	1.10947828919069e-08	1	0	-5.89742976660913	-5.32763144612348
GNAS	ADCY8	R-HSA-9664323	REACTOME_FCGR3A_MEDIATED_IL10_SYNTHESIS	1.33465244022008e-172	2.97656299617428e-172	3.7253336135429	17.348369613788	4.5510544231885e-34	1	13	24	8.30992305984145e-13	1	0	7.31617375403125	5.45913134583374
IL16	CD4	R-HSA-388841	REACTOME_COSTIMULATION_BY_THE_CD28_FAMILY	1.68925207210876e-171	3.758383796797e-171	7.2581482602989	11.2246017640495	3.67506403541848e-34	1	10	19	5.84779559540484e-15	1	0	4.55383547334455	-5.92611937037602
ABCA1	RXRA	R-HSA-5617472	REACTOME_ACTIVATION_OF_ANTERIOR_HOX_GENES_IN_HINDBRAIN_DEVELOPMENT_DURING_EARLY_EMBRYOGENESIS	8.20522758715626e-171	1.82120803247144e-170	5.33280661171401	2.10216678121164	8.68214137375383e-31	1	22	40	1.10947828919069e-08	1	0	-5.99112378359814	-5.32763144612348
GNAS	ADCY9	R-HSA-9664323	REACTOME_FCGR3A_MEDIATED_IL10_SYNTHESIS	2.05326561668324e-170	4.54651672265575e-170	3.7253336135429	2.06150928024925	2.55494276052019e-29	1	13	24	5.08314663355948e-13	1	0	7.31617375403125	-5.68535622757741
SLPI	CD4	R-HSA-388841	REACTOME_COSTIMULATION_BY_THE_CD28_FAMILY	2.83618560473772e-170	6.26520810547763e-170	8.64910048461806	11.2246017640495	6.17028321932533e-33	1	10	19	5.84779559540484e-15	1	0	3.42762688145674	-5.92611937037602
GNAS	ADCY7	R-HSA-9664323	REACTOME_FCGR3A_MEDIATED_IL10_SYNTHESIS	3.59664614697122e-170	7.92625809640578e-170	3.7253336135429	1.27908574014702	4.47541952716321e-29	1	13	24	5.08314663355948e-13	1	0	7.31617375403125	6.20114159335363
COL9A2	ITGA2	R-HSA-3000178	REACTOME_ECM_PROTEOGLYCANS	4.83914292042482e-170	1.06392503924234e-169	6.82126276261219	1.25765311660448	3.53515825543381e-27	1	9	18	1.72424719251636e-15	1	0	7.77652359002812	5.13588672337162
FYN	KIT	R-HSA-1433557	REACTOME_SIGNALING_BY_SCF_KIT	3.28636873527987e-169	7.20830878257141e-169	1.48425704472725	14.0899318619109	4.74969726623336e-27	1	16	30	9.47601588364181e-11	1	0	-4.20077016325016	4.46025008592032
COL6A3	ITGA2	R-HSA-3000178	REACTOME_ECM_PROTEOGLYCANS	4.30128539650316e-169	9.41222451470104e-169	7.52712334550539	1.25765311660448	3.1422350669259e-26	1	9	18	1.72424719251636e-15	1	0	4.51573287516013	5.13588672337162
TGFB1	CXCR4	R-HSA-375276	REACTOME_PEPTIDE_LIGAND_BINDING_RECEPTORS	2.56105819875464e-168	5.59104254657703e-168	2.95359173998466	1.54804598353712	3.35524066038888e-26	1	9	18	2.08770972532599e-15	1	0	-3.09377331019866	1.03607444617553
CALM3	ADCY8	R-HSA-9664323	REACTOME_FCGR3A_MEDIATED_IL10_SYNTHESIS	8.59649143089014e-168	1.87230375426881e-167	1.16716372044699	17.348369613788	2.93133247064706e-29	1	13	24	8.30992305984145e-13	1	0	4.91910786257586	5.45913134583374
TGFB1	SDC2	R-HSA-1638091	REACTOME_HEPARAN_SULFATE_HEPARIN_HS_GAG_METABOLISM	9.2777331556129e-167	2.01595603614953e-166	2.95359173998466	6.90301337760225	8.25731285895557e-37	1	9	18	3.47784245895731e-14	1	0	-3.09377331019866	-3.92777998958391
FYN	TYROBP	R-HSA-2172127	REACTOME_DAP12_INTERACTIONS	1.6878215169063e-164	3.65891377790876e-164	1.48425704472725	10.9601027395593	2.77369259504401e-33	1	10	19	2.40595303369382e-14	1	0	-4.20077016325016	-5.864730666438
B2M	TYROBP	R-HSA-2172127	REACTOME_DAP12_INTERACTIONS	1.85461255023586e-164	4.01113877144034e-164	2.64498857550919	10.9601027395593	3.04778973708893e-33	1	10	19	2.40595303369382e-14	1	0	-3.41500679605085	-5.864730666438
FYN	FLT3	R-HSA-9607240	REACTOME_FLT3_SIGNALING	3.40064820853421e-163	7.33782560078147e-163	1.48425704472725	8.46496856255924	6.72216504562034e-28	1	13	25	1.1912511955074e-11	1	0	-4.20077016325016	-5.71320510130856
COL7A1	ITGA2	R-HSA-3000178	REACTOME_ECM_PROTEOGLYCANS	1.00863385665306e-161	2.171364552517e-161	1.35393245943373	1.25765311660448	7.36841288569357e-19	1	9	18	1.72424719251636e-15	1	0	2.308383588934	5.13588672337162
UBC	NOTCH1	R-HSA-2122947	REACTOME_NOTCH1_INTRACELLULAR_DOMAIN_REGULATES_TRANSCRIPTION	1.3357252512981e-161	2.8688787152592e-161	3.56054014633095	1.51536285566774	3.67683819302609e-24	1	16	30	1.95571486543344e-10	1	0	-6.14929019694352	-3.93900049718347
ADAM17	NOTCH1	R-HSA-2122947	REACTOME_NOTCH1_INTRACELLULAR_DOMAIN_REGULATES_TRANSCRIPTION	1.59980937088303e-161	3.42816293760649e-161	1.57180540051559	1.51536285566774	4.40378003688051e-24	1	16	30	1.95571486543344e-10	1	0	-5.26760817289518	-3.93900049718347
SPP1	ITGB5	R-HSA-445355	REACTOME_SMOOTH_MUSCLE_CONTRACTION	3.00758116315525e-160	6.43000110743537e-160	5.32327069780505	2.57684153447841	6.95251493051319e-35	1	11	20	8.64498410229939e-14	1	0	7.30748082876017	7.06105519464433
JAG1	NOTCH1	R-HSA-2122947	REACTOME_NOTCH1_INTRACELLULAR_DOMAIN_REGULATES_TRANSCRIPTION	4.48472006409246e-160	9.56603132937154e-160	1.42200275372927	1.51536285566774	1.2345046259072e-22	1	16	30	1.95571486543344e-10	1	0	7.22526333693245	-3.93900049718347
FABP5	RXRA	R-HSA-9616222	REACTOME_TRANSCRIPTIONAL_REGULATION_OF_GRANULOPOIESIS	6.89883641798869e-160	1.46817342533855e-159	12.4802691404467	2.10216678121164	2.51512024274717e-33	1	12	22	9.17671307095718e-13	1	0	-5.89742976660913	-5.32763144612348
FABP5	RXRA	R-HSA-9024446	REACTOME_NR1H2_AND_NR1H3_MEDIATED_SIGNALING	2.82701028174669e-159	6.00255607768133e-159	12.4802691404467	2.10216678121164	2.51512024274717e-33	1	16	30	1.14114418632599e-09	1	0	-5.89742976660913	-5.32763144612348
RPS19	C5AR1	R-HSA-375276	REACTOME_PEPTIDE_LIGAND_BINDING_RECEPTORS	3.28988749262879e-159	6.96946553108149e-159	6.83304512817193	16.0024771656886	7.24659524077717e-41	1	9	17	2.30535207315032e-14	1	0	-1.74920968611789	5.20519310771212
TGFB1	ITGB5	R-HSA-445355	REACTOME_SMOOTH_MUSCLE_CONTRACTION	7.92851132527451e-159	1.67579898466029e-158	2.95359173998466	2.57684153447841	1.83280484799567e-33	1	11	20	8.64498410229939e-14	1	0	-3.09377331019866	7.06105519464433
SPP1	ITGB5	R-HSA-3000171	REACTOME_NON_INTEGRIN_MEMBRANE_ECM_INTERACTIONS	1.03269558399037e-158	2.17779340841507e-158	5.32327069780505	2.57684153447841	6.95251493051319e-35	1	8	15	1.13612919742986e-16	1	0	7.30748082876017	7.06105519464433
CALM3	MYLK	R-HSA-445355	REACTOME_SMOOTH_MUSCLE_CONTRACTION	1.80998054540719e-158	3.80833010685223e-158	1.16716372044699	6.78104553090517	1.01719453141206e-31	1	11	21	9.39730074935552e-13	1	0	4.91910786257586	1.72952571289275
UBC	NOTCH1	R-HSA-9012852	REACTOME_SIGNALING_BY_NOTCH3	1.74471230963793e-157	3.6627143294882e-157	3.56054014633095	1.51536285566774	3.67683819302609e-24	1	14	26	1.60159339581819e-11	1	0	-6.14929019694352	-3.93900049718347
ADAM17	NOTCH1	R-HSA-9012852	REACTOME_SIGNALING_BY_NOTCH3	2.08965661144846e-157	4.37698344289881e-157	1.57180540051559	1.51536285566774	4.40378003688051e-24	1	14	26	1.60159339581819e-11	1	0	-5.26760817289518	-3.93900049718347
ABCA1	RXRA	R-HSA-9616222	REACTOME_TRANSCRIPTIONAL_REGULATION_OF_GRANULOPOIESIS	2.38146360072059e-157	4.97699134532617e-157	5.33280661171401	2.10216678121164	8.68214137375383e-31	1	12	22	9.17671307095718e-13	1	0	-5.99112378359814	-5.32763144612348
TGFB1	ITGB5	R-HSA-3000171	REACTOME_NON_INTEGRIN_MEMBRANE_ECM_INTERACTIONS	2.72236664251444e-157	5.67668380613997e-157	2.95359173998466	2.57684153447841	1.83280484799567e-33	1	8	15	1.13612919742986e-16	1	0	-3.09377331019866	7.06105519464433
C5	C5AR1	R-HSA-375276	REACTOME_PEPTIDE_LIGAND_BINDING_RECEPTORS	2.97462092245839e-157	6.18880863061812e-157	9.29232911290068	16.0024771656886	6.55216139399919e-39	1	9	17	2.30535207315032e-14	1	0	6.74818281693681	5.20519310771212
ABCA1	RXRA	R-HSA-9024446	REACTOME_NR1H2_AND_NR1H3_MEDIATED_SIGNALING	9.75877912873516e-157	2.02581798877761e-156	5.33280661171401	2.10216678121164	8.68214137375383e-31	1	16	30	1.14114418632599e-09	1	0	-5.99112378359814	-5.32763144612348
FABP5	RXRA	R-HSA-9839373	REACTOME_SIGNALING_BY_TGFBR3	5.06010142623019e-156	1.04808336890737e-155	12.4802691404467	2.10216678121164	2.51512024274717e-33	1	14	26	1.05206249102733e-10	1	0	-5.89742976660913	-5.32763144612348
JAG1	NOTCH1	R-HSA-9012852	REACTOME_SIGNALING_BY_NOTCH3	5.85790101182723e-156	1.21063287577763e-155	1.42200275372927	1.51536285566774	1.2345046259072e-22	1	14	26	1.60159339581819e-11	1	0	7.22526333693245	-3.93900049718347
C5	C5AR2	R-HSA-375276	REACTOME_PEPTIDE_LIGAND_BINDING_RECEPTORS	1.29672105131696e-154	2.6739480659086e-154	9.29232911290068	9.97694056361996	2.85627171754148e-36	1	9	17	2.30535207315032e-14	1	0	6.74818281693681	-1.35996059598909
TLN1	ITGB5	R-HSA-445355	REACTOME_SMOOTH_MUSCLE_CONTRACTION	2.55954438545335e-154	5.26631920015844e-154	1.60275952856363	2.57684153447841	5.91680476429989e-29	1	11	20	8.64498410229939e-14	1	0	-5.89653156592724	7.06105519464433
PDGFA	PDGFRA	R-HSA-186763	REACTOME_DOWNSTREAM_SIGNAL_TRANSDUCTION	3.04765681949619e-154	6.24299744962876e-154	1.83624093306308	1.13245821113078	6.56419017538382e-25	1	13	24	4.85548485527369e-12	1	0	4.81000362654467	3.99731112577433
PDGFA	PDGFRA	R-HSA-186797	REACTOME_SIGNALING_BY_PDGF	3.04765681949619e-154	6.24299744962876e-154	1.83624093306308	1.13245821113078	6.56419017538382e-25	1	13	24	4.85548485527369e-12	1	0	4.81000362654467	3.99731112577433
C3	C5AR2	R-HSA-375276	REACTOME_PEPTIDE_LIGAND_BINDING_RECEPTORS	5.72982926834317e-154	1.17115191638663e-153	4.13985953669678	9.97694056361996	1.26210253692485e-35	1	9	17	2.30535207315032e-14	1	0	6.43350458535656	-1.35996059598909
GNAS	ADCY8	R-HSA-422356	REACTOME_REGULATION_OF_INSULIN_SECRETION	6.13778635468907e-154	1.25178537496948e-153	3.7253336135429	17.348369613788	4.5510544231885e-34	1	11	21	3.96646040718126e-12	1	0	7.31617375403125	5.45913134583374
SPP1	ITGB5	R-HSA-3000178	REACTOME_ECM_PROTEOGLYCANS	1.4853542308111e-153	3.02271211084096e-153	5.32327069780505	2.57684153447841	6.95251493051319e-35	1	8	16	2.30535207315032e-14	1	0	7.30748082876017	7.06105519464433
ABCA1	RXRA	R-HSA-9839373	REACTOME_SIGNALING_BY_TGFBR3	1.74673620773208e-153	3.54686609866995e-153	5.33280661171401	2.10216678121164	8.68214137375383e-31	1	14	26	1.05206249102733e-10	1	0	-5.99112378359814	-5.32763144612348
TLN1	ITGB5	R-HSA-3000171	REACTOME_NON_INTEGRIN_MEMBRANE_ECM_INTERACTIONS	8.78855811529292e-153	1.78068824558222e-152	1.60275952856363	2.57684153447841	5.91680476429989e-29	1	8	15	1.13612919742986e-16	1	0	-5.89653156592724	7.06105519464433
UBC	NOTCH1	R-HSA-9013508	REACTOME_NOTCH3_INTRACELLULAR_DOMAIN_REGULATES_TRANSCRIPTION	2.73340388589996e-152	5.52622959540645e-152	3.56054014633095	1.51536285566774	3.67683819302609e-24	1	9	18	5.28782324206809e-14	1	0	-6.14929019694352	-3.93900049718347
ADAM17	NOTCH1	R-HSA-9013508	REACTOME_NOTCH3_INTRACELLULAR_DOMAIN_REGULATES_TRANSCRIPTION	3.27382083016033e-152	6.60445416930391e-152	1.57180540051559	1.51536285566774	4.40378003688051e-24	1	9	18	5.28782324206809e-14	1	0	-5.26760817289518	-3.93900049718347
TGFB1	ITGB5	R-HSA-3000178	REACTOME_ECM_PROTEOGLYCANS	3.91565420920355e-152	7.88216107047468e-152	2.95359173998466	2.57684153447841	1.83280484799567e-33	1	8	16	2.30535207315032e-14	1	0	-3.09377331019866	7.06105519464433
FYN	CSF1R	R-HSA-9680350	REACTOME_SIGNALING_BY_CSF1_M_CSF_IN_MYELOID_CELLS	6.0439768706075e-152	1.21401695241144e-151	1.48425704472725	12.9473735723394	3.70073010598309e-35	1	12	22	7.10113134358032e-12	1	0	-4.20077016325016	6.27700171750056
TGFB1	SDC2	R-HSA-3000171	REACTOME_NON_INTEGRIN_MEMBRANE_ECM_INTERACTIONS	2.45830504081825e-151	4.92720622405382e-151	2.95359173998466	6.90301337760225	8.25731285895557e-37	1	7	14	1.72424719251636e-15	1	0	-3.09377331019866	-3.92777998958391
FABP5	RXRA	R-HSA-381340	REACTOME_TRANSCRIPTIONAL_REGULATION_OF_WHITE_ADIPOCYTE_DIFFERENTIATION	3.58699170840187e-151	7.17398341680374e-151	12.4802691404467	2.10216678121164	2.51512024274717e-33	1	15	28	1.0948289153269e-09	1	0	-5.89742976660913	-5.32763144612348
JAG1	NOTCH1	R-HSA-9013508	REACTOME_NOTCH3_INTRACELLULAR_DOMAIN_REGULATES_TRANSCRIPTION	9.17744965774259e-151	1.83155111195292e-150	1.42200275372927	1.51536285566774	1.2345046259072e-22	1	9	18	5.28782324206809e-14	1	0	7.22526333693245	-3.93900049718347
C3	C3AR1	R-HSA-375276	REACTOME_PEPTIDE_LIGAND_BINDING_RECEPTORS	4.14050273260514e-150	8.24554077371045e-150	4.13985953669678	4.11191343841219	9.12023510340352e-32	1	9	17	2.30535207315032e-14	1	0	6.43350458535656	6.00420659517145
CALM3	ADCY8	R-HSA-422356	REACTOME_REGULATION_OF_INSULIN_SECRETION	3.95334592083153e-149	7.85600791960112e-149	1.16716372044699	17.348369613788	2.93133247064706e-29	1	11	21	3.96646040718126e-12	1	0	4.91910786257586	5.45913134583374
SPP1	ITGA9	R-HSA-3000178	REACTOME_ECM_PROTEOGLYCANS	7.34333364194473e-149	1.45614078614256e-148	5.32327069780505	8.09059973976369	1.15107337811187e-34	1	8	15	1.72424719251636e-15	1	0	7.30748082876017	5.1239734120545
ABCA1	RXRA	R-HSA-381340	REACTOME_TRANSCRIPTIONAL_REGULATION_OF_WHITE_ADIPOCYTE_DIFFERENTIATION	1.23822187860139e-148	2.45009861084955e-148	5.33280661171401	2.10216678121164	8.68214137375383e-31	1	15	28	1.0948289153269e-09	1	0	-5.99112378359814	-5.32763144612348
FYN	FLT3	R-HSA-74751	REACTOME_INSULIN_RECEPTOR_SIGNALLING_CASCADE	5.52326518021952e-148	1.08827046983139e-147	1.48425704472725	8.46496856255924	6.72216504562034e-28	1	13	25	1.76218130148965e-10	1	0	-4.20077016325016	-5.71320510130856
FYN	FLT3	R-HSA-74752	REACTOME_SIGNALING_BY_INSULIN_RECEPTOR	5.52326518021952e-148	1.08827046983139e-147	1.48425704472725	8.46496856255924	6.72216504562034e-28	1	13	25	1.76218130148965e-10	1	0	-4.20077016325016	-5.71320510130856
UBC	TLR4	R-HSA-9833110	REACTOME_RSV_HOST_INTERACTIONS	6.06767748731153e-148	1.19301058418599e-147	3.56054014633095	6.38102530703386	5.9117105564857e-31	1	14	27	1.32456268907266e-09	1	0	-6.14929019694352	6.25682664195776
TLN1	ITGB5	R-HSA-3000178	REACTOME_ECM_PROTEOGLYCANS	1.26408228926843e-147	2.48016145362794e-147	1.60275952856363	2.57684153447841	5.91680476429989e-29	1	8	16	2.30535207315032e-14	1	0	-5.89653156592724	7.06105519464433
UBC	NOTCH1	R-HSA-2644602	REACTOME_SIGNALING_BY_NOTCH1_PEST_DOMAIN_MUTANTS_IN_CANCER	3.09049486672245e-147	6.05086363379343e-147	3.56054014633095	1.51536285566774	3.67683819302609e-24	1	15	28	4.63235779101934e-10	1	0	-6.14929019694352	-3.93900049718347
ADAM17	NOTCH1	R-HSA-2644602	REACTOME_SIGNALING_BY_NOTCH1_PEST_DOMAIN_MUTANTS_IN_CANCER	3.7015117020836e-147	7.23194513222216e-147	1.57180540051559	1.51536285566774	4.40378003688051e-24	1	15	28	4.63235779101934e-10	1	0	-5.26760817289518	-3.93900049718347
VCAN	TLR2	R-HSA-9833110	REACTOME_RSV_HOST_INTERACTIONS	7.72748070087692e-147	1.50661573413324e-146	1.85907108912757	5.75479965189381	5.3300097506623e-28	1	15	28	9.29881436566565e-10	1	0	4.53741890610367	-6.31018049386903
FYN	KIT	R-HSA-9856649	REACTOME_TRANSCRIPTIONAL_AND_POST_TRANSLATIONAL_REGULATION_OF_MITF_M_EXPRESSION_AND_ACTIVITY	1.87518620390644e-146	3.64837483186818e-146	1.48425704472725	14.0899318619109	4.74969726623336e-27	1	14	26	1.88509134240801e-10	1	0	-4.20077016325016	4.46025008592032
CALM3	ABCA1	R-HSA-9024446	REACTOME_NR1H2_AND_NR1H3_MEDIATED_SIGNALING	2.76773808579673e-146	5.37368772398948e-146	1.16716372044699	5.33280661171401	3.88135498768571e-28	1	14	27	1.0948289153269e-09	1	0	4.91910786257586	-5.99112378359814
JAG1	NOTCH1	R-HSA-2644602	REACTOME_SIGNALING_BY_NOTCH1_PEST_DOMAIN_MUTANTS_IN_CANCER	1.03763886497581e-145	2.01042530089064e-145	1.42200275372927	1.51536285566774	1.2345046259072e-22	1	15	28	4.63235779101934e-10	1	0	7.22526333693245	-3.93900049718347
SPP1	ITGA5	R-HSA-9634597	REACTOME_GPER1_SIGNALING	1.30991296486198e-145	2.53267995285165e-145	5.32327069780505	2.55548806645391	1.00375950995987e-34	1	11	20	2.42607211516611e-12	1	0	7.30748082876017	7.02263960712023
B2M	TFRC	R-HSA-9013149	REACTOME_RAC1_GTPASE_CYCLE	2.29525957746494e-145	4.42861287768131e-145	2.64498857550919	1.61072018692503	1.03075838890181e-25	1	11	20	3.22234279714496e-13	1	0	-3.41500679605085	6.3040254268924
B2M	TFRC	R-HSA-432722	REACTOME_GOLGI_ASSOCIATED_VESICLE_BIOGENESIS	1.9892347641406e-143	3.83020358312786e-143	2.64498857550919	1.61072018692503	1.03075838890181e-25	1	11	21	6.22832075299784e-12	1	0	-3.41500679605085	6.3040254268924
FABP5	RXRA	R-HSA-9029569	REACTOME_NR1H3_NR1H2_REGULATE_GENE_EXPRESSION_LINKED_TO_CHOLESTEROL_TRANSPORT_AND_EFFLUX	4.24706006649034e-143	8.16067326825622e-143	12.4802691404467	2.10216678121164	2.51512024274717e-33	1	13	25	1.0948289153269e-09	1	0	-5.89742976660913	-5.32763144612348
VEGFC	ITGA9	R-HSA-3000178	REACTOME_ECM_PROTEOGLYCANS	6.32901743954578e-143	1.21360540593352e-142	1.59843395257706	8.09059973976369	9.92078508138928e-29	1	8	15	1.72424719251636e-15	1	0	3.87675444694312	5.1239734120545
FABP5	RXRA	R-HSA-2426168	REACTOME_ACTIVATION_OF_GENE_EXPRESSION_BY_SREBF_SREBP	8.49412012434534e-143	1.62541804848584e-142	12.4802691404467	2.10216678121164	2.51512024274717e-33	1	14	26	1.0948289153269e-09	1	0	-5.89742976660913	-5.32763144612348
COL9A2	ITGA2	R-HSA-8875878	REACTOME_MET_PROMOTES_CELL_MOTILITY	9.15007702394728e-143	1.74734530436776e-142	6.82126276261219	1.25765311660448	3.53515825543381e-27	1	9	17	4.67493080999693e-14	1	0	7.77652359002812	5.13588672337162
CALM3	INSR	R-HSA-74751	REACTOME_INSULIN_RECEPTOR_SIGNALLING_CASCADE	6.56302153812024e-142	1.24818201031735e-141	1.16716372044699	1.22594635023173	9.6929355881386e-22	1	13	25	1.73614604980369e-10	1	0	4.91910786257586	8.89647865680447
CALM3	INSR	R-HSA-74752	REACTOME_SIGNALING_BY_INSULIN_RECEPTOR	6.56302153812024e-142	1.24818201031735e-141	1.16716372044699	1.22594635023173	9.6929355881386e-22	1	13	25	1.73614604980369e-10	1	0	4.91910786257586	8.89647865680447
COL6A3	ITGA2	R-HSA-8875878	REACTOME_MET_PROMOTES_CELL_MOTILITY	8.13307094400272e-142	1.54362366896378e-141	7.52712334550539	1.25765311660448	3.1422350669259e-26	1	9	17	4.67493080999693e-14	1	0	4.51573287516013	5.13588672337162
FYN	TYROBP	R-HSA-2424491	REACTOME_DAP12_SIGNALING	8.83914168180452e-142	1.67421624522978e-141	1.48425704472725	10.9601027395593	2.77369259504401e-33	1	9	18	4.85548485527369e-12	1	0	-4.20077016325016	-5.864730666438
B2M	TYROBP	R-HSA-2424491	REACTOME_DAP12_SIGNALING	9.71262833906486e-142	1.83592364945738e-141	2.64498857550919	10.9601027395593	3.04778973708893e-33	1	9	18	4.85548485527369e-12	1	0	-3.41500679605085	-5.864730666438
COL9A2	ITGA2	R-HSA-216083	REACTOME_INTEGRIN_CELL_SURFACE_INTERACTIONS	1.0524607106291e-141	1.98537213161271e-141	6.82126276261219	1.25765311660448	3.53515825543381e-27	1	7	14	1.72424719251636e-15	1	0	7.77652359002812	5.13588672337162
ADAM15	ITGA9	R-HSA-3000178	REACTOME_ECM_PROTEOGLYCANS	1.72162823410503e-141	3.24112197918558e-141	1.01265127124354	8.09059973976369	2.69866592464841e-27	1	8	15	1.72424719251636e-15	1	0	5.90480276034764	5.1239734120545
ADAM17	ITGA5	R-HSA-9634597	REACTOME_GPER1_SIGNALING	8.97038425743239e-141	1.68534492109336e-140	1.57180540051559	2.55548806645391	6.87382196216429e-30	1	11	20	2.42607211516611e-12	1	0	-5.26760817289518	7.02263960712023
COL6A3	ITGA2	R-HSA-216083	REACTOME_INTEGRIN_CELL_SURFACE_INTERACTIONS	9.35482576039496e-141	1.75402983007405e-140	7.52712334550539	1.25765311660448	3.1422350669259e-26	1	7	14	1.72424719251636e-15	1	0	4.51573287516013	5.13588672337162
ABCA1	RXRA	R-HSA-9029569	REACTOME_NR1H3_NR1H2_REGULATE_GENE_EXPRESSION_LINKED_TO_CHOLESTEROL_TRANSPORT_AND_EFFLUX	1.46607606639982e-140	2.74336165342422e-140	5.33280661171401	2.10216678121164	8.68214137375383e-31	1	13	25	1.0948289153269e-09	1	0	-5.99112378359814	-5.32763144612348
ABCA1	RXRA	R-HSA-2426168	REACTOME_ACTIVATION_OF_GENE_EXPRESSION_BY_SREBF_SREBP	2.93215212981875e-140	5.47570578460127e-140	5.33280661171401	2.10216678121164	8.68214137375383e-31	1	14	26	1.0948289153269e-09	1	0	-5.99112378359814	-5.32763144612348
TGFB1	TGFBR1	R-HSA-9839373	REACTOME_SIGNALING_BY_TGFBR3	6.60676494447461e-140	1.23132092151531e-139	2.95359173998466	1.03975778026108	1.32879117899083e-26	1	13	24	1.05206249102733e-10	1	0	-3.09377331019866	6.70932710455252
FYN	FLT3	R-HSA-2404192	REACTOME_SIGNALING_BY_TYPE_1_INSULIN_LIKE_GROWTH_FACTOR_1_RECEPTOR_IGF1R	6.81623978902709e-139	1.26782060075904e-138	1.48425704472725	8.46496856255924	6.72216504562034e-28	1	12	23	1.73614604980369e-10	1	0	-4.20077016325016	-5.71320510130856
UBC	NOTCH1	R-HSA-1912422	REACTOME_PRE_NOTCH_EXPRESSION_AND_PROCESSING	8.61838974996198e-139	1.59982085178935e-138	3.56054014633095	1.51536285566774	3.67683819302609e-24	1	15	28	1.85799625052815e-09	1	0	-6.14929019694352	-3.93900049718347
ADAM17	NOTCH1	R-HSA-1912422	REACTOME_PRE_NOTCH_EXPRESSION_AND_PROCESSING	1.03223179096989e-138	1.91230192350996e-138	1.57180540051559	1.51536285566774	4.40378003688051e-24	1	15	28	1.85799625052815e-09	1	0	-5.26760817289518	-3.93900049718347
FABP5	RXRA	R-HSA-2151201	REACTOME_TRANSCRIPTIONAL_ACTIVATION_OF_MITOCHONDRIAL_BIOGENESIS	2.39179340854498e-138	4.42220252474518e-138	12.4802691404467	2.10216678121164	2.51512024274717e-33	1	13	24	5.15439604075066e-10	1	0	-5.89742976660913	-5.32763144612348
ADAM15	ITGA5	R-HSA-9634597	REACTOME_GPER1_SIGNALING	3.07106180174782e-138	5.66684022941562e-138	1.01265127124354	2.55548806645391	2.3532918383655e-27	1	11	20	2.42607211516611e-12	1	0	5.90480276034764	7.02263960712023
JAG1	NOTCH1	R-HSA-1912422	REACTOME_PRE_NOTCH_EXPRESSION_AND_PROCESSING	2.89363889724036e-137	5.32887955333373e-137	1.42200275372927	1.51536285566774	1.2345046259072e-22	1	15	28	1.85799625052815e-09	1	0	7.22526333693245	-3.93900049718347
UBC	TGFBR1	R-HSA-9839373	REACTOME_SIGNALING_BY_TGFBR3	1.43295339991296e-136	2.633689055176e-136	3.56054014633095	1.03975778026108	2.88203962712749e-23	1	13	24	1.05206249102733e-10	1	0	-6.14929019694352	6.70932710455252
ABCA1	RXRA	R-HSA-2151201	REACTOME_TRANSCRIPTIONAL_ACTIVATION_OF_MITOCHONDRIAL_BIOGENESIS	8.25641977542919e-136	1.51449120141009e-135	5.33280661171401	2.10216678121164	8.68214137375383e-31	1	13	24	5.15439604075066e-10	1	0	-5.99112378359814	-5.32763144612348
TYROBP	TREM2	R-HSA-2172127	REACTOME_DAP12_INTERACTIONS	1.77488962495023e-135	3.24292210452597e-135	10.9601027395593	19.3515299735117	4.86767437404339e-38	1	9	17	4.85548485527369e-12	1	0	-5.864730666438	6.33881759213504
TYROBP	TREM2	R-HSA-2424491	REACTOME_DAP12_SIGNALING	1.77488962495023e-135	3.24292210452597e-135	10.9601027395593	19.3515299735117	4.86767437404339e-38	1	9	17	4.85548485527369e-12	1	0	-5.864730666438	6.33881759213504
GNAS	ADCY1	R-HSA-1489509	REACTOME_DAG_AND_IP3_SIGNALING	7.27261243147234e-135	1.32618226691554e-134	3.7253336135429	10.2014414560231	2.61579316977587e-36	1	8	16	3.96646040718126e-12	1	0	7.31617375403125	5.92201895166161
GNAS	ADCY1	R-HSA-9634597	REACTOME_GPER1_SIGNALING	1.54543014168235e-134	2.81262237135927e-134	3.7253336135429	10.2014414560231	2.61579316977587e-36	1	9	17	3.96646040718126e-12	1	0	7.31617375403125	5.92201895166161
COL7A1	ITGA2	R-HSA-8875878	REACTOME_MET_PROMOTES_CELL_MOTILITY	1.90717191641165e-134	3.46419898879461e-134	1.35393245943373	1.25765311660448	7.36841288569357e-19	1	9	17	4.67493080999693e-14	1	0	2.308383588934	5.13588672337162
TGFB1	SDC2	R-HSA-1793185	REACTOME_CHONDROITIN_SULFATE_DERMATAN_SULFATE_METABOLISM	2.2276936623627e-134	4.0150292751886e-134	2.95359173998466	6.90301337760225	8.25731285895557e-37	1	6	12	4.41535503214366e-15	1	0	-3.09377331019866	-3.92777998958391
TGFB1	SDC2	R-HSA-1971475	REACTOME_A_TETRASACCHARIDE_LINKER_SEQUENCE_IS_REQUIRED_FOR_GAG_SYNTHESIS	2.2276936623627e-134	4.0150292751886e-134	2.95359173998466	6.90301337760225	8.25731285895557e-37	1	6	12	4.41535503214366e-15	1	0	-3.09377331019866	-3.92777998958391
TGFB1	SDC2	R-HSA-3560782	REACTOME_DISEASES_ASSOCIATED_WITH_GLYCOSAMINOGLYCAN_METABOLISM	2.2276936623627e-134	4.0150292751886e-134	2.95359173998466	6.90301337760225	8.25731285895557e-37	1	6	12	4.41535503214366e-15	1	0	-3.09377331019866	-3.92777998958391
TGFB1	SDC2	R-HSA-3560783	REACTOME_DEFECTIVE_B4GALT7_CAUSES_EDS_PROGEROID_TYPE	2.2276936623627e-134	4.0150292751886e-134	2.95359173998466	6.90301337760225	8.25731285895557e-37	1	6	12	4.41535503214366e-15	1	0	-3.09377331019866	-3.92777998958391
ST6GAL1	CD22	R-HSA-983695	REACTOME_ANTIGEN_ACTIVATES_B_CELL_RECEPTOR_BCR_LEADING_TO_GENERATION_OF_SECOND_MESSENGERS	3.75873955923768e-134	6.7613690330581e-134	4.09965517167486	17.3883354842851	1.34442270147273e-36	1	7	13	3.96264771386631e-15	1	0	6.64071150563042	-5.75852573120555
CAP1	ROBO1	R-HSA-373752	REACTOME_NETRIN_1_SIGNALING	4.85535283439415e-134	8.71713925866132e-134	6.16922785926843	8.15589643865118	6.4984703338158e-38	1	8	15	3.22234279714496e-13	1	0	3.8720347186902	-3.7193383191315
COL7A1	ITGA2	R-HSA-216083	REACTOME_INTEGRIN_CELL_SURFACE_INTERACTIONS	2.19366843053368e-133	3.93085094488695e-133	1.35393245943373	1.25765311660448	7.36841288569357e-19	1	7	14	1.72424719251636e-15	1	0	2.308383588934	5.13588672337162
GNAS	ADCY8	R-HSA-1489509	REACTOME_DAG_AND_IP3_SIGNALING	1.26531620912611e-132	2.26296937401401e-132	3.7253336135429	17.348369613788	4.5510544231885e-34	1	8	16	3.96646040718126e-12	1	0	7.31617375403125	5.45913134583374
FABP5	RXRA	R-HSA-383280	REACTOME_NUCLEAR_RECEPTOR_TRANSCRIPTION_PATHWAY	1.47068626813226e-132	2.62521733083109e-132	12.4802691404467	2.10216678121164	2.51512024274717e-33	1	10	19	3.80311840622444e-11	1	0	-5.89742976660913	-5.32763144612348
GNAS	ADCY8	R-HSA-9634597	REACTOME_GPER1_SIGNALING	2.68879694438338e-132	4.79038536068304e-132	3.7253336135429	17.348369613788	4.5510544231885e-34	1	9	17	3.96646040718126e-12	1	0	7.31617375403125	5.45913134583374
UBC	NOTCH1	R-HSA-9013694	REACTOME_SIGNALING_BY_NOTCH4	9.73626001149242e-132	1.73130436150821e-131	3.56054014633095	1.51536285566774	3.67683819302609e-24	1	11	21	5.1994096906715e-11	1	0	-6.14929019694352	-3.93900049718347
ADAM17	NOTCH1	R-HSA-9013694	REACTOME_SIGNALING_BY_NOTCH4	1.16612005265319e-131	2.06964055146462e-131	1.57180540051559	1.51536285566774	4.40378003688051e-24	1	11	21	5.1994096906715e-11	1	0	-5.26760817289518	-3.93900049718347
CALM3	PLPP6	R-HSA-191273	REACTOME_CHOLESTEROL_BIOSYNTHESIS	3.91260341322722e-131	6.93089747485965e-131	1.16716372044699	2.22201917185365	6.03679503292285e-26	1	12	22	8.04907777190918e-11	1	0	4.91910786257586	6.0445088291542
VCAN	TLR2	R-HSA-1236975	REACTOME_ANTIGEN_PROCESSING_CROSS_PRESENTATION	5.46799401410632e-131	9.66774607056821e-131	1.85907108912757	5.75479965189381	5.3300097506623e-28	1	10	19	1.60159339581819e-11	1	0	4.53741890610367	-6.31018049386903
JAG1	NOTCH1	R-HSA-9013694	REACTOME_SIGNALING_BY_NOTCH4	3.26896572332722e-130	5.76876304116567e-130	1.42200275372927	1.51536285566774	1.2345046259072e-22	1	11	21	5.1994096906715e-11	1	0	7.22526333693245	-3.93900049718347
ABCA1	RXRA	R-HSA-383280	REACTOME_NUCLEAR_RECEPTOR_TRANSCRIPTION_PATHWAY	5.07677759470295e-130	8.94205144521543e-130	5.33280661171401	2.10216678121164	8.68214137375383e-31	1	10	19	3.80311840622444e-11	1	0	-5.99112378359814	-5.32763144612348
GDF11	ACVR2B	R-HSA-201451	REACTOME_SIGNALING_BY_BMP	1.84189131658185e-129	3.23810760760137e-129	2.6253601188463	1.24613585232934	1.23529263478952e-23	1	8	16	6.17420507320782e-13	1	0	-4.23280308357368	2.62805426502013
CALM3	PDE1B	R-HSA-1489509	REACTOME_DAG_AND_IP3_SIGNALING	2.81234683407034e-129	4.93487274657626e-129	1.16716372044699	6.72778172365762	1.01153714829716e-30	1	8	16	3.96646040718126e-12	1	0	4.91910786257586	6.28622379810591
YWHAZ	CSF2RB	R-HSA-451927	REACTOME_INTERLEUKIN_2_FAMILY_SIGNALING	3.12615922226793e-129	5.47519411809637e-129	2.24541976754868	8.33268809747797	2.85375158074071e-34	1	11	20	9.49073498051885e-11	1	0	5.44331389382614	-3.85656652883
B2M	TFRC	R-HSA-9013148	REACTOME_CDC42_GTPASE_CYCLE	4.96832745967974e-129	8.68523409304917e-129	2.64498857550919	1.61072018692503	1.03075838890181e-25	1	8	16	1.17327046954623e-12	1	0	-3.41500679605085	6.3040254268924
FYN	TREM2	R-HSA-2172127	REACTOME_DAP12_INTERACTIONS	5.00612241685936e-129	8.7185278046427e-129	1.48425704472725	19.3515299735117	1.37294023579375e-31	1	9	17	4.85548485527369e-12	1	0	-4.20077016325016	6.33881759213504
FYN	TREM2	R-HSA-2424491	REACTOME_DAP12_SIGNALING	5.00612241685936e-129	8.7185278046427e-129	1.48425704472725	19.3515299735117	1.37294023579375e-31	1	9	17	4.85548485527369e-12	1	0	-4.20077016325016	6.33881759213504
B2M	TREM2	R-HSA-2172127	REACTOME_DAP12_INTERACTIONS	5.50082894981832e-129	9.5443487375579e-129	2.64498857550919	19.3515299735117	1.50861460558582e-31	1	9	17	4.85548485527369e-12	1	0	-3.41500679605085	6.33881759213504
B2M	TREM2	R-HSA-2424491	REACTOME_DAP12_SIGNALING	5.50082894981832e-129	9.5443487375579e-129	2.64498857550919	19.3515299735117	1.50861460558582e-31	1	9	17	4.85548485527369e-12	1	0	-3.41500679605085	6.33881759213504
VASP	ROBO1	R-HSA-373752	REACTOME_NETRIN_1_SIGNALING	1.30087085813079e-128	2.2529048381036e-128	1.87487152353974	8.15589643865118	1.74110326644125e-32	1	8	15	3.22234279714496e-13	1	0	5.44561507561647	-3.7193383191315
TGFB1	SDC2	R-HSA-2024096	REACTOME_HS_GAG_DEGRADATION	4.00171258275213e-128	6.91745855382802e-128	2.95359173998466	6.90301337760225	8.25731285895557e-37	1	6	12	3.47784245895731e-14	1	0	-3.09377331019866	-3.92777998958391
GNAS	ADCY9	R-HSA-1489509	REACTOME_DAG_AND_IP3_SIGNALING	7.10343183725474e-128	1.22563851737419e-127	3.7253336135429	2.06150928024925	2.55494276052019e-29	1	8	16	3.96646040718126e-12	1	0	7.31617375403125	-5.68535622757741
CALM3	ADCY8	R-HSA-1489509	REACTOME_DAG_AND_IP3_SIGNALING	8.1498970228724e-128	1.40359337616136e-127	1.16716372044699	17.348369613788	2.93133247064706e-29	1	8	16	3.96646040718126e-12	1	0	4.91910786257586	5.45913134583374
GNAS	ADCY7	R-HSA-1489509	REACTOME_DAG_AND_IP3_SIGNALING	1.24428766254826e-127	2.13897879144155e-127	3.7253336135429	1.27908574014702	4.47541952716321e-29	1	8	16	3.96646040718126e-12	1	0	7.31617375403125	6.20114159335363
GNAS	ADCY9	R-HSA-9634597	REACTOME_GPER1_SIGNALING	1.50947926541124e-127	2.59006589821486e-127	3.7253336135429	2.06150928024925	2.55494276052019e-29	1	9	17	3.96646040718126e-12	1	0	7.31617375403125	-5.68535622757741
CALM3	ADCY8	R-HSA-9634597	REACTOME_GPER1_SIGNALING	1.7318531173542e-127	2.96615727281658e-127	1.16716372044699	17.348369613788	2.93133247064706e-29	1	9	17	3.96646040718126e-12	1	0	4.91910786257586	5.45913134583374
NTS	NGFR	R-HSA-204998	REACTOME_CELL_DEATH_SIGNALLING_VIA_NRAGE_NRIF_AND_NADE	2.00167265577455e-127	3.42197715049693e-127	8.75457506671987	3.32092124366156	1.3130180752581e-26	1	10	19	2.64092631194663e-11	1	0	6.92268695516757	1.38075447202657
GNAS	ADCY7	R-HSA-9634597	REACTOME_GPER1_SIGNALING	2.6441112829056e-127	4.51196971211415e-127	3.7253336135429	1.27908574014702	4.47541952716321e-29	1	9	17	3.96646040718126e-12	1	0	7.31617375403125	6.20114159335363
NRP1	ROBO1	R-HSA-373752	REACTOME_NETRIN_1_SIGNALING	6.98200493348973e-127	1.18924259856144e-126	1.3623135065631	8.15589643865118	9.34481045526326e-31	1	8	15	3.22234279714496e-13	1	0	2.32253836071393	-3.7193383191315
FYN	FLT3	R-HSA-9682385	REACTOME_FLT3_SIGNALING_IN_DISEASE	2.14182808924776e-126	3.64149931078686e-126	1.48425704472725	8.46496856255924	6.72216504562034e-28	1	11	20	4.20404401894545e-11	1	0	-4.20077016325016	-5.71320510130856
BMP2	ACVR2B	R-HSA-201451	REACTOME_SIGNALING_BY_BMP	3.86966024289054e-126	6.56712413483248e-126	1.08247948807465	1.24613585232934	2.59524693674729e-20	1	8	16	6.17420507320782e-13	1	0	2.2543726991538	2.62805426502013
FYN	CSF1R	R-HSA-8853884	REACTOME_TRANSCRIPTIONAL_REGULATION_BY_VENTX	4.70336082788041e-126	7.96744183957884e-126	1.48425704472725	12.9473735723394	3.70073010598309e-35	1	14	27	9.67931905149902e-08	1	0	-4.20077016325016	6.27700171750056
TGFB1	TGFBR1	R-HSA-2173788	REACTOME_DOWNREGULATION_OF_TGF_BETA_RECEPTOR_SIGNALING	2.85112659646174e-125	4.82099588128984e-125	2.95359173998466	1.03975778026108	1.32879117899083e-26	1	11	21	3.35606571232289e-10	1	0	-3.09377331019866	6.70932710455252
FABP5	RXRA	R-HSA-9707564	REACTOME_CYTOPROTECTION_BY_HMOX1	3.803748673778e-125	6.42012026608628e-125	12.4802691404467	2.10216678121164	2.51512024274717e-33	1	11	20	1.95571486543344e-10	1	0	-5.89742976660913	-5.32763144612348
SPP1	ITGB5	R-HSA-216083	REACTOME_INTEGRIN_CELL_SURFACE_INTERACTIONS	5.43855102119197e-125	9.1627761770082e-125	5.32327069780505	2.57684153447841	6.95251493051319e-35	1	7	13	4.62680633629856e-14	1	0	7.30748082876017	7.06105519464433
CALM3	ABCA1	R-HSA-9029569	REACTOME_NR1H3_NR1H2_REGULATE_GENE_EXPRESSION_LINKED_TO_CHOLESTEROL_TRANSPORT_AND_EFFLUX	1.86807336064622e-124	3.14160619421516e-124	1.16716372044699	5.33280661171401	3.88135498768571e-28	1	12	22	5.15439604075066e-10	1	0	4.91910786257586	-5.99112378359814
FGR	LRP8	R-HSA-2187338	REACTOME_VISUAL_PHOTOTRANSDUCTION	1.87637795633058e-124	3.14420089979718e-124	9.16772830580626	1.04817310678606	2.17838610051444e-31	1	6	12	1.95820747045779e-14	1	0	-2.02706288773186	-1.56271997998783
FGR	LRP8	R-HSA-6806667	REACTOME_METABOLISM_OF_FAT_SOLUBLE_VITAMINS	1.87637795633058e-124	3.14420089979718e-124	9.16772830580626	1.04817310678606	2.17838610051444e-31	1	6	12	1.95820747045779e-14	1	0	-2.02706288773186	-1.56271997998783
GNAS	ADCY1	R-HSA-111996	REACTOME_CA_DEPENDENT_EVENTS	1.03135028034677e-123	1.72510028906924e-123	3.7253336135429	10.2014414560231	2.61579316977587e-36	1	8	15	3.96646040718126e-12	1	0	7.31617375403125	5.92201895166161
CALM3	ABCA1	R-HSA-174824	REACTOME_PLASMA_LIPOPROTEIN_ASSEMBLY_REMODELING_AND_CLEARANCE	1.08485608943449e-123	1.81133961072545e-123	1.16716372044699	5.33280661171401	3.88135498768571e-28	1	13	25	1.35864078806403e-08	1	0	4.91910786257586	-5.99112378359814
TGFB1	ITGB5	R-HSA-216083	REACTOME_INTEGRIN_CELL_SURFACE_INTERACTIONS	1.43369741414948e-123	2.38949569024914e-123	2.95359173998466	2.57684153447841	1.83280484799567e-33	1	7	13	4.62680633629856e-14	1	0	-3.09377331019866	7.06105519464433
PTDSS1	SCARB1	R-HSA-174824	REACTOME_PLASMA_LIPOPROTEIN_ASSEMBLY_REMODELING_AND_CLEARANCE	6.17623919878079e-123	1.02753174505655e-122	1.08743472455887	2.24668207364338	2.20971030653696e-27	1	13	25	1.35864078806403e-08	1	0	4.73007593856739	-2.20319430388469
ABCA1	RXRA	R-HSA-9707564	REACTOME_CYTOPROTECTION_BY_HMOX1	1.31304592021802e-122	2.18059411750492e-122	5.33280661171401	2.10216678121164	8.68214137375383e-31	1	11	20	1.95571486543344e-10	1	0	-5.99112378359814	-5.32763144612348
UBC	NOTCH1	R-HSA-9725371	REACTOME_NUCLEAR_EVENTS_STIMULATED_BY_ALK_SIGNALING_IN_CANCER	1.68284498271823e-122	2.78974301947941e-122	3.56054014633095	1.51536285566774	3.67683819302609e-24	1	13	24	1.85799625052815e-09	1	0	-6.14929019694352	-3.93900049718347
ADAM17	NOTCH1	R-HSA-9725371	REACTOME_NUCLEAR_EVENTS_STIMULATED_BY_ALK_SIGNALING_IN_CANCER	2.01555759350938e-122	3.33535331310271e-122	1.57180540051559	1.51536285566774	4.40378003688051e-24	1	13	24	1.85799625052815e-09	1	0	-5.26760817289518	-3.93900049718347
UBC	TGFBR1	R-HSA-2173788	REACTOME_DOWNREGULATION_OF_TGF_BETA_RECEPTOR_SIGNALING	6.1838609127436e-122	1.0214903461548e-121	3.56054014633095	1.03975778026108	2.88203962712749e-23	1	11	21	3.35606571232289e-10	1	0	-6.14929019694352	6.70932710455252
CALM3	MYLK	R-HSA-5627123	REACTOME_RHO_GTPASES_ACTIVATE_PAKS	1.04506932086531e-121	1.7232526035545e-121	1.16716372044699	6.78104553090517	1.01719453141206e-31	1	8	15	1.8853542965709e-12	1	0	4.91910786257586	1.72952571289275
FABP5	RXRA	R-HSA-9707616	REACTOME_HEME_SIGNALING	1.45677962531191e-121	2.39788504697359e-121	12.4802691404467	2.10216678121164	2.51512024274717e-33	1	9	18	5.15439604075066e-10	1	0	-5.89742976660913	-5.32763144612348
GNAS	ADCY8	R-HSA-111996	REACTOME_CA_DEPENDENT_EVENTS	1.79438164663112e-121	2.94836560312181e-121	3.7253336135429	17.348369613788	4.5510544231885e-34	1	8	15	3.96646040718126e-12	1	0	7.31617375403125	5.45913134583374
TGFB1	ACVRL1	R-HSA-201451	REACTOME_SIGNALING_BY_BMP	2.40278894325304e-121	3.94108239369546e-121	2.95359173998466	5.29254708069923	3.10391047025452e-32	1	9	17	4.08739158211265e-11	1	0	-3.09377331019866	4.51995166961603
SPP1	ITGA4	R-HSA-216083	REACTOME_INTEGRIN_CELL_SURFACE_INTERACTIONS	3.49810600534924e-121	5.72753272002604e-121	5.32327069780505	12.7819632380897	3.39322275329928e-39	1	5	10	8.85919795412185e-15	1	0	7.30748082876017	-1.85525234637379
JAG1	NOTCH1	R-HSA-9725371	REACTOME_NUCLEAR_EVENTS_STIMULATED_BY_ALK_SIGNALING_IN_CANCER	5.65018041803078e-121	9.23491702771287e-121	1.42200275372927	1.51536285566774	1.2345046259072e-22	1	13	24	1.85799625052815e-09	1	0	7.22526333693245	-3.93900049718347
SDCBP	EPHB1	R-HSA-3928665	REACTOME_EPH_EPHRIN_MEDIATED_REPULSION_OF_CELLS	1.27539136637116e-120	2.08090170302662e-120	2.83255270597399	9.05934458394078	9.78998452292756e-32	1	6	12	7.72641665371147e-14	1	0	5.3383577386305	3.01771805248262
TGFB1	SDC2	R-HSA-2022928	REACTOME_HS_GAG_BIOSYNTHESIS	1.33008489458305e-120	2.1625506153186e-120	2.95359173998466	6.90301337760225	8.25731285895557e-37	1	5	10	4.41535503214366e-15	1	0	-3.09377331019866	-3.92777998958391
TGFB1	SDC2	R-HSA-9820960	REACTOME_RESPIRATORY_SYNCYTIAL_VIRUS_RSV_ATTACHMENT_AND_ENTRY	1.33008489458305e-120	2.1625506153186e-120	2.95359173998466	6.90301337760225	8.25731285895557e-37	1	5	10	4.41535503214366e-15	1	0	-3.09377331019866	-3.92777998958391
SPP1	ITGA5	R-HSA-1566948	REACTOME_ELASTIC_FIBRE_FORMATION	1.45697776255771e-120	2.36060856999769e-120	5.32327069780505	2.55548806645391	1.00375950995987e-34	1	6	11	1.72424719251636e-15	1	0	7.30748082876017	7.02263960712023
SPP1	ITGA5	R-HSA-216083	REACTOME_INTEGRIN_CELL_SURFACE_INTERACTIONS	1.45697776255771e-120	2.36060856999769e-120	5.32327069780505	2.55548806645391	1.00375950995987e-34	1	6	11	1.72424719251636e-15	1	0	7.30748082876017	7.02263960712023
YWHAZ	CSF2RA	R-HSA-451927	REACTOME_INTERLEUKIN_2_FAMILY_SIGNALING	1.87214146832821e-120	3.02798533138302e-120	2.24541976754868	1.76575668197968	1.73572308660768e-25	1	11	20	9.47601588364181e-11	1	0	5.44331389382614	-6.31018049386903
FYN	FLT3	R-HSA-112399	REACTOME_IRS_MEDIATED_SIGNALLING	3.09007728163273e-120	4.98918727763618e-120	1.48425704472725	8.46496856255924	6.72216504562034e-28	1	11	20	1.73614604980369e-10	1	0	-4.20077016325016	-5.71320510130856
ADAM28	ITGA4	R-HSA-216083	REACTOME_INTEGRIN_CELL_SURFACE_INTERACTIONS	1.5154726651044e-119	2.44261625398109e-119	11.3302287682274	12.7819632380897	1.47003444760444e-37	1	5	10	8.85919795412185e-15	1	0	6.55370976303402	-1.85525234637379
GNAS	ADCY1	R-HSA-418597	REACTOME_G_ALPHA_Z_SIGNALLING_EVENTS	1.81522602763206e-119	2.92069239740106e-119	3.7253336135429	10.2014414560231	2.61579316977587e-36	1	6	12	5.08314663355948e-13	1	0	7.31617375403125	5.92201895166161
TLN1	ITGB5	R-HSA-216083	REACTOME_INTEGRIN_CELL_SURFACE_INTERACTIONS	4.62837475570893e-119	7.43417706875527e-119	1.60275952856363	2.57684153447841	5.91680476429989e-29	1	7	13	4.62680633629856e-14	1	0	-5.89653156592724	7.06105519464433
ABCA1	RXRA	R-HSA-9707616	REACTOME_HEME_SIGNALING	5.02877216062929e-119	8.06337605066421e-119	5.33280661171401	2.10216678121164	8.68214137375383e-31	1	9	18	5.15439604075066e-10	1	0	-5.99112378359814	-5.32763144612348
GNAS	ADCY9	R-HSA-418597	REACTOME_G_ALPHA_Z_SIGNALLING_EVENTS	6.40496545314166e-119	1.02523543397965e-118	3.7253336135429	2.06150928024925	2.55494276052019e-29	1	6	12	6.11094097665404e-14	1	0	7.31617375403125	-5.68535622757741
GNAS	ADCY7	R-HSA-418597	REACTOME_G_ALPHA_Z_SIGNALLING_EVENTS	1.12193932101867e-118	1.79278963667932e-118	3.7253336135429	1.27908574014702	4.47541952716321e-29	1	6	12	6.11094097665404e-14	1	0	7.31617375403125	6.20114159335363
CALM3	PDE1B	R-HSA-111996	REACTOME_CA_DEPENDENT_EVENTS	3.98827068413378e-118	6.36207844981889e-118	1.16716372044699	6.72778172365762	1.01153714829716e-30	1	8	15	3.96646040718126e-12	1	0	4.91910786257586	6.28622379810591
B2M	TFRC	R-HSA-9013404	REACTOME_RAC2_GTPASE_CYCLE	8.3322809876837e-118	1.32688721207977e-117	2.64498857550919	1.61072018692503	1.03075838890181e-25	1	7	13	2.40595303369382e-14	1	0	-3.41500679605085	6.3040254268924
FYN	EPHB1	R-HSA-3928665	REACTOME_EPH_EPHRIN_MEDIATED_REPULSION_OF_CELLS	1.77267487507914e-117	2.81809851935657e-117	1.48425704472725	9.05934458394078	1.36071640821794e-28	1	6	12	7.72641665371147e-14	1	0	-4.20077016325016	3.01771805248262
THBS2	ITGA4	R-HSA-216083	REACTOME_INTEGRIN_CELL_SURFACE_INTERACTIONS	2.6740132180557e-117	4.24374111397919e-117	5.03759609779263	12.7819632380897	2.59383863160653e-35	1	5	10	8.85919795412185e-15	1	0	6.12199869171095	-1.85525234637379
GNAS	ADCY8	R-HSA-418597	REACTOME_G_ALPHA_Z_SIGNALLING_EVENTS	3.15819787955544e-117	5.00361844631441e-117	3.7253336135429	17.348369613788	4.5510544231885e-34	1	6	12	5.08314663355948e-13	1	0	7.31617375403125	5.45913134583374
GNAS	ADCY9	R-HSA-111996	REACTOME_CA_DEPENDENT_EVENTS	1.0073582891717e-116	1.59327076348586e-116	3.7253336135429	2.06150928024925	2.55494276052019e-29	1	8	15	3.96646040718126e-12	1	0	7.31617375403125	-5.68535622757741
CALM3	ADCY8	R-HSA-111996	REACTOME_CA_DEPENDENT_EVENTS	1.15576055489528e-116	1.82488508667675e-116	1.16716372044699	17.348369613788	2.93133247064706e-29	1	8	15	3.96646040718126e-12	1	0	4.91910786257586	5.45913134583374
GNAS	ADCY7	R-HSA-111996	REACTOME_CA_DEPENDENT_EVENTS	1.76456045429795e-116	2.78142580084253e-116	3.7253336135429	1.27908574014702	4.47541952716321e-29	1	8	15	3.96646040718126e-12	1	0	7.31617375403125	6.20114159335363
TGFB1	SDC2	R-HSA-2187338	REACTOME_VISUAL_PHOTOTRANSDUCTION	2.1233329590481e-116	3.33564130391001e-116	2.95359173998466	6.90301337760225	8.25731285895557e-37	1	6	11	1.95820747045779e-14	1	0	-3.09377331019866	-3.92777998958391
TGFB1	SDC2	R-HSA-6806667	REACTOME_METABOLISM_OF_FAT_SOLUBLE_VITAMINS	2.1233329590481e-116	3.33564130391001e-116	2.95359173998466	6.90301337760225	8.25731285895557e-37	1	6	11	1.95820747045779e-14	1	0	-3.09377331019866	-3.92777998958391
COL9A2	ITGA11	R-HSA-216083	REACTOME_INTEGRIN_CELL_SURFACE_INTERACTIONS	8.37323946245945e-116	1.31317246207206e-115	6.82126276261219	6.76531779860934	8.12218572547355e-34	1	5	10	8.85919795412185e-15	1	0	7.77652359002812	4.65445933456908
ADAM17	ITGA5	R-HSA-1566948	REACTOME_ELASTIC_FIBRE_FORMATION	9.9774952498877e-116	1.55950766090682e-115	1.57180540051559	2.55548806645391	6.87382196216429e-30	1	6	11	1.72424719251636e-15	1	0	-5.26760817289518	7.02263960712023
ADAM17	ITGA5	R-HSA-216083	REACTOME_INTEGRIN_CELL_SURFACE_INTERACTIONS	9.9774952498877e-116	1.55950766090682e-115	1.57180540051559	2.55548806645391	6.87382196216429e-30	1	6	11	1.72424719251636e-15	1	0	-5.26760817289518	7.02263960712023
UBC	TLR4	R-HSA-1236975	REACTOME_ANTIGEN_PROCESSING_CROSS_PRESENTATION	5.16352607451851e-114	8.05717994849365e-114	3.56054014633095	6.38102530703386	5.9117105564857e-31	1	9	18	1.69831242191998e-09	1	0	-6.14929019694352	6.25682664195776
VCAN	ITGA4	R-HSA-216083	REACTOME_INTEGRIN_CELL_SURFACE_INTERACTIONS	8.07370813639478e-114	1.25771332778009e-113	1.85907108912757	12.7819632380897	7.83163520774357e-32	1	5	10	8.85919795412185e-15	1	0	4.53741890610367	-1.85525234637379
SPP1	ITGA5	R-HSA-445144	REACTOME_SIGNAL_TRANSDUCTION_BY_L1	2.15133966426855e-113	3.34572890931396e-113	5.32327069780505	2.55548806645391	1.00375950995987e-34	1	8	15	4.90136231898285e-11	1	0	7.30748082876017	7.02263960712023
SPP1	ITGA9	R-HSA-445144	REACTOME_SIGNAL_TRANSDUCTION_BY_L1	2.46707482244893e-113	3.83034989128131e-113	5.32327069780505	8.09059973976369	1.15107337811187e-34	1	8	15	4.90136231898285e-11	1	0	7.30748082876017	5.1239734120545
GNAS	ADCY1	R-HSA-111931	REACTOME_PKA_MEDIATED_PHOSPHORYLATION_OF_CREB	3.20019204663897e-113	4.9602976722904e-113	3.7253336135429	10.2014414560231	2.61579316977587e-36	1	6	12	3.96646040718126e-12	1	0	7.31617375403125	5.92201895166161
ADAM15	ITGA5	R-HSA-1566948	REACTOME_ELASTIC_FIBRE_FORMATION	3.41585194788757e-113	5.27698058394592e-113	1.01265127124354	2.55548806645391	2.3532918383655e-27	1	6	11	1.72424719251636e-15	1	0	5.90480276034764	7.02263960712023
ADAM15	ITGA5	R-HSA-216083	REACTOME_INTEGRIN_CELL_SURFACE_INTERACTIONS	3.41585194788757e-113	5.27698058394592e-113	1.01265127124354	2.55548806645391	2.3532918383655e-27	1	6	11	1.72424719251636e-15	1	0	5.90480276034764	7.02263960712023
SPP1	ITGA9	R-HSA-216083	REACTOME_INTEGRIN_CELL_SURFACE_INTERACTIONS	9.52050541712639e-113	1.46833665637273e-112	5.32327069780505	8.09059973976369	1.15107337811187e-34	1	4	9	4.62680633629856e-14	1	0	7.30748082876017	5.1239734120545
CALM3	ADCY8	R-HSA-418597	REACTOME_G_ALPHA_Z_SIGNALLING_EVENTS	2.03419408607808e-112	3.1321200331997e-112	1.16716372044699	17.348369613788	2.93133247064706e-29	1	6	12	5.08314663355948e-13	1	0	4.91910786257586	5.45913134583374
SPP1	ITGB5	R-HSA-1566948	REACTOME_ELASTIC_FIBRE_FORMATION	3.34917514545487e-112	5.1483188186331e-112	5.32327069780505	2.57684153447841	6.95251493051319e-35	1	6	11	4.67493080999693e-14	1	0	7.30748082876017	7.06105519464433
SDCBP	EPHB1	R-HSA-3928664	REACTOME_EPHRIN_SIGNALING	3.81135493126184e-112	5.84910905292659e-112	2.83255270597399	9.05934458394078	9.78998452292756e-32	1	6	12	1.25542399874068e-12	1	0	5.3383577386305	3.01771805248262
TGFB1	SDC2	R-HSA-2682334	REACTOME_EPH_EPHRIN_SIGNALING	2.27439260946027e-111	3.48465424513683e-111	2.95359173998466	6.90301337760225	8.25731285895557e-37	1	3	7	6.20656337010566e-16	1	0	-3.09377331019866	-3.92777998958391
GNAS	ADCY1	R-HSA-9660821	REACTOME_ADORA2B_MEDIATED_ANTI_INFLAMMATORY_CYTOKINES_PRODUCTION	2.84185484405803e-111	4.34691612660193e-111	3.7253336135429	10.2014414560231	2.61579316977587e-36	1	8	16	1.65855655920926e-09	1	0	7.31617375403125	5.92201895166161
C3	C3AR1	R-HSA-9660826	REACTOME_PURINERGIC_SIGNALING_IN_LEISHMANIASIS_INFECTION	2.90446881042013e-111	4.43539572034602e-111	4.13985953669678	4.11191343841219	9.12023510340352e-32	1	5	10	2.30535207315032e-14	1	0	6.43350458535656	6.00420659517145
GNAS	ADCY8	R-HSA-111931	REACTOME_PKA_MEDIATED_PHOSPHORYLATION_OF_CREB	5.56781336429472e-111	8.48863348982637e-111	3.7253336135429	17.348369613788	4.5510544231885e-34	1	6	12	3.96646040718126e-12	1	0	7.31617375403125	5.45913134583374
IL16	GRIN2D	R-HSA-442742	REACTOME_CREB1_PHOSPHORYLATION_THROUGH_NMDA_RECEPTOR_MEDIATED_ACTIVATION_OF_RAS_SIGNALING	6.99224974589701e-111	1.06428678620036e-110	7.2581482602989	5.03524915710015	3.23430036802397e-34	1	7	14	9.59754117160195e-11	1	0	4.55383547334455	-5.14265179748115
TGFB1	ITGB5	R-HSA-1566948	REACTOME_ELASTIC_FIBRE_FORMATION	8.82901296110295e-111	1.34166373428525e-110	2.95359173998466	2.57684153447841	1.83280484799567e-33	1	6	11	4.67493080999693e-14	1	0	-3.09377331019866	7.06105519464433
FYN	NRP1	R-HSA-9694614	REACTOME_ATTACHMENT_AND_ENTRY	1.62517462233193e-110	2.46158371134966e-110	1.48425704472725	1.3623135065631	2.52231556077407e-26	1	4	9	4.41535503214366e-15	1	0	-4.20077016325016	2.32253836071393
FYN	NRP1	R-HSA-9772572	REACTOME_EARLY_SARS_COV_2_INFECTION_EVENTS	1.62517462233193e-110	2.46158371134966e-110	1.48425704472725	1.3623135065631	2.52231556077407e-26	1	4	9	4.41535503214366e-15	1	0	-4.20077016325016	2.32253836071393
FYN	KIT	R-HSA-1433559	REACTOME_REGULATION_OF_KIT_SIGNALING	1.7696753163809e-110	2.67609438086868e-110	1.48425704472725	14.0899318619109	4.74969726623336e-27	1	5	10	5.11942025979211e-15	1	0	-4.20077016325016	4.46025008592032
GNAS	ADCY8	R-HSA-9660821	REACTOME_ADORA2B_MEDIATED_ANTI_INFLAMMATORY_CYTOKINES_PRODUCTION	4.94436494733188e-109	7.46470681983548e-109	3.7253336135429	17.348369613788	4.5510544231885e-34	1	8	16	1.65855655920926e-09	1	0	7.31617375403125	5.45913134583374
FYN	EPHB1	R-HSA-3928664	REACTOME_EPHRIN_SIGNALING	5.2974273660644e-109	7.98477706716352e-109	1.48425704472725	9.05934458394078	1.36071640821794e-28	1	6	12	1.25542399874068e-12	1	0	-4.20077016325016	3.01771805248262
FARP2	NRP1	R-HSA-9694614	REACTOME_ATTACHMENT_AND_ENTRY	5.85971612945321e-109	8.8037738293885e-109	1.41509133534125	1.3623135065631	9.09444005089805e-25	1	4	9	4.41535503214366e-15	1	0	3.11012663184584	2.32253836071393
FARP2	NRP1	R-HSA-9772572	REACTOME_EARLY_SARS_COV_2_INFECTION_EVENTS	5.85971612945321e-109	8.8037738293885e-109	1.41509133534125	1.3623135065631	9.09444005089805e-25	1	4	9	4.41535503214366e-15	1	0	3.11012663184584	2.32253836071393
ADAM17	ITGA5	R-HSA-445144	REACTOME_SIGNAL_TRANSDUCTION_BY_L1	1.47325387063237e-108	2.20988080594856e-108	1.57180540051559	2.55548806645391	6.87382196216429e-30	1	8	15	4.90136231898285e-11	1	0	-5.26760817289518	7.02263960712023
FYN	NRP1	R-HSA-399956	REACTOME_CRMPS_IN_SEMA3A_SIGNALING	4.60655356658063e-108	6.89870340888887e-108	1.48425704472725	1.3623135065631	2.52231556077407e-26	1	5	10	9.74481995421765e-15	1	0	-4.20077016325016	2.32253836071393
UBC	TLR4	R-HSA-937041	REACTOME_IKK_COMPLEX_RECRUITMENT_MEDIATED_BY_RIP1	6.44786804744771e-108	9.64070302914207e-108	3.56054014633095	6.38102530703386	5.9117105564857e-31	1	7	14	8.81086030914185e-11	1	0	-6.14929019694352	6.25682664195776
VEGFC	ITGA9	R-HSA-445144	REACTOME_SIGNAL_TRANSDUCTION_BY_L1	2.1263039836235e-107	3.17409743943798e-107	1.59843395257706	8.09059973976369	9.92078508138928e-29	1	8	15	4.90136231898285e-11	1	0	3.87675444694312	5.1239734120545
RPS19	C5AR1	R-HSA-166658	REACTOME_COMPLEMENT_CASCADE	2.45697752427087e-107	3.66184150251909e-107	6.83304512817193	16.0024771656886	7.24659524077717e-41	1	3	7	2.76131606733729e-14	1	0	-1.74920968611789	5.20519310771212
SPP1	ITGB5	R-HSA-3000170	REACTOME_SYNDECAN_INTERACTIONS	6.88622200016171e-107	1.02466983362406e-106	5.32327069780505	2.57684153447841	6.95251493051319e-35	1	4	8	1.72424719251636e-15	1	0	7.30748082876017	7.06105519464433
TGFB1	SDC2	R-HSA-3656237	REACTOME_DEFECTIVE_EXT2_CAUSES_EXOSTOSES_2	7.98689311415405e-107	1.18277238792409e-106	2.95359173998466	6.90301337760225	8.25731285895557e-37	1	4	8	4.41535503214366e-15	1	0	-3.09377331019866	-3.92777998958391
TGFB1	SDC2	R-HSA-9694614	REACTOME_ATTACHMENT_AND_ENTRY	7.98689311415405e-107	1.18277238792409e-106	2.95359173998466	6.90301337760225	8.25731285895557e-37	1	4	8	4.41535503214366e-15	1	0	-3.09377331019866	-3.92777998958391
TGFB1	SDC2	R-HSA-9772572	REACTOME_EARLY_SARS_COV_2_INFECTION_EVENTS	7.98689311415405e-107	1.18277238792409e-106	2.95359173998466	6.90301337760225	8.25731285895557e-37	1	4	8	4.41535503214366e-15	1	0	-3.09377331019866	-3.92777998958391
VEGFC	ITGA9	R-HSA-216083	REACTOME_INTEGRIN_CELL_SURFACE_INTERACTIONS	8.20546195451438e-107	1.21320820631135e-106	1.59843395257706	8.09059973976369	9.92078508138928e-29	1	4	9	4.62680633629856e-14	1	0	3.87675444694312	5.1239734120545
FARP2	NRP1	R-HSA-399956	REACTOME_CRMPS_IN_SEMA3A_SIGNALING	1.6609351305616e-106	2.45185662130521e-106	1.41509133534125	1.3623135065631	9.09444005089805e-25	1	5	10	9.74481995421765e-15	1	0	3.11012663184584	2.32253836071393
GNAS	ADCY1	R-HSA-977443	REACTOME_GABA_RECEPTOR_ACTIVATION	1.80898473910949e-106	2.66195539141111e-106	3.7253336135429	10.2014414560231	2.61579316977587e-36	1	5	10	8.30992305984145e-13	1	0	7.31617375403125	5.92201895166161
GNAS	ADCY1	R-HSA-977444	REACTOME_GABA_B_RECEPTOR_ACTIVATION	1.80898473910949e-106	2.66195539141111e-106	3.7253336135429	10.2014414560231	2.61579316977587e-36	1	5	10	8.30992305984145e-13	1	0	7.31617375403125	5.92201895166161
TLN1	ITGB5	R-HSA-1566948	REACTOME_ELASTIC_FIBRE_FORMATION	2.85025140616842e-106	4.18757315598204e-106	1.60275952856363	2.57684153447841	5.91680476429989e-29	1	6	11	4.67493080999693e-14	1	0	-5.89653156592724	7.06105519464433
GNAS	ADCY9	R-HSA-111931	REACTOME_PKA_MEDIATED_PHOSPHORYLATION_OF_CREB	3.12574694219234e-106	4.58508620857867e-106	3.7253336135429	2.06150928024925	2.55494276052019e-29	1	6	12	3.96646040718126e-12	1	0	7.31617375403125	-5.68535622757741
CALM3	ADCY8	R-HSA-111931	REACTOME_PKA_MEDIATED_PHOSPHORYLATION_OF_CREB	3.58622652853821e-106	5.25226877407958e-106	1.16716372044699	17.348369613788	2.93133247064706e-29	1	6	12	3.96646040718126e-12	1	0	4.91910786257586	5.45913134583374
ADAM15	ITGA5	R-HSA-445144	REACTOME_SIGNAL_TRANSDUCTION_BY_L1	5.04376797752837e-106	7.37532109921601e-106	1.01265127124354	2.55548806645391	2.3532918383655e-27	1	8	15	4.90136231898285e-11	1	0	5.90480276034764	7.02263960712023
GNAS	ADCY7	R-HSA-111931	REACTOME_PKA_MEDIATED_PHOSPHORYLATION_OF_CREB	5.47528074531504e-106	7.99373797981631e-106	3.7253336135429	1.27908574014702	4.47541952716321e-29	1	6	12	3.96646040718126e-12	1	0	7.31617375403125	6.20114159335363
ADAM15	ITGA9	R-HSA-445144	REACTOME_SIGNAL_TRANSDUCTION_BY_L1	5.7840020310624e-106	8.43122553117247e-106	1.01265127124354	8.09059973976369	2.69866592464841e-27	1	8	15	4.90136231898285e-11	1	0	5.90480276034764	5.1239734120545
TGFB1	ITGB5	R-HSA-3000170	REACTOME_SYNDECAN_INTERACTIONS	1.81532886910883e-105	2.64202793156685e-105	2.95359173998466	2.57684153447841	1.83280484799567e-33	1	4	8	1.72424719251636e-15	1	0	-3.09377331019866	7.06105519464433
C5	C5AR1	R-HSA-166658	REACTOME_COMPLEMENT_CASCADE	2.2215278686829e-105	3.22815768417984e-105	9.29232911290068	16.0024771656886	6.55216139399919e-39	1	3	7	2.76131606733729e-14	1	0	6.74818281693681	5.20519310771212
ADAM15	ITGA9	R-HSA-216083	REACTOME_INTEGRIN_CELL_SURFACE_INTERACTIONS	2.23206131278735e-105	3.23840408875543e-105	1.01265127124354	8.09059973976369	2.69866592464841e-27	1	4	9	4.62680633629856e-14	1	0	5.90480276034764	5.1239734120545
COL9A2	ITGA2	R-HSA-8874081	REACTOME_MET_ACTIVATES_PTK2_SIGNALING	1.70296134315163e-104	2.46690661858414e-104	6.82126276261219	1.25765311660448	3.53515825543381e-27	1	6	11	4.67493080999693e-14	1	0	7.77652359002812	5.13588672337162
GNAS	ADCY9	R-HSA-9660821	REACTOME_ADORA2B_MEDIATED_ANTI_INFLAMMATORY_CYTOKINES_PRODUCTION	2.77574563010937e-104	4.01468652566363e-104	3.7253336135429	2.06150928024925	2.55494276052019e-29	1	8	16	1.65855655920926e-09	1	0	7.31617375403125	-5.68535622757741
GNAS	ADCY8	R-HSA-977443	REACTOME_GABA_RECEPTOR_ACTIVATION	3.14733905322879e-104	4.53802375116709e-104	3.7253336135429	17.348369613788	4.5510544231885e-34	1	5	10	8.30992305984145e-13	1	0	7.31617375403125	5.45913134583374
GNAS	ADCY8	R-HSA-977444	REACTOME_GABA_B_RECEPTOR_ACTIVATION	3.14733905322879e-104	4.53802375116709e-104	3.7253336135429	17.348369613788	4.5510544231885e-34	1	5	10	8.30992305984145e-13	1	0	7.31617375403125	5.45913134583374
CALM3	ADCY8	R-HSA-9660821	REACTOME_ADORA2B_MEDIATED_ANTI_INFLAMMATORY_CYTOKINES_PRODUCTION	3.18466363377145e-104	4.58473247586292e-104	1.16716372044699	17.348369613788	2.93133247064706e-29	1	8	16	1.65855655920926e-09	1	0	4.91910786257586	5.45913134583374
GNAS	ADCY7	R-HSA-9660821	REACTOME_ADORA2B_MEDIATED_ANTI_INFLAMMATORY_CYTOKINES_PRODUCTION	4.86219354397597e-104	6.9889335330721e-104	3.7253336135429	1.27908574014702	4.47541952716321e-29	1	8	16	1.65855655920926e-09	1	0	7.31617375403125	6.20114159335363
COL6A3	ITGA2	R-HSA-8874081	REACTOME_MET_ACTIVATES_PTK2_SIGNALING	1.51368183923456e-103	2.1724137507533e-103	7.52712334550539	1.25765311660448	3.1422350669259e-26	1	6	11	4.67493080999693e-14	1	0	4.51573287516013	5.13588672337162
C5	C5AR2	R-HSA-166658	REACTOME_COMPLEMENT_CASCADE	9.68426575520639e-103	1.38772991561509e-102	9.29232911290068	9.97694056361996	2.85627171754148e-36	1	3	7	2.76131606733729e-14	1	0	6.74818281693681	-1.35996059598909
C3	C5AR2	R-HSA-166658	REACTOME_COMPLEMENT_CASCADE	4.27919245316791e-102	6.12253689453254e-102	4.13985953669678	9.97694056361996	1.26210253692485e-35	1	3	7	2.76131606733729e-14	1	0	6.43350458535656	-1.35996059598909
B2M	TFRC	R-HSA-9013408	REACTOME_RHOG_GTPASE_CYCLE	4.52891713307129e-102	6.46988161867328e-102	2.64498857550919	1.61072018692503	1.03075838890181e-25	1	5	10	7.70588796051193e-14	1	0	-3.41500679605085	6.3040254268924
GNAS	ADCY1	R-HSA-164378	REACTOME_PKA_ACTIVATION_IN_GLUCAGON_SIGNALLING	4.70636987718613e-102	6.71307359782685e-102	3.7253336135429	10.2014414560231	2.61579316977587e-36	1	6	11	3.96646040718126e-12	1	0	7.31617375403125	5.92201895166161
TGFB1	SDC2	R-HSA-3000170	REACTOME_SYNDECAN_INTERACTIONS	8.39430493204932e-102	1.19551356612647e-101	2.95359173998466	6.90301337760225	8.25731285895557e-37	1	4	8	4.48257167852063e-14	1	0	-3.09377331019866	-3.92777998958391
FYN	KIT	R-HSA-9669938	REACTOME_SIGNALING_BY_KIT_IN_DISEASE	2.52292172181946e-101	3.58764098056896e-101	1.48425704472725	14.0899318619109	4.74969726623336e-27	1	8	15	1.73614604980369e-10	1	0	-4.20077016325016	4.46025008592032
PDGFA	PDGFRA	R-HSA-9671555	REACTOME_SIGNALING_BY_PDGFR_IN_DISEASE	2.74623339287263e-101	3.89923214560541e-101	1.83624093306308	1.13245821113078	6.56419017538382e-25	1	8	15	9.47601588364181e-11	1	0	4.81000362654467	3.99731112577433
IL16	GRIN2D	R-HSA-6794362	REACTOME_PROTEIN_PROTEIN_INTERACTIONS_AT_SYNAPSES	4.53980065818337e-101	6.43599788431484e-101	7.2581482602989	5.03524915710015	3.23430036802397e-34	1	7	14	1.61700976018982e-09	1	0	4.55383547334455	-5.14265179748115
TLN1	ITGB5	R-HSA-3000170	REACTOME_SYNDECAN_INTERACTIONS	5.8603874347345e-101	8.29552559254655e-101	1.60275952856363	2.57684153447841	5.91680476429989e-29	1	4	8	1.72424719251636e-15	1	0	-5.89653156592724	7.06105519464433
GNAS	ADCY9	R-HSA-977443	REACTOME_GABA_RECEPTOR_ACTIVATION	9.24946425784929e-101	1.30531134443093e-100	3.7253336135429	2.06150928024925	2.55494276052019e-29	1	5	10	5.08314663355948e-13	1	0	7.31617375403125	-5.68535622757741
GNAS	ADCY9	R-HSA-977444	REACTOME_GABA_B_RECEPTOR_ACTIVATION	9.24946425784929e-101	1.30531134443093e-100	3.7253336135429	2.06150928024925	2.55494276052019e-29	1	5	10	5.08314663355948e-13	1	0	7.31617375403125	-5.68535622757741
GNAS	ADCY7	R-HSA-977443	REACTOME_GABA_RECEPTOR_ACTIVATION	1.62020197066758e-100	2.27955799201339e-100	3.7253336135429	1.27908574014702	4.47541952716321e-29	1	5	10	5.08314663355948e-13	1	0	7.31617375403125	6.20114159335363
GNAS	ADCY7	R-HSA-977444	REACTOME_GABA_B_RECEPTOR_ACTIVATION	1.62020197066758e-100	2.27955799201339e-100	3.7253336135429	1.27908574014702	4.47541952716321e-29	1	5	10	5.08314663355948e-13	1	0	7.31617375403125	6.20114159335363
GNAS	ADCY8	R-HSA-164378	REACTOME_PKA_ACTIVATION_IN_GLUCAGON_SIGNALLING	8.18831767519459e-100	1.15032257370558e-99	3.7253336135429	17.348369613788	4.5510544231885e-34	1	6	11	3.96646040718126e-12	1	0	7.31617375403125	5.45913134583374
CALM3	ADCY8	R-HSA-977443	REACTOME_GABA_RECEPTOR_ACTIVATION	2.02719992005752e-99	2.83930109285164e-99	1.16716372044699	17.348369613788	2.93133247064706e-29	1	5	10	8.30992305984145e-13	1	0	4.91910786257586	5.45913134583374
CALM3	ADCY8	R-HSA-977444	REACTOME_GABA_B_RECEPTOR_ACTIVATION	2.02719992005752e-99	2.83930109285164e-99	1.16716372044699	17.348369613788	2.93133247064706e-29	1	5	10	8.30992305984145e-13	1	0	4.91910786257586	5.45913134583374
FABP5	RXRA	R-HSA-9839394	REACTOME_TGFBR3_EXPRESSION	2.29861307538324e-99	3.21460174452092e-99	12.4802691404467	2.10216678121164	2.51512024274717e-33	1	8	15	1.85799625052815e-09	1	0	-5.89742976660913	-5.32763144612348
NTS	NGFR	R-HSA-193639	REACTOME_P75NTR_SIGNALS_VIA_NF_KB	2.64871940865195e-98	3.69866223730677e-98	8.75457506671987	3.32092124366156	1.3130180752581e-26	1	7	13	1.97583508259386e-11	1	0	6.92268695516757	1.38075447202657
C3	C3AR1	R-HSA-166658	REACTOME_COMPLEMENT_CASCADE	3.09224013769058e-98	4.31151923246213e-98	4.13985953669678	4.11191343841219	9.12023510340352e-32	1	3	7	2.76131606733729e-14	1	0	6.43350458535656	6.00420659517145
SPP1	ITGB5	R-HSA-2129379	REACTOME_MOLECULES_ASSOCIATED_WITH_ELASTIC_FIBRES	8.5401720448105e-98	1.18897604815476e-97	5.32327069780505	2.57684153447841	6.95251493051319e-35	1	5	10	1.34230304486817e-11	1	0	7.30748082876017	7.06105519464433
UBC	TLR4	R-HSA-5260271	REACTOME_DISEASES_OF_IMMUNE_SYSTEM	2.63270568848499e-97	3.6598150826473e-97	3.56054014633095	6.38102530703386	5.9117105564857e-31	1	8	15	1.69831242191998e-09	1	0	-6.14929019694352	6.25682664195776
ABCA1	RXRA	R-HSA-9839394	REACTOME_TGFBR3_EXPRESSION	7.9347632549918e-97	1.10139251151379e-96	5.33280661171401	2.10216678121164	8.68214137375383e-31	1	8	15	1.85799625052815e-09	1	0	-5.99112378359814	-5.32763144612348
TGFB1	ITGB5	R-HSA-2129379	REACTOME_MOLECULES_ASSOCIATED_WITH_ELASTIC_FIBRES	2.25133910288351e-96	3.12033586539741e-96	2.95359173998466	2.57684153447841	1.83280484799567e-33	1	5	10	1.34230304486817e-11	1	0	-3.09377331019866	7.06105519464433
COL7A1	ITGA2	R-HSA-8874081	REACTOME_MET_ACTIVATES_PTK2_SIGNALING	3.54952208587242e-96	4.91228502955557e-96	1.35393245943373	1.25765311660448	7.36841288569357e-19	1	6	11	4.67493080999693e-14	1	0	2.308383588934	5.13588672337162
FYN	KIT	R-HSA-8864260	REACTOME_TRANSCRIPTIONAL_REGULATION_BY_THE_AP_2_TFAP2_FAMILY_OF_TRANSCRIPTION_FACTORS	5.17188675136846e-96	7.14688659550174e-96	1.48425704472725	14.0899318619109	4.74969726623336e-27	1	7	13	4.8536293782786e-11	1	0	-4.20077016325016	4.46025008592032
TGFB1	TGFBR1	R-HSA-5689603	REACTOME_UCH_PROTEINASES	1.53289711404244e-95	2.11512509801108e-95	2.95359173998466	1.03975778026108	1.32879117899083e-26	1	9	17	7.12720151370354e-09	1	0	-3.09377331019866	6.70932710455252
FYN	NRP1	R-HSA-445144	REACTOME_SIGNAL_TRANSDUCTION_BY_L1	2.94124443072073e-95	4.05238121565967e-95	1.48425704472725	1.3623135065631	2.52231556077407e-26	1	7	13	4.90136231898285e-11	1	0	-4.20077016325016	2.32253836071393
GNAS	ADCY9	R-HSA-164378	REACTOME_PKA_ACTIVATION_IN_GLUCAGON_SIGNALLING	4.5968870111689e-95	6.32411970471461e-95	3.7253336135429	2.06150928024925	2.55494276052019e-29	1	6	11	3.96646040718126e-12	1	0	7.31617375403125	-5.68535622757741
CALM3	ADCY8	R-HSA-164378	REACTOME_PKA_ACTIVATION_IN_GLUCAGON_SIGNALLING	5.27409238592553e-95	7.24506044152252e-95	1.16716372044699	17.348369613788	2.93133247064706e-29	1	6	11	3.96646040718126e-12	1	0	4.91910786257586	5.45913134583374
GNAS	ADCY1	R-HSA-163359	REACTOME_GLUCAGON_SIGNALING_IN_METABOLIC_REGULATION	7.15221400872477e-95	9.78170445310888e-95	3.7253336135429	10.2014414560231	2.61579316977587e-36	1	6	12	1.65855655920926e-09	1	0	7.31617375403125	5.92201895166161
GNAS	ADCY1	R-HSA-432040	REACTOME_VASOPRESSIN_REGULATES_RENAL_WATER_HOMEOSTASIS_VIA_AQUAPORINS	7.15221400872477e-95	9.78170445310888e-95	3.7253336135429	10.2014414560231	2.61579316977587e-36	1	6	12	1.65855655920926e-09	1	0	7.31617375403125	5.92201895166161
GNAS	ADCY1	R-HSA-445717	REACTOME_AQUAPORIN_MEDIATED_TRANSPORT	7.15221400872477e-95	9.78170445310888e-95	3.7253336135429	10.2014414560231	2.61579316977587e-36	1	6	12	1.65855655920926e-09	1	0	7.31617375403125	5.92201895166161
GNAS	ADCY7	R-HSA-164378	REACTOME_PKA_ACTIVATION_IN_GLUCAGON_SIGNALLING	8.05223436385693e-95	1.09964434043861e-94	3.7253336135429	1.27908574014702	4.47541952716321e-29	1	6	11	3.96646040718126e-12	1	0	7.31617375403125	6.20114159335363
VCAN	TLR2	R-HSA-5260271	REACTOME_DISEASES_OF_IMMUNE_SYSTEM	2.37365257587828e-94	3.23679896710675e-94	1.85907108912757	5.75479965189381	5.3300097506623e-28	1	8	15	1.69831242191998e-09	1	0	4.53741890610367	-6.31018049386903
GNAS	ADCY1	R-HSA-170670	REACTOME_ADENYLATE_CYCLASE_INHIBITORY_PATHWAY	2.79947514953663e-94	3.81187685075998e-94	3.7253336135429	10.2014414560231	2.61579316977587e-36	1	3	7	1.3850043218345e-12	1	0	7.31617375403125	5.92201895166161
FYN	NRP1	R-HSA-399954	REACTOME_SEMA3A_PAK_DEPENDENT_AXON_REPULSION	2.95081903607697e-94	4.0120785139643e-94	1.48425704472725	1.3623135065631	2.52231556077407e-26	1	6	11	1.71366384316542e-12	1	0	-4.20077016325016	2.32253836071393
FABP5	RXRA	R-HSA-211859	REACTOME_BIOLOGICAL_OXIDATIONS	3.39345306799703e-94	4.60045386769277e-94	12.4802691404467	2.10216678121164	2.51512024274717e-33	1	4	9	3.42216178060615e-11	1	0	-5.89742976660913	-5.32763144612348
FABP5	RXRA	R-HSA-211945	REACTOME_PHASE_I_FUNCTIONALIZATION_OF_COMPOUNDS	3.39345306799703e-94	4.60045386769277e-94	12.4802691404467	2.10216678121164	2.51512024274717e-33	1	4	9	3.42216178060615e-11	1	0	-5.89742976660913	-5.32763144612348
FABP5	RXRA	R-HSA-9843743	REACTOME_TRANSCRIPTIONAL_REGULATION_OF_BROWN_AND_BEIGE_ADIPOCYTE_DIFFERENTIATION	3.5283618909075e-94	4.77638509249488e-94	12.4802691404467	2.10216678121164	2.51512024274717e-33	1	6	11	2.59255433468841e-11	1	0	-5.89742976660913	-5.32763144612348
FARP2	NRP1	R-HSA-445144	REACTOME_SIGNAL_TRANSDUCTION_BY_L1	1.06049265072997e-93	1.43351477496929e-93	1.41509133534125	1.3623135065631	9.09444005089805e-25	1	7	13	4.90136231898285e-11	1	0	3.11012663184584	2.32253836071393
UBC	TLR4	R-HSA-936964	REACTOME_ACTIVATION_OF_IRF3_IRF7_MEDIATED_BY_TBK1_IKK_IKBKE	2.09532473610631e-93	2.82823222725525e-93	3.56054014633095	6.38102530703386	5.9117105564857e-31	1	5	10	1.60159339581819e-11	1	0	-6.14929019694352	6.25682664195776
FYN	FLT3	R-HSA-9703648	REACTOME_SIGNALING_BY_FLT3_ITD_AND_TKD_MUTANTS	6.08668655640619e-93	8.20379492385182e-93	1.48425704472725	8.46496856255924	6.72216504562034e-28	1	7	13	1.76218130148965e-10	1	0	-4.20077016325016	-5.71320510130856
FARP2	NRP1	R-HSA-399954	REACTOME_SEMA3A_PAK_DEPENDENT_AXON_REPULSION	1.06394486249037e-92	1.43193736919832e-92	1.41509133534125	1.3623135065631	9.09444005089805e-25	1	6	11	1.71366384316542e-12	1	0	3.11012663184584	2.32253836071393
GNAS	ADCY8	R-HSA-163359	REACTOME_GLUCAGON_SIGNALING_IN_METABOLIC_REGULATION	1.24436884292295e-92	1.6675259710639e-92	3.7253336135429	17.348369613788	4.5510544231885e-34	1	6	12	1.65855655920926e-09	1	0	7.31617375403125	5.45913134583374
GNAS	ADCY8	R-HSA-432040	REACTOME_VASOPRESSIN_REGULATES_RENAL_WATER_HOMEOSTASIS_VIA_AQUAPORINS	1.24436884292295e-92	1.6675259710639e-92	3.7253336135429	17.348369613788	4.5510544231885e-34	1	6	12	1.65855655920926e-09	1	0	7.31617375403125	5.45913134583374
GNAS	ADCY8	R-HSA-445717	REACTOME_AQUAPORIN_MEDIATED_TRANSPORT	1.24436884292295e-92	1.6675259710639e-92	3.7253336135429	17.348369613788	4.5510544231885e-34	1	6	12	1.65855655920926e-09	1	0	7.31617375403125	5.45913134583374
UBC	TGFBR1	R-HSA-5689603	REACTOME_UCH_PROTEINASES	3.32472874355992e-92	4.44891759929601e-92	3.56054014633095	1.03975778026108	2.88203962712749e-23	1	9	17	7.12720151370354e-09	1	0	-6.14929019694352	6.70932710455252
GNAS	ADCY8	R-HSA-170670	REACTOME_ADENYLATE_CYCLASE_INHIBITORY_PATHWAY	4.87063117570439e-92	6.50817096753603e-92	3.7253336135429	17.348369613788	4.5510544231885e-34	1	3	7	1.3850043218345e-12	1	0	7.31617375403125	5.45913134583374
EBI3	IL12RB2	R-HSA-447115	REACTOME_INTERLEUKIN_12_FAMILY_SIGNALING	5.35219472308976e-92	7.14137889881417e-92	5.11335407856392	12.8460379300413	8.80028660087626e-34	1	4	9	9.47601588364181e-11	1	0	4.14134705164368	2.36765014129531
TLN1	ITGB5	R-HSA-2129379	REACTOME_MOLECULES_ASSOCIATED_WITH_ELASTIC_FIBRES	7.26794996453833e-92	9.68365826220723e-92	1.60275952856363	2.57684153447841	5.91680476429989e-29	1	5	10	1.34230304486817e-11	1	0	-5.89653156592724	7.06105519464433
FABP5	RXRA	R-HSA-4090294	REACTOME_SUMOYLATION_OF_INTRACELLULAR_RECEPTORS	8.31058152684758e-92	1.10569968812135e-91	12.4802691404467	2.10216678121164	2.51512024274717e-33	1	6	11	6.44276245025235e-11	1	0	-5.89742976660913	-5.32763144612348
ABCA1	RXRA	R-HSA-211859	REACTOME_BIOLOGICAL_OXIDATIONS	1.17141275318782e-91	1.55408539295959e-91	5.33280661171401	2.10216678121164	8.68214137375383e-31	1	4	9	3.42216178060615e-11	1	0	-5.99112378359814	-5.32763144612348
ABCA1	RXRA	R-HSA-211945	REACTOME_PHASE_I_FUNCTIONALIZATION_OF_COMPOUNDS	1.17141275318782e-91	1.55408539295959e-91	5.33280661171401	2.10216678121164	8.68214137375383e-31	1	4	9	3.42216178060615e-11	1	0	-5.99112378359814	-5.32763144612348
ABCA1	RXRA	R-HSA-9843743	REACTOME_TRANSCRIPTIONAL_REGULATION_OF_BROWN_AND_BEIGE_ADIPOCYTE_DIFFERENTIATION	1.21798299079189e-91	1.61356721002345e-91	5.33280661171401	2.10216678121164	8.68214137375383e-31	1	6	11	2.59255433468841e-11	1	0	-5.99112378359814	-5.32763144612348
IL16	GRIN2D	R-HSA-9609736	REACTOME_ASSEMBLY_AND_CELL_SURFACE_PRESENTATION_OF_NMDA_RECEPTORS	1.2843444543572e-91	1.69906165370155e-91	7.2581482602989	5.03524915710015	3.23430036802397e-34	1	4	8	1.47964933991412e-12	1	0	4.55383547334455	-5.14265179748115
B2M	TFRC	R-HSA-9013406	REACTOME_RHOQ_GTPASE_CYCLE	6.55171975141088e-91	8.65497069433539e-91	2.64498857550919	1.61072018692503	1.03075838890181e-25	1	6	12	1.87097379130563e-10	1	0	-3.41500679605085	6.3040254268924
B2M	TFRC	R-HSA-9013409	REACTOME_RHOJ_GTPASE_CYCLE	2.779952657498e-90	3.66717159074204e-90	2.64498857550919	1.61072018692503	1.03075838890181e-25	1	6	11	6.22832075299784e-12	1	0	-3.41500679605085	6.3040254268924
ABCA1	RXRA	R-HSA-4090294	REACTOME_SUMOYLATION_OF_INTRACELLULAR_RECEPTORS	2.86879499786407e-89	3.77900757509007e-89	5.33280661171401	2.10216678121164	8.68214137375383e-31	1	6	11	6.44276245025235e-11	1	0	-5.99112378359814	-5.32763144612348
ALOX5AP	ALOX5	R-HSA-2142753	REACTOME_ARACHIDONIC_ACID_METABOLISM	1.26659971747459e-88	1.66610712482513e-88	16.6901374530266	10.6309469507678	6.65384715883628e-34	1	4	8	5.08477697294257e-12	1	0	-6.12945837369949	5.84430661794989
NTS	NGFR	R-HSA-209543	REACTOME_P75NTR_RECRUITS_SIGNALLING_COMPLEXES	1.6405454086444e-88	2.15191428778462e-88	8.75457506671987	3.32092124366156	1.3130180752581e-26	1	5	10	1.97583508259386e-11	1	0	6.92268695516757	1.38075447202657
NTS	NGFR	R-HSA-209560	REACTOME_NF_KB_IS_ACTIVATED_AND_SIGNALS_SURVIVAL	1.6405454086444e-88	2.15191428778462e-88	8.75457506671987	3.32092124366156	1.3130180752581e-26	1	5	10	1.97583508259386e-11	1	0	6.92268695516757	1.38075447202657
GNAS	ADCY9	R-HSA-170670	REACTOME_ADENYLATE_CYCLASE_INHIBITORY_PATHWAY	2.12623196097817e-88	2.78506439959112e-88	3.7253336135429	2.06150928024925	2.55494276052019e-29	1	3	7	8.30992305984145e-13	1	0	7.31617375403125	-5.68535622757741
COL9A2	ITGA2	R-HSA-3000157	REACTOME_LAMININ_INTERACTIONS	2.35781365913336e-88	3.0840600604698e-88	6.82126276261219	1.25765311660448	3.53515825543381e-27	1	4	8	2.60152344607501e-13	1	0	7.77652359002812	5.13588672337162
GNAS	ADCY7	R-HSA-170670	REACTOME_ADENYLATE_CYCLASE_INHIBITORY_PATHWAY	3.72445918729811e-88	4.86481326430792e-88	3.7253336135429	1.27908574014702	4.47541952716321e-29	1	3	7	8.30992305984145e-13	1	0	7.31617375403125	6.20114159335363
GNAS	ADCY9	R-HSA-163359	REACTOME_GLUCAGON_SIGNALING_IN_METABOLIC_REGULATION	6.98583420678027e-88	9.08646966756035e-88	3.7253336135429	2.06150928024925	2.55494276052019e-29	1	6	12	1.65855655920926e-09	1	0	7.31617375403125	-5.68535622757741
GNAS	ADCY9	R-HSA-432040	REACTOME_VASOPRESSIN_REGULATES_RENAL_WATER_HOMEOSTASIS_VIA_AQUAPORINS	6.98583420678027e-88	9.08646966756035e-88	3.7253336135429	2.06150928024925	2.55494276052019e-29	1	6	12	1.65855655920926e-09	1	0	7.31617375403125	-5.68535622757741
GNAS	ADCY9	R-HSA-445717	REACTOME_AQUAPORIN_MEDIATED_TRANSPORT	6.98583420678027e-88	9.08646966756035e-88	3.7253336135429	2.06150928024925	2.55494276052019e-29	1	6	12	1.65855655920926e-09	1	0	7.31617375403125	-5.68535622757741
CALM3	ADCY8	R-HSA-163359	REACTOME_GLUCAGON_SIGNALING_IN_METABOLIC_REGULATION	8.01497511463725e-88	1.03815137278728e-87	1.16716372044699	17.348369613788	2.93133247064706e-29	1	6	12	1.65855655920926e-09	1	0	4.91910786257586	5.45913134583374
CALM3	ADCY8	R-HSA-432040	REACTOME_VASOPRESSIN_REGULATES_RENAL_WATER_HOMEOSTASIS_VIA_AQUAPORINS	8.01497511463725e-88	1.03815137278728e-87	1.16716372044699	17.348369613788	2.93133247064706e-29	1	6	12	1.65855655920926e-09	1	0	4.91910786257586	5.45913134583374
CALM3	ADCY8	R-HSA-445717	REACTOME_AQUAPORIN_MEDIATED_TRANSPORT	8.01497511463725e-88	1.03815137278728e-87	1.16716372044699	17.348369613788	2.93133247064706e-29	1	6	12	1.65855655920926e-09	1	0	4.91910786257586	5.45913134583374
NTS	NGFR	R-HSA-193648	REACTOME_NRAGE_SIGNALS_DEATH_THROUGH_JNK	9.35453657218223e-88	1.20997482783442e-87	8.75457506671987	3.32092124366156	1.3130180752581e-26	1	5	10	2.64092631194663e-11	1	0	6.92268695516757	1.38075447202657
GNAS	ADCY7	R-HSA-163359	REACTOME_GLUCAGON_SIGNALING_IN_METABOLIC_REGULATION	1.22368842487037e-87	1.57621916222915e-87	3.7253336135429	1.27908574014702	4.47541952716321e-29	1	6	12	1.65855655920926e-09	1	0	7.31617375403125	6.20114159335363
GNAS	ADCY7	R-HSA-432040	REACTOME_VASOPRESSIN_REGULATES_RENAL_WATER_HOMEOSTASIS_VIA_AQUAPORINS	1.22368842487037e-87	1.57621916222915e-87	3.7253336135429	1.27908574014702	4.47541952716321e-29	1	6	12	1.65855655920926e-09	1	0	7.31617375403125	6.20114159335363
GNAS	ADCY7	R-HSA-445717	REACTOME_AQUAPORIN_MEDIATED_TRANSPORT	1.22368842487037e-87	1.57621916222915e-87	3.7253336135429	1.27908574014702	4.47541952716321e-29	1	6	12	1.65855655920926e-09	1	0	7.31617375403125	6.20114159335363
COL6A3	ITGA2	R-HSA-3000157	REACTOME_LAMININ_INTERACTIONS	2.09574910815316e-87	2.69577686110988e-87	7.52712334550539	1.25765311660448	3.1422350669259e-26	1	4	8	2.60152344607501e-13	1	0	4.51573287516013	5.13588672337162
CALM3	ADCY8	R-HSA-170670	REACTOME_ADENYLATE_CYCLASE_INHIBITORY_PATHWAY	3.13717173873857e-87	4.0297924268327e-87	1.16716372044699	17.348369613788	2.93133247064706e-29	1	3	7	1.3850043218345e-12	1	0	4.91910786257586	5.45913134583374
FABP5	RXRA	R-HSA-1368108	REACTOME_BMAL1_CLOCK_NPAS2_ACTIVATES_CIRCADIAN_GENE_EXPRESSION	5.1338509390989e-87	6.5854915494648e-87	12.4802691404467	2.10216678121164	2.51512024274717e-33	1	5	10	4.61966891963062e-10	1	0	-5.89742976660913	-5.32763144612348
GNAS	VIPR1	R-HSA-373080	REACTOME_CLASS_B_2_SECRETIN_FAMILY_RECEPTORS	1.7253831314312e-86	2.21020153199865e-86	3.7253336135429	7.08142398024462	4.93114622077583e-33	1	4	8	9.10223720817932e-12	1	0	7.31617375403125	-2.67095828582325
FYN	FLT3	R-HSA-9706369	REACTOME_NEGATIVE_REGULATION_OF_FLT3	3.7037899816776e-86	4.73799818839088e-86	1.48425704472725	8.46496856255924	6.72216504562034e-28	1	4	8	9.96738728547659e-13	1	0	-4.20077016325016	-5.71320510130856
YWHAZ	CSF2RB	R-HSA-912526	REACTOME_INTERLEUKIN_RECEPTOR_SHC_SIGNALING	4.90283653982086e-86	6.26323898630961e-86	2.24541976754868	8.33268809747797	2.85375158074071e-34	1	6	12	1.55203270904312e-08	1	0	5.44331389382614	-3.85656652883
ABCA1	RXRA	R-HSA-1368108	REACTOME_BMAL1_CLOCK_NPAS2_ACTIVATES_CIRCADIAN_GENE_EXPRESSION	1.77219438210041e-84	2.26082410885237e-84	5.33280661171401	2.10216678121164	8.68214137375383e-31	1	5	10	4.61966891963062e-10	1	0	-5.99112378359814	-5.32763144612348
FABP5	RXRA	R-HSA-211897	REACTOME_CYTOCHROME_P450_ARRANGED_BY_SUBSTRATE_TYPE	2.47902679607904e-84	3.15821221966233e-84	12.4802691404467	2.10216678121164	2.51512024274717e-33	1	3	7	3.42216178060615e-11	1	0	-5.89742976660913	-5.32763144612348
PTDSS1	SCARB1	R-HSA-8964043	REACTOME_PLASMA_LIPOPROTEIN_CLEARANCE	3.65941174102192e-84	4.65561274849574e-84	1.08743472455887	2.24668207364338	2.20971030653696e-27	1	9	17	1.59844998913274e-07	1	0	4.73007593856739	-2.20319430388469
UBC	TLR4	R-HSA-9824878	REACTOME_REGULATION_OF_TBK1_IKK_IKBKE_MEDIATED_ACTIVATION_OF_IRF3_IRF7	3.48872650843794e-83	4.43239843285148e-83	3.56054014633095	6.38102530703386	5.9117105564857e-31	1	4	8	1.60159339581819e-11	1	0	-6.14929019694352	6.25682664195776
FABP5	RXRA	R-HSA-5362517	REACTOME_SIGNALING_BY_RETINOIC_ACID	4.58518158202308e-83	5.81748822821482e-83	12.4802691404467	2.10216678121164	2.51512024274717e-33	1	6	12	3.02201137134669e-08	1	0	-5.89742976660913	-5.32763144612348
GNAS	ADCY1	R-HSA-170660	REACTOME_ADENYLATE_CYCLASE_ACTIVATING_PATHWAY	4.81256426769777e-83	6.09766317296857e-83	3.7253336135429	10.2014414560231	2.61579316977587e-36	1	2	5	1.3850043218345e-12	1	0	7.31617375403125	5.92201895166161
UBC	NOTCH1	R-HSA-2122948	REACTOME_ACTIVATED_NOTCH1_TRANSMITS_SIGNAL_TO_THE_NUCLEUS	3.79279595603782e-82	4.79904794437438e-82	3.56054014633095	1.51536285566774	3.67683819302609e-24	1	4	9	1.03482720244728e-10	1	0	-6.14929019694352	-3.93900049718347
ADAM17	NOTCH1	R-HSA-2122948	REACTOME_ACTIVATED_NOTCH1_TRANSMITS_SIGNAL_TO_THE_NUCLEUS	4.54266362518769e-82	5.74005050465292e-82	1.57180540051559	1.51536285566774	4.40378003688051e-24	1	4	9	1.03482720244728e-10	1	0	-5.26760817289518	-3.93900049718347
GNAS	ADCY8	R-HSA-381676	REACTOME_GLUCAGON_LIKE_PEPTIDE_1_GLP1_REGULATES_INSULIN_SECRETION	7.46690470378114e-82	9.4222813765488e-82	3.7253336135429	17.348369613788	4.5510544231885e-34	1	7	14	3.91006762971235e-07	1	0	7.31617375403125	5.45913134583374
ABCA1	RXRA	R-HSA-211897	REACTOME_CYTOCHROME_P450_ARRANGED_BY_SUBSTRATE_TYPE	8.55754756654224e-82	1.07839014049923e-81	5.33280661171401	2.10216678121164	8.68214137375383e-31	1	3	7	3.42216178060615e-11	1	0	-5.99112378359814	-5.32763144612348
MMP12	PLAUR	R-HSA-163125	REACTOME_POST_TRANSLATIONAL_MODIFICATION_SYNTHESIS_OF_GPI_ANCHORED_PROTEINS	5.61570557273895e-81	7.06712609289204e-81	16.8611763233323	3.51388367055926	5.68104724200248e-34	1	4	9	7.00029122427695e-09	1	0	0.969424842369109	-2.15217704758556
PDGFA	PDGFRA	R-HSA-9673767	REACTOME_SIGNALING_BY_PDGFRA_TRANSMEMBRANE_JUXTAMEMBRANE_AND_KINASE_DOMAIN_MUTANTS	8.30500888978513e-81	1.04373760371624e-80	1.83624093306308	1.13245821113078	6.56419017538382e-25	1	6	11	1.73614604980369e-10	1	0	4.81000362654467	3.99731112577433
GNAS	ADCY8	R-HSA-170660	REACTOME_ADENYLATE_CYCLASE_ACTIVATING_PATHWAY	8.37307863268926e-81	1.05087221705817e-80	3.7253336135429	17.348369613788	4.5510544231885e-34	1	2	5	1.3850043218345e-12	1	0	7.31617375403125	5.45913134583374
JAG1	NOTCH1	R-HSA-2122948	REACTOME_ACTIVATED_NOTCH1_TRANSMITS_SIGNAL_TO_THE_NUCLEUS	1.27343764045196e-80	1.59608760865273e-80	1.42200275372927	1.51536285566774	1.2345046259072e-22	1	4	9	1.03482720244728e-10	1	0	7.22526333693245	-3.93900049718347
ABCA1	RXRA	R-HSA-5362517	REACTOME_SIGNALING_BY_RETINOIC_ACID	1.58279489158635e-80	1.98115645918615e-80	5.33280661171401	2.10216678121164	8.68214137375383e-31	1	6	12	3.02201137134669e-08	1	0	-5.99112378359814	-5.32763144612348
TGFB1	CXCR4	R-HSA-9823730	REACTOME_FORMATION_OF_DEFINITIVE_ENDODERM	1.7982783305051e-80	2.24784791313138e-80	2.95359173998466	1.54804598353712	3.35524066038888e-26	1	4	9	4.30667772237627e-10	1	0	-3.09377331019866	1.03607444617553
B2M	TFRC	R-HSA-8980692	REACTOME_RHOA_GTPASE_CYCLE	2.77085542370764e-80	3.45892019335316e-80	2.64498857550919	1.61072018692503	1.03075838890181e-25	1	4	9	3.83880697331689e-10	1	0	-3.41500679605085	6.3040254268924
COL7A1	ITGA2	R-HSA-3000157	REACTOME_LAMININ_INTERACTIONS	4.91444605664213e-80	6.12658824755654e-80	1.35393245943373	1.25765311660448	7.36841288569357e-19	1	4	8	2.60152344607501e-13	1	0	2.308383588934	5.13588672337162
TGFB1	CXCR4	R-HSA-380108	REACTOME_CHEMOKINE_RECEPTORS_BIND_CHEMOKINES	2.3538640444176e-79	2.93051346895364e-79	2.95359173998466	1.54804598353712	3.35524066038888e-26	1	2	5	3.44502820621778e-14	1	0	-3.09377331019866	1.03607444617553
UBC	TLR4	R-HSA-5686938	REACTOME_REGULATION_OF_TLR_BY_ENDOGENOUS_LIGAND	8.08991301204709e-79	1.00583143064222e-78	3.56054014633095	6.38102530703386	5.9117105564857e-31	1	1	3	1.35576101632086e-16	1	0	-6.14929019694352	6.25682664195776
UBC	NOTCH1	R-HSA-350054	REACTOME_NOTCH_HLH_TRANSCRIPTION_PATHWAY	8.66124229686125e-79	1.0739940448108e-78	3.56054014633095	1.51536285566774	3.67683819302609e-24	1	6	12	6.05217529953652e-09	1	0	-6.14929019694352	-3.93900049718347
UBC	NOTCH1	R-HSA-9013695	REACTOME_NOTCH4_INTRACELLULAR_DOMAIN_REGULATES_TRANSCRIPTION	8.66124229686125e-79	1.0739940448108e-78	3.56054014633095	1.51536285566774	3.67683819302609e-24	1	6	12	6.05217529953652e-09	1	0	-6.14929019694352	-3.93900049718347
ADAM17	NOTCH1	R-HSA-350054	REACTOME_NOTCH_HLH_TRANSCRIPTION_PATHWAY	1.03736427656369e-78	1.28291060798435e-78	1.57180540051559	1.51536285566774	4.40378003688051e-24	1	6	12	6.05217529953652e-09	1	0	-5.26760817289518	-3.93900049718347
ADAM17	NOTCH1	R-HSA-9013695	REACTOME_NOTCH4_INTRACELLULAR_DOMAIN_REGULATES_TRANSCRIPTION	1.03736427656369e-78	1.28291060798435e-78	1.57180540051559	1.51536285566774	4.40378003688051e-24	1	6	12	6.05217529953652e-09	1	0	-5.26760817289518	-3.93900049718347
UBC	NOTCH1	R-HSA-9793380	REACTOME_FORMATION_OF_PARAXIAL_MESODERM	1.87660248771542e-78	2.31771621988757e-78	3.56054014633095	1.51536285566774	3.67683819302609e-24	1	7	13	6.05217529953652e-09	1	0	-6.14929019694352	-3.93900049718347
ADAM17	NOTCH1	R-HSA-9793380	REACTOME_FORMATION_OF_PARAXIAL_MESODERM	2.24762258731869e-78	2.77226658648061e-78	1.57180540051559	1.51536285566774	4.40378003688051e-24	1	7	13	6.05217529953652e-09	1	0	-5.26760817289518	-3.93900049718347
IL16	CD4	R-HSA-202433	REACTOME_GENERATION_OF_SECOND_MESSENGER_MOLECULES	3.06389509596161e-78	3.77406945595272e-78	7.2581482602989	11.2246017640495	3.67506403541848e-34	1	3	6	4.85548485527369e-12	1	0	4.55383547334455	-5.92611937037602
GDF11	ACVR1B	R-HSA-1502540	REACTOME_SIGNALING_BY_ACTIVIN	3.40272737745445e-78	4.18589478972571e-78	2.6253601188463	1.41831964452396	2.47293753062277e-25	1	5	10	6.34939639281119e-10	1	0	-4.23280308357368	5.22189578175226
B2M	TFRC	R-HSA-9013423	REACTOME_RAC3_GTPASE_CYCLE	4.17566838055143e-78	5.12994926540664e-78	2.64498857550919	1.61072018692503	1.03075838890181e-25	1	3	7	1.80746441353881e-11	1	0	-3.41500679605085	6.3040254268924
GDF11	ACVR2B	R-HSA-1502540	REACTOME_SIGNALING_BY_ACTIVIN	1.65517186470393e-77	2.03075176012487e-77	2.6253601188463	1.24613585232934	1.23529263478952e-23	1	5	10	4.30667772237627e-10	1	0	-4.23280308357368	2.62805426502013
JAG1	NOTCH1	R-HSA-350054	REACTOME_NOTCH_HLH_TRANSCRIPTION_PATHWAY	2.90802671215139e-77	3.55850637144841e-77	1.42200275372927	1.51536285566774	1.2345046259072e-22	1	6	12	6.05217529953652e-09	1	0	7.22526333693245	-3.93900049718347
JAG1	NOTCH1	R-HSA-9013695	REACTOME_NOTCH4_INTRACELLULAR_DOMAIN_REGULATES_TRANSCRIPTION	2.90802671215139e-77	3.55850637144841e-77	1.42200275372927	1.51536285566774	1.2345046259072e-22	1	6	12	6.05217529953652e-09	1	0	7.22526333693245	-3.93900049718347
YWHAZ	CSF2RA	R-HSA-912526	REACTOME_INTERLEUKIN_RECEPTOR_SHC_SIGNALING	2.98202780839878e-77	3.64426525862137e-77	2.24541976754868	1.76575668197968	1.73572308660768e-25	1	6	12	1.55203270904312e-08	1	0	5.44331389382614	-6.31018049386903
FYN	TYROBP	R-HSA-391160	REACTOME_SIGNAL_REGULATORY_PROTEIN_FAMILY_INTERACTIONS	4.34984592861247e-77	5.30886707822781e-77	1.48425704472725	10.9601027395593	2.77369259504401e-33	1	3	7	9.43277021651016e-10	1	0	-4.20077016325016	-5.864730666438
B2M	TYROBP	R-HSA-391160	REACTOME_SIGNAL_REGULATORY_PROTEIN_FAMILY_INTERACTIONS	4.77969902029925e-77	5.82584546379856e-77	2.64498857550919	10.9601027395593	3.04778973708893e-33	1	3	7	9.43277021651016e-10	1	0	-3.41500679605085	-5.864730666438
CALM3	ADCY8	R-HSA-381676	REACTOME_GLUCAGON_LIKE_PEPTIDE_1_GLP1_REGULATES_INSULIN_SECRETION	4.80943055787192e-77	5.85441154295928e-77	1.16716372044699	17.348369613788	2.93133247064706e-29	1	7	14	3.91006762971235e-07	1	0	4.91910786257586	5.45913134583374
SLPI	CD4	R-HSA-202433	REACTOME_GENERATION_OF_SECOND_MESSENGER_MOLECULES	5.14415539816094e-77	6.25367911148978e-77	8.64910048461806	11.2246017640495	6.17028321932533e-33	1	3	6	4.85548485527369e-12	1	0	3.42762688145674	-5.92611937037602
GNAS	ADCY9	R-HSA-170660	REACTOME_ADENYLATE_CYCLASE_ACTIVATING_PATHWAY	6.09199189946343e-77	7.39628259334333e-77	3.7253336135429	2.06150928024925	2.55494276052019e-29	1	2	5	8.30992305984145e-13	1	0	7.31617375403125	-5.68535622757741
JAG1	NOTCH1	R-HSA-9793380	REACTOME_FORMATION_OF_PARAXIAL_MESODERM	6.30072450962817e-77	7.63973115248266e-77	1.42200275372927	1.51536285566774	1.2345046259072e-22	1	7	13	6.05217529953652e-09	1	0	7.22526333693245	-3.93900049718347
GNAS	ADCY7	R-HSA-170660	REACTOME_ADENYLATE_CYCLASE_ACTIVATING_PATHWAY	1.06711664650474e-76	1.29221156412683e-76	3.7253336135429	1.27908574014702	4.47541952716321e-29	1	2	5	8.30992305984145e-13	1	0	7.31617375403125	6.20114159335363
UBC	NOTCH1	R-HSA-5668914	REACTOME_DISEASES_OF_METABOLISM	2.16984284813711e-76	2.62412724157024e-76	3.56054014633095	1.51536285566774	3.67683819302609e-24	1	4	8	1.60159339581819e-11	1	0	-6.14929019694352	-3.93900049718347
ADAM17	NOTCH1	R-HSA-5668914	REACTOME_DISEASES_OF_METABOLISM	2.59883903401521e-76	3.1388575345898e-76	1.57180540051559	1.51536285566774	4.40378003688051e-24	1	4	8	1.60159339581819e-11	1	0	-5.26760817289518	-3.93900049718347
IL16	CD4	R-HSA-389948	REACTOME_PD_1_SIGNALING	2.99490603048638e-76	3.61253256595633e-76	7.2581482602989	11.2246017640495	3.67506403541848e-34	1	2	4	5.84779559540484e-15	1	0	4.55383547334455	-5.92611937037602
UBC	TLR4	R-HSA-5357769	REACTOME_CASPASE_ACTIVATION_VIA_EXTRINSIC_APOPTOTIC_SIGNALLING_PATHWAY	5.30806918975413e-76	6.38616344951015e-76	3.56054014633095	6.38102530703386	5.9117105564857e-31	1	4	8	4.37529195237698e-10	1	0	-6.14929019694352	6.25682664195776
UBC	TLR4	R-HSA-140534	REACTOME_CASPASE_ACTIVATION_VIA_DEATH_RECEPTORS_IN_THE_PRESENCE_OF_LIGAND	5.30806918975413e-76	6.38616344951015e-76	3.56054014633095	6.38102530703386	5.9117105564857e-31	1	4	8	4.37529195237698e-10	1	0	-6.14929019694352	6.25682664195776
CALM3	ADCY8	R-HSA-170660	REACTOME_ADENYLATE_CYCLASE_ACTIVATING_PATHWAY	5.39309685030909e-76	6.4800776108365e-76	1.16716372044699	17.348369613788	2.93133247064706e-29	1	2	5	1.3850043218345e-12	1	0	4.91910786257586	5.45913134583374
VCAN	TLR2	R-HSA-5686938	REACTOME_REGULATION_OF_TLR_BY_ENDOGENOUS_LIGAND	7.29388132660096e-76	8.75265759192115e-76	1.85907108912757	5.75479965189381	5.3300097506623e-28	1	1	3	1.35576101632086e-16	1	0	4.53741890610367	-6.31018049386903
GNAS	ADCY1	R-HSA-442720	REACTOME_CREB1_PHOSPHORYLATION_THROUGH_THE_ACTIVATION_OF_ADENYLATE_CYCLASE	1.70644150144116e-75	2.04509097466531e-75	3.7253336135429	10.2014414560231	2.61579316977587e-36	1	4	8	6.50519018333798e-09	1	0	7.31617375403125	5.92201895166161
FYN	NRP1	R-HSA-399955	REACTOME_SEMA3A_PLEXIN_REPULSION_SIGNALING_BY_INHIBITING_INTEGRIN_ADHESION	4.79939220751684e-75	5.74444627154525e-75	1.48425704472725	1.3623135065631	2.52231556077407e-26	1	4	8	8.05822714640044e-11	1	0	-4.20077016325016	2.32253836071393
SLPI	CD4	R-HSA-389948	REACTOME_PD_1_SIGNALING	5.02832555984622e-75	6.01072335560023e-75	8.64910048461806	11.2246017640495	6.17028321932533e-33	1	2	4	5.84779559540484e-15	1	0	3.42762688145674	-5.92611937037602
EBI3	IL12RB2	R-HSA-8984722	REACTOME_INTERLEUKIN_35_SIGNALLING	6.99414546874083e-75	8.34987841582666e-75	5.11335407856392	12.8460379300413	8.80028660087626e-34	1	3	7	3.27796043718712e-09	1	0	4.14134705164368	2.36765014129531
JAG1	NOTCH1	R-HSA-5668914	REACTOME_DISEASES_OF_METABOLISM	7.28528396652757e-75	8.68630011393672e-75	1.42200275372927	1.51536285566774	1.2345046259072e-22	1	4	8	1.60159339581819e-11	1	0	7.22526333693245	-3.93900049718347
BMP2	ACVR2B	R-HSA-1502540	REACTOME_SIGNALING_BY_ACTIVIN	3.4773782265731e-74	4.14079609566323e-74	1.08247948807465	1.24613585232934	2.59524693674729e-20	1	5	10	4.30667772237627e-10	1	0	2.2543726991538	2.62805426502013
FARP2	NRP1	R-HSA-399955	REACTOME_SEMA3A_PLEXIN_REPULSION_SIGNALING_BY_INHIBITING_INTEGRIN_ADHESION	1.73046487088294e-73	2.05796973135694e-73	1.41509133534125	1.3623135065631	9.09444005089805e-25	1	4	8	8.05822714640044e-11	1	0	3.11012663184584	2.32253836071393
UBC	TLR4	R-HSA-5603041	REACTOME_IRAK4_DEFICIENCY_TLR2_4	1.75396261626774e-73	2.0830163630657e-73	3.56054014633095	6.38102530703386	5.9117105564857e-31	1	3	7	1.69831242191998e-09	1	0	-6.14929019694352	6.25682664195776
UBC	TLR4	R-HSA-937072	REACTOME_TRAF6_MEDIATED_INDUCTION_OF_TAK1_COMPLEX_WITHIN_TLR4_COMPLEX	1.7560051920898e-73	2.0830163630657e-73	3.56054014633095	6.38102530703386	5.9117105564857e-31	1	5	10	3.35041726581992e-08	1	0	-6.14929019694352	6.25682664195776
GNAS	ADCY8	R-HSA-442720	REACTOME_CREB1_PHOSPHORYLATION_THROUGH_THE_ACTIVATION_OF_ADENYLATE_CYCLASE	2.96893050749561e-73	3.51733168403938e-73	3.7253336135429	17.348369613788	4.5510544231885e-34	1	4	8	6.50519018333798e-09	1	0	7.31617375403125	5.45913134583374
UBC	NOTCH1	R-HSA-186712	REACTOME_REGULATION_OF_BETA_CELL_DEVELOPMENT	3.79457205248988e-71	4.48405591971485e-71	3.56054014633095	1.51536285566774	3.67683819302609e-24	1	5	10	6.05217529953652e-09	1	0	-6.14929019694352	-3.93900049718347
UBC	NOTCH1	R-HSA-8941856	REACTOME_RUNX3_REGULATES_NOTCH_SIGNALING	3.79457205248988e-71	4.48405591971485e-71	3.56054014633095	1.51536285566774	3.67683819302609e-24	1	5	10	6.05217529953652e-09	1	0	-6.14929019694352	-3.93900049718347
ADAM17	NOTCH1	R-HSA-186712	REACTOME_REGULATION_OF_BETA_CELL_DEVELOPMENT	4.54479087085055e-71	5.35697783256149e-71	1.57180540051559	1.51536285566774	4.40378003688051e-24	1	5	10	6.05217529953652e-09	1	0	-5.26760817289518	-3.93900049718347
ADAM17	NOTCH1	R-HSA-8941856	REACTOME_RUNX3_REGULATES_NOTCH_SIGNALING	4.54479087085055e-71	5.35697783256149e-71	1.57180540051559	1.51536285566774	4.40378003688051e-24	1	5	10	6.05217529953652e-09	1	0	-5.26760817289518	-3.93900049718347
VCAN	TLR2	R-HSA-5603041	REACTOME_IRAK4_DEFICIENCY_TLR2_4	1.58137611063314e-70	1.86161997834028e-70	1.85907108912757	5.75479965189381	5.3300097506623e-28	1	3	7	1.69831242191998e-09	1	0	4.53741890610367	-6.31018049386903
IL16	CD4	R-HSA-449836	REACTOME_OTHER_INTERLEUKIN_SIGNALING	2.59385453646884e-70	3.04966462568397e-70	7.2581482602989	11.2246017640495	3.67506403541848e-34	1	2	4	5.60902588999106e-13	1	0	4.55383547334455	-5.92611937037602
GDF11	ACVR1B	R-HSA-1181150	REACTOME_SIGNALING_BY_NODAL	2.67069320141839e-70	3.13604125924129e-70	2.6253601188463	1.41831964452396	2.47293753062277e-25	1	4	9	1.53057729200077e-08	1	0	-4.23280308357368	5.22189578175226
UBC	NOTCH1	R-HSA-9818030	REACTOME_NFE2L2_REGULATING_TUMORIGENIC_GENES	7.1345937664254e-70	8.36717806150772e-70	3.56054014633095	1.51536285566774	3.67683819302609e-24	1	4	8	3.22063334380499e-10	1	0	-6.14929019694352	-3.93900049718347
ADAM17	NOTCH1	R-HSA-9818030	REACTOME_NFE2L2_REGULATING_TUMORIGENIC_GENES	8.54516297710067e-70	1.00088180966041e-69	1.57180540051559	1.51536285566774	4.40378003688051e-24	1	4	8	3.22063334380499e-10	1	0	-5.26760817289518	-3.93900049718347
FABP5	RXRA	R-HSA-194068	REACTOME_BILE_ACID_AND_BILE_SALT_METABOLISM	1.0012778510307e-69	1.17130616535666e-69	12.4802691404467	2.10216678121164	2.51512024274717e-33	1	3	7	2.85466609210127e-08	1	0	-5.89742976660913	-5.32763144612348
JAG1	NOTCH1	R-HSA-186712	REACTOME_REGULATION_OF_BETA_CELL_DEVELOPMENT	1.27403396783191e-69	1.48663938529946e-69	1.42200275372927	1.51536285566774	1.2345046259072e-22	1	5	10	6.05217529953652e-09	1	0	7.22526333693245	-3.93900049718347
JAG1	NOTCH1	R-HSA-8941856	REACTOME_RUNX3_REGULATES_NOTCH_SIGNALING	1.27403396783191e-69	1.48663938529946e-69	1.42200275372927	1.51536285566774	1.2345046259072e-22	1	5	10	6.05217529953652e-09	1	0	7.22526333693245	-3.93900049718347
IL16	GRIN2D	R-HSA-438066	REACTOME_UNBLOCKING_OF_NMDA_RECEPTORS_GLUTAMATE_BINDING_AND_ACTIVATION	1.78303792516031e-69	2.07278158799886e-69	7.2581482602989	5.03524915710015	3.23430036802397e-34	1	3	6	7.78614019295751e-10	1	0	4.55383547334455	-5.14265179748115
IL16	GRIN2D	R-HSA-9617324	REACTOME_NEGATIVE_REGULATION_OF_NMDA_RECEPTOR_MEDIATED_NEURONAL_TRANSMISSION	1.78303792516031e-69	2.07278158799886e-69	7.2581482602989	5.03524915710015	3.23430036802397e-34	1	3	6	7.78614019295751e-10	1	0	4.55383547334455	-5.14265179748115
IL16	GRIN2D	R-HSA-9620244	REACTOME_LONG_TERM_POTENTIATION	1.78303792516031e-69	2.07278158799886e-69	7.2581482602989	5.03524915710015	3.23430036802397e-34	1	3	6	7.78614019295751e-10	1	0	4.55383547334455	-5.14265179748115
SLPI	CD4	R-HSA-449836	REACTOME_OTHER_INTERLEUKIN_SIGNALING	4.35497639374387e-69	5.05633963318577e-69	8.64910048461806	11.2246017640495	6.17028321932533e-33	1	2	4	5.60902588999106e-13	1	0	3.42762688145674	-5.92611937037602
TGFB1	TGFBR1	R-HSA-2173791	REACTOME_TGF_BETA_RECEPTOR_SIGNALING_IN_EMT_EPITHELIAL_TO_MESENCHYMAL_TRANSITION	6.68469708960186e-69	7.75158141312934e-69	2.95359173998466	1.03975778026108	1.32879117899083e-26	1	4	8	1.55127001542559e-09	1	0	-3.09377331019866	6.70932710455252
GDF11	ACVR2B	R-HSA-1181150	REACTOME_SIGNALING_BY_NODAL	1.33407641747575e-68	1.54506982347752e-68	2.6253601188463	1.24613585232934	1.23529263478952e-23	1	4	9	1.53057729200077e-08	1	0	-4.23280308357368	2.62805426502013
CALM3	ADCY8	R-HSA-442720	REACTOME_CREB1_PHOSPHORYLATION_THROUGH_THE_ACTIVATION_OF_ADENYLATE_CYCLASE	1.91228704173992e-68	2.21197381693797e-68	1.16716372044699	17.348369613788	2.93133247064706e-29	1	4	8	6.50519018333798e-09	1	0	4.91910786257586	5.45913134583374
JAG1	NOTCH1	R-HSA-9818030	REACTOME_NFE2L2_REGULATING_TUMORIGENIC_GENES	2.39545189269587e-68	2.76741647230703e-68	1.42200275372927	1.51536285566774	1.2345046259072e-22	1	4	8	3.22063334380499e-10	1	0	7.22526333693245	-3.93900049718347
FABP5	RXRA	R-HSA-9623433	REACTOME_NR1H2_NR1H3_REGULATE_GENE_EXPRESSION_TO_CONTROL_BILE_ACID_HOMEOSTASIS	5.42044588815945e-68	6.25436064018399e-68	12.4802691404467	2.10216678121164	2.51512024274717e-33	1	3	6	1.0948289153269e-09	1	0	-5.89742976660913	-5.32763144612348
NTS	NGFR	R-HSA-205043	REACTOME_NRIF_SIGNALS_CELL_DEATH_FROM_THE_NUCLEUS	9.58039647525034e-68	1.10406056034483e-67	8.75457506671987	3.32092124366156	1.3130180752581e-26	1	3	6	2.64092631194663e-11	1	0	6.92268695516757	1.38075447202657
CAP1	ROBO1	R-HSA-428542	REACTOME_REGULATION_OF_COMMISSURAL_AXON_PATHFINDING_BY_SLIT_AND_ROBO	2.31488511864815e-67	2.66440985190938e-67	6.16922785926843	8.15589643865118	6.4984703338158e-38	1	1	2	1.91772692028779e-15	1	0	3.8720347186902	-3.7193383191315
ABCA1	RXRA	R-HSA-194068	REACTOME_BILE_ACID_AND_BILE_SALT_METABOLISM	3.45638976193107e-67	3.97335287836329e-67	5.33280661171401	2.10216678121164	8.68214137375383e-31	1	3	7	2.85466609210127e-08	1	0	-5.99112378359814	-5.32763144612348
B2M	TFRC	R-HSA-917937	REACTOME_IRON_UPTAKE_AND_TRANSPORT	2.75377706416453e-66	3.16174403663335e-66	2.64498857550919	1.61072018692503	1.03075838890181e-25	1	4	9	8.26194154479317e-08	1	0	-3.41500679605085	6.3040254268924
ALOX5AP	ALOX5	R-HSA-2142691	REACTOME_SYNTHESIS_OF_LEUKOTRIENES_LT_AND_EOXINS_EX	3.18571026365097e-66	3.65315726904489e-66	16.6901374530266	10.6309469507678	6.65384715883628e-34	1	2	5	5.56276695252708e-09	1	0	-6.12945837369949	5.84430661794989
UBC	TGFBR1	R-HSA-2173791	REACTOME_TGF_BETA_RECEPTOR_SIGNALING_IN_EMT_EPITHELIAL_TO_MESENCHYMAL_TRANSITION	1.44985624620175e-65	1.66054964158575e-65	3.56054014633095	1.03975778026108	2.88203962712749e-23	1	4	8	1.55127001542559e-09	1	0	-6.14929019694352	6.70932710455252
ABCA1	RXRA	R-HSA-9623433	REACTOME_NR1H2_NR1H3_REGULATE_GENE_EXPRESSION_TO_CONTROL_BILE_ACID_HOMEOSTASIS	1.87112634656305e-65	2.1404028318618e-65	5.33280661171401	2.10216678121164	8.68214137375383e-31	1	3	6	1.0948289153269e-09	1	0	-5.99112378359814	-5.32763144612348
CAP1	ROBO1	R-HSA-428540	REACTOME_ACTIVATION_OF_RAC1	1.99460061076462e-65	2.27884344964509e-65	6.16922785926843	8.15589643865118	6.4984703338158e-38	1	4	8	1.40530846134764e-06	1	0	3.8720347186902	-3.7193383191315
BMP2	ACVR2B	R-HSA-1181150	REACTOME_SIGNALING_BY_NODAL	2.80278343635611e-65	3.19826821571924e-65	1.08247948807465	1.24613585232934	2.59524693674729e-20	1	4	9	1.53057729200077e-08	1	0	2.2543726991538	2.62805426502013
FYN	FLT3	R-HSA-9702518	REACTOME_STAT5_ACTIVATION_DOWNSTREAM_OF_FLT3_ITD_MUTANTS	3.8746165322021e-63	4.41592325361269e-63	1.48425704472725	8.46496856255924	6.72216504562034e-28	1	3	7	4.87191899703066e-08	1	0	-4.20077016325016	-5.71320510130856
CALM3	INSR	R-HSA-74749	REACTOME_SIGNAL_ATTENUATION	1.90302240094465e-62	2.16623112959427e-62	1.16716372044699	1.22594635023173	9.6929355881386e-22	1	4	8	3.22819755004014e-09	1	0	4.91910786257586	8.89647865680447
IL16	GRIN2D	R-HSA-442982	REACTOME_RAS_ACTIVATION_UPON_CA2_INFLUX_THROUGH_NMDA_RECEPTOR	2.24582815322811e-62	2.55332540648184e-62	7.2581482602989	5.03524915710015	3.23430036802397e-34	1	3	7	1.27021009283533e-06	1	0	4.55383547334455	-5.14265179748115
FABP5	RXRA	R-HSA-192105	REACTOME_SYNTHESIS_OF_BILE_ACIDS_AND_BILE_SALTS	2.50536645349559e-62	2.84145219725719e-62	12.4802691404467	2.10216678121164	2.51512024274717e-33	1	3	6	2.85466609210127e-08	1	0	-5.89742976660913	-5.32763144612348
FABP5	RXRA	R-HSA-193368	REACTOME_SYNTHESIS_OF_BILE_ACIDS_AND_BILE_SALTS_VIA_7ALPHA_HYDROXYCHOLESTEROL	2.50536645349559e-62	2.84145219725719e-62	12.4802691404467	2.10216678121164	2.51512024274717e-33	1	3	6	2.85466609210127e-08	1	0	-5.89742976660913	-5.32763144612348
CALM3	PDE1B	R-HSA-392154	REACTOME_NITRIC_OXIDE_STIMULATES_GUANYLATE_CYCLASE	2.55669868604854e-62	2.89613858468348e-62	1.16716372044699	6.72778172365762	1.01153714829716e-30	1	2	4	1.84875779337163e-11	1	0	4.91910786257586	6.28622379810591
ITGAM	ITGB2	R-HSA-216083	REACTOME_INTEGRIN_CELL_SURFACE_INTERACTIONS	3.3159774755048e-62	3.75165334819887e-62	17.1759868604849	12.9570661393732	1.37796054800107e-44	1	1	2	1.55127001542559e-09	1	0	7.73094488772463	-3.48969294179493
VASP	ROBO1	R-HSA-428542	REACTOME_REGULATION_OF_COMMISSURAL_AXON_PATHFINDING_BY_SLIT_AND_ROBO	6.20215809948602e-62	7.00851401278493e-62	1.87487152353974	8.15589643865118	1.74110326644125e-32	1	1	2	1.91772692028779e-15	1	0	5.44561507561647	-3.7193383191315
MMP9	ITGB2	R-HSA-216083	REACTOME_INTEGRIN_CELL_SURFACE_INTERACTIONS	5.58190175675062e-61	6.29996193419669e-61	12.9713882501639	12.9570661393732	2.31956955692207e-43	1	1	2	1.55127001542559e-09	1	0	-4.24676876708707	-3.48969294179493
CAP1	ROBO1	R-HSA-428543	REACTOME_INACTIVATION_OF_CDC42_AND_RAC1	1.26726459422867e-60	1.42855281531232e-60	6.16922785926843	8.15589643865118	6.4984703338158e-38	1	2	5	1.40530846134764e-06	1	0	3.8720347186902	-3.7193383191315
FABP5	RXRA	R-HSA-193807	REACTOME_SYNTHESIS_OF_BILE_ACIDS_AND_BILE_SALTS_VIA_27_HYDROXYCHOLESTEROL	3.30063502849259e-60	3.71621135169262e-60	12.4802691404467	2.10216678121164	2.51512024274717e-33	1	1	3	1.0948289153269e-09	1	0	-5.89742976660913	-5.32763144612348
NRP1	ROBO1	R-HSA-428542	REACTOME_REGULATION_OF_COMMISSURAL_AXON_PATHFINDING_BY_SLIT_AND_ROBO	3.32880840386548e-60	3.74340001885719e-60	1.3623135065631	8.15589643865118	9.34481045526326e-31	1	1	2	1.91772692028779e-15	1	0	2.32253836071393	-3.7193383191315
IL16	CD4	R-HSA-164938	REACTOME_NEF_MEDIATES_DOWN_MODULATION_OF_CELL_SURFACE_RECEPTORS_BY_RECRUITING_THEM_TO_CLATHRIN_ADAPTERS	3.59875491200422e-60	4.03233984116135e-60	7.2581482602989	11.2246017640495	3.67506403541848e-34	1	3	6	1.59844998913274e-07	1	0	4.55383547334455	-5.92611937037602
IL16	CD4	R-HSA-164952	REACTOME_THE_ROLE_OF_NEF_IN_HIV_1_REPLICATION_AND_DISEASE_PATHOGENESIS	3.59875491200422e-60	4.03233984116135e-60	7.2581482602989	11.2246017640495	3.67506403541848e-34	1	3	6	1.59844998913274e-07	1	0	4.55383547334455	-5.92611937037602
IL16	CD4	R-HSA-167590	REACTOME_NEF_MEDIATED_CD4_DOWN_REGULATION	3.59875491200422e-60	4.03233984116135e-60	7.2581482602989	11.2246017640495	3.67506403541848e-34	1	3	6	1.59844998913274e-07	1	0	4.55383547334455	-5.92611937037602
VASP	ROBO1	R-HSA-428540	REACTOME_ACTIVATION_OF_RAC1	5.34403553491152e-60	5.98068958780712e-60	1.87487152353974	8.15589643865118	1.74110326644125e-32	1	4	8	1.40530846134764e-06	1	0	5.44561507561647	-3.7193383191315
FABP5	RXRA	R-HSA-159418	REACTOME_RECYCLING_OF_BILE_ACIDS_AND_SALTS	8.24972290800145e-60	9.22144507745355e-60	12.4802691404467	2.10216678121164	2.51512024274717e-33	1	1	3	1.48579948235328e-09	1	0	-5.89742976660913	-5.32763144612348
FYN	FLT3	R-HSA-9706374	REACTOME_FLT3_SIGNALING_THROUGH_SRC_FAMILY_KINASES	8.285708129583e-60	9.25055049281175e-60	1.48425704472725	8.46496856255924	6.72216504562034e-28	1	1	2	8.15678685315913e-17	1	0	-4.20077016325016	-5.71320510130856
ABCA1	RXRA	R-HSA-192105	REACTOME_SYNTHESIS_OF_BILE_ACIDS_AND_BILE_SALTS	8.64847150152555e-60	9.63242933702845e-60	5.33280661171401	2.10216678121164	8.68214137375383e-31	1	3	6	2.85466609210127e-08	1	0	-5.99112378359814	-5.32763144612348
ABCA1	RXRA	R-HSA-193368	REACTOME_SYNTHESIS_OF_BILE_ACIDS_AND_BILE_SALTS_VIA_7ALPHA_HYDROXYCHOLESTEROL	8.64847150152555e-60	9.63242933702845e-60	5.33280661171401	2.10216678121164	8.68214137375383e-31	1	3	6	2.85466609210127e-08	1	0	-5.99112378359814	-5.32763144612348
FYN	FLT3	R-HSA-9706377	REACTOME_FLT3_SIGNALING_BY_CBL_MUTANTS	1.10465993808015e-59	1.22886811293606e-59	1.48425704472725	8.46496856255924	6.72216504562034e-28	1	2	4	1.60159339581819e-11	1	0	-4.20077016325016	-5.71320510130856
CAP1	ROBO1	R-HSA-9010553	REACTOME_REGULATION_OF_EXPRESSION_OF_SLITS_AND_ROBOS	1.39084225187721e-59	1.54538027986357e-59	6.16922785926843	8.15589643865118	6.4984703338158e-38	1	1	2	1.46296683432073e-11	1	0	3.8720347186902	-3.7193383191315
FABP5	RXRA	R-HSA-1368082	REACTOME_RORA_ACTIVATES_GENE_EXPRESSION	3.4424482584967e-59	3.82037813890445e-59	12.4802691404467	2.10216678121164	2.51512024274717e-33	1	3	7	3.65441953526292e-06	1	0	-5.89742976660913	-5.32763144612348
SLPI	CD4	R-HSA-164938	REACTOME_NEF_MEDIATES_DOWN_MODULATION_OF_CELL_SURFACE_RECEPTORS_BY_RECRUITING_THEM_TO_CLATHRIN_ADAPTERS	6.04216330110169e-59	6.6815836742266e-59	8.64910048461806	11.2246017640495	6.17028321932533e-33	1	3	6	1.59844998913274e-07	1	0	3.42762688145674	-5.92611937037602
SLPI	CD4	R-HSA-164952	REACTOME_THE_ROLE_OF_NEF_IN_HIV_1_REPLICATION_AND_DISEASE_PATHOGENESIS	6.04216330110169e-59	6.6815836742266e-59	8.64910048461806	11.2246017640495	6.17028321932533e-33	1	3	6	1.59844998913274e-07	1	0	3.42762688145674	-5.92611937037602
SLPI	CD4	R-HSA-167590	REACTOME_NEF_MEDIATED_CD4_DOWN_REGULATION	6.04216330110169e-59	6.6815836742266e-59	8.64910048461806	11.2246017640495	6.17028321932533e-33	1	3	6	1.59844998913274e-07	1	0	3.42762688145674	-5.92611937037602
CALM3	PDE1B	R-HSA-418346	REACTOME_PLATELET_HOMEOSTASIS	2.24137169574696e-58	2.4756243195305e-58	1.16716372044699	6.72778172365762	1.01153714829716e-30	1	3	7	1.60200099797476e-06	1	0	4.91910786257586	6.28622379810591
NRP1	ROBO1	R-HSA-428540	REACTOME_ACTIVATION_OF_RAC1	2.86823878298804e-58	3.16424919119678e-58	1.3623135065631	8.15589643865118	9.34481045526326e-31	1	4	8	1.40530846134764e-06	1	0	2.32253836071393	-3.7193383191315
SPP1	ITGA4	R-HSA-198933	REACTOME_IMMUNOREGULATORY_INTERACTIONS_BETWEEN_A_LYMPHOID_AND_A_NON_LYMPHOID_CELL	4.59809338645075e-58	5.06661948980948e-58	5.32327069780505	12.7819632380897	3.39322275329928e-39	1	1	2	3.68114301575542e-10	1	0	7.30748082876017	-1.85525234637379
ABCA1	RXRA	R-HSA-193807	REACTOME_SYNTHESIS_OF_BILE_ACIDS_AND_BILE_SALTS_VIA_27_HYDROXYCHOLESTEROL	1.13937216414099e-57	1.2539835652676e-57	5.33280661171401	2.10216678121164	8.68214137375383e-31	1	1	3	1.0948289153269e-09	1	0	-5.99112378359814	-5.32763144612348
UBC	NOTCH1	R-HSA-9824272	REACTOME_SOMITOGENESIS	1.93218486461e-57	2.12403300719539e-57	3.56054014633095	1.51536285566774	3.67683819302609e-24	1	2	4	5.08362124189933e-12	1	0	-6.14929019694352	-3.93900049718347
UBC	TLR4	R-HSA-2562578	REACTOME_TRIF_MEDIATED_PROGRAMMED_CELL_DEATH	1.94088482032659e-57	2.13107778382966e-57	3.56054014633095	6.38102530703386	5.9117105564857e-31	1	2	5	1.60077083528407e-07	1	0	-6.14929019694352	6.25682664195776
CAP1	ROBO1	R-HSA-428890	REACTOME_ROLE_OF_ABL_IN_ROBO_SLIT_SIGNALING	2.30155997439779e-57	2.52411648135606e-57	6.16922785926843	8.15589643865118	6.4984703338158e-38	1	2	5	9.17404961751191e-06	1	0	3.8720347186902	-3.7193383191315
ADAM17	NOTCH1	R-HSA-9824272	REACTOME_SOMITOGENESIS	2.31419406773765e-57	2.53498290105537e-57	1.57180540051559	1.51536285566774	4.40378003688051e-24	1	2	4	5.08362124189933e-12	1	0	-5.26760817289518	-3.93900049718347
ABCA1	RXRA	R-HSA-159418	REACTOME_RECYCLING_OF_BILE_ACIDS_AND_SALTS	2.84778673258701e-57	3.11581371918343e-57	5.33280661171401	2.10216678121164	8.68214137375383e-31	1	1	3	1.48579948235328e-09	1	0	-5.99112378359814	-5.32763144612348
CALM3	KCNQ1	R-HSA-397014	REACTOME_MUSCLE_CONTRACTION	3.25185029775481e-57	3.54955490247884e-57	1.16716372044699	6.95574163633778	7.8178750457216e-30	1	3	7	1.81704117189198e-06	1	0	4.91910786257586	-0.552465421914065
CALM3	KCNQ1	R-HSA-5576891	REACTOME_CARDIAC_CONDUCTION	3.25185029775481e-57	3.54955490247884e-57	1.16716372044699	6.95574163633778	7.8178750457216e-30	1	3	7	1.81704117189198e-06	1	0	4.91910786257586	-0.552465421914065
ABCA1	RXRA	R-HSA-1368082	REACTOME_RORA_ACTIVATES_GENE_EXPRESSION	1.18832578833112e-56	1.2955955253786e-56	5.33280661171401	2.10216678121164	8.68214137375383e-31	1	3	7	3.65441953526292e-06	1	0	-5.99112378359814	-5.32763144612348
ADAM28	ITGA4	R-HSA-198933	REACTOME_IMMUNOREGULATORY_INTERACTIONS_BETWEEN_A_LYMPHOID_AND_A_NON_LYMPHOID_CELL	1.99201648781016e-56	2.16929195979327e-56	11.3302287682274	12.7819632380897	1.47003444760444e-37	1	1	2	3.68114301575542e-10	1	0	6.55370976303402	-1.85525234637379
C3	ITGB2	R-HSA-216083	REACTOME_INTEGRIN_CELL_SURFACE_INTERACTIONS	4.11192812013289e-56	4.47262356926736e-56	4.13985953669678	12.9570661393732	1.70871930452325e-38	1	1	2	1.55127001542559e-09	1	0	6.43350458535656	-3.48969294179493
JAG1	NOTCH1	R-HSA-9824272	REACTOME_SOMITOGENESIS	6.48734327769206e-56	7.04816500964207e-56	1.42200275372927	1.51536285566774	1.2345046259072e-22	1	2	4	5.08362124189933e-12	1	0	7.22526333693245	-3.93900049718347
FABP5	RXRA	R-HSA-9029558	REACTOME_NR1H2_NR1H3_REGULATE_GENE_EXPRESSION_LINKED_TO_LIPOGENESIS	8.20190573825332e-56	8.90055115119671e-56	12.4802691404467	2.10216678121164	2.51512024274717e-33	1	3	7	1.73073210858756e-05	1	0	-5.89742976660913	-5.32763144612348
ICAM3	ITGB2	R-HSA-216083	REACTOME_INTEGRIN_CELL_SURFACE_INTERACTIONS	1.21620596137444e-55	1.31826520288838e-55	5.84496954177593	12.9570661393732	5.05396627509533e-38	1	1	2	1.55127001542559e-09	1	0	-5.65486572670884	-3.48969294179493
VASP	ROBO1	R-HSA-428543	REACTOME_INACTIVATION_OF_CDC42_AND_RAC1	3.39531983854005e-55	3.67595745034022e-55	1.87487152353974	8.15589643865118	1.74110326644125e-32	1	2	5	1.40530846134764e-06	1	0	5.44561507561647	-3.7193383191315
IL16	GRIN2D	R-HSA-6794361	REACTOME_NEUREXINS_AND_NEUROLIGINS	3.41741821034582e-55	3.69558015769955e-55	7.2581482602989	5.03524915710015	3.23430036802397e-34	1	2	4	6.4163188275778e-08	1	0	4.55383547334455	-5.14265179748115
FABP5	RXRA	R-HSA-200425	REACTOME_CARNITINE_METABOLISM	2.24285451007653e-54	2.42259546384573e-54	12.4802691404467	2.10216678121164	2.51512024274717e-33	1	2	5	3.65441953526292e-06	1	0	-5.89742976660913	-5.32763144612348
THBS2	ITGA4	R-HSA-198933	REACTOME_IMMUNOREGULATORY_INTERACTIONS_BETWEEN_A_LYMPHOID_AND_A_NON_LYMPHOID_CELL	3.51486274984863e-54	3.79213730552114e-54	5.03759609779263	12.7819632380897	2.59383863160653e-35	1	1	2	3.68114301575542e-10	1	0	6.12199869171095	-1.85525234637379
VASP	ROBO1	R-HSA-9010553	REACTOME_REGULATION_OF_EXPRESSION_OF_SLITS_AND_ROBOS	3.72641539232202e-54	4.01571994769348e-54	1.87487152353974	8.15589643865118	1.74110326644125e-32	1	1	2	1.46296683432073e-11	1	0	5.44561507561647	-3.7193383191315
EBI3	IL12RB2	R-HSA-9020591	REACTOME_INTERLEUKIN_12_SIGNALING	1.22465958456351e-53	1.31820996949544e-53	5.11335407856392	12.8460379300413	8.80028660087626e-34	1	2	4	1.51525668703358e-07	1	0	4.14134705164368	2.36765014129531
SPP1	ITGA5	R-HSA-1566977	REACTOME_FIBRONECTIN_MATRIX_FORMATION	1.36017594478462e-53	1.46238569786092e-53	5.32327069780505	2.55548806645391	1.00375950995987e-34	1	1	2	3.68114301575542e-10	1	0	7.30748082876017	7.02263960712023
NRP1	ROBO1	R-HSA-428543	REACTOME_INACTIVATION_OF_CDC42_AND_RAC1	1.82232845906975e-53	1.95700400338899e-53	1.3623135065631	8.15589643865118	9.34481045526326e-31	1	2	5	1.40530846134764e-06	1	0	2.32253836071393	-3.7193383191315
ABCA1	RXRA	R-HSA-9029558	REACTOME_NR1H2_NR1H3_REGULATE_GENE_EXPRESSION_LINKED_TO_LIPOGENESIS	2.83128034769176e-53	3.03701352174549e-53	5.33280661171401	2.10216678121164	8.68214137375383e-31	1	3	7	1.73073210858756e-05	1	0	-5.99112378359814	-5.32763144612348
ICAM2	ITGB2	R-HSA-216083	REACTOME_INTEGRIN_CELL_SURFACE_INTERACTIONS	1.263703821157e-52	1.35396837981107e-52	4.12486973332381	12.9570661393732	5.25134450633583e-35	1	1	2	1.55127001542559e-09	1	0	4.65501111715197	-3.48969294179493
UBC	NOTCH1	R-HSA-210744	REACTOME_REGULATION_OF_GENE_EXPRESSION_IN_LATE_STAGE_BRANCHING_MORPHOGENESIS_PANCREATIC_BUD_PRECURSOR_CELLS	1.88176811508603e-52	2.01386000808977e-52	3.56054014633095	1.51536285566774	3.67683819302609e-24	1	4	9	9.20740183439354e-06	1	0	-6.14929019694352	-3.93900049718347
NRP1	ROBO1	R-HSA-9010553	REACTOME_REGULATION_OF_EXPRESSION_OF_SLITS_AND_ROBOS	2.00003332312396e-52	2.1379666557532e-52	1.3623135065631	8.15589643865118	9.34481045526326e-31	1	1	2	1.46296683432073e-11	1	0	2.32253836071393	-3.7193383191315
ADAM17	NOTCH1	R-HSA-210744	REACTOME_REGULATION_OF_GENE_EXPRESSION_IN_LATE_STAGE_BRANCHING_MORPHOGENESIS_PANCREATIC_BUD_PRECURSOR_CELLS	2.25380950267869e-52	2.40647857346863e-52	1.57180540051559	1.51536285566774	4.40378003688051e-24	1	4	9	9.20740183439354e-06	1	0	-5.26760817289518	-3.93900049718347
VASP	ROBO1	R-HSA-428890	REACTOME_ROLE_OF_ABL_IN_ROBO_SLIT_SIGNALING	6.16645669440399e-52	6.57661092407765e-52	1.87487152353974	8.15589643865118	1.74110326644125e-32	1	2	5	9.17404961751191e-06	1	0	5.44561507561647	-3.7193383191315
ICAM5	ITGB2	R-HSA-216083	REACTOME_INTEGRIN_CELL_SURFACE_INTERACTIONS	6.22417106927555e-52	6.63056024562e-52	2.65531851792524	12.9570661393732	2.58646575280663e-34	1	1	2	1.55127001542559e-09	1	0	-3.81862787208286	-3.48969294179493
ABCA1	RXRA	R-HSA-200425	REACTOME_CARNITINE_METABOLISM	7.74228587814013e-52	8.23835911518343e-52	5.33280661171401	2.10216678121164	8.68214137375383e-31	1	2	5	3.65441953526292e-06	1	0	-5.99112378359814	-5.32763144612348
FABP5	RXRA	R-HSA-211976	REACTOME_ENDOGENOUS_STEROLS	3.01474965261428e-51	3.20424820220718e-51	12.4802691404467	2.10216678121164	2.51512024274717e-33	1	1	2	1.0948289153269e-09	1	0	-5.89742976660913	-5.32763144612348
JAG1	NOTCH1	R-HSA-210744	REACTOME_REGULATION_OF_GENE_EXPRESSION_IN_LATE_STAGE_BRANCHING_MORPHOGENESIS_PANCREATIC_BUD_PRECURSOR_CELLS	6.31806819066594e-51	6.7075381476248e-51	1.42200275372927	1.51536285566774	1.2345046259072e-22	1	4	9	9.20740183439354e-06	1	0	7.22526333693245	-3.93900049718347
VCAN	ITGA4	R-HSA-198933	REACTOME_IMMUNOREGULATORY_INTERACTIONS_BETWEEN_A_LYMPHOID_AND_A_NON_LYMPHOID_CELL	1.06125040034012e-50	1.12538525919762e-50	1.85907108912757	12.7819632380897	7.83163520774357e-32	1	1	2	3.68114301575542e-10	1	0	4.53741890610367	-1.85525234637379
NRP1	ROBO1	R-HSA-428890	REACTOME_ROLE_OF_ABL_IN_ROBO_SLIT_SIGNALING	3.30964682569212e-50	3.50566235523197e-50	1.3623135065631	8.15589643865118	9.34481045526326e-31	1	2	5	9.17404961751191e-06	1	0	2.32253836071393	-3.7193383191315
MMP12	PLAUR	R-HSA-75205	REACTOME_DISSOLUTION_OF_FIBRIN_CLOT	6.403443156904e-50	6.77497398853325e-50	16.8611763233323	3.51388367055926	5.68104724200248e-34	1	1	3	4.83053299198437e-06	1	0	0.969424842369109	-2.15217704758556
ADAM17	ITGA5	R-HSA-1566977	REACTOME_FIBRONECTIN_MATRIX_FORMATION	9.31458899158215e-49	9.8438270024675e-49	1.57180540051559	2.55548806645391	6.87382196216429e-30	1	1	2	3.68114301575542e-10	1	0	-5.26760817289518	7.02263960712023
ABCA1	RXRA	R-HSA-211976	REACTOME_ENDOGENOUS_STEROLS	1.04068514282574e-48	1.09856660933931e-48	5.33280661171401	2.10216678121164	8.68214137375383e-31	1	1	2	1.0948289153269e-09	1	0	-5.99112378359814	-5.32763144612348
ALOX5AP	ALOX5	R-HSA-9018678	REACTOME_BIOSYNTHESIS_OF_SPECIALIZED_PRORESOLVING_MEDIATORS_SPMS	9.37857740684136e-48	9.8889761772817e-48	16.6901374530266	10.6309469507678	6.65384715883628e-34	1	2	5	0.000230432404971653	1	0	-6.12945837369949	5.84430661794989
FYN	FLT3	R-HSA-9645135	REACTOME_STAT5_ACTIVATION	1.17353369803294e-47	1.23599811910604e-47	1.48425704472725	8.46496856255924	6.72216504562034e-28	1	2	5	7.68696254586371e-06	1	0	-4.20077016325016	-5.71320510130856
CALM3	INSR	R-HSA-74713	REACTOME_IRS_ACTIVATION	3.26088630553273e-47	3.43057043455366e-47	1.16716372044699	1.22594635023173	9.6929355881386e-22	1	1	3	3.22819755004014e-09	1	0	4.91910786257586	8.89647865680447
ADAM15	ITGA5	R-HSA-1566977	REACTOME_FIBRONECTIN_MATRIX_FORMATION	3.18890223987089e-46	3.35104981138974e-46	1.01265127124354	2.55548806645391	2.3532918383655e-27	1	1	2	3.68114301575542e-10	1	0	5.90480276034764	7.02263960712023
UBC	NOTCH1	R-HSA-2644605	REACTOME_FBXW7_MUTANTS_AND_NOTCH1_IN_CANCER	6.57317265133727e-46	6.89960560467682e-46	3.56054014633095	1.51536285566774	3.67683819302609e-24	1	2	4	3.54878901470196e-08	1	0	-6.14929019694352	-3.93900049718347
ADAM17	NOTCH1	R-HSA-2644605	REACTOME_FBXW7_MUTANTS_AND_NOTCH1_IN_CANCER	7.87274418434615e-46	8.25439920117466e-46	1.57180540051559	1.51536285566774	4.40378003688051e-24	1	2	4	3.54878901470196e-08	1	0	-5.26760817289518	-3.93900049718347
FGR	LRP8	R-HSA-418346	REACTOME_PLATELET_HOMEOSTASIS	9.83625900720126e-46	1.02898997488157e-45	9.16772830580626	1.04817310678606	2.17838610051444e-31	1	1	2	6.71966387207368e-08	1	0	-2.02706288773186	-1.56271997998783
FGR	LRP8	R-HSA-432142	REACTOME_PLATELET_SENSITIZATION_BY_LDL	9.83625900720126e-46	1.02898997488157e-45	9.16772830580626	1.04817310678606	2.17838610051444e-31	1	1	2	6.71966387207368e-08	1	0	-2.02706288773186	-1.56271997998783
FABP5	RXRA	R-HSA-9031525	REACTOME_NR1H2_NR1H3_REGULATE_GENE_EXPRESSION_TO_LIMIT_CHOLESTEROL_UPTAKE	1.24154019647331e-45	1.29733975586537e-45	12.4802691404467	2.10216678121164	2.51512024274717e-33	1	2	4	4.97873968189324e-05	1	0	-5.89742976660913	-5.32763144612348
JAG1	NOTCH1	R-HSA-2644605	REACTOME_FBXW7_MUTANTS_AND_NOTCH1_IN_CANCER	2.20695380622232e-44	2.30355447787515e-44	1.42200275372927	1.51536285566774	1.2345046259072e-22	1	2	4	3.54878901470196e-08	1	0	7.22526333693245	-3.93900049718347
UBC	NOTCH1	R-HSA-9818749	REACTOME_REGULATION_OF_NFE2L2_GENE_EXPRESSION	8.30196596464046e-44	8.65563716044353e-44	3.56054014633095	1.51536285566774	3.67683819302609e-24	1	3	7	6.40186770255171e-05	1	0	-6.14929019694352	-3.93900049718347
ADAM17	NOTCH1	R-HSA-9818749	REACTOME_REGULATION_OF_NFE2L2_GENE_EXPRESSION	9.94333447995862e-44	1.035532034307e-43	1.57180540051559	1.51536285566774	4.40378003688051e-24	1	3	7	6.40186770255171e-05	1	0	-5.26760817289518	-3.93900049718347
ABCA1	RXRA	R-HSA-9031525	REACTOME_NR1H2_NR1H3_REGULATE_GENE_EXPRESSION_TO_LIMIT_CHOLESTEROL_UPTAKE	4.28577024818729e-43	4.45835160046328e-43	5.33280661171401	2.10216678121164	8.68214137375383e-31	1	2	4	4.97873968189324e-05	1	0	-5.99112378359814	-5.32763144612348
TGFB1	TGFBR1	R-HSA-3304349	REACTOME_LOSS_OF_FUNCTION_OF_SMAD2_3_IN_CANCER	7.35697938221499e-43	7.62763748657741e-43	2.95359173998466	1.03975778026108	1.32879117899083e-26	1	2	5	5.76863698717335e-05	1	0	-3.09377331019866	6.70932710455252
TGFB1	TGFBR1	R-HSA-3304351	REACTOME_SIGNALING_BY_TGF_BETA_RECEPTOR_COMPLEX_IN_CANCER	7.35697938221499e-43	7.62763748657741e-43	2.95359173998466	1.03975778026108	1.32879117899083e-26	1	2	5	5.76863698717335e-05	1	0	-3.09377331019866	6.70932710455252
TGFB1	TGFBR1	R-HSA-9839389	REACTOME_TGFBR3_REGULATES_TGF_BETA_SIGNALING	7.35697938221499e-43	7.62763748657741e-43	2.95359173998466	1.03975778026108	1.32879117899083e-26	1	2	5	5.76863698717335e-05	1	0	-3.09377331019866	6.70932710455252
SPP1	ITGA5	R-HSA-8941332	REACTOME_RUNX2_REGULATES_GENES_INVOLVED_IN_CELL_MIGRATION	2.51795940479623e-42	2.60768624327449e-42	5.32327069780505	2.55548806645391	1.00375950995987e-34	1	1	2	0.000158383350345454	1	0	7.30748082876017	7.02263960712023
JAG1	NOTCH1	R-HSA-9818749	REACTOME_REGULATION_OF_NFE2L2_GENE_EXPRESSION	2.7873990775313e-42	2.88351628710134e-42	1.42200275372927	1.51536285566774	1.2345046259072e-22	1	3	7	6.40186770255171e-05	1	0	7.22526333693245	-3.93900049718347
GDF11	ACVR1B	R-HSA-1433617	REACTOME_REGULATION_OF_SIGNALING_BY_NODAL	5.79326873032977e-41	5.98637768800743e-41	2.6253601188463	1.41831964452396	2.47293753062277e-25	1	1	2	1.53057729200077e-08	1	0	-4.23280308357368	5.22189578175226
NTS	NGFR	R-HSA-205025	REACTOME_NADE_MODULATES_DEATH_SIGNALLING	6.0030109973094e-41	6.19622666758906e-41	8.75457506671987	3.32092124366156	1.3130180752581e-26	1	1	3	1.65971229576066e-05	1	0	6.92268695516757	1.38075447202657
TYROBP	TREM2	R-HSA-416700	REACTOME_OTHER_SEMAPHORIN_INTERACTIONS	1.08586943291135e-39	1.11957713149396e-39	10.9601027395593	19.3515299735117	4.86767437404339e-38	1	1	2	0.149357847102702	1	0	-5.864730666438	6.33881759213504
UBC	TGFBR1	R-HSA-3304349	REACTOME_LOSS_OF_FUNCTION_OF_SMAD2_3_IN_CANCER	1.59566878910248e-39	1.63974803742023e-39	3.56054014633095	1.03975778026108	2.88203962712749e-23	1	2	5	5.76863698717335e-05	1	0	-6.14929019694352	6.70932710455252
UBC	TGFBR1	R-HSA-3304351	REACTOME_SIGNALING_BY_TGF_BETA_RECEPTOR_COMPLEX_IN_CANCER	1.59566878910248e-39	1.63974803742023e-39	3.56054014633095	1.03975778026108	2.88203962712749e-23	1	2	5	5.76863698717335e-05	1	0	-6.14929019694352	6.70932710455252
UBC	TGFBR1	R-HSA-9839389	REACTOME_TGFBR3_REGULATES_TGF_BETA_SIGNALING	1.59566878910248e-39	1.63974803742023e-39	3.56054014633095	1.03975778026108	2.88203962712749e-23	1	2	5	5.76863698717335e-05	1	0	-6.14929019694352	6.70932710455252
GDF11	ACVR2B	R-HSA-1433617	REACTOME_REGULATION_OF_SIGNALING_BY_NODAL	2.89387908320132e-39	2.97053813176294e-39	2.6253601188463	1.24613585232934	1.23529263478952e-23	1	1	2	1.53057729200077e-08	1	0	-4.23280308357368	2.62805426502013
ALOX5AP	ALOX5	R-HSA-2142688	REACTOME_SYNTHESIS_OF_5_EICOSATETRAENOIC_ACIDS	3.51120883098701e-39	3.60024720266584e-39	16.6901374530266	10.6309469507678	6.65384715883628e-34	1	1	3	0.0174098333151378	1	0	-6.12945837369949	5.84430661794989
FYN	KIT	R-HSA-8866910	REACTOME_TFAP2_AP_2_FAMILY_REGULATES_TRANSCRIPTION_OF_GROWTH_FACTORS_AND_THEIR_RECEPTORS	1.28443063724447e-38	1.3155512033451e-38	1.48425704472725	14.0899318619109	4.74969726623336e-27	1	2	5	0.000857715397151298	1	0	-4.20077016325016	4.46025008592032
FYN	SPN	R-HSA-210991	REACTOME_BASIGIN_INTERACTIONS	1.54394003594617e-38	1.57960861763469e-38	1.48425704472725	4.71250184107576	1.00815505135617e-32	1	1	2	0.00123751807041304	1	0	-4.20077016325016	6.82542190870628
CALM3	ABCA1	R-HSA-8963896	REACTOME_HDL_ASSEMBLY	1.34890826152663e-37	1.37704136467592e-37	1.16716372044699	5.33280661171401	3.88135498768571e-28	1	1	2	1.86423013831123e-05	1	0	4.91910786257586	-5.99112378359814
CALM3	ABCA1	R-HSA-8963898	REACTOME_PLASMA_LIPOPROTEIN_ASSEMBLY	1.34890826152663e-37	1.37704136467592e-37	1.16716372044699	5.33280661171401	3.88135498768571e-28	1	1	2	1.86423013831123e-05	1	0	4.91910786257586	-5.99112378359814
FYN	CSF1R	R-HSA-449836	REACTOME_OTHER_INTERLEUKIN_SIGNALING	1.71114245397202e-37	1.74491500240568e-37	1.48425704472725	12.9473735723394	3.70073010598309e-35	1	1	2	0.0679985068951929	1	0	-4.20077016325016	6.27700171750056
ADAM17	ITGA5	R-HSA-8941332	REACTOME_RUNX2_REGULATES_GENES_INVOLVED_IN_CELL_MIGRATION	1.724317875426e-37	1.75642456094872e-37	1.57180540051559	2.55548806645391	6.87382196216429e-30	1	1	2	0.000158383350345454	1	0	-5.26760817289518	7.02263960712023
ALOX5AP	ALOX5	R-HSA-9018679	REACTOME_BIOSYNTHESIS_OF_EPA_DERIVED_SPMS	2.01679635148145e-37	2.05210132043517e-37	16.6901374530266	10.6309469507678	6.65384715883628e-34	1	1	2	0.0174098333151378	1	0	-6.12945837369949	5.84430661794989
UBC	NOTCH1	R-HSA-2691230	REACTOME_SIGNALING_BY_NOTCH1_HD_DOMAIN_MUTANTS_IN_CANCER	5.98858681428107e-37	6.08676036861354e-37	3.56054014633095	1.51536285566774	3.67683819302609e-24	1	2	4	3.44033195018538e-05	1	0	-6.14929019694352	-3.93900049718347
ADAM17	NOTCH1	R-HSA-2691230	REACTOME_SIGNALING_BY_NOTCH1_HD_DOMAIN_MUTANTS_IN_CANCER	7.17258080920659e-37	7.28220540672722e-37	1.57180540051559	1.51536285566774	4.40378003688051e-24	1	2	4	3.44033195018538e-05	1	0	-5.26760817289518	-3.93900049718347
IL16	GRIN2D	R-HSA-8849932	REACTOME_SYNAPTIC_ADHESION_LIKE_MOLECULES	8.62314324722566e-37	8.74539064331501e-37	7.2581482602989	5.03524915710015	3.23430036802397e-34	1	1	3	0.138663369777559	1	0	4.55383547334455	-5.14265179748115
BMP2	ACVR2B	R-HSA-1433617	REACTOME_REGULATION_OF_SIGNALING_BY_NODAL	6.07979891928602e-36	6.15927341496296e-36	1.08247948807465	1.24613585232934	2.59524693674729e-20	1	1	2	1.53057729200077e-08	1	0	2.2543726991538	2.62805426502013
FYN	TYROBP	R-HSA-416700	REACTOME_OTHER_SEMAPHORIN_INTERACTIONS	9.24149987149006e-36	9.35211630085501e-36	1.48425704472725	10.9601027395593	2.77369259504401e-33	1	1	3	0.149357847102702	1	0	-4.20077016325016	-5.864730666438
B2M	TYROBP	R-HSA-416700	REACTOME_OTHER_SEMAPHORIN_INTERACTIONS	1.01547476868788e-35	1.02651253791275e-35	2.64498857550919	10.9601027395593	3.04778973708893e-33	1	1	3	0.149357847102702	1	0	-3.41500679605085	-5.864730666438
JAG1	NOTCH1	R-HSA-2691230	REACTOME_SIGNALING_BY_NOTCH1_HD_DOMAIN_MUTANTS_IN_CANCER	2.01067812527054e-35	2.03032644571293e-35	1.42200275372927	1.51536285566774	1.2345046259072e-22	1	2	4	3.44033195018538e-05	1	0	7.22526333693245	-3.93900049718347
ADAM15	ITGA5	R-HSA-8941332	REACTOME_RUNX2_REGULATES_GENES_INVOLVED_IN_CELL_MIGRATION	5.90329980224e-35	5.95452149249805e-35	1.01265127124354	2.55548806645391	2.3532918383655e-27	1	1	2	0.000158383350345454	1	0	5.90480276034764	7.02263960712023
FABP5	RXRA	R-HSA-9031528	REACTOME_NR1H2_NR1H3_REGULATE_GENE_EXPRESSION_LINKED_TO_TRIGLYCERIDE_LIPOLYSIS_IN_ADIPOSE	2.80493286530078e-34	2.82314671507546e-34	12.4802691404467	2.10216678121164	2.51512024274717e-33	1	1	3	0.481342902928969	1	0	-5.89742976660913	-5.32763144612348
FABP5	RXRA	R-HSA-9632974	REACTOME_NR1H2_NR1H3_REGULATE_GENE_EXPRESSION_LINKED_TO_GLUCONEOGENESIS	2.80493286530078e-34	2.82314671507546e-34	12.4802691404467	2.10216678121164	2.51512024274717e-33	1	1	3	0.481342902928969	1	0	-5.89742976660913	-5.32763144612348
FYN	TREM2	R-HSA-416700	REACTOME_OTHER_SEMAPHORIN_INTERACTIONS	3.06272301863969e-33	3.07927827819991e-33	1.48425704472725	19.3515299735117	1.37294023579375e-31	1	1	2	0.149357847102702	1	0	-4.20077016325016	6.33881759213504
B2M	TREM2	R-HSA-416700	REACTOME_OTHER_SEMAPHORIN_INTERACTIONS	3.3653822346553e-33	3.37991952292595e-33	2.64498857550919	19.3515299735117	1.50861460558582e-31	1	1	2	0.149357847102702	1	0	-3.41500679605085	6.33881759213504
ABCA1	RXRA	R-HSA-9031528	REACTOME_NR1H2_NR1H3_REGULATE_GENE_EXPRESSION_LINKED_TO_TRIGLYCERIDE_LIPOLYSIS_IN_ADIPOSE	9.68256835857282e-32	9.70343596279389e-32	5.33280661171401	2.10216678121164	8.68214137375383e-31	1	1	3	0.481342902928969	1	0	-5.99112378359814	-5.32763144612348
ABCA1	RXRA	R-HSA-9632974	REACTOME_NR1H2_NR1H3_REGULATE_GENE_EXPRESSION_LINKED_TO_GLUCONEOGENESIS	9.68256835857282e-32	9.70343596279389e-32	5.33280661171401	2.10216678121164	8.68214137375383e-31	1	1	3	0.481342902928969	1	0	-5.99112378359814	-5.32763144612348
NTS	NGFR	R-HSA-193697	REACTOME_P75NTR_REGULATES_AXONOGENESIS	4.88667792930676e-30	4.89193807777749e-30	8.75457506671987	3.32092124366156	1.3130180752581e-26	1	1	3	0.0719307083769097	1	0	6.92268695516757	1.38075447202657
NTS	NGFR	R-HSA-193692	REACTOME_REGULATED_PROTEOLYSIS_OF_P75NTR	1.38560590485398e-28	1.38560590485398e-28	8.75457506671987	3.32092124366156	1.3130180752581e-26	1	1	3	0.219342609997652	1	0	6.92268695516757	1.38075447202657
