L	R	pw.id	pw.name	pval	qval	L.logFC	R.logFC	LR.pval	LR.corr	rank	len	rank.pval	rank.corr	LR.score	L.expr	R.expr
IL16	GRIN2D	R-HSA-5683057	REACTOME_MAPK_FAMILY_SIGNALING_CASCADES	1.49390369740401e-295	1.05469601036723e-292	5.92237427990667	5.26941372135429	2.42350347666812e-15	1	75	138	9.84761601252151e-06	1	0	5.05485465787482	6.0348110831286
YWHAZ	CSF2RB	R-HSA-5683057	REACTOME_MAPK_FAMILY_SIGNALING_CASCADES	8.12150384478523e-293	2.86689085720919e-290	2.43397447175788	7.54045667097116	2.79761302553984e-17	1	75	137	9.84761601252151e-06	1	0	3.39630090796005	-4.27299474189203
YWHAZ	CSF2RA	R-HSA-5683057	REACTOME_MAPK_FAMILY_SIGNALING_CASCADES	1.6347469669831e-290	3.8471045289669e-288	2.43397447175788	3.52187615189165	5.63121005136286e-15	1	75	137	9.84761601252151e-06	1	0	3.39630090796005	-5.61795587053739
YWHAZ	IL3RA	R-HSA-5683057	REACTOME_MAPK_FAMILY_SIGNALING_CASCADES	2.32825616583035e-289	4.10937213269057e-287	2.43397447175788	9.31779436257902	8.02013998984036e-14	1	75	137	9.84761601252151e-06	1	0	3.39630090796005	2.14534431862489
C3	ITGB2	R-HSA-1474244	REACTOME_EXTRACELLULAR_MATRIX_ORGANIZATION	3.23539964471544e-287	4.5683842983382e-285	5.45116419360788	11.944746463134	1.07574120426742e-20	1	46	85	5.31430994066589e-08	1	0	6.55567583631929	5.91614862919166
ICAM2	ITGB2	R-HSA-1474244	REACTOME_EXTRACELLULAR_MATRIX_ORGANIZATION	1.63186412527379e-286	1.92016012073882e-284	5.3985234400609	11.944746463134	5.42580105116264e-20	1	46	85	5.31430994066589e-08	1	0	-2.79505259940264	5.91614862919166
ICAM3	ITGB2	R-HSA-1474244	REACTOME_EXTRACELLULAR_MATRIX_ORGANIZATION	1.91845444284963e-286	1.93489833807405e-284	7.16681577509801	11.944746463134	6.37868801170854e-20	1	46	85	5.31430994066589e-08	1	0	7.54986602547591	5.91614862919166
EFNB2	PECAM1	R-HSA-1474244	REACTOME_EXTRACELLULAR_MATRIX_ORGANIZATION	1.5217444626805e-285	1.34293948831554e-283	3.35814715099354	11.7593691614151	5.05966310389201e-19	1	46	85	5.31430994066589e-08	1	0	3.73931126900062	-6.08495718238946
ITGAM	ITGB2	R-HSA-1474244	REACTOME_EXTRACELLULAR_MATRIX_ORGANIZATION	5.76356094120764e-285	4.52119336054733e-283	14.045945198681	11.944746463134	1.91633203579359e-18	1	46	85	5.31430994066589e-08	1	0	-4.95893465592248	5.91614862919166
MMP9	ITGB2	R-HSA-1474244	REACTOME_EXTRACELLULAR_MATRIX_ORGANIZATION	8.64654466751042e-285	6.10446053526236e-283	15.8852540748434	11.944746463134	2.87489812535904e-18	1	46	85	5.31430994066589e-08	1	0	2.7919128994747	5.91614862919166
ICAM5	ITGB2	R-HSA-1474244	REACTOME_EXTRACELLULAR_MATRIX_ORGANIZATION	1.59688727150584e-284	1.02491128516648e-282	5.17732667292378	11.944746463134	5.30950616667977e-18	1	46	85	5.31430994066589e-08	1	0	5.80591761679647	5.91614862919166
VEGFA	RET	R-HSA-5683057	REACTOME_MAPK_FAMILY_SIGNALING_CASCADES	2.05768351143554e-284	1.14822639407573e-282	3.92093203204012	4.28017889381879	6.77511718433545e-16	1	74	136	1.28528905799978e-05	1	0	3.10052950320012	3.42545367347251
ITGB2	ITGAL	R-HSA-1474244	REACTOME_EXTRACELLULAR_MATRIX_ORGANIZATION	2.11429789277401e-284	1.14822639407573e-282	11.944746463134	8.17462744304816	7.02984982108083e-18	1	46	85	5.31430994066589e-08	1	0	5.91614862919166	4.70341157342427
ICAM2	ITGAL	R-HSA-1474244	REACTOME_EXTRACELLULAR_MATRIX_ORGANIZATION	1.28450448673559e-282	6.47757262596662e-281	5.3985234400609	8.17462744304816	4.27086157873824e-16	1	46	85	5.31430994066589e-08	1	0	-2.79505259940264	4.70341157342427
ICAM3	ITGAL	R-HSA-1474244	REACTOME_EXTRACELLULAR_MATRIX_ORGANIZATION	1.51009100651976e-282	7.10749500401965e-281	7.16681577509801	8.17462744304816	5.02091641309382e-16	1	46	85	5.31430994066589e-08	1	0	7.54986602547591	4.70341157342427
ARTN	RET	R-HSA-5683057	REACTOME_MAPK_FAMILY_SIGNALING_CASCADES	3.88029534604624e-282	1.7121803214429e-280	3.82831831078396	4.28017889381879	1.27762386845166e-13	1	74	136	1.28528905799978e-05	1	0	6.90969897187532	3.42545367347251
VEGFB	RET	R-HSA-5683057	REACTOME_MAPK_FAMILY_SIGNALING_CASCADES	3.9098856401888e-281	1.62375250704311e-279	1.279965212397	4.28017889381879	1.28736675209828e-12	1	74	136	1.28528905799978e-05	1	0	2.48052225077401	3.42545367347251
COL9A2	ITGA1	R-HSA-1474244	REACTOME_EXTRACELLULAR_MATRIX_ORGANIZATION	9.94466508639763e-281	3.90051863944263e-279	7.69297708193826	1.07624759411689	3.30651145788158e-14	1	46	85	5.31430994066589e-08	1	0	3.06945835268604	6.10506405697975
ICAM5	ITGAL	R-HSA-1474244	REACTOME_EXTRACELLULAR_MATRIX_ORGANIZATION	1.25697282836956e-280	4.67064640436269e-279	5.17732667292378	8.17462744304816	4.17932129754136e-14	1	46	85	5.31430994066589e-08	1	0	5.80591761679647	4.70341157342427
SEMA7A	ITGA1	R-HSA-1474244	REACTOME_EXTRACELLULAR_MATRIX_ORGANIZATION	4.5987477951144e-280	1.62335797167538e-278	9.05186122215587	1.07624759411689	1.52904216927848e-13	1	46	85	5.31430994066589e-08	1	0	3.57438453444824	6.10506405697975
ITGB2	ITGAM	R-HSA-1474244	REACTOME_EXTRACELLULAR_MATRIX_ORGANIZATION	1.24103625908206e-279	4.17224570910443e-278	11.944746463134	14.045945198681	1.91633203579359e-18	1	45	83	4.90919306453994e-08	1	0	5.91614862919166	-4.95893465592248
ADAM28	ITGA4	R-HSA-1474244	REACTOME_EXTRACELLULAR_MATRIX_ORGANIZATION	1.79754727755471e-279	5.76849262706193e-278	11.8154483258594	10.0206303324884	2.12703900377285e-18	1	46	84	4.8643359092997e-08	1	0	6.28538138972843	7.02833690105118
TGFB1	ITGB5	R-HSA-1474244	REACTOME_EXTRACELLULAR_MATRIX_ORGANIZATION	7.03667253733944e-279	2.15995252667898e-277	2.46828720681576	1.1396922611271	7.71969799293327e-13	1	46	85	5.46368374381308e-08	1	0	-2.64576510074393	5.86168441709017
C3	ITGAM	R-HSA-1474244	REACTOME_EXTRACELLULAR_MATRIX_ORGANIZATION	1.49485083175844e-278	4.39735286342274e-277	5.45116419360788	14.045945198681	2.30825692373424e-17	1	45	83	4.90919306453994e-08	1	0	6.55567583631929	-4.95893465592248
ICAM2	ITGAM	R-HSA-1474244	REACTOME_EXTRACELLULAR_MATRIX_ORGANIZATION	7.53969744963864e-278	2.04731784594034e-276	5.3985234400609	14.045945198681	1.16423381325061e-16	1	45	83	4.90919306453994e-08	1	0	-2.79505259940264	-4.95893465592248
SPP1	ITGB5	R-HSA-1474244	REACTOME_EXTRACELLULAR_MATRIX_ORGANIZATION	7.3172415480578e-278	2.04731784594034e-276	4.53222432795068	1.1396922611271	8.02750086672463e-12	1	46	85	5.46368374381308e-08	1	0	-2.57586086409083	5.86168441709017
SPP1	ITGA4	R-HSA-1474244	REACTOME_EXTRACELLULAR_MATRIX_ORGANIZATION	8.95871663899263e-277	2.34253849893659e-275	4.53222432795068	10.0206303324884	1.06008559289791e-15	1	46	84	4.8643359092997e-08	1	0	-2.57586086409083	7.02833690105118
MMP9	ITGAM	R-HSA-1474244	REACTOME_EXTRACELLULAR_MATRIX_ORGANIZATION	3.99496071812212e-276	1.00730080964079e-274	15.8852540748434	14.045945198681	6.16877319244239e-15	1	45	83	4.90919306453994e-08	1	0	2.7919128994747	-4.95893465592248
TLN1	ITGB5	R-HSA-1474244	REACTOME_EXTRACELLULAR_MATRIX_ORGANIZATION	6.43825320363553e-276	1.56738164198851e-274	1.24482684266883	1.1396922611271	7.06319216509874e-10	1	46	85	5.46368374381308e-08	1	0	0.554967454705092	5.86168441709017
TGFB1	SDC2	R-HSA-1474244	REACTOME_EXTRACELLULAR_MATRIX_ORGANIZATION	7.94219739751138e-276	1.86906378754768e-274	2.46828720681576	6.74485292436499	2.98212854863439e-16	1	46	84	5.31430994066589e-08	1	0	-2.64576510074393	7.52520715134037
SPP1	ITGA5	R-HSA-1474244	REACTOME_EXTRACELLULAR_MATRIX_ORGANIZATION	2.83695827521178e-275	6.46094368483714e-274	4.53222432795068	2.4554419409284	6.26635265334544e-14	1	45	83	4.8643359092997e-08	1	0	-2.57586086409083	-4.20935122820725
TLN1	ITGA1	R-HSA-1474244	REACTOME_EXTRACELLULAR_MATRIX_ORGANIZATION	5.87972389943092e-275	1.29721408531195e-273	1.24482684266883	1.07624759411689	1.95495517181775e-08	1	46	85	5.31430994066589e-08	1	0	0.554967454705092	6.10506405697975
TGM2	ITGA4	R-HSA-1474244	REACTOME_EXTRACELLULAR_MATRIX_ORGANIZATION	1.37289386867821e-273	2.93716082208126e-272	1.32759091877605	10.0206303324884	1.62454631551702e-12	1	46	84	4.8643359092997e-08	1	0	5.62030998877616	7.02833690105118
ADAM17	ITGA5	R-HSA-1474244	REACTOME_EXTRACELLULAR_MATRIX_ORGANIZATION	1.72590236899043e-272	3.58378550737425e-271	1.34927225839675	2.4554419409284	3.81222134418986e-11	1	45	83	4.8643359092997e-08	1	0	5.33514782527529	-4.20935122820725
TIMP3	ADAM17	R-HSA-1474244	REACTOME_EXTRACELLULAR_MATRIX_ORGANIZATION	4.92465867113165e-271	9.93374006233984e-270	2.18468350054544	1.34927225839675	7.60435572109604e-10	1	45	83	4.90919306453994e-08	1	0	5.7544474489328	5.33514782527529
COL5A3	SDC3	R-HSA-1474244	REACTOME_EXTRACELLULAR_MATRIX_ORGANIZATION	1.03034098038441e-269	2.02061314486498e-268	6.83500903043255	2.33134581033431	1.66222901842472e-15	1	45	82	4.90919306453994e-08	1	0	4.90760820931845	-4.8871910913699
GNAS	ADCY1	R-HSA-9006925	REACTOME_INTRACELLULAR_SIGNALING_BY_SECOND_MESSENGERS	2.44370769807907e-265	4.66285847255088e-264	3.9980290587368	9.05806786479183	1.4818955400295e-16	1	88	160	8.96078293406786e-05	1	0	-0.281622528365284	2.89221505485111
NAMPT	INSR	R-HSA-9006925	REACTOME_INTRACELLULAR_SIGNALING_BY_SECOND_MESSENGERS	7.60514782421993e-264	1.41295641155244e-262	4.71468935368593	1.41141164709616	4.61185871404981e-15	1	88	160	8.96078293406786e-05	1	0	6.07052341183001	5.30888214349302
FABP5	RXRA	R-HSA-1852241	REACTOME_ORGANELLE_BIOGENESIS_AND_MAINTENANCE	1.6209453360935e-262	2.9343266853385e-261	11.8838121323788	2.10167308768104	7.52034905271844e-15	1	86	158	9.43886701309525e-05	1	0	5.88150849279911	4.55214671702056
ABCA1	RXRA	R-HSA-1852241	REACTOME_ORGANELLE_BIOGENESIS_AND_MAINTENANCE	2.38948054169169e-262	4.21743315608583e-261	4.99867194609084	2.10167308768104	1.10859554163051e-14	1	86	158	9.43886701309525e-05	1	0	8.09811327653548	4.55214671702056
FYN	CD86	R-HSA-9006925	REACTOME_INTRACELLULAR_SIGNALING_BY_SECOND_MESSENGERS	4.55288119357928e-255	7.83983932357798e-254	2.06426053422308	6.88554451973144	6.7501360089411e-13	1	86	158	0.000112255810035113	1	0	4.23615043922175	7.48518635303806
FYN	CD80	R-HSA-9006925	REACTOME_INTRACELLULAR_SIGNALING_BY_SECOND_MESSENGERS	9.07596780656178e-253	1.52562696938872e-251	2.06426053422308	6.51839713149273	1.34560983478903e-10	1	86	158	0.000112255810035113	1	0	4.23615043922175	-6.25161388630902
CD274	CD80	R-HSA-9006925	REACTOME_INTRACELLULAR_SIGNALING_BY_SECOND_MESSENGERS	1.10682860855593e-252	1.81725813404764e-251	4.58381004451618	6.51839713149273	1.64099244603085e-10	1	86	158	0.000112255810035113	1	0	-1.62566314066718	-6.25161388630902
CD86	CD80	R-HSA-9006925	REACTOME_INTRACELLULAR_SIGNALING_BY_SECOND_MESSENGERS	3.11427059367592e-252	4.88594453141155e-251	6.88554451973144	6.51839713149273	4.61724107925421e-10	1	86	158	0.000112255810035113	1	0	7.48518635303806	-6.25161388630902
CD80	CD86	R-HSA-9006925	REACTOME_INTRACELLULAR_SIGNALING_BY_SECOND_MESSENGERS	3.11427059367592e-252	4.88594453141155e-251	6.51839713149273	6.88554451973144	4.61724107925421e-10	1	86	158	0.000112255810035113	1	0	-6.25161388630902	7.48518635303806
FABP5	RXRA	R-HSA-9006931	REACTOME_SIGNALING_BY_NUCLEAR_RECEPTORS	1.74781707691817e-231	2.68251925283528e-230	11.8838121323788	2.10167308768104	7.52034905271844e-15	1	71	130	5.74466060518128e-05	1	0	5.88150849279911	4.55214671702056
ABCA1	RXRA	R-HSA-9006931	REACTOME_SIGNALING_BY_NUCLEAR_RECEPTORS	2.5765056987039e-231	3.87024047507437e-230	4.99867194609084	2.10167308768104	1.10859554163051e-14	1	71	130	5.74466060518128e-05	1	0	8.09811327653548	4.55214671702056
RIMS2	ABCA1	R-HSA-9006931	REACTOME_SIGNALING_BY_NUCLEAR_RECEPTORS	2.98609029375075e-231	4.39204114039173e-230	5.02438125244107	4.99867194609084	4.99431114621331e-14	1	72	131	5.55908251042927e-05	1	0	7.76472587122388	8.09811327653548
UBC	TLR4	R-HSA-983169	REACTOME_CLASS_I_MHC_MEDIATED_ANTIGEN_PROCESSING_PRESENTATION	4.34069481832182e-231	6.2541439627249e-230	3.95714186803172	4.48930707653718	5.41319793079117e-16	1	89	162	0.000284595685389317	1	0	1.0885298100563	1.68158391718923
UBC	TGFBR1	R-HSA-5688426	REACTOME_DEUBIQUITINATION	1.61490943065076e-230	2.28025211607887e-229	3.95714186803172	1.00186807409562	1.64689434190985e-11	1	80	146	0.000124769436765547	1	0	1.0885298100563	5.7989603829035
TGFB1	TGFBR1	R-HSA-5688426	REACTOME_DEUBIQUITINATION	2.2752808597167e-230	3.14970252345097e-229	2.46828720681576	1.00186807409562	2.32034509366462e-11	1	80	146	0.000124769436765547	1	0	-2.64576510074393	5.7989603829035
TGFB1	SDC2	R-HSA-9694516	REACTOME_SARS_COV_2_INFECTION	5.15265108150304e-227	6.99571473757912e-226	2.46828720681576	6.74485292436499	2.98212854863439e-16	1	78	142	0.000132244235800074	1	0	-2.64576510074393	7.52520715134037
COL5A3	SDC3	R-HSA-9694516	REACTOME_SARS_COV_2_INFECTION	2.8720714113461e-226	3.82581588001953e-225	6.83500903043255	2.33134581033431	1.66222901842472e-15	1	78	142	0.000132244235800074	1	0	4.90760820931845	-4.8871910913699
VEGFA	NRP1	R-HSA-9694516	REACTOME_SARS_COV_2_INFECTION	9.74293371732585e-224	1.27379837119112e-222	3.92093203204012	1.42796094333709	5.63878289570011e-13	1	78	142	0.000132244235800074	1	0	3.10052950320012	2.96917171284008
FYN	NRP1	R-HSA-9694516	REACTOME_SARS_COV_2_INFECTION	2.14696188999131e-222	2.7559183533343e-221	2.06426053422308	1.42796094333709	1.24256741698596e-11	1	78	142	0.000132244235800074	1	0	4.23615043922175	2.96917171284008
VEGFB	NRP1	R-HSA-9694516	REACTOME_SARS_COV_2_INFECTION	1.85129328310103e-220	2.33395188905238e-219	1.279965212397	1.42796094333709	1.07144738972317e-09	1	78	142	0.000132244235800074	1	0	2.48052225077401	2.96917171284008
TGFB1	CXCR4	R-HSA-418594	REACTOME_G_ALPHA_I_SIGNALLING_EVENTS	3.94439453608002e-219	4.88551323240789e-218	2.46828720681576	6.53848879167285	7.32711937179347e-18	1	44	80	8.71843120004235e-07	1	0	-2.64576510074393	3.87000451520385
C3	C3AR1	R-HSA-418594	REACTOME_G_ALPHA_I_SIGNALLING_EVENTS	8.29460170601565e-219	1.00965324214604e-217	5.45116419360788	5.18748115695159	1.05527721719988e-17	1	43	79	8.95711537934412e-07	1	0	6.55567583631929	0.760863811635135
GNAS	ADCY1	R-HSA-418594	REACTOME_G_ALPHA_I_SIGNALLING_EVENTS	1.1647871359415e-217	1.39379613216051e-216	3.9980290587368	9.05806786479183	1.4818955400295e-16	1	43	79	8.95711537934412e-07	1	0	-0.281622528365284	2.89221505485111
RPS19	C5AR1	R-HSA-418594	REACTOME_G_ALPHA_I_SIGNALLING_EVENTS	2.45141076066966e-217	2.88449332838796e-216	7.62365055960003	15.255271050894	4.55374813762322e-16	1	44	80	8.71843120004235e-07	1	0	7.24172326368604	2.66560301757515
EFNB2	PECAM1	R-HSA-76002	REACTOME_PLATELET_ACTIVATION_SIGNALING_AND_AGGREGATION	8.31455735105156e-217	9.62307785220066e-216	3.35814715099354	11.7593691614151	5.05966310389201e-19	1	43	79	1.10130039710526e-06	1	0	3.73931126900062	-6.08495718238946
CXCL13	CXCR5	R-HSA-418594	REACTOME_G_ALPHA_I_SIGNALLING_EVENTS	2.80536652315952e-215	3.19449800863003e-214	18.1853030382986	11.1014718457995	9.69535446017779e-14	1	43	79	8.71843120004235e-07	1	0	-5.68192411007121	5.7762566554804
FABP5	RXRA	R-HSA-2990846	REACTOME_SUMOYLATION	5.31669052870676e-215	5.95806906867773e-214	11.8838121323788	2.10167308768104	7.52034905271844e-15	1	70	128	9.48358078231685e-05	1	0	5.88150849279911	4.55214671702056
ABCA1	RXRA	R-HSA-2990846	REACTOME_SUMOYLATION	7.83748117944458e-215	8.6457214260748e-214	4.99867194609084	2.10167308768104	1.10859554163051e-14	1	70	128	9.48358078231685e-05	1	0	8.09811327653548	4.55214671702056
TGM2	TBXA2R	R-HSA-76002	REACTOME_PLATELET_ACTIVATION_SIGNALING_AND_AGGREGATION	1.74290572881004e-209	1.89306376083059e-208	1.32759091877605	6.92923947410122	5.70079335590576e-12	1	44	80	1.10130039710526e-06	1	0	5.62030998877616	4.59029243051706
TGFB1	SDC2	R-HSA-71387	REACTOME_METABOLISM_OF_CARBOHYDRATES	3.55927736143937e-209	3.80734820784272e-208	2.46828720681576	6.74485292436499	2.98212854863439e-16	1	44	80	1.46554947732269e-06	1	0	-2.64576510074393	7.52520715134037
COL5A3	SDC3	R-HSA-71387	REACTOME_METABOLISM_OF_CARBOHYDRATES	1.98392994075188e-208	2.09052916144899e-207	6.83500903043255	2.33134581033431	1.66222901842472e-15	1	44	80	1.46554947732269e-06	1	0	4.90760820931845	-4.8871910913699
FABP5	RXRA	R-HSA-9006936	REACTOME_SIGNALING_BY_TGFB_FAMILY_MEMBERS	8.66836175699835e-201	8.99979911829535e-200	11.8838121323788	2.10167308768104	7.52034905271844e-15	1	57	104	3.16158509507867e-05	1	0	5.88150849279911	4.55214671702056
ABCA1	RXRA	R-HSA-9006936	REACTOME_SIGNALING_BY_TGFB_FAMILY_MEMBERS	1.27782728297366e-200	1.30745806054987e-199	4.99867194609084	2.10167308768104	1.10859554163051e-14	1	57	104	3.16158509507867e-05	1	0	8.09811327653548	4.55214671702056
C3	ITGB2	R-HSA-168898	REACTOME_TOLL_LIKE_RECEPTOR_CASCADES	4.91457806518459e-199	4.95670302002903e-198	5.45116419360788	11.944746463134	1.07574120426742e-20	1	52	95	2.10922192671211e-05	1	0	6.55567583631929	5.91614862919166
UBC	TGFBR1	R-HSA-9006936	REACTOME_SIGNALING_BY_TGFB_FAMILY_MEMBERS	1.71087725742659e-198	1.70123851231433e-197	3.95714186803172	1.00186807409562	1.64689434190985e-11	1	57	105	3.66152090162955e-05	1	0	1.0885298100563	5.7989603829035
TGFB1	TGFBR1	R-HSA-9006936	REACTOME_SIGNALING_BY_TGFB_FAMILY_MEMBERS	2.41049200856959e-198	2.36362133062518e-197	2.46828720681576	1.00186807409562	2.32034509366462e-11	1	57	105	3.66152090162955e-05	1	0	-2.64576510074393	5.7989603829035
ICAM2	ITGB2	R-HSA-168898	REACTOME_TOLL_LIKE_RECEPTOR_CASCADES	2.47880463501057e-198	2.39730968810612e-197	5.3985234400609	11.944746463134	5.42580105116264e-20	1	52	95	2.10922192671211e-05	1	0	-2.79505259940264	5.91614862919166
ICAM3	ITGB2	R-HSA-168898	REACTOME_TOLL_LIKE_RECEPTOR_CASCADES	2.91413585931637e-198	2.78024313064508e-197	7.16681577509801	11.944746463134	6.37868801170854e-20	1	52	95	2.10922192671211e-05	1	0	7.54986602547591	5.91614862919166
GDF11	ACVR1B	R-HSA-9006936	REACTOME_SIGNALING_BY_TGFB_FAMILY_MEMBERS	1.26283495079816e-197	1.18874863368467e-196	1.93109136379653	2.31789209880466	1.47855912880299e-13	1	56	103	3.50317276536688e-05	1	0	2.46984328792126	-3.52482613565519
TGFB1	ITGB5	R-HSA-9006936	REACTOME_SIGNALING_BY_TGFB_FAMILY_MEMBERS	6.59338151932748e-197	6.12490441137527e-196	2.46828720681576	1.1396922611271	7.71969799293327e-13	1	56	103	3.50317276536688e-05	1	0	-2.64576510074393	5.86168441709017
TGFB1	ACVRL1	R-HSA-9006936	REACTOME_SIGNALING_BY_TGFB_FAMILY_MEMBERS	8.5856202454497e-197	7.82396328526007e-196	2.46828720681576	6.09894249214426	7.55650486651475e-17	1	56	102	3.50317276536688e-05	1	0	-2.64576510074393	4.48855950242026
ITGAM	ITGB2	R-HSA-168898	REACTOME_TOLL_LIKE_RECEPTOR_CASCADES	8.75485976679243e-197	7.82396328526007e-196	14.045945198681	11.944746463134	1.91633203579359e-18	1	52	95	2.10922192671211e-05	1	0	-4.95893465592248	5.91614862919166
ITGB2	ITGAM	R-HSA-168898	REACTOME_TOLL_LIKE_RECEPTOR_CASCADES	8.75485976679243e-197	7.82396328526007e-196	11.944746463134	14.045945198681	1.91633203579359e-18	1	52	95	2.10922192671211e-05	1	0	5.91614862919166	-4.95893465592248
MMP9	ITGB2	R-HSA-168898	REACTOME_TOLL_LIKE_RECEPTOR_CASCADES	1.31341173978286e-196	1.15908586035837e-195	15.8852540748434	11.944746463134	2.87489812535904e-18	1	52	95	2.10922192671211e-05	1	0	2.7919128994747	5.91614862919166
ICAM5	ITGB2	R-HSA-168898	REACTOME_TOLL_LIKE_RECEPTOR_CASCADES	2.42567472922046e-196	2.11423007262919e-195	5.17732667292378	11.944746463134	5.30950616667977e-18	1	52	95	2.10922192671211e-05	1	0	5.80591761679647	5.91614862919166
SPP1	ITGB5	R-HSA-9006936	REACTOME_SIGNALING_BY_TGFB_FAMILY_MEMBERS	6.85627545397488e-196	5.90308593964178e-195	4.53222432795068	1.1396922611271	8.02750086672463e-12	1	56	103	3.50317276536688e-05	1	0	-2.57586086409083	5.86168441709017
GDF11	ACVR2B	R-HSA-9006936	REACTOME_SIGNALING_BY_TGFB_FAMILY_MEMBERS	8.03316526926989e-196	6.83302973506571e-195	1.93109136379653	1.22573882835056	1.29425405643405e-09	1	56	103	3.16158509507867e-05	1	0	2.46984328792126	3.85240888840565
C3	ITGAM	R-HSA-168898	REACTOME_TOLL_LIKE_RECEPTOR_CASCADES	1.05453884272473e-195	8.8631478924245e-195	5.45116419360788	14.045945198681	2.30825692373424e-17	1	52	95	2.10922192671211e-05	1	0	6.55567583631929	-4.95893465592248
TGFB1	SDC2	R-HSA-381426	REACTOME_REGULATION_OF_INSULIN_LIKE_GROWTH_FACTOR_IGF_TRANSPORT_AND_UPTAKE_BY_INSULIN_LIKE_GROWTH_FACTOR_BINDING_PROTEINS_IGFBPS	1.26688780293654e-195	1.0522621045567e-194	2.46828720681576	6.74485292436499	2.98212854863439e-16	1	35	65	4.13080448064612e-07	1	0	-2.64576510074393	7.52520715134037
ICAM2	ITGAM	R-HSA-168898	REACTOME_TOLL_LIKE_RECEPTOR_CASCADES	5.31886102219552e-195	4.36641381589539e-194	5.3985234400609	14.045945198681	1.16423381325061e-16	1	52	95	2.10922192671211e-05	1	0	-2.79505259940264	-4.95893465592248
TLN1	ITGB5	R-HSA-9006936	REACTOME_SIGNALING_BY_TGFB_FAMILY_MEMBERS	6.03266095790948e-194	4.89546969687827e-193	1.24482684266883	1.1396922611271	7.06319216509874e-10	1	56	103	3.50317276536688e-05	1	0	0.554967454705092	5.86168441709017
MMP9	ITGAM	R-HSA-168898	REACTOME_TOLL_LIKE_RECEPTOR_CASCADES	2.81823521311725e-193	2.26099325052361e-192	15.8852540748434	14.045945198681	6.16877319244239e-15	1	52	95	2.10922192671211e-05	1	0	2.7919128994747	-4.95893465592248
C3	C3AR1	R-HSA-9658195	REACTOME_LEISHMANIA_INFECTION	9.56373033996557e-191	7.58650968541089e-190	5.45116419360788	5.18748115695159	1.05527721719988e-17	1	47	86	1.13667129549808e-05	1	0	6.55567583631929	0.760863811635135
TIMP3	ADAM17	R-HSA-9658195	REACTOME_LEISHMANIA_INFECTION	1.21881462013534e-189	9.56092357572836e-189	2.18468350054544	1.34927225839675	7.60435572109604e-10	1	47	87	1.00824730566946e-05	1	0	5.7544474489328	5.33514782527529
GNAS	ADCY1	R-HSA-9658195	REACTOME_LEISHMANIA_INFECTION	1.34300723126058e-189	1.04193747831865e-188	3.9980290587368	9.05806786479183	1.4818955400295e-16	1	47	86	1.13667129549808e-05	1	0	-0.281622528365284	2.89221505485111
UBC	TLR4	R-HSA-168898	REACTOME_TOLL_LIKE_RECEPTOR_CASCADES	5.35083898748524e-189	4.1061873099615e-188	3.95714186803172	4.48930707653718	5.41319793079117e-16	1	51	94	2.82826241455926e-05	1	0	1.0885298100563	1.68158391718923
GNAS	ADORA2B	R-HSA-9658195	REACTOME_LEISHMANIA_INFECTION	3.16757966112144e-188	2.4046357427438e-187	3.9980290587368	1.05645247232862	4.22819164798172e-13	1	47	86	1.00824730566946e-05	1	0	-0.281622528365284	4.9833866177033
UBC	TLR4	R-HSA-5357801	REACTOME_PROGRAMMED_CELL_DEATH	4.66888275440797e-184	3.50662896235322e-183	3.95714186803172	4.48930707653718	5.41319793079117e-16	1	55	101	6.35264900073823e-05	1	0	1.0885298100563	1.68158391718923
TNF	TNFRSF1B	R-HSA-6785807	REACTOME_INTERLEUKIN_4_AND_INTERLEUKIN_13_SIGNALING	2.59756463076451e-177	1.93040066244184e-176	8.21010878302295	7.31447457060829	2.0606047598591e-18	1	30	56	3.36604237266622e-07	1	0	6.70139939620706	-3.95961036702264
C3	ITGB2	R-HSA-6785807	REACTOME_INTERLEUKIN_4_AND_INTERLEUKIN_13_SIGNALING	1.94238641227087e-173	1.42846334069087e-172	5.45116419360788	11.944746463134	1.07574120426742e-20	1	30	55	3.36604237266622e-07	1	0	6.55567583631929	5.91614862919166
ICAM2	ITGB2	R-HSA-6785807	REACTOME_INTERLEUKIN_4_AND_INTERLEUKIN_13_SIGNALING	9.79696807713186e-173	7.13057676541762e-172	5.3985234400609	11.944746463134	5.42580105116264e-20	1	30	55	3.36604237266622e-07	1	0	-2.79505259940264	5.91614862919166
ICAM3	ITGB2	R-HSA-6785807	REACTOME_INTERLEUKIN_4_AND_INTERLEUKIN_13_SIGNALING	1.15175256585019e-172	8.29731950500238e-172	7.16681577509801	11.944746463134	6.37868801170854e-20	1	30	55	3.36604237266622e-07	1	0	7.54986602547591	5.91614862919166
ITGAM	ITGB2	R-HSA-6785807	REACTOME_INTERLEUKIN_4_AND_INTERLEUKIN_13_SIGNALING	3.46017917037926e-171	2.44288649428776e-170	14.045945198681	11.944746463134	1.91633203579359e-18	1	30	55	3.36604237266622e-07	1	0	-4.95893465592248	5.91614862919166
ITGB2	ITGAM	R-HSA-6785807	REACTOME_INTERLEUKIN_4_AND_INTERLEUKIN_13_SIGNALING	3.46017917037926e-171	2.44288649428776e-170	11.944746463134	14.045945198681	1.91633203579359e-18	1	30	55	3.36604237266622e-07	1	0	5.91614862919166	-4.95893465592248
MMP9	ITGB2	R-HSA-6785807	REACTOME_INTERLEUKIN_4_AND_INTERLEUKIN_13_SIGNALING	5.19099113542201e-171	3.62855419961182e-170	15.8852540748434	11.944746463134	2.87489812535904e-18	1	30	55	3.36604237266622e-07	1	0	2.7919128994747	5.91614862919166
ICAM5	ITGB2	R-HSA-6785807	REACTOME_INTERLEUKIN_4_AND_INTERLEUKIN_13_SIGNALING	9.58698299657526e-171	6.63569607410013e-170	5.17732667292378	11.944746463134	5.30950616667977e-18	1	30	55	3.36604237266622e-07	1	0	5.80591761679647	5.91614862919166
C3	ITGAM	R-HSA-6785807	REACTOME_INTERLEUKIN_4_AND_INTERLEUKIN_13_SIGNALING	4.16784898347815e-170	2.85679745857822e-169	5.45116419360788	14.045945198681	2.30825692373424e-17	1	30	55	3.36604237266622e-07	1	0	6.55567583631929	-4.95893465592248
ICAM2	ITGAM	R-HSA-6785807	REACTOME_INTERLEUKIN_4_AND_INTERLEUKIN_13_SIGNALING	2.10217097810648e-169	1.42705068321459e-168	5.3985234400609	14.045945198681	1.16423381325061e-16	1	30	55	3.36604237266622e-07	1	0	-2.79505259940264	-4.95893465592248
UBC	TGFBR1	R-HSA-5689880	REACTOME_UB_SPECIFIC_PROCESSING_PROTEASES	7.83259321850456e-169	5.26648648787069e-168	3.95714186803172	1.00186807409562	1.64689434190985e-11	1	57	104	0.000124769436765547	1	0	1.0885298100563	5.7989603829035
TGFB1	TGFBR1	R-HSA-5689880	REACTOME_UB_SPECIFIC_PROCESSING_PROTEASES	1.10355101616001e-168	7.35006620197139e-168	2.46828720681576	1.00186807409562	2.32034509366462e-11	1	57	104	0.000124769436765547	1	0	-2.64576510074393	5.7989603829035
MMP9	ITGAM	R-HSA-6785807	REACTOME_INTERLEUKIN_4_AND_INTERLEUKIN_13_SIGNALING	1.11384979787408e-167	7.34932670372992e-167	15.8852540748434	14.045945198681	6.16877319244239e-15	1	30	55	3.36604237266622e-07	1	0	2.7919128994747	-4.95893465592248
IL16	GRIN2D	R-HSA-112315	REACTOME_TRANSMISSION_ACROSS_CHEMICAL_SYNAPSES	2.64873905183571e-162	1.73149052832964e-161	5.92237427990667	5.26941372135429	2.42350347666812e-15	1	40	73	1.15816674070663e-05	1	0	5.05485465787482	6.0348110831286
GNAS	ADORA2B	R-HSA-373076	REACTOME_CLASS_A_1_RHODOPSIN_LIKE_RECEPTORS	6.17319591349817e-162	3.99841863755019e-161	3.9980290587368	1.05645247232862	4.22819164798172e-13	1	23	43	2.18831808092704e-08	1	0	-0.281622528365284	4.9833866177033
GNAS	ADCY1	R-HSA-112315	REACTOME_TRANSMISSION_ACROSS_CHEMICAL_SYNAPSES	9.41999992911351e-160	6.04592722723103e-159	3.9980290587368	9.05806786479183	1.4818955400295e-16	1	39	72	1.52231630403141e-05	1	0	-0.281622528365284	2.89221505485111
C3	C3AR1	R-HSA-373076	REACTOME_CLASS_A_1_RHODOPSIN_LIKE_RECEPTORS	1.80109138201228e-159	1.14555902315376e-158	5.45116419360788	5.18748115695159	1.05527721719988e-17	1	22	41	2.18831808092704e-08	1	0	6.55567583631929	0.760863811635135
TGFB1	CXCR4	R-HSA-373076	REACTOME_CLASS_A_1_RHODOPSIN_LIKE_RECEPTORS	2.38742124191748e-159	1.50492803285155e-158	2.46828720681576	6.53848879167285	7.32711937179347e-18	1	23	42	2.18831808092704e-08	1	0	-2.64576510074393	3.87000451520385
UBC	TLR4	R-HSA-109581	REACTOME_APOPTOSIS	1.71812197662869e-158	1.07344611991137e-157	3.95714186803172	4.48930707653718	5.41319793079117e-16	1	45	83	5.4247119282145e-05	1	0	1.0885298100563	1.68158391718923
GNAS	PTGIR	R-HSA-373076	REACTOME_CLASS_A_1_RHODOPSIN_LIKE_RECEPTORS	8.42685437550472e-158	5.21873613079503e-157	3.9980290587368	7.70700931921606	1.98631352557274e-15	1	23	42	1.97624845567458e-08	1	0	-0.281622528365284	-6.25161388630902
TGFB1	CXCR4	R-HSA-162906	REACTOME_HIV_INFECTION	1.0138803403722e-157	6.22434365480674e-157	2.46828720681576	6.53848879167285	7.32711937179347e-18	1	63	116	0.000612085588912268	1	0	-2.64576510074393	3.87000451520385
UBC	TLR4	R-HSA-166166	REACTOME_MYD88_INDEPENDENT_TLR4_CASCADE	1.13403159076185e-157	6.90195088860232e-157	3.95714186803172	4.48930707653718	5.41319793079117e-16	1	42	77	2.82826241455926e-05	1	0	1.0885298100563	1.68158391718923
RPS19	C5AR1	R-HSA-373076	REACTOME_CLASS_A_1_RHODOPSIN_LIKE_RECEPTORS	1.48376387533082e-157	8.95331022208172e-157	7.62365055960003	15.255271050894	4.55374813762322e-16	1	23	42	2.18831808092704e-08	1	0	7.24172326368604	2.66560301757515
CXCL13	CXCR5	R-HSA-373076	REACTOME_CLASS_A_1_RHODOPSIN_LIKE_RECEPTORS	1.65475185848469e-155	9.90046450923893e-155	18.1853030382986	11.1014718457995	9.69535446017779e-14	1	22	41	2.18831808092704e-08	1	0	-5.68192411007121	5.7762566554804
IL16	CD4	R-HSA-162906	REACTOME_HIV_INFECTION	3.81721859214799e-155	2.26466918156007e-154	5.92237427990667	12.0547428377569	2.75863089352635e-15	1	63	116	0.000612085588912268	1	0	5.05485465787482	5.88757494818428
POMC	MC1R	R-HSA-373076	REACTOME_CLASS_A_1_RHODOPSIN_LIKE_RECEPTORS	1.90518415902605e-152	1.12088334689366e-151	1.3429419438374	2.91464957888469	8.57325762080688e-10	1	22	41	1.97624845567458e-08	1	0	4.315154798101	3.90303388149197
UBC	TLR4	R-HSA-168138	REACTOME_TOLL_LIKE_RECEPTOR_9_TLR9_CASCADE	2.17268794572476e-148	1.26770056998486e-147	3.95714186803172	4.48930707653718	5.41319793079117e-16	1	39	72	3.16350713260481e-05	1	0	1.0885298100563	1.68158391718923
UBC	TLR4	R-HSA-168179	REACTOME_TOLL_LIKE_RECEPTOR_TLR1_TLR2_CASCADE	8.04652330167329e-146	4.65643069752569e-145	3.95714186803172	4.48930707653718	5.41319793079117e-16	1	39	71	2.82826241455926e-05	1	0	1.0885298100563	1.68158391718923
TIMP3	ADAM17	R-HSA-157118	REACTOME_SIGNALING_BY_NOTCH	7.00373540383324e-145	4.0200302399238e-144	2.18468350054544	1.34927225839675	7.60435572109604e-10	1	50	92	0.000174885290793804	1	0	5.7544474489328	5.33514782527529
IL16	CD4	R-HSA-8856828	REACTOME_CLATHRIN_MEDIATED_ENDOCYTOSIS	7.75156078019831e-144	4.41338863775807e-143	5.92237427990667	12.0547428377569	2.75863089352635e-15	1	48	88	0.000176544350985096	1	0	5.05485465787482	5.88757494818428
IL16	GRIN2D	R-HSA-112314	REACTOME_NEUROTRANSMITTER_RECEPTORS_AND_POSTSYNAPTIC_SIGNAL_TRANSMISSION	7.01966914791332e-141	3.96470913474144e-140	5.92237427990667	5.26941372135429	2.42350347666812e-15	1	34	62	1.15816674070663e-05	1	0	5.05485465787482	6.0348110831286
UBC	NOTCH2	R-HSA-157118	REACTOME_SIGNALING_BY_NOTCH	2.78499873260374e-140	1.56048341683987e-139	3.95714186803172	1.19827988835285	1.21938804656846e-11	1	48	89	0.000211993681724041	1	0	1.0885298100563	5.38236898062194
GNAS	ADCY1	R-HSA-112314	REACTOME_NEUROTRANSMITTER_RECEPTORS_AND_POSTSYNAPTIC_SIGNAL_TRANSMISSION	1.39354818321446e-138	7.74681116023156e-138	3.9980290587368	9.05806786479183	1.4818955400295e-16	1	33	61	1.56423033649603e-05	1	0	-0.281622528365284	2.89221505485111
PSEN1	NOTCH2	R-HSA-157118	REACTOME_SIGNALING_BY_NOTCH	1.58545724236667e-137	8.74478760242865e-137	1.07273248232493	1.19827988835285	6.94178990839195e-09	1	48	89	0.000211993681724041	1	0	-6.25161388630902	5.38236898062194
B2M	TFRC	R-HSA-8856828	REACTOME_CLATHRIN_MEDIATED_ENDOCYTOSIS	3.68565244490246e-137	2.0171090124815e-136	4.5156635827043	1.55736403437935	1.91956346149259e-08	1	48	88	0.00017491187062828	1	0	2.50538077538203	6.8452985793494
TGFB1	CXCR4	R-HSA-162587	REACTOME_HIV_LIFE_CYCLE	4.39550778719128e-137	2.3870988444285e-136	2.46828720681576	6.53848879167285	7.32711937179347e-18	1	54	99	0.000612085588912268	1	0	-2.64576510074393	3.87000451520385
TIMP3	ADAM17	R-HSA-1474228	REACTOME_DEGRADATION_OF_THE_EXTRACELLULAR_MATRIX	8.74711792271671e-136	4.71409561331145e-135	2.18468350054544	1.34927225839675	7.60435572109604e-10	1	19	36	2.81944657256513e-08	1	0	5.7544474489328	5.33514782527529
DLL4	NOTCH2	R-HSA-157118	REACTOME_SIGNALING_BY_NOTCH	1.80185311618449e-135	9.63718409110794e-135	2.84253765509008	1.19827988835285	7.88926086689213e-07	1	48	89	0.000211993681724041	1	0	3.22645115720045	5.38236898062194
IL16	CD4	R-HSA-162587	REACTOME_HIV_LIFE_CYCLE	1.6548909549857e-134	8.78460912947298e-134	5.92237427990667	12.0547428377569	2.75863089352635e-15	1	54	99	0.000612085588912268	1	0	5.05485465787482	5.88757494818428
FABP5	RXRA	R-HSA-8957322	REACTOME_METABOLISM_OF_STEROIDS	1.2330886619805e-132	6.49672086088232e-132	11.8838121323788	2.10167308768104	7.52034905271844e-15	1	35	65	4.00604349935444e-05	1	0	5.88150849279911	4.55214671702056
ABCA1	RXRA	R-HSA-8957322	REACTOME_METABOLISM_OF_STEROIDS	1.81773024566269e-132	9.50605595139156e-132	4.99867194609084	2.10167308768104	1.10859554163051e-14	1	35	65	4.00604349935444e-05	1	0	8.09811327653548	4.55214671702056
FABP5	RXRA	R-HSA-9711123	REACTOME_CELLULAR_RESPONSE_TO_CHEMICAL_STRESS	7.28694295404432e-130	3.78278068055536e-129	11.8838121323788	2.10167308768104	7.52034905271844e-15	1	56	103	0.000962843518792678	1	0	5.88150849279911	4.55214671702056
ABCA1	RXRA	R-HSA-9711123	REACTOME_CELLULAR_RESPONSE_TO_CHEMICAL_STRESS	1.07418850033952e-129	5.53559913313653e-129	4.99867194609084	2.10167308768104	1.10859554163051e-14	1	56	103	0.000962843518792678	1	0	8.09811327653548	4.55214671702056
POMC	MC1R	R-HSA-9730414	REACTOME_MITF_M_REGULATED_MELANOCYTE_DEVELOPMENT	3.1296448208014e-129	1.60110814745347e-128	1.3429419438374	2.91464957888469	8.57325762080688e-10	1	37	69	6.06744109368619e-05	1	0	4.315154798101	3.90303388149197
SPP1	ITGA5	R-HSA-418555	REACTOME_G_ALPHA_S_SIGNALLING_EVENTS	2.36175025862557e-128	1.19956523927313e-127	4.53222432795068	2.4554419409284	6.26635265334544e-14	1	23	43	9.52293963352728e-07	1	0	-2.57586086409083	-4.20935122820725
COL5A3	SDC3	R-HSA-1630316	REACTOME_GLYCOSAMINOGLYCAN_METABOLISM	2.00606861871872e-126	1.01163174629673e-125	6.83500903043255	2.33134581033431	1.66222901842472e-15	1	19	35	8.07872979144772e-08	1	0	4.90760820931845	-4.8871910913699
ADAM17	ITGA5	R-HSA-418555	REACTOME_G_ALPHA_S_SIGNALLING_EVENTS	1.43680307248134e-125	7.19420545511933e-125	1.34927225839675	2.4554419409284	3.81222134418986e-11	1	23	43	9.52293963352728e-07	1	0	5.33514782527529	-4.20935122820725
TGM2	TBXA2R	R-HSA-416476	REACTOME_G_ALPHA_Q_SIGNALLING_EVENTS	9.11920404120429e-125	4.53391412189453e-124	1.32759091877605	6.92923947410122	5.70079335590576e-12	1	23	43	1.13837543788127e-06	1	0	5.62030998877616	4.59029243051706
IL1B	IL1R1	R-HSA-446652	REACTOME_INTERLEUKIN_1_FAMILY_SIGNALING	3.42964505092026e-124	1.69323734681798e-123	18.7262837999101	1.97377856341427	1.91475793686911e-15	1	35	65	7.83960107558512e-05	1	0	2.29749824122154	4.88416579837683
IL1RN	IL1R1	R-HSA-446652	REACTOME_INTERLEUKIN_1_FAMILY_SIGNALING	1.97132969236379e-122	9.6649914083947e-122	5.1369981318756	1.97377856341427	1.10058595528027e-13	1	35	65	7.83960107558512e-05	1	0	3.62367039032876	4.88416579837683
TGFB1	SDC2	R-HSA-1630316	REACTOME_GLYCOSAMINOGLYCAN_METABOLISM	2.81452332396496e-122	1.3703817011857e-121	2.46828720681576	6.74485292436499	2.98212854863439e-16	1	19	35	1.56739983361838e-07	1	0	-2.64576510074393	7.52520715134037
GNAS	ADORA2B	R-HSA-418555	REACTOME_G_ALPHA_S_SIGNALLING_EVENTS	7.15978925060818e-121	3.46219945954067e-120	3.9980290587368	1.05645247232862	4.22819164798172e-13	1	22	40	5.52917329226058e-07	1	0	-0.281622528365284	4.9833866177033
POMC	MC1R	R-HSA-418555	REACTOME_G_ALPHA_S_SIGNALLING_EVENTS	1.20312966547655e-119	5.77829621650645e-119	1.3429419438374	2.91464957888469	8.57325762080688e-10	1	22	40	4.29638661725642e-07	1	0	4.315154798101	3.90303388149197
GNAS	ADCY1	R-HSA-418555	REACTOME_G_ALPHA_S_SIGNALLING_EVENTS	1.31128510656128e-118	6.25518435967746e-118	3.9980290587368	9.05806786479183	1.4818955400295e-16	1	22	40	1.10564287795415e-06	1	0	-0.281622528365284	2.89221505485111
GNAS	PTGIR	R-HSA-418555	REACTOME_G_ALPHA_S_SIGNALLING_EVENTS	1.75762951752518e-117	8.32809690854211e-117	3.9980290587368	7.70700931921606	1.98631352557274e-15	1	22	40	1.10564287795415e-06	1	0	-0.281622528365284	-6.25161388630902
ST6GAL1	CD22	R-HSA-983705	REACTOME_SIGNALING_BY_THE_B_CELL_RECEPTOR_BCR	3.0387812099523e-117	1.43025302281755e-116	2.00794201858867	11.4210821785957	3.01890530184356e-11	1	26	49	1.01958893183854e-05	1	0	0.599621610324625	5.1400769288602
VEGFA	FLT1	R-HSA-194138	REACTOME_SIGNALING_BY_VEGF	7.24594298622799e-116	3.38783824389203e-115	3.92093203204012	1.29561243809692	2.99370956385849e-12	1	33	61	6.74795743075993e-05	1	0	3.10052950320012	4.51873093412869
FYN	TYROBP	R-HSA-1500931	REACTOME_CELL_CELL_COMMUNICATION	6.82831317562558e-114	3.17157177762609e-113	2.06426053422308	10.4222515491313	2.97836211992623e-16	1	22	40	1.88756713864576e-06	1	0	4.23615043922175	3.11851243726319
VEGFC	FLT1	R-HSA-194138	REACTOME_SIGNALING_BY_VEGF	1.48434266945018e-113	6.84931976883546e-113	3.01136694678128	1.29561243809692	6.13266051640503e-10	1	33	61	6.74795743075993e-05	1	0	4.04054506743489	4.51873093412869
B2M	TYROBP	R-HSA-1500931	REACTOME_CELL_CELL_COMMUNICATION	3.08928500073893e-113	1.41625663020889e-112	4.5156635827043	10.4222515491313	1.34747911925029e-15	1	22	40	1.88756713864576e-06	1	0	2.50538077538203	3.11851243726319
COL9A2	ITGA1	R-HSA-373760	REACTOME_L1CAM_INTERACTIONS	3.28869512697135e-113	1.49794758686566e-112	7.69297708193826	1.07624759411689	3.30651145788158e-14	1	26	48	1.28528905799978e-05	1	0	3.06945835268604	6.10506405697975
VEGFB	FLT1	R-HSA-194138	REACTOME_SIGNALING_BY_VEGF	1.37683022068416e-112	6.23103933207064e-112	1.279965212397	1.29561243809692	5.6884656797683e-09	1	33	61	6.74795743075993e-05	1	0	2.48052225077401	4.51873093412869
SEMA7A	ITGA1	R-HSA-373760	REACTOME_L1CAM_INTERACTIONS	1.52080329830811e-112	6.8387715197804e-112	9.05186122215587	1.07624759411689	1.52904216927848e-13	1	26	48	1.28528905799978e-05	1	0	3.57438453444824	6.10506405697975
RIMS2	ABCA1	R-HSA-400206	REACTOME_REGULATION_OF_LIPID_METABOLISM_BY_PPARALPHA	1.06805039641201e-111	4.77242772067645e-111	5.02438125244107	4.99867194609084	4.99431114621331e-14	1	31	58	8.39170176099908e-05	1	0	7.76472587122388	8.09811327653548
C3	ITGB2	R-HSA-202733	REACTOME_CELL_SURFACE_INTERACTIONS_AT_THE_VASCULAR_WALL	1.13945536664732e-110	5.05946848335225e-110	5.45116419360788	11.944746463134	1.07574120426742e-20	1	18	34	1.43315270158375e-06	1	0	6.55567583631929	5.91614862919166
TGFB1	CXCR4	R-HSA-9758941	REACTOME_GASTRULATION	2.77293639837838e-110	1.22355818578446e-109	2.46828720681576	6.53848879167285	7.32711937179347e-18	1	22	40	3.55236362985965e-06	1	0	-2.64576510074393	3.87000451520385
ICAM2	ITGB2	R-HSA-202733	REACTOME_CELL_SURFACE_INTERACTIONS_AT_THE_VASCULAR_WALL	5.74716121459546e-110	2.52018373758037e-109	5.3985234400609	11.944746463134	5.42580105116264e-20	1	18	34	1.43315270158375e-06	1	0	-2.79505259940264	5.91614862919166
ICAM3	ITGB2	R-HSA-202733	REACTOME_CELL_SURFACE_INTERACTIONS_AT_THE_VASCULAR_WALL	6.75648590783494e-110	2.94449324131572e-109	7.16681577509801	11.944746463134	6.37868801170854e-20	1	18	34	1.43315270158375e-06	1	0	7.54986602547591	5.91614862919166
VEGFA	NRP1	R-HSA-194138	REACTOME_SIGNALING_BY_VEGF	2.38727977573578e-109	1.03399970654568e-108	3.92093203204012	1.42796094333709	5.63878289570011e-13	1	31	58	9.33601391999997e-05	1	0	3.10052950320012	2.96917171284008
IL1B	IL1R1	R-HSA-9020702	REACTOME_INTERLEUKIN_1_SIGNALING	2.67157328647594e-109	1.15007971966586e-108	18.7262837999101	1.97377856341427	1.91475793686911e-15	1	29	53	4.44182447760713e-05	1	0	2.29749824122154	4.88416579837683
ITGAM	ITGB2	R-HSA-202733	REACTOME_CELL_SURFACE_INTERACTIONS_AT_THE_VASCULAR_WALL	2.02983283879155e-108	8.68522414658689e-108	14.045945198681	11.944746463134	1.91633203579359e-18	1	18	34	1.43315270158375e-06	1	0	-4.95893465592248	5.91614862919166
MMP9	ITGB2	R-HSA-202733	REACTOME_CELL_SURFACE_INTERACTIONS_AT_THE_VASCULAR_WALL	3.04517302536115e-108	1.29511575656926e-107	15.8852540748434	11.944746463134	2.87489812535904e-18	1	18	34	1.43315270158375e-06	1	0	2.7919128994747	5.91614862919166
FYN	NRP1	R-HSA-194138	REACTOME_SIGNALING_BY_VEGF	5.26063180552819e-108	2.22395572137898e-107	2.06426053422308	1.42796094333709	1.24256741698596e-11	1	31	58	9.33601391999997e-05	1	0	4.23615043922175	2.96917171284008
ICAM5	ITGB2	R-HSA-202733	REACTOME_CELL_SURFACE_INTERACTIONS_AT_THE_VASCULAR_WALL	5.62397839914508e-108	2.36340997011692e-107	5.17732667292378	11.944746463134	5.30950616667977e-18	1	18	34	1.43315270158375e-06	1	0	5.80591761679647	5.91614862919166
GNAS	ADCY1	R-HSA-5358351	REACTOME_SIGNALING_BY_HEDGEHOG	8.26653565353888e-108	3.4533574978689e-107	3.9980290587368	9.05806786479183	1.4818955400295e-16	1	25	46	1.84455056318792e-05	1	0	-0.281622528365284	2.89221505485111
NAMPT	INSR	R-HSA-199418	REACTOME_NEGATIVE_REGULATION_OF_THE_PI3K_AKT_NETWORK	1.26111241320344e-107	5.23732566895075e-107	4.71468935368593	1.41141164709616	4.61185871404981e-15	1	26	49	3.69988234579374e-05	1	0	6.07052341183001	5.30888214349302
IL1RN	IL1R1	R-HSA-9020702	REACTOME_INTERLEUKIN_1_SIGNALING	1.53559673574465e-107	6.33994909611534e-107	5.1369981318756	1.97377856341427	1.10058595528027e-13	1	29	53	4.44182447760713e-05	1	0	3.62367039032876	4.88416579837683
TLN1	ITGA1	R-HSA-373760	REACTOME_L1CAM_INTERACTIONS	1.94442137246474e-107	7.98117144744247e-107	1.24482684266883	1.07624759411689	1.95495517181775e-08	1	26	48	1.28528905799978e-05	1	0	0.554967454705092	6.10506405697975
VEGFB	NRP1	R-HSA-194138	REACTOME_SIGNALING_BY_VEGF	4.53616450848199e-106	1.85117464912618e-105	1.279965212397	1.42796094333709	1.07144738972317e-09	1	31	58	9.33601391999997e-05	1	0	2.48052225077401	2.96917171284008
FABP5	RXRA	R-HSA-8978868	REACTOME_FATTY_ACID_METABOLISM	5.8397206425833e-106	2.36944986992173e-105	11.8838121323788	2.10167308768104	7.52034905271844e-15	1	26	48	2.83243534269748e-05	1	0	5.88150849279911	4.55214671702056
ABCA1	RXRA	R-HSA-8978868	REACTOME_FATTY_ACID_METABOLISM	8.60849439747127e-106	3.47291259692269e-105	4.99867194609084	2.10167308768104	1.10859554163051e-14	1	26	48	2.83243534269748e-05	1	0	8.09811327653548	4.55214671702056
SPP1	ITGA5	R-HSA-373760	REACTOME_L1CAM_INTERACTIONS	1.96923075161876e-105	7.89930062865253e-105	4.53222432795068	2.4554419409284	6.26635265334544e-14	1	25	47	2.80153078134008e-05	1	0	-2.57586086409083	-4.20935122820725
FABP5	RXRA	R-HSA-400206	REACTOME_REGULATION_OF_LIPID_METABOLISM_BY_PPARALPHA	2.79797693777399e-105	1.11602921924771e-104	11.8838121323788	2.10167308768104	7.52034905271844e-15	1	30	55	8.39170176099908e-05	1	0	5.88150849279911	4.55214671702056
ABCA1	RXRA	R-HSA-400206	REACTOME_REGULATION_OF_LIPID_METABOLISM_BY_PPARALPHA	4.12457551778131e-105	1.63592714356944e-104	4.99867194609084	2.10167308768104	1.10859554163051e-14	1	30	55	8.39170176099908e-05	1	0	8.09811327653548	4.55214671702056
FYN	CD86	R-HSA-2219528	REACTOME_PI3K_AKT_SIGNALING_IN_CANCER	2.3058853018396e-104	9.09472079943442e-104	2.06426053422308	6.88554451973144	6.7501360089411e-13	1	28	52	5.6781363770023e-05	1	0	4.23615043922175	7.48518635303806
GNAS	ADCY1	R-HSA-442755	REACTOME_ACTIVATION_OF_NMDA_RECEPTORS_AND_POSTSYNAPTIC_EVENTS	4.09894095147754e-104	1.60769572874619e-103	3.9980290587368	9.05806786479183	1.4818955400295e-16	1	22	41	1.12356852170947e-05	1	0	-0.281622528365284	2.89221505485111
EFNB2	PECAM1	R-HSA-202733	REACTOME_CELL_SURFACE_INTERACTIONS_AT_THE_VASCULAR_WALL	9.63217256024174e-104	3.75707946272413e-103	3.35814715099354	11.7593691614151	5.05966310389201e-19	1	17	32	1.43315270158375e-06	1	0	3.73931126900062	-6.08495718238946
ITGB2	ITGAM	R-HSA-202733	REACTOME_CELL_SURFACE_INTERACTIONS_AT_THE_VASCULAR_WALL	3.6481561069322e-103	1.41516385246931e-102	11.944746463134	14.045945198681	1.91633203579359e-18	1	17	32	1.43315270158375e-06	1	0	5.91614862919166	-4.95893465592248
IL16	GRIN2D	R-HSA-442755	REACTOME_ACTIVATION_OF_NMDA_RECEPTORS_AND_POSTSYNAPTIC_EVENTS	6.70343987023903e-103	2.58613581879167e-102	5.92237427990667	5.26941372135429	2.42350347666812e-15	1	22	41	1.12356852170947e-05	1	0	5.05485465787482	6.0348110831286
ADAM17	ITGA5	R-HSA-373760	REACTOME_L1CAM_INTERACTIONS	1.19800846174021e-102	4.59670638037278e-102	1.34927225839675	2.4554419409284	3.81222134418986e-11	1	25	47	2.80153078134008e-05	1	0	5.33514782527529	-4.20935122820725
ITGB2	ITGAL	R-HSA-202733	REACTOME_CELL_SURFACE_INTERACTIONS_AT_THE_VASCULAR_WALL	2.59784439283498e-102	9.91393589914323e-102	11.944746463134	8.17462744304816	7.02984982108083e-18	1	18	33	1.43315270158375e-06	1	0	5.91614862919166	4.70341157342427
C3	ITGAM	R-HSA-202733	REACTOME_CELL_SURFACE_INTERACTIONS_AT_THE_VASCULAR_WALL	4.39427063546551e-102	1.66793283260142e-101	5.45116419360788	14.045945198681	2.30825692373424e-17	1	17	32	1.43315270158375e-06	1	0	6.55567583631929	-4.95893465592248
TGFB1	ITGB5	R-HSA-170834	REACTOME_SIGNALING_BY_TGF_BETA_RECEPTOR_COMPLEX	4.47003268191609e-102	1.68761661680896e-101	2.46828720681576	1.1396922611271	7.71969799293327e-13	1	36	67	0.000410949311420185	1	0	-2.64576510074393	5.86168441709017
FYN	CD80	R-HSA-2219528	REACTOME_PI3K_AKT_SIGNALING_IN_CANCER	4.59668062382876e-102	1.7262002768208e-101	2.06426053422308	6.51839713149273	1.34560983478903e-10	1	28	52	5.6781363770023e-05	1	0	4.23615043922175	-6.25161388630902
CD274	CD80	R-HSA-2219528	REACTOME_PI3K_AKT_SIGNALING_IN_CANCER	5.60572462054131e-102	2.09399025508051e-101	4.58381004451618	6.51839713149273	1.64099244603085e-10	1	28	52	5.6781363770023e-05	1	0	-1.62566314066718	-6.25161388630902
TGFB1	CXCR4	R-HSA-375276	REACTOME_PEPTIDE_LIGAND_BINDING_RECEPTORS	7.98429319049413e-102	2.96679525920466e-101	2.46828720681576	6.53848879167285	7.32711937179347e-18	1	13	24	2.93160846242051e-08	1	0	-2.64576510074393	3.87000451520385
FYN	CD86	R-HSA-199418	REACTOME_NEGATIVE_REGULATION_OF_THE_PI3K_AKT_NETWORK	1.27271867789086e-101	4.70439469419344e-101	2.06426053422308	6.88554451973144	6.7501360089411e-13	1	25	47	3.69988234579374e-05	1	0	4.23615043922175	7.48518635303806
CD86	CD80	R-HSA-2219528	REACTOME_PI3K_AKT_SIGNALING_IN_CANCER	1.57727612089589e-101	5.76972508472798e-101	6.88554451973144	6.51839713149273	4.61724107925421e-10	1	28	52	5.6781363770023e-05	1	0	7.48518635303806	-6.25161388630902
CD80	CD86	R-HSA-2219528	REACTOME_PI3K_AKT_SIGNALING_IN_CANCER	1.57727612089589e-101	5.76972508472798e-101	6.51839713149273	6.88554451973144	4.61724107925421e-10	1	28	52	5.6781363770023e-05	1	0	-6.25161388630902	7.48518635303806
ICAM2	ITGAM	R-HSA-202733	REACTOME_CELL_SURFACE_INTERACTIONS_AT_THE_VASCULAR_WALL	2.21637305872638e-101	8.06576999722074e-101	5.3985234400609	14.045945198681	1.16423381325061e-16	1	17	32	1.43315270158375e-06	1	0	-2.79505259940264	-4.95893465592248
SPP1	ITGB5	R-HSA-170834	REACTOME_SIGNALING_BY_TGF_BETA_RECEPTOR_COMPLEX	4.64826360580645e-101	1.68290979779454e-100	4.53222432795068	1.1396922611271	8.02750086672463e-12	1	36	67	0.000410949311420185	1	0	-2.57586086409083	5.86168441709017
ICAM2	ITGAL	R-HSA-202733	REACTOME_CELL_SURFACE_INTERACTIONS_AT_THE_VASCULAR_WALL	1.57827465554501e-100	5.68500972864681e-100	5.3985234400609	8.17462744304816	4.27086157873824e-16	1	18	33	1.43315270158375e-06	1	0	-2.79505259940264	4.70341157342427
ICAM3	ITGAL	R-HSA-202733	REACTOME_CELL_SURFACE_INTERACTIONS_AT_THE_VASCULAR_WALL	1.85545351360628e-100	6.6494933025687e-100	7.16681577509801	8.17462744304816	5.02091641309382e-16	1	18	33	1.43315270158375e-06	1	0	7.54986602547591	4.70341157342427
VEGFA	NRP1	R-HSA-373760	REACTOME_L1CAM_INTERACTIONS	2.60319937505889e-100	9.28211494339181e-100	3.92093203204012	1.42796094333709	5.63878289570011e-13	1	24	45	2.86299254126934e-05	1	0	3.10052950320012	2.96917171284008
RPS19	C5AR1	R-HSA-375276	REACTOME_PEPTIDE_LIGAND_BINDING_RECEPTORS	4.96217659376701e-100	1.76045059055252e-99	7.62365055960003	15.255271050894	4.55374813762322e-16	1	13	24	2.93160846242051e-08	1	0	7.24172326368604	2.66560301757515
MMP9	ITGAM	R-HSA-202733	REACTOME_CELL_SURFACE_INTERACTIONS_AT_THE_VASCULAR_WALL	1.17436055829275e-99	4.14549277077341e-99	15.8852540748434	14.045945198681	6.16877319244239e-15	1	17	32	1.43315270158375e-06	1	0	2.7919128994747	-4.95893465592248
FYN	CD80	R-HSA-199418	REACTOME_NEGATIVE_REGULATION_OF_THE_PI3K_AKT_NETWORK	2.53710853769639e-99	8.91143595827686e-99	2.06426053422308	6.51839713149273	1.34560983478903e-10	1	25	47	3.69988234579374e-05	1	0	4.23615043922175	-6.25161388630902
CD274	CD80	R-HSA-199418	REACTOME_NEGATIVE_REGULATION_OF_THE_PI3K_AKT_NETWORK	3.09404393270722e-99	1.08138367153034e-98	4.58381004451618	6.51839713149273	1.64099244603085e-10	1	25	47	3.69988234579374e-05	1	0	-1.62566314066718	-6.25161388630902
TLN1	ITGB5	R-HSA-170834	REACTOME_SIGNALING_BY_TGF_BETA_RECEPTOR_COMPLEX	4.08988795229388e-99	1.42239452922142e-98	1.24482684266883	1.1396922611271	7.06319216509874e-10	1	36	67	0.000410949311420185	1	0	0.554967454705092	5.86168441709017
FYN	NRP1	R-HSA-373760	REACTOME_L1CAM_INTERACTIONS	5.73643423270117e-99	1.98525616092501e-98	2.06426053422308	1.42796094333709	1.24256741698596e-11	1	24	45	2.86299254126934e-05	1	0	4.23615043922175	2.96917171284008
CD86	CD80	R-HSA-199418	REACTOME_NEGATIVE_REGULATION_OF_THE_PI3K_AKT_NETWORK	8.70567489915454e-99	2.98359537805976e-98	6.88554451973144	6.51839713149273	4.61724107925421e-10	1	25	47	3.69988234579374e-05	1	0	7.48518635303806	-6.25161388630902
CD80	CD86	R-HSA-199418	REACTOME_NEGATIVE_REGULATION_OF_THE_PI3K_AKT_NETWORK	8.70567489915454e-99	2.98359537805976e-98	6.51839713149273	6.88554451973144	4.61724107925421e-10	1	25	47	3.69988234579374e-05	1	0	-6.25161388630902	7.48518635303806
SPP1	ITGA5	R-HSA-202733	REACTOME_CELL_SURFACE_INTERACTIONS_AT_THE_VASCULAR_WALL	1.19293693751908e-98	4.06866414438874e-98	4.53222432795068	2.4554419409284	6.26635265334544e-14	1	17	32	1.43315270158375e-06	1	0	-2.57586086409083	-4.20935122820725
ICAM5	ITGAL	R-HSA-202733	REACTOME_CELL_SURFACE_INTERACTIONS_AT_THE_VASCULAR_WALL	1.54444642133256e-98	5.24220756471534e-98	5.17732667292378	8.17462744304816	4.17932129754136e-14	1	18	33	1.43315270158375e-06	1	0	5.80591761679647	4.70341157342427
C3	C3AR1	R-HSA-375276	REACTOME_PEPTIDE_LIGAND_BINDING_RECEPTORS	3.5120865471683e-98	1.18637947478508e-97	5.45116419360788	5.18748115695159	1.05527721719988e-17	1	12	23	6.06177432410134e-08	1	0	6.55567583631929	0.760863811635135
UBC	TGFBR1	R-HSA-170834	REACTOME_SIGNALING_BY_TGF_BETA_RECEPTOR_COMPLEX	3.80377465682084e-98	1.27879281319786e-97	3.95714186803172	1.00186807409562	1.64689434190985e-11	1	37	69	0.000598726964507943	1	0	1.0885298100563	5.7989603829035
CXCL13	CXCR5	R-HSA-375276	REACTOME_PEPTIDE_LIGAND_BINDING_RECEPTORS	5.28246850929109e-98	1.76749894197133e-97	18.1853030382986	11.1014718457995	9.69535446017779e-14	1	12	23	2.93160846242051e-08	1	0	-5.68192411007121	5.7762566554804
TGFB1	TGFBR1	R-HSA-170834	REACTOME_SIGNALING_BY_TGF_BETA_RECEPTOR_COMPLEX	5.3592204659133e-98	1.78472153251641e-97	2.46828720681576	1.00186807409562	2.32034509366462e-11	1	37	69	0.000598726964507943	1	0	-2.64576510074393	5.7989603829035
IL16	CD4	R-HSA-8856825	REACTOME_CARGO_RECOGNITION_FOR_CLATHRIN_MEDIATED_ENDOCYTOSIS	7.96929985171425e-98	2.64146746258698e-97	5.92237427990667	12.0547428377569	2.75863089352635e-15	1	29	53	0.000125962847283911	1	0	5.05485465787482	5.88757494818428
ADAM28	ITGA4	R-HSA-202733	REACTOME_CELL_SURFACE_INTERACTIONS_AT_THE_VASCULAR_WALL	1.41271866081307e-97	4.6606512828693e-97	11.8154483258594	10.0206303324884	2.12703900377285e-18	1	17	31	1.43315270158375e-06	1	0	6.28538138972843	7.02833690105118
VEGFB	NRP1	R-HSA-373760	REACTOME_L1CAM_INTERACTIONS	4.94644185975443e-97	1.62427346650541e-96	1.279965212397	1.42796094333709	1.07144738972317e-09	1	24	45	2.86299254126934e-05	1	0	2.48052225077401	2.96917171284008
ADAM17	ITGA5	R-HSA-202733	REACTOME_CELL_SURFACE_INTERACTIONS_AT_THE_VASCULAR_WALL	7.25739502237365e-96	2.37209300268324e-95	1.34927225839675	2.4554419409284	3.81222134418986e-11	1	17	32	1.43315270158375e-06	1	0	5.33514782527529	-4.20935122820725
SPP1	ITGA5	R-HSA-8878166	REACTOME_TRANSCRIPTIONAL_REGULATION_BY_RUNX2	9.29511803654392e-96	3.0241259602765e-95	4.53222432795068	2.4554419409284	6.26635265334544e-14	1	25	46	4.94654117283901e-05	1	0	-2.57586086409083	-4.20935122820725
POMC	MC1R	R-HSA-375276	REACTOME_PEPTIDE_LIGAND_BINDING_RECEPTORS	1.39788972250394e-95	4.52711075269623e-95	1.3429419438374	2.91464957888469	8.57325762080688e-10	1	12	23	2.18831808092704e-08	1	0	4.315154798101	3.90303388149197
B2M	TFRC	R-HSA-8856825	REACTOME_CARGO_RECOGNITION_FOR_CLATHRIN_MEDIATED_ENDOCYTOSIS	1.62080503988049e-95	5.22506099614441e-95	4.5156635827043	1.55736403437935	1.91956346149259e-08	1	29	53	8.29572644294207e-05	1	0	2.50538077538203	6.8452985793494
TGFB1	SDC2	R-HSA-202733	REACTOME_CELL_SURFACE_INTERACTIONS_AT_THE_VASCULAR_WALL	1.98064475645559e-95	6.35606908208022e-95	2.46828720681576	6.74485292436499	2.98212854863439e-16	1	17	31	1.43315270158375e-06	1	0	-2.64576510074393	7.52520715134037
SPP1	ITGA4	R-HSA-202733	REACTOME_CELL_SURFACE_INTERACTIONS_AT_THE_VASCULAR_WALL	7.04078625962943e-95	2.24922855171872e-94	4.53222432795068	10.0206303324884	1.06008559289791e-15	1	17	31	1.43315270158375e-06	1	0	-2.57586086409083	7.02833690105118
FYN	SPN	R-HSA-202733	REACTOME_CELL_SURFACE_INTERACTIONS_AT_THE_VASCULAR_WALL	1.05466325368348e-93	3.35401917612855e-93	2.06426053422308	3.55884249840401	1.58793816395094e-14	1	17	31	1.43315270158375e-06	1	0	4.23615043922175	3.77080316104965
TIMP3	ADAM17	R-HSA-73887	REACTOME_DEATH_RECEPTOR_SIGNALING	3.64960182002577e-93	1.15543447755076e-92	2.18468350054544	1.34927225839675	7.60435572109604e-10	1	31	57	0.000207096852316007	1	0	5.7544474489328	5.33514782527529
ADAM17	ITGA5	R-HSA-8878166	REACTOME_TRANSCRIPTIONAL_REGULATION_BY_RUNX2	5.65481219075007e-93	1.78227562797748e-92	1.34927225839675	2.4554419409284	3.81222134418986e-11	1	25	46	4.94654117283901e-05	1	0	5.33514782527529	-4.20935122820725
COL9A2	ITGA1	R-HSA-397014	REACTOME_MUSCLE_CONTRACTION	1.53924039000282e-92	4.82979429040884e-92	7.69297708193826	1.07624759411689	3.30651145788158e-14	1	13	25	2.86971775880921e-07	1	0	3.06945835268604	6.10506405697975
SEMA7A	ITGA1	R-HSA-397014	REACTOME_MUSCLE_CONTRACTION	7.11796555055293e-92	2.22357684897804e-91	9.05186122215587	1.07624759411689	1.52904216927848e-13	1	13	25	2.86971775880921e-07	1	0	3.57438453444824	6.10506405697975
TGM2	ITGA4	R-HSA-202733	REACTOME_CELL_SURFACE_INTERACTIONS_AT_THE_VASCULAR_WALL	1.07897734419313e-91	3.3557621365654e-91	1.32759091877605	10.0206303324884	1.62454631551702e-12	1	17	31	1.43315270158375e-06	1	0	5.62030998877616	7.02833690105118
TGFB1	ITGB5	R-HSA-397014	REACTOME_MUSCLE_CONTRACTION	3.59365787801003e-91	1.11277300959434e-90	2.46828720681576	1.1396922611271	7.71969799293327e-13	1	13	25	2.86971775880921e-07	1	0	-2.64576510074393	5.86168441709017
FYN	CD86	R-HSA-2219530	REACTOME_CONSTITUTIVE_SIGNALING_BY_ABERRANT_PI3K_IN_CANCER	5.43694867664964e-91	1.67619465751731e-90	2.06426053422308	6.88554451973144	6.7501360089411e-13	1	17	32	3.71916892577881e-06	1	0	4.23615043922175	7.48518635303806
SPP1	ITGB5	R-HSA-397014	REACTOME_MUSCLE_CONTRACTION	3.73694563658388e-90	1.14707983453401e-89	4.53222432795068	1.1396922611271	8.02750086672463e-12	1	13	25	2.86971775880921e-07	1	0	-2.57586086409083	5.86168441709017
FYN	CD80	R-HSA-2219530	REACTOME_CONSTITUTIVE_SIGNALING_BY_ABERRANT_PI3K_IN_CANCER	1.08383173329431e-88	3.31249005933238e-88	2.06426053422308	6.51839713149273	1.34560983478903e-10	1	17	32	3.71916892577881e-06	1	0	4.23615043922175	-6.25161388630902
CD274	CD80	R-HSA-2219530	REACTOME_CONSTITUTIVE_SIGNALING_BY_ABERRANT_PI3K_IN_CANCER	1.32174991674562e-88	4.02222172940692e-88	4.58381004451618	6.51839713149273	1.64099244603085e-10	1	17	32	3.71916892577881e-06	1	0	-1.62566314066718	-6.25161388630902
TLN1	ITGB5	R-HSA-397014	REACTOME_MUSCLE_CONTRACTION	3.28804263991176e-88	9.9629103166425e-88	1.24482684266883	1.1396922611271	7.06319216509874e-10	1	13	25	2.86971775880921e-07	1	0	0.554967454705092	5.86168441709017
CD86	CD80	R-HSA-2219530	REACTOME_CONSTITUTIVE_SIGNALING_BY_ABERRANT_PI3K_IN_CANCER	3.7189921421393e-88	1.11728019248951e-87	6.88554451973144	6.51839713149273	4.61724107925421e-10	1	17	32	3.71916892577881e-06	1	0	7.48518635303806	-6.25161388630902
CD80	CD86	R-HSA-2219530	REACTOME_CONSTITUTIVE_SIGNALING_BY_ABERRANT_PI3K_IN_CANCER	3.7189921421393e-88	1.11728019248951e-87	6.51839713149273	6.88554451973144	4.61724107925421e-10	1	17	32	3.71916892577881e-06	1	0	-6.25161388630902	7.48518635303806
FABP5	RXRA	R-HSA-400253	REACTOME_CIRCADIAN_CLOCK	6.62986278346878e-88	1.98334030725803e-87	11.8838121323788	2.10167308768104	7.52034905271844e-15	1	24	44	8.6168575300217e-05	1	0	5.88150849279911	4.55214671702056
YWHAZ	CSF2RB	R-HSA-512988	REACTOME_INTERLEUKIN_3_INTERLEUKIN_5_AND_GM_CSF_SIGNALING	9.13944213648689e-88	2.72255111745137e-87	2.43397447175788	7.54045667097116	2.79761302553984e-17	1	15	28	2.64363588170765e-06	1	0	3.39630090796005	-4.27299474189203
ABCA1	RXRA	R-HSA-400253	REACTOME_CIRCADIAN_CLOCK	9.77326487354829e-88	2.89912815156517e-87	4.99867194609084	2.10167308768104	1.10859554163051e-14	1	24	44	8.6168575300217e-05	1	0	8.09811327653548	4.55214671702056
TLN1	ITGA1	R-HSA-397014	REACTOME_MUSCLE_CONTRACTION	9.10066697012048e-87	2.6883141761109e-86	1.24482684266883	1.07624759411689	1.95495517181775e-08	1	13	25	2.86971775880921e-07	1	0	0.554967454705092	6.10506405697975
SEMA7A	PLXNC1	R-HSA-373755	REACTOME_SEMAPHORIN_INTERACTIONS	1.05540927426625e-86	3.10466228179989e-86	9.05186122215587	5.65948894297867	1.04211087247507e-15	1	20	37	3.0660575468723e-05	1	0	3.57438453444824	4.49676014558224
COL9A2	ITGA1	R-HSA-373755	REACTOME_SEMAPHORIN_INTERACTIONS	3.3894781185711e-86	9.92934253822073e-86	7.69297708193826	1.07624759411689	3.30651145788158e-14	1	19	36	2.80153078134008e-05	1	0	3.06945835268604	6.10506405697975
CD22	PTPRC	R-HSA-373755	REACTOME_SEMAPHORIN_INTERACTIONS	3.59271227840708e-86	1.04812184651049e-85	11.4210821785957	16.0278634627917	3.54744326991597e-15	1	20	37	3.0660575468723e-05	1	0	5.1400769288602	5.73396642333682
SEMA7A	ITGA1	R-HSA-373755	REACTOME_SEMAPHORIN_INTERACTIONS	1.56740874518618e-85	4.55387067531459e-85	9.05186122215587	1.07624759411689	1.52904216927848e-13	1	19	36	2.80153078134008e-05	1	0	3.57438453444824	6.10506405697975
YWHAZ	CSF2RA	R-HSA-512988	REACTOME_INTERLEUKIN_3_INTERLEUKIN_5_AND_GM_CSF_SIGNALING	1.83964393763513e-85	5.32290418020655e-85	2.43397447175788	3.52187615189165	5.63121005136286e-15	1	15	28	2.64363588170765e-06	1	0	3.39630090796005	-5.61795587053739
YWHAZ	IL3RA	R-HSA-512988	REACTOME_INTERLEUKIN_3_INTERLEUKIN_5_AND_GM_CSF_SIGNALING	2.62007664013955e-84	7.55009839974906e-84	2.43397447175788	9.31779436257902	8.02013998984036e-14	1	15	28	2.64363588170765e-06	1	0	3.39630090796005	2.14534431862489
TGFB1	SDC2	R-HSA-9820952	REACTOME_RESPIRATORY_SYNCYTIAL_VIRUS_INFECTION_PATHWAY	3.8739476159525e-84	1.1117914702693e-83	2.46828720681576	6.74485292436499	2.98212854863439e-16	1	22	40	6.94857808546642e-05	1	0	-2.64576510074393	7.52520715134037
UBC	TLR4	R-HSA-9820952	REACTOME_RESPIRATORY_SYNCYTIAL_VIRUS_INFECTION_PATHWAY	5.46469575787643e-84	1.56197376723108e-83	3.95714186803172	4.48930707653718	5.41319793079117e-16	1	21	39	7.09348340709545e-05	1	0	1.0885298100563	1.68158391718923
ITGB2	ITGAL	R-HSA-8878159	REACTOME_TRANSCRIPTIONAL_REGULATION_BY_RUNX3	1.4166166586937e-83	4.03278774611998e-83	11.944746463134	8.17462744304816	7.02984982108083e-18	1	30	56	0.000953979174105625	1	0	5.91614862919166	4.70341157342427
COL5A3	SDC3	R-HSA-9820952	REACTOME_RESPIRATORY_SYNCYTIAL_VIRUS_INFECTION_PATHWAY	2.15932614509268e-83	6.12242674070454e-83	6.83500903043255	2.33134581033431	1.66222901842472e-15	1	22	40	6.94857808546642e-05	1	0	4.90760820931845	-4.8871910913699
IL16	CD4	R-HSA-162909	REACTOME_HOST_INTERACTIONS_OF_HIV_FACTORS	2.95882756529993e-82	8.35572904440699e-82	5.92237427990667	12.0547428377569	2.75863089352635e-15	1	29	54	0.000687246016529035	1	0	5.05485465787482	5.88757494818428
ICAM2	ITGAL	R-HSA-8878159	REACTOME_TRANSCRIPTIONAL_REGULATION_BY_RUNX3	8.60640527664255e-82	2.42076578697595e-81	5.3985234400609	8.17462744304816	4.27086157873824e-16	1	30	56	0.000953979174105625	1	0	-2.79505259940264	4.70341157342427
ICAM3	ITGAL	R-HSA-8878159	REACTOME_TRANSCRIPTIONAL_REGULATION_BY_RUNX3	1.0117874511868e-81	2.83461087515032e-81	7.16681577509801	8.17462744304816	5.02091641309382e-16	1	30	56	0.000953979174105625	1	0	7.54986602547591	4.70341157342427
TGFB1	SDC2	R-HSA-196854	REACTOME_METABOLISM_OF_VITAMINS_AND_COFACTORS	1.70184949676739e-81	4.74903456410188e-81	2.46828720681576	6.74485292436499	2.98212854863439e-16	1	16	30	1.27170810825351e-05	1	0	-2.64576510074393	7.52520715134037
FABP5	RXRA	R-HSA-9843745	REACTOME_ADIPOGENESIS	1.91210721205777e-81	5.31475469178263e-81	11.8838121323788	2.10167308768104	7.52034905271844e-15	1	22	40	8.12611054229819e-05	1	0	5.88150849279911	4.55214671702056
ADAM28	ITGA4	R-HSA-8878159	REACTOME_TRANSCRIPTIONAL_REGULATION_BY_RUNX3	2.16637939073865e-81	5.9978974504372e-81	11.8154483258594	10.0206303324884	2.12703900377285e-18	1	30	55	0.000953979174105625	1	0	6.28538138972843	7.02833690105118
ABCA1	RXRA	R-HSA-9843745	REACTOME_ADIPOGENESIS	2.81869035007165e-81	7.77341948105696e-81	4.99867194609084	2.10167308768104	1.10859554163051e-14	1	22	40	8.12611054229819e-05	1	0	8.09811327653548	4.55214671702056
COL5A3	SDC3	R-HSA-196854	REACTOME_METABOLISM_OF_VITAMINS_AND_COFACTORS	9.48605525343195e-81	2.6058968906315e-80	6.83500903043255	2.33134581033431	1.66222901842472e-15	1	16	30	1.27170810825351e-05	1	0	4.90760820931845	-4.8871910913699
CAP1	ROBO1	R-HSA-376176	REACTOME_SIGNALING_BY_ROBO_RECEPTORS	1.22245023119321e-80	3.34515450861397e-80	4.78361567059037	7.83057517149714	9.2565010034409e-18	1	50	92	0.00841029482393501	1	0	6.51262823125248	6.35933492681303
VEGFA	NRP1	R-HSA-373755	REACTOME_SEMAPHORIN_INTERACTIONS	1.67869204088189e-80	4.57589413460468e-80	3.92093203204012	1.42796094333709	5.63878289570011e-13	1	20	37	4.77826120555201e-05	1	0	3.10052950320012	2.96917171284008
TLN1	ITGA1	R-HSA-373755	REACTOME_SEMAPHORIN_INTERACTIONS	2.00400871494606e-80	5.44165443366122e-80	1.24482684266883	1.07624759411689	1.95495517181775e-08	1	19	36	2.80153078134008e-05	1	0	0.554967454705092	6.10506405697975
FYN	TYROBP	R-HSA-373755	REACTOME_SEMAPHORIN_INTERACTIONS	4.76470375739498e-80	1.28884323859037e-79	2.06426053422308	10.4222515491313	2.97836211992623e-16	1	19	35	4.77826120555201e-05	1	0	4.23615043922175	3.11851243726319
ICAM5	ITGAL	R-HSA-8878159	REACTOME_TRANSCRIPTIONAL_REGULATION_BY_RUNX3	8.42193833839286e-80	2.26942307897151e-79	5.17732667292378	8.17462744304816	4.17932129754136e-14	1	30	56	0.000953979174105625	1	0	5.80591761679647	4.70341157342427
TGFB1	ITGB5	R-HSA-2173789	REACTOME_TGF_BETA_RECEPTOR_SIGNALING_ACTIVATES_SMADS	1.1029933223271e-79	2.96088701734956e-79	2.46828720681576	1.1396922611271	7.71969799293327e-13	1	19	35	3.16158509507867e-05	1	0	-2.64576510074393	5.86168441709017
B2M	TYROBP	R-HSA-373755	REACTOME_SEMAPHORIN_INTERACTIONS	2.15566091831109e-79	5.76475988002889e-79	4.5156635827043	10.4222515491313	1.34747911925029e-15	1	19	35	4.77826120555201e-05	1	0	2.50538077538203	3.11851243726319
FYN	NRP1	R-HSA-373755	REACTOME_SEMAPHORIN_INTERACTIONS	3.69918131578377e-79	9.85517739223903e-79	2.06426053422308	1.42796094333709	1.24256741698596e-11	1	20	37	4.77826120555201e-05	1	0	4.23615043922175	2.96917171284008
CD22	PTPRC	R-HSA-202403	REACTOME_TCR_SIGNALING	7.83240566263608e-79	2.07882646534627e-78	11.4210821785957	16.0278634627917	3.54744326991597e-15	1	20	37	7.83960107558512e-05	1	0	5.1400769288602	5.73396642333682
SPP1	ITGA4	R-HSA-8878159	REACTOME_TRANSCRIPTIONAL_REGULATION_BY_RUNX3	1.07969227494159e-78	2.85491665209274e-78	4.53222432795068	10.0206303324884	1.06008559289791e-15	1	30	55	0.000953979174105625	1	0	-2.57586086409083	7.02833690105118
SPP1	ITGB5	R-HSA-2173789	REACTOME_TGF_BETA_RECEPTOR_SIGNALING_ACTIVATES_SMADS	1.14697231149167e-78	3.02150168624298e-78	4.53222432795068	1.1396922611271	8.02750086672463e-12	1	19	35	3.16158509507867e-05	1	0	-2.57586086409083	5.86168441709017
TGFB1	SDC2	R-HSA-3781865	REACTOME_DISEASES_OF_GLYCOSYLATION	3.1610448303702e-78	8.2655468527458e-78	2.46828720681576	6.74485292436499	2.98212854863439e-16	1	13	24	1.99269200450728e-06	1	0	-2.64576510074393	7.52520715134037
TGFB1	SDC2	R-HSA-5668914	REACTOME_DISEASES_OF_METABOLISM	3.1610448303702e-78	8.2655468527458e-78	2.46828720681576	6.74485292436499	2.98212854863439e-16	1	13	24	1.99269200450728e-06	1	0	-2.64576510074393	7.52520715134037
PTDSS1	JMJD6	R-HSA-3247509	REACTOME_CHROMATIN_MODIFYING_ENZYMES	5.17375667901385e-78	1.34784952597187e-77	1.53958783321345	3.73588932414907	4.01131528121024e-15	1	35	65	0.00236931467095011	1	0	-5.7896941133501	-4.99272067385155
GNAS	ADCY1	R-HSA-5610787	REACTOME_HEDGEHOG_OFF_STATE	6.29848403244325e-78	1.63482710547975e-77	3.9980290587368	9.05806786479183	1.4818955400295e-16	1	17	31	2.20484112482135e-05	1	0	-0.281622528365284	2.89221505485111
COL5A3	SDC3	R-HSA-3781865	REACTOME_DISEASES_OF_GLYCOSYLATION	1.76195638782539e-77	4.53993142264497e-77	6.83500903043255	2.33134581033431	1.66222901842472e-15	1	13	24	1.99269200450728e-06	1	0	4.90760820931845	-4.8871910913699
COL5A3	SDC3	R-HSA-5668914	REACTOME_DISEASES_OF_METABOLISM	1.76195638782539e-77	4.53993142264497e-77	6.83500903043255	2.33134581033431	1.66222901842472e-15	1	13	24	1.99269200450728e-06	1	0	4.90760820931845	-4.8871910913699
GNAS	ADORA2B	R-HSA-9662851	REACTOME_ANTI_INFLAMMATORY_RESPONSE_FAVOURING_LEISHMANIA_PARASITE_INFECTION	2.69281750481384e-77	6.91319693963116e-77	3.9980290587368	1.05645247232862	4.22819164798172e-13	1	15	29	1.56423033649603e-05	1	0	-0.281622528365284	4.9833866177033
VEGFB	NRP1	R-HSA-373755	REACTOME_SEMAPHORIN_INTERACTIONS	3.18974899126461e-77	8.15928546316236e-77	1.279965212397	1.42796094333709	1.07144738972317e-09	1	20	37	4.77826120555201e-05	1	0	2.48052225077401	2.96917171284008
NRP1	ROBO1	R-HSA-376176	REACTOME_SIGNALING_BY_ROBO_RECEPTORS	4.49573321481012e-77	1.1458439168433e-76	1.42796094333709	7.83057517149714	3.40420885466014e-14	1	50	92	0.00841029482393501	1	0	2.96917171284008	6.35933492681303
IL16	CD4	R-HSA-202403	REACTOME_TCR_SIGNALING	5.32767897322263e-77	1.35300048744431e-76	5.92237427990667	12.0547428377569	2.75863089352635e-15	1	19	36	0.00010429527997142	1	0	5.05485465787482	5.88757494818428
TLN1	ITGB5	R-HSA-2173789	REACTOME_TGF_BETA_RECEPTOR_SIGNALING_ACTIVATES_SMADS	1.0091915253095e-76	2.5537247916434e-76	1.24482684266883	1.1396922611271	7.06319216509874e-10	1	19	35	3.16158509507867e-05	1	0	0.554967454705092	5.86168441709017
TIMP3	ADAM17	R-HSA-9662851	REACTOME_ANTI_INFLAMMATORY_RESPONSE_FAVOURING_LEISHMANIA_PARASITE_INFECTION	1.3340366225851e-76	3.36367805551815e-76	2.18468350054544	1.34927225839675	7.60435572109604e-10	1	16	30	1.00824730566946e-05	1	0	5.7544474489328	5.33514782527529
VASP	ROBO1	R-HSA-376176	REACTOME_SIGNALING_BY_ROBO_RECEPTORS	5.89484123892823e-76	1.48105263867734e-75	1.04577575431397	7.83057517149714	4.46362579440177e-13	1	50	92	0.00841029482393501	1	0	-5.84858413476887	6.35933492681303
FABP5	RXRA	R-HSA-1655829	REACTOME_REGULATION_OF_CHOLESTEROL_BIOSYNTHESIS_BY_SREBP_SREBF	1.09674133501822e-75	2.74574249121582e-75	11.8838121323788	2.10167308768104	7.52034905271844e-15	1	19	35	7.1348765606336e-05	1	0	5.88150849279911	4.55214671702056
ABCA1	RXRA	R-HSA-1655829	REACTOME_REGULATION_OF_CHOLESTEROL_BIOSYNTHESIS_BY_SREBP_SREBF	1.61673686394063e-75	4.03327288318757e-75	4.99867194609084	2.10167308768104	1.10859554163051e-14	1	19	35	7.1348765606336e-05	1	0	8.09811327653548	4.55214671702056
TGM2	ITGA4	R-HSA-8878159	REACTOME_TRANSCRIPTIONAL_REGULATION_BY_RUNX3	1.65459291108153e-75	4.11317815219564e-75	1.32759091877605	10.0206303324884	1.62454631551702e-12	1	30	55	0.000953979174105625	1	0	5.62030998877616	7.02833690105118
GNAS	ADCY1	R-HSA-112040	REACTOME_G_PROTEIN_MEDIATED_EVENTS	1.7147272057194e-74	4.24771020083473e-74	3.9980290587368	9.05806786479183	1.4818955400295e-16	1	14	26	1.00824730566946e-05	1	0	-0.281622528365284	2.89221505485111
TNFSF9	TNFRSF9	R-HSA-5668541	REACTOME_TNFR2_NON_CANONICAL_NF_KB_PATHWAY	1.86728355527713e-74	4.60944821687293e-74	1.26305713625022	10.2485350101138	1.99328766518901e-12	1	13	25	5.15195503066684e-06	1	0	-5.94371637777326	1.5398880030631
COL9A2	ITGA1	R-HSA-445355	REACTOME_SMOOTH_MUSCLE_CONTRACTION	2.3139784142063e-74	5.69222564609634e-74	7.69297708193826	1.07624759411689	3.30651145788158e-14	1	11	20	2.86971775880921e-07	1	0	3.06945835268604	6.10506405697975
SEMA7A	ITGA1	R-HSA-445355	REACTOME_SMOOTH_MUSCLE_CONTRACTION	1.07006148903184e-73	2.62313684464054e-73	9.05186122215587	1.07624759411689	1.52904216927848e-13	1	11	20	2.86971775880921e-07	1	0	3.57438453444824	6.10506405697975
IL16	CD4	R-HSA-388841	REACTOME_COSTIMULATION_BY_THE_CD28_FAMILY	1.97428414257975e-73	4.8229917116308e-73	5.92237427990667	12.0547428377569	2.75863089352635e-15	1	12	22	1.52190646147406e-06	1	0	5.05485465787482	5.88757494818428
TGFB1	ITGB5	R-HSA-445355	REACTOME_SMOOTH_MUSCLE_CONTRACTION	5.40243539070752e-73	1.31521358132397e-72	2.46828720681576	1.1396922611271	7.71969799293327e-13	1	11	20	2.86971775880921e-07	1	0	-2.64576510074393	5.86168441709017
SPP1	ITGB5	R-HSA-445355	REACTOME_SMOOTH_MUSCLE_CONTRACTION	5.61784344685869e-72	1.36295445824132e-71	4.53222432795068	1.1396922611271	8.02750086672463e-12	1	11	20	2.86971775880921e-07	1	0	-2.57586086409083	5.86168441709017
YWHAZ	CSF2RB	R-HSA-451927	REACTOME_INTERLEUKIN_2_FAMILY_SIGNALING	1.06819909900826e-71	2.5827005613008e-71	2.43397447175788	7.54045667097116	2.79761302553984e-17	1	11	21	3.53660600836955e-06	1	0	3.39630090796005	-4.27299474189203
TNF	TNFRSF1B	R-HSA-5668541	REACTOME_TNFR2_NON_CANONICAL_NF_KB_PATHWAY	1.31900462849607e-71	3.17821593077893e-71	8.21010878302295	7.31447457060829	2.0606047598591e-18	1	12	23	1.13834788792204e-05	1	0	6.70139939620706	-3.95961036702264
GNAS	ADCY1	R-HSA-163685	REACTOME_INTEGRATION_OF_ENERGY_METABOLISM	7.16132569244234e-71	1.71969249621234e-70	3.9980290587368	9.05806786479183	1.4818955400295e-16	1	20	37	0.000258983555226786	1	0	-0.281622528365284	2.89221505485111
GNAS	ADCY1	R-HSA-9664323	REACTOME_FCGR3A_MEDIATED_IL10_SYNTHESIS	2.21095405239525e-70	5.29130020674931e-70	3.9980290587368	9.05806786479183	1.4818955400295e-16	1	12	23	1.00824730566946e-05	1	0	-0.281622528365284	2.89221505485111
TLN1	ITGB5	R-HSA-445355	REACTOME_SMOOTH_MUSCLE_CONTRACTION	4.94299639170189e-70	1.17897143666944e-69	1.24482684266883	1.1396922611271	7.06319216509874e-10	1	11	20	2.86971775880921e-07	1	0	0.554967454705092	5.86168441709017
GNAS	ADCY1	R-HSA-9662851	REACTOME_ANTI_INFLAMMATORY_RESPONSE_FAVOURING_LEISHMANIA_PARASITE_INFECTION	1.42817708388394e-69	3.39492599738069e-69	3.9980290587368	9.05806786479183	1.4818955400295e-16	1	15	29	8.70272605775279e-05	1	0	-0.281622528365284	2.89221505485111
TGFB1	ITGB5	R-HSA-3000171	REACTOME_NON_INTEGRIN_MEMBRANE_ECM_INTERACTIONS	1.98362578131115e-69	4.69946242149555e-69	2.46828720681576	1.1396922611271	7.71969799293327e-13	1	8	15	2.81944657256513e-08	1	0	-2.64576510074393	5.86168441709017
YWHAZ	CSF2RA	R-HSA-451927	REACTOME_INTERLEUKIN_2_FAMILY_SIGNALING	2.150137795427e-69	5.07691399187779e-69	2.43397447175788	3.52187615189165	5.63121005136286e-15	1	11	21	3.53660600836955e-06	1	0	3.39630090796005	-5.61795587053739
TNFSF14	LTBR	R-HSA-5668541	REACTOME_TNFR2_NON_CANONICAL_NF_KB_PATHWAY	2.78788986380956e-69	6.56083414616516e-69	12.3761846868562	1.14083737677821	4.35535933628912e-16	1	12	23	1.13834788792204e-05	1	0	10.5872612708078	-3.51213905082775
FABP5	RXRA	R-HSA-381340	REACTOME_TRANSCRIPTIONAL_REGULATION_OF_WHITE_ADIPOCYTE_DIFFERENTIATION	7.36648059963174e-69	1.72781903765449e-68	11.8838121323788	2.10167308768104	7.52034905271844e-15	1	16	30	7.1348765606336e-05	1	0	5.88150849279911	4.55214671702056
ABCA1	RXRA	R-HSA-381340	REACTOME_TRANSCRIPTIONAL_REGULATION_OF_WHITE_ADIPOCYTE_DIFFERENTIATION	1.08591336559137e-68	2.53859217254143e-68	4.99867194609084	2.10167308768104	1.10859554163051e-14	1	16	30	7.1348765606336e-05	1	0	8.09811327653548	4.55214671702056
TLN1	ITGA1	R-HSA-445355	REACTOME_SMOOTH_MUSCLE_CONTRACTION	1.36812593149927e-68	3.18777857306431e-68	1.24482684266883	1.07624759411689	1.95495517181775e-08	1	11	20	2.86971775880921e-07	1	0	0.554967454705092	6.10506405697975
EFNB2	PECAM1	R-HSA-76005	REACTOME_RESPONSE_TO_ELEVATED_PLATELET_CYTOSOLIC_CA2	1.85829286791294e-68	4.31564067350833e-68	3.35814715099354	11.7593691614151	5.05966310389201e-19	1	8	16	1.13837543788127e-06	1	0	3.73931126900062	-6.08495718238946
SPP1	ITGB5	R-HSA-3000171	REACTOME_NON_INTEGRIN_MEMBRANE_ECM_INTERACTIONS	2.06271769871169e-68	4.77468424685395e-68	4.53222432795068	1.1396922611271	8.02750086672463e-12	1	8	15	2.81944657256513e-08	1	0	-2.57586086409083	5.86168441709017
YWHAZ	IL3RA	R-HSA-451927	REACTOME_INTERLEUKIN_2_FAMILY_SIGNALING	3.06229140086823e-68	7.06528669612081e-68	2.43397447175788	9.31779436257902	8.02013998984036e-14	1	11	21	3.53660600836955e-06	1	0	3.39630090796005	2.14534431862489
FABP5	RXRA	R-HSA-9839373	REACTOME_SIGNALING_BY_TGFBR3	3.3912896658605e-68	7.79886157686486e-68	11.8838121323788	2.10167308768104	7.52034905271844e-15	1	14	26	2.27356170320029e-05	1	0	5.88150849279911	4.55214671702056
ABCA1	RXRA	R-HSA-9839373	REACTOME_SIGNALING_BY_TGFBR3	4.99919428951448e-68	1.14591921051858e-67	4.99867194609084	2.10167308768104	1.10859554163051e-14	1	14	26	2.27356170320029e-05	1	0	8.09811327653548	4.55214671702056
TGFB1	SDC2	R-HSA-1638091	REACTOME_HEPARAN_SULFATE_HEPARIN_HS_GAG_METABOLISM	3.64906759427883e-67	8.33735184971149e-67	2.46828720681576	6.74485292436499	2.98212854863439e-16	1	7	14	1.58950746881293e-07	1	0	-2.64576510074393	7.52520715134037
UBC	NOTCH2	R-HSA-1912422	REACTOME_PRE_NOTCH_EXPRESSION_AND_PROCESSING	1.0249749172984e-66	2.33429771487958e-66	3.95714186803172	1.19827988835285	1.21938804656846e-11	1	14	27	3.50317276536688e-05	1	0	1.0885298100563	5.38236898062194
TYROBP	TREM2	R-HSA-373755	REACTOME_SEMAPHORIN_INTERACTIONS	1.13958035770859e-66	2.58695733936419e-66	10.4222515491313	16.4164808043328	1.505424743782e-14	1	18	34	0.000241603120710042	1	0	3.11851243726319	-1.98835437255083
GNAS	ADCY1	R-HSA-111885	REACTOME_OPIOID_SIGNALLING	1.25647708825073e-66	2.84318212918273e-66	3.9980290587368	9.05806786479183	1.4818955400295e-16	1	18	34	0.000318917565719432	1	0	-0.281622528365284	2.89221505485111
COL5A3	SDC3	R-HSA-1638091	REACTOME_HEPARAN_SULFATE_HEPARIN_HS_GAG_METABOLISM	1.81837812728506e-66	4.08845527981928e-66	6.83500903043255	2.33134581033431	1.66222901842472e-15	1	7	14	1.56739983361838e-07	1	0	4.90760820931845	-4.8871910913699
TLN1	ITGB5	R-HSA-3000171	REACTOME_NON_INTEGRIN_MEMBRANE_ECM_INTERACTIONS	1.81493240925622e-66	4.08845527981928e-66	1.24482684266883	1.1396922611271	7.06319216509874e-10	1	8	15	2.81944657256513e-08	1	0	0.554967454705092	5.86168441709017
TIMP3	ADAM17	R-HSA-75893	REACTOME_TNF_SIGNALING	2.04914456039905e-66	4.59268590362454e-66	2.18468350054544	1.34927225839675	7.60435572109604e-10	1	18	34	0.000132244235800074	1	0	5.7544474489328	5.33514782527529
FYN	CD86	R-HSA-388841	REACTOME_COSTIMULATION_BY_THE_CD28_FAMILY	4.55858527556351e-66	1.0184687356164e-65	2.06426053422308	6.88554451973144	6.7501360089411e-13	1	11	20	1.43315270158375e-06	1	0	4.23615043922175	7.48518635303806
TYROBP	TREM1	R-HSA-2172127	REACTOME_DAP12_INTERACTIONS	9.97769133007597e-66	2.2221609082125e-65	10.4222515491313	14.6504269316967	6.91299645228658e-17	1	11	21	1.13667129549808e-05	1	0	3.11851243726319	2.8115687710559
FYN	CSF1R	R-HSA-8853884	REACTOME_TRANSCRIPTIONAL_REGULATION_BY_VENTX	1.79567283515583e-65	3.98661956484282e-65	2.06426053422308	10.8877980189141	4.60857870902955e-16	1	14	26	4.56589841630671e-05	1	0	4.23615043922175	6.26666957489856
TYROBP	CD300LB	R-HSA-2172127	REACTOME_DAP12_INTERACTIONS	2.91849319521063e-65	6.45911033172009e-65	10.4222515491313	13.8621862106398	2.02206426688087e-16	1	11	21	1.13667129549808e-05	1	0	3.11851243726319	-1.02445387444494
FYN	TYROBP	R-HSA-2172127	REACTOME_DAP12_INTERACTIONS	4.2987405109958e-65	9.48409625238449e-65	2.06426053422308	10.4222515491313	2.97836211992623e-16	1	11	21	1.13667129549808e-05	1	0	4.23615043922175	3.11851243726319
COL5A3	SDC3	R-HSA-3000171	REACTOME_NON_INTEGRIN_MEMBRANE_ECM_INTERACTIONS	1.35352162795859e-64	2.97690426585284e-64	6.83500903043255	2.33134581033431	1.66222901842472e-15	1	7	13	3.35103983263594e-08	1	0	4.90760820931845	-4.8871910913699
B2M	TYROBP	R-HSA-2172127	REACTOME_DAP12_INTERACTIONS	1.94484849202475e-64	4.2641709172965e-64	4.5156635827043	10.4222515491313	1.34747911925029e-15	1	11	21	1.13667129549808e-05	1	0	2.50538077538203	3.11851243726319
FABP5	RXRA	R-HSA-2426168	REACTOME_ACTIVATION_OF_GENE_EXPRESSION_BY_SREBF_SREBP	2.24249950437123e-64	4.90156238416745e-64	11.8838121323788	2.10167308768104	7.52034905271844e-15	1	14	26	4.47290872085073e-05	1	0	5.88150849279911	4.55214671702056
ABCA1	RXRA	R-HSA-2426168	REACTOME_ACTIVATION_OF_GENE_EXPRESSION_BY_SREBF_SREBP	3.30573080481673e-64	7.20322823518708e-64	4.99867194609084	2.10167308768104	1.10859554163051e-14	1	14	26	4.47290872085073e-05	1	0	8.09811327653548	4.55214671702056
PSEN1	NOTCH2	R-HSA-1912422	REACTOME_PRE_NOTCH_EXPRESSION_AND_PROCESSING	5.83502565674646e-64	1.26754711189631e-63	1.07273248232493	1.19827988835285	6.94178990839195e-09	1	14	27	3.50317276536688e-05	1	0	-6.25161388630902	5.38236898062194
FYN	TREM2	R-HSA-373755	REACTOME_SEMAPHORIN_INTERACTIONS	7.52690752808962e-64	1.63006034197278e-63	2.06426053422308	16.4164808043328	9.94330304159444e-12	1	18	34	0.000241603120710042	1	0	4.23615043922175	-1.98835437255083
UBC	TGFBR1	R-HSA-2173789	REACTOME_TGF_BETA_RECEPTOR_SIGNALING_ACTIVATES_SMADS	1.4309867021877e-63	3.0895309227661e-63	3.95714186803172	1.00186807409562	1.64689434190985e-11	1	17	32	0.000157603825930672	1	0	1.0885298100563	5.7989603829035
TGFB1	TGFBR1	R-HSA-2173789	REACTOME_TGF_BETA_RECEPTOR_SIGNALING_ACTIVATES_SMADS	2.01614814564849e-63	4.33963594764584e-63	2.46828720681576	1.00186807409562	2.32034509366462e-11	1	17	32	0.000157603825930672	1	0	-2.64576510074393	5.7989603829035
TGFB1	CXCR4	R-HSA-376176	REACTOME_SIGNALING_BY_ROBO_RECEPTORS	2.05471267862836e-63	4.40920106720858e-63	2.46828720681576	6.53848879167285	7.32711937179347e-18	1	46	84	0.016649464016195	1	0	-2.64576510074393	3.87000451520385
CD80	CD86	R-HSA-388841	REACTOME_COSTIMULATION_BY_THE_CD28_FAMILY	3.11817231085941e-63	6.67099894383862e-63	6.51839713149273	6.88554451973144	4.61724107925421e-10	1	11	20	1.43315270158375e-06	1	0	-6.25161388630902	7.48518635303806
B2M	TREM2	R-HSA-373755	REACTOME_SEMAPHORIN_INTERACTIONS	3.40534505820259e-63	7.2633643839608e-63	4.5156635827043	16.4164808043328	4.49857763610634e-11	1	18	34	0.000241603120710042	1	0	2.50538077538203	-1.98835437255083
FYN	CD80	R-HSA-388841	REACTOME_COSTIMULATION_BY_THE_CD28_FAMILY	7.13682553564339e-63	1.51765024944706e-62	2.06426053422308	6.51839713149273	1.34560983478903e-10	1	10	19	1.88756713864576e-06	1	0	4.23615043922175	-6.25161388630902
TGFB1	ITGB5	R-HSA-3000178	REACTOME_ECM_PROTEOGLYCANS	8.38507117452929e-63	1.77773581057588e-62	2.46828720681576	1.1396922611271	7.71969799293327e-13	1	8	16	9.94255784873422e-07	1	0	-2.64576510074393	5.86168441709017
CD274	CD80	R-HSA-388841	REACTOME_COSTIMULATION_BY_THE_CD28_FAMILY	8.70347145944209e-63	1.83971582346291e-62	4.58381004451618	6.51839713149273	1.64099244603085e-10	1	10	19	1.88756713864576e-06	1	0	-1.62566314066718	-6.25161388630902
GDF11	ACVR2B	R-HSA-201451	REACTOME_SIGNALING_BY_BMP	2.09790050735203e-62	4.42124703937473e-62	1.93109136379653	1.22573882835056	1.29425405643405e-09	1	9	17	4.43720084305155e-07	1	0	2.46984328792126	3.85240888840565
CD86	CD80	R-HSA-388841	REACTOME_COSTIMULATION_BY_THE_CD28_FAMILY	2.44888549315705e-62	5.14557487550261e-62	6.88554451973144	6.51839713149273	4.61724107925421e-10	1	10	19	1.88756713864576e-06	1	0	7.48518635303806	-6.25161388630902
IL1B	IL1R1	R-HSA-6783783	REACTOME_INTERLEUKIN_10_SIGNALING	3.03142653035425e-62	6.35070365112789e-62	18.7262837999101	1.97377856341427	1.91475793686911e-15	1	6	12	7.94539418966338e-08	1	0	2.29749824122154	4.88416579837683
DLL4	NOTCH2	R-HSA-1912422	REACTOME_PRE_NOTCH_EXPRESSION_AND_PROCESSING	6.63143658603535e-62	1.38514622181685e-61	2.84253765509008	1.19827988835285	7.88926086689213e-07	1	14	27	3.50317276536688e-05	1	0	3.22645115720045	5.38236898062194
TNF	TNFRSF1B	R-HSA-6783783	REACTOME_INTERLEUKIN_10_SIGNALING	7.5402355072564e-62	1.57032633277965e-61	8.21010878302295	7.31447457060829	2.0606047598591e-18	1	7	13	2.15127634955795e-07	1	0	6.70139939620706	-3.95961036702264
SPP1	ITGB5	R-HSA-3000178	REACTOME_ECM_PROTEOGLYCANS	8.71940407289239e-62	1.81055861043001e-61	4.53222432795068	1.1396922611271	8.02750086672463e-12	1	8	16	9.94255784873422e-07	1	0	-2.57586086409083	5.86168441709017
TGFB1	ACVRL1	R-HSA-201451	REACTOME_SIGNALING_BY_BMP	3.57656553764479e-61	7.40485416298306e-61	2.46828720681576	6.09894249214426	7.55650486651475e-17	1	9	17	3.86997393858632e-06	1	0	-2.64576510074393	4.48855950242026
TGFB1	SDC2	R-HSA-1793185	REACTOME_CHONDROITIN_SULFATE_DERMATAN_SULFATE_METABOLISM	6.05465289605011e-61	1.23901012887286e-60	2.46828720681576	6.74485292436499	2.98212854863439e-16	1	6	12	1.58950746881293e-07	1	0	-2.64576510074393	7.52520715134037
TGFB1	SDC2	R-HSA-1971475	REACTOME_A_TETRASACCHARIDE_LINKER_SEQUENCE_IS_REQUIRED_FOR_GAG_SYNTHESIS	6.05465289605011e-61	1.23901012887286e-60	2.46828720681576	6.74485292436499	2.98212854863439e-16	1	6	12	1.58950746881293e-07	1	0	-2.64576510074393	7.52520715134037
TGFB1	SDC2	R-HSA-3560782	REACTOME_DISEASES_ASSOCIATED_WITH_GLYCOSAMINOGLYCAN_METABOLISM	6.05465289605011e-61	1.23901012887286e-60	2.46828720681576	6.74485292436499	2.98212854863439e-16	1	6	12	1.58950746881293e-07	1	0	-2.64576510074393	7.52520715134037
TGFB1	SDC2	R-HSA-3560783	REACTOME_DEFECTIVE_B4GALT7_CAUSES_EDS_PROGEROID_TYPE	6.05465289605011e-61	1.23901012887286e-60	2.46828720681576	6.74485292436499	2.98212854863439e-16	1	6	12	1.58950746881293e-07	1	0	-2.64576510074393	7.52520715134037
UBC	TGFBR1	R-HSA-9839373	REACTOME_SIGNALING_BY_TGFBR3	8.49315495915698e-61	1.73299635871816e-60	3.95714186803172	1.00186807409562	1.64689434190985e-11	1	13	24	2.27356170320029e-05	1	0	1.0885298100563	5.7989603829035
TGFB1	SDC2	R-HSA-3000171	REACTOME_NON_INTEGRIN_MEMBRANE_ECM_INTERACTIONS	8.55193520980561e-61	1.73996145767226e-60	2.46828720681576	6.74485292436499	2.98212854863439e-16	1	7	14	9.94255784873422e-07	1	0	-2.64576510074393	7.52520715134037
TGFB1	TGFBR1	R-HSA-9839373	REACTOME_SIGNALING_BY_TGFBR3	1.19661898992012e-60	2.42762358299886e-60	2.46828720681576	1.00186807409562	2.32034509366462e-11	1	13	24	2.27356170320029e-05	1	0	-2.64576510074393	5.7989603829035
IL1RN	IL1R1	R-HSA-6783783	REACTOME_INTERLEUKIN_10_SIGNALING	1.74243720291206e-60	3.52481565975906e-60	5.1369981318756	1.97377856341427	1.10058595528027e-13	1	6	12	7.94539418966338e-08	1	0	3.62367039032876	4.88416579837683
COL5A3	SDC3	R-HSA-1793185	REACTOME_CHONDROITIN_SULFATE_DERMATAN_SULFATE_METABOLISM	3.05966808985368e-60	6.11933617970735e-60	6.83500903043255	2.33134581033431	1.66222901842472e-15	1	6	12	1.56739983361838e-07	1	0	4.90760820931845	-4.8871910913699
COL5A3	SDC3	R-HSA-1971475	REACTOME_A_TETRASACCHARIDE_LINKER_SEQUENCE_IS_REQUIRED_FOR_GAG_SYNTHESIS	3.05966808985368e-60	6.11933617970735e-60	6.83500903043255	2.33134581033431	1.66222901842472e-15	1	6	12	1.56739983361838e-07	1	0	4.90760820931845	-4.8871910913699
COL5A3	SDC3	R-HSA-3560782	REACTOME_DISEASES_ASSOCIATED_WITH_GLYCOSAMINOGLYCAN_METABOLISM	3.05966808985368e-60	6.11933617970735e-60	6.83500903043255	2.33134581033431	1.66222901842472e-15	1	6	12	1.56739983361838e-07	1	0	4.90760820931845	-4.8871910913699
COL5A3	SDC3	R-HSA-3560783	REACTOME_DEFECTIVE_B4GALT7_CAUSES_EDS_PROGEROID_TYPE	3.05966808985368e-60	6.11933617970735e-60	6.83500903043255	2.33134581033431	1.66222901842472e-15	1	6	12	1.56739983361838e-07	1	0	4.90760820931845	-4.8871910913699
RIMS2	ABCA1	R-HSA-9024446	REACTOME_NR1H2_AND_NR1H3_MEDIATED_SIGNALING	7.49235058287503e-60	1.494237150144e-59	5.02438125244107	4.99867194609084	4.99431114621331e-14	1	14	26	8.6168575300217e-05	1	0	7.76472587122388	8.09811327653548
TLN1	ITGB5	R-HSA-3000178	REACTOME_ECM_PROTEOGLYCANS	7.67198005387599e-60	1.52575152620745e-59	1.24482684266883	1.1396922611271	7.06319216509874e-10	1	8	16	9.94255784873422e-07	1	0	0.554967454705092	5.86168441709017
FYN	TYROBP	R-HSA-2424491	REACTOME_DAP12_SIGNALING	8.82119705562326e-58	1.74937222507585e-57	2.06426053422308	10.4222515491313	2.97836211992623e-16	1	10	19	2.24184773867558e-05	1	0	4.23615043922175	3.11851243726319
B2M	TFRC	R-HSA-199992	REACTOME_TRANS_GOLGI_NETWORK_VESICLE_BUDDING	1.79680249583628e-57	3.55334050997314e-57	4.5156635827043	1.55736403437935	1.91956346149259e-08	1	17	31	0.000146652694947583	1	0	2.50538077538203	6.8452985793494
VEGFA	NRP1	R-HSA-376176	REACTOME_SIGNALING_BY_ROBO_RECEPTORS	3.32963340487392e-57	6.56626029005863e-57	3.92093203204012	1.42796094333709	5.63878289570011e-13	1	45	83	0.0183194708774297	1	0	3.10052950320012	2.96917171284008
B2M	TYROBP	R-HSA-2424491	REACTOME_DAP12_SIGNALING	3.99091123262704e-57	7.84842153268716e-57	4.5156635827043	10.4222515491313	1.34747911925029e-15	1	10	19	2.24184773867558e-05	1	0	2.50538077538203	3.11851243726319
COL5A3	SDC3	R-HSA-2022928	REACTOME_HS_GAG_BIOSYNTHESIS	4.88619452391381e-57	9.58237037189764e-57	6.83500903043255	2.33134581033431	1.66222901842472e-15	1	5	10	4.90919306453994e-08	1	0	4.90760820931845	-4.8871910913699
FYN	CSF1R	R-HSA-9680350	REACTOME_SIGNALING_BY_CSF1_M_CSF_IN_MYELOID_CELLS	6.42743238921492e-57	1.25699924287693e-56	2.06426053422308	10.8877980189141	4.60857870902955e-16	1	12	22	5.6781363770023e-05	1	0	4.23615043922175	6.26666957489856
SPP1	ITGA5	R-HSA-9634597	REACTOME_GPER1_SIGNALING	1.01521650064588e-56	1.9799526228066e-56	4.53222432795068	2.4554419409284	6.26635265334544e-14	1	11	20	1.56423033649603e-05	1	0	-2.57586086409083	-4.20935122820725
COL5A3	SDC3	R-HSA-2187338	REACTOME_VISUAL_PHOTOTRANSDUCTION	1.0749627500279e-56	2.08495522395522e-56	6.83500903043255	2.33134581033431	1.66222901842472e-15	1	6	11	4.90919306453994e-08	1	0	4.90760820931845	-4.8871910913699
COL5A3	SDC3	R-HSA-6806667	REACTOME_METABOLISM_OF_FAT_SOLUBLE_VITAMINS	1.0749627500279e-56	2.08495522395522e-56	6.83500903043255	2.33134581033431	1.66222901842472e-15	1	6	11	4.90919306453994e-08	1	0	4.90760820931845	-4.8871910913699
ST6GAL1	CD22	R-HSA-983695	REACTOME_ANTIGEN_ACTIVATES_B_CELL_RECEPTOR_BCR_LEADING_TO_GENERATION_OF_SECOND_MESSENGERS	2.50153493994247e-56	4.83858539068324e-56	2.00794201858867	11.4210821785957	3.01890530184356e-11	1	7	14	8.51334954783327e-07	1	0	0.599621610324625	5.1400769288602
FYN	NRP1	R-HSA-376176	REACTOME_SIGNALING_BY_ROBO_RECEPTORS	7.33721098317028e-56	1.41531993281918e-55	2.06426053422308	1.42796094333709	1.24256741698596e-11	1	45	83	0.0183194708774297	1	0	4.23615043922175	2.96917171284008
TIMP3	ADAM17	R-HSA-177929	REACTOME_SIGNALING_BY_EGFR	1.76409577394707e-55	3.39360113462298e-55	2.18468350054544	1.34927225839675	7.60435572109604e-10	1	18	34	0.000581826558406454	1	0	5.7544474489328	5.33514782527529
TGFB1	SDC2	R-HSA-9820960	REACTOME_RESPIRATORY_SYNCYTIAL_VIRUS_RSV_ATTACHMENT_AND_ENTRY	4.03999573621208e-55	7.75064399392861e-55	2.46828720681576	6.74485292436499	2.98212854863439e-16	1	4	9	1.58950746881293e-07	1	0	-2.64576510074393	7.52520715134037
TGFB1	SDC2	R-HSA-2022928	REACTOME_HS_GAG_BIOSYNTHESIS	9.28590420501968e-55	1.77665267445634e-54	2.46828720681576	6.74485292436499	2.98212854863439e-16	1	5	10	1.56739983361838e-07	1	0	-2.64576510074393	7.52520715134037
FABP5	RXRA	R-HSA-9616222	REACTOME_TRANSCRIPTIONAL_REGULATION_OF_GRANULOPOIESIS	1.01502774995616e-54	1.93678267964607e-54	11.8838121323788	2.10167308768104	7.52034905271844e-15	1	11	20	3.06461721095714e-05	1	0	5.88150849279911	4.55214671702056
TIMP3	ADAM17	R-HSA-1442490	REACTOME_COLLAGEN_DEGRADATION	1.26497297086306e-54	2.40719923835397e-54	2.18468350054544	1.34927225839675	7.60435572109604e-10	1	5	10	1.41188695410519e-08	1	0	5.7544474489328	5.33514782527529
ABCA1	RXRA	R-HSA-9616222	REACTOME_TRANSCRIPTIONAL_REGULATION_OF_GRANULOPOIESIS	1.49628059860584e-54	2.83971532961216e-54	4.99867194609084	2.10167308768104	1.10859554163051e-14	1	11	20	3.06461721095714e-05	1	0	8.09811327653548	4.55214671702056
TGFB1	SDC2	R-HSA-2187338	REACTOME_VISUAL_PHOTOTRANSDUCTION	2.04289865064382e-54	3.85638087527952e-54	2.46828720681576	6.74485292436499	2.98212854863439e-16	1	6	11	1.56739983361838e-07	1	0	-2.64576510074393	7.52520715134037
TGFB1	SDC2	R-HSA-6806667	REACTOME_METABOLISM_OF_FAT_SOLUBLE_VITAMINS	2.04289865064382e-54	3.85638087527952e-54	2.46828720681576	6.74485292436499	2.98212854863439e-16	1	6	11	1.56739983361838e-07	1	0	-2.64576510074393	7.52520715134037
COL5A3	SDC3	R-HSA-9820960	REACTOME_RESPIRATORY_SYNCYTIAL_VIRUS_RSV_ATTACHMENT_AND_ENTRY	2.07037372854696e-54	3.89782360627775e-54	6.83500903043255	2.33134581033431	1.66222901842472e-15	1	4	9	1.56739983361838e-07	1	0	4.90760820931845	-4.8871910913699
FABP5	RXRA	R-HSA-9024446	REACTOME_NR1H2_AND_NR1H3_MEDIATED_SIGNALING	5.68115996581261e-54	1.06672844038928e-53	11.8838121323788	2.10167308768104	7.52034905271844e-15	1	15	29	0.000734824917526377	1	0	5.88150849279911	4.55214671702056
ADAM17	ITGA5	R-HSA-9634597	REACTOME_GPER1_SIGNALING	6.17620843708777e-54	1.15660561182599e-53	1.34927225839675	2.4554419409284	3.81222134418986e-11	1	11	20	1.56423033649603e-05	1	0	5.33514782527529	-4.20935122820725
VEGFB	NRP1	R-HSA-376176	REACTOME_SIGNALING_BY_ROBO_RECEPTORS	6.32676782627625e-54	1.18166616014577e-53	1.279965212397	1.42796094333709	1.07144738972317e-09	1	45	83	0.0183194708774297	1	0	2.48052225077401	2.96917171284008
ABCA1	RXRA	R-HSA-9024446	REACTOME_NR1H2_AND_NR1H3_MEDIATED_SIGNALING	8.37475569982084e-54	1.56004684012494e-53	4.99867194609084	2.10167308768104	1.10859554163051e-14	1	15	29	0.000734824917526377	1	0	8.09811327653548	4.55214671702056
COL9A2	ITGA1	R-HSA-216083	REACTOME_INTEGRIN_CELL_SURFACE_INTERACTIONS	4.02978952343037e-53	7.48692474616273e-53	7.69297708193826	1.07624759411689	3.30651145788158e-14	1	7	13	9.52293963352728e-07	1	0	3.06945835268604	6.10506405697975
B2M	TFRC	R-HSA-9013149	REACTOME_RAC1_GTPASE_CYCLE	1.27674767794959e-52	2.36583690454702e-52	4.5156635827043	1.55736403437935	1.91956346149259e-08	1	11	20	1.13667129549808e-05	1	0	2.50538077538203	6.8452985793494
SEMA7A	ITGA1	R-HSA-216083	REACTOME_INTEGRIN_CELL_SURFACE_INTERACTIONS	1.86351028663586e-52	3.44407922085057e-52	9.05186122215587	1.07624759411689	1.52904216927848e-13	1	7	13	9.52293963352728e-07	1	0	3.57438453444824	6.10506405697975
EFNB2	PECAM1	R-HSA-216083	REACTOME_INTEGRIN_CELL_SURFACE_INTERACTIONS	2.25813802879538e-52	4.16252075281863e-52	3.35814715099354	11.7593691614151	5.05966310389201e-19	1	6	11	9.94255784873422e-07	1	0	3.73931126900062	-6.08495718238946
TYROBP	TREM2	R-HSA-2172127	REACTOME_DAP12_INTERACTIONS	2.29401026542897e-52	4.20667856465676e-52	10.4222515491313	16.4164808043328	1.505424743782e-14	1	9	18	5.6781363770023e-05	1	0	3.11851243726319	-1.98835437255083
TYROBP	TREM2	R-HSA-2424491	REACTOME_DAP12_SIGNALING	2.29401026542897e-52	4.20667856465676e-52	10.4222515491313	16.4164808043328	1.505424743782e-14	1	9	18	5.6781363770023e-05	1	0	3.11851243726319	-1.98835437255083
YWHAZ	CSF2RB	R-HSA-912526	REACTOME_INTERLEUKIN_RECEPTOR_SHC_SIGNALING	3.32203056678665e-52	6.07604554443361e-52	2.43397447175788	7.54045667097116	2.79761302553984e-17	1	7	13	3.53660600836955e-06	1	0	3.39630090796005	-4.27299474189203
ADAM28	ITGA4	R-HSA-216083	REACTOME_INTEGRIN_CELL_SURFACE_INTERACTIONS	4.31501219265858e-52	7.87183102846759e-52	11.8154483258594	10.0206303324884	2.12703900377285e-18	1	5	10	9.94255784873422e-07	1	0	6.28538138972843	7.02833690105118
COL9A2	ITGA1	R-HSA-3000157	REACTOME_LAMININ_INTERACTIONS	4.51383447645172e-52	8.2133173721003e-52	7.69297708193826	1.07624759411689	3.30651145788158e-14	1	3	6	1.73688536350345e-10	1	0	3.06945835268604	6.10506405697975
VEGFA	NRP1	R-HSA-9694614	REACTOME_ATTACHMENT_AND_ENTRY	7.02333302982593e-52	1.2714033638608e-51	3.92093203204012	1.42796094333709	5.63878289570011e-13	1	4	9	1.56739983361838e-07	1	0	3.10052950320012	2.96917171284008
VEGFA	NRP1	R-HSA-9772572	REACTOME_EARLY_SARS_COV_2_INFECTION_EVENTS	7.02333302982593e-52	1.2714033638608e-51	3.92093203204012	1.42796094333709	5.63878289570011e-13	1	4	9	1.56739983361838e-07	1	0	3.10052950320012	2.96917171284008
NAMPT	INSR	R-HSA-74751	REACTOME_INSULIN_RECEPTOR_SIGNALLING_CASCADE	1.12450304719e-51	2.02525293703097e-51	4.71468935368593	1.41141164709616	4.61185871404981e-15	1	13	24	0.000258836101924017	1	0	6.07052341183001	5.30888214349302
NAMPT	INSR	R-HSA-74752	REACTOME_SIGNALING_BY_INSULIN_RECEPTOR	1.12450304719e-51	2.02525293703097e-51	4.71468935368593	1.41141164709616	4.61185871404981e-15	1	13	24	0.000258836101924017	1	0	6.07052341183001	5.30888214349302
TGFB1	ITGB5	R-HSA-216083	REACTOME_INTEGRIN_CELL_SURFACE_INTERACTIONS	1.27233716383109e-51	2.28567439609351e-51	2.46828720681576	1.1396922611271	7.71969799293327e-13	1	7	13	9.94255784873422e-07	1	0	-2.64576510074393	5.86168441709017
SEMA7A	ITGA1	R-HSA-3000157	REACTOME_LAMININ_INTERACTIONS	2.08734896205671e-51	3.74027504368538e-51	9.05186122215587	1.07624759411689	1.52904216927848e-13	1	3	6	1.73688536350345e-10	1	0	3.57438453444824	6.10506405697975
GNAS	ADCY1	R-HSA-111996	REACTOME_CA_DEPENDENT_EVENTS	3.41766512229029e-51	6.10853563629606e-51	3.9980290587368	9.05806786479183	1.4818955400295e-16	1	8	15	1.56423033649603e-05	1	0	-0.281622528365284	2.89221505485111
FABP5	RXRA	R-HSA-9707616	REACTOME_HEME_SIGNALING	4.74700277394235e-51	8.46309080404873e-51	11.8838121323788	2.10167308768104	7.52034905271844e-15	1	11	20	7.1348765606336e-05	1	0	5.88150849279911	4.55214671702056
IL16	GRIN2D	R-HSA-442742	REACTOME_CREB1_PHOSPHORYLATION_THROUGH_NMDA_RECEPTOR_MEDIATED_ACTIVATION_OF_RAS_SIGNALING	5.13497070924876e-51	9.1317111353391e-51	5.92237427990667	5.26941372135429	2.42350347666812e-15	1	7	13	2.76474297614683e-06	1	0	5.05485465787482	6.0348110831286
ABCA1	RXRA	R-HSA-9707616	REACTOME_HEME_SIGNALING	6.99768863706913e-51	1.24129853712834e-50	4.99867194609084	2.10167308768104	1.10859554163051e-14	1	11	20	7.1348765606336e-05	1	0	8.09811327653548	4.55214671702056
SPP1	ITGA5	R-HSA-1566948	REACTOME_ELASTIC_FIBRE_FORMATION	8.47289713034337e-51	1.49921437945424e-50	4.53222432795068	2.4554419409284	6.26635265334544e-14	1	6	11	2.5766925450065e-07	1	0	-2.57586086409083	-4.20935122820725
FABP5	RXRA	R-HSA-1592230	REACTOME_MITOCHONDRIAL_BIOGENESIS	8.93464105347665e-51	1.57696414593863e-50	11.8838121323788	2.10167308768104	7.52034905271844e-15	1	23	42	0.00416968554280357	1	0	5.88150849279911	4.55214671702056
TIMP3	ADAM17	R-HSA-1236394	REACTOME_SIGNALING_BY_ERBB4	1.06055435627304e-50	1.86721041278993e-50	2.18468350054544	1.34927225839675	7.60435572109604e-10	1	12	22	5.6781363770023e-05	1	0	5.7544474489328	5.33514782527529
ABCA1	RXRA	R-HSA-1592230	REACTOME_MITOCHONDRIAL_BIOGENESIS	1.31708025365827e-50	2.31308124149935e-50	4.99867194609084	2.10167308768104	1.10859554163051e-14	1	23	42	0.00416968554280357	1	0	8.09811327653548	4.55214671702056
SPP1	ITGB5	R-HSA-216083	REACTOME_INTEGRIN_CELL_SURFACE_INTERACTIONS	1.32306829810827e-50	2.31783180760406e-50	4.53222432795068	1.1396922611271	8.02750086672463e-12	1	7	13	9.94255784873422e-07	1	0	-2.57586086409083	5.86168441709017
FYN	NRP1	R-HSA-9694614	REACTOME_ATTACHMENT_AND_ENTRY	1.54766816579475e-50	2.69791043222491e-50	2.06426053422308	1.42796094333709	1.24256741698596e-11	1	4	9	1.56739983361838e-07	1	0	4.23615043922175	2.96917171284008
FYN	NRP1	R-HSA-9772572	REACTOME_EARLY_SARS_COV_2_INFECTION_EVENTS	1.54766816579475e-50	2.69791043222491e-50	2.06426053422308	1.42796094333709	1.24256741698596e-11	1	4	9	1.56739983361838e-07	1	0	4.23615043922175	2.96917171284008
IL16	GRIN2D	R-HSA-6794362	REACTOME_PROTEIN_PROTEIN_INTERACTIONS_AT_SYNAPSES	2.09895393921083e-50	3.64990512581983e-50	5.92237427990667	5.26941372135429	2.42350347666812e-15	1	7	14	1.52231630403141e-05	1	0	5.05485465787482	6.0348110831286
COL5A3	SDC3	R-HSA-3656237	REACTOME_DEFECTIVE_EXT2_CAUSES_EXOSTOSES_2	2.65417401395019e-50	4.58153264999716e-50	6.83500903043255	2.33134581033431	1.66222901842472e-15	1	4	8	4.90919306453994e-08	1	0	4.90760820931845	-4.8871910913699
COL5A3	SDC3	R-HSA-9694614	REACTOME_ATTACHMENT_AND_ENTRY	2.65417401395019e-50	4.58153264999716e-50	6.83500903043255	2.33134581033431	1.66222901842472e-15	1	4	8	4.90919306453994e-08	1	0	4.90760820931845	-4.8871910913699
COL5A3	SDC3	R-HSA-9772572	REACTOME_EARLY_SARS_COV_2_INFECTION_EVENTS	2.65417401395019e-50	4.58153264999716e-50	6.83500903043255	2.33134581033431	1.66222901842472e-15	1	4	8	4.90919306453994e-08	1	0	4.90760820931845	-4.8871910913699
UBC	TLR4	R-HSA-5260271	REACTOME_DISEASES_OF_IMMUNE_SYSTEM	6.36705503715119e-50	1.09637581859238e-49	3.95714186803172	4.48930707653718	5.41319793079117e-16	1	7	14	2.10922192671211e-05	1	0	1.0885298100563	1.68158391718923
YWHAZ	CSF2RA	R-HSA-912526	REACTOME_INTERLEUKIN_RECEPTOR_SHC_SIGNALING	6.68679039875926e-50	1.1486311487893e-49	2.43397447175788	3.52187615189165	5.63121005136286e-15	1	7	13	3.53660600836955e-06	1	0	3.39630090796005	-5.61795587053739
TGFB1	CXCR4	R-HSA-380108	REACTOME_CHEMOKINE_RECEPTORS_BIND_CHEMOKINES	6.93698154251314e-50	1.18871576917822e-49	2.46828720681576	6.53848879167285	7.32711937179347e-18	1	4	8	1.7603940303827e-07	1	0	-2.64576510074393	3.87000451520385
IL16	GRIN2D	R-HSA-9609736	REACTOME_ASSEMBLY_AND_CELL_SURFACE_PRESENTATION_OF_NMDA_RECEPTORS	1.48220134835053e-49	2.53373886667185e-49	5.92237427990667	5.26941372135429	2.42350347666812e-15	1	3	7	7.8135584259315e-08	1	0	5.05485465787482	6.0348110831286
FYN	TREM2	R-HSA-2172127	REACTOME_DAP12_INTERACTIONS	1.51518960638207e-49	2.57764786049576e-49	2.06426053422308	16.4164808043328	9.94330304159444e-12	1	9	18	5.6781363770023e-05	1	0	4.23615043922175	-1.98835437255083
FYN	TREM2	R-HSA-2424491	REACTOME_DAP12_SIGNALING	1.51518960638207e-49	2.57764786049576e-49	2.06426053422308	16.4164808043328	9.94330304159444e-12	1	9	18	5.6781363770023e-05	1	0	4.23615043922175	-1.98835437255083
FABP5	RXRA	R-HSA-5617472	REACTOME_ACTIVATION_OF_ANTERIOR_HOX_GENES_IN_HINDBRAIN_DEVELOPMENT_DURING_EARLY_EMBRYOGENESIS	1.80086827796064e-49	3.05628126019281e-49	11.8838121323788	2.10167308768104	7.52034905271844e-15	1	22	40	0.00393080817148391	1	0	5.88150849279911	4.55214671702056
SPP1	ITGA4	R-HSA-216083	REACTOME_INTEGRIN_CELL_SURFACE_INTERACTIONS	2.15053990571049e-49	3.64096204659857e-49	4.53222432795068	10.0206303324884	1.06008559289791e-15	1	5	10	9.94255784873422e-07	1	0	-2.57586086409083	7.02833690105118
ABCA1	RXRA	R-HSA-5617472	REACTOME_ACTIVATION_OF_ANTERIOR_HOX_GENES_IN_HINDBRAIN_DEVELOPMENT_DURING_EARLY_EMBRYOGENESIS	2.65470994765769e-49	4.48379239963237e-49	4.99867194609084	2.10167308768104	1.10859554163051e-14	1	22	40	0.00393080817148391	1	0	8.09811327653548	4.55214671702056
IL23A	IL12RB1	R-HSA-447115	REACTOME_INTERLEUKIN_12_FAMILY_SIGNALING	3.84047065644159e-49	6.47105556908773e-49	7.61899529689401	5.57576261860172	9.34652861585193e-19	1	5	10	3.53660600836955e-06	1	0	-5.02107153462811	6.07534996279424
C3	C3AR1	R-HSA-9660826	REACTOME_PURINERGIC_SIGNALING_IN_LEISHMANIASIS_INFECTION	6.47528781835178e-49	1.08846504756104e-48	5.45116419360788	5.18748115695159	1.05527721719988e-17	1	5	10	2.57600188205096e-06	1	0	6.55567583631929	0.760863811635135
B2M	TREM2	R-HSA-2172127	REACTOME_DAP12_INTERACTIONS	6.85506420675089e-49	1.14684249525264e-48	4.5156635827043	16.4164808043328	4.49857763610634e-11	1	9	18	5.6781363770023e-05	1	0	2.50538077538203	-1.98835437255083
B2M	TREM2	R-HSA-2424491	REACTOME_DAP12_SIGNALING	6.85506420675089e-49	1.14684249525264e-48	4.5156635827043	16.4164808043328	4.49857763610634e-11	1	9	18	5.6781363770023e-05	1	0	2.50538077538203	-1.98835437255083
YWHAZ	IL3RA	R-HSA-912526	REACTOME_INTERLEUKIN_RECEPTOR_SHC_SIGNALING	9.52352950637854e-49	1.58950634314498e-48	2.43397447175788	9.31779436257902	8.02013998984036e-14	1	7	13	3.53660600836955e-06	1	0	3.39630090796005	2.14534431862489
TLN1	ITGB5	R-HSA-216083	REACTOME_INTEGRIN_CELL_SURFACE_INTERACTIONS	1.16413386834075e-48	1.93839271473719e-48	1.24482684266883	1.1396922611271	7.06319216509874e-10	1	7	13	9.94255784873422e-07	1	0	0.554967454705092	5.86168441709017
VEGFB	NRP1	R-HSA-9694614	REACTOME_ATTACHMENT_AND_ENTRY	1.33453122440693e-48	2.21168789772603e-48	1.279965212397	1.42796094333709	1.07144738972317e-09	1	4	9	1.56739983361838e-07	1	0	2.48052225077401	2.96917171284008
VEGFB	NRP1	R-HSA-9772572	REACTOME_EARLY_SARS_COV_2_INFECTION_EVENTS	1.33453122440693e-48	2.21168789772603e-48	1.279965212397	1.42796094333709	1.07144738972317e-09	1	4	9	1.56739983361838e-07	1	0	2.48052225077401	2.96917171284008
RIMS2	ABCA1	R-HSA-9029569	REACTOME_NR1H3_NR1H2_REGULATE_GENE_EXPRESSION_LINKED_TO_CHOLESTEROL_TRANSPORT_AND_EFFLUX	1.3570521767973e-48	2.243744348522e-48	5.02438125244107	4.99867194609084	4.99431114621331e-14	1	11	21	0.000225640810450132	1	0	7.76472587122388	8.09811327653548
TGFB1	SDC2	R-HSA-3656237	REACTOME_DEFECTIVE_EXT2_CAUSES_EXOSTOSES_2	1.57984033760851e-48	2.59387739151537e-48	2.46828720681576	6.74485292436499	2.98212854863439e-16	1	4	8	1.56739983361838e-07	1	0	-2.64576510074393	7.52520715134037
TGFB1	SDC2	R-HSA-9694614	REACTOME_ATTACHMENT_AND_ENTRY	1.57984033760851e-48	2.59387739151537e-48	2.46828720681576	6.74485292436499	2.98212854863439e-16	1	4	8	1.56739983361838e-07	1	0	-2.64576510074393	7.52520715134037
TGFB1	SDC2	R-HSA-9772572	REACTOME_EARLY_SARS_COV_2_INFECTION_EVENTS	1.57984033760851e-48	2.59387739151537e-48	2.46828720681576	6.74485292436499	2.98212854863439e-16	1	4	8	1.56739983361838e-07	1	0	-2.64576510074393	7.52520715134037
ADAM17	ITGA5	R-HSA-1566948	REACTOME_ELASTIC_FIBRE_FORMATION	5.15460285660361e-48	8.44350259109547e-48	1.34927225839675	2.4554419409284	3.81222134418986e-11	1	6	11	2.5766925450065e-07	1	0	5.33514782527529	-4.20935122820725
SPP1	ITGA5	R-HSA-216083	REACTOME_INTEGRIN_CELL_SURFACE_INTERACTIONS	2.15914208799373e-47	3.52859794936013e-47	4.53222432795068	2.4554419409284	6.26635265334544e-14	1	6	11	9.52293963352728e-07	1	0	-2.57586086409083	-4.20935122820725
TLN1	ITGA1	R-HSA-216083	REACTOME_INTEGRIN_CELL_SURFACE_INTERACTIONS	2.38258901277618e-47	3.88477561898379e-47	1.24482684266883	1.07624759411689	1.95495517181775e-08	1	7	13	9.52293963352728e-07	1	0	0.554967454705092	6.10506405697975
RIMS2	ABCA1	R-HSA-174824	REACTOME_PLASMA_LIPOPROTEIN_ASSEMBLY_REMODELING_AND_CLEARANCE	2.55730435968316e-47	4.16003888925418e-47	5.02438125244107	4.99867194609084	4.99431114621331e-14	1	13	25	0.000837281843139239	1	0	7.76472587122388	8.09811327653548
UBC	TLR4	R-HSA-9833110	REACTOME_RSV_HOST_INTERACTIONS	1.13973932347328e-46	1.84978382154515e-46	3.95714186803172	4.48930707653718	5.41319793079117e-16	1	14	26	0.00126180785973646	1	0	1.0885298100563	1.68158391718923
UBC	TLR4	R-HSA-1236975	REACTOME_ANTIGEN_PROCESSING_CROSS_PRESENTATION	1.62635776510665e-46	2.63350592239747e-46	3.95714186803172	4.48930707653718	5.41319793079117e-16	1	9	17	0.000132244235800074	1	0	1.0885298100563	1.68158391718923
FABP5	RXRA	R-HSA-383280	REACTOME_NUCLEAR_RECEPTOR_TRANSCRIPTION_PATHWAY	2.65548650210108e-46	4.2900994747903e-46	11.8838121323788	2.10167308768104	7.52034905271844e-15	1	11	21	0.000433076005790079	1	0	5.88150849279911	4.55214671702056
TLN1	ITGA1	R-HSA-3000157	REACTOME_LAMININ_INTERACTIONS	2.66877770329039e-46	4.30172844411648e-46	1.24482684266883	1.07624759411689	1.95495517181775e-08	1	3	6	1.73688536350345e-10	1	0	0.554967454705092	6.10506405697975
TGM2	ITGA4	R-HSA-216083	REACTOME_INTEGRIN_CELL_SURFACE_INTERACTIONS	3.29563169578019e-46	5.30003639458044e-46	1.32759091877605	10.0206303324884	1.62454631551702e-12	1	5	10	9.94255784873422e-07	1	0	5.62030998877616	7.02833690105118
CXCL13	CXCR5	R-HSA-380108	REACTOME_CHEMOKINE_RECEPTORS_BIND_CHEMOKINES	3.44216983811104e-46	5.52311796751454e-46	18.1853030382986	11.1014718457995	9.69535446017779e-14	1	3	7	1.7603940303827e-07	1	0	-5.68192411007121	5.7762566554804
ABCA1	RXRA	R-HSA-383280	REACTOME_NUCLEAR_RECEPTOR_TRANSCRIPTION_PATHWAY	3.91452640888405e-46	6.26679284506154e-46	4.99867194609084	2.10167308768104	1.10859554163051e-14	1	11	21	0.000433076005790079	1	0	8.09811327653548	4.55214671702056
B2M	TFRC	R-HSA-9013404	REACTOME_RAC2_GTPASE_CYCLE	4.09038095263077e-46	6.5335044175505e-46	4.5156635827043	1.55736403437935	1.91956346149259e-08	1	7	13	1.43315270158375e-06	1	0	2.50538077538203	6.8452985793494
FABP5	RXRA	R-HSA-9029569	REACTOME_NR1H3_NR1H2_REGULATE_GENE_EXPRESSION_LINKED_TO_CHOLESTEROL_TRANSPORT_AND_EFFLUX	4.99965609138718e-46	7.96784921110462e-46	11.8838121323788	2.10167308768104	7.52034905271844e-15	1	13	24	0.000734824917526377	1	0	5.88150849279911	4.55214671702056
ABCA1	RXRA	R-HSA-9029569	REACTOME_NR1H3_NR1H2_REGULATE_GENE_EXPRESSION_LINKED_TO_CHOLESTEROL_TRANSPORT_AND_EFFLUX	7.37013190976038e-46	1.17191737123667e-45	4.99867194609084	2.10167308768104	1.10859554163051e-14	1	13	24	0.000734824917526377	1	0	8.09811327653548	4.55214671702056
CAP1	ROBO1	R-HSA-373752	REACTOME_NETRIN_1_SIGNALING	8.33356430853535e-46	1.32213402288224e-45	4.78361567059037	7.83057517149714	9.2565010034409e-18	1	8	15	0.00010429527997142	1	0	6.51262823125248	6.35933492681303
GNAS	PTGIR	R-HSA-418346	REACTOME_PLATELET_HOMEOSTASIS	1.62836641418163e-45	2.57763831482563e-45	3.9980290587368	7.70700931921606	1.98631352557274e-15	1	4	8	4.29638661725642e-07	1	0	-0.281622528365284	-6.25161388630902
RPS19	C5AR1	R-HSA-166658	REACTOME_COMPLEMENT_CASCADE	1.68175555241586e-45	2.65619557048233e-45	7.62365055960003	15.255271050894	4.55374813762322e-16	1	2	5	2.93160846242051e-08	1	0	7.24172326368604	2.66560301757515
TGFB1	ITGB5	R-HSA-1566948	REACTOME_ELASTIC_FIBRE_FORMATION	2.51280129498684e-45	3.95990561218908e-45	2.46828720681576	1.1396922611271	7.71969799293327e-13	1	6	11	1.38458537428112e-06	1	0	-2.64576510074393	5.86168441709017
FYN	CD86	R-HSA-389356	REACTOME_CD28_CO_STIMULATION	2.70213244296283e-45	4.24878731566093e-45	2.06426053422308	6.88554451973144	6.7501360089411e-13	1	6	11	1.43315270158375e-06	1	0	4.23615043922175	7.48518635303806
VEGFA	RET	R-HSA-9634815	REACTOME_TRANSCRIPTIONAL_REGULATION_BY_NPAS4	3.24887346174031e-45	5.09712147553035e-45	3.92093203204012	4.28017889381879	6.77511718433545e-16	1	6	12	2.49717122349621e-05	1	0	3.10052950320012	3.42545367347251
VEGFA	RET	R-HSA-8853659	REACTOME_RET_SIGNALING	3.72565710437989e-45	5.83218163124656e-45	3.92093203204012	4.28017889381879	6.77511718433545e-16	1	8	16	0.000198629998509951	1	0	3.10052950320012	3.42545367347251
B2M	TFRC	R-HSA-432722	REACTOME_GOLGI_ASSOCIATED_VESICLE_BIOGENESIS	4.56283011323634e-45	7.12689836270985e-45	4.5156635827043	1.55736403437935	1.91956346149259e-08	1	11	21	0.000146652694947583	1	0	2.50538077538203	6.8452985793494
GNAS	ADCY1	R-HSA-1489509	REACTOME_DAG_AND_IP3_SIGNALING	8.87124636204228e-45	1.37953742986825e-44	3.9980290587368	9.05806786479183	1.4818955400295e-16	1	8	16	0.000258983555226786	1	0	-0.281622528365284	2.89221505485111
GNAS	ADCY1	R-HSA-9660821	REACTOME_ADORA2B_MEDIATED_ANTI_INFLAMMATORY_CYTOKINES_PRODUCTION	8.87124636204228e-45	1.37953742986825e-44	3.9980290587368	9.05806786479183	1.4818955400295e-16	1	8	16	0.000258983555226786	1	0	-0.281622528365284	2.89221505485111
ADAM17	ITGA5	R-HSA-216083	REACTOME_INTEGRIN_CELL_SURFACE_INTERACTIONS	1.31354362072074e-44	2.03815779390954e-44	1.34927225839675	2.4554419409284	3.81222134418986e-11	1	6	11	9.52293963352728e-07	1	0	5.33514782527529	-4.20935122820725
TGFB1	SDC2	R-HSA-2682334	REACTOME_EPH_EPHRIN_SIGNALING	2.12023023698522e-44	3.28263716515694e-44	2.46828720681576	6.74485292436499	2.98212854863439e-16	1	4	9	9.72593523218517e-06	1	0	-2.64576510074393	7.52520715134037
SPP1	ITGB5	R-HSA-1566948	REACTOME_ELASTIC_FIBRE_FORMATION	2.6129927092846e-44	4.03670208480291e-44	4.53222432795068	1.1396922611271	8.02750086672463e-12	1	6	11	1.38458537428112e-06	1	0	-2.57586086409083	5.86168441709017
GNAS	ADCY1	R-HSA-418597	REACTOME_G_ALPHA_Z_SIGNALLING_EVENTS	3.26907055178212e-44	5.0173126294743e-44	3.9980290587368	9.05806786479183	1.4818955400295e-16	1	5	10	1.00824730566946e-05	1	0	-0.281622528365284	2.89221505485111
GNAS	ADCY1	R-HSA-977443	REACTOME_GABA_RECEPTOR_ACTIVATION	3.26907055178212e-44	5.0173126294743e-44	3.9980290587368	9.05806786479183	1.4818955400295e-16	1	5	10	1.00824730566946e-05	1	0	-0.281622528365284	2.89221505485111
GNAS	ADCY1	R-HSA-977444	REACTOME_GABA_B_RECEPTOR_ACTIVATION	3.26907055178212e-44	5.0173126294743e-44	3.9980290587368	9.05806786479183	1.4818955400295e-16	1	5	10	1.00824730566946e-05	1	0	-0.281622528365284	2.89221505485111
COL5A3	SDC3	R-HSA-3000170	REACTOME_SYNDECAN_INTERACTIONS	3.39156439639887e-44	5.19402269817267e-44	6.83500903043255	2.33134581033431	1.66222901842472e-15	1	3	7	9.94255784873422e-07	1	0	4.90760820931845	-4.8871910913699
FABP5	RXRA	R-HSA-211859	REACTOME_BIOLOGICAL_OXIDATIONS	8.71022544390688e-44	1.32816828583116e-43	11.8838121323788	2.10167308768104	7.52034905271844e-15	1	6	12	2.83243534269748e-05	1	0	5.88150849279911	4.55214671702056
FABP5	RXRA	R-HSA-211945	REACTOME_PHASE_I_FUNCTIONALIZATION_OF_COMPOUNDS	8.71022544390688e-44	1.32816828583116e-43	11.8838121323788	2.10167308768104	7.52034905271844e-15	1	6	12	2.83243534269748e-05	1	0	5.88150849279911	4.55214671702056
SPP1	ITGA5	R-HSA-445144	REACTOME_SIGNAL_TRANSDUCTION_BY_L1	8.98718345044662e-44	1.36744644741709e-43	4.53222432795068	2.4554419409284	6.26635265334544e-14	1	8	15	6.21625076948264e-05	1	0	-2.57586086409083	-4.20935122820725
EFNB2	PECAM1	R-HSA-210990	REACTOME_PECAM1_INTERACTIONS	1.06101878046813e-43	1.61092313765699e-43	3.35814715099354	11.7593691614151	5.05966310389201e-19	1	5	10	3.16158509507867e-05	1	0	3.73931126900062	-6.08495718238946
ABCA1	RXRA	R-HSA-211859	REACTOME_BIOLOGICAL_OXIDATIONS	1.28399852533724e-43	1.94111982631283e-43	4.99867194609084	2.10167308768104	1.10859554163051e-14	1	6	12	2.83243534269748e-05	1	0	8.09811327653548	4.55214671702056
ABCA1	RXRA	R-HSA-211945	REACTOME_PHASE_I_FUNCTIONALIZATION_OF_COMPOUNDS	1.28399852533724e-43	1.94111982631283e-43	4.99867194609084	2.10167308768104	1.10859554163051e-14	1	6	12	2.83243534269748e-05	1	0	8.09811327653548	4.55214671702056
UBC	TLR4	R-HSA-937041	REACTOME_IKK_COMPLEX_RECRUITMENT_MEDIATED_BY_RIP1	1.51955674905051e-43	2.29232278809756e-43	3.95714186803172	4.48930707653718	5.41319793079117e-16	1	7	14	0.000132244235800074	1	0	1.0885298100563	1.68158391718923
GDF11	ACVR2B	R-HSA-1502540	REACTOME_SIGNALING_BY_ACTIVIN	2.49408057758585e-43	3.75441553896719e-43	1.93109136379653	1.22573882835056	1.29425405643405e-09	1	6	11	8.64387404291848e-07	1	0	2.46984328792126	3.85240888840565
FABP5	RXRA	R-HSA-9839394	REACTOME_TGFBR3_EXPRESSION	2.83940655781681e-43	4.26515112727375e-43	11.8838121323788	2.10167308768104	7.52034905271844e-15	1	8	15	9.35592502753733e-05	1	0	5.88150849279911	4.55214671702056
UBC	TLR4	R-HSA-9707616	REACTOME_HEME_SIGNALING	3.84209589254485e-43	5.75906518075724e-43	3.95714186803172	4.48930707653718	5.41319793079117e-16	1	9	17	0.000313513786925916	1	0	1.0885298100563	1.68158391718923
ABCA1	RXRA	R-HSA-9839394	REACTOME_TGFBR3_EXPRESSION	4.1856480713941e-43	6.26073631017847e-43	4.99867194609084	2.10167308768104	1.10859554163051e-14	1	8	15	9.35592502753733e-05	1	0	8.09811327653548	4.55214671702056
FYN	CD80	R-HSA-389356	REACTOME_CD28_CO_STIMULATION	5.38658181899904e-43	8.04001430066241e-43	2.06426053422308	6.51839713149273	1.34560983478903e-10	1	6	11	1.43315270158375e-06	1	0	4.23615043922175	-6.25161388630902
ARTN	RET	R-HSA-9634815	REACTOME_TRANSCRIPTIONAL_REGULATION_BY_NPAS4	6.12659259960201e-43	9.1252623951878e-43	3.82831831078396	4.28017889381879	1.27762386845166e-13	1	6	12	2.49717122349621e-05	1	0	6.90969897187532	3.42545367347251
CD274	CD80	R-HSA-389356	REACTOME_CD28_CO_STIMULATION	6.56902160371801e-43	9.76364053099982e-43	4.58381004451618	6.51839713149273	1.64099244603085e-10	1	6	11	1.43315270158375e-06	1	0	-1.62566314066718	-6.25161388630902
ARTN	RET	R-HSA-8853659	REACTOME_RET_SIGNALING	7.0256916784077e-43	1.04204586658736e-42	3.82831831078396	4.28017889381879	1.27762386845166e-13	1	8	16	0.000198629998509951	1	0	6.90969897187532	3.42545367347251
GNAS	ADCY1	R-HSA-9634597	REACTOME_GPER1_SIGNALING	1.39702287055998e-42	2.0677109991936e-42	3.9980290587368	9.05806786479183	1.4818955400295e-16	1	9	17	0.000417927444291842	1	0	-0.281622528365284	2.89221505485111
CD86	CD80	R-HSA-389356	REACTOME_CD28_CO_STIMULATION	1.84831785621912e-42	2.72424301981357e-42	6.88554451973144	6.51839713149273	4.61724107925421e-10	1	6	11	1.43315270158375e-06	1	0	7.48518635303806	-6.25161388630902
CD80	CD86	R-HSA-389356	REACTOME_CD28_CO_STIMULATION	1.84831785621912e-42	2.72424301981357e-42	6.51839713149273	6.88554451973144	4.61724107925421e-10	1	6	11	1.43315270158375e-06	1	0	-6.25161388630902	7.48518635303806
TLN1	ITGB5	R-HSA-1566948	REACTOME_ELASTIC_FIBRE_FORMATION	2.29910528047187e-42	3.38160068336071e-42	1.24482684266883	1.1396922611271	7.06319216509874e-10	1	6	11	1.38458537428112e-06	1	0	0.554967454705092	5.86168441709017
TGFB1	ITGB5	R-HSA-2129379	REACTOME_MOLECULES_ASSOCIATED_WITH_ELASTIC_FIBRES	2.72615303177607e-42	4.00138054144263e-42	2.46828720681576	1.1396922611271	7.71969799293327e-13	1	5	10	5.06162182205315e-06	1	0	-2.64576510074393	5.86168441709017
NRP1	ROBO1	R-HSA-373752	REACTOME_NETRIN_1_SIGNALING	3.06478586233071e-42	4.48908468631843e-42	1.42796094333709	7.83057517149714	3.40420885466014e-14	1	8	15	0.00010429527997142	1	0	2.96917171284008	6.35933492681303
VEGFB	RET	R-HSA-9634815	REACTOME_TRANSCRIPTIONAL_REGULATION_BY_NPAS4	6.1733126713869e-42	9.02351707246201e-42	1.279965212397	4.28017889381879	1.28736675209828e-12	1	6	12	2.49717122349621e-05	1	0	2.48052225077401	3.42545367347251
VEGFB	RET	R-HSA-8853659	REACTOME_RET_SIGNALING	7.07926808555692e-42	1.03263703892628e-41	1.279965212397	4.28017889381879	1.28736675209828e-12	1	8	16	0.000198629998509951	1	0	2.48052225077401	3.42545367347251
FABP5	RXRA	R-HSA-2151201	REACTOME_TRANSCRIPTIONAL_ACTIVATION_OF_MITOCHONDRIAL_BIOGENESIS	1.22689995630871e-41	1.78596158588443e-41	11.8838121323788	2.10167308768104	7.52034905271844e-15	1	13	25	0.00265338249019692	1	0	5.88150849279911	4.55214671702056
TNFSF14	LTBR	R-HSA-5676594	REACTOME_TNF_RECEPTOR_SUPERFAMILY_TNFSF_MEMBERS_MEDIATING_NON_CANONICAL_NF_KB_PATHWAY	1.52872487568331e-41	2.22074025150703e-41	12.3761846868562	1.14083737677821	4.35535933628912e-16	1	4	8	3.62597036316266e-06	1	0	10.5872612708078	-3.51213905082775
B2M	TFRC	R-HSA-9013408	REACTOME_RHOG_GTPASE_CYCLE	1.76954981314354e-41	2.56530219318139e-41	4.5156635827043	1.55736403437935	1.91956346149259e-08	1	5	10	1.27959879202538e-06	1	0	2.50538077538203	6.8452985793494
ABCA1	RXRA	R-HSA-2151201	REACTOME_TRANSCRIPTIONAL_ACTIVATION_OF_MITOCHONDRIAL_BIOGENESIS	1.80860730274061e-41	2.6165507289649e-41	4.99867194609084	2.10167308768104	1.10859554163051e-14	1	13	25	0.00265338249019692	1	0	8.09811327653548	4.55214671702056
GNAS	ADORA2B	R-HSA-9660821	REACTOME_ADORA2B_MEDIATED_ANTI_INFLAMMATORY_CYTOKINES_PRODUCTION	2.53117232368678e-41	3.65441239370729e-41	3.9980290587368	1.05645247232862	4.22819164798172e-13	1	8	16	0.000258983555226786	1	0	-0.281622528365284	4.9833866177033
SPP1	ITGB5	R-HSA-2129379	REACTOME_MOLECULES_ASSOCIATED_WITH_ELASTIC_FIBRES	2.83485129151937e-41	4.08450002410749e-41	4.53222432795068	1.1396922611271	8.02750086672463e-12	1	5	10	5.06162182205315e-06	1	0	-2.57586086409083	5.86168441709017
C3	C3AR1	R-HSA-166658	REACTOME_COMPLEMENT_CASCADE	3.60469493706163e-41	5.18312551031672e-41	5.45116419360788	5.18748115695159	1.05527721719988e-17	1	2	4	9.48740237815898e-09	1	0	6.55567583631929	0.760863811635135
VASP	ROBO1	R-HSA-373752	REACTOME_NETRIN_1_SIGNALING	4.01857166039919e-41	5.76648697610128e-41	1.04577575431397	7.83057517149714	4.46362579440177e-13	1	8	15	0.00010429527997142	1	0	-5.84858413476887	6.35933492681303
TGFB1	ITGB5	R-HSA-3000170	REACTOME_SYNDECAN_INTERACTIONS	4.20027659737935e-41	6.01500056338706e-41	2.46828720681576	1.1396922611271	7.71969799293327e-13	1	4	8	9.94255784873422e-07	1	0	-2.64576510074393	5.86168441709017
ADAM17	ITGA5	R-HSA-445144	REACTOME_SIGNAL_TRANSDUCTION_BY_L1	5.46747597354761e-41	7.81384218081905e-41	1.34927225839675	2.4554419409284	3.81222134418986e-11	1	8	15	6.21625076948264e-05	1	0	5.33514782527529	-4.20935122820725
FABP5	RXRA	R-HSA-9707564	REACTOME_CYTOPROTECTION_BY_HMOX1	6.33538793700913e-41	9.03592703743121e-41	11.8838121323788	2.10167308768104	7.52034905271844e-15	1	11	20	0.000734824917526377	1	0	5.88150849279911	4.55214671702056
ABCA1	RXRA	R-HSA-9707564	REACTOME_CYTOPROTECTION_BY_HMOX1	9.33917132334335e-41	1.32932559562105e-40	4.99867194609084	2.10167308768104	1.10859554163051e-14	1	11	20	0.000734824917526377	1	0	8.09811327653548	4.55214671702056
SPP1	ITGB5	R-HSA-3000170	REACTOME_SYNDECAN_INTERACTIONS	4.3677516992001e-40	6.20449235339088e-40	4.53222432795068	1.1396922611271	8.02750086672463e-12	1	4	8	9.94255784873422e-07	1	0	-2.57586086409083	5.86168441709017
FABP5	RXRA	R-HSA-211897	REACTOME_CYTOCHROME_P450_ARRANGED_BY_SUBSTRATE_TYPE	8.154083350305e-40	1.15598049102717e-39	11.8838121323788	2.10167308768104	7.52034905271844e-15	1	5	10	2.83243534269748e-05	1	0	5.88150849279911	4.55214671702056
ABCA1	RXRA	R-HSA-211897	REACTOME_CYTOCHROME_P450_ARRANGED_BY_SUBSTRATE_TYPE	1.20201607463474e-39	1.70064799337099e-39	4.99867194609084	2.10167308768104	1.10859554163051e-14	1	5	10	2.83243534269748e-05	1	0	8.09811327653548	4.55214671702056
UBC	TGFBR1	R-HSA-9839389	REACTOME_TGFBR3_REGULATES_TGF_BETA_SIGNALING	1.55184931383942e-39	2.19121123114126e-39	3.95714186803172	1.00186807409562	1.64689434190985e-11	1	2	5	6.58875649501095e-08	1	0	1.0885298100563	5.7989603829035
UBC	TLR4	R-HSA-937072	REACTOME_TRAF6_MEDIATED_INDUCTION_OF_TAK1_COMPLEX_WITHIN_TLR4_COMPLEX	1.92035519895615e-39	2.70612928236136e-39	3.95714186803172	4.48930707653718	5.41319793079117e-16	1	6	11	4.44182447760713e-05	1	0	1.0885298100563	1.68158391718923
TGFB1	TGFBR1	R-HSA-9839389	REACTOME_TGFBR3_REGULATES_TGF_BETA_SIGNALING	2.18643409588641e-39	3.07494516274066e-39	2.46828720681576	1.00186807409562	2.32034509366462e-11	1	2	5	6.58875649501095e-08	1	0	-2.64576510074393	5.7989603829035
TLN1	ITGB5	R-HSA-2129379	REACTOME_MOLECULES_ASSOCIATED_WITH_ELASTIC_FIBRES	2.49431295790684e-39	3.5009641118931e-39	1.24482684266883	1.1396922611271	7.06319216509874e-10	1	5	10	5.06162182205315e-06	1	0	0.554967454705092	5.86168441709017
TGFB1	SDC2	R-HSA-3000170	REACTOME_SYNDECAN_INTERACTIONS	6.61991955095417e-39	9.27314127574136e-39	2.46828720681576	6.74485292436499	2.98212854863439e-16	1	4	8	1.31713571168777e-05	1	0	-2.64576510074393	7.52520715134037
GNAS	ADCY1	R-HSA-111931	REACTOME_PKA_MEDIATED_PHOSPHORYLATION_OF_CREB	9.16127585680795e-39	1.28076450592206e-38	3.9980290587368	9.05806786479183	1.4818955400295e-16	1	6	12	0.000258983555226786	1	0	-0.281622528365284	2.89221505485111
UBC	TLR4	R-HSA-936964	REACTOME_ACTIVATION_OF_IRF3_IRF7_MEDIATED_BY_TBK1_IKK_IKBKE	1.54081090683606e-38	2.14982707554596e-38	3.95714186803172	4.48930707653718	5.41319793079117e-16	1	6	11	6.28485226845028e-05	1	0	1.0885298100563	1.68158391718923
B2M	TFRC	R-HSA-9013148	REACTOME_CDC42_GTPASE_CYCLE	3.36142522849269e-38	4.68080120575117e-38	4.5156635827043	1.55736403437935	1.91956346149259e-08	1	8	16	0.00017491187062828	1	0	2.50538077538203	6.8452985793494
TLN1	ITGB5	R-HSA-3000170	REACTOME_SYNDECAN_INTERACTIONS	3.84307271877933e-38	5.34096326665001e-38	1.24482684266883	1.1396922611271	7.06319216509874e-10	1	4	8	9.94255784873422e-07	1	0	0.554967454705092	5.86168441709017
IL16	CD4	R-HSA-389948	REACTOME_PD_1_SIGNALING	1.75094528764684e-37	2.4286195934748e-37	5.92237427990667	12.0547428377569	2.75863089352635e-15	1	2	5	1.88756713864576e-06	1	0	5.05485465787482	5.88757494818428
GNAS	ADCY1	R-HSA-163359	REACTOME_GLUCAGON_SIGNALING_IN_METABOLIC_REGULATION	2.60888416324364e-37	3.59740667822268e-37	3.9980290587368	9.05806786479183	1.4818955400295e-16	1	6	12	0.000417927444291842	1	0	-0.281622528365284	2.89221505485111
GNAS	ADCY1	R-HSA-432040	REACTOME_VASOPRESSIN_REGULATES_RENAL_WATER_HOMEOSTASIS_VIA_AQUAPORINS	2.60888416324364e-37	3.59740667822268e-37	3.9980290587368	9.05806786479183	1.4818955400295e-16	1	6	12	0.000417927444291842	1	0	-0.281622528365284	2.89221505485111
GNAS	ADCY1	R-HSA-445717	REACTOME_AQUAPORIN_MEDIATED_TRANSPORT	2.60888416324364e-37	3.59740667822268e-37	3.9980290587368	9.05806786479183	1.4818955400295e-16	1	6	12	0.000417927444291842	1	0	-0.281622528365284	2.89221505485111
ITGB2	ITGAL	R-HSA-8949275	REACTOME_RUNX3_REGULATES_IMMUNE_RESPONSE_AND_CELL_MIGRATION	2.97457531823462e-37	4.09366505784335e-37	11.944746463134	8.17462744304816	7.02984982108083e-18	1	1	3	3.48465382784908e-07	1	0	5.91614862919166	4.70341157342427
FABP5	RXRA	R-HSA-1368108	REACTOME_BMAL1_CLOCK_NPAS2_ACTIVATES_CIRCADIAN_GENE_EXPRESSION	4.5821146842902e-37	6.29372172589276e-37	11.8838121323788	2.10167308768104	7.52034905271844e-15	1	6	11	7.1348765606336e-05	1	0	5.88150849279911	4.55214671702056
ABCA1	RXRA	R-HSA-1368108	REACTOME_BMAL1_CLOCK_NPAS2_ACTIVATES_CIRCADIAN_GENE_EXPRESSION	6.75462252434626e-37	9.25973495570574e-37	4.99867194609084	2.10167308768104	1.10859554163051e-14	1	6	11	7.1348765606336e-05	1	0	8.09811327653548	4.55214671702056
FABP5	RXRA	R-HSA-9843743	REACTOME_TRANSCRIPTIONAL_REGULATION_OF_BROWN_AND_BEIGE_ADIPOCYTE_DIFFERENTIATION	1.00005774229847e-36	1.36829605826108e-36	11.8838121323788	2.10167308768104	7.52034905271844e-15	1	6	11	8.12611054229819e-05	1	0	5.88150849279911	4.55214671702056
ABCA1	RXRA	R-HSA-9843743	REACTOME_TRANSCRIPTIONAL_REGULATION_OF_BROWN_AND_BEIGE_ADIPOCYTE_DIFFERENTIATION	1.47421289452568e-36	2.01314178633488e-36	4.99867194609084	2.10167308768104	1.10859554163051e-14	1	6	11	8.12611054229819e-05	1	0	8.09811327653548	4.55214671702056
FYN	TYROBP	R-HSA-391160	REACTOME_SIGNAL_REGULATORY_PROTEIN_FAMILY_INTERACTIONS	2.25620129035386e-36	3.07505426832012e-36	2.06426053422308	10.4222515491313	2.97836211992623e-16	1	3	7	5.1456904775267e-05	1	0	4.23615043922175	3.11851243726319
B2M	TFRC	R-HSA-8980692	REACTOME_RHOA_GTPASE_CYCLE	3.47759036410316e-36	4.73059498469524e-36	4.5156635827043	1.55736403437935	1.91956346149259e-08	1	4	9	1.13667129549808e-05	1	0	2.50538077538203	6.8452985793494
UBC	TLR4	R-HSA-5603041	REACTOME_IRAK4_DEFICIENCY_TLR2_4	6.22949791799148e-36	8.45774140404227e-36	3.95714186803172	4.48930707653718	5.41319793079117e-16	1	3	6	5.26293351781238e-06	1	0	1.0885298100563	1.68158391718923
B2M	TYROBP	R-HSA-391160	REACTOME_SIGNAL_REGULATORY_PROTEIN_FAMILY_INTERACTIONS	1.0207570487274e-35	1.38321396622177e-35	4.5156635827043	10.4222515491313	1.34747911925029e-15	1	3	7	5.1456904775267e-05	1	0	2.50538077538203	3.11851243726319
APOE	SORL1	R-HSA-977225	REACTOME_AMYLOID_FIBER_FORMATION	1.31754854517851e-35	1.78197178715714e-35	3.2083018503352	2.78544952823752	3.53607136097987e-11	1	6	12	0.000124769436765547	1	0	7.90051704163598	1.63895520825519
ICAM2	ITGAL	R-HSA-8949275	REACTOME_RUNX3_REGULATES_IMMUNE_RESPONSE_AND_CELL_MIGRATION	1.80715090123477e-35	2.43948094889435e-35	5.3985234400609	8.17462744304816	4.27086157873824e-16	1	1	3	3.48465382784908e-07	1	0	-2.79505259940264	4.70341157342427
GNAS	ADCY1	R-HSA-164378	REACTOME_PKA_ACTIVATION_IN_GLUCAGON_SIGNALLING	2.06352916611511e-35	2.78025112839173e-35	3.9980290587368	9.05806786479183	1.4818955400295e-16	1	6	11	0.000258983555226786	1	0	-0.281622528365284	2.89221505485111
ICAM3	ITGAL	R-HSA-8949275	REACTOME_RUNX3_REGULATES_IMMUNE_RESPONSE_AND_CELL_MIGRATION	2.12452533374485e-35	2.85698073452165e-35	7.16681577509801	8.17462744304816	5.02091641309382e-16	1	1	3	3.48465382784908e-07	1	0	7.54986602547591	4.70341157342427
VEGFA	NRP1	R-HSA-445144	REACTOME_SIGNAL_TRANSDUCTION_BY_L1	2.55805181418179e-35	3.43343076200065e-35	3.92093203204012	1.42796094333709	5.63878289570011e-13	1	7	13	0.000221871643486546	1	0	3.10052950320012	2.96917171284008
UBC	TLR4	R-HSA-9824878	REACTOME_REGULATION_OF_TBK1_IKK_IKBKE_MEDIATED_ACTIVATION_OF_IRF3_IRF7	2.97200176963266e-35	3.98146726633901e-35	3.95714186803172	4.48930707653718	5.41319793079117e-16	1	4	8	6.28485226845028e-05	1	0	1.0885298100563	1.68158391718923
IL16	GRIN2D	R-HSA-438066	REACTOME_UNBLOCKING_OF_NMDA_RECEPTORS_GLUTAMATE_BINDING_AND_ACTIVATION	6.90391522820691e-35	9.21392089057481e-35	5.92237427990667	5.26941372135429	2.42350347666812e-15	1	2	4	1.92396555050245e-07	1	0	5.05485465787482	6.0348110831286
IL16	GRIN2D	R-HSA-9620244	REACTOME_LONG_TERM_POTENTIATION	6.90391522820691e-35	9.21392089057481e-35	5.92237427990667	5.26941372135429	2.42350347666812e-15	1	2	4	1.92396555050245e-07	1	0	5.05485465787482	6.0348110831286
VEGFA	RET	R-HSA-9768919	REACTOME_NPAS4_REGULATES_EXPRESSION_OF_TARGET_GENES	1.08335820535088e-34	1.44311489241079e-34	3.92093203204012	4.28017889381879	6.77511718433545e-16	1	5	10	0.000302237032559957	1	0	3.10052950320012	3.42545367347251
TGM2	TBXA2R	R-HSA-392518	REACTOME_SIGNAL_AMPLIFICATION	1.26563586494768e-34	1.68274749652177e-34	1.32759091877605	6.92923947410122	5.70079335590576e-12	1	7	13	0.000200336001023163	1	0	5.62030998877616	4.59029243051706
IL23A	IL12RB1	R-HSA-9020591	REACTOME_INTERLEUKIN_12_SIGNALING	1.65374757596556e-34	2.19051742707633e-34	7.61899529689401	5.57576261860172	9.34652861585193e-19	1	2	4	3.53660600836955e-06	1	0	-5.02107153462811	6.07534996279424
IL23A	IL12RB1	R-HSA-9020933	REACTOME_INTERLEUKIN_23_SIGNALING	1.65374757596556e-34	2.19051742707633e-34	7.61899529689401	5.57576261860172	9.34652861585193e-19	1	2	4	3.53660600836955e-06	1	0	-5.02107153462811	6.07534996279424
CAP1	ROBO1	R-HSA-428542	REACTOME_REGULATION_OF_COMMISSURAL_AXON_PATHFINDING_BY_SLIT_AND_ROBO	3.80613950533396e-34	5.03208706135912e-34	4.78361567059037	7.83057517149714	9.2565010034409e-18	1	1	2	6.41237514433029e-09	1	0	6.51262823125248	6.35933492681303
FYN	NRP1	R-HSA-445144	REACTOME_SIGNAL_TRANSDUCTION_BY_L1	5.63694664976007e-34	7.43866230790769e-34	2.06426053422308	1.42796094333709	1.24256741698596e-11	1	7	13	0.000221871643486546	1	0	4.23615043922175	2.96917171284008
IL16	CD4	R-HSA-202433	REACTOME_GENERATION_OF_SECOND_MESSENGER_MOLECULES	7.14760702407313e-34	9.41457193842469e-34	5.92237427990667	12.0547428377569	2.75863089352635e-15	1	3	7	0.00010429527997142	1	0	5.05485465787482	5.88757494818428
FABP5	RXRA	R-HSA-211976	REACTOME_ENDOGENOUS_STEROLS	7.78539903216106e-34	1.02355525450758e-33	11.8838121323788	2.10167308768104	7.52034905271844e-15	1	4	8	7.1348765606336e-05	1	0	5.88150849279911	4.55214671702056
IL16	GRIN2D	R-HSA-9617324	REACTOME_NEGATIVE_REGULATION_OF_NMDA_RECEPTOR_MEDIATED_NEURONAL_TRANSMISSION	9.88405141794726e-34	1.29705210057077e-33	5.92237427990667	5.26941372135429	2.42350347666812e-15	1	2	5	1.68998093020785e-05	1	0	5.05485465787482	6.0348110831286
ABCA1	RXRA	R-HSA-211976	REACTOME_ENDOGENOUS_STEROLS	1.14766729527646e-33	1.50325252405413e-33	4.99867194609084	2.10167308768104	1.10859554163051e-14	1	4	8	7.1348765606336e-05	1	0	8.09811327653548	4.55214671702056
B2M	TFRC	R-HSA-9013409	REACTOME_RHOJ_GTPASE_CYCLE	1.42686184397609e-33	1.86548974416133e-33	4.5156635827043	1.55736403437935	1.91956346149259e-08	1	6	11	2.33218759225312e-05	1	0	2.50538077538203	6.8452985793494
ICAM5	ITGAL	R-HSA-8949275	REACTOME_RUNX3_REGULATES_IMMUNE_RESPONSE_AND_CELL_MIGRATION	1.76841700677006e-33	2.30776784986999e-33	5.17732667292378	8.17462744304816	4.17932129754136e-14	1	1	3	3.48465382784908e-07	1	0	5.80591761679647	4.70341157342427
HBEGF	PRLR	R-HSA-982772	REACTOME_GROWTH_HORMONE_RECEPTOR_SIGNALING	6.19300126727417e-33	8.06689832969662e-33	3.27261658145217	13.3109521391073	1.44571961198116e-13	1	7	13	0.000590520829488537	1	0	5.72085514950281	5.03751436758392
TGM2	TBXA2R	R-HSA-416482	REACTOME_G_ALPHA_12_13_SIGNALLING_EVENTS	8.92066702521691e-33	1.15985099812212e-32	1.32759091877605	6.92923947410122	5.70079335590576e-12	1	6	12	0.000410949311420185	1	0	5.62030998877616	4.59029243051706
ARTN	RET	R-HSA-9768919	REACTOME_NPAS4_REGULATES_EXPRESSION_OF_TARGET_GENES	2.04295256241388e-32	2.64702284464384e-32	3.82831831078396	4.28017889381879	1.27762386845166e-13	1	5	10	0.000302237032559957	1	0	6.90969897187532	3.42545367347251
UBC	TGFBR1	R-HSA-5689603	REACTOME_UCH_PROTEINASES	2.04338165769248e-32	2.64702284464384e-32	3.95714186803172	1.00186807409562	1.64689434190985e-11	1	9	17	0.00154990605349737	1	0	1.0885298100563	5.7989603829035
TGFB1	TGFBR1	R-HSA-5689603	REACTOME_UCH_PROTEINASES	2.8789646568417e-32	3.72261730353524e-32	2.46828720681576	1.00186807409562	2.32034509366462e-11	1	9	17	0.00154990605349737	1	0	-2.64576510074393	5.7989603829035
CAP1	ROBO1	R-HSA-428890	REACTOME_ROLE_OF_ABL_IN_ROBO_SLIT_SIGNALING	2.99297586970318e-32	3.86296337113427e-32	4.78361567059037	7.83057517149714	9.2565010034409e-18	1	2	5	0.000159472367638431	1	0	6.51262823125248	6.35933492681303
GNAS	ADCY1	R-HSA-170670	REACTOME_ADENYLATE_CYCLASE_INHIBITORY_PATHWAY	3.96495976239348e-32	5.10814159169671e-32	3.9980290587368	9.05806786479183	1.4818955400295e-16	1	3	7	0.000417927444291842	1	0	-0.281622528365284	2.89221505485111
VEGFB	NRP1	R-HSA-445144	REACTOME_SIGNAL_TRANSDUCTION_BY_L1	4.86065519772311e-32	6.25067863313756e-32	1.279965212397	1.42796094333709	1.07144738972317e-09	1	7	13	0.000221871643486546	1	0	2.48052225077401	2.96917171284008
ADAM28	ITGA4	R-HSA-8949275	REACTOME_RUNX3_REGULATES_IMMUNE_RESPONSE_AND_CELL_MIGRATION	1.17699097213026e-31	1.51082841149812e-31	11.8154483258594	10.0206303324884	2.12703900377285e-18	1	1	2	2.35233320437398e-07	1	0	6.28538138972843	7.02833690105118
TGFB1	CXCR4	R-HSA-9823730	REACTOME_FORMATION_OF_DEFINITIVE_ENDODERM	1.194460369413e-31	1.53047009220613e-31	2.46828720681576	6.53848879167285	7.32711937179347e-18	1	4	8	0.000781591563177827	1	0	-2.64576510074393	3.87000451520385
VEGFA	NRP1	R-HSA-399956	REACTOME_CRMPS_IN_SEMA3A_SIGNALING	1.50146727885079e-31	1.92035488925482e-31	3.92093203204012	1.42796094333709	5.63878289570011e-13	1	5	10	0.000329053770913166	1	0	3.10052950320012	2.96917171284008
IL16	GRIN2D	R-HSA-8849932	REACTOME_SYNAPTIC_ADHESION_LIKE_MOLECULES	2.0486465094578e-31	2.61545105909079e-31	5.92237427990667	5.26941372135429	2.42350347666812e-15	1	2	4	2.76474297614683e-06	1	0	5.05485465787482	6.0348110831286
VEGFB	RET	R-HSA-9768919	REACTOME_NPAS4_REGULATES_EXPRESSION_OF_TARGET_GENES	2.0585316773652e-31	2.62332737223796e-31	1.279965212397	4.28017889381879	1.28736675209828e-12	1	5	10	0.000302237032559957	1	0	2.48052225077401	3.42545367347251
VEGFA	NRP1	R-HSA-399954	REACTOME_SEMA3A_PAK_DEPENDENT_AXON_REPULSION	3.30229637283382e-31	4.2007589895868e-31	3.92093203204012	1.42796094333709	5.63878289570011e-13	1	6	11	0.000329053770913166	1	0	3.10052950320012	2.96917171284008
IL16	GRIN2D	R-HSA-442982	REACTOME_RAS_ACTIVATION_UPON_CA2_INFLUX_THROUGH_NMDA_RECEPTOR	7.53663273082342e-31	9.56989695676499e-31	5.92237427990667	5.26941372135429	2.42350347666812e-15	1	3	6	6.74795743075993e-05	1	0	5.05485465787482	6.0348110831286
NRP1	ROBO1	R-HSA-428542	REACTOME_REGULATION_OF_COMMISSURAL_AXON_PATHFINDING_BY_SLIT_AND_ROBO	1.39976150829705e-30	1.77420399435856e-30	1.42796094333709	7.83057517149714	3.40420885466014e-14	1	1	2	6.41237514433029e-09	1	0	2.96917171284008	6.35933492681303
UBC	TLR4	R-HSA-5686938	REACTOME_REGULATION_OF_TLR_BY_ENDOGENOUS_LIGAND	1.43997165391356e-30	1.82189961946769e-30	3.95714186803172	4.48930707653718	5.41319793079117e-16	1	1	2	5.157628034918e-08	1	0	1.0885298100563	1.68158391718923
ADAM28	ITGA4	R-HSA-198933	REACTOME_IMMUNOREGULATORY_INTERACTIONS_BETWEEN_A_LYMPHOID_AND_A_NON_LYMPHOID_CELL	1.92893465804822e-30	2.4361858114169e-30	11.8154483258594	10.0206303324884	2.12703900377285e-18	1	1	2	9.52293963352728e-07	1	0	6.28538138972843	7.02833690105118
FYN	NRP1	R-HSA-399956	REACTOME_CRMPS_IN_SEMA3A_SIGNALING	3.30864719014674e-30	4.17125877900643e-30	2.06426053422308	1.42796094333709	1.24256741698596e-11	1	5	10	0.000329053770913166	1	0	4.23615043922175	2.96917171284008
FYN	TYROBP	R-HSA-198933	REACTOME_IMMUNOREGULATORY_INTERACTIONS_BETWEEN_A_LYMPHOID_AND_A_NON_LYMPHOID_CELL	3.35579821365449e-30	4.22316138830672e-30	2.06426053422308	10.4222515491313	2.97836211992623e-16	1	1	3	2.24184773867558e-05	1	0	4.23615043922175	3.11851243726319
FYN	NRP1	R-HSA-399954	REACTOME_SEMA3A_PAK_DEPENDENT_AXON_REPULSION	7.27697084639176e-30	9.14153277144588e-30	2.06426053422308	1.42796094333709	1.24256741698596e-11	1	6	11	0.000329053770913166	1	0	4.23615043922175	2.96917171284008
CAP1	ROBO1	R-HSA-9010553	REACTOME_REGULATION_OF_EXPRESSION_OF_SLITS_AND_ROBOS	8.09625585587323e-30	1.0152676082143e-29	4.78361567059037	7.83057517149714	9.2565010034409e-18	1	1	2	9.35230551847726e-07	1	0	6.51262823125248	6.35933492681303
UBC	TGFBR1	R-HSA-2173788	REACTOME_DOWNREGULATION_OF_TGF_BETA_RECEPTOR_SIGNALING	1.482593745137e-29	1.85587089373533e-29	3.95714186803172	1.00186807409562	1.64689434190985e-11	1	11	21	0.00720762529413436	1	0	1.0885298100563	5.7989603829035
B2M	TYROBP	R-HSA-198933	REACTOME_IMMUNOREGULATORY_INTERACTIONS_BETWEEN_A_LYMPHOID_AND_A_NON_LYMPHOID_CELL	1.51823983761546e-29	1.89712800948056e-29	4.5156635827043	10.4222515491313	1.34747911925029e-15	1	1	3	2.24184773867558e-05	1	0	2.50538077538203	3.11851243726319
VASP	ROBO1	R-HSA-428542	REACTOME_REGULATION_OF_COMMISSURAL_AXON_PATHFINDING_BY_SLIT_AND_ROBO	1.83537845097028e-29	2.28935898654597e-29	1.04577575431397	7.83057517149714	4.46362579440177e-13	1	1	2	6.41237514433029e-09	1	0	-5.84858413476887	6.35933492681303
TGFB1	TGFBR1	R-HSA-2173788	REACTOME_DOWNREGULATION_OF_TGF_BETA_RECEPTOR_SIGNALING	2.08885842575493e-29	2.60094188462607e-29	2.46828720681576	1.00186807409562	2.32034509366462e-11	1	11	21	0.00720762529413436	1	0	-2.64576510074393	5.7989603829035
GNAS	ADCY1	R-HSA-170660	REACTOME_ADENYLATE_CYCLASE_ACTIVATING_PATHWAY	2.2596747501291e-29	2.80868023519568e-29	3.9980290587368	9.05806786479183	1.4818955400295e-16	1	2	5	0.000417927444291842	1	0	-0.281622528365284	2.89221505485111
IL16	CD4	R-HSA-449836	REACTOME_OTHER_INTERLEUKIN_SIGNALING	3.89281105052203e-29	4.83009596075317e-29	5.92237427990667	12.0547428377569	2.75863089352635e-15	1	2	4	1.52231630403141e-05	1	0	5.05485465787482	5.88757494818428
SPP1	ITGA4	R-HSA-8949275	REACTOME_RUNX3_REGULATES_IMMUNE_RESPONSE_AND_CELL_MIGRATION	5.86595342310633e-29	7.26554932756679e-29	4.53222432795068	10.0206303324884	1.06008559289791e-15	1	1	2	2.35233320437398e-07	1	0	-2.57586086409083	7.02833690105118
NRP1	ROBO1	R-HSA-428890	REACTOME_ROLE_OF_ABL_IN_ROBO_SLIT_SIGNALING	1.10070910743058e-28	1.36094681233974e-28	1.42796094333709	7.83057517149714	3.40420885466014e-14	1	2	5	0.000159472367638431	1	0	2.96917171284008	6.35933492681303
GNAS	ADCY1	R-HSA-442720	REACTOME_CREB1_PHOSPHORYLATION_THROUGH_THE_ACTIVATION_OF_ADENYLATE_CYCLASE	2.54222888297965e-28	3.13778599892244e-28	3.9980290587368	9.05806786479183	1.4818955400295e-16	1	3	7	0.00241426754144275	1	0	-0.281622528365284	2.89221505485111
VEGFB	NRP1	R-HSA-399956	REACTOME_CRMPS_IN_SEMA3A_SIGNALING	2.8529972273027e-28	3.5152112434131e-28	1.279965212397	1.42796094333709	1.07144738972317e-09	1	5	10	0.000329053770913166	1	0	2.48052225077401	2.96917171284008
FABP5	RXRA	R-HSA-5362517	REACTOME_SIGNALING_BY_RETINOIC_ACID	2.92309585135612e-28	3.59530604713837e-28	11.8838121323788	2.10167308768104	7.52034905271844e-15	1	3	6	0.000225640810450132	1	0	5.88150849279911	4.55214671702056
ABCA1	RXRA	R-HSA-5362517	REACTOME_SIGNALING_BY_RETINOIC_ACID	4.30901678347052e-28	5.29072321587858e-28	4.99867194609084	2.10167308768104	1.10859554163051e-14	1	3	6	0.000225640810450132	1	0	8.09811327653548	4.55214671702056
VEGFB	NRP1	R-HSA-399954	REACTOME_SEMA3A_PAK_DEPENDENT_AXON_REPULSION	6.2748236529255e-28	7.69101649125938e-28	1.279965212397	1.42796094333709	1.07144738972317e-09	1	6	11	0.000329053770913166	1	0	2.48052225077401	2.96917171284008
GDF11	ACVR1B	R-HSA-1502540	REACTOME_SIGNALING_BY_ACTIVIN	6.88183380029845e-28	8.42040669499256e-28	1.93109136379653	2.31789209880466	1.47855912880299e-13	1	6	11	0.00147116217948718	1	0	2.46984328792126	-3.52482613565519
POMC	MC1R	R-HSA-9856649	REACTOME_TRANSCRIPTIONAL_AND_POST_TRANSLATIONAL_REGULATION_OF_MITF_M_EXPRESSION_AND_ACTIVITY	7.02097239297301e-28	8.5757898087179e-28	1.3429419438374	2.91464957888469	8.57325762080688e-10	1	13	25	0.0124960104380421	1	0	4.315154798101	3.90303388149197
SPP1	ITGA4	R-HSA-198933	REACTOME_IMMUNOREGULATORY_INTERACTIONS_BETWEEN_A_LYMPHOID_AND_A_NON_LYMPHOID_CELL	9.6135324129522e-28	1.17222001442906e-27	4.53222432795068	10.0206303324884	1.06008559289791e-15	1	1	2	9.52293963352728e-07	1	0	-2.57586086409083	7.02833690105118
VASP	ROBO1	R-HSA-428890	REACTOME_ROLE_OF_ABL_IN_ROBO_SLIT_SIGNALING	1.44325855839729e-27	1.75679403832498e-27	1.04577575431397	7.83057517149714	4.46362579440177e-13	1	2	5	0.000159472367638431	1	0	-5.84858413476887	6.35933492681303
FABP5	RXRA	R-HSA-4090294	REACTOME_SUMOYLATION_OF_INTRACELLULAR_RECEPTORS	2.13894534140785e-27	2.59913151640953e-27	11.8838121323788	2.10167308768104	7.52034905271844e-15	1	6	11	0.00292276793438023	1	0	5.88150849279911	4.55214671702056
ABCA1	RXRA	R-HSA-4090294	REACTOME_SUMOYLATION_OF_INTRACELLULAR_RECEPTORS	3.15307873697556e-27	3.8248687084274e-27	4.99867194609084	2.10167308768104	1.10859554163051e-14	1	6	11	0.00292276793438023	1	0	8.09811327653548	4.55214671702056
B2M	TFRC	R-HSA-9013406	REACTOME_RHOQ_GTPASE_CYCLE	4.34420654104829e-27	5.26073725210994e-27	4.5156635827043	1.55736403437935	1.91956346149259e-08	1	6	12	0.000836585656342159	1	0	2.50538077538203	6.8452985793494
IL16	GRIN2D	R-HSA-6794361	REACTOME_NEUREXINS_AND_NEUROLIGINS	1.95599547107614e-26	2.3646109633215e-26	5.92237427990667	5.26941372135429	2.42350347666812e-15	1	2	4	0.000126367421232711	1	0	5.05485465787482	6.0348110831286
IL16	CD4	R-HSA-164938	REACTOME_NEF_MEDIATES_DOWN_MODULATION_OF_CELL_SURFACE_RECEPTORS_BY_RECRUITING_THEM_TO_CLATHRIN_ADAPTERS	2.03090476442081e-26	2.44262140320458e-26	5.92237427990667	12.0547428377569	2.75863089352635e-15	1	3	6	0.000837281843139239	1	0	5.05485465787482	5.88757494818428
IL16	CD4	R-HSA-164952	REACTOME_THE_ROLE_OF_NEF_IN_HIV_1_REPLICATION_AND_DISEASE_PATHOGENESIS	2.03090476442081e-26	2.44262140320458e-26	5.92237427990667	12.0547428377569	2.75863089352635e-15	1	3	6	0.000837281843139239	1	0	5.05485465787482	5.88757494818428
IL16	CD4	R-HSA-167590	REACTOME_NEF_MEDIATED_CD4_DOWN_REGULATION	2.03090476442081e-26	2.44262140320458e-26	5.92237427990667	12.0547428377569	2.75863089352635e-15	1	3	6	0.000837281843139239	1	0	5.05485465787482	5.88757494818428
CAP1	ROBO1	R-HSA-428540	REACTOME_ACTIVATION_OF_RAC1	2.13564628992302e-26	2.56422836851302e-26	4.78361567059037	7.83057517149714	9.2565010034409e-18	1	4	8	0.00841029482393501	1	0	6.51262823125248	6.35933492681303
NRP1	ROBO1	R-HSA-9010553	REACTOME_REGULATION_OF_EXPRESSION_OF_SLITS_AND_ROBOS	2.97751233040566e-26	3.56897063712461e-26	1.42796094333709	7.83057517149714	3.40420885466014e-14	1	1	2	9.35230551847726e-07	1	0	2.96917171284008	6.35933492681303
TYROBP	TREM1	R-HSA-198933	REACTOME_IMMUNOREGULATORY_INTERACTIONS_BETWEEN_A_LYMPHOID_AND_A_NON_LYMPHOID_CELL	3.47438994816483e-26	4.15749034475317e-26	10.4222515491313	14.6504269316967	6.91299645228658e-17	1	1	2	2.24184773867558e-05	1	0	3.11851243726319	2.8115687710559
SPP1	ITGA5	R-HSA-1566977	REACTOME_FIBRONECTIN_MATRIX_FORMATION	5.68272833321364e-26	6.7885045740251e-26	4.53222432795068	2.4554419409284	6.26635265334544e-14	1	1	2	9.52293963352728e-07	1	0	-2.57586086409083	-4.20935122820725
UBC	TGFBR1	R-HSA-2173791	REACTOME_TGF_BETA_RECEPTOR_SIGNALING_IN_EMT_EPITHELIAL_TO_MESENCHYMAL_TRANSITION	7.08512701479736e-26	8.44949268994415e-26	3.95714186803172	1.00186807409562	1.64689434190985e-11	1	4	8	0.000598726964507943	1	0	1.0885298100563	5.7989603829035
TGM2	ITGA4	R-HSA-8949275	REACTOME_RUNX3_REGULATES_IMMUNE_RESPONSE_AND_CELL_MIGRATION	8.98938074844636e-26	1.07023656128215e-25	1.32759091877605	10.0206303324884	1.62454631551702e-12	1	1	2	2.35233320437398e-07	1	0	5.62030998877616	7.02833690105118
TGFB1	TGFBR1	R-HSA-2173791	REACTOME_TGF_BETA_RECEPTOR_SIGNALING_IN_EMT_EPITHELIAL_TO_MESENCHYMAL_TRANSITION	9.98238884451499e-26	1.18645901081272e-25	2.46828720681576	1.00186807409562	2.32034509366462e-11	1	4	8	0.000598726964507943	1	0	-2.64576510074393	5.7989603829035
TYROBP	CD300LB	R-HSA-198933	REACTOME_IMMUNOREGULATORY_INTERACTIONS_BETWEEN_A_LYMPHOID_AND_A_NON_LYMPHOID_CELL	1.01626549527165e-25	1.20585452043997e-25	10.4222515491313	13.8621862106398	2.02206426688087e-16	1	1	2	2.24184773867558e-05	1	0	3.11851243726319	-1.02445387444494
ST6GAL1	CD22	R-HSA-5690714	REACTOME_CD22_MEDIATED_BCR_REGULATION	1.37788021916222e-25	1.63218697102102e-25	2.00794201858867	11.4210821785957	3.01890530184356e-11	1	1	2	6.75586539127439e-08	1	0	0.599621610324625	5.1400769288602
VASP	ROBO1	R-HSA-9010553	REACTOME_REGULATION_OF_EXPRESSION_OF_SLITS_AND_ROBOS	3.9041379094453e-25	4.61695370865726e-25	1.04577575431397	7.83057517149714	4.46362579440177e-13	1	1	2	9.35230551847726e-07	1	0	-5.84858413476887	6.35933492681303
TGM2	ITGA4	R-HSA-198933	REACTOME_IMMUNOREGULATORY_INTERACTIONS_BETWEEN_A_LYMPHOID_AND_A_NON_LYMPHOID_CELL	1.47324223300419e-24	1.73931273662368e-24	1.32759091877605	10.0206303324884	1.62454631551702e-12	1	1	2	9.52293963352728e-07	1	0	5.62030998877616	7.02833690105118
EFNB2	PECAM1	R-HSA-418346	REACTOME_PLATELET_HOMEOSTASIS	1.74854554378144e-24	2.05745525651616e-24	3.35814715099354	11.7593691614151	5.05966310389201e-19	1	2	5	0.0290031523279748	1	0	3.73931126900062	-6.08495718238946
EFNB2	PECAM1	R-HSA-432142	REACTOME_PLATELET_SENSITIZATION_BY_LDL	1.74854554378144e-24	2.05745525651616e-24	3.35814715099354	11.7593691614151	5.05966310389201e-19	1	2	5	0.0290031523279748	1	0	3.73931126900062	-6.08495718238946
C3	ITGB2	R-HSA-216083	REACTOME_INTEGRIN_CELL_SURFACE_INTERACTIONS	4.83859819527362e-24	5.68394396982226e-24	5.45116419360788	11.944746463134	1.07574120426742e-20	1	1	2	0.0212083009583537	1	0	6.55567583631929	5.91614862919166
FABP5	RXRA	R-HSA-9029558	REACTOME_NR1H2_NR1H3_REGULATE_GENE_EXPRESSION_LINKED_TO_LIPOGENESIS	2.35129879128487e-23	2.75750323363309e-23	11.8838121323788	2.10167308768104	7.52034905271844e-15	1	3	7	0.0108680185939889	1	0	5.88150849279911	4.55214671702056
ICAM2	ITGB2	R-HSA-216083	REACTOME_INTEGRIN_CELL_SURFACE_INTERACTIONS	2.44048206668329e-23	2.85734716265075e-23	5.3985234400609	11.944746463134	5.42580105116264e-20	1	1	2	0.0212083009583537	1	0	-2.79505259940264	5.91614862919166
ICAM3	ITGB2	R-HSA-216083	REACTOME_INTEGRIN_CELL_SURFACE_INTERACTIONS	2.86908302658953e-23	3.35359704763611e-23	7.16681577509801	11.944746463134	6.37868801170854e-20	1	1	2	0.0212083009583537	1	0	7.54986602547591	5.91614862919166
ADAM17	ITGA5	R-HSA-1566977	REACTOME_FIBRONECTIN_MATRIX_FORMATION	3.45716550656366e-23	4.03431214484949e-23	1.34927225839675	2.4554419409284	3.81222134418986e-11	1	1	2	9.52293963352728e-07	1	0	5.33514782527529	-4.20935122820725
ABCA1	RXRA	R-HSA-9029558	REACTOME_NR1H2_NR1H3_REGULATE_GENE_EXPRESSION_LINKED_TO_LIPOGENESIS	3.4661148555563e-23	4.03808100333787e-23	4.99867194609084	2.10167308768104	1.10859554163051e-14	1	3	7	0.0108680185939889	1	0	8.09811327653548	4.55214671702056
GDF11	ACVR1B	R-HSA-1181150	REACTOME_SIGNALING_BY_NODAL	6.44415766682253e-23	7.49518173439325e-23	1.93109136379653	2.31789209880466	1.47855912880299e-13	1	5	10	0.0113680376951025	1	0	2.46984328792126	-3.52482613565519
NRP1	ROBO1	R-HSA-428540	REACTOME_ACTIVATION_OF_RAC1	7.85414057414945e-23	9.12010402195644e-23	1.42796094333709	7.83057517149714	3.40420885466014e-14	1	4	8	0.00841029482393501	1	0	2.96917171284008	6.35933492681303
UBC	TLR4	R-HSA-5357769	REACTOME_CASPASE_ACTIVATION_VIA_EXTRINSIC_APOPTOTIC_SIGNALLING_PATHWAY	6.58925601402964e-22	7.62625368181136e-22	3.95714186803172	4.48930707653718	5.41319793079117e-16	1	4	8	0.0297840114191118	1	0	1.0885298100563	1.68158391718923
UBC	TLR4	R-HSA-140534	REACTOME_CASPASE_ACTIVATION_VIA_DEATH_RECEPTORS_IN_THE_PRESENCE_OF_LIGAND	6.58925601402964e-22	7.62625368181136e-22	3.95714186803172	4.48930707653718	5.41319793079117e-16	1	4	8	0.0297840114191118	1	0	1.0885298100563	1.68158391718923
FYN	CD86	R-HSA-389513	REACTOME_CTLA4_INHIBITORY_SIGNALING	7.81092454816709e-22	9.02538908511614e-22	2.06426053422308	6.88554451973144	6.7501360089411e-13	1	3	7	0.00890282027368535	1	0	4.23615043922175	7.48518635303806
ITGAM	ITGB2	R-HSA-216083	REACTOME_INTEGRIN_CELL_SURFACE_INTERACTIONS	8.61950875652321e-22	9.94342023219834e-22	14.045945198681	11.944746463134	1.91633203579359e-18	1	1	2	0.0212083009583537	1	0	-4.95893465592248	5.91614862919166
VASP	ROBO1	R-HSA-428540	REACTOME_ACTIVATION_OF_RAC1	1.02984117474576e-21	1.18608135296983e-21	1.04577575431397	7.83057517149714	4.46362579440177e-13	1	4	8	0.00841029482393501	1	0	-5.84858413476887	6.35933492681303
MMP9	ITGB2	R-HSA-216083	REACTOME_INTEGRIN_CELL_SURFACE_INTERACTIONS	1.29310626252629e-21	1.48686159827941e-21	15.8852540748434	11.944746463134	2.87489812535904e-18	1	1	2	0.0212083009583537	1	0	2.7919128994747	5.91614862919166
FABP5	RXRA	R-HSA-9623433	REACTOME_NR1H2_NR1H3_REGULATE_GENE_EXPRESSION_TO_CONTROL_BILE_ACID_HOMEOSTASIS	1.54649046561398e-21	1.77532076215198e-21	11.8838121323788	2.10167308768104	7.52034905271844e-15	1	3	6	0.0108680185939889	1	0	5.88150849279911	4.55214671702056
FYN	CD86	R-HSA-389357	REACTOME_CD28_DEPENDENT_PI3K_AKT_SIGNALING	2.17632705928221e-21	2.49429692183968e-21	2.06426053422308	6.88554451973144	6.7501360089411e-13	1	1	2	5.6781363770023e-05	1	0	4.23615043922175	7.48518635303806
ABCA1	RXRA	R-HSA-9623433	REACTOME_NR1H2_NR1H3_REGULATE_GENE_EXPRESSION_TO_CONTROL_BILE_ACID_HOMEOSTASIS	2.27972454913382e-21	2.60856650192621e-21	4.99867194609084	2.10167308768104	1.10859554163051e-14	1	3	6	0.0108680185939889	1	0	8.09811327653548	4.55214671702056
ICAM5	ITGB2	R-HSA-216083	REACTOME_INTEGRIN_CELL_SURFACE_INTERACTIONS	2.3881735545666e-21	2.72823710278968e-21	5.17732667292378	11.944746463134	5.30950616667977e-18	1	1	2	0.0212083009583537	1	0	5.80591761679647	5.91614862919166
RIMS2	ABCA1	R-HSA-8963896	REACTOME_HDL_ASSEMBLY	3.3498084384705e-21	3.81445928638737e-21	5.02438125244107	4.99867194609084	4.99431114621331e-14	1	1	2	0.000258983555226786	1	0	7.76472587122388	8.09811327653548
RIMS2	ABCA1	R-HSA-8963898	REACTOME_PLASMA_LIPOPROTEIN_ASSEMBLY	3.3498084384705e-21	3.81445928638737e-21	5.02438125244107	4.99867194609084	4.99431114621331e-14	1	1	2	0.000258983555226786	1	0	7.76472587122388	8.09811327653548
NAMPT	INSR	R-HSA-74749	REACTOME_SIGNAL_ATTENUATION	5.43405966797023e-21	6.17785205408532e-21	4.71468935368593	1.41141164709616	4.61185871404981e-15	1	4	8	0.0295878055156605	1	0	6.07052341183001	5.30888214349302
NAMPT	INSR	R-HSA-74713	REACTOME_IRS_ACTIVATION	8.09763468717087e-21	9.19120593109749e-21	4.71468935368593	1.41141164709616	4.61185871404981e-15	1	1	3	0.012064075934165	1	0	6.07052341183001	5.30888214349302
FABP5	RXRA	R-HSA-9031525	REACTOME_NR1H2_NR1H3_REGULATE_GENE_EXPRESSION_TO_LIMIT_CHOLESTEROL_UPTAKE	3.82996373659396e-20	4.34021572718352e-20	11.8838121323788	2.10167308768104	7.52034905271844e-15	1	2	4	0.0108680185939889	1	0	5.88150849279911	4.55214671702056
UBC	TLR4	R-HSA-2562578	REACTOME_TRIF_MEDIATED_PROGRAMMED_CELL_DEATH	5.59309503967891e-20	6.32808509297005e-20	3.95714186803172	4.48930707653718	5.41319793079117e-16	1	2	4	0.0297840114191118	1	0	1.0885298100563	1.68158391718923
ABCA1	RXRA	R-HSA-9031525	REACTOME_NR1H2_NR1H3_REGULATE_GENE_EXPRESSION_TO_LIMIT_CHOLESTEROL_UPTAKE	5.64585592135487e-20	6.37755884876246e-20	4.99867194609084	2.10167308768104	1.10859554163051e-14	1	2	4	0.0108680185939889	1	0	8.09811327653548	4.55214671702056
FABP5	RXRA	R-HSA-194068	REACTOME_BILE_ACID_AND_BILE_SALT_METABOLISM	8.71993684883861e-20	9.83430577520776e-20	11.8838121323788	2.10167308768104	7.52034905271844e-15	1	3	7	0.0571319529603059	1	0	5.88150849279911	4.55214671702056
ABCA1	RXRA	R-HSA-194068	REACTOME_BILE_ACID_AND_BILE_SALT_METABOLISM	1.28543011051165e-19	1.44739020418059e-19	4.99867194609084	2.10167308768104	1.10859554163051e-14	1	3	7	0.0571319529603059	1	0	8.09811327653548	4.55214671702056
FYN	CD80	R-HSA-389513	REACTOME_CTLA4_INHIBITORY_SIGNALING	1.5570733503572e-19	1.75046781107035e-19	2.06426053422308	6.51839713149273	1.34560983478903e-10	1	3	7	0.00890282027368535	1	0	4.23615043922175	-6.25161388630902
CD274	CD80	R-HSA-389513	REACTOME_CTLA4_INHIBITORY_SIGNALING	1.89887554311218e-19	2.1313293059415e-19	4.58381004451618	6.51839713149273	1.64099244603085e-10	1	3	7	0.00890282027368535	1	0	-1.62566314066718	-6.25161388630902
FYN	CD80	R-HSA-389357	REACTOME_CD28_DEPENDENT_PI3K_AKT_SIGNALING	4.33841198282317e-19	4.86177596805263e-19	2.06426053422308	6.51839713149273	1.34560983478903e-10	1	1	2	5.6781363770023e-05	1	0	4.23615043922175	-6.25161388630902
CD274	CD80	R-HSA-389357	REACTOME_CD28_DEPENDENT_PI3K_AKT_SIGNALING	5.29076193375085e-19	5.91961636327749e-19	4.58381004451618	6.51839713149273	1.64099244603085e-10	1	1	2	5.6781363770023e-05	1	0	-1.62566314066718	-6.25161388630902
CD86	CD80	R-HSA-389513	REACTOME_CTLA4_INHIBITORY_SIGNALING	5.34284370610922e-19	5.95900103714551e-19	6.88554451973144	6.51839713149273	4.61724107925421e-10	1	3	7	0.00890282027368535	1	0	7.48518635303806	-6.25161388630902
CD80	CD86	R-HSA-389513	REACTOME_CTLA4_INHIBITORY_SIGNALING	5.34284370610922e-19	5.95900103714551e-19	6.51839713149273	6.88554451973144	4.61724107925421e-10	1	3	7	0.00890282027368535	1	0	-6.25161388630902	7.48518635303806
GDF11	ACVR2B	R-HSA-1181150	REACTOME_SIGNALING_BY_NODAL	5.64088174636469e-19	6.28148661345974e-19	1.93109136379653	1.22573882835056	1.29425405643405e-09	1	5	10	0.0113680376951025	1	0	2.46984328792126	3.85240888840565
FYN	CSF1R	R-HSA-449836	REACTOME_OTHER_INTERLEUKIN_SIGNALING	5.9098852841171e-19	6.57067560722311e-19	2.06426053422308	10.8877980189141	4.60857870902955e-16	1	1	2	0.0358101401662556	1	0	4.23615043922175	6.26666957489856
CAP1	ROBO1	R-HSA-428543	REACTOME_INACTIVATION_OF_CDC42_AND_RAC1	6.67127762451202e-19	7.40553774041743e-19	4.78361567059037	7.83057517149714	9.2565010034409e-18	1	2	5	0.379276050648288	1	0	6.51262823125248	6.35933492681303
FABP5	RXRA	R-HSA-192105	REACTOME_SYNTHESIS_OF_BILE_ACIDS_AND_BILE_SALTS	1.09459089099973e-18	1.2112557508555e-18	11.8838121323788	2.10167308768104	7.52034905271844e-15	1	3	6	0.0571319529603059	1	0	5.88150849279911	4.55214671702056
FABP5	RXRA	R-HSA-193368	REACTOME_SYNTHESIS_OF_BILE_ACIDS_AND_BILE_SALTS_VIA_7ALPHA_HYDROXYCHOLESTEROL	1.09459089099973e-18	1.2112557508555e-18	11.8838121323788	2.10167308768104	7.52034905271844e-15	1	3	6	0.0571319529603059	1	0	5.88150849279911	4.55214671702056
TGM2	TBXA2R	R-HSA-428930	REACTOME_THROMBOXANE_SIGNALLING_THROUGH_TP_RECEPTOR	1.35676084070171e-18	1.49901901961723e-18	1.32759091877605	6.92923947410122	5.70079335590576e-12	1	3	7	0.0259819120957804	1	0	5.62030998877616	4.59029243051706
UBC	TGFBR1	R-HSA-3304349	REACTOME_LOSS_OF_FUNCTION_OF_SMAD2_3_IN_CANCER	1.36273067306519e-18	1.50091709077071e-18	3.95714186803172	1.00186807409562	1.64689434190985e-11	1	2	5	0.0113680376951025	1	0	1.0885298100563	5.7989603829035
UBC	TGFBR1	R-HSA-3304351	REACTOME_SIGNALING_BY_TGF_BETA_RECEPTOR_COMPLEX_IN_CANCER	1.36273067306519e-18	1.50091709077071e-18	3.95714186803172	1.00186807409562	1.64689434190985e-11	1	2	5	0.0113680376951025	1	0	1.0885298100563	5.7989603829035
UBC	NOTCH2	R-HSA-1980145	REACTOME_SIGNALING_BY_NOTCH2	1.36505867729038e-18	1.50113929309503e-18	3.95714186803172	1.19827988835285	1.21938804656846e-11	1	7	14	0.0514832411272578	1	0	1.0885298100563	5.38236898062194
SPP1	ITGA5	R-HSA-8941332	REACTOME_RUNX2_REGULATES_GENES_INVOLVED_IN_CELL_MIGRATION	1.45255639217551e-18	1.59487529218648e-18	4.53222432795068	2.4554419409284	6.26635265334544e-14	1	1	2	0.0048145875100996	1	0	-2.57586086409083	-4.20935122820725
CD86	CD80	R-HSA-389357	REACTOME_CD28_DEPENDENT_PI3K_AKT_SIGNALING	1.48865544141631e-18	1.62944301029444e-18	6.88554451973144	6.51839713149273	4.61724107925421e-10	1	1	2	5.6781363770023e-05	1	0	7.48518635303806	-6.25161388630902
CD80	CD86	R-HSA-389357	REACTOME_CD28_DEPENDENT_PI3K_AKT_SIGNALING	1.48865544141631e-18	1.62944301029444e-18	6.51839713149273	6.88554451973144	4.61724107925421e-10	1	1	2	5.6781363770023e-05	1	0	-6.25161388630902	7.48518635303806
ABCA1	RXRA	R-HSA-192105	REACTOME_SYNTHESIS_OF_BILE_ACIDS_AND_BILE_SALTS	1.61356683468439e-18	1.76070816891372e-18	4.99867194609084	2.10167308768104	1.10859554163051e-14	1	3	6	0.0571319529603059	1	0	8.09811327653548	4.55214671702056
ABCA1	RXRA	R-HSA-193368	REACTOME_SYNTHESIS_OF_BILE_ACIDS_AND_BILE_SALTS_VIA_7ALPHA_HYDROXYCHOLESTEROL	1.61356683468439e-18	1.76070816891372e-18	4.99867194609084	2.10167308768104	1.10859554163051e-14	1	3	6	0.0571319529603059	1	0	8.09811327653548	4.55214671702056
TGFB1	TGFBR1	R-HSA-3304349	REACTOME_LOSS_OF_FUNCTION_OF_SMAD2_3_IN_CANCER	1.91998074847123e-18	2.08860771713511e-18	2.46828720681576	1.00186807409562	2.32034509366462e-11	1	2	5	0.0113680376951025	1	0	-2.64576510074393	5.7989603829035
TGFB1	TGFBR1	R-HSA-3304351	REACTOME_SIGNALING_BY_TGF_BETA_RECEPTOR_COMPLEX_IN_CANCER	1.91998074847123e-18	2.08860771713511e-18	2.46828720681576	1.00186807409562	2.32034509366462e-11	1	2	5	0.0113680376951025	1	0	-2.64576510074393	5.7989603829035
HSPH1	SCARF1	R-HSA-2173782	REACTOME_BINDING_AND_UPTAKE_OF_LIGANDS_BY_SCAVENGER_RECEPTORS	4.26739329619526e-18	4.63504564171362e-18	2.82660891234121	2.91419459602993	4.15598770510186e-12	1	2	5	0.0213797532869934	1	0	-1.25221631917109	3.67837561253392
GDF11	ACVR1B	R-HSA-1433617	REACTOME_REGULATION_OF_SIGNALING_BY_NODAL	7.93704927303644e-18	8.60761411177224e-18	1.93109136379653	2.31789209880466	1.47855912880299e-13	1	1	3	0.037723049469042	1	0	2.46984328792126	-3.52482613565519
UBC	NOTCH2	R-HSA-9013694	REACTOME_SIGNALING_BY_NOTCH4	1.03231699091323e-17	1.1178156373999e-17	3.95714186803172	1.19827988835285	1.21938804656846e-11	1	10	19	0.0846056796703014	1	0	1.0885298100563	5.38236898062194
UBC	NOTCH2	R-HSA-9013695	REACTOME_NOTCH4_INTRACELLULAR_DOMAIN_REGULATES_TRANSCRIPTION	1.32049605511465e-17	1.42767261088965e-17	3.95714186803172	1.19827988835285	1.21938804656846e-11	1	5	10	0.0426076958784556	1	0	1.0885298100563	5.38236898062194
UBC	NOTCH2	R-HSA-350054	REACTOME_NOTCH_HLH_TRANSCRIPTION_PATHWAY	2.30744574203436e-17	2.49091237595758e-17	3.95714186803172	1.19827988835285	1.21938804656846e-11	1	6	11	0.0412148909656977	1	0	1.0885298100563	5.38236898062194
UBC	NOTCH2	R-HSA-2197563	REACTOME_NOTCH2_INTRACELLULAR_DOMAIN_REGULATES_TRANSCRIPTION	3.34516064493392e-17	3.6056235348448e-17	3.95714186803172	1.19827988835285	1.21938804656846e-11	1	3	7	0.0426076958784556	1	0	1.0885298100563	5.38236898062194
HBEGF	PRLR	R-HSA-1170546	REACTOME_PROLACTIN_RECEPTOR_SIGNALING	6.10600479528009e-17	6.57140150223742e-17	3.27261658145217	13.3109521391073	1.44571961198116e-13	1	4	9	0.139463356098907	1	0	5.72085514950281	5.03751436758392
FYN	TYROBP	R-HSA-416700	REACTOME_OTHER_SEMAPHORIN_INTERACTIONS	6.21625295462442e-17	6.6798699938582e-17	2.06426053422308	10.4222515491313	2.97836211992623e-16	1	1	3	0.593176212026247	1	0	4.23615043922175	3.11851243726319
FABP5	RXRA	R-HSA-1368082	REACTOME_RORA_ACTIVATES_GENE_EXPRESSION	1.58436042465207e-16	1.69993686900359e-16	11.8838121323788	2.10167308768104	7.52034905271844e-15	1	3	7	0.279304068275686	1	0	5.88150849279911	4.55214671702056
ABCA1	RXRA	R-HSA-1368082	REACTOME_RORA_ACTIVATES_GENE_EXPRESSION	2.33554970758997e-16	2.50212153802507e-16	4.99867194609084	2.10167308768104	1.10859554163051e-14	1	3	7	0.279304068275686	1	0	8.09811327653548	4.55214671702056
B2M	TYROBP	R-HSA-416700	REACTOME_OTHER_SEMAPHORIN_INTERACTIONS	2.8123749628342e-16	3.00838897539537e-16	4.5156635827043	10.4222515491313	1.34747911925029e-15	1	1	3	0.593176212026247	1	0	2.50538077538203	3.11851243726319
PSEN1	NOTCH2	R-HSA-1980145	REACTOME_SIGNALING_BY_NOTCH2	7.77107056038806e-16	8.30011469838725e-16	1.07273248232493	1.19827988835285	6.94178990839195e-09	1	7	14	0.0514832411272578	1	0	-6.25161388630902	5.38236898062194
FABP5	RXRA	R-HSA-200425	REACTOME_CARNITINE_METABOLISM	8.16897033290064e-16	8.71192304384871e-16	11.8838121323788	2.10167308768104	7.52034905271844e-15	1	2	5	0.426085545778531	1	0	5.88150849279911	4.55214671702056
ADAM17	ITGA5	R-HSA-8941332	REACTOME_RUNX2_REGULATES_GENES_INVOLVED_IN_CELL_MIGRATION	8.83682548401513e-16	9.40995292867976e-16	1.34927225839675	2.4554419409284	3.81222134418986e-11	1	1	2	0.0048145875100996	1	0	5.33514782527529	-4.20935122820725
FYN	SPN	R-HSA-210991	REACTOME_BASIGIN_INTERACTIONS	8.89910746438665e-16	9.46200281604966e-16	2.06426053422308	3.55884249840401	1.58793816395094e-14	1	1	2	0.236731708473986	1	0	4.23615043922175	3.77080316104965
ABCA1	RXRA	R-HSA-200425	REACTOME_CARNITINE_METABOLISM	1.20421060608775e-15	1.27845516977136e-15	4.99867194609084	2.10167308768104	1.10859554163051e-14	1	2	5	0.426085545778531	1	0	8.09811327653548	4.55214671702056
FABP5	RXRA	R-HSA-159418	REACTOME_RECYCLING_OF_BILE_ACIDS_AND_SALTS	2.27626208623662e-15	2.40935687088913e-15	11.8838121323788	2.10167308768104	7.52034905271844e-15	1	1	3	0.67142074470029	1	0	5.88150849279911	4.55214671702056
FABP5	RXRA	R-HSA-193807	REACTOME_SYNTHESIS_OF_BILE_ACIDS_AND_BILE_SALTS_VIA_27_HYDROXYCHOLESTEROL	2.27626208623662e-15	2.40935687088913e-15	11.8838121323788	2.10167308768104	7.52034905271844e-15	1	1	3	0.67142074470029	1	0	5.88150849279911	4.55214671702056
NRP1	ROBO1	R-HSA-428543	REACTOME_INACTIVATION_OF_CDC42_AND_RAC1	2.45345647916181e-15	2.59302436270694e-15	1.42796094333709	7.83057517149714	3.40420885466014e-14	1	2	5	0.379276050648288	1	0	2.96917171284008	6.35933492681303
ABCA1	RXRA	R-HSA-159418	REACTOME_RECYCLING_OF_BILE_ACIDS_AND_SALTS	3.35550116450021e-15	3.53579674945843e-15	4.99867194609084	2.10167308768104	1.10859554163051e-14	1	1	3	0.67142074470029	1	0	8.09811327653548	4.55214671702056
ABCA1	RXRA	R-HSA-193807	REACTOME_SYNTHESIS_OF_BILE_ACIDS_AND_BILE_SALTS_VIA_27_HYDROXYCHOLESTEROL	3.35550116450021e-15	3.53579674945843e-15	4.99867194609084	2.10167308768104	1.10859554163051e-14	1	1	3	0.67142074470029	1	0	8.09811327653548	4.55214671702056
TYROBP	TREM2	R-HSA-416700	REACTOME_OTHER_SEMAPHORIN_INTERACTIONS	5.2969576736879e-15	5.57325203818727e-15	10.4222515491313	16.4164808043328	1.505424743782e-14	1	1	2	0.593176212026247	1	0	3.11851243726319	-1.98835437255083
FABP5	RXRA	R-HSA-9031528	REACTOME_NR1H2_NR1H3_REGULATE_GENE_EXPRESSION_LINKED_TO_TRIGLYCERIDE_LIPOLYSIS_IN_ADIPOSE	5.59004662687494e-15	5.86414995330418e-15	11.8838121323788	2.10167308768104	7.52034905271844e-15	1	1	3	0.905855955520037	1	0	5.88150849279911	4.55214671702056
FABP5	RXRA	R-HSA-9632974	REACTOME_NR1H2_NR1H3_REGULATE_GENE_EXPRESSION_LINKED_TO_GLUCONEOGENESIS	5.59004662687494e-15	5.86414995330418e-15	11.8838121323788	2.10167308768104	7.52034905271844e-15	1	1	3	0.905855955520037	1	0	5.88150849279911	4.55214671702056
PSEN1	NOTCH2	R-HSA-9013694	REACTOME_SIGNALING_BY_NOTCH4	5.87682296045919e-15	6.1558412612525e-15	1.07273248232493	1.19827988835285	6.94178990839195e-09	1	10	19	0.0846056796703014	1	0	-6.25161388630902	5.38236898062194
PSEN1	NOTCH2	R-HSA-9013695	REACTOME_NOTCH4_INTRACELLULAR_DOMAIN_REGULATES_TRANSCRIPTION	7.51738235852193e-15	7.86262510387627e-15	1.07273248232493	1.19827988835285	6.94178990839195e-09	1	5	10	0.0426076958784556	1	0	-6.25161388630902	5.38236898062194
ABCA1	RXRA	R-HSA-9031528	REACTOME_NR1H2_NR1H3_REGULATE_GENE_EXPRESSION_LINKED_TO_TRIGLYCERIDE_LIPOLYSIS_IN_ADIPOSE	8.24044299621985e-15	8.59343095322189e-15	4.99867194609084	2.10167308768104	1.10859554163051e-14	1	1	3	0.905855955520037	1	0	8.09811327653548	4.55214671702056
ABCA1	RXRA	R-HSA-9632974	REACTOME_NR1H2_NR1H3_REGULATE_GENE_EXPRESSION_LINKED_TO_GLUCONEOGENESIS	8.24044299621985e-15	8.59343095322189e-15	4.99867194609084	2.10167308768104	1.10859554163051e-14	1	1	3	0.905855955520037	1	0	8.09811327653548	4.55214671702056
FYN	CD86	R-HSA-389359	REACTOME_CD28_DEPENDENT_VAV1_PATHWAY	8.632735515153e-15	8.98924966622127e-15	2.06426053422308	6.88554451973144	6.7501360089411e-13	1	3	6	0.185073763568295	1	0	4.23615043922175	7.48518635303806
VEGFA	NRP1	R-HSA-399955	REACTOME_SEMA3A_PLEXIN_REPULSION_SIGNALING_BY_INHIBITING_INTEGRIN_ADHESION	9.7551663748893e-15	1.01430743161588e-14	3.92093203204012	1.42796094333709	5.63878289570011e-13	1	4	9	0.278179801300223	1	0	3.10052950320012	2.96917171284008
PSEN1	NOTCH2	R-HSA-350054	REACTOME_NOTCH_HLH_TRANSCRIPTION_PATHWAY	1.31359361864278e-14	1.36381925700265e-14	1.07273248232493	1.19827988835285	6.94178990839195e-09	1	6	11	0.0412148909656977	1	0	-6.25161388630902	5.38236898062194
PSEN1	NOTCH2	R-HSA-2197563	REACTOME_NOTCH2_INTRACELLULAR_DOMAIN_REGULATES_TRANSCRIPTION	1.90434886353862e-14	1.97425888055546e-14	1.07273248232493	1.19827988835285	6.94178990839195e-09	1	3	7	0.0426076958784556	1	0	-6.25161388630902	5.38236898062194
VASP	ROBO1	R-HSA-428543	REACTOME_INACTIVATION_OF_CDC42_AND_RAC1	3.21699169862542e-14	3.33019961763863e-14	1.04577575431397	7.83057517149714	4.46362579440177e-13	1	2	5	0.379276050648288	1	0	-5.84858413476887	6.35933492681303
GDF11	ACVR2B	R-HSA-1433617	REACTOME_REGULATION_OF_SIGNALING_BY_NODAL	6.94768171095114e-14	7.18164463825989e-14	1.93109136379653	1.22573882835056	1.29425405643405e-09	1	1	3	0.037723049469042	1	0	2.46984328792126	3.85240888840565
DLL4	NOTCH2	R-HSA-1980145	REACTOME_SIGNALING_BY_NOTCH2	8.83172836904955e-14	9.11578980782015e-14	2.84253765509008	1.19827988835285	7.88926086689213e-07	1	7	14	0.0514832411272578	1	0	3.22645115720045	5.38236898062194
FYN	NRP1	R-HSA-399955	REACTOME_SEMA3A_PLEXIN_REPULSION_SIGNALING_BY_INHIBITING_INTEGRIN_ADHESION	2.14965748973201e-13	2.21555939817635e-13	2.06426053422308	1.42796094333709	1.24256741698596e-11	1	4	9	0.278179801300223	1	0	4.23615043922175	2.96917171284008
HSPH1	SCARF1	R-HSA-3000484	REACTOME_SCAVENGING_BY_CLASS_F_RECEPTORS	6.02413878412149e-13	6.19976965246322e-13	2.82660891234121	2.91419459602993	4.15598770510186e-12	1	1	3	0.525299400099676	1	0	-1.25221631917109	3.67837561253392
DLL4	NOTCH2	R-HSA-9013694	REACTOME_SIGNALING_BY_NOTCH4	6.67893871976081e-13	6.86365463777457e-13	2.84253765509008	1.19827988835285	7.88926086689213e-07	1	10	19	0.0846056796703014	1	0	3.22645115720045	5.38236898062194
DLL4	NOTCH2	R-HSA-9013695	REACTOME_NOTCH4_INTRACELLULAR_DOMAIN_REGULATES_TRANSCRIPTION	8.54341477417178e-13	8.76693434675186e-13	2.84253765509008	1.19827988835285	7.88926086689213e-07	1	5	10	0.0426076958784556	1	0	3.22645115720045	5.38236898062194
UBC	NOTCH2	R-HSA-5668914	REACTOME_DISEASES_OF_METABOLISM	1.45303623327028e-12	1.48888763525228e-12	3.95714186803172	1.19827988835285	1.21938804656846e-11	1	4	9	0.416710255033554	1	0	1.0885298100563	5.38236898062194
DLL4	NOTCH2	R-HSA-350054	REACTOME_NOTCH_HLH_TRANSCRIPTION_PATHWAY	1.49288337263413e-12	1.52750095808651e-12	2.84253765509008	1.19827988835285	7.88926086689213e-07	1	6	11	0.0412148909656977	1	0	3.22645115720045	5.38236898062194
FYN	CD80	R-HSA-389359	REACTOME_CD28_DEPENDENT_VAV1_PATHWAY	1.72089774116191e-12	1.75825442150551e-12	2.06426053422308	6.51839713149273	1.34560983478903e-10	1	3	6	0.185073763568295	1	0	4.23615043922175	-6.25161388630902
CD274	CD80	R-HSA-389359	REACTOME_CD28_DEPENDENT_VAV1_PATHWAY	2.09866197513413e-12	2.14112045439985e-12	4.58381004451618	6.51839713149273	1.64099244603085e-10	1	3	6	0.185073763568295	1	0	-1.62566314066718	-6.25161388630902
DLL4	NOTCH2	R-HSA-2197563	REACTOME_NOTCH2_INTRACELLULAR_DOMAIN_REGULATES_TRANSCRIPTION	2.16426961407508e-12	2.20486918836509e-12	2.84253765509008	1.19827988835285	7.88926086689213e-07	1	3	7	0.0426076958784556	1	0	3.22645115720045	5.38236898062194
FYN	TREM2	R-HSA-416700	REACTOME_OTHER_SEMAPHORIN_INTERACTIONS	3.49863090569773e-12	3.55912596458588e-12	2.06426053422308	16.4164808043328	9.94330304159444e-12	1	1	2	0.593176212026247	1	0	4.23615043922175	-1.98835437255083
CD86	CD80	R-HSA-389359	REACTOME_CD28_DEPENDENT_VAV1_PATHWAY	5.90498043211339e-12	5.98982210498858e-12	6.88554451973144	6.51839713149273	4.61724107925421e-10	1	3	6	0.185073763568295	1	0	7.48518635303806	-6.25161388630902
CD80	CD86	R-HSA-389359	REACTOME_CD28_DEPENDENT_VAV1_PATHWAY	5.90498043211339e-12	5.98982210498858e-12	6.51839713149273	6.88554451973144	4.61724107925421e-10	1	3	6	0.185073763568295	1	0	-6.25161388630902	7.48518635303806
UBC	NOTCH2	R-HSA-2979096	REACTOME_NOTCH2_ACTIVATION_AND_TRANSMISSION_OF_SIGNAL_TO_THE_NUCLEUS	9.06228801880908e-12	9.17930465032885e-12	3.95714186803172	1.19827988835285	1.21938804656846e-11	1	3	6	0.699392121885949	1	0	1.0885298100563	5.38236898062194
TIMP3	ADAM17	R-HSA-1251985	REACTOME_NUCLEAR_SIGNALING_BY_ERBB4	1.17645101630804e-11	1.18993469557805e-11	2.18468350054544	1.34927225839675	7.60435572109604e-10	1	2	5	0.249339552002027	1	0	5.7544474489328	5.33514782527529
B2M	TREM2	R-HSA-416700	REACTOME_OTHER_SEMAPHORIN_INTERACTIONS	1.5828606131709e-11	1.59871186394658e-11	4.5156635827043	16.4164808043328	4.49857763610634e-11	1	1	2	0.593176212026247	1	0	2.50538077538203	-1.98835437255083
VEGFB	NRP1	R-HSA-399955	REACTOME_SEMA3A_PLEXIN_REPULSION_SIGNALING_BY_INHIBITING_INTEGRIN_ADHESION	1.85361765863706e-11	1.86950580999681e-11	1.279965212397	1.42796094333709	1.07144738972317e-09	1	4	9	0.278179801300223	1	0	2.48052225077401	2.96917171284008
B2M	TFRC	R-HSA-9013423	REACTOME_RAC3_GTPASE_CYCLE	6.26707556020945e-11	6.31177652711537e-11	4.5156635827043	1.55736403437935	1.91956346149259e-08	1	3	7	0.185073763568295	1	0	2.50538077538203	6.8452985793494
PSEN1	NOTCH2	R-HSA-5668914	REACTOME_DISEASES_OF_METABOLISM	8.2719133495108e-10	8.31904675890972e-10	1.07273248232493	1.19827988835285	6.94178990839195e-09	1	4	9	0.416710255033554	1	0	-6.25161388630902	5.38236898062194
B2M	TFRC	R-HSA-917937	REACTOME_IRON_UPTAKE_AND_TRANSPORT	2.28737297323824e-09	2.29713416658065e-09	4.5156635827043	1.55736403437935	1.91956346149259e-08	1	4	9	0.416710255033554	1	0	2.50538077538203	6.8452985793494
PSEN1	NOTCH2	R-HSA-2979096	REACTOME_NOTCH2_ACTIVATION_AND_TRANSMISSION_OF_SIGNAL_TO_THE_NUCLEUS	5.1590221581181e-09	5.1736784710673e-09	1.07273248232493	1.19827988835285	6.94178990839195e-09	1	3	6	0.699392121885949	1	0	-6.25161388630902	5.38236898062194
DLL4	NOTCH2	R-HSA-5668914	REACTOME_DISEASES_OF_METABOLISM	9.40093018426357e-08	9.41426483700721e-08	2.84253765509008	1.19827988835285	7.88926086689213e-07	1	4	9	0.416710255033554	1	0	3.22645115720045	5.38236898062194
DLL4	NOTCH2	R-HSA-2979096	REACTOME_NOTCH2_ACTIVATION_AND_TRANSMISSION_OF_SIGNAL_TO_THE_NUCLEUS	5.86316672797417e-07	5.86316672797417e-07	2.84253765509008	1.19827988835285	7.88926086689213e-07	1	3	6	0.699392121885949	1	0	3.22645115720045	5.38236898062194
