L	R	pw.id	pw.name	pval	qval	L.logFC	R.logFC	LR.pval	LR.corr	rank	len	rank.pval	rank.corr	LR.score	L.expr	R.expr
ANXA1	EGFR	R-HSA-5683057	REACTOME_MAPK_FAMILY_SIGNALING_CASCADES	0	0	2.36495705120345	2.89751774661206	1.72833729678414e-15	1	73	134	5.83450743673259e-07	1	0	5.26706875945552	6.35694186809355
ANXA1	EGFR	R-HSA-9006925	REACTOME_INTRACELLULAR_SIGNALING_BY_SECOND_MESSENGERS	0	0	2.36495705120345	2.89751774661206	1.72833729678414e-15	1	85	156	3.10187651984221e-06	1	0	5.26706875945552	6.35694186809355
BDNF	DDR1	R-HSA-1474244	REACTOME_EXTRACELLULAR_MATRIX_ORGANIZATION	0	0	3.91604162642538	6.34133676149322	3.67766991962588e-23	1	41	76	4.96431593160001e-11	1	0	4.07013013249883	-1.86065059316743
CDH1	EGFR	R-HSA-5683057	REACTOME_MAPK_FAMILY_SIGNALING_CASCADES	0	0	14.0529638668967	2.89751774661206	1.12509612679447e-22	1	73	134	5.83450743673259e-07	1	0	6.06941827582005	6.35694186809355
CDH1	EGFR	R-HSA-9006925	REACTOME_INTRACELLULAR_SIGNALING_BY_SECOND_MESSENGERS	0	0	14.0529638668967	2.89751774661206	1.12509612679447e-22	1	85	156	3.10187651984221e-06	1	0	6.06941827582005	6.35694186809355
CDH1	ERBB3	R-HSA-5683057	REACTOME_MAPK_FAMILY_SIGNALING_CASCADES	0	0	14.0529638668967	9.47133900069063	1.0580866130721e-26	1	73	133	5.79355356749795e-07	1	0	6.06941827582005	4.07639206347018
CDH1	ERBB3	R-HSA-9006925	REACTOME_INTRACELLULAR_SIGNALING_BY_SECOND_MESSENGERS	0	0	14.0529638668967	9.47133900069063	1.0580866130721e-26	1	85	155	3.10187651984221e-06	1	0	6.06941827582005	4.07639206347018
CLCF1	IL6ST	R-HSA-5683057	REACTOME_MAPK_FAMILY_SIGNALING_CASCADES	0	0	2.11510149025167	2.21481281597362	2.05592554014523e-13	1	73	134	5.79355356749795e-07	1	0	6.42549536585045	6.11148878270518
COL11A1	DDR1	R-HSA-1474244	REACTOME_EXTRACELLULAR_MATRIX_ORGANIZATION	0	0	8.67346772969257	6.34133676149322	2.35586951212008e-24	1	41	76	4.96431593160001e-11	1	0	2.70868096208715	-1.86065059316743
COL14A1	CD44	R-HSA-1474244	REACTOME_EXTRACELLULAR_MATRIX_ORGANIZATION	0	0	7.32842319150696	1.22373754881036	1.70498365847285e-19	1	42	77	4.96431593160001e-11	1	0	11.1986159787516	5.04403416569004
COL18A1	ITGA3	R-HSA-1474244	REACTOME_EXTRACELLULAR_MATRIX_ORGANIZATION	0	0	3.31748124564936	2.75754452411437	4.0237546560315e-20	1	39	72	3.40517005360869e-11	1	0	-2.93094921873315	5.65033245421738
COL18A1	ITGB3	R-HSA-1474244	REACTOME_EXTRACELLULAR_MATRIX_ORGANIZATION	0	0	3.31748124564936	3.57758831465387	5.30132442773138e-21	1	40	73	3.40517005360869e-11	1	0	-2.93094921873315	-1.81862510220008
COL18A1	ITGB3	R-HSA-5683057	REACTOME_MAPK_FAMILY_SIGNALING_CASCADES	0	0	3.31748124564936	3.57758831465387	5.30132442773138e-21	1	73	133	5.83450743673259e-07	1	0	-2.93094921873315	-1.81862510220008
COL1A1	CD44	R-HSA-1474244	REACTOME_EXTRACELLULAR_MATRIX_ORGANIZATION	0	0	12.9101074672495	1.22373754881036	1.68454347242834e-21	1	42	77	4.96431593160001e-11	1	0	5.35249569933251	5.04403416569004
COL1A1	DDR1	R-HSA-1474244	REACTOME_EXTRACELLULAR_MATRIX_ORGANIZATION	0	0	12.9101074672495	6.34133676149322	1.07449869719617e-26	1	41	76	4.96431593160001e-11	1	0	5.35249569933251	-1.86065059316743
COL1A2	CD44	R-HSA-1474244	REACTOME_EXTRACELLULAR_MATRIX_ORGANIZATION	0	0	16.249300289467	1.22373754881036	4.14521998981081e-21	1	42	77	4.96431593160001e-11	1	0	3.18442633530028	5.04403416569004
COL1A2	ITGB3	R-HSA-1474244	REACTOME_EXTRACELLULAR_MATRIX_ORGANIZATION	0	0	16.249300289467	3.57758831465387	7.59460184624725e-25	1	40	73	3.40517005360869e-11	1	0	3.18442633530028	-1.81862510220008
COL1A2	ITGB3	R-HSA-5683057	REACTOME_MAPK_FAMILY_SIGNALING_CASCADES	0	0	16.249300289467	3.57758831465387	7.59460184624725e-25	1	73	133	5.83450743673259e-07	1	0	3.18442633530028	-1.81862510220008
COL2A1	DDR1	R-HSA-1474244	REACTOME_EXTRACELLULAR_MATRIX_ORGANIZATION	0	0	14.3588246029563	6.34133676149322	1.40403335493162e-21	1	41	76	4.96431593160001e-11	1	0	4.87453470539196	-1.86065059316743
COL2A1	ITGA10	R-HSA-1474244	REACTOME_EXTRACELLULAR_MATRIX_ORGANIZATION	0	0	14.3588246029563	2.73895327327373	3.02958491869518e-18	1	43	79	3.2776655898049e-11	1	0	4.87453470539196	4.59146428060636
COL3A1	DDR1	R-HSA-1474244	REACTOME_EXTRACELLULAR_MATRIX_ORGANIZATION	0	0	15.3958724253635	6.34133676149322	2.07662804659716e-27	1	41	76	4.96431593160001e-11	1	0	3.67281057068821	-1.86065059316743
COL4A2	ITGB3	R-HSA-1474244	REACTOME_EXTRACELLULAR_MATRIX_ORGANIZATION	0	0	2.35366848733984	3.57758831465387	1.90593099325143e-19	1	40	73	3.40517005360869e-11	1	0	6.7881869323435	-1.81862510220008
COL4A2	ITGB3	R-HSA-5683057	REACTOME_MAPK_FAMILY_SIGNALING_CASCADES	0	0	2.35366848733984	3.57758831465387	1.90593099325143e-19	1	73	133	5.83450743673259e-07	1	0	6.7881869323435	-1.81862510220008
COL4A3	ITGA3	R-HSA-1474244	REACTOME_EXTRACELLULAR_MATRIX_ORGANIZATION	0	0	8.59500106905861	2.75754452411437	1.34964356256522e-21	1	39	72	3.40517005360869e-11	1	0	3.59636213159094	5.65033245421738
COL4A3	ITGB3	R-HSA-1474244	REACTOME_EXTRACELLULAR_MATRIX_ORGANIZATION	0	0	8.59500106905861	3.57758831465387	1.77816467418867e-22	1	40	73	3.40517005360869e-11	1	0	3.59636213159094	-1.81862510220008
COL4A3	ITGB3	R-HSA-5683057	REACTOME_MAPK_FAMILY_SIGNALING_CASCADES	0	0	8.59500106905861	3.57758831465387	1.77816467418867e-22	1	73	133	5.83450743673259e-07	1	0	3.59636213159094	-1.81862510220008
COL4A4	ITGB3	R-HSA-1474244	REACTOME_EXTRACELLULAR_MATRIX_ORGANIZATION	0	0	2.40348737446135	3.57758831465387	4.86684603123459e-18	1	40	73	3.40517005360869e-11	1	0	0.348341817117918	-1.81862510220008
COL4A4	ITGB3	R-HSA-5683057	REACTOME_MAPK_FAMILY_SIGNALING_CASCADES	0	0	2.40348737446135	3.57758831465387	4.86684603123459e-18	1	73	133	5.83450743673259e-07	1	0	0.348341817117918	-1.81862510220008
COL5A2	DDR1	R-HSA-1474244	REACTOME_EXTRACELLULAR_MATRIX_ORGANIZATION	0	0	8.65450559489796	6.34133676149322	6.71246715065299e-26	1	41	76	4.96431593160001e-11	1	0	4.71972607502025	-1.86065059316743
COMP	ITGB3	R-HSA-1474244	REACTOME_EXTRACELLULAR_MATRIX_ORGANIZATION	0	0	8.97372250466624	3.57758831465387	6.50372133052145e-22	1	40	73	3.40517005360869e-11	1	0	4.52103900260026	-1.81862510220008
COMP	ITGB3	R-HSA-5683057	REACTOME_MAPK_FAMILY_SIGNALING_CASCADES	0	0	8.97372250466624	3.57758831465387	6.50372133052145e-22	1	73	133	5.83450743673259e-07	1	0	4.52103900260026	-1.81862510220008
DCN	EGFR	R-HSA-5683057	REACTOME_MAPK_FAMILY_SIGNALING_CASCADES	0	0	15.215347949085	2.89751774661206	6.37437799273358e-22	1	73	134	5.83450743673259e-07	1	0	-5.95640031910379	6.35694186809355
DCN	EGFR	R-HSA-9006925	REACTOME_INTRACELLULAR_SIGNALING_BY_SECOND_MESSENGERS	0	0	15.215347949085	2.89751774661206	6.37437799273358e-22	1	85	156	3.10187651984221e-06	1	0	-5.95640031910379	6.35694186809355
DCN	MET	R-HSA-5683057	REACTOME_MAPK_FAMILY_SIGNALING_CASCADES	0	0	15.215347949085	4.11816608001036	3.29371225008704e-23	1	73	133	5.79355356749795e-07	1	0	-5.95640031910379	-6.39088225480639
DCN	MET	R-HSA-9006925	REACTOME_INTRACELLULAR_SIGNALING_BY_SECOND_MESSENGERS	0	0	15.215347949085	4.11816608001036	3.29371225008704e-23	1	85	155	3.10187651984221e-06	1	0	-5.95640031910379	-6.39088225480639
EFEMP1	EGFR	R-HSA-5683057	REACTOME_MAPK_FAMILY_SIGNALING_CASCADES	0	0	11.0825504472025	2.89751774661206	1.55175134676721e-19	1	73	134	5.83450743673259e-07	1	0	6.63580333837864	6.35694186809355
EFEMP1	EGFR	R-HSA-9006925	REACTOME_INTRACELLULAR_SIGNALING_BY_SECOND_MESSENGERS	0	0	11.0825504472025	2.89751774661206	1.55175134676721e-19	1	85	156	3.10187651984221e-06	1	0	6.63580333837864	6.35694186809355
FBLN2	ITGB3	R-HSA-1474244	REACTOME_EXTRACELLULAR_MATRIX_ORGANIZATION	0	0	16.4383713511822	3.57758831465387	7.79229608219956e-27	1	40	73	3.40517005360869e-11	1	0	3.30185484435118	-1.81862510220008
FBLN2	ITGB3	R-HSA-5683057	REACTOME_MAPK_FAMILY_SIGNALING_CASCADES	0	0	16.4383713511822	3.57758831465387	7.79229608219956e-27	1	73	133	5.83450743673259e-07	1	0	3.30185484435118	-1.81862510220008
FBN1	ITGB3	R-HSA-1474244	REACTOME_EXTRACELLULAR_MATRIX_ORGANIZATION	0	0	7.14914428394037	3.57758831465387	5.90743153210484e-21	1	40	73	3.40517005360869e-11	1	0	3.49330586689255	-1.81862510220008
FBN1	ITGB3	R-HSA-5683057	REACTOME_MAPK_FAMILY_SIGNALING_CASCADES	0	0	7.14914428394037	3.57758831465387	5.90743153210484e-21	1	73	133	5.83450743673259e-07	1	0	3.49330586689255	-1.81862510220008
FN1	CD44	R-HSA-1474244	REACTOME_EXTRACELLULAR_MATRIX_ORGANIZATION	0	0	9.24511967017868	1.22373754881036	5.79521184623005e-18	1	42	77	4.96431593160001e-11	1	0	3.96729180611041	5.04403416569004
FN1	ITGA3	R-HSA-1474244	REACTOME_EXTRACELLULAR_MATRIX_ORGANIZATION	0	0	9.24511967017868	2.75754452411437	8.0588644787978e-21	1	39	72	3.40517005360869e-11	1	0	3.96729180611041	5.65033245421738
FN1	ITGB3	R-HSA-1474244	REACTOME_EXTRACELLULAR_MATRIX_ORGANIZATION	0	0	9.24511967017868	3.57758831465387	1.0617609365717e-21	1	40	73	3.40517005360869e-11	1	0	3.96729180611041	-1.81862510220008
FN1	ITGB3	R-HSA-5683057	REACTOME_MAPK_FAMILY_SIGNALING_CASCADES	0	0	9.24511967017868	3.57758831465387	1.0617609365717e-21	1	73	133	5.83450743673259e-07	1	0	3.96729180611041	-1.81862510220008
HSPG2	PTPRS	R-HSA-1474244	REACTOME_EXTRACELLULAR_MATRIX_ORGANIZATION	0	0	4.09583451460777	2.011732900985	6.57025465088556e-14	1	44	80	3.23938152773816e-11	1	0	4.83775802276138	-5.72152840619353
HSPG2	SDC1	R-HSA-1474244	REACTOME_EXTRACELLULAR_MATRIX_ORGANIZATION	0	0	4.09583451460777	6.46884404771167	1.79548387795378e-20	1	44	80	4.96431593160001e-11	1	0	4.83775802276138	5.30916569519122
L1CAM	EGFR	R-HSA-5683057	REACTOME_MAPK_FAMILY_SIGNALING_CASCADES	0	0	6.61152480504602	2.89751774661206	7.39792751891101e-20	1	73	134	5.83450743673259e-07	1	0	7.69724325085875	6.35694186809355
L1CAM	EGFR	R-HSA-9006925	REACTOME_INTRACELLULAR_SIGNALING_BY_SECOND_MESSENGERS	0	0	6.61152480504602	2.89751774661206	7.39792751891101e-20	1	85	156	3.10187651984221e-06	1	0	7.69724325085875	6.35694186809355
L1CAM	ERBB2	R-HSA-5683057	REACTOME_MAPK_FAMILY_SIGNALING_CASCADES	0	0	6.61152480504602	5.48467664125572	7.55149525097075e-25	1	73	133	5.79355356749795e-07	1	0	7.69724325085875	5.37025434019213
L1CAM	ERBB2	R-HSA-9006925	REACTOME_INTRACELLULAR_SIGNALING_BY_SECOND_MESSENGERS	0	0	6.61152480504602	5.48467664125572	7.55149525097075e-25	1	85	155	3.10187651984221e-06	1	0	7.69724325085875	5.37025434019213
L1CAM	ERBB3	R-HSA-5683057	REACTOME_MAPK_FAMILY_SIGNALING_CASCADES	0	0	6.61152480504602	9.47133900069063	6.95731492253852e-24	1	73	133	5.79355356749795e-07	1	0	7.69724325085875	4.07639206347018
L1CAM	ERBB3	R-HSA-9006925	REACTOME_INTRACELLULAR_SIGNALING_BY_SECOND_MESSENGERS	0	0	6.61152480504602	9.47133900069063	6.95731492253852e-24	1	85	155	3.10187651984221e-06	1	0	7.69724325085875	4.07639206347018
L1CAM	FGFR2	R-HSA-5683057	REACTOME_MAPK_FAMILY_SIGNALING_CASCADES	0	0	6.61152480504602	12.7101660798708	1.47684132181016e-29	1	72	132	5.83450743673259e-07	1	0	7.69724325085875	5.73242607734244
L1CAM	FGFR2	R-HSA-9006925	REACTOME_INTRACELLULAR_SIGNALING_BY_SECOND_MESSENGERS	0	0	6.61152480504602	12.7101660798708	1.47684132181016e-29	1	85	155	3.10187651984221e-06	1	0	7.69724325085875	5.73242607734244
LAMA1	ITGA3	R-HSA-1474244	REACTOME_EXTRACELLULAR_MATRIX_ORGANIZATION	0	0	19.8345033696564	2.75754452411437	7.17783816154831e-22	1	39	72	3.40517005360869e-11	1	0	-2.13725369701301	5.65033245421738
LAMA1	ITGA7	R-HSA-1474244	REACTOME_EXTRACELLULAR_MATRIX_ORGANIZATION	0	0	19.8345033696564	1.86987927801666	1.44718269352994e-20	1	41	76	4.96431593160001e-11	1	0	-2.13725369701301	3.91510871998263
LAMA1	ITGB4	R-HSA-1474244	REACTOME_EXTRACELLULAR_MATRIX_ORGANIZATION	0	0	19.8345033696564	7.42190860929556	6.52100407239671e-25	1	43	79	6.63244069304079e-11	1	0	-2.13725369701301	0.000435230421763041
LAMA1	SDC4	R-HSA-1474244	REACTOME_EXTRACELLULAR_MATRIX_ORGANIZATION	0	0	19.8345033696564	1.45777712136255	1.11433793954792e-19	1	44	81	3.40517005360869e-11	1	0	-2.13725369701301	7.17743566926211
LAMA5	ITGA3	R-HSA-1474244	REACTOME_EXTRACELLULAR_MATRIX_ORGANIZATION	0	0	6.39025679656551	2.75754452411437	7.85331703183064e-22	1	39	72	3.40517005360869e-11	1	0	-4.04261071031852	5.65033245421738
LAMA5	ITGB4	R-HSA-1474244	REACTOME_EXTRACELLULAR_MATRIX_ORGANIZATION	0	0	6.39025679656551	7.42190860929556	7.13467080112369e-25	1	43	79	6.63244069304079e-11	1	0	-4.04261071031852	0.000435230421763041
LAMA5	SDC1	R-HSA-1474244	REACTOME_EXTRACELLULAR_MATRIX_ORGANIZATION	0	0	6.39025679656551	6.46884404771167	3.10330148907865e-24	1	44	80	4.96431593160001e-11	1	0	-4.04261071031852	5.30916569519122
LAMB1	ITGA3	R-HSA-1474244	REACTOME_EXTRACELLULAR_MATRIX_ORGANIZATION	0	0	8.31776841205843	2.75754452411437	3.18986815183724e-22	1	39	72	3.40517005360869e-11	1	0	6.66423855005416	5.65033245421738
LAMB1	ITGA7	R-HSA-1474244	REACTOME_EXTRACELLULAR_MATRIX_ORGANIZATION	0	0	8.31776841205843	1.86987927801666	6.43135423240781e-21	1	41	76	4.96431593160001e-11	1	0	6.66423855005416	3.91510871998263
LAMB1	ITGB4	R-HSA-1474244	REACTOME_EXTRACELLULAR_MATRIX_ORGANIZATION	0	0	8.31776841205843	7.42190860929556	2.89796770843497e-25	1	43	79	6.63244069304079e-11	1	0	6.66423855005416	0.000435230421763041
LAMB2	ITGA3	R-HSA-1474244	REACTOME_EXTRACELLULAR_MATRIX_ORGANIZATION	0	0	12.5087294742221	2.75754452411437	2.86249954100888e-23	1	39	72	3.40517005360869e-11	1	0	-4.4327218444072	5.65033245421738
LAMB2	ITGB4	R-HSA-1474244	REACTOME_EXTRACELLULAR_MATRIX_ORGANIZATION	0	0	12.5087294742221	7.42190860929556	2.6005561485279e-26	1	43	79	6.63244069304079e-11	1	0	-4.4327218444072	0.000435230421763041
LAMB3	CD151	R-HSA-1474244	REACTOME_EXTRACELLULAR_MATRIX_ORGANIZATION	0	0	1.20907444031088	2.16464414967756	7.4488428009695e-16	1	45	83	3.40517005360869e-11	1	0	2.59517547975114	6.83968538959107
LAMB3	COL17A1	R-HSA-1474244	REACTOME_EXTRACELLULAR_MATRIX_ORGANIZATION	0	0	1.20907444031088	11.5471101838395	7.04587817715162e-23	1	45	83	3.40517005360869e-11	1	0	2.59517547975114	6.32959073051544
LAMB3	ITGA3	R-HSA-1474244	REACTOME_EXTRACELLULAR_MATRIX_ORGANIZATION	0	0	1.20907444031088	2.75754452411437	8.7080249650632e-17	1	39	72	3.40517005360869e-11	1	0	2.59517547975114	5.65033245421738
LAMB3	ITGB4	R-HSA-1474244	REACTOME_EXTRACELLULAR_MATRIX_ORGANIZATION	0	0	1.20907444031088	7.42190860929556	7.91116558797704e-20	1	43	79	6.63244069304079e-11	1	0	2.59517547975114	0.000435230421763041
LAMC1	ITGA3	R-HSA-1474244	REACTOME_EXTRACELLULAR_MATRIX_ORGANIZATION	0	0	2.41383536561023	2.75754452411437	3.16326856525826e-18	1	39	72	3.40517005360869e-11	1	0	1.75120519238021	5.65033245421738
LAMC1	ITGA7	R-HSA-1474244	REACTOME_EXTRACELLULAR_MATRIX_ORGANIZATION	0	0	2.41383536561023	1.86987927801666	6.3777246290568e-17	1	41	76	4.96431593160001e-11	1	0	1.75120519238021	3.91510871998263
LAMC1	ITGB4	R-HSA-1474244	REACTOME_EXTRACELLULAR_MATRIX_ORGANIZATION	0	0	2.41383536561023	7.42190860929556	2.87380221340684e-21	1	43	79	6.63244069304079e-11	1	0	1.75120519238021	0.000435230421763041
LIF	IL6ST	R-HSA-5683057	REACTOME_MAPK_FAMILY_SIGNALING_CASCADES	0	0	1.7532837569655	2.21481281597362	2.3204403835606e-12	1	73	134	5.79355356749795e-07	1	0	-4.60424814239365	6.11148878270518
MFGE8	ITGB3	R-HSA-1474244	REACTOME_EXTRACELLULAR_MATRIX_ORGANIZATION	0	0	3.04039885756526	3.57758831465387	3.51140334715023e-21	1	40	73	3.40517005360869e-11	1	0	0.6248001109505	-1.81862510220008
MFGE8	ITGB3	R-HSA-5683057	REACTOME_MAPK_FAMILY_SIGNALING_CASCADES	0	0	3.04039885756526	3.57758831465387	3.51140334715023e-21	1	73	133	5.83450743673259e-07	1	0	0.6248001109505	-1.81862510220008
NCAM1	FGFR2	R-HSA-5683057	REACTOME_MAPK_FAMILY_SIGNALING_CASCADES	0	0	5.35497639278498	12.7101660798708	3.09943474550362e-28	1	72	132	5.83450743673259e-07	1	0	2.31654305445474	5.73242607734244
NCAM1	FGFR2	R-HSA-9006925	REACTOME_INTRACELLULAR_SIGNALING_BY_SECOND_MESSENGERS	0	0	5.35497639278498	12.7101660798708	3.09943474550362e-28	1	85	155	3.10187651984221e-06	1	0	2.31654305445474	5.73242607734244
NCAM1	PTPRA	R-HSA-5683057	REACTOME_MAPK_FAMILY_SIGNALING_CASCADES	0	0	5.35497639278498	1.7690427130103	4.85437029718626e-20	1	72	131	1.25549861911524e-06	1	0	2.31654305445474	5.1505274622729
NID1	ITGA3	R-HSA-1474244	REACTOME_EXTRACELLULAR_MATRIX_ORGANIZATION	0	0	1.51200808588345	2.75754452411437	4.77532242635739e-16	1	39	72	3.40517005360869e-11	1	0	-6.39088225480639	5.65033245421738
NID1	ITGB3	R-HSA-1474244	REACTOME_EXTRACELLULAR_MATRIX_ORGANIZATION	0	0	1.51200808588345	3.57758831465387	6.29152013311613e-17	1	40	73	3.40517005360869e-11	1	0	-6.39088225480639	-1.81862510220008
NID1	ITGB3	R-HSA-5683057	REACTOME_MAPK_FAMILY_SIGNALING_CASCADES	0	0	1.51200808588345	3.57758831465387	6.29152013311613e-17	1	73	133	5.83450743673259e-07	1	0	-6.39088225480639	-1.81862510220008
PKM	CD44	R-HSA-1474244	REACTOME_EXTRACELLULAR_MATRIX_ORGANIZATION	0	0	1.05288583332511	1.22373754881036	1.69662630180159e-13	1	42	77	4.96431593160001e-11	1	0	0.881267560414777	5.04403416569004
PTN	PTPRS	R-HSA-1474244	REACTOME_EXTRACELLULAR_MATRIX_ORGANIZATION	0	0	7.92717388064223	2.011732900985	6.20543850294016e-17	1	44	80	3.23938152773816e-11	1	0	-1.41052729395478	-5.72152840619353
PTN	SDC1	R-HSA-1474244	REACTOME_EXTRACELLULAR_MATRIX_ORGANIZATION	0	0	7.92717388064223	6.46884404771167	1.69578888181464e-23	1	44	80	4.96431593160001e-11	1	0	-1.41052729395478	5.30916569519122
SEMA4D	ERBB2	R-HSA-5683057	REACTOME_MAPK_FAMILY_SIGNALING_CASCADES	0	0	1.83704509775797	5.48467664125572	1.8596138826397e-20	1	73	133	5.79355356749795e-07	1	0	4.10629032846076	5.37025434019213
SEMA4D	ERBB2	R-HSA-9006925	REACTOME_INTRACELLULAR_SIGNALING_BY_SECOND_MESSENGERS	0	0	1.83704509775797	5.48467664125572	1.8596138826397e-20	1	85	155	3.10187651984221e-06	1	0	4.10629032846076	5.37025434019213
SEMA4D	MET	R-HSA-5683057	REACTOME_MAPK_FAMILY_SIGNALING_CASCADES	0	0	1.83704509775797	4.11816608001036	9.4134265890396e-17	1	73	133	5.79355356749795e-07	1	0	4.10629032846076	-6.39088225480639
SEMA4D	MET	R-HSA-9006925	REACTOME_INTRACELLULAR_SIGNALING_BY_SECOND_MESSENGERS	0	0	1.83704509775797	4.11816608001036	9.4134265890396e-17	1	85	155	3.10187651984221e-06	1	0	4.10629032846076	-6.39088225480639
SEMA5A	MET	R-HSA-5683057	REACTOME_MAPK_FAMILY_SIGNALING_CASCADES	0	0	13.1302189665968	4.11816608001036	4.64919262998353e-22	1	73	133	5.79355356749795e-07	1	0	-3.36463131492755	-6.39088225480639
SEMA5A	MET	R-HSA-9006925	REACTOME_INTRACELLULAR_SIGNALING_BY_SECOND_MESSENGERS	0	0	13.1302189665968	4.11816608001036	4.64919262998353e-22	1	85	155	3.10187651984221e-06	1	0	-3.36463131492755	-6.39088225480639
SLIT2	SDC1	R-HSA-1474244	REACTOME_EXTRACELLULAR_MATRIX_ORGANIZATION	0	0	6.80274676319369	6.46884404771167	1.25292149317243e-23	1	44	80	4.96431593160001e-11	1	0	2.78796175154231	5.30916569519122
SPTAN1	PTPRA	R-HSA-5683057	REACTOME_MAPK_FAMILY_SIGNALING_CASCADES	0	0	2.46722936251294	1.7690427130103	2.18477329412094e-16	1	72	131	1.25549861911524e-06	1	0	4.71336656360065	5.1505274622729
SPTBN2	PTPRA	R-HSA-5683057	REACTOME_MAPK_FAMILY_SIGNALING_CASCADES	0	0	7.13402215394203	1.7690427130103	1.8238820954008e-20	1	72	131	1.25549861911524e-06	1	0	-6.39088225480639	5.1505274622729
THBS1	ITGA3	R-HSA-1474244	REACTOME_EXTRACELLULAR_MATRIX_ORGANIZATION	0	0	7.11466682191395	2.75754452411437	5.27270274767376e-21	1	39	72	3.40517005360869e-11	1	0	-3.6446101735829	5.65033245421738
THBS1	ITGB3	R-HSA-1474244	REACTOME_EXTRACELLULAR_MATRIX_ORGANIZATION	0	0	7.11466682191395	3.57758831465387	6.94682212657015e-22	1	40	73	3.40517005360869e-11	1	0	-3.6446101735829	-1.81862510220008
THBS1	ITGB3	R-HSA-5683057	REACTOME_MAPK_FAMILY_SIGNALING_CASCADES	0	0	7.11466682191395	3.57758831465387	6.94682212657015e-22	1	73	133	5.83450743673259e-07	1	0	-3.6446101735829	-1.81862510220008
THBS1	SDC1	R-HSA-1474244	REACTOME_EXTRACELLULAR_MATRIX_ORGANIZATION	0	0	7.11466682191395	6.46884404771167	2.08355096604458e-23	1	44	80	4.96431593160001e-11	1	0	-3.6446101735829	5.30916569519122
THBS1	SDC4	R-HSA-1474244	REACTOME_EXTRACELLULAR_MATRIX_ORGANIZATION	0	0	7.11466682191395	1.45777712136255	8.18571355811128e-19	1	44	81	3.40517005360869e-11	1	0	-3.6446101735829	7.17743566926211
TNC	EGFR	R-HSA-5683057	REACTOME_MAPK_FAMILY_SIGNALING_CASCADES	0	0	6.8277048658413	2.89751774661206	2.15385338243132e-18	1	73	134	5.83450743673259e-07	1	0	-5.58163186833725	6.35694186809355
TNC	EGFR	R-HSA-9006925	REACTOME_INTRACELLULAR_SIGNALING_BY_SECOND_MESSENGERS	0	0	6.8277048658413	2.89751774661206	2.15385338243132e-18	1	85	156	3.10187651984221e-06	1	0	-5.58163186833725	6.35694186809355
TNC	ITGA7	R-HSA-1474244	REACTOME_EXTRACELLULAR_MATRIX_ORGANIZATION	0	0	6.8277048658413	1.86987927801666	8.75963907241967e-20	1	41	76	4.96431593160001e-11	1	0	-5.58163186833725	3.91510871998263
TNC	ITGB3	R-HSA-1474244	REACTOME_EXTRACELLULAR_MATRIX_ORGANIZATION	0	0	6.8277048658413	3.57758831465387	5.7241288933858e-22	1	40	73	3.40517005360869e-11	1	0	-5.58163186833725	-1.81862510220008
TNC	ITGB3	R-HSA-5683057	REACTOME_MAPK_FAMILY_SIGNALING_CASCADES	0	0	6.8277048658413	3.57758831465387	5.7241288933858e-22	1	73	133	5.83450743673259e-07	1	0	-5.58163186833725	-1.81862510220008
TNC	SDC1	R-HSA-1474244	REACTOME_EXTRACELLULAR_MATRIX_ORGANIZATION	0	0	6.8277048658413	6.46884404771167	1.7168302380971e-23	1	44	80	4.96431593160001e-11	1	0	-5.58163186833725	5.30916569519122
TNC	SDC4	R-HSA-1474244	REACTOME_EXTRACELLULAR_MATRIX_ORGANIZATION	0	0	6.8277048658413	1.45777712136255	6.74496606322334e-19	1	44	81	3.40517005360869e-11	1	0	-5.58163186833725	7.17743566926211
UBB	ERBB2	R-HSA-5683057	REACTOME_MAPK_FAMILY_SIGNALING_CASCADES	0	0	1.56324007583564	5.48467664125572	2.15758035293112e-18	1	73	133	5.79355356749795e-07	1	0	5.83927178506202	5.37025434019213
UBB	ERBB2	R-HSA-9006925	REACTOME_INTRACELLULAR_SIGNALING_BY_SECOND_MESSENGERS	0	0	1.56324007583564	5.48467664125572	2.15758035293112e-18	1	85	155	3.10187651984221e-06	1	0	5.83927178506202	5.37025434019213
UBB	FGFR2	R-HSA-5683057	REACTOME_MAPK_FAMILY_SIGNALING_CASCADES	0	0	1.56324007583564	12.7101660798708	4.21956674067272e-23	1	72	132	5.83450743673259e-07	1	0	5.83927178506202	5.73242607734244
UBB	FGFR2	R-HSA-9006925	REACTOME_INTRACELLULAR_SIGNALING_BY_SECOND_MESSENGERS	0	0	1.56324007583564	12.7101660798708	4.21956674067272e-23	1	85	155	3.10187651984221e-06	1	0	5.83927178506202	5.73242607734244
UBB	ERBB3	R-HSA-5683057	REACTOME_MAPK_FAMILY_SIGNALING_CASCADES	0	0	1.56324007583564	9.47133900069063	1.98781373584178e-17	1	73	133	5.79355356749795e-07	1	0	5.83927178506202	4.07639206347018
UBB	ERBB3	R-HSA-9006925	REACTOME_INTRACELLULAR_SIGNALING_BY_SECOND_MESSENGERS	0	0	1.56324007583564	9.47133900069063	1.98781373584178e-17	1	85	155	3.10187651984221e-06	1	0	5.83927178506202	4.07639206347018
UBB	MET	R-HSA-5683057	REACTOME_MAPK_FAMILY_SIGNALING_CASCADES	0	0	1.56324007583564	4.11816608001036	1.09217426541477e-14	1	73	133	5.79355356749795e-07	1	0	5.83927178506202	-6.39088225480639
UBB	MET	R-HSA-9006925	REACTOME_INTRACELLULAR_SIGNALING_BY_SECOND_MESSENGERS	0	0	1.56324007583564	4.11816608001036	1.09217426541477e-14	1	85	155	3.10187651984221e-06	1	0	5.83927178506202	-6.39088225480639
S100B	APP	R-HSA-1474244	REACTOME_EXTRACELLULAR_MATRIX_ORGANIZATION	0	0	4.2249108102541	1.1092665128676	4.28808301832756e-15	1	44	80	3.23938152773816e-11	1	0	5.19212134952298	-3.96459372498046
S100B	APP	R-HSA-418594	REACTOME_G_ALPHA_I_SIGNALLING_EVENTS	0	0	4.2249108102541	1.1092665128676	4.28808301832756e-15	1	41	76	3.9758276584803e-10	1	0	5.19212134952298	-3.96459372498046
S100B	APP	R-HSA-76002	REACTOME_PLATELET_ACTIVATION_SIGNALING_AND_AGGREGATION	0	0	4.2249108102541	1.1092665128676	4.28808301832756e-15	1	42	78	6.72143059150396e-10	1	0	5.19212134952298	-3.96459372498046
L1CAM	ITGB3	R-HSA-1474244	REACTOME_EXTRACELLULAR_MATRIX_ORGANIZATION	0	0	6.61152480504602	3.57758831465387	1.96608975372179e-23	1	40	73	3.40517005360869e-11	1	0	7.69724325085875	-1.81862510220008
L1CAM	ITGB3	R-HSA-5683057	REACTOME_MAPK_FAMILY_SIGNALING_CASCADES	0	0	6.61152480504602	3.57758831465387	1.96608975372179e-23	1	73	133	5.83450743673259e-07	1	0	7.69724325085875	-1.81862510220008
LTBP1	ITGB3	R-HSA-1474244	REACTOME_EXTRACELLULAR_MATRIX_ORGANIZATION	0	0	4.49925244209	3.57758831465387	6.45758843519278e-22	1	40	73	3.40517005360869e-11	1	0	0.411198660997557	-1.81862510220008
LTBP1	ITGB3	R-HSA-5683057	REACTOME_MAPK_FAMILY_SIGNALING_CASCADES	0	0	4.49925244209	3.57758831465387	6.45758843519278e-22	1	73	133	5.83450743673259e-07	1	0	0.411198660997557	-1.81862510220008
COL16A1	ITGA10	R-HSA-1474244	REACTOME_EXTRACELLULAR_MATRIX_ORGANIZATION	0	0	10.9159881411726	2.73895327327373	2.59567348794053e-22	1	43	79	3.2776655898049e-11	1	0	4.29305359730917	4.59146428060636
LAMA5	ITGA7	R-HSA-1474244	REACTOME_EXTRACELLULAR_MATRIX_ORGANIZATION	0	0	6.39025679656551	1.86987927801666	1.58337151653161e-20	1	41	76	4.96431593160001e-11	1	0	-4.04261071031852	3.91510871998263
LAMB2	ITGA7	R-HSA-1474244	REACTOME_EXTRACELLULAR_MATRIX_ORGANIZATION	0	0	12.5087294742221	1.86987927801666	5.77131958502096e-22	1	41	76	4.96431593160001e-11	1	0	-4.4327218444072	3.91510871998263
COL17A1	ITGB4	R-HSA-1474244	REACTOME_EXTRACELLULAR_MATRIX_ORGANIZATION	0	0	11.5471101838395	7.42190860929556	4.4438019528235e-29	1	43	79	6.63244069304079e-11	1	0	6.32959073051544	0.000435230421763041
COL17A1	CD151	R-HSA-1474244	REACTOME_EXTRACELLULAR_MATRIX_ORGANIZATION	0	0	11.5471101838395	2.16464414967756	4.18410938528817e-25	1	45	83	3.40517005360869e-11	1	0	6.32959073051544	6.83968538959107
TNFSF12	TRAF2	R-HSA-5688426	REACTOME_DEUBIQUITINATION	6.27463370218383e-322	1.01283457397456e-320	8.71305866963411	1.15950995895023	1.64631811656911e-18	1	79	145	6.92089545777064e-06	1	0	2.36479248772075	5.06353195786275
FBLN2	ITGB3	R-HSA-76002	REACTOME_PLATELET_ACTIVATION_SIGNALING_AND_AGGREGATION	6.71929278344095e-322	1.07607497664223e-320	16.4383713511822	3.57758831465387	7.79229608219956e-27	1	42	77	1.55150701004723e-09	1	0	3.30185484435118	-1.81862510220008
TNFSF9	TRAF2	R-HSA-5688426	REACTOME_DEUBIQUITINATION	1.87991978242594e-320	2.98761496040202e-319	3.24465487556851	1.15950995895023	4.94069173894698e-17	1	79	145	6.92089545777064e-06	1	0	2.84326536040046	5.06353195786275
COL1A2	ITGB3	R-HSA-76002	REACTOME_PLATELET_ACTIVATION_SIGNALING_AND_AGGREGATION	6.52512498462534e-320	1.02907451175336e-318	16.249300289467	3.57758831465387	7.59460184624725e-25	1	42	77	1.55150701004723e-09	1	0	3.18442633530028	-1.81862510220008
L1CAM	ITGB3	R-HSA-76002	REACTOME_PLATELET_ACTIVATION_SIGNALING_AND_AGGREGATION	1.68923514641351e-318	2.64390880662528e-317	6.61152480504602	3.57758831465387	1.96608975372179e-23	1	42	77	1.55150701004723e-09	1	0	7.69724325085875	-1.81862510220008
COL4A3	ITGB3	R-HSA-76002	REACTOME_PLATELET_ACTIVATION_SIGNALING_AND_AGGREGATION	1.52777301115566e-317	2.3732173044076e-316	8.59500106905861	3.57758831465387	1.77816467418867e-22	1	42	77	1.55150701004723e-09	1	0	3.59636213159094	-1.81862510220008
TNC	ITGB3	R-HSA-76002	REACTOME_PLATELET_ACTIVATION_SIGNALING_AND_AGGREGATION	4.91808803377608e-317	7.58266410043255e-316	6.8277048658413	3.57758831465387	5.7241288933858e-22	1	42	77	1.55150701004723e-09	1	0	-5.58163186833725	-1.81862510220008
COMP	ITGB3	R-HSA-76002	REACTOME_PLATELET_ACTIVATION_SIGNALING_AND_AGGREGATION	5.58790271115598e-317	8.48868163236967e-316	8.97372250466624	3.57758831465387	6.50372133052145e-22	1	42	77	1.55150701004723e-09	1	0	4.52103900260026	-1.81862510220008
LTBP1	ITGB3	R-HSA-76002	REACTOME_PLATELET_ACTIVATION_SIGNALING_AND_AGGREGATION	5.54826580065272e-317	8.48868163236967e-316	4.49925244209	3.57758831465387	6.45758843519278e-22	1	42	77	1.55150701004723e-09	1	0	0.411198660997557	-1.81862510220008
THBS1	ITGB3	R-HSA-76002	REACTOME_PLATELET_ACTIVATION_SIGNALING_AND_AGGREGATION	5.96860845301847e-317	9.00083581201019e-316	7.11466682191395	3.57758831465387	6.94682212657015e-22	1	42	77	1.55150701004723e-09	1	0	-3.6446101735829	-1.81862510220008
FN1	ITGB3	R-HSA-76002	REACTOME_PLATELET_ACTIVATION_SIGNALING_AND_AGGREGATION	9.12249527774061e-317	1.3657300918498e-315	9.24511967017868	3.57758831465387	1.0617609365717e-21	1	42	77	1.55150701004723e-09	1	0	3.96729180611041	-1.81862510220008
MFGE8	ITGB3	R-HSA-76002	REACTOME_PLATELET_ACTIVATION_SIGNALING_AND_AGGREGATION	3.01694655085119e-316	4.48418098696739e-315	3.04039885756526	3.57758831465387	3.51140334715023e-21	1	42	77	1.55150701004723e-09	1	0	0.6248001109505	-1.81862510220008
COL18A1	ITGB3	R-HSA-76002	REACTOME_PLATELET_ACTIVATION_SIGNALING_AND_AGGREGATION	4.55482068472951e-316	6.72161395325168e-315	3.31748124564936	3.57758831465387	5.30132442773138e-21	1	42	77	1.55150701004723e-09	1	0	-2.93094921873315	-1.81862510220008
FBN1	ITGB3	R-HSA-76002	REACTOME_PLATELET_ACTIVATION_SIGNALING_AND_AGGREGATION	5.07557906699893e-316	7.43698322722987e-315	7.14914428394037	3.57758831465387	5.90743153210484e-21	1	42	77	1.55150701004723e-09	1	0	3.49330586689255	-1.81862510220008
FN1	IL17RC	R-HSA-9694516	REACTOME_SARS_COV_2_INFECTION	1.17366270443304e-315	1.707596582807e-314	9.24511967017868	8.72918655846065	6.12632816352371e-24	1	77	141	7.58470525795631e-06	1	0	3.96729180611041	1.41906647629544
TGFB2	TGFBR2	R-HSA-5688426	REACTOME_DEUBIQUITINATION	1.82160451761474e-315	2.63177268086649e-314	5.2298949554133	1.27629366904749	7.17039063916914e-17	1	79	144	6.92089545777064e-06	1	0	-2.29034867974236	4.98951084169741
LAMA1	GPC1	R-HSA-9694516	REACTOME_SARS_COV_2_INFECTION	2.27867923140034e-315	3.26927173036615e-314	19.8345033696564	4.73558061131978	1.18943344630146e-23	1	77	141	7.58470525795631e-06	1	0	-2.13725369701301	5.86131559783074
SLIT2	GPC1	R-HSA-9694516	REACTOME_SARS_COV_2_INFECTION	1.00656668426844e-314	1.4341839791144e-313	6.80274676319369	4.73558061131978	5.25411414907986e-23	1	77	141	7.58470525795631e-06	1	0	2.78796175154231	5.86131559783074
COL4A2	ITGB3	R-HSA-76002	REACTOME_PLATELET_ACTIVATION_SIGNALING_AND_AGGREGATION	1.63754812401601e-314	2.3172427563239e-313	2.35366848733984	3.57758831465387	1.90593099325143e-19	1	42	77	1.55150701004723e-09	1	0	6.7881869323435	-1.81862510220008
COL18A1	GPC1	R-HSA-9694516	REACTOME_SARS_COV_2_INFECTION	1.27738268386492e-313	1.79528749990885e-312	3.31748124564936	4.73558061131978	6.66772955850917e-22	1	77	141	7.58470525795631e-06	1	0	-2.93094921873315	5.86131559783074
COL1A1	CD44	R-HSA-913531	REACTOME_INTERFERON_SIGNALING	4.13316939940304e-313	5.76968106700332e-312	12.9101074672495	1.22373754881036	1.68454347242834e-21	1	72	132	3.88847656424693e-06	1	0	5.35249569933251	5.04403416569004
COL4A4	ITGB3	R-HSA-76002	REACTOME_PLATELET_ACTIVATION_SIGNALING_AND_AGGREGATION	4.18152315920601e-313	5.79800459524634e-312	2.40348737446135	3.57758831465387	4.86684603123459e-18	1	42	77	1.55150701004723e-09	1	0	0.348341817117918	-1.81862510220008
COL1A2	CD44	R-HSA-913531	REACTOME_INTERFERON_SIGNALING	1.01706466447014e-312	1.40083706453015e-311	16.249300289467	1.22373754881036	4.14521998981081e-21	1	72	132	3.88847656424693e-06	1	0	3.18442633530028	5.04403416569004
NID1	ITGB3	R-HSA-76002	REACTOME_PLATELET_ACTIVATION_SIGNALING_AND_AGGREGATION	5.40558237807663e-312	7.39598224709009e-311	1.51200808588345	3.57758831465387	6.29152013311613e-17	1	42	77	1.55150701004723e-09	1	0	-6.39088225480639	-1.81862510220008
COL1A1	ITGA1	R-HSA-1474244	REACTOME_EXTRACELLULAR_MATRIX_ORGANIZATION	9.08482599978339e-312	1.2348191128653e-310	12.9101074672495	1.06937784120538	5.11748759071151e-18	1	37	68	1.63652363339644e-10	1	0	5.35249569933251	-3.20606372686874
UBB	TGFBR2	R-HSA-5688426	REACTOME_DEUBIQUITINATION	1.66296437893778e-311	2.24554536397745e-310	1.56324007583564	1.27629366904749	6.54593470143117e-13	1	79	144	6.92089545777064e-06	1	0	5.83927178506202	4.98951084169741
LAMA1	SDC4	R-HSA-9694516	REACTOME_SARS_COV_2_INFECTION	2.13481362054527e-311	2.86397723379645e-310	19.8345033696564	1.45777712136255	1.11433793954792e-19	1	77	141	7.58470525795631e-06	1	0	-2.13725369701301	7.17743566926211
COL1A2	ITGA1	R-HSA-1474244	REACTOME_EXTRACELLULAR_MATRIX_ORGANIZATION	2.23553757766568e-311	2.97975524868214e-310	16.249300289467	1.06937784120538	1.25927957371421e-17	1	37	68	1.63652363339644e-10	1	0	3.18442633530028	-3.20606372686874
COL4A5	ITGA1	R-HSA-1474244	REACTOME_EXTRACELLULAR_MATRIX_ORGANIZATION	3.31937279951534e-311	4.3960411562812e-310	8.63911500522914	1.06937784120538	1.8698045632212e-17	1	37	68	1.63652363339644e-10	1	0	4.94978495547464	-3.20606372686874
LAMA5	SDC1	R-HSA-9694516	REACTOME_SARS_COV_2_INFECTION	3.6134546733783e-311	4.75503016254749e-310	6.39025679656551	6.46884404771167	3.10330148907865e-24	1	77	140	7.58470525795631e-06	1	0	-4.04261071031852	5.30916569519122
COL14A1	CD44	R-HSA-913531	REACTOME_INTERFERON_SIGNALING	4.18332111877095e-311	5.47008951353216e-310	7.32842319150696	1.22373754881036	1.70498365847285e-19	1	72	132	3.88847656424693e-06	1	0	11.1986159787516	5.04403416569004
COL5A2	ITGA1	R-HSA-1474244	REACTOME_EXTRACELLULAR_MATRIX_ORGANIZATION	5.67535319047513e-311	7.37438974309536e-310	8.65450559489796	1.06937784120538	3.19692964134454e-17	1	37	68	1.63652363339644e-10	1	0	4.71972607502025	-3.20606372686874
COL16A1	ITGA1	R-HSA-1474244	REACTOME_EXTRACELLULAR_MATRIX_ORGANIZATION	1.01707991204693e-310	1.3133044364306e-309	10.9159881411726	1.06937784120538	5.72921685983505e-17	1	37	68	1.63652363339644e-10	1	0	4.29305359730917	-3.20606372686874
TNC	SDC4	R-HSA-9694516	REACTOME_SARS_COV_2_INFECTION	1.2921794108281e-310	1.65816314457817e-309	6.8277048658413	1.45777712136255	6.74496606322334e-19	1	77	141	7.58470525795631e-06	1	0	-5.58163186833725	7.17743566926211
SLIT2	SDC1	R-HSA-9694516	REACTOME_SARS_COV_2_INFECTION	1.45888984386887e-310	1.86053482557598e-309	6.80274676319369	6.46884404771167	1.25292149317243e-23	1	77	140	7.58470525795631e-06	1	0	2.78796175154231	5.30916569519122
THBS1	SDC4	R-HSA-9694516	REACTOME_SARS_COV_2_INFECTION	1.56819329016356e-310	1.98766094323799e-309	7.11466682191395	1.45777712136255	8.18571355811128e-19	1	77	141	7.58470525795631e-06	1	0	-3.6446101735829	7.17743566926211
PTN	SDC1	R-HSA-9694516	REACTOME_SARS_COV_2_INFECTION	1.97456040981543e-310	2.48746451626749e-309	7.92717388064223	6.46884404771167	1.69578888181464e-23	1	77	140	7.58470525795631e-06	1	0	-1.41052729395478	5.30916569519122
TNC	SDC1	R-HSA-9694516	REACTOME_SARS_COV_2_INFECTION	1.99906076450566e-310	2.50306638755678e-309	6.8277048658413	6.46884404771167	1.7168302380971e-23	1	77	140	7.58470525795631e-06	1	0	-5.58163186833725	5.30916569519122
THBS1	SDC1	R-HSA-9694516	REACTOME_SARS_COV_2_INFECTION	2.42606688456518e-310	3.01943023103112e-309	7.11466682191395	6.46884404771167	2.08355096604458e-23	1	77	140	7.58470525795631e-06	1	0	-3.6446101735829	5.30916569519122
COL5A1	ITGA1	R-HSA-1474244	REACTOME_EXTRACELLULAR_MATRIX_ORGANIZATION	1.06093058841586e-309	1.3125045483037e-308	22.6239327382813	1.06937784120538	5.97622796623123e-16	1	37	68	1.63652363339644e-10	1	0	4.34420548048338	-3.20606372686874
APP	GPC1	R-HSA-9694516	REACTOME_SARS_COV_2_INFECTION	1.12302088628905e-309	1.38104830421023e-308	1.1092665128676	4.73558061131978	5.86198611650717e-18	1	77	141	7.58470525795631e-06	1	0	-3.96459372498046	5.86131559783074
LAMB1	ITGA1	R-HSA-1474244	REACTOME_EXTRACELLULAR_MATRIX_ORGANIZATION	1.237093676544e-309	1.51232871937273e-308	8.31776841205843	1.06937784120538	6.96855563156984e-16	1	37	68	1.63652363339644e-10	1	0	6.66423855005416	-3.20606372686874
FN1	CD44	R-HSA-913531	REACTOME_INTERFERON_SIGNALING	1.42190407418922e-309	1.72803165722055e-308	9.24511967017868	1.22373754881036	5.79521184623005e-18	1	72	132	3.88847656424693e-06	1	0	3.96729180611041	5.04403416569004
COL4A6	ITGA1	R-HSA-1474244	REACTOME_EXTRACELLULAR_MATRIX_ORGANIZATION	2.26631695760339e-309	2.73813499088222e-308	9.06481417009132	1.06937784120538	1.27661761572892e-15	1	37	68	1.63652363339644e-10	1	0	0.369504896559084	-3.20606372686874
LAMA1	ITGA1	R-HSA-1474244	REACTOME_EXTRACELLULAR_MATRIX_ORGANIZATION	2.78370696788621e-309	3.34368523003077e-308	19.8345033696564	1.06937784120538	1.56806369925808e-15	1	37	68	1.63652363339644e-10	1	0	-2.13725369701301	-3.20606372686874
COL4A3	ITGA1	R-HSA-1474244	REACTOME_EXTRACELLULAR_MATRIX_ORGANIZATION	5.23418347518879e-309	6.2507647744162e-308	8.59500106905861	1.06937784120538	2.94841849281729e-15	1	37	68	1.63652363339644e-10	1	0	3.59636213159094	-3.20606372686874
COL4A1	ITGA1	R-HSA-1474244	REACTOME_EXTRACELLULAR_MATRIX_ORGANIZATION	1.95143256201737e-308	2.31704578915396e-307	4.74562400406375	1.06937784120538	1.09924305875241e-14	1	37	68	1.63652363339644e-10	1	0	-3.11998527946727	-3.20606372686874
COL8A1	ITGA1	R-HSA-1474244	REACTOME_EXTRACELLULAR_MATRIX_ORGANIZATION	6.32429967227139e-308	7.46628749880725e-307	7.34157831085518	1.06937784120538	3.56248155920264e-14	1	37	68	1.63652363339644e-10	1	0	-5.85058866522127	-3.20606372686874
HSPG2	SDC1	R-HSA-9694516	REACTOME_SARS_COV_2_INFECTION	2.09064431303245e-307	2.45413133563923e-306	4.09583451460777	6.46884404771167	1.79548387795378e-20	1	77	140	7.58470525795631e-06	1	0	4.83775802276138	5.30916569519122
SORBS1	ITGA1	R-HSA-1474244	REACTOME_EXTRACELLULAR_MATRIX_ORGANIZATION	3.42692315153005e-307	4.00001312489326e-306	4.76887395049625	1.06937784120538	1.93038773694696e-13	1	37	68	1.63652363339644e-10	1	0	-4.81009457132471	-3.20606372686874
COL2A1	ITGA1	R-HSA-1474244	REACTOME_EXTRACELLULAR_MATRIX_ORGANIZATION	1.1871022980976e-306	1.37783895947733e-305	14.3588246029563	1.06937784120538	6.68695391586483e-13	1	37	68	1.63652363339644e-10	1	0	4.87453470539196	-3.20606372686874
LAMC1	ITGA1	R-HSA-1474244	REACTOME_EXTRACELLULAR_MATRIX_ORGANIZATION	1.22677783313317e-305	1.4159346386889e-304	2.41383536561023	1.06937784120538	6.91044642766884e-12	1	37	68	1.63652363339644e-10	1	0	1.75120519238021	-3.20606372686874
PKM	CD44	R-HSA-913531	REACTOME_INTERFERON_SIGNALING	4.16281563973824e-305	4.77798728427733e-304	1.05288583332511	1.22373754881036	1.69662630180159e-13	1	72	132	3.88847656424693e-06	1	0	0.881267560414777	5.04403416569004
COL4A4	ITGA1	R-HSA-1474244	REACTOME_EXTRACELLULAR_MATRIX_ORGANIZATION	1.43259875998827e-304	1.63522046305843e-303	2.40348737446135	1.06937784120538	8.06983686521262e-11	1	37	68	1.63652363339644e-10	1	0	0.348341817117918	-3.20606372686874
LAMA5	SDC1	R-HSA-71387	REACTOME_METABOLISM_OF_CARBOHYDRATES	1.66520548975717e-296	1.89028271529577e-295	6.39025679656551	6.46884404771167	3.10330148907865e-24	1	46	85	3.81709057873828e-08	1	0	-4.04261071031852	5.30916569519122
LAMA1	GPC1	R-HSA-71387	REACTOME_METABOLISM_OF_CARBOHYDRATES	2.78233941239176e-296	3.14115476830676e-295	19.8345033696564	4.73558061131978	1.18943344630146e-23	1	47	86	3.68065068734728e-08	1	0	-2.13725369701301	5.86131559783074
SLIT2	SDC1	R-HSA-71387	REACTOME_METABOLISM_OF_CARBOHYDRATES	6.72307139995256e-296	7.54883995233804e-295	6.80274676319369	6.46884404771167	1.25292149317243e-23	1	46	85	3.81709057873828e-08	1	0	2.78796175154231	5.30916569519122
PTN	SDC1	R-HSA-71387	REACTOME_METABOLISM_OF_CARBOHYDRATES	9.09946057579245e-296	1.01618840808579e-294	7.92717388064223	6.46884404771167	1.69578888181464e-23	1	46	85	3.81709057873828e-08	1	0	-1.41052729395478	5.30916569519122
TNC	SDC1	R-HSA-71387	REACTOME_METABOLISM_OF_CARBOHYDRATES	9.21236672466904e-296	1.02326611038528e-294	6.8277048658413	6.46884404771167	1.7168302380971e-23	1	46	85	3.81709057873828e-08	1	0	-5.58163186833725	5.30916569519122
THBS1	SDC1	R-HSA-71387	REACTOME_METABOLISM_OF_CARBOHYDRATES	1.11801593208282e-295	1.23519835063268e-294	7.11466682191395	6.46884404771167	2.08355096604458e-23	1	46	85	3.81709057873828e-08	1	0	-3.6446101735829	5.30916569519122
SLIT2	GPC1	R-HSA-71387	REACTOME_METABOLISM_OF_CARBOHYDRATES	1.22904975639007e-295	1.35064723228824e-294	6.80274676319369	4.73558061131978	5.25411414907986e-23	1	47	86	3.68065068734728e-08	1	0	2.78796175154231	5.86131559783074
COL18A1	GPC1	R-HSA-71387	REACTOME_METABOLISM_OF_CARBOHYDRATES	1.55972465710433e-294	1.70496885797754e-293	3.31748124564936	4.73558061131978	6.66772955850917e-22	1	47	86	3.68065068734728e-08	1	0	-2.93094921873315	5.86131559783074
LAMA1	SDC4	R-HSA-71387	REACTOME_METABOLISM_OF_CARBOHYDRATES	9.41036408910065e-293	1.02325327410958e-291	19.8345033696564	1.45777712136255	1.11433793954792e-19	1	47	86	3.58808391142228e-08	1	0	-2.13725369701301	7.17743566926211
HSPG2	SDC1	R-HSA-71387	REACTOME_METABOLISM_OF_CARBOHYDRATES	9.63441554377235e-293	1.04213102164574e-291	4.09583451460777	6.46884404771167	1.79548387795378e-20	1	46	85	3.81709057873828e-08	1	0	4.83775802276138	5.30916569519122
TNC	SDC4	R-HSA-71387	REACTOME_METABOLISM_OF_CARBOHYDRATES	5.69599079156452e-292	6.12912342467307e-291	6.8277048658413	1.45777712136255	6.74496606322334e-19	1	47	86	3.58808391142228e-08	1	0	-5.58163186833725	7.17743566926211
THBS1	SDC4	R-HSA-71387	REACTOME_METABOLISM_OF_CARBOHYDRATES	6.91267363131917e-292	7.39978431207534e-291	7.11466682191395	1.45777712136255	8.18571355811128e-19	1	47	86	3.58808391142228e-08	1	0	-3.6446101735829	7.17743566926211
APP	GPC1	R-HSA-71387	REACTOME_METABOLISM_OF_CARBOHYDRATES	1.37124402021545e-290	1.460304198848e-289	1.1092665128676	4.73558061131978	5.86198611650717e-18	1	47	86	3.68065068734728e-08	1	0	-3.96459372498046	5.86131559783074
S100B	APP	R-HSA-9658195	REACTOME_LEISHMANIA_INFECTION	1.04383389339307e-289	1.10592862756414e-288	4.2249108102541	1.1092665128676	4.28808301832756e-15	1	48	89	7.09073087516085e-08	1	0	5.19212134952298	-3.96459372498046
CDH1	EGFR	R-HSA-8856828	REACTOME_CLATHRIN_MEDIATED_ENDOCYTOSIS	1.97264555353298e-281	2.07932944571385e-280	14.0529638668967	2.89751774661206	1.12509612679447e-22	1	50	91	1.64190965127472e-07	1	0	6.06941827582005	6.35694186809355
DCN	EGFR	R-HSA-8856828	REACTOME_CLATHRIN_MEDIATED_ENDOCYTOSIS	1.11762791680123e-280	1.1720910031022e-279	15.215347949085	2.89751774661206	6.37437799273358e-22	1	50	91	1.64190965127472e-07	1	0	-5.95640031910379	6.35694186809355
SERPINE1	LRP2	R-HSA-8856828	REACTOME_CLATHRIN_MEDIATED_ENDOCYTOSIS	3.3195119334419e-280	3.46369275479342e-279	6.28331526418205	5.72249204709186	1.80505435793913e-21	1	48	89	1.69333858668831e-07	1	0	-6.39088225480639	-2.26417799144396
L1CAM	EGFR	R-HSA-8856828	REACTOME_CLATHRIN_MEDIATED_ENDOCYTOSIS	1.29708817566705e-278	1.34662521152167e-277	6.61152480504602	2.89751774661206	7.39792751891101e-20	1	50	91	1.64190965127472e-07	1	0	7.69724325085875	6.35694186809355
EFEMP1	EGFR	R-HSA-8856828	REACTOME_CLATHRIN_MEDIATED_ENDOCYTOSIS	2.72070565482297e-278	2.81048894143213e-277	11.0825504472025	2.89751774661206	1.55175134676721e-19	1	50	91	1.64190965127472e-07	1	0	6.63580333837864	6.35694186809355
TCN2	LRP2	R-HSA-8856828	REACTOME_CLATHRIN_MEDIATED_ENDOCYTOSIS	7.1549478307953e-278	7.35428966090701e-277	6.55836363827325	5.72249204709186	3.8906532110017e-19	1	48	89	1.69333858668831e-07	1	0	6.82456786242144	-2.26417799144396
TNC	EGFR	R-HSA-8856828	REACTOME_CLATHRIN_MEDIATED_ENDOCYTOSIS	3.77637892143528e-277	3.86237566915113e-276	6.8277048658413	2.89751774661206	2.15385338243132e-18	1	50	91	1.64190965127472e-07	1	0	-5.58163186833725	6.35694186809355
WNT5A	LRP2	R-HSA-8856828	REACTOME_CLATHRIN_MEDIATED_ENDOCYTOSIS	9.56578693132358e-277	9.73542650251946e-276	3.71867437883844	5.72249204709186	5.20159762450362e-18	1	48	89	1.69333858668831e-07	1	0	3.85719962716077	-2.26417799144396
WNT5A	LDLR	R-HSA-8856828	REACTOME_CLATHRIN_MEDIATED_ENDOCYTOSIS	1.12661812229917e-276	1.14097698072063e-275	3.71867437883844	2.55762367686529	6.1262227464889e-18	1	48	89	1.69333858668831e-07	1	0	3.85719962716077	2.96352383260928
HSPG2	LRP2	R-HSA-8856828	REACTOME_CLATHRIN_MEDIATED_ENDOCYTOSIS	8.928204161553e-276	8.99788770622853e-275	4.09583451460777	5.72249204709186	4.85489859759939e-17	1	48	89	1.69333858668831e-07	1	0	4.83775802276138	-2.26417799144396
ANXA1	EGFR	R-HSA-8856828	REACTOME_CLATHRIN_MEDIATED_ENDOCYTOSIS	3.0303160790538e-274	3.03914224239085e-273	2.36495705120345	2.89751774661206	1.72833729678414e-15	1	50	91	1.64190965127472e-07	1	0	5.26706875945552	6.35694186809355
UBB	LRP2	R-HSA-8856828	REACTOME_CLATHRIN_MEDIATED_ENDOCYTOSIS	8.37795295363598e-274	8.36176367256615e-273	1.56324007583564	5.72249204709186	4.55568794232031e-15	1	48	89	1.69333858668831e-07	1	0	5.83927178506202	-2.26417799144396
UBB	LDLR	R-HSA-8856828	REACTOME_CLATHRIN_MEDIATED_ENDOCYTOSIS	9.86720036009638e-274	9.8007865115188e-273	1.56324007583564	2.55762367686529	5.36549750920251e-15	1	48	89	1.69333858668831e-07	1	0	5.83927178506202	2.96352383260928
BMP7	BMPR1A	R-HSA-9006936	REACTOME_SIGNALING_BY_TGFB_FAMILY_MEMBERS	2.19919071163579e-270	2.17393684700457e-269	10.079912551582	1.54364056065855	2.80607705648732e-18	1	56	102	1.02117010045055e-06	1	0	6.37819869502286	-6.39088225480639
S100B	APP	R-HSA-373076	REACTOME_CLASS_A_1_RHODOPSIN_LIKE_RECEPTORS	3.15825295905588e-269	3.10711933971878e-268	4.2249108102541	1.1092665128676	4.28808301832756e-15	1	29	53	1.72362037561676e-11	1	0	5.19212134952298	-3.96459372498046
WNT5A	RYK	R-HSA-195721	REACTOME_SIGNALING_BY_WNT	3.3446132077376e-269	3.27486771904544e-268	3.71867437883844	1.36379963667435	2.21930030703482e-16	1	63	116	4.95004149086155e-06	1	0	3.85719962716077	-3.39021534426318
CDH1	LRP5	R-HSA-195721	REACTOME_SIGNALING_BY_WNT	9.40266851365127e-268	9.16316657981298e-267	14.0529638668967	2.24213943703044	2.43174513828714e-24	1	62	114	6.0724997951842e-06	1	0	6.06941827582005	5.16490511053939
WNT5A	FZD2	R-HSA-195721	REACTOME_SIGNALING_BY_WNT	4.40452600775e-267	4.27218344225892e-266	3.71867437883844	3.90733841238929	3.10772352419006e-19	1	63	115	4.95004149086155e-06	1	0	3.85719962716077	10.3444172123752
WNT5A	ROR2	R-HSA-195721	REACTOME_SIGNALING_BY_WNT	9.44504638531899e-267	9.11844197760235e-266	3.71867437883844	3.30568873091291	6.66418878832243e-19	1	63	115	4.95004149086155e-06	1	0	3.85719962716077	-5.72372856773429
WNT5A	FZD6	R-HSA-195721	REACTOME_SIGNALING_BY_WNT	4.55916109753327e-266	4.38103573372267e-265	3.71867437883844	2.25671619218573	3.21683018069275e-18	1	63	115	4.95004149086155e-06	1	0	3.85719962716077	4.99946175763607
BMP6	BMPR1A	R-HSA-9006936	REACTOME_SIGNALING_BY_TGFB_FAMILY_MEMBERS	4.63251014827957e-266	4.43091016960444e-265	2.76539766941981	1.54364056065855	5.91089275352704e-14	1	56	102	1.02117010045055e-06	1	0	6.04866130301272	-6.39088225480639
BMP4	BMPR1A	R-HSA-9006936	REACTOME_SIGNALING_BY_TGFB_FAMILY_MEMBERS	1.42984701008832e-265	1.36131978011173e-264	1.8873058499433	1.54364056065855	1.82442608004262e-13	1	56	102	1.02117010045055e-06	1	0	8.26547188200871	-6.39088225480639
BMP7	BMPR1B	R-HSA-9006936	REACTOME_SIGNALING_BY_TGFB_FAMILY_MEMBERS	4.39313268111336e-265	4.16340005466982e-264	10.079912551582	9.28654776888433	7.88319056684898e-24	1	55	101	1.7607484049129e-06	1	0	6.37819869502286	2.51642733497908
S100B	APP	R-HSA-416476	REACTOME_G_ALPHA_Q_SIGNALLING_EVENTS	2.00253944825948e-263	1.88915365301556e-262	4.2249108102541	1.1092665128676	4.28808301832756e-15	1	31	58	3.49196248381686e-10	1	0	5.19212134952298	-3.96459372498046
THBS1	LRP5	R-HSA-195721	REACTOME_SIGNALING_BY_WNT	2.18451186041713e-263	2.05145522891899e-262	7.11466682191395	2.24213943703044	5.64964731914931e-20	1	62	114	6.0724997951842e-06	1	0	-3.6446101735829	5.16490511053939
CDH1	EGFR	R-HSA-416476	REACTOME_G_ALPHA_Q_SIGNALLING_EVENTS	2.6013538502481e-262	2.43185387086542e-261	14.0529638668967	2.89751774661206	1.12509612679447e-22	1	31	57	3.36164725775894e-10	1	0	6.06941827582005	6.35694186809355
FST	BMPR1B	R-HSA-9006936	REACTOME_SIGNALING_BY_TGFB_FAMILY_MEMBERS	7.02211282156961e-262	6.53499328349676e-261	8.13654926371034	9.28654776888433	1.2600724260465e-20	1	55	101	1.7607484049129e-06	1	0	8.82976096584238	2.51642733497908
TGFB2	TGFBR2	R-HSA-9006936	REACTOME_SIGNALING_BY_TGFB_FAMILY_MEMBERS	1.22401623047713e-261	1.13399889334787e-260	5.2298949554133	1.27629366904749	7.17039063916914e-17	1	57	104	1.88051359549594e-06	1	0	-2.29034867974236	4.98951084169741
FBLN2	ITGB3	R-HSA-9006936	REACTOME_SIGNALING_BY_TGFB_FAMILY_MEMBERS	1.27894170862983e-261	1.17959534376305e-260	16.4383713511822	3.57758831465387	7.79229608219956e-27	1	54	99	1.88051359549594e-06	1	0	3.30185484435118	-1.81862510220008
DCN	EGFR	R-HSA-416476	REACTOME_G_ALPHA_Q_SIGNALLING_EVENTS	1.47383075449547e-261	1.35330415057228e-260	15.215347949085	2.89751774661206	6.37437799273358e-22	1	31	57	3.36164725775894e-10	1	0	-5.95640031910379	6.35694186809355
WNT5A	LRP5	R-HSA-195721	REACTOME_SIGNALING_BY_WNT	2.01691863684371e-261	1.84378491315005e-260	3.71867437883844	2.24213943703044	5.21621291056325e-18	1	62	114	6.0724997951842e-06	1	0	3.85719962716077	5.16490511053939
WNT7B	LRP5	R-HSA-195721	REACTOME_SIGNALING_BY_WNT	4.57517436324269e-261	4.16401331914511e-260	2.42858798645497	2.24213943703044	1.18324473509606e-17	1	62	114	6.0724997951842e-06	1	0	1.8727407244592	5.16490511053939
BMP6	BMPR1B	R-HSA-9006936	REACTOME_SIGNALING_BY_TGFB_FAMILY_MEMBERS	9.2539640242745e-261	8.38539020796102e-260	2.76539766941981	9.28654776888433	1.6605635931677e-19	1	55	101	1.7607484049129e-06	1	0	6.04866130301272	2.51642733497908
WNT2	FZD3	R-HSA-195721	REACTOME_SIGNALING_BY_WNT	1.61009906551597e-260	1.45260465910742e-259	15.1295630659464	1.66337722608805	2.24499804035283e-17	1	63	115	6.0724997951842e-06	1	0	-6.39088225480639	4.47201671447128
BMP4	BMPR1B	R-HSA-9006936	REACTOME_SIGNALING_BY_TGFB_FAMILY_MEMBERS	2.85628144743251e-260	2.56568585669372e-259	1.8873058499433	9.28654776888433	5.12541108978281e-19	1	55	101	1.7607484049129e-06	1	0	8.26547188200871	2.51642733497908
WNT7A	LRP6	R-HSA-195721	REACTOME_SIGNALING_BY_WNT	1.02357847807559e-259	9.1546023190657e-259	15.2655342371858	2.01771047584325	2.64720806024577e-16	1	62	114	6.0724997951842e-06	1	0	2.04463249164883	-6.39088225480639
WNT2	LRP6	R-HSA-195721	REACTOME_SIGNALING_BY_WNT	1.03845270428817e-259	9.24760037525589e-259	15.1295630659464	2.01771047584325	2.68567621130918e-16	1	62	114	6.0724997951842e-06	1	0	-6.39088225480639	-6.39088225480639
COL1A2	ITGB3	R-HSA-9006936	REACTOME_SIGNALING_BY_TGFB_FAMILY_MEMBERS	1.24649435277375e-259	1.10526065786719e-258	16.249300289467	3.57758831465387	7.59460184624725e-25	1	54	99	1.88051359549594e-06	1	0	3.18442633530028	-1.81862510220008
L1CAM	EGFR	R-HSA-416476	REACTOME_G_ALPHA_Q_SIGNALLING_EVENTS	1.71048737764352e-259	1.51019953940663e-258	6.61152480504602	2.89751774661206	7.39792751891101e-20	1	31	57	3.36164725775894e-10	1	0	7.69724325085875	6.35694186809355
WNT5A	FZD3	R-HSA-195721	REACTOME_SIGNALING_BY_WNT	2.14124586253383e-259	1.88247402212549e-258	3.71867437883844	1.66337722608805	2.98558819656328e-16	1	63	115	6.0724997951842e-06	1	0	3.85719962716077	4.47201671447128
EFEMP1	EGFR	R-HSA-416476	REACTOME_G_ALPHA_Q_SIGNALLING_EVENTS	3.58783062567413e-259	3.14087206467913e-258	11.0825504472025	2.89751774661206	1.55175134676721e-19	1	31	57	3.36164725775894e-10	1	0	6.63580333837864	6.35694186809355
CDH1	IGF1R	R-HSA-9006931	REACTOME_SIGNALING_BY_NUCLEAR_RECEPTORS	6.80371805303936e-259	5.93100485129929e-258	14.0529638668967	5.92947905626477	6.3967864714391e-27	1	68	124	1.98875875090621e-05	1	0	6.06941827582005	3.65530470112101
L1CAM	ITGB3	R-HSA-9006936	REACTOME_SIGNALING_BY_TGFB_FAMILY_MEMBERS	3.22692331299965e-258	2.80118637170474e-257	6.61152480504602	3.57758831465387	1.96608975372179e-23	1	54	99	1.88051359549594e-06	1	0	7.69724325085875	-1.81862510220008
TNC	EGFR	R-HSA-416476	REACTOME_G_ALPHA_Q_SIGNALLING_EVENTS	4.97996096139893e-258	4.30485328294987e-257	6.8277048658413	2.89751774661206	2.15385338243132e-18	1	31	57	3.36164725775894e-10	1	0	-5.58163186833725	6.35694186809355
UBB	TGFBR2	R-HSA-9006936	REACTOME_SIGNALING_BY_TGFB_FAMILY_MEMBERS	1.11741894150465e-257	9.61911472145253e-257	1.56324007583564	1.27629366904749	6.54593470143117e-13	1	57	104	1.88051359549594e-06	1	0	5.83927178506202	4.98951084169741
COL4A3	ITGB3	R-HSA-9006936	REACTOME_SIGNALING_BY_TGFB_FAMILY_MEMBERS	2.91848377248793e-257	2.501903516166e-256	8.59500106905861	3.57758831465387	1.77816467418867e-22	1	54	99	1.88051359549594e-06	1	0	3.59636213159094	-1.81862510220008
FN1	IL17RC	R-HSA-9705683	REACTOME_SARS_COV_2_HOST_INTERACTIONS	5.21524070433564e-257	4.45235012196588e-256	9.24511967017868	8.72918655846065	6.12632816352371e-24	1	64	117	1.13608335341732e-05	1	0	3.96729180611041	1.41906647629544
TNC	ITGB3	R-HSA-9006936	REACTOME_SIGNALING_BY_TGFB_FAMILY_MEMBERS	9.39495510706744e-257	7.98764495934211e-256	6.8277048658413	3.57758831465387	5.7241288933858e-22	1	54	99	1.88051359549594e-06	1	0	-5.58163186833725	-1.81862510220008
LTBP1	ITGB3	R-HSA-9006936	REACTOME_SIGNALING_BY_TGFB_FAMILY_MEMBERS	1.05987748666276e-256	8.97420855510351e-256	4.49925244209	3.57758831465387	6.45758843519278e-22	1	54	99	1.88051359549594e-06	1	0	0.411198660997557	-1.81862510220008
COMP	ITGB3	R-HSA-9006936	REACTOME_SIGNALING_BY_TGFB_FAMILY_MEMBERS	1.06744923231427e-256	9.00142903657665e-256	8.97372250466624	3.57758831465387	6.50372133052145e-22	1	54	99	1.88051359549594e-06	1	0	4.52103900260026	-1.81862510220008
THBS1	ITGB3	R-HSA-9006936	REACTOME_SIGNALING_BY_TGFB_FAMILY_MEMBERS	1.14017491973884e-256	9.57561538284733e-256	7.11466682191395	3.57758831465387	6.94682212657015e-22	1	54	99	1.88051359549594e-06	1	0	-3.6446101735829	-1.81862510220008
FN1	ITGB3	R-HSA-9006936	REACTOME_SIGNALING_BY_TGFB_FAMILY_MEMBERS	1.742657532582e-256	1.4576236689532e-255	9.24511967017868	3.57758831465387	1.0617609365717e-21	1	54	99	1.88051359549594e-06	1	0	3.96729180611041	-1.81862510220008
MFGE8	ITGB3	R-HSA-9006936	REACTOME_SIGNALING_BY_TGFB_FAMILY_MEMBERS	5.76323095159543e-256	4.80114320403071e-255	3.04039885756526	3.57758831465387	3.51140334715023e-21	1	54	99	1.88051359549594e-06	1	0	0.6248001109505	-1.81862510220008
COL18A1	ITGB3	R-HSA-9006936	REACTOME_SIGNALING_BY_TGFB_FAMILY_MEMBERS	8.7010103955008e-256	7.2193925610862e-255	3.31748124564936	3.57758831465387	5.30132442773138e-21	1	54	99	1.88051359549594e-06	1	0	-2.93094921873315	-1.81862510220008
FBN1	ITGB3	R-HSA-9006936	REACTOME_SIGNALING_BY_TGFB_FAMILY_MEMBERS	9.69580788202194e-256	8.01261563370293e-255	7.14914428394037	3.57758831465387	5.90743153210484e-21	1	54	99	1.88051359549594e-06	1	0	3.49330586689255	-1.81862510220008
ANXA1	EGFR	R-HSA-416476	REACTOME_G_ALPHA_Q_SIGNALLING_EVENTS	3.99611799778075e-255	3.28923497347213e-254	2.36495705120345	2.89751774661206	1.72833729678414e-15	1	31	57	3.36164725775894e-10	1	0	5.26706875945552	6.35694186809355
CDH1	EGFR	R-HSA-9006931	REACTOME_SIGNALING_BY_NUCLEAR_RECEPTORS	1.19666911869798e-254	9.81078729853187e-254	14.0529638668967	2.89751774661206	1.12509612679447e-22	1	68	124	1.98875875090621e-05	1	0	6.06941827582005	6.35694186809355
IGF2	IGF1R	R-HSA-9006931	REACTOME_SIGNALING_BY_NUCLEAR_RECEPTORS	1.64730340905508e-254	1.34518926605051e-253	18.0532452059045	5.92947905626477	1.54877790044397e-22	1	68	124	1.98875875090621e-05	1	0	-5.75305615435799	3.65530470112101
COL4A2	ITGB3	R-HSA-9006936	REACTOME_SIGNALING_BY_TGFB_FAMILY_MEMBERS	3.12818534527692e-254	2.54442162336303e-253	2.35366848733984	3.57758831465387	1.90593099325143e-19	1	54	99	1.88051359549594e-06	1	0	6.7881869323435	-1.81862510220008
DCN	EGFR	R-HSA-9006931	REACTOME_SIGNALING_BY_NUCLEAR_RECEPTORS	6.77988405892518e-254	5.49303547676056e-253	15.215347949085	2.89751774661206	6.37437799273358e-22	1	68	124	1.98875875090621e-05	1	0	-5.95640031910379	6.35694186809355
COL4A4	ITGB3	R-HSA-9006936	REACTOME_SIGNALING_BY_TGFB_FAMILY_MEMBERS	7.98790537880654e-253	6.44648926273996e-252	2.40348737446135	3.57758831465387	4.86684603123459e-18	1	54	99	1.88051359549594e-06	1	0	0.348341817117918	-1.81862510220008
CDH1	CDH2	R-HSA-381426	REACTOME_REGULATION_OF_INSULIN_LIKE_GROWTH_FACTOR_IGF_TRANSPORT_AND_UPTAKE_BY_INSULIN_LIKE_GROWTH_FACTOR_BINDING_PROTEINS_IGFBPS	6.18402859664657e-252	4.9712852453976e-251	14.0529638668967	2.0317292993972	1.27200479181701e-23	1	34	62	3.3097632863369e-09	1	0	6.06941827582005	4.07373521578657
L1CAM	EGFR	R-HSA-9006931	REACTOME_SIGNALING_BY_NUCLEAR_RECEPTORS	7.86854668984564e-252	6.30093700047329e-251	6.61152480504602	2.89751774661206	7.39792751891101e-20	1	68	124	1.98875875090621e-05	1	0	7.69724325085875	6.35694186809355
NID1	ITGB3	R-HSA-9006936	REACTOME_SIGNALING_BY_TGFB_FAMILY_MEMBERS	1.03262086348434e-251	8.23704518902951e-251	1.51200808588345	3.57758831465387	6.29152013311613e-17	1	54	99	1.88051359549594e-06	1	0	-6.39088225480639	-1.81862510220008
EFEMP1	EGFR	R-HSA-9006931	REACTOME_SIGNALING_BY_NUCLEAR_RECEPTORS	1.65046601117092e-251	1.3114856842612e-250	11.0825504472025	2.89751774661206	1.55175134676721e-19	1	68	124	1.98875875090621e-05	1	0	6.63580333837864	6.35694186809355
TNFSF12	TRAF2	R-HSA-5357801	REACTOME_PROGRAMMED_CELL_DEATH	2.80544967736243e-251	2.22071227334513e-250	8.71305866963411	1.15950995895023	1.64631811656911e-18	1	56	103	3.38736812938829e-06	1	0	2.36479248772075	5.06353195786275
DSC2	DSG2	R-HSA-5357801	REACTOME_PROGRAMMED_CELL_DEATH	9.59371258954201e-251	7.56511840076099e-250	2.28335225512097	4.70921389030315	5.62986496202966e-18	1	56	103	3.38736812938829e-06	1	0	-0.987889142305063	-6.39088225480639
TNC	EGFR	R-HSA-9006931	REACTOME_SIGNALING_BY_NUCLEAR_RECEPTORS	2.29087076879574e-250	1.79959658111482e-249	6.8277048658413	2.89751774661206	2.15385338243132e-18	1	68	124	1.98875875090621e-05	1	0	-5.58163186833725	6.35694186809355
TNFSF9	TRAF2	R-HSA-5357801	REACTOME_PROGRAMMED_CELL_DEATH	8.41930967379607e-250	6.58874764623586e-249	3.24465487556851	1.15950995895023	4.94069173894698e-17	1	56	103	3.38736812938829e-06	1	0	2.84326536040046	5.06353195786275
ANXA1	EGFR	R-HSA-9006931	REACTOME_SIGNALING_BY_NUCLEAR_RECEPTORS	1.83828547668029e-247	1.43316897917792e-246	2.36495705120345	2.89751774661206	1.72833729678414e-15	1	68	124	1.98875875090621e-05	1	0	5.26706875945552	6.35694186809355
CDH1	EGFR	R-HSA-157118	REACTOME_SIGNALING_BY_NOTCH	1.10884035336226e-245	8.61227131596403e-245	14.0529638668967	2.89751774661206	1.12509612679447e-22	1	52	95	2.03692146018178e-06	1	0	6.06941827582005	6.35694186809355
DCN	EGFR	R-HSA-157118	REACTOME_SIGNALING_BY_NOTCH	6.28227880053711e-245	4.86111910183883e-244	15.215347949085	2.89751774661206	6.37437799273358e-22	1	52	95	2.03692146018178e-06	1	0	-5.95640031910379	6.35694186809355
S100B	APP	R-HSA-381426	REACTOME_REGULATION_OF_INSULIN_LIKE_GROWTH_FACTOR_IGF_TRANSPORT_AND_UPTAKE_BY_INSULIN_LIKE_GROWTH_FACTOR_BINDING_PROTEINS_IGFBPS	2.08471132976258e-243	1.60709462958563e-242	4.2249108102541	1.1092665128676	4.28808301832756e-15	1	34	62	3.3097632863369e-09	1	0	5.19212134952298	-3.96459372498046
L1CAM	EGFR	R-HSA-157118	REACTOME_SIGNALING_BY_NOTCH	7.29103973327978e-243	5.59973534905428e-242	6.61152480504602	2.89751774661206	7.39792751891101e-20	1	52	95	2.03692146018178e-06	1	0	7.69724325085875	6.35694186809355
EFEMP1	EGFR	R-HSA-157118	REACTOME_SIGNALING_BY_NOTCH	1.52933111287302e-242	1.17022151081321e-241	11.0825504472025	2.89751774661206	1.55175134676721e-19	1	52	95	2.03692146018178e-06	1	0	6.63580333837864	6.35694186809355
DLL1	NOTCH3	R-HSA-157118	REACTOME_SIGNALING_BY_NOTCH	1.24528880273752e-241	9.49360393526092e-241	1.7551729771455	5.25731792952174	1.26354493183093e-18	1	52	95	2.03692146018178e-06	1	0	-4.9727519451242	3.62905424098445
TNC	EGFR	R-HSA-157118	REACTOME_SIGNALING_BY_NOTCH	2.12273377250896e-241	1.61234116691305e-240	6.8277048658413	2.89751774661206	2.15385338243132e-18	1	52	95	2.03692146018178e-06	1	0	-5.58163186833725	6.35694186809355
TNFSF12	TRAF2	R-HSA-168898	REACTOME_TOLL_LIKE_RECEPTOR_CASCADES	1.97578511992344e-239	1.49522785998602e-238	8.71305866963411	1.15950995895023	1.64631811656911e-18	1	51	93	1.73410449377638e-06	1	0	2.36479248772075	5.06353195786275
ANXA1	EGFR	R-HSA-157118	REACTOME_SIGNALING_BY_NOTCH	1.70336568872162e-238	1.28436259594849e-237	2.36495705120345	2.89751774661206	1.72833729678414e-15	1	52	95	2.03692146018178e-06	1	0	5.26706875945552	6.35694186809355
TNFSF9	TRAF2	R-HSA-168898	REACTOME_TOLL_LIKE_RECEPTOR_CASCADES	5.92944044148853e-238	4.45462689167829e-237	3.24465487556851	1.15950995895023	4.94069173894698e-17	1	51	93	1.73410449377638e-06	1	0	2.84326536040046	5.06353195786275
TNFSF12	TRAF2	R-HSA-5689880	REACTOME_UB_SPECIFIC_PROCESSING_PROTEASES	2.19945267084922e-236	1.64640189057047e-235	8.71305866963411	1.15950995895023	1.64631811656911e-18	1	56	103	6.92089545777064e-06	1	0	2.36479248772075	5.06353195786275
S100B	APP	R-HSA-168898	REACTOME_TOLL_LIKE_RECEPTOR_CASCADES	6.3317980189428e-236	4.72256126611402e-235	4.2249108102541	1.1092665128676	4.28808301832756e-15	1	50	92	1.76781539138881e-06	1	0	5.19212134952298	-3.96459372498046
TNFSF9	TRAF2	R-HSA-5689880	REACTOME_UB_SPECIFIC_PROCESSING_PROTEASES	6.60067913467163e-235	4.90539679576676e-234	3.24465487556851	1.15950995895023	4.94069173894698e-17	1	56	103	6.92089545777064e-06	1	0	2.84326536040046	5.06353195786275
COL17A1	CD151	R-HSA-1474290	REACTOME_COLLAGEN_FORMATION	1.67380467296545e-222	1.23945535998087e-221	11.5471101838395	2.16464414967756	4.18410938528817e-25	1	22	40	1.0604014573822e-11	1	0	6.32959073051544	6.83968538959107
COL17A1	ITGB4	R-HSA-1474290	REACTOME_COLLAGEN_FORMATION	4.73384823559389e-221	3.49290373383464e-220	11.5471101838395	7.42190860929556	4.4438019528235e-29	1	22	40	2.04651287964671e-11	1	0	6.32959073051544	0.000435230421763041
LAMB3	COL17A1	R-HSA-1474290	REACTOME_COLLAGEN_FORMATION	2.81862225197285e-220	2.07233934967114e-219	1.20907444031088	11.5471101838395	7.04587817715162e-23	1	22	40	1.0604014573822e-11	1	0	2.59517547975114	6.32959073051544
LAMB2	ITGB4	R-HSA-1474290	REACTOME_COLLAGEN_FORMATION	2.77029405584777e-218	2.02958422673102e-217	12.5087294742221	7.42190860929556	2.6005561485279e-26	1	22	40	2.04651287964671e-11	1	0	-4.4327218444072	0.000435230421763041
LAMB1	ITGB4	R-HSA-1474290	REACTOME_COLLAGEN_FORMATION	3.08711762338249e-217	2.25370495049761e-216	8.31776841205843	7.42190860929556	2.89796770843497e-25	1	22	40	2.04651287964671e-11	1	0	6.66423855005416	0.000435230421763041
LAMA1	ITGB4	R-HSA-1474290	REACTOME_COLLAGEN_FORMATION	6.94662902400544e-217	5.05342801535043e-216	19.8345033696564	7.42190860929556	6.52100407239671e-25	1	22	40	2.04651287964671e-11	1	0	-2.13725369701301	0.000435230421763041
LAMA5	ITGB4	R-HSA-1474290	REACTOME_COLLAGEN_FORMATION	7.60034968749744e-217	5.50958682609464e-216	6.39025679656551	7.42190860929556	7.13467080112369e-25	1	22	40	2.04651287964671e-11	1	0	-4.04261071031852	0.000435230421763041
CDH1	IGF1R	R-HSA-8939211	REACTOME_ESR_MEDIATED_SIGNALING	1.65799024113437e-215	1.19769504831595e-214	14.0529638668967	5.92947905626477	6.3967864714391e-27	1	52	96	1.55963584123857e-05	1	0	6.06941827582005	3.65530470112101
TNFSF12	TRAF2	R-HSA-109581	REACTOME_APOPTOSIS	8.88526647586676e-215	6.39615349795844e-214	8.71305866963411	1.15950995895023	1.64631811656911e-18	1	46	84	2.23201828780279e-06	1	0	2.36479248772075	5.06353195786275
DSC2	DSG2	R-HSA-109581	REACTOME_APOPTOSIS	3.03846807657232e-214	2.17967883548556e-213	2.28335225512097	4.70921389030315	5.62986496202966e-18	1	46	84	2.23201828780279e-06	1	0	-0.987889142305063	-6.39088225480639
TNFSF9	TRAF2	R-HSA-109581	REACTOME_APOPTOSIS	2.66651762097733e-213	1.90623716433881e-212	3.24465487556851	1.15950995895023	4.94069173894698e-17	1	46	84	2.23201828780279e-06	1	0	2.84326536040046	5.06353195786275
LAMB3	CD151	R-HSA-1474290	REACTOME_COLLAGEN_FORMATION	2.97982359932713e-213	2.12286743317581e-212	1.20907444031088	2.16464414967756	7.4488428009695e-16	1	22	40	1.0604014573822e-11	1	0	2.59517547975114	6.83968538959107
LAMC1	ITGB4	R-HSA-1474290	REACTOME_COLLAGEN_FORMATION	3.0613748501411e-213	2.1734709417153e-212	2.41383536561023	7.42190860929556	2.87380221340684e-21	1	22	40	2.04651287964671e-11	1	0	1.75120519238021	0.000435230421763041
LAMB3	ITGB4	R-HSA-1474290	REACTOME_COLLAGEN_FORMATION	8.42752617189456e-212	5.9627633805254e-211	1.20907444031088	7.42190860929556	7.91116558797704e-20	1	22	40	2.04651287964671e-11	1	0	2.59517547975114	0.000435230421763041
CDH1	EGFR	R-HSA-8939211	REACTOME_ESR_MEDIATED_SIGNALING	2.91614923663952e-211	2.05623355730282e-210	14.0529638668967	2.89751774661206	1.12509612679447e-22	1	52	96	1.55963584123857e-05	1	0	6.06941827582005	6.35694186809355
IGF2	IGF1R	R-HSA-8939211	REACTOME_ESR_MEDIATED_SIGNALING	4.01429476516978e-211	2.82092958668053e-210	18.0532452059045	5.92947905626477	1.54877790044397e-22	1	52	96	1.55963584123857e-05	1	0	-5.75305615435799	3.65530470112101
DCN	EGFR	R-HSA-8939211	REACTOME_ESR_MEDIATED_SIGNALING	1.65218216247202e-210	1.1570875754804e-209	15.215347949085	2.89751774661206	6.37437799273358e-22	1	52	96	1.55963584123857e-05	1	0	-5.95640031910379	6.35694186809355
L1CAM	EGFR	R-HSA-8939211	REACTOME_ESR_MEDIATED_SIGNALING	1.91747710912952e-208	1.33834719846675e-207	6.61152480504602	2.89751774661206	7.39792751891101e-20	1	52	96	1.55963584123857e-05	1	0	7.69724325085875	6.35694186809355
EFEMP1	EGFR	R-HSA-8939211	REACTOME_ESR_MEDIATED_SIGNALING	4.02200167395668e-208	2.79779645063788e-207	11.0825504472025	2.89751774661206	1.55175134676721e-19	1	52	96	1.55963584123857e-05	1	0	6.63580333837864	6.35694186809355
TNC	EGFR	R-HSA-8939211	REACTOME_ESR_MEDIATED_SIGNALING	5.58259667545539e-207	3.87035058103719e-206	6.8277048658413	2.89751774661206	2.15385338243132e-18	1	52	96	1.55963584123857e-05	1	0	-5.58163186833725	6.35694186809355
TNFSF12	TRAF2	R-HSA-166166	REACTOME_MYD88_INDEPENDENT_TLR4_CASCADE	4.13465272355824e-204	2.85692057754894e-203	8.71305866963411	1.15950995895023	1.64631811656911e-18	1	41	76	1.73410449377638e-06	1	0	2.36479248772075	5.06353195786275
ANXA1	EGFR	R-HSA-8939211	REACTOME_ESR_MEDIATED_SIGNALING	4.47969677313926e-204	3.08501784443524e-203	2.36495705120345	2.89751774661206	1.72833729678414e-15	1	52	96	1.55963584123857e-05	1	0	5.26706875945552	6.35694186809355
TNFSF9	TRAF2	R-HSA-166166	REACTOME_MYD88_INDEPENDENT_TLR4_CASCADE	1.24083215443625e-202	8.5168080766289e-202	3.24465487556851	1.15950995895023	4.94069173894698e-17	1	41	76	1.73410449377638e-06	1	0	2.84326536040046	5.06353195786275
CDH1	EGFR	R-HSA-8856825	REACTOME_CARGO_RECOGNITION_FOR_CLATHRIN_MEDIATED_ENDOCYTOSIS	5.57762037439464e-198	3.81568334221832e-197	14.0529638668967	2.89751774661206	1.12509612679447e-22	1	30	56	8.30835995253006e-08	1	0	6.06941827582005	6.35694186809355
DCN	EGFR	R-HSA-8856825	REACTOME_CARGO_RECOGNITION_FOR_CLATHRIN_MEDIATED_ENDOCYTOSIS	3.16007314571962e-197	2.15469013830255e-196	15.215347949085	2.89751774661206	6.37437799273358e-22	1	30	56	8.30835995253006e-08	1	0	-5.95640031910379	6.35694186809355
S100B	APP	R-HSA-166166	REACTOME_MYD88_INDEPENDENT_TLR4_CASCADE	2.94172541924459e-195	1.99921207768399e-194	4.2249108102541	1.1092665128676	4.28808301832756e-15	1	41	75	1.73410449377638e-06	1	0	5.19212134952298	-3.96459372498046
L1CAM	EGFR	R-HSA-8856825	REACTOME_CARGO_RECOGNITION_FOR_CLATHRIN_MEDIATED_ENDOCYTOSIS	3.66749385008865e-195	2.48427616206005e-194	6.61152480504602	2.89751774661206	7.39792751891101e-20	1	30	56	8.30835995253006e-08	1	0	7.69724325085875	6.35694186809355
EFEMP1	EGFR	R-HSA-8856825	REACTOME_CARGO_RECOGNITION_FOR_CLATHRIN_MEDIATED_ENDOCYTOSIS	7.69274706542845e-195	5.19386125397882e-194	11.0825504472025	2.89751774661206	1.55175134676721e-19	1	30	56	8.30835995253006e-08	1	0	6.63580333837864	6.35694186809355
TNC	EGFR	R-HSA-8856825	REACTOME_CARGO_RECOGNITION_FOR_CLATHRIN_MEDIATED_ENDOCYTOSIS	1.06776445347254e-193	7.18567218525822e-193	6.8277048658413	2.89751774661206	2.15385338243132e-18	1	30	56	8.30835995253006e-08	1	0	-5.58163186833725	6.35694186809355
CLCF1	LIFR	R-HSA-8878171	REACTOME_TRANSCRIPTIONAL_REGULATION_BY_RUNX1	7.39911562892044e-192	4.96317301602261e-191	2.11510149025167	6.14276526205514	3.01249743462788e-16	1	42	77	3.22836136601202e-06	1	0	6.42549536585045	0.275385850352184
LIF	LIFR	R-HSA-8878171	REACTOME_TRANSCRIPTIONAL_REGULATION_BY_RUNX1	8.35108391462881e-191	5.58360497334081e-190	1.7532837569655	6.14276526205514	3.40008456832996e-15	1	42	77	3.22836136601202e-06	1	0	-4.60424814239365	0.275385850352184
GPI	AMFR	R-HSA-446203	REACTOME_ASPARAGINE_N_LINKED_GLYCOSYLATION	8.37812285147473e-191	5.58361348746671e-190	1.35572797023019	2.60745352691878	1.30169648029105e-17	1	58	106	6.9127434705517e-05	1	0	-6.39088225480639	2.86314015780154
ANXA1	EGFR	R-HSA-8856825	REACTOME_CARGO_RECOGNITION_FOR_CLATHRIN_MEDIATED_ENDOCYTOSIS	8.5681650578914e-191	5.69190643395616e-190	2.36495705120345	2.89751774661206	1.72833729678414e-15	1	30	56	8.30835995253006e-08	1	0	5.26706875945552	6.35694186809355
IL6ST	LIFR	R-HSA-8878171	REACTOME_TRANSCRIPTIONAL_REGULATION_BY_RUNX1	1.4929298809563e-188	9.88587542966576e-188	2.21481281597362	6.14276526205514	6.07835809306896e-13	1	42	77	3.22836136601202e-06	1	0	6.11148878270518	0.275385850352184
L1CAM	FGFR2	R-HSA-2219528	REACTOME_PI3K_AKT_SIGNALING_IN_CANCER	1.8823093683006e-187	1.24244445843739e-186	6.61152480504602	12.7101660798708	1.47684132181016e-29	1	29	53	1.21890212300538e-07	1	0	7.69724325085875	5.73242607734244
NCAM1	FGFR2	R-HSA-2219528	REACTOME_PI3K_AKT_SIGNALING_IN_CANCER	3.95038720256489e-186	2.59920380907614e-185	5.35497639278498	12.7101660798708	3.09943474550362e-28	1	29	53	1.21890212300538e-07	1	0	2.31654305445474	5.73242607734244
SERPINE1	LRP2	R-HSA-8856825	REACTOME_CARGO_RECOGNITION_FOR_CLATHRIN_MEDIATED_ENDOCYTOSIS	5.82420558353566e-186	3.81993928113799e-185	6.28331526418205	5.72249204709186	1.80505435793913e-21	1	29	54	1.21890212300538e-07	1	0	-6.39088225480639	-2.26417799144396
TNFSF12	TRAF2	R-HSA-168138	REACTOME_TOLL_LIKE_RECEPTOR_9_TLR9_CASCADE	9.75976735292477e-186	6.36078212969797e-185	8.71305866963411	1.15950995895023	1.64631811656911e-18	1	38	70	2.12042797046342e-06	1	0	2.36479248772075	5.06353195786275
TNFSF12	TRAF2	R-HSA-168179	REACTOME_TOLL_LIKE_RECEPTOR_TLR1_TLR2_CASCADE	9.75976735292477e-186	6.36078212969797e-185	8.71305866963411	1.15950995895023	1.64631811656911e-18	1	38	70	2.12042797046342e-06	1	0	2.36479248772075	5.06353195786275
LAMB3	COL17A1	R-HSA-1650814	REACTOME_COLLAGEN_BIOSYNTHESIS_AND_MODIFYING_ENZYMES	4.00941329537547e-185	2.60485782020306e-184	1.20907444031088	11.5471101838395	7.04587817715162e-23	1	17	32	2.04651287964671e-11	1	0	2.59517547975114	6.32959073051544
CDH1	ERBB3	R-HSA-2219528	REACTOME_PI3K_AKT_SIGNALING_IN_CANCER	1.34858519655851e-184	8.73409722912188e-184	14.0529638668967	9.47133900069063	1.0580866130721e-26	1	29	53	1.21890212300538e-07	1	0	6.06941827582005	4.07639206347018
TNFSF9	TRAF2	R-HSA-168138	REACTOME_TOLL_LIKE_RECEPTOR_9_TLR9_CASCADE	2.92896017175157e-184	1.88511891427998e-183	3.24465487556851	1.15950995895023	4.94069173894698e-17	1	38	70	2.12042797046342e-06	1	0	2.84326536040046	5.06353195786275
TNFSF9	TRAF2	R-HSA-168179	REACTOME_TOLL_LIKE_RECEPTOR_TLR1_TLR2_CASCADE	2.92896017175157e-184	1.88511891427998e-183	3.24465487556851	1.15950995895023	4.94069173894698e-17	1	38	70	2.12042797046342e-06	1	0	2.84326536040046	5.06353195786275
TCN2	LRP2	R-HSA-8856825	REACTOME_CARGO_RECOGNITION_FOR_CLATHRIN_MEDIATED_ENDOCYTOSIS	1.25536187070778e-183	8.05458889714994e-183	6.55836363827325	5.72249204709186	3.8906532110017e-19	1	29	54	1.21890212300538e-07	1	0	6.82456786242144	-2.26417799144396
L1CAM	ERBB2	R-HSA-2219528	REACTOME_PI3K_AKT_SIGNALING_IN_CANCER	9.62476472296796e-183	6.15627365871573e-182	6.61152480504602	5.48467664125572	7.55149525097075e-25	1	29	53	1.21890212300538e-07	1	0	7.69724325085875	5.37025434019213
WNT5A	LRP2	R-HSA-8856825	REACTOME_CARGO_RECOGNITION_FOR_CLATHRIN_MEDIATED_ENDOCYTOSIS	1.67835244377507e-182	1.07020868791336e-181	3.71867437883844	5.72249204709186	5.20159762450362e-18	1	29	54	1.21890212300538e-07	1	0	3.85719962716077	-2.26417799144396
WNT5A	LDLR	R-HSA-8856825	REACTOME_CARGO_RECOGNITION_FOR_CLATHRIN_MEDIATED_ENDOCYTOSIS	1.97669286629245e-182	1.25656844977237e-181	3.71867437883844	2.55762367686529	6.1262227464889e-18	1	29	54	1.21890212300538e-07	1	0	3.85719962716077	2.96352383260928
S100B	APP	R-HSA-168138	REACTOME_TOLL_LIKE_RECEPTOR_9_TLR9_CASCADE	7.30030791496852e-182	4.61236579581803e-181	4.2249108102541	1.1092665128676	4.28808301832756e-15	1	37	69	2.23201828780279e-06	1	0	5.19212134952298	-3.96459372498046
S100B	APP	R-HSA-168179	REACTOME_TOLL_LIKE_RECEPTOR_TLR1_TLR2_CASCADE	7.30030791496852e-182	4.61236579581803e-181	4.2249108102541	1.1092665128676	4.28808301832756e-15	1	37	69	2.23201828780279e-06	1	0	5.19212134952298	-3.96459372498046
L1CAM	ERBB3	R-HSA-2219528	REACTOME_PI3K_AKT_SIGNALING_IN_CANCER	8.86745167778781e-182	5.58541316046025e-181	6.61152480504602	9.47133900069063	6.95731492253852e-24	1	29	53	1.21890212300538e-07	1	0	7.69724325085875	4.07639206347018
LAMB3	COL17A1	R-HSA-1474228	REACTOME_DEGRADATION_OF_THE_EXTRACELLULAR_MATRIX	1.38381598196637e-181	8.68985963143624e-181	1.20907444031088	11.5471101838395	7.04587817715162e-23	1	17	32	3.40517005360869e-11	1	0	2.59517547975114	6.32959073051544
HSPG2	LRP2	R-HSA-8856825	REACTOME_CARGO_RECOGNITION_FOR_CLATHRIN_MEDIATED_ENDOCYTOSIS	1.56648620554126e-181	9.80715303226739e-181	4.09583451460777	5.72249204709186	4.85489859759939e-17	1	29	54	1.21890212300538e-07	1	0	4.83775802276138	-2.26417799144396
CDH1	EGFR	R-HSA-2219528	REACTOME_PI3K_AKT_SIGNALING_IN_CANCER	3.50441025372807e-181	2.18734488948707e-180	14.0529638668967	2.89751774661206	1.12509612679447e-22	1	29	53	1.15210365926785e-07	1	0	6.06941827582005	6.35694186809355
DCN	MET	R-HSA-2219528	REACTOME_PI3K_AKT_SIGNALING_IN_CANCER	4.19800376199269e-181	2.61237222056533e-180	15.215347949085	4.11816608001036	3.29371225008704e-23	1	29	53	1.21890212300538e-07	1	0	-5.95640031910379	-6.39088225480639
CDH1	LRP5	R-HSA-201681	REACTOME_TCF_DEPENDENT_SIGNALING_IN_RESPONSE_TO_WNT	4.77580091339906e-181	2.96300441053527e-180	14.0529638668967	2.24213943703044	2.43174513828714e-24	1	42	77	1.08159745049928e-05	1	0	6.06941827582005	5.16490511053939
UBB	FGFR2	R-HSA-2219528	REACTOME_PI3K_AKT_SIGNALING_IN_CANCER	5.37805239387722e-181	3.32666354663183e-180	1.56324007583564	12.7101660798708	4.21956674067272e-23	1	29	53	1.21890212300538e-07	1	0	5.83927178506202	5.73242607734244
DCN	EGFR	R-HSA-2219528	REACTOME_PI3K_AKT_SIGNALING_IN_CANCER	1.98546906943133e-180	1.22447137237168e-179	15.215347949085	2.89751774661206	6.37437799273358e-22	1	29	53	1.15210365926785e-07	1	0	-5.95640031910379	6.35694186809355
FN1	IL17RC	R-HSA-9705671	REACTOME_SARS_COV_2_ACTIVATES_MODULATES_INNATE_AND_ADAPTIVE_IMMUNE_RESPONSES	3.92946708056588e-180	2.41615446084795e-179	9.24511967017868	8.72918655846065	6.12632816352371e-24	1	41	76	1.13748762945265e-05	1	0	3.96729180611041	1.41906647629544
SEMA5A	MET	R-HSA-2219528	REACTOME_PI3K_AKT_SIGNALING_IN_CANCER	5.925632438105e-180	3.63274677066021e-179	13.1302189665968	4.11816608001036	4.64919262998353e-22	1	29	53	1.21890212300538e-07	1	0	-3.36463131492755	-6.39088225480639
UBB	LRP2	R-HSA-8856825	REACTOME_CARGO_RECOGNITION_FOR_CLATHRIN_MEDIATED_ENDOCYTOSIS	1.46994261052623e-179	8.98491548327574e-179	1.56324007583564	5.72249204709186	4.55568794232031e-15	1	29	54	1.21890212300538e-07	1	0	5.83927178506202	-2.26417799144396
UBB	LDLR	R-HSA-8856825	REACTOME_CARGO_RECOGNITION_FOR_CLATHRIN_MEDIATED_ENDOCYTOSIS	1.73123653667818e-179	1.05508397781036e-178	1.56324007583564	2.55762367686529	5.36549750920251e-15	1	29	54	1.21890212300538e-07	1	0	5.83927178506202	2.96352383260928
L1CAM	EGFR	R-HSA-2219528	REACTOME_PI3K_AKT_SIGNALING_IN_CANCER	2.30428071310432e-178	1.40018939802163e-177	6.61152480504602	2.89751774661206	7.39792751891101e-20	1	29	53	1.15210365926785e-07	1	0	7.69724325085875	6.35694186809355
SEMA4D	ERBB2	R-HSA-2219528	REACTOME_PI3K_AKT_SIGNALING_IN_CANCER	2.37017246268827e-178	1.43600478237946e-177	1.83704509775797	5.48467664125572	1.8596138826397e-20	1	29	53	1.21890212300538e-07	1	0	4.10629032846076	5.37025434019213
EFEMP1	EGFR	R-HSA-2219528	REACTOME_PI3K_AKT_SIGNALING_IN_CANCER	4.83334108201114e-178	2.91979025597515e-177	11.0825504472025	2.89751774661206	1.55175134676721e-19	1	29	53	1.15210365926785e-07	1	0	6.63580333837864	6.35694186809355
WNT5A	RYK	R-HSA-201681	REACTOME_TCF_DEPENDENT_SIGNALING_IN_RESPONSE_TO_WNT	9.93808318859682e-178	5.98602911593033e-177	3.71867437883844	1.36379963667435	2.21930030703482e-16	1	42	78	1.08159745049928e-05	1	0	3.85719962716077	-3.39021534426318
WNT7A	LRP6	R-HSA-201681	REACTOME_TCF_DEPENDENT_SIGNALING_IN_RESPONSE_TO_WNT	1.18542649847134e-177	7.11945100535401e-177	15.2655342371858	2.01771047584325	2.64720806024577e-16	1	42	78	1.08159745049928e-05	1	0	2.04463249164883	-6.39088225480639
WNT2	LRP6	R-HSA-201681	REACTOME_TCF_DEPENDENT_SIGNALING_IN_RESPONSE_TO_WNT	1.20265263430198e-177	7.20197200715328e-177	15.1295630659464	2.01771047584325	2.68567621130918e-16	1	42	78	1.08159745049928e-05	1	0	-6.39088225480639	-6.39088225480639
TNC	EGFR	R-HSA-2219528	REACTOME_PI3K_AKT_SIGNALING_IN_CANCER	6.70874754490915e-177	4.00585908317407e-176	6.8277048658413	2.89751774661206	2.15385338243132e-18	1	29	53	1.15210365926785e-07	1	0	-5.58163186833725	6.35694186809355
DCN	MET	R-HSA-9730414	REACTOME_MITF_M_REGULATED_MELANOCYTE_DEVELOPMENT	9.24189284439414e-177	5.50252179150383e-176	15.215347949085	4.11816608001036	3.29371225008704e-23	1	36	66	2.75453477840134e-06	1	0	-5.95640031910379	-6.39088225480639
THBS1	LRP5	R-HSA-201681	REACTOME_TCF_DEPENDENT_SIGNALING_IN_RESPONSE_TO_WNT	1.10955668841929e-176	6.58719574216737e-176	7.11466682191395	2.24213943703044	5.64964731914931e-20	1	42	77	1.08159745049928e-05	1	0	-3.6446101735829	5.16490511053939
UBB	ERBB2	R-HSA-2219528	REACTOME_PI3K_AKT_SIGNALING_IN_CANCER	2.74994588193519e-176	1.62790492609688e-175	1.56324007583564	5.48467664125572	2.15758035293112e-18	1	29	53	1.21890212300538e-07	1	0	5.83927178506202	5.37025434019213
WNT5A	FZD2	R-HSA-201681	REACTOME_TCF_DEPENDENT_SIGNALING_IN_RESPONSE_TO_WNT	6.10338172851159e-176	3.60273904317284e-175	3.71867437883844	3.90733841238929	3.10772352419006e-19	1	42	77	1.08159745049928e-05	1	0	3.85719962716077	10.3444172123752
CDH1	EGFR	R-HSA-199418	REACTOME_NEGATIVE_REGULATION_OF_THE_PI3K_AKT_NETWORK	7.7728142210076e-176	4.57510945316288e-175	14.0529638668967	2.89751774661206	1.12509612679447e-22	1	26	48	5.67920899468785e-08	1	0	6.06941827582005	6.35694186809355
SEMA5A	MET	R-HSA-9730414	REACTOME_MITF_M_REGULATED_MELANOCYTE_DEVELOPMENT	1.30452622563247e-175	7.65667949476332e-175	13.1302189665968	4.11816608001036	4.64919262998353e-22	1	36	66	2.75453477840134e-06	1	0	-3.36463131492755	-6.39088225480639
UBB	ERBB3	R-HSA-2219528	REACTOME_PI3K_AKT_SIGNALING_IN_CANCER	2.53356969510133e-175	1.48282011050406e-174	1.56324007583564	9.47133900069063	1.98781373584178e-17	1	29	53	1.21890212300538e-07	1	0	5.83927178506202	4.07639206347018
L1CAM	FGFR2	R-HSA-199418	REACTOME_NEGATIVE_REGULATION_OF_THE_PI3K_AKT_NETWORK	4.33894768861184e-175	2.53227850979437e-174	6.61152480504602	12.7101660798708	1.47684132181016e-29	1	26	48	1.21890212300538e-07	1	0	7.69724325085875	5.73242607734244
DCN	EGFR	R-HSA-199418	REACTOME_NEGATIVE_REGULATION_OF_THE_PI3K_AKT_NETWORK	4.40378868365338e-175	2.56288096350081e-174	15.215347949085	2.89751774661206	6.37437799273358e-22	1	26	48	5.67920899468785e-08	1	0	-5.95640031910379	6.35694186809355
FBLN2	ITGB3	R-HSA-194138	REACTOME_SIGNALING_BY_VEGF	4.72460583166134e-175	2.74186394612706e-174	16.4383713511822	3.57758831465387	7.79229608219956e-27	1	33	60	1.25549861911524e-06	1	0	3.30185484435118	-1.81862510220008
WNT5A	FZD6	R-HSA-201681	REACTOME_TCF_DEPENDENT_SIGNALING_IN_RESPONSE_TO_WNT	6.31766062706034e-175	3.65610276064612e-174	3.71867437883844	2.25671619218573	3.21683018069275e-18	1	42	77	1.08159745049928e-05	1	0	3.85719962716077	4.99946175763607
GAS6	AXL	R-HSA-194138	REACTOME_SIGNALING_BY_VEGF	6.87558984238377e-175	3.96786832803488e-174	2.55872677731048	4.43112369468152	4.29399732143385e-21	1	33	61	1.25549861911524e-06	1	0	4.76583538058643	4.254432015254
WNT5A	LRP5	R-HSA-201681	REACTOME_TCF_DEPENDENT_SIGNALING_IN_RESPONSE_TO_WNT	1.02443278247074e-174	5.89548225232465e-174	3.71867437883844	2.24213943703044	5.21621291056325e-18	1	42	77	1.08159745049928e-05	1	0	3.85719962716077	5.16490511053939
SEMA4D	MET	R-HSA-2219528	REACTOME_PI3K_AKT_SIGNALING_IN_CANCER	1.19978909004531e-174	6.88545627787115e-174	1.83704509775797	4.11816608001036	9.4134265890396e-17	1	29	53	1.21890212300538e-07	1	0	4.10629032846076	-6.39088225480639
WNT7B	LRP5	R-HSA-201681	REACTOME_TCF_DEPENDENT_SIGNALING_IN_RESPONSE_TO_WNT	2.32382135680007e-174	1.3299210313432e-173	2.42858798645497	2.24213943703044	1.18324473509606e-17	1	42	77	1.08159745049928e-05	1	0	1.8727407244592	5.16490511053939
ANXA1	EGFR	R-HSA-2219528	REACTOME_PI3K_AKT_SIGNALING_IN_CANCER	5.38336485257265e-174	3.07238447110914e-173	2.36495705120345	2.89751774661206	1.72833729678414e-15	1	29	53	1.15210365926785e-07	1	0	5.26706875945552	6.35694186809355
NCAM1	FGFR2	R-HSA-199418	REACTOME_NEGATIVE_REGULATION_OF_THE_PI3K_AKT_NETWORK	9.10611385691908e-174	5.18270832738149e-173	5.35497639278498	12.7101660798708	3.09943474550362e-28	1	26	48	1.21890212300538e-07	1	0	2.31654305445474	5.73242607734244
COL1A2	ITGB3	R-HSA-194138	REACTOME_SIGNALING_BY_VEGF	4.60474034782792e-173	2.61356965895947e-172	16.249300289467	3.57758831465387	7.59460184624725e-25	1	33	60	1.25549861911524e-06	1	0	3.18442633530028	-1.81862510220008
L1CAM	EGFR	R-HSA-199418	REACTOME_NEGATIVE_REGULATION_OF_THE_PI3K_AKT_NETWORK	5.11091584581371e-173	2.89291839382223e-172	6.61152480504602	2.89751774661206	7.39792751891101e-20	1	26	48	5.67920899468785e-08	1	0	7.69724325085875	6.35694186809355
EFEMP1	EGFR	R-HSA-199418	REACTOME_NEGATIVE_REGULATION_OF_THE_PI3K_AKT_NETWORK	1.07203950385861e-172	6.05145796440404e-172	11.0825504472025	2.89751774661206	1.55175134676721e-19	1	26	48	5.67920899468785e-08	1	0	6.63580333837864	6.35694186809355
UBB	MET	R-HSA-2219528	REACTOME_PI3K_AKT_SIGNALING_IN_CANCER	1.39203164297113e-172	7.83634161955955e-172	1.56324007583564	4.11816608001036	1.09217426541477e-14	1	29	53	1.21890212300538e-07	1	0	5.83927178506202	-6.39088225480639
CDH1	ERBB3	R-HSA-199418	REACTOME_NEGATIVE_REGULATION_OF_THE_PI3K_AKT_NETWORK	3.10864978947989e-172	1.74523653941996e-171	14.0529638668967	9.47133900069063	1.0580866130721e-26	1	26	48	1.21890212300538e-07	1	0	6.06941827582005	4.07639206347018
FBLN2	ITGB3	R-HSA-170834	REACTOME_SIGNALING_BY_TGF_BETA_RECEPTOR_COMPLEX	3.15930986813038e-172	1.76887105353858e-171	16.4383713511822	3.57758831465387	7.79229608219956e-27	1	34	63	3.59558463734582e-06	1	0	3.30185484435118	-1.81862510220008
PROS1	AXL	R-HSA-194138	REACTOME_SIGNALING_BY_VEGF	5.69758809619245e-172	3.18141000181989e-171	1.63408344784781	4.43112369468152	3.5583024270688e-18	1	33	61	1.25549861911524e-06	1	0	5.71589538131514	4.254432015254
TGFB2	TGFBR2	R-HSA-170834	REACTOME_SIGNALING_BY_TGF_BETA_RECEPTOR_COMPLEX	1.10627686593316e-171	6.16056066042561e-171	5.2298949554133	1.27629366904749	7.17039063916914e-17	1	37	68	3.59558463734582e-06	1	0	-2.29034867974236	4.98951084169741
L1CAM	ITGB3	R-HSA-194138	REACTOME_SIGNALING_BY_VEGF	1.19207471302625e-171	6.6205009599791e-171	6.61152480504602	3.57758831465387	1.96608975372179e-23	1	33	60	1.25549861911524e-06	1	0	7.69724325085875	-1.81862510220008
TNC	EGFR	R-HSA-199418	REACTOME_NEGATIVE_REGULATION_OF_THE_PI3K_AKT_NETWORK	1.48800638471896e-171	8.24187986817527e-171	6.8277048658413	2.89751774661206	2.15385338243132e-18	1	26	48	5.67920899468785e-08	1	0	-5.58163186833725	6.35694186809355
COL4A3	ITGB3	R-HSA-194138	REACTOME_SIGNALING_BY_VEGF	1.07813244013112e-170	5.95567278425371e-170	8.59500106905861	3.57758831465387	1.77816467418867e-22	1	33	60	1.25549861911524e-06	1	0	3.59636213159094	-1.81862510220008
LAMA1	SDC4	R-HSA-1630316	REACTOME_GLYCOSAMINOGLYCAN_METABOLISM	1.25378017835109e-170	6.90749292926229e-170	19.8345033696564	1.45777712136255	1.11433793954792e-19	1	22	41	7.60435189479909e-09	1	0	-2.13725369701301	7.17743566926211
L1CAM	ERBB2	R-HSA-199418	REACTOME_NEGATIVE_REGULATION_OF_THE_PI3K_AKT_NETWORK	2.21862311007132e-170	1.21906259186365e-169	6.61152480504602	5.48467664125572	7.55149525097075e-25	1	26	48	1.21890212300538e-07	1	0	7.69724325085875	5.37025434019213
SEMA4D	MET	R-HSA-9730414	REACTOME_MITF_M_REGULATED_MELANOCYTE_DEVELOPMENT	2.64133212706045e-170	1.44747803037318e-169	1.83704509775797	4.11816608001036	9.4134265890396e-17	1	36	66	2.75453477840134e-06	1	0	4.10629032846076	-6.39088225480639
COL1A2	ITGB3	R-HSA-170834	REACTOME_SIGNALING_BY_TGF_BETA_RECEPTOR_COMPLEX	3.07915668299367e-170	1.68294648335051e-169	16.249300289467	3.57758831465387	7.59460184624725e-25	1	34	63	3.59558463734582e-06	1	0	3.18442633530028	-1.81862510220008
TNC	ITGB3	R-HSA-194138	REACTOME_SIGNALING_BY_VEGF	3.47063977877466e-170	1.89191076067241e-169	6.8277048658413	3.57758831465387	5.7241288933858e-22	1	33	60	1.25549861911524e-06	1	0	-5.58163186833725	-1.81862510220008
LTBP1	ITGB3	R-HSA-194138	REACTOME_SIGNALING_BY_VEGF	3.91534916763181e-170	2.12871352113877e-169	4.49925244209	3.57758831465387	6.45758843519278e-22	1	33	60	1.25549861911524e-06	1	0	0.411198660997557	-1.81862510220008
COMP	ITGB3	R-HSA-194138	REACTOME_SIGNALING_BY_VEGF	3.94332035147827e-170	2.13829392287509e-169	8.97372250466624	3.57758831465387	6.50372133052145e-22	1	33	60	1.25549861911524e-06	1	0	4.52103900260026	-1.81862510220008
THBS1	ITGB3	R-HSA-194138	REACTOME_SIGNALING_BY_VEGF	4.21198013839367e-170	2.27799763505794e-169	7.11466682191395	3.57758831465387	6.94682212657015e-22	1	33	60	1.25549861911524e-06	1	0	-3.6446101735829	-1.81862510220008
LAMA1	GPC1	R-HSA-1630316	REACTOME_GLYCOSAMINOGLYCAN_METABOLISM	5.13848111367392e-170	2.7718281934335e-169	19.8345033696564	4.73558061131978	1.18943344630146e-23	1	22	41	1.28907064258914e-08	1	0	-2.13725369701301	5.86131559783074
FN1	ITGB3	R-HSA-194138	REACTOME_SIGNALING_BY_VEGF	6.43764284601063e-170	3.46358596871301e-169	9.24511967017868	3.57758831465387	1.0617609365717e-21	1	33	60	1.25549861911524e-06	1	0	3.96729180611041	-1.81862510220008
TNC	SDC4	R-HSA-1630316	REACTOME_GLYCOSAMINOGLYCAN_METABOLISM	7.58899473273883e-170	4.07243197865933e-169	6.8277048658413	1.45777712136255	6.74496606322334e-19	1	22	41	7.60435189479909e-09	1	0	-5.58163186833725	7.17743566926211
THBS1	SDC4	R-HSA-1630316	REACTOME_GLYCOSAMINOGLYCAN_METABOLISM	9.21002959746965e-170	4.92951325087365e-169	7.11466682191395	1.45777712136255	8.18571355811128e-19	1	22	41	7.60435189479909e-09	1	0	-3.6446101735829	7.17743566926211
L1CAM	ERBB3	R-HSA-199418	REACTOME_NEGATIVE_REGULATION_OF_THE_PI3K_AKT_NETWORK	2.04405341699761e-169	1.09121818075376e-168	6.61152480504602	9.47133900069063	6.95731492253852e-24	1	26	48	1.21890212300538e-07	1	0	7.69724325085875	4.07639206347018
MFGE8	ITGB3	R-HSA-194138	REACTOME_SIGNALING_BY_VEGF	2.1290254574847e-169	1.13365118432046e-168	3.04039885756526	3.57758831465387	3.51140334715023e-21	1	33	60	1.25549861911524e-06	1	0	0.6248001109505	-1.81862510220008
SLIT2	GPC1	R-HSA-1630316	REACTOME_GLYCOSAMINOGLYCAN_METABOLISM	2.26983413053371e-169	1.20552116032973e-168	6.80274676319369	4.73558061131978	5.25411414907986e-23	1	22	41	1.28907064258914e-08	1	0	2.78796175154231	5.86131559783074
COL18A1	ITGB3	R-HSA-194138	REACTOME_SIGNALING_BY_VEGF	3.21428601307952e-169	1.70274741103136e-168	3.31748124564936	3.57758831465387	5.30132442773138e-21	1	33	60	1.25549861911524e-06	1	0	-2.93094921873315	-1.81862510220008
FBN1	ITGB3	R-HSA-194138	REACTOME_SIGNALING_BY_VEGF	3.58177938470278e-169	1.89257192040817e-168	7.14914428394037	3.57758831465387	5.90743153210484e-21	1	33	60	1.25549861911524e-06	1	0	3.49330586689255	-1.81862510220008
L1CAM	ITGB3	R-HSA-170834	REACTOME_SIGNALING_BY_TGF_BETA_RECEPTOR_COMPLEX	7.97131768998432e-169	4.20120978252745e-168	6.61152480504602	3.57758831465387	1.96608975372179e-23	1	34	63	3.59558463734582e-06	1	0	7.69724325085875	-1.81862510220008
DCN	MET	R-HSA-199418	REACTOME_NEGATIVE_REGULATION_OF_THE_PI3K_AKT_NETWORK	9.67689957168245e-169	5.08714364251805e-168	15.215347949085	4.11816608001036	3.29371225008704e-23	1	26	48	1.21890212300538e-07	1	0	-5.95640031910379	-6.39088225480639
ANXA1	EGFR	R-HSA-199418	REACTOME_NEGATIVE_REGULATION_OF_THE_PI3K_AKT_NETWORK	1.19403528278217e-168	6.26110886859887e-168	2.36495705120345	2.89751774661206	1.72833729678414e-15	1	26	48	5.67920899468785e-08	1	0	5.26706875945552	6.35694186809355
UBB	FGFR2	R-HSA-199418	REACTOME_NEGATIVE_REGULATION_OF_THE_PI3K_AKT_NETWORK	1.23970524700275e-168	6.48412921596882e-168	1.56324007583564	12.7101660798708	4.21956674067272e-23	1	26	48	1.21890212300538e-07	1	0	5.83927178506202	5.73242607734244
COL18A1	GPC1	R-HSA-1630316	REACTOME_GLYCOSAMINOGLYCAN_METABOLISM	2.88053127428209e-168	1.50282262946131e-167	3.31748124564936	4.73558061131978	6.66772955850917e-22	1	22	41	1.28907064258914e-08	1	0	-2.93094921873315	5.86131559783074
UBB	MET	R-HSA-9730414	REACTOME_MITF_M_REGULATED_MELANOCYTE_DEVELOPMENT	3.06455353776015e-168	1.5948029241845e-167	1.56324007583564	4.11816608001036	1.09217426541477e-14	1	36	66	2.75453477840134e-06	1	0	5.83927178506202	-6.39088225480639
COL4A3	ITGB3	R-HSA-170834	REACTOME_SIGNALING_BY_TGF_BETA_RECEPTOR_COMPLEX	7.20939392325984e-168	3.74236378026503e-167	8.59500106905861	3.57758831465387	1.77816467418867e-22	1	34	63	3.59558463734582e-06	1	0	3.59636213159094	-1.81862510220008
UBB	TGFBR2	R-HSA-170834	REACTOME_SIGNALING_BY_TGF_BETA_RECEPTOR_COMPLEX	1.00993327846661e-167	5.22937883035592e-167	1.56324007583564	1.27629366904749	6.54593470143117e-13	1	37	68	3.59558463734582e-06	1	0	5.83927178506202	4.98951084169741
COL4A2	ITGB3	R-HSA-194138	REACTOME_SIGNALING_BY_VEGF	1.15559940105843e-167	5.96867090646681e-167	2.35366848733984	3.57758831465387	1.90593099325143e-19	1	33	60	1.25549861911524e-06	1	0	6.7881869323435	-1.81862510220008
SEMA5A	MET	R-HSA-199418	REACTOME_NEGATIVE_REGULATION_OF_THE_PI3K_AKT_NETWORK	1.36592898085035e-167	7.03742961206188e-167	13.1302189665968	4.11816608001036	4.64919262998353e-22	1	26	48	1.21890212300538e-07	1	0	-3.36463131492755	-6.39088225480639
LAMA5	SDC1	R-HSA-1630316	REACTOME_GLYCOSAMINOGLYCAN_METABOLISM	2.2398162121488e-167	1.15110952594513e-166	6.39025679656551	6.46884404771167	3.10330148907865e-24	1	22	40	7.60435189479909e-09	1	0	-4.04261071031852	5.30916569519122
TNC	ITGB3	R-HSA-170834	REACTOME_SIGNALING_BY_TGF_BETA_RECEPTOR_COMPLEX	2.32079180623476e-167	1.18976572498288e-166	6.8277048658413	3.57758831465387	5.7241288933858e-22	1	34	63	3.59558463734582e-06	1	0	-5.58163186833725	-1.81862510220008
LTBP1	ITGB3	R-HSA-170834	REACTOME_SIGNALING_BY_TGF_BETA_RECEPTOR_COMPLEX	2.61816576942369e-167	1.33889368307657e-166	4.49925244209	3.57758831465387	6.45758843519278e-22	1	34	63	3.59558463734582e-06	1	0	0.411198660997557	-1.81862510220008
COMP	ITGB3	R-HSA-170834	REACTOME_SIGNALING_BY_TGF_BETA_RECEPTOR_COMPLEX	2.63686989846599e-167	1.34512918771129e-166	8.97372250466624	3.57758831465387	6.50372133052145e-22	1	34	63	3.59558463734582e-06	1	0	4.52103900260026	-1.81862510220008
THBS1	ITGB3	R-HSA-170834	REACTOME_SIGNALING_BY_TGF_BETA_RECEPTOR_COMPLEX	2.81652076167317e-167	1.43323445655585e-166	7.11466682191395	3.57758831465387	6.94682212657015e-22	1	34	63	3.59558463734582e-06	1	0	-3.6446101735829	-1.81862510220008
FN1	ITGB3	R-HSA-170834	REACTOME_SIGNALING_BY_TGF_BETA_RECEPTOR_COMPLEX	4.30480537330848e-167	2.18519113052956e-166	9.24511967017868	3.57758831465387	1.0617609365717e-21	1	34	63	3.59558463734582e-06	1	0	3.96729180611041	-1.81862510220008
SLIT2	SDC1	R-HSA-1630316	REACTOME_GLYCOSAMINOGLYCAN_METABOLISM	9.04299463920432e-167	4.57912424622454e-166	6.80274676319369	6.46884404771167	1.25292149317243e-23	1	22	40	7.60435189479909e-09	1	0	2.78796175154231	5.30916569519122
PTN	SDC1	R-HSA-1630316	REACTOME_GLYCOSAMINOGLYCAN_METABOLISM	1.2239401950591e-166	6.18254387039635e-166	7.92717388064223	6.46884404771167	1.69578888181464e-23	1	22	40	7.60435189479909e-09	1	0	-1.41052729395478	5.30916569519122
TNC	SDC1	R-HSA-1630316	REACTOME_GLYCOSAMINOGLYCAN_METABOLISM	1.2391268506557e-166	6.2439904230602e-166	6.8277048658413	6.46884404771167	1.7168302380971e-23	1	22	40	7.60435189479909e-09	1	0	-5.58163186833725	5.30916569519122
MFGE8	ITGB3	R-HSA-170834	REACTOME_SIGNALING_BY_TGF_BETA_RECEPTOR_COMPLEX	1.42366397896245e-166	7.15642282368961e-166	3.04039885756526	3.57758831465387	3.51140334715023e-21	1	34	63	3.59558463734582e-06	1	0	0.6248001109505	-1.81862510220008
THBS1	SDC1	R-HSA-1630316	REACTOME_GLYCOSAMINOGLYCAN_METABOLISM	1.50380852424702e-166	7.54094274537461e-166	7.11466682191395	6.46884404771167	2.08355096604458e-23	1	22	40	7.60435189479909e-09	1	0	-3.6446101735829	5.30916569519122
COL18A1	ITGB3	R-HSA-170834	REACTOME_SIGNALING_BY_TGF_BETA_RECEPTOR_COMPLEX	2.14936989072478e-166	1.07520537390736e-165	3.31748124564936	3.57758831465387	5.30132442773138e-21	1	34	63	3.59558463734582e-06	1	0	-2.93094921873315	-1.81862510220008
FBN1	ITGB3	R-HSA-170834	REACTOME_SIGNALING_BY_TGF_BETA_RECEPTOR_COMPLEX	2.39511005970594e-166	1.19524091385326e-165	7.14914428394037	3.57758831465387	5.90743153210484e-21	1	34	63	3.59558463734582e-06	1	0	3.49330586689255	-1.81862510220008
COL4A4	ITGB3	R-HSA-194138	REACTOME_SIGNALING_BY_VEGF	2.95085413829376e-166	1.46902762643733e-165	2.40348737446135	3.57758831465387	4.86684603123459e-18	1	33	60	1.25549861911524e-06	1	0	0.348341817117918	-1.81862510220008
SEMA4D	ERBB2	R-HSA-199418	REACTOME_NEGATIVE_REGULATION_OF_THE_PI3K_AKT_NETWORK	5.46353033235838e-166	2.71337828525298e-165	1.83704509775797	5.48467664125572	1.8596138826397e-20	1	26	48	1.21890212300538e-07	1	0	4.10629032846076	5.37025434019213
NID1	ITGB3	R-HSA-194138	REACTOME_SIGNALING_BY_VEGF	3.81465904238903e-165	1.88994858071361e-164	1.51200808588345	3.57758831465387	6.29152013311613e-17	1	33	60	1.25549861911524e-06	1	0	-6.39088225480639	-1.81862510220008
COL4A2	ITGB3	R-HSA-170834	REACTOME_SIGNALING_BY_TGF_BETA_RECEPTOR_COMPLEX	7.72740990772913e-165	3.81933705008813e-164	2.35366848733984	3.57758831465387	1.90593099325143e-19	1	34	63	3.59558463734582e-06	1	0	6.7881869323435	-1.81862510220008
APP	GPC1	R-HSA-1630316	REACTOME_GLYCOSAMINOGLYCAN_METABOLISM	2.53244139400605e-164	1.24869305966981e-163	1.1092665128676	4.73558061131978	5.86198611650717e-18	1	22	41	1.28907064258914e-08	1	0	-3.96459372498046	5.86131559783074
UBB	ERBB2	R-HSA-199418	REACTOME_NEGATIVE_REGULATION_OF_THE_PI3K_AKT_NETWORK	6.3389533777876e-164	3.118161352026e-163	1.56324007583564	5.48467664125572	2.15758035293112e-18	1	26	48	1.21890212300538e-07	1	0	5.83927178506202	5.37025434019213
HSPG2	SDC1	R-HSA-1630316	REACTOME_GLYCOSAMINOGLYCAN_METABOLISM	1.29589532716869e-163	6.35942932525065e-163	4.09583451460777	6.46884404771167	1.79548387795378e-20	1	22	40	7.60435189479909e-09	1	0	4.83775802276138	5.30916569519122
COL4A4	ITGB3	R-HSA-170834	REACTOME_SIGNALING_BY_TGF_BETA_RECEPTOR_COMPLEX	1.97321489467972e-163	9.66033642750784e-163	2.40348737446135	3.57758831465387	4.86684603123459e-18	1	34	63	3.59558463734582e-06	1	0	0.348341817117918	-1.81862510220008
UBB	ERBB3	R-HSA-199418	REACTOME_NEGATIVE_REGULATION_OF_THE_PI3K_AKT_NETWORK	5.84018044941341e-163	2.85243801619104e-162	1.56324007583564	9.47133900069063	1.98781373584178e-17	1	26	48	1.21890212300538e-07	1	0	5.83927178506202	4.07639206347018
COL16A1	ITGA10	R-HSA-373760	REACTOME_L1CAM_INTERACTIONS	2.12925831509758e-162	1.03751124504519e-161	10.9159881411726	2.73895327327373	2.59567348794053e-22	1	25	46	1.11229992408267e-07	1	0	4.29305359730917	4.59146428060636
NID1	ITGB3	R-HSA-170834	REACTOME_SIGNALING_BY_TGF_BETA_RECEPTOR_COMPLEX	2.55083500837458e-162	1.24000591230633e-161	1.51200808588345	3.57758831465387	6.29152013311613e-17	1	34	63	3.59558463734582e-06	1	0	-6.39088225480639	-1.81862510220008
SEMA4D	MET	R-HSA-199418	REACTOME_NEGATIVE_REGULATION_OF_THE_PI3K_AKT_NETWORK	2.76565700981117e-162	1.34127872823237e-161	1.83704509775797	4.11816608001036	9.4134265890396e-17	1	26	48	1.21890212300538e-07	1	0	4.10629032846076	-6.39088225480639
COL1A1	CD44	R-HSA-1474228	REACTOME_DEGRADATION_OF_THE_EXTRACELLULAR_MATRIX	2.22684877655603e-161	1.07744018088168e-160	12.9101074672495	1.22373754881036	1.68454347242834e-21	1	16	30	1.3449408777945e-10	1	0	5.35249569933251	5.04403416569004
NECTIN1	NECTIN3	R-HSA-1500931	REACTOME_CELL_CELL_COMMUNICATION	2.30291795569859e-161	1.1116421720732e-160	1.88790295941344	2.48400722595068	1.15806751264489e-14	1	24	45	5.73275493966429e-08	1	0	0.525478593451262	3.3946399443308
COL1A2	CD44	R-HSA-1474228	REACTOME_DEGRADATION_OF_THE_EXTRACELLULAR_MATRIX	5.47969121245607e-161	2.63893753961171e-160	16.249300289467	1.22373754881036	4.14521998981081e-21	1	16	30	1.3449408777945e-10	1	0	3.18442633530028	5.04403416569004
UBB	MET	R-HSA-199418	REACTOME_NEGATIVE_REGULATION_OF_THE_PI3K_AKT_NETWORK	3.20879903243384e-160	1.54171600023449e-159	1.56324007583564	4.11816608001036	1.09217426541477e-14	1	26	48	1.21890212300538e-07	1	0	5.83927178506202	-6.39088225480639
FBLN2	ITGB3	R-HSA-373760	REACTOME_L1CAM_INTERACTIONS	5.23655899661173e-160	2.51014637749416e-159	16.4383713511822	3.57758831465387	7.79229608219956e-27	1	23	43	1.21890212300538e-07	1	0	3.30185484435118	-1.81862510220008
COL14A1	CD44	R-HSA-1474228	REACTOME_DEGRADATION_OF_THE_EXTRACELLULAR_MATRIX	2.25386927441246e-159	1.07789211132781e-158	7.32842319150696	1.22373754881036	1.70498365847285e-19	1	16	30	1.3449408777945e-10	1	0	11.1986159787516	5.04403416569004
SERPINE1	LRP2	R-HSA-8957322	REACTOME_METABOLISM_OF_STEROIDS	2.43923364404239e-158	1.16384681491723e-157	6.28331526418205	5.72249204709186	1.80505435793913e-21	1	34	62	4.71020576312023e-06	1	0	-6.39088225480639	-2.26417799144396
COL2A1	ITGA10	R-HSA-373760	REACTOME_L1CAM_INTERACTIONS	2.4852004342596e-158	1.18304702700008e-157	14.3588246029563	2.73895327327373	3.02958491869518e-18	1	25	46	1.11229992408267e-07	1	0	4.87453470539196	4.59146428060636
COL1A2	ITGB3	R-HSA-373760	REACTOME_L1CAM_INTERACTIONS	5.10370501892225e-158	2.42396656760767e-157	16.249300289467	3.57758831465387	7.59460184624725e-25	1	23	43	1.21890212300538e-07	1	0	3.18442633530028	-1.81862510220008
FN1	CD44	R-HSA-1474228	REACTOME_DEGRADATION_OF_THE_EXTRACELLULAR_MATRIX	7.66086516666574e-158	3.63012555833289e-157	9.24511967017868	1.22373754881036	5.79521184623005e-18	1	16	30	1.3449408777945e-10	1	0	3.96729180611041	5.04403416569004
EFNA5	EPHB2	R-HSA-373760	REACTOME_L1CAM_INTERACTIONS	1.58950537667082e-157	7.51468674645745e-157	8.4006046829594	4.05315576349814	8.44971367672817e-24	1	24	44	1.11229992408267e-07	1	0	7.60630028186199	3.37057280920668
L1CAM	EPHB2	R-HSA-373760	REACTOME_L1CAM_INTERACTIONS	4.2925054029566e-157	2.02472971746766e-156	6.61152480504602	4.05315576349814	2.28186970255864e-23	1	24	44	1.11229992408267e-07	1	0	7.69724325085875	3.37057280920668
CDH1	EGFR	R-HSA-373760	REACTOME_L1CAM_INTERACTIONS	1.10633039353459e-156	5.20655715955003e-156	14.0529638668967	2.89751774661206	1.12509612679447e-22	1	23	43	1.11229992408267e-07	1	0	6.06941827582005	6.35694186809355
L1CAM	ITGB3	R-HSA-373760	REACTOME_L1CAM_INTERACTIONS	1.3212466363434e-156	6.20385352428513e-156	6.61152480504602	3.57758831465387	1.96608975372179e-23	1	23	43	1.21890212300538e-07	1	0	7.69724325085875	-1.81862510220008
L1CAM	EZR	R-HSA-373760	REACTOME_L1CAM_INTERACTIONS	1.88137121044553e-156	8.81386149836838e-156	6.61152480504602	2.81226153847782	1.00012546552061e-22	1	24	44	1.11229992408267e-07	1	0	7.69724325085875	8.66058596719193
EFNA5	EPHB2	R-HSA-2682334	REACTOME_EPH_EPHRIN_SIGNALING	1.99090903866409e-156	9.3059232440724e-156	8.4006046829594	4.05315576349814	8.44971367672817e-24	1	28	52	1.28152817293568e-06	1	0	7.60630028186199	3.37057280920668
TCN2	LRP2	R-HSA-8957322	REACTOME_METABOLISM_OF_STEROIDS	5.25757696317361e-156	2.45195350020693e-155	6.55836363827325	5.72249204709186	3.8906532110017e-19	1	34	62	4.71020576312023e-06	1	0	6.82456786242144	-2.26417799144396
L1CAM	EPHB2	R-HSA-2682334	REACTOME_EPH_EPHRIN_SIGNALING	5.37650764237117e-156	2.50177134890515e-155	6.61152480504602	4.05315576349814	2.28186970255864e-23	1	28	52	1.28152817293568e-06	1	0	7.69724325085875	3.37057280920668
DCN	EGFR	R-HSA-373760	REACTOME_L1CAM_INTERACTIONS	6.26805829767774e-156	2.9100693130342e-155	15.215347949085	2.89751774661206	6.37437799273358e-22	1	23	43	1.11229992408267e-07	1	0	-5.95640031910379	6.35694186809355
COL4A3	ITGB3	R-HSA-373760	REACTOME_L1CAM_INTERACTIONS	1.19495770230685e-155	5.53538702458732e-155	8.59500106905861	3.57758831465387	1.77816467418867e-22	1	23	43	1.21890212300538e-07	1	0	3.59636213159094	-1.81862510220008
TNC	ITGB3	R-HSA-373760	REACTOME_L1CAM_INTERACTIONS	3.84671454193043e-155	1.77792220215397e-154	6.8277048658413	3.57758831465387	5.7241288933858e-22	1	23	43	1.21890212300538e-07	1	0	-5.58163186833725	-1.81862510220008
LTBP1	ITGB3	R-HSA-373760	REACTOME_L1CAM_INTERACTIONS	4.33961215795838e-155	2.00125864248706e-154	4.49925244209	3.57758831465387	6.45758843519278e-22	1	23	43	1.21890212300538e-07	1	0	0.411198660997557	-1.81862510220008
COMP	ITGB3	R-HSA-373760	REACTOME_L1CAM_INTERACTIONS	4.37061426895682e-155	2.01106661017033e-154	8.97372250466624	3.57758831465387	6.50372133052145e-22	1	23	43	1.21890212300538e-07	1	0	4.52103900260026	-1.81862510220008
THBS1	ITGB3	R-HSA-373760	REACTOME_L1CAM_INTERACTIONS	4.66838573907011e-155	2.14330776375974e-154	7.11466682191395	3.57758831465387	6.94682212657015e-22	1	23	43	1.21890212300538e-07	1	0	-3.6446101735829	-1.81862510220008
WNT5A	LRP2	R-HSA-8957322	REACTOME_METABOLISM_OF_STEROIDS	7.02910240495266e-155	3.21998349637078e-154	3.71867437883844	5.72249204709186	5.20159762450362e-18	1	34	62	4.71020576312023e-06	1	0	3.85719962716077	-2.26417799144396
FN1	ITGB3	R-HSA-373760	REACTOME_L1CAM_INTERACTIONS	7.13521884436148e-155	3.26136330363956e-154	9.24511967017868	3.57758831465387	1.0617609365717e-21	1	23	43	1.21890212300538e-07	1	0	3.96729180611041	-1.81862510220008
MFGE8	ITGB3	R-HSA-373760	REACTOME_L1CAM_INTERACTIONS	2.35972434752014e-154	1.07620099381382e-153	3.04039885756526	3.57758831465387	3.51140334715023e-21	1	23	43	1.21890212300538e-07	1	0	0.6248001109505	-1.81862510220008
COL18A1	ITGB3	R-HSA-373760	REACTOME_L1CAM_INTERACTIONS	3.5625825601532e-154	1.62121047781421e-153	3.31748124564936	3.57758831465387	5.30132442773138e-21	1	23	43	1.21890212300538e-07	1	0	-2.93094921873315	-1.81862510220008
FBN1	ITGB3	R-HSA-373760	REACTOME_L1CAM_INTERACTIONS	3.9698971150464e-154	1.8025950416892e-153	7.14914428394037	3.57758831465387	5.90743153210484e-21	1	23	43	1.21890212300538e-07	1	0	3.49330586689255	-1.81862510220008
HSPG2	LRP2	R-HSA-8957322	REACTOME_METABOLISM_OF_STEROIDS	6.56059577684918e-154	2.97241027959877e-153	4.09583451460777	5.72249204709186	4.85489859759939e-17	1	34	62	4.71020576312023e-06	1	0	4.83775802276138	-2.26417799144396
L1CAM	EGFR	R-HSA-373760	REACTOME_L1CAM_INTERACTIONS	7.27453580935873e-154	3.28866323460287e-153	6.61152480504602	2.89751774661206	7.39792751891101e-20	1	23	43	1.11229992408267e-07	1	0	7.69724325085875	6.35694186809355
EFEMP1	EGFR	R-HSA-373760	REACTOME_L1CAM_INTERACTIONS	1.52586933440791e-153	6.88306996700161e-153	11.0825504472025	2.89751774661206	1.55175134676721e-19	1	23	43	1.11229992408267e-07	1	0	6.63580333837864	6.35694186809355
PKM	CD44	R-HSA-1474228	REACTOME_DEGRADATION_OF_THE_EXTRACELLULAR_MATRIX	2.24282143279646e-153	1.00951396081862e-152	1.05288583332511	1.22373754881036	1.69662630180159e-13	1	16	30	1.3449408777945e-10	1	0	0.881267560414777	5.04403416569004
COL4A2	ITGB3	R-HSA-373760	REACTOME_L1CAM_INTERACTIONS	1.28081889912154e-152	5.75254749040238e-152	2.35366848733984	3.57758831465387	1.90593099325143e-19	1	23	43	1.21890212300538e-07	1	0	6.7881869323435	-1.81862510220008
TNC	EGFR	R-HSA-373760	REACTOME_L1CAM_INTERACTIONS	2.11792877377521e-152	9.49162873453271e-152	6.8277048658413	2.89751774661206	2.15385338243132e-18	1	23	43	1.11229992408267e-07	1	0	-5.58163186833725	6.35694186809355
EFNB2	EPHB4	R-HSA-2682334	REACTOME_EPH_EPHRIN_SIGNALING	4.13117506338677e-152	1.84740425994742e-151	1.89080003650529	5.05279891429818	1.75333205868012e-19	1	28	52	1.28152817293568e-06	1	0	-3.10154050773403	-0.222009180720624
UBB	LRP2	R-HSA-8957322	REACTOME_METABOLISM_OF_STEROIDS	6.1562618609188e-152	2.74704902908386e-151	1.56324007583564	5.72249204709186	4.55568794232031e-15	1	34	62	4.71020576312023e-06	1	0	5.83927178506202	-2.26417799144396
EFNB2	EPHB2	R-HSA-373760	REACTOME_L1CAM_INTERACTIONS	6.47699138939975e-152	2.8839362522629e-151	1.89080003650529	4.05315576349814	3.44312913503254e-18	1	24	44	1.11229992408267e-07	1	0	-3.10154050773403	3.37057280920668
L1CAM	FGFR2	R-HSA-2219530	REACTOME_CONSTITUTIVE_SIGNALING_BY_ABERRANT_PI3K_IN_CANCER	1.05632647132257e-151	4.69326987043533e-151	6.61152480504602	12.7101660798708	1.47684132181016e-29	1	18	33	6.29820330513259e-09	1	0	7.69724325085875	5.73242607734244
COL4A4	ITGB3	R-HSA-373760	REACTOME_L1CAM_INTERACTIONS	3.2706054930592e-151	1.4500152250344e-150	2.40348737446135	3.57758831465387	4.86684603123459e-18	1	23	43	1.21890212300538e-07	1	0	0.348341817117918	-1.81862510220008
COL1A1	ITGA1	R-HSA-373760	REACTOME_L1CAM_INTERACTIONS	6.57903418426844e-151	2.91055345282625e-150	12.9101074672495	1.06937784120538	5.11748759071151e-18	1	24	44	1.21890212300538e-07	1	0	5.35249569933251	-3.20606372686874
EFNB2	EPHB2	R-HSA-2682334	REACTOME_EPH_EPHRIN_SIGNALING	8.11264994114956e-151	3.58135358513141e-150	1.89080003650529	4.05315576349814	3.44312913503254e-18	1	28	52	1.28152817293568e-06	1	0	-3.10154050773403	3.37057280920668
COL1A2	ITGA1	R-HSA-373760	REACTOME_L1CAM_INTERACTIONS	1.61892788524865e-150	7.13156718747058e-150	16.249300289467	1.06937784120538	1.25927957371421e-17	1	24	44	1.21890212300538e-07	1	0	3.18442633530028	-3.20606372686874
NCAM1	FGFR2	R-HSA-2219530	REACTOME_CONSTITUTIVE_SIGNALING_BY_ABERRANT_PI3K_IN_CANCER	2.21690368454714e-150	9.74494257930721e-150	5.35497639278498	12.7101660798708	3.09943474550362e-28	1	18	33	6.29820330513259e-09	1	0	2.31654305445474	5.73242607734244
COL4A5	ITGA1	R-HSA-373760	REACTOME_L1CAM_INTERACTIONS	2.40381787376706e-150	1.05441353019166e-149	8.63911500522914	1.06937784120538	1.8698045632212e-17	1	24	44	1.21890212300538e-07	1	0	4.94978495547464	-3.20606372686874
COL5A2	ITGA1	R-HSA-373760	REACTOME_L1CAM_INTERACTIONS	4.10996783524833e-150	1.79898168381844e-149	8.65450559489796	1.06937784120538	3.19692964134454e-17	1	24	44	1.21890212300538e-07	1	0	4.71972607502025	-3.20606372686874
NID1	ITGB3	R-HSA-373760	REACTOME_L1CAM_INTERACTIONS	4.22801135992426e-150	1.84673815425022e-149	1.51200808588345	3.57758831465387	6.29152013311613e-17	1	23	43	1.21890212300538e-07	1	0	-6.39088225480639	-1.81862510220008
EFNB2	EPHB3	R-HSA-2682334	REACTOME_EPH_EPHRIN_SIGNALING	4.35298789507363e-150	1.89731497705108e-149	1.89080003650529	3.38427768514753	1.84747271911109e-17	1	28	52	1.28152817293568e-06	1	0	-3.10154050773403	5.02181464592485
TNFSF12	TRAF2	R-HSA-73887	REACTOME_DEATH_RECEPTOR_SIGNALING	4.7347062894221e-150	2.05934804083075e-149	8.71305866963411	1.15950995895023	1.64631811656911e-18	1	34	62	7.19061042303929e-06	1	0	2.36479248772075	5.06353195786275
COL16A1	ITGA1	R-HSA-373760	REACTOME_L1CAM_INTERACTIONS	7.36547239281166e-150	3.19686259738422e-149	10.9159881411726	1.06937784120538	5.72921685983505e-17	1	24	44	1.21890212300538e-07	1	0	4.29305359730917	-3.20606372686874
ANXA1	EGFR	R-HSA-373760	REACTOME_L1CAM_INTERACTIONS	1.69950996734788e-149	7.36098027786317e-149	2.36495705120345	2.89751774661206	1.72833729678414e-15	1	23	43	1.11229992408267e-07	1	0	5.26706875945552	6.35694186809355
LAMA5	SDC1	R-HSA-202733	REACTOME_CELL_SURFACE_INTERACTIONS_AT_THE_VASCULAR_WALL	3.20972235035165e-149	1.38729840498462e-148	6.39025679656551	6.46884404771167	3.10330148907865e-24	1	18	33	4.1853123432812e-09	1	0	-4.04261071031852	5.30916569519122
CDH1	ERBB3	R-HSA-2219530	REACTOME_CONSTITUTIVE_SIGNALING_BY_ABERRANT_PI3K_IN_CANCER	7.56807709693662e-149	3.26422699003571e-148	14.0529638668967	9.47133900069063	1.0580866130721e-26	1	18	33	6.29820330513259e-09	1	0	6.06941827582005	4.07639206347018
COL5A1	ITGA1	R-HSA-373760	REACTOME_L1CAM_INTERACTIONS	7.68302949169434e-149	3.30690394371677e-148	22.6239327382813	1.06937784120538	5.97622796623123e-16	1	24	44	1.21890212300538e-07	1	0	4.34420548048338	-3.20606372686874
LAMB1	ITGA1	R-HSA-373760	REACTOME_L1CAM_INTERACTIONS	8.95876441367201e-149	3.84798488121546e-148	8.31776841205843	1.06937784120538	6.96855563156984e-16	1	24	44	1.21890212300538e-07	1	0	6.66423855005416	-3.20606372686874
SLIT2	SDC1	R-HSA-202733	REACTOME_CELL_SURFACE_INTERACTIONS_AT_THE_VASCULAR_WALL	1.29588766480613e-148	5.55457243877484e-148	6.80274676319369	6.46884404771167	1.25292149317243e-23	1	18	33	4.1853123432812e-09	1	0	2.78796175154231	5.30916569519122
TNFSF9	TRAF2	R-HSA-73887	REACTOME_DEATH_RECEPTOR_SIGNALING	1.42091154893187e-148	6.0778535405657e-148	3.24465487556851	1.15950995895023	4.94069173894698e-17	1	34	62	7.19061042303929e-06	1	0	2.84326536040046	5.06353195786275
COL4A6	ITGA1	R-HSA-373760	REACTOME_L1CAM_INTERACTIONS	1.64121764542513e-148	7.00569350299238e-148	9.06481417009132	1.06937784120538	1.27661761572892e-15	1	24	44	1.21890212300538e-07	1	0	0.369504896559084	-3.20606372686874
PTN	SDC1	R-HSA-202733	REACTOME_CELL_SURFACE_INTERACTIONS_AT_THE_VASCULAR_WALL	1.75394221109155e-148	7.4714321816807e-148	7.92717388064223	6.46884404771167	1.69578888181464e-23	1	18	33	4.1853123432812e-09	1	0	-1.41052729395478	5.30916569519122
TNC	SDC1	R-HSA-202733	REACTOME_CELL_SURFACE_INTERACTIONS_AT_THE_VASCULAR_WALL	1.77570513415242e-148	7.54857367728171e-148	6.8277048658413	6.46884404771167	1.7168302380971e-23	1	18	33	4.1853123432812e-09	1	0	-5.58163186833725	5.30916569519122
LAMA1	ITGA1	R-HSA-373760	REACTOME_L1CAM_INTERACTIONS	2.01590028264143e-148	8.55205335510717e-148	19.8345033696564	1.06937784120538	1.56806369925808e-15	1	24	44	1.21890212300538e-07	1	0	-2.13725369701301	-3.20606372686874
THBS1	SDC1	R-HSA-202733	REACTOME_CELL_SURFACE_INTERACTIONS_AT_THE_VASCULAR_WALL	2.15500173842135e-148	9.12342949093957e-148	7.11466682191395	6.46884404771167	2.08355096604458e-23	1	18	33	4.1853123432812e-09	1	0	-3.6446101735829	5.30916569519122
DCN	MET	R-HSA-2219530	REACTOME_CONSTITUTIVE_SIGNALING_BY_ABERRANT_PI3K_IN_CANCER	3.40666282729433e-148	1.43929762805523e-147	15.215347949085	4.11816608001036	3.29371225008704e-23	1	18	33	4.1853123432812e-09	1	0	-5.95640031910379	-6.39088225480639
COL4A3	ITGA1	R-HSA-373760	REACTOME_L1CAM_INTERACTIONS	3.79048228450657e-148	1.59819110199807e-147	8.59500106905861	1.06937784120538	2.94841849281729e-15	1	24	44	1.21890212300538e-07	1	0	3.59636213159094	-3.20606372686874
CDH1	EGFR	R-HSA-2219530	REACTOME_CONSTITUTIVE_SIGNALING_BY_ABERRANT_PI3K_IN_CANCER	1.16367881018819e-147	4.89645707097517e-147	14.0529638668967	2.89751774661206	1.12509612679447e-22	1	18	33	4.1853123432812e-09	1	0	6.06941827582005	6.35694186809355
COL4A1	ITGA1	R-HSA-373760	REACTOME_L1CAM_INTERACTIONS	1.41318518748893e-147	5.93422885640675e-147	4.74562400406375	1.06937784120538	1.09924305875241e-14	1	24	44	1.21890212300538e-07	1	0	-3.11998527946727	-3.20606372686874
LAMA1	GPC1	R-HSA-9820952	REACTOME_RESPIRATORY_SYNCYTIAL_VIRUS_INFECTION_PATHWAY	4.17960565702825e-147	1.7515345410589e-146	19.8345033696564	4.73558061131978	1.18943344630146e-23	1	23	42	1.74481942309838e-07	1	0	-2.13725369701301	5.86131559783074
COL8A1	ITGA1	R-HSA-373760	REACTOME_L1CAM_INTERACTIONS	4.579920819224e-147	1.91540818067142e-146	7.34157831085518	1.06937784120538	3.56248155920264e-14	1	24	44	1.21890212300538e-07	1	0	-5.85058866522127	-3.20606372686874
SEMA5A	MET	R-HSA-2219530	REACTOME_CONSTITUTIVE_SIGNALING_BY_ABERRANT_PI3K_IN_CANCER	4.8086264090244e-147	2.00699437596857e-146	13.1302189665968	4.11816608001036	4.64919262998353e-22	1	18	33	4.1853123432812e-09	1	0	-3.36463131492755	-6.39088225480639
L1CAM	ERBB2	R-HSA-2219530	REACTOME_CONSTITUTIVE_SIGNALING_BY_ABERRANT_PI3K_IN_CANCER	5.40128733795849e-147	2.24981041133513e-146	6.61152480504602	5.48467664125572	7.55149525097075e-25	1	18	33	6.29820330513259e-09	1	0	7.69724325085875	5.37025434019213
DCN	EGFR	R-HSA-2219530	REACTOME_CONSTITUTIVE_SIGNALING_BY_ABERRANT_PI3K_IN_CANCER	6.59297318835146e-147	2.74066048433282e-146	15.215347949085	2.89751774661206	6.37437799273358e-22	1	18	33	4.1853123432812e-09	1	0	-5.95640031910379	6.35694186809355
SLIT2	GPC1	R-HSA-9820952	REACTOME_RESPIRATORY_SYNCYTIAL_VIRUS_INFECTION_PATHWAY	1.84626767377791e-146	7.65941569081359e-146	6.80274676319369	4.73558061131978	5.25411414907986e-23	1	23	42	1.74481942309838e-07	1	0	2.78796175154231	5.86131559783074
SORBS1	ITGA1	R-HSA-373760	REACTOME_L1CAM_INTERACTIONS	2.48170350883077e-146	1.02749487960809e-145	4.76887395049625	1.06937784120538	1.93038773694696e-13	1	24	44	1.21890212300538e-07	1	0	-4.81009457132471	-3.20606372686874
CDH1	EGFR	R-HSA-9820952	REACTOME_RESPIRATORY_SYNCYTIAL_VIRUS_INFECTION_PATHWAY	3.95352774959628e-146	1.63359766613318e-145	14.0529638668967	2.89751774661206	1.12509612679447e-22	1	23	42	1.74481942309838e-07	1	0	6.06941827582005	6.35694186809355
L1CAM	ERBB3	R-HSA-2219530	REACTOME_CONSTITUTIVE_SIGNALING_BY_ABERRANT_PI3K_IN_CANCER	4.97629353504078e-146	2.05210028810265e-145	6.61152480504602	9.47133900069063	6.95731492253852e-24	1	18	33	6.29820330513259e-09	1	0	7.69724325085875	4.07639206347018
COL17A1	ITGB4	R-HSA-1500931	REACTOME_CELL_CELL_COMMUNICATION	6.15559248167802e-146	2.53335738389378e-145	11.5471101838395	7.42190860929556	4.4438019528235e-29	1	23	43	7.29176476882808e-07	1	0	6.32959073051544	0.000435230421763041
LAMB3	COL17A1	R-HSA-1500931	REACTOME_CELL_CELL_COMMUNICATION	7.88143460062414e-146	3.2371856629999e-145	1.20907444031088	11.5471101838395	7.04587817715162e-23	1	23	43	3.7384968453245e-07	1	0	2.59517547975114	6.32959073051544
COL2A1	ITGA1	R-HSA-373760	REACTOME_L1CAM_INTERACTIONS	8.59673768060584e-146	3.52398016828009e-145	14.3588246029563	1.06937784120538	6.68695391586483e-13	1	24	44	1.21890212300538e-07	1	0	4.87453470539196	-3.20606372686874
TNFSF12	TRAF2	R-HSA-446652	REACTOME_INTERLEUKIN_1_FAMILY_SIGNALING	1.79938837091022e-145	7.36145816693171e-145	8.71305866963411	1.15950995895023	1.64631811656911e-18	1	35	64	1.44868578354542e-05	1	0	2.36479248772075	5.06353195786275
HSPG2	SDC1	R-HSA-202733	REACTOME_CELL_SURFACE_INTERACTIONS_AT_THE_VASCULAR_WALL	1.85705602663675e-145	7.58236709690024e-145	4.09583451460777	6.46884404771167	1.79548387795378e-20	1	18	33	4.1853123432812e-09	1	0	4.83775802276138	5.30916569519122
DCN	EGFR	R-HSA-9820952	REACTOME_RESPIRATORY_SYNCYTIAL_VIRUS_INFECTION_PATHWAY	2.23992241022902e-145	9.12757337186026e-145	15.215347949085	2.89751774661206	6.37437799273358e-22	1	23	42	1.74481942309838e-07	1	0	-5.95640031910379	6.35694186809355
COL18A1	GPC1	R-HSA-9820952	REACTOME_RESPIRATORY_SYNCYTIAL_VIRUS_INFECTION_PATHWAY	2.34300458499266e-145	9.52883360747017e-145	3.31748124564936	4.73558061131978	6.66772955850917e-22	1	23	42	1.74481942309838e-07	1	0	-2.93094921873315	5.86131559783074
UBB	FGFR2	R-HSA-2219530	REACTOME_CONSTITUTIVE_SIGNALING_BY_ABERRANT_PI3K_IN_CANCER	3.01809001404543e-145	1.22502435540626e-144	1.56324007583564	12.7101660798708	4.21956674067272e-23	1	18	33	6.29820330513259e-09	1	0	5.83927178506202	5.73242607734244
L1CAM	EGFR	R-HSA-2219530	REACTOME_CONSTITUTIVE_SIGNALING_BY_ABERRANT_PI3K_IN_CANCER	7.651623081836e-145	3.09965750726925e-144	6.61152480504602	2.89751774661206	7.39792751891101e-20	1	18	33	4.1853123432812e-09	1	0	7.69724325085875	6.35694186809355
LAMC1	ITGA1	R-HSA-373760	REACTOME_L1CAM_INTERACTIONS	8.88405931041407e-145	3.59187212041398e-144	2.41383536561023	1.06937784120538	6.91044642766884e-12	1	24	44	1.21890212300538e-07	1	0	1.75120519238021	-3.20606372686874
EFEMP1	EGFR	R-HSA-2219530	REACTOME_CONSTITUTIVE_SIGNALING_BY_ABERRANT_PI3K_IN_CANCER	1.60496522733462e-144	6.47628546811197e-144	11.0825504472025	2.89751774661206	1.55175134676721e-19	1	18	33	4.1853123432812e-09	1	0	6.63580333837864	6.35694186809355
TNFSF9	TRAF2	R-HSA-446652	REACTOME_INTERLEUKIN_1_FAMILY_SIGNALING	5.40006403977404e-144	2.1747626327823e-143	3.24465487556851	1.15950995895023	4.94069173894698e-17	1	35	64	1.44868578354542e-05	1	0	2.84326536040046	5.06353195786275
COL4A4	ITGA1	R-HSA-373760	REACTOME_L1CAM_INTERACTIONS	1.03745698756686e-143	4.1700119383524e-143	2.40348737446135	1.06937784120538	8.06983686521262e-11	1	24	44	1.21890212300538e-07	1	0	0.348341817117918	-3.20606372686874
TNC	EGFR	R-HSA-2219530	REACTOME_CONSTITUTIVE_SIGNALING_BY_ABERRANT_PI3K_IN_CANCER	2.2277150206965e-143	8.93681404419216e-143	6.8277048658413	2.89751774661206	2.15385338243132e-18	1	18	33	4.1853123432812e-09	1	0	-5.58163186833725	6.35694186809355
L1CAM	EGFR	R-HSA-9820952	REACTOME_RESPIRATORY_SYNCYTIAL_VIRUS_INFECTION_PATHWAY	2.59959225162807e-143	1.04084449454721e-142	6.61152480504602	2.89751774661206	7.39792751891101e-20	1	23	42	1.74481942309838e-07	1	0	7.69724325085875	6.35694186809355
LAMB2	ITGA3	R-HSA-202733	REACTOME_CELL_SURFACE_INTERACTIONS_AT_THE_VASCULAR_WALL	2.95320215654599e-143	1.18013842464681e-142	12.5087294742221	2.75754452411437	2.86249954100888e-23	1	17	32	8.95701809189481e-09	1	0	-4.4327218444072	5.65033245421738
LAMB2	ITGB4	R-HSA-1500931	REACTOME_CELL_CELL_COMMUNICATION	3.60231262464088e-143	1.43675248697067e-142	12.5087294742221	7.42190860929556	2.6005561485279e-26	1	23	43	7.29176476882808e-07	1	0	-4.4327218444072	0.000435230421763041
LAMA1	SDC4	R-HSA-9820952	REACTOME_RESPIRATORY_SYNCYTIAL_VIRUS_INFECTION_PATHWAY	3.91572405371497e-143	1.55874487379097e-142	19.8345033696564	1.45777712136255	1.11433793954792e-19	1	23	42	1.74481942309838e-07	1	0	-2.13725369701301	7.17743566926211
EFEMP1	EGFR	R-HSA-9820952	REACTOME_RESPIRATORY_SYNCYTIAL_VIRUS_INFECTION_PATHWAY	5.45277142442626e-143	2.16642803132012e-142	11.0825504472025	2.89751774661206	1.55175134676721e-19	1	23	42	1.74481942309838e-07	1	0	6.63580333837864	6.35694186809355
SEMA4D	ERBB2	R-HSA-2219530	REACTOME_CONSTITUTIVE_SIGNALING_BY_ABERRANT_PI3K_IN_CANCER	1.33010861875368e-142	5.27448062638214e-142	1.83704509775797	5.48467664125572	1.8596138826397e-20	1	18	33	6.29820330513259e-09	1	0	4.10629032846076	5.37025434019213
TNC	SDC4	R-HSA-9820952	REACTOME_RESPIRATORY_SYNCYTIAL_VIRUS_INFECTION_PATHWAY	2.37014508058208e-142	9.38068915034975e-142	6.8277048658413	1.45777712136255	6.74496606322334e-19	1	23	42	1.74481942309838e-07	1	0	-5.58163186833725	7.17743566926211
THBS1	SDC4	R-HSA-9820952	REACTOME_RESPIRATORY_SYNCYTIAL_VIRUS_INFECTION_PATHWAY	2.87641606183854e-142	1.13626684201882e-141	7.11466682191395	1.45777712136255	8.18571355811128e-19	1	23	42	1.74481942309838e-07	1	0	-3.6446101735829	7.17743566926211
LAMB1	ITGA3	R-HSA-202733	REACTOME_CELL_SURFACE_INTERACTIONS_AT_THE_VASCULAR_WALL	3.29094393558678e-142	1.29753629216074e-141	8.31776841205843	2.75754452411437	3.18986815183724e-22	1	17	32	8.95701809189481e-09	1	0	6.66423855005416	5.65033245421738
LAMB1	ITGB4	R-HSA-1500931	REACTOME_CELL_CELL_COMMUNICATION	4.01428966177343e-142	1.57971856023313e-141	8.31776841205843	7.42190860929556	2.89796770843497e-25	1	23	43	7.29176476882808e-07	1	0	6.66423855005416	0.000435230421763041
LAMA1	ITGA3	R-HSA-202733	REACTOME_CELL_SURFACE_INTERACTIONS_AT_THE_VASCULAR_WALL	7.40527879021128e-142	2.90861330429211e-141	19.8345033696564	2.75754452411437	7.17783816154831e-22	1	17	32	8.95701809189481e-09	1	0	-2.13725369701301	5.65033245421738
TNC	EGFR	R-HSA-9820952	REACTOME_RESPIRATORY_SYNCYTIAL_VIRUS_INFECTION_PATHWAY	7.56852584700044e-142	2.96709191649011e-141	6.8277048658413	2.89751774661206	2.15385338243132e-18	1	23	42	1.74481942309838e-07	1	0	-5.58163186833725	6.35694186809355
LAMA5	ITGA3	R-HSA-202733	REACTOME_CELL_SURFACE_INTERACTIONS_AT_THE_VASCULAR_WALL	8.10216122734031e-142	3.17027748024339e-141	6.39025679656551	2.75754452411437	7.85331703183064e-22	1	17	32	8.95701809189481e-09	1	0	-4.04261071031852	5.65033245421738
LAMA1	ITGB4	R-HSA-1500931	REACTOME_CELL_CELL_COMMUNICATION	9.03295062812878e-142	3.52780264607071e-141	19.8345033696564	7.42190860929556	6.52100407239671e-25	1	23	43	7.29176476882808e-07	1	0	-2.13725369701301	0.000435230421763041
SEMA4D	MET	R-HSA-2219530	REACTOME_CONSTITUTIVE_SIGNALING_BY_ABERRANT_PI3K_IN_CANCER	9.73623923507522e-142	3.79529627540857e-141	1.83704509775797	4.11816608001036	9.4134265890396e-17	1	18	33	4.1853123432812e-09	1	0	4.10629032846076	-6.39088225480639
LAMA5	ITGB4	R-HSA-1500931	REACTOME_CELL_CELL_COMMUNICATION	9.88300703066661e-142	3.84525282963413e-141	6.39025679656551	7.42190860929556	7.13467080112369e-25	1	23	43	7.29176476882808e-07	1	0	-4.04261071031852	0.000435230421763041
COL17A1	CD151	R-HSA-1500931	REACTOME_CELL_CELL_COMMUNICATION	1.10877323295521e-141	4.30587499865687e-141	11.5471101838395	2.16464414967756	4.18410938528817e-25	1	24	44	7.29176476882808e-07	1	0	6.32959073051544	6.83968538959107
COL4A3	ITGA3	R-HSA-202733	REACTOME_CELL_SURFACE_INTERACTIONS_AT_THE_VASCULAR_WALL	1.39240905454651e-141	5.39721783619719e-141	8.59500106905861	2.75754452411437	1.34964356256522e-21	1	17	32	8.95701809189481e-09	1	0	3.59636213159094	5.65033245421738
APP	GPC1	R-HSA-9820952	REACTOME_RESPIRATORY_SYNCYTIAL_VIRUS_INFECTION_PATHWAY	2.05987063926608e-141	7.96946206128039e-141	1.1092665128676	4.73558061131978	5.86198611650717e-18	1	23	42	1.74481942309838e-07	1	0	-3.96459372498046	5.86131559783074
THBS1	ITGA3	R-HSA-202733	REACTOME_CELL_SURFACE_INTERACTIONS_AT_THE_VASCULAR_WALL	5.43977628718432e-141	2.10066874940613e-140	7.11466682191395	2.75754452411437	5.27270274767376e-21	1	17	32	8.95701809189481e-09	1	0	-3.6446101735829	5.65033245421738
FN1	ITGA3	R-HSA-202733	REACTOME_CELL_SURFACE_INTERACTIONS_AT_THE_VASCULAR_WALL	8.31422175519703e-141	3.20469816161139e-140	9.24511967017868	2.75754452411437	8.0588644787978e-21	1	17	32	8.95701809189481e-09	1	0	3.96729180611041	5.65033245421738
UBB	ERBB2	R-HSA-2219530	REACTOME_CONSTITUTIVE_SIGNALING_BY_ABERRANT_PI3K_IN_CANCER	1.54323230745815e-140	5.93727736910342e-140	1.56324007583564	5.48467664125572	2.15758035293112e-18	1	18	33	6.29820330513259e-09	1	0	5.83927178506202	5.37025434019213
ANXA1	EGFR	R-HSA-2219530	REACTOME_CONSTITUTIVE_SIGNALING_BY_ABERRANT_PI3K_IN_CANCER	1.787606801968e-140	6.86467593469494e-140	2.36495705120345	2.89751774661206	1.72833729678414e-15	1	18	33	4.1853123432812e-09	1	0	5.26706875945552	6.35694186809355
COL18A1	ITGA3	R-HSA-202733	REACTOME_CELL_SURFACE_INTERACTIONS_AT_THE_VASCULAR_WALL	4.15125339143848e-140	1.59118543723783e-139	3.31748124564936	2.75754452411437	4.0237546560315e-20	1	17	32	8.95701809189481e-09	1	0	-2.93094921873315	5.65033245421738
UBB	MET	R-HSA-2219530	REACTOME_CONSTITUTIVE_SIGNALING_BY_ABERRANT_PI3K_IN_CANCER	1.12962796638282e-139	4.321872923235e-139	1.56324007583564	4.11816608001036	1.09217426541477e-14	1	18	33	4.1853123432812e-09	1	0	5.83927178506202	-6.39088225480639
COL1A1	ITGA1	R-HSA-373755	REACTOME_SEMAPHORIN_INTERACTIONS	1.36648037843253e-139	5.21838902373678e-139	12.9101074672495	1.06937784120538	5.11748759071151e-18	1	20	38	1.11229992408267e-07	1	0	5.35249569933251	-3.20606372686874
UBB	ERBB3	R-HSA-2219530	REACTOME_CONSTITUTIVE_SIGNALING_BY_ABERRANT_PI3K_IN_CANCER	1.42180492800309e-139	5.41964756689e-139	1.56324007583564	9.47133900069063	1.98781373584178e-17	1	18	33	6.29820330513259e-09	1	0	5.83927178506202	4.07639206347018
COL1A2	ITGA1	R-HSA-373755	REACTOME_SEMAPHORIN_INTERACTIONS	3.3625500754797e-139	1.27937908949191e-138	16.249300289467	1.06937784120538	1.25927957371421e-17	1	20	38	1.11229992408267e-07	1	0	3.18442633530028	-3.20606372686874
FBLN2	ITGB3	R-HSA-202733	REACTOME_CELL_SURFACE_INTERACTIONS_AT_THE_VASCULAR_WALL	4.48765796102684e-139	1.70432010063997e-138	16.4383713511822	3.57758831465387	7.79229608219956e-27	1	17	31	8.95701809189481e-09	1	0	3.30185484435118	-1.81862510220008
COL4A5	ITGA1	R-HSA-373755	REACTOME_SEMAPHORIN_INTERACTIONS	4.9927844510711e-139	1.89267755521338e-138	8.63911500522914	1.06937784120538	1.8698045632212e-17	1	20	38	1.11229992408267e-07	1	0	4.94978495547464	-3.20606372686874
S100B	APP	R-HSA-446652	REACTOME_INTERLEUKIN_1_FAMILY_SIGNALING	5.83614690035224e-139	2.20832957804537e-138	4.2249108102541	1.1092665128676	4.28808301832756e-15	1	34	63	1.87632358182563e-05	1	0	5.19212134952298	-3.96459372498046
ANXA1	EGFR	R-HSA-9820952	REACTOME_RESPIRATORY_SYNCYTIAL_VIRUS_INFECTION_PATHWAY	6.07328502940135e-139	2.2938586600993e-138	2.36495705120345	2.89751774661206	1.72833729678414e-15	1	23	42	1.74481942309838e-07	1	0	5.26706875945552	6.35694186809355
COL5A2	ITGA1	R-HSA-373755	REACTOME_SEMAPHORIN_INTERACTIONS	8.53649676465412e-139	3.21832159046997e-138	8.65450559489796	1.06937784120538	3.19692964134454e-17	1	20	38	1.11229992408267e-07	1	0	4.71972607502025	-3.20606372686874
COL16A1	ITGA1	R-HSA-373755	REACTOME_SEMAPHORIN_INTERACTIONS	1.52982538481562e-138	5.75704780515314e-138	10.9159881411726	1.06937784120538	5.72921685983505e-17	1	20	38	1.11229992408267e-07	1	0	4.29305359730917	-3.20606372686874
LAMC1	ITGA3	R-HSA-202733	REACTOME_CELL_SURFACE_INTERACTIONS_AT_THE_VASCULAR_WALL	3.26350150098621e-138	1.22588983655227e-137	2.41383536561023	2.75754452411437	3.16326856525826e-18	1	17	32	8.95701809189481e-09	1	0	1.75120519238021	5.65033245421738
LAMC1	ITGB4	R-HSA-1500931	REACTOME_CELL_CELL_COMMUNICATION	3.98081541132519e-138	1.49262516148781e-137	2.41383536561023	7.42190860929556	2.87380221340684e-21	1	23	43	7.29176476882808e-07	1	0	1.75120519238021	0.000435230421763041
COL5A1	ITGA1	R-HSA-373755	REACTOME_SEMAPHORIN_INTERACTIONS	1.59578271722966e-137	5.97262154673276e-137	22.6239327382813	1.06937784120538	5.97622796623123e-16	1	20	38	1.11229992408267e-07	1	0	4.34420548048338	-3.20606372686874
LAMB1	ITGA1	R-HSA-373755	REACTOME_SEMAPHORIN_INTERACTIONS	1.86075576496546e-137	6.9517566192019e-137	8.31776841205843	1.06937784120538	6.96855563156984e-16	1	20	38	1.11229992408267e-07	1	0	6.66423855005416	-3.20606372686874
COL4A6	ITGA1	R-HSA-373755	REACTOME_SEMAPHORIN_INTERACTIONS	3.40884641483292e-137	1.271241280333e-136	9.06481417009132	1.06937784120538	1.27661761572892e-15	1	20	38	1.11229992408267e-07	1	0	0.369504896559084	-3.20606372686874
LAMA1	ITGA1	R-HSA-373755	REACTOME_SEMAPHORIN_INTERACTIONS	4.18707078265836e-137	1.55864652918417e-136	19.8345033696564	1.06937784120538	1.56806369925808e-15	1	20	38	1.11229992408267e-07	1	0	-2.13725369701301	-3.20606372686874
COL1A2	ITGB3	R-HSA-202733	REACTOME_CELL_SURFACE_INTERACTIONS_AT_THE_VASCULAR_WALL	4.37380395670491e-137	1.62523003139431e-136	16.249300289467	3.57758831465387	7.59460184624725e-25	1	17	31	8.95701809189481e-09	1	0	3.18442633530028	-1.81862510220008
COL4A3	ITGA1	R-HSA-373755	REACTOME_SEMAPHORIN_INTERACTIONS	7.8729180020977e-137	2.9201882571515e-136	8.59500106905861	1.06937784120538	2.94841849281729e-15	1	20	38	1.11229992408267e-07	1	0	3.59636213159094	-3.20606372686874
LAMB3	ITGA3	R-HSA-202733	REACTOME_CELL_SURFACE_INTERACTIONS_AT_THE_VASCULAR_WALL	8.98395187061488e-137	3.32631623023124e-136	1.20907444031088	2.75754452411437	8.7080249650632e-17	1	17	32	8.95701809189481e-09	1	0	2.59517547975114	5.65033245421738
LAMB3	ITGB4	R-HSA-1500931	REACTOME_CELL_CELL_COMMUNICATION	1.09586142523115e-136	4.05017836230332e-136	1.20907444031088	7.42190860929556	7.91116558797704e-20	1	23	43	7.29176476882808e-07	1	0	2.59517547975114	0.000435230421763041
COL4A1	ITGA1	R-HSA-373755	REACTOME_SEMAPHORIN_INTERACTIONS	2.93521780812853e-136	1.08288571278456e-135	4.74562400406375	1.06937784120538	1.09924305875241e-14	1	20	38	1.11229992408267e-07	1	0	-3.11998527946727	-3.20606372686874
NID1	ITGA3	R-HSA-202733	REACTOME_CELL_SURFACE_INTERACTIONS_AT_THE_VASCULAR_WALL	4.92663572017577e-136	1.81433679106651e-135	1.51200808588345	2.75754452411437	4.77532242635739e-16	1	17	32	8.95701809189481e-09	1	0	-6.39088225480639	5.65033245421738
COL8A1	ITGA1	R-HSA-373755	REACTOME_SEMAPHORIN_INTERACTIONS	9.51259981170036e-136	3.49698064252187e-135	7.34157831085518	1.06937784120538	3.56248155920264e-14	1	20	38	1.11229992408267e-07	1	0	-5.85058866522127	-3.20606372686874
L1CAM	ITGB3	R-HSA-202733	REACTOME_CELL_SURFACE_INTERACTIONS_AT_THE_VASCULAR_WALL	1.13228992357441e-135	4.15508167336541e-135	6.61152480504602	3.57758831465387	1.96608975372179e-23	1	17	31	8.95701809189481e-09	1	0	7.69724325085875	-1.81862510220008
SORBS1	ITGA1	R-HSA-373755	REACTOME_SEMAPHORIN_INTERACTIONS	5.15455468830564e-135	1.88817552943962e-134	4.76887395049625	1.06937784120538	1.93038773694696e-13	1	20	38	1.11229992408267e-07	1	0	-4.81009457132471	-3.20606372686874
COL4A3	ITGB3	R-HSA-202733	REACTOME_CELL_SURFACE_INTERACTIONS_AT_THE_VASCULAR_WALL	1.02406207001916e-134	3.74462342771608e-134	8.59500106905861	3.57758831465387	1.77816467418867e-22	1	17	31	8.95701809189481e-09	1	0	3.59636213159094	-1.81862510220008
DCN	MET	R-HSA-9856651	REACTOME_MITF_M_DEPENDENT_GENE_EXPRESSION	1.60063650135423e-134	5.84260602791138e-134	15.215347949085	4.11816608001036	3.29371225008704e-23	1	22	41	7.29176476882808e-07	1	0	-5.95640031910379	-6.39088225480639
COL2A1	ITGA1	R-HSA-373755	REACTOME_SEMAPHORIN_INTERACTIONS	1.78556198828835e-134	6.50612181270501e-134	14.3588246029563	1.06937784120538	6.68695391586483e-13	1	20	38	1.11229992408267e-07	1	0	4.87453470539196	-3.20606372686874
TNC	ITGB3	R-HSA-202733	REACTOME_CELL_SURFACE_INTERACTIONS_AT_THE_VASCULAR_WALL	3.29658066471924e-134	1.19907317839964e-133	6.8277048658413	3.57758831465387	5.7241288933858e-22	1	17	31	8.95701809189481e-09	1	0	-5.58163186833725	-1.81862510220008
LTBP1	ITGB3	R-HSA-202733	REACTOME_CELL_SURFACE_INTERACTIONS_AT_THE_VASCULAR_WALL	3.71898704111454e-134	1.35033870420785e-133	4.49925244209	3.57758831465387	6.45758843519278e-22	1	17	31	8.95701809189481e-09	1	0	0.411198660997557	-1.81862510220008
COMP	ITGB3	R-HSA-202733	REACTOME_CELL_SURFACE_INTERACTIONS_AT_THE_VASCULAR_WALL	3.74555541747024e-134	1.35759956008658e-133	8.97372250466624	3.57758831465387	6.50372133052145e-22	1	17	31	8.95701809189481e-09	1	0	4.52103900260026	-1.81862510220008
THBS1	ITGB3	R-HSA-202733	REACTOME_CELL_SURFACE_INTERACTIONS_AT_THE_VASCULAR_WALL	4.00074141065493e-134	1.44755372231402e-133	7.11466682191395	3.57758831465387	6.94682212657015e-22	1	17	31	8.95701809189481e-09	1	0	-3.6446101735829	-1.81862510220008
FN1	ITGB3	R-HSA-202733	REACTOME_CELL_SURFACE_INTERACTIONS_AT_THE_VASCULAR_WALL	6.1147829464513e-134	2.20859118310636e-133	9.24511967017868	3.57758831465387	1.0617609365717e-21	1	17	31	8.95701809189481e-09	1	0	3.96729180611041	-1.81862510220008
LAMC1	ITGA1	R-HSA-373755	REACTOME_SEMAPHORIN_INTERACTIONS	1.84523934493913e-133	6.65316664335817e-133	2.41383536561023	1.06937784120538	6.91044642766884e-12	1	20	38	1.11229992408267e-07	1	0	1.75120519238021	-3.20606372686874
MFGE8	ITGB3	R-HSA-202733	REACTOME_CELL_SURFACE_INTERACTIONS_AT_THE_VASCULAR_WALL	2.02225082555731e-133	7.27869373798153e-133	3.04039885756526	3.57758831465387	3.51140334715023e-21	1	17	31	8.95701809189481e-09	1	0	0.6248001109505	-1.81862510220008
SEMA5A	MET	R-HSA-9856651	REACTOME_MITF_M_DEPENDENT_GENE_EXPRESSION	2.2593556632587e-133	8.11796313094345e-133	13.1302189665968	4.11816608001036	4.64919262998353e-22	1	22	41	7.29176476882808e-07	1	0	-3.36463131492755	-6.39088225480639
COL18A1	ITGB3	R-HSA-202733	REACTOME_CELL_SURFACE_INTERACTIONS_AT_THE_VASCULAR_WALL	3.05308352263988e-133	1.09508169405799e-132	3.31748124564936	3.57758831465387	5.30132442773138e-21	1	17	31	8.95701809189481e-09	1	0	-2.93094921873315	-1.81862510220008
FBN1	ITGB3	R-HSA-202733	REACTOME_CELL_SURFACE_INTERACTIONS_AT_THE_VASCULAR_WALL	3.4021464103284e-133	1.21816888799627e-132	7.14914428394037	3.57758831465387	5.90743153210484e-21	1	17	31	8.95701809189481e-09	1	0	3.49330586689255	-1.81862510220008
L1CAM	ERBB2	R-HSA-373755	REACTOME_SEMAPHORIN_INTERACTIONS	1.03721679829027e-132	3.70742198143201e-132	6.61152480504602	5.48467664125572	7.55149525097075e-25	1	20	37	2.74386787216653e-07	1	0	7.69724325085875	5.37025434019213
CTNND1	AMOT	R-HSA-1500931	REACTOME_CELL_CELL_COMMUNICATION	1.24700432064118e-132	4.44958709230514e-132	4.09598999932096	3.81150512802621	2.37827380491051e-21	1	21	39	3.7384968453245e-07	1	0	-5.63138257603529	1.21214955198733
LAMB3	CD151	R-HSA-1500931	REACTOME_CELL_CELL_COMMUNICATION	1.97391529562921e-132	7.03122241512061e-132	1.20907444031088	2.16464414967756	7.4488428009695e-16	1	24	44	7.29176476882808e-07	1	0	2.59517547975114	6.83968538959107
COL4A4	ITGA1	R-HSA-373755	REACTOME_SEMAPHORIN_INTERACTIONS	2.15482178275909e-132	7.66241274213472e-132	2.40348737446135	1.06937784120538	8.06983686521262e-11	1	20	38	1.11229992408267e-07	1	0	0.348341817117918	-3.20606372686874
COL4A2	ITGB3	R-HSA-202733	REACTOME_CELL_SURFACE_INTERACTIONS_AT_THE_VASCULAR_WALL	1.09764391712105e-131	3.89644730716855e-131	2.35366848733984	3.57758831465387	1.90593099325143e-19	1	17	31	8.95701809189481e-09	1	0	6.7881869323435	-1.81862510220008
LAMA5	SDC1	R-HSA-9820952	REACTOME_RESPIRATORY_SYNCYTIAL_VIRUS_INFECTION_PATHWAY	1.39066350101547e-131	4.92814887323835e-131	6.39025679656551	6.46884404771167	3.10330148907865e-24	1	22	41	1.15099221017379e-06	1	0	-4.04261071031852	5.30916569519122
DCN	MET	R-HSA-373755	REACTOME_SEMAPHORIN_INTERACTIONS	2.3231338506097e-131	8.21848379342404e-131	15.215347949085	4.11816608001036	3.29371225008704e-23	1	19	36	2.74386787216653e-07	1	0	-5.95640031910379	-6.39088225480639
SLIT2	SDC1	R-HSA-9820952	REACTOME_RESPIRATORY_SYNCYTIAL_VIRUS_INFECTION_PATHWAY	5.61464039612218e-131	1.98287983904076e-130	6.80274676319369	6.46884404771167	1.25292149317243e-23	1	22	41	1.15099221017379e-06	1	0	2.78796175154231	5.30916569519122
PTN	SDC1	R-HSA-9820952	REACTOME_RESPIRATORY_SYNCYTIAL_VIRUS_INFECTION_PATHWAY	7.59923491696458e-131	2.6791841874486e-130	7.92717388064223	6.46884404771167	1.69578888181464e-23	1	22	41	1.15099221017379e-06	1	0	-1.41052729395478	5.30916569519122
TNC	SDC1	R-HSA-9820952	REACTOME_RESPIRATORY_SYNCYTIAL_VIRUS_INFECTION_PATHWAY	7.69352625893331e-131	2.70780668670464e-130	6.8277048658413	6.46884404771167	1.7168302380971e-23	1	22	41	1.15099221017379e-06	1	0	-5.58163186833725	5.30916569519122
THBS1	SDC1	R-HSA-9820952	REACTOME_RESPIRATORY_SYNCYTIAL_VIRUS_INFECTION_PATHWAY	9.33688941013582e-131	3.28061454444568e-130	7.11466682191395	6.46884404771167	2.08355096604458e-23	1	22	41	1.15099221017379e-06	1	0	-3.6446101735829	5.30916569519122
COL4A4	ITGB3	R-HSA-202733	REACTOME_CELL_SURFACE_INTERACTIONS_AT_THE_VASCULAR_WALL	2.80286325195651e-130	9.83143544743997e-130	2.40348737446135	3.57758831465387	4.86684603123459e-18	1	17	31	8.95701809189481e-09	1	0	0.348341817117918	-1.81862510220008
SEMA5A	MET	R-HSA-373755	REACTOME_SEMAPHORIN_INTERACTIONS	3.27918650951809e-130	1.14827107265498e-129	13.1302189665968	4.11816608001036	4.64919262998353e-22	1	19	36	2.74386787216653e-07	1	0	-3.36463131492755	-6.39088225480639
CDH1	CDH2	R-HSA-1500931	REACTOME_CELL_CELL_COMMUNICATION	2.17104546259604e-129	7.58947533963353e-129	14.0529638668967	2.0317292993972	1.27200479181701e-23	1	21	39	7.29176476882808e-07	1	0	6.06941827582005	4.07373521578657
NID1	ITGB3	R-HSA-202733	REACTOME_CELL_SURFACE_INTERACTIONS_AT_THE_VASCULAR_WALL	3.62334671507624e-129	1.26449903941681e-128	1.51200808588345	3.57758831465387	6.29152013311613e-17	1	17	31	8.95701809189481e-09	1	0	-6.39088225480639	-1.81862510220008
SEMA4D	ERBB2	R-HSA-373755	REACTOME_SEMAPHORIN_INTERACTIONS	2.55422627347841e-128	8.89887264925194e-128	1.83704509775797	5.48467664125572	1.8596138826397e-20	1	20	37	2.74386787216653e-07	1	0	4.10629032846076	5.37025434019213
COL1A1	ITGA1	R-HSA-397014	REACTOME_MUSCLE_CONTRACTION	3.11918963262672e-128	1.08488986212236e-127	12.9101074672495	1.06937784120538	5.11748759071151e-18	1	14	26	9.597280516324e-10	1	0	5.35249569933251	-3.20606372686874
SEMA4D	MET	R-HSA-9856651	REACTOME_MITF_M_DEPENDENT_GENE_EXPRESSION	4.5746176524185e-128	1.58843026384817e-127	1.83704509775797	4.11816608001036	9.4134265890396e-17	1	22	41	7.29176476882808e-07	1	0	4.10629032846076	-6.39088225480639
COL1A2	ITGA1	R-HSA-397014	REACTOME_MUSCLE_CONTRACTION	7.67550818889594e-128	2.66067112722467e-127	16.249300289467	1.06937784120538	1.25927957371421e-17	1	14	26	9.597280516324e-10	1	0	3.18442633530028	-3.20606372686874
HSPG2	SDC1	R-HSA-9820952	REACTOME_RESPIRATORY_SYNCYTIAL_VIRUS_INFECTION_PATHWAY	8.04599200083958e-128	2.78442537248485e-127	4.09583451460777	6.46884404771167	1.79548387795378e-20	1	22	41	1.15099221017379e-06	1	0	4.83775802276138	5.30916569519122
COL4A5	ITGA1	R-HSA-397014	REACTOME_MUSCLE_CONTRACTION	1.13967545700034e-127	3.93740718087409e-127	8.63911500522914	1.06937784120538	1.8698045632212e-17	1	14	26	9.597280516324e-10	1	0	4.94978495547464	-3.20606372686874
COL5A2	ITGA1	R-HSA-397014	REACTOME_MUSCLE_CONTRACTION	1.94857918397659e-127	6.72080900516799e-127	8.65450559489796	1.06937784120538	3.19692964134454e-17	1	14	26	9.597280516324e-10	1	0	4.71972607502025	-3.20606372686874
COL16A1	ITGA1	R-HSA-397014	REACTOME_MUSCLE_CONTRACTION	3.4920482982125e-127	1.2024286306845e-126	10.9159881411726	1.06937784120538	5.72921685983505e-17	1	14	26	9.597280516324e-10	1	0	4.29305359730917	-3.20606372686874
UBB	ERBB2	R-HSA-373755	REACTOME_SEMAPHORIN_INTERACTIONS	2.9634906880641e-126	1.01873074235282e-125	1.56324007583564	5.48467664125572	2.15758035293112e-18	1	20	37	2.74386787216653e-07	1	0	5.83927178506202	5.37025434019213
COL17A1	CD151	R-HSA-2022090	REACTOME_ASSEMBLY_OF_COLLAGEN_FIBRILS_AND_OTHER_MULTIMERIC_STRUCTURES	3.62459199042135e-126	1.24392143724427e-125	11.5471101838395	2.16464414967756	4.18410938528817e-25	1	8	16	2.08892519068279e-12	1	0	6.32959073051544	6.83968538959107
COL5A1	ITGA1	R-HSA-397014	REACTOME_MUSCLE_CONTRACTION	3.64260547467016e-126	1.2480303334442e-125	22.6239327382813	1.06937784120538	5.97622796623123e-16	1	14	26	9.597280516324e-10	1	0	4.34420548048338	-3.20606372686874
LAMB1	ITGA1	R-HSA-397014	REACTOME_MUSCLE_CONTRACTION	4.24744488288111e-126	1.45285118013781e-125	8.31776841205843	1.06937784120538	6.96855563156984e-16	1	14	26	9.597280516324e-10	1	0	6.66423855005416	-3.20606372686874
UBB	MET	R-HSA-9856651	REACTOME_MITF_M_DEPENDENT_GENE_EXPRESSION	5.30760996203122e-126	1.81248300521595e-125	1.56324007583564	4.11816608001036	1.09217426541477e-14	1	22	41	7.29176476882808e-07	1	0	5.83927178506202	-6.39088225480639
COL4A6	ITGA1	R-HSA-397014	REACTOME_MUSCLE_CONTRACTION	7.78118629742815e-126	2.65279387631791e-125	9.06481417009132	1.06937784120538	1.27661761572892e-15	1	14	26	9.597280516324e-10	1	0	0.369504896559084	-3.20606372686874
LAMA1	ITGA1	R-HSA-397014	REACTOME_MUSCLE_CONTRACTION	9.55759627615252e-126	3.25304677208091e-125	19.8345033696564	1.06937784120538	1.56806369925808e-15	1	14	26	9.597280516324e-10	1	0	-2.13725369701301	-3.20606372686874
COL4A3	ITGA1	R-HSA-397014	REACTOME_MUSCLE_CONTRACTION	1.79710770811306e-125	6.10661928447628e-125	8.59500106905861	1.06937784120538	2.94841849281729e-15	1	14	26	9.597280516324e-10	1	0	3.59636213159094	-3.20606372686874
SEMA3A	PLXNA2	R-HSA-373755	REACTOME_SEMAPHORIN_INTERACTIONS	2.173264511461e-125	7.37268387631924e-125	4.99692182362697	4.88798633172083	3.08122923791062e-17	1	19	36	2.74386787216653e-07	1	0	4.50830056909284	4.9156432815895
WNT5A	RYK	R-HSA-3858494	REACTOME_BETA_CATENIN_INDEPENDENT_WNT_SIGNALING	3.38561352722232e-125	1.14666845036743e-124	3.71867437883844	1.36379963667435	2.21930030703482e-16	1	25	47	4.95004149086155e-06	1	0	3.85719962716077	-3.39021534426318
SEMA4D	MET	R-HSA-373755	REACTOME_SEMAPHORIN_INTERACTIONS	6.63951441375895e-125	2.24504693597807e-124	1.83704509775797	4.11816608001036	9.4134265890396e-17	1	19	36	2.74386787216653e-07	1	0	4.10629032846076	-6.39088225480639
COL4A1	ITGA1	R-HSA-397014	REACTOME_MUSCLE_CONTRACTION	6.70006031635669e-125	2.2618177473191e-124	4.74562400406375	1.06937784120538	1.09924305875241e-14	1	14	26	9.597280516324e-10	1	0	-3.11998527946727	-3.20606372686874
COL8A1	ITGA1	R-HSA-397014	REACTOME_MUSCLE_CONTRACTION	2.17138886004486e-124	7.31825348263079e-124	7.34157831085518	1.06937784120538	3.56248155920264e-14	1	14	26	9.597280516324e-10	1	0	-5.85058866522127	-3.20606372686874
SEMA4D	PLXNB1	R-HSA-373755	REACTOME_SEMAPHORIN_INTERACTIONS	2.49606700285027e-124	8.39881828646362e-124	1.83704509775797	2.38557962661584	1.81727081061539e-16	1	20	37	2.74386787216653e-07	1	0	4.10629032846076	3.94232095312306
LAMB3	COL17A1	R-HSA-2022090	REACTOME_ASSEMBLY_OF_COLLAGEN_FIBRILS_AND_OTHER_MULTIMERIC_STRUCTURES	6.1036725512446e-124	2.05043699038558e-123	1.20907444031088	11.5471101838395	7.04587817715162e-23	1	8	16	2.08892519068279e-12	1	0	2.59517547975114	6.32959073051544
SORBS1	ITGA1	R-HSA-397014	REACTOME_MUSCLE_CONTRACTION	1.17660185966324e-123	3.94620039296146e-123	4.76887395049625	1.06937784120538	1.93038773694696e-13	1	14	26	9.597280516324e-10	1	0	-4.81009457132471	-3.20606372686874
COL2A1	ITGA1	R-HSA-397014	REACTOME_MUSCLE_CONTRACTION	4.07580418291122e-123	1.36476684633624e-122	14.3588246029563	1.06937784120538	6.68695391586483e-13	1	14	26	9.597280516324e-10	1	0	4.87453470539196	-3.20606372686874
WNT5A	FZD2	R-HSA-3858494	REACTOME_BETA_CATENIN_INDEPENDENT_WNT_SIGNALING	4.686891670105e-123	1.56684760363057e-122	3.71867437883844	3.90733841238929	3.10772352419006e-19	1	25	46	4.95004149086155e-06	1	0	3.85719962716077	10.3444172123752
UBB	MET	R-HSA-373755	REACTOME_SEMAPHORIN_INTERACTIONS	7.70336572869346e-123	2.57110720443953e-122	1.56324007583564	4.11816608001036	1.09217426541477e-14	1	19	36	2.74386787216653e-07	1	0	5.83927178506202	-6.39088225480639
WNT5A	ROR2	R-HSA-3858494	REACTOME_BETA_CATENIN_INDEPENDENT_WNT_SIGNALING	1.00505500817148e-122	3.34910265626175e-122	3.71867437883844	3.30568873091291	6.66418878832243e-19	1	25	46	4.95004149086155e-06	1	0	3.85719962716077	-5.72372856773429
LAMC1	ITGA1	R-HSA-397014	REACTOME_MUSCLE_CONTRACTION	4.21202640395853e-122	1.40129574083387e-121	2.41383536561023	1.06937784120538	6.91044642766884e-12	1	14	26	9.597280516324e-10	1	0	1.75120519238021	-3.20606372686874
WNT5A	FZD6	R-HSA-3858494	REACTOME_BETA_CATENIN_INDEPENDENT_WNT_SIGNALING	4.8514401170743e-122	1.6114268941922e-121	3.71867437883844	2.25671619218573	3.21683018069275e-18	1	25	46	4.95004149086155e-06	1	0	3.85719962716077	4.99946175763607
WNT2	FZD3	R-HSA-3858494	REACTOME_BETA_CATENIN_INDEPENDENT_WNT_SIGNALING	2.25725932303508e-121	7.4855501787969e-121	15.1295630659464	1.66337722608805	2.24499804035283e-17	1	25	47	8.01917118244104e-06	1	0	-6.39088225480639	4.47201671447128
COL4A4	ITGA1	R-HSA-397014	REACTOME_MUSCLE_CONTRACTION	4.91869321435138e-121	1.62852887513621e-120	2.40348737446135	1.06937784120538	8.06983686521262e-11	1	14	26	9.597280516324e-10	1	0	0.348341817117918	-3.20606372686874
LAMA1	GPC1	R-HSA-196854	REACTOME_METABOLISM_OF_VITAMINS_AND_COFACTORS	1.06023613524578e-120	3.50471656866845e-120	19.8345033696564	4.73558061131978	1.18943344630146e-23	1	15	29	1.00931984280597e-07	1	0	-2.13725369701301	5.86131559783074
WNT5A	FZD3	R-HSA-3858494	REACTOME_BETA_CATENIN_INDEPENDENT_WNT_SIGNALING	3.00189428689959e-120	9.90721021842581e-120	3.71867437883844	1.66337722608805	2.98558819656328e-16	1	25	47	8.01917118244104e-06	1	0	3.85719962716077	4.47201671447128
SLIT2	GPC1	R-HSA-196854	REACTOME_METABOLISM_OF_VITAMINS_AND_COFACTORS	4.68340763149245e-120	1.54320895800054e-119	6.80274676319369	4.73558061131978	5.25411414907986e-23	1	15	29	1.00931984280597e-07	1	0	2.78796175154231	5.86131559783074
S100B	APP	R-HSA-168928	REACTOME_DDX58_IFIH1_MEDIATED_INDUCTION_OF_INTERFERON_ALPHA_BETA	2.83445233803356e-119	9.32480657703397e-119	4.2249108102541	1.1092665128676	4.28808301832756e-15	1	24	44	2.83899962420723e-06	1	0	5.19212134952298	-3.96459372498046
EFNA5	EPHB2	R-HSA-3928662	REACTOME_EPHB_MEDIATED_FORWARD_SIGNALING	5.36966746304759e-119	1.76370953555744e-118	8.4006046829594	4.05315576349814	8.44971367672817e-24	1	16	30	1.28084434536585e-07	1	0	7.60630028186199	3.37057280920668
COL18A1	GPC1	R-HSA-196854	REACTOME_METABOLISM_OF_VITAMINS_AND_COFACTORS	5.94347488710698e-119	1.94908239948619e-118	3.31748124564936	4.73558061131978	6.66772955850917e-22	1	15	29	1.00931984280597e-07	1	0	-2.93094921873315	5.86131559783074
L1CAM	EPHB2	R-HSA-3928662	REACTOME_EPHB_MEDIATED_FORWARD_SIGNALING	1.45009428313406e-118	4.74785228043577e-118	6.61152480504602	4.05315576349814	2.28186970255864e-23	1	16	30	1.28084434536585e-07	1	0	7.69724325085875	3.37057280920668
LAMA1	GPC1	R-HSA-376176	REACTOME_SIGNALING_BY_ROBO_RECEPTORS	2.51866048437285e-118	8.23346924163657e-118	19.8345033696564	4.73558061131978	1.18943344630146e-23	1	45	82	0.000775606231572906	1	0	-2.13725369701301	5.86131559783074
SLIT2	GPC1	R-HSA-376176	REACTOME_SIGNALING_BY_ROBO_RECEPTORS	1.11257420319067e-117	3.63124534564285e-117	6.80274676319369	4.73558061131978	5.25411414907986e-23	1	45	82	0.000775606231572906	1	0	2.78796175154231	5.86131559783074
LAMB3	CD151	R-HSA-2022090	REACTOME_ASSEMBLY_OF_COLLAGEN_FIBRILS_AND_OTHER_MULTIMERIC_STRUCTURES	6.45275098429155e-117	2.10274188226283e-116	1.20907444031088	2.16464414967756	7.4488428009695e-16	1	8	16	2.08892519068279e-12	1	0	2.59517547975114	6.83968538959107
LAMA1	SDC4	R-HSA-196854	REACTOME_METABOLISM_OF_VITAMINS_AND_COFACTORS	9.93297568735595e-117	3.2317366567051e-116	19.8345033696564	1.45777712136255	1.11433793954792e-19	1	15	29	1.00931984280597e-07	1	0	-2.13725369701301	7.17743566926211
COL18A1	GPC1	R-HSA-376176	REACTOME_SIGNALING_BY_ROBO_RECEPTORS	1.41191144504319e-116	4.58649220984155e-116	3.31748124564936	4.73558061131978	6.66772955850917e-22	1	45	82	0.000775606231572906	1	0	-2.93094921873315	5.86131559783074
TNFSF12	TRAF2	R-HSA-168928	REACTOME_DDX58_IFIH1_MEDIATED_INDUCTION_OF_INTERFERON_ALPHA_BETA	1.61226712415383e-116	5.2291112692336e-116	8.71305866963411	1.15950995895023	1.64631811656911e-18	1	24	45	9.36822600819411e-06	1	0	2.36479248772075	5.06353195786275
TNC	SDC4	R-HSA-196854	REACTOME_METABOLISM_OF_VITAMINS_AND_COFACTORS	6.01232189448909e-116	1.94693683918722e-115	6.8277048658413	1.45777712136255	6.74496606322334e-19	1	15	29	1.00931984280597e-07	1	0	-5.58163186833725	7.17743566926211
THBS1	SDC4	R-HSA-196854	REACTOME_METABOLISM_OF_VITAMINS_AND_COFACTORS	7.29657412448556e-116	2.35911144619517e-115	7.11466682191395	1.45777712136255	8.18571355811128e-19	1	15	29	1.00931984280597e-07	1	0	-3.6446101735829	7.17743566926211
TNFSF9	TRAF2	R-HSA-168928	REACTOME_DDX58_IFIH1_MEDIATED_INDUCTION_OF_INTERFERON_ALPHA_BETA	4.83850282707389e-115	1.56192919386479e-114	3.24465487556851	1.15950995895023	4.94069173894698e-17	1	24	45	9.36822600819411e-06	1	0	2.84326536040046	5.06353195786275
APP	GPC1	R-HSA-196854	REACTOME_METABOLISM_OF_VITAMINS_AND_COFACTORS	5.22525200914419e-115	1.68414518734663e-114	1.1092665128676	4.73558061131978	5.86198611650717e-18	1	15	29	1.00931984280597e-07	1	0	-3.96459372498046	5.86131559783074
WNT5A	LDLR	R-HSA-196854	REACTOME_METABOLISM_OF_VITAMINS_AND_COFACTORS	5.46078702308998e-115	1.75731868998503e-114	3.71867437883844	2.55762367686529	6.1262227464889e-18	1	15	29	1.00931984280597e-07	1	0	3.85719962716077	2.96352383260928
CDH1	EGFR	R-HSA-9609646	REACTOME_HCMV_INFECTION	1.07050639091699e-114	3.43960529336626e-114	14.0529638668967	2.89751774661206	1.12509612679447e-22	1	30	56	0.000100953511634779	1	0	6.06941827582005	6.35694186809355
EFNB2	EPHB4	R-HSA-3928662	REACTOME_EPHB_MEDIATED_FORWARD_SIGNALING	1.11421646550495e-114	3.57448946852984e-114	1.89080003650529	5.05279891429818	1.75333205868012e-19	1	16	30	1.28084434536585e-07	1	0	-3.10154050773403	-0.222009180720624
LAMA5	SDC1	R-HSA-196854	REACTOME_METABOLISM_OF_VITAMINS_AND_COFACTORS	1.41759077161717e-114	4.54068609947454e-114	6.39025679656551	6.46884404771167	3.10330148907865e-24	1	15	28	1.00931984280597e-07	1	0	-4.04261071031852	5.30916569519122
LAMA5	SDC1	R-HSA-3000171	REACTOME_NON_INTEGRIN_MEMBRANE_ECM_INTERACTIONS	1.55000637179163e-114	4.95714112093113e-114	6.39025679656551	6.46884404771167	3.10330148907865e-24	1	8	16	3.2776655898049e-11	1	0	-4.04261071031852	5.30916569519122
SLIT2	SDC1	R-HSA-196854	REACTOME_METABOLISM_OF_VITAMINS_AND_COFACTORS	5.72335608555189e-114	1.82758171139879e-113	6.80274676319369	6.46884404771167	1.25292149317243e-23	1	15	28	1.00931984280597e-07	1	0	2.78796175154231	5.30916569519122
DCN	EGFR	R-HSA-9609646	REACTOME_HCMV_INFECTION	6.06509276570327e-114	1.93371630462083e-113	15.215347949085	2.89751774661206	6.37437799273358e-22	1	30	56	0.000100953511634779	1	0	-5.95640031910379	6.35694186809355
SLIT2	SDC1	R-HSA-3000171	REACTOME_NON_INTEGRIN_MEMBRANE_ECM_INTERACTIONS	6.25796850420916e-114	1.99213604463731e-113	6.80274676319369	6.46884404771167	1.25292149317243e-23	1	8	16	3.2776655898049e-11	1	0	2.78796175154231	5.30916569519122
PTN	SDC1	R-HSA-196854	REACTOME_METABOLISM_OF_VITAMINS_AND_COFACTORS	7.74637810065034e-114	2.46215648552979e-113	7.92717388064223	6.46884404771167	1.69578888181464e-23	1	15	28	1.00931984280597e-07	1	0	-1.41052729395478	5.30916569519122
TNC	SDC1	R-HSA-196854	REACTOME_METABOLISM_OF_VITAMINS_AND_COFACTORS	7.84249519592226e-114	2.48887789167057e-113	6.8277048658413	6.46884404771167	1.7168302380971e-23	1	15	28	1.00931984280597e-07	1	0	-5.58163186833725	5.30916569519122
PTN	SDC1	R-HSA-3000171	REACTOME_NON_INTEGRIN_MEMBRANE_ECM_INTERACTIONS	8.46995878833057e-114	2.6838857142164e-113	7.92717388064223	6.46884404771167	1.69578888181464e-23	1	8	16	3.2776655898049e-11	1	0	-1.41052729395478	5.30916569519122
TNC	SDC1	R-HSA-3000171	REACTOME_NON_INTEGRIN_MEMBRANE_ECM_INTERACTIONS	8.57505407611917e-114	2.71302629728364e-113	6.8277048658413	6.46884404771167	1.7168302380971e-23	1	8	16	3.2776655898049e-11	1	0	-5.58163186833725	5.30916569519122
THBS1	SDC1	R-HSA-196854	REACTOME_METABOLISM_OF_VITAMINS_AND_COFACTORS	9.51767861438351e-114	3.00665504851932e-113	7.11466682191395	6.46884404771167	2.08355096604458e-23	1	15	28	1.00931984280597e-07	1	0	-3.6446101735829	5.30916569519122
THBS1	SDC1	R-HSA-3000171	REACTOME_NON_INTEGRIN_MEMBRANE_ECM_INTERACTIONS	1.04067145415527e-113	3.28248431188518e-113	7.11466682191395	6.46884404771167	2.08355096604458e-23	1	8	16	3.2776655898049e-11	1	0	-3.6446101735829	5.30916569519122
FBLN2	ITGB3	R-HSA-6802957	REACTOME_ONCOGENIC_MAPK_SIGNALING	1.54006546647062e-113	4.85026715507364e-113	16.4383713511822	3.57758831465387	7.79229608219956e-27	1	18	34	2.23201828780279e-06	1	0	3.30185484435118	-1.81862510220008
EFNB2	EPHB2	R-HSA-3928662	REACTOME_EPHB_MEDIATED_FORWARD_SIGNALING	2.18805739398905e-113	6.88055795430954e-113	1.89080003650529	4.05315576349814	3.44312913503254e-18	1	16	30	1.28084434536585e-07	1	0	-3.10154050773403	3.37057280920668
EFNB2	EPHB3	R-HSA-3928662	REACTOME_EPHB_MEDIATED_FORWARD_SIGNALING	1.17404145610294e-112	3.68627606125938e-112	1.89080003650529	3.38427768514753	1.84747271911109e-17	1	16	30	1.28084434536585e-07	1	0	-3.10154050773403	5.02181464592485
APP	GPC1	R-HSA-376176	REACTOME_SIGNALING_BY_ROBO_RECEPTORS	1.24129288927419e-112	3.89151913390056e-112	1.1092665128676	4.73558061131978	5.86198611650717e-18	1	45	82	0.000775606231572906	1	0	-3.96459372498046	5.86131559783074
TNFSF12	TRAF2	R-HSA-9020702	REACTOME_INTERLEUKIN_1_SIGNALING	1.63256603712887e-112	5.11042641319433e-112	8.71305866963411	1.15950995895023	1.64631811656911e-18	1	28	52	4.49483501263041e-05	1	0	2.36479248772075	5.06353195786275
UBB	LDLR	R-HSA-196854	REACTOME_METABOLISM_OF_VITAMINS_AND_COFACTORS	4.78269243270124e-112	1.49486271799709e-111	1.56324007583564	2.55762367686529	5.36549750920251e-15	1	15	29	1.00931984280597e-07	1	0	5.83927178506202	2.96352383260928
DCN	MET	R-HSA-6806834	REACTOME_SIGNALING_BY_MET	6.8437092129484e-112	2.13581619848208e-111	15.215347949085	4.11816608001036	3.29371225008704e-23	1	20	37	3.19085596269057e-06	1	0	-5.95640031910379	-6.39088225480639
L1CAM	EGFR	R-HSA-9609646	REACTOME_HCMV_INFECTION	7.03897960354602e-112	2.19344371959669e-111	6.61152480504602	2.89751774661206	7.39792751891101e-20	1	30	56	0.000100953511634779	1	0	7.69724325085875	6.35694186809355
EFEMP1	EGFR	R-HSA-9609646	REACTOME_HCMV_INFECTION	1.47646027238684e-111	4.59392608848074e-111	11.0825504472025	2.89751774661206	1.55175134676721e-19	1	30	56	0.000100953511634779	1	0	6.63580333837864	6.35694186809355
COL1A2	ITGB3	R-HSA-6802957	REACTOME_ONCOGENIC_MAPK_SIGNALING	1.5009932774138e-111	4.66323625734874e-111	16.249300289467	3.57758831465387	7.59460184624725e-25	1	18	34	2.23201828780279e-06	1	0	3.18442633530028	-1.81862510220008
TNFSF9	TRAF2	R-HSA-9020702	REACTOME_INTERLEUKIN_1_SIGNALING	4.89942098780849e-111	1.51985041453639e-110	3.24465487556851	1.15950995895023	4.94069173894698e-17	1	28	52	4.49483501263041e-05	1	0	2.84326536040046	5.06353195786275
HSPG2	SDC1	R-HSA-196854	REACTOME_METABOLISM_OF_VITAMINS_AND_COFACTORS	8.20178569479037e-111	2.54046315523792e-110	4.09583451460777	6.46884404771167	1.79548387795378e-20	1	15	28	1.00931984280597e-07	1	0	4.83775802276138	5.30916569519122
HSPG2	SDC1	R-HSA-3000171	REACTOME_NON_INTEGRIN_MEMBRANE_ECM_INTERACTIONS	8.96790550667304e-111	2.77360670311175e-110	4.09583451460777	6.46884404771167	1.79548387795378e-20	1	8	16	3.2776655898049e-11	1	0	4.83775802276138	5.30916569519122
SEMA5A	MET	R-HSA-6806834	REACTOME_SIGNALING_BY_MET	9.66014029724343e-111	2.98323615158519e-110	13.1302189665968	4.11816608001036	4.64919262998353e-22	1	20	37	3.19085596269057e-06	1	0	-3.36463131492755	-6.39088225480639
TNC	EGFR	R-HSA-9609646	REACTOME_HCMV_INFECTION	2.04934827885343e-110	6.31933364792713e-110	6.8277048658413	2.89751774661206	2.15385338243132e-18	1	30	56	0.000100953511634779	1	0	-5.58163186833725	6.35694186809355
L1CAM	ITGB3	R-HSA-6802957	REACTOME_ONCOGENIC_MAPK_SIGNALING	3.88576987032809e-110	1.19642333116212e-109	6.61152480504602	3.57758831465387	1.96608975372179e-23	1	18	34	2.23201828780279e-06	1	0	7.69724325085875	-1.81862510220008
FBLN2	ITGB3	R-HSA-2173789	REACTOME_TGF_BETA_RECEPTOR_SIGNALING_ACTIVATES_SMADS	6.07932264310424e-110	1.86902984831151e-109	16.4383713511822	3.57758831465387	7.79229608219956e-27	1	18	33	1.73410449377638e-06	1	0	3.30185484435118	-1.81862510220008
COL4A3	ITGB3	R-HSA-6802957	REACTOME_ONCOGENIC_MAPK_SIGNALING	3.51435569122131e-109	1.07884975602723e-108	8.59500106905861	3.57758831465387	1.77816467418867e-22	1	18	34	2.23201828780279e-06	1	0	3.59636213159094	-1.81862510220008
SERPINE1	LRP2	R-HSA-196854	REACTOME_METABOLISM_OF_VITAMINS_AND_COFACTORS	6.57407474037756e-109	2.01513923050742e-108	6.28331526418205	5.72249204709186	1.80505435793913e-21	1	14	27	1.70918615645848e-07	1	0	-6.39088225480639	-2.26417799144396
TNC	ITGB3	R-HSA-6802957	REACTOME_ONCOGENIC_MAPK_SIGNALING	1.13131394666433e-108	3.46265868712371e-108	6.8277048658413	3.57758831465387	5.7241288933858e-22	1	18	34	2.23201828780279e-06	1	0	-5.58163186833725	-1.81862510220008
LTBP1	ITGB3	R-HSA-6802957	REACTOME_ONCOGENIC_MAPK_SIGNALING	1.27627452047654e-108	3.90056680370494e-108	4.49925244209	3.57758831465387	6.45758843519278e-22	1	18	34	2.23201828780279e-06	1	0	0.411198660997557	-1.81862510220008
COMP	ITGB3	R-HSA-6802957	REACTOME_ONCOGENIC_MAPK_SIGNALING	1.28539220263524e-108	3.92262967598879e-108	8.97372250466624	3.57758831465387	6.50372133052145e-22	1	18	34	2.23201828780279e-06	1	0	4.52103900260026	-1.81862510220008
THBS1	ITGB3	R-HSA-6802957	REACTOME_ONCOGENIC_MAPK_SIGNALING	1.37296642042185e-108	4.1837000362707e-108	7.11466682191395	3.57758831465387	6.94682212657015e-22	1	18	34	2.23201828780279e-06	1	0	-3.6446101735829	-1.81862510220008
FN1	ITGB3	R-HSA-6802957	REACTOME_ONCOGENIC_MAPK_SIGNALING	2.09845895845376e-108	6.3850017793306e-108	9.24511967017868	3.57758831465387	1.0617609365717e-21	1	18	34	2.23201828780279e-06	1	0	3.96729180611041	-1.81862510220008
COL1A2	ITGB3	R-HSA-2173789	REACTOME_TGF_BETA_RECEPTOR_SIGNALING_ACTIVATES_SMADS	5.92508735322845e-108	1.80018095173088e-107	16.249300289467	3.57758831465387	7.59460184624725e-25	1	18	33	1.73410449377638e-06	1	0	3.18442633530028	-1.81862510220008
MFGE8	ITGB3	R-HSA-6802957	REACTOME_ONCOGENIC_MAPK_SIGNALING	6.93991986026916e-108	2.10541474762351e-107	3.04039885756526	3.57758831465387	3.51140334715023e-21	1	18	34	2.23201828780279e-06	1	0	0.6248001109505	-1.81862510220008
S100B	APP	R-HSA-9609507	REACTOME_PROTEIN_LOCALIZATION	8.02367033443419e-108	2.43063092535792e-107	4.2249108102541	1.1092665128676	4.28808301832756e-15	1	25	47	2.47813893563408e-05	1	0	5.19212134952298	-3.96459372498046
COL18A1	ITGB3	R-HSA-6802957	REACTOME_ONCOGENIC_MAPK_SIGNALING	1.04775108537735e-107	3.16933198007262e-107	3.31748124564936	3.57758831465387	5.30132442773138e-21	1	18	34	2.23201828780279e-06	1	0	-2.93094921873315	-1.81862510220008
FBN1	ITGB3	R-HSA-6802957	REACTOME_ONCOGENIC_MAPK_SIGNALING	1.16754178770453e-107	3.5265224172479e-107	7.14914428394037	3.57758831465387	5.90743153210484e-21	1	18	34	2.23201828780279e-06	1	0	3.49330586689255	-1.81862510220008
ANXA1	EGFR	R-HSA-9609646	REACTOME_HCMV_INFECTION	1.64447826083895e-107	4.95984246261792e-107	2.36495705120345	2.89751774661206	1.72833729678414e-15	1	30	56	0.000100953511634779	1	0	5.26706875945552	6.35694186809355
CDH1	EGFR	R-HSA-177929	REACTOME_SIGNALING_BY_EGFR	1.69291987853946e-107	5.09850214149057e-107	14.0529638668967	2.89751774661206	1.12509612679447e-22	1	18	33	1.35488883263165e-06	1	0	6.06941827582005	6.35694186809355
FBLN2	ITGB3	R-HSA-6802952	REACTOME_SIGNALING_BY_BRAF_AND_RAF1_FUSIONS	1.83456345074671e-107	5.51704234242022e-107	16.4383713511822	3.57758831465387	7.79229608219956e-27	1	15	29	1.25549861911524e-06	1	0	3.30185484435118	-1.81862510220008
TNFSF12	TRAF2	R-HSA-75893	REACTOME_TNF_SIGNALING	5.87175459960238e-107	1.76323328528758e-106	8.71305866963411	1.15950995895023	1.64631811656911e-18	1	19	36	3.4121151838122e-06	1	0	2.36479248772075	5.06353195786275
DCN	EGFR	R-HSA-177929	REACTOME_SIGNALING_BY_EGFR	9.59145708551042e-107	2.87604504189616e-106	15.215347949085	2.89751774661206	6.37437799273358e-22	1	18	33	1.35488883263165e-06	1	0	-5.95640031910379	6.35694186809355
TCN2	LRP2	R-HSA-196854	REACTOME_METABOLISM_OF_VITAMINS_AND_COFACTORS	1.41699029093049e-106	4.24275643632229e-106	6.55836363827325	5.72249204709186	3.8906532110017e-19	1	14	27	1.70918615645848e-07	1	0	6.82456786242144	-2.26417799144396
L1CAM	FGFR2	R-HSA-190236	REACTOME_SIGNALING_BY_FGFR	1.44901717308752e-106	4.33237261881161e-106	6.61152480504602	12.7101660798708	1.47684132181016e-29	1	24	45	8.43864091750755e-05	1	0	7.69724325085875	5.73242607734244
L1CAM	ITGB3	R-HSA-2173789	REACTOME_TGF_BETA_RECEPTOR_SIGNALING_ACTIVATES_SMADS	1.53388601152874e-106	4.57949205176067e-106	6.61152480504602	3.57758831465387	1.96608975372179e-23	1	18	33	1.73410449377638e-06	1	0	7.69724325085875	-1.81862510220008
CDH1	IGF1R	R-HSA-9009391	REACTOME_EXTRA_NUCLEAR_ESTROGEN_SIGNALING	2.82400988580624e-106	8.41905400299522e-106	14.0529638668967	5.92947905626477	6.3967864714391e-27	1	17	32	3.10187651984221e-06	1	0	6.06941827582005	3.65530470112101
COL4A2	ITGB3	R-HSA-6802957	REACTOME_ONCOGENIC_MAPK_SIGNALING	3.76687239963556e-106	1.1213772878454e-105	2.35366848733984	3.57758831465387	1.90593099325143e-19	1	18	34	2.23201828780279e-06	1	0	6.7881869323435	-1.81862510220008
TGFB2	TGFBR2	R-HSA-2173789	REACTOME_TGF_BETA_RECEPTOR_SIGNALING_ACTIVATES_SMADS	3.79400847274804e-106	1.12783043233057e-105	5.2298949554133	1.27629366904749	7.17039063916914e-17	1	17	31	3.04119074243043e-07	1	0	-2.29034867974236	4.98951084169741
COL4A3	ITGB3	R-HSA-2173789	REACTOME_TGF_BETA_RECEPTOR_SIGNALING_ACTIVATES_SMADS	1.38727233320321e-105	4.11796643735322e-105	8.59500106905861	3.57758831465387	1.77816467418867e-22	1	18	33	1.73410449377638e-06	1	0	3.59636213159094	-1.81862510220008
TNFSF9	TRAF2	R-HSA-75893	REACTOME_TNF_SIGNALING	1.76214603674754e-105	5.22323344608383e-105	3.24465487556851	1.15950995895023	4.94069173894698e-17	1	19	36	3.4121151838122e-06	1	0	2.84326536040046	5.06353195786275
COL1A2	ITGB3	R-HSA-6802952	REACTOME_SIGNALING_BY_BRAF_AND_RAF1_FUSIONS	1.78801970858451e-105	5.29233340678452e-105	16.249300289467	3.57758831465387	7.59460184624725e-25	1	15	29	1.25549861911524e-06	1	0	3.18442633530028	-1.81862510220008
WNT5A	LRP2	R-HSA-196854	REACTOME_METABOLISM_OF_VITAMINS_AND_COFACTORS	1.89444109549693e-105	5.599306585546e-105	3.71867437883844	5.72249204709186	5.20159762450362e-18	1	14	27	1.70918615645848e-07	1	0	3.85719962716077	-2.26417799144396
SEMA4D	MET	R-HSA-6806834	REACTOME_SIGNALING_BY_MET	1.95593146520682e-105	5.77279201016755e-105	1.83704509775797	4.11816608001036	9.4134265890396e-17	1	20	37	3.19085596269057e-06	1	0	4.10629032846076	-6.39088225480639
NCAM1	FGFR2	R-HSA-190236	REACTOME_SIGNALING_BY_FGFR	3.04104043323635e-105	8.96260989310456e-105	5.35497639278498	12.7101660798708	3.09943474550362e-28	1	24	45	8.43864091750755e-05	1	0	2.31654305445474	5.73242607734244
COL17A1	ITGB4	R-HSA-2022090	REACTOME_ASSEMBLY_OF_COLLAGEN_FIBRILS_AND_OTHER_MULTIMERIC_STRUCTURES	3.65193094897224e-105	1.07477056133571e-104	11.5471101838395	7.42190860929556	4.4438019528235e-29	1	8	16	1.24494189028159e-09	1	0	6.32959073051544	0.000435230421763041
CDH1	EGFR	R-HSA-9609690	REACTOME_HCMV_EARLY_EVENTS	4.05433837846377e-105	1.19150257324412e-104	14.0529638668967	2.89751774661206	1.12509612679447e-22	1	26	48	6.74505306364778e-05	1	0	6.06941827582005	6.35694186809355
TNC	ITGB3	R-HSA-2173789	REACTOME_TGF_BETA_RECEPTOR_SIGNALING_ACTIVATES_SMADS	4.4657987872279e-105	1.31055970091092e-104	6.8277048658413	3.57758831465387	5.7241288933858e-22	1	18	33	1.73410449377638e-06	1	0	-5.58163186833725	-1.81862510220008
S100B	APP	R-HSA-9020702	REACTOME_INTERLEUKIN_1_SIGNALING	4.54824557627415e-105	1.3328617532741e-104	4.2249108102541	1.1092665128676	4.28808301832756e-15	1	28	51	4.49483501263041e-05	1	0	5.19212134952298	-3.96459372498046
LTBP1	ITGB3	R-HSA-2173789	REACTOME_TGF_BETA_RECEPTOR_SIGNALING_ACTIVATES_SMADS	5.03802257765777e-105	1.47429952484999e-104	4.49925244209	3.57758831465387	6.45758843519278e-22	1	18	33	1.73410449377638e-06	1	0	0.411198660997557	-1.81862510220008
COMP	ITGB3	R-HSA-2173789	REACTOME_TGF_BETA_RECEPTOR_SIGNALING_ACTIVATES_SMADS	5.07401412009983e-105	1.48273170751432e-104	8.97372250466624	3.57758831465387	6.50372133052145e-22	1	18	33	1.73410449377638e-06	1	0	4.52103900260026	-1.81862510220008
THBS1	ITGB3	R-HSA-2173789	REACTOME_TGF_BETA_RECEPTOR_SIGNALING_ACTIVATES_SMADS	5.41970846669298e-105	1.58151379833159e-104	7.11466682191395	3.57758831465387	6.94682212657015e-22	1	18	33	1.73410449377638e-06	1	0	-3.6446101735829	-1.81862510220008
FN1	ITGB3	R-HSA-2173789	REACTOME_TGF_BETA_RECEPTOR_SIGNALING_ACTIVATES_SMADS	8.28354984868837e-105	2.4137960489972e-104	9.24511967017868	3.57758831465387	1.0617609365717e-21	1	18	33	1.73410449377638e-06	1	0	3.96729180611041	-1.81862510220008
COL4A4	ITGB3	R-HSA-6802957	REACTOME_ONCOGENIC_MAPK_SIGNALING	9.6188099428818e-105	2.79893821718223e-104	2.40348737446135	3.57758831465387	4.86684603123459e-18	1	18	34	2.23201828780279e-06	1	0	0.348341817117918	-1.81862510220008
L1CAM	EGFR	R-HSA-177929	REACTOME_SIGNALING_BY_EGFR	1.11315809009504e-104	3.23457751636617e-104	6.61152480504602	2.89751774661206	7.39792751891101e-20	1	18	33	1.35488883263165e-06	1	0	7.69724325085875	6.35694186809355
S100B	APP	R-HSA-375276	REACTOME_PEPTIDE_LIGAND_BINDING_RECEPTORS	1.50281396792889e-104	4.36069333952401e-104	4.2249108102541	1.1092665128676	4.28808301832756e-15	1	9	17	3.74287871293383e-11	1	0	5.19212134952298	-3.96459372498046
HSPG2	LRP2	R-HSA-196854	REACTOME_METABOLISM_OF_VITAMINS_AND_COFACTORS	1.7681720274625e-104	5.12348304170761e-104	4.09583451460777	5.72249204709186	4.85489859759939e-17	1	14	27	1.70918615645848e-07	1	0	4.83775802276138	-2.26417799144396
DCN	EGFR	R-HSA-9609690	REACTOME_HCMV_EARLY_EVENTS	2.29703797918199e-104	6.64661129550419e-104	15.215347949085	2.89751774661206	6.37437799273358e-22	1	26	48	6.74505306364778e-05	1	0	-5.95640031910379	6.35694186809355
EFEMP1	EGFR	R-HSA-177929	REACTOME_SIGNALING_BY_EGFR	2.33490333752831e-104	6.74672768578111e-104	11.0825504472025	2.89751774661206	1.55175134676721e-19	1	18	33	1.35488883263165e-06	1	0	6.63580333837864	6.35694186809355
MFGE8	ITGB3	R-HSA-2173789	REACTOME_TGF_BETA_RECEPTOR_SIGNALING_ACTIVATES_SMADS	2.73949470762111e-104	7.90474310886204e-104	3.04039885756526	3.57758831465387	3.51140334715023e-21	1	18	33	1.73410449377638e-06	1	0	0.6248001109505	-1.81862510220008
COL18A1	ITGB3	R-HSA-2173789	REACTOME_TGF_BETA_RECEPTOR_SIGNALING_ACTIVATES_SMADS	4.13593904697366e-104	1.19175035858404e-103	3.31748124564936	3.57758831465387	5.30132442773138e-21	1	18	33	1.73410449377638e-06	1	0	-2.93094921873315	-1.81862510220008
FBN1	ITGB3	R-HSA-2173789	REACTOME_TGF_BETA_RECEPTOR_SIGNALING_ACTIVATES_SMADS	4.60880617174593e-104	1.32615509064444e-103	7.14914428394037	3.57758831465387	5.90743153210484e-21	1	18	33	1.73410449377638e-06	1	0	3.49330586689255	-1.81862510220008
L1CAM	ITGB3	R-HSA-6802952	REACTOME_SIGNALING_BY_BRAF_AND_RAF1_FUSIONS	4.62882360348845e-104	1.33006252639877e-103	6.61152480504602	3.57758831465387	1.96608975372179e-23	1	15	29	1.25549861911524e-06	1	0	7.69724325085875	-1.81862510220008
NID1	ITGB3	R-HSA-6802957	REACTOME_ONCOGENIC_MAPK_SIGNALING	1.24345286503561e-103	3.56801891550496e-103	1.51200808588345	3.57758831465387	6.29152013311613e-17	1	18	34	2.23201828780279e-06	1	0	-6.39088225480639	-1.81862510220008
UBB	MET	R-HSA-6806834	REACTOME_SIGNALING_BY_MET	2.26933092961193e-103	6.50268751813903e-103	1.56324007583564	4.11816608001036	1.09217426541477e-14	1	20	37	3.19085596269057e-06	1	0	5.83927178506202	-6.39088225480639
CDH1	ERBB3	R-HSA-8848021	REACTOME_SIGNALING_BY_PTK6	3.20336518151139e-103	9.16641615651321e-103	14.0529638668967	9.47133900069063	1.0580866130721e-26	1	15	29	2.35919870658858e-06	1	0	6.06941827582005	4.07639206347018
TNC	EGFR	R-HSA-177929	REACTOME_SIGNALING_BY_EGFR	3.24087970773322e-103	9.26093703482272e-103	6.8277048658413	2.89751774661206	2.15385338243132e-18	1	18	33	1.35488883263165e-06	1	0	-5.58163186833725	6.35694186809355
COL4A3	ITGB3	R-HSA-6802952	REACTOME_SIGNALING_BY_BRAF_AND_RAF1_FUSIONS	4.18638599748206e-103	1.19462340756877e-102	8.59500106905861	3.57758831465387	1.77816467418867e-22	1	15	29	1.25549861911524e-06	1	0	3.59636213159094	-1.81862510220008
TNC	ITGB3	R-HSA-6802952	REACTOME_SIGNALING_BY_BRAF_AND_RAF1_FUSIONS	1.34764869614715e-102	3.84033407757243e-102	6.8277048658413	3.57758831465387	5.7241288933858e-22	1	15	29	1.25549861911524e-06	1	0	-5.58163186833725	-1.81862510220008
NECTIN1	NECTIN3	R-HSA-446728	REACTOME_CELL_JUNCTION_ORGANIZATION	1.46886193362588e-102	4.17998451084169e-102	1.88790295941344	2.48400722595068	1.15806751264489e-14	1	13	24	1.37805944247286e-08	1	0	0.525478593451262	3.3946399443308
COL4A2	ITGB3	R-HSA-2173789	REACTOME_TGF_BETA_RECEPTOR_SIGNALING_ACTIVATES_SMADS	1.48695189726376e-102	4.2256432183589e-102	2.35366848733984	3.57758831465387	1.90593099325143e-19	1	18	33	1.73410449377638e-06	1	0	6.7881869323435	-1.81862510220008
LTBP1	ITGB3	R-HSA-6802952	REACTOME_SIGNALING_BY_BRAF_AND_RAF1_FUSIONS	1.52032925830832e-102	4.3145607797596e-102	4.49925244209	3.57758831465387	6.45758843519278e-22	1	15	29	1.25549861911524e-06	1	0	0.411198660997557	-1.81862510220008
COMP	ITGB3	R-HSA-6802952	REACTOME_SIGNALING_BY_BRAF_AND_RAF1_FUSIONS	1.53119046311295e-102	4.33942317804028e-102	8.97372250466624	3.57758831465387	6.50372133052145e-22	1	15	29	1.25549861911524e-06	1	0	4.52103900260026	-1.81862510220008
THBS1	ITGB3	R-HSA-6802952	REACTOME_SIGNALING_BY_BRAF_AND_RAF1_FUSIONS	1.6355110018672e-102	4.62872017788719e-102	7.11466682191395	3.57758831465387	6.94682212657015e-22	1	15	29	1.25549861911524e-06	1	0	-3.6446101735829	-1.81862510220008
UBB	LRP2	R-HSA-196854	REACTOME_METABOLISM_OF_VITAMINS_AND_COFACTORS	1.65919840003292e-102	4.68933501295213e-102	1.56324007583564	5.72249204709186	4.55568794232031e-15	1	14	27	1.70918615645848e-07	1	0	5.83927178506202	-2.26417799144396
LAMB2	ITGB4	R-HSA-2022090	REACTOME_ASSEMBLY_OF_COLLAGEN_FIBRILS_AND_OTHER_MULTIMERIC_STRUCTURES	2.13714553082521e-102	6.03188888891378e-102	12.5087294742221	7.42190860929556	2.6005561485279e-26	1	8	16	1.24494189028159e-09	1	0	-4.4327218444072	0.000435230421763041
FN1	ITGB3	R-HSA-6802952	REACTOME_SIGNALING_BY_BRAF_AND_RAF1_FUSIONS	2.49973536312958e-102	7.04563882704737e-102	9.24511967017868	3.57758831465387	1.0617609365717e-21	1	15	29	1.25549861911524e-06	1	0	3.96729180611041	-1.81862510220008
L1CAM	EGFR	R-HSA-9609690	REACTOME_HCMV_EARLY_EVENTS	2.66587900773151e-102	7.50368668933692e-102	6.61152480504602	2.89751774661206	7.39792751891101e-20	1	26	48	6.74505306364778e-05	1	0	7.69724325085875	6.35694186809355
UBB	TGFBR2	R-HSA-2173789	REACTOME_TGF_BETA_RECEPTOR_SIGNALING_ACTIVATES_SMADS	3.46359535610504e-102	9.73576599416737e-102	1.56324007583564	1.27629366904749	6.54593470143117e-13	1	17	31	3.04119074243043e-07	1	0	5.83927178506202	4.98951084169741
CDH1	EGFR	R-HSA-9009391	REACTOME_EXTRA_NUCLEAR_ESTROGEN_SIGNALING	4.96699803680503e-102	1.39426874239663e-101	14.0529638668967	2.89751774661206	1.12509612679447e-22	1	17	32	3.10187651984221e-06	1	0	6.06941827582005	6.35694186809355
EFEMP1	EGFR	R-HSA-9609690	REACTOME_HCMV_EARLY_EVENTS	5.59181112546875e-102	1.56752805769585e-101	11.0825504472025	2.89751774661206	1.55175134676721e-19	1	26	48	6.74505306364778e-05	1	0	6.63580333837864	6.35694186809355
IGF2	IGF1R	R-HSA-9009391	REACTOME_EXTRA_NUCLEAR_ESTROGEN_SIGNALING	6.83743958204693e-102	1.91411249004186e-101	18.0532452059045	5.92947905626477	1.54877790044397e-22	1	17	32	3.10187651984221e-06	1	0	-5.75305615435799	3.65530470112101
MFGE8	ITGB3	R-HSA-6802952	REACTOME_SIGNALING_BY_BRAF_AND_RAF1_FUSIONS	8.26700137360936e-102	2.31118062758822e-101	3.04039885756526	3.57758831465387	3.51140334715023e-21	1	15	29	1.25549861911524e-06	1	0	0.6248001109505	-1.81862510220008
COL18A1	ITGB3	R-HSA-6802952	REACTOME_SIGNALING_BY_BRAF_AND_RAF1_FUSIONS	1.2481065828445e-101	3.48457864886046e-101	3.31748124564936	3.57758831465387	5.30132442773138e-21	1	15	29	1.25549861911524e-06	1	0	-2.93094921873315	-1.81862510220008
FBN1	ITGB3	R-HSA-6802952	REACTOME_SIGNALING_BY_BRAF_AND_RAF1_FUSIONS	1.39080418175396e-101	3.87773473617231e-101	7.14914428394037	3.57758831465387	5.90743153210484e-21	1	15	29	1.25549861911524e-06	1	0	3.49330586689255	-1.81862510220008
L1CAM	ERBB2	R-HSA-8848021	REACTOME_SIGNALING_BY_PTK6	2.28622086854244e-101	6.3656769735966e-101	6.61152480504602	5.48467664125572	7.55149525097075e-25	1	15	29	2.35919870658858e-06	1	0	7.69724325085875	5.37025434019213
LAMB1	ITGB4	R-HSA-2022090	REACTOME_ASSEMBLY_OF_COLLAGEN_FIBRILS_AND_OTHER_MULTIMERIC_STRUCTURES	2.38155932147955e-101	6.62220936497544e-101	8.31776841205843	7.42190860929556	2.89796770843497e-25	1	8	16	1.24494189028159e-09	1	0	6.66423855005416	0.000435230421763041
DCN	EGFR	R-HSA-9009391	REACTOME_EXTRA_NUCLEAR_ESTROGEN_SIGNALING	2.81411714268079e-101	7.8144704526593e-101	15.215347949085	2.89751774661206	6.37437799273358e-22	1	17	32	3.10187651984221e-06	1	0	-5.95640031910379	6.35694186809355
CDH1	EGFR	R-HSA-9012852	REACTOME_SIGNALING_BY_NOTCH3	3.36464738673062e-101	9.33068657850397e-101	14.0529638668967	2.89751774661206	1.12509612679447e-22	1	15	29	1.73410449377638e-06	1	0	6.06941827582005	6.35694186809355
COL4A4	ITGB3	R-HSA-2173789	REACTOME_TGF_BETA_RECEPTOR_SIGNALING_ACTIVATES_SMADS	3.7969716455942e-101	1.05154737530799e-100	2.40348737446135	3.57758831465387	4.86684603123459e-18	1	18	33	1.73410449377638e-06	1	0	0.348341817117918	-1.81862510220008
LAMA1	ITGB4	R-HSA-2022090	REACTOME_ASSEMBLY_OF_COLLAGEN_FIBRILS_AND_OTHER_MULTIMERIC_STRUCTURES	5.35898243062531e-101	1.48214962539115e-100	19.8345033696564	7.42190860929556	6.52100407239671e-25	1	8	16	1.24494189028159e-09	1	0	-2.13725369701301	0.000435230421763041
LAMA5	ITGB4	R-HSA-2022090	REACTOME_ASSEMBLY_OF_COLLAGEN_FIBRILS_AND_OTHER_MULTIMERIC_STRUCTURES	5.86329575124228e-101	1.61946109920676e-100	6.39025679656551	7.42190860929556	7.13467080112369e-25	1	8	16	1.24494189028159e-09	1	0	-4.04261071031852	0.000435230421763041
CDH1	EGFR	R-HSA-8848021	REACTOME_SIGNALING_BY_PTK6	6.72928383349319e-101	1.85616827770319e-100	14.0529638668967	2.89751774661206	1.12509612679447e-22	1	16	30	1.73410449377638e-06	1	0	6.06941827582005	6.35694186809355
TNC	EGFR	R-HSA-9609690	REACTOME_HCMV_EARLY_EVENTS	7.76151496926316e-101	2.13803865686636e-100	6.8277048658413	2.89751774661206	2.15385338243132e-18	1	26	48	6.74505306364778e-05	1	0	-5.58163186833725	6.35694186809355
DCN	EGFR	R-HSA-9012852	REACTOME_SIGNALING_BY_NOTCH3	1.90628460488889e-100	5.24418640972097e-100	15.215347949085	2.89751774661206	6.37437799273358e-22	1	15	29	1.73410449377638e-06	1	0	-5.95640031910379	6.35694186809355
L1CAM	ERBB3	R-HSA-8848021	REACTOME_SIGNALING_BY_PTK6	2.10633232708245e-100	5.78681195179832e-100	6.61152480504602	9.47133900069063	6.95731492253852e-24	1	15	29	2.35919870658858e-06	1	0	7.69724325085875	4.07639206347018
TNFSF12	TRAF2	R-HSA-9645723	REACTOME_DISEASES_OF_PROGRAMMED_CELL_DEATH	2.59420643015374e-100	7.11770316692913e-100	8.71305866963411	1.15950995895023	1.64631811656911e-18	1	15	28	4.11025923151153e-07	1	0	2.36479248772075	5.06353195786275
ANXA1	EGFR	R-HSA-177929	REACTOME_SIGNALING_BY_EGFR	2.60061029174756e-100	7.12581016279903e-100	2.36495705120345	2.89751774661206	1.72833729678414e-15	1	18	33	1.35488883263165e-06	1	0	5.26706875945552	6.35694186809355
DCN	EGFR	R-HSA-8848021	REACTOME_SIGNALING_BY_PTK6	3.81256301159703e-100	1.04327883204761e-99	15.215347949085	2.89751774661206	6.37437799273358e-22	1	16	30	1.73410449377638e-06	1	0	-5.95640031910379	6.35694186809355
LAMA1	SDC4	R-HSA-3000171	REACTOME_NON_INTEGRIN_MEMBRANE_ECM_INTERACTIONS	4.05764858778537e-100	1.1088759235932e-99	19.8345033696564	1.45777712136255	1.11433793954792e-19	1	7	14	3.23938152773816e-11	1	0	-2.13725369701301	7.17743566926211
UBB	FGFR2	R-HSA-190236	REACTOME_SIGNALING_BY_FGFR	4.14006879407298e-100	1.12990516889759e-99	1.56324007583564	12.7101660798708	4.21956674067272e-23	1	24	45	8.43864091750755e-05	1	0	5.83927178506202	5.73242607734244
COL4A2	ITGB3	R-HSA-6802952	REACTOME_SIGNALING_BY_BRAF_AND_RAF1_FUSIONS	4.48719004383295e-100	1.22302567685473e-99	2.35366848733984	3.57758831465387	1.90593099325143e-19	1	15	29	1.25549861911524e-06	1	0	6.7881869323435	-1.81862510220008
NID1	ITGB3	R-HSA-2173789	REACTOME_TGF_BETA_RECEPTOR_SIGNALING_ACTIVATES_SMADS	4.90846092105918e-100	1.3360843561144e-99	1.51200808588345	3.57758831465387	6.29152013311613e-17	1	18	33	1.73410449377638e-06	1	0	-6.39088225480639	-1.81862510220008
COL17A1	ITGB4	R-HSA-3000171	REACTOME_NON_INTEGRIN_MEMBRANE_ECM_INTERACTIONS	1.31740493876506e-99	3.58126132037977e-99	11.5471101838395	7.42190860929556	4.4438019528235e-29	1	6	12	3.23938152773816e-11	1	0	6.32959073051544	0.000435230421763041
TNC	SDC4	R-HSA-3000171	REACTOME_NON_INTEGRIN_MEMBRANE_ECM_INTERACTIONS	2.45605045379696e-99	6.66780583120174e-99	6.8277048658413	1.45777712136255	6.74496606322334e-19	1	7	14	3.23938152773816e-11	1	0	-5.58163186833725	7.17743566926211
L1CAM	FGFR2	R-HSA-5654738	REACTOME_SIGNALING_BY_FGFR2	2.53982082371358e-99	6.88618086849376e-99	6.61152480504602	12.7101660798708	1.47684132181016e-29	1	23	42	8.43864091750755e-05	1	0	7.69724325085875	5.73242607734244
THBS1	SDC4	R-HSA-3000171	REACTOME_NON_INTEGRIN_MEMBRANE_ECM_INTERACTIONS	2.98067111244195e-99	8.07086044338804e-99	7.11466682191395	1.45777712136255	8.18571355811128e-19	1	7	14	3.23938152773816e-11	1	0	-3.6446101735829	7.17743566926211
L1CAM	EGFR	R-HSA-9009391	REACTOME_EXTRA_NUCLEAR_ESTROGEN_SIGNALING	3.26598684216868e-99	8.83184399989593e-99	6.61152480504602	2.89751774661206	7.39792751891101e-20	1	17	32	3.10187651984221e-06	1	0	7.69724325085875	6.35694186809355
EFEMP1	EGFR	R-HSA-9009391	REACTOME_EXTRA_NUCLEAR_ESTROGEN_SIGNALING	6.85056655111058e-99	1.85010071824764e-98	11.0825504472025	2.89751774661206	1.55175134676721e-19	1	17	32	3.10187651984221e-06	1	0	6.63580333837864	6.35694186809355
TNFSF9	TRAF2	R-HSA-9645723	REACTOME_DISEASES_OF_PROGRAMMED_CELL_DEATH	7.78535700335633e-99	2.09981038758932e-98	3.24465487556851	1.15950995895023	4.94069173894698e-17	1	15	28	4.11025923151153e-07	1	0	2.84326536040046	5.06353195786275
COL4A4	ITGB3	R-HSA-6802952	REACTOME_SIGNALING_BY_BRAF_AND_RAF1_FUSIONS	1.14581604127064e-98	3.08638323502627e-98	2.40348737446135	3.57758831465387	4.86684603123459e-18	1	15	29	1.25549861911524e-06	1	0	0.348341817117918	-1.81862510220008
L1CAM	EGFR	R-HSA-9012852	REACTOME_SIGNALING_BY_NOTCH3	2.21238140465784e-98	5.9515364349259e-98	6.61152480504602	2.89751774661206	7.39792751891101e-20	1	15	29	1.73410449377638e-06	1	0	7.69724325085875	6.35694186809355
L1CAM	EGFR	R-HSA-8848021	REACTOME_SIGNALING_BY_PTK6	4.42475561587782e-98	1.18875749055963e-97	6.61152480504602	2.89751774661206	7.39792751891101e-20	1	16	30	1.73410449377638e-06	1	0	7.69724325085875	6.35694186809355
EFEMP1	EGFR	R-HSA-9012852	REACTOME_SIGNALING_BY_NOTCH3	4.64057780434415e-98	1.24512126542533e-97	11.0825504472025	2.89751774661206	1.55175134676721e-19	1	15	29	1.73410449377638e-06	1	0	6.63580333837864	6.35694186809355
NCAM1	FGFR2	R-HSA-5654738	REACTOME_SIGNALING_BY_FGFR2	5.33030109065665e-98	1.42832711456506e-97	5.35497639278498	12.7101660798708	3.09943474550362e-28	1	23	42	8.43864091750755e-05	1	0	2.31654305445474	5.73242607734244
ANXA1	EGFR	R-HSA-9609690	REACTOME_HCMV_EARLY_EVENTS	6.2281471479657e-98	1.66675544141155e-97	2.36495705120345	2.89751774661206	1.72833729678414e-15	1	26	48	6.74505306364778e-05	1	0	5.26706875945552	6.35694186809355
EFEMP1	EGFR	R-HSA-8848021	REACTOME_SIGNALING_BY_PTK6	9.28114052010187e-98	2.48057390873615e-97	11.0825504472025	2.89751774661206	1.55175134676721e-19	1	16	30	1.73410449377638e-06	1	0	6.63580333837864	6.35694186809355
TNC	EGFR	R-HSA-9009391	REACTOME_EXTRA_NUCLEAR_ESTROGEN_SIGNALING	9.50868576232912e-98	2.53810656136589e-97	6.8277048658413	2.89751774661206	2.15385338243132e-18	1	17	32	3.10187651984221e-06	1	0	-5.58163186833725	6.35694186809355
LAMA1	GPC1	R-HSA-3781865	REACTOME_DISEASES_OF_GLYCOSYLATION	1.44026459223227e-97	3.83451887571116e-97	19.8345033696564	4.73558061131978	1.18943344630146e-23	1	13	25	6.27288671161685e-07	1	0	-2.13725369701301	5.86131559783074
LAMA1	GPC1	R-HSA-5668914	REACTOME_DISEASES_OF_METABOLISM	1.44026459223227e-97	3.83451887571116e-97	19.8345033696564	4.73558061131978	1.18943344630146e-23	1	13	25	6.27288671161685e-07	1	0	-2.13725369701301	5.86131559783074
NID1	ITGB3	R-HSA-6802952	REACTOME_SIGNALING_BY_BRAF_AND_RAF1_FUSIONS	1.48123130385387e-97	3.93851206404389e-97	1.51200808588345	3.57758831465387	6.29152013311613e-17	1	15	29	1.25549861911524e-06	1	0	-6.39088225480639	-1.81862510220008
LAMC1	ITGB4	R-HSA-2022090	REACTOME_ASSEMBLY_OF_COLLAGEN_FIBRILS_AND_OTHER_MULTIMERIC_STRUCTURES	2.36170003879158e-97	6.27155820069846e-97	2.41383536561023	7.42190860929556	2.87380221340684e-21	1	8	16	1.24494189028159e-09	1	0	1.75120519238021	0.000435230421763041
PTN	PTPRS	R-HSA-3000178	REACTOME_ECM_PROTEOGLYCANS	2.48225540664132e-97	6.58323449309495e-97	7.92717388064223	2.011732900985	6.20543850294016e-17	1	7	14	3.2776655898049e-11	1	0	-1.41052729395478	-5.72152840619353
DLL1	NOTCH3	R-HSA-9012852	REACTOME_SIGNALING_BY_NOTCH3	3.77868437340935e-97	1.00086691223894e-96	1.7551729771455	5.25731792952174	1.26354493183093e-18	1	15	29	1.73410449377638e-06	1	0	-4.9727519451242	3.62905424098445
SEMA4D	ERBB2	R-HSA-8848021	REACTOME_SIGNALING_BY_PTK6	5.62999502035784e-97	1.48931750474511e-96	1.83704509775797	5.48467664125572	1.8596138826397e-20	1	15	29	2.35919870658858e-06	1	0	4.10629032846076	5.37025434019213
SLIT2	GPC1	R-HSA-3781865	REACTOME_DISEASES_OF_GLYCOSYLATION	6.36211685151183e-97	1.67868881420478e-96	6.80274676319369	4.73558061131978	5.25411414907986e-23	1	13	25	6.27288671161685e-07	1	0	2.78796175154231	5.86131559783074
SLIT2	GPC1	R-HSA-5668914	REACTOME_DISEASES_OF_METABOLISM	6.36211685151183e-97	1.67868881420478e-96	6.80274676319369	4.73558061131978	5.25411414907986e-23	1	13	25	6.27288671161685e-07	1	0	2.78796175154231	5.86131559783074
TNC	EGFR	R-HSA-9012852	REACTOME_SIGNALING_BY_NOTCH3	6.44118931885923e-97	1.69738483836265e-96	6.8277048658413	2.89751774661206	2.15385338243132e-18	1	15	29	1.73410449377638e-06	1	0	-5.58163186833725	6.35694186809355
S100B	APP	R-HSA-9645723	REACTOME_DISEASES_OF_PROGRAMMED_CELL_DEATH	6.75700062291784e-97	1.77833927222271e-96	4.2249108102541	1.1092665128676	4.28808301832756e-15	1	15	28	4.11025923151153e-07	1	0	5.19212134952298	-3.96459372498046
LAMB2	ITGB4	R-HSA-3000171	REACTOME_NON_INTEGRIN_MEMBRANE_ECM_INTERACTIONS	7.70958190751436e-97	2.02646262352731e-96	12.5087294742221	7.42190860929556	2.6005561485279e-26	1	6	12	3.23938152773816e-11	1	0	-4.4327218444072	0.000435230421763041
TNC	EGFR	R-HSA-8848021	REACTOME_SIGNALING_BY_PTK6	1.28823576945416e-96	3.38182350659757e-96	6.8277048658413	2.89751774661206	2.15385338243132e-18	1	16	30	1.73410449377638e-06	1	0	-5.58163186833725	6.35694186809355
LAMA1	GPC1	R-HSA-1638091	REACTOME_HEPARAN_SULFATE_HEPARIN_HS_GAG_METABOLISM	2.41775423837573e-96	6.33893433563992e-96	19.8345033696564	4.73558061131978	1.18943344630146e-23	1	9	18	1.84799783951792e-08	1	0	-2.13725369701301	5.86131559783074
LAMB3	ITGB4	R-HSA-2022090	REACTOME_ASSEMBLY_OF_COLLAGEN_FIBRILS_AND_OTHER_MULTIMERIC_STRUCTURES	6.50142170148262e-96	1.70240015656059e-95	1.20907444031088	7.42190860929556	7.91116558797704e-20	1	8	16	1.24494189028159e-09	1	0	2.59517547975114	0.000435230421763041
COL18A1	GPC1	R-HSA-3781865	REACTOME_DISEASES_OF_GLYCOSYLATION	8.07383954399692e-96	2.10879298329932e-95	3.31748124564936	4.73558061131978	6.66772955850917e-22	1	13	25	6.27288671161685e-07	1	0	-2.93094921873315	5.86131559783074
COL18A1	GPC1	R-HSA-5668914	REACTOME_DISEASES_OF_METABOLISM	8.07383954399692e-96	2.10879298329932e-95	3.31748124564936	4.73558061131978	6.66772955850917e-22	1	13	25	6.27288671161685e-07	1	0	-2.93094921873315	5.86131559783074
LAMB1	ITGB4	R-HSA-3000171	REACTOME_NON_INTEGRIN_MEMBRANE_ECM_INTERACTIONS	8.59128514727834e-96	2.2411104942269e-95	8.31776841205843	7.42190860929556	2.89796770843497e-25	1	6	12	3.23938152773816e-11	1	0	6.66423855005416	0.000435230421763041
CDH1	EGFR	R-HSA-1227986	REACTOME_SIGNALING_BY_ERBB2	1.00359294234912e-95	2.61465702256404e-95	14.0529638668967	2.89751774661206	1.12509612679447e-22	1	15	28	1.73410449377638e-06	1	0	6.06941827582005	6.35694186809355
SLIT2	GPC1	R-HSA-1638091	REACTOME_HEPARAN_SULFATE_HEPARIN_HS_GAG_METABOLISM	1.06800063444896e-95	2.77895379190373e-95	6.80274676319369	4.73558061131978	5.25411414907986e-23	1	9	18	1.84799783951792e-08	1	0	2.78796175154231	5.86131559783074
LAMA1	ITGB4	R-HSA-3000171	REACTOME_NON_INTEGRIN_MEMBRANE_ECM_INTERACTIONS	1.93321013444897e-95	5.02391463870638e-95	19.8345033696564	7.42190860929556	6.52100407239671e-25	1	6	12	3.23938152773816e-11	1	0	-2.13725369701301	0.000435230421763041
LAMA5	ITGB4	R-HSA-3000171	REACTOME_NON_INTEGRIN_MEMBRANE_ECM_INTERACTIONS	2.11513713924428e-95	5.48979061517422e-95	6.39025679656551	7.42190860929556	7.13467080112369e-25	1	6	12	3.23938152773816e-11	1	0	-4.04261071031852	0.000435230421763041
DCN	EGFR	R-HSA-1227986	REACTOME_SIGNALING_BY_ERBB2	5.68598594646269e-95	1.47393311987351e-94	15.215347949085	2.89751774661206	6.37437799273358e-22	1	15	28	1.73410449377638e-06	1	0	-5.95640031910379	6.35694186809355
UBB	ERBB2	R-HSA-8848021	REACTOME_SIGNALING_BY_PTK6	6.53209075089358e-95	1.69114028713611e-94	1.56324007583564	5.48467664125572	2.15758035293112e-18	1	15	29	2.35919870658858e-06	1	0	5.83927178506202	5.37025434019213
ANXA1	EGFR	R-HSA-9009391	REACTOME_EXTRA_NUCLEAR_ESTROGEN_SIGNALING	7.63014622094768e-95	1.97295145087333e-94	2.36495705120345	2.89751774661206	1.72833729678414e-15	1	17	32	3.10187651984221e-06	1	0	5.26706875945552	6.35694186809355
COL18A1	GPC1	R-HSA-1638091	REACTOME_HEPARAN_SULFATE_HEPARIN_HS_GAG_METABOLISM	1.35534539158595e-94	3.50017947377071e-94	3.31748124564936	4.73558061131978	6.66772955850917e-22	1	9	18	1.84799783951792e-08	1	0	-2.93094921873315	5.86131559783074
HSPG2	PTPRS	R-HSA-3000178	REACTOME_ECM_PROTEOGLYCANS	2.62818656932039e-94	6.7788182924044e-94	4.09583451460777	2.011732900985	6.57025465088556e-14	1	7	14	3.2776655898049e-11	1	0	4.83775802276138	-5.72152840619353
ANXA1	EGFR	R-HSA-9012852	REACTOME_SIGNALING_BY_NOTCH3	5.16866553045748e-94	1.33147917530239e-93	2.36495705120345	2.89751774661206	1.72833729678414e-15	1	15	29	1.73410449377638e-06	1	0	5.26706875945552	6.35694186809355
UBB	ERBB3	R-HSA-8848021	REACTOME_SIGNALING_BY_PTK6	6.01812104042913e-94	1.54837335859609e-93	1.56324007583564	9.47133900069063	1.98781373584178e-17	1	15	29	2.35919870658858e-06	1	0	5.83927178506202	4.07639206347018
LAMA1	SDC4	R-HSA-1638091	REACTOME_HEPARAN_SULFATE_HEPARIN_HS_GAG_METABOLISM	6.17790900380143e-94	1.58750746291713e-93	19.8345033696564	1.45777712136255	1.11433793954792e-19	1	9	18	1.28907064258914e-08	1	0	-2.13725369701301	7.17743566926211
DCN	MET	R-HSA-8986944	REACTOME_TRANSCRIPTIONAL_REGULATION_BY_MECP2	9.56402943140973e-94	2.45456954103012e-93	15.215347949085	4.11816608001036	3.29371225008704e-23	1	14	27	2.75453477840134e-06	1	0	-5.95640031910379	-6.39088225480639
TNFSF12	TRAF2	R-HSA-5218859	REACTOME_REGULATED_NECROSIS	9.97058535036064e-94	2.55573564936043e-93	8.71305866963411	1.15950995895023	1.64631811656911e-18	1	18	34	1.05771296573509e-05	1	0	2.36479248772075	5.06353195786275
ANXA1	EGFR	R-HSA-8848021	REACTOME_SIGNALING_BY_PTK6	1.033731425528e-93	2.64645492582509e-93	2.36495705120345	2.89751774661206	1.72833729678414e-15	1	16	30	1.73410449377638e-06	1	0	5.26706875945552	6.35694186809355
L1CAM	FGFR2	R-HSA-1226099	REACTOME_SIGNALING_BY_FGFR_IN_DISEASE	1.20894950179049e-93	3.09120008749895e-93	6.61152480504602	12.7101660798708	1.47684132181016e-29	1	14	26	3.39206473525753e-06	1	0	7.69724325085875	5.73242607734244
TNC	SDC4	R-HSA-1638091	REACTOME_HEPARAN_SULFATE_HEPARIN_HS_GAG_METABOLISM	3.73942096858226e-93	9.54962141049562e-93	6.8277048658413	1.45777712136255	6.74496606322334e-19	1	9	18	1.28907064258914e-08	1	0	-5.58163186833725	7.17743566926211
THBS1	SDC4	R-HSA-1638091	REACTOME_HEPARAN_SULFATE_HEPARIN_HS_GAG_METABOLISM	4.5381738966647e-93	1.15751447784065e-92	7.11466682191395	1.45777712136255	8.18571355811128e-19	1	9	18	1.28907064258914e-08	1	0	-3.6446101735829	7.17743566926211
COL1A1	ITGA1	R-HSA-445355	REACTOME_SMOOTH_MUSCLE_CONTRACTION	6.4563148349863e-93	1.64472829211858e-92	12.9101074672495	1.06937784120538	5.11748759071151e-18	1	11	20	9.62571362382182e-09	1	0	5.35249569933251	-3.20606372686874
L1CAM	EGFR	R-HSA-1227986	REACTOME_SIGNALING_BY_ERBB2	6.59899867146703e-93	1.67900631222302e-92	6.61152480504602	2.89751774661206	7.39792751891101e-20	1	15	28	1.73410449377638e-06	1	0	7.69724325085875	6.35694186809355
UBB	FGFR2	R-HSA-5654738	REACTOME_SIGNALING_BY_FGFR2	7.2566655041004e-93	1.84406776524864e-92	1.56324007583564	12.7101660798708	4.21956674067272e-23	1	23	42	8.43864091750755e-05	1	0	5.83927178506202	5.73242607734244
SEMA5A	MET	R-HSA-8986944	REACTOME_TRANSCRIPTIONAL_REGULATION_BY_MECP2	1.34999695690723e-92	3.42640505278912e-92	13.1302189665968	4.11816608001036	4.64919262998353e-22	1	14	27	2.75453477840134e-06	1	0	-3.36463131492755	-6.39088225480639
EFEMP1	EGFR	R-HSA-1227986	REACTOME_SIGNALING_BY_ERBB2	1.38417212788148e-92	3.50883388491181e-92	11.0825504472025	2.89751774661206	1.55175134676721e-19	1	15	28	1.73410449377638e-06	1	0	6.63580333837864	6.35694186809355
COL1A2	ITGA1	R-HSA-445355	REACTOME_SMOOTH_MUSCLE_CONTRACTION	1.58872986969684e-92	4.02244596910988e-92	16.249300289467	1.06937784120538	1.25927957371421e-17	1	11	20	9.62571362382182e-09	1	0	3.18442633530028	-3.20606372686874
DCN	MET	R-HSA-9824439	REACTOME_BACTERIAL_INFECTION_PATHWAYS	1.77617015358092e-92	4.4915147335351e-92	15.215347949085	4.11816608001036	3.29371225008704e-23	1	14	26	1.35488883263165e-06	1	0	-5.95640031910379	-6.39088225480639
COL4A5	ITGA1	R-HSA-445355	REACTOME_SMOOTH_MUSCLE_CONTRACTION	2.35897923073844e-92	5.95800866834427e-92	8.63911500522914	1.06937784120538	1.8698045632212e-17	1	11	20	9.62571362382182e-09	1	0	4.94978495547464	-3.20606372686874
NCAM1	FGFR2	R-HSA-1226099	REACTOME_SIGNALING_BY_FGFR_IN_DISEASE	2.53721238434471e-92	6.40034284011742e-92	5.35497639278498	12.7101660798708	3.09943474550362e-28	1	14	26	3.39206473525753e-06	1	0	2.31654305445474	5.73242607734244
TNFSF9	TRAF2	R-HSA-5218859	REACTOME_REGULATED_NECROSIS	2.99222781898632e-92	7.5389544805192e-92	3.24465487556851	1.15950995895023	4.94069173894698e-17	1	18	34	1.05771296573509e-05	1	0	2.84326536040046	5.06353195786275
COL5A2	ITGA1	R-HSA-445355	REACTOME_SMOOTH_MUSCLE_CONTRACTION	4.03330421499868e-92	1.01495816177677e-91	8.65450559489796	1.06937784120538	3.19692964134454e-17	1	11	20	9.62571362382182e-09	1	0	4.71972607502025	-3.20606372686874
APP	GPC1	R-HSA-3781865	REACTOME_DISEASES_OF_GLYCOSYLATION	7.09817860765168e-92	1.78187569907757e-91	1.1092665128676	4.73558061131978	5.86198611650717e-18	1	13	25	6.27288671161685e-07	1	0	-3.96459372498046	5.86131559783074
APP	GPC1	R-HSA-5668914	REACTOME_DISEASES_OF_METABOLISM	7.09817860765168e-92	1.78187569907757e-91	1.1092665128676	4.73558061131978	5.86198611650717e-18	1	13	25	6.27288671161685e-07	1	0	-3.96459372498046	5.86131559783074
LAMA1	SDC4	R-HSA-1793185	REACTOME_CHONDROITIN_SULFATE_DERMATAN_SULFATE_METABOLISM	7.23998916335382e-92	1.80649971153249e-91	19.8345033696564	1.45777712136255	1.11433793954792e-19	1	6	12	1.87684127931726e-11	1	0	-2.13725369701301	7.17743566926211
LAMA1	SDC4	R-HSA-1971475	REACTOME_A_TETRASACCHARIDE_LINKER_SEQUENCE_IS_REQUIRED_FOR_GAG_SYNTHESIS	7.23998916335382e-92	1.80649971153249e-91	19.8345033696564	1.45777712136255	1.11433793954792e-19	1	6	12	1.87684127931726e-11	1	0	-2.13725369701301	7.17743566926211
LAMA1	SDC4	R-HSA-3560782	REACTOME_DISEASES_ASSOCIATED_WITH_GLYCOSAMINOGLYCAN_METABOLISM	7.23998916335382e-92	1.80649971153249e-91	19.8345033696564	1.45777712136255	1.11433793954792e-19	1	6	12	1.87684127931726e-11	1	0	-2.13725369701301	7.17743566926211
LAMA1	SDC4	R-HSA-3560783	REACTOME_DEFECTIVE_B4GALT7_CAUSES_EDS_PROGEROID_TYPE	7.23998916335382e-92	1.80649971153249e-91	19.8345033696564	1.45777712136255	1.11433793954792e-19	1	6	12	1.87684127931726e-11	1	0	-2.13725369701301	7.17743566926211
COL16A1	ITGA1	R-HSA-445355	REACTOME_SMOOTH_MUSCLE_CONTRACTION	7.22808353695759e-92	1.80649971153249e-91	10.9159881411726	1.06937784120538	5.72921685983505e-17	1	11	20	9.62571362382182e-09	1	0	4.29305359730917	-3.20606372686874
LAMC1	ITGB4	R-HSA-3000171	REACTOME_NON_INTEGRIN_MEMBRANE_ECM_INTERACTIONS	8.5196443702236e-92	2.12323103364077e-91	2.41383536561023	7.42190860929556	2.87380221340684e-21	1	6	12	3.23938152773816e-11	1	0	1.75120519238021	0.000435230421763041
TNC	EGFR	R-HSA-1227986	REACTOME_SIGNALING_BY_ERBB2	1.92125099534515e-91	4.78229464624467e-91	6.8277048658413	2.89751774661206	2.15385338243132e-18	1	15	28	1.73410449377638e-06	1	0	-5.58163186833725	6.35694186809355
SEMA5A	MET	R-HSA-9824439	REACTOME_BACTERIAL_INFECTION_PATHWAYS	2.50712769077108e-91	6.23312371736829e-91	13.1302189665968	4.11816608001036	4.64919262998353e-22	1	14	26	1.35488883263165e-06	1	0	-3.36463131492755	-6.39088225480639
FBLN2	ITGB3	R-HSA-6802946	REACTOME_SIGNALING_BY_MODERATE_KINASE_ACTIVITY_BRAF_MUTANTS	3.23210916414482e-91	8.02588645808077e-91	16.4383713511822	3.57758831465387	7.79229608219956e-27	1	13	24	1.25549861911524e-06	1	0	3.30185484435118	-1.81862510220008
TNC	SDC4	R-HSA-1793185	REACTOME_CHONDROITIN_SULFATE_DERMATAN_SULFATE_METABOLISM	4.38228651038639e-91	1.08299090077252e-90	6.8277048658413	1.45777712136255	6.74496606322334e-19	1	6	12	1.87684127931726e-11	1	0	-5.58163186833725	7.17743566926211
TNC	SDC4	R-HSA-1971475	REACTOME_A_TETRASACCHARIDE_LINKER_SEQUENCE_IS_REQUIRED_FOR_GAG_SYNTHESIS	4.38228651038639e-91	1.08299090077252e-90	6.8277048658413	1.45777712136255	6.74496606322334e-19	1	6	12	1.87684127931726e-11	1	0	-5.58163186833725	7.17743566926211
TNC	SDC4	R-HSA-3560782	REACTOME_DISEASES_ASSOCIATED_WITH_GLYCOSAMINOGLYCAN_METABOLISM	4.38228651038639e-91	1.08299090077252e-90	6.8277048658413	1.45777712136255	6.74496606322334e-19	1	6	12	1.87684127931726e-11	1	0	-5.58163186833725	7.17743566926211
TNC	SDC4	R-HSA-3560783	REACTOME_DEFECTIVE_B4GALT7_CAUSES_EDS_PROGEROID_TYPE	4.38228651038639e-91	1.08299090077252e-90	6.8277048658413	1.45777712136255	6.74496606322334e-19	1	6	12	1.87684127931726e-11	1	0	-5.58163186833725	7.17743566926211
THBS1	SDC4	R-HSA-1793185	REACTOME_CHONDROITIN_SULFATE_DERMATAN_SULFATE_METABOLISM	5.31835768591771e-91	1.30806273560786e-90	7.11466682191395	1.45777712136255	8.18571355811128e-19	1	6	12	1.87684127931726e-11	1	0	-3.6446101735829	7.17743566926211
THBS1	SDC4	R-HSA-1971475	REACTOME_A_TETRASACCHARIDE_LINKER_SEQUENCE_IS_REQUIRED_FOR_GAG_SYNTHESIS	5.31835768591771e-91	1.30806273560786e-90	7.11466682191395	1.45777712136255	8.18571355811128e-19	1	6	12	1.87684127931726e-11	1	0	-3.6446101735829	7.17743566926211
THBS1	SDC4	R-HSA-3560782	REACTOME_DISEASES_ASSOCIATED_WITH_GLYCOSAMINOGLYCAN_METABOLISM	5.31835768591771e-91	1.30806273560786e-90	7.11466682191395	1.45777712136255	8.18571355811128e-19	1	6	12	1.87684127931726e-11	1	0	-3.6446101735829	7.17743566926211
THBS1	SDC4	R-HSA-3560783	REACTOME_DEFECTIVE_B4GALT7_CAUSES_EDS_PROGEROID_TYPE	5.31835768591771e-91	1.30806273560786e-90	7.11466682191395	1.45777712136255	8.18571355811128e-19	1	6	12	1.87684127931726e-11	1	0	-3.6446101735829	7.17743566926211
LAMA5	SDC1	R-HSA-1638091	REACTOME_HEPARAN_SULFATE_HEPARIN_HS_GAG_METABOLISM	7.41479824587073e-91	1.82151880808192e-90	6.39025679656551	6.46884404771167	3.10330148907865e-24	1	9	17	1.28907064258914e-08	1	0	-4.04261071031852	5.30916569519122
COL5A1	ITGA1	R-HSA-445355	REACTOME_SMOOTH_MUSCLE_CONTRACTION	7.53971721312452e-91	1.85000662260276e-90	22.6239327382813	1.06937784120538	5.97622796623123e-16	1	11	20	9.62571362382182e-09	1	0	4.34420548048338	-3.20606372686874
LAMB1	ITGA1	R-HSA-445355	REACTOME_SMOOTH_MUSCLE_CONTRACTION	8.79165573047855e-91	2.15463353964041e-90	8.31776841205843	1.06937784120538	6.96855563156984e-16	1	11	20	9.62571362382182e-09	1	0	6.66423855005416	-3.20606372686874
APP	GPC1	R-HSA-1638091	REACTOME_HEPARAN_SULFATE_HEPARIN_HS_GAG_METABOLISM	1.1915624049883e-90	2.91678664538606e-90	1.1092665128676	4.73558061131978	5.86198611650717e-18	1	9	18	1.84799783951792e-08	1	0	-3.96459372498046	5.86131559783074
COL4A6	ITGA1	R-HSA-445355	REACTOME_SMOOTH_MUSCLE_CONTRACTION	1.61060385686046e-90	3.93787877902213e-90	9.06481417009132	1.06937784120538	1.27661761572892e-15	1	11	20	9.62571362382182e-09	1	0	0.369504896559084	-3.20606372686874
LAMA1	ITGA1	R-HSA-445355	REACTOME_SMOOTH_MUSCLE_CONTRACTION	1.97829750327071e-90	4.83116151507954e-90	19.8345033696564	1.06937784120538	1.56806369925808e-15	1	11	20	9.62571362382182e-09	1	0	-2.13725369701301	-3.20606372686874
LAMB3	ITGB4	R-HSA-3000171	REACTOME_NON_INTEGRIN_MEMBRANE_ECM_INTERACTIONS	2.34533598203383e-90	5.72073688179681e-90	1.20907444031088	7.42190860929556	7.91116558797704e-20	1	6	12	3.23938152773816e-11	1	0	2.59517547975114	0.000435230421763041
SLIT2	SDC1	R-HSA-1638091	REACTOME_HEPARAN_SULFATE_HEPARIN_HS_GAG_METABOLISM	2.99363762189503e-90	7.29346147032445e-90	6.80274676319369	6.46884404771167	1.25292149317243e-23	1	9	17	1.28907064258914e-08	1	0	2.78796175154231	5.30916569519122
COL4A3	ITGA1	R-HSA-445355	REACTOME_SMOOTH_MUSCLE_CONTRACTION	3.71977805856829e-90	9.05189807891883e-90	8.59500106905861	1.06937784120538	2.94841849281729e-15	1	11	20	9.62571362382182e-09	1	0	3.59636213159094	-3.20606372686874
PTN	SDC1	R-HSA-1638091	REACTOME_HEPARAN_SULFATE_HEPARIN_HS_GAG_METABOLISM	4.05179208997172e-90	9.84823818574303e-90	7.92717388064223	6.46884404771167	1.69578888181464e-23	1	9	17	1.28907064258914e-08	1	0	-1.41052729395478	5.30916569519122
TNC	SDC1	R-HSA-1638091	REACTOME_HEPARAN_SULFATE_HEPARIN_HS_GAG_METABOLISM	4.102066744949e-90	9.95871903062825e-90	6.8277048658413	6.46884404771167	1.7168302380971e-23	1	9	17	1.28907064258914e-08	1	0	-5.58163186833725	5.30916569519122
THBS1	SDC1	R-HSA-1638091	REACTOME_HEPARAN_SULFATE_HEPARIN_HS_GAG_METABOLISM	4.97828203369192e-90	1.20717496262999e-89	7.11466682191395	6.46884404771167	2.08355096604458e-23	1	9	17	1.28907064258914e-08	1	0	-3.6446101735829	5.30916569519122
COL4A1	ITGA1	R-HSA-445355	REACTOME_SMOOTH_MUSCLE_CONTRACTION	1.38682491001256e-89	3.35894520994836e-89	4.74562400406375	1.06937784120538	1.09924305875241e-14	1	11	20	9.62571362382182e-09	1	0	-3.11998527946727	-3.20606372686874
LAMA5	SDC1	R-HSA-3781865	REACTOME_DISEASES_OF_GLYCOSYLATION	1.59257833304757e-89	3.84826530535237e-89	6.39025679656551	6.46884404771167	3.10330148907865e-24	1	12	23	1.11756639612152e-06	1	0	-4.04261071031852	5.30916569519122
LAMA5	SDC1	R-HSA-5668914	REACTOME_DISEASES_OF_METABOLISM	1.59257833304757e-89	3.84826530535237e-89	6.39025679656551	6.46884404771167	3.10330148907865e-24	1	12	23	1.11756639612152e-06	1	0	-4.04261071031852	5.30916569519122
COL1A2	ITGB3	R-HSA-6802946	REACTOME_SIGNALING_BY_MODERATE_KINASE_ACTIVITY_BRAF_MUTANTS	3.15010902644732e-89	7.60295005682262e-89	16.249300289467	3.57758831465387	7.59460184624725e-25	1	13	24	1.25549861911524e-06	1	0	3.18442633530028	-1.81862510220008
FBLN2	ITGB3	R-HSA-3000171	REACTOME_NON_INTEGRIN_MEMBRANE_ECM_INTERACTIONS	4.3489144848014e-89	1.04840808933485e-88	16.4383713511822	3.57758831465387	7.79229608219956e-27	1	6	11	1.51476176315981e-11	1	0	3.30185484435118	-1.81862510220008
COL8A1	ITGA1	R-HSA-445355	REACTOME_SMOOTH_MUSCLE_CONTRACTION	4.49449112134481e-89	1.08223993667813e-88	7.34157831085518	1.06937784120538	3.56248155920264e-14	1	11	20	9.62571362382182e-09	1	0	-5.85058866522127	-3.20606372686874
SLIT2	SDC1	R-HSA-3781865	REACTOME_DISEASES_OF_GLYCOSYLATION	6.42984779293372e-89	1.54465878374431e-88	6.80274676319369	6.46884404771167	1.25292149317243e-23	1	12	23	1.11756639612152e-06	1	0	2.78796175154231	5.30916569519122
SLIT2	SDC1	R-HSA-5668914	REACTOME_DISEASES_OF_METABOLISM	6.42984779293372e-89	1.54465878374431e-88	6.80274676319369	6.46884404771167	1.25292149317243e-23	1	12	23	1.11756639612152e-06	1	0	2.78796175154231	5.30916569519122
PTN	SDC1	R-HSA-3781865	REACTOME_DISEASES_OF_GLYCOSYLATION	8.70259186903165e-89	2.0857952205823e-88	7.92717388064223	6.46884404771167	1.69578888181464e-23	1	12	23	1.11756639612152e-06	1	0	-1.41052729395478	5.30916569519122
PTN	SDC1	R-HSA-5668914	REACTOME_DISEASES_OF_METABOLISM	8.70259186903165e-89	2.0857952205823e-88	7.92717388064223	6.46884404771167	1.69578888181464e-23	1	12	23	1.11756639612152e-06	1	0	-1.41052729395478	5.30916569519122
TNC	SDC1	R-HSA-3781865	REACTOME_DISEASES_OF_GLYCOSYLATION	8.81057366916068e-89	2.10678763894513e-88	6.8277048658413	6.46884404771167	1.7168302380971e-23	1	12	23	1.11756639612152e-06	1	0	-5.58163186833725	5.30916569519122
TNC	SDC1	R-HSA-5668914	REACTOME_DISEASES_OF_METABOLISM	8.81057366916068e-89	2.10678763894513e-88	6.8277048658413	6.46884404771167	1.7168302380971e-23	1	12	23	1.11756639612152e-06	1	0	-5.58163186833725	5.30916569519122
THBS1	SDC1	R-HSA-3781865	REACTOME_DISEASES_OF_GLYCOSYLATION	1.06925419138315e-88	2.55089972216812e-88	7.11466682191395	6.46884404771167	2.08355096604458e-23	1	12	23	1.11756639612152e-06	1	0	-3.6446101735829	5.30916569519122
THBS1	SDC1	R-HSA-5668914	REACTOME_DISEASES_OF_METABOLISM	1.06925419138315e-88	2.55089972216812e-88	7.11466682191395	6.46884404771167	2.08355096604458e-23	1	12	23	1.11756639612152e-06	1	0	-3.6446101735829	5.30916569519122
ANXA1	EGFR	R-HSA-1227986	REACTOME_SIGNALING_BY_ERBB2	1.54168792491824e-88	3.67373385568752e-88	2.36495705120345	2.89751774661206	1.72833729678414e-15	1	15	28	1.73410449377638e-06	1	0	5.26706875945552	6.35694186809355
SORBS1	ITGA1	R-HSA-445355	REACTOME_SMOOTH_MUSCLE_CONTRACTION	2.4354120576565e-88	5.79672962110406e-88	4.76887395049625	1.06937784120538	1.93038773694696e-13	1	11	20	9.62571362382182e-09	1	0	-4.81009457132471	-3.20606372686874
NECTIN1	NECTIN3	R-HSA-418990	REACTOME_ADHERENS_JUNCTIONS_INTERACTIONS	5.28459723711146e-88	1.25493998757153e-87	1.88790295941344	2.48400722595068	1.15806751264489e-14	1	11	20	1.37805944247286e-08	1	0	0.525478593451262	3.3946399443308
NECTIN1	NECTIN3	R-HSA-421270	REACTOME_CELL_CELL_JUNCTION_ORGANIZATION	5.28459723711146e-88	1.25493998757153e-87	1.88790295941344	2.48400722595068	1.15806751264489e-14	1	11	20	1.37805944247286e-08	1	0	0.525478593451262	3.3946399443308
L1CAM	ITGB3	R-HSA-6802946	REACTOME_SIGNALING_BY_MODERATE_KINASE_ACTIVITY_BRAF_MUTANTS	8.15499904457134e-88	1.93435453801198e-87	6.61152480504602	3.57758831465387	1.96608975372179e-23	1	13	24	1.25549861911524e-06	1	0	7.69724325085875	-1.81862510220008
COL2A1	ITGA1	R-HSA-445355	REACTOME_SMOOTH_MUSCLE_CONTRACTION	8.4363819164367e-88	1.99880333020163e-87	14.3588246029563	1.06937784120538	6.68695391586483e-13	1	11	20	9.62571362382182e-09	1	0	4.87453470539196	-3.20606372686874
LAMA1	SDC4	R-HSA-3781865	REACTOME_DISEASES_OF_GLYCOSYLATION	1.11854889212609e-87	2.64407552761156e-87	19.8345033696564	1.45777712136255	1.11433793954792e-19	1	13	24	6.27288671161685e-07	1	0	-2.13725369701301	7.17743566926211
LAMA1	SDC4	R-HSA-5668914	REACTOME_DISEASES_OF_METABOLISM	1.11854889212609e-87	2.64407552761156e-87	19.8345033696564	1.45777712136255	1.11433793954792e-19	1	13	24	6.27288671161685e-07	1	0	-2.13725369701301	7.17743566926211
S100B	APP	R-HSA-199992	REACTOME_TRANS_GOLGI_NETWORK_VESICLE_BUDDING	2.63704227088749e-87	6.22643352188978e-87	4.2249108102541	1.1092665128676	4.28808301832756e-15	1	17	31	4.17572512817969e-06	1	0	5.19212134952298	-3.96459372498046
SEMA4D	MET	R-HSA-8986944	REACTOME_TRANSCRIPTIONAL_REGULATION_BY_MECP2	2.73339873407613e-87	6.44657737968184e-87	1.83704509775797	4.11816608001036	9.4134265890396e-17	1	14	27	2.75453477840134e-06	1	0	4.10629032846076	-6.39088225480639
UBB	FGFR2	R-HSA-1226099	REACTOME_SIGNALING_BY_FGFR_IN_DISEASE	3.4541578933175e-87	8.13716101207978e-87	1.56324007583564	12.7101660798708	4.21956674067272e-23	1	14	26	3.39206473525753e-06	1	0	5.83927178506202	5.73242607734244
COL1A2	ITGB3	R-HSA-3000171	REACTOME_NON_INTEGRIN_MEMBRANE_ECM_INTERACTIONS	4.23858046807189e-87	9.97369845903932e-87	16.249300289467	3.57758831465387	7.59460184624725e-25	1	6	11	1.51476176315981e-11	1	0	3.18442633530028	-1.81862510220008
HSPG2	SDC1	R-HSA-1638091	REACTOME_HEPARAN_SULFATE_HEPARIN_HS_GAG_METABOLISM	4.2899959142202e-87	1.00831985879169e-86	4.09583451460777	6.46884404771167	1.79548387795378e-20	1	9	17	1.28907064258914e-08	1	0	4.83775802276138	5.30916569519122
TNC	SDC4	R-HSA-3781865	REACTOME_DISEASES_OF_GLYCOSYLATION	6.77045450010194e-87	1.5877138475835e-86	6.8277048658413	1.45777712136255	6.74496606322334e-19	1	13	24	6.27288671161685e-07	1	0	-5.58163186833725	7.17743566926211
TNC	SDC4	R-HSA-5668914	REACTOME_DISEASES_OF_METABOLISM	6.77045450010194e-87	1.5877138475835e-86	6.8277048658413	1.45777712136255	6.74496606322334e-19	1	13	24	6.27288671161685e-07	1	0	-5.58163186833725	7.17743566926211
COL4A3	ITGB3	R-HSA-6802946	REACTOME_SIGNALING_BY_MODERATE_KINASE_ACTIVITY_BRAF_MUTANTS	7.37551843279227e-87	1.72764411362232e-86	8.59500106905861	3.57758831465387	1.77816467418867e-22	1	13	24	1.25549861911524e-06	1	0	3.59636213159094	-1.81862510220008
THBS1	SDC4	R-HSA-3781865	REACTOME_DISEASES_OF_GLYCOSYLATION	8.21664641105324e-87	1.92031577887285e-86	7.11466682191395	1.45777712136255	8.18571355811128e-19	1	13	24	6.27288671161685e-07	1	0	-3.6446101735829	7.17743566926211
THBS1	SDC4	R-HSA-5668914	REACTOME_DISEASES_OF_METABOLISM	8.21664641105324e-87	1.92031577887285e-86	7.11466682191395	1.45777712136255	8.18571355811128e-19	1	13	24	6.27288671161685e-07	1	0	-3.6446101735829	7.17743566926211
LAMC1	ITGA1	R-HSA-445355	REACTOME_SMOOTH_MUSCLE_CONTRACTION	8.71834410860451e-87	2.03526541563581e-86	2.41383536561023	1.06937784120538	6.91044642766884e-12	1	11	20	9.62571362382182e-09	1	0	1.75120519238021	-3.20606372686874
DLL1	NOTCH3	R-HSA-1912422	REACTOME_PRE_NOTCH_EXPRESSION_AND_PROCESSING	1.09545457607762e-86	2.55441213789658e-86	1.7551729771455	5.25731792952174	1.26354493183093e-18	1	15	28	3.93854535605703e-06	1	0	-4.9727519451242	3.62905424098445
CDH1	ERBB3	R-HSA-1227986	REACTOME_SIGNALING_BY_ERBB2	1.16060184261785e-86	2.70327328844249e-86	14.0529638668967	9.47133900069063	1.0580866130721e-26	1	14	27	1.56880114867796e-05	1	0	6.06941827582005	4.07639206347018
COL17A1	ITGB4	R-HSA-446728	REACTOME_CELL_JUNCTION_ORGANIZATION	1.43166655961734e-86	3.33088188307367e-86	11.5471101838395	7.42190860929556	4.4438019528235e-29	1	12	22	1.74495979339833e-06	1	0	6.32959073051544	0.000435230421763041
S100B	APP	R-HSA-168643	REACTOME_NUCLEOTIDE_BINDING_DOMAIN_LEUCINE_RICH_REPEAT_CONTAINING_RECEPTOR_NLR_SIGNALING_PATHWAYS	1.84078825025585e-86	4.2779173509883e-86	4.2249108102541	1.1092665128676	4.28808301832756e-15	1	17	32	9.7919008664363e-06	1	0	5.19212134952298	-3.96459372498046
COL17A1	CD151	R-HSA-446728	REACTOME_CELL_JUNCTION_ORGANIZATION	2.3558693779736e-86	5.46879340999265e-86	11.5471101838395	2.16464414967756	4.18410938528817e-25	1	12	23	2.42640389381191e-06	1	0	6.32959073051544	6.83968538959107
TNC	ITGB3	R-HSA-6802946	REACTOME_SIGNALING_BY_MODERATE_KINASE_ACTIVITY_BRAF_MUTANTS	2.37426931136786e-86	5.50532031120762e-86	6.8277048658413	3.57758831465387	5.7241288933858e-22	1	13	24	1.25549861911524e-06	1	0	-5.58163186833725	-1.81862510220008
LTBP1	ITGB3	R-HSA-6802946	REACTOME_SIGNALING_BY_MODERATE_KINASE_ACTIVITY_BRAF_MUTANTS	2.67849559866451e-86	6.20378016461982e-86	4.49925244209	3.57758831465387	6.45758843519278e-22	1	13	24	1.25549861911524e-06	1	0	0.411198660997557	-1.81862510220008
COMP	ITGB3	R-HSA-6802946	REACTOME_SIGNALING_BY_MODERATE_KINASE_ACTIVITY_BRAF_MUTANTS	2.69763072291896e-86	6.24110310587969e-86	8.97372250466624	3.57758831465387	6.50372133052145e-22	1	13	24	1.25549861911524e-06	1	0	4.52103900260026	-1.81862510220008
THBS1	ITGB3	R-HSA-6802946	REACTOME_SIGNALING_BY_MODERATE_KINASE_ACTIVITY_BRAF_MUTANTS	2.88142124222692e-86	6.65885490653334e-86	7.11466682191395	3.57758831465387	6.94682212657015e-22	1	13	24	1.25549861911524e-06	1	0	-3.6446101735829	-1.81862510220008
FN1	ITGB3	R-HSA-6802946	REACTOME_SIGNALING_BY_MODERATE_KINASE_ACTIVITY_BRAF_MUTANTS	4.4040000752329e-86	1.01661052015991e-85	9.24511967017868	3.57758831465387	1.0617609365717e-21	1	13	24	1.25549861911524e-06	1	0	3.96729180611041	-1.81862510220008
CDH1	ERBB3	R-HSA-1236394	REACTOME_SIGNALING_BY_ERBB4	4.55952934604401e-86	1.05133790501417e-85	14.0529638668967	9.47133900069063	1.0580866130721e-26	1	11	21	1.25549861911524e-06	1	0	6.06941827582005	4.07639206347018
SEMA4D	MET	R-HSA-9824439	REACTOME_BACTERIAL_INFECTION_PATHWAYS	5.07629266944474e-86	1.1691884788264e-85	1.83704509775797	4.11816608001036	9.4134265890396e-17	1	14	26	1.35488883263165e-06	1	0	4.10629032846076	-6.39088225480639
LAMA5	SDC1	R-HSA-1793185	REACTOME_CHONDROITIN_SULFATE_DERMATAN_SULFATE_METABOLISM	6.26662618308081e-86	1.43694225241342e-85	6.39025679656551	6.46884404771167	3.10330148907865e-24	1	6	11	1.87684127931726e-11	1	0	-4.04261071031852	5.30916569519122
LAMA5	SDC1	R-HSA-1971475	REACTOME_A_TETRASACCHARIDE_LINKER_SEQUENCE_IS_REQUIRED_FOR_GAG_SYNTHESIS	6.26662618308081e-86	1.43694225241342e-85	6.39025679656551	6.46884404771167	3.10330148907865e-24	1	6	11	1.87684127931726e-11	1	0	-4.04261071031852	5.30916569519122
LAMA5	SDC1	R-HSA-3560782	REACTOME_DISEASES_ASSOCIATED_WITH_GLYCOSAMINOGLYCAN_METABOLISM	6.26662618308081e-86	1.43694225241342e-85	6.39025679656551	6.46884404771167	3.10330148907865e-24	1	6	11	1.87684127931726e-11	1	0	-4.04261071031852	5.30916569519122
LAMA5	SDC1	R-HSA-3560783	REACTOME_DEFECTIVE_B4GALT7_CAUSES_EDS_PROGEROID_TYPE	6.26662618308081e-86	1.43694225241342e-85	6.39025679656551	6.46884404771167	3.10330148907865e-24	1	6	11	1.87684127931726e-11	1	0	-4.04261071031852	5.30916569519122
HSPG2	SDC1	R-HSA-3781865	REACTOME_DISEASES_OF_GLYCOSYLATION	9.214215026895e-86	2.10814709253212e-85	4.09583451460777	6.46884404771167	1.79548387795378e-20	1	12	23	1.11756639612152e-06	1	0	4.83775802276138	5.30916569519122
HSPG2	SDC1	R-HSA-5668914	REACTOME_DISEASES_OF_METABOLISM	9.214215026895e-86	2.10814709253212e-85	4.09583451460777	6.46884404771167	1.79548387795378e-20	1	12	23	1.11756639612152e-06	1	0	4.83775802276138	5.30916569519122
COL4A4	ITGA1	R-HSA-445355	REACTOME_SMOOTH_MUSCLE_CONTRACTION	1.01810520387696e-85	2.32677583098429e-85	2.40348737446135	1.06937784120538	8.06983686521262e-11	1	11	20	9.62571362382182e-09	1	0	0.348341817117918	-3.20606372686874
L1CAM	ITGB3	R-HSA-3000171	REACTOME_NON_INTEGRIN_MEMBRANE_ECM_INTERACTIONS	1.09728328058689e-85	2.50495829579284e-85	6.61152480504602	3.57758831465387	1.96608975372179e-23	1	6	11	1.51476176315981e-11	1	0	7.69724325085875	-1.81862510220008
S100B	APP	R-HSA-3000178	REACTOME_ECM_PROTEOGLYCANS	1.27124066422221e-85	2.89887771775176e-85	4.2249108102541	1.1092665128676	4.28808301832756e-15	1	6	12	3.23938152773816e-11	1	0	5.19212134952298	-3.96459372498046
MFGE8	ITGB3	R-HSA-6802946	REACTOME_SIGNALING_BY_MODERATE_KINASE_ACTIVITY_BRAF_MUTANTS	1.4564691610293e-85	3.31760230064666e-85	3.04039885756526	3.57758831465387	3.51140334715023e-21	1	13	24	1.25549861911524e-06	1	0	0.6248001109505	-1.81862510220008
COL18A1	ITGB3	R-HSA-6802946	REACTOME_SIGNALING_BY_MODERATE_KINASE_ACTIVITY_BRAF_MUTANTS	2.19889735762438e-85	5.003217996533e-85	3.31748124564936	3.57758831465387	5.30132442773138e-21	1	13	24	1.25549861911524e-06	1	0	-2.93094921873315	-1.81862510220008
FBN1	ITGB3	R-HSA-6802946	REACTOME_SIGNALING_BY_MODERATE_KINASE_ACTIVITY_BRAF_MUTANTS	2.45030006432771e-85	5.56910883707486e-85	7.14914428394037	3.57758831465387	5.90743153210484e-21	1	13	24	1.25549861911524e-06	1	0	3.49330586689255	-1.81862510220008
SLIT2	SDC1	R-HSA-1793185	REACTOME_CHONDROITIN_SULFATE_DERMATAN_SULFATE_METABOLISM	2.53007664968774e-85	5.72523368921673e-85	6.80274676319369	6.46884404771167	1.25292149317243e-23	1	6	11	1.87684127931726e-11	1	0	2.78796175154231	5.30916569519122
SLIT2	SDC1	R-HSA-1971475	REACTOME_A_TETRASACCHARIDE_LINKER_SEQUENCE_IS_REQUIRED_FOR_GAG_SYNTHESIS	2.53007664968774e-85	5.72523368921673e-85	6.80274676319369	6.46884404771167	1.25292149317243e-23	1	6	11	1.87684127931726e-11	1	0	2.78796175154231	5.30916569519122
SLIT2	SDC1	R-HSA-3560782	REACTOME_DISEASES_ASSOCIATED_WITH_GLYCOSAMINOGLYCAN_METABOLISM	2.53007664968774e-85	5.72523368921673e-85	6.80274676319369	6.46884404771167	1.25292149317243e-23	1	6	11	1.87684127931726e-11	1	0	2.78796175154231	5.30916569519122
SLIT2	SDC1	R-HSA-3560783	REACTOME_DEFECTIVE_B4GALT7_CAUSES_EDS_PROGEROID_TYPE	2.53007664968774e-85	5.72523368921673e-85	6.80274676319369	6.46884404771167	1.25292149317243e-23	1	6	11	1.87684127931726e-11	1	0	2.78796175154231	5.30916569519122
UBB	MET	R-HSA-8986944	REACTOME_TRANSCRIPTIONAL_REGULATION_BY_MECP2	3.17137200384737e-85	7.16854984677096e-85	1.56324007583564	4.11816608001036	1.09217426541477e-14	1	14	27	2.75453477840134e-06	1	0	5.83927178506202	-6.39088225480639
PTN	SDC1	R-HSA-1793185	REACTOME_CHONDROITIN_SULFATE_DERMATAN_SULFATE_METABOLISM	3.42437724634742e-85	7.70671393350083e-85	7.92717388064223	6.46884404771167	1.69578888181464e-23	1	6	11	1.87684127931726e-11	1	0	-1.41052729395478	5.30916569519122
PTN	SDC1	R-HSA-1971475	REACTOME_A_TETRASACCHARIDE_LINKER_SEQUENCE_IS_REQUIRED_FOR_GAG_SYNTHESIS	3.42437724634742e-85	7.70671393350083e-85	7.92717388064223	6.46884404771167	1.69578888181464e-23	1	6	11	1.87684127931726e-11	1	0	-1.41052729395478	5.30916569519122
PTN	SDC1	R-HSA-3560782	REACTOME_DISEASES_ASSOCIATED_WITH_GLYCOSAMINOGLYCAN_METABOLISM	3.42437724634742e-85	7.70671393350083e-85	7.92717388064223	6.46884404771167	1.69578888181464e-23	1	6	11	1.87684127931726e-11	1	0	-1.41052729395478	5.30916569519122
PTN	SDC1	R-HSA-3560783	REACTOME_DEFECTIVE_B4GALT7_CAUSES_EDS_PROGEROID_TYPE	3.42437724634742e-85	7.70671393350083e-85	7.92717388064223	6.46884404771167	1.69578888181464e-23	1	6	11	1.87684127931726e-11	1	0	-1.41052729395478	5.30916569519122
TNC	SDC1	R-HSA-1793185	REACTOME_CHONDROITIN_SULFATE_DERMATAN_SULFATE_METABOLISM	3.46686693504548e-85	7.76848924924508e-85	6.8277048658413	6.46884404771167	1.7168302380971e-23	1	6	11	1.87684127931726e-11	1	0	-5.58163186833725	5.30916569519122
TNC	SDC1	R-HSA-1971475	REACTOME_A_TETRASACCHARIDE_LINKER_SEQUENCE_IS_REQUIRED_FOR_GAG_SYNTHESIS	3.46686693504548e-85	7.76848924924508e-85	6.8277048658413	6.46884404771167	1.7168302380971e-23	1	6	11	1.87684127931726e-11	1	0	-5.58163186833725	5.30916569519122
TNC	SDC1	R-HSA-3560782	REACTOME_DISEASES_ASSOCIATED_WITH_GLYCOSAMINOGLYCAN_METABOLISM	3.46686693504548e-85	7.76848924924508e-85	6.8277048658413	6.46884404771167	1.7168302380971e-23	1	6	11	1.87684127931726e-11	1	0	-5.58163186833725	5.30916569519122
TNC	SDC1	R-HSA-3560783	REACTOME_DEFECTIVE_B4GALT7_CAUSES_EDS_PROGEROID_TYPE	3.46686693504548e-85	7.76848924924508e-85	6.8277048658413	6.46884404771167	1.7168302380971e-23	1	6	11	1.87684127931726e-11	1	0	-5.58163186833725	5.30916569519122
CDH1	EGFR	R-HSA-9820960	REACTOME_RESPIRATORY_SYNCYTIAL_VIRUS_RSV_ATTACHMENT_AND_ENTRY	4.18151496254255e-85	9.35970738094572e-85	14.0529638668967	2.89751774661206	1.12509612679447e-22	1	6	11	1.41552611148282e-11	1	0	6.06941827582005	6.35694186809355
THBS1	SDC1	R-HSA-1793185	REACTOME_CHONDROITIN_SULFATE_DERMATAN_SULFATE_METABOLISM	4.20740140252205e-85	9.37701326603079e-85	7.11466682191395	6.46884404771167	2.08355096604458e-23	1	6	11	1.87684127931726e-11	1	0	-3.6446101735829	5.30916569519122
THBS1	SDC1	R-HSA-1971475	REACTOME_A_TETRASACCHARIDE_LINKER_SEQUENCE_IS_REQUIRED_FOR_GAG_SYNTHESIS	4.20740140252205e-85	9.37701326603079e-85	7.11466682191395	6.46884404771167	2.08355096604458e-23	1	6	11	1.87684127931726e-11	1	0	-3.6446101735829	5.30916569519122
THBS1	SDC1	R-HSA-3560782	REACTOME_DISEASES_ASSOCIATED_WITH_GLYCOSAMINOGLYCAN_METABOLISM	4.20740140252205e-85	9.37701326603079e-85	7.11466682191395	6.46884404771167	2.08355096604458e-23	1	6	11	1.87684127931726e-11	1	0	-3.6446101735829	5.30916569519122
THBS1	SDC1	R-HSA-3560783	REACTOME_DEFECTIVE_B4GALT7_CAUSES_EDS_PROGEROID_TYPE	4.20740140252205e-85	9.37701326603079e-85	7.11466682191395	6.46884404771167	2.08355096604458e-23	1	6	11	1.87684127931726e-11	1	0	-3.6446101735829	5.30916569519122
L1CAM	ERBB2	R-HSA-1227986	REACTOME_SIGNALING_BY_ERBB2	8.28313976806677e-85	1.84406969405452e-84	6.61152480504602	5.48467664125572	7.55149525097075e-25	1	14	27	1.56880114867796e-05	1	0	7.69724325085875	5.37025434019213
COL4A3	ITGB3	R-HSA-3000171	REACTOME_NON_INTEGRIN_MEMBRANE_ECM_INTERACTIONS	9.92401472732337e-85	2.20699832364371e-84	8.59500106905861	3.57758831465387	1.77816467418867e-22	1	6	11	1.51476176315981e-11	1	0	3.59636213159094	-1.81862510220008
LAMB3	COL17A1	R-HSA-446728	REACTOME_CELL_JUNCTION_ORGANIZATION	1.54009050159853e-84	3.4213193293576e-84	1.20907444031088	11.5471101838395	7.04587817715162e-23	1	12	22	7.29176476882808e-07	1	0	2.59517547975114	6.32959073051544
DCN	EGFR	R-HSA-9820960	REACTOME_RESPIRATORY_SYNCYTIAL_VIRUS_RSV_ATTACHMENT_AND_ENTRY	2.36909152193593e-84	5.25729654599316e-84	15.215347949085	2.89751774661206	6.37437799273358e-22	1	6	11	1.41552611148282e-11	1	0	-5.95640031910379	6.35694186809355
TNC	ITGB3	R-HSA-3000171	REACTOME_NON_INTEGRIN_MEMBRANE_ECM_INTERACTIONS	3.1946613417555e-84	7.08172782410607e-84	6.8277048658413	3.57758831465387	5.7241288933858e-22	1	6	11	1.51476176315981e-11	1	0	-5.58163186833725	-1.81862510220008
LTBP1	ITGB3	R-HSA-3000171	REACTOME_NON_INTEGRIN_MEMBRANE_ECM_INTERACTIONS	3.60400831622003e-84	7.98058004427714e-84	4.49925244209	3.57758831465387	6.45758843519278e-22	1	6	11	1.51476176315981e-11	1	0	0.411198660997557	-1.81862510220008
COMP	ITGB3	R-HSA-3000171	REACTOME_NON_INTEGRIN_MEMBRANE_ECM_INTERACTIONS	3.62975528663854e-84	8.0289876040634e-84	8.97372250466624	3.57758831465387	6.50372133052145e-22	1	6	11	1.51476176315981e-11	1	0	4.52103900260026	-1.81862510220008
THBS1	ITGB3	R-HSA-3000171	REACTOME_NON_INTEGRIN_MEMBRANE_ECM_INTERACTIONS	3.87705177663783e-84	8.56683312356552e-84	7.11466682191395	3.57758831465387	6.94682212657015e-22	1	6	11	1.51476176315981e-11	1	0	-3.6446101735829	-1.81862510220008
DSC2	DSG2	R-HSA-75153	REACTOME_APOPTOTIC_EXECUTION_PHASE	5.05878995466206e-84	1.11660897930895e-83	2.28335225512097	4.70921389030315	5.62986496202966e-18	1	15	29	1.17742249393292e-05	1	0	-0.987889142305063	-6.39088225480639
UBB	MET	R-HSA-9824439	REACTOME_BACTERIAL_INFECTION_PATHWAYS	5.88966851214041e-84	1.29861847877077e-83	1.56324007583564	4.11816608001036	1.09217426541477e-14	1	14	26	1.35488883263165e-06	1	0	5.83927178506202	-6.39088225480639
FN1	ITGB3	R-HSA-3000171	REACTOME_NON_INTEGRIN_MEMBRANE_ECM_INTERACTIONS	5.92573417096027e-84	1.30517769693006e-83	9.24511967017868	3.57758831465387	1.0617609365717e-21	1	6	11	1.51476176315981e-11	1	0	3.96729180611041	-1.81862510220008
L1CAM	ERBB3	R-HSA-1227986	REACTOME_SIGNALING_BY_ERBB2	7.63139087009755e-84	1.67906853435799e-83	6.61152480504602	9.47133900069063	6.95731492253852e-24	1	14	27	1.56880114867796e-05	1	0	7.69724325085875	4.07639206347018
COL4A2	ITGB3	R-HSA-6802946	REACTOME_SIGNALING_BY_MODERATE_KINASE_ACTIVITY_BRAF_MUTANTS	7.90547094788617e-84	1.73752159343966e-83	2.35366848733984	3.57758831465387	1.90593099325143e-19	1	13	24	1.25549861911524e-06	1	0	6.7881869323435	-1.81862510220008
LAMB2	ITGB4	R-HSA-446728	REACTOME_CELL_JUNCTION_ORGANIZATION	8.37825203233698e-84	1.83947595098918e-83	12.5087294742221	7.42190860929556	2.6005561485279e-26	1	12	22	1.74495979339833e-06	1	0	-4.4327218444072	0.000435230421763041
MFGE8	ITGB3	R-HSA-3000171	REACTOME_NON_INTEGRIN_MEMBRANE_ECM_INTERACTIONS	1.95972954791667e-83	4.29809049468773e-83	3.04039885756526	3.57758831465387	3.51140334715023e-21	1	6	11	1.51476176315981e-11	1	0	0.6248001109505	-1.81862510220008
COL18A1	ITGB3	R-HSA-3000171	REACTOME_NON_INTEGRIN_MEMBRANE_ECM_INTERACTIONS	2.95869232241554e-83	6.48214033733882e-83	3.31748124564936	3.57758831465387	5.30132442773138e-21	1	6	11	1.51476176315981e-11	1	0	-2.93094921873315	-1.81862510220008
L1CAM	ERBB3	R-HSA-1236394	REACTOME_SIGNALING_BY_ERBB4	2.99806094955504e-83	6.56143423917448e-83	6.61152480504602	9.47133900069063	6.95731492253852e-24	1	11	21	1.25549861911524e-06	1	0	7.69724325085875	4.07639206347018
FBN1	ITGB3	R-HSA-3000171	REACTOME_NON_INTEGRIN_MEMBRANE_ECM_INTERACTIONS	3.29696334519817e-83	7.20796430812638e-83	7.14914428394037	3.57758831465387	5.90743153210484e-21	1	6	11	1.51476176315981e-11	1	0	3.49330586689255	-1.81862510220008
FBLN2	ITGB3	R-HSA-5674135	REACTOME_MAP2K_AND_MAPK_ACTIVATION	3.76518277140126e-83	8.22290444578754e-83	16.4383713511822	3.57758831465387	7.79229608219956e-27	1	12	22	2.23201828780279e-06	1	0	3.30185484435118	-1.81862510220008
COL16A1	ITGA10	R-HSA-216083	REACTOME_INTEGRIN_CELL_SURFACE_INTERACTIONS	6.75862497509427e-83	1.47447932402796e-82	10.9159881411726	2.73895327327373	2.59567348794053e-22	1	5	10	3.2776655898049e-11	1	0	4.29305359730917	4.59146428060636
DCN	MET	R-HSA-8875878	REACTOME_MET_PROMOTES_CELL_MOTILITY	7.42430507340571e-83	1.61799728709454e-82	15.215347949085	4.11816608001036	3.29371225008704e-23	1	7	14	1.28655055001064e-08	1	0	-5.95640031910379	-6.39088225480639
LAMB1	ITGB4	R-HSA-446728	REACTOME_CELL_JUNCTION_ORGANIZATION	9.33642746248197e-83	2.03256682165308e-82	8.31776841205843	7.42190860929556	2.89796770843497e-25	1	12	22	1.74495979339833e-06	1	0	6.66423855005416	0.000435230421763041
EFNA5	EPHB2	R-HSA-3928665	REACTOME_EPH_EPHRIN_MEDIATED_REPULSION_OF_CELLS	9.36587929871981e-83	2.0368322769637e-82	8.4006046829594	4.05315576349814	8.44971367672817e-24	1	7	14	1.5699792336554e-08	1	0	7.60630028186199	3.37057280920668
FBLN2	ITGB3	R-HSA-354192	REACTOME_INTEGRIN_SIGNALING	1.38929036992475e-82	3.01499359691653e-82	16.4383713511822	3.57758831465387	7.79229608219956e-27	1	7	14	3.95090459057117e-08	1	0	3.30185484435118	-1.81862510220008
FBLN2	ITGB3	R-HSA-76009	REACTOME_PLATELET_AGGREGATION_PLUG_FORMATION	1.38929036992475e-82	3.01499359691653e-82	16.4383713511822	3.57758831465387	7.79229608219956e-27	1	7	14	3.95090459057117e-08	1	0	3.30185484435118	-1.81862510220008
LAMA1	SDC4	R-HSA-2022928	REACTOME_HS_GAG_BIOSYNTHESIS	1.88251420423506e-82	4.07680749051324e-82	19.8345033696564	1.45777712136255	1.11433793954792e-19	1	5	10	1.41552611148282e-11	1	0	-2.13725369701301	7.17743566926211
LAMA1	SDC4	R-HSA-9820960	REACTOME_RESPIRATORY_SYNCYTIAL_VIRUS_RSV_ATTACHMENT_AND_ENTRY	1.88251420423506e-82	4.07680749051324e-82	19.8345033696564	1.45777712136255	1.11433793954792e-19	1	5	10	1.41552611148282e-11	1	0	-2.13725369701301	7.17743566926211
EFNA5	EPHB2	R-HSA-3928664	REACTOME_EPHRIN_SIGNALING	2.0069741074319e-82	4.34178901147048e-82	8.4006046829594	4.05315576349814	8.44971367672817e-24	1	8	15	1.5699792336554e-08	1	0	7.60630028186199	3.37057280920668
COL4A4	ITGB3	R-HSA-6802946	REACTOME_SIGNALING_BY_MODERATE_KINASE_ACTIVITY_BRAF_MUTANTS	2.0186832599917e-82	4.362551898685e-82	2.40348737446135	3.57758831465387	4.86684603123459e-18	1	13	24	1.25549861911524e-06	1	0	0.348341817117918	-1.81862510220008
LAMA1	ITGB4	R-HSA-446728	REACTOME_CELL_JUNCTION_ORGANIZATION	2.10088198454637e-82	4.53544637416175e-82	19.8345033696564	7.42190860929556	6.52100407239671e-25	1	12	22	1.74495979339833e-06	1	0	-2.13725369701301	0.000435230421763041
LAMA5	ITGB4	R-HSA-446728	REACTOME_CELL_JUNCTION_ORGANIZATION	2.29858794525192e-82	4.95708005729693e-82	6.39025679656551	7.42190860929556	7.13467080112369e-25	1	12	22	1.74495979339833e-06	1	0	-4.04261071031852	0.000435230421763041
L1CAM	EPHB2	R-HSA-3928665	REACTOME_EPH_EPHRIN_MEDIATED_REPULSION_OF_CELLS	2.52928288782506e-82	5.4489034893082e-82	6.61152480504602	4.05315576349814	2.28186970255864e-23	1	7	14	1.5699792336554e-08	1	0	7.69724325085875	3.37057280920668
L1CAM	EGFR	R-HSA-9820960	REACTOME_RESPIRATORY_SYNCYTIAL_VIRUS_RSV_ATTACHMENT_AND_ENTRY	2.7495023647684e-82	5.91715821417865e-82	6.61152480504602	2.89751774661206	7.39792751891101e-20	1	6	11	1.41552611148282e-11	1	0	7.69724325085875	6.35694186809355
HSPG2	SDC1	R-HSA-1793185	REACTOME_CHONDROITIN_SULFATE_DERMATAN_SULFATE_METABOLISM	3.62569551185475e-82	7.77042212395427e-82	4.09583451460777	6.46884404771167	1.79548387795378e-20	1	6	11	1.87684127931726e-11	1	0	4.83775802276138	5.30916569519122
HSPG2	SDC1	R-HSA-1971475	REACTOME_A_TETRASACCHARIDE_LINKER_SEQUENCE_IS_REQUIRED_FOR_GAG_SYNTHESIS	3.62569551185475e-82	7.77042212395427e-82	4.09583451460777	6.46884404771167	1.79548387795378e-20	1	6	11	1.87684127931726e-11	1	0	4.83775802276138	5.30916569519122
HSPG2	SDC1	R-HSA-3560782	REACTOME_DISEASES_ASSOCIATED_WITH_GLYCOSAMINOGLYCAN_METABOLISM	3.62569551185475e-82	7.77042212395427e-82	4.09583451460777	6.46884404771167	1.79548387795378e-20	1	6	11	1.87684127931726e-11	1	0	4.83775802276138	5.30916569519122
HSPG2	SDC1	R-HSA-3560783	REACTOME_DEFECTIVE_B4GALT7_CAUSES_EDS_PROGEROID_TYPE	3.62569551185475e-82	7.77042212395427e-82	4.09583451460777	6.46884404771167	1.79548387795378e-20	1	6	11	1.87684127931726e-11	1	0	4.83775802276138	5.30916569519122
L1CAM	EPHB2	R-HSA-3928664	REACTOME_EPHRIN_SIGNALING	5.41989182684569e-82	1.16036233308427e-81	6.61152480504602	4.05315576349814	2.28186970255864e-23	1	8	15	1.5699792336554e-08	1	0	7.69724325085875	3.37057280920668
EFEMP1	EGFR	R-HSA-9820960	REACTOME_RESPIRATORY_SYNCYTIAL_VIRUS_RSV_ATTACHMENT_AND_ENTRY	5.76721519177174e-82	1.23344374598348e-81	11.0825504472025	2.89751774661206	1.55175134676721e-19	1	6	11	1.41552611148282e-11	1	0	6.63580333837864	6.35694186809355
CDH1	EGFR	R-HSA-1236394	REACTOME_SIGNALING_BY_ERBB4	9.69656517715237e-82	2.07167566246089e-81	14.0529638668967	2.89751774661206	1.12509612679447e-22	1	12	22	1.25549861911524e-06	1	0	6.06941827582005	6.35694186809355
SEMA5A	MET	R-HSA-8875878	REACTOME_MET_PROMOTES_CELL_MOTILITY	1.04796721174156e-81	2.23667382175419e-81	13.1302189665968	4.11816608001036	4.64919262998353e-22	1	7	14	1.28655055001064e-08	1	0	-3.36463131492755	-6.39088225480639
COL4A2	ITGB3	R-HSA-3000171	REACTOME_NON_INTEGRIN_MEMBRANE_ECM_INTERACTIONS	1.06370841355959e-81	2.26792732963272e-81	2.35366848733984	3.57758831465387	1.90593099325143e-19	1	6	11	1.51476176315981e-11	1	0	6.7881869323435	-1.81862510220008
TNC	SDC4	R-HSA-2022928	REACTOME_HS_GAG_BIOSYNTHESIS	1.13946532469788e-81	2.42444424389888e-81	6.8277048658413	1.45777712136255	6.74496606322334e-19	1	5	10	1.41552611148282e-11	1	0	-5.58163186833725	7.17743566926211
TNC	SDC4	R-HSA-9820960	REACTOME_RESPIRATORY_SYNCYTIAL_VIRUS_RSV_ATTACHMENT_AND_ENTRY	1.13946532469788e-81	2.42444424389888e-81	6.8277048658413	1.45777712136255	6.74496606322334e-19	1	5	10	1.41552611148282e-11	1	0	-5.58163186833725	7.17743566926211
THBS1	SDC4	R-HSA-2022928	REACTOME_HS_GAG_BIOSYNTHESIS	1.38285896028951e-81	2.93626578824063e-81	7.11466682191395	1.45777712136255	8.18571355811128e-19	1	5	10	1.41552611148282e-11	1	0	-3.6446101735829	7.17743566926211
THBS1	SDC4	R-HSA-9820960	REACTOME_RESPIRATORY_SYNCYTIAL_VIRUS_RSV_ATTACHMENT_AND_ENTRY	1.38285896028951e-81	2.93626578824063e-81	7.11466682191395	1.45777712136255	8.18571355811128e-19	1	5	10	1.41552611148282e-11	1	0	-3.6446101735829	7.17743566926211
TNFSF12	TRAF2	R-HSA-445989	REACTOME_TAK1_DEPENDENT_IKK_AND_NF_KAPPA_B_ACTIVATION	1.60566046331943e-81	3.4058465269178e-81	8.71305866963411	1.15950995895023	1.64631811656911e-18	1	15	29	1.87632358182563e-05	1	0	2.36479248772075	5.06353195786275
NID1	ITGB3	R-HSA-6802946	REACTOME_SIGNALING_BY_MODERATE_KINASE_ACTIVITY_BRAF_MUTANTS	2.60961334940783e-81	5.52970377423238e-81	1.51200808588345	3.57758831465387	6.29152013311613e-17	1	13	24	1.25549861911524e-06	1	0	-6.39088225480639	-1.81862510220008
CDH1	PTPRF	R-HSA-6794362	REACTOME_PROTEIN_PROTEIN_INTERACTIONS_AT_SYNAPSES	3.65614136592778e-81	7.73933203074467e-81	14.0529638668967	2.93265016080808	8.26147536738041e-23	1	8	15	1.69698149877191e-08	1	0	6.06941827582005	-2.52832284368189
COL1A2	ITGB3	R-HSA-5674135	REACTOME_MAP2K_AND_MAPK_ACTIVATION	3.66965830424025e-81	7.75999391664315e-81	16.249300289467	3.57758831465387	7.59460184624725e-25	1	12	22	2.23201828780279e-06	1	0	3.18442633530028	-1.81862510220008
DCN	EGFR	R-HSA-1236394	REACTOME_SIGNALING_BY_ERBB4	5.49371473230909e-81	1.16053319396223e-80	15.215347949085	2.89751774661206	6.37437799273358e-22	1	12	22	1.25549861911524e-06	1	0	-5.95640031910379	6.35694186809355
TNC	EGFR	R-HSA-9820960	REACTOME_RESPIRATORY_SYNCYTIAL_VIRUS_RSV_ATTACHMENT_AND_ENTRY	8.00497835808894e-81	1.68930391091029e-80	6.8277048658413	2.89751774661206	2.15385338243132e-18	1	6	11	1.41552611148282e-11	1	0	-5.58163186833725	6.35694186809355
COL1A2	ITGB3	R-HSA-354192	REACTOME_INTEGRIN_SIGNALING	1.35404341635665e-80	2.85163475860637e-80	16.249300289467	3.57758831465387	7.59460184624725e-25	1	7	14	3.95090459057117e-08	1	0	3.18442633530028	-1.81862510220008
COL1A2	ITGB3	R-HSA-76009	REACTOME_PLATELET_AGGREGATION_PLUG_FORMATION	1.35404341635665e-80	2.85163475860637e-80	16.249300289467	3.57758831465387	7.59460184624725e-25	1	7	14	3.95090459057117e-08	1	0	3.18442633530028	-1.81862510220008
SEMA4D	ERBB2	R-HSA-1227986	REACTOME_SIGNALING_BY_ERBB2	2.03978698159968e-80	4.29144593073824e-80	1.83704509775797	5.48467664125572	1.8596138826397e-20	1	14	27	1.56880114867796e-05	1	0	4.10629032846076	5.37025434019213
COL4A4	ITGB3	R-HSA-3000171	REACTOME_NON_INTEGRIN_MEMBRANE_ECM_INTERACTIONS	2.71620803127387e-80	5.70873427529178e-80	2.40348737446135	3.57758831465387	4.86684603123459e-18	1	6	11	1.51476176315981e-11	1	0	0.348341817117918	-1.81862510220008
TNFSF9	TRAF2	R-HSA-445989	REACTOME_TAK1_DEPENDENT_IKK_AND_NF_KAPPA_B_ACTIVATION	4.81867587244221e-80	1.01172605207984e-79	3.24465487556851	1.15950995895023	4.94069173894698e-17	1	15	29	1.87632358182563e-05	1	0	2.84326536040046	5.06353195786275
COL17A1	ITGB4	R-HSA-3000170	REACTOME_SYNDECAN_INTERACTIONS	8.87680310328313e-80	1.86187565597796e-79	11.5471101838395	7.42190860929556	4.4438019528235e-29	1	4	8	3.23938152773816e-11	1	0	6.32959073051544	0.000435230421763041
L1CAM	ITGB3	R-HSA-5674135	REACTOME_MAP2K_AND_MAPK_ACTIVATION	9.50000768663331e-80	1.9905695619254e-79	6.61152480504602	3.57758831465387	1.96608975372179e-23	1	12	22	2.23201828780279e-06	1	0	7.69724325085875	-1.81862510220008
DSC2	DSG2	R-HSA-111465	REACTOME_APOPTOTIC_CLEAVAGE_OF_CELLULAR_PROTEINS	1.11117549541447e-79	2.32592560640961e-79	2.28335225512097	4.70921389030315	5.62986496202966e-18	1	14	27	1.17742249393292e-05	1	0	-0.987889142305063	-6.39088225480639
LAMB2	ITGA3	R-HSA-6806834	REACTOME_SIGNALING_BY_MET	1.13628217541935e-79	2.37607183645383e-79	12.5087294742221	2.75754452411437	2.86249954100888e-23	1	17	32	8.43864091750755e-05	1	0	-4.4327218444072	5.65033245421738
DLL1	NOTCH3	R-HSA-9013508	REACTOME_NOTCH3_INTRACELLULAR_DOMAIN_REGULATES_TRANSCRIPTION	2.61554097421861e-79	5.46380955787225e-79	1.7551729771455	5.25731792952174	1.26354493183093e-18	1	9	18	2.9342116022465e-07	1	0	-4.9727519451242	3.62905424098445
L1CAM	ITGB3	R-HSA-354192	REACTOME_INTEGRIN_SIGNALING	3.50534621944498e-79	7.30781563004372e-79	6.61152480504602	3.57758831465387	1.96608975372179e-23	1	7	14	3.95090459057117e-08	1	0	7.69724325085875	-1.81862510220008
L1CAM	ITGB3	R-HSA-76009	REACTOME_PLATELET_AGGREGATION_PLUG_FORMATION	3.50534621944498e-79	7.30781563004372e-79	6.61152480504602	3.57758831465387	1.96608975372179e-23	1	7	14	3.95090459057117e-08	1	0	7.69724325085875	-1.81862510220008
NID1	ITGB3	R-HSA-3000171	REACTOME_NON_INTEGRIN_MEMBRANE_ECM_INTERACTIONS	3.51132487134717e-79	7.31290038730166e-79	1.51200808588345	3.57758831465387	6.29152013311613e-17	1	6	11	1.51476176315981e-11	1	0	-6.39088225480639	-1.81862510220008
L1CAM	EGFR	R-HSA-1236394	REACTOME_SIGNALING_BY_ERBB4	6.37585399634691e-79	1.32653719601739e-78	6.61152480504602	2.89751774661206	7.39792751891101e-20	1	12	22	1.25549861911524e-06	1	0	7.69724325085875	6.35694186809355
COL2A1	ITGA10	R-HSA-216083	REACTOME_INTEGRIN_CELL_SURFACE_INTERACTIONS	7.88844528820466e-79	1.63959033857453e-78	14.3588246029563	2.73895327327373	3.02958491869518e-18	1	5	10	3.2776655898049e-11	1	0	4.87453470539196	4.59146428060636
COL4A3	ITGB3	R-HSA-5674135	REACTOME_MAP2K_AND_MAPK_ACTIVATION	8.59196689312613e-79	1.78402046243202e-78	8.59500106905861	3.57758831465387	1.77816467418867e-22	1	12	22	2.23201828780279e-06	1	0	3.59636213159094	-1.81862510220008
LAMC1	ITGB4	R-HSA-446728	REACTOME_CELL_JUNCTION_ORGANIZATION	9.25857311277047e-79	1.92050321797026e-78	2.41383536561023	7.42190860929556	2.87380221340684e-21	1	12	22	1.74495979339833e-06	1	0	1.75120519238021	0.000435230421763041
TNFSF12	TRAF2	R-HSA-5357956	REACTOME_TNFR1_INDUCED_NF_KAPPA_B_SIGNALING_PATHWAY	1.17614871229252e-78	2.43723494442964e-78	8.71305866963411	1.15950995895023	1.64631811656911e-18	1	13	25	7.19061042303929e-06	1	0	2.36479248772075	5.06353195786275
LAMB1	ITGA3	R-HSA-6806834	REACTOME_SIGNALING_BY_MET	1.26623263023932e-78	2.62127917241928e-78	8.31776841205843	2.75754452411437	3.18986815183724e-22	1	17	32	8.43864091750755e-05	1	0	6.66423855005416	5.65033245421738
EFEMP1	EGFR	R-HSA-1236394	REACTOME_SIGNALING_BY_ERBB4	1.33736644490385e-78	2.76576484001137e-78	11.0825504472025	2.89751774661206	1.55175134676721e-19	1	12	22	1.25549861911524e-06	1	0	6.63580333837864	6.35694186809355
EFNB2	EPHB4	R-HSA-3928665	REACTOME_EPH_EPHRIN_MEDIATED_REPULSION_OF_CELLS	1.94343821109599e-78	4.01514334412431e-78	1.89080003650529	5.05279891429818	1.75333205868012e-19	1	7	14	1.5699792336554e-08	1	0	-3.10154050773403	-0.222009180720624
UBB	ERBB2	R-HSA-1227986	REACTOME_SIGNALING_BY_ERBB2	2.36662263965085e-78	4.88455781570296e-78	1.56324007583564	5.48467664125572	2.15758035293112e-18	1	14	27	1.56880114867796e-05	1	0	5.83927178506202	5.37025434019213
TNC	ITGB3	R-HSA-5674135	REACTOME_MAP2K_AND_MAPK_ACTIVATION	2.76585890260124e-78	5.70285877522371e-78	6.8277048658413	3.57758831465387	5.7241288933858e-22	1	12	22	2.23201828780279e-06	1	0	-5.58163186833725	-1.81862510220008
LAMA1	ITGA3	R-HSA-6806834	REACTOME_SIGNALING_BY_MET	2.84927541268271e-78	5.8689960145588e-78	19.8345033696564	2.75754452411437	7.17783816154831e-22	1	17	32	8.43864091750755e-05	1	0	-2.13725369701301	5.65033245421738
COL1A1	ITGA1	R-HSA-216083	REACTOME_INTEGRIN_CELL_SURFACE_INTERACTIONS	2.93148560942213e-78	6.03231998910967e-78	12.9101074672495	1.06937784120538	5.11748759071151e-18	1	6	11	3.2776655898049e-11	1	0	5.35249569933251	-3.20606372686874
LAMA5	ITGA3	R-HSA-6806834	REACTOME_SIGNALING_BY_MET	3.11740981381652e-78	6.4080119906187e-78	6.39025679656551	2.75754452411437	7.85331703183064e-22	1	17	32	8.43864091750755e-05	1	0	-4.04261071031852	5.65033245421738
LTBP1	ITGB3	R-HSA-5674135	REACTOME_MAP2K_AND_MAPK_ACTIVATION	3.12026140491888e-78	6.4080119906187e-78	4.49925244209	3.57758831465387	6.45758843519278e-22	1	12	22	2.23201828780279e-06	1	0	0.411198660997557	-1.81862510220008
COMP	ITGB3	R-HSA-5674135	REACTOME_MAP2K_AND_MAPK_ACTIVATION	3.14255249612667e-78	6.44738178450615e-78	8.97372250466624	3.57758831465387	6.50372133052145e-22	1	12	22	2.23201828780279e-06	1	0	4.52103900260026	-1.81862510220008
COL4A3	ITGB3	R-HSA-354192	REACTOME_INTEGRIN_SIGNALING	3.17029413658185e-78	6.49140504081081e-78	8.59500106905861	3.57758831465387	1.77816467418867e-22	1	7	14	3.95090459057117e-08	1	0	3.59636213159094	-1.81862510220008
COL4A3	ITGB3	R-HSA-76009	REACTOME_PLATELET_AGGREGATION_PLUG_FORMATION	3.17029413658185e-78	6.49140504081081e-78	8.59500106905861	3.57758831465387	1.77816467418867e-22	1	7	14	3.95090459057117e-08	1	0	3.59636213159094	-1.81862510220008
THBS1	ITGB3	R-HSA-5674135	REACTOME_MAP2K_AND_MAPK_ACTIVATION	3.35665569057379e-78	6.8661887690351e-78	7.11466682191395	3.57758831465387	6.94682212657015e-22	1	12	22	2.23201828780279e-06	1	0	-3.6446101735829	-1.81862510220008
EFNB2	EPHB4	R-HSA-3928664	REACTOME_EPHRIN_SIGNALING	4.16451039423128e-78	8.51026555339448e-78	1.89080003650529	5.05279891429818	1.75333205868012e-19	1	8	15	1.5699792336554e-08	1	0	-3.10154050773403	-0.222009180720624
FN1	ITGB3	R-HSA-5674135	REACTOME_MAP2K_AND_MAPK_ACTIVATION	5.13035431861848e-78	1.04736284804998e-77	9.24511967017868	3.57758831465387	1.0617609365717e-21	1	12	22	2.23201828780279e-06	1	0	3.96729180611041	-1.81862510220008
COL4A3	ITGA3	R-HSA-6806834	REACTOME_SIGNALING_BY_MET	5.35747133350394e-78	1.09264913869883e-77	8.59500106905861	2.75754452411437	1.34964356256522e-21	1	17	32	8.43864091750755e-05	1	0	3.59636213159094	5.65033245421738
LAMB2	ITGA7	R-HSA-3000178	REACTOME_ECM_PROTEOGLYCANS	5.69342512905255e-78	1.16002133300025e-77	12.5087294742221	1.86987927801666	5.77131958502096e-22	1	5	10	1.89953111307339e-10	1	0	-4.4327218444072	3.91510871998263
ANXA1	EGFR	R-HSA-9820960	REACTOME_RESPIRATORY_SYNCYTIAL_VIRUS_RSV_ATTACHMENT_AND_ENTRY	6.4235118179759e-78	1.30748526265401e-77	2.36495705120345	2.89751774661206	1.72833729678414e-15	1	6	11	1.41552611148282e-11	1	0	5.26706875945552	6.35694186809355
COL1A2	ITGA1	R-HSA-216083	REACTOME_INTEGRIN_CELL_SURFACE_INTERACTIONS	7.21361778245011e-78	1.46686361599822e-77	16.249300289467	1.06937784120538	1.25927957371421e-17	1	6	11	3.2776655898049e-11	1	0	3.18442633530028	-3.20606372686874
LAMB2	ITGA3	R-HSA-216083	REACTOME_INTEGRIN_CELL_SURFACE_INTERACTIONS	7.32855467469484e-78	1.48877030068039e-77	12.5087294742221	2.75754452411437	2.86249954100888e-23	1	4	9	3.80772511424767e-10	1	0	-4.4327218444072	5.65033245421738
TNC	ITGB3	R-HSA-354192	REACTOME_INTEGRIN_SIGNALING	1.02055633716938e-77	2.06915543924627e-77	6.8277048658413	3.57758831465387	5.7241288933858e-22	1	7	14	3.95090459057117e-08	1	0	-5.58163186833725	-1.81862510220008
TNC	ITGB3	R-HSA-76009	REACTOME_PLATELET_AGGREGATION_PLUG_FORMATION	1.02055633716938e-77	2.06915543924627e-77	6.8277048658413	3.57758831465387	5.7241288933858e-22	1	7	14	3.95090459057117e-08	1	0	-5.58163186833725	-1.81862510220008
COL4A5	ITGA1	R-HSA-216083	REACTOME_INTEGRIN_CELL_SURFACE_INTERACTIONS	1.07109300654947e-77	2.16948838385412e-77	8.63911500522914	1.06937784120538	1.8698045632212e-17	1	6	11	3.2776655898049e-11	1	0	4.94978495547464	-3.20606372686874
LTBP1	ITGB3	R-HSA-354192	REACTOME_INTEGRIN_SIGNALING	1.15132501785255e-77	2.327433940199e-77	4.49925244209	3.57758831465387	6.45758843519278e-22	1	7	14	3.95090459057117e-08	1	0	0.411198660997557	-1.81862510220008
LTBP1	ITGB3	R-HSA-76009	REACTOME_PLATELET_AGGREGATION_PLUG_FORMATION	1.15132501785255e-77	2.327433940199e-77	4.49925244209	3.57758831465387	6.45758843519278e-22	1	7	14	3.95090459057117e-08	1	0	0.411198660997557	-1.81862510220008
COMP	ITGB3	R-HSA-354192	REACTOME_INTEGRIN_SIGNALING	1.15955006301777e-77	2.33948284198703e-77	8.97372250466624	3.57758831465387	6.50372133052145e-22	1	7	14	3.95090459057117e-08	1	0	4.52103900260026	-1.81862510220008
COMP	ITGB3	R-HSA-76009	REACTOME_PLATELET_AGGREGATION_PLUG_FORMATION	1.15955006301777e-77	2.33948284198703e-77	8.97372250466624	3.57758831465387	6.50372133052145e-22	1	7	14	3.95090459057117e-08	1	0	4.52103900260026	-1.81862510220008
THBS1	ITGB3	R-HSA-354192	REACTOME_INTEGRIN_SIGNALING	1.2385506120681e-77	2.49400152488566e-77	7.11466682191395	3.57758831465387	6.94682212657015e-22	1	7	14	3.95090459057117e-08	1	0	-3.6446101735829	-1.81862510220008
THBS1	ITGB3	R-HSA-76009	REACTOME_PLATELET_AGGREGATION_PLUG_FORMATION	1.2385506120681e-77	2.49400152488566e-77	7.11466682191395	3.57758831465387	6.94682212657015e-22	1	7	14	3.95090459057117e-08	1	0	-3.6446101735829	-1.81862510220008
MFGE8	ITGB3	R-HSA-5674135	REACTOME_MAP2K_AND_MAPK_ACTIVATION	1.69668545017591e-77	3.41319585205788e-77	3.04039885756526	3.57758831465387	3.51140334715023e-21	1	12	22	2.23201828780279e-06	1	0	0.6248001109505	-1.81862510220008
COL5A2	ITGA1	R-HSA-216083	REACTOME_INTEGRIN_CELL_SURFACE_INTERACTIONS	1.831319191657e-77	3.68045277233791e-77	8.65450559489796	1.06937784120538	3.19692964134454e-17	1	6	11	3.2776655898049e-11	1	0	4.71972607502025	-3.20606372686874
TNC	EGFR	R-HSA-1236394	REACTOME_SIGNALING_BY_ERBB4	1.85628402830602e-77	3.72699980804687e-77	6.8277048658413	2.89751774661206	2.15385338243132e-18	1	12	22	1.25549861911524e-06	1	0	-5.58163186833725	6.35694186809355
FN1	ITGB3	R-HSA-354192	REACTOME_INTEGRIN_SIGNALING	1.8930161646591e-77	3.79337671792987e-77	9.24511967017868	3.57758831465387	1.0617609365717e-21	1	7	14	3.95090459057117e-08	1	0	3.96729180611041	-1.81862510220008
FN1	ITGB3	R-HSA-76009	REACTOME_PLATELET_AGGREGATION_PLUG_FORMATION	1.8930161646591e-77	3.79337671792987e-77	9.24511967017868	3.57758831465387	1.0617609365717e-21	1	7	14	3.95090459057117e-08	1	0	3.96729180611041	-1.81862510220008
THBS1	ITGA3	R-HSA-6806834	REACTOME_SIGNALING_BY_MET	2.09302326957045e-77	4.19010278578736e-77	7.11466682191395	2.75754452411437	5.27270274767376e-21	1	17	32	8.43864091750755e-05	1	0	-3.6446101735829	5.65033245421738
TGFB2	TGFBR2	R-HSA-5689603	REACTOME_UCH_PROTEINASES	2.12342007067305e-77	4.2468401413461e-77	5.2298949554133	1.27629366904749	7.17039063916914e-17	1	9	18	3.04119074243043e-07	1	0	-2.29034867974236	4.98951084169741
UBB	ERBB3	R-HSA-1227986	REACTOME_SIGNALING_BY_ERBB2	2.18040778145808e-77	4.3565981397412e-77	1.56324007583564	9.47133900069063	1.98781373584178e-17	1	14	27	1.56880114867796e-05	1	0	5.83927178506202	4.07639206347018
LAMB3	ITGB4	R-HSA-446728	REACTOME_CELL_JUNCTION_ORGANIZATION	2.54875247370234e-77	5.08765469629858e-77	1.20907444031088	7.42190860929556	7.91116558797704e-20	1	12	22	1.74495979339833e-06	1	0	2.59517547975114	0.000435230421763041
COL18A1	ITGB3	R-HSA-5674135	REACTOME_MAP2K_AND_MAPK_ACTIVATION	2.56156275253706e-77	5.1082901995575e-77	3.31748124564936	3.57758831465387	5.30132442773138e-21	1	12	22	2.23201828780279e-06	1	0	-2.93094921873315	-1.81862510220008
FBN1	ITGB3	R-HSA-5674135	REACTOME_MAP2K_AND_MAPK_ACTIVATION	2.85442945099633e-77	5.68683823120386e-77	7.14914428394037	3.57758831465387	5.90743153210484e-21	1	12	22	2.23201828780279e-06	1	0	3.49330586689255	-1.81862510220008
FN1	ITGA3	R-HSA-6806834	REACTOME_SIGNALING_BY_MET	3.19900280513257e-77	6.36718670077446e-77	9.24511967017868	2.75754452411437	8.0588644787978e-21	1	17	32	8.43864091750755e-05	1	0	3.96729180611041	5.65033245421738
COL16A1	ITGA1	R-HSA-216083	REACTOME_INTEGRIN_CELL_SURFACE_INTERACTIONS	3.28190669350113e-77	6.52590878611485e-77	10.9159881411726	1.06937784120538	5.72921685983505e-17	1	6	11	3.2776655898049e-11	1	0	4.29305359730917	-3.20606372686874
TNFSF9	TRAF2	R-HSA-5357956	REACTOME_TNFR1_INDUCED_NF_KAPPA_B_SIGNALING_PATHWAY	3.52968734785399e-77	7.01185967371764e-77	3.24465487556851	1.15950995895023	4.94069173894698e-17	1	13	25	7.19061042303929e-06	1	0	2.84326536040046	5.06353195786275
EFNB2	EPHB2	R-HSA-3928665	REACTOME_EPH_EPHRIN_MEDIATED_REPULSION_OF_CELLS	3.81645261867703e-77	7.57424698384894e-77	1.89080003650529	4.05315576349814	3.44312913503254e-18	1	7	14	1.5699792336554e-08	1	0	-3.10154050773403	3.37057280920668
FBLN2	ITGB3	R-HSA-76005	REACTOME_RESPONSE_TO_ELEVATED_PLATELET_CYTOSOLIC_CA2	3.85982670092113e-77	7.65297693292039e-77	16.4383713511822	3.57758831465387	7.79229608219956e-27	1	7	14	1.89307767291103e-07	1	0	3.30185484435118	-1.81862510220008
LAMB3	CD151	R-HSA-446728	REACTOME_CELL_JUNCTION_ORGANIZATION	4.19408266854728e-77	8.30774189186835e-77	1.20907444031088	2.16464414967756	7.4488428009695e-16	1	12	23	2.42640389381191e-06	1	0	2.59517547975114	6.83968538959107
LAMB2	ITGB4	R-HSA-3000170	REACTOME_SYNDECAN_INTERACTIONS	5.19479156240232e-77	1.02801143370912e-76	12.5087294742221	7.42190860929556	2.6005561485279e-26	1	4	8	3.23938152773816e-11	1	0	-4.4327218444072	0.000435230421763041
MFGE8	ITGB3	R-HSA-354192	REACTOME_INTEGRIN_SIGNALING	6.26048959595017e-77	1.23653647277563e-76	3.04039885756526	3.57758831465387	3.51140334715023e-21	1	7	14	3.95090459057117e-08	1	0	0.6248001109505	-1.81862510220008
MFGE8	ITGB3	R-HSA-76009	REACTOME_PLATELET_AGGREGATION_PLUG_FORMATION	6.26048959595017e-77	1.23653647277563e-76	3.04039885756526	3.57758831465387	3.51140334715023e-21	1	7	14	3.95090459057117e-08	1	0	0.6248001109505	-1.81862510220008
LAMB1	ITGA7	R-HSA-3000178	REACTOME_ECM_PROTEOGLYCANS	6.34455140825408e-77	1.25194299994775e-76	8.31776841205843	1.86987927801666	6.43135423240781e-21	1	5	10	1.89953111307339e-10	1	0	6.66423855005416	3.91510871998263
LAMB1	ITGA3	R-HSA-216083	REACTOME_INTEGRIN_CELL_SURFACE_INTERACTIONS	8.16668188794461e-77	1.60995847142114e-76	8.31776841205843	2.75754452411437	3.18986815183724e-22	1	4	9	3.80772511424767e-10	1	0	6.66423855005416	5.65033245421738
EFNB2	EPHB2	R-HSA-3928664	REACTOME_EPHRIN_SIGNALING	8.17811264017937e-77	1.61067499662637e-76	1.89080003650529	4.05315576349814	3.44312913503254e-18	1	8	15	1.5699792336554e-08	1	0	-3.10154050773403	3.37057280920668
UBB	ERBB3	R-HSA-1236394	REACTOME_SIGNALING_BY_ERBB4	8.56592924536161e-77	1.68544855437306e-76	1.56324007583564	9.47133900069063	1.98781373584178e-17	1	11	21	1.25549861911524e-06	1	0	5.83927178506202	4.07639206347018
COL18A1	ITGB3	R-HSA-354192	REACTOME_INTEGRIN_SIGNALING	9.45174425817646e-77	1.85620757009435e-76	3.31748124564936	3.57758831465387	5.30132442773138e-21	1	7	14	3.95090459057117e-08	1	0	-2.93094921873315	-1.81862510220008
COL18A1	ITGB3	R-HSA-76009	REACTOME_PLATELET_AGGREGATION_PLUG_FORMATION	9.45174425817646e-77	1.85620757009435e-76	3.31748124564936	3.57758831465387	5.30132442773138e-21	1	7	14	3.95090459057117e-08	1	0	-2.93094921873315	-1.81862510220008
FBN1	ITGB3	R-HSA-354192	REACTOME_INTEGRIN_SIGNALING	1.05323740935501e-76	2.06450520657254e-76	7.14914428394037	3.57758831465387	5.90743153210484e-21	1	7	14	3.95090459057117e-08	1	0	3.49330586689255	-1.81862510220008
FBN1	ITGB3	R-HSA-76009	REACTOME_PLATELET_AGGREGATION_PLUG_FORMATION	1.05323740935501e-76	2.06450520657254e-76	7.14914428394037	3.57758831465387	5.90743153210484e-21	1	7	14	3.95090459057117e-08	1	0	3.49330586689255	-1.81862510220008
LAMA1	ITGA7	R-HSA-3000178	REACTOME_ECM_PROTEOGLYCANS	1.42765033062078e-76	2.79575884650476e-76	19.8345033696564	1.86987927801666	1.44718269352994e-20	1	5	10	1.89953111307339e-10	1	0	-2.13725369701301	3.91510871998263
LAMA5	ITGA7	R-HSA-3000178	REACTOME_ECM_PROTEOGLYCANS	1.56200103772531e-76	3.05596036358001e-76	6.39025679656551	1.86987927801666	1.58337151653161e-20	1	5	10	1.89953111307339e-10	1	0	-4.04261071031852	3.91510871998263
COL18A1	ITGA3	R-HSA-6806834	REACTOME_SIGNALING_BY_MET	1.59724766009841e-76	3.12196184083569e-76	3.31748124564936	2.75754452411437	4.0237546560315e-20	1	17	32	8.43864091750755e-05	1	0	-2.93094921873315	5.65033245421738
LAMA1	ITGA3	R-HSA-216083	REACTOME_INTEGRIN_CELL_SURFACE_INTERACTIONS	1.8376659510128e-76	3.58848568505902e-76	19.8345033696564	2.75754452411437	7.17783816154831e-22	1	4	9	3.80772511424767e-10	1	0	-2.13725369701301	5.65033245421738
LAMA5	ITGA3	R-HSA-216083	REACTOME_INTEGRIN_CELL_SURFACE_INTERACTIONS	2.01060165847916e-76	3.92247688991308e-76	6.39025679656551	2.75754452411437	7.85331703183064e-22	1	4	9	3.80772511424767e-10	1	0	-4.04261071031852	5.65033245421738
EFNB2	EPHB3	R-HSA-3928665	REACTOME_EPH_EPHRIN_MEDIATED_REPULSION_OF_CELLS	2.04778613298198e-76	3.9912510856045e-76	1.89080003650529	3.38427768514753	1.84747271911109e-17	1	7	14	1.5699792336554e-08	1	0	-3.10154050773403	5.02181464592485
SEMA4D	MET	R-HSA-8875878	REACTOME_MET_PROMOTES_CELL_MOTILITY	2.12186570886064e-76	4.13173850566077e-76	1.83704509775797	4.11816608001036	9.4134265890396e-17	1	7	14	1.28655055001064e-08	1	0	4.10629032846076	-6.39088225480639
COL5A1	ITGA1	R-HSA-216083	REACTOME_INTEGRIN_CELL_SURFACE_INTERACTIONS	3.42340376426729e-76	6.65984197455388e-76	22.6239327382813	1.06937784120538	5.97622796623123e-16	1	6	11	3.2776655898049e-11	1	0	4.34420548048338	-3.20606372686874
COL4A3	ITGA3	R-HSA-216083	REACTOME_INTEGRIN_CELL_SURFACE_INTERACTIONS	3.45534959845725e-76	6.71566535316339e-76	8.59500106905861	2.75754452411437	1.34964356256522e-21	1	4	9	3.80772511424767e-10	1	0	3.59636213159094	5.65033245421738
LAMB1	ITGA1	R-HSA-216083	REACTOME_INTEGRIN_CELL_SURFACE_INTERACTIONS	3.99184564501587e-76	7.75108374304774e-76	8.31776841205843	1.06937784120538	6.96855563156984e-16	1	6	11	3.2776655898049e-11	1	0	6.66423855005416	-3.20606372686874
EFNB2	EPHB3	R-HSA-3928664	REACTOME_EPHRIN_SIGNALING	4.38811308086652e-76	8.51252734748379e-76	1.89080003650529	3.38427768514753	1.84747271911109e-17	1	8	15	1.5699792336554e-08	1	0	-3.10154050773403	5.02181464592485
LAMB1	ITGB4	R-HSA-3000170	REACTOME_SYNDECAN_INTERACTIONS	5.78889181393534e-76	1.12193719395782e-75	8.31776841205843	7.42190860929556	2.89796770843497e-25	1	4	8	3.23938152773816e-11	1	0	6.66423855005416	0.000435230421763041
COL4A6	ITGA1	R-HSA-216083	REACTOME_INTEGRIN_CELL_SURFACE_INTERACTIONS	7.31293648085583e-76	1.41598189029505e-75	9.06481417009132	1.06937784120538	1.27661761572892e-15	1	6	11	3.2776655898049e-11	1	0	0.369504896559084	-3.20606372686874
L1CAM	FGFR2	R-HSA-74751	REACTOME_INSULIN_RECEPTOR_SIGNALLING_CASCADE	8.44299323711361e-76	1.63173283703243e-75	6.61152480504602	12.7101660798708	1.47684132181016e-29	1	13	25	8.43864091750755e-05	1	0	7.69724325085875	5.73242607734244
L1CAM	FGFR2	R-HSA-74752	REACTOME_SIGNALING_BY_INSULIN_RECEPTOR	8.44299323711361e-76	1.63173283703243e-75	6.61152480504602	12.7101660798708	1.47684132181016e-29	1	13	25	8.43864091750755e-05	1	0	7.69724325085875	5.73242607734244
TNC	ITGA7	R-HSA-3000178	REACTOME_ECM_PROTEOGLYCANS	8.64141180914409e-76	1.66851932688707e-75	6.8277048658413	1.86987927801666	8.75963907241967e-20	1	5	10	1.89953111307339e-10	1	0	-5.58163186833725	3.91510871998263
LAMA1	ITGA1	R-HSA-216083	REACTOME_INTEGRIN_CELL_SURFACE_INTERACTIONS	8.98244712381056e-76	1.73274843676869e-75	19.8345033696564	1.06937784120538	1.56806369925808e-15	1	6	11	3.2776655898049e-11	1	0	-2.13725369701301	-3.20606372686874
COL4A2	ITGB3	R-HSA-5674135	REACTOME_MAP2K_AND_MAPK_ACTIVATION	9.20932477869133e-76	1.77485680902764e-75	2.35366848733984	3.57758831465387	1.90593099325143e-19	1	12	22	2.23201828780279e-06	1	0	6.7881869323435	-1.81862510220008
CDH1	EGFR	R-HSA-1643713	REACTOME_SIGNALING_BY_EGFR_IN_CANCER	1.21058211414173e-75	2.33090647513216e-75	14.0529638668967	2.89751774661206	1.12509612679447e-22	1	9	18	1.73410449377638e-06	1	0	6.06941827582005	6.35694186809355
LAMA1	ITGB4	R-HSA-3000170	REACTOME_SYNDECAN_INTERACTIONS	1.30261586364338e-75	2.50577688481119e-75	19.8345033696564	7.42190860929556	6.52100407239671e-25	1	4	8	3.23938152773816e-11	1	0	-2.13725369701301	0.000435230421763041
THBS1	ITGA3	R-HSA-216083	REACTOME_INTEGRIN_CELL_SURFACE_INTERACTIONS	1.34991429050577e-75	2.59434690621852e-75	7.11466682191395	2.75754452411437	5.27270274767376e-21	1	4	9	3.80772511424767e-10	1	0	-3.6446101735829	5.65033245421738
LAMA5	ITGB4	R-HSA-3000170	REACTOME_SYNDECAN_INTERACTIONS	1.42520005573331e-75	2.73649006983737e-75	6.39025679656551	7.42190860929556	7.13467080112369e-25	1	4	8	3.23938152773816e-11	1	0	-4.04261071031852	0.000435230421763041
COL4A3	ITGA1	R-HSA-216083	REACTOME_INTEGRIN_CELL_SURFACE_INTERACTIONS	1.68896284144115e-75	3.23992314801989e-75	8.59500106905861	1.06937784120538	2.94841849281729e-15	1	6	11	3.2776655898049e-11	1	0	3.59636213159094	-3.20606372686874
CDH1	ERBB3	R-HSA-1227990	REACTOME_SIGNALING_BY_ERBB2_IN_CANCER	1.99364765859204e-75	3.82084977982482e-75	14.0529638668967	9.47133900069063	1.0580866130721e-26	1	9	17	1.25549861911524e-06	1	0	6.06941827582005	4.07639206347018
FN1	ITGA3	R-HSA-216083	REACTOME_INTEGRIN_CELL_SURFACE_INTERACTIONS	2.06322579629167e-75	3.95053243293659e-75	9.24511967017868	2.75754452411437	8.0588644787978e-21	1	4	9	3.80772511424767e-10	1	0	3.96729180611041	5.65033245421738
PTN	PTPRS	R-HSA-6794362	REACTOME_PROTEIN_PROTEIN_INTERACTIONS_AT_SYNAPSES	2.74623591978518e-75	5.25344760210757e-75	7.92717388064223	2.011732900985	6.20543850294016e-17	1	8	15	1.69698149877191e-08	1	0	-1.41052729395478	-5.72152840619353
COL4A2	ITGB3	R-HSA-354192	REACTOME_INTEGRIN_SIGNALING	3.39808901860657e-75	6.488402876563e-75	2.35366848733984	3.57758831465387	1.90593099325143e-19	1	7	14	3.95090459057117e-08	1	0	6.7881869323435	-1.81862510220008
COL4A2	ITGB3	R-HSA-76009	REACTOME_PLATELET_AGGREGATION_PLUG_FORMATION	3.39808901860657e-75	6.488402876563e-75	2.35366848733984	3.57758831465387	1.90593099325143e-19	1	7	14	3.95090459057117e-08	1	0	6.7881869323435	-1.81862510220008
COL1A2	ITGB3	R-HSA-76005	REACTOME_RESPONSE_TO_ELEVATED_PLATELET_CYTOSOLIC_CA2	3.76190107251873e-75	7.17644285856297e-75	16.249300289467	3.57758831465387	7.59460184624725e-25	1	7	14	1.89307767291103e-07	1	0	3.18442633530028	-1.81862510220008
COL4A1	ITGA1	R-HSA-216083	REACTOME_INTEGRIN_CELL_SURFACE_INTERACTIONS	6.29686960812311e-75	1.20012293453712e-74	4.74562400406375	1.06937784120538	1.09924305875241e-14	1	6	11	3.2776655898049e-11	1	0	-3.11998527946727	-3.20606372686874
DCN	EGFR	R-HSA-1643713	REACTOME_SIGNALING_BY_EGFR_IN_CANCER	6.85870993865005e-75	1.30599951458535e-74	15.215347949085	2.89751774661206	6.37437799273358e-22	1	9	18	1.73410449377638e-06	1	0	-5.95640031910379	6.35694186809355
LAMA1	GPC1	R-HSA-1793185	REACTOME_CHONDROITIN_SULFATE_DERMATAN_SULFATE_METABOLISM	6.93386710725998e-75	1.31546092227724e-74	19.8345033696564	4.73558061131978	1.18943344630146e-23	1	6	12	1.84799783951792e-08	1	0	-2.13725369701301	5.86131559783074
LAMA1	GPC1	R-HSA-1971475	REACTOME_A_TETRASACCHARIDE_LINKER_SEQUENCE_IS_REQUIRED_FOR_GAG_SYNTHESIS	6.93386710725998e-75	1.31546092227724e-74	19.8345033696564	4.73558061131978	1.18943344630146e-23	1	6	12	1.84799783951792e-08	1	0	-2.13725369701301	5.86131559783074
LAMA1	GPC1	R-HSA-3560782	REACTOME_DISEASES_ASSOCIATED_WITH_GLYCOSAMINOGLYCAN_METABOLISM	6.93386710725998e-75	1.31546092227724e-74	19.8345033696564	4.73558061131978	1.18943344630146e-23	1	6	12	1.84799783951792e-08	1	0	-2.13725369701301	5.86131559783074
LAMA1	GPC1	R-HSA-3560783	REACTOME_DEFECTIVE_B4GALT7_CAUSES_EDS_PROGEROID_TYPE	6.93386710725998e-75	1.31546092227724e-74	19.8345033696564	4.73558061131978	1.18943344630146e-23	1	6	12	1.84799783951792e-08	1	0	-2.13725369701301	5.86131559783074
COL18A1	ITGA3	R-HSA-216083	REACTOME_INTEGRIN_CELL_SURFACE_INTERACTIONS	1.03015932655457e-74	1.95257721895573e-74	3.31748124564936	2.75754452411437	4.0237546560315e-20	1	4	9	3.80772511424767e-10	1	0	-2.93094921873315	5.65033245421738
LAMC1	ITGA3	R-HSA-6806834	REACTOME_SIGNALING_BY_MET	1.2556738037067e-74	2.37783875202387e-74	2.41383536561023	2.75754452411437	3.16326856525826e-18	1	17	32	8.43864091750755e-05	1	0	1.75120519238021	5.65033245421738
ANXA1	EGFR	R-HSA-1236394	REACTOME_SIGNALING_BY_ERBB4	1.48955585636214e-74	2.81815238026025e-74	2.36495705120345	2.89751774661206	1.72833729678414e-15	1	12	22	1.25549861911524e-06	1	0	5.26706875945552	6.35694186809355
NCAM1	FGFR2	R-HSA-74751	REACTOME_INSULIN_RECEPTOR_SIGNALLING_CASCADE	1.77192405227986e-74	3.34624779891243e-74	5.35497639278498	12.7101660798708	3.09943474550362e-28	1	13	25	8.43864091750755e-05	1	0	2.31654305445474	5.73242607734244
NCAM1	FGFR2	R-HSA-74752	REACTOME_SIGNALING_BY_INSULIN_RECEPTOR	1.77192405227986e-74	3.34624779891243e-74	5.35497639278498	12.7101660798708	3.09943474550362e-28	1	13	25	8.43864091750755e-05	1	0	2.31654305445474	5.73242607734244
COL8A1	ITGA1	R-HSA-216083	REACTOME_INTEGRIN_CELL_SURFACE_INTERACTIONS	2.04072081065511e-74	3.85034629663329e-74	7.34157831085518	1.06937784120538	3.56248155920264e-14	1	6	11	3.2776655898049e-11	1	0	-5.85058866522127	-3.20606372686874
COL4A4	ITGB3	R-HSA-5674135	REACTOME_MAP2K_AND_MAPK_ACTIVATION	2.35162584103126e-74	4.43290053610454e-74	2.40348737446135	3.57758831465387	4.86684603123459e-18	1	12	22	2.23201828780279e-06	1	0	0.348341817117918	-1.81862510220008
UBB	MET	R-HSA-8875878	REACTOME_MET_PROMOTES_CELL_MOTILITY	2.46185286512134e-74	4.63645215983654e-74	1.56324007583564	4.11816608001036	1.09217426541477e-14	1	7	14	1.28655055001064e-08	1	0	5.83927178506202	-6.39088225480639
TGFB2	TGFBR2	R-HSA-2173788	REACTOME_DOWNREGULATION_OF_TGF_BETA_RECEPTOR_SIGNALING	2.55070716632488e-74	4.79941803791184e-74	5.2298949554133	1.27629366904749	7.17039063916914e-17	1	12	22	1.7607484049129e-06	1	0	-2.29034867974236	4.98951084169741
WNT5A	FZD2	R-HSA-4086400	REACTOME_PCP_CE_PATHWAY	2.9714099309574e-74	5.58592622143583e-74	3.71867437883844	3.90733841238929	3.10772352419006e-19	1	12	23	8.01917118244104e-06	1	0	3.85719962716077	10.3444172123752
SLIT2	GPC1	R-HSA-1793185	REACTOME_CHONDROITIN_SULFATE_DERMATAN_SULFATE_METABOLISM	3.06291448162798e-74	5.73706375253256e-74	6.80274676319369	4.73558061131978	5.25411414907986e-23	1	6	12	1.84799783951792e-08	1	0	2.78796175154231	5.86131559783074
SLIT2	GPC1	R-HSA-1971475	REACTOME_A_TETRASACCHARIDE_LINKER_SEQUENCE_IS_REQUIRED_FOR_GAG_SYNTHESIS	3.06291448162798e-74	5.73706375253256e-74	6.80274676319369	4.73558061131978	5.25411414907986e-23	1	6	12	1.84799783951792e-08	1	0	2.78796175154231	5.86131559783074
SLIT2	GPC1	R-HSA-3560782	REACTOME_DISEASES_ASSOCIATED_WITH_GLYCOSAMINOGLYCAN_METABOLISM	3.06291448162798e-74	5.73706375253256e-74	6.80274676319369	4.73558061131978	5.25411414907986e-23	1	6	12	1.84799783951792e-08	1	0	2.78796175154231	5.86131559783074
SLIT2	GPC1	R-HSA-3560783	REACTOME_DEFECTIVE_B4GALT7_CAUSES_EDS_PROGEROID_TYPE	3.06291448162798e-74	5.73706375253256e-74	6.80274676319369	4.73558061131978	5.25411414907986e-23	1	6	12	1.84799783951792e-08	1	0	2.78796175154231	5.86131559783074
WNT5A	ROR2	R-HSA-4086400	REACTOME_PCP_CE_PATHWAY	6.37187851276347e-74	1.19241856950809e-73	3.71867437883844	3.30568873091291	6.66418878832243e-19	1	12	23	8.01917118244104e-06	1	0	3.85719962716077	-5.72372856773429
COL4A4	ITGB3	R-HSA-354192	REACTOME_INTEGRIN_SIGNALING	8.67711166487419e-74	1.6208781826067e-73	2.40348737446135	3.57758831465387	4.86684603123459e-18	1	7	14	3.95090459057117e-08	1	0	0.348341817117918	-1.81862510220008
COL4A4	ITGB3	R-HSA-76009	REACTOME_PLATELET_AGGREGATION_PLUG_FORMATION	8.67711166487419e-74	1.6208781826067e-73	2.40348737446135	3.57758831465387	4.86684603123459e-18	1	7	14	3.95090459057117e-08	1	0	0.348341817117918	-1.81862510220008
L1CAM	ITGB3	R-HSA-76005	REACTOME_RESPONSE_TO_ELEVATED_PLATELET_CYTOSOLIC_CA2	9.7388056713583e-74	1.8175584929563e-73	6.61152480504602	3.57758831465387	1.96608975372179e-23	1	7	14	1.89307767291103e-07	1	0	7.69724325085875	-1.81862510220008
SORBS1	ITGA1	R-HSA-216083	REACTOME_INTEGRIN_CELL_SURFACE_INTERACTIONS	1.10579728258377e-73	2.06189276698382e-73	4.76887395049625	1.06937784120538	1.93038773694696e-13	1	6	11	3.2776655898049e-11	1	0	-4.81009457132471	-3.20606372686874
S100B	APP	R-HSA-445989	REACTOME_TAK1_DEPENDENT_IKK_AND_NF_KAPPA_B_ACTIVATION	1.15289336791125e-73	2.14777069261013e-73	4.2249108102541	1.1092665128676	4.28808301832756e-15	1	15	28	1.87632358182563e-05	1	0	5.19212134952298	-3.96459372498046
WNT5A	RYK	R-HSA-4086400	REACTOME_PCP_CE_PATHWAY	1.29876349230696e-73	2.41733817577133e-73	3.71867437883844	1.36379963667435	2.21930030703482e-16	1	13	24	4.95004149086155e-06	1	0	3.85719962716077	-3.39021534426318
L1CAM	ERBB2	R-HSA-1227990	REACTOME_SIGNALING_BY_ERBB2_IN_CANCER	1.42285335056411e-73	2.64591811185009e-73	6.61152480504602	5.48467664125572	7.55149525097075e-25	1	9	17	1.25549861911524e-06	1	0	7.69724325085875	5.37025434019213
UBB	TGFBR2	R-HSA-5689603	REACTOME_UCH_PROTEINASES	1.9384953799316e-73	3.60155706379378e-73	1.56324007583564	1.27629366904749	6.54593470143117e-13	1	9	18	3.04119074243043e-07	1	0	5.83927178506202	4.98951084169741
NID1	ITGB3	R-HSA-5674135	REACTOME_MAP2K_AND_MAPK_ACTIVATION	3.04001836701851e-73	5.64301702269563e-73	1.51200808588345	3.57758831465387	6.29152013311613e-17	1	12	22	2.23201828780279e-06	1	0	-6.39088225480639	-1.81862510220008
WNT5A	FZD6	R-HSA-4086400	REACTOME_PCP_CE_PATHWAY	3.07573085916806e-73	5.70418308351995e-73	3.71867437883844	2.25671619218573	3.21683018069275e-18	1	12	23	8.01917118244104e-06	1	0	3.85719962716077	4.99946175763607
LAMB3	ITGA3	R-HSA-6806834	REACTOME_SIGNALING_BY_MET	3.45669000436613e-73	6.40495206190172e-73	1.20907444031088	2.75754452411437	8.7080249650632e-17	1	17	32	8.43864091750755e-05	1	0	2.59517547975114	5.65033245421738
COL2A1	ITGA1	R-HSA-216083	REACTOME_INTEGRIN_CELL_SURFACE_INTERACTIONS	3.83053379764057e-73	7.09129285477189e-73	14.3588246029563	1.06937784120538	6.68695391586483e-13	1	6	11	3.2776655898049e-11	1	0	4.87453470539196	-3.20606372686874
COL18A1	GPC1	R-HSA-1793185	REACTOME_CHONDROITIN_SULFATE_DERMATAN_SULFATE_METABOLISM	3.88698928970039e-73	7.17010702903661e-73	3.31748124564936	4.73558061131978	6.66772955850917e-22	1	6	12	1.84799783951792e-08	1	0	-2.93094921873315	5.86131559783074
COL18A1	GPC1	R-HSA-1971475	REACTOME_A_TETRASACCHARIDE_LINKER_SEQUENCE_IS_REQUIRED_FOR_GAG_SYNTHESIS	3.88698928970039e-73	7.17010702903661e-73	3.31748124564936	4.73558061131978	6.66772955850917e-22	1	6	12	1.84799783951792e-08	1	0	-2.93094921873315	5.86131559783074
COL18A1	GPC1	R-HSA-3560782	REACTOME_DISEASES_ASSOCIATED_WITH_GLYCOSAMINOGLYCAN_METABOLISM	3.88698928970039e-73	7.17010702903661e-73	3.31748124564936	4.73558061131978	6.66772955850917e-22	1	6	12	1.84799783951792e-08	1	0	-2.93094921873315	5.86131559783074
COL18A1	GPC1	R-HSA-3560783	REACTOME_DEFECTIVE_B4GALT7_CAUSES_EDS_PROGEROID_TYPE	3.88698928970039e-73	7.17010702903661e-73	3.31748124564936	4.73558061131978	6.66772955850917e-22	1	6	12	1.84799783951792e-08	1	0	-2.93094921873315	5.86131559783074
LAMA5	SDC1	R-HSA-2187338	REACTOME_VISUAL_PHOTOTRANSDUCTION	5.7180987632398e-73	1.05290481683186e-72	6.39025679656551	6.46884404771167	3.10330148907865e-24	1	5	10	3.09410276512115e-09	1	0	-4.04261071031852	5.30916569519122
LAMA5	SDC1	R-HSA-6806667	REACTOME_METABOLISM_OF_FAT_SOLUBLE_VITAMINS	5.7180987632398e-73	1.05290481683186e-72	6.39025679656551	6.46884404771167	3.10330148907865e-24	1	5	10	3.09410276512115e-09	1	0	-4.04261071031852	5.30916569519122
LAMC1	ITGA7	R-HSA-3000178	REACTOME_ECM_PROTEOGLYCANS	6.29164563395382e-73	1.15748351556087e-72	2.41383536561023	1.86987927801666	6.3777246290568e-17	1	5	10	1.89953111307339e-10	1	0	1.75120519238021	3.91510871998263
L1CAM	EGFR	R-HSA-1643713	REACTOME_SIGNALING_BY_EGFR_IN_CANCER	7.96002983462991e-73	1.46311580412326e-72	6.61152480504602	2.89751774661206	7.39792751891101e-20	1	9	18	1.73410449377638e-06	1	0	7.69724325085875	6.35694186809355
LAMC1	ITGA3	R-HSA-216083	REACTOME_INTEGRIN_CELL_SURFACE_INTERACTIONS	8.09858178110593e-73	1.4872595519791e-72	2.41383536561023	2.75754452411437	3.16326856525826e-18	1	4	9	3.80772511424767e-10	1	0	1.75120519238021	5.65033245421738
TGFB2	TGFBR2	R-HSA-9839373	REACTOME_SIGNALING_BY_TGFBR3	8.68123242638261e-73	1.59284424448548e-72	5.2298949554133	1.27629366904749	7.17039063916914e-17	1	12	22	2.42640389381191e-06	1	0	-2.29034867974236	4.98951084169741
COL4A3	ITGB3	R-HSA-76005	REACTOME_RESPONSE_TO_ELEVATED_PLATELET_CYTOSOLIC_CA2	8.80793981089432e-73	1.61465870890041e-72	8.59500106905861	3.57758831465387	1.77816467418867e-22	1	7	14	1.89307767291103e-07	1	0	3.59636213159094	-1.81862510220008
LAMA1	GPC1	R-HSA-2024096	REACTOME_HS_GAG_DEGRADATION	1.11222464643238e-72	2.03710648894441e-72	19.8345033696564	4.73558061131978	1.18943344630146e-23	1	6	12	3.81709057873828e-08	1	0	-2.13725369701301	5.86131559783074
NID1	ITGB3	R-HSA-354192	REACTOME_INTEGRIN_SIGNALING	1.12171665975231e-72	2.05085541508698e-72	1.51200808588345	3.57758831465387	6.29152013311613e-17	1	7	14	3.95090459057117e-08	1	0	-6.39088225480639	-1.81862510220008
NID1	ITGB3	R-HSA-76009	REACTOME_PLATELET_AGGREGATION_PLUG_FORMATION	1.12171665975231e-72	2.05085541508698e-72	1.51200808588345	3.57758831465387	6.29152013311613e-17	1	7	14	3.95090459057117e-08	1	0	-6.39088225480639	-1.81862510220008
LAMB3	COL17A1	R-HSA-1442490	REACTOME_COLLAGEN_DEGRADATION	1.1896550605359e-72	2.17314531836177e-72	1.20907444031088	11.5471101838395	7.04587817715162e-23	1	4	8	4.96431593160001e-11	1	0	2.59517547975114	6.32959073051544
L1CAM	ERBB3	R-HSA-1227990	REACTOME_SIGNALING_BY_ERBB2_IN_CANCER	1.31089784466077e-72	2.39250437020243e-72	6.61152480504602	9.47133900069063	6.95731492253852e-24	1	9	17	1.25549861911524e-06	1	0	7.69724325085875	4.07639206347018
EFEMP1	EGFR	R-HSA-1643713	REACTOME_SIGNALING_BY_EGFR_IN_CANCER	1.66965504658153e-72	3.04457839915042e-72	11.0825504472025	2.89751774661206	1.55175134676721e-19	1	9	18	1.73410449377638e-06	1	0	6.63580333837864	6.35694186809355
NID1	ITGA3	R-HSA-6806834	REACTOME_SIGNALING_BY_MET	1.89558589519905e-72	3.45351010536264e-72	1.51200808588345	2.75754452411437	4.77532242635739e-16	1	17	32	8.43864091750755e-05	1	0	-6.39088225480639	5.65033245421738
SLIT2	SDC1	R-HSA-2187338	REACTOME_VISUAL_PHOTOTRANSDUCTION	2.30861515252677e-72	4.19859058549324e-72	6.80274676319369	6.46884404771167	1.25292149317243e-23	1	5	10	3.09410276512115e-09	1	0	2.78796175154231	5.30916569519122
SLIT2	SDC1	R-HSA-6806667	REACTOME_METABOLISM_OF_FAT_SOLUBLE_VITAMINS	2.30861515252677e-72	4.19859058549324e-72	6.80274676319369	6.46884404771167	1.25292149317243e-23	1	5	10	3.09410276512115e-09	1	0	2.78796175154231	5.30916569519122
L1CAM	FGFR2	R-HSA-2404192	REACTOME_SIGNALING_BY_TYPE_1_INSULIN_LIKE_GROWTH_FACTOR_1_RECEPTOR_IGF1R	2.60155810128558e-72	4.72719352441161e-72	6.61152480504602	12.7101660798708	1.47684132181016e-29	1	12	23	8.43864091750755e-05	1	0	7.69724325085875	5.73242607734244
TNC	ITGB3	R-HSA-76005	REACTOME_RESPONSE_TO_ELEVATED_PLATELET_CYTOSOLIC_CA2	2.8353832181346e-72	5.14754106209673e-72	6.8277048658413	3.57758831465387	5.7241288933858e-22	1	7	14	1.89307767291103e-07	1	0	-5.58163186833725	-1.81862510220008
HSPG2	PTPRS	R-HSA-6794362	REACTOME_PROTEIN_PROTEIN_INTERACTIONS_AT_SYNAPSES	2.90768642954861e-72	5.27417046834717e-72	4.09583451460777	2.011732900985	6.57025465088556e-14	1	8	15	1.69698149877191e-08	1	0	4.83775802276138	-5.72152840619353
PTN	SDC1	R-HSA-2187338	REACTOME_VISUAL_PHOTOTRANSDUCTION	3.12463624367319e-72	5.65775502141e-72	7.92717388064223	6.46884404771167	1.69578888181464e-23	1	5	10	3.09410276512115e-09	1	0	-1.41052729395478	5.30916569519122
PTN	SDC1	R-HSA-6806667	REACTOME_METABOLISM_OF_FAT_SOLUBLE_VITAMINS	3.12463624367319e-72	5.65775502141e-72	7.92717388064223	6.46884404771167	1.69578888181464e-23	1	5	10	3.09410276512115e-09	1	0	-1.41052729395478	5.30916569519122
TNC	SDC1	R-HSA-2187338	REACTOME_VISUAL_PHOTOTRANSDUCTION	3.16340674462486e-72	5.71793380087047e-72	6.8277048658413	6.46884404771167	1.7168302380971e-23	1	5	10	3.09410276512115e-09	1	0	-5.58163186833725	5.30916569519122
TNC	SDC1	R-HSA-6806667	REACTOME_METABOLISM_OF_FAT_SOLUBLE_VITAMINS	3.16340674462486e-72	5.71793380087047e-72	6.8277048658413	6.46884404771167	1.7168302380971e-23	1	5	10	3.09410276512115e-09	1	0	-5.58163186833725	5.30916569519122
LTBP1	ITGB3	R-HSA-76005	REACTOME_RESPONSE_TO_ELEVATED_PLATELET_CYTOSOLIC_CA2	3.1986941978058e-72	5.77666277331012e-72	4.49925244209	3.57758831465387	6.45758843519278e-22	1	7	14	1.89307767291103e-07	1	0	0.411198660997557	-1.81862510220008
COMP	ITGB3	R-HSA-76005	REACTOME_RESPONSE_TO_ELEVATED_PLATELET_CYTOSOLIC_CA2	3.22154561147155e-72	5.81284998541505e-72	8.97372250466624	3.57758831465387	6.50372133052145e-22	1	7	14	1.89307767291103e-07	1	0	4.52103900260026	-1.81862510220008
THBS1	ITGB3	R-HSA-76005	REACTOME_RESPONSE_TO_ELEVATED_PLATELET_CYTOSOLIC_CA2	3.44103063433857e-72	6.20346360431369e-72	7.11466682191395	3.57758831465387	6.94682212657015e-22	1	7	14	1.89307767291103e-07	1	0	-3.6446101735829	-1.81862510220008
LAMA1	SDC4	R-HSA-3656237	REACTOME_DEFECTIVE_EXT2_CAUSES_EXOSTOSES_2	3.54641851573173e-72	6.37676297084573e-72	19.8345033696564	1.45777712136255	1.11433793954792e-19	1	4	8	1.41552611148282e-11	1	0	-2.13725369701301	7.17743566926211
LAMA1	SDC4	R-HSA-9694614	REACTOME_ATTACHMENT_AND_ENTRY	3.54641851573173e-72	6.37676297084573e-72	19.8345033696564	1.45777712136255	1.11433793954792e-19	1	4	8	1.41552611148282e-11	1	0	-2.13725369701301	7.17743566926211
LAMA1	SDC4	R-HSA-9772572	REACTOME_EARLY_SARS_COV_2_INFECTION_EVENTS	3.54641851573173e-72	6.37676297084573e-72	19.8345033696564	1.45777712136255	1.11433793954792e-19	1	4	8	1.41552611148282e-11	1	0	-2.13725369701301	7.17743566926211
THBS1	SDC1	R-HSA-2187338	REACTOME_VISUAL_PHOTOTRANSDUCTION	3.8391210921707e-72	6.89107226448712e-72	7.11466682191395	6.46884404771167	2.08355096604458e-23	1	5	10	3.09410276512115e-09	1	0	-3.6446101735829	5.30916569519122
THBS1	SDC1	R-HSA-6806667	REACTOME_METABOLISM_OF_FAT_SOLUBLE_VITAMINS	3.8391210921707e-72	6.89107226448712e-72	7.11466682191395	6.46884404771167	2.08355096604458e-23	1	5	10	3.09410276512115e-09	1	0	-3.6446101735829	5.30916569519122
LAMC1	ITGA1	R-HSA-216083	REACTOME_INTEGRIN_CELL_SURFACE_INTERACTIONS	3.95855855012971e-72	7.09928989979859e-72	2.41383536561023	1.06937784120538	6.91044642766884e-12	1	6	11	3.2776655898049e-11	1	0	1.75120519238021	-3.20606372686874
WNT2	FZD3	R-HSA-4086400	REACTOME_PCP_CE_PATHWAY	4.29302030297865e-72	7.69243707368075e-72	15.1295630659464	1.66337722608805	2.24499804035283e-17	1	13	24	8.01917118244104e-06	1	0	-6.39088225480639	4.47201671447128
LAMA1	GPC1	R-HSA-2187338	REACTOME_VISUAL_PHOTOTRANSDUCTION	4.8215925629949e-72	8.62459760618827e-72	19.8345033696564	4.73558061131978	1.18943344630146e-23	1	6	11	3.09410276512115e-09	1	0	-2.13725369701301	5.86131559783074
LAMA1	GPC1	R-HSA-6806667	REACTOME_METABOLISM_OF_FAT_SOLUBLE_VITAMINS	4.8215925629949e-72	8.62459760618827e-72	19.8345033696564	4.73558061131978	1.18943344630146e-23	1	6	11	3.09410276512115e-09	1	0	-2.13725369701301	5.86131559783074
SLIT2	GPC1	R-HSA-2024096	REACTOME_HS_GAG_DEGRADATION	4.91305778389439e-72	8.7806032712161e-72	6.80274676319369	4.73558061131978	5.25411414907986e-23	1	6	12	3.81709057873828e-08	1	0	2.78796175154231	5.86131559783074
FN1	ITGB3	R-HSA-76005	REACTOME_RESPONSE_TO_ELEVATED_PLATELET_CYTOSOLIC_CA2	5.25931403240219e-72	9.39130751161878e-72	9.24511967017868	3.57758831465387	1.0617609365717e-21	1	7	14	1.89307767291103e-07	1	0	3.96729180611041	-1.81862510220008
LAMC1	ITGB4	R-HSA-3000170	REACTOME_SYNDECAN_INTERACTIONS	5.7406195588854e-72	1.02418998347645e-71	2.41383536561023	7.42190860929556	2.87380221340684e-21	1	4	8	3.23938152773816e-11	1	0	1.75120519238021	0.000435230421763041
NID1	PTPRF	R-HSA-6794362	REACTOME_PROTEIN_PROTEIN_INTERACTIONS_AT_SYNAPSES	7.69299894283267e-72	1.37133182190615e-71	1.51200808588345	2.93265016080808	1.73832231597445e-13	1	8	15	1.69698149877191e-08	1	0	-6.39088225480639	-2.52832284368189
FBLN2	ITGB3	R-HSA-3000178	REACTOME_ECM_PROTEOGLYCANS	1.6325576880242e-71	2.9076415374638e-71	16.4383713511822	3.57758831465387	7.79229608219956e-27	1	6	11	1.28655055001064e-08	1	0	3.30185484435118	-1.81862510220008
MFGE8	ITGB3	R-HSA-76005	REACTOME_RESPONSE_TO_ELEVATED_PLATELET_CYTOSOLIC_CA2	1.73933437000619e-71	3.09514626049336e-71	3.04039885756526	3.57758831465387	3.51140334715023e-21	1	7	14	1.89307767291103e-07	1	0	0.6248001109505	-1.81862510220008
CDH1	EGFR	R-HSA-1227990	REACTOME_SIGNALING_BY_ERBB2_IN_CANCER	2.11990703895421e-71	3.76912903827831e-71	14.0529638668967	2.89751774661206	1.12509612679447e-22	1	9	17	1.25549861911524e-06	1	0	6.06941827582005	6.35694186809355
SLIT2	GPC1	R-HSA-2187338	REACTOME_VISUAL_PHOTOTRANSDUCTION	2.12985415746491e-71	3.78030815233892e-71	6.80274676319369	4.73558061131978	5.25411414907986e-23	1	6	11	3.09410276512115e-09	1	0	2.78796175154231	5.86131559783074
SLIT2	GPC1	R-HSA-6806667	REACTOME_METABOLISM_OF_FAT_SOLUBLE_VITAMINS	2.12985415746491e-71	3.78030815233892e-71	6.80274676319369	4.73558061131978	5.25411414907986e-23	1	6	11	3.09410276512115e-09	1	0	2.78796175154231	5.86131559783074
TNC	SDC4	R-HSA-3656237	REACTOME_DEFECTIVE_EXT2_CAUSES_EXOSTOSES_2	2.14660846460112e-71	3.80025114641466e-71	6.8277048658413	1.45777712136255	6.74496606322334e-19	1	4	8	1.41552611148282e-11	1	0	-5.58163186833725	7.17743566926211
TNC	SDC4	R-HSA-9694614	REACTOME_ATTACHMENT_AND_ENTRY	2.14660846460112e-71	3.80025114641466e-71	6.8277048658413	1.45777712136255	6.74496606322334e-19	1	4	8	1.41552611148282e-11	1	0	-5.58163186833725	7.17743566926211
TNC	SDC4	R-HSA-9772572	REACTOME_EARLY_SARS_COV_2_INFECTION_EVENTS	2.14660846460112e-71	3.80025114641466e-71	6.8277048658413	1.45777712136255	6.74496606322334e-19	1	4	8	1.41552611148282e-11	1	0	-5.58163186833725	7.17743566926211
LAMB3	ITGA3	R-HSA-216083	REACTOME_INTEGRIN_CELL_SURFACE_INTERACTIONS	2.22942348639053e-71	3.94348366685175e-71	1.20907444031088	2.75754452411437	8.7080249650632e-17	1	4	9	3.80772511424767e-10	1	0	2.59517547975114	5.65033245421738
CDH1	CDH2	R-HSA-525793	REACTOME_MYOGENESIS	2.30593309192169e-71	4.07532743191635e-71	14.0529638668967	2.0317292993972	1.27200479181701e-23	1	8	15	3.59936837853937e-07	1	0	6.06941827582005	4.07373521578657
TNC	EGFR	R-HSA-1643713	REACTOME_SIGNALING_BY_EGFR_IN_CANCER	2.31750542834402e-71	4.09227881620405e-71	6.8277048658413	2.89751774661206	2.15385338243132e-18	1	9	18	1.73410449377638e-06	1	0	-5.58163186833725	6.35694186809355
THBS1	SDC4	R-HSA-3656237	REACTOME_DEFECTIVE_EXT2_CAUSES_EXOSTOSES_2	2.6051312709266e-71	4.58840682500797e-71	7.11466682191395	1.45777712136255	8.18571355811128e-19	1	4	8	1.41552611148282e-11	1	0	-3.6446101735829	7.17743566926211
THBS1	SDC4	R-HSA-9694614	REACTOME_ATTACHMENT_AND_ENTRY	2.6051312709266e-71	4.58840682500797e-71	7.11466682191395	1.45777712136255	8.18571355811128e-19	1	4	8	1.41552611148282e-11	1	0	-3.6446101735829	7.17743566926211
THBS1	SDC4	R-HSA-9772572	REACTOME_EARLY_SARS_COV_2_INFECTION_EVENTS	2.6051312709266e-71	4.58840682500797e-71	7.11466682191395	1.45777712136255	8.18571355811128e-19	1	4	8	1.41552611148282e-11	1	0	-3.6446101735829	7.17743566926211
COL18A1	ITGB3	R-HSA-76005	REACTOME_RESPONSE_TO_ELEVATED_PLATELET_CYTOSOLIC_CA2	2.62595175549683e-71	4.62113826819118e-71	3.31748124564936	3.57758831465387	5.30132442773138e-21	1	7	14	1.89307767291103e-07	1	0	-2.93094921873315	-1.81862510220008
FBN1	ITGB3	R-HSA-76005	REACTOME_RESPONSE_TO_ELEVATED_PLATELET_CYTOSOLIC_CA2	2.92618012982963e-71	5.14509629636427e-71	7.14914428394037	3.57758831465387	5.90743153210484e-21	1	7	14	1.89307767291103e-07	1	0	3.49330586689255	-1.81862510220008
CDH1	EGFR	R-HSA-182971	REACTOME_EGFR_DOWNREGULATION	4.20826733320614e-71	7.39309550204411e-71	14.0529638668967	2.89751774661206	1.12509612679447e-22	1	9	17	1.35488883263165e-06	1	0	6.06941827582005	6.35694186809355
COL4A4	ITGA1	R-HSA-216083	REACTOME_INTEGRIN_CELL_SURFACE_INTERACTIONS	4.62270014756711e-71	8.11427230660463e-71	2.40348737446135	1.06937784120538	8.06983686521262e-11	1	6	11	3.2776655898049e-11	1	0	0.348341817117918	-3.20606372686874
NCAM1	FGFR2	R-HSA-2404192	REACTOME_SIGNALING_BY_TYPE_1_INSULIN_LIKE_GROWTH_FACTOR_1_RECEPTOR_IGF1R	5.45986860774435e-71	9.57562694702871e-71	5.35497639278498	12.7101660798708	3.09943474550362e-28	1	12	23	8.43864091750755e-05	1	0	2.31654305445474	5.73242607734244
BMP7	BMPR1B	R-HSA-201451	REACTOME_SIGNALING_BY_BMP	5.6359794652557e-71	9.87610990264484e-71	10.079912551582	9.28654776888433	7.88319056684898e-24	1	9	17	1.88051359549594e-06	1	0	6.37819869502286	2.51642733497908
WNT5A	FZD3	R-HSA-4086400	REACTOME_PCP_CE_PATHWAY	5.70922135066327e-71	9.99597568683926e-71	3.71867437883844	1.66337722608805	2.98558819656328e-16	1	13	24	8.01917118244104e-06	1	0	3.85719962716077	4.47201671447128
COL18A1	GPC1	R-HSA-2024096	REACTOME_HS_GAG_DEGRADATION	6.23491223807408e-71	1.09071369042007e-70	3.31748124564936	4.73558061131978	6.66772955850917e-22	1	6	12	3.81709057873828e-08	1	0	-2.93094921873315	5.86131559783074
LAMA1	SDC4	R-HSA-2024096	REACTOME_HS_GAG_DEGRADATION	6.49609375743493e-71	1.13544244525047e-70	19.8345033696564	1.45777712136255	1.11433793954792e-19	1	6	12	1.84799783951792e-08	1	0	-2.13725369701301	7.17743566926211
CDH1	CDH2	R-HSA-446728	REACTOME_CELL_JUNCTION_ORGANIZATION	8.01144422593177e-71	1.39912457910186e-70	14.0529638668967	2.0317292993972	1.27200479181701e-23	1	10	19	6.0724997951842e-06	1	0	6.06941827582005	4.07373521578657
DCN	MET	R-HSA-9825892	REACTOME_REGULATION_OF_MITF_M_DEPENDENT_GENES_INVOLVED_IN_CELL_CYCLE_AND_PROLIFERATION	1.15882555555974e-70	2.02207229542772e-70	15.215347949085	4.11816608001036	3.29371225008704e-23	1	6	11	4.43555943813283e-09	1	0	-5.95640031910379	-6.39088225480639
DCN	EGFR	R-HSA-1227990	REACTOME_SIGNALING_BY_ERBB2_IN_CANCER	1.20106082084302e-70	2.09400139735163e-70	15.215347949085	2.89751774661206	6.37437799273358e-22	1	9	17	1.25549861911524e-06	1	0	-5.95640031910379	6.35694186809355
NID1	ITGA3	R-HSA-216083	REACTOME_INTEGRIN_CELL_SURFACE_INTERACTIONS	1.22257526995174e-70	2.12971375018574e-70	1.51200808588345	2.75754452411437	4.77532242635739e-16	1	4	9	3.80772511424767e-10	1	0	-6.39088225480639	5.65033245421738
LAMB3	ITGB4	R-HSA-3000170	REACTOME_SYNDECAN_INTERACTIONS	1.58031028356971e-70	2.75056532927971e-70	1.20907444031088	7.42190860929556	7.91116558797704e-20	1	4	8	3.23938152773816e-11	1	0	2.59517547975114	0.000435230421763041
UBB	TGFBR2	R-HSA-2173788	REACTOME_DOWNREGULATION_OF_TGF_BETA_RECEPTOR_SIGNALING	2.32857083992427e-70	4.0495179758279e-70	1.56324007583564	1.27629366904749	6.54593470143117e-13	1	12	22	1.7607484049129e-06	1	0	5.83927178506202	4.98951084169741
LAMA1	SDC4	R-HSA-3000170	REACTOME_SYNDECAN_INTERACTIONS	2.3606364287581e-70	4.10182915207253e-70	19.8345033696564	1.45777712136255	1.11433793954792e-19	1	4	8	3.2776655898049e-11	1	0	-2.13725369701301	7.17743566926211
DCN	EGFR	R-HSA-182971	REACTOME_EGFR_DOWNREGULATION	2.38424842442188e-70	4.13937583601312e-70	15.215347949085	2.89751774661206	6.37437799273358e-22	1	9	17	1.35488883263165e-06	1	0	-5.95640031910379	6.35694186809355
COL18A1	GPC1	R-HSA-2187338	REACTOME_VISUAL_PHOTOTRANSDUCTION	2.70288979609045e-70	4.68470664322389e-70	3.31748124564936	4.73558061131978	6.66772955850917e-22	1	6	11	3.09410276512115e-09	1	0	-2.93094921873315	5.86131559783074
COL18A1	GPC1	R-HSA-6806667	REACTOME_METABOLISM_OF_FAT_SOLUBLE_VITAMINS	2.70288979609045e-70	4.68470664322389e-70	3.31748124564936	4.73558061131978	6.66772955850917e-22	1	6	11	3.09410276512115e-09	1	0	-2.93094921873315	5.86131559783074
SERPINE1	LRP2	R-HSA-2187338	REACTOME_VISUAL_PHOTOTRANSDUCTION	3.32596724102909e-70	5.75498184251767e-70	6.28331526418205	5.72249204709186	1.80505435793913e-21	1	5	10	3.09410276512115e-09	1	0	-6.39088225480639	-2.26417799144396
SERPINE1	LRP2	R-HSA-6806667	REACTOME_METABOLISM_OF_FAT_SOLUBLE_VITAMINS	3.32596724102909e-70	5.75498184251767e-70	6.28331526418205	5.72249204709186	1.80505435793913e-21	1	5	10	3.09410276512115e-09	1	0	-6.39088225480639	-2.26417799144396
TNC	SDC4	R-HSA-2024096	REACTOME_HS_GAG_DEGRADATION	3.93201473111391e-70	6.79794345981703e-70	6.8277048658413	1.45777712136255	6.74496606322334e-19	1	6	12	1.84799783951792e-08	1	0	-5.58163186833725	7.17743566926211
THBS1	SDC4	R-HSA-2024096	REACTOME_HS_GAG_DEGRADATION	4.77190633629236e-70	8.24310910600336e-70	7.11466682191395	1.45777712136255	8.18571355811128e-19	1	6	12	1.84799783951792e-08	1	0	-3.6446101735829	7.17743566926211
S100B	APP	R-HSA-9734009	REACTOME_DEFECTIVE_INTRINSIC_PATHWAY_FOR_APOPTOSIS	4.78136023350282e-70	8.25253988506e-70	4.2249108102541	1.1092665128676	4.28808301832756e-15	1	7	14	4.96840091204247e-08	1	0	5.19212134952298	-3.96459372498046
LAMA5	SDC1	R-HSA-3000170	REACTOME_SYNDECAN_INTERACTIONS	5.18371222383239e-70	8.93952375161746e-70	6.39025679656551	6.46884404771167	3.10330148907865e-24	1	5	10	9.62571362382182e-09	1	0	-4.04261071031852	5.30916569519122
BMP7	BMPR1A	R-HSA-201451	REACTOME_SIGNALING_BY_BMP	5.74584784524536e-70	9.90068527796239e-70	10.079912551582	1.54364056065855	2.80607705648732e-18	1	9	17	5.88161811812904e-07	1	0	6.37819869502286	-6.39088225480639
COL4A2	ITGB3	R-HSA-76005	REACTOME_RESPONSE_TO_ELEVATED_PLATELET_CYTOSOLIC_CA2	9.44081598063253e-70	1.6253938179989e-69	2.35366848733984	3.57758831465387	1.90593099325143e-19	1	7	14	1.89307767291103e-07	1	0	6.7881869323435	-1.81862510220008
LAMA5	SDC1	R-HSA-2022928	REACTOME_HS_GAG_BIOSYNTHESIS	1.19608912460263e-69	2.0575521493997e-69	6.39025679656551	6.46884404771167	3.10330148907865e-24	1	4	9	1.28907064258914e-08	1	0	-4.04261071031852	5.30916569519122
TNC	SDC4	R-HSA-3000170	REACTOME_SYNDECAN_INTERACTIONS	1.42886749472442e-69	2.45594030291236e-69	6.8277048658413	1.45777712136255	6.74496606322334e-19	1	4	8	3.2776655898049e-11	1	0	-5.58163186833725	7.17743566926211
COL1A2	ITGB3	R-HSA-3000178	REACTOME_ECM_PROTEOGLYCANS	1.59113892757447e-69	2.73257940512789e-69	16.249300289467	3.57758831465387	7.59460184624725e-25	1	6	11	1.28655055001064e-08	1	0	3.18442633530028	-1.81862510220008
SEMA5A	MET	R-HSA-9825892	REACTOME_REGULATION_OF_MITF_M_DEPENDENT_GENES_INVOLVED_IN_CELL_CYCLE_AND_PROLIFERATION	1.63572371332758e-69	2.80681494330131e-69	13.1302189665968	4.11816608001036	4.64919262998353e-22	1	6	11	4.43555943813283e-09	1	0	-3.36463131492755	-6.39088225480639
THBS1	SDC4	R-HSA-3000170	REACTOME_SYNDECAN_INTERACTIONS	1.73407840968746e-69	2.97311700781268e-69	7.11466682191395	1.45777712136255	8.18571355811128e-19	1	4	8	3.2776655898049e-11	1	0	-3.6446101735829	7.17743566926211
SLIT2	SDC1	R-HSA-3000170	REACTOME_SYNDECAN_INTERACTIONS	2.0928628695978e-69	3.58528581143372e-69	6.80274676319369	6.46884404771167	1.25292149317243e-23	1	5	10	9.62571362382182e-09	1	0	2.78796175154231	5.30916569519122
UBB	FGFR2	R-HSA-74751	REACTOME_INSULIN_RECEPTOR_SIGNALLING_CASCADE	2.41229527701615e-69	4.12566394231404e-69	1.56324007583564	12.7101660798708	4.21956674067272e-23	1	13	25	8.43864091750755e-05	1	0	5.83927178506202	5.73242607734244
UBB	FGFR2	R-HSA-74752	REACTOME_SIGNALING_BY_INSULIN_RECEPTOR	2.41229527701615e-69	4.12566394231404e-69	1.56324007583564	12.7101660798708	4.21956674067272e-23	1	13	25	8.43864091750755e-05	1	0	5.83927178506202	5.73242607734244
PTN	SDC1	R-HSA-3000170	REACTOME_SYNDECAN_INTERACTIONS	2.83262247855637e-69	4.84052774251237e-69	7.92717388064223	6.46884404771167	1.69578888181464e-23	1	5	10	9.62571362382182e-09	1	0	-1.41052729395478	5.30916569519122
TNC	SDC1	R-HSA-3000170	REACTOME_SYNDECAN_INTERACTIONS	2.86776967136095e-69	4.89653895953035e-69	6.8277048658413	6.46884404771167	1.7168302380971e-23	1	5	10	9.62571362382182e-09	1	0	-5.58163186833725	5.30916569519122
HSPG2	SDC1	R-HSA-2187338	REACTOME_VISUAL_PHOTOTRANSDUCTION	3.30833281203131e-69	5.63945180664743e-69	4.09583451460777	6.46884404771167	1.79548387795378e-20	1	5	10	3.09410276512115e-09	1	0	4.83775802276138	5.30916569519122
HSPG2	SDC1	R-HSA-6806667	REACTOME_METABOLISM_OF_FAT_SOLUBLE_VITAMINS	3.30833281203131e-69	5.63945180664743e-69	4.09583451460777	6.46884404771167	1.79548387795378e-20	1	5	10	3.09410276512115e-09	1	0	4.83775802276138	5.30916569519122
APP	GPC1	R-HSA-1793185	REACTOME_CHONDROITIN_SULFATE_DERMATAN_SULFATE_METABOLISM	3.41727675834686e-69	5.80599817659919e-69	1.1092665128676	4.73558061131978	5.86198611650717e-18	1	6	12	1.84799783951792e-08	1	0	-3.96459372498046	5.86131559783074
APP	GPC1	R-HSA-1971475	REACTOME_A_TETRASACCHARIDE_LINKER_SEQUENCE_IS_REQUIRED_FOR_GAG_SYNTHESIS	3.41727675834686e-69	5.80599817659919e-69	1.1092665128676	4.73558061131978	5.86198611650717e-18	1	6	12	1.84799783951792e-08	1	0	-3.96459372498046	5.86131559783074
APP	GPC1	R-HSA-3560782	REACTOME_DISEASES_ASSOCIATED_WITH_GLYCOSAMINOGLYCAN_METABOLISM	3.41727675834686e-69	5.80599817659919e-69	1.1092665128676	4.73558061131978	5.86198611650717e-18	1	6	12	1.84799783951792e-08	1	0	-3.96459372498046	5.86131559783074
APP	GPC1	R-HSA-3560783	REACTOME_DEFECTIVE_B4GALT7_CAUSES_EDS_PROGEROID_TYPE	3.41727675834686e-69	5.80599817659919e-69	1.1092665128676	4.73558061131978	5.86198611650717e-18	1	6	12	1.84799783951792e-08	1	0	-3.96459372498046	5.86131559783074
THBS1	SDC1	R-HSA-3000170	REACTOME_SYNDECAN_INTERACTIONS	3.48033494318003e-69	5.90827608267046e-69	7.11466682191395	6.46884404771167	2.08355096604458e-23	1	5	10	9.62571362382182e-09	1	0	-3.6446101735829	5.30916569519122
SEMA4D	ERBB2	R-HSA-1227990	REACTOME_SIGNALING_BY_ERBB2_IN_CANCER	3.50388599308103e-69	5.94337312126881e-69	1.83704509775797	5.48467664125572	1.8596138826397e-20	1	9	17	1.25549861911524e-06	1	0	4.10629032846076	5.37025434019213
SLIT2	SDC1	R-HSA-2022928	REACTOME_HS_GAG_BIOSYNTHESIS	4.82906922591452e-69	8.18446023030304e-69	6.80274676319369	6.46884404771167	1.25292149317243e-23	1	4	9	1.28907064258914e-08	1	0	2.78796175154231	5.30916569519122
CLCF1	CNTFR	R-HSA-6783589	REACTOME_INTERLEUKIN_6_FAMILY_SIGNALING	6.46482742648048e-69	1.09478143140235e-68	2.11510149025167	10.0329699010163	3.27622326397403e-23	1	6	12	1.13929692733836e-07	1	0	6.42549536585045	0.16756018104568
LAMB2	ITGA7	R-HSA-216083	REACTOME_INTEGRIN_CELL_SURFACE_INTERACTIONS	6.51846939197852e-69	1.10296132381881e-68	12.5087294742221	1.86987927801666	5.77131958502096e-22	1	4	8	1.82362944331216e-10	1	0	-4.4327218444072	3.91510871998263
PTN	SDC1	R-HSA-2022928	REACTOME_HS_GAG_BIOSYNTHESIS	6.53598964296166e-69	1.10502083489025e-68	7.92717388064223	6.46884404771167	1.69578888181464e-23	1	4	9	1.28907064258914e-08	1	0	-1.41052729395478	5.30916569519122
TNC	SDC1	R-HSA-2022928	REACTOME_HS_GAG_BIOSYNTHESIS	6.6170882326569e-69	1.11781719449462e-68	6.8277048658413	6.46884404771167	1.7168302380971e-23	1	4	9	1.28907064258914e-08	1	0	-5.58163186833725	5.30916569519122
CTNND1	AMOT	R-HSA-446728	REACTOME_CELL_JUNCTION_ORGANIZATION	7.09537289554658e-69	1.19763401978752e-68	4.09598999932096	3.81150512802621	2.37827380491051e-21	1	9	18	6.0724997951842e-06	1	0	-5.63138257603529	1.21214955198733
UBB	TGFBR2	R-HSA-9839373	REACTOME_SIGNALING_BY_TGFBR3	7.92520009727562e-69	1.33660925722216e-68	1.56324007583564	1.27629366904749	6.54593470143117e-13	1	12	22	2.42640389381191e-06	1	0	5.83927178506202	4.98951084169741
THBS1	SDC1	R-HSA-2022928	REACTOME_HS_GAG_BIOSYNTHESIS	8.03052059173638e-69	1.35326717312621e-68	7.11466682191395	6.46884404771167	2.08355096604458e-23	1	4	9	1.28907064258914e-08	1	0	-3.6446101735829	5.30916569519122
LAMA1	GPC1	R-HSA-2022928	REACTOME_HS_GAG_BIOSYNTHESIS	1.14609263621923e-68	1.92976967109123e-68	19.8345033696564	4.73558061131978	1.18943344630146e-23	1	5	10	1.28907064258914e-08	1	0	-2.13725369701301	5.86131559783074
CDH1	EGFR	R-HSA-180292	REACTOME_GAB1_SIGNALOSOME	1.15699975122777e-68	1.94654844139786e-68	14.0529638668967	2.89751774661206	1.12509612679447e-22	1	6	11	7.78485056437778e-09	1	0	6.06941827582005	6.35694186809355
L1CAM	EGFR	R-HSA-1227990	REACTOME_SIGNALING_BY_ERBB2_IN_CANCER	1.39391810597508e-68	2.34323417977585e-68	6.61152480504602	2.89751774661206	7.39792751891101e-20	1	9	17	1.25549861911524e-06	1	0	7.69724325085875	6.35694186809355
LAMA1	SDC4	R-HSA-2187338	REACTOME_VISUAL_PHOTOTRANSDUCTION	1.69250967638323e-68	2.8405564511842e-68	19.8345033696564	1.45777712136255	1.11433793954792e-19	1	6	11	2.62711270207214e-09	1	0	-2.13725369701301	7.17743566926211
LAMA1	SDC4	R-HSA-6806667	REACTOME_METABOLISM_OF_FAT_SOLUBLE_VITAMINS	1.69250967638323e-68	2.8405564511842e-68	19.8345033696564	1.45777712136255	1.11433793954792e-19	1	6	11	2.62711270207214e-09	1	0	-2.13725369701301	7.17743566926211
ANXA1	EGFR	R-HSA-1643713	REACTOME_SIGNALING_BY_EGFR_IN_CANCER	1.85965818285423e-68	3.11855016702665e-68	2.36495705120345	2.89751774661206	1.72833729678414e-15	1	9	18	1.73410449377638e-06	1	0	5.26706875945552	6.35694186809355
COL1A1	CD44	R-HSA-216083	REACTOME_INTEGRIN_CELL_SURFACE_INTERACTIONS	1.90262294484277e-68	3.18801216873087e-68	12.9101074672495	1.22373754881036	1.68454347242834e-21	1	4	8	1.82362944331216e-10	1	0	5.35249569933251	5.04403416569004
COL4A4	ITGB3	R-HSA-76005	REACTOME_RESPONSE_TO_ELEVATED_PLATELET_CYTOSOLIC_CA2	2.41073774179904e-68	4.03612980109953e-68	2.40348737446135	3.57758831465387	4.86684603123459e-18	1	7	14	1.89307767291103e-07	1	0	0.348341817117918	-1.81862510220008
L1CAM	EGFR	R-HSA-182971	REACTOME_EGFR_DOWNREGULATION	2.76709304830333e-68	4.62899938282971e-68	6.61152480504602	2.89751774661206	7.39792751891101e-20	1	9	17	1.35488883263165e-06	1	0	7.69724325085875	6.35694186809355
EFEMP1	EGFR	R-HSA-1227990	REACTOME_SIGNALING_BY_ERBB2_IN_CANCER	2.92381115211092e-68	4.88721184487149e-68	11.0825504472025	2.89751774661206	1.55175134676721e-19	1	9	17	1.25549861911524e-06	1	0	6.63580333837864	6.35694186809355
TNFSF12	TRAF2	R-HSA-5357786	REACTOME_TNFR1_INDUCED_PROAPOPTOTIC_SIGNALING	3.25317197250719e-68	5.4333494706547e-68	8.71305866963411	1.15950995895023	1.64631811656911e-18	1	10	19	3.4121151838122e-06	1	0	2.36479248772075	5.06353195786275
L1CAM	ITGB3	R-HSA-3000178	REACTOME_ECM_PROTEOGLYCANS	4.11913883780208e-68	6.87410407019314e-68	6.61152480504602	3.57758831465387	1.96608975372179e-23	1	6	11	1.28655055001064e-08	1	0	7.69724325085875	-1.81862510220008
COL1A2	CD44	R-HSA-216083	REACTOME_INTEGRIN_CELL_SURFACE_INTERACTIONS	4.68185641577171e-68	7.80687276431344e-68	16.249300289467	1.22373754881036	4.14521998981081e-21	1	4	8	1.82362944331216e-10	1	0	3.18442633530028	5.04403416569004
SLIT2	GPC1	R-HSA-2022928	REACTOME_HS_GAG_BIOSYNTHESIS	5.06266370332884e-68	8.4350509766753e-68	6.80274676319369	4.73558061131978	5.25411414907986e-23	1	5	10	1.28907064258914e-08	1	0	2.78796175154231	5.86131559783074
EFEMP1	EGFR	R-HSA-182971	REACTOME_EGFR_DOWNREGULATION	5.80411250767017e-68	9.66260792977162e-68	11.0825504472025	2.89751774661206	1.55175134676721e-19	1	9	17	1.35488883263165e-06	1	0	6.63580333837864	6.35694186809355
DCN	EGFR	R-HSA-180292	REACTOME_GAB1_SIGNALOSOME	6.55513211376628e-68	1.09041086530122e-67	15.215347949085	2.89751774661206	6.37437799273358e-22	1	6	11	7.78485056437778e-09	1	0	-5.95640031910379	6.35694186809355
TCN2	LRP2	R-HSA-2187338	REACTOME_VISUAL_PHOTOTRANSDUCTION	7.16886174041338e-68	1.19058427296576e-67	6.55836363827325	5.72249204709186	3.8906532110017e-19	1	5	10	3.09410276512115e-09	1	0	6.82456786242144	-2.26417799144396
TCN2	LRP2	R-HSA-6806667	REACTOME_METABOLISM_OF_FAT_SOLUBLE_VITAMINS	7.16886174041338e-68	1.19058427296576e-67	6.55836363827325	5.72249204709186	3.8906532110017e-19	1	5	10	3.09410276512115e-09	1	0	6.82456786242144	-2.26417799144396
LAMB1	ITGA7	R-HSA-216083	REACTOME_INTEGRIN_CELL_SURFACE_INTERACTIONS	7.26395152708729e-68	1.20540753855119e-67	8.31776841205843	1.86987927801666	6.43135423240781e-21	1	4	8	1.82362944331216e-10	1	0	6.66423855005416	3.91510871998263
WNT5A	FZD2	R-HSA-4086398	REACTOME_CA2_PATHWAY	8.35903252589147e-68	1.38601614755151e-67	3.71867437883844	3.90733841238929	3.10772352419006e-19	1	9	17	1.30614842014426e-06	1	0	3.85719962716077	10.3444172123752
FST	BMPR1B	R-HSA-201451	REACTOME_SIGNALING_BY_BMP	9.00871577023371e-68	1.49254264485187e-67	8.13654926371034	9.28654776888433	1.2600724260465e-20	1	9	17	1.88051359549594e-06	1	0	8.82976096584238	2.51642733497908
LAMA1	GPC1	R-HSA-9820960	REACTOME_RESPIRATORY_SYNCYTIAL_VIRUS_RSV_ATTACHMENT_AND_ENTRY	9.94874213642659e-68	1.64696324149498e-67	19.8345033696564	4.73558061131978	1.18943344630146e-23	1	5	10	1.84799783951792e-08	1	0	-2.13725369701301	5.86131559783074
TNC	SDC4	R-HSA-2187338	REACTOME_VISUAL_PHOTOTRANSDUCTION	1.02445765541406e-67	1.69322361286836e-67	6.8277048658413	1.45777712136255	6.74496606322334e-19	1	6	11	2.62711270207214e-09	1	0	-5.58163186833725	7.17743566926211
TNC	SDC4	R-HSA-6806667	REACTOME_METABOLISM_OF_FAT_SOLUBLE_VITAMINS	1.02445765541406e-67	1.69322361286836e-67	6.8277048658413	1.45777712136255	6.74496606322334e-19	1	6	11	2.62711270207214e-09	1	0	-5.58163186833725	7.17743566926211
THBS1	SDC4	R-HSA-2187338	REACTOME_VISUAL_PHOTOTRANSDUCTION	1.24328526504494e-67	2.05161929519396e-67	7.11466682191395	1.45777712136255	8.18571355811128e-19	1	6	11	2.62711270207214e-09	1	0	-3.6446101735829	7.17743566926211
THBS1	SDC4	R-HSA-6806667	REACTOME_METABOLISM_OF_FAT_SOLUBLE_VITAMINS	1.24328526504494e-67	2.05161929519396e-67	7.11466682191395	1.45777712136255	8.18571355811128e-19	1	6	11	2.62711270207214e-09	1	0	-3.6446101735829	7.17743566926211
LAMA1	ITGA7	R-HSA-216083	REACTOME_INTEGRIN_CELL_SURFACE_INTERACTIONS	1.63453365446261e-67	2.69508901047068e-67	19.8345033696564	1.86987927801666	1.44718269352994e-20	1	4	8	1.82362944331216e-10	1	0	-2.13725369701301	3.91510871998263
LAMA5	ITGA7	R-HSA-216083	REACTOME_INTEGRIN_CELL_SURFACE_INTERACTIONS	1.78835335915719e-67	2.94636207338019e-67	6.39025679656551	1.86987927801666	1.58337151653161e-20	1	4	8	1.82362944331216e-10	1	0	-4.04261071031852	3.91510871998263
NTN1	UNC5C	R-HSA-373752	REACTOME_NETRIN_1_SIGNALING	2.26958726915735e-67	3.73622892277218e-67	6.40962636955827	9.03576995515074	1.03888926372519e-23	1	7	14	1.28152817293568e-06	1	0	3.21483463130154	4.16488677734024
NID1	ITGB3	R-HSA-76005	REACTOME_RESPONSE_TO_ELEVATED_PLATELET_CYTOSOLIC_CA2	3.11643412198599e-67	5.12623638218396e-67	1.51200808588345	3.57758831465387	6.29152013311613e-17	1	7	14	1.89307767291103e-07	1	0	-6.39088225480639	-1.81862510220008
COL4A3	ITGB3	R-HSA-3000178	REACTOME_ECM_PROTEOGLYCANS	3.72541851438521e-67	6.12308245880656e-67	8.59500106905861	3.57758831465387	1.77816467418867e-22	1	6	11	1.28655055001064e-08	1	0	3.59636213159094	-1.81862510220008
TNC	EGFR	R-HSA-1227990	REACTOME_SIGNALING_BY_ERBB2_IN_CANCER	4.05829229836606e-67	6.66489021337383e-67	6.8277048658413	2.89751774661206	2.15385338243132e-18	1	9	17	1.25549861911524e-06	1	0	-5.58163186833725	6.35694186809355
UBB	ERBB2	R-HSA-1227990	REACTOME_SIGNALING_BY_ERBB2_IN_CANCER	4.06531465921891e-67	6.67112000472301e-67	1.56324007583564	5.48467664125572	2.15758035293112e-18	1	9	17	1.25549861911524e-06	1	0	5.83927178506202	5.37025434019213
SLIT2	GPC1	R-HSA-9820960	REACTOME_RESPIRATORY_SYNCYTIAL_VIRUS_RSV_ATTACHMENT_AND_ENTRY	4.39468277835008e-67	7.20588461910418e-67	6.80274676319369	4.73558061131978	5.25411414907986e-23	1	5	10	1.84799783951792e-08	1	0	2.78796175154231	5.86131559783074
APP	GPC1	R-HSA-2024096	REACTOME_HS_GAG_DEGRADATION	5.48147141489686e-67	8.98074539506496e-67	1.1092665128676	4.73558061131978	5.86198611650717e-18	1	6	12	3.81709057873828e-08	1	0	-3.96459372498046	5.86131559783074
COL18A1	GPC1	R-HSA-2022928	REACTOME_HS_GAG_BIOSYNTHESIS	6.42476951616837e-67	1.05178873378794e-66	3.31748124564936	4.73558061131978	6.66772955850917e-22	1	5	10	1.28907064258914e-08	1	0	-2.93094921873315	5.86131559783074
TNC	EGFR	R-HSA-182971	REACTOME_EGFR_DOWNREGULATION	8.05619236786959e-67	1.31782212446703e-66	6.8277048658413	2.89751774661206	2.15385338243132e-18	1	9	17	1.35488883263165e-06	1	0	-5.58163186833725	6.35694186809355
LAMA5	SDC1	R-HSA-9820960	REACTOME_RESPIRATORY_SYNCYTIAL_VIRUS_RSV_ATTACHMENT_AND_ENTRY	8.06302500700806e-67	1.31789633421508e-66	6.39025679656551	6.46884404771167	3.10330148907865e-24	1	4	9	3.81709057873828e-08	1	0	-4.04261071031852	5.30916569519122
WNT5A	FZD6	R-HSA-4086398	REACTOME_CA2_PATHWAY	8.65250331999465e-67	1.41312821020624e-66	3.71867437883844	2.25671619218573	3.21683018069275e-18	1	9	17	1.30614842014426e-06	1	0	3.85719962716077	4.99946175763607
WNT5A	LDLR	R-HSA-2187338	REACTOME_VISUAL_PHOTOTRANSDUCTION	9.3047996573804e-67	1.51726251713875e-66	3.71867437883844	2.55762367686529	6.1262227464889e-18	1	6	11	2.62711270207214e-09	1	0	3.85719962716077	2.96352383260928
WNT5A	LDLR	R-HSA-6806667	REACTOME_METABOLISM_OF_FAT_SOLUBLE_VITAMINS	9.3047996573804e-67	1.51726251713875e-66	3.71867437883844	2.55762367686529	6.1262227464889e-18	1	6	11	2.62711270207214e-09	1	0	3.85719962716077	2.96352383260928
WNT5A	LRP2	R-HSA-2187338	REACTOME_VISUAL_PHOTOTRANSDUCTION	9.58438909278385e-67	1.56038990273376e-66	3.71867437883844	5.72249204709186	5.20159762450362e-18	1	5	10	3.09410276512115e-09	1	0	3.85719962716077	-2.26417799144396
WNT5A	LRP2	R-HSA-6806667	REACTOME_METABOLISM_OF_FAT_SOLUBLE_VITAMINS	9.58438909278385e-67	1.56038990273376e-66	3.71867437883844	5.72249204709186	5.20159762450362e-18	1	5	10	3.09410276512115e-09	1	0	3.85719962716077	-2.26417799144396
TNFSF9	TRAF2	R-HSA-5357786	REACTOME_TNFR1_INDUCED_PROAPOPTOTIC_SIGNALING	9.76294904865393e-67	1.58820887673378e-66	3.24465487556851	1.15950995895023	4.94069173894698e-17	1	10	19	3.4121151838122e-06	1	0	2.84326536040046	5.06353195786275
TNC	ITGA7	R-HSA-216083	REACTOME_INTEGRIN_CELL_SURFACE_INTERACTIONS	9.8936540139874e-67	1.60820528661668e-66	6.8277048658413	1.86987927801666	8.75963907241967e-20	1	4	8	1.82362944331216e-10	1	0	-5.58163186833725	3.91510871998263
FBLN2	ITGB3	R-HSA-216083	REACTOME_INTEGRIN_CELL_SURFACE_INTERACTIONS	1.02367431379139e-66	1.66266598450709e-66	16.4383713511822	3.57758831465387	7.79229608219956e-27	1	3	7	5.74454208701553e-09	1	0	3.30185484435118	-1.81862510220008
DCN	MET	R-HSA-8876384	REACTOME_LISTERIA_MONOCYTOGENES_ENTRY_INTO_HOST_CELLS	1.1232260182625e-66	1.82292612233333e-66	15.215347949085	4.11816608001036	3.29371225008704e-23	1	7	14	1.35488883263165e-06	1	0	-5.95640031910379	-6.39088225480639
BMP6	BMPR1B	R-HSA-201451	REACTOME_SIGNALING_BY_BMP	1.18719726898411e-66	1.92523513164926e-66	2.76539766941981	9.28654776888433	1.6605635931677e-19	1	9	17	1.88051359549594e-06	1	0	6.04866130301272	2.51642733497908
TNC	ITGB3	R-HSA-3000178	REACTOME_ECM_PROTEOGLYCANS	1.19925764287702e-66	1.94326767857562e-66	6.8277048658413	3.57758831465387	5.7241288933858e-22	1	6	11	1.28655055001064e-08	1	0	-5.58163186833725	-1.81862510220008
LTBP1	ITGB3	R-HSA-3000178	REACTOME_ECM_PROTEOGLYCANS	1.3529241618594e-66	2.19054962257173e-66	4.49925244209	3.57758831465387	6.45758843519278e-22	1	6	11	1.28655055001064e-08	1	0	0.411198660997557	-1.81862510220008
COMP	ITGB3	R-HSA-3000178	REACTOME_ECM_PROTEOGLYCANS	1.36258942767389e-66	2.20447122754445e-66	8.97372250466624	3.57758831465387	6.50372133052145e-22	1	6	11	1.28655055001064e-08	1	0	4.52103900260026	-1.81862510220008
THBS1	ITGB3	R-HSA-3000178	REACTOME_ECM_PROTEOGLYCANS	1.45542311924927e-66	2.35282015991314e-66	7.11466682191395	3.57758831465387	6.94682212657015e-22	1	6	11	1.28655055001064e-08	1	0	-3.6446101735829	-1.81862510220008
COL14A1	CD44	R-HSA-216083	REACTOME_INTEGRIN_CELL_SURFACE_INTERACTIONS	1.92570929886193e-66	3.1106453568794e-66	7.32842319150696	1.22373754881036	1.70498365847285e-19	1	4	8	1.82362944331216e-10	1	0	11.1986159787516	5.04403416569004
FN1	ITGB3	R-HSA-3000178	REACTOME_ECM_PROTEOGLYCANS	2.22448680280976e-66	3.59046073016012e-66	9.24511967017868	3.57758831465387	1.0617609365717e-21	1	6	11	1.28655055001064e-08	1	0	3.96729180611041	-1.81862510220008
APP	GPC1	R-HSA-2187338	REACTOME_VISUAL_PHOTOTRANSDUCTION	2.37626651172603e-66	3.82945913668173e-66	1.1092665128676	4.73558061131978	5.86198611650717e-18	1	6	11	3.09410276512115e-09	1	0	-3.96459372498046	5.86131559783074
APP	GPC1	R-HSA-6806667	REACTOME_METABOLISM_OF_FAT_SOLUBLE_VITAMINS	2.37626651172603e-66	3.82945913668173e-66	1.1092665128676	4.73558061131978	5.86198611650717e-18	1	6	11	3.09410276512115e-09	1	0	-3.96459372498046	5.86131559783074
L1CAM	ERBB2	R-HSA-8864260	REACTOME_TRANSCRIPTIONAL_REGULATION_BY_THE_AP_2_TFAP2_FAMILY_OF_TRANSCRIPTION_FACTORS	2.40746601371913e-66	3.87671456301147e-66	6.61152480504602	5.48467664125572	7.55149525097075e-25	1	7	13	4.0724775021043e-07	1	0	7.69724325085875	5.37025434019213
FBLN2	ITGB3	R-HSA-210990	REACTOME_PECAM1_INTERACTIONS	2.89016555066285e-66	4.65037541095752e-66	16.4383713511822	3.57758831465387	7.79229608219956e-27	1	4	9	1.28084434536585e-07	1	0	3.30185484435118	-1.81862510220008
HSPG2	SDC1	R-HSA-3000170	REACTOME_SYNDECAN_INTERACTIONS	2.99915163209175e-66	4.82198231276386e-66	4.09583451460777	6.46884404771167	1.79548387795378e-20	1	5	10	9.62571362382182e-09	1	0	4.83775802276138	5.30916569519122
FBLN2	ITGB3	R-HSA-1566948	REACTOME_ELASTIC_FIBRE_FORMATION	3.13269744584539e-66	5.03277832279672e-66	16.4383713511822	3.57758831465387	7.79229608219956e-27	1	4	8	5.90490614656606e-09	1	0	3.30185484435118	-1.81862510220008
SLIT2	SDC1	R-HSA-9820960	REACTOME_RESPIRATORY_SYNCYTIAL_VIRUS_RSV_ATTACHMENT_AND_ENTRY	3.25535155601867e-66	5.22576248231124e-66	6.80274676319369	6.46884404771167	1.25292149317243e-23	1	4	9	3.81709057873828e-08	1	0	2.78796175154231	5.30916569519122
BMP4	BMPR1B	R-HSA-201451	REACTOME_SIGNALING_BY_BMP	3.66434268054948e-66	5.87774221895591e-66	1.8873058499433	9.28654776888433	5.12541108978281e-19	1	9	17	1.88051359549594e-06	1	0	8.26547188200871	2.51642733497908
UBB	ERBB3	R-HSA-1227990	REACTOME_SIGNALING_BY_ERBB2_IN_CANCER	3.74544026095526e-66	6.00316491786934e-66	1.56324007583564	9.47133900069063	1.98781373584178e-17	1	9	17	1.25549861911524e-06	1	0	5.83927178506202	4.07639206347018
PTN	SDC1	R-HSA-9820960	REACTOME_RESPIRATORY_SYNCYTIAL_VIRUS_RSV_ATTACHMENT_AND_ENTRY	4.40601346946062e-66	7.05645257977182e-66	7.92717388064223	6.46884404771167	1.69578888181464e-23	1	4	9	3.81709057873828e-08	1	0	-1.41052729395478	5.30916569519122
LAMA5	SDC1	R-HSA-2024096	REACTOME_HS_GAG_DEGRADATION	4.43466346366853e-66	7.09683556618062e-66	6.39025679656551	6.46884404771167	3.10330148907865e-24	1	6	11	3.81709057873828e-08	1	0	-4.04261071031852	5.30916569519122
TNC	SDC1	R-HSA-9820960	REACTOME_RESPIRATORY_SYNCYTIAL_VIRUS_RSV_ATTACHMENT_AND_ENTRY	4.4606833049516e-66	7.13295023841332e-66	6.8277048658413	6.46884404771167	1.7168302380971e-23	1	4	9	3.81709057873828e-08	1	0	-5.58163186833725	5.30916569519122
THBS1	SDC1	R-HSA-9820960	REACTOME_RESPIRATORY_SYNCYTIAL_VIRUS_RSV_ATTACHMENT_AND_ENTRY	5.41350030015323e-66	8.6498775097576e-66	7.11466682191395	6.46884404771167	2.08355096604458e-23	1	4	9	3.81709057873828e-08	1	0	-3.6446101735829	5.30916569519122
COL18A1	GPC1	R-HSA-9820960	REACTOME_RESPIRATORY_SYNCYTIAL_VIRUS_RSV_ATTACHMENT_AND_ENTRY	5.57706883216607e-66	8.90434637345834e-66	3.31748124564936	4.73558061131978	6.66772955850917e-22	1	5	10	1.84799783951792e-08	1	0	-2.93094921873315	5.86131559783074
WNT2	FZD3	R-HSA-4086398	REACTOME_CA2_PATHWAY	6.03850744565919e-66	9.63363427237983e-66	15.1295630659464	1.66337722608805	2.24499804035283e-17	1	9	17	1.30614842014426e-06	1	0	-6.39088225480639	4.47201671447128
L1CAM	EZR	R-HSA-437239	REACTOME_RECYCLING_PATHWAY_OF_L1	6.19812965793347e-66	9.88066039605753e-66	6.61152480504602	2.81226153847782	1.00012546552061e-22	1	8	16	5.60014789616316e-06	1	0	7.69724325085875	8.66058596719193
S100B	APP	R-HSA-76005	REACTOME_RESPONSE_TO_ELEVATED_PLATELET_CYTOSOLIC_CA2	6.45011388091218e-66	1.02744296668963e-65	4.2249108102541	1.1092665128676	4.28808301832756e-15	1	7	13	1.89470234547733e-08	1	0	5.19212134952298	-3.96459372498046
NTN1	NEO1	R-HSA-373752	REACTOME_NETRIN_1_SIGNALING	6.50249295007699e-66	1.03498847726187e-65	6.40962636955827	4.26638550364743	1.68067449422666e-21	1	8	15	9.38385488604512e-07	1	0	3.21483463130154	4.91850610131942
HSPG2	SDC1	R-HSA-2022928	REACTOME_HS_GAG_BIOSYNTHESIS	6.92023880817804e-66	1.10063228465711e-65	4.09583451460777	6.46884404771167	1.79548387795378e-20	1	4	9	1.28907064258914e-08	1	0	4.83775802276138	5.30916569519122
CDH1	IGF1R	R-HSA-2404192	REACTOME_SIGNALING_BY_TYPE_1_INSULIN_LIKE_GROWTH_FACTOR_1_RECEPTOR_IGF1R	6.96698756857573e-66	1.10721510128288e-65	14.0529638668967	5.92947905626477	6.3967864714391e-27	1	12	22	8.43864091750755e-05	1	0	6.06941827582005	3.65530470112101
MFGE8	ITGB3	R-HSA-3000178	REACTOME_ECM_PROTEOGLYCANS	7.35671292475564e-66	1.16825279804344e-65	3.04039885756526	3.57758831465387	3.51140334715023e-21	1	6	11	1.28655055001064e-08	1	0	0.6248001109505	-1.81862510220008
UBB	FGFR2	R-HSA-2404192	REACTOME_SIGNALING_BY_TYPE_1_INSULIN_LIKE_GROWTH_FACTOR_1_RECEPTOR_IGF1R	7.43305856627663e-66	1.17946996911886e-65	1.56324007583564	12.7101660798708	4.21956674067272e-23	1	12	23	8.43864091750755e-05	1	0	5.83927178506202	5.73242607734244
L1CAM	EGFR	R-HSA-180292	REACTOME_GAB1_SIGNALOSOME	7.60770577298831e-66	1.20625634128886e-65	6.61152480504602	2.89751774661206	7.39792751891101e-20	1	6	11	7.78485056437778e-09	1	0	7.69724325085875	6.35694186809355
HSPG2	LRP2	R-HSA-2187338	REACTOME_VISUAL_PHOTOTRANSDUCTION	8.94556644408718e-66	1.41620998264246e-65	4.09583451460777	5.72249204709186	4.85489859759939e-17	1	5	10	3.09410276512115e-09	1	0	4.83775802276138	-2.26417799144396
HSPG2	LRP2	R-HSA-6806667	REACTOME_METABOLISM_OF_FAT_SOLUBLE_VITAMINS	8.94556644408718e-66	1.41620998264246e-65	4.09583451460777	5.72249204709186	4.85489859759939e-17	1	5	10	3.09410276512115e-09	1	0	4.83775802276138	-2.26417799144396
KITLG	EPOR	R-HSA-9006335	REACTOME_SIGNALING_BY_ERYTHROPOIETIN	1.01849531710335e-65	1.61118784466732e-65	1.17010811298402	2.58820160929814	5.66504088588176e-12	1	11	20	1.25549861911524e-06	1	0	8.52156155095549	7.07270395721462
COL18A1	ITGB3	R-HSA-3000178	REACTOME_ECM_PROTEOGLYCANS	1.1106762191665e-65	1.75566722937873e-65	3.31748124564936	3.57758831465387	5.30132442773138e-21	1	6	11	1.28655055001064e-08	1	0	-2.93094921873315	-1.81862510220008
BMP6	BMPR1A	R-HSA-201451	REACTOME_SIGNALING_BY_BMP	1.2103406181527e-65	1.91174596108828e-65	2.76539766941981	1.54364056065855	5.91089275352704e-14	1	9	17	5.88161811812904e-07	1	0	6.04866130301272	-6.39088225480639
FBN1	ITGB3	R-HSA-3000178	REACTOME_ECM_PROTEOGLYCANS	1.23766123135968e-65	1.953405732612e-65	7.14914428394037	3.57758831465387	5.90743153210484e-21	1	6	11	1.28655055001064e-08	1	0	3.49330586689255	-1.81862510220008
IL6ST	CNTFR	R-HSA-6783589	REACTOME_INTERLEUKIN_6_FAMILY_SIGNALING	1.3044172471767e-65	2.05719544478402e-65	2.21481281597362	10.0329699010163	6.61048137746788e-20	1	6	12	1.13929692733836e-07	1	0	6.11148878270518	0.16756018104568
SEMA5A	MET	R-HSA-8876384	REACTOME_LISTERIA_MONOCYTOGENES_ENTRY_INTO_HOST_CELLS	1.58547369333e-65	2.49854206744454e-65	13.1302189665968	4.11816608001036	4.64919262998353e-22	1	7	14	1.35488883263165e-06	1	0	-3.36463131492755	-6.39088225480639
EFEMP1	EGFR	R-HSA-180292	REACTOME_GAB1_SIGNALOSOME	1.5957533577973e-65	2.51282502836068e-65	11.0825504472025	2.89751774661206	1.55175134676721e-19	1	6	11	7.78485056437778e-09	1	0	6.63580333837864	6.35694186809355
CDH1	ERBB3	R-HSA-1963642	REACTOME_PI3K_EVENTS_IN_ERBB2_SIGNALING	1.69418422668853e-65	2.66579178395926e-65	14.0529638668967	9.47133900069063	1.0580866130721e-26	1	4	8	7.78485056437778e-09	1	0	6.06941827582005	4.07639206347018
SLIT2	SDC1	R-HSA-2024096	REACTOME_HS_GAG_DEGRADATION	1.79044323865112e-65	2.81511090643319e-65	6.80274676319369	6.46884404771167	1.25292149317243e-23	1	6	11	3.81709057873828e-08	1	0	2.78796175154231	5.30916569519122
LAMB2	ITGA3	R-HSA-8875878	REACTOME_MET_PROMOTES_CELL_MOTILITY	2.28635632598616e-65	3.59210050911589e-65	12.5087294742221	2.75754452411437	2.86249954100888e-23	1	5	10	3.95090459057117e-08	1	0	-4.4327218444072	5.65033245421738
PTN	SDC1	R-HSA-2024096	REACTOME_HS_GAG_DEGRADATION	2.42330724963221e-65	3.80437141165665e-65	7.92717388064223	6.46884404771167	1.69578888181464e-23	1	6	11	3.81709057873828e-08	1	0	-1.41052729395478	5.30916569519122
TNC	SDC1	R-HSA-2024096	REACTOME_HS_GAG_DEGRADATION	2.4533756571847e-65	3.84865156244767e-65	6.8277048658413	6.46884404771167	1.7168302380971e-23	1	6	11	3.81709057873828e-08	1	0	-5.58163186833725	5.30916569519122
THBS1	SDC1	R-HSA-2024096	REACTOME_HS_GAG_DEGRADATION	2.97742497025399e-65	4.66719270754533e-65	7.11466682191395	6.46884404771167	2.08355096604458e-23	1	6	11	3.81709057873828e-08	1	0	-3.6446101735829	5.30916569519122
BMP4	BMPR1A	R-HSA-201451	REACTOME_SIGNALING_BY_BMP	3.73577576445634e-65	5.85148804349264e-65	1.8873058499433	1.54364056065855	1.82442608004262e-13	1	9	17	5.88161811812904e-07	1	0	8.26547188200871	-6.39088225480639
L1CAM	FGFR2	R-HSA-112399	REACTOME_IRS_MEDIATED_SIGNALLING	4.99257131387523e-65	7.8141305564138e-65	6.61152480504602	12.7101660798708	1.47684132181016e-29	1	11	20	8.43864091750755e-05	1	0	7.69724325085875	5.73242607734244
FN1	CD44	R-HSA-216083	REACTOME_INTEGRIN_CELL_SURFACE_INTERACTIONS	6.54545472368686e-65	1.02368731711863e-64	9.24511967017868	1.22373754881036	5.79521184623005e-18	1	4	8	1.82362944331216e-10	1	0	3.96729180611041	5.04403416569004
WNT5A	FZD3	R-HSA-4086398	REACTOME_CA2_PATHWAY	8.03051772454382e-65	1.25499618902478e-64	3.71867437883844	1.66337722608805	2.98558819656328e-16	1	9	17	1.30614842014426e-06	1	0	3.85719962716077	4.47201671447128
CLCF1	CRLF1	R-HSA-447115	REACTOME_INTERLEUKIN_12_FAMILY_SIGNALING	9.26613252754512e-65	1.44700149674287e-64	2.11510149025167	3.53093549361668	6.59955109032184e-18	1	5	10	6.37080242868633e-09	1	0	6.42549536585045	-4.2780600592729
COL1A2	ITGB3	R-HSA-216083	REACTOME_INTEGRIN_CELL_SURFACE_INTERACTIONS	9.97703212437674e-65	1.55683900067691e-64	16.249300289467	3.57758831465387	7.59460184624725e-25	1	3	7	5.74454208701553e-09	1	0	3.18442633530028	-1.81862510220008
WNT5A	LDLR	R-HSA-174824	REACTOME_PLASMA_LIPOPROTEIN_ASSEMBLY_REMODELING_AND_CLEARANCE	1.38236247552597e-64	2.15544216938615e-64	3.71867437883844	2.55762367686529	6.1262227464889e-18	1	12	23	3.99837611102507e-05	1	0	3.85719962716077	2.96352383260928
TNC	EGFR	R-HSA-180292	REACTOME_GAB1_SIGNALOSOME	2.21492881213105e-64	3.45101276460237e-64	6.8277048658413	2.89751774661206	2.15385338243132e-18	1	6	11	7.78485056437778e-09	1	0	-5.58163186833725	6.35694186809355
LAMB1	ITGA3	R-HSA-8875878	REACTOME_MET_PROMOTES_CELL_MOTILITY	2.54783454932691e-64	3.96671151387294e-64	8.31776841205843	2.75754452411437	3.18986815183724e-22	1	5	10	3.95090459057117e-08	1	0	6.66423855005416	5.65033245421738
COL1A2	ITGB3	R-HSA-210990	REACTOME_PECAM1_INTERACTIONS	2.81684068411688e-64	4.38222353417581e-64	16.249300289467	3.57758831465387	7.59460184624725e-25	1	4	9	1.28084434536585e-07	1	0	3.18442633530028	-1.81862510220008
COL1A2	ITGB3	R-HSA-1566948	REACTOME_ELASTIC_FIBRE_FORMATION	3.05321943044491e-64	4.74638927261037e-64	16.249300289467	3.57758831465387	7.59460184624725e-25	1	4	8	5.90490614656606e-09	1	0	3.18442633530028	-1.81862510220008
ANXA1	EGFR	R-HSA-1227990	REACTOME_SIGNALING_BY_ERBB2_IN_CANCER	3.25653454303384e-64	5.05864689166009e-64	2.36495705120345	2.89751774661206	1.72833729678414e-15	1	9	17	1.25549861911524e-06	1	0	5.26706875945552	6.35694186809355
SEMA4D	MET	R-HSA-9825892	REACTOME_REGULATION_OF_MITF_M_DEPENDENT_GENES_INVOLVED_IN_CELL_CYCLE_AND_PROLIFERATION	3.31192237466292e-64	5.14082015481112e-64	1.83704509775797	4.11816608001036	9.4134265890396e-17	1	6	11	4.43555943813283e-09	1	0	4.10629032846076	-6.39088225480639
CDH1	EGFR	R-HSA-8864260	REACTOME_TRANSCRIPTIONAL_REGULATION_BY_THE_AP_2_TFAP2_FAMILY_OF_TRANSCRIPTION_FACTORS	3.58687994550023e-64	5.56343390946207e-64	14.0529638668967	2.89751774661206	1.12509612679447e-22	1	7	13	4.0724775021043e-07	1	0	6.06941827582005	6.35694186809355
COL4A2	ITGB3	R-HSA-3000178	REACTOME_ECM_PROTEOGLYCANS	3.99310070235154e-64	6.18885675248184e-64	2.35366848733984	3.57758831465387	1.90593099325143e-19	1	6	11	1.28655055001064e-08	1	0	6.7881869323435	-1.81862510220008
LAMA1	ITGA3	R-HSA-8875878	REACTOME_MET_PROMOTES_CELL_MOTILITY	5.73313478393669e-64	8.87905282129925e-64	19.8345033696564	2.75754452411437	7.17783816154831e-22	1	5	10	3.95090459057117e-08	1	0	-2.13725369701301	5.65033245421738
LAMA5	ITGA3	R-HSA-8875878	REACTOME_MET_PROMOTES_CELL_MOTILITY	6.27265815014679e-64	9.70734961663166e-64	6.39025679656551	2.75754452411437	7.85331703183064e-22	1	5	10	3.95090459057117e-08	1	0	-4.04261071031852	5.65033245421738
ANXA1	EGFR	R-HSA-182971	REACTOME_EGFR_DOWNREGULATION	6.4646079686906e-64	9.99691621505598e-64	2.36495705120345	2.89751774661206	1.72833729678414e-15	1	9	17	1.35488883263165e-06	1	0	5.26706875945552	6.35694186809355
LAMC1	ITGA7	R-HSA-216083	REACTOME_INTEGRIN_CELL_SURFACE_INTERACTIONS	7.20337908385354e-64	1.11310255701132e-63	2.41383536561023	1.86987927801666	6.3777246290568e-17	1	4	8	1.82362944331216e-10	1	0	1.75120519238021	3.91510871998263
UBB	LDLR	R-HSA-2187338	REACTOME_VISUAL_PHOTOTRANSDUCTION	8.149373839519e-64	1.25740151997358e-63	1.56324007583564	2.55762367686529	5.36549750920251e-15	1	6	11	2.62711270207214e-09	1	0	5.83927178506202	2.96352383260928
UBB	LDLR	R-HSA-6806667	REACTOME_METABOLISM_OF_FAT_SOLUBLE_VITAMINS	8.149373839519e-64	1.25740151997358e-63	1.56324007583564	2.55762367686529	5.36549750920251e-15	1	6	11	2.62711270207214e-09	1	0	5.83927178506202	2.96352383260928
UBB	LRP2	R-HSA-2187338	REACTOME_VISUAL_PHOTOTRANSDUCTION	8.39424518705796e-64	1.29325209220446e-63	1.56324007583564	5.72249204709186	4.55568794232031e-15	1	5	10	3.09410276512115e-09	1	0	5.83927178506202	-2.26417799144396
UBB	LRP2	R-HSA-6806667	REACTOME_METABOLISM_OF_FAT_SOLUBLE_VITAMINS	8.39424518705796e-64	1.29325209220446e-63	1.56324007583564	5.72249204709186	4.55568794232031e-15	1	5	10	3.09410276512115e-09	1	0	5.83927178506202	-2.26417799144396
CDH1	EGFR	R-HSA-9634638	REACTOME_ESTROGEN_DEPENDENT_NUCLEAR_EVENTS_DOWNSTREAM_OF_ESR_MEMBRANE_SIGNALING	1.00698550209857e-63	1.55024742722477e-63	14.0529638668967	2.89751774661206	1.12509612679447e-22	1	7	13	4.71957055561488e-07	1	0	6.06941827582005	6.35694186809355
NTN1	NEO1	R-HSA-525793	REACTOME_MYOGENESIS	1.04181878971392e-63	1.60267879340949e-63	6.40962636955827	4.26638550364743	1.68067449422666e-21	1	6	12	3.59936837853937e-07	1	0	3.21483463130154	4.91850610131942
NCAM1	FGFR2	R-HSA-112399	REACTOME_IRS_MEDIATED_SIGNALLING	1.04778683878258e-63	1.61066042330715e-63	5.35497639278498	12.7101660798708	3.09943474550362e-28	1	11	20	8.43864091750755e-05	1	0	2.31654305445474	5.73242607734244
COL4A3	ITGA3	R-HSA-8875878	REACTOME_MET_PROMOTES_CELL_MOTILITY	1.07799706266849e-63	1.6558676070432e-63	8.59500106905861	2.75754452411437	1.34964356256522e-21	1	5	10	3.95090459057117e-08	1	0	3.59636213159094	5.65033245421738
L1CAM	ERBB2	R-HSA-1963642	REACTOME_PI3K_EVENTS_IN_ERBB2_SIGNALING	1.20912824943152e-63	1.85591304853308e-63	6.61152480504602	5.48467664125572	7.55149525097075e-25	1	4	8	7.78485056437778e-09	1	0	7.69724325085875	5.37025434019213
CLCF1	CRLF1	R-HSA-6783589	REACTOME_INTERLEUKIN_6_FAMILY_SIGNALING	1.30226042163621e-63	1.99737938463282e-63	2.11510149025167	3.53093549361668	6.59955109032184e-18	1	6	12	1.13929692733836e-07	1	0	6.42549536585045	-4.2780600592729
DCN	EGFR	R-HSA-8864260	REACTOME_TRANSCRIPTIONAL_REGULATION_BY_THE_AP_2_TFAP2_FAMILY_OF_TRANSCRIPTION_FACTORS	2.03219334265389e-63	3.1146227343642e-63	15.215347949085	2.89751774661206	6.37437799273358e-22	1	7	13	4.0724775021043e-07	1	0	-5.95640031910379	6.35694186809355
L1CAM	ITGB3	R-HSA-216083	REACTOME_INTEGRIN_CELL_SURFACE_INTERACTIONS	2.58285306187356e-63	3.95565190943719e-63	6.61152480504602	3.57758831465387	1.96608975372179e-23	1	3	7	5.74454208701553e-09	1	0	7.69724325085875	-1.81862510220008
THBS1	ITGA3	R-HSA-8875878	REACTOME_MET_PROMOTES_CELL_MOTILITY	4.21145125422086e-63	6.44508021571874e-63	7.11466682191395	2.75754452411437	5.27270274767376e-21	1	5	10	3.95090459057117e-08	1	0	-3.6446101735829	5.65033245421738
HSPG2	SDC1	R-HSA-9820960	REACTOME_RESPIRATORY_SYNCYTIAL_VIRUS_RSV_ATTACHMENT_AND_ENTRY	4.66504187832529e-63	7.13395745419693e-63	4.09583451460777	6.46884404771167	1.79548387795378e-20	1	4	9	3.81709057873828e-08	1	0	4.83775802276138	5.30916569519122
APP	GPC1	R-HSA-2022928	REACTOME_HS_GAG_BIOSYNTHESIS	5.64838591233419e-63	8.63133527727991e-63	1.1092665128676	4.73558061131978	5.86198611650717e-18	1	5	10	1.28907064258914e-08	1	0	-3.96459372498046	5.86131559783074
DCN	EGFR	R-HSA-9634638	REACTOME_ESTROGEN_DEPENDENT_NUCLEAR_EVENTS_DOWNSTREAM_OF_ESR_MEMBRANE_SIGNALING	5.70520693362183e-63	8.7117202696694e-63	15.215347949085	2.89751774661206	6.37437799273358e-22	1	7	13	4.71957055561488e-07	1	0	-5.95640031910379	6.35694186809355
FN1	ITGA3	R-HSA-8875878	REACTOME_MET_PROMOTES_CELL_MOTILITY	6.43683449286091e-63	9.82163963238599e-63	9.24511967017868	2.75754452411437	8.0588644787978e-21	1	5	10	3.95090459057117e-08	1	0	3.96729180611041	5.65033245421738
L1CAM	ITGB3	R-HSA-210990	REACTOME_PECAM1_INTERACTIONS	7.29223429882038e-63	1.11186391596774e-62	6.61152480504602	3.57758831465387	1.96608975372179e-23	1	4	9	1.28084434536585e-07	1	0	7.69724325085875	-1.81862510220008
L1CAM	ITGB3	R-HSA-1566948	REACTOME_ELASTIC_FIBRE_FORMATION	7.90417135695963e-63	1.20427861530078e-62	6.61152480504602	3.57758831465387	1.96608975372179e-23	1	4	8	5.90490614656606e-09	1	0	7.69724325085875	-1.81862510220008
CDH1	EGFR	R-HSA-1963642	REACTOME_PI3K_EVENTS_IN_ERBB2_SIGNALING	8.09127590947197e-63	1.23187737870074e-62	14.0529638668967	2.89751774661206	1.12509612679447e-22	1	4	8	4.1853123432812e-09	1	0	6.06941827582005	6.35694186809355
COL4A4	ITGB3	R-HSA-3000178	REACTOME_ECM_PROTEOGLYCANS	1.01964899958978e-62	1.55124803619475e-62	2.40348737446135	3.57758831465387	4.86684603123459e-18	1	6	11	1.28655055001064e-08	1	0	0.348341817117918	-1.81862510220008
L1CAM	ERBB3	R-HSA-1963642	REACTOME_PI3K_EVENTS_IN_ERBB2_SIGNALING	1.11398944625588e-62	1.69352626634631e-62	6.61152480504602	9.47133900069063	6.95731492253852e-24	1	4	8	7.78485056437778e-09	1	0	7.69724325085875	4.07639206347018
FBLN2	ITGB3	R-HSA-372708	REACTOME_P130CAS_LINKAGE_TO_MAPK_SIGNALING_FOR_INTEGRINS	1.57531505605342e-62	2.39308890132822e-62	16.4383713511822	3.57758831465387	7.79229608219956e-27	1	3	7	3.95090459057117e-08	1	0	3.30185484435118	-1.81862510220008
COL4A3	ITGB3	R-HSA-216083	REACTOME_INTEGRIN_CELL_SURFACE_INTERACTIONS	2.3359757938566e-62	3.54601468780877e-62	8.59500106905861	3.57758831465387	1.77816467418867e-22	1	3	7	5.74454208701553e-09	1	0	3.59636213159094	-1.81862510220008
S100B	APP	R-HSA-432720	REACTOME_LYSOSOME_VESICLE_BIOGENESIS	2.40344723229861e-62	3.64575769598306e-62	4.2249108102541	1.1092665128676	4.28808301832756e-15	1	11	20	5.60014789616316e-06	1	0	5.19212134952298	-3.96459372498046
HSPG2	SDC1	R-HSA-2024096	REACTOME_HS_GAG_DEGRADATION	2.56577286518542e-62	3.88913187048649e-62	4.09583451460777	6.46884404771167	1.79548387795378e-20	1	6	11	3.81709057873828e-08	1	0	4.83775802276138	5.30916569519122
COL18A1	ITGA3	R-HSA-8875878	REACTOME_MET_PROMOTES_CELL_MOTILITY	3.21388240600082e-62	4.86794798445579e-62	3.31748124564936	2.75754452411437	4.0237546560315e-20	1	5	10	3.95090459057117e-08	1	0	-2.93094921873315	5.65033245421738
UBB	MET	R-HSA-9825892	REACTOME_REGULATION_OF_MITF_M_DEPENDENT_GENES_INVOLVED_IN_CELL_CYCLE_AND_PROLIFERATION	3.84259265469797e-62	5.81596807663444e-62	1.56324007583564	4.11816608001036	1.09217426541477e-14	1	6	11	4.43555943813283e-09	1	0	5.83927178506202	-6.39088225480639
DCN	EGFR	R-HSA-1963642	REACTOME_PI3K_EVENTS_IN_ERBB2_SIGNALING	4.58421728260872e-62	6.93337694426766e-62	15.215347949085	2.89751774661206	6.37437799273358e-22	1	4	8	4.1853123432812e-09	1	0	-5.95640031910379	6.35694186809355
APP	GPC1	R-HSA-9820960	REACTOME_RESPIRATORY_SYNCYTIAL_VIRUS_RSV_ATTACHMENT_AND_ENTRY	4.90312328628279e-62	7.4102799630287e-62	1.1092665128676	4.73558061131978	5.86198611650717e-18	1	5	10	1.84799783951792e-08	1	0	-3.96459372498046	5.86131559783074
SERPINE1	LRP2	R-HSA-196849	REACTOME_METABOLISM_OF_WATER_SOLUBLE_VITAMINS_AND_COFACTORS	5.77829891280684e-62	8.72658300720681e-62	6.28331526418205	5.72249204709186	1.80505435793913e-21	1	9	17	1.03106040956492e-05	1	0	-6.39088225480639	-2.26417799144396
SEMA4D	ERBB2	R-HSA-8864260	REACTOME_TRANSCRIPTIONAL_REGULATION_BY_THE_AP_2_TFAP2_FAMILY_OF_TRANSCRIPTION_FACTORS	5.92857053114063e-62	8.94698810616255e-62	1.83704509775797	5.48467664125572	1.8596138826397e-20	1	7	13	4.0724775021043e-07	1	0	4.10629032846076	5.37025434019213
COL4A3	ITGB3	R-HSA-210990	REACTOME_PECAM1_INTERACTIONS	6.59521947129999e-62	9.94578352387284e-62	8.59500106905861	3.57758831465387	1.77816467418867e-22	1	4	9	1.28084434536585e-07	1	0	3.59636213159094	-1.81862510220008
COL4A3	ITGB3	R-HSA-1566948	REACTOME_ELASTIC_FIBRE_FORMATION	7.14866564920226e-62	1.07725333561283e-61	8.59500106905861	3.57758831465387	1.77816467418867e-22	1	4	8	5.90490614656606e-09	1	0	3.59636213159094	-1.81862510220008
TNC	ITGB3	R-HSA-216083	REACTOME_INTEGRIN_CELL_SURFACE_INTERACTIONS	7.51979090011191e-62	1.1323533527428e-61	6.8277048658413	3.57758831465387	5.7241288933858e-22	1	3	7	5.74454208701553e-09	1	0	-5.58163186833725	-1.81862510220008
LTBP1	ITGB3	R-HSA-216083	REACTOME_INTEGRIN_CELL_SURFACE_INTERACTIONS	8.48333705548474e-62	1.27651670478015e-61	4.49925244209	3.57758831465387	6.45758843519278e-22	1	3	7	5.74454208701553e-09	1	0	0.411198660997557	-1.81862510220008
COMP	ITGB3	R-HSA-216083	REACTOME_INTEGRIN_CELL_SURFACE_INTERACTIONS	8.54394186242561e-62	1.2847004285132e-61	8.97372250466624	3.57758831465387	6.50372133052145e-22	1	3	7	5.74454208701553e-09	1	0	4.52103900260026	-1.81862510220008
THBS1	ITGB3	R-HSA-216083	REACTOME_INTEGRIN_CELL_SURFACE_INTERACTIONS	9.12604359284078e-62	1.37122953184066e-61	7.11466682191395	3.57758831465387	6.94682212657015e-22	1	3	7	5.74454208701553e-09	1	0	-3.6446101735829	-1.81862510220008
UBB	LDLR	R-HSA-174824	REACTOME_PLASMA_LIPOPROTEIN_ASSEMBLY_REMODELING_AND_CLEARANCE	1.21070727039765e-61	1.81782065453601e-61	1.56324007583564	2.55762367686529	5.36549750920251e-15	1	12	23	3.99837611102507e-05	1	0	5.83927178506202	2.96352383260928
NID1	ITGB3	R-HSA-3000178	REACTOME_ECM_PROTEOGLYCANS	1.31813132539215e-61	1.97767561238939e-61	1.51200808588345	3.57758831465387	6.29152013311613e-17	1	6	11	1.28655055001064e-08	1	0	-6.39088225480639	-1.81862510220008
FN1	ITGB3	R-HSA-216083	REACTOME_INTEGRIN_CELL_SURFACE_INTERACTIONS	1.39483585671034e-61	2.09124156746267e-61	9.24511967017868	3.57758831465387	1.0617609365717e-21	1	3	7	5.74454208701553e-09	1	0	3.96729180611041	-1.81862510220008
CDH1	CDH2	R-HSA-418990	REACTOME_ADHERENS_JUNCTIONS_INTERACTIONS	1.51342519487153e-61	2.26575105261201e-61	14.0529638668967	2.0317292993972	1.27200479181701e-23	1	8	15	6.0724997951842e-06	1	0	6.06941827582005	4.07373521578657
CDH1	CDH2	R-HSA-421270	REACTOME_CELL_CELL_JUNCTION_ORGANIZATION	1.51342519487153e-61	2.26575105261201e-61	14.0529638668967	2.0317292993972	1.27200479181701e-23	1	8	15	6.0724997951842e-06	1	0	6.06941827582005	4.07373521578657
IGF2	IGF1R	R-HSA-2404192	REACTOME_SIGNALING_BY_TYPE_1_INSULIN_LIKE_GROWTH_FACTOR_1_RECEPTOR_IGF1R	1.68683391685113e-61	2.52353285460858e-61	18.0532452059045	5.92947905626477	1.54877790044397e-22	1	12	22	8.43864091750755e-05	1	0	-5.75305615435799	3.65530470112101
ANXA1	EGFR	R-HSA-180292	REACTOME_GAB1_SIGNALOSOME	1.77734664158364e-61	2.6570174830042e-61	2.36495705120345	2.89751774661206	1.72833729678414e-15	1	6	11	7.78485056437778e-09	1	0	5.26706875945552	6.35694186809355
IL6ST	CRLF1	R-HSA-447115	REACTOME_INTERLEUKIN_12_FAMILY_SIGNALING	1.86964048476313e-61	2.79296980587174e-61	2.21481281597362	3.53093549361668	1.3316006287466e-14	1	5	10	6.37080242868633e-09	1	0	6.11148878270518	-4.2780600592729
TNC	ITGB3	R-HSA-210990	REACTOME_PECAM1_INTERACTIONS	2.12308156167337e-61	3.16928215781588e-61	6.8277048658413	3.57758831465387	5.7241288933858e-22	1	4	9	1.28084434536585e-07	1	0	-5.58163186833725	-1.81862510220008
TNC	ITGB3	R-HSA-1566948	REACTOME_ELASTIC_FIBRE_FORMATION	2.30124263437097e-61	3.43275616072955e-61	6.8277048658413	3.57758831465387	5.7241288933858e-22	1	4	8	5.90490614656606e-09	1	0	-5.58163186833725	-1.81862510220008
L1CAM	EGFR	R-HSA-8864260	REACTOME_TRANSCRIPTIONAL_REGULATION_BY_THE_AP_2_TFAP2_FAMILY_OF_TRANSCRIPTION_FACTORS	2.35850761760675e-61	3.51563978208914e-61	6.61152480504602	2.89751774661206	7.39792751891101e-20	1	7	13	4.0724775021043e-07	1	0	7.69724325085875	6.35694186809355
LTBP1	ITGB3	R-HSA-210990	REACTOME_PECAM1_INTERACTIONS	2.3951219818748e-61	3.56764384610911e-61	4.49925244209	3.57758831465387	6.45758843519278e-22	1	4	9	1.28084434536585e-07	1	0	0.411198660997557	-1.81862510220008
COMP	ITGB3	R-HSA-210990	REACTOME_PECAM1_INTERACTIONS	2.41223269012109e-61	3.59054231829263e-61	8.97372250466624	3.57758831465387	6.50372133052145e-22	1	4	9	1.28084434536585e-07	1	0	4.52103900260026	-1.81862510220008
THBS1	ITGB3	R-HSA-210990	REACTOME_PECAM1_INTERACTIONS	2.57657894220161e-61	3.83240611561449e-61	7.11466682191395	3.57758831465387	6.94682212657015e-22	1	4	9	1.28084434536585e-07	1	0	-3.6446101735829	-1.81862510220008
LTBP1	ITGB3	R-HSA-1566948	REACTOME_ELASTIC_FIBRE_FORMATION	2.59611167027663e-61	3.85868108690038e-61	4.49925244209	3.57758831465387	6.45758843519278e-22	1	4	8	5.90490614656606e-09	1	0	0.411198660997557	-1.81862510220008
COMP	ITGB3	R-HSA-1566948	REACTOME_ELASTIC_FIBRE_FORMATION	2.61465824523234e-61	3.88345358350109e-61	8.97372250466624	3.57758831465387	6.50372133052145e-22	1	4	8	5.90490614656606e-09	1	0	4.52103900260026	-1.81862510220008
THBS1	ITGB3	R-HSA-1566948	REACTOME_ELASTIC_FIBRE_FORMATION	2.79279582078016e-61	4.14505471676136e-61	7.11466682191395	3.57758831465387	6.94682212657015e-22	1	4	8	5.90490614656606e-09	1	0	-3.6446101735829	-1.81862510220008
FN1	ITGB3	R-HSA-210990	REACTOME_PECAM1_INTERACTIONS	3.93807531124107e-61	5.84067738192681e-61	9.24511967017868	3.57758831465387	1.0617609365717e-21	1	4	9	1.28084434536585e-07	1	0	3.96729180611041	-1.81862510220008
FN1	ITGB3	R-HSA-1566948	REACTOME_ELASTIC_FIBRE_FORMATION	4.26854387847861e-61	6.32626373955295e-61	9.24511967017868	3.57758831465387	1.0617609365717e-21	1	4	8	5.90490614656606e-09	1	0	3.96729180611041	-1.81862510220008
CDH1	EGFR	R-HSA-881907	REACTOME_GASTRIN_CREB_SIGNALLING_PATHWAY_VIA_PKC_AND_MAPK	4.3815331440632e-61	6.48906629077748e-61	14.0529638668967	2.89751774661206	1.12509612679447e-22	1	6	12	1.25549861911524e-06	1	0	6.06941827582005	6.35694186809355
MFGE8	ITGB3	R-HSA-216083	REACTOME_INTEGRIN_CELL_SURFACE_INTERACTIONS	4.61293227813819e-61	6.82687542022457e-61	3.04039885756526	3.57758831465387	3.51140334715023e-21	1	3	7	5.74454208701553e-09	1	0	0.6248001109505	-1.81862510220008
EFEMP1	EGFR	R-HSA-8864260	REACTOME_TRANSCRIPTIONAL_REGULATION_BY_THE_AP_2_TFAP2_FAMILY_OF_TRANSCRIPTION_FACTORS	4.94708465665088e-61	7.3161609882897e-61	11.0825504472025	2.89751774661206	1.55175134676721e-19	1	7	13	4.0724775021043e-07	1	0	6.63580333837864	6.35694186809355
CTNND1	AMOT	R-HSA-2028269	REACTOME_SIGNALING_BY_HIPPO	5.91024660302218e-61	8.73431293407999e-61	4.09598999932096	3.81150512802621	2.37827380491051e-21	1	7	13	7.58784260497555e-07	1	0	-5.63138257603529	1.21214955198733
CLCF1	IL6ST	R-HSA-6783589	REACTOME_INTERLEUKIN_6_FAMILY_SIGNALING	5.92136294875578e-61	8.74448595577516e-61	2.11510149025167	2.21481281597362	2.05592554014523e-13	1	7	13	5.57716993422427e-08	1	0	6.42549536585045	6.11148878270518
DCN	MET	R-HSA-8874081	REACTOME_MET_ACTIVATES_PTK2_SIGNALING	6.59742528862021e-61	9.73591474734954e-61	15.215347949085	4.11816608001036	3.29371225008704e-23	1	3	7	1.5699792336554e-08	1	0	-5.95640031910379	-6.39088225480639
L1CAM	EGFR	R-HSA-9634638	REACTOME_ESTROGEN_DEPENDENT_NUCLEAR_EVENTS_DOWNSTREAM_OF_ESR_MEMBRANE_SIGNALING	6.62130601973024e-61	9.76418146806758e-61	6.61152480504602	2.89751774661206	7.39792751891101e-20	1	7	13	4.71957055561488e-07	1	0	7.69724325085875	6.35694186809355
COL18A1	ITGB3	R-HSA-216083	REACTOME_INTEGRIN_CELL_SURFACE_INTERACTIONS	6.96435246876761e-61	1.02627333812225e-60	3.31748124564936	3.57758831465387	5.30132442773138e-21	1	3	7	5.74454208701553e-09	1	0	-2.93094921873315	-1.81862510220008
FBN1	ITGB3	R-HSA-216083	REACTOME_INTEGRIN_CELL_SURFACE_INTERACTIONS	7.76059566539221e-61	1.14279334602283e-60	7.14914428394037	3.57758831465387	5.90743153210484e-21	1	3	7	5.74454208701553e-09	1	0	3.49330586689255	-1.81862510220008
DSC2	DSG2	R-HSA-351906	REACTOME_APOPTOTIC_CLEAVAGE_OF_CELL_ADHESION_PROTEINS	8.71730458592635e-61	1.28276006228802e-60	2.28335225512097	4.70921389030315	5.62986496202966e-18	1	3	6	1.00797662309687e-11	1	0	-0.987889142305063	-6.39088225480639
MFGE8	ITGB3	R-HSA-210990	REACTOME_PECAM1_INTERACTIONS	1.30238082349037e-60	1.91510233546697e-60	3.04039885756526	3.57758831465387	3.51140334715023e-21	1	4	9	1.28084434536585e-07	1	0	0.6248001109505	-1.81862510220008
EFEMP1	EGFR	R-HSA-9634638	REACTOME_ESTROGEN_DEPENDENT_NUCLEAR_EVENTS_DOWNSTREAM_OF_ESR_MEMBRANE_SIGNALING	1.38885120288211e-60	2.04080126966888e-60	11.0825504472025	2.89751774661206	1.55175134676721e-19	1	7	13	4.71957055561488e-07	1	0	6.63580333837864	6.35694186809355
MFGE8	ITGB3	R-HSA-1566948	REACTOME_ELASTIC_FIBRE_FORMATION	1.41167175642605e-60	2.07285987830577e-60	3.04039885756526	3.57758831465387	3.51140334715023e-21	1	4	8	5.90490614656606e-09	1	0	0.6248001109505	-1.81862510220008
LAMA1	GPC1	R-HSA-3656237	REACTOME_DEFECTIVE_EXT2_CAUSES_EXOSTOSES_2	1.43560662568008e-60	2.10352006287591e-60	19.8345033696564	4.73558061131978	1.18943344630146e-23	1	4	8	1.84799783951792e-08	1	0	-2.13725369701301	5.86131559783074
LAMA1	GPC1	R-HSA-9694614	REACTOME_ATTACHMENT_AND_ENTRY	1.43560662568008e-60	2.10352006287591e-60	19.8345033696564	4.73558061131978	1.18943344630146e-23	1	4	8	1.84799783951792e-08	1	0	-2.13725369701301	5.86131559783074
LAMA1	GPC1	R-HSA-9772572	REACTOME_EARLY_SARS_COV_2_INFECTION_EVENTS	1.43560662568008e-60	2.10352006287591e-60	19.8345033696564	4.73558061131978	1.18943344630146e-23	1	4	8	1.84799783951792e-08	1	0	-2.13725369701301	5.86131559783074
COL1A2	ITGB3	R-HSA-372708	REACTOME_P130CAS_LINKAGE_TO_MAPK_SIGNALING_FOR_INTEGRINS	1.5353485682422e-60	2.24807238978624e-60	16.249300289467	3.57758831465387	7.59460184624725e-25	1	3	7	3.95090459057117e-08	1	0	3.18442633530028	-1.81862510220008
PKM	CD44	R-HSA-216083	REACTOME_INTEGRIN_CELL_SURFACE_INTERACTIONS	1.91627000636445e-60	2.80383415945393e-60	1.05288583332511	1.22373754881036	1.69662630180159e-13	1	4	8	1.82362944331216e-10	1	0	0.881267560414777	5.04403416569004
COL18A1	ITGB3	R-HSA-210990	REACTOME_PECAM1_INTERACTIONS	1.96626322617759e-60	2.87494679779398e-60	3.31748124564936	3.57758831465387	5.30132442773138e-21	1	4	9	1.28084434536585e-07	1	0	-2.93094921873315	-1.81862510220008
CLCF1	IL6ST	R-HSA-447115	REACTOME_INTERLEUKIN_12_FAMILY_SIGNALING	2.09040431400405e-60	3.05429654365796e-60	2.11510149025167	2.21481281597362	2.05592554014523e-13	1	6	11	5.29375082548285e-09	1	0	6.42549536585045	6.11148878270518
COL18A1	ITGB3	R-HSA-1566948	REACTOME_ELASTIC_FIBRE_FORMATION	2.13126469004294e-60	3.11179706687542e-60	3.31748124564936	3.57758831465387	5.30132442773138e-21	1	4	8	5.90490614656606e-09	1	0	-2.93094921873315	-1.81862510220008
FBN1	ITGB3	R-HSA-210990	REACTOME_PECAM1_INTERACTIONS	2.19106857938713e-60	3.19685570975551e-60	7.14914428394037	3.57758831465387	5.90743153210484e-21	1	4	9	1.28084434536585e-07	1	0	3.49330586689255	-1.81862510220008
FBN1	ITGB3	R-HSA-1566948	REACTOME_ELASTIC_FIBRE_FORMATION	2.37493486860776e-60	3.46267850285365e-60	7.14914428394037	3.57758831465387	5.90743153210484e-21	1	4	8	5.90490614656606e-09	1	0	3.49330586689255	-1.81862510220008
DCN	EGFR	R-HSA-881907	REACTOME_GASTRIN_CREB_SIGNALLING_PATHWAY_VIA_PKC_AND_MAPK	2.48241441622626e-60	3.61683228767521e-60	15.215347949085	2.89751774661206	6.37437799273358e-22	1	6	12	1.25549861911524e-06	1	0	-5.95640031910379	6.35694186809355
LAMC1	ITGA3	R-HSA-8875878	REACTOME_MET_PROMOTES_CELL_MOTILITY	2.52658873525001e-60	3.67859924385237e-60	2.41383536561023	2.75754452411437	3.16326856525826e-18	1	5	10	3.95090459057117e-08	1	0	1.75120519238021	5.65033245421738
IL6ST	CRLF1	R-HSA-6783589	REACTOME_INTERLEUKIN_6_FAMILY_SIGNALING	2.62758901705543e-60	3.82295697833557e-60	2.21481281597362	3.53093549361668	1.3316006287466e-14	1	6	12	1.13929692733836e-07	1	0	6.11148878270518	-4.2780600592729
SEMA4D	MET	R-HSA-8876384	REACTOME_LISTERIA_MONOCYTOGENES_ENTRY_INTO_HOST_CELLS	3.21017892972706e-60	4.6672974446278e-60	1.83704509775797	4.11816608001036	9.4134265890396e-17	1	7	14	1.35488883263165e-06	1	0	4.10629032846076	-6.39088225480639
LAMA5	SDC1	R-HSA-3656237	REACTOME_DEFECTIVE_EXT2_CAUSES_EXOSTOSES_2	5.28087107374065e-60	7.6617132291771e-60	6.39025679656551	6.46884404771167	3.10330148907865e-24	1	3	7	3.81709057873828e-08	1	0	-4.04261071031852	5.30916569519122
LAMA5	SDC1	R-HSA-9694614	REACTOME_ATTACHMENT_AND_ENTRY	5.28087107374065e-60	7.6617132291771e-60	6.39025679656551	6.46884404771167	3.10330148907865e-24	1	3	7	3.81709057873828e-08	1	0	-4.04261071031852	5.30916569519122
LAMA5	SDC1	R-HSA-9772572	REACTOME_EARLY_SARS_COV_2_INFECTION_EVENTS	5.28087107374065e-60	7.6617132291771e-60	6.39025679656551	6.46884404771167	3.10330148907865e-24	1	3	7	3.81709057873828e-08	1	0	-4.04261071031852	5.30916569519122
L1CAM	EGFR	R-HSA-1963642	REACTOME_PI3K_EVENTS_IN_ERBB2_SIGNALING	5.32031630793438e-60	7.7135252576789e-60	6.61152480504602	2.89751774661206	7.39792751891101e-20	1	4	8	4.1853123432812e-09	1	0	7.69724325085875	6.35694186809355
SLIT2	GPC1	R-HSA-3656237	REACTOME_DEFECTIVE_EXT2_CAUSES_EXOSTOSES_2	6.34154109921236e-60	9.17480666034506e-60	6.80274676319369	4.73558061131978	5.25411414907986e-23	1	4	8	1.84799783951792e-08	1	0	2.78796175154231	5.86131559783074
SLIT2	GPC1	R-HSA-9694614	REACTOME_ATTACHMENT_AND_ENTRY	6.34154109921236e-60	9.17480666034506e-60	6.80274676319369	4.73558061131978	5.25411414907986e-23	1	4	8	1.84799783951792e-08	1	0	2.78796175154231	5.86131559783074
SLIT2	GPC1	R-HSA-9772572	REACTOME_EARLY_SARS_COV_2_INFECTION_EVENTS	6.34154109921236e-60	9.17480666034506e-60	6.80274676319369	4.73558061131978	5.25411414907986e-23	1	4	8	1.84799783951792e-08	1	0	2.78796175154231	5.86131559783074
LIF	IL6ST	R-HSA-6783589	REACTOME_INTERLEUKIN_6_FAMILY_SIGNALING	6.6832039603155e-60	9.66235086214963e-60	1.7532837569655	2.21481281597362	2.3204403835606e-12	1	7	13	5.57716993422427e-08	1	0	-4.60424814239365	6.11148878270518
TNC	EGFR	R-HSA-8864260	REACTOME_TRANSCRIPTIONAL_REGULATION_BY_THE_AP_2_TFAP2_FAMILY_OF_TRANSCRIPTION_FACTORS	6.86662527672359e-60	9.92059288231535e-60	6.8277048658413	2.89751774661206	2.15385338243132e-18	1	7	13	4.0724775021043e-07	1	0	-5.58163186833725	6.35694186809355
UBB	ERBB2	R-HSA-8864260	REACTOME_TRANSCRIPTIONAL_REGULATION_BY_THE_AP_2_TFAP2_FAMILY_OF_TRANSCRIPTION_FACTORS	6.87850710212929e-60	9.93081458630267e-60	1.56324007583564	5.48467664125572	2.15758035293112e-18	1	7	13	4.0724775021043e-07	1	0	5.83927178506202	5.37025434019213
CDH1	ERBB3	R-HSA-1250196	REACTOME_SHC1_EVENTS_IN_ERBB2_SIGNALING	8.70234068221876e-60	1.25551926323072e-59	14.0529638668967	9.47133900069063	1.0580866130721e-26	1	5	10	1.25549861911524e-06	1	0	6.06941827582005	4.07639206347018
SEMA5A	MET	R-HSA-8874081	REACTOME_MET_ACTIVATES_PTK2_SIGNALING	9.3125017305047e-60	1.34261190336516e-59	13.1302189665968	4.11816608001036	4.64919262998353e-22	1	3	7	1.5699792336554e-08	1	0	-3.36463131492755	-6.39088225480639
EFEMP1	EGFR	R-HSA-1963642	REACTOME_PI3K_EVENTS_IN_ERBB2_SIGNALING	1.11596227118483e-59	1.6077950155285e-59	11.0825504472025	2.89751774661206	1.55175134676721e-19	1	4	8	4.1853123432812e-09	1	0	6.63580333837864	6.35694186809355
TCN2	LRP2	R-HSA-196849	REACTOME_METABOLISM_OF_WATER_SOLUBLE_VITAMINS_AND_COFACTORS	1.24546704759113e-59	1.79312538001622e-59	6.55836363827325	5.72249204709186	3.8906532110017e-19	1	9	17	1.03106040956492e-05	1	0	6.82456786242144	-2.26417799144396
CTNND1	AMOT	R-HSA-418990	REACTOME_ADHERENS_JUNCTIONS_INTERACTIONS	1.32051454723996e-59	1.89852682992189e-59	4.09598999932096	3.81150512802621	2.37827380491051e-21	1	7	14	6.0724997951842e-06	1	0	-5.63138257603529	1.21214955198733
CTNND1	AMOT	R-HSA-421270	REACTOME_CELL_CELL_JUNCTION_ORGANIZATION	1.32051454723996e-59	1.89852682992189e-59	4.09598999932096	3.81150512802621	2.37827380491051e-21	1	7	14	6.0724997951842e-06	1	0	-5.63138257603529	1.21214955198733
CDH1	EGFR	R-HSA-1236382	REACTOME_CONSTITUTIVE_SIGNALING_BY_LIGAND_RESPONSIVE_EGFR_CANCER_VARIANTS	1.85256802743526e-59	2.66161720770601e-59	14.0529638668967	2.89751774661206	1.12509612679447e-22	1	8	16	2.8975198577158e-05	1	0	6.06941827582005	6.35694186809355
TNC	EGFR	R-HSA-9634638	REACTOME_ESTROGEN_DEPENDENT_NUCLEAR_EVENTS_DOWNSTREAM_OF_ESR_MEMBRANE_SIGNALING	1.92774561933099e-59	2.76770149377194e-59	6.8277048658413	2.89751774661206	2.15385338243132e-18	1	7	13	4.71957055561488e-07	1	0	-5.58163186833725	6.35694186809355
SLIT2	SDC1	R-HSA-3656237	REACTOME_DEFECTIVE_EXT2_CAUSES_EXOSTOSES_2	2.13208961302908e-59	3.05471368967967e-59	6.80274676319369	6.46884404771167	1.25292149317243e-23	1	3	7	3.81709057873828e-08	1	0	2.78796175154231	5.30916569519122
SLIT2	SDC1	R-HSA-9694614	REACTOME_ATTACHMENT_AND_ENTRY	2.13208961302908e-59	3.05471368967967e-59	6.80274676319369	6.46884404771167	1.25292149317243e-23	1	3	7	3.81709057873828e-08	1	0	2.78796175154231	5.30916569519122
SLIT2	SDC1	R-HSA-9772572	REACTOME_EARLY_SARS_COV_2_INFECTION_EVENTS	2.13208961302908e-59	3.05471368967967e-59	6.80274676319369	6.46884404771167	1.25292149317243e-23	1	3	7	3.81709057873828e-08	1	0	2.78796175154231	5.30916569519122
LIF	IL6ST	R-HSA-447115	REACTOME_INTERLEUKIN_12_FAMILY_SIGNALING	2.35935518746541e-59	3.37798185537321e-59	1.7532837569655	2.21481281597362	2.3204403835606e-12	1	6	11	5.29375082548285e-09	1	0	-4.60424814239365	6.11148878270518
COL4A2	ITGB3	R-HSA-216083	REACTOME_INTEGRIN_CELL_SURFACE_INTERACTIONS	2.50382246910165e-59	3.58233879581996e-59	2.35366848733984	3.57758831465387	1.90593099325143e-19	1	3	7	5.74454208701553e-09	1	0	6.7881869323435	-1.81862510220008
PTN	SDC1	R-HSA-3656237	REACTOME_DEFECTIVE_EXT2_CAUSES_EXOSTOSES_2	2.88571461221601e-59	4.12017027563116e-59	7.92717388064223	6.46884404771167	1.69578888181464e-23	1	3	7	3.81709057873828e-08	1	0	-1.41052729395478	5.30916569519122
PTN	SDC1	R-HSA-9694614	REACTOME_ATTACHMENT_AND_ENTRY	2.88571461221601e-59	4.12017027563116e-59	7.92717388064223	6.46884404771167	1.69578888181464e-23	1	3	7	3.81709057873828e-08	1	0	-1.41052729395478	5.30916569519122
PTN	SDC1	R-HSA-9772572	REACTOME_EARLY_SARS_COV_2_INFECTION_EVENTS	2.88571461221601e-59	4.12017027563116e-59	7.92717388064223	6.46884404771167	1.69578888181464e-23	1	3	7	3.81709057873828e-08	1	0	-1.41052729395478	5.30916569519122
TNC	SDC1	R-HSA-3656237	REACTOME_DEFECTIVE_EXT2_CAUSES_EXOSTOSES_2	2.92152057246041e-59	4.16266310531255e-59	6.8277048658413	6.46884404771167	1.7168302380971e-23	1	3	7	3.81709057873828e-08	1	0	-5.58163186833725	5.30916569519122
TNC	SDC1	R-HSA-9694614	REACTOME_ATTACHMENT_AND_ENTRY	2.92152057246041e-59	4.16266310531255e-59	6.8277048658413	6.46884404771167	1.7168302380971e-23	1	3	7	3.81709057873828e-08	1	0	-5.58163186833725	5.30916569519122
TNC	SDC1	R-HSA-9772572	REACTOME_EARLY_SARS_COV_2_INFECTION_EVENTS	2.92152057246041e-59	4.16266310531255e-59	6.8277048658413	6.46884404771167	1.7168302380971e-23	1	3	7	3.81709057873828e-08	1	0	-5.58163186833725	5.30916569519122
SEMA4D	ERBB2	R-HSA-1963642	REACTOME_PI3K_EVENTS_IN_ERBB2_SIGNALING	2.97757146605588e-59	4.23960210122084e-59	1.83704509775797	5.48467664125572	1.8596138826397e-20	1	4	8	7.78485056437778e-09	1	0	4.10629032846076	5.37025434019213
THBS1	SDC1	R-HSA-3656237	REACTOME_DEFECTIVE_EXT2_CAUSES_EXOSTOSES_2	3.54556721800044e-59	5.03792425886445e-59	7.11466682191395	6.46884404771167	2.08355096604458e-23	1	3	7	3.81709057873828e-08	1	0	-3.6446101735829	5.30916569519122
THBS1	SDC1	R-HSA-9694614	REACTOME_ATTACHMENT_AND_ENTRY	3.54556721800044e-59	5.03792425886445e-59	7.11466682191395	6.46884404771167	2.08355096604458e-23	1	3	7	3.81709057873828e-08	1	0	-3.6446101735829	5.30916569519122
THBS1	SDC1	R-HSA-9772572	REACTOME_EARLY_SARS_COV_2_INFECTION_EVENTS	3.54556721800044e-59	5.03792425886445e-59	7.11466682191395	6.46884404771167	2.08355096604458e-23	1	3	7	3.81709057873828e-08	1	0	-3.6446101735829	5.30916569519122
L1CAM	ITGB3	R-HSA-372708	REACTOME_P130CAS_LINKAGE_TO_MAPK_SIGNALING_FOR_INTEGRINS	3.97470881229149e-59	5.64381333759053e-59	6.61152480504602	3.57758831465387	1.96608975372179e-23	1	3	7	3.95090459057117e-08	1	0	7.69724325085875	-1.81862510220008
DCN	MET	R-HSA-400685	REACTOME_SEMA4D_IN_SEMAPHORIN_SIGNALING	3.99830423558226e-59	5.67341796065449e-59	15.215347949085	4.11816608001036	3.29371225008704e-23	1	8	15	1.08257716110791e-05	1	0	-5.95640031910379	-6.39088225480639
LAMB3	ITGA3	R-HSA-8875878	REACTOME_MET_PROMOTES_CELL_MOTILITY	6.95533664913725e-59	9.86254325128178e-59	1.20907444031088	2.75754452411437	8.7080249650632e-17	1	5	10	3.95090459057117e-08	1	0	2.59517547975114	5.65033245421738
COL4A2	ITGB3	R-HSA-210990	REACTOME_PECAM1_INTERACTIONS	7.06910522973996e-59	1.00169899894669e-58	2.35366848733984	3.57758831465387	1.90593099325143e-19	1	4	9	1.28084434536585e-07	1	0	6.7881869323435	-1.81862510220008
COL4A2	ITGB3	R-HSA-1566948	REACTOME_ELASTIC_FIBRE_FORMATION	7.66231813002535e-59	1.0850136570687e-58	2.35366848733984	3.57758831465387	1.90593099325143e-19	1	4	8	5.90490614656606e-09	1	0	6.7881869323435	-1.81862510220008
COL18A1	GPC1	R-HSA-3656237	REACTOME_DEFECTIVE_EXT2_CAUSES_EXOSTOSES_2	8.0477279012151e-59	1.13725074171754e-58	3.31748124564936	4.73558061131978	6.66772955850917e-22	1	4	8	1.84799783951792e-08	1	0	-2.93094921873315	5.86131559783074
COL18A1	GPC1	R-HSA-9694614	REACTOME_ATTACHMENT_AND_ENTRY	8.0477279012151e-59	1.13725074171754e-58	3.31748124564936	4.73558061131978	6.66772955850917e-22	1	4	8	1.84799783951792e-08	1	0	-2.93094921873315	5.86131559783074
COL18A1	GPC1	R-HSA-9772572	REACTOME_EARLY_SARS_COV_2_INFECTION_EVENTS	8.0477279012151e-59	1.13725074171754e-58	3.31748124564936	4.73558061131978	6.66772955850917e-22	1	4	8	1.84799783951792e-08	1	0	-2.93094921873315	5.86131559783074
DCN	EGFR	R-HSA-1236382	REACTOME_CONSTITUTIVE_SIGNALING_BY_LIGAND_RESPONSIVE_EGFR_CANCER_VARIANTS	1.04959643739689e-58	1.48220522191523e-58	15.215347949085	2.89751774661206	6.37437799273358e-22	1	8	16	2.8975198577158e-05	1	0	-5.95640031910379	6.35694186809355
UBB	FGFR2	R-HSA-112399	REACTOME_IRS_MEDIATED_SIGNALLING	1.42645574411769e-58	2.01301746403494e-58	1.56324007583564	12.7101660798708	4.21956674067272e-23	1	11	20	8.43864091750755e-05	1	0	5.83927178506202	5.73242607734244
TNC	EGFR	R-HSA-1963642	REACTOME_PI3K_EVENTS_IN_ERBB2_SIGNALING	1.54897182300805e-58	2.18442033196903e-58	6.8277048658413	2.89751774661206	2.15385338243132e-18	1	4	8	4.1853123432812e-09	1	0	-5.58163186833725	6.35694186809355
WNT5A	LRP2	R-HSA-196849	REACTOME_METABOLISM_OF_WATER_SOLUBLE_VITAMINS_AND_COFACTORS	1.66512358845769e-58	2.346620282233e-58	3.71867437883844	5.72249204709186	5.20159762450362e-18	1	9	17	1.03106040956492e-05	1	0	3.85719962716077	-2.26417799144396
WNT5A	FZD6	R-HSA-4641263	REACTOME_REGULATION_OF_FZD_BY_UBIQUITINATION	2.7251131284886e-58	3.83782121571742e-58	3.71867437883844	2.25671619218573	3.21683018069275e-18	1	6	11	7.5373571515648e-08	1	0	3.85719962716077	4.99946175763607
L1CAM	EGFR	R-HSA-881907	REACTOME_GASTRIN_CREB_SIGNALLING_PATHWAY_VIA_PKC_AND_MAPK	2.88102179445216e-58	4.05186591377683e-58	6.61152480504602	2.89751774661206	7.39792751891101e-20	1	6	12	1.25549861911524e-06	1	0	7.69724325085875	6.35694186809355
WNT7A	LRP6	R-HSA-4641263	REACTOME_REGULATION_OF_FZD_BY_UBIQUITINATION	2.87987328105623e-58	4.05186591377683e-58	15.2655342371858	2.01771047584325	2.64720806024577e-16	1	6	11	3.64746023349233e-08	1	0	2.04463249164883	-6.39088225480639
WNT2	LRP6	R-HSA-4641263	REACTOME_REGULATION_OF_FZD_BY_UBIQUITINATION	2.92172242849681e-58	4.10631193011865e-58	15.1295630659464	2.01771047584325	2.68567621130918e-16	1	6	11	3.64746023349233e-08	1	0	-6.39088225480639	-6.39088225480639
COL4A3	ITGB3	R-HSA-372708	REACTOME_P130CAS_LINKAGE_TO_MAPK_SIGNALING_FOR_INTEGRINS	3.5947935677016e-58	5.04883991221721e-58	8.59500106905861	3.57758831465387	1.77816467418867e-22	1	3	7	3.95090459057117e-08	1	0	3.59636213159094	-1.81862510220008
L1CAM	FGFR2	R-HSA-5654727	REACTOME_NEGATIVE_REGULATION_OF_FGFR2_SIGNALING	3.61888991498411e-58	5.07923000296003e-58	6.61152480504602	12.7101660798708	1.47684132181016e-29	1	8	15	8.86373094232484e-05	1	0	7.69724325085875	5.73242607734244
UBB	MET	R-HSA-8876384	REACTOME_LISTERIA_MONOCYTOGENES_ENTRY_INTO_HOST_CELLS	3.72454682815169e-58	5.22397403052369e-58	1.56324007583564	4.11816608001036	1.09217426541477e-14	1	7	14	1.35488883263165e-06	1	0	5.83927178506202	-6.39088225480639
NID1	ITGA3	R-HSA-8875878	REACTOME_MET_PROMOTES_CELL_MOTILITY	3.81418004848928e-58	5.34606240174956e-58	1.51200808588345	2.75754452411437	4.77532242635739e-16	1	5	10	3.95090459057117e-08	1	0	-6.39088225480639	5.65033245421738
L1CAM	ERBB2	R-HSA-400685	REACTOME_SEMA4D_IN_SEMAPHORIN_SIGNALING	4.55622566617251e-58	6.38180489919486e-58	6.61152480504602	5.48467664125572	7.55149525097075e-25	1	9	17	6.6323292611313e-05	1	0	7.69724325085875	5.37025434019213
S100B	APP	R-HSA-9660826	REACTOME_PURINERGIC_SIGNALING_IN_LEISHMANIASIS_INFECTION	4.6588829781642e-58	6.5211735995171e-58	4.2249108102541	1.1092665128676	4.28808301832756e-15	1	6	11	2.48444534896051e-08	1	0	5.19212134952298	-3.96459372498046
SEMA5A	MET	R-HSA-400685	REACTOME_SEMA4D_IN_SEMAPHORIN_SIGNALING	5.64374941496779e-58	7.89437121958257e-58	13.1302189665968	4.11816608001036	4.64919262998353e-22	1	8	15	1.08257716110791e-05	1	0	-3.36463131492755	-6.39088225480639
EFEMP1	EGFR	R-HSA-881907	REACTOME_GASTRIN_CREB_SIGNALLING_PATHWAY_VIA_PKC_AND_MAPK	6.04308360439966e-58	8.44723323862631e-58	11.0825504472025	2.89751774661206	1.55175134676721e-19	1	6	12	1.25549861911524e-06	1	0	6.63580333837864	6.35694186809355
L1CAM	ERBB2	R-HSA-1250196	REACTOME_SHC1_EVENTS_IN_ERBB2_SIGNALING	6.21080387202917e-58	8.67580851900761e-58	6.61152480504602	5.48467664125572	7.55149525097075e-25	1	5	10	1.25549861911524e-06	1	0	7.69724325085875	5.37025434019213
COL4A4	ITGB3	R-HSA-216083	REACTOME_INTEGRIN_CELL_SURFACE_INTERACTIONS	6.39357798882063e-58	8.9250892735834e-58	2.40348737446135	3.57758831465387	4.86684603123459e-18	1	3	7	5.74454208701553e-09	1	0	0.348341817117918	-1.81862510220008
TNC	ITGB3	R-HSA-372708	REACTOME_P130CAS_LINKAGE_TO_MAPK_SIGNALING_FOR_INTEGRINS	1.15720787986225e-57	1.61430889925416e-57	6.8277048658413	3.57758831465387	5.7241288933858e-22	1	3	7	3.95090459057117e-08	1	0	-5.58163186833725	-1.81862510220008
CDH1	EGFR	R-HSA-6785631	REACTOME_ERBB2_REGULATES_CELL_MOTILITY	1.16974629952553e-57	1.63069895736825e-57	14.0529638668967	2.89751774661206	1.12509612679447e-22	1	2	5	1.20083414980008e-09	1	0	6.06941827582005	6.35694186809355
LTBP1	ITGB3	R-HSA-372708	REACTOME_P130CAS_LINKAGE_TO_MAPK_SIGNALING_FOR_INTEGRINS	1.30548636505149e-57	1.81870184099553e-57	4.49925244209	3.57758831465387	6.45758843519278e-22	1	3	7	3.95090459057117e-08	1	0	0.411198660997557	-1.81862510220008
COMP	ITGB3	R-HSA-372708	REACTOME_P130CAS_LINKAGE_TO_MAPK_SIGNALING_FOR_INTEGRINS	1.31481273610104e-57	1.83046031858811e-57	8.97372250466624	3.57758831465387	6.50372133052145e-22	1	3	7	3.95090459057117e-08	1	0	4.52103900260026	-1.81862510220008
THBS1	ITGB3	R-HSA-372708	REACTOME_P130CAS_LINKAGE_TO_MAPK_SIGNALING_FOR_INTEGRINS	1.40439138506426e-57	1.95385360373249e-57	7.11466682191395	3.57758831465387	6.94682212657015e-22	1	3	7	3.95090459057117e-08	1	0	-3.6446101735829	-1.81862510220008
HSPG2	LRP2	R-HSA-196849	REACTOME_METABOLISM_OF_WATER_SOLUBLE_VITAMINS_AND_COFACTORS	1.55413908533618e-57	2.16073442147008e-57	4.09583451460777	5.72249204709186	4.85489859759939e-17	1	9	17	1.03106040956492e-05	1	0	4.83775802276138	-2.26417799144396
COL4A4	ITGB3	R-HSA-210990	REACTOME_PECAM1_INTERACTIONS	1.80511502533718e-57	2.50798092962112e-57	2.40348737446135	3.57758831465387	4.86684603123459e-18	1	4	9	1.28084434536585e-07	1	0	0.348341817117918	-1.81862510220008
COL4A4	ITGB3	R-HSA-1566948	REACTOME_ELASTIC_FIBRE_FORMATION	1.95659353424719e-57	2.71661440978138e-57	2.40348737446135	3.57758831465387	4.86684603123459e-18	1	4	8	5.90490614656606e-09	1	0	0.348341817117918	-1.81862510220008
FN1	ITGB3	R-HSA-372708	REACTOME_P130CAS_LINKAGE_TO_MAPK_SIGNALING_FOR_INTEGRINS	2.1464892653805e-57	2.97827187526938e-57	9.24511967017868	3.57758831465387	1.0617609365717e-21	1	3	7	3.95090459057117e-08	1	0	3.96729180611041	-1.81862510220008
UBB	ERBB2	R-HSA-1963642	REACTOME_PI3K_EVENTS_IN_ERBB2_SIGNALING	3.45466860329692e-57	4.79016465396741e-57	1.56324007583564	5.48467664125572	2.15758035293112e-18	1	4	8	7.78485056437778e-09	1	0	5.83927178506202	5.37025434019213
CLCF1	LIFR	R-HSA-6783589	REACTOME_INTERLEUKIN_6_FAMILY_SIGNALING	4.18843542064392e-57	5.80369388266287e-57	2.11510149025167	6.14276526205514	3.01249743462788e-16	1	6	11	5.57716993422427e-08	1	0	6.42549536585045	0.275385850352184
EFNA1	EPHA2	R-HSA-2682334	REACTOME_EPH_EPHRIN_SIGNALING	5.3163893220207e-57	7.361702640278e-57	13.0321668972634	8.85480057685215	2.21859135927825e-27	1	2	4	8.42997504862121e-11	1	0	7.78945197800163	-4.25222373206742
ANXA1	EGFR	R-HSA-8864260	REACTOME_TRANSCRIPTIONAL_REGULATION_BY_THE_AP_2_TFAP2_FAMILY_OF_TRANSCRIPTION_FACTORS	5.51005220021308e-57	7.62476078073692e-57	2.36495705120345	2.89751774661206	1.72833729678414e-15	1	7	13	4.0724775021043e-07	1	0	5.26706875945552	6.35694186809355
L1CAM	ERBB3	R-HSA-1250196	REACTOME_SHC1_EVENTS_IN_ERBB2_SIGNALING	5.72211423350545e-57	7.91291031219696e-57	6.61152480504602	9.47133900069063	6.95731492253852e-24	1	5	10	1.25549861911524e-06	1	0	7.69724325085875	4.07639206347018
DCN	EGFR	R-HSA-6785631	REACTOME_ERBB2_REGULATES_CELL_MOTILITY	6.62734933593741e-57	9.15859781140247e-57	15.215347949085	2.89751774661206	6.37437799273358e-22	1	2	5	1.20083414980008e-09	1	0	-5.95640031910379	6.35694186809355
MFGE8	ITGB3	R-HSA-372708	REACTOME_P130CAS_LINKAGE_TO_MAPK_SIGNALING_FOR_INTEGRINS	7.09876331993885e-57	9.80350602873908e-57	3.04039885756526	3.57758831465387	3.51140334715023e-21	1	3	7	3.95090459057117e-08	1	0	0.6248001109505	-1.81862510220008
NCAM1	FGFR2	R-HSA-5654727	REACTOME_NEGATIVE_REGULATION_OF_FGFR2_SIGNALING	7.59493452479131e-57	1.04817199253299e-56	5.35497639278498	12.7101660798708	3.09943474550362e-28	1	8	15	8.86373094232484e-05	1	0	2.31654305445474	5.73242607734244
NID1	ITGB3	R-HSA-216083	REACTOME_INTEGRIN_CELL_SURFACE_INTERACTIONS	8.26517304660016e-57	1.1399097139036e-56	1.51200808588345	3.57758831465387	6.29152013311613e-17	1	3	7	5.74454208701553e-09	1	0	-6.39088225480639	-1.81862510220008
TNC	EGFR	R-HSA-881907	REACTOME_GASTRIN_CREB_SIGNALLING_PATHWAY_VIA_PKC_AND_MAPK	8.38788771717051e-57	1.15606244320709e-56	6.8277048658413	2.89751774661206	2.15385338243132e-18	1	6	12	1.25549861911524e-06	1	0	-5.58163186833725	6.35694186809355
SPTBN2	PTPRA	R-HSA-375165	REACTOME_NCAM_SIGNALING_FOR_NEURITE_OUT_GROWTH	8.63760211500642e-57	1.18968573130688e-56	7.13402215394203	1.7690427130103	1.8238820954008e-20	1	7	13	2.23201828780279e-06	1	0	-6.39088225480639	5.1505274622729
LAMA5	SDC1	R-HSA-9833110	REACTOME_RSV_HOST_INTERACTIONS	8.80187090978291e-57	1.21150335107338e-56	6.39025679656551	6.46884404771167	3.10330148907865e-24	1	1	3	1.41552611148282e-11	1	0	-4.04261071031852	5.30916569519122
COL18A1	ITGB3	R-HSA-372708	REACTOME_P130CAS_LINKAGE_TO_MAPK_SIGNALING_FOR_INTEGRINS	1.07173240081397e-56	1.47416720378273e-56	3.31748124564936	3.57758831465387	5.30132442773138e-21	1	3	7	3.95090459057117e-08	1	0	-2.93094921873315	-1.81862510220008
FBN1	ITGB3	R-HSA-372708	REACTOME_P130CAS_LINKAGE_TO_MAPK_SIGNALING_FOR_INTEGRINS	1.19426491716452e-56	1.64161764395336e-56	7.14914428394037	3.57758831465387	5.90743153210484e-21	1	3	7	3.95090459057117e-08	1	0	3.49330586689255	-1.81862510220008
L1CAM	EGFR	R-HSA-1236382	REACTOME_CONSTITUTIVE_SIGNALING_BY_LIGAND_RESPONSIVE_EGFR_CANCER_VARIANTS	1.21813271456774e-56	1.67331262519744e-56	6.61152480504602	2.89751774661206	7.39792751891101e-20	1	8	16	2.8975198577158e-05	1	0	7.69724325085875	6.35694186809355
EFNA5	EPHA2	R-HSA-2682334	REACTOME_EPH_EPHRIN_SIGNALING	1.45712869836065e-56	2.00028431283263e-56	8.4006046829594	8.85480057685215	6.08076825026533e-27	1	2	4	8.42997504862121e-11	1	0	7.60630028186199	-4.25222373206742
ANXA1	EGFR	R-HSA-9634638	REACTOME_ESTROGEN_DEPENDENT_NUCLEAR_EVENTS_DOWNSTREAM_OF_ESR_MEMBRANE_SIGNALING	1.54689946854273e-56	2.12210777025849e-56	2.36495705120345	2.89751774661206	1.72833729678414e-15	1	7	13	4.71957055561488e-07	1	0	5.26706875945552	6.35694186809355
NCAM1	PTPRA	R-HSA-375165	REACTOME_NCAM_SIGNALING_FOR_NEURITE_OUT_GROWTH	2.29894899740141e-56	3.15171110061799e-56	5.35497639278498	1.7690427130103	4.85437029718626e-20	1	7	13	2.23201828780279e-06	1	0	2.31654305445474	5.1505274622729
NID1	ITGB3	R-HSA-210990	REACTOME_PECAM1_INTERACTIONS	2.33352718611037e-56	3.19699414224405e-56	1.51200808588345	3.57758831465387	6.29152013311613e-17	1	4	9	1.28084434536585e-07	1	0	-6.39088225480639	-1.81862510220008
NID1	ITGB3	R-HSA-1566948	REACTOME_ELASTIC_FIBRE_FORMATION	2.52934806937345e-56	3.46297754229658e-56	1.51200808588345	3.57758831465387	6.29152013311613e-17	1	4	8	5.90490614656606e-09	1	0	-6.39088225480639	-1.81862510220008
EFEMP1	EGFR	R-HSA-1236382	REACTOME_CONSTITUTIVE_SIGNALING_BY_LIGAND_RESPONSIVE_EGFR_CANCER_VARIANTS	2.55509272771292e-56	3.49590832811583e-56	11.0825504472025	2.89751774661206	1.55175134676721e-19	1	8	16	2.8975198577158e-05	1	0	6.63580333837864	6.35694186809355
HSPG2	SDC1	R-HSA-3656237	REACTOME_DEFECTIVE_EXT2_CAUSES_EXOSTOSES_2	3.05536503875712e-56	4.17209793131012e-56	4.09583451460777	6.46884404771167	1.79548387795378e-20	1	3	7	3.81709057873828e-08	1	0	4.83775802276138	5.30916569519122
HSPG2	SDC1	R-HSA-9694614	REACTOME_ATTACHMENT_AND_ENTRY	3.05536503875712e-56	4.17209793131012e-56	4.09583451460777	6.46884404771167	1.79548387795378e-20	1	3	7	3.81709057873828e-08	1	0	4.83775802276138	5.30916569519122
HSPG2	SDC1	R-HSA-9772572	REACTOME_EARLY_SARS_COV_2_INFECTION_EVENTS	3.05536503875712e-56	4.17209793131012e-56	4.09583451460777	6.46884404771167	1.79548387795378e-20	1	3	7	3.81709057873828e-08	1	0	4.83775802276138	5.30916569519122
UBB	ERBB3	R-HSA-1963642	REACTOME_PI3K_EVENTS_IN_ERBB2_SIGNALING	3.18284215606879e-56	4.34329715616784e-56	1.56324007583564	9.47133900069063	1.98781373584178e-17	1	4	8	7.78485056437778e-09	1	0	5.83927178506202	4.07639206347018
LAMA1	GPC1	R-HSA-9833110	REACTOME_RSV_HOST_INTERACTIONS	3.3735812285618e-56	4.60054047406514e-56	19.8345033696564	4.73558061131978	1.18943344630146e-23	1	1	3	1.41552611148282e-11	1	0	-2.13725369701301	5.86131559783074
SLIT2	SDC1	R-HSA-9833110	REACTOME_RSV_HOST_INTERACTIONS	3.55365190324141e-56	4.84290556206909e-56	6.80274676319369	6.46884404771167	1.25292149317243e-23	1	1	3	1.41552611148282e-11	1	0	2.78796175154231	5.30916569519122
LIF	LIFR	R-HSA-6783589	REACTOME_INTERLEUKIN_6_FAMILY_SIGNALING	4.72731842871665e-56	6.43812780074396e-56	1.7532837569655	6.14276526205514	3.40008456832996e-15	1	6	11	5.57716993422427e-08	1	0	-4.60424814239365	0.275385850352184
PTN	SDC1	R-HSA-9833110	REACTOME_RSV_HOST_INTERACTIONS	4.80975338055507e-56	6.54608068789643e-56	7.92717388064223	6.46884404771167	1.69578888181464e-23	1	1	3	1.41552611148282e-11	1	0	-1.41052729395478	5.30916569519122
TNC	SDC1	R-HSA-9833110	REACTOME_RSV_HOST_INTERACTIONS	4.86943282272875e-56	6.62294154822752e-56	6.8277048658413	6.46884404771167	1.7168302380971e-23	1	1	3	1.41552611148282e-11	1	0	-5.58163186833725	5.30916569519122
THBS1	SDC1	R-HSA-9833110	REACTOME_RSV_HOST_INTERACTIONS	5.90956009321628e-56	8.03233628459529e-56	7.11466682191395	6.46884404771167	2.08355096604458e-23	1	1	3	1.41552611148282e-11	1	0	-3.6446101735829	5.30916569519122
CDH1	EGFR	R-HSA-1250196	REACTOME_SHC1_EVENTS_IN_ERBB2_SIGNALING	9.25346722531786e-56	1.25691408859347e-55	14.0529638668967	2.89751774661206	1.12509612679447e-22	1	5	10	1.25549861911524e-06	1	0	6.06941827582005	6.35694186809355
ANXA1	EGFR	R-HSA-1963642	REACTOME_PI3K_EVENTS_IN_ERBB2_SIGNALING	1.24295636611555e-55	1.68721935111349e-55	2.36495705120345	2.89751774661206	1.72833729678414e-15	1	4	8	4.1853123432812e-09	1	0	5.26706875945552	6.35694186809355
UBB	LRP2	R-HSA-196849	REACTOME_METABOLISM_OF_WATER_SOLUBLE_VITAMINS_AND_COFACTORS	1.45835645161686e-55	1.97830888315196e-55	1.56324007583564	5.72249204709186	4.55568794232031e-15	1	9	17	1.03106040956492e-05	1	0	5.83927178506202	-2.26417799144396
SLIT2	GPC1	R-HSA-9833110	REACTOME_RSV_HOST_INTERACTIONS	1.49022048448135e-55	2.02020703473653e-55	6.80274676319369	4.73558061131978	5.25411414907986e-23	1	1	3	1.41552611148282e-11	1	0	2.78796175154231	5.86131559783074
CDH1	EGFR	R-HSA-8863795	REACTOME_DOWNREGULATION_OF_ERBB2_SIGNALING	1.67837582615327e-55	2.27378652907059e-55	14.0529638668967	2.89751774661206	1.12509612679447e-22	1	7	14	2.8975198577158e-05	1	0	6.06941827582005	6.35694186809355
EFNA1	EPHA4	R-HSA-2682334	REACTOME_EPH_EPHRIN_SIGNALING	2.25490797803378e-55	3.05284395977575e-55	13.0321668972634	16.9392298425042	6.91253819218457e-24	1	2	4	2.01284406855924e-11	1	0	7.78945197800163	4.14934170896333
CDH1	ERBB3	R-HSA-8863795	REACTOME_DOWNREGULATION_OF_ERBB2_SIGNALING	3.11284420222483e-55	4.21161501099967e-55	14.0529638668967	9.47133900069063	1.0580866130721e-26	1	7	13	2.8975198577158e-05	1	0	6.06941827582005	4.07639206347018
TNC	EGFR	R-HSA-1236382	REACTOME_CONSTITUTIVE_SIGNALING_BY_LIGAND_RESPONSIVE_EGFR_CANCER_VARIANTS	3.5465057758611e-55	4.79521003463943e-55	6.8277048658413	2.89751774661206	2.15385338243132e-18	1	8	16	2.8975198577158e-05	1	0	-5.58163186833725	6.35694186809355
COL4A2	ITGB3	R-HSA-372708	REACTOME_P130CAS_LINKAGE_TO_MAPK_SIGNALING_FOR_INTEGRINS	3.85308997219254e-55	5.20633347452569e-55	2.35366848733984	3.57758831465387	1.90593099325143e-19	1	3	7	3.95090459057117e-08	1	0	6.7881869323435	-1.81862510220008
DCN	EGFR	R-HSA-1250196	REACTOME_SHC1_EVENTS_IN_ERBB2_SIGNALING	5.24267184223653e-55	7.07932027847103e-55	15.215347949085	2.89751774661206	6.37437799273358e-22	1	5	10	1.25549861911524e-06	1	0	-5.95640031910379	6.35694186809355
TNFSF12	TRAF2	R-HSA-5213460	REACTOME_RIPK1_MEDIATED_REGULATED_NECROSIS	5.76031059422793e-55	7.77322121990523e-55	8.71305866963411	1.15950995895023	1.64631811656911e-18	1	9	17	2.8975198577158e-05	1	0	2.36479248772075	5.06353195786275
EFNA5	EPHA4	R-HSA-2682334	REACTOME_EPH_EPHRIN_SIGNALING	6.18030570738293e-55	8.33453759233233e-55	8.4006046829594	16.9392298425042	1.89460499753577e-23	1	2	4	2.01284406855924e-11	1	0	7.60630028186199	4.14934170896333
CDH1	EGFR	R-HSA-8847993	REACTOME_ERBB2_ACTIVATES_PTK6_SIGNALING	6.7787636403895e-55	9.13563319050536e-55	14.0529638668967	2.89751774661206	1.12509612679447e-22	1	2	4	1.14630562516616e-11	1	0	6.06941827582005	6.35694186809355
APP	GPC1	R-HSA-3656237	REACTOME_DEFECTIVE_EXT2_CAUSES_EXOSTOSES_2	7.07522235453386e-55	9.51654256801234e-55	1.1092665128676	4.73558061131978	5.86198611650717e-18	1	4	8	1.84799783951792e-08	1	0	-3.96459372498046	5.86131559783074
APP	GPC1	R-HSA-9694614	REACTOME_ATTACHMENT_AND_ENTRY	7.07522235453386e-55	9.51654256801234e-55	1.1092665128676	4.73558061131978	5.86198611650717e-18	1	4	8	1.84799783951792e-08	1	0	-3.96459372498046	5.86131559783074
APP	GPC1	R-HSA-9772572	REACTOME_EARLY_SARS_COV_2_INFECTION_EVENTS	7.07522235453386e-55	9.51654256801234e-55	1.1092665128676	4.73558061131978	5.86198611650717e-18	1	4	8	1.84799783951792e-08	1	0	-3.96459372498046	5.86131559783074
L1CAM	EGFR	R-HSA-6785631	REACTOME_ERBB2_REGULATES_CELL_MOTILITY	7.6915190918483e-55	1.03387628131155e-54	6.61152480504602	2.89751774661206	7.39792751891101e-20	1	2	5	1.20083414980008e-09	1	0	7.69724325085875	6.35694186809355
DCN	EGFR	R-HSA-8863795	REACTOME_DOWNREGULATION_OF_ERBB2_SIGNALING	9.50905587085167e-55	1.27735431919243e-54	15.215347949085	2.89751774661206	6.37437799273358e-22	1	7	14	2.8975198577158e-05	1	0	-5.95640031910379	6.35694186809355
EFEMP1	EGFR	R-HSA-6785631	REACTOME_ERBB2_REGULATES_CELL_MOTILITY	1.61333360984567e-54	2.1657876789741e-54	11.0825504472025	2.89751774661206	1.55175134676721e-19	1	2	5	1.20083414980008e-09	1	0	6.63580333837864	6.35694186809355
SEMA4D	MET	R-HSA-8874081	REACTOME_MET_ACTIVATES_PTK2_SIGNALING	1.88554354222834e-54	2.52956685600243e-54	1.83704509775797	4.11816608001036	9.4134265890396e-17	1	3	7	1.5699792336554e-08	1	0	4.10629032846076	-6.39088225480639
COL18A1	GPC1	R-HSA-9833110	REACTOME_RSV_HOST_INTERACTIONS	1.89116317063882e-54	2.53545951365335e-54	3.31748124564936	4.73558061131978	6.66772955850917e-22	1	1	3	1.41552611148282e-11	1	0	-2.93094921873315	5.86131559783074
SEMA3A	PLXNA2	R-HSA-399956	REACTOME_CRMPS_IN_SEMA3A_SIGNALING	2.76135385807216e-54	3.69971275666478e-54	4.99692182362697	4.88798633172083	3.08122923791062e-17	1	5	10	2.74386787216653e-07	1	0	4.50830056909284	4.9156432815895
DCN	MET	R-HSA-8875360	REACTOME_INLB_MEDIATED_ENTRY_OF_LISTERIA_MONOCYTOGENES_INTO_HOST_CELL	2.9201460931781e-54	3.90992989533762e-54	15.215347949085	4.11816608001036	3.29371225008704e-23	1	4	9	3.19085596269057e-06	1	0	-5.95640031910379	-6.39088225480639
DCN	EGFR	R-HSA-8847993	REACTOME_ERBB2_ACTIVATES_PTK6_SIGNALING	3.84059643777753e-54	5.13903642516086e-54	15.215347949085	2.89751774661206	6.37437799273358e-22	1	2	4	1.14630562516616e-11	1	0	-5.95640031910379	6.35694186809355
EFNA1	EPHA5	R-HSA-2682334	REACTOME_EPH_EPHRIN_SIGNALING	3.95513076391455e-54	5.2888674163414e-54	13.0321668972634	7.58581264812505	1.65052226353904e-24	1	2	4	8.42997504862121e-11	1	0	7.78945197800163	5.33701081900847
L1CAM	ERBB2	R-HSA-9665348	REACTOME_SIGNALING_BY_ERBB2_ECD_MUTANTS	4.8463318418719e-54	6.47640464767616e-54	6.61152480504602	5.48467664125572	7.55149525097075e-25	1	7	14	8.24616430174569e-05	1	0	7.69724325085875	5.37025434019213
EFNA3	EPHA2	R-HSA-2682334	REACTOME_EPH_EPHRIN_SIGNALING	6.17329593470689e-54	8.24436289664153e-54	4.32205301980455	8.85480057685215	2.57618849738464e-24	1	2	4	8.42997504862121e-11	1	0	5.17754451207061	-4.25222373206742
ANXA1	EGFR	R-HSA-881907	REACTOME_GASTRIN_CREB_SIGNALLING_PATHWAY_VIA_PKC_AND_MAPK	6.73077345982514e-54	8.98306070284157e-54	2.36495705120345	2.89751774661206	1.72833729678414e-15	1	6	12	1.25549861911524e-06	1	0	5.26706875945552	6.35694186809355
IL6ST	LIFR	R-HSA-6783589	REACTOME_INTERLEUKIN_6_FAMILY_SIGNALING	8.45106456979024e-54	1.12717233061244e-53	2.21481281597362	6.14276526205514	6.07835809306896e-13	1	6	11	5.57716993422427e-08	1	0	6.11148878270518	0.275385850352184
COL4A4	ITGB3	R-HSA-372708	REACTOME_P130CAS_LINKAGE_TO_MAPK_SIGNALING_FOR_INTEGRINS	9.83896883232081e-54	1.31143932952095e-53	2.40348737446135	3.57758831465387	4.86684603123459e-18	1	3	7	3.95090459057117e-08	1	0	0.348341817117918	-1.81862510220008
EFNA5	EPHA5	R-HSA-2682334	REACTOME_EPH_EPHRIN_SIGNALING	1.08403169760308e-53	1.44397774806445e-53	8.4006046829594	7.58581264812505	4.52379088853448e-24	1	2	4	8.42997504862121e-11	1	0	7.60630028186199	5.33701081900847
SEMA4D	ERBB2	R-HSA-400685	REACTOME_SEMA4D_IN_SEMAPHORIN_SIGNALING	1.12200567168e-53	1.49359775624412e-53	1.83704509775797	5.48467664125572	1.8596138826397e-20	1	9	17	6.6323292611313e-05	1	0	4.10629032846076	5.37025434019213
CDH1	ERBB3	R-HSA-6785631	REACTOME_ERBB2_REGULATES_CELL_MOTILITY	1.16779474057568e-53	1.55355050484826e-53	14.0529638668967	9.47133900069063	1.0580866130721e-26	1	2	5	1.21890212300538e-07	1	0	6.06941827582005	4.07639206347018
SEMA4D	ERBB2	R-HSA-1250196	REACTOME_SHC1_EVENTS_IN_ERBB2_SIGNALING	1.52945830182349e-53	2.03337249135607e-53	1.83704509775797	5.48467664125572	1.8596138826397e-20	1	5	10	1.25549861911524e-06	1	0	4.10629032846076	5.37025434019213
TNFSF12	TRAF2	R-HSA-933541	REACTOME_TRAF6_MEDIATED_IRF7_ACTIVATION	1.57219993107265e-53	2.08885212707144e-53	8.71305866963411	1.15950995895023	1.64631811656911e-18	1	8	15	1.40099122589883e-05	1	0	2.36479248772075	5.06353195786275
DCN	MET	R-HSA-6807004	REACTOME_NEGATIVE_REGULATION_OF_MET_ACTIVITY	1.60607156593991e-53	2.13248319744977e-53	15.215347949085	4.11816608001036	3.29371225008704e-23	1	6	11	3.19085596269057e-06	1	0	-5.95640031910379	-6.39088225480639
TNFSF9	TRAF2	R-HSA-5213460	REACTOME_RIPK1_MEDIATED_REGULATED_NECROSIS	1.72870107424806e-53	2.29383199704335e-53	3.24465487556851	1.15950995895023	4.94069173894698e-17	1	9	17	2.8975198577158e-05	1	0	2.84326536040046	5.06353195786275
L1CAM	ERBB2	R-HSA-8863795	REACTOME_DOWNREGULATION_OF_ERBB2_SIGNALING	2.22161663513181e-53	2.94599484478968e-53	6.61152480504602	5.48467664125572	7.55149525097075e-25	1	7	13	2.8975198577158e-05	1	0	7.69724325085875	5.37025434019213
TNC	EGFR	R-HSA-6785631	REACTOME_ERBB2_REGULATES_CELL_MOTILITY	2.23933045703199e-53	2.96757968199365e-53	6.8277048658413	2.89751774661206	2.15385338243132e-18	1	2	5	1.20083414980008e-09	1	0	-5.58163186833725	6.35694186809355
SEMA5A	MET	R-HSA-8875360	REACTOME_INLB_MEDIATED_ENTRY_OF_LISTERIA_MONOCYTOGENES_INTO_HOST_CELL	4.12189064011893e-53	5.45886286056777e-53	13.1302189665968	4.11816608001036	4.64919262998353e-22	1	4	9	3.19085596269057e-06	1	0	-3.36463131492755	-6.39088225480639
HSPG2	SDC1	R-HSA-9833110	REACTOME_RSV_HOST_INTERACTIONS	5.09251755588774e-53	6.74000081387833e-53	4.09583451460777	6.46884404771167	1.79548387795378e-20	1	1	3	1.41552611148282e-11	1	0	4.83775802276138	5.30916569519122
L1CAM	EGFR	R-HSA-1250196	REACTOME_SHC1_EVENTS_IN_ERBB2_SIGNALING	6.08450053299538e-53	8.04774526323205e-53	6.61152480504602	2.89751774661206	7.39792751891101e-20	1	5	10	1.25549861911524e-06	1	0	7.69724325085875	6.35694186809355
FBLN2	ITGB3	R-HSA-445144	REACTOME_SIGNAL_TRANSDUCTION_BY_L1	6.16712196876906e-53	8.15180677381758e-53	16.4383713511822	3.57758831465387	7.79229608219956e-27	1	6	12	7.19645109658464e-05	1	0	3.30185484435118	-1.81862510220008
EFNA2	EPHA2	R-HSA-2682334	REACTOME_EPH_EPHRIN_SIGNALING	6.24894432461334e-53	8.25467965131149e-53	3.03119036377376	8.85480057685215	2.60775745406255e-23	1	2	4	8.42997504862121e-11	1	0	5.8770030212612	-4.25222373206742
CDH1	ERBB3	R-HSA-8847993	REACTOME_ERBB2_ACTIVATES_PTK6_SIGNALING	7.32875570899192e-53	9.67489411806857e-53	14.0529638668967	9.47133900069063	1.0580866130721e-26	1	2	4	1.20083414980008e-09	1	0	6.06941827582005	4.07639206347018
WNT2	FZD3	R-HSA-373080	REACTOME_CLASS_B_2_SECRETIN_FAMILY_RECEPTORS	8.11627553610889e-53	1.07076789639853e-52	15.1295630659464	1.66337722608805	2.24499804035283e-17	1	4	8	3.64746023349233e-08	1	0	-6.39088225480639	4.47201671447128
IL6ST	IL27RA	R-HSA-447115	REACTOME_INTERLEUKIN_12_FAMILY_SIGNALING	9.68846273037031e-53	1.27736847485291e-52	2.21481281597362	1.80644164088181	1.07819418285059e-13	1	4	9	1.48438467325219e-07	1	0	6.11148878270518	3.94372463251454
SPTAN1	PTPRA	R-HSA-375165	REACTOME_NCAM_SIGNALING_FOR_NEURITE_OUT_GROWTH	1.03467227808723e-52	1.36328630518382e-52	2.46722936251294	1.7690427130103	2.18477329412094e-16	1	7	13	2.23201828780279e-06	1	0	4.71336656360065	5.1505274622729
L1CAM	EGFR	R-HSA-8863795	REACTOME_DOWNREGULATION_OF_ERBB2_SIGNALING	1.10359483209229e-52	1.45317203511961e-52	6.61152480504602	2.89751774661206	7.39792751891101e-20	1	7	14	2.8975198577158e-05	1	0	7.69724325085875	6.35694186809355
SEMA4D	MET	R-HSA-400685	REACTOME_SEMA4D_IN_SEMAPHORIN_SIGNALING	1.14271498371799e-52	1.50372557730024e-52	1.83704509775797	4.11816608001036	9.4134265890396e-17	1	8	15	1.08257716110791e-05	1	0	4.10629032846076	-6.39088225480639
NID1	ITGB3	R-HSA-372708	REACTOME_P130CAS_LINKAGE_TO_MAPK_SIGNALING_FOR_INTEGRINS	1.27191347538779e-52	1.67267551887407e-52	1.51200808588345	3.57758831465387	6.29152013311613e-17	1	3	7	3.95090459057117e-08	1	0	-6.39088225480639	-1.81862510220008
EFEMP1	EGFR	R-HSA-1250196	REACTOME_SHC1_EVENTS_IN_ERBB2_SIGNALING	1.27625363621719e-52	1.67731552953226e-52	11.0825504472025	2.89751774661206	1.55175134676721e-19	1	5	10	1.25549861911524e-06	1	0	6.63580333837864	6.35694186809355
L1CAM	ERBB2	R-HSA-1963640	REACTOME_GRB2_EVENTS_IN_ERBB2_SIGNALING	1.31917014608411e-52	1.73261635207233e-52	6.61152480504602	5.48467664125572	7.55149525097075e-25	1	4	8	1.25549861911524e-06	1	0	7.69724325085875	5.37025434019213
S100B	APP	R-HSA-9609523	REACTOME_INSERTION_OF_TAIL_ANCHORED_PROTEINS_INTO_THE_ENDOPLASMIC_RETICULUM_MEMBRANE	1.72882990528874e-52	2.26922654658611e-52	4.2249108102541	1.1092665128676	4.28808301832756e-15	1	8	16	2.47813893563408e-05	1	0	5.19212134952298	-3.96459372498046
L1CAM	FGFR2	R-HSA-5654696	REACTOME_DOWNSTREAM_SIGNALING_OF_ACTIVATED_FGFR2	1.93875757069215e-52	2.543157549873e-52	6.61152480504602	12.7101660798708	1.47684132181016e-29	1	7	13	0.000185847444770754	1	0	7.69724325085875	5.73242607734244
L1CAM	ERBB3	R-HSA-8863795	REACTOME_DOWNREGULATION_OF_ERBB2_SIGNALING	2.04681140013634e-52	2.6831931171838e-52	6.61152480504602	9.47133900069063	6.95731492253852e-24	1	7	13	2.8975198577158e-05	1	0	7.69724325085875	4.07639206347018
UBB	MET	R-HSA-8874081	REACTOME_MET_ACTIVATES_PTK2_SIGNALING	2.18766472937555e-52	2.86602113563087e-52	1.56324007583564	4.11816608001036	1.09217426541477e-14	1	3	7	1.5699792336554e-08	1	0	5.83927178506202	-6.39088225480639
SEMA5A	MET	R-HSA-6807004	REACTOME_NEGATIVE_REGULATION_OF_MET_ACTIVITY	2.26702745128892e-52	2.96811071886116e-52	13.1302189665968	4.11816608001036	4.64919262998353e-22	1	6	11	3.19085596269057e-06	1	0	-3.36463131492755	-6.39088225480639
EFEMP1	EGFR	R-HSA-8863795	REACTOME_DOWNREGULATION_OF_ERBB2_SIGNALING	2.31484393785548e-52	3.02879517138025e-52	11.0825504472025	2.89751774661206	1.55175134676721e-19	1	7	14	2.8975198577158e-05	1	0	6.63580333837864	6.35694186809355
EFNA3	EPHA4	R-HSA-2682334	REACTOME_EPH_EPHRIN_SIGNALING	2.61835870376836e-52	3.42375258353509e-52	4.32205301980455	16.9392298425042	8.02671537683767e-21	1	2	4	2.01284406855924e-11	1	0	5.17754451207061	4.14934170896333
ANXA1	EGFR	R-HSA-1236382	REACTOME_CONSTITUTIVE_SIGNALING_BY_LIGAND_RESPONSIVE_EGFR_CANCER_VARIANTS	2.84585675871861e-52	3.71887417046973e-52	2.36495705120345	2.89751774661206	1.72833729678414e-15	1	8	16	2.8975198577158e-05	1	0	5.26706875945552	6.35694186809355
LAMA1	SDC4	R-HSA-9833110	REACTOME_RSV_HOST_INTERACTIONS	3.1605884018334e-52	4.1275446511933e-52	19.8345033696564	1.45777712136255	1.11433793954792e-19	1	1	3	1.41552611148282e-11	1	0	-2.13725369701301	7.17743566926211
TNFSF12	TRAF2	R-HSA-5357769	REACTOME_CASPASE_ACTIVATION_VIA_EXTRINSIC_APOPTOTIC_SIGNALLING_PATHWAY	4.34578054562262e-52	5.66817083791435e-52	8.71305866963411	1.15950995895023	1.64631811656911e-18	1	4	8	8.60346150772775e-08	1	0	2.36479248772075	5.06353195786275
TNFSF12	TRAF2	R-HSA-140534	REACTOME_CASPASE_ACTIVATION_VIA_DEATH_RECEPTORS_IN_THE_PRESENCE_OF_LIGAND	4.34578054562262e-52	5.66817083791435e-52	8.71305866963411	1.15950995895023	1.64631811656911e-18	1	4	8	8.60346150772775e-08	1	0	2.36479248772075	5.06353195786275
L1CAM	EGFR	R-HSA-8847993	REACTOME_ERBB2_ACTIVATES_PTK6_SIGNALING	4.45729043813443e-52	5.80994450800362e-52	6.61152480504602	2.89751774661206	7.39792751891101e-20	1	2	4	1.14630562516616e-11	1	0	7.69724325085875	6.35694186809355
TNFSF9	TRAF2	R-HSA-933541	REACTOME_TRAF6_MEDIATED_IRF7_ACTIVATION	4.71825896419792e-52	6.14623141237888e-52	3.24465487556851	1.15950995895023	4.94069173894698e-17	1	8	15	1.40099122589883e-05	1	0	2.84326536040046	5.06353195786275
CDH1	EGFR	R-HSA-9665348	REACTOME_SIGNALING_BY_ERBB2_ECD_MUTANTS	7.22054242668015e-52	9.39989959264095e-52	14.0529638668967	2.89751774661206	1.12509612679447e-22	1	7	14	8.24616430174569e-05	1	0	6.06941827582005	6.35694186809355
L1CAM	ERBB2	R-HSA-6785631	REACTOME_ERBB2_REGULATES_CELL_MOTILITY	8.33447501236355e-52	1.08432149720045e-51	6.61152480504602	5.48467664125572	7.55149525097075e-25	1	2	5	1.21890212300538e-07	1	0	7.69724325085875	5.37025434019213
EFEMP1	EGFR	R-HSA-8847993	REACTOME_ERBB2_ACTIVATES_PTK6_SIGNALING	9.34938389518831e-52	1.2155964208596e-51	11.0825504472025	2.89751774661206	1.55175134676721e-19	1	2	4	1.14630562516616e-11	1	0	6.63580333837864	6.35694186809355
UBB	FGFR2	R-HSA-5654727	REACTOME_NEGATIVE_REGULATION_OF_FGFR2_SIGNALING	1.03397347419196e-51	1.34351521866703e-51	1.56324007583564	12.7101660798708	4.21956674067272e-23	1	8	15	8.86373094232484e-05	1	0	5.83927178506202	5.73242607734244
WNT5A	FZD3	R-HSA-373080	REACTOME_CLASS_B_2_SECRETIN_FAMILY_RECEPTORS	1.07937093953337e-51	1.40162184857067e-51	3.71867437883844	1.66337722608805	2.98558819656328e-16	1	4	8	3.64746023349233e-08	1	0	3.85719962716077	4.47201671447128
DCN	MET	R-HSA-8875555	REACTOME_MET_ACTIVATES_RAP1_AND_RAC1	1.2038241624782e-51	1.56224919577887e-51	15.215347949085	4.11816608001036	3.29371225008704e-23	1	3	6	3.95090459057117e-08	1	0	-5.95640031910379	-6.39088225480639
UBB	ERBB2	R-HSA-400685	REACTOME_SEMA4D_IN_SEMAPHORIN_SIGNALING	1.30178496498301e-51	1.6883162194946e-51	1.56324007583564	5.48467664125572	2.15758035293112e-18	1	9	17	6.6323292611313e-05	1	0	5.83927178506202	5.37025434019213
WNT5A	FZD2	R-HSA-373080	REACTOME_CLASS_B_2_SECRETIN_FAMILY_RECEPTORS	1.35671777758444e-51	1.75845604045763e-51	3.71867437883844	3.90733841238929	3.10772352419006e-19	1	4	8	1.50789761926203e-07	1	0	3.85719962716077	10.3444172123752
TNC	EGFR	R-HSA-1250196	REACTOME_SHC1_EVENTS_IN_ERBB2_SIGNALING	1.77145856321209e-51	2.29456638971547e-51	6.8277048658413	2.89751774661206	2.15385338243132e-18	1	5	10	1.25549861911524e-06	1	0	-5.58163186833725	6.35694186809355
UBB	ERBB2	R-HSA-1250196	REACTOME_SHC1_EVENTS_IN_ERBB2_SIGNALING	1.77452384790628e-51	2.29709666025964e-51	1.56324007583564	5.48467664125572	2.15758035293112e-18	1	5	10	1.25549861911524e-06	1	0	5.83927178506202	5.37025434019213
TNC	SDC4	R-HSA-9833110	REACTOME_RSV_HOST_INTERACTIONS	1.91306970296929e-51	2.47489167585132e-51	6.8277048658413	1.45777712136255	6.74496606322334e-19	1	1	3	1.41552611148282e-11	1	0	-5.58163186833725	7.17743566926211
THBS1	SDC4	R-HSA-9833110	REACTOME_RSV_HOST_INTERACTIONS	2.3217078423259e-51	3.00165732305713e-51	7.11466682191395	1.45777712136255	8.18571355811128e-19	1	1	3	1.41552611148282e-11	1	0	-3.6446101735829	7.17743566926211
L1CAM	FGFR2	R-HSA-5655253	REACTOME_SIGNALING_BY_FGFR2_IN_DISEASE	2.46293972235278e-51	3.18225982888107e-51	6.61152480504602	12.7101660798708	1.47684132181016e-29	1	6	11	8.43864091750755e-05	1	0	7.69724325085875	5.73242607734244
EFNA2	EPHA4	R-HSA-2682334	REACTOME_EPH_EPHRIN_SIGNALING	2.65044441976717e-51	3.42238635702436e-51	3.03119036377376	16.9392298425042	8.12507581523514e-20	1	2	4	2.01284406855924e-11	1	0	5.8770030212612	4.14934170896333
FBLN2	ITGB3	R-HSA-354194	REACTOME_GRB2_SOS_PROVIDES_LINKAGE_TO_MAPK_SIGNALING_FOR_INTEGRINS	2.8092352167087e-51	3.62515924904446e-51	16.4383713511822	3.57758831465387	7.79229608219956e-27	1	3	7	7.02977929666644e-06	1	0	3.30185484435118	-1.81862510220008
WNT5A	FZD2	R-HSA-4608870	REACTOME_ASYMMETRIC_LOCALIZATION_OF_PCP_PROTEINS	2.88614226909567e-51	3.7220786067114e-51	3.71867437883844	3.90733841238929	3.10772352419006e-19	1	5	10	1.88051359549594e-06	1	0	3.85719962716077	10.3444172123752
TNC	EGFR	R-HSA-8863795	REACTOME_DOWNREGULATION_OF_ERBB2_SIGNALING	3.21303696996155e-51	4.14106948218375e-51	6.8277048658413	2.89751774661206	2.15385338243132e-18	1	7	14	2.8975198577158e-05	1	0	-5.58163186833725	6.35694186809355
CDH1	EGFR	R-HSA-5637810	REACTOME_CONSTITUTIVE_SIGNALING_BY_EGFRVIII	3.30998323952816e-51	4.26335746437979e-51	14.0529638668967	2.89751774661206	1.12509612679447e-22	1	7	13	2.8975198577158e-05	1	0	6.06941827582005	6.35694186809355
NCAM1	FGFR2	R-HSA-5654696	REACTOME_DOWNSTREAM_SIGNALING_OF_ACTIVATED_FGFR2	4.06885458103663e-51	5.23754116163344e-51	5.35497639278498	12.7101660798708	3.09943474550362e-28	1	7	13	0.000185847444770754	1	0	2.31654305445474	5.73242607734244
DCN	EGFR	R-HSA-9665348	REACTOME_SIGNALING_BY_ERBB2_ECD_MUTANTS	4.09089193750616e-51	5.26262935422647e-51	15.215347949085	2.89751774661206	6.37437799273358e-22	1	7	14	8.24616430174569e-05	1	0	-5.95640031910379	6.35694186809355
EFNA3	EPHA5	R-HSA-2682334	REACTOME_EPH_EPHRIN_SIGNALING	4.59262691033086e-51	5.90439775777445e-51	4.32205301980455	7.58581264812505	1.91655685136618e-21	1	2	4	8.42997504862121e-11	1	0	5.17754451207061	5.33701081900847
L1CAM	ERBB2	R-HSA-8847993	REACTOME_ERBB2_ACTIVATES_PTK6_SIGNALING	5.230485221932e-51	6.72026272917382e-51	6.61152480504602	5.48467664125572	7.55149525097075e-25	1	2	4	1.20083414980008e-09	1	0	7.69724325085875	5.37025434019213
COL1A2	ITGB3	R-HSA-445144	REACTOME_SIGNAL_TRANSDUCTION_BY_L1	6.01065916848795e-51	7.71785074089254e-51	16.249300289467	3.57758831465387	7.59460184624725e-25	1	6	12	7.19645109658464e-05	1	0	3.18442633530028	-1.81862510220008
L1CAM	ERBB3	R-HSA-6785631	REACTOME_ERBB2_REGULATES_CELL_MOTILITY	7.67868686239156e-51	9.8535199116155e-51	6.61152480504602	9.47133900069063	6.95731492253852e-24	1	2	5	1.21890212300538e-07	1	0	7.69724325085875	4.07639206347018
IL6ST	IL11RA	R-HSA-6783589	REACTOME_INTERLEUKIN_6_FAMILY_SIGNALING	9.23807509774665e-51	1.18472148677496e-50	2.21481281597362	1.40217062353554	4.11228917347263e-12	1	5	10	1.48438467325219e-07	1	0	6.11148878270518	4.02749604393567
S100B	APP	R-HSA-977225	REACTOME_AMYLOID_FIBER_FORMATION	1.09378343162716e-50	1.40183410033606e-50	4.2249108102541	1.1092665128676	4.28808301832756e-15	1	7	13	2.83899962420723e-06	1	0	5.19212134952298	-3.96459372498046
TNC	EGFR	R-HSA-8847993	REACTOME_ERBB2_ACTIVATES_PTK6_SIGNALING	1.29770804892501e-50	1.66216046440116e-50	6.8277048658413	2.89751774661206	2.15385338243132e-18	1	2	4	1.14630562516616e-11	1	0	-5.58163186833725	6.35694186809355
TNFSF9	TRAF2	R-HSA-5357769	REACTOME_CASPASE_ACTIVATION_VIA_EXTRINSIC_APOPTOTIC_SIGNALLING_PATHWAY	1.30419278175591e-50	1.66839770099548e-50	3.24465487556851	1.15950995895023	4.94069173894698e-17	1	4	8	8.60346150772775e-08	1	0	2.84326536040046	5.06353195786275
TNFSF9	TRAF2	R-HSA-140534	REACTOME_CASPASE_ACTIVATION_VIA_DEATH_RECEPTORS_IN_THE_PRESENCE_OF_LIGAND	1.30419278175591e-50	1.66839770099548e-50	3.24465487556851	1.15950995895023	4.94069173894698e-17	1	4	8	8.60346150772775e-08	1	0	2.84326536040046	5.06353195786275
UBB	MET	R-HSA-400685	REACTOME_SEMA4D_IN_SEMAPHORIN_SIGNALING	1.32581253607883e-50	1.69500538337801e-50	1.56324007583564	4.11816608001036	1.09217426541477e-14	1	8	15	1.08257716110791e-05	1	0	5.83927178506202	-6.39088225480639
WNT5A	FZD6	R-HSA-373080	REACTOME_CLASS_B_2_SECRETIN_FAMILY_RECEPTORS	1.4043497304843e-50	1.79430212936336e-50	3.71867437883844	2.25671619218573	3.21683018069275e-18	1	4	8	1.50789761926203e-07	1	0	3.85719962716077	4.99946175763607
UBB	ERBB3	R-HSA-1250196	REACTOME_SHC1_EVENTS_IN_ERBB2_SIGNALING	1.63489757155734e-50	2.08757625638904e-50	1.56324007583564	9.47133900069063	1.98781373584178e-17	1	5	10	1.25549861911524e-06	1	0	5.83927178506202	4.07639206347018
APP	GPC1	R-HSA-9833110	REACTOME_RSV_HOST_INTERACTIONS	1.6626307580497e-50	2.12167705134692e-50	1.1092665128676	4.73558061131978	5.86198611650717e-18	1	1	3	1.41552611148282e-11	1	0	-3.96459372498046	5.86131559783074
SEMA5A	MET	R-HSA-8875555	REACTOME_MET_ACTIVATES_RAP1_AND_RAC1	1.6992408562229e-50	2.16705654873858e-50	13.1302189665968	4.11816608001036	4.64919262998353e-22	1	3	6	3.95090459057117e-08	1	0	-3.36463131492755	-6.39088225480639
ANXA1	EGFR	R-HSA-6785631	REACTOME_ERBB2_REGULATES_CELL_MOTILITY	1.7969274883252e-50	2.29022343669332e-50	2.36495705120345	2.89751774661206	1.72833729678414e-15	1	2	5	1.20083414980008e-09	1	0	5.26706875945552	6.35694186809355
DCN	EGFR	R-HSA-5637810	REACTOME_CONSTITUTIVE_SIGNALING_BY_EGFRVIII	1.87531392348483e-50	2.38865509612803e-50	15.215347949085	2.89751774661206	6.37437799273358e-22	1	7	13	2.8975198577158e-05	1	0	-5.95640031910379	6.35694186809355
CDH1	ERBB3	R-HSA-1306955	REACTOME_GRB7_EVENTS_IN_ERBB2_SIGNALING	1.92813481413678e-50	2.45442176586973e-50	14.0529638668967	9.47133900069063	1.0580866130721e-26	1	1	2	1.349890255109e-12	1	0	6.06941827582005	4.07639206347018
CDH1	EGFR	R-HSA-1963640	REACTOME_GRB2_EVENTS_IN_ERBB2_SIGNALING	1.96542959058518e-50	2.50035562447597e-50	14.0529638668967	2.89751774661206	1.12509612679447e-22	1	4	8	1.25549861911524e-06	1	0	6.06941827582005	6.35694186809355
CDH1	EGFR	R-HSA-445144	REACTOME_SIGNAL_TRANSDUCTION_BY_L1	3.13103598871098e-50	3.9807509862627e-50	14.0529638668967	2.89751774661206	1.12509612679447e-22	1	6	11	9.18993119594234e-06	1	0	6.06941827582005	6.35694186809355
EFNA2	EPHA5	R-HSA-2682334	REACTOME_EPH_EPHRIN_SIGNALING	4.6489055716622e-50	5.90691199941828e-50	3.03119036377376	7.58581264812505	1.9400425940721e-20	1	2	4	8.42997504862121e-11	1	0	5.8770030212612	5.33701081900847
L1CAM	ERBB3	R-HSA-8847993	REACTOME_ERBB2_ACTIVATES_PTK6_SIGNALING	4.81893077824378e-50	6.11918315172197e-50	6.61152480504602	9.47133900069063	6.95731492253852e-24	1	2	4	1.20083414980008e-09	1	0	7.69724325085875	4.07639206347018
NCAM1	FGFR2	R-HSA-5655253	REACTOME_SIGNALING_BY_FGFR2_IN_DISEASE	5.16895135503429e-50	6.55961517168356e-50	5.35497639278498	12.7101660798708	3.09943474550362e-28	1	6	11	8.43864091750755e-05	1	0	2.31654305445474	5.73242607734244
FBLN2	ITGB3	R-HSA-2129379	REACTOME_MOLECULES_ASSOCIATED_WITH_ELASTIC_FIBRES	5.96868531714406e-50	7.5698611818414e-50	16.4383713511822	3.57758831465387	7.79229608219956e-27	1	3	7	1.29539036842732e-05	1	0	3.30185484435118	-1.81862510220008
SEMA4D	PLXNB1	R-HSA-400685	REACTOME_SEMA4D_IN_SEMAPHORIN_SIGNALING	1.09645780531314e-49	1.3897434513969e-49	1.83704509775797	2.38557962661584	1.81727081061539e-16	1	9	17	6.6323292611313e-05	1	0	4.10629032846076	3.94232095312306
DCN	EGFR	R-HSA-1963640	REACTOME_GRB2_EVENTS_IN_ERBB2_SIGNALING	1.11353961942686e-49	1.41052903355972e-49	15.215347949085	2.89751774661206	6.37437799273358e-22	1	4	8	1.25549861911524e-06	1	0	-5.95640031910379	6.35694186809355
GPI	AMFR	R-HSA-532668	REACTOME_N_GLYCAN_TRIMMING_IN_THE_ER_AND_CALNEXIN_CALRETICULIN_CYCLE	1.19216047018861e-49	1.50919334032455e-49	1.35572797023019	2.60745352691878	1.30169648029105e-17	1	7	14	3.63533328077595e-05	1	0	-6.39088225480639	2.86314015780154
SEMA4D	ERBB2	R-HSA-9665348	REACTOME_SIGNALING_BY_ERBB2_ECD_MUTANTS	1.19344655243811e-49	1.50989625066573e-49	1.83704509775797	5.48467664125572	1.8596138826397e-20	1	7	14	8.24616430174569e-05	1	0	4.10629032846076	5.37025434019213
L1CAM	ITGB3	R-HSA-445144	REACTOME_SIGNAL_TRANSDUCTION_BY_L1	1.556038834362e-49	1.96742731443813e-49	6.61152480504602	3.57758831465387	1.96608975372179e-23	1	6	12	7.19645109658464e-05	1	0	7.69724325085875	-1.81862510220008
DCN	EGFR	R-HSA-445144	REACTOME_SIGNAL_TRANSDUCTION_BY_L1	1.77392903820226e-49	2.24155192227883e-49	15.215347949085	2.89751774661206	6.37437799273358e-22	1	6	11	9.18993119594234e-06	1	0	-5.95640031910379	6.35694186809355
EFNB2	EPHA4	R-HSA-2682334	REACTOME_EPH_EPHRIN_SIGNALING	2.51838008465368e-49	3.18030150054677e-49	1.89080003650529	16.9392298425042	7.72022569754055e-18	1	2	4	2.01284406855924e-11	1	0	-3.10154050773403	4.14934170896333
CLCF1	IL6ST	R-HSA-6788467	REACTOME_IL_6_TYPE_CYTOKINE_RECEPTOR_LIGAND_INTERACTIONS	2.72558254623167e-49	3.43986166189043e-49	2.11510149025167	2.21481281597362	2.05592554014523e-13	1	4	8	2.98437087535494e-08	1	0	6.42549536585045	6.11148878270518
COL1A2	ITGB3	R-HSA-354194	REACTOME_GRB2_SOS_PROVIDES_LINKAGE_TO_MAPK_SIGNALING_FOR_INTEGRINS	2.73796359100056e-49	3.45337776496163e-49	16.249300289467	3.57758831465387	7.59460184624725e-25	1	3	7	7.02977929666644e-06	1	0	3.18442633530028	-1.81862510220008
WNT2	FZD3	R-HSA-4608870	REACTOME_ASYMMETRIC_LOCALIZATION_OF_PCP_PROTEINS	4.58683700036037e-49	5.78182138056408e-49	15.1295630659464	1.66337722608805	2.24499804035283e-17	1	6	11	1.88051359549594e-06	1	0	-6.39088225480639	4.47201671447128
L1CAM	EGFR	R-HSA-9665348	REACTOME_SIGNALING_BY_ERBB2_ECD_MUTANTS	4.74777650083934e-49	5.98104039678908e-49	6.61152480504602	2.89751774661206	7.39792751891101e-20	1	7	14	8.24616430174569e-05	1	0	7.69724325085875	6.35694186809355
SEMA4D	ERBB2	R-HSA-8863795	REACTOME_DOWNREGULATION_OF_ERBB2_SIGNALING	5.47090211844248e-49	6.88780242334074e-49	1.83704509775797	5.48467664125572	1.8596138826397e-20	1	7	13	2.8975198577158e-05	1	0	4.10629032846076	5.37025434019213
KITLG	EPOR	R-HSA-9027276	REACTOME_ERYTHROPOIETIN_ACTIVATES_PHOSPHOINOSITIDE_3_KINASE_PI3K	6.74328869286598e-49	8.48455203377656e-49	1.17010811298402	2.58820160929814	5.66504088588176e-12	1	4	8	1.84287610702745e-08	1	0	8.52156155095549	7.07270395721462
EFEMP1	EGFR	R-HSA-9665348	REACTOME_SIGNALING_BY_ERBB2_ECD_MUTANTS	9.95869256693075e-49	1.2522616459695e-48	11.0825504472025	2.89751774661206	1.55175134676721e-19	1	7	14	8.24616430174569e-05	1	0	6.63580333837864	6.35694186809355
COL4A3	ITGB3	R-HSA-445144	REACTOME_SIGNAL_TRANSDUCTION_BY_L1	1.40730771913669e-48	1.7685509414455e-48	8.59500106905861	3.57758831465387	1.77816467418867e-22	1	6	12	7.19645109658464e-05	1	0	3.59636213159094	-1.81862510220008
ANXA1	EGFR	R-HSA-1250196	REACTOME_SHC1_EVENTS_IN_ERBB2_SIGNALING	1.42148854210819e-48	1.78528591367509e-48	2.36495705120345	2.89751774661206	1.72833729678414e-15	1	5	10	1.25549861911524e-06	1	0	5.26706875945552	6.35694186809355
CDH1	EGFR	R-HSA-9013507	REACTOME_NOTCH3_ACTIVATION_AND_TRANSMISSION_OF_SIGNAL_TO_THE_NUCLEUS	1.60311677643623e-48	2.01217452011984e-48	14.0529638668967	2.89751774661206	1.12509612679447e-22	1	5	10	2.01959545411888e-05	1	0	6.06941827582005	6.35694186809355
L1CAM	EGFR	R-HSA-5637810	REACTOME_CONSTITUTIVE_SIGNALING_BY_EGFRVIII	2.17643768489417e-48	2.73012766058977e-48	6.61152480504602	2.89751774661206	7.39792751891101e-20	1	7	13	2.8975198577158e-05	1	0	7.69724325085875	6.35694186809355
ANXA1	EGFR	R-HSA-8863795	REACTOME_DOWNREGULATION_OF_ERBB2_SIGNALING	2.57826817573917e-48	3.23222211837204e-48	2.36495705120345	2.89751774661206	1.72833729678414e-15	1	7	14	2.8975198577158e-05	1	0	5.26706875945552	6.35694186809355
LIF	IL6ST	R-HSA-6788467	REACTOME_IL_6_TYPE_CYTOKINE_RECEPTOR_LIGAND_INTERACTIONS	3.07625528527513e-48	3.85418036347994e-48	1.7532837569655	2.21481281597362	2.3204403835606e-12	1	4	8	2.98437087535494e-08	1	0	-4.60424814239365	6.11148878270518
SEMA4D	ERBB2	R-HSA-1963640	REACTOME_GRB2_EVENTS_IN_ERBB2_SIGNALING	3.24855811424434e-48	4.06758852365382e-48	1.83704509775797	5.48467664125572	1.8596138826397e-20	1	4	8	1.25549861911524e-06	1	0	4.10629032846076	5.37025434019213
L1CAM	ERBB2	R-HSA-416572	REACTOME_SEMA4D_INDUCED_CELL_MIGRATION_AND_GROWTH_CONE_COLLAPSE	3.50588450134952e-48	4.38713348260939e-48	6.61152480504602	5.48467664125572	7.55149525097075e-25	1	7	13	0.000160198686238379	1	0	7.69724325085875	5.37025434019213
TNC	ITGB3	R-HSA-445144	REACTOME_SIGNAL_TRANSDUCTION_BY_L1	4.53029513741226e-48	5.66561123117054e-48	6.8277048658413	3.57758831465387	5.7241288933858e-22	1	6	12	7.19645109658464e-05	1	0	-5.58163186833725	-1.81862510220008
EFEMP1	EGFR	R-HSA-5637810	REACTOME_CONSTITUTIVE_SIGNALING_BY_EGFRVIII	4.56518410062305e-48	5.70578968656215e-48	11.0825504472025	2.89751774661206	1.55175134676721e-19	1	7	13	2.8975198577158e-05	1	0	6.63580333837864	6.35694186809355
LTBP1	ITGB3	R-HSA-445144	REACTOME_SIGNAL_TRANSDUCTION_BY_L1	5.11078314836119e-48	6.38384400514766e-48	4.49925244209	3.57758831465387	6.45758843519278e-22	1	6	12	7.19645109658464e-05	1	0	0.411198660997557	-1.81862510220008
COMP	ITGB3	R-HSA-445144	REACTOME_SIGNAL_TRANSDUCTION_BY_L1	5.14729449100823e-48	6.42556520750635e-48	8.97372250466624	3.57758831465387	6.50372133052145e-22	1	6	12	7.19645109658464e-05	1	0	4.52103900260026	-1.81862510220008
THBS1	ITGB3	R-HSA-445144	REACTOME_SIGNAL_TRANSDUCTION_BY_L1	5.4979814547561e-48	6.85919667000368e-48	7.11466682191395	3.57758831465387	6.94682212657015e-22	1	6	12	7.19645109658464e-05	1	0	-3.6446101735829	-1.81862510220008
COL1A2	ITGB3	R-HSA-2129379	REACTOME_MOLECULES_ASSOCIATED_WITH_ELASTIC_FIBRES	5.81725694853933e-48	7.2531399249742e-48	16.249300289467	3.57758831465387	7.59460184624725e-25	1	3	7	1.29539036842732e-05	1	0	3.18442633530028	-1.81862510220008
WNT5A	FZD3	R-HSA-4608870	REACTOME_ASYMMETRIC_LOCALIZATION_OF_PCP_PROTEINS	6.09996363546196e-48	7.60104033224633e-48	3.71867437883844	1.66337722608805	2.98558819656328e-16	1	6	11	1.88051359549594e-06	1	0	3.85719962716077	4.47201671447128
TNFSF12	TNFRSF12A	R-HSA-5668541	REACTOME_TNFR2_NON_CANONICAL_NF_KB_PATHWAY	6.2553932991411e-48	7.79001962388517e-48	8.71305866963411	2.5562265048904	6.25329851705874e-22	1	12	22	0.00127410911043055	1	0	2.36479248772075	4.57197489366443
L1CAM	ITGB3	R-HSA-354194	REACTOME_GRB2_SOS_PROVIDES_LINKAGE_TO_MAPK_SIGNALING_FOR_INTEGRINS	7.0880373603647e-48	8.82161758223703e-48	6.61152480504602	3.57758831465387	1.96608975372179e-23	1	3	7	7.02977929666644e-06	1	0	7.69724325085875	-1.81862510220008
SEMA4D	MET	R-HSA-8875360	REACTOME_INLB_MEDIATED_ENTRY_OF_LISTERIA_MONOCYTOGENES_INTO_HOST_CELL	8.34577485530998e-48	1.03807169482664e-47	1.83704509775797	4.11816608001036	9.4134265890396e-17	1	4	9	3.19085596269057e-06	1	0	4.10629032846076	-6.39088225480639
FN1	ITGB3	R-HSA-445144	REACTOME_SIGNAL_TRANSDUCTION_BY_L1	8.40318325746142e-48	1.04458343019948e-47	9.24511967017868	3.57758831465387	1.0617609365717e-21	1	6	12	7.19645109658464e-05	1	0	3.96729180611041	-1.81862510220008
DCN	EGFR	R-HSA-9013507	REACTOME_NOTCH3_ACTIVATION_AND_TRANSMISSION_OF_SIGNAL_TO_THE_NUCLEUS	9.08266596616226e-48	1.12836968647572e-47	15.215347949085	2.89751774661206	6.37437799273358e-22	1	5	10	2.01959545411888e-05	1	0	-5.95640031910379	6.35694186809355
ANXA1	EGFR	R-HSA-8847993	REACTOME_ERBB2_ACTIVATES_PTK6_SIGNALING	1.04133235789813e-47	1.29290423763073e-47	2.36495705120345	2.89751774661206	1.72833729678414e-15	1	2	4	1.14630562516616e-11	1	0	5.26706875945552	6.35694186809355
L1CAM	ERBB3	R-HSA-1306955	REACTOME_GRB7_EVENTS_IN_ERBB2_SIGNALING	1.26782070100207e-47	1.57316370466683e-47	6.61152480504602	9.47133900069063	6.95731492253852e-24	1	1	2	1.349890255109e-12	1	0	7.69724325085875	4.07639206347018
L1CAM	EGFR	R-HSA-1963640	REACTOME_GRB2_EVENTS_IN_ERBB2_SIGNALING	1.29234341034472e-47	1.6026299434407e-47	6.61152480504602	2.89751774661206	7.39792751891101e-20	1	4	8	1.25549861911524e-06	1	0	7.69724325085875	6.35694186809355
TNC	EGFR	R-HSA-9665348	REACTOME_SIGNALING_BY_ERBB2_ECD_MUTANTS	1.38228097656005e-47	1.71313287196944e-47	6.8277048658413	2.89751774661206	2.15385338243132e-18	1	7	14	8.24616430174569e-05	1	0	-5.58163186833725	6.35694186809355
UBB	ERBB2	R-HSA-9665348	REACTOME_SIGNALING_BY_ERBB2_ECD_MUTANTS	1.38467283872861e-47	1.71506839617105e-47	1.56324007583564	5.48467664125572	2.15758035293112e-18	1	7	14	8.24616430174569e-05	1	0	5.83927178506202	5.37025434019213
EFNA1	EPHA2	R-HSA-3928663	REACTOME_EPHA_MEDIATED_GROWTH_CONE_COLLAPSE	1.57663185222822e-47	1.95166051929508e-47	13.0321668972634	8.85480057685215	2.21859135927825e-27	1	1	2	8.42997504862121e-11	1	0	7.78945197800163	-4.25222373206742
WNT5A	LDLR	R-HSA-8964043	REACTOME_PLASMA_LIPOPROTEIN_CLEARANCE	1.59794985956497e-47	1.97686491608457e-47	3.71867437883844	2.55762367686529	6.1262227464889e-18	1	8	15	6.69885156928992e-05	1	0	3.85719962716077	2.96352383260928
SEMA4D	ERBB2	R-HSA-6785631	REACTOME_ERBB2_REGULATES_CELL_MOTILITY	2.052428680997e-47	2.53759285154985e-47	1.83704509775797	5.48467664125572	1.8596138826397e-20	1	2	5	1.21890212300538e-07	1	0	4.10629032846076	5.37025434019213
L1CAM	EGFR	R-HSA-445144	REACTOME_SIGNAL_TRANSDUCTION_BY_L1	2.05877317963757e-47	2.5439147064182e-47	6.61152480504602	2.89751774661206	7.39792751891101e-20	1	6	11	9.18993119594234e-06	1	0	7.69724325085875	6.35694186809355
EFEMP1	EGFR	R-HSA-1963640	REACTOME_GRB2_EVENTS_IN_ERBB2_SIGNALING	2.7107532783497e-47	3.34752915306066e-47	11.0825504472025	2.89751774661206	1.55175134676721e-19	1	4	8	1.25549861911524e-06	1	0	6.63580333837864	6.35694186809355
MFGE8	ITGB3	R-HSA-445144	REACTOME_SIGNAL_TRANSDUCTION_BY_L1	2.77905927790499e-47	3.42983062613603e-47	3.04039885756526	3.57758831465387	3.51140334715023e-21	1	6	12	7.19645109658464e-05	1	0	0.6248001109505	-1.81862510220008
SEMA3A	PLXNA2	R-HSA-399954	REACTOME_SEMA3A_PAK_DEPENDENT_AXON_REPULSION	3.52283085760419e-47	4.34517525481209e-47	4.99692182362697	4.88798633172083	3.08122923791062e-17	1	6	11	3.67780564647876e-06	1	0	4.50830056909284	4.9156432815895
TNFSF12	TRAF2	R-HSA-5668541	REACTOME_TNFR2_NON_CANONICAL_NF_KB_PATHWAY	4.02136351283666e-47	4.95712232548959e-47	8.71305866963411	1.15950995895023	1.64631811656911e-18	1	12	23	0.00127410911043055	1	0	2.36479248772075	5.06353195786275
COL18A1	ITGB3	R-HSA-445144	REACTOME_SIGNAL_TRANSDUCTION_BY_L1	4.19567146794115e-47	5.16890712746954e-47	3.31748124564936	3.57758831465387	5.30132442773138e-21	1	6	12	7.19645109658464e-05	1	0	-2.93094921873315	-1.81862510220008
EFEMP1	EGFR	R-HSA-445144	REACTOME_SIGNAL_TRANSDUCTION_BY_L1	4.31837706712362e-47	5.31690525666115e-47	11.0825504472025	2.89751774661206	1.55175134676721e-19	1	6	11	9.18993119594234e-06	1	0	6.63580333837864	6.35694186809355
EFNA5	EPHA2	R-HSA-3928663	REACTOME_EPHA_MEDIATED_GROWTH_CONE_COLLAPSE	4.32127028228634e-47	5.31729863204501e-47	8.4006046829594	8.85480057685215	6.08076825026533e-27	1	1	2	8.42997504862121e-11	1	0	7.60630028186199	-4.25222373206742
SEMA4D	MET	R-HSA-6807004	REACTOME_NEGATIVE_REGULATION_OF_MET_ACTIVITY	4.59015106201814e-47	5.64479291317231e-47	1.83704509775797	4.11816608001036	9.4134265890396e-17	1	6	11	3.19085596269057e-06	1	0	4.10629032846076	-6.39088225480639
FBN1	ITGB3	R-HSA-445144	REACTOME_SIGNAL_TRANSDUCTION_BY_L1	4.67536787569795e-47	5.74616896561093e-47	7.14914428394037	3.57758831465387	5.90743153210484e-21	1	6	12	7.19645109658464e-05	1	0	3.49330586689255	-1.81862510220008
COL1A1	CD44	R-HSA-71387	REACTOME_METABOLISM_OF_CARBOHYDRATES	5.7326435241366e-47	7.04140399575875e-47	12.9101074672495	1.22373754881036	1.68454347242834e-21	1	6	12	8.86373094232484e-05	1	0	5.35249569933251	5.04403416569004
TNC	EGFR	R-HSA-5637810	REACTOME_CONSTITUTIVE_SIGNALING_BY_EGFRVIII	6.33654176426744e-47	7.77854740640316e-47	6.8277048658413	2.89751774661206	2.15385338243132e-18	1	7	13	2.8975198577158e-05	1	0	-5.58163186833725	6.35694186809355
UBB	ERBB2	R-HSA-8863795	REACTOME_DOWNREGULATION_OF_ERBB2_SIGNALING	6.34750634728818e-47	7.78738011490343e-47	1.56324007583564	5.48467664125572	2.15758035293112e-18	1	7	13	2.8975198577158e-05	1	0	5.83927178506202	5.37025434019213
COL4A3	ITGB3	R-HSA-354194	REACTOME_GRB2_SOS_PROVIDES_LINKAGE_TO_MAPK_SIGNALING_FOR_INTEGRINS	6.41054032231809e-47	7.86004528540604e-47	8.59500106905861	3.57758831465387	1.77816467418867e-22	1	3	7	7.02977929666644e-06	1	0	3.59636213159094	-1.81862510220008
CDH1	LRP5	R-HSA-4641262	REACTOME_DISASSEMBLY_OF_THE_DESTRUCTION_COMPLEX_AND_RECRUITMENT_OF_AXIN_TO_THE_MEMBRANE	7.03890334431799e-47	8.62537029024968e-47	14.0529638668967	2.24213943703044	2.43174513828714e-24	1	6	12	0.000232373280506594	1	0	6.06941827582005	5.16490511053939
CDH1	EGFR	R-HSA-212718	REACTOME_EGFR_INTERACTS_WITH_PHOSPHOLIPASE_C_GAMMA	8.0849993443766e-47	9.9013684916906e-47	14.0529638668967	2.89751774661206	1.12509612679447e-22	1	1	3	8.95701809189481e-09	1	0	6.06941827582005	6.35694186809355
L1CAM	ERBB2	R-HSA-1306955	REACTOME_GRB7_EVENTS_IN_ERBB2_SIGNALING	9.92278391283122e-47	1.21448291255387e-46	6.61152480504602	5.48467664125572	7.55149525097075e-25	1	1	2	1.14630562516616e-11	1	0	7.69724325085875	5.37025434019213
DCN	MET	R-HSA-8875656	REACTOME_MET_RECEPTOR_RECYCLING	1.18886681375682e-46	1.45423258568478e-46	15.215347949085	4.11816608001036	3.29371225008704e-23	1	2	4	9.66338291018074e-09	1	0	-5.95640031910379	-6.39088225480639
SEMA4D	ERBB2	R-HSA-8847993	REACTOME_ERBB2_ACTIVATES_PTK6_SIGNALING	1.28804728181431e-46	1.57461874806412e-46	1.83704509775797	5.48467664125572	1.8596138826397e-20	1	2	4	1.20083414980008e-09	1	0	4.10629032846076	5.37025434019213
COL1A2	CD44	R-HSA-71387	REACTOME_METABOLISM_OF_CARBOHYDRATES	1.41065332653334e-46	1.72348301160134e-46	16.249300289467	1.22373754881036	4.14521998981081e-21	1	6	12	8.86373094232484e-05	1	0	3.18442633530028	5.04403416569004
L1CAM	ITGB3	R-HSA-2129379	REACTOME_MOLECULES_ASSOCIATED_WITH_ELASTIC_FIBRES	1.50597088732724e-46	1.83885097707924e-46	6.61152480504602	3.57758831465387	1.96608975372179e-23	1	3	7	1.29539036842732e-05	1	0	7.69724325085875	-1.81862510220008
CDH1	LRP5	R-HSA-4791275	REACTOME_SIGNALING_BY_WNT_IN_CANCER	1.775421815008e-46	2.16658090360692e-46	14.0529638668967	2.24213943703044	2.43174513828714e-24	1	6	12	0.000265212880159515	1	0	6.06941827582005	5.16490511053939
TNC	ITGB3	R-HSA-354194	REACTOME_GRB2_SOS_PROVIDES_LINKAGE_TO_MAPK_SIGNALING_FOR_INTEGRINS	2.06363109186941e-46	2.51680155596352e-46	6.8277048658413	3.57758831465387	5.7241288933858e-22	1	3	7	7.02977929666644e-06	1	0	-5.58163186833725	-1.81862510220008
LTBP1	ITGB3	R-HSA-354194	REACTOME_GRB2_SOS_PROVIDES_LINKAGE_TO_MAPK_SIGNALING_FOR_INTEGRINS	2.32805384392346e-46	2.83761607170848e-46	4.49925244209	3.57758831465387	6.45758843519278e-22	1	3	7	7.02977929666644e-06	1	0	0.411198660997557	-1.81862510220008
COMP	ITGB3	R-HSA-354194	REACTOME_GRB2_SOS_PROVIDES_LINKAGE_TO_MAPK_SIGNALING_FOR_INTEGRINS	2.3446854186017e-46	2.85620287431079e-46	8.97372250466624	3.57758831465387	6.50372133052145e-22	1	3	7	7.02977929666644e-06	1	0	4.52103900260026	-1.81862510220008
THBS1	ITGB3	R-HSA-354194	REACTOME_GRB2_SOS_PROVIDES_LINKAGE_TO_MAPK_SIGNALING_FOR_INTEGRINS	2.50442965158267e-46	3.04899921047131e-46	7.11466682191395	3.57758831465387	6.94682212657015e-22	1	3	7	7.02977929666644e-06	1	0	-3.6446101735829	-1.81862510220008
TNC	EGFR	R-HSA-1963640	REACTOME_GRB2_EVENTS_IN_ERBB2_SIGNALING	3.76256487849931e-46	4.57800885687843e-46	6.8277048658413	2.89751774661206	2.15385338243132e-18	1	4	8	1.25549861911524e-06	1	0	-5.58163186833725	6.35694186809355
UBB	ERBB2	R-HSA-1963640	REACTOME_GRB2_EVENTS_IN_ERBB2_SIGNALING	3.769075520505e-46	4.58323132746517e-46	1.56324007583564	5.48467664125572	2.15758035293112e-18	1	4	8	1.25549861911524e-06	1	0	5.83927178506202	5.37025434019213
FN1	ITGB3	R-HSA-354194	REACTOME_GRB2_SOS_PROVIDES_LINKAGE_TO_MAPK_SIGNALING_FOR_INTEGRINS	3.82780143782844e-46	4.65190457091386e-46	9.24511967017868	3.57758831465387	1.0617609365717e-21	1	3	7	7.02977929666644e-06	1	0	3.96729180611041	-1.81862510220008
SEMA4D	PLXNB1	R-HSA-416482	REACTOME_G_ALPHA_12_13_SIGNALLING_EVENTS	4.37640597148463e-46	5.31549367259685e-46	1.83704509775797	2.38557962661584	1.81727081061539e-16	1	8	15	6.6323292611313e-05	1	0	4.10629032846076	3.94232095312306
DCN	EGFR	R-HSA-212718	REACTOME_EGFR_INTERACTS_WITH_PHOSPHOLIPASE_C_GAMMA	4.58066121326841e-46	5.56030908731642e-46	15.215347949085	2.89751774661206	6.37437799273358e-22	1	1	3	8.95701809189481e-09	1	0	-5.95640031910379	6.35694186809355
TNFSF12	TRAF2	R-HSA-9758274	REACTOME_REGULATION_OF_NF_KAPPA_B_SIGNALING	4.83225472964454e-46	5.86226557336795e-46	8.71305866963411	1.15950995895023	1.64631811656911e-18	1	6	12	4.49483501263041e-05	1	0	2.36479248772075	5.06353195786275
UBB	FGFR2	R-HSA-5654696	REACTOME_DOWNSTREAM_SIGNALING_OF_ACTIVATED_FGFR2	5.53933374067092e-46	6.71611708229232e-46	1.56324007583564	12.7101660798708	4.21956674067272e-23	1	7	13	0.000185847444770754	1	0	5.83927178506202	5.73242607734244
UBB	ERBB3	R-HSA-8863795	REACTOME_DOWNREGULATION_OF_ERBB2_SIGNALING	5.8480604387878e-46	7.08627147597396e-46	1.56324007583564	9.47133900069063	1.98781373584178e-17	1	7	13	2.8975198577158e-05	1	0	5.83927178506202	4.07639206347018
TNC	EGFR	R-HSA-445144	REACTOME_SIGNAL_TRANSDUCTION_BY_L1	5.9939700210445e-46	7.2588171532696e-46	6.8277048658413	2.89751774661206	2.15385338243132e-18	1	6	11	9.18993119594234e-06	1	0	-5.58163186833725	6.35694186809355
FBLN2	ITGB3	R-HSA-3000170	REACTOME_SYNDECAN_INTERACTIONS	6.82174268872318e-46	8.25642671054604e-46	16.4383713511822	3.57758831465387	7.79229608219956e-27	1	2	5	1.1503128469107e-05	1	0	3.30185484435118	-1.81862510220008
DCN	MET	R-HSA-8851907	REACTOME_MET_ACTIVATES_PI3K_AKT_SIGNALING	8.24582396023976e-46	9.97416411115652e-46	15.215347949085	4.11816608001036	3.29371225008704e-23	1	2	4	1.84287610702745e-08	1	0	-5.95640031910379	-6.39088225480639
CLCF1	IL6ST	R-HSA-8984722	REACTOME_INTERLEUKIN_35_SIGNALLING	8.29712349936323e-46	1.00244778653125e-45	2.11510149025167	2.21481281597362	2.05592554014523e-13	1	4	8	1.48438467325219e-07	1	0	6.42549536585045	6.11148878270518
CLCF1	IL6ST	R-HSA-9020956	REACTOME_INTERLEUKIN_27_SIGNALING	8.29712349936323e-46	1.00244778653125e-45	2.11510149025167	2.21481281597362	2.05592554014523e-13	1	4	8	1.48438467325219e-07	1	0	6.42549536585045	6.11148878270518
UBB	MET	R-HSA-8875360	REACTOME_INLB_MEDIATED_ENTRY_OF_LISTERIA_MONOCYTOGENES_INTO_HOST_CELL	9.68302077431421e-46	1.16920636585232e-45	1.56324007583564	4.11816608001036	1.09217426541477e-14	1	4	9	3.19085596269057e-06	1	0	5.83927178506202	-6.39088225480639
L1CAM	EGFR	R-HSA-9013507	REACTOME_NOTCH3_ACTIVATION_AND_TRANSMISSION_OF_SIGNAL_TO_THE_NUCLEUS	1.05410919422639e-45	1.27207336172414e-45	6.61152480504602	2.89751774661206	7.39792751891101e-20	1	5	10	2.01959545411888e-05	1	0	7.69724325085875	6.35694186809355
TNFSF9	TRAF2	R-HSA-5668541	REACTOME_TNFR2_NON_CANONICAL_NF_KB_PATHWAY	1.20683343560478e-45	1.45552707411528e-45	3.24465487556851	1.15950995895023	4.94069173894698e-17	1	12	23	0.00127410911043055	1	0	2.84326536040046	5.06353195786275
MFGE8	ITGB3	R-HSA-354194	REACTOME_GRB2_SOS_PROVIDES_LINKAGE_TO_MAPK_SIGNALING_FOR_INTEGRINS	1.26591159253009e-45	1.52588876905902e-45	3.04039885756526	3.57758831465387	3.51140334715023e-21	1	3	7	7.02977929666644e-06	1	0	0.6248001109505	-1.81862510220008
COL4A3	ITGB3	R-HSA-2129379	REACTOME_MOLECULES_ASSOCIATED_WITH_ELASTIC_FIBRES	1.36202542489868e-45	1.6407839812482e-45	8.59500106905861	3.57758831465387	1.77816467418867e-22	1	3	7	1.29539036842732e-05	1	0	3.59636213159094	-1.81862510220008
COL4A2	ITGB3	R-HSA-445144	REACTOME_SIGNAL_TRANSDUCTION_BY_L1	1.50842688412333e-45	1.81608971013916e-45	2.35366848733984	3.57758831465387	1.90593099325143e-19	1	6	12	7.19645109658464e-05	1	0	6.7881869323435	-1.81862510220008
TGFB2	TGFBR2	R-HSA-9839389	REACTOME_TGFBR3_REGULATES_TGF_BETA_SIGNALING	1.5921082833786e-45	1.91572260539324e-45	5.2298949554133	1.27629366904749	7.17039063916914e-17	1	2	4	1.77061089813459e-10	1	0	-2.29034867974236	4.98951084169741
SEMA5A	MET	R-HSA-8875656	REACTOME_MET_RECEPTOR_RECYCLING	1.67812802360138e-45	2.01805151150201e-45	13.1302189665968	4.11816608001036	4.64919262998353e-22	1	2	4	9.66338291018074e-09	1	0	-3.36463131492755	-6.39088225480639
COL18A1	ITGB3	R-HSA-354194	REACTOME_GRB2_SOS_PROVIDES_LINKAGE_TO_MAPK_SIGNALING_FOR_INTEGRINS	1.91120397896602e-45	2.2970025715787e-45	3.31748124564936	3.57758831465387	5.30132442773138e-21	1	3	7	7.02977929666644e-06	1	0	-2.93094921873315	-1.81862510220008
FBN1	ITGB3	R-HSA-354194	REACTOME_GRB2_SOS_PROVIDES_LINKAGE_TO_MAPK_SIGNALING_FOR_INTEGRINS	2.12971433903727e-45	2.55813361886686e-45	7.14914428394037	3.57758831465387	5.90743153210484e-21	1	3	7	7.02977929666644e-06	1	0	3.49330586689255	-1.81862510220008
TNFSF12	TRAF2	R-HSA-933542	REACTOME_TRAF6_MEDIATED_NF_KB_ACTIVATION	2.17351262812407e-45	2.60922550244296e-45	8.71305866963411	1.15950995895023	1.64631811656911e-18	1	9	17	0.00033590205422053	1	0	2.36479248772075	5.06353195786275
EFEMP1	EGFR	R-HSA-9013507	REACTOME_NOTCH3_ACTIVATION_AND_TRANSMISSION_OF_SIGNAL_TO_THE_NUCLEUS	2.21104540102506e-45	2.65274088183379e-45	11.0825504472025	2.89751774661206	1.55175134676721e-19	1	5	10	2.01959545411888e-05	1	0	6.63580333837864	6.35694186809355
UBB	ERBB2	R-HSA-6785631	REACTOME_ERBB2_REGULATES_CELL_MOTILITY	2.38128992219909e-45	2.85533661013542e-45	1.56324007583564	5.48467664125572	2.15758035293112e-18	1	2	5	1.21890212300538e-07	1	0	5.83927178506202	5.37025434019213
EFNA1	EPHA4	R-HSA-3928663	REACTOME_EPHA_MEDIATED_GROWTH_CONE_COLLAPSE	2.80064719162635e-45	3.35622801502322e-45	13.0321668972634	16.9392298425042	6.91253819218457e-24	1	1	2	2.01284406855924e-11	1	0	7.78945197800163	4.14934170896333
SEMA4D	MET	R-HSA-8875555	REACTOME_MET_ACTIVATES_RAP1_AND_RAC1	3.44052835195337e-45	4.1206559855859e-45	1.83704509775797	4.11816608001036	9.4134265890396e-17	1	3	6	3.95090459057117e-08	1	0	4.10629032846076	-6.39088225480639
TNC	ITGB3	R-HSA-2129379	REACTOME_MOLECULES_ASSOCIATED_WITH_ELASTIC_FIBRES	4.3845259111032e-45	5.24822162939699e-45	6.8277048658413	3.57758831465387	5.7241288933858e-22	1	3	7	1.29539036842732e-05	1	0	-5.58163186833725	-1.81862510220008
LTBP1	ITGB3	R-HSA-2129379	REACTOME_MOLECULES_ASSOCIATED_WITH_ELASTIC_FIBRES	4.94633582588596e-45	5.91727262089195e-45	4.49925244209	3.57758831465387	6.45758843519278e-22	1	3	7	1.29539036842732e-05	1	0	0.411198660997557	-1.81862510220008
COMP	ITGB3	R-HSA-2129379	REACTOME_MOLECULES_ASSOCIATED_WITH_ELASTIC_FIBRES	4.98167235982678e-45	5.95609669872808e-45	8.97372250466624	3.57758831465387	6.50372133052145e-22	1	3	7	1.29539036842732e-05	1	0	4.52103900260026	-1.81862510220008
THBS1	ITGB3	R-HSA-2129379	REACTOME_MOLECULES_ASSOCIATED_WITH_ELASTIC_FIBRES	5.32107543017882e-45	6.35820811957747e-45	7.11466682191395	3.57758831465387	6.94682212657015e-22	1	3	7	1.29539036842732e-05	1	0	-3.6446101735829	-1.81862510220008
UBB	MET	R-HSA-6807004	REACTOME_NEGATIVE_REGULATION_OF_MET_ACTIVITY	5.3256322943439e-45	6.35997475151127e-45	1.56324007583564	4.11816608001036	1.09217426541477e-14	1	6	11	3.19085596269057e-06	1	0	5.83927178506202	-6.39088225480639
COL14A1	CD44	R-HSA-71387	REACTOME_METABOLISM_OF_CARBOHYDRATES	5.80220320132992e-45	6.92510214555033e-45	7.32842319150696	1.22373754881036	1.70498365847285e-19	1	6	12	8.86373094232484e-05	1	0	11.1986159787516	5.04403416569004
UBB	FGFR2	R-HSA-5655253	REACTOME_SIGNALING_BY_FGFR2_IN_DISEASE	7.03700416777572e-45	8.39402460197728e-45	1.56324007583564	12.7101660798708	4.21956674067272e-23	1	6	11	8.43864091750755e-05	1	0	5.83927178506202	5.73242607734244
EFNA5	EPHA4	R-HSA-3928663	REACTOME_EPHA_MEDIATED_GROWTH_CONE_COLLAPSE	7.67608079415601e-45	9.15105765766089e-45	8.4006046829594	16.9392298425042	1.89460499753577e-23	1	1	2	2.01284406855924e-11	1	0	7.60630028186199	4.14934170896333
FN1	ITGB3	R-HSA-2129379	REACTOME_MOLECULES_ASSOCIATED_WITH_ELASTIC_FIBRES	8.13279788855737e-45	9.6899425823296e-45	9.24511967017868	3.57758831465387	1.0617609365717e-21	1	3	7	1.29539036842732e-05	1	0	3.96729180611041	-1.81862510220008
LIF	IL6ST	R-HSA-8984722	REACTOME_INTERLEUKIN_35_SIGNALLING	9.36462924331007e-45	1.11447718990084e-44	1.7532837569655	2.21481281597362	2.3204403835606e-12	1	4	8	1.48438467325219e-07	1	0	-4.60424814239365	6.11148878270518
LIF	IL6ST	R-HSA-9020956	REACTOME_INTERLEUKIN_27_SIGNALING	9.36462924331007e-45	1.11447718990084e-44	1.7532837569655	2.21481281597362	2.3204403835606e-12	1	4	8	1.48438467325219e-07	1	0	-4.60424814239365	6.11148878270518
ANXA1	EGFR	R-HSA-9665348	REACTOME_SIGNALING_BY_ERBB2_ECD_MUTANTS	1.10919702608871e-44	1.31928673339049e-44	2.36495705120345	2.89751774661206	1.72833729678414e-15	1	7	14	8.24616430174569e-05	1	0	5.26706875945552	6.35694186809355
SEMA5A	MET	R-HSA-8851907	REACTOME_MET_ACTIVATES_PI3K_AKT_SIGNALING	1.16392754051527e-44	1.38358705333979e-44	13.1302189665968	4.11816608001036	4.64919262998353e-22	1	2	4	1.84287610702745e-08	1	0	-3.36463131492755	-6.39088225480639
EFNA1	EPHA5	R-HSA-3928663	REACTOME_EPHA_MEDIATED_GROWTH_CONE_COLLAPSE	1.17293613473463e-44	1.3934939933075e-44	13.0321668972634	7.58581264812505	1.65052226353904e-24	1	1	2	8.42997504862121e-11	1	0	7.78945197800163	5.33701081900847
UBB	LDLR	R-HSA-8964043	REACTOME_PLASMA_LIPOPROTEIN_CLEARANCE	1.399524037261e-44	1.66173371320761e-44	1.56324007583564	2.55762367686529	5.36549750920251e-15	1	8	15	6.69885156928992e-05	1	0	5.83927178506202	2.96352383260928
TNFSF9	TRAF2	R-HSA-9758274	REACTOME_REGULATION_OF_NF_KAPPA_B_SIGNALING	1.45018637546166e-44	1.72089893837093e-44	3.24465487556851	1.15950995895023	4.94069173894698e-17	1	6	12	4.49483501263041e-05	1	0	2.84326536040046	5.06353195786275
UBB	ERBB2	R-HSA-8847993	REACTOME_ERBB2_ACTIVATES_PTK6_SIGNALING	1.49443147033514e-44	1.77238542922641e-44	1.56324007583564	5.48467664125572	2.15758035293112e-18	1	2	4	1.20083414980008e-09	1	0	5.83927178506202	5.37025434019213
DLL1	NOTCH3	R-HSA-9013507	REACTOME_NOTCH3_ACTIVATION_AND_TRANSMISSION_OF_SIGNAL_TO_THE_NUCLEUS	1.80038845549166e-44	2.13402326393905e-44	1.7551729771455	5.25731792952174	1.26354493183093e-18	1	5	10	2.01959545411888e-05	1	0	-4.9727519451242	3.62905424098445
EFNA3	EPHA2	R-HSA-3928663	REACTOME_EPHA_MEDIATED_GROWTH_CONE_COLLAPSE	1.83075663092906e-44	2.16877477035518e-44	4.32205301980455	8.85480057685215	2.57618849738464e-24	1	1	2	8.42997504862121e-11	1	0	5.17754451207061	-4.25222373206742
UBB	ERBB3	R-HSA-6785631	REACTOME_ERBB2_REGULATES_CELL_MOTILITY	2.19392098650616e-44	2.59750186711847e-44	1.56324007583564	9.47133900069063	1.98781373584178e-17	1	2	5	1.21890212300538e-07	1	0	5.83927178506202	4.07639206347018
MFGE8	ITGB3	R-HSA-2129379	REACTOME_MOLECULES_ASSOCIATED_WITH_ELASTIC_FIBRES	2.68963876367363e-44	3.18258515793226e-44	3.04039885756526	3.57758831465387	3.51140334715023e-21	1	3	7	1.29539036842732e-05	1	0	0.6248001109505	-1.81862510220008
TNC	EGFR	R-HSA-9013507	REACTOME_NOTCH3_ACTIVATION_AND_TRANSMISSION_OF_SIGNAL_TO_THE_NUCLEUS	3.06896309491103e-44	3.62935189129147e-44	6.8277048658413	2.89751774661206	2.15385338243132e-18	1	5	10	2.01959545411888e-05	1	0	-5.58163186833725	6.35694186809355
EFNA5	EPHA5	R-HSA-3928663	REACTOME_EPHA_MEDIATED_GROWTH_CONE_COLLAPSE	3.21481140628058e-44	3.79965695959707e-44	8.4006046829594	7.58581264812505	4.52379088853448e-24	1	1	2	8.42997504862121e-11	1	0	7.60630028186199	5.33701081900847
COL4A4	ITGB3	R-HSA-445144	REACTOME_SIGNAL_TRANSDUCTION_BY_L1	3.85180860188402e-44	4.54993514665087e-44	2.40348737446135	3.57758831465387	4.86684603123459e-18	1	6	12	7.19645109658464e-05	1	0	0.348341817117918	-1.81862510220008
COL18A1	ITGB3	R-HSA-2129379	REACTOME_MOLECULES_ASSOCIATED_WITH_ELASTIC_FIBRES	4.06066927378429e-44	4.79391012550762e-44	3.31748124564936	3.57758831465387	5.30132442773138e-21	1	3	7	1.29539036842732e-05	1	0	-2.93094921873315	-1.81862510220008
FBN1	ITGB3	R-HSA-2129379	REACTOME_MOLECULES_ASSOCIATED_WITH_ELASTIC_FIBRES	4.52493071050698e-44	5.33895308275695e-44	7.14914428394037	3.57758831465387	5.90743153210484e-21	1	3	7	1.29539036842732e-05	1	0	3.49330586689255	-1.81862510220008
ANXA1	EGFR	R-HSA-5637810	REACTOME_CONSTITUTIVE_SIGNALING_BY_EGFRVIII	5.08469218617437e-44	5.99598975835402e-44	2.36495705120345	2.89751774661206	1.72833729678414e-15	1	7	13	2.8975198577158e-05	1	0	5.26706875945552	6.35694186809355
L1CAM	EGFR	R-HSA-212718	REACTOME_EGFR_INTERACTS_WITH_PHOSPHOLIPASE_C_GAMMA	5.3161892318084e-44	6.26540042950151e-44	6.61152480504602	2.89751774661206	7.39792751891101e-20	1	1	3	8.95701809189481e-09	1	0	7.69724325085875	6.35694186809355
TNFSF9	TRAF2	R-HSA-933542	REACTOME_TRAF6_MEDIATED_NF_KB_ACTIVATION	6.52283163150063e-44	7.68310726948706e-44	3.24465487556851	1.15950995895023	4.94069173894698e-17	1	9	17	0.00033590205422053	1	0	2.84326536040046	5.06353195786275
COL1A2	ITGB3	R-HSA-3000170	REACTOME_SYNDECAN_INTERACTIONS	6.64867185125961e-44	7.82686954114095e-44	16.249300289467	3.57758831465387	7.59460184624725e-25	1	2	5	1.1503128469107e-05	1	0	3.18442633530028	-1.81862510220008
COL4A2	ITGB3	R-HSA-354194	REACTOME_GRB2_SOS_PROVIDES_LINKAGE_TO_MAPK_SIGNALING_FOR_INTEGRINS	6.87115634516182e-44	8.0841736953897e-44	2.35366848733984	3.57758831465387	1.90593099325143e-19	1	3	7	7.02977929666644e-06	1	0	6.7881869323435	-1.81862510220008
SEMA4D	ERBB2	R-HSA-416572	REACTOME_SEMA4D_INDUCED_CELL_MIGRATION_AND_GROWTH_CONE_COLLAPSE	8.63351067962711e-44	1.01518685623845e-43	1.83704509775797	5.48467664125572	1.8596138826397e-20	1	7	13	0.000160198686238379	1	0	4.10629032846076	5.37025434019213
EFEMP1	EGFR	R-HSA-212718	REACTOME_EGFR_INTERACTS_WITH_PHOSPHOLIPASE_C_GAMMA	1.1150965968564e-43	1.3104605057482e-43	11.0825504472025	2.89751774661206	1.55175134676721e-19	1	1	3	8.95701809189481e-09	1	0	6.63580333837864	6.35694186809355
UBB	ERBB3	R-HSA-8847993	REACTOME_ERBB2_ACTIVATES_PTK6_SIGNALING	1.37684392610024e-43	1.6171458506669e-43	1.56324007583564	9.47133900069063	1.98781373584178e-17	1	2	4	1.20083414980008e-09	1	0	5.83927178506202	4.07639206347018
KITLG	EPOR	R-HSA-9027277	REACTOME_ERYTHROPOIETIN_ACTIVATES_PHOSPHOLIPASE_C_GAMMA_PLCG	1.82316872556001e-43	2.14015146989032e-43	1.17010811298402	2.58820160929814	5.66504088588176e-12	1	2	5	8.95701809189481e-09	1	0	8.52156155095549	7.07270395721462
EFNA2	EPHA2	R-HSA-3928663	REACTOME_EPHA_MEDIATED_GROWTH_CONE_COLLAPSE	1.85319096631572e-43	2.17415816945388e-43	3.03119036377376	8.85480057685215	2.60775745406255e-23	1	1	2	8.42997504862121e-11	1	0	5.8770030212612	-4.25222373206742
FN1	CD44	R-HSA-71387	REACTOME_METABOLISM_OF_CARBOHYDRATES	1.97215947258397e-43	2.31241854163364e-43	9.24511967017868	1.22373754881036	5.79521184623005e-18	1	6	12	8.86373094232484e-05	1	0	3.96729180611041	5.04403416569004
ANXA1	EGFR	R-HSA-1963640	REACTOME_GRB2_EVENTS_IN_ERBB2_SIGNALING	3.01923114364438e-43	3.53813473781582e-43	2.36495705120345	2.89751774661206	1.72833729678414e-15	1	4	8	1.25549861911524e-06	1	0	5.26706875945552	6.35694186809355
UBB	MET	R-HSA-8875555	REACTOME_MET_ACTIVATES_RAP1_AND_RAC1	3.99180520492776e-43	4.67520949738137e-43	1.56324007583564	4.11816608001036	1.09217426541477e-14	1	3	6	3.95090459057117e-08	1	0	5.83927178506202	-6.39088225480639
ANXA1	EGFR	R-HSA-445144	REACTOME_SIGNAL_TRANSDUCTION_BY_L1	4.80979904559847e-43	5.63005372702914e-43	2.36495705120345	2.89751774661206	1.72833729678414e-15	1	6	11	9.18993119594234e-06	1	0	5.26706875945552	6.35694186809355
NID1	ITGB3	R-HSA-445144	REACTOME_SIGNAL_TRANSDUCTION_BY_L1	4.97935032506374e-43	5.82521957620707e-43	1.51200808588345	3.57758831465387	6.29152013311613e-17	1	6	12	7.19645109658464e-05	1	0	-6.39088225480639	-1.81862510220008
CTNND1	AMOT	R-HSA-9759476	REACTOME_REGULATION_OF_HOMOTYPIC_CELL_CELL_ADHESION	9.3663174769013e-43	1.09512234902536e-42	4.09598999932096	3.81150512802621	2.37827380491051e-21	1	3	7	2.84853571594711e-05	1	0	-5.63138257603529	1.21214955198733
COL4A2	ITGB3	R-HSA-2129379	REACTOME_MOLECULES_ASSOCIATED_WITH_ELASTIC_FIBRES	1.45989092494782e-42	1.70595851297636e-42	2.35366848733984	3.57758831465387	1.90593099325143e-19	1	3	7	1.29539036842732e-05	1	0	6.7881869323435	-1.81862510220008
TNC	EGFR	R-HSA-212718	REACTOME_EGFR_INTERACTS_WITH_PHOSPHOLIPASE_C_GAMMA	1.54777025448081e-42	1.80762766860223e-42	6.8277048658413	2.89751774661206	2.15385338243132e-18	1	1	3	8.95701809189481e-09	1	0	-5.58163186833725	6.35694186809355
THBS1	LRP5	R-HSA-4641262	REACTOME_DISASSEMBLY_OF_THE_DESTRUCTION_COMPLEX_AND_RECRUITMENT_OF_AXIN_TO_THE_MEMBRANE	1.63534084155662e-42	1.90882156986214e-42	7.11466682191395	2.24213943703044	5.64964731914931e-20	1	6	12	0.000232373280506594	1	0	-3.6446101735829	5.16490511053939
L1CAM	ITGB3	R-HSA-3000170	REACTOME_SYNDECAN_INTERACTIONS	1.72120749280349e-42	2.00791342751667e-42	6.61152480504602	3.57758831465387	1.96608975372179e-23	1	2	5	1.1503128469107e-05	1	0	7.69724325085875	-1.81862510220008
COL4A4	ITGB3	R-HSA-354194	REACTOME_GRB2_SOS_PROVIDES_LINKAGE_TO_MAPK_SIGNALING_FOR_INTEGRINS	1.75456824548483e-42	2.04567606950997e-42	2.40348737446135	3.57758831465387	4.86684603123459e-18	1	3	7	7.02977929666644e-06	1	0	0.348341817117918	-1.81862510220008
KITLG	EPOR	R-HSA-9027284	REACTOME_ERYTHROPOIETIN_ACTIVATES_RAS	1.81357045633245e-42	2.11327499310933e-42	1.17010811298402	2.58820160929814	5.66504088588176e-12	1	6	11	2.9747409879623e-06	1	0	8.52156155095549	7.07270395721462
SEMA4D	ERBB2	R-HSA-1306955	REACTOME_GRB7_EVENTS_IN_ERBB2_SIGNALING	2.44356198414649e-42	2.84577173576473e-42	1.83704509775797	5.48467664125572	1.8596138826397e-20	1	1	2	1.14630562516616e-11	1	0	4.10629032846076	5.37025434019213
EFNA3	EPHA4	R-HSA-3928663	REACTOME_EPHA_MEDIATED_GROWTH_CONE_COLLAPSE	3.25206129111021e-42	3.78521612813166e-42	4.32205301980455	16.9392298425042	8.02671537683767e-21	1	1	2	2.01284406855924e-11	1	0	5.17754451207061	4.14934170896333
THBS1	LRP5	R-HSA-4791275	REACTOME_SIGNALING_BY_WNT_IN_CANCER	4.12481840287932e-42	4.79835293938551e-42	7.11466682191395	2.24213943703044	5.64964731914931e-20	1	6	12	0.000265212880159515	1	0	-3.6446101735829	5.16490511053939
S100B	APP	R-HSA-933542	REACTOME_TRAF6_MEDIATED_NF_KB_ACTIVATION	5.66124037449239e-42	6.58194857270753e-42	4.2249108102541	1.1092665128676	4.28808301832756e-15	1	9	17	0.00033590205422053	1	0	5.19212134952298	-3.96459372498046
WNT5A	FZD2	R-HSA-4641262	REACTOME_DISASSEMBLY_OF_THE_DESTRUCTION_COMPLEX_AND_RECRUITMENT_OF_AXIN_TO_THE_MEMBRANE	8.99558311569001e-42	1.04526854426409e-41	3.71867437883844	3.90733841238929	3.10772352419006e-19	1	6	12	0.000232373280506594	1	0	3.85719962716077	10.3444172123752
UBB	ERBB2	R-HSA-416572	REACTOME_SEMA4D_INDUCED_CELL_MIGRATION_AND_GROWTH_CONE_COLLAPSE	1.00168605929866e-41	1.1632846534632e-41	1.56324007583564	5.48467664125572	2.15758035293112e-18	1	7	13	0.000160198686238379	1	0	5.83927178506202	5.37025434019213
EFNA3	EPHA5	R-HSA-3928663	REACTOME_EPHA_MEDIATED_GROWTH_CONE_COLLAPSE	1.36199240379858e-41	1.58082938553251e-41	4.32205301980455	7.58581264812505	1.91655685136618e-21	1	1	2	8.42997504862121e-11	1	0	5.17754451207061	5.33701081900847
UBB	TGFBR2	R-HSA-9839389	REACTOME_TGFBR3_REGULATES_TGF_BETA_SIGNALING	1.45345454453673e-41	1.68603991522341e-41	1.56324007583564	1.27629366904749	6.54593470143117e-13	1	2	4	1.77061089813459e-10	1	0	5.83927178506202	4.98951084169741
COL4A3	ITGB3	R-HSA-3000170	REACTOME_SYNDECAN_INTERACTIONS	1.55668903459689e-41	1.80478088971783e-41	8.59500106905861	3.57758831465387	1.77816467418867e-22	1	2	5	1.1503128469107e-05	1	0	3.59636213159094	-1.81862510220008
NID1	ITGB3	R-HSA-354194	REACTOME_GRB2_SOS_PROVIDES_LINKAGE_TO_MAPK_SIGNALING_FOR_INTEGRINS	2.26818382388681e-41	2.62819280995522e-41	1.51200808588345	3.57758831465387	6.29152013311613e-17	1	3	7	7.02977929666644e-06	1	0	-6.39088225480639	-1.81862510220008
ANXA1	EGFR	R-HSA-9013507	REACTOME_NOTCH3_ACTIVATION_AND_TRANSMISSION_OF_SIGNAL_TO_THE_NUCLEUS	2.4626575897201e-41	2.85193418181712e-41	2.36495705120345	2.89751774661206	1.72833729678414e-15	1	5	10	2.01959545411888e-05	1	0	5.26706875945552	6.35694186809355
CDH1	EGFR	R-HSA-180336	REACTOME_SHC1_EVENTS_IN_EGFR_SIGNALING	2.6955572973424e-41	3.11989993070555e-41	14.0529638668967	2.89751774661206	1.12509612679447e-22	1	4	8	8.43864091750755e-05	1	0	6.06941827582005	6.35694186809355
EFNA2	EPHA4	R-HSA-3928663	REACTOME_EPHA_MEDIATED_GROWTH_CONE_COLLAPSE	3.29191248294543e-41	3.80800178598279e-41	3.03119036377376	16.9392298425042	8.12507581523514e-20	1	1	2	2.01284406855924e-11	1	0	5.8770030212612	4.14934170896333
UBB	ERBB3	R-HSA-1306955	REACTOME_GRB7_EVENTS_IN_ERBB2_SIGNALING	3.62236212115711e-41	4.18791278249054e-41	1.56324007583564	9.47133900069063	1.98781373584178e-17	1	1	2	1.349890255109e-12	1	0	5.83927178506202	4.07639206347018
COL4A4	ITGB3	R-HSA-2129379	REACTOME_MOLECULES_ASSOCIATED_WITH_ELASTIC_FIBRES	3.72787072526524e-41	4.30748373512192e-41	2.40348737446135	3.57758831465387	4.86684603123459e-18	1	3	7	1.29539036842732e-05	1	0	0.348341817117918	-1.81862510220008
TNC	ITGB3	R-HSA-3000170	REACTOME_SYNDECAN_INTERACTIONS	5.01117180556893e-41	5.7870771102881e-41	6.8277048658413	3.57758831465387	5.7241288933858e-22	1	2	5	1.1503128469107e-05	1	0	-5.58163186833725	-1.81862510220008
LTBP1	ITGB3	R-HSA-3000170	REACTOME_SYNDECAN_INTERACTIONS	5.65327680440565e-41	6.52495523905143e-41	4.49925244209	3.57758831465387	6.45758843519278e-22	1	2	5	1.1503128469107e-05	1	0	0.411198660997557	-1.81862510220008
COMP	ITGB3	R-HSA-3000170	REACTOME_SYNDECAN_INTERACTIONS	5.69366371194845e-41	6.56790018363233e-41	8.97372250466624	3.57758831465387	6.50372133052145e-22	1	2	5	1.1503128469107e-05	1	0	4.52103900260026	-1.81862510220008
THBS1	ITGB3	R-HSA-3000170	REACTOME_SYNDECAN_INTERACTIONS	6.08157500072989e-41	7.01145867829685e-41	7.11466682191395	3.57758831465387	6.94682212657015e-22	1	2	5	1.1503128469107e-05	1	0	-3.6446101735829	-1.81862510220008
FN1	ITGB3	R-HSA-3000170	REACTOME_SYNDECAN_INTERACTIONS	9.29515489378756e-41	1.07104238765003e-40	9.24511967017868	3.57758831465387	1.0617609365717e-21	1	2	5	1.1503128469107e-05	1	0	3.96729180611041	-1.81862510220008
EFNA2	EPHA5	R-HSA-3928663	REACTOME_EPHA_MEDIATED_GROWTH_CONE_COLLAPSE	1.37868243996434e-40	1.58771344535469e-40	3.03119036377376	7.58581264812505	1.9400425940721e-20	1	1	2	8.42997504862121e-11	1	0	5.8770030212612	5.33701081900847
WNT5A	FZD2	R-HSA-5140745	REACTOME_WNT5A_DEPENDENT_INTERNALIZATION_OF_FZD2_FZD5_AND_ROR2	1.38913142149182e-40	1.59885544111537e-40	3.71867437883844	3.90733841238929	3.10772352419006e-19	1	5	10	0.000113424905797564	1	0	3.85719962716077	10.3444172123752
WNT5A	LRP5	R-HSA-4641262	REACTOME_DISASSEMBLY_OF_THE_DESTRUCTION_COMPLEX_AND_RECRUITMENT_OF_AXIN_TO_THE_MEMBRANE	1.50987938344149e-40	1.73686570500563e-40	3.71867437883844	2.24213943703044	5.21621291056325e-18	1	6	12	0.000232373280506594	1	0	3.85719962716077	5.16490511053939
DCN	EGFR	R-HSA-180336	REACTOME_SHC1_EVENTS_IN_EGFR_SIGNALING	1.52720293894236e-40	1.75581595540062e-40	15.215347949085	2.89751774661206	6.37437799273358e-22	1	4	8	8.43864091750755e-05	1	0	-5.95640031910379	6.35694186809355
L1CAM	ERBB2	R-HSA-8866910	REACTOME_TFAP2_AP_2_FAMILY_REGULATES_TRANSCRIPTION_OF_GROWTH_FACTORS_AND_THEIR_RECEPTORS	1.93205009490454e-40	2.22003086544648e-40	6.61152480504602	5.48467664125572	7.55149525097075e-25	1	2	5	8.4578738413478e-05	1	0	7.69724325085875	5.37025434019213
WNT5A	FZD6	R-HSA-4791275	REACTOME_SIGNALING_BY_WNT_IN_CANCER	2.34861391848031e-40	2.69718530048934e-40	3.71867437883844	2.25671619218573	3.21683018069275e-18	1	6	12	0.000265212880159515	1	0	3.85719962716077	4.99946175763607
UBB	ERBB2	R-HSA-1306955	REACTOME_GRB7_EVENTS_IN_ERBB2_SIGNALING	2.8350946276439e-40	3.25405861150683e-40	1.56324007583564	5.48467664125572	2.15758035293112e-18	1	1	2	1.14630562516616e-11	1	0	5.83927178506202	5.37025434019213
CDH1	PTPRF	R-HSA-388844	REACTOME_RECEPTOR_TYPE_TYROSINE_PROTEIN_PHOSPHATASES	2.84771376089388e-40	3.26672772349071e-40	14.0529638668967	2.93265016080808	8.26147536738041e-23	1	3	6	2.18947842066393e-05	1	0	6.06941827582005	-2.52832284368189
WNT5A	ROR2	R-HSA-5140745	REACTOME_WNT5A_DEPENDENT_INTERNALIZATION_OF_FZD2_FZD5_AND_ROR2	2.97884736932152e-40	3.41526008047628e-40	3.71867437883844	3.30568873091291	6.66418878832243e-19	1	5	10	0.000113424905797564	1	0	3.85719962716077	-5.72372856773429
MFGE8	ITGB3	R-HSA-3000170	REACTOME_SYNDECAN_INTERACTIONS	3.07404773354283e-40	3.5224529215194e-40	3.04039885756526	3.57758831465387	3.51140334715023e-21	1	2	5	1.1503128469107e-05	1	0	0.6248001109505	-1.81862510220008
SEMA4D	MET	R-HSA-8875656	REACTOME_MET_RECEPTOR_RECYCLING	3.39778026302982e-40	3.89124945865832e-40	1.83704509775797	4.11816608001036	9.4134265890396e-17	1	2	4	9.66338291018074e-09	1	0	4.10629032846076	-6.39088225480639
WNT7B	LRP5	R-HSA-4641262	REACTOME_DISASSEMBLY_OF_THE_DESTRUCTION_COMPLEX_AND_RECRUITMENT_OF_AXIN_TO_THE_MEMBRANE	3.42500749436303e-40	3.92025788551469e-40	2.42858798645497	2.24213943703044	1.18324473509606e-17	1	6	12	0.000232373280506594	1	0	1.8727407244592	5.16490511053939
WNT5A	LRP5	R-HSA-4791275	REACTOME_SIGNALING_BY_WNT_IN_CANCER	3.80836710530591e-40	4.35663700972426e-40	3.71867437883844	2.24213943703044	5.21621291056325e-18	1	6	12	0.000265212880159515	1	0	3.85719962716077	5.16490511053939
COL18A1	ITGB3	R-HSA-3000170	REACTOME_SYNDECAN_INTERACTIONS	4.64102887954149e-40	5.30623445773808e-40	3.31748124564936	3.57758831465387	5.30132442773138e-21	1	2	5	1.1503128469107e-05	1	0	-2.93094921873315	-1.81862510220008
NID1	ITGB3	R-HSA-2129379	REACTOME_MOLECULES_ASSOCIATED_WITH_ELASTIC_FIBRES	4.81913205618934e-40	5.50681793588892e-40	1.51200808588345	3.57758831465387	6.29152013311613e-17	1	3	7	1.29539036842732e-05	1	0	-6.39088225480639	-1.81862510220008
FBN1	ITGB3	R-HSA-3000170	REACTOME_SYNDECAN_INTERACTIONS	5.17164356155903e-40	5.90636572591539e-40	7.14914428394037	3.57758831465387	5.90743153210484e-21	1	2	5	1.1503128469107e-05	1	0	3.49330586689255	-1.81862510220008
LAMA5	SDC1	R-HSA-449836	REACTOME_OTHER_INTERLEUKIN_SIGNALING	6.2948936905539e-40	7.18522119595821e-40	6.39025679656551	6.46884404771167	3.10330148907865e-24	1	1	2	1.42423683802714e-08	1	0	-4.04261071031852	5.30916569519122
SEMA4D	PLXNB1	R-HSA-416572	REACTOME_SEMA4D_INDUCED_CELL_MIGRATION_AND_GROWTH_CONE_COLLAPSE	8.43692720176492e-40	9.6248987293464e-40	1.83704509775797	2.38557962661584	1.81727081061539e-16	1	7	13	0.000160198686238379	1	0	4.10629032846076	3.94232095312306
WNT7B	LRP5	R-HSA-4791275	REACTOME_SIGNALING_BY_WNT_IN_CANCER	8.63889262944153e-40	9.84986322981578e-40	2.42858798645497	2.24213943703044	1.18324473509606e-17	1	6	12	0.000265212880159515	1	0	1.8727407244592	5.16490511053939
ANXA1	EGFR	R-HSA-212718	REACTOME_EGFR_INTERACTS_WITH_PHOSPHOLIPASE_C_GAMMA	1.24199217991922e-39	1.41530934567739e-39	2.36495705120345	2.89751774661206	1.72833729678414e-15	1	1	3	8.95701809189481e-09	1	0	5.26706875945552	6.35694186809355
SEMA4D	MET	R-HSA-8851907	REACTOME_MET_ACTIVATES_PI3K_AKT_SIGNALING	2.35665573135023e-39	2.68404120229855e-39	1.83704509775797	4.11816608001036	9.4134265890396e-17	1	2	4	1.84287610702745e-08	1	0	4.10629032846076	-6.39088225480639
SLIT2	SDC1	R-HSA-449836	REACTOME_OTHER_INTERLEUKIN_SIGNALING	2.54148932351144e-39	2.89295699304388e-39	6.80274676319369	6.46884404771167	1.25292149317243e-23	1	1	2	1.42423683802714e-08	1	0	2.78796175154231	5.30916569519122
EFNB2	EPHA4	R-HSA-3928663	REACTOME_EPHA_MEDIATED_GROWTH_CONE_COLLAPSE	3.12788556350897e-39	3.55848654967485e-39	1.89080003650529	16.9392298425042	7.72022569754055e-18	1	1	2	2.01284406855924e-11	1	0	-3.10154050773403	4.14934170896333
PTN	SDC1	R-HSA-449836	REACTOME_OTHER_INTERLEUKIN_SIGNALING	3.43982393274195e-39	3.91121422402029e-39	7.92717388064223	6.46884404771167	1.69578888181464e-23	1	1	2	1.42423683802714e-08	1	0	-1.41052729395478	5.30916569519122
TNC	SDC1	R-HSA-449836	REACTOME_OTHER_INTERLEUKIN_SIGNALING	3.48250528399619e-39	3.95756651085595e-39	6.8277048658413	6.46884404771167	1.7168302380971e-23	1	1	2	1.42423683802714e-08	1	0	-5.58163186833725	5.30916569519122
THBS1	SDC1	R-HSA-449836	REACTOME_OTHER_INTERLEUKIN_SIGNALING	4.22638015554057e-39	4.80027564669973e-39	7.11466682191395	6.46884404771167	2.08355096604458e-23	1	1	2	1.42423683802714e-08	1	0	-3.6446101735829	5.30916569519122
PKM	CD44	R-HSA-71387	REACTOME_METABOLISM_OF_CARBOHYDRATES	5.77376241165332e-39	6.55417205630536e-39	1.05288583332511	1.22373754881036	1.69662630180159e-13	1	6	12	8.86373094232484e-05	1	0	0.881267560414777	5.04403416569004
WNT7A	LRP6	R-HSA-4641262	REACTOME_DISASSEMBLY_OF_THE_DESTRUCTION_COMPLEX_AND_RECRUITMENT_OF_AXIN_TO_THE_MEMBRANE	7.66258000272776e-39	8.69351470930013e-39	15.2655342371858	2.01771047584325	2.64720806024577e-16	1	6	12	0.000232373280506594	1	0	2.04463249164883	-6.39088225480639
WNT2	LRP6	R-HSA-4641262	REACTOME_DISASSEMBLY_OF_THE_DESTRUCTION_COMPLEX_AND_RECRUITMENT_OF_AXIN_TO_THE_MEMBRANE	7.77392949939443e-39	8.81500458054276e-39	15.1295630659464	2.01771047584325	2.68567621130918e-16	1	6	12	0.000232373280506594	1	0	-6.39088225480639	-6.39088225480639
TGFB2	TGFBR2	R-HSA-3304349	REACTOME_LOSS_OF_FUNCTION_OF_SMAD2_3_IN_CANCER	1.03376557685096e-38	1.17092087816562e-38	5.2298949554133	1.27629366904749	7.17039063916914e-17	1	3	6	1.7607484049129e-06	1	0	-2.29034867974236	4.98951084169741
TGFB2	TGFBR2	R-HSA-3304351	REACTOME_SIGNALING_BY_TGF_BETA_RECEPTOR_COMPLEX_IN_CANCER	1.03376557685096e-38	1.17092087816562e-38	5.2298949554133	1.27629366904749	7.17039063916914e-17	1	3	6	1.7607484049129e-06	1	0	-2.29034867974236	4.98951084169741
WNT7A	LRP6	R-HSA-5340588	REACTOME_SIGNALING_BY_RNF43_MUTANTS	1.28457591110448e-38	1.45421031909142e-38	15.2655342371858	2.01771047584325	2.64720806024577e-16	1	1	3	3.64746023349233e-08	1	0	2.04463249164883	-6.39088225480639
WNT2	LRP6	R-HSA-5340588	REACTOME_SIGNALING_BY_RNF43_MUTANTS	1.30324284588111e-38	1.47453434807796e-38	15.1295630659464	2.01771047584325	2.68567621130918e-16	1	1	3	3.64746023349233e-08	1	0	-6.39088225480639	-6.39088225480639
COL4A2	ITGB3	R-HSA-3000170	REACTOME_SYNDECAN_INTERACTIONS	1.66854168287119e-38	1.88681287181822e-38	2.35366848733984	3.57758831465387	1.90593099325143e-19	1	2	5	1.1503128469107e-05	1	0	6.7881869323435	-1.81862510220008
L1CAM	EGFR	R-HSA-180336	REACTOME_SHC1_EVENTS_IN_EGFR_SIGNALING	1.77242966479909e-38	2.00319457739328e-38	6.61152480504602	2.89751774661206	7.39792751891101e-20	1	4	8	8.43864091750755e-05	1	0	7.69724325085875	6.35694186809355
WNT7A	LRP6	R-HSA-4791275	REACTOME_SIGNALING_BY_WNT_IN_CANCER	1.93273170984351e-38	2.18317316158375e-38	15.2655342371858	2.01771047584325	2.64720806024577e-16	1	6	12	0.000265212880159515	1	0	2.04463249164883	-6.39088225480639
WNT2	LRP6	R-HSA-4791275	REACTOME_SIGNALING_BY_WNT_IN_CANCER	1.96081738111953e-38	2.2136878193404e-38	15.1295630659464	2.01771047584325	2.68567621130918e-16	1	6	12	0.000265212880159515	1	0	-6.39088225480639	-6.39088225480639
L1CAM	FGFR2	R-HSA-5654700	REACTOME_FRS_MEDIATED_FGFR2_SIGNALING	2.08978439030781e-38	2.35799811598904e-38	6.61152480504602	12.7101660798708	1.47684132181016e-29	1	4	8	0.00762388622278837	1	0	7.69724325085875	5.73242607734244
CDH1	EGFR	R-HSA-8866910	REACTOME_TFAP2_AP_2_FAMILY_REGULATES_TRANSCRIPTION_OF_GROWTH_FACTORS_AND_THEIR_RECEPTORS	2.87855849246618e-38	3.24623463178773e-38	14.0529638668967	2.89751774661206	1.12509612679447e-22	1	2	5	8.4578738413478e-05	1	0	6.06941827582005	6.35694186809355
EFEMP1	EGFR	R-HSA-180336	REACTOME_SHC1_EVENTS_IN_EGFR_SIGNALING	3.71775759139499e-38	4.19033670694056e-38	11.0825504472025	2.89751774661206	1.55175134676721e-19	1	4	8	8.43864091750755e-05	1	0	6.63580333837864	6.35694186809355
UBB	MET	R-HSA-8875656	REACTOME_MET_RECEPTOR_RECYCLING	3.94220757735149e-38	4.44089468637306e-38	1.56324007583564	4.11816608001036	1.09217426541477e-14	1	2	4	9.66338291018074e-09	1	0	5.83927178506202	-6.39088225480639
CDH1	EGFR	R-HSA-2179392	REACTOME_EGFR_TRANSACTIVATION_BY_GASTRIN	8.55681765871862e-38	9.6339974293802e-38	14.0529638668967	2.89751774661206	1.12509612679447e-22	1	3	6	8.43864091750755e-05	1	0	6.06941827582005	6.35694186809355
COL1A1	CD44	R-HSA-1630316	REACTOME_GLYCOSAMINOGLYCAN_METABOLISM	1.52162536033817e-37	1.71037975759448e-37	12.9101074672495	1.22373754881036	1.68454347242834e-21	1	2	4	2.82654224899187e-06	1	0	5.35249569933251	5.04403416569004
COL1A1	CD44	R-HSA-2142845	REACTOME_HYALURONAN_METABOLISM	1.52162536033817e-37	1.71037975759448e-37	12.9101074672495	1.22373754881036	1.68454347242834e-21	1	2	4	2.82654224899187e-06	1	0	5.35249569933251	5.04403416569004
COL1A1	CD44	R-HSA-2160916	REACTOME_HYALURONAN_UPTAKE_AND_DEGRADATION	1.52162536033817e-37	1.71037975759448e-37	12.9101074672495	1.22373754881036	1.68454347242834e-21	1	2	4	2.82654224899187e-06	1	0	5.35249569933251	5.04403416569004
DCN	EGFR	R-HSA-8866910	REACTOME_TFAP2_AP_2_FAMILY_REGULATES_TRANSCRIPTION_OF_GROWTH_FACTORS_AND_THEIR_RECEPTORS	1.63088463893758e-37	1.83219557588094e-37	15.215347949085	2.89751774661206	6.37437799273358e-22	1	2	5	8.4578738413478e-05	1	0	-5.95640031910379	6.35694186809355
UBB	MET	R-HSA-8851907	REACTOME_MET_ACTIVATES_PI3K_AKT_SIGNALING	2.73426336082527e-37	3.07010223014403e-37	1.56324007583564	4.11816608001036	1.09217426541477e-14	1	2	4	1.84287610702745e-08	1	0	5.83927178506202	-6.39088225480639
DLL1	NOTCH3	R-HSA-350054	REACTOME_NOTCH_HLH_TRANSCRIPTION_PATHWAY	2.82497487888892e-37	3.17023253654781e-37	1.7551729771455	5.25731792952174	1.26354493183093e-18	1	6	12	0.000835132046606838	1	0	-4.9727519451242	3.62905424098445
COL1A2	CD44	R-HSA-1630316	REACTOME_GLYCOSAMINOGLYCAN_METABOLISM	3.74432121456882e-37	4.19510175124684e-37	16.249300289467	1.22373754881036	4.14521998981081e-21	1	2	4	2.82654224899187e-06	1	0	3.18442633530028	5.04403416569004
COL1A2	CD44	R-HSA-2142845	REACTOME_HYALURONAN_METABOLISM	3.74432121456882e-37	4.19510175124684e-37	16.249300289467	1.22373754881036	4.14521998981081e-21	1	2	4	2.82654224899187e-06	1	0	3.18442633530028	5.04403416569004
COL1A2	CD44	R-HSA-2160916	REACTOME_HYALURONAN_UPTAKE_AND_DEGRADATION	3.74432121456882e-37	4.19510175124684e-37	16.249300289467	1.22373754881036	4.14521998981081e-21	1	2	4	2.82654224899187e-06	1	0	3.18442633530028	5.04403416569004
COL4A4	ITGB3	R-HSA-3000170	REACTOME_SYNDECAN_INTERACTIONS	4.26066604509007e-37	4.77102224886508e-37	2.40348737446135	3.57758831465387	4.86684603123459e-18	1	2	5	1.1503128469107e-05	1	0	0.348341817117918	-1.81862510220008
NCAM1	FGFR2	R-HSA-5654700	REACTOME_FRS_MEDIATED_FGFR2_SIGNALING	4.38581332623611e-37	4.90849963813857e-37	5.35497639278498	12.7101660798708	3.09943474550362e-28	1	4	8	0.00762388622278837	1	0	2.31654305445474	5.73242607734244
DCN	EGFR	R-HSA-2179392	REACTOME_EGFR_TRANSACTIVATION_BY_GASTRIN	4.8479759971242e-37	5.42280368709182e-37	15.215347949085	2.89751774661206	6.37437799273358e-22	1	3	6	8.43864091750755e-05	1	0	-5.95640031910379	6.35694186809355
L1CAM	FGFR2	R-HSA-5654221	REACTOME_PHOSPHOLIPASE_C_MEDIATED_CASCADE_FGFR2	5.10090251897339e-37	5.70263236157956e-37	6.61152480504602	12.7101660798708	1.47684132181016e-29	1	1	2	0.000185847444770754	1	0	7.69724325085875	5.73242607734244
TNC	EGFR	R-HSA-180336	REACTOME_SHC1_EVENTS_IN_EGFR_SIGNALING	5.16030147482585e-37	5.76591825148199e-37	6.8277048658413	2.89751774661206	2.15385338243132e-18	1	4	8	8.43864091750755e-05	1	0	-5.58163186833725	6.35694186809355
IL6ST	OSMR	R-HSA-6783589	REACTOME_INTERLEUKIN_6_FAMILY_SIGNALING	1.27462729457482e-36	1.42344864356301e-36	2.21481281597362	3.94128945027331	2.49154479863724e-15	1	4	9	0.000135144287592301	1	0	6.11148878270518	4.93616364521366
HSPG2	SDC1	R-HSA-449836	REACTOME_OTHER_INTERLEUKIN_SIGNALING	3.64205030500537e-36	4.06508694226963e-36	4.09583451460777	6.46884404771167	1.79548387795378e-20	1	1	2	1.42423683802714e-08	1	0	4.83775802276138	5.30916569519122
SEMA4D	ERBB2	R-HSA-8866910	REACTOME_TFAP2_AP_2_FAMILY_REGULATES_TRANSCRIPTION_OF_GROWTH_FACTORS_AND_THEIR_RECEPTORS	4.75782220478517e-36	5.30759215717395e-36	1.83704509775797	5.48467664125572	1.8596138826397e-20	1	2	5	8.4578738413478e-05	1	0	4.10629032846076	5.37025434019213
TGFB2	TGFBR2	R-HSA-2173791	REACTOME_TGF_BETA_RECEPTOR_SIGNALING_IN_EMT_EPITHELIAL_TO_MESENCHYMAL_TRANSITION	5.23885509926221e-36	5.84105484893455e-36	5.2298949554133	1.27629366904749	7.17039063916914e-17	1	4	9	0.000309001011561018	1	0	-2.29034867974236	4.98951084169741
DCN	MET	R-HSA-416550	REACTOME_SEMA4D_MEDIATED_INHIBITION_OF_CELL_ATTACHMENT_AND_MIGRATION	5.39083557680635e-36	6.00726337739047e-36	15.215347949085	4.11816608001036	3.29371225008704e-23	1	2	5	0.000425389789826091	1	0	-5.95640031910379	-6.39088225480639
NID1	ITGB3	R-HSA-3000170	REACTOME_SYNDECAN_INTERACTIONS	5.5078927977445e-36	6.13439704589765e-36	1.51200808588345	3.57758831465387	6.29152013311613e-17	1	2	5	1.1503128469107e-05	1	0	-6.39088225480639	-1.81862510220008
CLCF1	CRLF1	R-HSA-9020956	REACTOME_INTERLEUKIN_27_SIGNALING	6.24632144955829e-36	6.95307118253633e-36	2.11510149025167	3.53093549361668	6.59955109032184e-18	1	3	7	0.000135144287592301	1	0	6.42549536585045	-4.2780600592729
NCAM1	FGFR2	R-HSA-5654221	REACTOME_PHOSPHOLIPASE_C_MEDIATED_CASCADE_FGFR2	1.0705222197707e-35	1.19100641144118e-35	5.35497639278498	12.7101660798708	3.09943474550362e-28	1	1	2	0.000185847444770754	1	0	2.31654305445474	5.73242607734244
L1CAM	ERBB2	R-HSA-9634285	REACTOME_CONSTITUTIVE_SIGNALING_BY_OVEREXPRESSED_ERBB2	1.2213211619862e-35	1.35804602834418e-35	6.61152480504602	5.48467664125572	7.55149525097075e-25	1	4	9	0.00762388622278837	1	0	7.69724325085875	5.37025434019213
COL14A1	CD44	R-HSA-1630316	REACTOME_GLYCOSAMINOGLYCAN_METABOLISM	1.54008870424376e-35	1.70973845403955e-35	7.32842319150696	1.22373754881036	1.70498365847285e-19	1	2	4	2.82654224899187e-06	1	0	11.1986159787516	5.04403416569004
COL14A1	CD44	R-HSA-2142845	REACTOME_HYALURONAN_METABOLISM	1.54008870424376e-35	1.70973845403955e-35	7.32842319150696	1.22373754881036	1.70498365847285e-19	1	2	4	2.82654224899187e-06	1	0	11.1986159787516	5.04403416569004
COL14A1	CD44	R-HSA-2160916	REACTOME_HYALURONAN_UPTAKE_AND_DEGRADATION	1.54008870424376e-35	1.70973845403955e-35	7.32842319150696	1.22373754881036	1.70498365847285e-19	1	2	4	2.82654224899187e-06	1	0	11.1986159787516	5.04403416569004
WNT5A	FZD6	R-HSA-5340588	REACTOME_SIGNALING_BY_RNF43_MUTANTS	1.88823811443324e-35	2.09511275210476e-35	3.71867437883844	2.25671619218573	3.21683018069275e-18	1	1	3	1.80388788424301e-06	1	0	3.85719962716077	4.99946175763607
L1CAM	EGFR	R-HSA-8866910	REACTOME_TFAP2_AP_2_FAMILY_REGULATES_TRANSCRIPTION_OF_GROWTH_FACTORS_AND_THEIR_RECEPTORS	1.89275978994644e-35	2.0990025367844e-35	6.61152480504602	2.89751774661206	7.39792751891101e-20	1	2	5	8.4578738413478e-05	1	0	7.69724325085875	6.35694186809355
CLCF1	CNTFR	R-HSA-6788467	REACTOME_IL_6_TYPE_CYTOKINE_RECEPTOR_LIGAND_INTERACTIONS	2.12100049132367e-35	2.35085140293707e-35	2.11510149025167	10.0329699010163	3.27622326397403e-23	1	2	5	0.000599931189189588	1	0	6.42549536585045	0.16756018104568
EFEMP1	EGFR	R-HSA-8866910	REACTOME_TFAP2_AP_2_FAMILY_REGULATES_TRANSCRIPTION_OF_GROWTH_FACTORS_AND_THEIR_RECEPTORS	3.9701558925094e-35	4.39803864553588e-35	11.0825504472025	2.89751774661206	1.55175134676721e-19	1	2	5	8.4578738413478e-05	1	0	6.63580333837864	6.35694186809355
L1CAM	EGFR	R-HSA-2179392	REACTOME_EGFR_TRANSACTIVATION_BY_GASTRIN	5.62642740688254e-35	6.22947428864916e-35	6.61152480504602	2.89751774661206	7.39792751891101e-20	1	3	6	8.43864091750755e-05	1	0	7.69724325085875	6.35694186809355
SEMA5A	MET	R-HSA-416550	REACTOME_SEMA4D_MEDIATED_INHIBITION_OF_CELL_ATTACHMENT_AND_MIGRATION	7.60935720249358e-35	8.42042419943853e-35	13.1302189665968	4.11816608001036	4.64919262998353e-22	1	2	5	0.000425389789826091	1	0	-3.36463131492755	-6.39088225480639
COL17A1	ITGB4	R-HSA-446107	REACTOME_TYPE_I_HEMIDESMOSOME_ASSEMBLY	8.97303447721348e-35	9.92413770338493e-35	11.5471101838395	7.42190860929556	4.4438019528235e-29	1	2	5	0.0253382797452169	1	0	6.32959073051544	0.000435230421763041
UBB	TGFBR2	R-HSA-3304349	REACTOME_LOSS_OF_FUNCTION_OF_SMAD2_3_IN_CANCER	9.43736862213389e-35	1.0426525975042e-34	1.56324007583564	1.27629366904749	6.54593470143117e-13	1	3	6	1.7607484049129e-06	1	0	5.83927178506202	4.98951084169741
UBB	TGFBR2	R-HSA-3304351	REACTOME_SIGNALING_BY_TGF_BETA_RECEPTOR_COMPLEX_IN_CANCER	9.43736862213389e-35	1.0426525975042e-34	1.56324007583564	1.27629366904749	6.54593470143117e-13	1	3	6	1.7607484049129e-06	1	0	5.83927178506202	4.98951084169741
EFEMP1	EGFR	R-HSA-2179392	REACTOME_EGFR_TRANSACTIVATION_BY_GASTRIN	1.180170565851e-34	1.30317070499635e-34	11.0825504472025	2.89751774661206	1.55175134676721e-19	1	3	6	8.43864091750755e-05	1	0	6.63580333837864	6.35694186809355
PTN	PTPRS	R-HSA-388844	REACTOME_RECEPTOR_TYPE_TYROSINE_PROTEIN_PHOSPHATASES	2.13900203430695e-34	2.36067211692209e-34	7.92717388064223	2.011732900985	6.20543850294016e-17	1	3	6	2.18947842066393e-05	1	0	-1.41052729395478	-5.72152840619353
SERPINE1	LRP2	R-HSA-196741	REACTOME_COBALAMIN_CBL_VITAMIN_B12_TRANSPORT_AND_METABOLISM	2.32690641754487e-34	2.56667840824757e-34	6.28331526418205	5.72249204709186	1.80505435793913e-21	1	4	9	0.00340122608341563	1	0	-6.39088225480639	-2.26417799144396
L1CAM	FGFR2	R-HSA-5654695	REACTOME_PI_3K_CASCADE_FGFR2	2.77669549676243e-34	3.06118084114791e-34	6.61152480504602	12.7101660798708	1.47684132181016e-29	1	3	7	0.0630616192399774	1	0	7.69724325085875	5.73242607734244
CDH1	IGF1R	R-HSA-2428933	REACTOME_SHC_RELATED_EVENTS_TRIGGERED_BY_IGF1R	3.20217881337797e-34	3.52837409516741e-34	14.0529638668967	5.92947905626477	6.3967864714391e-27	1	3	6	0.00762388622278837	1	0	6.06941827582005	3.65530470112101
ANXA1	EGFR	R-HSA-180336	REACTOME_SHC1_EVENTS_IN_EGFR_SIGNALING	4.14083037143597e-34	4.56021084615496e-34	2.36495705120345	2.89751774661206	1.72833729678414e-15	1	4	8	8.43864091750755e-05	1	0	5.26706875945552	6.35694186809355
FN1	CD44	R-HSA-1630316	REACTOME_GLYCOSAMINOGLYCAN_METABOLISM	5.23473656696084e-34	5.75570289906392e-34	9.24511967017868	1.22373754881036	5.79521184623005e-18	1	2	4	2.82654224899187e-06	1	0	3.96729180611041	5.04403416569004
FN1	CD44	R-HSA-2142845	REACTOME_HYALURONAN_METABOLISM	5.23473656696084e-34	5.75570289906392e-34	9.24511967017868	1.22373754881036	5.79521184623005e-18	1	2	4	2.82654224899187e-06	1	0	3.96729180611041	5.04403416569004
FN1	CD44	R-HSA-2160916	REACTOME_HYALURONAN_UPTAKE_AND_DEGRADATION	5.23473656696084e-34	5.75570289906392e-34	9.24511967017868	1.22373754881036	5.79521184623005e-18	1	2	4	2.82654224899187e-06	1	0	3.96729180611041	5.04403416569004
TNC	EGFR	R-HSA-8866910	REACTOME_TFAP2_AP_2_FAMILY_REGULATES_TRANSCRIPTION_OF_GROWTH_FACTORS_AND_THEIR_RECEPTORS	5.51063397861761e-34	6.05583499990637e-34	6.8277048658413	2.89751774661206	2.15385338243132e-18	1	2	5	8.4578738413478e-05	1	0	-5.58163186833725	6.35694186809355
UBB	ERBB2	R-HSA-8866910	REACTOME_TFAP2_AP_2_FAMILY_REGULATES_TRANSCRIPTION_OF_GROWTH_FACTORS_AND_THEIR_RECEPTORS	5.52016943281381e-34	6.06308880818359e-34	1.56324007583564	5.48467664125572	2.15758035293112e-18	1	2	5	8.4578738413478e-05	1	0	5.83927178506202	5.37025434019213
TNC	EGFR	R-HSA-2179392	REACTOME_EGFR_TRANSACTIVATION_BY_GASTRIN	1.63809386755145e-33	1.79824757192418e-33	6.8277048658413	2.89751774661206	2.15385338243132e-18	1	3	6	8.43864091750755e-05	1	0	-5.58163186833725	6.35694186809355
TNFSF12	TRAF2	R-HSA-3371378	REACTOME_REGULATION_BY_C_FLIP	3.66921739373693e-33	4.02367470035058e-33	8.71305866963411	1.15950995895023	1.64631811656911e-18	1	2	5	0.000145306500113726	1	0	2.36479248772075	5.06353195786275
TNFSF12	TRAF2	R-HSA-9693928	REACTOME_DEFECTIVE_RIPK1_MEDIATED_REGULATED_NECROSIS	3.66921739373693e-33	4.02367470035058e-33	8.71305866963411	1.15950995895023	1.64631811656911e-18	1	2	5	0.000145306500113726	1	0	2.36479248772075	5.06353195786275
GPI	AMFR	R-HSA-901032	REACTOME_ER_QUALITY_CONTROL_COMPARTMENT_ERQC	4.93302022917899e-33	5.40382809834771e-33	1.35572797023019	2.60745352691878	1.30169648029105e-17	1	4	9	0.00128615554296967	1	0	-6.39088225480639	2.86314015780154
GPI	AMFR	R-HSA-901042	REACTOME_CALNEXIN_CALRETICULIN_CYCLE	4.93302022917899e-33	5.40382809834771e-33	1.35572797023019	2.60745352691878	1.30169648029105e-17	1	4	9	0.00128615554296967	1	0	-6.39088225480639	2.86314015780154
NCAM1	FGFR2	R-HSA-5654695	REACTOME_PI_3K_CASCADE_FGFR2	5.82742802036468e-33	6.38021531005481e-33	5.35497639278498	12.7101660798708	3.09943474550362e-28	1	3	7	0.0630616192399774	1	0	2.31654305445474	5.73242607734244
LAMB2	ITGA3	R-HSA-8874081	REACTOME_MET_ACTIVATES_PTK2_SIGNALING	7.31310136752643e-33	8.00257808543941e-33	12.5087294742221	2.75754452411437	2.86249954100888e-23	1	2	4	0.000399768713817401	1	0	-4.4327218444072	5.65033245421738
IL6ST	CRLF1	R-HSA-9020956	REACTOME_INTERLEUKIN_27_SIGNALING	1.26032899143441e-32	1.37842228496743e-32	2.21481281597362	3.53093549361668	1.3316006287466e-14	1	3	7	0.000135144287592301	1	0	6.11148878270518	-4.2780600592729
IL6ST	CNTFR	R-HSA-6788467	REACTOME_IL_6_TYPE_CYTOKINE_RECEPTOR_LIGAND_INTERACTIONS	4.27957227569655e-32	4.67809329184607e-32	2.21481281597362	10.0329699010163	6.61048137746788e-20	1	2	5	0.000599931189189588	1	0	6.11148878270518	0.16756018104568
UBB	TGFBR2	R-HSA-2173791	REACTOME_TGF_BETA_RECEPTOR_SIGNALING_IN_EMT_EPITHELIAL_TO_MESENCHYMAL_TRANSITION	4.78261298662019e-32	5.22521334233596e-32	1.56324007583564	1.27629366904749	6.54593470143117e-13	1	4	9	0.000309001011561018	1	0	5.83927178506202	4.98951084169741
TCN2	LRP2	R-HSA-196741	REACTOME_COBALAMIN_CBL_VITAMIN_B12_TRANSPORT_AND_METABOLISM	5.01546442925831e-32	5.47671750044803e-32	6.55836363827325	5.72249204709186	3.8906532110017e-19	1	4	9	0.00340122608341563	1	0	6.82456786242144	-2.26417799144396
LAMB2	ITGB4	R-HSA-446107	REACTOME_TYPE_I_HEMIDESMOSOME_ASSEMBLY	5.25110709892097e-32	5.7310022537616e-32	12.5087294742221	7.42190860929556	2.6005561485279e-26	1	2	5	0.0253382797452169	1	0	-4.4327218444072	0.000435230421763041
UBB	FGFR2	R-HSA-5654700	REACTOME_FRS_MEDIATED_FGFR2_SIGNALING	5.97084099577584e-32	6.51307154027079e-32	1.56324007583564	12.7101660798708	4.21956674067272e-23	1	4	8	0.00762388622278837	1	0	5.83927178506202	5.73242607734244
LAMB1	ITGA3	R-HSA-8874081	REACTOME_MET_ACTIVATES_PTK2_SIGNALING	8.14946126950577e-32	8.8848480120311e-32	8.31776841205843	2.75754452411437	3.18986815183724e-22	1	2	4	0.000399768713817401	1	0	6.66423855005416	5.65033245421738
DCN	MET	R-HSA-9022699	REACTOME_MECP2_REGULATES_NEURONAL_RECEPTORS_AND_CHANNELS	8.44484135044436e-32	9.20202649262555e-32	15.215347949085	4.11816608001036	3.29371225008704e-23	1	3	7	0.0104437296249913	1	0	-5.95640031910379	-6.39088225480639
IL6ST	IL27RA	R-HSA-8984722	REACTOME_INTERLEUKIN_35_SIGNALLING	1.02048569045932e-31	1.11139875407957e-31	2.21481281597362	1.80644164088181	1.07819418285059e-13	1	3	7	0.000135144287592301	1	0	6.11148878270518	3.94372463251454
TNFSF9	TRAF2	R-HSA-3371378	REACTOME_REGULATION_BY_C_FLIP	1.10115243725896e-31	1.19798890751818e-31	3.24465487556851	1.15950995895023	4.94069173894698e-17	1	2	5	0.000145306500113726	1	0	2.84326536040046	5.06353195786275
TNFSF9	TRAF2	R-HSA-9693928	REACTOME_DEFECTIVE_RIPK1_MEDIATED_REGULATED_NECROSIS	1.10115243725896e-31	1.19798890751818e-31	3.24465487556851	1.15950995895023	4.94069173894698e-17	1	2	5	0.000145306500113726	1	0	2.84326536040046	5.06353195786275
LAMA1	ITGA3	R-HSA-8874081	REACTOME_MET_ACTIVATES_PTK2_SIGNALING	1.83379096915424e-31	1.99400639066982e-31	19.8345033696564	2.75754452411437	7.17783816154831e-22	1	2	4	0.000399768713817401	1	0	-2.13725369701301	5.65033245421738
LAMA5	ITGA3	R-HSA-8874081	REACTOME_MET_ACTIVATES_PTK2_SIGNALING	2.00636201691258e-31	2.18050706309384e-31	6.39025679656551	2.75754452411437	7.85331703183064e-22	1	2	4	0.000399768713817401	1	0	-4.04261071031852	5.65033245421738
HSPG2	PTPRS	R-HSA-388844	REACTOME_RECEPTOR_TYPE_TYROSINE_PROTEIN_PHOSPHATASES	2.26475341871492e-31	2.46003184177972e-31	4.09583451460777	2.011732900985	6.57025465088556e-14	1	3	6	2.18947842066393e-05	1	0	4.83775802276138	-5.72152840619353
COL17A1	ITGB4	R-HSA-3000157	REACTOME_LAMININ_INTERACTIONS	2.38992345294847e-31	2.59463050645904e-31	11.5471101838395	7.42190860929556	4.4438019528235e-29	1	1	2	0.0733355659372197	1	0	6.32959073051544	0.000435230421763041
SEMA4D	ERBB2	R-HSA-9634285	REACTOME_CONSTITUTIVE_SIGNALING_BY_OVEREXPRESSED_ERBB2	3.00759745256971e-31	3.26349597531986e-31	1.83704509775797	5.48467664125572	1.8596138826397e-20	1	4	9	0.00762388622278837	1	0	4.10629032846076	5.37025434019213
COL4A3	ITGA3	R-HSA-8874081	REACTOME_MET_ACTIVATES_PTK2_SIGNALING	3.4480634989343e-31	3.73947463978912e-31	8.59500106905861	2.75754452411437	1.34964356256522e-21	1	2	4	0.000399768713817401	1	0	3.59636213159094	5.65033245421738
ANXA1	EGFR	R-HSA-8866910	REACTOME_TFAP2_AP_2_FAMILY_REGULATES_TRANSCRIPTION_OF_GROWTH_FACTORS_AND_THEIR_RECEPTORS	4.42195105379903e-31	4.79315366062371e-31	2.36495705120345	2.89751774661206	1.72833729678414e-15	1	2	5	8.4578738413478e-05	1	0	5.26706875945552	6.35694186809355
CLCF1	IL6ST	R-HSA-1059683	REACTOME_INTERLEUKIN_6_SIGNALING	5.18844402909002e-31	5.62104109286837e-31	2.11510149025167	2.21481281597362	2.05592554014523e-13	1	4	8	0.000135144287592301	1	0	6.42549536585045	6.11148878270518
LAMB1	ITGB4	R-HSA-446107	REACTOME_TYPE_I_HEMIDESMOSOME_ASSEMBLY	5.8516478541795e-31	6.33621827397005e-31	8.31776841205843	7.42190860929556	2.89796770843497e-25	1	2	5	0.0253382797452169	1	0	6.66423855005416	0.000435230421763041
NID1	PTPRF	R-HSA-388844	REACTOME_RECEPTOR_TYPE_TYROSINE_PROTEIN_PHOSPHATASES	5.99196167746852e-31	6.4847526588004e-31	1.51200808588345	2.93265016080808	1.73832231597445e-13	1	3	6	2.18947842066393e-05	1	0	-6.39088225480639	-2.52832284368189
WNT5A	LRP2	R-HSA-196741	REACTOME_COBALAMIN_CBL_VITAMIN_B12_TRANSPORT_AND_METABOLISM	6.70541074882787e-31	7.25307780475307e-31	3.71867437883844	5.72249204709186	5.20159762450362e-18	1	4	9	0.00340122608341563	1	0	3.85719962716077	-2.26417799144396
CLCF1	IL6ST	R-HSA-112409	REACTOME_RAF_INDEPENDENT_MAPK1_3_ACTIVATION	8.03942834504451e-31	8.69150128773519e-31	2.11510149025167	2.21481281597362	2.05592554014523e-13	1	4	9	0.000599931189189588	1	0	6.42549536585045	6.11148878270518
COL17A1	CD151	R-HSA-446107	REACTOME_TYPE_I_HEMIDESMOSOME_ASSEMBLY	8.44865684141672e-31	9.12914489245133e-31	11.5471101838395	2.16464414967756	4.18410938528817e-25	1	2	5	0.0253382797452169	1	0	6.32959073051544	6.83968538959107
SEMA5A	MET	R-HSA-9022699	REACTOME_MECP2_REGULATES_NEURONAL_RECEPTORS_AND_CHANNELS	1.1920195568641e-30	1.28735619680148e-30	13.1302189665968	4.11816608001036	4.64919262998353e-22	1	3	7	0.0104437296249913	1	0	-3.36463131492755	-6.39088225480639
ANXA1	EGFR	R-HSA-2179392	REACTOME_EGFR_TRANSACTIVATION_BY_GASTRIN	1.31447142596431e-30	1.41885996135959e-30	2.36495705120345	2.89751774661206	1.72833729678414e-15	1	3	6	8.43864091750755e-05	1	0	5.26706875945552	6.35694186809355
LAMA1	ITGB4	R-HSA-446107	REACTOME_TYPE_I_HEMIDESMOSOME_ASSEMBLY	1.31673722161464e-30	1.42056349861924e-30	19.8345033696564	7.42190860929556	6.52100407239671e-25	1	2	5	0.0253382797452169	1	0	-2.13725369701301	0.000435230421763041
THBS1	ITGA3	R-HSA-8874081	REACTOME_MET_ACTIVATES_PTK2_SIGNALING	1.34706780288192e-30	1.45252718202194e-30	7.11466682191395	2.75754452411437	5.27270274767376e-21	1	2	4	0.000399768713817401	1	0	-3.6446101735829	5.65033245421738
LAMA5	ITGB4	R-HSA-446107	REACTOME_TYPE_I_HEMIDESMOSOME_ASSEMBLY	1.44065032064209e-30	1.55262574984171e-30	6.39025679656551	7.42190860929556	7.13467080112369e-25	1	2	5	0.0253382797452169	1	0	-4.04261071031852	0.000435230421763041
UBB	FGFR2	R-HSA-5654221	REACTOME_PHOSPHOLIPASE_C_MEDIATED_CASCADE_FGFR2	1.45740766449387e-30	1.56986665007525e-30	1.56324007583564	12.7101660798708	4.21956674067272e-23	1	1	2	0.000185847444770754	1	0	5.83927178506202	5.73242607734244
FN1	ITGA3	R-HSA-8874081	REACTOME_MET_ACTIVATES_PTK2_SIGNALING	2.05887518919338e-30	2.21658996397787e-30	9.24511967017868	2.75754452411437	8.0588644787978e-21	1	2	4	0.000399768713817401	1	0	3.96729180611041	5.65033245421738
WNT5A	LDLR	R-HSA-8964038	REACTOME_LDL_CLEARANCE	2.69096286739079e-30	2.89558816876529e-30	3.71867437883844	2.55762367686529	6.1262227464889e-18	1	4	8	0.0015108928291123	1	0	3.85719962716077	2.96352383260928
CLCF1	CRLF1	R-HSA-6788467	REACTOME_IL_6_TYPE_CYTOKINE_RECEPTOR_LIGAND_INTERACTIONS	4.27249609604116e-30	4.59499059574234e-30	2.11510149025167	3.53093549361668	6.59955109032184e-18	1	2	5	0.000599931189189588	1	0	6.42549536585045	-4.2780600592729
LIF	IL6ST	R-HSA-1059683	REACTOME_INTERLEUKIN_6_SIGNALING	5.85598788373137e-30	6.29472995202342e-30	1.7532837569655	2.21481281597362	2.3204403835606e-12	1	4	8	0.000135144287592301	1	0	-4.60424814239365	6.11148878270518
HSPG2	LRP2	R-HSA-196741	REACTOME_COBALAMIN_CBL_VITAMIN_B12_TRANSPORT_AND_METABOLISM	6.25847895028575e-30	6.72387806099343e-30	4.09583451460777	5.72249204709186	4.85489859759939e-17	1	4	9	0.00340122608341563	1	0	4.83775802276138	-2.26417799144396
IGF2	IGF1R	R-HSA-2428933	REACTOME_SHC_RELATED_EVENTS_TRIGGERED_BY_IGF1R	7.75305507159434e-30	8.32526599683675e-30	18.0532452059045	5.92947905626477	1.54877790044397e-22	1	3	6	0.00762388622278837	1	0	-5.75305615435799	3.65530470112101
LIF	IL6ST	R-HSA-112409	REACTOME_RAF_INDEPENDENT_MAPK1_3_ACTIVATION	9.07377909769302e-30	9.73840395627729e-30	1.7532837569655	2.21481281597362	2.3204403835606e-12	1	4	9	0.000599931189189588	1	0	-4.60424814239365	6.11148878270518
COL18A1	ITGA3	R-HSA-8874081	REACTOME_MET_ACTIVATES_PTK2_SIGNALING	1.02798708806932e-29	1.1027109677836e-29	3.31748124564936	2.75754452411437	4.0237546560315e-20	1	2	4	0.000399768713817401	1	0	-2.93094921873315	5.65033245421738
PKM	CD44	R-HSA-1630316	REACTOME_GLYCOSAMINOGLYCAN_METABOLISM	1.53253961687111e-29	1.64138250308746e-29	1.05288583332511	1.22373754881036	1.69662630180159e-13	1	2	4	2.82654224899187e-06	1	0	0.881267560414777	5.04403416569004
PKM	CD44	R-HSA-2142845	REACTOME_HYALURONAN_METABOLISM	1.53253961687111e-29	1.64138250308746e-29	1.05288583332511	1.22373754881036	1.69662630180159e-13	1	2	4	2.82654224899187e-06	1	0	0.881267560414777	5.04403416569004
PKM	CD44	R-HSA-2160916	REACTOME_HYALURONAN_UPTAKE_AND_DEGRADATION	1.53253961687111e-29	1.64138250308746e-29	1.05288583332511	1.22373754881036	1.69662630180159e-13	1	2	4	2.82654224899187e-06	1	0	0.881267560414777	5.04403416569004
SEMA4D	MET	R-HSA-416550	REACTOME_SEMA4D_MEDIATED_INHIBITION_OF_CELL_ATTACHMENT_AND_MIGRATION	1.54070031328658e-29	1.64926779650263e-29	1.83704509775797	4.11816608001036	9.4134265890396e-17	1	2	5	0.000425389789826091	1	0	4.10629032846076	-6.39088225480639
NECTIN1	NECTIN3	R-HSA-420597	REACTOME_NECTIN_NECL_TRANS_HETERODIMERIZATION	2.7421734447032e-29	2.93388417232357e-29	1.88790295941344	2.48400722595068	1.15806751264489e-14	1	2	5	0.000147523284801755	1	0	0.525478593451262	3.3946399443308
SEMA3A	PLXNA2	R-HSA-399955	REACTOME_SEMA3A_PLEXIN_REPULSION_SIGNALING_BY_INHIBITING_INTEGRIN_ADHESION	2.85924426950833e-29	3.05755624265228e-29	4.99692182362697	4.88798633172083	3.08122923791062e-17	1	4	8	0.00175488707867259	1	0	4.50830056909284	4.9156432815895
SEMA4D	PLXNB1	R-HSA-416550	REACTOME_SEMA4D_MEDIATED_INHIBITION_OF_CELL_ATTACHMENT_AND_MIGRATION	2.97433637024555e-29	3.17898548418381e-29	1.83704509775797	2.38557962661584	1.81727081061539e-16	1	2	5	0.000425389789826091	1	0	4.10629032846076	3.94232095312306
UBB	ERBB2	R-HSA-9634285	REACTOME_CONSTITUTIVE_SIGNALING_BY_OVEREXPRESSED_ERBB2	3.4895056623146e-29	3.72767254309306e-29	1.56324007583564	5.48467664125572	2.15758035293112e-18	1	4	9	0.00762388622278837	1	0	5.83927178506202	5.37025434019213
CDH1	PTPRF	R-HSA-8849932	REACTOME_SYNAPTIC_ADHESION_LIKE_MOLECULES	3.53234383311252e-29	3.77148442336458e-29	14.0529638668967	2.93265016080808	8.26147536738041e-23	1	2	4	0.00475151311902811	1	0	6.06941827582005	-2.52832284368189
CDH1	ERBB3	R-HSA-1358803	REACTOME_DOWNREGULATION_OF_ERBB2_ERBB3_SIGNALING	7.97074528294565e-29	8.50597094760626e-29	14.0529638668967	9.47133900069063	1.0580866130721e-26	1	3	6	0.160296722778536	1	0	6.06941827582005	4.07639206347018
LAMB2	ITGB4	R-HSA-3000157	REACTOME_LAMININ_INTERACTIONS	1.39860646267713e-28	1.49175062049093e-28	12.5087294742221	7.42190860929556	2.6005561485279e-26	1	1	2	0.0733355659372197	1	0	-4.4327218444072	0.000435230421763041
LAMB3	COL17A1	R-HSA-446107	REACTOME_TYPE_I_HEMIDESMOSOME_ASSEMBLY	1.42272109506719e-28	1.51668822621714e-28	1.20907444031088	11.5471101838395	7.04587817715162e-23	1	2	5	0.0253382797452169	1	0	2.59517547975114	6.32959073051544
CTNND1	AMOT	R-HSA-9762292	REACTOME_REGULATION_OF_CDH11_FUNCTION	1.67282718000983e-28	1.78239347803007e-28	4.09598999932096	3.81150512802621	2.37827380491051e-21	1	1	2	0.000265212880159515	1	0	-5.63138257603529	1.21214955198733
CLCF1	LIFR	R-HSA-6788467	REACTOME_IL_6_TYPE_CYTOKINE_RECEPTOR_LIGAND_INTERACTIONS	1.95026651852981e-28	2.07693331303226e-28	2.11510149025167	6.14276526205514	3.01249743462788e-16	1	2	5	0.000599931189189588	1	0	6.42549536585045	0.275385850352184
DCN	MET	R-HSA-8851805	REACTOME_MET_ACTIVATES_RAS_SIGNALING	2.064228840658e-28	2.19716475260145e-28	15.215347949085	4.11816608001036	3.29371225008704e-23	1	4	8	0.0415870309125707	1	0	-5.95640031910379	-6.39088225480639
S100B	APP	R-HSA-622312	REACTOME_INFLAMMASOMES	2.66554311875884e-28	2.83574257639329e-28	4.2249108102541	1.1092665128676	4.28808301832756e-15	1	4	8	0.00102161869308971	1	0	5.19212134952298	-3.96459372498046
CLCF1	IL6ST	R-HSA-110056	REACTOME_MAPK3_ERK1_ACTIVATION	3.35196541702712e-28	3.56415880163563e-28	2.11510149025167	2.21481281597362	2.05592554014523e-13	1	3	7	0.000599931189189588	1	0	6.42549536585045	6.11148878270518
IL6ST	IL27RA	R-HSA-9020956	REACTOME_INTERLEUKIN_27_SIGNALING	5.39367909244615e-28	5.73217129886509e-28	2.21481281597362	1.80644164088181	1.07819418285059e-13	1	3	6	0.000135144287592301	1	0	6.11148878270518	3.94372463251454
UBB	LRP2	R-HSA-196741	REACTOME_COBALAMIN_CBL_VITAMIN_B12_TRANSPORT_AND_METABOLISM	5.87276469691467e-28	6.23811406880499e-28	1.56324007583564	5.72249204709186	4.55568794232031e-15	1	4	9	0.00340122608341563	1	0	5.83927178506202	-2.26417799144396
UBB	FGFR2	R-HSA-5654695	REACTOME_PI_3K_CASCADE_FGFR2	7.93345350924612e-28	8.42266955298175e-28	1.56324007583564	12.7101660798708	4.21956674067272e-23	1	3	7	0.0630616192399774	1	0	5.83927178506202	5.73242607734244
LAMC1	ITGA3	R-HSA-8874081	REACTOME_MET_ACTIVATES_PTK2_SIGNALING	8.08150476149604e-28	8.57544367604048e-28	2.41383536561023	2.75754452411437	3.16326856525826e-18	1	2	4	0.000399768713817401	1	0	1.75120519238021	5.65033245421738
SEMA4D	PLXNB1	R-HSA-9013405	REACTOME_RHOD_GTPASE_CYCLE	1.02326210509731e-27	1.08524615458472e-27	1.83704509775797	2.38557962661584	1.81727081061539e-16	1	1	2	2.37292285914035e-06	1	0	4.10629032846076	3.94232095312306
EFNA1	EPHA2	R-HSA-3928665	REACTOME_EPH_EPHRIN_MEDIATED_REPULSION_OF_CELLS	1.06696241450182e-27	1.13101300582902e-27	13.0321668972634	8.85480057685215	2.21859135927825e-27	1	1	3	0.783472819868996	1	0	7.78945197800163	-4.25222373206742
LAMB1	ITGB4	R-HSA-3000157	REACTOME_LAMININ_INTERACTIONS	1.55855752929662e-27	1.65127172078298e-27	8.31776841205843	7.42190860929556	2.89796770843497e-25	1	1	2	0.0733355659372197	1	0	6.66423855005416	0.000435230421763041
UBB	MET	R-HSA-416550	REACTOME_SEMA4D_MEDIATED_INHIBITION_OF_CELL_ATTACHMENT_AND_MIGRATION	1.78756717011776e-27	1.89293376394838e-27	1.56324007583564	4.11816608001036	1.09217426541477e-14	1	2	5	0.000425389789826091	1	0	5.83927178506202	-6.39088225480639
LIF	LIFR	R-HSA-6788467	REACTOME_IL_6_TYPE_CYTOKINE_RECEPTOR_LIGAND_INTERACTIONS	2.20118729980028e-27	2.32974024661239e-27	1.7532837569655	6.14276526205514	3.40008456832996e-15	1	2	5	0.000599931189189588	1	0	-4.60424814239365	0.275385850352184
UBB	LDLR	R-HSA-8964038	REACTOME_LDL_CLEARANCE	2.35681188226737e-27	2.49317631785171e-27	1.56324007583564	2.55762367686529	5.36549750920251e-15	1	4	8	0.0015108928291123	1	0	5.83927178506202	2.96352383260928
SEMA5A	MET	R-HSA-8851805	REACTOME_MET_ACTIVATES_RAS_SIGNALING	2.91373282906939e-27	3.08074310381646e-27	13.1302189665968	4.11816608001036	4.64919262998353e-22	1	4	8	0.0415870309125707	1	0	-3.36463131492755	-6.39088225480639
EFNA5	EPHA2	R-HSA-3928665	REACTOME_EPH_EPHRIN_MEDIATED_REPULSION_OF_CELLS	2.92435609973698e-27	3.09039370949186e-27	8.4006046829594	8.85480057685215	6.08076825026533e-27	1	1	3	0.783472819868996	1	0	7.60630028186199	-4.25222373206742
LAMA1	ITGB4	R-HSA-3000157	REACTOME_LAMININ_INTERACTIONS	3.5070646115296e-27	3.70429217148269e-27	19.8345033696564	7.42190860929556	6.52100407239671e-25	1	1	2	0.0733355659372197	1	0	-2.13725369701301	0.000435230421763041
LIF	IL6ST	R-HSA-110056	REACTOME_MAPK3_ERK1_ACTIVATION	3.78322841274633e-27	3.99394476276644e-27	1.7532837569655	2.21481281597362	2.3204403835606e-12	1	3	7	0.000599931189189588	1	0	-4.60424814239365	6.11148878270518
LAMA5	ITGB4	R-HSA-3000157	REACTOME_LAMININ_INTERACTIONS	3.83710103593571e-27	4.04874910124779e-27	6.39025679656551	7.42190860929556	7.13467080112369e-25	1	1	2	0.0733355659372197	1	0	-4.04261071031852	0.000435230421763041
NTN1	UNC5C	R-HSA-418886	REACTOME_NETRIN_MEDIATED_REPULSION_SIGNALS	4.23461705483955e-27	4.46591058463425e-27	6.40962636955827	9.03576995515074	1.03888926372519e-23	1	1	3	0.0741449587765924	1	0	3.21483463130154	4.16488677734024
L1CAM	ERBB2	R-HSA-1358803	REACTOME_DOWNREGULATION_OF_ERBB2_ERBB3_SIGNALING	5.68866899998855e-27	5.99632150713079e-27	6.61152480504602	5.48467664125572	7.55149525097075e-25	1	3	6	0.160296722778536	1	0	7.69724325085875	5.37025434019213
LAMC1	ITGB4	R-HSA-446107	REACTOME_TYPE_I_HEMIDESMOSOME_ASSEMBLY	5.80285229075243e-27	6.11356085298037e-27	2.41383536561023	7.42190860929556	2.87380221340684e-21	1	2	5	0.0253382797452169	1	0	1.75120519238021	0.000435230421763041
TNFSF12	TNFRSF12A	R-HSA-5676594	REACTOME_TNF_RECEPTOR_SUPERFAMILY_TNFSF_MEMBERS_MEDIATING_NON_CANONICAL_NF_KB_PATHWAY	7.47466776195687e-27	7.87087848940004e-27	8.71305866963411	2.5562265048904	6.25329851705874e-22	1	3	7	0.0574876481080635	1	0	2.36479248772075	4.57197489366443
IL6ST	CRLF1	R-HSA-6788467	REACTOME_IL_6_TYPE_CYTOKINE_RECEPTOR_LIGAND_INTERACTIONS	8.62067496704284e-27	9.0730078868622e-27	2.21481281597362	3.53093549361668	1.3316006287466e-14	1	2	5	0.000599931189189588	1	0	6.11148878270518	-4.2780600592729
DCN	MET	R-HSA-8865999	REACTOME_MET_ACTIVATES_PTPN11	1.34255021732923e-26	1.41227533044918e-26	15.215347949085	4.11816608001036	3.29371225008704e-23	1	1	3	0.0741449587765924	1	0	-5.95640031910379	-6.39088225480639
LAMB3	ITGA3	R-HSA-8874081	REACTOME_MET_ACTIVATES_PTK2_SIGNALING	2.22472242765891e-26	2.33907202826632e-26	1.20907444031088	2.75754452411437	8.7080249650632e-17	1	2	4	0.000399768713817401	1	0	2.59517547975114	5.65033245421738
L1CAM	ERBB3	R-HSA-1358803	REACTOME_DOWNREGULATION_OF_ERBB2_ERBB3_SIGNALING	5.24106291636942e-26	5.50764800875851e-26	6.61152480504602	9.47133900069063	6.95731492253852e-24	1	3	6	0.160296722778536	1	0	7.69724325085875	4.07639206347018
NID1	ITGA3	R-HSA-8874081	REACTOME_MET_ACTIVATES_PTK2_SIGNALING	1.21999729489094e-25	1.28140031074971e-25	1.51200808588345	2.75754452411437	4.77532242635739e-16	1	2	4	0.000399768713817401	1	0	-6.39088225480639	5.65033245421738
CDH1	EGFR	R-HSA-8857538	REACTOME_PTK6_PROMOTES_HIF1A_STABILIZATION	1.55094137676833e-25	1.6281732136196e-25	14.0529638668967	2.89751774661206	1.12509612679447e-22	1	2	4	0.0714085715012946	1	0	6.06941827582005	6.35694186809355
LAMB3	ITGB4	R-HSA-446107	REACTOME_TYPE_I_HEMIDESMOSOME_ASSEMBLY	1.59744206266346e-25	1.67613778642088e-25	1.20907444031088	7.42190860929556	7.91116558797704e-20	1	2	5	0.0253382797452169	1	0	2.59517547975114	0.000435230421763041
SEMA5A	MET	R-HSA-8865999	REACTOME_MET_ACTIVATES_PTPN11	1.89505764373463e-25	1.98740563043439e-25	13.1302189665968	4.11816608001036	4.64919262998353e-22	1	1	3	0.0741449587765924	1	0	-3.36463131492755	-6.39088225480639
SEMA4D	MET	R-HSA-9022699	REACTOME_MECP2_REGULATES_NEURONAL_RECEPTORS_AND_CHANNELS	2.4135348832125e-25	2.52986457063269e-25	1.83704509775797	4.11816608001036	9.4134265890396e-17	1	3	7	0.0104437296249913	1	0	4.10629032846076	-6.39088225480639
IL6ST	LIFR	R-HSA-6788467	REACTOME_IL_6_TYPE_CYTOKINE_RECEPTOR_LIGAND_INTERACTIONS	3.93507995734159e-25	4.12265476261041e-25	2.21481281597362	6.14276526205514	6.07835809306896e-13	1	2	5	0.000599931189189588	1	0	6.11148878270518	0.275385850352184
EFNA1	EPHA5	R-HSA-3928665	REACTOME_EPH_EPHRIN_MEDIATED_REPULSION_OF_CELLS	7.93767275857203e-25	8.31182560527614e-25	13.0321668972634	7.58581264812505	1.65052226353904e-24	1	1	3	0.783472819868996	1	0	7.78945197800163	5.33701081900847
DCN	EGFR	R-HSA-8857538	REACTOME_PTK6_PROMOTES_HIF1A_STABILIZATION	8.78705947398393e-25	9.19658808168733e-25	15.215347949085	2.89751774661206	6.37437799273358e-22	1	2	4	0.0714085715012946	1	0	-5.95640031910379	6.35694186809355
LAMB2	ITGA3	R-HSA-210991	REACTOME_BASIGIN_INTERACTIONS	1.05313744065624e-24	1.1016617480485e-24	12.5087294742221	2.75754452411437	2.86249954100888e-23	1	1	3	0.332593080075839	1	0	-4.4327218444072	5.65033245421738
EFNA3	EPHA2	R-HSA-3928665	REACTOME_EPH_EPHRIN_MEDIATED_REPULSION_OF_CELLS	1.23893762043477e-24	1.29536696549505e-24	4.32205301980455	8.85480057685215	2.57618849738464e-24	1	1	3	0.783472819868996	1	0	5.17754451207061	-4.25222373206742
SERPINE1	LRP2	R-HSA-9758890	REACTOME_TRANSPORT_OF_RCBL_WITHIN_THE_BODY	1.51784170318351e-24	1.58617145107594e-24	6.28331526418205	5.72249204709186	1.80505435793913e-21	1	1	3	0.0943869745061567	1	0	-6.39088225480639	-2.26417799144396
EFNA5	EPHA5	R-HSA-3928665	REACTOME_EPH_EPHRIN_MEDIATED_REPULSION_OF_CELLS	2.17557633087614e-24	2.27236637997477e-24	8.4006046829594	7.58581264812505	4.52379088853448e-24	1	1	3	0.783472819868996	1	0	7.60630028186199	5.33701081900847
EFNA1	EPHA4	R-HSA-3928665	REACTOME_EPH_EPHRIN_MEDIATED_REPULSION_OF_CELLS	3.32436994718516e-24	3.47051455830447e-24	13.0321668972634	16.9392298425042	6.91253819218457e-24	1	1	3	0.783472819868996	1	0	7.78945197800163	4.14934170896333
DCN	MET	R-HSA-8875513	REACTOME_MET_INTERACTS_WITH_TNS_PROTEINS	3.6434437851079e-24	3.801694373754e-24	15.215347949085	4.11816608001036	3.29371225008704e-23	1	1	2	0.332593080075839	1	0	-5.95640031910379	-6.39088225480639
EFNA5	EPHA4	R-HSA-3928665	REACTOME_EPH_EPHRIN_MEDIATED_REPULSION_OF_CELLS	9.1115126462748e-24	9.50246599051172e-24	8.4006046829594	16.9392298425042	1.89460499753577e-23	1	1	3	0.783472819868996	1	0	7.60630028186199	4.14934170896333
LAMB1	ITGA3	R-HSA-210991	REACTOME_BASIGIN_INTERACTIONS	1.17357908126432e-23	1.22331704434514e-23	8.31776841205843	2.75754452411437	3.18986815183724e-22	1	1	3	0.332593080075839	1	0	6.66423855005416	5.65033245421738
EFNA2	EPHA2	R-HSA-3928665	REACTOME_EPH_EPHRIN_MEDIATED_REPULSION_OF_CELLS	1.25411972690945e-23	1.30661187886783e-23	3.03119036377376	8.85480057685215	2.60775745406255e-23	1	1	3	0.783472819868996	1	0	5.8770030212612	-4.25222373206742
LAMC1	ITGB4	R-HSA-3000157	REACTOME_LAMININ_INTERACTIONS	1.54556107177376e-23	1.60944010800635e-23	2.41383536561023	7.42190860929556	2.87380221340684e-21	1	1	2	0.0733355659372197	1	0	1.75120519238021	0.000435230421763041
TNFSF12	TRAF2	R-HSA-5676594	REACTOME_TNF_RECEPTOR_SUPERFAMILY_TNFSF_MEMBERS_MEDIATING_NON_CANONICAL_NF_KB_PATHWAY	1.96787038365037e-23	2.04817139174895e-23	8.71305866963411	1.15950995895023	1.64631811656911e-18	1	3	7	0.0574876481080635	1	0	2.36479248772075	5.06353195786275
LAMA1	ITGA3	R-HSA-210991	REACTOME_BASIGIN_INTERACTIONS	2.64078648838262e-23	2.74716258056318e-23	19.8345033696564	2.75754452411437	7.17783816154831e-22	1	1	3	0.332593080075839	1	0	-2.13725369701301	5.65033245421738
PTN	PTPRS	R-HSA-8849932	REACTOME_SYNAPTIC_ADHESION_LIKE_MOLECULES	2.65324793125542e-23	2.75873690285541e-23	7.92717388064223	2.011732900985	6.20543850294016e-17	1	2	4	0.00475151311902811	1	0	-1.41052729395478	-5.72152840619353
UBB	MET	R-HSA-9022699	REACTOME_MECP2_REGULATES_NEURONAL_RECEPTORS_AND_CHANNELS	2.8002562756422e-23	2.91012548565231e-23	1.56324007583564	4.11816608001036	1.09217426541477e-14	1	3	7	0.0104437296249913	1	0	5.83927178506202	-6.39088225480639
LAMA5	ITGA3	R-HSA-210991	REACTOME_BASIGIN_INTERACTIONS	2.88930079501401e-23	3.00115406862692e-23	6.39025679656551	2.75754452411437	7.85331703183064e-22	1	1	3	0.332593080075839	1	0	-4.04261071031852	5.65033245421738
COL4A3	ITGA3	R-HSA-210991	REACTOME_BASIGIN_INTERACTIONS	4.96545116222848e-23	5.155086482997e-23	8.59500106905861	2.75754452411437	1.34964356256522e-21	1	1	3	0.332593080075839	1	0	3.59636213159094	5.65033245421738
SEMA5A	MET	R-HSA-8875513	REACTOME_MET_INTERACTS_WITH_TNS_PROTEINS	5.14285119868481e-23	5.33657989778143e-23	13.1302189665968	4.11816608001036	4.64919262998353e-22	1	1	2	0.332593080075839	1	0	-3.36463131492755	-6.39088225480639
L1CAM	EGFR	R-HSA-8857538	REACTOME_PTK6_PROMOTES_HIF1A_STABILIZATION	1.01980191897933e-22	1.0576861268129e-22	6.61152480504602	2.89751774661206	7.39792751891101e-20	1	2	4	0.0714085715012946	1	0	7.69724325085875	6.35694186809355
SEMA4D	ERBB2	R-HSA-1358803	REACTOME_DOWNREGULATION_OF_ERBB2_ERBB3_SIGNALING	1.40087856703094e-22	1.45219022553232e-22	1.83704509775797	5.48467664125572	1.8596138826397e-20	1	3	6	0.160296722778536	1	0	4.10629032846076	5.37025434019213
SEMA3A	PLXNA2	R-HSA-416700	REACTOME_OTHER_SEMAPHORIN_INTERACTIONS	1.66200105792715e-22	1.72201313223545e-22	4.99692182362697	4.88798633172083	3.08122923791062e-17	1	1	3	0.01753755698574	1	0	4.50830056909284	4.9156432815895
THBS1	ITGA3	R-HSA-210991	REACTOME_BASIGIN_INTERACTIONS	1.93987128992488e-22	2.00890931578186e-22	7.11466682191395	2.75754452411437	5.27270274767376e-21	1	1	3	0.332593080075839	1	0	-3.6446101735829	5.65033245421738
EFEMP1	EGFR	R-HSA-8857538	REACTOME_PTK6_PROMOTES_HIF1A_STABILIZATION	2.13908421942056e-22	2.21410220306757e-22	11.0825504472025	2.89751774661206	1.55175134676721e-19	1	2	4	0.0714085715012946	1	0	6.63580333837864	6.35694186809355
FN1	ITGA3	R-HSA-210991	REACTOME_BASIGIN_INTERACTIONS	2.96492341403323e-22	3.06736693710198e-22	9.24511967017868	2.75754452411437	8.0588644787978e-21	1	1	3	0.332593080075839	1	0	3.96729180611041	5.65033245421738
TCN2	LRP2	R-HSA-9758890	REACTOME_TRANSPORT_OF_RCBL_WITHIN_THE_BODY	3.27158884180392e-22	3.38293420779124e-22	6.55836363827325	5.72249204709186	3.8906532110017e-19	1	1	3	0.0943869745061567	1	0	6.82456786242144	-2.26417799144396
LAMB3	ITGB4	R-HSA-3000157	REACTOME_LAMININ_INTERACTIONS	4.25470810346353e-22	4.3973121269413e-22	1.20907444031088	7.42190860929556	7.91116558797704e-20	1	1	2	0.0733355659372197	1	0	2.59517547975114	0.000435230421763041
SEMA4D	MET	R-HSA-8851805	REACTOME_MET_ACTIVATES_RAS_SIGNALING	5.89956413284096e-22	6.09424974922471e-22	1.83704509775797	4.11816608001036	9.4134265890396e-17	1	4	8	0.0415870309125707	1	0	4.10629032846076	-6.39088225480639
TNFSF9	TRAF2	R-HSA-5676594	REACTOME_TNF_RECEPTOR_SUPERFAMILY_TNFSF_MEMBERS_MEDIATING_NON_CANONICAL_NF_KB_PATHWAY	5.90568788010519e-22	6.0975268167403e-22	3.24465487556851	1.15950995895023	4.94069173894698e-17	1	3	7	0.0574876481080635	1	0	2.84326536040046	5.06353195786275
EFNA3	EPHA5	R-HSA-3928665	REACTOME_EPH_EPHRIN_MEDIATED_REPULSION_OF_CELLS	9.2170832501976e-22	9.51173526219193e-22	4.32205301980455	7.58581264812505	1.91655685136618e-21	1	1	3	0.783472819868996	1	0	5.17754451207061	5.33701081900847
COL18A1	ITGA3	R-HSA-210991	REACTOME_BASIGIN_INTERACTIONS	1.48037287677193e-21	1.5269347795361e-21	3.31748124564936	2.75754452411437	4.0237546560315e-20	1	1	3	0.332593080075839	1	0	-2.93094921873315	5.65033245421738
LAMB3	CD151	R-HSA-446107	REACTOME_TYPE_I_HEMIDESMOSOME_ASSEMBLY	1.50408870552781e-21	1.55062238803416e-21	1.20907444031088	2.16464414967756	7.4488428009695e-16	1	2	5	0.0253382797452169	1	0	2.59517547975114	6.83968538959107
CLCF1	IL6ST	R-HSA-112411	REACTOME_MAPK1_ERK2_ACTIVATION	2.42469490526327e-21	2.49846367794211e-21	2.11510149025167	2.21481281597362	2.05592554014523e-13	1	3	7	0.0141890081814349	1	0	6.42549536585045	6.11148878270518
TNC	EGFR	R-HSA-8857538	REACTOME_PTK6_PROMOTES_HIF1A_STABILIZATION	2.96907993081679e-21	3.05788591080133e-21	6.8277048658413	2.89751774661206	2.15385338243132e-18	1	2	4	0.0714085715012946	1	0	-5.58163186833725	6.35694186809355
EFNA3	EPHA4	R-HSA-3928665	REACTOME_EPH_EPHRIN_MEDIATED_REPULSION_OF_CELLS	3.86019876223429e-21	3.97367745031193e-21	4.32205301980455	16.9392298425042	8.02671537683767e-21	1	1	3	0.783472819868996	1	0	5.17754451207061	4.14934170896333
WNT5A	LRP2	R-HSA-9758890	REACTOME_TRANSPORT_OF_RCBL_WITHIN_THE_BODY	4.37394129596517e-21	4.5002802377809e-21	3.71867437883844	5.72249204709186	5.20159762450362e-18	1	1	3	0.0943869745061567	1	0	3.85719962716077	-2.26417799144396
IL6ST	OSMR	R-HSA-6788467	REACTOME_IL_6_TYPE_CYTOKINE_RECEPTOR_LIGAND_INTERACTIONS	7.11745643677393e-21	7.31939522069434e-21	2.21481281597362	3.94128945027331	2.49154479863724e-15	1	1	3	0.0141890081814349	1	0	6.11148878270518	4.93616364521366
EFNA2	EPHA5	R-HSA-3928665	REACTOME_EPH_EPHRIN_MEDIATED_REPULSION_OF_CELLS	9.33003061492559e-21	9.5899717663862e-21	3.03119036377376	7.58581264812505	1.9400425940721e-20	1	1	3	0.783472819868996	1	0	5.8770030212612	5.33701081900847
S100B	APP	R-HSA-844456	REACTOME_THE_NLRP3_INFLAMMASOME	1.0427447132448e-20	1.07126334040962e-20	4.2249108102541	1.1092665128676	4.28808301832756e-15	1	3	7	0.0415778146086239	1	0	5.19212134952298	-3.96459372498046
UBB	ERBB2	R-HSA-1358803	REACTOME_DOWNREGULATION_OF_ERBB2_ERBB3_SIGNALING	1.62534174501743e-20	1.66896423717992e-20	1.56324007583564	5.48467664125572	2.15758035293112e-18	1	3	6	0.160296722778536	1	0	5.83927178506202	5.37025434019213
LIF	IL6ST	R-HSA-112411	REACTOME_MAPK1_ERK2_ACTIVATION	2.73665551894895e-20	2.80870854552833e-20	1.7532837569655	2.21481281597362	2.3204403835606e-12	1	3	7	0.0141890081814349	1	0	-4.60424814239365	6.11148878270518
HSPG2	PTPRS	R-HSA-8849932	REACTOME_SYNAPTIC_ADHESION_LIKE_MOLECULES	2.80923170087397e-20	2.88176399900974e-20	4.09583451460777	2.011732900985	6.57025465088556e-14	1	2	4	0.00475151311902811	1	0	4.83775802276138	-5.72152840619353
SEMA4D	MET	R-HSA-8865999	REACTOME_MET_ACTIVATES_PTPN11	3.83700728944791e-20	3.93412261042153e-20	1.83704509775797	4.11816608001036	9.4134265890396e-17	1	1	3	0.0741449587765924	1	0	4.10629032846076	-6.39088225480639
EFNA2	EPHA4	R-HSA-3928665	REACTOME_EPH_EPHRIN_MEDIATED_REPULSION_OF_CELLS	3.90750215156966e-20	4.00441440731296e-20	3.03119036377376	16.9392298425042	8.12507581523514e-20	1	1	3	0.783472819868996	1	0	5.8770030212612	4.14934170896333
HSPG2	LRP2	R-HSA-9758890	REACTOME_TRANSPORT_OF_RCBL_WITHIN_THE_BODY	4.08240755950241e-20	4.18158354880118e-20	4.09583451460777	5.72249204709186	4.85489859759939e-17	1	1	3	0.0943869745061567	1	0	4.83775802276138	-2.26417799144396
UBB	MET	R-HSA-8851805	REACTOME_MET_ACTIVATES_RAS_SIGNALING	6.84485300024024e-20	7.00766417170284e-20	1.56324007583564	4.11816608001036	1.09217426541477e-14	1	4	8	0.0415870309125707	1	0	5.83927178506202	-6.39088225480639
NID1	PTPRF	R-HSA-8849932	REACTOME_SYNAPTIC_ADHESION_LIKE_MOLECULES	7.43251276526074e-20	7.60553312185671e-20	1.51200808588345	2.93265016080808	1.73832231597445e-13	1	2	4	0.00475151311902811	1	0	-6.39088225480639	-2.52832284368189
LAMC1	ITGA3	R-HSA-210991	REACTOME_BASIGIN_INTERACTIONS	1.16379287164891e-19	1.19029508555775e-19	2.41383536561023	2.75754452411437	3.16326856525826e-18	1	1	3	0.332593080075839	1	0	1.75120519238021	5.65033245421738
WNT5A	LDLR	R-HSA-8964026	REACTOME_CHYLOMICRON_CLEARANCE	1.38904844852073e-19	1.41997728582079e-19	3.71867437883844	2.55762367686529	6.1262227464889e-18	1	1	2	0.15057827066247	1	0	3.85719962716077	2.96352383260928
UBB	ERBB3	R-HSA-1358803	REACTOME_DOWNREGULATION_OF_ERBB2_ERBB3_SIGNALING	1.49745368314717e-19	1.53003922323544e-19	1.56324007583564	9.47133900069063	1.98781373584178e-17	1	3	6	0.160296722778536	1	0	5.83927178506202	4.07639206347018
COL1A1	ITGA1	R-HSA-3000157	REACTOME_LAMININ_INTERACTIONS	5.6608704531648e-19	5.77833910881348e-19	12.9101074672495	1.06937784120538	5.11748759071151e-18	1	1	2	0.332593080075839	1	0	5.35249569933251	-3.20606372686874
COL1A1	ITGA1	R-HSA-416700	REACTOME_OTHER_SEMAPHORIN_INTERACTIONS	5.6608704531648e-19	5.77833910881348e-19	12.9101074672495	1.06937784120538	5.11748759071151e-18	1	1	2	0.332593080075839	1	0	5.35249569933251	-3.20606372686874
KITLG	EPOR	R-HSA-9027283	REACTOME_ERYTHROPOIETIN_ACTIVATES_STAT5	1.1350715805466e-18	1.15805327674532e-18	1.17010811298402	2.58820160929814	5.66504088588176e-12	1	2	5	0.0141890081814349	1	0	8.52156155095549	7.07270395721462
COL1A2	ITGA1	R-HSA-3000157	REACTOME_LAMININ_INTERACTIONS	1.39299185484133e-18	1.41979337548209e-18	16.249300289467	1.06937784120538	1.25927957371421e-17	1	1	2	0.332593080075839	1	0	3.18442633530028	-3.20606372686874
COL1A2	ITGA1	R-HSA-416700	REACTOME_OTHER_SEMAPHORIN_INTERACTIONS	1.39299185484133e-18	1.41979337548209e-18	16.249300289467	1.06937784120538	1.25927957371421e-17	1	1	2	0.332593080075839	1	0	3.18442633530028	-3.20606372686874
COL4A5	ITGA1	R-HSA-3000157	REACTOME_LAMININ_INTERACTIONS	2.0683433457354e-18	2.10606079462264e-18	8.63911500522914	1.06937784120538	1.8698045632212e-17	1	1	2	0.332593080075839	1	0	4.94978495547464	-3.20606372686874
COL4A5	ITGA1	R-HSA-416700	REACTOME_OTHER_SEMAPHORIN_INTERACTIONS	2.0683433457354e-18	2.10606079462264e-18	8.63911500522914	1.06937784120538	1.8698045632212e-17	1	1	2	0.332593080075839	1	0	4.94978495547464	-3.20606372686874
ANXA1	EGFR	R-HSA-8857538	REACTOME_PTK6_PROMOTES_HIF1A_STABILIZATION	2.38250738115297e-18	2.42475874357736e-18	2.36495705120345	2.89751774661206	1.72833729678414e-15	1	2	4	0.0714085715012946	1	0	5.26706875945552	6.35694186809355
LAMB3	ITGA3	R-HSA-210991	REACTOME_BASIGIN_INTERACTIONS	3.20375496781568e-18	3.25896492540975e-18	1.20907444031088	2.75754452411437	8.7080249650632e-17	1	1	3	0.332593080075839	1	0	2.59517547975114	5.65033245421738
COL5A2	ITGA1	R-HSA-3000157	REACTOME_LAMININ_INTERACTIONS	3.53638464710334e-18	3.59378784107993e-18	8.65450559489796	1.06937784120538	3.19692964134454e-17	1	1	2	0.332593080075839	1	0	4.71972607502025	-3.20606372686874
COL5A2	ITGA1	R-HSA-416700	REACTOME_OTHER_SEMAPHORIN_INTERACTIONS	3.53638464710334e-18	3.59378784107993e-18	8.65450559489796	1.06937784120538	3.19692964134454e-17	1	1	2	0.332593080075839	1	0	4.71972607502025	-3.20606372686874
EFNB2	EPHA4	R-HSA-3928665	REACTOME_EPH_EPHRIN_MEDIATED_REPULSION_OF_CELLS	3.71280209683435e-18	3.77121392923292e-18	1.89080003650529	16.9392298425042	7.72022569754055e-18	1	1	3	0.783472819868996	1	0	-3.10154050773403	4.14934170896333
UBB	LRP2	R-HSA-9758890	REACTOME_TRANSPORT_OF_RCBL_WITHIN_THE_BODY	3.83080604477685e-18	3.88916230393562e-18	1.56324007583564	5.72249204709186	4.55568794232031e-15	1	1	3	0.0943869745061567	1	0	5.83927178506202	-2.26417799144396
UBB	MET	R-HSA-8865999	REACTOME_MET_ACTIVATES_PTPN11	4.4518120772549e-18	4.51740852240109e-18	1.56324007583564	4.11816608001036	1.09217426541477e-14	1	1	3	0.0741449587765924	1	0	5.83927178506202	-6.39088225480639
COL16A1	ITGA1	R-HSA-3000157	REACTOME_LAMININ_INTERACTIONS	6.33755409597478e-18	6.42462549670456e-18	10.9159881411726	1.06937784120538	5.72921685983505e-17	1	1	2	0.332593080075839	1	0	4.29305359730917	-3.20606372686874
COL16A1	ITGA1	R-HSA-416700	REACTOME_OTHER_SEMAPHORIN_INTERACTIONS	6.33755409597478e-18	6.42462549670456e-18	10.9159881411726	1.06937784120538	5.72921685983505e-17	1	1	2	0.332593080075839	1	0	4.29305359730917	-3.20606372686874
SEMA4D	MET	R-HSA-8875513	REACTOME_MET_INTERACTS_WITH_TNS_PROTEINS	1.04129589952794e-17	1.05508451614749e-17	1.83704509775797	4.11816608001036	9.4134265890396e-17	1	1	2	0.332593080075839	1	0	4.10629032846076	-6.39088225480639
IL6ST	IL11RA	R-HSA-6788467	REACTOME_IL_6_TYPE_CYTOKINE_RECEPTOR_LIGAND_INTERACTIONS	1.174734608971e-17	1.18970671673239e-17	2.21481281597362	1.40217062353554	4.11228917347263e-12	1	1	3	0.0141890081814349	1	0	6.11148878270518	4.02749604393567
NID1	ITGA3	R-HSA-210991	REACTOME_BASIGIN_INTERACTIONS	1.75688092394589e-17	1.77840077847732e-17	1.51200808588345	2.75754452411437	4.77532242635739e-16	1	1	3	0.332593080075839	1	0	-6.39088225480639	5.65033245421738
COL5A1	ITGA1	R-HSA-3000157	REACTOME_LAMININ_INTERACTIONS	6.61079322924395e-17	6.6852172352511e-17	22.6239327382813	1.06937784120538	5.97622796623123e-16	1	1	2	0.332593080075839	1	0	4.34420548048338	-3.20606372686874
COL5A1	ITGA1	R-HSA-416700	REACTOME_OTHER_SEMAPHORIN_INTERACTIONS	6.61079322924395e-17	6.6852172352511e-17	22.6239327382813	1.06937784120538	5.97622796623123e-16	1	1	2	0.332593080075839	1	0	4.34420548048338	-3.20606372686874
LAMB1	ITGA1	R-HSA-3000157	REACTOME_LAMININ_INTERACTIONS	7.70848780319255e-17	7.78764586865321e-17	8.31776841205843	1.06937784120538	6.96855563156984e-16	1	1	2	0.332593080075839	1	0	6.66423855005416	-3.20606372686874
LAMB1	ITGA1	R-HSA-416700	REACTOME_OTHER_SEMAPHORIN_INTERACTIONS	7.70848780319255e-17	7.78764586865321e-17	8.31776841205843	1.06937784120538	6.96855563156984e-16	1	1	2	0.332593080075839	1	0	6.66423855005416	-3.20606372686874
UBB	LDLR	R-HSA-8964026	REACTOME_CHYLOMICRON_CLEARANCE	1.21656301102846e-16	1.22845512257321e-16	1.56324007583564	2.55762367686529	5.36549750920251e-15	1	1	2	0.15057827066247	1	0	5.83927178506202	2.96352383260928
COL4A6	ITGA1	R-HSA-3000157	REACTOME_LAMININ_INTERACTIONS	1.41217087736304e-16	1.42458253546487e-16	9.06481417009132	1.06937784120538	1.27661761572892e-15	1	1	2	0.332593080075839	1	0	0.369504896559084	-3.20606372686874
COL4A6	ITGA1	R-HSA-416700	REACTOME_OTHER_SEMAPHORIN_INTERACTIONS	1.41217087736304e-16	1.42458253546487e-16	9.06481417009132	1.06937784120538	1.27661761572892e-15	1	1	2	0.332593080075839	1	0	0.369504896559084	-3.20606372686874
LAMA1	ITGA1	R-HSA-3000157	REACTOME_LAMININ_INTERACTIONS	1.73456316336201e-16	1.74810121731995e-16	19.8345033696564	1.06937784120538	1.56806369925808e-15	1	1	2	0.332593080075839	1	0	-2.13725369701301	-3.20606372686874
LAMA1	ITGA1	R-HSA-416700	REACTOME_OTHER_SEMAPHORIN_INTERACTIONS	1.73456316336201e-16	1.74810121731995e-16	19.8345033696564	1.06937784120538	1.56806369925808e-15	1	1	2	0.332593080075839	1	0	-2.13725369701301	-3.20606372686874
COL4A3	ITGA1	R-HSA-3000157	REACTOME_LAMININ_INTERACTIONS	3.26148619487585e-16	3.28373805000658e-16	8.59500106905861	1.06937784120538	2.94841849281729e-15	1	1	2	0.332593080075839	1	0	3.59636213159094	-3.20606372686874
COL4A3	ITGA1	R-HSA-416700	REACTOME_OTHER_SEMAPHORIN_INTERACTIONS	3.26148619487585e-16	3.28373805000658e-16	8.59500106905861	1.06937784120538	2.94841849281729e-15	1	1	2	0.332593080075839	1	0	3.59636213159094	-3.20606372686874
S100B	APP	R-HSA-879415	REACTOME_ADVANCED_GLYCOSYLATION_ENDPRODUCT_RECEPTOR_SIGNALING	4.92222766311323e-16	4.95339617729758e-16	4.2249108102541	1.1092665128676	4.28808301832756e-15	1	2	4	0.337432626357413	1	0	5.19212134952298	-3.96459372498046
UBB	MET	R-HSA-8875513	REACTOME_MET_INTERACTS_WITH_TNS_PROTEINS	1.20814304269448e-15	1.21520132726718e-15	1.56324007583564	4.11816608001036	1.09217426541477e-14	1	1	2	0.332593080075839	1	0	5.83927178506202	-6.39088225480639
COL4A1	ITGA1	R-HSA-3000157	REACTOME_LAMININ_INTERACTIONS	1.21596241160066e-15	1.22187662566486e-15	4.74562400406375	1.06937784120538	1.09924305875241e-14	1	1	2	0.332593080075839	1	0	-3.11998527946727	-3.20606372686874
COL4A1	ITGA1	R-HSA-416700	REACTOME_OTHER_SEMAPHORIN_INTERACTIONS	1.21596241160066e-15	1.22187662566486e-15	4.74562400406375	1.06937784120538	1.09924305875241e-14	1	1	2	0.332593080075839	1	0	-3.11998527946727	-3.20606372686874
COL8A1	ITGA1	R-HSA-3000157	REACTOME_LAMININ_INTERACTIONS	3.94075144120297e-15	3.95607020287918e-15	7.34157831085518	1.06937784120538	3.56248155920264e-14	1	1	2	0.332593080075839	1	0	-5.85058866522127	-3.20606372686874
COL8A1	ITGA1	R-HSA-416700	REACTOME_OTHER_SEMAPHORIN_INTERACTIONS	3.94075144120297e-15	3.95607020287918e-15	7.34157831085518	1.06937784120538	3.56248155920264e-14	1	1	2	0.332593080075839	1	0	-5.85058866522127	-3.20606372686874
SORBS1	ITGA1	R-HSA-3000157	REACTOME_LAMININ_INTERACTIONS	2.13535933591104e-14	2.14157882912244e-14	4.76887395049625	1.06937784120538	1.93038773694696e-13	1	1	2	0.332593080075839	1	0	-4.81009457132471	-3.20606372686874
SORBS1	ITGA1	R-HSA-416700	REACTOME_OTHER_SEMAPHORIN_INTERACTIONS	2.13535933591104e-14	2.14157882912244e-14	4.76887395049625	1.06937784120538	1.93038773694696e-13	1	1	2	0.332593080075839	1	0	-4.81009457132471	-3.20606372686874
COL2A1	ITGA1	R-HSA-3000157	REACTOME_LAMININ_INTERACTIONS	7.39698517544052e-14	7.4113343222406e-14	14.3588246029563	1.06937784120538	6.68695391586483e-13	1	1	2	0.332593080075839	1	0	4.87453470539196	-3.20606372686874
COL2A1	ITGA1	R-HSA-416700	REACTOME_OTHER_SEMAPHORIN_INTERACTIONS	7.39698517544052e-14	7.4113343222406e-14	14.3588246029563	1.06937784120538	6.68695391586483e-13	1	1	2	0.332593080075839	1	0	4.87453470539196	-3.20606372686874
LAMC1	ITGA1	R-HSA-3000157	REACTOME_LAMININ_INTERACTIONS	7.64420847283967e-13	7.65161565159242e-13	2.41383536561023	1.06937784120538	6.91044642766884e-12	1	1	2	0.332593080075839	1	0	1.75120519238021	-3.20606372686874
LAMC1	ITGA1	R-HSA-416700	REACTOME_OTHER_SEMAPHORIN_INTERACTIONS	7.64420847283967e-13	7.65161565159242e-13	2.41383536561023	1.06937784120538	6.91044642766884e-12	1	1	2	0.332593080075839	1	0	1.75120519238021	-3.20606372686874
COL4A4	ITGA1	R-HSA-3000157	REACTOME_LAMININ_INTERACTIONS	8.92670480629162e-12	8.92670480629162e-12	2.40348737446135	1.06937784120538	8.06983686521262e-11	1	1	2	0.332593080075839	1	0	0.348341817117918	-3.20606372686874
COL4A4	ITGA1	R-HSA-416700	REACTOME_OTHER_SEMAPHORIN_INTERACTIONS	8.92670480629162e-12	8.92670480629162e-12	2.40348737446135	1.06937784120538	8.06983686521262e-11	1	1	2	0.332593080075839	1	0	0.348341817117918	-3.20606372686874
