L	R	pw.id	pw.name	pval	qval	L.logFC	R.logFC	LR.pval	LR.corr	rank	len	rank.pval	rank.corr	LR.score	L.expr	R.expr
ADAM28	ITGA4	R-HSA-1474244	REACTOME_EXTRACELLULAR_MATRIX_ORGANIZATION	9.88131291682493e-324	5.89914381134448e-321	12.7122795460957	17.7737760861523	8.89390135757856e-21	1	42	78	1.6124244772497e-09	1	0	-5.55252127354411	-6.2406795308802
ITGB2	ITGAL	R-HSA-1474244	REACTOME_EXTRACELLULAR_MATRIX_ORGANIZATION	3.31928122845525e-319	9.90805471397173e-317	12.3368834303179	11.8805882496855	4.44895704489446e-20	1	43	79	2.00866322060763e-09	1	0	1.04431899592698	3.74776733530122
GNAS	ADCY1	R-HSA-9006925	REACTOME_INTRACELLULAR_SIGNALING_BY_SECOND_MESSENGERS	1.51642086481116e-318	2.21244439072569e-316	3.40619783913545	9.56995624577153	6.85377830993325e-18	1	86	158	1.7742297158164e-05	1	0	4.1914671301087	4.99454287731042
GNAS	ADCY8	R-HSA-9006925	REACTOME_INTRACELLULAR_SIGNALING_BY_SECOND_MESSENGERS	1.88932679232276e-318	2.21244439072569e-316	3.40619783913545	13.441220411549	8.53919170581534e-18	1	86	158	1.7742297158164e-05	1	0	4.1914671301087	4.9837220378414
MMP9	ITGB2	R-HSA-1474244	REACTOME_EXTRACELLULAR_MATRIX_ORGANIZATION	2.22356220173436e-318	2.21244439072569e-316	14.7218489488995	12.3368834303179	5.80787200688917e-23	1	43	79	2.53037011113963e-09	1	0	5.96647787249181	1.04431899592698
SPP1	ITGA4	R-HSA-1474244	REACTOME_EXTRACELLULAR_MATRIX_ORGANIZATION	2.17614178104652e-318	2.21244439072569e-316	2.21220725727801	17.7737760861523	1.86253642647096e-15	1	42	78	1.6124244772497e-09	1	0	-0.939022131345595	-6.2406795308802
ICAM3	ITGAL	R-HSA-1474244	REACTOME_EXTRACELLULAR_MATRIX_ORGANIZATION	3.87659715827709e-318	3.30618359759056e-316	6.44589507955832	11.8805882496855	5.19593781520056e-19	1	43	79	2.00866322060763e-09	1	0	3.34286849232053	3.74776733530122
ICAM5	ITGAL	R-HSA-1474244	REACTOME_EXTRACELLULAR_MATRIX_ORGANIZATION	2.01502796206898e-317	1.50371461792914e-315	4.08467800051156	11.8805882496855	2.70081369143628e-18	1	43	79	2.00866322060763e-09	1	0	-1.98234956614577	3.74776733530122
ICAM2	ITGAL	R-HSA-1474244	REACTOME_EXTRACELLULAR_MATRIX_ORGANIZATION	6.0091040496142e-317	3.98603901793054e-315	5.82596101081349	11.8805882496855	8.05421602098165e-18	1	43	79	2.00866322060763e-09	1	0	4.29045756907541	3.74776733530122
ICAM3	ITGB2	R-HSA-1474244	REACTOME_EXTRACELLULAR_MATRIX_ORGANIZATION	1.38225012532454e-316	8.25203324917565e-315	6.44589507955832	12.3368834303179	3.6103895157864e-21	1	43	79	2.53037011113963e-09	1	0	3.34286849232053	1.04431899592698
ICAM5	ITGB2	R-HSA-1474244	REACTOME_EXTRACELLULAR_MATRIX_ORGANIZATION	7.18484347993904e-316	3.89941050706422e-314	4.08467800051156	12.3368834303179	1.87665630006727e-20	1	43	79	2.53037011113963e-09	1	0	-1.98234956614577	1.04431899592698
C3	ITGB2	R-HSA-1474244	REACTOME_EXTRACELLULAR_MATRIX_ORGANIZATION	1.27003772339285e-315	6.31843767400295e-314	6.19331696315365	12.3368834303179	3.3172946573993e-20	1	43	79	2.53037011113963e-09	1	0	1.46898344991115	1.04431899592698
YWHAZ	CSF2RB	R-HSA-5683057	REACTOME_MAPK_FAMILY_SIGNALING_CASCADES	1.98332665985938e-315	9.10804627654516e-314	2.14063456809179	8.57635899760438	5.67472350083986e-18	1	73	134	3.74151745832083e-06	1	0	1.51893619520169	4.97683137445816
ICAM2	ITGB2	R-HSA-1474244	REACTOME_EXTRACELLULAR_MATRIX_ORGANIZATION	2.14262397238013e-315	9.13676079629497e-314	5.82596101081349	12.3368834303179	5.59645979498863e-20	1	43	79	2.53037011113963e-09	1	0	4.29045756907541	1.04431899592698
VEGFA	RET	R-HSA-5683057	REACTOME_MAPK_FAMILY_SIGNALING_CASCADES	5.18134746952504e-315	2.0621762928512e-313	1.70299899440925	6.39165593365013	1.4824947838243e-17	1	73	134	3.74151745832083e-06	1	0	-6.2406795308802	5.23784421453772
ITGAM	ITGB2	R-HSA-1474244	REACTOME_EXTRACELLULAR_MATRIX_ORGANIZATION	9.58458276674695e-315	3.57624744483937e-313	16.3485734032423	12.3368834303179	2.50345990551201e-19	1	43	79	2.53037011113963e-09	1	0	-5.7325311973305	1.04431899592698
FYN	KIT	R-HSA-9006925	REACTOME_INTRACELLULAR_SIGNALING_BY_SECOND_MESSENGERS	1.37570129012957e-314	4.83113923650514e-313	1.02015240608861	12.0543120571603	2.38768898074224e-18	1	86	157	1.7742297158164e-05	1	0	-6.06156477921816	3.46365333634525
TGFB1	ITGB5	R-HSA-1474244	REACTOME_EXTRACELLULAR_MATRIX_ORGANIZATION	2.67395885844346e-314	8.86863021383747e-313	2.75886927954244	1.05169398977522	6.74133748564782e-15	1	42	78	2.00866322060763e-09	1	0	4.89276122538328	-5.79890262089519
TGFB1	SDC2	R-HSA-1474244	REACTOME_EXTRACELLULAR_MATRIX_ORGANIZATION	8.36974560568695e-314	2.62986217189398e-312	2.75886927954244	7.51615383509721	2.26375605970946e-20	1	42	78	2.91235471347927e-09	1	0	4.89276122538328	-4.65646412220502
SPP1	ITGB5	R-HSA-1474244	REACTOME_EXTRACELLULAR_MATRIX_ORGANIZATION	1.44508608668012e-311	4.31358196874014e-310	2.21220725727801	1.05169398977522	3.64321723793164e-12	1	42	78	2.00866322060763e-09	1	0	-0.939022131345595	-5.79890262089519
TGFB3	ITGB5	R-HSA-1474244	REACTOME_EXTRACELLULAR_MATRIX_ORGANIZATION	1.77367000991206e-311	5.04229045675001e-310	1.52627286823427	1.05169398977522	4.47161260085129e-12	1	42	78	2.00866322060763e-09	1	0	-3.06089638891397	-5.79890262089519
MMP9	ITGAM	R-HSA-1474244	REACTOME_EXTRACELLULAR_MATRIX_ORGANIZATION	4.40573115335614e-311	1.19555522661528e-309	14.7218489488995	16.3485734032423	4.70337222297883e-20	1	42	77	2.00866322060763e-09	1	0	5.96647787249181	-5.7325311973305
FYN	KIT	R-HSA-5683057	REACTOME_MAPK_FAMILY_SIGNALING_CASCADES	1.03196850710434e-310	2.67863129887518e-309	1.02015240608861	12.0543120571603	2.38768898074224e-18	1	73	133	3.74151745832083e-06	1	0	-6.06156477921816	3.46365333634525
ITGB2	ITGAM	R-HSA-1474244	REACTOME_EXTRACELLULAR_MATRIX_ORGANIZATION	2.34503474826135e-310	5.83327393630012e-309	12.3368834303179	16.3485734032423	2.50345990551201e-19	1	42	77	2.00866322060763e-09	1	0	1.04431899592698	-5.7325311973305
NRG1	ERBB4	R-HSA-9006925	REACTOME_INTRACELLULAR_SIGNALING_BY_SECOND_MESSENGERS	6.49358646095319e-310	1.55066844687562e-308	9.32017664817934	6.46078034964051	6.56035709135477e-19	1	85	155	1.83784960760438e-05	1	0	3.88034384524645	4.41072532279917
TLN1	ITGB5	R-HSA-1474244	REACTOME_EXTRACELLULAR_MATRIX_ORGANIZATION	6.86377164730375e-310	1.57602756670782e-308	1.94165305389488	1.05169398977522	1.73043055449613e-10	1	42	78	2.00866322060763e-09	1	0	-0.242423885978752	-5.79890262089519
ADAM17	ITGA5	R-HSA-1474244	REACTOME_EXTRACELLULAR_MATRIX_ORGANIZATION	2.08788586262849e-309	4.61654762958967e-308	1.55631472933652	2.78879934520925	6.07430460914042e-15	1	42	77	1.6124244772497e-09	1	0	6.84087758851854	6.42138509010675
TGFB1	ITGB8	R-HSA-1474244	REACTOME_EXTRACELLULAR_MATRIX_ORGANIZATION	3.34803763086405e-309	7.13849452009228e-308	2.75886927954244	1.34528235401435	9.05540124187929e-16	1	42	78	2.91235471347927e-09	1	0	4.89276122538328	4.51491433101541
COL9A2	ITGA2	R-HSA-1474244	REACTOME_EXTRACELLULAR_MATRIX_ORGANIZATION	1.20977556952539e-308	2.49046901726433e-307	7.52060459482562	1.1346304978884	3.519610649953e-14	1	42	77	1.6124244772497e-09	1	0	1.6202126935543	-0.180499601866657
C3	ITGAM	R-HSA-1474244	REACTOME_EXTRACELLULAR_MATRIX_ORGANIZATION	2.51643087169108e-308	5.00769743466524e-307	6.19331696315365	16.3485734032423	2.68643515706624e-17	1	42	77	2.00866322060763e-09	1	0	1.46898344991115	-5.7325311973305
SPP1	ITGA5	R-HSA-1474244	REACTOME_EXTRACELLULAR_MATRIX_ORGANIZATION	2.70654366950062e-308	5.21227926029636e-307	2.21220725727801	2.78879934520925	7.87417117992756e-14	1	42	77	1.6124244772497e-09	1	0	-0.939022131345595	6.42138509010675
ADAM15	ITGA5	R-HSA-1474244	REACTOME_EXTRACELLULAR_MATRIX_ORGANIZATION	3.63439354537509e-308	6.7804154580904e-307	1.03646729567784	2.78879934520925	1.05735729424929e-13	1	42	77	1.6124244772497e-09	1	0	-6.2406795308802	6.42138509010675
ICAM2	ITGAM	R-HSA-1474244	REACTOME_EXTRACELLULAR_MATRIX_ORGANIZATION	4.24535823758514e-308	7.68023899344949e-307	5.82596101081349	16.3485734032423	4.5321648816545e-17	1	42	77	2.00866322060763e-09	1	0	4.29045756907541	-5.7325311973305
MMP7	ERBB4	R-HSA-9006925	REACTOME_INTRACELLULAR_SIGNALING_BY_SECOND_MESSENGERS	1.04714669917009e-307	1.83866641001336e-306	4.73135537759719	6.46078034964051	1.05791403793534e-16	1	85	155	1.83784960760438e-05	1	0	-3.81424458751365	4.41072532279917
UBC	ERBB4	R-HSA-9006925	REACTOME_INTRACELLULAR_SIGNALING_BY_SECOND_MESSENGERS	1.83366629357883e-307	3.12771079219018e-306	3.72147799813483	6.46078034964051	1.85252105975537e-16	1	85	155	1.83784960760438e-05	1	0	8.0244868049102	4.41072532279917
HBEGF	ERBB4	R-HSA-9006925	REACTOME_INTRACELLULAR_SIGNALING_BY_SECOND_MESSENGERS	2.59035982119885e-307	4.29568003682142e-306	3.30168227086631	6.46078034964051	2.61699532675012e-16	1	85	155	1.83784960760438e-05	1	0	1.31124413699656	4.41072532279917
TGFB3	ITGB8	R-HSA-1474244	REACTOME_EXTRACELLULAR_MATRIX_ORGANIZATION	2.2207948037269e-306	3.58328242655394e-305	1.52627286823427	1.34528235401435	6.006559734646e-13	1	42	78	2.91235471347927e-09	1	0	-3.06089638891397	4.51491433101541
ADAM17	ERBB4	R-HSA-9006925	REACTOME_INTRACELLULAR_SIGNALING_BY_SECOND_MESSENGERS	2.89229803946211e-306	4.54395244620758e-305	1.55631472933652	6.46078034964051	2.92203823997617e-15	1	85	155	1.83784960760438e-05	1	0	6.84087758851854	4.41072532279917
COL7A1	ITGA2	R-HSA-1474244	REACTOME_EXTRACELLULAR_MATRIX_ORGANIZATION	1.44084252321314e-305	2.20559740091858e-304	2.05090696553428	1.1346304978884	4.19185576015196e-11	1	42	77	1.6124244772497e-09	1	0	10.0672710018066	-0.180499601866657
NRG1	ERBB4	R-HSA-5683057	REACTOME_MAPK_FAMILY_SIGNALING_CASCADES	1.00407972011728e-304	1.49858898227503e-303	9.32017664817934	6.46078034964051	6.56035709135477e-19	1	72	131	3.99742749817429e-06	1	0	3.88034384524645	4.41072532279917
MMP7	ERBB4	R-HSA-5683057	REACTOME_MAPK_FAMILY_SIGNALING_CASCADES	1.61916495752656e-302	2.35766214547159e-301	4.73135537759719	6.46078034964051	1.05791403793534e-16	1	72	131	3.99742749817429e-06	1	0	-3.81424458751365	4.41072532279917
UBC	ERBB4	R-HSA-5683057	REACTOME_MAPK_FAMILY_SIGNALING_CASCADES	2.83533167674934e-302	4.03022145480798e-301	3.72147799813483	6.46078034964051	1.85252105975537e-16	1	72	131	3.99742749817429e-06	1	0	8.0244868049102	4.41072532279917
HBEGF	ERBB4	R-HSA-5683057	REACTOME_MAPK_FAMILY_SIGNALING_CASCADES	4.00537943078467e-302	5.56095702367081e-301	3.30168227086631	6.46078034964051	2.61699532675012e-16	1	72	131	3.99742749817429e-06	1	0	1.31124413699656	4.41072532279917
ADAM17	ERBB4	R-HSA-5683057	REACTOME_MAPK_FAMILY_SIGNALING_CASCADES	4.47225554540868e-301	6.06803763774768e-300	1.55631472933652	6.46078034964051	2.92203823997617e-15	1	72	131	3.99742749817429e-06	1	0	6.84087758851854	4.41072532279917
UBC	TLR4	R-HSA-983169	REACTOME_CLASS_I_MHC_MEDIATED_ANTIGEN_PROCESSING_PRESENTATION	1.31793887634688e-295	1.74846557595352e-294	3.72147799813483	5.03070304126681	2.30228873878473e-18	1	91	167	5.82306866017289e-05	1	0	8.0244868049102	4.52038483304017
TGFB1	SDC2	R-HSA-9694516	REACTOME_SARS_COV_2_INFECTION	1.04120252729255e-269	1.35129980172534e-268	2.75886927954244	7.51615383509721	2.26375605970946e-20	1	78	142	3.37185106625795e-05	1	0	4.89276122538328	-4.65646412220502
VEGFA	NRP1	R-HSA-9694516	REACTOME_SARS_COV_2_INFECTION	6.4447366338481e-263	8.18618674554748e-262	1.70299899440925	1.03115643751621	1.40119825160643e-13	1	78	142	3.37185106625795e-05	1	0	-6.2406795308802	-2.90768596206382
FYN	NRP1	R-HSA-9694516	REACTOME_SARS_COV_2_INFECTION	4.71243791556043e-261	5.86109465747829e-260	1.02015240608861	1.03115643751621	1.02456626907103e-11	1	78	142	3.37185106625795e-05	1	0	-6.06156477921816	-2.90768596206382
RPS19	C5AR1	R-HSA-418594	REACTOME_G_ALPHA_I_SIGNALLING_EVENTS	9.3063858398108e-261	1.13385966252389e-259	7.09294243707184	14.0215170459689	3.00336026180257e-23	1	40	74	4.05920689107633e-08	1	0	7.19357845992674	5.61226049489532
C5	C5AR1	R-HSA-418594	REACTOME_G_ALPHA_I_SIGNALLING_EVENTS	1.61212809878628e-260	1.92488094995082e-259	8.20096185587658	14.0215170459689	5.20266573100572e-23	1	40	74	4.05920689107633e-08	1	0	9.52053004325588	5.61226049489532
CXCL13	CXCR5	R-HSA-418594	REACTOME_G_ALPHA_I_SIGNALLING_EVENTS	5.67328155187129e-260	6.64107664013168e-259	16.5781978920175	8.80396563371875	2.72162726115963e-18	1	40	74	3.08486656913608e-08	1	0	3.9070934479228	-4.66072585156622
GNAS	ADCY1	R-HSA-418594	REACTOME_G_ALPHA_I_SIGNALLING_EVENTS	1.42868256066014e-259	1.64023747829636e-258	3.40619783913545	9.56995624577153	6.85377830993325e-18	1	40	74	3.08486656913608e-08	1	0	4.1914671301087	4.99454287731042
GNAS	ADCY8	R-HSA-418594	REACTOME_G_ALPHA_I_SIGNALLING_EVENTS	1.78001005001151e-259	2.0050301884092e-258	3.40619783913545	13.441220411549	8.53919170581534e-18	1	40	74	3.08486656913608e-08	1	0	4.1914671301087	4.9837220378414
C3	C3AR1	R-HSA-9658195	REACTOME_LEISHMANIA_INFECTION	1.97700702744092e-258	2.18569110255968e-257	6.19331696315365	4.25081734614563	1.88078556986582e-19	1	49	90	4.92777328111272e-07	1	0	1.46898344991115	7.25225818968644
FARP2	NRP1	R-HSA-9694516	REACTOME_SARS_COV_2_INFECTION	2.63793193085292e-258	2.86335520494399e-257	1.25256168248729	1.03115643751621	5.73532452816597e-09	1	78	142	3.37185106625795e-05	1	0	5.64334320570093	-2.90768596206382
C3	C3AR1	R-HSA-418594	REACTOME_G_ALPHA_I_SIGNALLING_EVENTS	5.82791096284086e-257	6.21296936574284e-256	6.19331696315365	4.25081734614563	1.88078556986582e-19	1	40	74	4.05920689107633e-08	1	0	1.46898344991115	7.25225818968644
GNAS	ADCY1	R-HSA-9658195	REACTOME_LEISHMANIA_INFECTION	7.20441931305696e-257	7.54568128051755e-256	3.40619783913545	9.56995624577153	6.85377830993325e-18	1	49	90	4.92777328111272e-07	1	0	4.1914671301087	4.99454287731042
GNAS	ADCY8	R-HSA-9658195	REACTOME_LEISHMANIA_INFECTION	8.97605887749687e-257	9.23915025838902e-256	3.40619783913545	13.441220411549	8.53919170581534e-18	1	49	90	4.92777328111272e-07	1	0	4.1914671301087	4.9837220378414
GDF11	ACVR2A	R-HSA-9006936	REACTOME_SIGNALING_BY_TGFB_FAMILY_MEMBERS	1.13030825037924e-253	1.14371868724815e-252	1.81051813293519	2.14382479033917	1.37004025155265e-15	1	56	103	2.62501829611595e-06	1	0	-6.2406795308802	-3.35018620942279
GDF11	ACVR1B	R-HSA-9006936	REACTOME_SIGNALING_BY_TGFB_FAMILY_MEMBERS	4.54878822418773e-253	4.52604428306679e-252	1.81051813293519	1.6668082535768	5.51356053610589e-15	1	56	103	2.62501829611595e-06	1	0	-6.2406795308802	5.68988367337673
TGFB1	ACVRL1	R-HSA-9006936	REACTOME_SIGNALING_BY_TGFB_FAMILY_MEMBERS	3.22705835268198e-249	3.15828497795269e-248	2.75886927954244	6.5823404692346	1.09123443448178e-19	1	55	101	3.12724676064378e-06	1	0	4.89276122538328	4.4228263824092
TGFB1	ITGB8	R-HSA-9006936	REACTOME_SIGNALING_BY_TGFB_FAMILY_MEMBERS	1.326303677774e-248	1.27710208972754e-247	2.75886927954244	1.34528235401435	9.05540124187929e-16	1	56	102	2.62501829611595e-06	1	0	4.89276122538328	4.51491433101541
TGFB1	ITGB5	R-HSA-9006936	REACTOME_SIGNALING_BY_TGFB_FAMILY_MEMBERS	9.873732219595e-248	9.35653672237811e-247	2.75886927954244	1.05169398977522	6.74133748564782e-15	1	56	102	2.62501829611595e-06	1	0	4.89276122538328	-5.79890262089519
TGFB3	ACVRL1	R-HSA-9006936	REACTOME_SIGNALING_BY_TGFB_FAMILY_MEMBERS	2.14054775098512e-246	1.99672969896581e-245	1.52627286823427	6.5823404692346	7.23829308071299e-17	1	55	101	3.12724676064378e-06	1	0	-3.06089638891397	4.4228263824092
TGFB3	ITGB8	R-HSA-9006936	REACTOME_SIGNALING_BY_TGFB_FAMILY_MEMBERS	8.79753646915913e-246	8.08019888013538e-245	1.52627286823427	1.34528235401435	6.006559734646e-13	1	56	102	2.62501829611595e-06	1	0	-3.06089638891397	4.51491433101541
SPP1	ITGB5	R-HSA-9006936	REACTOME_SIGNALING_BY_TGFB_FAMILY_MEMBERS	5.33605556786521e-245	4.82670480911444e-244	2.21220725727801	1.05169398977522	3.64321723793164e-12	1	56	102	2.62501829611595e-06	1	0	-0.939022131345595	-5.79890262089519
TGFB3	ITGB5	R-HSA-9006936	REACTOME_SIGNALING_BY_TGFB_FAMILY_MEMBERS	6.54936880175041e-245	5.8357808576791e-244	1.52627286823427	1.05169398977522	4.47161260085129e-12	1	56	102	2.62501829611595e-06	1	0	-3.06089638891397	-5.79890262089519
TLN1	ITGB5	R-HSA-9006936	REACTOME_SIGNALING_BY_TGFB_FAMILY_MEMBERS	2.53448339533149e-243	2.2251273338425e-242	1.94165305389488	1.05169398977522	1.73043055449613e-10	1	56	102	2.62501829611595e-06	1	0	-0.242423885978752	-5.79890262089519
UBC	TLR4	R-HSA-5357801	REACTOME_PROGRAMMED_CELL_DEATH	1.96765788582505e-238	1.70245182295298e-237	3.72147799813483	5.03070304126681	2.30228873878473e-18	1	55	101	4.97117233637941e-06	1	0	8.0244868049102	4.52038483304017
SHANK1	ABCA1	R-HSA-9006931	REACTOME_SIGNALING_BY_NUCLEAR_RECEPTORS	1.06004986069556e-231	9.04071095478925e-231	1.76328378358286	1.72102721585268	6.4874235244923e-08	1	73	134	5.77161322119799e-05	1	0	-1.46724957344129	2.9610279101225
TGFB1	SDC2	R-HSA-381426	REACTOME_REGULATION_OF_INSULIN_LIKE_GROWTH_FACTOR_IGF_TRANSPORT_AND_UPTAKE_BY_INSULIN_LIKE_GROWTH_FACTOR_BINDING_PROTEINS_IGFBPS	1.66678738432365e-231	1.40150995555101e-230	2.75886927954244	7.51615383509721	2.26375605970946e-20	1	34	62	1.29485149671924e-08	1	0	4.89276122538328	-4.65646412220502
UBC	TLR4	R-HSA-168898	REACTOME_TOLL_LIKE_RECEPTOR_CASCADES	1.93288736099303e-230	1.60268577015672e-229	3.72147799813483	5.03070304126681	2.30228873878473e-18	1	50	92	2.82512080998421e-06	1	0	8.0244868049102	4.52038483304017
NRG1	ERBB4	R-HSA-9006931	REACTOME_SIGNALING_BY_NUCLEAR_RECEPTORS	9.99279293537015e-217	8.17218819509038e-216	9.32017664817934	6.46078034964051	6.56035709135477e-19	1	68	125	9.17958254490623e-05	1	0	3.88034384524645	4.41072532279917
TGFB1	SDC2	R-HSA-71387	REACTOME_METABOLISM_OF_CARBOHYDRATES	2.77929160182238e-215	2.24221227876752e-214	2.75886927954244	7.51615383509721	2.26375605970946e-20	1	46	84	2.4181952994656e-06	1	0	4.89276122538328	-4.65646412220502
RPS19	C5AR1	R-HSA-373076	REACTOME_CLASS_A_1_RHODOPSIN_LIKE_RECEPTORS	7.51420473731436e-215	5.98130697090223e-214	7.09294243707184	14.0215170459689	3.00336026180257e-23	1	25	47	1.24523844729891e-09	1	0	7.19357845992674	5.61226049489532
C5	C5AR1	R-HSA-373076	REACTOME_CLASS_A_1_RHODOPSIN_LIKE_RECEPTORS	1.30167186333892e-214	1.02249750317544e-213	8.20096185587658	14.0215170459689	5.20266573100572e-23	1	25	47	1.24523844729891e-09	1	0	9.52053004325588	5.61226049489532
MMP7	ERBB4	R-HSA-9006931	REACTOME_SIGNALING_BY_NUCLEAR_RECEPTORS	1.61142385655199e-214	1.24937667839161e-213	4.73135537759719	6.46078034964051	1.05791403793534e-16	1	68	125	9.17958254490623e-05	1	0	-3.81424458751365	4.41072532279917
UBC	ERBB4	R-HSA-9006931	REACTOME_SIGNALING_BY_NUCLEAR_RECEPTORS	2.82177617784599e-214	2.15974407458212e-213	3.72147799813483	6.46078034964051	1.85252105975537e-16	1	68	125	9.17958254490623e-05	1	0	8.0244868049102	4.41072532279917
HBEGF	ERBB4	R-HSA-9006931	REACTOME_SIGNALING_BY_NUCLEAR_RECEPTORS	3.98623002511664e-214	3.01237889239827e-213	3.30168227086631	6.46078034964051	2.61699532675012e-16	1	68	125	9.17958254490623e-05	1	0	1.31124413699656	4.41072532279917
ADAM17	ERBB4	R-HSA-9006931	REACTOME_SIGNALING_BY_NUCLEAR_RECEPTORS	4.45087404156614e-213	3.32146475351873e-212	1.55631472933652	6.46078034964051	2.92203823997617e-15	1	68	125	9.17958254490623e-05	1	0	6.84087758851854	4.41072532279917
C3	C5AR2	R-HSA-373076	REACTOME_CLASS_A_1_RHODOPSIN_LIKE_RECEPTORS	4.54070039809577e-212	3.3466643674854e-211	6.19331696315365	7.93180350622486	9.70671164970628e-19	1	25	47	1.04739942185478e-09	1	0	1.46898344991115	-3.78315480362727
C3	C3AR1	R-HSA-373076	REACTOME_CLASS_A_1_RHODOPSIN_LIKE_RECEPTORS	4.70559859857641e-211	3.42590532115868e-210	6.19331696315365	4.25081734614563	1.88078556986582e-19	1	25	47	1.24523844729891e-09	1	0	1.46898344991115	7.25225818968644
C5	C5AR2	R-HSA-373076	REACTOME_CLASS_A_1_RHODOPSIN_LIKE_RECEPTORS	7.42419458212561e-211	5.34005321148071e-210	8.20096185587658	7.93180350622486	1.58707929882858e-17	1	25	47	1.04739942185478e-09	1	0	9.52053004325588	-3.78315480362727
ALOX5AP	ALOX5	R-HSA-6785807	REACTOME_INTERLEUKIN_4_AND_INTERLEUKIN_13_SIGNALING	2.76364883671657e-210	1.96416470895214e-209	15.6921169705025	10.0699619838748	8.42829892116922e-23	1	30	55	1.55214235042034e-08	1	0	-2.62353977956236	2.69157526345574
CXCL13	CXCR5	R-HSA-373076	REACTOME_CLASS_A_1_RHODOPSIN_LIKE_RECEPTORS	6.80932777832497e-210	4.78255139254118e-209	16.5781978920175	8.80396563371875	2.72162726115963e-18	1	25	47	1.24523844729891e-09	1	0	3.9070934479228	-4.66072585156622
GNAS	ADCY1	R-HSA-112315	REACTOME_TRANSMISSION_ACROSS_CHEMICAL_SYNAPSES	3.29745147324499e-205	2.28904480177588e-204	3.40619783913545	9.56995624577153	6.85377830993325e-18	1	39	72	7.67047139052146e-07	1	0	4.1914671301087	4.99454287731042
GNAS	ADCY8	R-HSA-112315	REACTOME_TRANSMISSION_ACROSS_CHEMICAL_SYNAPSES	4.10832813630012e-205	2.81916310042663e-204	3.40619783913545	13.441220411549	8.53919170581534e-18	1	39	72	7.67047139052146e-07	1	0	4.1914671301087	4.9837220378414
TNF	TNFRSF1B	R-HSA-6785807	REACTOME_INTERLEUKIN_4_AND_INTERLEUKIN_13_SIGNALING	1.97768782148072e-204	1.34168139707272e-203	9.54643428399328	4.32843533599083	4.36828175657236e-19	1	29	54	1.92280037206145e-08	1	0	4.98185570787895	8.66507579891345
MMP9	ITGB2	R-HSA-6785807	REACTOME_INTERLEUKIN_4_AND_INTERLEUKIN_13_SIGNALING	6.58429868521159e-201	4.41665878097901e-200	14.7218489488995	12.3368834303179	5.80787200688917e-23	1	29	53	1.92280037206145e-08	1	0	5.96647787249181	1.04431899592698
NRG1	ERBB4	R-HSA-112315	REACTOME_TRANSMISSION_ACROSS_CHEMICAL_SYNAPSES	1.94312266029221e-200	1.28893803132717e-199	9.32017664817934	6.46078034964051	6.56035709135477e-19	1	39	71	7.67047139052146e-07	1	0	3.88034384524645	4.41072532279917
ICAM3	ITGB2	R-HSA-6785807	REACTOME_INTERLEUKIN_4_AND_INTERLEUKIN_13_SIGNALING	4.09304525197807e-199	2.68521759937463e-198	6.44589507955832	12.3368834303179	3.6103895157864e-21	1	29	53	1.92280037206145e-08	1	0	3.34286849232053	1.04431899592698
ICAM5	ITGB2	R-HSA-6785807	REACTOME_INTERLEUKIN_4_AND_INTERLEUKIN_13_SIGNALING	2.12753752053592e-198	1.38058684756516e-197	4.08467800051156	12.3368834303179	1.87665630006727e-20	1	29	53	1.92280037206145e-08	1	0	-1.98234956614577	1.04431899592698
MMP7	ERBB4	R-HSA-112315	REACTOME_TRANSMISSION_ACROSS_CHEMICAL_SYNAPSES	3.1334525104774e-198	2.01147435350001e-197	4.73135537759719	6.46078034964051	1.05791403793534e-16	1	39	71	7.67047139052146e-07	1	0	-3.81424458751365	4.41072532279917
C3	ITGB2	R-HSA-6785807	REACTOME_INTERLEUKIN_4_AND_INTERLEUKIN_13_SIGNALING	3.76076794138457e-198	2.38848772447509e-197	6.19331696315365	12.3368834303179	3.3172946573993e-20	1	29	53	1.92280037206145e-08	1	0	1.46898344991115	1.04431899592698
MMP9	ITGAM	R-HSA-6785807	REACTOME_INTERLEUKIN_4_AND_INTERLEUKIN_13_SIGNALING	5.3321435987374e-198	3.35083129310129e-197	14.7218489488995	16.3485734032423	4.70337222297883e-20	1	29	53	1.92280037206145e-08	1	0	5.96647787249181	-5.7325311973305
UBC	ERBB4	R-HSA-112315	REACTOME_TRANSMISSION_ACROSS_CHEMICAL_SYNAPSES	5.48701175828195e-198	3.41223543718159e-197	3.72147799813483	6.46078034964051	1.85252105975537e-16	1	39	71	7.67047139052146e-07	1	0	8.0244868049102	4.41072532279917
ICAM2	ITGB2	R-HSA-6785807	REACTOME_INTERLEUKIN_4_AND_INTERLEUKIN_13_SIGNALING	6.34462378411129e-198	3.90488700939633e-197	5.82596101081349	12.3368834303179	5.59645979498863e-20	1	29	53	1.92280037206145e-08	1	0	4.29045756907541	1.04431899592698
HBEGF	ERBB4	R-HSA-112315	REACTOME_TRANSMISSION_ACROSS_CHEMICAL_SYNAPSES	7.75132031759089e-198	4.72197778530792e-197	3.30168227086631	6.46078034964051	2.61699532675012e-16	1	39	71	7.67047139052146e-07	1	0	1.31124413699656	4.41072532279917
ITGAM	ITGB2	R-HSA-6785807	REACTOME_INTERLEUKIN_4_AND_INTERLEUKIN_13_SIGNALING	2.83813550725468e-197	1.69436689783105e-196	16.3485734032423	12.3368834303179	2.50345990551201e-19	1	29	53	1.92280037206145e-08	1	0	-5.7325311973305	1.04431899592698
ITGB2	ITGAM	R-HSA-6785807	REACTOME_INTERLEUKIN_4_AND_INTERLEUKIN_13_SIGNALING	2.83813550725468e-197	1.69436689783105e-196	12.3368834303179	16.3485734032423	2.50345990551201e-19	1	29	53	1.92280037206145e-08	1	0	1.04431899592698	-5.7325311973305
ADAM17	ERBB4	R-HSA-112315	REACTOME_TRANSMISSION_ACROSS_CHEMICAL_SYNAPSES	8.65483180148893e-197	5.11577681731573e-196	1.55631472933652	6.46078034964051	2.92203823997617e-15	1	39	71	7.67047139052146e-07	1	0	6.84087758851854	4.41072532279917
UBC	TLR4	R-HSA-166166	REACTOME_MYD88_INDEPENDENT_TLR4_CASCADE	2.4699604991157e-196	1.44565335095301e-195	3.72147799813483	5.03070304126681	2.30228873878473e-18	1	41	76	2.82512080998421e-06	1	0	8.0244868049102	4.52038483304017
C3	ITGAM	R-HSA-6785807	REACTOME_INTERLEUKIN_4_AND_INTERLEUKIN_13_SIGNALING	3.04557184655516e-195	1.76524892465381e-194	6.19331696315365	16.3485734032423	2.68643515706624e-17	1	29	53	1.92280037206145e-08	1	0	1.46898344991115	-5.7325311973305
ICAM2	ITGAM	R-HSA-6785807	REACTOME_INTERLEUKIN_4_AND_INTERLEUKIN_13_SIGNALING	5.13804836539837e-195	2.94943737898349e-194	5.82596101081349	16.3485734032423	4.5321648816545e-17	1	29	53	1.92280037206145e-08	1	0	4.29045756907541	-5.7325311973305
UBC	TLR4	R-HSA-168138	REACTOME_TOLL_LIKE_RECEPTOR_9_TLR9_CASCADE	1.390867869741e-183	7.90807731652737e-183	3.72147799813483	5.03070304126681	2.30228873878473e-18	1	38	70	2.43937310910111e-06	1	0	8.0244868049102	4.52038483304017
UBC	TLR4	R-HSA-109581	REACTOME_APOPTOSIS	6.56277799819589e-182	3.69620609898391e-181	3.72147799813483	5.03070304126681	2.30228873878473e-18	1	45	82	1.19364401865482e-05	1	0	8.0244868049102	4.52038483304017
GNAS	ADCY1	R-HSA-112314	REACTOME_NEUROTRANSMITTER_RECEPTORS_AND_POSTSYNAPTIC_SIGNAL_TRANSMISSION	6.10810762909546e-181	3.40798154632709e-180	3.40619783913545	9.56995624577153	6.85377830993325e-18	1	33	61	6.02138266049983e-07	1	0	4.1914671301087	4.99454287731042
GNAS	ADCY8	R-HSA-112314	REACTOME_NEUROTRANSMITTER_RECEPTORS_AND_POSTSYNAPTIC_SIGNAL_TRANSMISSION	7.61015306389555e-181	4.20672349920893e-180	3.40619783913545	13.441220411549	8.53919170581534e-18	1	33	61	6.02138266049983e-07	1	0	4.1914671301087	4.9837220378414
ALOX5AP	ALOX5	R-HSA-446652	REACTOME_INTERLEUKIN_1_FAMILY_SIGNALING	5.46951695661556e-178	2.9956895624766e-177	15.6921169705025	10.0699619838748	8.42829892116922e-23	1	36	66	2.43937310910111e-06	1	0	-2.62353977956236	2.69157526345574
NRG1	ERBB4	R-HSA-112314	REACTOME_NEUROTRANSMITTER_RECEPTORS_AND_POSTSYNAPTIC_SIGNAL_TRANSMISSION	4.61610897143262e-176	2.50528823267752e-175	9.32017664817934	6.46078034964051	6.56035709135477e-19	1	33	60	6.02138266049983e-07	1	0	3.88034384524645	4.41072532279917
MMP7	ERBB4	R-HSA-112314	REACTOME_NEUROTRANSMITTER_RECEPTORS_AND_POSTSYNAPTIC_SIGNAL_TRANSMISSION	7.44387296836815e-174	4.00359654244665e-173	4.73135537759719	6.46078034964051	1.05791403793534e-16	1	33	60	6.02138266049983e-07	1	0	-3.81424458751365	4.41072532279917
UBC	ERBB4	R-HSA-112314	REACTOME_NEUROTRANSMITTER_RECEPTORS_AND_POSTSYNAPTIC_SIGNAL_TRANSMISSION	1.3035020753632e-173	6.94813159814134e-173	3.72147799813483	6.46078034964051	1.85252105975537e-16	1	33	60	6.02138266049983e-07	1	0	8.0244868049102	4.41072532279917
HBEGF	ERBB4	R-HSA-112314	REACTOME_NEUROTRANSMITTER_RECEPTORS_AND_POSTSYNAPTIC_SIGNAL_TRANSMISSION	1.84141433732745e-173	9.728534153845e-173	3.30168227086631	6.46078034964051	2.61699532675012e-16	1	33	60	6.02138266049983e-07	1	0	1.31124413699656	4.41072532279917
ADAM17	ERBB4	R-HSA-112314	REACTOME_NEUROTRANSMITTER_RECEPTORS_AND_POSTSYNAPTIC_SIGNAL_TRANSMISSION	2.05605377063975e-172	1.07672289567713e-171	1.55631472933652	6.46078034964051	2.92203823997617e-15	1	33	60	6.02138266049983e-07	1	0	6.84087758851854	4.41072532279917
UBC	TLR4	R-HSA-168179	REACTOME_TOLL_LIKE_RECEPTOR_TLR1_TLR2_CASCADE	2.05026215027855e-171	1.06435348149243e-170	3.72147799813483	5.03070304126681	2.30228873878473e-18	1	38	70	5.70194351657875e-06	1	0	8.0244868049102	4.52038483304017
FYN	KIT	R-HSA-9730414	REACTOME_MITF_M_REGULATED_MELANOCYTE_DEVELOPMENT	9.09984098878698e-170	4.68328023302226e-169	1.02015240608861	12.0543120571603	2.38768898074224e-18	1	39	71	6.26950582830198e-06	1	0	-6.06156477921816	3.46365333634525
NRG1	ERBB4	R-HSA-8939211	REACTOME_ESR_MEDIATED_SIGNALING	3.78445541039652e-169	1.93104263248438e-168	9.32017664817934	6.46078034964051	6.56035709135477e-19	1	52	95	9.17958254490623e-05	1	0	3.88034384524645	4.41072532279917
MMP7	ERBB4	R-HSA-8939211	REACTOME_ESR_MEDIATED_SIGNALING	6.10276003096658e-167	3.08758282922631e-166	4.73135537759719	6.46078034964051	1.05791403793534e-16	1	52	95	9.17958254490623e-05	1	0	-3.81424458751365	4.41072532279917
UBC	ERBB4	R-HSA-8939211	REACTOME_ESR_MEDIATED_SIGNALING	1.06865880162278e-166	5.36125466024202e-166	3.72147799813483	6.46078034964051	1.85252105975537e-16	1	52	95	9.17958254490623e-05	1	0	8.0244868049102	4.41072532279917
HBEGF	ERBB4	R-HSA-8939211	REACTOME_ESR_MEDIATED_SIGNALING	1.50965899956166e-166	7.51055352281926e-166	3.30168227086631	6.46078034964051	2.61699532675012e-16	1	52	95	9.17958254490623e-05	1	0	1.31124413699656	4.41072532279917
ADAM17	ERBB4	R-HSA-8939211	REACTOME_ESR_MEDIATED_SIGNALING	1.68562827795395e-165	8.3166948920538e-165	1.55631472933652	6.46078034964051	2.92203823997617e-15	1	52	95	9.17958254490623e-05	1	0	6.84087758851854	4.41072532279917
TGFB1	ITGB8	R-HSA-170834	REACTOME_SIGNALING_BY_TGF_BETA_RECEPTOR_COMPLEX	2.52302606685623e-155	1.23462832943702e-154	2.75886927954244	1.34528235401435	9.05540124187929e-16	1	35	65	7.9515371731791e-06	1	0	4.89276122538328	4.51491433101541
TGFB1	ITGB5	R-HSA-170834	REACTOME_SIGNALING_BY_TGF_BETA_RECEPTOR_COMPLEX	1.87827902347424e-154	9.11652501637497e-154	2.75886927954244	1.05169398977522	6.74133748564782e-15	1	35	65	7.9515371731791e-06	1	0	4.89276122538328	-5.79890262089519
TGFB3	ITGB8	R-HSA-170834	REACTOME_SIGNALING_BY_TGF_BETA_RECEPTOR_COMPLEX	1.6735544210403e-152	8.05735475291175e-152	1.52627286823427	1.34528235401435	6.006559734646e-13	1	35	65	7.9515371731791e-06	1	0	-3.06089638891397	4.51491433101541
SPP1	ITGB5	R-HSA-170834	REACTOME_SIGNALING_BY_TGF_BETA_RECEPTOR_COMPLEX	1.0150772796252e-151	4.84800908748994e-151	2.21220725727801	1.05169398977522	3.64321723793164e-12	1	35	65	7.9515371731791e-06	1	0	-0.939022131345595	-5.79890262089519
TGFB3	ITGB5	R-HSA-170834	REACTOME_SIGNALING_BY_TGF_BETA_RECEPTOR_COMPLEX	1.24588572626178e-151	5.90312522681176e-151	1.52627286823427	1.05169398977522	4.47161260085129e-12	1	35	65	7.9515371731791e-06	1	0	-3.06089638891397	-5.79890262089519
TLN1	ITGB5	R-HSA-170834	REACTOME_SIGNALING_BY_TGF_BETA_RECEPTOR_COMPLEX	4.82134505060557e-150	2.26641180725317e-149	1.94165305389488	1.05169398977522	1.73043055449613e-10	1	35	65	7.9515371731791e-06	1	0	-0.242423885978752	-5.79890262089519
GNAS	ADCY1	R-HSA-442755	REACTOME_ACTIVATION_OF_NMDA_RECEPTORS_AND_POSTSYNAPTIC_EVENTS	4.12501241075754e-145	1.92393156970488e-144	3.40619783913545	9.56995624577153	6.85377830993325e-18	1	23	42	1.13092931459751e-07	1	0	4.1914671301087	4.99454287731042
GNAS	ADCY8	R-HSA-442755	REACTOME_ACTIVATION_OF_NMDA_RECEPTORS_AND_POSTSYNAPTIC_EVENTS	5.13939467713382e-145	2.37846404825495e-144	3.40619783913545	13.441220411549	8.53919170581534e-18	1	23	42	1.13092931459751e-07	1	0	4.1914671301087	4.9837220378414
NRG1	ERBB4	R-HSA-442755	REACTOME_ACTIVATION_OF_NMDA_RECEPTORS_AND_POSTSYNAPTIC_EVENTS	1.98686510334144e-144	9.12429589765264e-144	9.32017664817934	6.46078034964051	6.56035709135477e-19	1	22	41	1.420901873808e-07	1	0	3.88034384524645	4.41072532279917
SDCBP	EPHB6	R-HSA-2682334	REACTOME_EPH_EPHRIN_SIGNALING	3.7821379347468e-144	1.72361553209453e-143	2.66386440671821	10.6685484029851	5.43386697931607e-19	1	28	51	1.53722360578465e-06	1	0	8.77938393449899	3.36560992676541
TGFB1	SDC2	R-HSA-1630316	REACTOME_GLYCOSAMINOGLYCAN_METABOLISM	4.95740527137669e-144	2.24209920228173e-143	2.75886927954244	7.51615383509721	2.26375605970946e-20	1	22	40	8.06181033745642e-08	1	0	4.89276122538328	-4.65646412220502
FYN	EPHB6	R-HSA-2682334	REACTOME_EPH_EPHRIN_SIGNALING	1.22123023710856e-142	5.48176279363766e-142	1.02015240608861	10.6685484029851	1.75456389324172e-17	1	28	51	1.53722360578465e-06	1	0	-6.06156477921816	3.36560992676541
ST6GAL1	CD22	R-HSA-983705	REACTOME_SIGNALING_BY_THE_B_CELL_RECEPTOR_BCR	3.13364875421168e-142	1.3961106763167e-141	3.04960575319188	14.4361174731504	1.13785828663775e-19	1	26	48	1.21548076786632e-06	1	0	6.39597864588864	1.34201048578045
MMP7	ERBB4	R-HSA-442755	REACTOME_ACTIVATION_OF_NMDA_RECEPTORS_AND_POSTSYNAPTIC_EVENTS	3.20399096427034e-142	1.41687600419955e-141	4.73135537759719	6.46078034964051	1.05791403793534e-16	1	22	41	1.420901873808e-07	1	0	-3.81424458751365	4.41072532279917
UBC	ERBB4	R-HSA-442755	REACTOME_ACTIVATION_OF_NMDA_RECEPTORS_AND_POSTSYNAPTIC_EVENTS	5.61053216399377e-142	2.46285860434138e-141	3.72147799813483	6.46078034964051	1.85252105975537e-16	1	22	41	1.420901873808e-07	1	0	8.0244868049102	4.41072532279917
HBEGF	ERBB4	R-HSA-442755	REACTOME_ACTIVATION_OF_NMDA_RECEPTORS_AND_POSTSYNAPTIC_EVENTS	7.92581351582141e-142	3.45380340798933e-141	3.30168227086631	6.46078034964051	2.61699532675012e-16	1	22	41	1.420901873808e-07	1	0	1.31124413699656	4.41072532279917
ADAM17	ERBB4	R-HSA-442755	REACTOME_ACTIVATION_OF_NMDA_RECEPTORS_AND_POSTSYNAPTIC_EVENTS	8.84966432282878e-141	3.82844173965854e-140	1.55631472933652	6.46078034964051	2.92203823997617e-15	1	22	41	1.420901873808e-07	1	0	6.84087758851854	4.41072532279917
FYN	KIT	R-HSA-2219528	REACTOME_PI3K_AKT_SIGNALING_IN_CANCER	2.41629465210747e-139	1.03778986137278e-138	1.02015240608861	12.0543120571603	2.38768898074224e-18	1	28	52	3.74151745832083e-06	1	0	-6.06156477921816	3.46365333634525
VEGFA	NRP1	R-HSA-194138	REACTOME_SIGNALING_BY_VEGF	2.64089241118925e-139	1.12615197819999e-138	1.70299899440925	1.03115643751621	1.40119825160643e-13	1	31	58	8.35327204383003e-06	1	0	-6.2406795308802	-2.90768596206382
ALOX5AP	ALOX5	R-HSA-8978868	REACTOME_FATTY_ACID_METABOLISM	3.37821539831791e-139	1.43035077503248e-138	15.6921169705025	10.0699619838748	8.42829892116922e-23	1	26	49	3.75917933486774e-06	1	0	-2.62353977956236	2.69157526345574
ADAM17	ITGA5	R-HSA-8878166	REACTOME_TRANSCRIPTIONAL_REGULATION_BY_RUNX2	1.30888218021704e-137	5.50283564499697e-137	1.55631472933652	2.78879934520925	6.07430460914042e-15	1	25	47	1.23717905973796e-06	1	0	6.84087758851854	6.42138509010675
FYN	NRP1	R-HSA-194138	REACTOME_SIGNALING_BY_VEGF	1.93103958105007e-137	8.06175265655168e-137	1.02015240608861	1.03115643751621	1.02456626907103e-11	1	31	58	8.35327204383003e-06	1	0	-6.06156477921816	-2.90768596206382
FYN	KIT	R-HSA-199418	REACTOME_NEGATIVE_REGULATION_OF_THE_PI3K_AKT_NETWORK	5.90904542125971e-137	2.44979174756392e-136	1.02015240608861	12.0543120571603	2.38768898074224e-18	1	26	48	1.80568932091198e-06	1	0	-6.06156477921816	3.46365333634525
SPP1	ITGA5	R-HSA-8878166	REACTOME_TRANSCRIPTIONAL_REGULATION_BY_RUNX2	1.69671476894278e-136	6.98578425557819e-136	2.21220725727801	2.78879934520925	7.87417117992756e-14	1	25	47	1.23717905973796e-06	1	0	-0.939022131345595	6.42138509010675
ADAM15	ITGA5	R-HSA-8878166	REACTOME_TRANSCRIPTIONAL_REGULATION_BY_RUNX2	2.27837787140748e-136	9.31638074815249e-136	1.03646729567784	2.78879934520925	1.05735729424929e-13	1	25	47	1.23717905973796e-06	1	0	-6.2406795308802	6.42138509010675
NRG1	ERBB4	R-HSA-2219528	REACTOME_PI3K_AKT_SIGNALING_IN_CANCER	8.53077668749858e-135	3.46453992002494e-134	9.32017664817934	6.46078034964051	6.56035709135477e-19	1	28	51	3.74151745832083e-06	1	0	3.88034384524645	4.41072532279917
SHANK1	ABCA1	R-HSA-400206	REACTOME_REGULATION_OF_LIPID_METABOLISM_BY_PPARALPHA	9.40543962862668e-135	3.79395098533117e-134	1.76328378358286	1.72102721585268	6.4874235244923e-08	1	30	56	5.18270387251499e-06	1	0	-1.46724957344129	2.9610279101225
FARP2	NRP1	R-HSA-194138	REACTOME_SIGNALING_BY_VEGF	1.0809587440447e-134	4.33108973285023e-134	1.25256168248729	1.03115643751621	5.73532452816597e-09	1	31	58	8.35327204383003e-06	1	0	5.64334320570093	-2.90768596206382
NRG1	ERBB4	R-HSA-199418	REACTOME_NEGATIVE_REGULATION_OF_THE_PI3K_AKT_NETWORK	1.23913512454637e-134	4.93175779569456e-134	9.32017664817934	6.46078034964051	6.56035709135477e-19	1	25	47	2.47909639035133e-06	1	0	3.88034384524645	4.41072532279917
MMP7	ERBB4	R-HSA-2219528	REACTOME_PI3K_AKT_SIGNALING_IN_CANCER	1.37566115480042e-132	5.4388722477871e-132	4.73135537759719	6.46078034964051	1.05791403793534e-16	1	28	51	3.74151745832083e-06	1	0	-3.81424458751365	4.41072532279917
MMP7	ERBB4	R-HSA-199418	REACTOME_NEGATIVE_REGULATION_OF_THE_PI3K_AKT_NETWORK	1.99821202550675e-132	7.84824065281269e-132	4.73135537759719	6.46078034964051	1.05791403793534e-16	1	25	47	2.47909639035133e-06	1	0	-3.81424458751365	4.41072532279917
UBC	ERBB4	R-HSA-2219528	REACTOME_PI3K_AKT_SIGNALING_IN_CANCER	2.40893037522104e-132	9.39955185625466e-132	3.72147799813483	6.46078034964051	1.85252105975537e-16	1	28	51	3.74151745832083e-06	1	0	8.0244868049102	4.41072532279917
HBEGF	ERBB4	R-HSA-2219528	REACTOME_PI3K_AKT_SIGNALING_IN_CANCER	3.40301639283515e-132	1.31922128994973e-131	3.30168227086631	6.46078034964051	2.61699532675012e-16	1	28	51	3.74151745832083e-06	1	0	1.31124413699656	4.41072532279917
UBC	ERBB4	R-HSA-199418	REACTOME_NEGATIVE_REGULATION_OF_THE_PI3K_AKT_NETWORK	3.49908378787762e-132	1.34771162668577e-131	3.72147799813483	6.46078034964051	1.85252105975537e-16	1	25	47	2.47909639035133e-06	1	0	8.0244868049102	4.41072532279917
HBEGF	ERBB4	R-HSA-199418	REACTOME_NEGATIVE_REGULATION_OF_THE_PI3K_AKT_NETWORK	4.94304011960439e-132	1.89166343038707e-131	3.30168227086631	6.46078034964051	2.61699532675012e-16	1	25	47	2.47909639035133e-06	1	0	1.31124413699656	4.41072532279917
ADAM17	ITGA5	R-HSA-418555	REACTOME_G_ALPHA_S_SIGNALLING_EVENTS	3.58600812029885e-131	1.36359671835568e-130	1.55631472933652	2.78879934520925	6.07430460914042e-15	1	19	36	9.76395309573442e-08	1	0	6.84087758851854	6.42138509010675
ADAM17	ERBB4	R-HSA-2219528	REACTOME_PI3K_AKT_SIGNALING_IN_CANCER	3.79967970499917e-131	1.43570176195222e-130	1.55631472933652	6.46078034964051	2.92203823997617e-15	1	28	51	3.74151745832083e-06	1	0	6.84087758851854	4.41072532279917
ADAM17	ERBB4	R-HSA-199418	REACTOME_NEGATIVE_REGULATION_OF_THE_PI3K_AKT_NETWORK	5.51921209166132e-131	2.06151093807385e-130	1.55631472933652	6.46078034964051	2.92203823997617e-15	1	25	47	2.47909639035133e-06	1	0	6.84087758851854	4.41072532279917
COL9A2	ITGA2	R-HSA-373760	REACTOME_L1CAM_INTERACTIONS	5.52498743872388e-131	2.06151093807385e-130	7.52060459482562	1.1346304978884	3.519610649953e-14	1	25	46	1.27200472274268e-06	1	0	1.6202126935543	-0.180499601866657
ADAM17	ITGA5	R-HSA-373760	REACTOME_L1CAM_INTERACTIONS	3.20809859888997e-130	1.1895868717623e-129	1.55631472933652	2.78879934520925	6.07430460914042e-15	1	24	45	1.53722360578465e-06	1	0	6.84087758851854	6.42138509010675
SPP1	ITGA5	R-HSA-418555	REACTOME_G_ALPHA_S_SIGNALLING_EVENTS	4.64857191214176e-130	1.71308483428928e-129	2.21220725727801	2.78879934520925	7.87417117992756e-14	1	19	36	9.76395309573442e-08	1	0	-0.939022131345595	6.42138509010675
ADAM15	ITGA5	R-HSA-418555	REACTOME_G_ALPHA_S_SIGNALLING_EVENTS	6.24218258256189e-130	2.28624724036162e-129	1.03646729567784	2.78879934520925	1.05735729424929e-13	1	19	36	9.76395309573442e-08	1	0	-6.2406795308802	6.42138509010675
SPP1	ITGA5	R-HSA-373760	REACTOME_L1CAM_INTERACTIONS	4.15868468165611e-129	1.51386265545652e-128	2.21220725727801	2.78879934520925	7.87417117992756e-14	1	24	45	1.53722360578465e-06	1	0	-0.939022131345595	6.42138509010675
ADAM15	ITGA5	R-HSA-373760	REACTOME_L1CAM_INTERACTIONS	5.58435355563647e-129	2.02052065013029e-128	1.03646729567784	2.78879934520925	1.05735729424929e-13	1	24	45	1.53722360578465e-06	1	0	-6.2406795308802	6.42138509010675
COL7A1	ITGA2	R-HSA-373760	REACTOME_L1CAM_INTERACTIONS	6.58025921705038e-128	2.36651491119222e-127	2.05090696553428	1.1346304978884	4.19185576015196e-11	1	25	46	1.27200472274268e-06	1	0	10.0672710018066	-0.180499601866657
VEGFA	NRP1	R-HSA-373760	REACTOME_L1CAM_INTERACTIONS	1.23026785536297e-123	4.39802341108798e-123	1.70299899440925	1.03115643751621	1.40119825160643e-13	1	23	43	1.53722360578465e-06	1	0	-6.2406795308802	-2.90768596206382
GNAS	ADCY1	R-HSA-5358351	REACTOME_SIGNALING_BY_HEDGEHOG	1.87086412544088e-122	6.64824930290597e-122	3.40619783913545	9.56995624577153	6.85377830993325e-18	1	24	44	2.7219184030973e-06	1	0	4.1914671301087	4.99454287731042
B2M	TYROBP	R-HSA-1500931	REACTOME_CELL_CELL_COMMUNICATION	2.14357845276197e-122	7.57228601360292e-122	3.25565429651832	11.566441654541	3.2870570169316e-18	1	22	40	8.53837886598876e-07	1	0	-2.38849676569512	7.80662672944929
GNAS	ADCY8	R-HSA-5358351	REACTOME_SIGNALING_BY_HEDGEHOG	2.33092853317396e-122	8.18567255473443e-122	3.40619783913545	13.441220411549	8.53919170581534e-18	1	24	44	2.7219184030973e-06	1	0	4.1914671301087	4.9837220378414
FYN	NRP1	R-HSA-373760	REACTOME_L1CAM_INTERACTIONS	8.99580730337153e-122	3.14064149714199e-121	1.02015240608861	1.03115643751621	1.02456626907103e-11	1	23	43	1.53722360578465e-06	1	0	-6.06156477921816	-2.90768596206382
GNAS	ADCY1	R-HSA-418555	REACTOME_G_ALPHA_S_SIGNALLING_EVENTS	5.45679828766708e-121	1.89401661496352e-120	3.40619783913545	9.56995624577153	6.85377830993325e-18	1	18	33	9.76395309573442e-08	1	0	4.1914671301087	4.99454287731042
GNAS	ADCY8	R-HSA-418555	REACTOME_G_ALPHA_S_SIGNALLING_EVENTS	6.79868016898375e-121	2.3461341392389e-120	3.40619783913545	13.441220411549	8.53919170581534e-18	1	18	33	9.76395309573442e-08	1	0	4.1914671301087	4.9837220378414
FYN	TYROBP	R-HSA-1500931	REACTOME_CELL_CELL_COMMUNICATION	7.11675706460944e-121	2.4417838894091e-120	1.02015240608861	11.566441654541	1.09131467602132e-16	1	22	40	8.53837886598876e-07	1	0	-6.06156477921816	7.80662672944929
CD22	PTPRC	R-HSA-373755	REACTOME_SEMAPHORIN_INTERACTIONS	3.6120053702088e-120	1.23220983200838e-119	14.4361174731504	18.2101590684534	2.13284375188622e-21	1	20	37	8.7784206455439e-07	1	0	1.34201048578045	1.17470836791291
ADAM28	ITGA4	R-HSA-8878159	REACTOME_TRANSCRIPTIONAL_REGULATION_BY_RUNX3	2.35376661343587e-119	7.98408334216599e-119	12.7122795460957	17.7737760861523	8.89390135757856e-21	1	30	56	5.77161322119799e-05	1	0	-5.55252127354411	-6.2406795308802
ITGB2	ITGAL	R-HSA-8878159	REACTOME_TRANSCRIPTIONAL_REGULATION_BY_RUNX3	4.03518614220307e-119	1.36102041067527e-118	12.3368834303179	11.8805882496855	4.44895704489446e-20	1	31	57	5.41685985835507e-05	1	0	1.04431899592698	3.74776733530122
FARP2	NRP1	R-HSA-373760	REACTOME_L1CAM_INTERACTIONS	5.0356795685321e-119	1.68893297888408e-118	1.25256168248729	1.03115643751621	5.73532452816597e-09	1	23	43	1.53722360578465e-06	1	0	5.64334320570093	-2.90768596206382
TGFB1	SDC2	R-HSA-9820952	REACTOME_RESPIRATORY_SYNCYTIAL_VIRUS_INFECTION_PATHWAY	2.07481813515014e-118	6.91992417142254e-118	2.75886927954244	7.51615383509721	2.26375605970946e-20	1	22	40	1.79864408829711e-06	1	0	4.89276122538328	-4.65646412220502
SEMA7A	PLXNC1	R-HSA-373755	REACTOME_SEMAPHORIN_INTERACTIONS	2.83896306658515e-118	9.41589417084076e-118	9.12046026663132	5.80288108192763	1.67637199222986e-19	1	20	37	8.7784206455439e-07	1	0	-0.778353014508706	4.13345821101475
ICAM3	ITGAL	R-HSA-8878159	REACTOME_TRANSCRIPTIONAL_REGULATION_BY_RUNX3	4.71269469587418e-118	1.55440814002038e-117	6.44589507955832	11.8805882496855	5.19593781520056e-19	1	31	57	5.41685985835507e-05	1	0	3.34286849232053	3.74776733530122
VEGFA	NRP1	R-HSA-373755	REACTOME_SEMAPHORIN_INTERACTIONS	1.38274475197918e-117	4.5357066864372e-117	1.70299899440925	1.03115643751621	1.40119825160643e-13	1	19	36	4.66324773152283e-07	1	0	-6.2406795308802	-2.90768596206382
CD22	PTPRC	R-HSA-202403	REACTOME_TCR_SIGNALING	1.72011527920129e-117	5.61152361575504e-117	14.4361174731504	18.2101590684534	2.13284375188622e-21	1	20	38	2.43937310910111e-06	1	0	1.34201048578045	1.17470836791291
ICAM5	ITGAL	R-HSA-8878159	REACTOME_TRANSCRIPTIONAL_REGULATION_BY_RUNX3	2.44962715314652e-117	7.94797505667649e-117	4.08467800051156	11.8805882496855	2.70081369143628e-18	1	31	57	5.41685985835507e-05	1	0	-1.98234956614577	3.74776733530122
ICAM2	ITGAL	R-HSA-8878159	REACTOME_TRANSCRIPTIONAL_REGULATION_BY_RUNX3	7.3051415300743e-117	2.35738891538073e-116	5.82596101081349	11.8805882496855	8.05421602098165e-18	1	31	57	5.41685985835507e-05	1	0	4.29045756907541	3.74776733530122
MMP9	ITGB2	R-HSA-202733	REACTOME_CELL_SURFACE_INTERACTIONS_AT_THE_VASCULAR_WALL	8.9579007003561e-117	2.87519716027559e-116	14.7218489488995	12.3368834303179	5.80787200688917e-23	1	18	34	8.5231099844094e-07	1	0	5.96647787249181	1.04431899592698
NRG1	ERBB4	R-HSA-9018519	REACTOME_ESTROGEN_DEPENDENT_GENE_EXPRESSION	2.78516606643296e-116	8.89167990192769e-116	9.32017664817934	6.46078034964051	6.56035709135477e-19	1	34	62	0.000108407785413208	1	0	3.88034384524645	4.41072532279917
FYN	NRP1	R-HSA-373755	REACTOME_SEMAPHORIN_INTERACTIONS	1.01107293702989e-115	3.21069437982363e-115	1.02015240608861	1.03115643751621	1.02456626907103e-11	1	19	36	4.66324773152283e-07	1	0	-6.06156477921816	-2.90768596206382
ICAM3	ITGB2	R-HSA-202733	REACTOME_CELL_SURFACE_INTERACTIONS_AT_THE_VASCULAR_WALL	5.56856465391429e-115	1.75895931131578e-114	6.44589507955832	12.3368834303179	3.6103895157864e-21	1	18	34	8.5231099844094e-07	1	0	3.34286849232053	1.04431899592698
TYROBP	TREM2	R-HSA-373755	REACTOME_SEMAPHORIN_INTERACTIONS	1.72692741527078e-114	5.42618772061399e-114	11.566441654541	14.7362718578068	2.81138562457847e-23	1	18	34	1.21212969480093e-06	1	0	7.80662672944929	6.27981671569481
ICAM5	ITGB2	R-HSA-202733	REACTOME_CELL_SURFACE_INTERACTIONS_AT_THE_VASCULAR_WALL	2.89450262759916e-114	9.04721501924972e-114	4.08467800051156	12.3368834303179	1.87665630006727e-20	1	18	34	8.5231099844094e-07	1	0	-1.98234956614577	1.04431899592698
MMP7	ERBB4	R-HSA-9018519	REACTOME_ESTROGEN_DEPENDENT_GENE_EXPRESSION	4.49131996723687e-114	1.39651980231271e-113	4.73135537759719	6.46078034964051	1.05791403793534e-16	1	34	62	0.000108407785413208	1	0	-3.81424458751365	4.41072532279917
SPP1	ITGA4	R-HSA-8878159	REACTOME_TRANSCRIPTIONAL_REGULATION_BY_RUNX3	4.92919347840516e-114	1.52472979616989e-113	2.21220725727801	17.7737760861523	1.86253642647096e-15	1	30	56	5.77161322119799e-05	1	0	-0.939022131345595	-6.2406795308802
C3	ITGB2	R-HSA-202733	REACTOME_CELL_SURFACE_INTERACTIONS_AT_THE_VASCULAR_WALL	5.11650327341172e-114	1.57451157434371e-113	6.19331696315365	12.3368834303179	3.3172946573993e-20	1	18	34	8.5231099844094e-07	1	0	1.46898344991115	1.04431899592698
UBC	ERBB4	R-HSA-9018519	REACTOME_ESTROGEN_DEPENDENT_GENE_EXPRESSION	7.86478345787361e-114	2.40783370479515e-113	3.72147799813483	6.46078034964051	1.85252105975537e-16	1	34	62	0.000108407785413208	1	0	8.0244868049102	4.41072532279917
ICAM2	ITGB2	R-HSA-202733	REACTOME_CELL_SURFACE_INTERACTIONS_AT_THE_VASCULAR_WALL	8.63182436830174e-114	2.62918323871232e-113	5.82596101081349	12.3368834303179	5.59645979498863e-20	1	18	34	8.5231099844094e-07	1	0	4.29045756907541	1.04431899592698
HBEGF	ERBB4	R-HSA-9018519	REACTOME_ESTROGEN_DEPENDENT_GENE_EXPRESSION	1.11103198782932e-113	3.36693450118834e-113	3.30168227086631	6.46078034964051	2.61699532675012e-16	1	34	62	0.000108407785413208	1	0	1.31124413699656	4.41072532279917
ITGAM	ITGB2	R-HSA-202733	REACTOME_CELL_SURFACE_INTERACTIONS_AT_THE_VASCULAR_WALL	3.86126712405138e-113	1.16423054194882e-112	16.3485734032423	12.3368834303179	2.50345990551201e-19	1	18	34	8.5231099844094e-07	1	0	-5.7325311973305	1.04431899592698
FARP2	NRP1	R-HSA-373755	REACTOME_SEMAPHORIN_INTERACTIONS	5.65979145572507e-113	1.69793743671752e-112	1.25256168248729	1.03115643751621	5.73532452816597e-09	1	19	36	4.66324773152283e-07	1	0	5.64334320570093	-2.90768596206382
ADAM17	ERBB4	R-HSA-9018519	REACTOME_ESTROGEN_DEPENDENT_GENE_EXPRESSION	1.2405363972528e-112	3.70300114579962e-112	1.55631472933652	6.46078034964051	2.92203823997617e-15	1	34	62	0.000108407785413208	1	0	6.84087758851854	4.41072532279917
COL9A2	ITGA2	R-HSA-6806834	REACTOME_SIGNALING_BY_MET	5.01661971090733e-112	1.49001092906053e-111	7.52060459482562	1.1346304978884	3.519610649953e-14	1	21	39	1.90443719241193e-06	1	0	1.6202126935543	-0.180499601866657
B2M	TREM2	R-HSA-373755	REACTOME_SEMAPHORIN_INTERACTIONS	6.13939197397337e-112	1.8144638655753e-111	3.25565429651832	14.7362718578068	9.99474453104029e-21	1	18	34	1.21212969480093e-06	1	0	-2.38849676569512	6.27981671569481
B2M	TYROBP	R-HSA-373755	REACTOME_SEMAPHORIN_INTERACTIONS	1.62818016055995e-111	4.78829337859255e-111	3.25565429651832	11.566441654541	3.2870570169316e-18	1	19	35	8.7784206455439e-07	1	0	-2.38849676569512	7.80662672944929
FYN	KIT	R-HSA-2219530	REACTOME_CONSTITUTIVE_SIGNALING_BY_ABERRANT_PI3K_IN_CANCER	2.46993706344236e-111	7.22819817095631e-111	1.02015240608861	12.0543120571603	2.38768898074224e-18	1	18	33	4.18535298447441e-07	1	0	-6.06156477921816	3.46365333634525
FYN	TREM2	R-HSA-373755	REACTOME_SEMAPHORIN_INTERACTIONS	2.03830007466647e-110	5.93592753451649e-110	1.02015240608861	14.7362718578068	3.31829090083442e-19	1	18	34	1.21212969480093e-06	1	0	-6.06156477921816	6.27981671569481
UBC	TLR4	R-HSA-9820952	REACTOME_RESPIRATORY_SYNCYTIAL_VIRUS_INFECTION_PATHWAY	2.38254383311777e-110	6.90475081733644e-110	3.72147799813483	5.03070304126681	2.30228873878473e-18	1	21	39	3.87471111564141e-06	1	0	8.0244868049102	4.52038483304017
FYN	TYROBP	R-HSA-373755	REACTOME_SEMAPHORIN_INTERACTIONS	5.40561631658118e-110	1.5590110826082e-109	1.02015240608861	11.566441654541	1.09131467602132e-16	1	19	35	8.7784206455439e-07	1	0	-6.06156477921816	7.80662672944929
COL7A1	ITGA2	R-HSA-6806834	REACTOME_SIGNALING_BY_MET	5.97479332889834e-109	1.71488058526553e-108	2.05090696553428	1.1346304978884	4.19185576015196e-11	1	21	39	1.90443719241193e-06	1	0	10.0672710018066	-0.180499601866657
MMP9	ITGAM	R-HSA-202733	REACTOME_CELL_SURFACE_INTERACTIONS_AT_THE_VASCULAR_WALL	2.19232945620662e-108	6.26229992992991e-108	14.7218489488995	16.3485734032423	4.70337222297883e-20	1	17	32	8.5231099844094e-07	1	0	5.96647787249181	-5.7325311973305
ITGB2	ITGAL	R-HSA-202733	REACTOME_CELL_SURFACE_INTERACTIONS_AT_THE_VASCULAR_WALL	4.02549555873822e-108	1.14439088026987e-107	12.3368834303179	11.8805882496855	4.44895704489446e-20	1	18	33	8.5231099844094e-07	1	0	1.04431899592698	3.74776733530122
ITGB2	ITGAM	R-HSA-202733	REACTOME_CELL_SURFACE_INTERACTIONS_AT_THE_VASCULAR_WALL	1.16690932230964e-107	3.30163443326472e-107	12.3368834303179	16.3485734032423	2.50345990551201e-19	1	17	32	8.5231099844094e-07	1	0	1.04431899592698	-5.7325311973305
ICAM3	ITGAL	R-HSA-202733	REACTOME_CELL_SURFACE_INTERACTIONS_AT_THE_VASCULAR_WALL	4.70137706152341e-107	1.32392552157051e-106	6.44589507955832	11.8805882496855	5.19593781520056e-19	1	18	33	8.5231099844094e-07	1	0	3.34286849232053	3.74776733530122
NRG1	ERBB4	R-HSA-2219530	REACTOME_CONSTITUTIVE_SIGNALING_BY_ABERRANT_PI3K_IN_CANCER	6.05514448643476e-107	1.69714613070495e-106	9.32017664817934	6.46078034964051	6.56035709135477e-19	1	17	32	8.8949168590046e-07	1	0	3.88034384524645	4.41072532279917
ICAM5	ITGAL	R-HSA-202733	REACTOME_CELL_SURFACE_INTERACTIONS_AT_THE_VASCULAR_WALL	2.44374432257842e-106	6.81736149803419e-106	4.08467800051156	11.8805882496855	2.70081369143628e-18	1	18	33	8.5231099844094e-07	1	0	-1.98234956614577	3.74776733530122
ICAM2	ITGAL	R-HSA-202733	REACTOME_CELL_SURFACE_INTERACTIONS_AT_THE_VASCULAR_WALL	7.28759808072028e-106	2.02357956008838e-105	5.82596101081349	11.8805882496855	8.05421602098165e-18	1	18	33	8.5231099844094e-07	1	0	4.29045756907541	3.74776733530122
C3	ITGAM	R-HSA-202733	REACTOME_CELL_SURFACE_INTERACTIONS_AT_THE_VASCULAR_WALL	1.25219749741501e-105	3.46093474979983e-105	6.19331696315365	16.3485734032423	2.68643515706624e-17	1	17	32	8.5231099844094e-07	1	0	1.46898344991115	-5.7325311973305
ICAM2	ITGAM	R-HSA-202733	REACTOME_CELL_SURFACE_INTERACTIONS_AT_THE_VASCULAR_WALL	2.11252652339378e-105	5.81188172565017e-105	5.82596101081349	16.3485734032423	4.5321648816545e-17	1	17	32	8.5231099844094e-07	1	0	4.29045756907541	-5.7325311973305
MMP7	ERBB4	R-HSA-2219530	REACTOME_CONSTITUTIVE_SIGNALING_BY_ABERRANT_PI3K_IN_CANCER	9.76444157646183e-105	2.67402367942556e-104	4.73135537759719	6.46078034964051	1.05791403793534e-16	1	17	32	8.8949168590046e-07	1	0	-3.81424458751365	4.41072532279917
UBC	ERBB4	R-HSA-2219530	REACTOME_CONSTITUTIVE_SIGNALING_BY_ABERRANT_PI3K_IN_CANCER	1.70985855263338e-104	4.66112125991839e-104	3.72147799813483	6.46078034964051	1.85252105975537e-16	1	17	32	8.8949168590046e-07	1	0	8.0244868049102	4.41072532279917
HBEGF	ERBB4	R-HSA-2219530	REACTOME_CONSTITUTIVE_SIGNALING_BY_ABERRANT_PI3K_IN_CANCER	2.41546071397222e-104	6.55468202837006e-104	3.30168227086631	6.46078034964051	2.61699532675012e-16	1	17	32	8.8949168590046e-07	1	0	1.31124413699656	4.41072532279917
CAP1	ROBO1	R-HSA-376176	REACTOME_SIGNALING_BY_ROBO_RECEPTORS	1.0414420160289e-103	2.81330716547172e-103	5.14508028528768	8.919537004486	2.18804844127757e-19	1	51	93	0.00261258985513863	1	0	2.59175308821683	-0.366226356628371
ADAM28	ITGA4	R-HSA-202733	REACTOME_CELL_SURFACE_INTERACTIONS_AT_THE_VASCULAR_WALL	2.43198398576452e-103	6.54006504279918e-103	12.7122795460957	17.7737760861523	8.89390135757856e-21	1	17	31	8.5231099844094e-07	1	0	-5.55252127354411	-6.2406795308802
ADAM17	ERBB4	R-HSA-2219530	REACTOME_CONSTITUTIVE_SIGNALING_BY_ABERRANT_PI3K_IN_CANCER	2.69701229545256e-103	7.22025264746718e-103	1.55631472933652	6.46078034964051	2.92203823997617e-15	1	17	32	8.8949168590046e-07	1	0	6.84087758851854	4.41072532279917
ADAM17	ITGA5	R-HSA-202733	REACTOME_CELL_SURFACE_INTERACTIONS_AT_THE_VASCULAR_WALL	2.83134659330792e-103	7.54604426877154e-103	1.55631472933652	2.78879934520925	6.07430460914042e-15	1	17	32	8.5231099844094e-07	1	0	6.84087758851854	6.42138509010675
TGFB1	SDC2	R-HSA-202733	REACTOME_CELL_SURFACE_INTERACTIONS_AT_THE_VASCULAR_WALL	6.19010517830805e-103	1.6424412406444e-102	2.75886927954244	7.51615383509721	2.26375605970946e-20	1	17	31	8.5231099844094e-07	1	0	4.89276122538328	-4.65646412220502
SPP1	ITGA5	R-HSA-202733	REACTOME_CELL_SURFACE_INTERACTIONS_AT_THE_VASCULAR_WALL	3.67029794848668e-102	9.69543307631216e-102	2.21220725727801	2.78879934520925	7.87417117992756e-14	1	17	32	8.5231099844094e-07	1	0	-0.939022131345595	6.42138509010675
ADAM15	ITGA5	R-HSA-202733	REACTOME_CELL_SURFACE_INTERACTIONS_AT_THE_VASCULAR_WALL	4.9285394224009e-102	1.29618415646402e-101	1.03646729567784	2.78879934520925	1.05735729424929e-13	1	17	32	8.5231099844094e-07	1	0	-6.2406795308802	6.42138509010675
RPS19	C5AR1	R-HSA-375276	REACTOME_PEPTIDE_LIGAND_BINDING_RECEPTORS	5.84648049971342e-102	1.53085476242496e-101	7.09294243707184	14.0215170459689	3.00336026180257e-23	1	9	18	4.62192570819942e-09	1	0	7.19357845992674	5.61226049489532
FYN	SPN	R-HSA-202733	REACTOME_CELL_SURFACE_INTERACTIONS_AT_THE_VASCULAR_WALL	5.91989039328671e-102	1.54330767021492e-101	1.02015240608861	3.96241854831403	2.70681219713068e-16	1	17	31	5.29822537805613e-07	1	0	-6.06156477921816	6.88785228570979
C5	C5AR1	R-HSA-375276	REACTOME_PEPTIDE_LIGAND_BINDING_RECEPTORS	1.01277506164366e-101	2.62881179044029e-101	8.20096185587658	14.0215170459689	5.20266573100572e-23	1	9	18	4.62192570819942e-09	1	0	9.52053004325588	5.61226049489532
VASP	ROBO1	R-HSA-376176	REACTOME_SIGNALING_BY_ROBO_RECEPTORS	7.01392457563153e-100	1.81268959811776e-99	1.48124789981651	8.919537004486	1.47361125235447e-15	1	51	93	0.00261258985513863	1	0	-5.89827306758834	-0.366226356628371
GNAS	ADCY1	R-HSA-9662851	REACTOME_ANTI_INFLAMMATORY_RESPONSE_FAVOURING_LEISHMANIA_PARASITE_INFECTION	7.18018018715844e-100	1.84765843609206e-99	3.40619783913545	9.56995624577153	6.85377830993325e-18	1	17	32	2.12608397808786e-06	1	0	4.1914671301087	4.99454287731042
GNAS	ADCY8	R-HSA-9662851	REACTOME_ANTI_INFLAMMATORY_RESPONSE_FAVOURING_LEISHMANIA_PARASITE_INFECTION	8.9458591054195e-100	2.29213643173195e-99	3.40619783913545	13.441220411549	8.53919170581534e-18	1	17	32	2.12608397808786e-06	1	0	4.1914671301087	4.9837220378414
NRP1	ROBO1	R-HSA-376176	REACTOME_SIGNALING_BY_ROBO_RECEPTORS	8.06150316655641e-99	2.05671683351888e-98	1.03115643751621	8.919537004486	1.69370537835575e-14	1	51	93	0.00261258985513863	1	0	-2.90768596206382	-0.366226356628371
SDCBP	EPHB6	R-HSA-3928662	REACTOME_EPHB_MEDIATED_FORWARD_SIGNALING	9.92683104265304e-99	2.52183750317611e-98	2.66386440671821	10.6685484029851	5.43386697931607e-19	1	15	29	1.439257821631e-06	1	0	8.77938393449899	3.36560992676541
SPP1	ITGA4	R-HSA-202733	REACTOME_CELL_SURFACE_INTERACTIONS_AT_THE_VASCULAR_WALL	5.09299415404546e-98	1.28835487710387e-97	2.21220725727801	17.7737760861523	1.86253642647096e-15	1	17	31	8.5231099844094e-07	1	0	-0.939022131345595	-6.2406795308802
C3	C5AR2	R-HSA-375276	REACTOME_PEPTIDE_LIGAND_BINDING_RECEPTORS	1.88955354767491e-97	4.75976146819376e-97	6.19331696315365	7.93180350622486	9.70671164970628e-19	1	9	18	4.62192570819942e-09	1	0	1.46898344991115	-3.78315480362727
FYN	EPHB6	R-HSA-3928662	REACTOME_EPHB_MEDIATED_FORWARD_SIGNALING	3.20531573335317e-97	8.04022475971361e-97	1.02015240608861	10.6685484029851	1.75456389324172e-17	1	15	29	1.439257821631e-06	1	0	-6.06156477921816	3.36560992676541
CXCL13	CXCR5	R-HSA-375276	REACTOME_PEPTIDE_LIGAND_BINDING_RECEPTORS	5.29804596279373e-97	1.32340311288195e-96	16.5781978920175	8.80396563371875	2.72162726115963e-18	1	9	18	4.62192570819942e-09	1	0	3.9070934479228	-4.66072585156622
C5	C5AR2	R-HSA-375276	REACTOME_PEPTIDE_LIGAND_BINDING_RECEPTORS	3.08948223431948e-96	7.68508705786971e-96	8.20096185587658	7.93180350622486	1.58707929882858e-17	1	9	18	4.62192570819942e-09	1	0	9.52053004325588	-3.78315480362727
C3	C3AR1	R-HSA-375276	REACTOME_PEPTIDE_LIGAND_BINDING_RECEPTORS	1.88887514730649e-95	4.67908075909532e-95	6.19331696315365	4.25081734614563	1.88078556986582e-19	1	9	18	8.63138822607749e-09	1	0	1.46898344991115	7.25225818968644
TGFB1	ITGB8	R-HSA-2173789	REACTOME_TGF_BETA_RECEPTOR_SIGNALING_ACTIVATES_SMADS	8.84052318517198e-95	2.18090592625937e-94	2.75886927954244	1.34528235401435	9.05540124187929e-16	1	18	33	3.12724676064378e-06	1	0	4.89276122538328	4.51491433101541
TGFB1	ITGB5	R-HSA-2173789	REACTOME_TGF_BETA_RECEPTOR_SIGNALING_ACTIVATES_SMADS	6.58137047150549e-94	1.61690459732049e-93	2.75886927954244	1.05169398977522	6.74133748564782e-15	1	18	33	3.12724676064378e-06	1	0	4.89276122538328	-5.79890262089519
TGFB1	SDC2	R-HSA-196854	REACTOME_METABOLISM_OF_VITAMINS_AND_COFACTORS	1.16957567182741e-93	2.86162572164329e-93	2.75886927954244	7.51615383509721	2.26375605970946e-20	1	15	29	3.87471111564141e-06	1	0	4.89276122538328	-4.65646412220502
TGFB3	ITGB8	R-HSA-2173789	REACTOME_TGF_BETA_RECEPTOR_SIGNALING_ACTIVATES_SMADS	5.86402845979669e-92	1.42890815938719e-91	1.52627286823427	1.34528235401435	6.006559734646e-13	1	18	33	3.12724676064378e-06	1	0	-3.06089638891397	4.51491433101541
NRG1	ERBB4	R-HSA-1236394	REACTOME_SIGNALING_BY_ERBB4	6.04587467211817e-92	1.46723056067258e-91	9.32017664817934	6.46078034964051	6.56035709135477e-19	1	15	29	4.0271232118316e-06	1	0	3.88034384524645	4.41072532279917
TGFB1	ITGB5	R-HSA-397014	REACTOME_MUSCLE_CONTRACTION	1.42522362516744e-91	3.44477127216584e-91	2.75886927954244	1.05169398977522	6.74133748564782e-15	1	13	25	3.84871883525672e-07	1	0	4.89276122538328	-5.79890262089519
SPP1	ITGB5	R-HSA-2173789	REACTOME_TGF_BETA_RECEPTOR_SIGNALING_ACTIVATES_SMADS	3.55676635416198e-91	8.56205448965605e-91	2.21220725727801	1.05169398977522	3.64321723793164e-12	1	18	33	3.12724676064378e-06	1	0	-0.939022131345595	-5.79890262089519
TGFB3	ITGB5	R-HSA-2173789	REACTOME_TGF_BETA_RECEPTOR_SIGNALING_ACTIVATES_SMADS	4.36550450024333e-91	1.04666915126316e-90	1.52627286823427	1.05169398977522	4.47161260085129e-12	1	18	33	3.12724676064378e-06	1	0	-3.06089638891397	-5.79890262089519
MMP7	ERBB4	R-HSA-1236394	REACTOME_SIGNALING_BY_ERBB4	9.74949320313701e-90	2.32817897690912e-89	4.73135537759719	6.46078034964051	1.05791403793534e-16	1	15	29	4.0271232118316e-06	1	0	-3.81424458751365	4.41072532279917
COL9A2	ITGA2	R-HSA-3000171	REACTOME_NON_INTEGRIN_MEMBRANE_ECM_INTERACTIONS	1.21548726509364e-89	2.89101951099962e-89	7.52060459482562	1.1346304978884	3.519610649953e-14	1	9	18	9.76607010608143e-09	1	0	1.6202126935543	-0.180499601866657
TLN1	ITGB5	R-HSA-2173789	REACTOME_TGF_BETA_RECEPTOR_SIGNALING_ACTIVATES_SMADS	1.68936870147769e-89	4.0021948999293e-89	1.94165305389488	1.05169398977522	1.73043055449613e-10	1	18	33	3.12724676064378e-06	1	0	-0.242423885978752	-5.79890262089519
UBC	ERBB4	R-HSA-1236394	REACTOME_SIGNALING_BY_ERBB4	1.7072409319761e-89	4.02854876043371e-89	3.72147799813483	6.46078034964051	1.85252105975537e-16	1	15	29	4.0271232118316e-06	1	0	8.0244868049102	4.41072532279917
HBEGF	ERBB4	R-HSA-1236394	REACTOME_SIGNALING_BY_ERBB4	2.41176288770933e-89	5.66859229906484e-89	3.30168227086631	6.46078034964051	2.61699532675012e-16	1	15	29	4.0271232118316e-06	1	0	1.31124413699656	4.41072532279917
SPP1	ITGB5	R-HSA-397014	REACTOME_MUSCLE_CONTRACTION	7.70232804717455e-89	1.80325091927969e-88	2.21220725727801	1.05169398977522	3.64321723793164e-12	1	13	25	3.84871883525672e-07	1	0	-0.939022131345595	-5.79890262089519
TGFB3	ITGB5	R-HSA-397014	REACTOME_MUSCLE_CONTRACTION	9.45368472487513e-89	2.20462882060565e-88	1.52627286823427	1.05169398977522	4.47161260085129e-12	1	13	25	3.84871883525672e-07	1	0	-3.06089638891397	-5.79890262089519
ADAM17	ERBB4	R-HSA-1236394	REACTOME_SIGNALING_BY_ERBB4	2.69288344217014e-88	6.25545297655864e-88	1.55631472933652	6.46078034964051	2.92203823997617e-15	1	15	29	4.0271232118316e-06	1	0	6.84087758851854	4.41072532279917
PTDSS1	JMJD6	R-HSA-3247509	REACTOME_CHROMATIN_MODIFYING_ENZYMES	2.72592666125996e-87	6.30766750686899e-87	1.935276324888	1.65115849201025	1.82030414572096e-14	1	35	65	0.00113125846369593	1	0	1.50169873014865	4.92637863951404
TLN1	ITGB5	R-HSA-397014	REACTOME_MUSCLE_CONTRACTION	3.65839940995402e-87	8.43268126541524e-87	1.94165305389488	1.05169398977522	1.73043055449613e-10	1	13	25	3.84871883525672e-07	1	0	-0.242423885978752	-5.79890262089519
COL7A1	ITGA2	R-HSA-3000171	REACTOME_NON_INTEGRIN_MEMBRANE_ECM_INTERACTIONS	1.44764515178467e-86	3.32401598313633e-86	2.05090696553428	1.1346304978884	4.19185576015196e-11	1	9	18	9.76607010608143e-09	1	0	10.0672710018066	-0.180499601866657
VEGFA	NRP1	R-HSA-376176	REACTOME_SIGNALING_BY_ROBO_RECEPTORS	1.8162175570624e-84	4.15433671098181e-84	1.70299899440925	1.03115643751621	1.40119825160643e-13	1	46	84	0.00367604444839696	1	0	-6.2406795308802	-2.90768596206382
GNAS	ADCY1	R-HSA-9664323	REACTOME_FCGR3A_MEDIATED_IL10_SYNTHESIS	2.53158062134714e-84	5.7685253089475e-84	3.40619783913545	9.56995624577153	6.85377830993325e-18	1	13	25	2.36150058169061e-06	1	0	4.1914671301087	4.99454287731042
GNAS	ADCY8	R-HSA-9664323	REACTOME_FCGR3A_MEDIATED_IL10_SYNTHESIS	3.15412189698049e-84	7.15973677755647e-84	3.40619783913545	13.441220411549	8.53919170581534e-18	1	13	25	2.36150058169061e-06	1	0	4.1914671301087	4.9837220378414
GNAS	ADCY1	R-HSA-112040	REACTOME_G_PROTEIN_MEDIATED_EVENTS	5.06315014008459e-84	1.14496236122368e-83	3.40619783913545	9.56995624577153	6.85377830993325e-18	1	14	26	2.36150058169061e-06	1	0	4.1914671301087	4.99454287731042
GNAS	ADCY8	R-HSA-112040	REACTOME_G_PROTEIN_MEDIATED_EVENTS	6.30822996110728e-84	1.42113708935134e-83	3.40619783913545	13.441220411549	8.53919170581534e-18	1	14	26	2.36150058169061e-06	1	0	4.1914671301087	4.9837220378414
TGFB1	SDC2	R-HSA-3781865	REACTOME_DISEASES_OF_GLYCOSYLATION	9.2815292087585e-83	2.07530821634038e-82	2.75886927954244	7.51615383509721	2.26375605970946e-20	1	13	25	4.83468373763769e-06	1	0	4.89276122538328	-4.65646412220502
TGFB1	SDC2	R-HSA-5668914	REACTOME_DISEASES_OF_METABOLISM	9.2815292087585e-83	2.07530821634038e-82	2.75886927954244	7.51615383509721	2.26375605970946e-20	1	13	25	4.83468373763769e-06	1	0	4.89276122538328	-4.65646412220502
FYN	NRP1	R-HSA-376176	REACTOME_SIGNALING_BY_ROBO_RECEPTORS	1.32803137894822e-82	2.95833855683615e-82	1.02015240608861	1.03115643751621	1.02456626907103e-11	1	46	84	0.00367604444839696	1	0	-6.06156477921816	-2.90768596206382
COL9A2	ITGA2	R-HSA-3000178	REACTOME_ECM_PROTEOGLYCANS	6.91445687877634e-82	1.53454674967639e-81	7.52060459482562	1.1346304978884	3.519610649953e-14	1	9	17	9.76607010608143e-09	1	0	1.6202126935543	-0.180499601866657
YWHAZ	CSF2RB	R-HSA-512988	REACTOME_INTERLEUKIN_3_INTERLEUKIN_5_AND_GM_CSF_SIGNALING	4.32430095402685e-81	9.56150988723715e-81	2.14063456809179	8.57635899760438	5.67472350083986e-18	1	14	26	4.0271232118316e-06	1	0	1.51893619520169	4.97683137445816
NRG1	ERBB4	R-HSA-1227986	REACTOME_SIGNALING_BY_ERBB2	7.7254619999044e-81	1.70188221916713e-80	9.32017664817934	6.46078034964051	6.56035709135477e-19	1	14	26	4.97117233637941e-06	1	0	3.88034384524645	4.41072532279917
TGFB1	SDC2	R-HSA-3000171	REACTOME_NON_INTEGRIN_MEMBRANE_ECM_INTERACTIONS	5.37210660465194e-80	1.17909839815339e-79	2.75886927954244	7.51615383509721	2.26375605970946e-20	1	7	14	1.29485149671924e-08	1	0	4.89276122538328	-4.65646412220502
FARP2	NRP1	R-HSA-376176	REACTOME_SIGNALING_BY_ROBO_RECEPTORS	7.43406373192615e-80	1.62569086005857e-79	1.25256168248729	1.03115643751621	5.73532452816597e-09	1	46	84	0.00367604444839696	1	0	5.64334320570093	-2.90768596206382
COL7A1	ITGA2	R-HSA-3000178	REACTOME_ECM_PROTEOGLYCANS	8.23511711331139e-79	1.7942937651996e-78	2.05090696553428	1.1346304978884	4.19185576015196e-11	1	9	17	9.76607010608143e-09	1	0	10.0672710018066	-0.180499601866657
TGFB1	ACVRL1	R-HSA-201451	REACTOME_SIGNALING_BY_BMP	1.21465166753537e-78	2.63689834734042e-78	2.75886927954244	6.5823404692346	1.09123443448178e-19	1	9	17	9.16865109798654e-08	1	0	4.89276122538328	4.4228263824092
MMP7	ERBB4	R-HSA-1227986	REACTOME_SIGNALING_BY_ERBB2	1.24579723106918e-78	2.69471357589965e-78	4.73135537759719	6.46078034964051	1.05791403793534e-16	1	14	26	4.97117233637941e-06	1	0	-3.81424458751365	4.41072532279917
TGFB1	SDC2	R-HSA-1638091	REACTOME_HEPARAN_SULFATE_HEPARIN_HS_GAG_METABOLISM	1.54134963896326e-78	3.32197016050926e-78	2.75886927954244	7.51615383509721	2.26375605970946e-20	1	9	18	5.23843516332029e-07	1	0	4.89276122538328	-4.65646412220502
GNAS	ADCY1	R-HSA-163685	REACTOME_INTEGRATION_OF_ENERGY_METABOLISM	1.73540331192879e-78	3.72674740007729e-78	3.40619783913545	9.56995624577153	6.85377830993325e-18	1	20	37	0.000115952997249133	1	0	4.1914671301087	4.99454287731042
GNAS	ADCY8	R-HSA-163685	REACTOME_INTEGRATION_OF_ENERGY_METABOLISM	2.1621565357592e-78	4.62655000662451e-78	3.40619783913545	13.441220411549	8.53919170581534e-18	1	20	37	0.000115952997249133	1	0	4.1914671301087	4.9837220378414
UBC	ERBB4	R-HSA-1227986	REACTOME_SIGNALING_BY_ERBB2	2.18152470237063e-78	4.65132231184023e-78	3.72147799813483	6.46078034964051	1.85252105975537e-16	1	14	26	4.97117233637941e-06	1	0	8.0244868049102	4.41072532279917
HBEGF	ERBB4	R-HSA-1227986	REACTOME_SIGNALING_BY_ERBB2	3.08176790824055e-78	6.54738591181355e-78	3.30168227086631	6.46078034964051	2.61699532675012e-16	1	14	26	4.97117233637941e-06	1	0	1.31124413699656	4.41072532279917
COL9A2	ITGA2	R-HSA-8875878	REACTOME_MET_PROMOTES_CELL_MOTILITY	6.72137590233072e-78	1.42292957932321e-77	7.52060459482562	1.1346304978884	3.519610649953e-14	1	9	17	2.70892906084226e-08	1	0	1.6202126935543	-0.180499601866657
ADAM17	ERBB4	R-HSA-1227986	REACTOME_SIGNALING_BY_ERBB2	3.44098576813015e-77	7.25889930591412e-77	1.55631472933652	6.46078034964051	2.92203823997617e-15	1	14	26	4.97117233637941e-06	1	0	6.84087758851854	4.41072532279917
UBC	TLR4	R-HSA-9833110	REACTOME_RSV_HOST_INTERACTIONS	4.45112768527333e-77	9.35677192995837e-77	3.72147799813483	5.03070304126681	2.30228873878473e-18	1	14	26	8.7860192107442e-06	1	0	8.0244868049102	4.52038483304017
TGFB1	ITGB5	R-HSA-3000171	REACTOME_NON_INTEGRIN_MEMBRANE_ECM_INTERACTIONS	5.91131623170928e-77	1.23826518958963e-76	2.75886927954244	1.05169398977522	6.74133748564782e-15	1	8	15	5.84519089973456e-09	1	0	4.89276122538328	-5.79890262089519
TGFB3	ACVRL1	R-HSA-201451	REACTOME_SIGNALING_BY_BMP	8.05693486457199e-76	1.68181472522709e-75	1.52627286823427	6.5823404692346	7.23829308071299e-17	1	9	17	9.16865109798654e-08	1	0	-3.06089638891397	4.4228263824092
COL7A1	ITGA2	R-HSA-8875878	REACTOME_MET_PROMOTES_CELL_MOTILITY	8.00515769910739e-75	1.66518437155649e-74	2.05090696553428	1.1346304978884	4.19185576015196e-11	1	9	17	2.70892906084226e-08	1	0	10.0672710018066	-0.180499601866657
GNAS	ADCY1	R-HSA-111885	REACTOME_OPIOID_SIGNALLING	1.05863587100852e-74	2.19446394094473e-74	3.40619783913545	9.56995624577153	6.85377830993325e-18	1	18	33	7.63214887138257e-05	1	0	4.1914671301087	4.99454287731042
GNAS	ADCY8	R-HSA-111885	REACTOME_OPIOID_SIGNALLING	1.31896513724305e-74	2.72464424544671e-74	3.40619783913545	13.441220411549	8.53919170581534e-18	1	18	33	7.63214887138257e-05	1	0	4.1914671301087	4.9837220378414
GDF11	ACVR2A	R-HSA-201451	REACTOME_SIGNALING_BY_BMP	1.524990069553e-74	3.13937610870049e-74	1.81051813293519	2.14382479033917	1.37004025155265e-15	1	9	17	9.16865109798654e-08	1	0	-6.2406795308802	-3.35018620942279
TGFB1	ITGB5	R-HSA-3000178	REACTOME_ECM_PROTEOGLYCANS	1.5997829569801e-74	3.2820289529798e-74	2.75886927954244	1.05169398977522	6.74133748564782e-15	1	7	14	1.29485149671924e-08	1	0	4.89276122538328	-5.79890262089519
SPP1	ITGB5	R-HSA-3000171	REACTOME_NON_INTEGRIN_MEMBRANE_ECM_INTERACTIONS	3.19464931700549e-74	6.53152617209685e-74	2.21220725727801	1.05169398977522	3.64321723793164e-12	1	8	15	5.84519089973456e-09	1	0	-0.939022131345595	-5.79890262089519
TYROBP	CD300LB	R-HSA-2172127	REACTOME_DAP12_INTERACTIONS	3.79740579891458e-74	7.73737632065531e-74	11.566441654541	13.8531538930867	9.980162541838e-19	1	11	20	8.53837886598876e-07	1	0	7.80662672944929	-6.2406795308802
TGFB3	ITGB5	R-HSA-3000171	REACTOME_NON_INTEGRIN_MEMBRANE_ECM_INTERACTIONS	3.92104922882197e-74	7.96213057689359e-74	1.52627286823427	1.05169398977522	4.47161260085129e-12	1	8	15	5.84519089973456e-09	1	0	-3.06089638891397	-5.79890262089519
B2M	TYROBP	R-HSA-2172127	REACTOME_DAP12_INTERACTIONS	6.25355499677223e-74	1.26554994341458e-73	3.25565429651832	11.566441654541	3.2870570169316e-18	1	10	19	8.53837886598876e-07	1	0	-2.38849676569512	7.80662672944929
TNF	TNFRSF1B	R-HSA-6783783	REACTOME_INTERLEUKIN_10_SIGNALING	8.09741586567891e-74	1.63316124047646e-73	9.54643428399328	4.32843533599083	4.36828175657236e-19	1	7	14	5.29431861919259e-08	1	0	4.98185570787895	8.66507579891345
TGFB1	ITGB5	R-HSA-445355	REACTOME_SMOOTH_MUSCLE_CONTRACTION	8.88188105690105e-74	1.78534780840738e-73	2.75886927954244	1.05169398977522	6.74133748564782e-15	1	11	20	3.84871883525672e-07	1	0	4.89276122538328	-5.79890262089519
FYN	KIT	R-HSA-1433557	REACTOME_SIGNALING_BY_SCF_KIT	1.29297646091654e-73	2.59029176901736e-73	1.02015240608861	12.0543120571603	2.38768898074224e-18	1	16	30	5.88239366016223e-05	1	0	-6.06156477921816	3.46365333634525
FYN	KIT	R-HSA-9856649	REACTOME_TRANSCRIPTIONAL_AND_POST_TRANSLATIONAL_REGULATION_OF_MITF_M_EXPRESSION_AND_ACTIVITY	6.04938328238397e-73	1.20785345136563e-72	1.02015240608861	12.0543120571603	2.38768898074224e-18	1	14	26	1.82188434943148e-05	1	0	-6.06156477921816	3.46365333634525
TLN1	ITGB5	R-HSA-3000171	REACTOME_NON_INTEGRIN_MEMBRANE_ECM_INTERACTIONS	1.51737281309774e-72	3.01957189806451e-72	1.94165305389488	1.05169398977522	1.73043055449613e-10	1	8	15	5.84519089973456e-09	1	0	-0.242423885978752	-5.79890262089519
FYN	TYROBP	R-HSA-2172127	REACTOME_DAP12_INTERACTIONS	2.07620260620079e-72	4.11791679701618e-72	1.02015240608861	11.566441654541	1.09131467602132e-16	1	10	19	8.53837886598876e-07	1	0	-6.06156477921816	7.80662672944929
FYN	CSF1R	R-HSA-9680350	REACTOME_SIGNALING_BY_CSF1_M_CSF_IN_MYELOID_CELLS	2.40232500887084e-72	4.74896698773473e-72	1.02015240608861	13.1796260200021	8.35088339006581e-17	1	12	22	2.62501829611595e-06	1	0	-6.06156477921816	1.18078389182529
SPP1	ITGB5	R-HSA-3000178	REACTOME_ECM_PROTEOGLYCANS	8.64569806544714e-72	1.70345932180592e-71	2.21220725727801	1.05169398977522	3.64321723793164e-12	1	7	14	1.29485149671924e-08	1	0	-0.939022131345595	-5.79890262089519
NRG1	ERBB4	R-HSA-8848021	REACTOME_SIGNALING_BY_PTK6	8.86419115205434e-72	1.74076385453172e-71	9.32017664817934	6.46078034964051	6.56035709135477e-19	1	15	28	4.79233429746718e-05	1	0	3.88034384524645	4.41072532279917
TGFB3	ITGB5	R-HSA-3000178	REACTOME_ECM_PROTEOGLYCANS	1.061155838035e-71	2.07708208297343e-71	1.52627286823427	1.05169398977522	4.47161260085129e-12	1	7	14	1.29485149671924e-08	1	0	-3.06089638891397	-5.79890262089519
SPP1	ITGB5	R-HSA-445355	REACTOME_SMOOTH_MUSCLE_CONTRACTION	4.80003000007807e-71	9.36476441191701e-71	2.21220725727801	1.05169398977522	3.64321723793164e-12	1	11	20	3.84871883525672e-07	1	0	-0.939022131345595	-5.79890262089519
TGFB3	ITGB5	R-HSA-445355	REACTOME_SMOOTH_MUSCLE_CONTRACTION	5.89146164805671e-71	1.14566860061559e-70	1.52627286823427	1.05169398977522	4.47161260085129e-12	1	11	20	3.84871883525672e-07	1	0	-3.06089638891397	-5.79890262089519
B2M	TYROBP	R-HSA-2424491	REACTOME_DAP12_SIGNALING	2.71432678979663e-70	5.26121134256036e-70	3.25565429651832	11.566441654541	3.2870570169316e-18	1	9	18	2.12608397808786e-06	1	0	-2.38849676569512	7.80662672944929
TLN1	ITGB5	R-HSA-3000178	REACTOME_ECM_PROTEOGLYCANS	4.10647488753417e-70	7.93386895746893e-70	1.94165305389488	1.05169398977522	1.73043055449613e-10	1	7	14	1.29485149671924e-08	1	0	-0.242423885978752	-5.79890262089519
ST6GAL1	CD22	R-HSA-983695	REACTOME_ANTIGEN_ACTIVATES_B_CELL_RECEPTOR_BCR_LEADING_TO_GENERATION_OF_SECOND_MESSENGERS	5.88897004247088e-70	1.13410165011455e-69	3.04960575319188	14.4361174731504	1.13785828663775e-19	1	7	13	2.26050175665993e-08	1	0	6.39597864588864	1.34201048578045
TYROBP	TREM2	R-HSA-2172127	REACTOME_DAP12_INTERACTIONS	6.06628015129972e-70	1.16075937510447e-69	11.566441654541	14.7362718578068	2.81138562457847e-23	1	9	17	2.12608397808786e-06	1	0	7.80662672944929	6.27981671569481
TYROBP	TREM2	R-HSA-2424491	REACTOME_DAP12_SIGNALING	6.06628015129972e-70	1.16075937510447e-69	11.566441654541	14.7362718578068	2.81138562457847e-23	1	9	17	2.12608397808786e-06	1	0	7.80662672944929	6.27981671569481
MMP7	ERBB4	R-HSA-8848021	REACTOME_SIGNALING_BY_PTK6	1.42942710649977e-69	2.72641527980946e-69	4.73135537759719	6.46078034964051	1.05791403793534e-16	1	15	28	4.79233429746718e-05	1	0	-3.81424458751365	4.41072532279917
TLN1	ITGB5	R-HSA-445355	REACTOME_SMOOTH_MUSCLE_CONTRACTION	2.27988561542622e-69	4.33468698219571e-69	1.94165305389488	1.05169398977522	1.73043055449613e-10	1	11	20	3.84871883525672e-07	1	0	-0.242423885978752	-5.79890262089519
UBC	ERBB4	R-HSA-8848021	REACTOME_SIGNALING_BY_PTK6	2.50308032904452e-69	4.74393319504629e-69	3.72147799813483	6.46078034964051	1.85252105975537e-16	1	15	28	4.79233429746718e-05	1	0	8.0244868049102	4.41072532279917
HBEGF	ERBB4	R-HSA-8848021	REACTOME_SIGNALING_BY_PTK6	3.53601892356068e-69	6.6803901815371e-69	3.30168227086631	6.46078034964051	2.61699532675012e-16	1	15	28	4.79233429746718e-05	1	0	1.31124413699656	4.41072532279917
FYN	TYROBP	R-HSA-2424491	REACTOME_DAP12_SIGNALING	9.01166193943307e-69	1.69714895200049e-68	1.02015240608861	11.566441654541	1.09131467602132e-16	1	9	18	2.12608397808786e-06	1	0	-6.06156477921816	7.80662672944929
ADAM17	ERBB4	R-HSA-8848021	REACTOME_SIGNALING_BY_PTK6	3.94818531248767e-68	7.41215921872684e-68	1.55631472933652	6.46078034964051	2.92203823997617e-15	1	15	28	4.79233429746718e-05	1	0	6.84087758851854	4.41072532279917
TGFB1	SDC2	R-HSA-2022928	REACTOME_HS_GAG_BIOSYNTHESIS	1.63955452912279e-67	3.06838261406365e-67	2.75886927954244	7.51615383509721	2.26375605970946e-20	1	5	10	5.7053132258669e-09	1	0	4.89276122538328	-4.65646412220502
B2M	TREM2	R-HSA-2172127	REACTOME_DAP12_INTERACTIONS	2.15662055876991e-67	4.01091113266553e-67	3.25565429651832	14.7362718578068	9.99474453104029e-21	1	9	17	2.12608397808786e-06	1	0	-2.38849676569512	6.27981671569481
B2M	TREM2	R-HSA-2424491	REACTOME_DAP12_SIGNALING	2.15662055876991e-67	4.01091113266553e-67	3.25565429651832	14.7362718578068	9.99474453104029e-21	1	9	17	2.12608397808786e-06	1	0	-2.38849676569512	6.27981671569481
FYN	KIT	R-HSA-8864260	REACTOME_TRANSCRIPTIONAL_REGULATION_BY_THE_AP_2_TFAP2_FAMILY_OF_TRANSCRIPTION_FACTORS	2.16528085961433e-67	4.01451140742159e-67	1.02015240608861	12.0543120571603	2.38768898074224e-18	1	7	13	3.40298391462048e-08	1	0	-6.06156477921816	3.46365333634525
YWHAZ	CSF2RB	R-HSA-451927	REACTOME_INTERLEUKIN_2_FAMILY_SIGNALING	5.88095862424504e-67	1.08697594386201e-66	2.14063456809179	8.57635899760438	5.67472350083986e-18	1	10	19	4.0271232118316e-06	1	0	1.51893619520169	4.97683137445816
FYN	TREM2	R-HSA-2172127	REACTOME_DAP12_INTERACTIONS	7.16005732261949e-66	1.31524745280118e-65	1.02015240608861	14.7362718578068	3.31829090083442e-19	1	9	17	2.12608397808786e-06	1	0	-6.06156477921816	6.27981671569481
FYN	TREM2	R-HSA-2424491	REACTOME_DAP12_SIGNALING	7.16005732261949e-66	1.31524745280118e-65	1.02015240608861	14.7362718578068	3.31829090083442e-19	1	9	17	2.12608397808786e-06	1	0	-6.06156477921816	6.27981671569481
TGFB1	SDC2	R-HSA-2682334	REACTOME_EPH_EPHRIN_SIGNALING	2.45405070896153e-65	4.49407445782219e-65	2.75886927954244	7.51615383509721	2.26375605970946e-20	1	3	7	5.52798632104565e-10	1	0	4.89276122538328	-4.65646412220502
FYN	KIT	R-HSA-1433559	REACTOME_REGULATION_OF_KIT_SIGNALING	6.60358095021042e-63	1.20560789824942e-62	1.02015240608861	12.0543120571603	2.38768898074224e-18	1	5	10	1.53672826484043e-08	1	0	-6.06156477921816	3.46365333634525
NRG1	ERBB4	R-HSA-1227990	REACTOME_SIGNALING_BY_ERBB2_IN_CANCER	1.39145534940995e-62	2.53261842560287e-62	9.32017664817934	6.46078034964051	6.56035709135477e-19	1	8	16	4.97117233637941e-06	1	0	3.88034384524645	4.41072532279917
SDCBP	EPHB6	R-HSA-3928665	REACTOME_EPH_EPHRIN_MEDIATED_REPULSION_OF_CELLS	5.00639938341054e-61	9.0845605832708e-61	2.66386440671821	10.6685484029851	5.43386697931607e-19	1	7	13	3.41069476621918e-07	1	0	8.77938393449899	3.36560992676541
CAP1	ROBO1	R-HSA-373752	REACTOME_NETRIN_1_SIGNALING	5.87818237460063e-61	1.06341662958684e-60	5.14508028528768	8.919537004486	2.18804844127757e-19	1	8	15	2.12608397808786e-06	1	0	2.59175308821683	-0.366226356628371
COL9A2	ITGA2	R-HSA-216083	REACTOME_INTEGRIN_CELL_SURFACE_INTERACTIONS	1.04152621185646e-60	1.87852310718522e-60	7.52060459482562	1.1346304978884	3.519610649953e-14	1	6	12	8.68803394481325e-08	1	0	1.6202126935543	-0.180499601866657
MMP7	ERBB4	R-HSA-1227990	REACTOME_SIGNALING_BY_ERBB2_IN_CANCER	2.24384149643448e-60	4.03485955834755e-60	4.73135537759719	6.46078034964051	1.05791403793534e-16	1	8	16	4.97117233637941e-06	1	0	-3.81424458751365	4.41072532279917
UBC	ERBB4	R-HSA-1227990	REACTOME_SIGNALING_BY_ERBB2_IN_CANCER	3.92920736264204e-60	7.04425464113302e-60	3.72147799813483	6.46078034964051	1.85252105975537e-16	1	8	16	4.97117233637941e-06	1	0	8.0244868049102	4.41072532279917
C3	C3AR1	R-HSA-9660826	REACTOME_PURINERGIC_SIGNALING_IN_LEISHMANIASIS_INFECTION	4.13515255347568e-60	7.39127567193108e-60	6.19331696315365	4.25081734614563	1.88078556986582e-19	1	5	10	6.86523661654669e-08	1	0	1.46898344991115	7.25225818968644
HBEGF	ERBB4	R-HSA-1227990	REACTOME_SIGNALING_BY_ERBB2_IN_CANCER	5.55066149003684e-60	9.89177584940893e-60	3.30168227086631	6.46078034964051	2.61699532675012e-16	1	8	16	4.97117233637941e-06	1	0	1.31124413699656	4.41072532279917
GNAS	ADCY1	R-HSA-5610787	REACTOME_HEDGEHOG_OFF_STATE	8.20927556220161e-60	1.45861235435546e-59	3.40619783913545	9.56995624577153	6.85377830993325e-18	1	16	30	0.000456422240957909	1	0	4.1914671301087	4.99454287731042
GNAS	ADCY8	R-HSA-5610787	REACTOME_HEDGEHOG_OFF_STATE	1.02280194400083e-59	1.8119073013902e-59	3.40619783913545	13.441220411549	8.53919170581534e-18	1	16	30	0.000456422240957909	1	0	4.1914671301087	4.9837220378414
TNF	TNFRSF1B	R-HSA-5668541	REACTOME_TNFR2_NON_CANONICAL_NF_KB_PATHWAY	1.04344292249107e-59	1.84300421516913e-59	9.54643428399328	4.32843533599083	4.36828175657236e-19	1	12	23	0.000127050501441981	1	0	4.98185570787895	8.66507579891345
FYN	EPHB6	R-HSA-3928665	REACTOME_EPH_EPHRIN_MEDIATED_REPULSION_OF_CELLS	1.61653710455483e-59	2.84682198058772e-59	1.02015240608861	10.6685484029851	1.75456389324172e-17	1	7	13	3.41069476621918e-07	1	0	-6.06156477921816	3.36560992676541
ADAM17	ERBB4	R-HSA-1227990	REACTOME_SIGNALING_BY_ERBB2_IN_CANCER	6.19765918771907e-59	1.08823603972597e-58	1.55631472933652	6.46078034964051	2.92203823997617e-15	1	8	16	4.97117233637941e-06	1	0	6.84087758851854	4.41072532279917
FYN	CSF1R	R-HSA-8853884	REACTOME_TRANSCRIPTIONAL_REGULATION_BY_VENTX	3.1428152870807e-58	5.50223086917062e-58	1.02015240608861	13.1796260200021	8.35088339006581e-17	1	15	28	0.000314880951500445	1	0	-6.06156477921816	1.18078389182529
COL7A1	ITGA2	R-HSA-216083	REACTOME_INTEGRIN_CELL_SURFACE_INTERACTIONS	1.24045756327566e-57	2.16536013238471e-57	2.05090696553428	1.1346304978884	4.19185576015196e-11	1	6	12	8.68803394481325e-08	1	0	10.0672710018066	-0.180499601866657
GDF11	ACVR2A	R-HSA-9839373	REACTOME_SIGNALING_BY_TGFBR3	1.3249473829749e-57	2.30610375404085e-57	1.81051813293519	2.14382479033917	1.37004025155265e-15	1	13	24	9.17958254490623e-05	1	0	-6.2406795308802	-3.35018620942279
UBC	TLR4	R-HSA-1236975	REACTOME_ANTIGEN_PROCESSING_CROSS_PRESENTATION	2.90874894694772e-57	5.04803232944124e-57	3.72147799813483	5.03070304126681	2.30228873878473e-18	1	9	17	1.55112056149353e-05	1	0	8.0244868049102	4.52038483304017
SHANK1	ABCA1	R-HSA-9024446	REACTOME_NR1H2_AND_NR1H3_MEDIATED_SIGNALING	3.92106175373543e-57	6.78514164342043e-57	1.76328378358286	1.72102721585268	6.4874235244923e-08	1	14	27	9.17958254490623e-05	1	0	-1.46724957344129	2.9610279101225
VASP	ROBO1	R-HSA-373752	REACTOME_NETRIN_1_SIGNALING	3.95885005431848e-57	6.8307326081738e-57	1.48124789981651	8.919537004486	1.47361125235447e-15	1	8	15	2.12608397808786e-06	1	0	-5.89827306758834	-0.366226356628371
COL9A2	ITGA2	R-HSA-8874081	REACTOME_MET_ACTIVATES_PTK2_SIGNALING	4.07872477369752e-57	7.01728729077065e-57	7.52060459482562	1.1346304978884	3.519610649953e-14	1	6	11	2.51129640068483e-08	1	0	1.6202126935543	-0.180499601866657
ADAM17	ITGA5	R-HSA-1566948	REACTOME_ELASTIC_FIBRE_FORMATION	5.0636243353458e-57	8.68673485115357e-57	1.55631472933652	2.78879934520925	6.07430460914042e-15	1	6	11	3.48915690544097e-08	1	0	6.84087758851854	6.42138509010675
TGFB1	ITGB5	R-HSA-216083	REACTOME_INTEGRIN_CELL_SURFACE_INTERACTIONS	5.6196721668747e-57	9.61302086998337e-57	2.75886927954244	1.05169398977522	6.74133748564782e-15	1	6	11	3.48915690544097e-08	1	0	4.89276122538328	-5.79890262089519
RPS19	C5AR1	R-HSA-166658	REACTOME_COMPLEMENT_CASCADE	5.70871305518682e-57	9.7374334112758e-57	7.09294243707184	14.0215170459689	3.00336026180257e-23	1	3	6	1.88673056768645e-09	1	0	7.19357845992674	5.61226049489532
VEGFA	RET	R-HSA-8853659	REACTOME_RET_SIGNALING	6.59918313765968e-57	1.12242516614895e-56	1.70299899440925	6.39165593365013	1.4824947838243e-17	1	8	15	4.0271232118316e-06	1	0	-6.2406795308802	5.23784421453772
C5	C5AR1	R-HSA-166658	REACTOME_COMPLEMENT_CASCADE	9.88909860668518e-57	1.67721359891791e-56	8.20096185587658	14.0215170459689	5.20266573100572e-23	1	3	6	1.88673056768645e-09	1	0	9.52053004325588	5.61226049489532
NRG1	ERBB4	R-HSA-1251985	REACTOME_NUCLEAR_SIGNALING_BY_ERBB4	2.85538360096519e-56	4.8290765149468e-56	9.32017664817934	6.46078034964051	6.56035709135477e-19	1	7	13	1.58709648923087e-06	1	0	3.88034384524645	4.41072532279917
NRP1	ROBO1	R-HSA-373752	REACTOME_NETRIN_1_SIGNALING	4.55013194177911e-56	7.67352759672917e-56	1.03115643751621	8.919537004486	1.69370537835575e-14	1	8	15	2.12608397808786e-06	1	0	-2.90768596206382	-0.366226356628371
UBC	TLR4	R-HSA-5260271	REACTOME_DISEASES_OF_IMMUNE_SYSTEM	4.99819415550057e-56	8.40541383333475e-56	3.72147799813483	5.03070304126681	2.30228873878473e-18	1	7	14	7.20094236634042e-06	1	0	8.0244868049102	4.52038483304017
SPP1	ITGA5	R-HSA-1566948	REACTOME_ELASTIC_FIBRE_FORMATION	6.56401800254828e-56	1.10076369312397e-55	2.21220725727801	2.78879934520925	7.87417117992756e-14	1	6	11	3.48915690544097e-08	1	0	-0.939022131345595	6.42138509010675
TGFB1	ITGB8	R-HSA-1566948	REACTOME_ELASTIC_FIBRE_FORMATION	8.17816595515276e-56	1.36760926476924e-55	2.75886927954244	1.34528235401435	9.05540124187929e-16	1	5	10	8.68803394481325e-08	1	0	4.89276122538328	4.51491433101541
ADAM15	ITGA5	R-HSA-1566948	REACTOME_ELASTIC_FIBRE_FORMATION	8.81427664700824e-56	1.46986680398434e-55	1.03646729567784	2.78879934520925	1.05735729424929e-13	1	6	11	3.48915690544097e-08	1	0	-6.2406795308802	6.42138509010675
ADAM17	ITGA5	R-HSA-216083	REACTOME_INTEGRIN_CELL_SURFACE_INTERACTIONS	2.19434450349129e-55	3.64909099884207e-55	1.55631472933652	2.78879934520925	6.07430460914042e-15	1	4	9	8.68803394481325e-08	1	0	6.84087758851854	6.42138509010675
TGFB1	SDC2	R-HSA-1793185	REACTOME_CHONDROITIN_SULFATE_DERMATAN_SULFATE_METABOLISM	2.35083823562434e-55	3.85563304029596e-55	2.75886927954244	7.51615383509721	2.26375605970946e-20	1	6	12	3.87471111564141e-06	1	0	4.89276122538328	-4.65646412220502
TGFB1	SDC2	R-HSA-1971475	REACTOME_A_TETRASACCHARIDE_LINKER_SEQUENCE_IS_REQUIRED_FOR_GAG_SYNTHESIS	2.35083823562434e-55	3.85563304029596e-55	2.75886927954244	7.51615383509721	2.26375605970946e-20	1	6	12	3.87471111564141e-06	1	0	4.89276122538328	-4.65646412220502
TGFB1	SDC2	R-HSA-2024096	REACTOME_HS_GAG_DEGRADATION	2.35083823562434e-55	3.85563304029596e-55	2.75886927954244	7.51615383509721	2.26375605970946e-20	1	6	12	3.87471111564141e-06	1	0	4.89276122538328	-4.65646412220502
TGFB1	SDC2	R-HSA-3560782	REACTOME_DISEASES_ASSOCIATED_WITH_GLYCOSAMINOGLYCAN_METABOLISM	2.35083823562434e-55	3.85563304029596e-55	2.75886927954244	7.51615383509721	2.26375605970946e-20	1	6	12	3.87471111564141e-06	1	0	4.89276122538328	-4.65646412220502
TGFB1	SDC2	R-HSA-3560783	REACTOME_DEFECTIVE_B4GALT7_CAUSES_EDS_PROGEROID_TYPE	2.35083823562434e-55	3.85563304029596e-55	2.75886927954244	7.51615383509721	2.26375605970946e-20	1	6	12	3.87471111564141e-06	1	0	4.89276122538328	-4.65646412220502
TGFB1	ITGB5	R-HSA-1566948	REACTOME_ELASTIC_FIBRE_FORMATION	6.08827541096108e-55	9.95808334340757e-55	2.75886927954244	1.05169398977522	6.74133748564782e-15	1	5	10	8.68803394481325e-08	1	0	4.89276122538328	-5.79890262089519
GNAS	ADCY8	R-HSA-422356	REACTOME_REGULATION_OF_INSULIN_SECRETION	8.01704418489448e-55	1.30769819081476e-54	3.40619783913545	13.441220411549	8.53919170581534e-18	1	11	21	0.000134775174427801	1	0	4.1914671301087	4.9837220378414
ADAM28	ITGA4	R-HSA-216083	REACTOME_INTEGRIN_CELL_SURFACE_INTERACTIONS	2.46540224520013e-54	4.01047722175607e-54	12.7122795460957	17.7737760861523	8.89390135757856e-21	1	4	8	8.68803394481325e-08	1	0	-5.55252127354411	-6.2406795308802
SPP1	ITGA5	R-HSA-216083	REACTOME_INTEGRIN_CELL_SURFACE_INTERACTIONS	2.84454688397142e-54	4.61465893948624e-54	2.21220725727801	2.78879934520925	7.87417117992756e-14	1	4	9	8.68803394481325e-08	1	0	-0.939022131345595	6.42138509010675
SPP1	ITGB5	R-HSA-216083	REACTOME_INTEGRIN_CELL_SURFACE_INTERACTIONS	3.03703627855313e-54	4.91357901977294e-54	2.21220725727801	1.05169398977522	3.64321723793164e-12	1	6	11	3.48915690544097e-08	1	0	-0.939022131345595	-5.79890262089519
TGFB3	ITGB5	R-HSA-216083	REACTOME_INTEGRIN_CELL_SURFACE_INTERACTIONS	3.72759811054548e-54	6.01452992431257e-54	1.52627286823427	1.05169398977522	4.47161260085129e-12	1	6	11	3.48915690544097e-08	1	0	-3.06089638891397	-5.79890262089519
ADAM15	ITGA5	R-HSA-216083	REACTOME_INTEGRIN_CELL_SURFACE_INTERACTIONS	3.81970664324437e-54	6.1465360269997e-54	1.03646729567784	2.78879934520925	1.05735729424929e-13	1	4	9	8.68803394481325e-08	1	0	-6.2406795308802	6.42138509010675
MMP7	ERBB4	R-HSA-1251985	REACTOME_NUCLEAR_SIGNALING_BY_ERBB4	4.60455178443284e-54	7.38956294437206e-54	4.73135537759719	6.46078034964051	1.05791403793534e-16	1	7	13	1.58709648923087e-06	1	0	-3.81424458751365	4.41072532279917
COL7A1	ITGA2	R-HSA-8874081	REACTOME_MET_ACTIVATES_PTK2_SIGNALING	4.85776059829992e-54	7.77502165465161e-54	2.05090696553428	1.1346304978884	4.19185576015196e-11	1	6	11	2.51129640068483e-08	1	0	10.0672710018066	-0.180499601866657
UBC	ERBB4	R-HSA-1251985	REACTOME_NUCLEAR_SIGNALING_BY_ERBB4	8.06306452653141e-54	1.28707206479659e-53	3.72147799813483	6.46078034964051	1.85252105975537e-16	1	7	13	1.58709648923087e-06	1	0	8.0244868049102	4.41072532279917
HBEGF	ERBB4	R-HSA-1251985	REACTOME_NUCLEAR_SIGNALING_BY_ERBB4	1.13904249963041e-53	1.81335565941161e-53	3.30168227086631	6.46078034964051	2.61699532675012e-16	1	7	13	1.58709648923087e-06	1	0	1.31124413699656	4.41072532279917
C3	C5AR2	R-HSA-166658	REACTOME_COMPLEMENT_CASCADE	1.2094666003389e-53	1.92034989468703e-53	6.19331696315365	7.93180350622486	9.70671164970628e-19	1	3	6	9.54679526043829e-10	1	0	1.46898344991115	-3.78315480362727
VEGFA	NRP1	R-HSA-399954	REACTOME_SEMA3A_PAK_DEPENDENT_AXON_REPULSION	4.45797689900501e-53	7.05944882945886e-53	1.70299899440925	1.03115643751621	1.40119825160643e-13	1	6	12	8.7784206455439e-07	1	0	-6.2406795308802	-2.90768596206382
TGFB3	ITGB8	R-HSA-1566948	REACTOME_ELASTIC_FIBRE_FORMATION	5.42467871023667e-53	8.567548121723e-53	1.52627286823427	1.34528235401435	6.006559734646e-13	1	5	10	8.68803394481325e-08	1	0	-3.06089638891397	4.51491433101541
ADAM17	ERBB4	R-HSA-1251985	REACTOME_NUCLEAR_SIGNALING_BY_ERBB4	1.27181187786504e-52	2.00335538544968e-52	1.55631472933652	6.46078034964051	2.92203823997617e-15	1	7	13	1.58709648923087e-06	1	0	6.84087758851854	4.41072532279917
TLN1	ITGB5	R-HSA-216083	REACTOME_INTEGRIN_CELL_SURFACE_INTERACTIONS	1.44251084365894e-52	2.26626045701155e-52	1.94165305389488	1.05169398977522	1.73043055449613e-10	1	6	11	3.48915690544097e-08	1	0	-0.242423885978752	-5.79890262089519
C5	C5AR2	R-HSA-166658	REACTOME_COMPLEMENT_CASCADE	1.97751769424461e-52	3.09863008783211e-52	8.20096185587658	7.93180350622486	1.58707929882858e-17	1	3	6	9.54679526043829e-10	1	0	9.52053004325588	-3.78315480362727
SPP1	ITGB5	R-HSA-1566948	REACTOME_ELASTIC_FIBRE_FORMATION	3.29028326703884e-52	5.14214426812091e-52	2.21220725727801	1.05169398977522	3.64321723793164e-12	1	5	10	8.68803394481325e-08	1	0	-0.939022131345595	-5.79890262089519
TGFB3	ITGB5	R-HSA-1566948	REACTOME_ELASTIC_FIBRE_FORMATION	4.03842844288198e-52	6.2948871550928e-52	1.52627286823427	1.05169398977522	4.47161260085129e-12	1	5	10	8.68803394481325e-08	1	0	-3.06089638891397	-5.79890262089519
COL9A2	ITGA2	R-HSA-3000170	REACTOME_SYNDECAN_INTERACTIONS	7.17434810202772e-52	1.11538693148712e-51	7.52060459482562	1.1346304978884	3.519610649953e-14	1	4	8	1.29485149671924e-08	1	0	1.6202126935543	-0.180499601866657
GNAS	ADCY1	R-HSA-418597	REACTOME_G_ALPHA_Z_SIGNALLING_EVENTS	7.29846575139883e-52	1.12588735234757e-51	3.40619783913545	9.56995624577153	6.85377830993325e-18	1	5	10	8.92991365095759e-07	1	0	4.1914671301087	4.99454287731042
GNAS	ADCY1	R-HSA-977443	REACTOME_GABA_RECEPTOR_ACTIVATION	7.29846575139883e-52	1.12588735234757e-51	3.40619783913545	9.56995624577153	6.85377830993325e-18	1	5	10	8.92991365095759e-07	1	0	4.1914671301087	4.99454287731042
GNAS	ADCY1	R-HSA-977444	REACTOME_GABA_B_RECEPTOR_ACTIVATION	7.29846575139883e-52	1.12588735234757e-51	3.40619783913545	9.56995624577153	6.85377830993325e-18	1	5	10	8.92991365095759e-07	1	0	4.1914671301087	4.99454287731042
GNAS	ADCY8	R-HSA-418597	REACTOME_G_ALPHA_Z_SIGNALLING_EVENTS	9.09323228608035e-52	1.39196401917692e-51	3.40619783913545	13.441220411549	8.53919170581534e-18	1	5	10	8.92991365095759e-07	1	0	4.1914671301087	4.9837220378414
GNAS	ADCY8	R-HSA-977443	REACTOME_GABA_RECEPTOR_ACTIVATION	9.09323228608035e-52	1.39196401917692e-51	3.40619783913545	13.441220411549	8.53919170581534e-18	1	5	10	8.92991365095759e-07	1	0	4.1914671301087	4.9837220378414
GNAS	ADCY8	R-HSA-977444	REACTOME_GABA_B_RECEPTOR_ACTIVATION	9.09323228608035e-52	1.39196401917692e-51	3.40619783913545	13.441220411549	8.53919170581534e-18	1	5	10	8.92991365095759e-07	1	0	4.1914671301087	4.9837220378414
TGFB1	ITGB8	R-HSA-216083	REACTOME_INTEGRIN_CELL_SURFACE_INTERACTIONS	1.68255381783291e-51	2.56901439704923e-51	2.75886927954244	1.34528235401435	9.05540124187929e-16	1	4	9	5.29822537805613e-07	1	0	4.89276122538328	4.51491433101541
FYN	NRP1	R-HSA-399954	REACTOME_SEMA3A_PAK_DEPENDENT_AXON_REPULSION	3.25970486601872e-51	4.9643974617683e-51	1.02015240608861	1.03115643751621	1.02456626907103e-11	1	6	12	8.7784206455439e-07	1	0	-6.06156477921816	-2.90768596206382
GDF11	ACVR2A	R-HSA-1502540	REACTOME_SIGNALING_BY_ACTIVIN	9.06314015429995e-51	1.37676709214175e-50	1.81051813293519	2.14382479033917	1.37004025155265e-15	1	6	11	4.92777328111272e-07	1	0	-6.2406795308802	-3.35018620942279
TLN1	ITGB5	R-HSA-1566948	REACTOME_ELASTIC_FIBRE_FORMATION	1.56279637649711e-50	2.36799349433699e-50	1.94165305389488	1.05169398977522	1.73043055449613e-10	1	5	10	8.68803394481325e-08	1	0	-0.242423885978752	-5.79890262089519
VEGFA	RET	R-HSA-9634815	REACTOME_TRANSCRIPTIONAL_REGULATION_BY_NPAS4	1.78232380307874e-50	2.69379065933673e-50	1.70299899440925	6.39165593365013	1.4824947838243e-17	1	6	11	1.17280445437472e-06	1	0	-6.2406795308802	5.23784421453772
CXCL13	CXCR5	R-HSA-380108	REACTOME_CHEMOKINE_RECEPTORS_BIND_CHEMOKINES	1.86299527151058e-50	2.80860650780762e-50	16.5781978920175	8.80396563371875	2.72162726115963e-18	1	3	6	4.62192570819942e-09	1	0	3.9070934479228	-4.66072585156622
COL9A2	ITGA2	R-HSA-3000157	REACTOME_LAMININ_INTERACTIONS	1.96866806726489e-50	2.96044039334293e-50	7.52060459482562	1.1346304978884	3.519610649953e-14	1	4	8	2.51129640068483e-08	1	0	1.6202126935543	-0.180499601866657
GDF11	ACVR1B	R-HSA-1502540	REACTOME_SIGNALING_BY_ACTIVIN	3.64735064034172e-50	5.47102596051257e-50	1.81051813293519	1.6668082535768	5.51356053610589e-15	1	6	11	4.92777328111272e-07	1	0	-6.2406795308802	5.68988367337673
VEGFA	RET	R-HSA-9830369	REACTOME_KIDNEY_DEVELOPMENT	2.37074482890165e-49	3.54720466880773e-49	1.70299899440925	6.39165593365013	1.4824947838243e-17	1	3	6	5.71412971044906e-09	1	0	-6.2406795308802	5.23784421453772
SPP1	ITGA4	R-HSA-216083	REACTOME_INTEGRIN_CELL_SURFACE_INTERACTIONS	5.16297775629785e-49	7.70574430127454e-49	2.21220725727801	17.7737760861523	1.86253642647096e-15	1	4	8	8.68803394481325e-08	1	0	-0.939022131345595	-6.2406795308802
COL7A1	ITGA2	R-HSA-3000170	REACTOME_SYNDECAN_INTERACTIONS	8.54464752151542e-49	1.27210837165703e-48	2.05090696553428	1.1346304978884	4.19185576015196e-11	1	4	8	1.29485149671924e-08	1	0	10.0672710018066	-0.180499601866657
TGFB3	ITGB8	R-HSA-216083	REACTOME_INTEGRIN_CELL_SURFACE_INTERACTIONS	1.11605877460518e-48	1.65743056825695e-48	1.52627286823427	1.34528235401435	6.006559734646e-13	1	4	9	5.29822537805613e-07	1	0	-3.06089638891397	4.51491433101541
FARP2	NRP1	R-HSA-399954	REACTOME_SEMA3A_PAK_DEPENDENT_AXON_REPULSION	1.82471996561143e-48	2.70312114012412e-48	1.25256168248729	1.03115643751621	5.73532452816597e-09	1	6	12	8.7784206455439e-07	1	0	5.64334320570093	-2.90768596206382
TGFB1	ITGB5	R-HSA-3000170	REACTOME_SYNDECAN_INTERACTIONS	1.86870844464739e-48	2.7614330234022e-48	2.75886927954244	1.05169398977522	6.74133748564782e-15	1	4	8	8.68803394481325e-08	1	0	4.89276122538328	-5.79890262089519
C3	C3AR1	R-HSA-166658	REACTOME_COMPLEMENT_CASCADE	2.55491267181372e-48	3.76613053104392e-48	6.19331696315365	4.25081734614563	1.88078556986582e-19	1	3	6	3.08486656913608e-08	1	0	1.46898344991115	7.25225818968644
UBC	TLR4	R-HSA-936964	REACTOME_ACTIVATION_OF_IRF3_IRF7_MEDIATED_BY_TBK1_IKK_IKBKE	2.58157976483683e-48	3.79606679706303e-48	3.72147799813483	5.03070304126681	2.30228873878473e-18	1	4	9	4.87051986155304e-06	1	0	8.0244868049102	4.52038483304017
UBC	TLR4	R-HSA-937041	REACTOME_IKK_COMPLEX_RECRUITMENT_MEDIATED_BY_RIP1	2.79772457706301e-48	4.1037876474364e-48	3.72147799813483	5.03070304126681	2.30228873878473e-18	1	7	13	1.83784960760438e-05	1	0	8.0244868049102	4.52038483304017
VEGFA	NRP1	R-HSA-399956	REACTOME_CRMPS_IN_SEMA3A_SIGNALING	5.38612239455149e-48	7.88116438614519e-48	1.70299899440925	1.03115643751621	1.40119825160643e-13	1	4	9	8.7784206455439e-07	1	0	-6.2406795308802	-2.90768596206382
NRG1	ERBB4	R-HSA-1963642	REACTOME_PI3K_EVENTS_IN_ERBB2_SIGNALING	6.25206181746697e-48	9.125870183442e-48	9.32017664817934	6.46078034964051	6.56035709135477e-19	1	3	7	8.53837886598876e-07	1	0	3.88034384524645	4.41072532279917
COL7A1	ITGA2	R-HSA-3000157	REACTOME_LAMININ_INTERACTIONS	2.34468337504939e-47	3.41408774366948e-47	2.05090696553428	1.1346304978884	4.19185576015196e-11	1	4	8	2.51129640068483e-08	1	0	10.0672710018066	-0.180499601866657
ADAM17	ITGA5	R-HSA-445144	REACTOME_SIGNAL_TRANSDUCTION_BY_L1	5.09295140374756e-47	7.39779072515156e-47	1.55631472933652	2.78879934520925	6.07430460914042e-15	1	7	13	9.02751124100807e-06	1	0	6.84087758851854	6.42138509010675
ALOX5AP	ALOX5	R-HSA-2142753	REACTOME_ARACHIDONIC_ACID_METABOLISM	6.5088021980375e-47	9.43144396171939e-47	15.6921169705025	10.0699619838748	8.42829892116922e-23	1	5	10	3.9288615522922e-05	1	0	-2.62353977956236	2.69157526345574
FYN	NRP1	R-HSA-399956	REACTOME_CRMPS_IN_SEMA3A_SIGNALING	3.93837154750858e-46	5.69299712799667e-46	1.02015240608861	1.03115643751621	1.02456626907103e-11	1	4	9	8.7784206455439e-07	1	0	-6.06156477921816	-2.90768596206382
SPP1	ITGA5	R-HSA-445144	REACTOME_SIGNAL_TRANSDUCTION_BY_L1	6.60203492327587e-46	9.52032572269491e-46	2.21220725727801	2.78879934520925	7.87417117992756e-14	1	7	13	9.02751124100807e-06	1	0	-0.939022131345595	6.42138509010675
ADAM15	ITGA5	R-HSA-445144	REACTOME_SIGNAL_TRANSDUCTION_BY_L1	8.86532642420724e-46	1.27532527114499e-45	1.03646729567784	2.78879934520925	1.05735729424929e-13	1	7	13	9.02751124100807e-06	1	0	-6.2406795308802	6.42138509010675
MMP7	ERBB4	R-HSA-1963642	REACTOME_PI3K_EVENTS_IN_ERBB2_SIGNALING	1.00819877190129e-45	1.44583529753962e-45	4.73135537759719	6.46078034964051	1.05791403793534e-16	1	3	7	8.53837886598876e-07	1	0	-3.81424458751365	4.41072532279917
SPP1	ITGB5	R-HSA-3000170	REACTOME_SYNDECAN_INTERACTIONS	1.00990505707541e-45	1.44583529753962e-45	2.21220725727801	1.05169398977522	3.64321723793164e-12	1	4	8	8.68803394481325e-08	1	0	-0.939022131345595	-5.79890262089519
TGFB1	SDC2	R-HSA-3656237	REACTOME_DEFECTIVE_EXT2_CAUSES_EXOSTOSES_2	1.10715924056473e-45	1.57374777765987e-45	2.75886927954244	7.51615383509721	2.26375605970946e-20	1	4	8	3.87471111564141e-06	1	0	4.89276122538328	-4.65646412220502
TGFB1	SDC2	R-HSA-9694614	REACTOME_ATTACHMENT_AND_ENTRY	1.10715924056473e-45	1.57374777765987e-45	2.75886927954244	7.51615383509721	2.26375605970946e-20	1	4	8	3.87471111564141e-06	1	0	4.89276122538328	-4.65646412220502
TGFB1	SDC2	R-HSA-9772572	REACTOME_EARLY_SARS_COV_2_INFECTION_EVENTS	1.10715924056473e-45	1.57374777765987e-45	2.75886927954244	7.51615383509721	2.26375605970946e-20	1	4	8	3.87471111564141e-06	1	0	4.89276122538328	-4.65646412220502
TGFB3	ITGB5	R-HSA-3000170	REACTOME_SYNDECAN_INTERACTIONS	1.23953744285797e-45	1.75772886790073e-45	1.52627286823427	1.05169398977522	4.47161260085129e-12	1	4	8	8.68803394481325e-08	1	0	-3.06089638891397	-5.79890262089519
TGFB1	ITGB8	R-HSA-2129379	REACTOME_MOLECULES_ASSOCIATED_WITH_ELASTIC_FIBRES	1.46188636054329e-45	2.06811885602925e-45	2.75886927954244	1.34528235401435	9.05540124187929e-16	1	4	9	5.17553680751357e-06	1	0	4.89276122538328	4.51491433101541
UBC	ERBB4	R-HSA-1963642	REACTOME_PI3K_EVENTS_IN_ERBB2_SIGNALING	1.76546429141987e-45	2.49168364533727e-45	3.72147799813483	6.46078034964051	1.85252105975537e-16	1	3	7	8.53837886598876e-07	1	0	8.0244868049102	4.41072532279917
HBEGF	ERBB4	R-HSA-1963642	REACTOME_PI3K_EVENTS_IN_ERBB2_SIGNALING	2.49401310493071e-45	3.51161750859347e-45	3.30168227086631	6.46078034964051	2.61699532675012e-16	1	3	7	8.53837886598876e-07	1	0	1.31124413699656	4.41072532279917
TGFB1	SDC2	R-HSA-3000170	REACTOME_SYNDECAN_INTERACTIONS	4.7074860466031e-45	6.61263334075776e-45	2.75886927954244	7.51615383509721	2.26375605970946e-20	1	4	8	5.17553680751357e-06	1	0	4.89276122538328	-4.65646412220502
B2M	TYROBP	R-HSA-391160	REACTOME_SIGNAL_REGULATORY_PROTEIN_FAMILY_INTERACTIONS	5.3026542958154e-45	7.43118454131876e-45	3.25565429651832	11.566441654541	3.2870570169316e-18	1	3	7	2.38283352328349e-06	1	0	-2.38849676569512	7.80662672944929
SHANK1	ABCA1	R-HSA-9029569	REACTOME_NR1H3_NR1H2_REGULATE_GENE_EXPRESSION_LINKED_TO_CHOLESTEROL_TRANSPORT_AND_EFFLUX	1.03605166231862e-44	1.44853124684828e-44	1.76328378358286	1.72102721585268	6.4874235244923e-08	1	12	22	0.000132807138628224	1	0	-1.46724957344129	2.9610279101225
TGFB1	ITGB5	R-HSA-2129379	REACTOME_MOLECULES_ASSOCIATED_WITH_ELASTIC_FIBRES	1.08830840940655e-44	1.51803766452269e-44	2.75886927954244	1.05169398977522	6.74133748564782e-15	1	4	9	5.17553680751357e-06	1	0	4.89276122538328	-5.79890262089519
ADAM17	ERBB4	R-HSA-1963642	REACTOME_PI3K_EVENTS_IN_ERBB2_SIGNALING	2.78472093133588e-44	3.87524101633455e-44	1.55631472933652	6.46078034964051	2.92203823997617e-15	1	3	7	8.53837886598876e-07	1	0	6.84087758851854	4.41072532279917
NRG1	ERBB4	R-HSA-8863795	REACTOME_DOWNREGULATION_OF_ERBB2_SIGNALING	3.59501020021403e-44	4.9912118361111e-44	9.32017664817934	6.46078034964051	6.56035709135477e-19	1	6	12	9.4880156572928e-05	1	0	3.88034384524645	4.41072532279917
VEGFA	NRP1	R-HSA-9694614	REACTOME_ATTACHMENT_AND_ENTRY	3.98300193570702e-44	5.50428739726178e-44	1.70299899440925	1.03115643751621	1.40119825160643e-13	1	4	9	3.87471111564141e-06	1	0	-6.2406795308802	-2.90768596206382
VEGFA	NRP1	R-HSA-9772572	REACTOME_EARLY_SARS_COV_2_INFECTION_EVENTS	3.98300193570702e-44	5.50428739726178e-44	1.70299899440925	1.03115643751621	1.40119825160643e-13	1	4	9	3.87471111564141e-06	1	0	-6.2406795308802	-2.90768596206382
TLN1	ITGB5	R-HSA-3000170	REACTOME_SYNDECAN_INTERACTIONS	4.796778379583e-44	6.61357203836271e-44	1.94165305389488	1.05169398977522	1.73043055449613e-10	1	4	8	8.68803394481325e-08	1	0	-0.242423885978752	-5.79890262089519
SDCBP	EPHB6	R-HSA-3928664	REACTOME_EPHRIN_SIGNALING	9.21682444615123e-44	1.26784428441297e-43	2.66386440671821	10.6685484029851	5.43386697931607e-19	1	7	14	0.000294492946612829	1	0	8.77938393449899	3.36560992676541
UBC	TLR4	R-HSA-9824878	REACTOME_REGULATION_OF_TBK1_IKK_IKBKE_MEDIATED_ACTIVATION_OF_IRF3_IRF7	1.32511067320606e-43	1.81860016529659e-43	3.72147799813483	5.03070304126681	2.30228873878473e-18	1	3	7	4.87051986155304e-06	1	0	8.0244868049102	4.52038483304017
FYN	TYROBP	R-HSA-391160	REACTOME_SIGNAL_REGULATORY_PROTEIN_FAMILY_INTERACTIONS	1.76050017541002e-43	2.41059313009124e-43	1.02015240608861	11.566441654541	1.09131467602132e-16	1	3	7	2.38283352328349e-06	1	0	-6.06156477921816	7.80662672944929
FARP2	NRP1	R-HSA-399956	REACTOME_CRMPS_IN_SEMA3A_SIGNALING	2.20462449519613e-43	3.01180966506199e-43	1.25256168248729	1.03115643751621	5.73532452816597e-09	1	4	9	8.7784206455439e-07	1	0	5.64334320570093	-2.90768596206382
HBEGF	PRLR	R-HSA-982772	REACTOME_GROWTH_HORMONE_RECEPTOR_SIGNALING	3.42862571667351e-43	4.67326381930156e-43	3.30168227086631	14.236710900615	4.14525204463036e-15	1	7	13	3.35862258867186e-05	1	0	1.31124413699656	-6.2406795308802
ADAM17	ITGA5	R-HSA-9634597	REACTOME_GPER1_SIGNALING	4.38491063159186e-43	5.9630789226887e-43	1.55631472933652	2.78879934520925	6.07430460914042e-15	1	11	20	0.000456422240957909	1	0	6.84087758851854	6.42138509010675
TGFB3	ITGB8	R-HSA-2129379	REACTOME_MOLECULES_ASSOCIATED_WITH_ELASTIC_FIBRES	9.6968731868641e-43	1.31568938467224e-42	1.52627286823427	1.34528235401435	6.006559734646e-13	1	4	9	5.17553680751357e-06	1	0	-3.06089638891397	4.51491433101541
GNAS	ADCY1	R-HSA-9660821	REACTOME_ADORA2B_MEDIATED_ANTI_INFLAMMATORY_CYTOKINES_PRODUCTION	1.19889713101659e-42	1.62299679641021e-42	3.40619783913545	9.56995624577153	6.85377830993325e-18	1	8	16	0.000628724993790397	1	0	4.1914671301087	4.99454287731042
GNAS	ADCY8	R-HSA-9660821	REACTOME_ADORA2B_MEDIATED_ANTI_INFLAMMATORY_CYTOKINES_PRODUCTION	1.49371805949212e-42	2.01753321610135e-42	3.40619783913545	13.441220411549	8.53919170581534e-18	1	8	16	0.000628724993790397	1	0	4.1914671301087	4.9837220378414
FYN	NRP1	R-HSA-9694614	REACTOME_ATTACHMENT_AND_ENTRY	2.91239974663932e-42	3.9159969566299e-42	1.02015240608861	1.03115643751621	1.02456626907103e-11	1	4	9	3.87471111564141e-06	1	0	-6.06156477921816	-2.90768596206382
FYN	NRP1	R-HSA-9772572	REACTOME_EARLY_SARS_COV_2_INFECTION_EVENTS	2.91239974663932e-42	3.9159969566299e-42	1.02015240608861	1.03115643751621	1.02456626907103e-11	1	4	9	3.87471111564141e-06	1	0	-6.06156477921816	-2.90768596206382
FYN	EPHB6	R-HSA-3928664	REACTOME_EPHRIN_SIGNALING	2.97605875247243e-42	3.99260016904728e-42	1.02015240608861	10.6685484029851	1.75456389324172e-17	1	7	14	0.000294492946612829	1	0	-6.06156477921816	3.36560992676541
TGFB1	SDC2	R-HSA-2187338	REACTOME_VISUAL_PHOTOTRANSDUCTION	4.4946142033749e-42	5.98947473083664e-42	2.75886927954244	7.51615383509721	2.26375605970946e-20	1	4	9	0.000115421151280347	1	0	4.89276122538328	-4.65646412220502
TGFB1	SDC2	R-HSA-6806667	REACTOME_METABOLISM_OF_FAT_SOLUBLE_VITAMINS	4.4946142033749e-42	5.98947473083664e-42	2.75886927954244	7.51615383509721	2.26375605970946e-20	1	4	9	0.000115421151280347	1	0	4.89276122538328	-4.65646412220502
TGFB1	SDC2	R-HSA-9820960	REACTOME_RESPIRATORY_SYNCYTIAL_VIRUS_RSV_ATTACHMENT_AND_ENTRY	4.4946142033749e-42	5.98947473083664e-42	2.75886927954244	7.51615383509721	2.26375605970946e-20	1	4	9	0.000115421151280347	1	0	4.89276122538328	-4.65646412220502
SPP1	ITGA5	R-HSA-9634597	REACTOME_GPER1_SIGNALING	5.68419582875094e-42	7.55782830682475e-42	2.21220725727801	2.78879934520925	7.87417117992756e-14	1	11	20	0.000456422240957909	1	0	-0.939022131345595	6.42138509010675
MMP7	ERBB4	R-HSA-8863795	REACTOME_DOWNREGULATION_OF_ERBB2_SIGNALING	5.79726332631955e-42	7.69103601291726e-42	4.73135537759719	6.46078034964051	1.05791403793534e-16	1	6	12	9.4880156572928e-05	1	0	-3.81424458751365	4.41072532279917
SPP1	ITGB5	R-HSA-2129379	REACTOME_MOLECULES_ASSOCIATED_WITH_ELASTIC_FIBRES	5.88153903550622e-42	7.78554058580314e-42	2.21220725727801	1.05169398977522	3.64321723793164e-12	1	4	9	5.17553680751357e-06	1	0	-0.939022131345595	-5.79890262089519
TGFB3	ITGB5	R-HSA-2129379	REACTOME_MOLECULES_ASSOCIATED_WITH_ELASTIC_FIBRES	7.21888439419541e-42	9.53467695428022e-42	1.52627286823427	1.05169398977522	4.47161260085129e-12	1	4	9	5.17553680751357e-06	1	0	-3.06089638891397	-5.79890262089519
ADAM15	ITGA5	R-HSA-9634597	REACTOME_GPER1_SIGNALING	7.63283624921968e-42	1.00591683019518e-41	1.03646729567784	2.78879934520925	1.05735729424929e-13	1	11	20	0.000456422240957909	1	0	-6.2406795308802	6.42138509010675
UBC	ERBB4	R-HSA-8863795	REACTOME_DOWNREGULATION_OF_ERBB2_SIGNALING	1.01516304877797e-41	1.33491704872345e-41	3.72147799813483	6.46078034964051	1.85252105975537e-16	1	6	12	9.4880156572928e-05	1	0	8.0244868049102	4.41072532279917
HBEGF	ERBB4	R-HSA-8863795	REACTOME_DOWNREGULATION_OF_ERBB2_SIGNALING	1.43408731606655e-41	1.88164863228951e-41	3.30168227086631	6.46078034964051	2.61699532675012e-16	1	6	12	9.4880156572928e-05	1	0	1.31124413699656	4.41072532279917
SHANK1	ABCA1	R-HSA-174824	REACTOME_PLASMA_LIPOPROTEIN_ASSEMBLY_REMODELING_AND_CLEARANCE	2.31071536246806e-41	3.02521287586279e-41	1.76328378358286	1.72102721585268	6.4874235244923e-08	1	13	25	0.000814211989130624	1	0	-1.46724957344129	2.9610279101225
FYN	KIT	R-HSA-8866910	REACTOME_TFAP2_AP_2_FAMILY_REGULATES_TRANSCRIPTION_OF_GROWTH_FACTORS_AND_THEIR_RECEPTORS	3.12537556713181e-41	4.08282103627503e-41	1.02015240608861	12.0543120571603	2.38768898074224e-18	1	2	5	1.27200472274268e-06	1	0	-6.06156477921816	3.46365333634525
ADAM17	ERBB4	R-HSA-8863795	REACTOME_DOWNREGULATION_OF_ERBB2_SIGNALING	1.60124778755914e-40	2.08721600256072e-40	1.55631472933652	6.46078034964051	2.92203823997617e-15	1	6	12	9.4880156572928e-05	1	0	6.84087758851854	4.41072532279917
TLN1	ITGB5	R-HSA-2129379	REACTOME_MOLECULES_ASSOCIATED_WITH_ELASTIC_FIBRES	2.79357342420784e-40	3.63347131645333e-40	1.94165305389488	1.05169398977522	1.73043055449613e-10	1	4	9	5.17553680751357e-06	1	0	-0.242423885978752	-5.79890262089519
GNAS	ADCY1	R-HSA-1489509	REACTOME_DAG_AND_IP3_SIGNALING	2.96177578409332e-40	3.84386987631242e-40	3.40619783913545	9.56995624577153	6.85377830993325e-18	1	8	16	0.00116007413208627	1	0	4.1914671301087	4.99454287731042
GNAS	ADCY8	R-HSA-1489509	REACTOME_DAG_AND_IP3_SIGNALING	3.69010640063448e-40	4.77872781166765e-40	3.40619783913545	13.441220411549	8.53919170581534e-18	1	8	16	0.00116007413208627	1	0	4.1914671301087	4.9837220378414
UBC	TLR4	R-HSA-2562578	REACTOME_TRIF_MEDIATED_PROGRAMMED_CELL_DEATH	4.57073200963991e-40	5.90633551895027e-40	3.72147799813483	5.03070304126681	2.30228873878473e-18	1	2	4	3.67498296065017e-08	1	0	8.0244868049102	4.52038483304017
GNAS	ADCY1	R-HSA-9634597	REACTOME_GPER1_SIGNALING	6.28720290753948e-40	8.10682534730253e-40	3.40619783913545	9.56995624577153	6.85377830993325e-18	1	9	17	0.00116007413208627	1	0	4.1914671301087	4.99454287731042
GNAS	ADCY8	R-HSA-9634597	REACTOME_GPER1_SIGNALING	7.83328968242659e-40	1.00786076301911e-39	3.40619783913545	13.441220411549	8.53919170581534e-18	1	9	17	0.00116007413208627	1	0	4.1914671301087	4.9837220378414
FARP2	NRP1	R-HSA-9694614	REACTOME_ATTACHMENT_AND_ENTRY	1.63030525276515e-39	2.08860994828497e-39	1.25256168248729	1.03115643751621	5.73532452816597e-09	1	4	9	3.87471111564141e-06	1	0	5.64334320570093	-2.90768596206382
FARP2	NRP1	R-HSA-9772572	REACTOME_EARLY_SARS_COV_2_INFECTION_EVENTS	1.63030525276515e-39	2.08860994828497e-39	1.25256168248729	1.03115643751621	5.73532452816597e-09	1	4	9	3.87471111564141e-06	1	0	5.64334320570093	-2.90768596206382
VEGFA	NRP1	R-HSA-445144	REACTOME_SIGNAL_TRANSDUCTION_BY_L1	1.99957262281225e-39	2.55619883473001e-39	1.70299899440925	1.03115643751621	1.40119825160643e-13	1	6	11	1.77135156311403e-05	1	0	-6.2406795308802	-2.90768596206382
CAP1	ROBO1	R-HSA-428890	REACTOME_ROLE_OF_ABL_IN_ROBO_SLIT_SIGNALING	3.50196705818442e-39	4.46725284986345e-39	5.14508028528768	8.919537004486	2.18804844127757e-19	1	3	6	5.71533852355513e-06	1	0	2.59175308821683	-0.366226356628371
ITGB2	ITGAL	R-HSA-8949275	REACTOME_RUNX3_REGULATES_IMMUNE_RESPONSE_AND_CELL_MIGRATION	5.79507488288281e-39	7.37667314516213e-39	12.3368834303179	11.8805882496855	4.44895704489446e-20	1	1	3	5.06913215013957e-07	1	0	1.04431899592698	3.74776733530122
ADAM28	ITGA4	R-HSA-8949275	REACTOME_RUNX3_REGULATES_IMMUNE_RESPONSE_AND_CELL_MIGRATION	5.69456316847629e-38	7.23330683314967e-38	12.7122795460957	17.7737760861523	8.89390135757856e-21	1	1	2	2.53037011113963e-09	1	0	-5.55252127354411	-6.2406795308802
ICAM3	ITGAL	R-HSA-8949275	REACTOME_RUNX3_REGULATES_IMMUNE_RESPONSE_AND_CELL_MIGRATION	6.76806910519497e-38	8.57863536263566e-38	6.44589507955832	11.8805882496855	5.19593781520056e-19	1	1	3	5.06913215013957e-07	1	0	3.34286849232053	3.74776733530122
UBC	TLR4	R-HSA-5603041	REACTOME_IRAK4_DEFICIENCY_TLR2_4	9.28545916818631e-38	1.1744532041117e-37	3.72147799813483	5.03070304126681	2.30228873878473e-18	1	3	6	7.20094236634042e-06	1	0	8.0244868049102	4.52038483304017
GNAS	ADCY1	R-HSA-111996	REACTOME_CA_DEPENDENT_EVENTS	1.43624393916863e-37	1.81276454901411e-37	3.40619783913545	9.56995624577153	6.85377830993325e-18	1	8	15	0.00116007413208627	1	0	4.1914671301087	4.99454287731042
FYN	NRP1	R-HSA-445144	REACTOME_SIGNAL_TRANSDUCTION_BY_L1	1.46210192565011e-37	1.84150812154665e-37	1.02015240608861	1.03115643751621	1.02456626907103e-11	1	6	11	1.77135156311403e-05	1	0	-6.06156477921816	-2.90768596206382
GNAS	ADCY8	R-HSA-111996	REACTOME_CA_DEPENDENT_EVENTS	1.78943084796038e-37	2.24903203417336e-37	3.40619783913545	13.441220411549	8.53919170581534e-18	1	8	15	0.00116007413208627	1	0	4.1914671301087	4.9837220378414
ICAM5	ITGAL	R-HSA-8949275	REACTOME_RUNX3_REGULATES_IMMUNE_RESPONSE_AND_CELL_MIGRATION	3.51799701113087e-37	4.41227776396036e-37	4.08467800051156	11.8805882496855	2.70081369143628e-18	1	1	3	5.06913215013957e-07	1	0	-1.98234956614577	3.74776733530122
ICAM2	ITGAL	R-HSA-8949275	REACTOME_RUNX3_REGULATES_IMMUNE_RESPONSE_AND_CELL_MIGRATION	1.04911745592298e-36	1.31304637565204e-36	5.82596101081349	11.8805882496855	8.05421602098165e-18	1	1	3	5.06913215013957e-07	1	0	4.29045756907541	3.74776733530122
NRG1	ERBB4	R-HSA-8847993	REACTOME_ERBB2_ACTIVATES_PTK6_SIGNALING	1.35018615628724e-36	1.68632036674368e-36	9.32017664817934	6.46078034964051	6.56035709135477e-19	1	1	3	1.27200472274268e-06	1	0	3.88034384524645	4.41072532279917
CAP1	ROBO1	R-HSA-428542	REACTOME_REGULATION_OF_COMMISSURAL_AXON_PATHFINDING_BY_SLIT_AND_ROBO	4.19545368716589e-36	5.22898925101886e-36	5.14508028528768	8.919537004486	2.18804844127757e-19	1	1	2	4.37885939318977e-09	1	0	2.59175308821683	-0.366226356628371
NRG1	ERBB4	R-HSA-6785631	REACTOME_ERBB2_REGULATES_CELL_MOTILITY	5.40073947281947e-36	6.71716971931921e-36	9.32017664817934	6.46078034964051	6.56035709135477e-19	1	2	4	1.27200472274268e-06	1	0	3.88034384524645	4.41072532279917
GNAS	ADCY1	R-HSA-170670	REACTOME_ADENYLATE_CYCLASE_INHIBITORY_PATHWAY	6.39884074466417e-36	7.94201231718193e-36	3.40619783913545	9.56995624577153	6.85377830993325e-18	1	3	7	0.000134775174427801	1	0	4.1914671301087	4.99454287731042
GNAS	ADCY8	R-HSA-170670	REACTOME_ADENYLATE_CYCLASE_INHIBITORY_PATHWAY	7.97238039264823e-36	9.87450434525102e-36	3.40619783913545	13.441220411549	8.53919170581534e-18	1	3	7	0.000134775174427801	1	0	4.1914671301087	4.9837220378414
FYN	KIT	R-HSA-9669938	REACTOME_SIGNALING_BY_KIT_IN_DISEASE	1.47087892388801e-35	1.81804289350133e-35	1.02015240608861	12.0543120571603	2.38768898074224e-18	1	8	15	0.00236281776208817	1	0	-6.06156477921816	3.46365333634525
GNAS	ADCY1	R-HSA-111931	REACTOME_PKA_MEDIATED_PHOSPHORYLATION_OF_CREB	1.52703925078967e-35	1.88355874529222e-35	3.40619783913545	9.56995624577153	6.85377830993325e-18	1	6	12	0.00116007413208627	1	0	4.1914671301087	4.99454287731042
GNAS	ADCY8	R-HSA-111931	REACTOME_PKA_MEDIATED_PHOSPHORYLATION_OF_CREB	1.90255364488506e-35	2.3419062391678e-35	3.40619783913545	13.441220411549	8.53919170581534e-18	1	6	12	0.00116007413208627	1	0	4.1914671301087	4.9837220378414
VASP	ROBO1	R-HSA-428890	REACTOME_ROLE_OF_ABL_IN_ROBO_SLIT_SIGNALING	2.35851179752769e-35	2.89718424511117e-35	1.48124789981651	8.919537004486	1.47361125235447e-15	1	3	6	5.71533852355513e-06	1	0	-5.89827306758834	-0.366226356628371
FARP2	NRP1	R-HSA-445144	REACTOME_SIGNAL_TRANSDUCTION_BY_L1	8.18456481537597e-35	1.00332344862001e-34	1.25256168248729	1.03115643751621	5.73532452816597e-09	1	6	11	1.77135156311403e-05	1	0	5.64334320570093	-2.90768596206382
FYN	CSF1R	R-HSA-449836	REACTOME_OTHER_INTERLEUKIN_SIGNALING	1.97033562932482e-34	2.41043108751418e-34	1.02015240608861	13.1796260200021	8.35088339006581e-17	1	1	2	1.53604480964268e-09	1	0	-6.06156477921816	1.18078389182529
MMP7	ERBB4	R-HSA-8847993	REACTOME_ERBB2_ACTIVATES_PTK6_SIGNALING	2.17729137099037e-34	2.65816553881646e-34	4.73135537759719	6.46078034964051	1.05791403793534e-16	1	1	3	1.27200472274268e-06	1	0	-3.81424458751365	4.41072532279917
NRG1	ERBB4	R-HSA-9620244	REACTOME_LONG_TERM_POTENTIATION	2.63761329924889e-34	3.2135819176563e-34	9.32017664817934	6.46078034964051	6.56035709135477e-19	1	2	4	4.64952288020879e-06	1	0	3.88034384524645	4.41072532279917
NRP1	ROBO1	R-HSA-428890	REACTOME_ROLE_OF_ABL_IN_ROBO_SLIT_SIGNALING	2.71077199634959e-34	3.29598957600958e-34	1.03115643751621	8.919537004486	1.69370537835575e-14	1	3	6	5.71533852355513e-06	1	0	-2.90768596206382	-0.366226356628371
B2M	TYROBP	R-HSA-198933	REACTOME_IMMUNOREGULATORY_INTERACTIONS_BETWEEN_A_LYMPHOID_AND_A_NON_LYMPHOID_CELL	3.54100476493353e-34	4.29670700135227e-34	3.25565429651832	11.566441654541	3.2870570169316e-18	1	1	2	1.03790985309869e-08	1	0	-2.38849676569512	7.80662672944929
UBC	ERBB4	R-HSA-8847993	REACTOME_ERBB2_ACTIVATES_PTK6_SIGNALING	3.81267094806227e-34	4.61696664501658e-34	3.72147799813483	6.46078034964051	1.85252105975537e-16	1	1	3	1.27200472274268e-06	1	0	8.0244868049102	4.41072532279917
HBEGF	ERBB4	R-HSA-8847993	REACTOME_ERBB2_ACTIVATES_PTK6_SIGNALING	5.38603434545164e-34	6.50903340938185e-34	3.30168227086631	6.46078034964051	2.61699532675012e-16	1	1	3	1.27200472274268e-06	1	0	1.31124413699656	4.41072532279917
MMP7	ERBB4	R-HSA-6785631	REACTOME_ERBB2_REGULATES_CELL_MOTILITY	8.70915717538678e-34	1.05037713812241e-33	4.73135537759719	6.46078034964051	1.05791403793534e-16	1	2	4	1.27200472274268e-06	1	0	-3.81424458751365	4.41072532279917
GDF11	ACVR2A	R-HSA-1181150	REACTOME_SIGNALING_BY_NODAL	9.27082340835016e-34	1.11586322072279e-33	1.81051813293519	2.14382479033917	1.37004025155265e-15	1	5	10	0.000384405588820245	1	0	-6.2406795308802	-3.35018620942279
TYROBP	CD300LB	R-HSA-198933	REACTOME_IMMUNOREGULATORY_INTERACTIONS_BETWEEN_A_LYMPHOID_AND_A_NON_LYMPHOID_CELL	1.16626201141999e-33	1.40092237589081e-33	11.566441654541	13.8531538930867	9.980162541838e-19	1	1	2	3.4184502018563e-08	1	0	7.80662672944929	-6.2406795308802
UBC	ERBB4	R-HSA-6785631	REACTOME_ERBB2_REGULATES_CELL_MOTILITY	1.52506692430428e-33	1.82824287913585e-33	3.72147799813483	6.46078034964051	1.85252105975537e-16	1	2	4	1.27200472274268e-06	1	0	8.0244868049102	4.41072532279917
HBEGF	ERBB4	R-HSA-6785631	REACTOME_ERBB2_REGULATES_CELL_MOTILITY	2.15441168286233e-33	2.57752259452667e-33	3.30168227086631	6.46078034964051	2.61699532675012e-16	1	2	4	1.27200472274268e-06	1	0	1.31124413699656	4.41072532279917
ADAM28	ITGA4	R-HSA-198933	REACTOME_IMMUNOREGULATORY_INTERACTIONS_BETWEEN_A_LYMPHOID_AND_A_NON_LYMPHOID_CELL	2.49662414065896e-33	2.9809692239468e-33	12.7122795460957	17.7737760861523	8.89390135757856e-21	1	1	2	5.29822537805613e-07	1	0	-5.55252127354411	-6.2406795308802
GDF11	ACVR1B	R-HSA-1181150	REACTOME_SIGNALING_BY_NODAL	3.73093024263761e-33	4.44583903164601e-33	1.81051813293519	1.6668082535768	5.51356053610589e-15	1	5	10	0.000384405588820245	1	0	-6.2406795308802	5.68988367337673
ADAM17	ERBB4	R-HSA-8847993	REACTOME_ERBB2_ACTIVATES_PTK6_SIGNALING	6.01384272962345e-33	7.15192053702231e-33	1.55631472933652	6.46078034964051	2.92203823997617e-15	1	1	3	1.27200472274268e-06	1	0	6.84087758851854	4.41072532279917
ALOX5AP	ALOX5	R-HSA-9018678	REACTOME_BIOSYNTHESIS_OF_SPECIALIZED_PRORESOLVING_MEDIATORS_SPMS	7.1556878703071e-33	8.49293371485752e-33	15.6921169705025	10.0699619838748	8.42829892116922e-23	1	2	4	0.000276894219162464	1	0	-2.62353977956236	2.69157526345574
GNAS	ADCY1	R-HSA-164378	REACTOME_PKA_ACTIVATION_IN_GLUCAGON_SIGNALLING	7.67938247767422e-33	9.09641138724506e-33	3.40619783913545	9.56995624577153	6.85377830993325e-18	1	6	11	0.00116007413208627	1	0	4.1914671301087	4.99454287731042
GNAS	ADCY8	R-HSA-164378	REACTOME_PKA_ACTIVATION_IN_GLUCAGON_SIGNALLING	9.56782028740262e-33	1.13108687358007e-32	3.40619783913545	13.441220411549	8.53919170581534e-18	1	6	11	0.00116007413208627	1	0	4.1914671301087	4.9837220378414
UBC	TLR4	R-HSA-5357769	REACTOME_CASPASE_ACTIVATION_VIA_EXTRINSIC_APOPTOTIC_SIGNALLING_PATHWAY	1.10278933578868e-32	1.29855075634289e-32	3.72147799813483	5.03070304126681	2.30228873878473e-18	1	3	7	0.000744269927180229	1	0	8.0244868049102	4.52038483304017
UBC	TLR4	R-HSA-140534	REACTOME_CASPASE_ACTIVATION_VIA_DEATH_RECEPTORS_IN_THE_PRESENCE_OF_LIGAND	1.10278933578868e-32	1.29855075634289e-32	3.72147799813483	5.03070304126681	2.30228873878473e-18	1	3	7	0.000744269927180229	1	0	8.0244868049102	4.52038483304017
FYN	TYROBP	R-HSA-198933	REACTOME_IMMUNOREGULATORY_INTERACTIONS_BETWEEN_A_LYMPHOID_AND_A_NON_LYMPHOID_CELL	1.1756262358481e-32	1.38159224960888e-32	1.02015240608861	11.566441654541	1.09131467602132e-16	1	1	2	1.03790985309869e-08	1	0	-6.06156477921816	7.80662672944929
SPP1	ITGA4	R-HSA-8949275	REACTOME_RUNX3_REGULATES_IMMUNE_RESPONSE_AND_CELL_MIGRATION	1.19253979864407e-32	1.39871563809531e-32	2.21220725727801	17.7737760861523	1.86253642647096e-15	1	1	2	2.53037011113963e-09	1	0	-0.939022131345595	-6.2406795308802
ADAM17	ERBB4	R-HSA-6785631	REACTOME_ERBB2_REGULATES_CELL_MOTILITY	2.40553479695848e-32	2.81589073291022e-32	1.55631472933652	6.46078034964051	2.92203823997617e-15	1	2	4	1.27200472274268e-06	1	0	6.84087758851854	4.41072532279917
VASP	ROBO1	R-HSA-428542	REACTOME_REGULATION_OF_COMMISSURAL_AXON_PATHFINDING_BY_SLIT_AND_ROBO	2.82556256319894e-32	3.30109755426568e-32	1.48124789981651	8.919537004486	1.47361125235447e-15	1	1	2	4.37885939318977e-09	1	0	-5.89827306758834	-0.366226356628371
MMP7	ERBB4	R-HSA-9620244	REACTOME_LONG_TERM_POTENTIATION	4.25337843209401e-32	4.95950571085961e-32	4.73135537759719	6.46078034964051	1.05791403793534e-16	1	2	4	4.64952288020879e-06	1	0	-3.81424458751365	4.41072532279917
GNAS	ADCY8	R-HSA-381676	REACTOME_GLUCAGON_LIKE_PEPTIDE_1_GLP1_REGULATES_INSULIN_SECRETION	5.80016667869121e-32	6.74990157344766e-32	3.40619783913545	13.441220411549	8.53919170581534e-18	1	7	14	0.00625351011155231	1	0	4.1914671301087	4.9837220378414
UBC	ERBB4	R-HSA-9620244	REACTOME_LONG_TERM_POTENTIATION	7.4481222840575e-32	8.65083463731971e-32	3.72147799813483	6.46078034964051	1.85252105975537e-16	1	2	4	4.64952288020879e-06	1	0	8.0244868049102	4.41072532279917
VEGFA	RET	R-HSA-9830364	REACTOME_FORMATION_OF_THE_NEPHRIC_DUCT	7.71771786663752e-32	8.94655838132544e-32	1.70299899440925	6.39165593365013	1.4824947838243e-17	1	1	3	1.73313306578611e-05	1	0	-6.2406795308802	5.23784421453772
ALOX5AP	ALOX5	R-HSA-2142691	REACTOME_SYNTHESIS_OF_LEUKOTRIENES_LT_AND_EOXINS_EX	8.36612251882888e-32	9.6794091932962e-32	15.6921169705025	10.0699619838748	8.42829892116922e-23	1	2	4	0.000628506376683597	1	0	-2.62353977956236	2.69157526345574
HBEGF	ERBB4	R-HSA-9620244	REACTOME_LONG_TERM_POTENTIATION	1.0521716397122e-31	1.21498349885529e-31	3.30168227086631	6.46078034964051	2.61699532675012e-16	1	2	4	4.64952288020879e-06	1	0	1.31124413699656	4.41072532279917
TNF	TNFRSF1B	R-HSA-5669034	REACTOME_TNFS_BIND_THEIR_PHYSIOLOGICAL_RECEPTORS	1.74824528951895e-31	2.01486957112513e-31	9.54643428399328	4.32843533599083	4.36828175657236e-19	1	1	2	6.32624288616689e-07	1	0	4.98185570787895	8.66507579891345
NRP1	ROBO1	R-HSA-428542	REACTOME_REGULATION_OF_COMMISSURAL_AXON_PATHFINDING_BY_SLIT_AND_ROBO	3.24758005377903e-31	3.73565566879784e-31	1.03115643751621	8.919537004486	1.69370537835575e-14	1	1	2	4.37885939318977e-09	1	0	-2.90768596206382	-0.366226356628371
GNAS	ADCY1	R-HSA-442720	REACTOME_CREB1_PHOSPHORYLATION_THROUGH_THE_ACTIVATION_OF_ADENYLATE_CYCLASE	8.04056717994689e-31	9.23118962774671e-31	3.40619783913545	9.56995624577153	6.85377830993325e-18	1	4	8	0.00116007413208627	1	0	4.1914671301087	4.99454287731042
GNAS	ADCY8	R-HSA-442720	REACTOME_CREB1_PHOSPHORYLATION_THROUGH_THE_ACTIVATION_OF_ADENYLATE_CYCLASE	1.0017823960478e-30	1.14791572061523e-30	3.40619783913545	13.441220411549	8.53919170581534e-18	1	4	8	0.00116007413208627	1	0	4.1914671301087	4.9837220378414
ADAM17	ERBB4	R-HSA-9620244	REACTOME_LONG_TERM_POTENTIATION	1.17481515340552e-30	1.34361043406724e-30	1.55631472933652	6.46078034964051	2.92203823997617e-15	1	2	4	4.64952288020879e-06	1	0	6.84087758851854	4.41072532279917
CAP1	ROBO1	R-HSA-428540	REACTOME_ACTIVATION_OF_RAC1	1.54560212889616e-30	1.76429153145509e-30	5.14508028528768	8.919537004486	2.18804844127757e-19	1	4	9	0.00663792671771398	1	0	2.59175308821683	-0.366226356628371
MMP9	ITGB2	R-HSA-216083	REACTOME_INTEGRIN_CELL_SURFACE_INTERACTIONS	1.79405648961299e-30	2.04399184026518e-30	14.7218489488995	12.3368834303179	5.80787200688917e-23	1	1	2	0.000175755748429253	1	0	5.96647787249181	1.04431899592698
GNAS	ADCY1	R-HSA-163359	REACTOME_GLUCAGON_SIGNALING_IN_METABOLIC_REGULATION	1.88856510199098e-30	2.1394181515913e-30	3.40619783913545	9.56995624577153	6.85377830993325e-18	1	6	12	0.0062134151421521	1	0	4.1914671301087	4.99454287731042
GNAS	ADCY1	R-HSA-432040	REACTOME_VASOPRESSIN_REGULATES_RENAL_WATER_HOMEOSTASIS_VIA_AQUAPORINS	1.88856510199098e-30	2.1394181515913e-30	3.40619783913545	9.56995624577153	6.85377830993325e-18	1	6	12	0.0062134151421521	1	0	4.1914671301087	4.99454287731042
GNAS	ADCY1	R-HSA-445717	REACTOME_AQUAPORIN_MEDIATED_TRANSPORT	1.88856510199098e-30	2.1394181515913e-30	3.40619783913545	9.56995624577153	6.85377830993325e-18	1	6	12	0.0062134151421521	1	0	4.1914671301087	4.99454287731042
GNAS	ADCY8	R-HSA-163359	REACTOME_GLUCAGON_SIGNALING_IN_METABOLIC_REGULATION	2.3529823588605e-30	2.65043484573532e-30	3.40619783913545	13.441220411549	8.53919170581534e-18	1	6	12	0.0062134151421521	1	0	4.1914671301087	4.9837220378414
GNAS	ADCY8	R-HSA-432040	REACTOME_VASOPRESSIN_REGULATES_RENAL_WATER_HOMEOSTASIS_VIA_AQUAPORINS	2.3529823588605e-30	2.65043484573532e-30	3.40619783913545	13.441220411549	8.53919170581534e-18	1	6	12	0.0062134151421521	1	0	4.1914671301087	4.9837220378414
GNAS	ADCY8	R-HSA-445717	REACTOME_AQUAPORIN_MEDIATED_TRANSPORT	2.3529823588605e-30	2.65043484573532e-30	3.40619783913545	13.441220411549	8.53919170581534e-18	1	6	12	0.0062134151421521	1	0	4.1914671301087	4.9837220378414
YWHAZ	CSF2RB	R-HSA-912526	REACTOME_INTERLEUKIN_RECEPTOR_SHC_SIGNALING	2.76643295226719e-30	3.11028337571283e-30	2.14063456809179	8.57635899760438	5.67472350083986e-18	1	6	11	0.00319802769777108	1	0	1.51893619520169	4.97683137445816
ALOX5AP	ALOX5	R-HSA-2142688	REACTOME_SYNTHESIS_OF_5_EICOSATETRAENOIC_ACIDS	6.46201122135982e-30	7.25154266757859e-30	15.6921169705025	10.0699619838748	8.42829892116922e-23	1	1	2	0.000276894219162464	1	0	-2.62353977956236	2.69157526345574
NRG1	ERBB4	R-HSA-1250342	REACTOME_PI3K_EVENTS_IN_ERBB4_SIGNALING	1.06394043349053e-29	1.1916931309453e-29	9.32017664817934	6.46078034964051	6.56035709135477e-19	1	1	2	4.0271232118316e-06	1	0	3.88034384524645	4.41072532279917
ICAM3	ITGB2	R-HSA-216083	REACTOME_INTEGRIN_CELL_SURFACE_INTERACTIONS	1.1152523218735e-28	1.24682703400465e-28	6.44589507955832	12.3368834303179	3.6103895157864e-21	1	1	2	0.000175755748429253	1	0	3.34286849232053	1.04431899592698
UBC	TLR4	R-HSA-5686938	REACTOME_REGULATION_OF_TLR_BY_ENDOGENOUS_LIGAND	1.19381892496424e-28	1.33216803402552e-28	3.72147799813483	5.03070304126681	2.30228873878473e-18	1	1	2	7.20094236634042e-06	1	0	8.0244868049102	4.52038483304017
SPP1	ITGA4	R-HSA-198933	REACTOME_IMMUNOREGULATORY_INTERACTIONS_BETWEEN_A_LYMPHOID_AND_A_NON_LYMPHOID_CELL	5.22836179335599e-28	5.82338057954016e-28	2.21220725727801	17.7737760861523	1.86253642647096e-15	1	1	2	5.29822537805613e-07	1	0	-0.939022131345595	-6.2406795308802
ICAM5	ITGB2	R-HSA-216083	REACTOME_INTEGRIN_CELL_SURFACE_INTERACTIONS	5.79700690703088e-28	6.44471717597288e-28	4.08467800051156	12.3368834303179	1.87665630006727e-20	1	1	2	0.000175755748429253	1	0	-1.98234956614577	1.04431899592698
C3	ITGB2	R-HSA-216083	REACTOME_INTEGRIN_CELL_SURFACE_INTERACTIONS	1.02471507653858e-27	1.1370908934824e-27	6.19331696315365	12.3368834303179	3.3172946573993e-20	1	1	2	0.000175755748429253	1	0	1.46898344991115	1.04431899592698
ADAM17	ITGA5	R-HSA-1566977	REACTOME_FIBRONECTIN_MATRIX_FORMATION	1.70512971925122e-27	1.88861306566415e-27	1.55631472933652	2.78879934520925	6.07430460914042e-15	1	1	2	5.29822537805613e-07	1	0	6.84087758851854	6.42138509010675
MMP7	ERBB4	R-HSA-1250342	REACTOME_PI3K_EVENTS_IN_ERBB4_SIGNALING	1.71569550931898e-27	1.89679670196932e-27	4.73135537759719	6.46078034964051	1.05791403793534e-16	1	1	2	4.0271232118316e-06	1	0	-3.81424458751365	4.41072532279917
ICAM2	ITGB2	R-HSA-216083	REACTOME_INTEGRIN_CELL_SURFACE_INTERACTIONS	1.72875108166087e-27	1.90769758918953e-27	5.82596101081349	12.3368834303179	5.59645979498863e-20	1	1	2	0.000175755748429253	1	0	4.29045756907541	1.04431899592698
UBC	ERBB4	R-HSA-1250342	REACTOME_PI3K_EVENTS_IN_ERBB4_SIGNALING	3.00436703661116e-27	3.30923823036322e-27	3.72147799813483	6.46078034964051	1.85252105975537e-16	1	1	2	4.0271232118316e-06	1	0	8.0244868049102	4.41072532279917
HBEGF	ERBB4	R-HSA-1250342	REACTOME_PI3K_EVENTS_IN_ERBB4_SIGNALING	4.24417010173788e-27	4.66624226655159e-27	3.30168227086631	6.46078034964051	2.61699532675012e-16	1	1	2	4.0271232118316e-06	1	0	1.31124413699656	4.41072532279917
ITGAM	ITGB2	R-HSA-216083	REACTOME_INTEGRIN_CELL_SURFACE_INTERACTIONS	7.73320845335813e-27	8.48662765929192e-27	16.3485734032423	12.3368834303179	2.50345990551201e-19	1	1	2	0.000175755748429253	1	0	-5.7325311973305	1.04431899592698
CAP1	ROBO1	R-HSA-428543	REACTOME_INACTIVATION_OF_CDC42_AND_RAC1	8.28345623573529e-27	9.0738043536403e-27	5.14508028528768	8.919537004486	2.18804844127757e-19	1	2	5	0.00934568129319021	1	0	2.59175308821683	-0.366226356628371
VASP	ROBO1	R-HSA-428540	REACTOME_ACTIVATION_OF_RAC1	1.04093522146819e-26	1.13816543446248e-26	1.48124789981651	8.919537004486	1.47361125235447e-15	1	4	9	0.00663792671771398	1	0	-5.89827306758834	-0.366226356628371
SPP1	ITGA5	R-HSA-1566977	REACTOME_FIBRONECTIN_MATRIX_FORMATION	2.21037372297105e-26	2.41241885304153e-26	2.21220725727801	2.78879934520925	7.87417117992756e-14	1	1	2	5.29822537805613e-07	1	0	-0.939022131345595	6.42138509010675
ADAM15	ITGA5	R-HSA-1566977	REACTOME_FIBRONECTIN_MATRIX_FORMATION	2.96812797892705e-26	3.23352628361213e-26	1.03646729567784	2.78879934520925	1.05735729424929e-13	1	1	2	5.29822537805613e-07	1	0	-6.2406795308802	6.42138509010675
VEGFA	NRP1	R-HSA-399955	REACTOME_SEMA3A_PLEXIN_REPULSION_SIGNALING_BY_INHIBITING_INTEGRIN_ADHESION	3.48772654041645e-26	3.79266438001571e-26	1.70299899440925	1.03115643751621	1.40119825160643e-13	1	4	8	0.00134854036221542	1	0	-6.2406795308802	-2.90768596206382
ADAM17	ERBB4	R-HSA-1250342	REACTOME_PI3K_EVENTS_IN_ERBB4_SIGNALING	4.73888019878218e-26	5.14383905213266e-26	1.55631472933652	6.46078034964051	2.92203823997617e-15	1	1	2	4.0271232118316e-06	1	0	6.84087758851854	4.41072532279917
GNAS	ADCY1	R-HSA-170660	REACTOME_ADENYLATE_CYCLASE_ACTIVATING_PATHWAY	5.08226607609325e-26	5.50655689188325e-26	3.40619783913545	9.56995624577153	6.85377830993325e-18	1	2	5	0.0062134151421521	1	0	4.1914671301087	4.99454287731042
ALOX5AP	ALOX5	R-HSA-9018679	REACTOME_BIOSYNTHESIS_OF_EPA_DERIVED_SPMS	5.60141052104086e-26	6.05804724829962e-26	15.6921169705025	10.0699619838748	8.42829892116922e-23	1	1	2	0.0257797520723708	1	0	-2.62353977956236	2.69157526345574
GNAS	ADCY8	R-HSA-170660	REACTOME_ADENYLATE_CYCLASE_ACTIVATING_PATHWAY	6.33204669909215e-26	6.83586234965283e-26	3.40619783913545	13.441220411549	8.53919170581534e-18	1	2	5	0.0062134151421521	1	0	4.1914671301087	4.9837220378414
NRP1	ROBO1	R-HSA-428540	REACTOME_ACTIVATION_OF_RAC1	1.19640616227904e-25	1.28926801241983e-25	1.03115643751621	8.919537004486	1.69370537835575e-14	1	4	9	0.00663792671771398	1	0	-2.90768596206382	-0.366226356628371
VEGFA	RET	R-HSA-9768919	REACTOME_NPAS4_REGULATES_EXPRESSION_OF_TARGET_GENES	1.85570676959346e-25	1.99613863323837e-25	1.70299899440925	6.39165593365013	1.4824947838243e-17	1	4	9	0.023258246893365	1	0	-6.2406795308802	5.23784421453772
TYROBP	TREM2	R-HSA-416700	REACTOME_OTHER_SEMAPHORIN_INTERACTIONS	2.3418211096345e-25	2.51450935692769e-25	11.566441654541	14.7362718578068	2.81138562457847e-23	1	1	2	0.091267603780782	1	0	7.80662672944929	6.27981671569481
FYN	NRP1	R-HSA-399955	REACTOME_SEMA3A_PLEXIN_REPULSION_SIGNALING_BY_INHIBITING_INTEGRIN_ADHESION	2.55025080495047e-24	2.73339269399539e-24	1.02015240608861	1.03115643751621	1.02456626907103e-11	1	4	8	0.00134854036221542	1	0	-6.06156477921816	-2.90768596206382
FYN	SPN	R-HSA-210991	REACTOME_BASIGIN_INTERACTIONS	2.90439737044057e-24	3.10739288557889e-24	1.02015240608861	3.96241854831403	2.70681219713068e-16	1	1	2	0.000103585497222679	1	0	-6.06156477921816	6.88785228570979
UBC	TLR4	R-HSA-937072	REACTOME_TRAF6_MEDIATED_INDUCTION_OF_TAK1_COMPLEX_WITHIN_TLR4_COMPLEX	1.27054808870976e-23	1.35691808400667e-23	3.72147799813483	5.03070304126681	2.30228873878473e-18	1	4	9	0.0653780803425027	1	0	8.0244868049102	4.52038483304017
NRG1	ERBB4	R-HSA-1250196	REACTOME_SHC1_EVENTS_IN_ERBB2_SIGNALING	2.00362348535994e-23	2.13600575135694e-23	9.32017664817934	6.46078034964051	6.56035709135477e-19	1	4	9	0.0878491328215627	1	0	3.88034384524645	4.41072532279917
CAP1	ROBO1	R-HSA-9010553	REACTOME_REGULATION_OF_EXPRESSION_OF_SLITS_AND_ROBOS	4.12066627573325e-23	4.38509405813324e-23	5.14508028528768	8.919537004486	2.18804844127757e-19	1	1	2	0.0137231956589367	1	0	2.59175308821683	-0.366226356628371
VASP	ROBO1	R-HSA-428543	REACTOME_INACTIVATION_OF_CDC42_AND_RAC1	5.57875871808306e-23	5.92619031084624e-23	1.48124789981651	8.919537004486	1.47361125235447e-15	1	2	5	0.00934568129319021	1	0	-5.89827306758834	-0.366226356628371
NRG1	ERBB4	R-HSA-1963640	REACTOME_GRB2_EVENTS_IN_ERBB2_SIGNALING	6.19264951328223e-23	6.56662834712166e-23	9.32017664817934	6.46078034964051	6.56035709135477e-19	1	3	7	0.0878491328215627	1	0	3.88034384524645	4.41072532279917
B2M	TREM2	R-HSA-416700	REACTOME_OTHER_SEMAPHORIN_INTERACTIONS	8.32539781222771e-23	8.81252215230486e-23	3.25565429651832	14.7362718578068	9.99474453104029e-21	1	1	2	0.091267603780782	1	0	-2.38849676569512	6.27981671569481
NRG1	ERBB4	R-HSA-1253288	REACTOME_DOWNREGULATION_OF_ERBB4_SIGNALING	1.61488652865642e-22	1.70634912850953e-22	9.32017664817934	6.46078034964051	6.56035709135477e-19	1	3	6	0.0653780803425027	1	0	3.88034384524645	4.41072532279917
NRP1	ROBO1	R-HSA-428543	REACTOME_INACTIVATION_OF_CDC42_AND_RAC1	6.4119852710608e-22	6.76317174350406e-22	1.03115643751621	8.919537004486	1.69370537835575e-14	1	2	5	0.00934568129319021	1	0	-2.90768596206382	-0.366226356628371
FARP2	NRP1	R-HSA-399955	REACTOME_SEMA3A_PLEXIN_REPULSION_SIGNALING_BY_INHIBITING_INTEGRIN_ADHESION	1.42758125424813e-21	1.5031146539438e-21	1.25256168248729	1.03115643751621	5.73532452816597e-09	1	4	8	0.00134854036221542	1	0	5.64334320570093	-2.90768596206382
B2M	TYROBP	R-HSA-416700	REACTOME_OTHER_SEMAPHORIN_INTERACTIONS	2.49894778871758e-21	2.62653491173309e-21	3.25565429651832	11.566441654541	3.2870570169316e-18	1	1	3	0.091267603780782	1	0	-2.38849676569512	7.80662672944929
FYN	TREM2	R-HSA-416700	REACTOME_OTHER_SEMAPHORIN_INTERACTIONS	2.76406182472645e-21	2.90007892682196e-21	1.02015240608861	14.7362718578068	3.31829090083442e-19	1	1	2	0.091267603780782	1	0	-6.06156477921816	6.27981671569481
MMP7	ERBB4	R-HSA-1250196	REACTOME_SHC1_EVENTS_IN_ERBB2_SIGNALING	3.23101529746375e-21	3.38406339050151e-21	4.73135537759719	6.46078034964051	1.05791403793534e-16	1	4	9	0.0878491328215627	1	0	-3.81424458751365	4.41072532279917
UBC	ERBB4	R-HSA-1250196	REACTOME_SHC1_EVENTS_IN_ERBB2_SIGNALING	5.65785467279075e-21	5.91548027960784e-21	3.72147799813483	6.46078034964051	1.85252105975537e-16	1	4	9	0.0878491328215627	1	0	8.0244868049102	4.41072532279917
HBEGF	ERBB4	R-HSA-1250196	REACTOME_SHC1_EVENTS_IN_ERBB2_SIGNALING	7.99266446130439e-21	8.34199420174602e-21	3.30168227086631	6.46078034964051	2.61699532675012e-16	1	4	9	0.0878491328215627	1	0	1.31124413699656	4.41072532279917
ADAM17	ITGA5	R-HSA-8941332	REACTOME_RUNX2_REGULATES_GENES_INVOLVED_IN_CELL_MIGRATION	8.8959571252386e-21	9.26856265928001e-21	1.55631472933652	2.78879934520925	6.07430460914042e-15	1	1	2	0.00121017466623236	1	0	6.84087758851854	6.42138509010675
MMP7	ERBB4	R-HSA-1963640	REACTOME_GRB2_EVENTS_IN_ERBB2_SIGNALING	9.98618026562605e-21	1.03863233773149e-20	4.73135537759719	6.46078034964051	1.05791403793534e-16	1	3	7	0.0878491328215627	1	0	-3.81424458751365	4.41072532279917
UBC	ERBB4	R-HSA-1963640	REACTOME_GRB2_EVENTS_IN_ERBB2_SIGNALING	1.7486873777278e-20	1.81559367739739e-20	3.72147799813483	6.46078034964051	1.85252105975537e-16	1	3	7	0.0878491328215627	1	0	8.0244868049102	4.41072532279917
GDF11	ACVR2A	R-HSA-1433617	REACTOME_REGULATION_OF_SIGNALING_BY_NODAL	2.14977240311376e-20	2.22814952197729e-20	1.81051813293519	2.14382479033917	1.37004025155265e-15	1	1	3	0.0250353145420992	1	0	-6.2406795308802	-3.35018620942279
HBEGF	ERBB4	R-HSA-1963640	REACTOME_GRB2_EVENTS_IN_ERBB2_SIGNALING	2.47031291296893e-20	2.55593901047219e-20	3.30168227086631	6.46078034964051	2.61699532675012e-16	1	3	7	0.0878491328215627	1	0	1.31124413699656	4.41072532279917
MMP7	ERBB4	R-HSA-1253288	REACTOME_DOWNREGULATION_OF_ERBB4_SIGNALING	2.60414350095307e-20	2.68974683402938e-20	4.73135537759719	6.46078034964051	1.05791403793534e-16	1	3	6	0.0653780803425027	1	0	-3.81424458751365	4.41072532279917
UBC	ERBB4	R-HSA-1253288	REACTOME_DOWNREGULATION_OF_ERBB4_SIGNALING	4.56013485514928e-20	4.70190070556842e-20	3.72147799813483	6.46078034964051	1.85252105975537e-16	1	3	6	0.0653780803425027	1	0	8.0244868049102	4.41072532279917
NRG1	ERBB4	R-HSA-1250347	REACTOME_SHC1_EVENTS_IN_ERBB4_SIGNALING	6.29236952512381e-20	6.47680104568778e-20	9.32017664817934	6.46078034964051	6.56035709135477e-19	1	3	6	0.32900221675308	1	0	3.88034384524645	4.41072532279917
HBEGF	ERBB4	R-HSA-1253288	REACTOME_DOWNREGULATION_OF_ERBB4_SIGNALING	6.44195192407252e-20	6.61935507516574e-20	3.30168227086631	6.46078034964051	2.61699532675012e-16	1	3	6	0.0653780803425027	1	0	1.31124413699656	4.41072532279917
FYN	TYROBP	R-HSA-416700	REACTOME_OTHER_SEMAPHORIN_INTERACTIONS	8.29659595921533e-20	8.51042575197862e-20	1.02015240608861	11.566441654541	1.09131467602132e-16	1	1	3	0.091267603780782	1	0	-6.06156477921816	7.80662672944929
GDF11	ACVR1B	R-HSA-1433617	REACTOME_REGULATION_OF_SIGNALING_BY_NODAL	8.65149784466903e-20	8.85925250989265e-20	1.81051813293519	1.6668082535768	5.51356053610589e-15	1	1	3	0.0250353145420992	1	0	-6.2406795308802	5.68988367337673
ADAM17	ERBB4	R-HSA-1250196	REACTOME_SHC1_EVENTS_IN_ERBB2_SIGNALING	8.92430756620148e-20	9.12296509764089e-20	1.55631472933652	6.46078034964051	2.92203823997617e-15	1	4	9	0.0878491328215627	1	0	6.84087758851854	4.41072532279917
SPP1	ITGA5	R-HSA-8941332	REACTOME_RUNX2_REGULATES_GENES_INVOLVED_IN_CELL_MIGRATION	1.15319026161478e-19	1.17684544646842e-19	2.21220725727801	2.78879934520925	7.87417117992756e-14	1	1	2	0.00121017466623236	1	0	-0.939022131345595	6.42138509010675
ADAM15	ITGA5	R-HSA-8941332	REACTOME_RUNX2_REGULATES_GENES_INVOLVED_IN_CELL_MIGRATION	1.54852378353661e-19	1.57759163612859e-19	1.03646729567784	2.78879934520925	1.05735729424929e-13	1	1	2	0.00121017466623236	1	0	-6.2406795308802	6.42138509010675
ADAM17	ERBB4	R-HSA-1963640	REACTOME_GRB2_EVENTS_IN_ERBB2_SIGNALING	2.75825819122351e-19	2.80524725751351e-19	1.55631472933652	6.46078034964051	2.92203823997617e-15	1	3	7	0.0878491328215627	1	0	6.84087758851854	4.41072532279917
VASP	ROBO1	R-HSA-9010553	REACTOME_REGULATION_OF_EXPRESSION_OF_SLITS_AND_ROBOS	2.77519458736141e-19	2.81767205553531e-19	1.48124789981651	8.919537004486	1.47361125235447e-15	1	1	2	0.0137231956589367	1	0	-5.89827306758834	-0.366226356628371
ADAM17	ERBB4	R-HSA-1253288	REACTOME_DOWNREGULATION_OF_ERBB4_SIGNALING	7.19284045707635e-19	7.29053608297891e-19	1.55631472933652	6.46078034964051	2.92203823997617e-15	1	3	6	0.0653780803425027	1	0	6.84087758851854	4.41072532279917
HBEGF	PRLR	R-HSA-1170546	REACTOME_PROLACTIN_RECEPTOR_SIGNALING	3.11983489263388e-18	3.15684988288546e-18	3.30168227086631	14.236710900615	4.14525204463036e-15	1	4	9	0.154703944962506	1	0	1.31124413699656	-6.2406795308802
NRP1	ROBO1	R-HSA-9010553	REACTOME_REGULATION_OF_EXPRESSION_OF_SLITS_AND_ROBOS	3.18968926919347e-18	3.22207190136802e-18	1.03115643751621	8.919537004486	1.69370537835575e-14	1	1	2	0.0137231956589367	1	0	-2.90768596206382	-0.366226356628371
MMP7	ERBB4	R-HSA-1250347	REACTOME_SHC1_EVENTS_IN_ERBB4_SIGNALING	1.01469873664e-17	1.02326882732109e-17	4.73135537759719	6.46078034964051	1.05791403793534e-16	1	3	6	0.32900221675308	1	0	-3.81424458751365	4.41072532279917
UBC	ERBB4	R-HSA-1250347	REACTOME_SHC1_EVENTS_IN_ERBB4_SIGNALING	1.77684642752389e-17	1.78883190089673e-17	3.72147799813483	6.46078034964051	1.85252105975537e-16	1	3	6	0.32900221675308	1	0	8.0244868049102	4.41072532279917
HBEGF	ERBB4	R-HSA-1250347	REACTOME_SHC1_EVENTS_IN_ERBB4_SIGNALING	2.5100922727414e-17	2.52276950644211e-17	3.30168227086631	6.46078034964051	2.61699532675012e-16	1	3	6	0.32900221675308	1	0	1.31124413699656	4.41072532279917
ADAM17	ERBB4	R-HSA-1250347	REACTOME_SHC1_EVENTS_IN_ERBB4_SIGNALING	2.80267432343008e-16	2.81209507745842e-16	1.55631472933652	6.46078034964051	2.92203823997617e-15	1	3	6	0.32900221675308	1	0	6.84087758851854	4.41072532279917
SHANK1	ABCA1	R-HSA-8963896	REACTOME_HDL_ASSEMBLY	1.02170884546952e-09	1.02170884546952e-09	1.76328378358286	1.72102721585268	6.4874235244923e-08	1	1	2	0.125495297083148	1	0	-1.46724957344129	2.9610279101225
SHANK1	ABCA1	R-HSA-8963898	REACTOME_PLASMA_LIPOPROTEIN_ASSEMBLY	1.02170884546952e-09	1.02170884546952e-09	1.76328378358286	1.72102721585268	6.4874235244923e-08	1	1	2	0.125495297083148	1	0	-1.46724957344129	2.9610279101225
