L	R	pw.id	pw.name	pval	qval	L.logFC	R.logFC	LR.pval	LR.corr	rank	len	rank.pval	rank.corr	LR.score	L.expr	R.expr
GNAS	ADCY1	R-HSA-9006925	REACTOME_INTRACELLULAR_SIGNALING_BY_SECOND_MESSENGERS	1.46714402140567e-237	9.42001544117999e-235	3.83740672865904	8.71996338896916	1.10980568194412e-12	1	90	164	0.000230678274884665	1	0	3.71250019731088	-6.34767287398693
IL33	IL1RAP	R-HSA-9006925	REACTOME_INTRACELLULAR_SIGNALING_BY_SECOND_MESSENGERS	2.02146254102575e-237	9.42001544117999e-235	4.75051253386034	1.54623327292617	1.52911410273012e-12	1	90	164	0.000230678274884665	1	0	3.29858238325174	2.92660586250366
GNAS	ADCY8	R-HSA-9006925	REACTOME_INTRACELLULAR_SIGNALING_BY_SECOND_MESSENGERS	4.72431241416125e-237	1.10076479249957e-234	3.83740672865904	13.7793337761781	2.01119711087596e-11	1	90	164	0.000225423643077851	1	0	3.71250019731088	3.18990980418948
NAMPT	INSR	R-HSA-9006925	REACTOME_INTRACELLULAR_SIGNALING_BY_SECOND_MESSENGERS	4.03393049565947e-237	1.10076479249957e-234	5.36306569962384	1.04171106386436	3.05142434507641e-12	1	90	164	0.000230678274884665	1	0	-6.34767287398693	6.13214894970815
IL1B	IL1RAP	R-HSA-9006925	REACTOME_INTRACELLULAR_SIGNALING_BY_SECOND_MESSENGERS	3.29433340280155e-235	6.14063746282208e-233	22.9448405264891	1.54623327292617	2.49196389400449e-10	1	90	164	0.000230678274884665	1	0	7.00473502052327	2.92660586250366
IL36G	IL1RAP	R-HSA-9006925	REACTOME_INTRACELLULAR_SIGNALING_BY_SECOND_MESSENGERS	4.89566968554369e-234	7.60460691154453e-232	14.6544670061859	1.54623327292617	3.70327790228284e-09	1	90	164	0.000230678274884665	1	0	0.965375892102978	2.92660586250366
FYN	CD86	R-HSA-9006925	REACTOME_INTRACELLULAR_SIGNALING_BY_SECOND_MESSENGERS	1.72347226037608e-231	2.2946802095293e-229	2.48737842852703	6.51685975119614	1.2041066318597e-09	1	89	162	0.000230678274884665	1	0	7.12853732925553	-0.138257965852884
FYN	CD80	R-HSA-9006925	REACTOME_INTRACELLULAR_SIGNALING_BY_SECOND_MESSENGERS	3.2755873483284e-231	3.81605926080259e-229	2.48737842852703	9.34682293774652	2.2884943030631e-09	1	89	162	0.000230678274884665	1	0	7.12853732925553	5.76961271773571
CD274	CD80	R-HSA-9006925	REACTOME_INTRACELLULAR_SIGNALING_BY_SECOND_MESSENGERS	1.51276048925257e-230	1.56654752887044e-228	8.02352901125857	9.34682293774652	1.05689251832046e-08	1	89	162	0.000230678274884665	1	0	8.48808091653585	5.76961271773571
CD86	CD80	R-HSA-9006925	REACTOME_INTRACELLULAR_SIGNALING_BY_SECOND_MESSENGERS	5.03298262710697e-230	4.26430891678518e-228	6.51685975119614	9.34682293774652	3.51630130560484e-08	1	89	162	0.000230678274884665	1	0	-0.138257965852884	5.76961271773571
CD80	CD86	R-HSA-9006925	REACTOME_INTRACELLULAR_SIGNALING_BY_SECOND_MESSENGERS	5.03298262710697e-230	4.26430891678518e-228	9.34682293774652	6.51685975119614	3.51630130560484e-08	1	89	162	0.000230678274884665	1	0	5.76961271773571	-0.138257965852884
HBEGF	ERBB4	R-HSA-9006925	REACTOME_INTRACELLULAR_SIGNALING_BY_SECOND_MESSENGERS	4.03400145994225e-228	3.13307446722182e-226	5.13573038218583	6.06984533272091	8.43608407387218e-12	1	88	161	0.000276220893875652	1	0	2.52886127252879	-5.6788528815602
UBC	ERBB4	R-HSA-9006925	REACTOME_INTRACELLULAR_SIGNALING_BY_SECOND_MESSENGERS	9.11644236820946e-227	6.53578791320863e-225	4.45515494948184	6.06984533272091	1.90647115615884e-10	1	88	161	0.000276220893875652	1	0	1.76337487711574	-5.6788528815602
YWHAZ	IL3RA	R-HSA-5683057	REACTOME_MAPK_FAMILY_SIGNALING_CASCADES	5.32347853008194e-226	3.54391570716883e-224	2.26152445134463	12.5872457106562	1.10463652795281e-16	1	75	137	0.000110788562722509	1	0	6.14939244843959	4.67617092939095
ADAM17	ERBB4	R-HSA-9006925	REACTOME_INTRACELLULAR_SIGNALING_BY_SECOND_MESSENGERS	8.32525765055879e-225	5.17276008688053e-223	1.42436567511293	6.06984533272091	1.74101507335019e-08	1	88	161	0.000276220893875652	1	0	-4.42026671345359	-5.6788528815602
IL16	GRIN2D	R-HSA-5683057	REACTOME_MAPK_FAMILY_SIGNALING_CASCADES	8.93320580966641e-225	5.20359238413069e-223	6.52953624117408	5.53011798550084	4.18727890133243e-12	1	76	139	0.000110788562722509	1	0	3.07977796338005	-4.20161580560622
MMP7	ERBB4	R-HSA-9006925	REACTOME_INTRACELLULAR_SIGNALING_BY_SECOND_MESSENGERS	1.04671380454559e-224	5.73845450492051e-223	7.87068940669387	6.06984533272091	2.18893467047867e-08	1	88	161	0.000276220893875652	1	0	-4.36295648351875	-5.6788528815602
NRG1	ERBB4	R-HSA-9006925	REACTOME_INTRACELLULAR_SIGNALING_BY_SECOND_MESSENGERS	1.45064378524846e-224	7.51111115473093e-223	8.55249521073386	6.06984533272091	3.03365109187923e-08	1	88	161	0.000276220893875652	1	0	7.39381963444358	-5.6788528815602
YWHAZ	CSF2RB	R-HSA-5683057	REACTOME_MAPK_FAMILY_SIGNALING_CASCADES	4.25985511665085e-223	2.08957103616768e-221	2.26152445134463	9.31865180397611	8.83931726041317e-14	1	75	137	0.000110788562722509	1	0	6.14939244843959	-0.128890008978411
YWHAZ	CSF2RA	R-HSA-5683057	REACTOME_MAPK_FAMILY_SIGNALING_CASCADES	1.00392477814365e-222	4.67828946614939e-221	2.26152445134463	4.9021374863974	2.08317169870755e-13	1	75	137	0.000110788562722509	1	0	6.14939244843959	5.38048508338566
FABP5	RXRA	R-HSA-1852241	REACTOME_ORGANELLE_BIOGENESIS_AND_MAINTENANCE	7.90293861428775e-222	3.50739942310294e-220	14.5490265757492	1.89848995961651	1.12126659844795e-15	1	85	156	0.000319210585245302	1	0	3.17882914982144	7.19596111162888
VEGFA	RET	R-HSA-5683057	REACTOME_MAPK_FAMILY_SIGNALING_CASCADES	1.28235800913899e-221	5.43253483871608e-220	4.25472055819396	5.46053248273132	2.66092835878493e-12	1	75	137	0.000110788562722509	1	0	2.83766103593168	-2.32311526832337
CSF2	IL3RA	R-HSA-5683057	REACTOME_MAPK_FAMILY_SIGNALING_CASCADES	2.05109602268375e-221	8.31139779626634e-220	7.25559834194749	12.5872457106562	4.25608101205272e-12	1	75	137	0.000110788562722509	1	0	-5.00521631617233	4.67617092939095
VEGFB	RET	R-HSA-5683057	REACTOME_MAPK_FAMILY_SIGNALING_CASCADES	6.21071619009903e-220	2.41182812048846e-218	1.18865902695918	5.46053248273132	1.28874079787558e-10	1	75	137	0.000110788562722509	1	0	5.23719737108765	-2.32311526832337
ARTN	RET	R-HSA-5683057	REACTOME_MAPK_FAMILY_SIGNALING_CASCADES	6.75607709625876e-219	2.51866554148526e-217	4.50468830939142	5.46053248273132	1.401904695214e-09	1	75	137	0.000110788562722509	1	0	-6.18172890188987	-2.32311526832337
CSF2	CSF2RB	R-HSA-5683057	REACTOME_MAPK_FAMILY_SIGNALING_CASCADES	1.64128996437168e-218	5.88339325690156e-217	7.25559834194749	9.31865180397611	3.40572209949239e-09	1	75	137	0.000110788562722509	1	0	-5.00521631617233	-0.128890008978411
CSF2	CSF2RA	R-HSA-5683057	REACTOME_MAPK_FAMILY_SIGNALING_CASCADES	3.8680462556358e-218	1.33519226305651e-216	7.25559834194749	4.9021374863974	8.02630303032451e-09	1	75	137	0.000110788562722509	1	0	-5.00521631617233	5.38048508338566
HBEGF	ERBB4	R-HSA-5683057	REACTOME_MAPK_FAMILY_SIGNALING_CASCADES	9.18296878655754e-218	3.05661675323987e-216	5.13573038218583	6.06984533272091	8.43608407387218e-12	1	74	135	0.000110788562722509	1	0	2.52886127252879	-5.6788528815602
ABCA1	RXRA	R-HSA-1852241	REACTOME_ORGANELLE_BIOGENESIS_AND_MAINTENANCE	4.52572969347393e-217	1.45447588769576e-215	4.32737687338231	1.89848995961651	6.4210919337297e-11	1	85	156	0.000319210585245302	1	0	-6.34767287398693	7.19596111162888
UBC	ERBB4	R-HSA-5683057	REACTOME_MAPK_FAMILY_SIGNALING_CASCADES	2.07525967808937e-216	6.44714006659765e-215	4.45515494948184	6.06984533272091	1.90647115615884e-10	1	74	135	0.000110788562722509	1	0	1.76337487711574	-5.6788528815602
IL6	IL6R	R-HSA-5683057	REACTOME_MAPK_FAMILY_SIGNALING_CASCADES	5.77962948858065e-216	1.73761763979263e-214	7.07281816728214	4.71162859717308	1.19928911425912e-06	1	75	137	0.000110788562722509	1	0	-6.34767287398693	3.00284632410901
ADAM17	ERBB4	R-HSA-5683057	REACTOME_MAPK_FAMILY_SIGNALING_CASCADES	1.89515501926033e-214	5.51963899359572e-213	1.42436567511293	6.06984533272091	1.74101507335019e-08	1	74	135	0.000110788562722509	1	0	-4.42026671345359	-5.6788528815602
MMP7	ERBB4	R-HSA-5683057	REACTOME_MAPK_FAMILY_SIGNALING_CASCADES	2.38273096602662e-214	6.72940987980852e-213	7.87068940669387	6.06984533272091	2.18893467047867e-08	1	74	135	0.000110788562722509	1	0	-4.36295648351875	-5.6788528815602
NRG1	ERBB4	R-HSA-5683057	REACTOME_MAPK_FAMILY_SIGNALING_CASCADES	3.30223395619223e-214	9.05200602109163e-213	8.55249521073386	6.06984533272091	3.03365109187923e-08	1	74	135	0.000110788562722509	1	0	7.39381963444358	-5.6788528815602
MMP9	ITGB2	R-HSA-1474244	REACTOME_EXTRACELLULAR_MATRIX_ORGANIZATION	1.5689533413561e-205	4.17789861183967e-204	15.8747602811558	12.8533529814336	2.83828199493589e-19	1	45	82	3.01423019882928e-06	1	0	-3.31335287562582	3.08728602356773
TGFB1	SDC2	R-HSA-9694516	REACTOME_SARS_COV_2_INFECTION	1.00759329097836e-204	2.60854707553285e-203	3.32181668684796	6.99604805784469	2.28224162491543e-12	1	78	142	0.00025388056657105	1	0	-5.58331359087569	-0.437591950332544
VEGFA	NRP1	R-HSA-9694516	REACTOME_SARS_COV_2_INFECTION	2.4916781199798e-204	6.27633515627343e-203	4.25472055819396	1.27790748729062	5.64375683346135e-12	1	78	142	0.00025388056657105	1	0	2.83766103593168	-3.22754442657073
COL5A3	SDC3	R-HSA-9694516	REACTOME_SARS_COV_2_INFECTION	3.03826355495663e-204	7.45174114005152e-203	7.95775439206331	1.68390760944956	3.48672046798353e-09	1	78	142	0.000230678274884665	1	0	4.47105613703989	2.51121978667568
ICAM3	ITGB2	R-HSA-1474244	REACTOME_EXTRACELLULAR_MATRIX_ORGANIZATION	9.31724500077973e-204	2.22658265146839e-202	7.05470079350171	12.8533529814336	1.68551658172717e-17	1	45	82	3.01423019882928e-06	1	0	1.07879645214092	3.08728602356773
FYN	NRP1	R-HSA-9694516	REACTOME_SARS_COV_2_INFECTION	9.73833326529966e-204	2.26903165081482e-202	2.48737842852703	1.27790748729062	2.20577387070384e-11	1	78	142	0.00025388056657105	1	0	7.12853732925553	-3.22754442657073
C3	ITGB2	R-HSA-1474244	REACTOME_EXTRACELLULAR_MATRIX_ORGANIZATION	1.79944120812374e-203	4.09043708773494e-202	6.9878121405443	12.8533529814336	3.25524121549011e-17	1	45	82	3.01423019882928e-06	1	0	4.96089421697397	3.08728602356773
ICAM2	ITGB2	R-HSA-1474244	REACTOME_EXTRACELLULAR_MATRIX_ORGANIZATION	4.75126859139971e-203	1.05432912552013e-201	6.50038364917803	12.8533529814336	8.59518236815014e-17	1	45	82	3.01423019882928e-06	1	0	4.30424580245027	3.08728602356773
ICAM5	ITGB2	R-HSA-1474244	REACTOME_EXTRACELLULAR_MATRIX_ORGANIZATION	1.0046711194355e-202	2.17756624026485e-201	7.30231749197955	12.8533529814336	1.81747912698359e-16	1	45	82	3.01423019882928e-06	1	0	3.30901876034094	3.08728602356773
VEGFB	NRP1	R-HSA-9694516	REACTOME_SARS_COV_2_INFECTION	1.20676952379815e-202	2.55615726404518e-201	1.18865902695918	1.27790748729062	2.73338425687341e-10	1	78	142	0.00025388056657105	1	0	5.23719737108765	-3.22754442657073
ITGB2	ITGAL	R-HSA-1474244	REACTOME_EXTRACELLULAR_MATRIX_ORGANIZATION	6.01687342983196e-202	1.24616134146742e-200	12.8533529814336	9.1208854404206	2.02850596909782e-15	1	44	81	3.01423019882928e-06	1	0	3.08728602356773	5.19999690338766
CSF2	SDC2	R-HSA-9694516	REACTOME_SARS_COV_2_INFECTION	1.41219289984792e-201	2.86122561447449e-200	7.25559834194749	6.99604805784469	3.19867693373931e-09	1	78	142	0.00025388056657105	1	0	-5.00521631617233	-0.437591950332544
ICAM3	ITGAL	R-HSA-1474244	REACTOME_EXTRACELLULAR_MATRIX_ORGANIZATION	3.36634671119611e-201	6.67539390390378e-200	7.05470079350171	9.1208854404206	1.13491740807731e-14	1	44	81	3.01423019882928e-06	1	0	1.07879645214092	5.19999690338766
ICAM2	ITGAL	R-HSA-1474244	REACTOME_EXTRACELLULAR_MATRIX_ORGANIZATION	1.71664664773002e-200	3.33315557434245e-199	6.50038364917803	9.1208854404206	5.78743763245385e-14	1	44	81	3.01423019882928e-06	1	0	4.30424580245027	5.19999690338766
ICAM5	ITGAL	R-HSA-1474244	REACTOME_EXTRACELLULAR_MATRIX_ORGANIZATION	3.62990488976342e-200	6.90422725971328e-199	7.30231749197955	9.1208854404206	1.22377241635746e-13	1	44	81	3.01423019882928e-06	1	0	3.30901876034094	5.19999690338766
ITGAM	ITGB2	R-HSA-1474244	REACTOME_EXTRACELLULAR_MATRIX_ORGANIZATION	4.52672446151323e-200	8.43781439626066e-199	16.520951548423	12.8533529814336	8.18897553960642e-14	1	45	82	3.01423019882928e-06	1	0	8.61288368511798	3.08728602356773
EFNB2	PECAM1	R-HSA-1474244	REACTOME_EXTRACELLULAR_MATRIX_ORGANIZATION	2.86222771560163e-197	5.2305808449818e-196	1.7575713203291	12.3451442107448	9.64960635074766e-11	1	44	81	3.01423019882928e-06	1	0	7.50811652170512	2.98331412506372
MMP9	ITGAM	R-HSA-1474244	REACTOME_EXTRACELLULAR_MATRIX_ORGANIZATION	1.91441717736082e-196	3.43122463326978e-195	15.8747602811558	16.520951548423	7.7150732584204e-15	1	43	79	3.01423019882928e-06	1	0	-3.31335287562582	8.61288368511798
ITGB2	ITGAD	R-HSA-1474244	REACTOME_EXTRACELLULAR_MATRIX_ORGANIZATION	8.89132985929124e-196	1.56353196770933e-194	12.8533529814336	9.54167313776603	3.29946114226655e-13	1	44	80	2.79145446690608e-06	1	0	3.08728602356773	6.09953002879862
ITGB2	ITGAM	R-HSA-1474244	REACTOME_EXTRACELLULAR_MATRIX_ORGANIZATION	2.03201122178584e-195	3.5071008494526e-194	12.8533529814336	16.520951548423	8.18897553960642e-14	1	43	79	3.01423019882928e-06	1	0	3.08728602356773	8.61288368511798
SHANK1	ABCA1	R-HSA-9006931	REACTOME_SIGNALING_BY_NUCLEAR_RECEPTORS	4.75787572906215e-195	8.06243668997441e-194	1.77551547916988	4.32737687338231	8.78959508145051e-09	1	74	135	0.000230272563312038	1	0	7.29882145566935	-6.34767287398693
ICAM3	ITGAD	R-HSA-1474244	REACTOME_EXTRACELLULAR_MATRIX_ORGANIZATION	4.97456018961343e-195	8.27908945842806e-194	7.05470079350171	9.54167313776603	1.84599697741998e-12	1	44	80	2.79145446690608e-06	1	0	1.07879645214092	6.09953002879862
C3	ITGAM	R-HSA-1474244	REACTOME_EXTRACELLULAR_MATRIX_ORGANIZATION	2.19565557985648e-194	3.59008947443201e-193	6.9878121405443	16.520951548423	8.84845991206837e-13	1	43	79	3.01423019882928e-06	1	0	4.96089421697397	8.61288368511798
MMP9	CD44	R-HSA-1474244	REACTOME_EXTRACELLULAR_MATRIX_ORGANIZATION	3.07734069991621e-194	4.94496815917571e-193	15.8747602811558	1.57426222501424	2.35164758415265e-16	1	42	77	2.79145446690608e-06	1	0	-3.31335287562582	-5.6995146878798
ICAM2	ITGAM	R-HSA-1474244	REACTOME_EXTRACELLULAR_MATRIX_ORGANIZATION	5.79743830862978e-194	9.1579872943101e-193	6.50038364917803	16.520951548423	2.33635916931713e-12	1	43	79	3.01423019882928e-06	1	0	4.30424580245027	8.61288368511798
TGFB1	SDC2	R-HSA-1474244	REACTOME_EXTRACELLULAR_MATRIX_ORGANIZATION	1.05360641680968e-193	1.63660196744437e-192	3.32181668684796	6.99604805784469	2.28224162491543e-12	1	44	80	3.01423019882928e-06	1	0	-5.58331359087569	-0.437591950332544
TGM2	ITGA4	R-HSA-1474244	REACTOME_EXTRACELLULAR_MATRIX_ORGANIZATION	2.83320284506699e-193	4.32876237967612e-192	2.08250749396369	14.2177645859284	1.55948900072745e-08	1	44	80	2.43864468537555e-06	1	0	-3.92662881622739	1.32247849712401
SPP1	ITGA4	R-HSA-1474244	REACTOME_EXTRACELLULAR_MATRIX_ORGANIZATION	8.16249607658986e-193	1.22700747473899e-191	2.48316027446823	14.2177645859284	4.49290910182671e-08	1	44	80	2.43864468537555e-06	1	0	5.86094786860777	1.32247849712401
ADAM17	ITGA5	R-HSA-1474244	REACTOME_EXTRACELLULAR_MATRIX_ORGANIZATION	9.55242028343785e-193	1.41315169907366e-191	1.42436567511293	3.30413921514521	1.53653381245957e-09	1	43	79	2.7283659732746e-06	1	0	-4.42026671345359	6.77052758759515
ADAM28	ITGA4	R-HSA-1474244	REACTOME_EXTRACELLULAR_MATRIX_ORGANIZATION	1.29043917268243e-192	1.87920204521878e-191	11.0682728217172	14.2177645859284	7.10300605341402e-08	1	44	80	2.43864468537555e-06	1	0	4.82363349706814	1.32247849712401
SPP1	ITGA5	R-HSA-1474244	REACTOME_EXTRACELLULAR_MATRIX_ORGANIZATION	2.28819891487332e-192	3.28092521332605e-191	2.48316027446823	3.30413921514521	3.68063265435678e-09	1	43	79	2.7283659732746e-06	1	0	5.86094786860777	6.77052758759515
HBEGF	CD44	R-HSA-1474244	REACTOME_EXTRACELLULAR_MATRIX_ORGANIZATION	7.35883055474136e-192	1.0391560722756e-190	5.13573038218583	1.57426222501424	5.62348397001262e-14	1	42	77	2.79145446690608e-06	1	0	2.52886127252879	-5.6995146878798
LPL	CD44	R-HSA-1474244	REACTOME_EXTRACELLULAR_MATRIX_ORGANIZATION	3.01134431790715e-191	4.18891478252159e-190	14.9577587828504	1.57426222501424	2.30121435382536e-13	1	42	77	2.79145446690608e-06	1	0	0.399414836721288	-5.6995146878798
COL5A3	SDC3	R-HSA-1474244	REACTOME_EXTRACELLULAR_MATRIX_ORGANIZATION	4.5997807673701e-191	6.3044054046896e-190	7.95775439206331	1.68390760944956	3.48672046798353e-09	1	42	78	3.01423019882928e-06	1	0	4.47105613703989	2.51121978667568
PKM	CD44	R-HSA-1474244	REACTOME_EXTRACELLULAR_MATRIX_ORGANIZATION	1.29564178188117e-190	1.75005527639601e-189	1.55182931287603	1.57426222501424	9.90105796986031e-13	1	42	77	2.79145446690608e-06	1	0	1.26064680315073	-5.6995146878798
CSF2	SDC2	R-HSA-1474244	REACTOME_EXTRACELLULAR_MATRIX_ORGANIZATION	1.47668262023472e-190	1.94783198204267e-189	7.25559834194749	6.99604805784469	3.19867693373931e-09	1	44	80	3.01423019882928e-06	1	0	-5.00521631617233	-0.437591950332544
FABP5	RXRA	R-HSA-9006931	REACTOME_SIGNALING_BY_NUCLEAR_RECEPTORS	1.48386341979645e-190	1.94783198204267e-189	14.5490265757492	1.89848995961651	1.12126659844795e-15	1	73	134	0.00035505079417657	1	0	3.17882914982144	7.19596111162888
PSEN1	CD44	R-HSA-1474244	REACTOME_EXTRACELLULAR_MATRIX_ORGANIZATION	2.30831016906409e-189	2.98797927439963e-188	1.00594602507271	1.57426222501424	1.76396849159483e-11	1	42	77	2.79145446690608e-06	1	0	-2.92590208182952	-5.6995146878798
MMP7	CD44	R-HSA-1474244	REACTOME_EXTRACELLULAR_MATRIX_ORGANIZATION	1.90941664336182e-188	2.43777576933318e-187	7.87068940669387	1.57426222501424	1.45914134129671e-10	1	42	77	2.79145446690608e-06	1	0	-4.36295648351875	-5.6995146878798
SPP1	CD44	R-HSA-1474244	REACTOME_EXTRACELLULAR_MATRIX_ORGANIZATION	3.63790026129141e-188	4.58178789665351e-187	2.48316027446823	1.57426222501424	2.78001696760037e-10	1	42	77	2.79145446690608e-06	1	0	5.86094786860777	-5.6995146878798
ABCA1	RXRA	R-HSA-9006931	REACTOME_SIGNALING_BY_NUCLEAR_RECEPTORS	8.49755397048318e-186	1.05596270673204e-184	4.32737687338231	1.89848995961651	6.4210919337297e-11	1	73	134	0.00035505079417657	1	0	-6.34767287398693	7.19596111162888
COL5A3	SDC3	R-HSA-71387	REACTOME_METABOLISM_OF_CARBOHYDRATES	1.74154532901204e-183	2.13568453505161e-182	7.95775439206331	1.68390760944956	3.48672046798353e-09	1	46	85	1.07388904226117e-05	1	0	4.47105613703989	2.51121978667568
MMP9	ITGB2	R-HSA-168898	REACTOME_TOLL_LIKE_RECEPTOR_CASCADES	1.07105639696062e-180	1.29639553502246e-179	15.8747602811558	12.8533529814336	2.83828199493589e-19	1	53	98	7.49941659812277e-05	1	0	-3.31335287562582	3.08728602356773
C3	C3AR1	R-HSA-9658195	REACTOME_LEISHMANIA_INFECTION	2.16996555655236e-180	2.59283063936769e-179	6.9878121405443	5.57062461148133	9.41423344494069e-17	1	48	88	2.46049906250353e-05	1	0	4.96089421697397	-6.34767287398693
ICAM3	ITGB2	R-HSA-168898	REACTOME_TOLL_LIKE_RECEPTOR_CASCADES	6.36047905128205e-179	7.50375503265174e-178	7.05470079350171	12.8533529814336	1.68551658172717e-17	1	53	98	7.49941659812277e-05	1	0	1.07879645214092	3.08728602356773
C3	ITGB2	R-HSA-168898	REACTOME_TOLL_LIKE_RECEPTOR_CASCADES	1.22840046680396e-178	1.43108654382662e-177	6.9878121405443	12.8533529814336	3.25524121549011e-17	1	53	98	7.49941659812277e-05	1	0	4.96089421697397	3.08728602356773
ICAM2	ITGB2	R-HSA-168898	REACTOME_TOLL_LIKE_RECEPTOR_CASCADES	3.24348499369537e-178	3.73200989398035e-177	6.50038364917803	12.8533529814336	8.59518236815014e-17	1	53	98	7.49941659812277e-05	1	0	4.30424580245027	3.08728602356773
ICAM5	ITGB2	R-HSA-168898	REACTOME_TOLL_LIKE_RECEPTOR_CASCADES	6.8584539829776e-178	7.79521842943308e-177	7.30231749197955	12.8533529814336	1.81747912698359e-16	1	53	98	7.49941659812277e-05	1	0	3.30901876034094	3.08728602356773
FABP5	RXRA	R-HSA-9006936	REACTOME_SIGNALING_BY_TGFB_FAMILY_MEMBERS	8.68075939389861e-178	9.74755151218495e-177	14.5490265757492	1.89848995961651	1.12126659844795e-15	1	56	103	0.00010044724949356	1	0	3.17882914982144	7.19596111162888
GNAS	ADCY1	R-HSA-9658195	REACTOME_LEISHMANIA_INFECTION	2.55808411632182e-176	2.83825523382374e-175	3.83740672865904	8.71996338896916	1.10980568194412e-12	1	48	88	2.46049906250353e-05	1	0	3.71250019731088	-6.34767287398693
MMP9	ITGAM	R-HSA-168898	REACTOME_TOLL_LIKE_RECEPTOR_CASCADES	2.91136630581262e-176	3.19222752590277e-175	15.8747602811558	16.520951548423	7.7150732584204e-15	1	53	98	7.49941659812277e-05	1	0	-3.31335287562582	8.61288368511798
HBEGF	ERBB4	R-HSA-9006931	REACTOME_SIGNALING_BY_NUCLEAR_RECEPTORS	2.76819527234406e-175	2.99995115561008e-174	5.13573038218583	6.06984533272091	8.43608407387218e-12	1	69	126	0.00035505079417657	1	0	2.52886127252879	-5.6788528815602
ITGAM	ITGB2	R-HSA-168898	REACTOME_TOLL_LIKE_RECEPTOR_CASCADES	3.09019845522699e-175	3.27280109121768e-174	16.520951548423	12.8533529814336	8.18897553960642e-14	1	53	98	7.49941659812277e-05	1	0	8.61288368511798	3.08728602356773
ITGB2	ITGAM	R-HSA-168898	REACTOME_TOLL_LIKE_RECEPTOR_CASCADES	3.09019845522699e-175	3.27280109121768e-174	12.8533529814336	16.520951548423	8.18897553960642e-14	1	53	98	7.49941659812277e-05	1	0	3.08728602356773	8.61288368511798
GNAS	ADCY8	R-HSA-9658195	REACTOME_LEISHMANIA_INFECTION	4.06606109890684e-175	4.25794263391143e-174	3.83740672865904	13.7793337761781	2.01119711087596e-11	1	48	88	2.45264207976392e-05	1	0	3.71250019731088	3.18990980418948
TGM2	TBXA2R	R-HSA-76002	REACTOME_PLATELET_ACTIVATION_SIGNALING_AND_AGGREGATION	6.74358379788914e-175	6.98335566625854e-174	2.08250749396369	7.43207057586683	2.49355185422805e-10	1	42	78	8.85246770449892e-06	1	0	-3.92662881622739	4.4283953646793
C3	ITGAM	R-HSA-168898	REACTOME_TOLL_LIKE_RECEPTOR_CASCADES	3.33906201321073e-174	3.41978658935429e-173	6.9878121405443	16.520951548423	8.84845991206837e-13	1	53	98	7.49941659812277e-05	1	0	4.96089421697397	8.61288368511798
UBC	ERBB4	R-HSA-9006931	REACTOME_SIGNALING_BY_NUCLEAR_RECEPTORS	6.25584619015873e-174	6.33744418394341e-173	4.45515494948184	6.06984533272091	1.90647115615884e-10	1	69	126	0.00035505079417657	1	0	1.76337487711574	-5.6788528815602
ICAM2	ITGAM	R-HSA-168898	REACTOME_TOLL_LIKE_RECEPTOR_CASCADES	8.8165039215958e-174	8.8354641450831e-173	6.50038364917803	16.520951548423	2.33635916931713e-12	1	53	98	7.49941659812277e-05	1	0	4.30424580245027	8.61288368511798
ABCA1	RXRA	R-HSA-9006936	REACTOME_SIGNALING_BY_TGFB_FAMILY_MEMBERS	4.97115977591462e-173	4.92885203314088e-172	4.32737687338231	1.89848995961651	6.4210919337297e-11	1	56	103	0.00010044724949356	1	0	-6.34767287398693	7.19596111162888
TGFB1	SDC2	R-HSA-71387	REACTOME_METABOLISM_OF_CARBOHYDRATES	2.35780588630765e-172	2.31313166951445e-171	3.32181668684796	6.99604805784469	2.28224162491543e-12	1	46	85	2.44825517700942e-05	1	0	-5.58331359087569	-0.437591950332544
ADAM17	ERBB4	R-HSA-9006931	REACTOME_SIGNALING_BY_NUCLEAR_RECEPTORS	5.71292278849422e-172	5.54629587382981e-171	1.42436567511293	6.06984533272091	1.74101507335019e-08	1	69	126	0.00035505079417657	1	0	-4.42026671345359	-5.6788528815602
MMP7	ERBB4	R-HSA-9006931	REACTOME_SIGNALING_BY_NUCLEAR_RECEPTORS	7.18271481558124e-172	6.90133011146568e-171	7.87068940669387	6.06984533272091	2.18893467047867e-08	1	69	126	0.00035505079417657	1	0	-4.36295648351875	-5.6788528815602
NRG1	ERBB4	R-HSA-9006931	REACTOME_SIGNALING_BY_NUCLEAR_RECEPTORS	9.95454589705967e-172	9.46697630210165e-171	8.55249521073386	6.06984533272091	3.03365109187923e-08	1	69	126	0.00035505079417657	1	0	7.39381963444358	-5.6788528815602
EFNB2	PECAM1	R-HSA-76002	REACTOME_PLATELET_ACTIVATION_SIGNALING_AND_AGGREGATION	2.64465743590599e-171	2.48971790935796e-170	1.7575713203291	12.3451442107448	9.64960635074766e-11	1	42	77	8.452277175724e-06	1	0	7.50811652170512	2.98331412506372
UBC	TLR4	R-HSA-168898	REACTOME_TOLL_LIKE_RECEPTOR_CASCADES	2.32062243280838e-170	2.16282010737741e-169	4.45515494948184	4.19143816689503	6.99701336086941e-14	1	53	97	7.95294811608072e-05	1	0	1.76337487711574	5.19732202381054
TGFB1	ACVRL1	R-HSA-9006936	REACTOME_SIGNALING_BY_TGFB_FAMILY_MEMBERS	1.26054321922591e-169	1.16319433694906e-168	3.32181668684796	7.931732705341	1.404744074511e-14	1	55	100	0.00010044724949356	1	0	-5.58331359087569	0.787931849230063
CSF2	SDC2	R-HSA-71387	REACTOME_METABOLISM_OF_CARBOHYDRATES	3.30458406350665e-169	3.01948269332177e-168	7.25559834194749	6.99604805784469	3.19867693373931e-09	1	46	85	2.44825517700942e-05	1	0	-5.00521631617233	-0.437591950332544
RPS19	C5AR1	R-HSA-418594	REACTOME_G_ALPHA_I_SIGNALLING_EVENTS	8.05717557276802e-168	7.29057051827165e-167	7.98727529043243	14.6050776736467	7.84296070413919e-17	1	44	81	2.59679474562721e-05	1	0	0.995635951119104	5.09092174294694
GDF11	ACVR1B	R-HSA-9006936	REACTOME_SIGNALING_BY_TGFB_FAMILY_MEMBERS	2.2493350918879e-167	2.01575029388415e-166	2.07587269984185	2.69994271800539	6.26236448467182e-09	1	56	102	0.00010044724949356	1	0	-0.401611784702053	3.65972877605595
FABP5	RXRA	R-HSA-2990846	REACTOME_SUMOYLATION	9.44546380747293e-167	8.3839735891093e-166	14.5490265757492	1.89848995961651	1.12126659844795e-15	1	69	127	0.000651017246794827	1	0	3.17882914982144	7.19596111162888
TGFB3	ACVRL1	R-HSA-9006936	REACTOME_SIGNALING_BY_TGFB_FAMILY_MEMBERS	8.47976630470745e-166	7.45579452451636e-165	1.28827757204938	7.931732705341	9.4498159905146e-11	1	55	100	0.00010044724949356	1	0	1.04372229982068	0.787931849230063
UBC	TLR4	R-HSA-5357801	REACTOME_PROGRAMMED_CELL_DEATH	1.43992048659855e-165	1.25421111542976e-164	4.45515494948184	4.19143816689503	6.99701336086941e-14	1	56	102	0.000139877302090909	1	0	1.76337487711574	5.19732202381054
TGFB1	CXCR4	R-HSA-418594	REACTOME_G_ALPHA_I_SIGNALLING_EVENTS	4.10147285979684e-165	3.53941917160246e-164	3.32181668684796	6.4700594444217	3.99242764141838e-14	1	44	81	2.59679474562721e-05	1	0	-5.58331359087569	-6.34767287398693
FABP5	RXRA	R-HSA-9711123	REACTOME_CELLULAR_RESPONSE_TO_CHEMICAL_STRESS	1.33314821332877e-164	1.13990287598386e-163	14.5490265757492	1.89848995961651	1.12126659844795e-15	1	56	103	0.000189102071763695	1	0	3.17882914982144	7.19596111162888
MMP9	CD44	R-HSA-913531	REACTOME_INTERFERON_SIGNALING	2.24958115725684e-164	1.90600876233034e-163	15.8747602811558	1.57426222501424	2.35164758415265e-16	1	73	134	0.000963391956813522	1	0	-3.31335287562582	-5.6995146878798
C3	C3AR1	R-HSA-418594	REACTOME_G_ALPHA_I_SIGNALLING_EVENTS	1.74722579567236e-163	1.46704003744742e-162	6.9878121405443	5.57062461148133	9.41423344494069e-17	1	44	80	2.59679474562721e-05	1	0	4.96089421697397	-6.34767287398693
HBEGF	CD44	R-HSA-913531	REACTOME_INTERFERON_SIGNALING	5.37941299637145e-162	4.46129313434483e-161	5.13573038218583	1.57426222501424	5.62348397001262e-14	1	73	134	0.000963391956813522	1	0	2.52886127252879	-5.6995146878798
ABCA1	RXRA	R-HSA-2990846	REACTOME_SUMOYLATION	5.40907858563269e-162	4.46129313434483e-161	4.32737687338231	1.89848995961651	6.4210919337297e-11	1	69	127	0.000651017246794827	1	0	-6.34767287398693	7.19596111162888
LPL	CD44	R-HSA-913531	REACTOME_INTERFERON_SIGNALING	2.20133683467704e-161	1.79968941220965e-160	14.9577587828504	1.57426222501424	2.30121435382536e-13	1	73	134	0.000963391956813522	1	0	0.399414836721288	-5.6995146878798
UBC	TGFBR1	R-HSA-9006936	REACTOME_SIGNALING_BY_TGFB_FAMILY_MEMBERS	2.8300426583523e-161	2.29356500659508e-160	4.45515494948184	1.01672426175283	6.56989913766533e-09	1	56	103	0.000160323100868554	1	0	1.76337487711574	5.4136516831527
TGFB1	TGFBR1	R-HSA-9006936	REACTOME_SIGNALING_BY_TGFB_FAMILY_MEMBERS	7.8097284982636e-161	6.27471289688075e-160	3.32181668684796	1.01672426175283	1.81301608209735e-08	1	56	103	0.000160323100868554	1	0	-5.58331359087569	5.4136516831527
PKM	CD44	R-HSA-913531	REACTOME_INTERFERON_SIGNALING	9.47133133212685e-161	7.54468444576258e-160	1.55182931287603	1.57426222501424	9.90105796986031e-13	1	73	134	0.000963391956813522	1	0	1.26064680315073	-5.6995146878798
CXCL13	CXCR5	R-HSA-418594	REACTOME_G_ALPHA_I_SIGNALLING_EVENTS	1.02967343242035e-160	8.13267490691325e-160	18.7217019593949	8.58998852432584	4.59025511347387e-13	1	44	80	2.45264207976392e-05	1	0	-5.61180436702843	4.99194928142641
ABCA1	RXRA	R-HSA-9711123	REACTOME_CELLULAR_RESPONSE_TO_CHEMICAL_STRESS	7.63446200120521e-160	5.97925931522963e-159	4.32737687338231	1.89848995961651	6.4210919337297e-11	1	56	103	0.000189102071763695	1	0	-6.34767287398693	7.19596111162888
PSEN1	CD44	R-HSA-913531	REACTOME_INTERFERON_SIGNALING	1.68740856726469e-159	1.31055398724224e-158	1.00594602507271	1.57426222501424	1.76396849159483e-11	1	73	134	0.000963391956813522	1	0	-2.92590208182952	-5.6995146878798
GNAS	ADCY1	R-HSA-418594	REACTOME_G_ALPHA_I_SIGNALLING_EVENTS	2.0597334100724e-159	1.58650540346072e-158	3.83740672865904	8.71996338896916	1.10980568194412e-12	1	44	80	2.59679474562721e-05	1	0	3.71250019731088	-6.34767287398693
GNAS	ADCY8	R-HSA-418594	REACTOME_G_ALPHA_I_SIGNALLING_EVENTS	4.51146217636324e-159	3.44646126915618e-158	3.83740672865904	13.7793337761781	2.01119711087596e-11	1	44	80	2.45264207976392e-05	1	0	3.71250019731088	3.18990980418948
MMP7	CD44	R-HSA-913531	REACTOME_INTERFERON_SIGNALING	1.39581155325971e-158	1.05763932328297e-157	7.87068940669387	1.57426222501424	1.45914134129671e-10	1	73	134	0.000963391956813522	1	0	-4.36295648351875	-5.6995146878798
SPP1	CD44	R-HSA-913531	REACTOME_INTERFERON_SIGNALING	2.65935841293222e-158	1.99880809746196e-157	2.48316027446823	1.57426222501424	2.78001696760037e-10	1	73	134	0.000963391956813522	1	0	5.86094786860777	-5.6995146878798
UBC	TGFBR1	R-HSA-5688426	REACTOME_DEUBIQUITINATION	2.1497984535943e-157	1.60288972699991e-156	4.45515494948184	1.01672426175283	6.56989913766533e-09	1	80	146	0.00141040804271534	1	0	1.76337487711574	5.4136516831527
TGFB3	TGFBR1	R-HSA-9006936	REACTOME_SIGNALING_BY_TGFB_FAMILY_MEMBERS	5.25366140235612e-157	3.88604160872691e-156	1.28827757204938	1.01672426175283	0.000121962916053785	1	56	103	0.000160323100868554	1	0	1.04372229982068	5.4136516831527
TGFB1	TGFBR1	R-HSA-5688426	REACTOME_DEUBIQUITINATION	5.93254034493369e-157	4.3536437806915e-156	3.32181668684796	1.01672426175283	1.81301608209735e-08	1	80	146	0.00141040804271534	1	0	-5.58331359087569	5.4136516831527
UBC	TLR4	R-HSA-983169	REACTOME_CLASS_I_MHC_MEDIATED_ANTIGEN_PROCESSING_PRESENTATION	3.20946637264351e-156	2.33689270258105e-155	4.45515494948184	4.19143816689503	6.99701336086941e-14	1	91	166	0.00309347884155955	1	0	1.76337487711574	5.19732202381054
IL16	CD4	R-HSA-162906	REACTOME_HIV_INFECTION	2.02160160597514e-154	1.46056798199134e-153	6.52953624117408	13.7827618222993	7.21473863737053e-15	1	64	117	0.000613074619637456	1	0	3.07977796338005	4.4687739453421
TGFB1	CXCR4	R-HSA-162906	REACTOME_HIV_INFECTION	1.11869584434073e-153	8.02018866865818e-153	3.32181668684796	6.4700594444217	3.99242764141838e-14	1	64	117	0.000613074619637456	1	0	-5.58331359087569	-6.34767287398693
TGFB3	TGFBR1	R-HSA-5688426	REACTOME_DEUBIQUITINATION	3.99086322079294e-153	2.83930116166337e-152	1.28827757204938	1.01672426175283	0.000121962916053785	1	80	146	0.00141040804271534	1	0	1.04372229982068	5.4136516831527
TGFB1	SDC2	R-HSA-381426	REACTOME_REGULATION_OF_INSULIN_LIKE_GROWTH_FACTOR_IGF_TRANSPORT_AND_UPTAKE_BY_INSULIN_LIKE_GROWTH_FACTOR_BINDING_PROTEINS_IGFBPS	3.08644693411372e-143	2.17921859287423e-142	3.32181668684796	6.99604805784469	2.28224162491543e-12	1	35	65	1.51583053007923e-05	1	0	-5.58331359087569	-0.437591950332544
IL16	CD4	R-HSA-8856828	REACTOME_CLATHRIN_MEDIATED_ENDOCYTOSIS	2.03628895700599e-142	1.42693331423277e-141	6.52953624117408	13.7827618222993	7.21473863737053e-15	1	47	87	0.000189643916741508	1	0	3.07977796338005	4.4687739453421
IL16	GRIN2D	R-HSA-112315	REACTOME_TRANSMISSION_ACROSS_CHEMICAL_SYNAPSES	2.1580368778595e-140	1.50096296280974e-139	6.52953624117408	5.53011798550084	4.18727890133243e-12	1	41	75	5.26338572270845e-05	1	0	3.07977796338005	-4.20161580560622
UBC	TLR4	R-HSA-109581	REACTOME_APOPTOSIS	2.44550945206147e-140	1.68830726616392e-139	4.45515494948184	4.19143816689503	6.99701336086941e-14	1	45	83	0.000139877302090909	1	0	1.76337487711574	5.19732202381054
CSF2	SDC2	R-HSA-381426	REACTOME_REGULATION_OF_INSULIN_LIKE_GROWTH_FACTOR_IGF_TRANSPORT_AND_UPTAKE_BY_INSULIN_LIKE_GROWTH_FACTOR_BINDING_PROTEINS_IGFBPS	4.32581130217789e-140	2.96445303943367e-139	7.25559834194749	6.99604805784469	3.19867693373931e-09	1	35	65	1.51583053007923e-05	1	0	-5.00521631617233	-0.437591950332544
GNAS	ADCY8	R-HSA-112315	REACTOME_TRANSMISSION_ACROSS_CHEMICAL_SYNAPSES	5.52843950451736e-140	3.76095300599283e-139	3.83740672865904	13.7793337761781	2.01119711087596e-11	1	40	74	5.26338572270845e-05	1	0	3.71250019731088	3.18990980418948
HBEGF	ERBB4	R-HSA-112315	REACTOME_TRANSMISSION_ACROSS_CHEMICAL_SYNAPSES	3.54749310329114e-139	2.39584316830967e-138	5.13573038218583	6.06984533272091	8.43608407387218e-12	1	40	73	4.36336413072762e-05	1	0	2.52886127252879	-5.6788528815602
HBEGF	ERBB4	R-HSA-8939211	REACTOME_ESR_MEDIATED_SIGNALING	2.17033334126092e-138	1.45521631226991e-137	5.13573038218583	6.06984533272091	8.43608407387218e-12	1	52	96	0.000372306735593317	1	0	2.52886127252879	-5.6788528815602
GNAS	ADCY1	R-HSA-112315	REACTOME_TRANSMISSION_ACROSS_CHEMICAL_SYNAPSES	2.68510524693474e-138	1.78751292153084e-137	3.83740672865904	8.71996338896916	1.10980568194412e-12	1	40	74	6.38853034280612e-05	1	0	3.71250019731088	-6.34767287398693
UBC	ERBB4	R-HSA-112315	REACTOME_TRANSMISSION_ACROSS_CHEMICAL_SYNAPSES	8.0169818352612e-138	5.29916813508045e-137	4.45515494948184	6.06984533272091	1.90647115615884e-10	1	40	73	4.36336413072762e-05	1	0	1.76337487711574	-5.6788528815602
UBC	TLR4	R-HSA-166166	REACTOME_MYD88_INDEPENDENT_TLR4_CASCADE	9.36431514132072e-138	6.14615613500768e-137	4.45515494948184	4.19143816689503	6.99701336086941e-14	1	43	79	0.000109533830047243	1	0	1.76337487711574	5.19732202381054
UBC	ERBB4	R-HSA-8939211	REACTOME_ESR_MEDIATED_SIGNALING	4.90473764620102e-137	3.19665418619535e-136	4.45515494948184	6.06984533272091	1.90647115615884e-10	1	52	96	0.000372306735593317	1	0	1.76337487711574	-5.6788528815602
IL16	CD4	R-HSA-162587	REACTOME_HIV_LIFE_CYCLE	5.90283820251286e-137	3.8204480588486e-136	6.52953624117408	13.7827618222993	7.21473863737053e-15	1	54	99	0.000530254457995978	1	0	3.07977796338005	4.4687739453421
TGFB1	CXCR4	R-HSA-162587	REACTOME_HIV_LIFE_CYCLE	3.26645989370472e-136	2.09954525581573e-135	3.32181668684796	6.4700594444217	3.99242764141838e-14	1	54	99	0.000530254457995978	1	0	-5.58331359087569	-6.34767287398693
ADAM17	ERBB4	R-HSA-112315	REACTOME_TRANSMISSION_ACROSS_CHEMICAL_SYNAPSES	7.32121552055707e-136	4.67354305832821e-135	1.42436567511293	6.06984533272091	1.74101507335019e-08	1	40	73	4.36336413072762e-05	1	0	-4.42026671345359	-5.6788528815602
MMP7	ERBB4	R-HSA-112315	REACTOME_TRANSMISSION_ACROSS_CHEMICAL_SYNAPSES	9.20478100867681e-136	5.83595639461686e-135	7.87068940669387	6.06984533272091	2.18893467047867e-08	1	40	73	4.36336413072762e-05	1	0	-4.36295648351875	-5.6788528815602
NRG1	ERBB4	R-HSA-112315	REACTOME_TRANSMISSION_ACROSS_CHEMICAL_SYNAPSES	1.27569334681766e-135	8.03342026509502e-135	8.55249521073386	6.06984533272091	3.03365109187923e-08	1	40	73	4.36336413072762e-05	1	0	7.39381963444358	-5.6788528815602
ADAM17	ERBB4	R-HSA-8939211	REACTOME_ESR_MEDIATED_SIGNALING	4.47907231393366e-135	2.80167476280951e-134	1.42436567511293	6.06984533272091	1.74101507335019e-08	1	52	96	0.000372306735593317	1	0	-4.42026671345359	-5.6788528815602
MMP7	ERBB4	R-HSA-8939211	REACTOME_ESR_MEDIATED_SIGNALING	5.63142549977132e-135	3.49899237719124e-134	7.87068940669387	6.06984533272091	2.18893467047867e-08	1	52	96	0.000372306735593317	1	0	-4.36295648351875	-5.6788528815602
NRG1	ERBB4	R-HSA-8939211	REACTOME_ESR_MEDIATED_SIGNALING	7.80460940503169e-135	4.81714964601956e-134	8.55249521073386	6.06984533272091	3.03365109187923e-08	1	52	96	0.000372306735593317	1	0	7.39381963444358	-5.6788528815602
UBC	TLR4	R-HSA-168138	REACTOME_TOLL_LIKE_RECEPTOR_9_TLR9_CASCADE	3.51961911010757e-132	2.14397713112435e-131	4.45515494948184	4.19143816689503	6.99701336086941e-14	1	40	73	8.06925755405766e-05	1	0	1.76337487711574	5.19732202381054
UBC	TLR4	R-HSA-168179	REACTOME_TOLL_LIKE_RECEPTOR_TLR1_TLR2_CASCADE	3.51961911010757e-132	2.14397713112435e-131	4.45515494948184	4.19143816689503	6.99701336086941e-14	1	40	73	8.06925755405766e-05	1	0	1.76337487711574	5.19732202381054
CAP1	ROBO1	R-HSA-376176	REACTOME_SIGNALING_BY_ROBO_RECEPTORS	1.58258679942413e-124	9.57773309781358e-124	4.93955649128635	9.3929748989499	9.45071933494037e-18	1	51	93	0.000783408975583476	1	0	1.02226283289357	-0.455266075962448
VASP	ROBO1	R-HSA-376176	REACTOME_SIGNALING_BY_ROBO_RECEPTORS	1.49961335766318e-122	9.01702999575539e-122	1.81481479734542	9.3929748989499	8.95522758016135e-16	1	51	93	0.000783408975583476	1	0	6.93106586028725	-0.455266075962448
NRP1	ROBO1	R-HSA-376176	REACTOME_SIGNALING_BY_ROBO_RECEPTORS	4.41339625551332e-122	2.63672135265283e-121	1.27790748729062	9.3929748989499	2.63554386652981e-15	1	51	93	0.000783408975583476	1	0	-3.22754442657073	-0.455266075962448
IL33	IL1RAP	R-HSA-446652	REACTOME_INTERLEUKIN_1_FAMILY_SIGNALING	8.70990359662441e-117	5.17046506500252e-116	4.75051253386034	1.54623327292617	1.52911410273012e-12	1	35	65	0.000109533830047243	1	0	3.29858238325174	2.92660586250366
MMP9	ITGB2	R-HSA-6785807	REACTOME_INTERLEUKIN_4_AND_INTERLEUKIN_13_SIGNALING	9.63230857501898e-117	5.68184277969474e-116	15.8747602811558	12.8533529814336	2.83828199493589e-19	1	31	57	6.19459691343654e-05	1	0	-3.31335287562582	3.08728602356773
UBC	NOTCH2	R-HSA-157118	REACTOME_SIGNALING_BY_NOTCH	1.11670500216549e-116	6.54571737118389e-116	4.45515494948184	1.30196708641077	1.80217835800035e-09	1	48	88	0.000585631657133385	1	0	1.76337487711574	4.70339172314515
TNF	TNFRSF1B	R-HSA-6785807	REACTOME_INTERLEUKIN_4_AND_INTERLEUKIN_13_SIGNALING	3.05605342111506e-116	1.78015111779952e-115	10.5619292767115	7.14778819015196	1.43610622263417e-11	1	31	58	4.71799029252655e-05	1	0	6.2893030456444	2.32589535580337
PSEN1	NOTCH2	R-HSA-157118	REACTOME_SIGNALING_BY_NOTCH	1.55000994142287e-115	8.97272835655974e-115	1.00594602507271	1.30196708641077	2.50146132210459e-08	1	48	88	0.000585631657133385	1	0	-2.92590208182952	4.70339172314515
ICAM3	ITGB2	R-HSA-6785807	REACTOME_INTERLEUKIN_4_AND_INTERLEUKIN_13_SIGNALING	5.72015601426313e-115	3.29085518845262e-114	7.05470079350171	12.8533529814336	1.68551658172717e-17	1	31	57	6.19459691343654e-05	1	0	1.07879645214092	3.08728602356773
C3	ITGB2	R-HSA-6785807	REACTOME_INTERLEUKIN_4_AND_INTERLEUKIN_13_SIGNALING	1.10473476313015e-114	6.31664294010611e-114	6.9878121405443	12.8533529814336	3.25524121549011e-17	1	31	57	6.19459691343654e-05	1	0	4.96089421697397	3.08728602356773
IL1B	IL1RAP	R-HSA-446652	REACTOME_INTERLEUKIN_1_FAMILY_SIGNALING	1.41943398758115e-114	8.06653949040021e-114	22.9448405264891	1.54623327292617	2.49196389400449e-10	1	35	65	0.000109533830047243	1	0	7.00473502052327	2.92660586250366
ICAM2	ITGB2	R-HSA-6785807	REACTOME_INTERLEUKIN_4_AND_INTERLEUKIN_13_SIGNALING	2.91695641857654e-114	1.64763841340202e-113	6.50038364917803	12.8533529814336	8.59518236815014e-17	1	31	57	6.19459691343654e-05	1	0	4.30424580245027	3.08728602356773
DLL4	NOTCH2	R-HSA-157118	REACTOME_SIGNALING_BY_NOTCH	5.56173294919271e-114	3.1226115112335e-113	5.84857908909275	1.30196708641077	8.97572298375643e-07	1	48	88	0.000585631657133385	1	0	5.18180330917273	4.70339172314515
ICAM5	ITGB2	R-HSA-6785807	REACTOME_INTERLEUKIN_4_AND_INTERLEUKIN_13_SIGNALING	6.16799874395759e-114	3.44226037686735e-113	7.30231749197955	12.8533529814336	1.81747912698359e-16	1	31	57	6.19459691343654e-05	1	0	3.30901876034094	3.08728602356773
IL36G	IL1RAP	R-HSA-446652	REACTOME_INTERLEUKIN_1_FAMILY_SIGNALING	2.10940396552512e-113	1.17021696182703e-112	14.6544670061859	1.54623327292617	3.70327790228284e-09	1	35	65	0.000109533830047243	1	0	0.965375892102978	2.92660586250366
MMP9	ITGAM	R-HSA-6785807	REACTOME_INTERLEUKIN_4_AND_INTERLEUKIN_13_SIGNALING	2.61827282971089e-112	1.44392324100032e-111	15.8747602811558	16.520951548423	7.7150732584204e-15	1	31	57	6.19459691343654e-05	1	0	-3.31335287562582	8.61288368511798
HBEGF	ERBB4	R-HSA-112314	REACTOME_NEUROTRANSMITTER_RECEPTORS_AND_POSTSYNAPTIC_SIGNAL_TRANSMISSION	3.10722612461557e-112	1.70349102831865e-111	5.13573038218583	6.06984533272091	8.43608407387218e-12	1	33	60	6.38853034280612e-05	1	0	2.52886127252879	-5.6788528815602
IL16	GRIN2D	R-HSA-112314	REACTOME_NEUROTRANSMITTER_RECEPTORS_AND_POSTSYNAPTIC_SIGNAL_TRANSMISSION	5.94056891277242e-112	3.23778375830637e-111	6.52953624117408	5.53011798550084	4.18727890133243e-12	1	34	62	8.90575965212501e-05	1	0	3.07977796338005	-4.20161580560622
GNAS	ADCY8	R-HSA-112314	REACTOME_NEUROTRANSMITTER_RECEPTORS_AND_POSTSYNAPTIC_SIGNAL_TRANSMISSION	1.51883440289094e-111	8.22996315985092e-111	3.83740672865904	13.7793337761781	2.01119711087596e-11	1	33	61	8.90575965212501e-05	1	0	3.71250019731088	3.18990980418948
IL6	IL6R	R-HSA-6785807	REACTOME_INTERLEUKIN_4_AND_INTERLEUKIN_13_SIGNALING	2.55210341879515e-111	1.37489039671507e-110	7.07281816728214	4.71162859717308	1.19928911425912e-06	1	31	58	4.71799029252655e-05	1	0	-6.34767287398693	3.00284632410901
ITGAM	ITGB2	R-HSA-6785807	REACTOME_INTERLEUKIN_4_AND_INTERLEUKIN_13_SIGNALING	2.77910156395694e-111	1.48007009006164e-110	16.520951548423	12.8533529814336	8.18897553960642e-14	1	31	57	6.19459691343654e-05	1	0	8.61288368511798	3.08728602356773
ITGB2	ITGAM	R-HSA-6785807	REACTOME_INTERLEUKIN_4_AND_INTERLEUKIN_13_SIGNALING	2.77910156395694e-111	1.48007009006164e-110	12.8533529814336	16.520951548423	8.18897553960642e-14	1	31	57	6.19459691343654e-05	1	0	3.08728602356773	8.61288368511798
UBC	ERBB4	R-HSA-112314	REACTOME_NEUROTRANSMITTER_RECEPTORS_AND_POSTSYNAPTIC_SIGNAL_TRANSMISSION	7.02202222070047e-111	3.71847994868911e-110	4.45515494948184	6.06984533272091	1.90647115615884e-10	1	33	60	6.38853034280612e-05	1	0	1.76337487711574	-5.6788528815602
C3	ITGAM	R-HSA-6785807	REACTOME_INTERLEUKIN_4_AND_INTERLEUKIN_13_SIGNALING	3.00291149500996e-110	1.58119407533858e-109	6.9878121405443	16.520951548423	8.84845991206837e-13	1	31	57	6.19459691343654e-05	1	0	4.96089421697397	8.61288368511798
VEGFA	FLT1	R-HSA-194138	REACTOME_SIGNALING_BY_VEGF	7.6702691426633e-110	4.01611844997876e-109	4.25472055819396	1.80445970906365	1.67956194907965e-10	1	34	62	9.2721458126573e-05	1	0	2.83766103593168	-4.67512261982017
ICAM2	ITGAM	R-HSA-6785807	REACTOME_INTERLEUKIN_4_AND_INTERLEUKIN_13_SIGNALING	7.92892760518178e-110	4.12835783688795e-109	6.50038364917803	16.520951548423	2.33635916931713e-12	1	31	57	6.19459691343654e-05	1	0	4.30424580245027	8.61288368511798
ADAM17	ERBB4	R-HSA-112314	REACTOME_NEUROTRANSMITTER_RECEPTORS_AND_POSTSYNAPTIC_SIGNAL_TRANSMISSION	6.41260503320249e-109	3.32030438385818e-108	1.42436567511293	6.06984533272091	1.74101507335019e-08	1	33	60	6.38853034280612e-05	1	0	-4.42026671345359	-5.6788528815602
MMP7	ERBB4	R-HSA-112314	REACTOME_NEUROTRANSMITTER_RECEPTORS_AND_POSTSYNAPTIC_SIGNAL_TRANSMISSION	8.06240778734462e-109	4.15147185514098e-108	7.87068940669387	6.06984533272091	2.18893467047867e-08	1	33	60	6.38853034280612e-05	1	0	-4.36295648351875	-5.6788528815602
NRG1	ERBB4	R-HSA-112314	REACTOME_NEUROTRANSMITTER_RECEPTORS_AND_POSTSYNAPTIC_SIGNAL_TRANSMISSION	1.11737150117436e-108	5.72192439062914e-108	8.55249521073386	6.06984533272091	3.03365109187923e-08	1	33	60	6.38853034280612e-05	1	0	7.39381963444358	-5.6788528815602
VEGFB	FLT1	R-HSA-194138	REACTOME_SIGNALING_BY_VEGF	3.71486467953995e-108	1.89194201165641e-107	1.18865902695918	1.80445970906365	8.13445427492368e-09	1	34	62	9.2721458126573e-05	1	0	5.23719737108765	-4.67512261982017
VEGFA	NRP1	R-HSA-194138	REACTOME_SIGNALING_BY_VEGF	4.02743594817742e-108	2.03998386070726e-107	4.25472055819396	1.27790748729062	5.64375683346135e-12	1	32	59	9.29563039168103e-05	1	0	2.83766103593168	-3.22754442657073
FYN	NRP1	R-HSA-194138	REACTOME_SIGNALING_BY_VEGF	1.57406019475412e-107	7.92986000816672e-107	2.48737842852703	1.27790748729062	2.20577387070384e-11	1	32	59	9.29563039168103e-05	1	0	7.12853732925553	-3.22754442657073
VEGFC	FLT1	R-HSA-194138	REACTOME_SIGNALING_BY_VEGF	2.10761592239295e-107	1.05607421487647e-106	2.33920769185679	1.80445970906365	4.61505514433159e-08	1	34	62	9.2721458126573e-05	1	0	3.77429750821974	-4.67512261982017
GNAS	ADCY1	R-HSA-112314	REACTOME_NEUROTRANSMITTER_RECEPTORS_AND_POSTSYNAPTIC_SIGNAL_TRANSMISSION	4.73521619651763e-107	2.36001149473499e-106	3.83740672865904	8.71996338896916	1.10980568194412e-12	1	33	61	0.000140618015386575	1	0	3.71250019731088	-6.34767287398693
VEGFB	NRP1	R-HSA-194138	REACTOME_SIGNALING_BY_VEGF	1.95056774080796e-106	9.66983582145225e-106	1.18865902695918	1.27790748729062	2.73338425687341e-10	1	32	59	9.29563039168103e-05	1	0	5.23719737108765	-3.22754442657073
FABP5	RXRA	R-HSA-8957322	REACTOME_METABOLISM_OF_STEROIDS	6.05069979597879e-104	2.98373132796414e-103	14.5490265757492	1.89848995961651	1.12126659844795e-15	1	33	61	0.000228294533831939	1	0	3.17882914982144	7.19596111162888
ST6GAL1	CD22	R-HSA-983705	REACTOME_SIGNALING_BY_THE_B_CELL_RECEPTOR_BCR	6.83040533870426e-103	3.35049356614335e-102	2.53305731234973	13.2799030723321	1.47635507390625e-10	1	26	48	2.50554422614364e-05	1	0	-2.99629434715444	6.0866918205032
UBC	TGFBR1	R-HSA-5689880	REACTOME_UB_SPECIFIC_PROCESSING_PROTEASES	1.10565044297715e-102	5.39511106206653e-102	4.45515494948184	1.01672426175283	6.56989913766533e-09	1	57	104	0.00263809881885285	1	0	1.76337487711574	5.4136516831527
MMP9	CD44	R-HSA-1474228	REACTOME_DEGRADATION_OF_THE_EXTRACELLULAR_MATRIX	1.50788586278393e-102	7.31952929226367e-102	15.8747602811558	1.57426222501424	2.35164758415265e-16	1	18	33	1.11237289729488e-06	1	0	-3.31335287562582	-5.6995146878798
TGFB1	TGFBR1	R-HSA-5689880	REACTOME_UB_SPECIFIC_PROCESSING_PROTEASES	3.05113060686647e-102	1.47339571274588e-101	3.32181668684796	1.01672426175283	1.81301608209735e-08	1	57	104	0.00263809881885285	1	0	-5.58331359087569	5.4136516831527
COL5A3	SDC3	R-HSA-1630316	REACTOME_GLYCOSAMINOGLYCAN_METABOLISM	5.04655614332489e-102	2.42442800287567e-101	7.95775439206331	1.68390760944956	3.48672046798353e-09	1	22	41	6.11693035241959e-06	1	0	4.47105613703989	2.51121978667568
UBC	TGFBR1	R-HSA-170834	REACTOME_SIGNALING_BY_TGF_BETA_RECEPTOR_COMPLEX	1.40299397092808e-101	6.70559169694857e-101	4.45515494948184	1.01672426175283	6.56989913766533e-09	1	36	67	0.000320965889130642	1	0	1.76337487711574	5.4136516831527
TGFB1	TGFBR1	R-HSA-170834	REACTOME_SIGNALING_BY_TGF_BETA_RECEPTOR_COMPLEX	3.87167379449624e-101	1.84102039615841e-100	3.32181668684796	1.01672426175283	1.81301608209735e-08	1	36	67	0.000320965889130642	1	0	-5.58331359087569	5.4136516831527
TGFB1	SDC2	R-HSA-1630316	REACTOME_GLYCOSAMINOGLYCAN_METABOLISM	1.92493580896028e-100	9.10680291345678e-100	3.32181668684796	6.99604805784469	2.28224162491543e-12	1	22	41	1.05878873005501e-05	1	0	-5.58331359087569	-0.437591950332544
TGFB1	CXCR4	R-HSA-376176	REACTOME_SIGNALING_BY_ROBO_RECEPTORS	1.98273477527107e-100	9.33287278056889e-100	3.32181668684796	6.4700594444217	3.99242764141838e-14	1	46	84	0.00147572218354609	1	0	-5.58331359087569	-6.34767287398693
HBEGF	CD44	R-HSA-1474228	REACTOME_DEGRADATION_OF_THE_EXTRACELLULAR_MATRIX	3.6058004758521e-100	1.6887467555247e-99	5.13573038218583	1.57426222501424	5.62348397001262e-14	1	18	33	1.11237289729488e-06	1	0	2.52886127252879	-5.6995146878798
LPL	CD44	R-HSA-1474228	REACTOME_DEGRADATION_OF_THE_EXTRACELLULAR_MATRIX	1.47554787322396e-99	6.87605308922368e-99	14.9577587828504	1.57426222501424	2.30121435382536e-13	1	18	33	1.11237289729488e-06	1	0	0.399414836721288	-5.6995146878798
ABCA1	RXRA	R-HSA-8957322	REACTOME_METABOLISM_OF_STEROIDS	3.46501890871966e-99	1.60666548404315e-98	4.32737687338231	1.89848995961651	6.4210919337297e-11	1	33	61	0.000228294533831939	1	0	-6.34767287398693	7.19596111162888
PKM	CD44	R-HSA-1474228	REACTOME_DEGRADATION_OF_THE_EXTRACELLULAR_MATRIX	6.34859808075196e-99	2.92915515408952e-98	1.55182931287603	1.57426222501424	9.90105796986031e-13	1	18	33	1.11237289729488e-06	1	0	1.26064680315073	-5.6995146878798
TGFB3	TGFBR1	R-HSA-5689880	REACTOME_UB_SPECIFIC_PROCESSING_PROTEASES	2.05251784443029e-98	9.4233824187637e-98	1.28827757204938	1.01672426175283	0.000121962916053785	1	57	104	0.00263809881885285	1	0	1.04372229982068	5.4136516831527
PSEN1	CD44	R-HSA-1474228	REACTOME_DEGRADATION_OF_THE_EXTRACELLULAR_MATRIX	1.13106367161325e-97	5.16740853893898e-97	1.00594602507271	1.57426222501424	1.76396849159483e-11	1	18	33	1.11237289729488e-06	1	0	-2.92590208182952	-5.6995146878798
TGFB3	TGFBR1	R-HSA-170834	REACTOME_SIGNALING_BY_TGF_BETA_RECEPTOR_COMPLEX	2.60450323992454e-97	1.18409610712667e-96	1.28827757204938	1.01672426175283	0.000121962916053785	1	36	67	0.000320965889130642	1	0	1.04372229982068	5.4136516831527
CSF2	SDC2	R-HSA-1630316	REACTOME_GLYCOSAMINOGLYCAN_METABOLISM	2.69789478196826e-97	1.22060094019146e-96	7.25559834194749	6.99604805784469	3.19867693373931e-09	1	22	41	1.05878873005501e-05	1	0	-5.00521631617233	-0.437591950332544
MMP7	CD44	R-HSA-1474228	REACTOME_DEGRADATION_OF_THE_EXTRACELLULAR_MATRIX	9.35607280262479e-97	4.21249268214797e-96	7.87068940669387	1.57426222501424	1.45914134129671e-10	1	18	33	1.11237289729488e-06	1	0	-4.36295648351875	-5.6995146878798
SPP1	CD44	R-HSA-1474228	REACTOME_DEGRADATION_OF_THE_EXTRACELLULAR_MATRIX	1.78255802952486e-96	7.98723117075561e-96	2.48316027446823	1.57426222501424	2.78001696760037e-10	1	18	33	1.11237289729488e-06	1	0	5.86094786860777	-5.6995146878798
RPS19	C5AR1	R-HSA-373076	REACTOME_CLASS_A_1_RHODOPSIN_LIKE_RECEPTORS	7.0190263512817e-96	3.13001557865768e-95	7.98727529043243	14.6050776736467	7.84296070413919e-17	1	16	30	1.52783464615956e-06	1	0	0.995635951119104	5.09092174294694
VEGFA	NRP1	R-HSA-376176	REACTOME_SIGNALING_BY_ROBO_RECEPTORS	1.09998143472968e-95	4.88182236746697e-95	4.25472055819396	1.27790748729062	5.64375683346135e-12	1	45	83	0.00174814223822074	1	0	2.83766103593168	-3.22754442657073
FYN	NRP1	R-HSA-376176	REACTOME_SIGNALING_BY_ROBO_RECEPTORS	4.2991049731283e-95	1.89894115400738e-94	2.48737842852703	1.27790748729062	2.20577387070384e-11	1	45	83	0.00174814223822074	1	0	7.12853732925553	-3.22754442657073
C3	C3AR1	R-HSA-373076	REACTOME_CLASS_A_1_RHODOPSIN_LIKE_RECEPTORS	1.18883480676944e-94	5.22638698070338e-94	6.9878121405443	5.57062461148133	9.41423344494069e-17	1	15	29	1.90889088784159e-06	1	0	4.96089421697397	-6.34767287398693
VEGFB	NRP1	R-HSA-376176	REACTOME_SIGNALING_BY_ROBO_RECEPTORS	5.32742998195252e-94	2.3310632597088e-93	1.18865902695918	1.27790748729062	2.73338425687341e-10	1	45	83	0.00174814223822074	1	0	5.23719737108765	-3.22754442657073
HBEGF	ERBB4	R-HSA-2219528	REACTOME_PI3K_AKT_SIGNALING_IN_CANCER	1.66227579602597e-93	7.2394441210103e-93	5.13573038218583	6.06984533272091	8.43608407387218e-12	1	29	53	0.000136019319364222	1	0	2.52886127252879	-5.6788528815602
TGFB1	CXCR4	R-HSA-373076	REACTOME_CLASS_A_1_RHODOPSIN_LIKE_RECEPTORS	3.57300716882487e-93	1.54885706109059e-92	3.32181668684796	6.4700594444217	3.99242764141838e-14	1	16	30	1.52783464615956e-06	1	0	-5.58331359087569	-6.34767287398693
ITGB2	ITGAL	R-HSA-8878159	REACTOME_TRANSCRIPTIONAL_REGULATION_BY_RUNX3	3.78312165781379e-93	1.63234693753817e-92	12.8533529814336	9.1208854404206	2.02850596909782e-15	1	30	55	0.000258461357984448	1	0	3.08728602356773	5.19999690338766
NAMPT	INSR	R-HSA-199418	REACTOME_NEGATIVE_REGULATION_OF_THE_PI3K_AKT_NETWORK	4.32444175191043e-93	1.85731783999102e-92	5.36306569962384	1.04171106386436	3.05142434507641e-12	1	27	50	0.000110788562722509	1	0	-6.34767287398693	6.13214894970815
TGM2	TBXA2R	R-HSA-416476	REACTOME_G_ALPHA_Q_SIGNALLING_EVENTS	4.66270886468388e-93	1.99341498251623e-92	2.08250749396369	7.43207057586683	2.49355185422805e-10	1	22	41	1.95930246184741e-05	1	0	-3.92662881622739	4.4283953646793
CXCL13	CXCR5	R-HSA-373076	REACTOME_CLASS_A_1_RHODOPSIN_LIKE_RECEPTORS	2.05401818043887e-92	8.74130111492707e-92	18.7217019593949	8.58998852432584	4.59025511347387e-13	1	15	29	1.52783464615956e-06	1	0	-5.61180436702843	4.99194928142641
ICAM3	ITGAL	R-HSA-8878159	REACTOME_TRANSCRIPTIONAL_REGULATION_BY_RUNX3	2.11659748195699e-92	8.96667660538142e-92	7.05470079350171	9.1208854404206	1.13491740807731e-14	1	30	55	0.000258461357984448	1	0	1.07879645214092	5.19999690338766
HBEGF	ERBB4	R-HSA-442755	REACTOME_ACTIVATION_OF_NMDA_RECEPTORS_AND_POSTSYNAPTIC_EVENTS	2.68774601948267e-92	1.13347479192663e-91	5.13573038218583	6.06984533272091	8.43608407387218e-12	1	23	42	2.45264207976392e-05	1	0	2.52886127252879	-5.6788528815602
UBC	ERBB4	R-HSA-2219528	REACTOME_PI3K_AKT_SIGNALING_IN_CANCER	3.75657808878363e-92	1.57708593637223e-91	4.45515494948184	6.06984533272091	1.90647115615884e-10	1	29	53	0.000136019319364222	1	0	1.76337487711574	-5.6788528815602
ICAM2	ITGAL	R-HSA-8878159	REACTOME_TRANSCRIPTIONAL_REGULATION_BY_RUNX3	1.07934514288466e-91	4.5109850814731e-91	6.50038364917803	9.1208854404206	5.78743763245385e-14	1	30	55	0.000258461357984448	1	0	4.30424580245027	5.19999690338766
ICAM5	ITGAL	R-HSA-8878159	REACTOME_TRANSCRIPTIONAL_REGULATION_BY_RUNX3	2.28231023378062e-91	9.49604079412293e-91	7.30231749197955	9.1208854404206	1.22377241635746e-13	1	30	55	0.000258461357984448	1	0	3.30901876034094	5.19999690338766
IL16	GRIN2D	R-HSA-442755	REACTOME_ACTIVATION_OF_NMDA_RECEPTORS_AND_POSTSYNAPTIC_EVENTS	2.29893902752313e-91	9.52271632734027e-91	6.52953624117408	5.53011798550084	4.18727890133243e-12	1	24	44	4.36336413072762e-05	1	0	3.07977796338005	-4.20161580560622
FYN	CD86	R-HSA-2219528	REACTOME_PI3K_AKT_SIGNALING_IN_CANCER	5.44731544930828e-91	2.24641504369704e-90	2.48737842852703	6.51685975119614	1.2041066318597e-09	1	29	53	0.000140618015386575	1	0	7.12853732925553	-0.138257965852884
GNAS	ADCY8	R-HSA-442755	REACTOME_ACTIVATION_OF_NMDA_RECEPTORS_AND_POSTSYNAPTIC_EVENTS	5.77222762654809e-91	2.36991900790433e-90	3.83740672865904	13.7793337761781	2.01119711087596e-11	1	23	43	4.36336413072762e-05	1	0	3.71250019731088	3.18990980418948
UBC	ERBB4	R-HSA-442755	REACTOME_ACTIVATION_OF_NMDA_RECEPTORS_AND_POSTSYNAPTIC_EVENTS	6.07403887438079e-91	2.48289659251004e-90	4.45515494948184	6.06984533272091	1.90647115615884e-10	1	23	42	2.45264207976392e-05	1	0	1.76337487711574	-5.6788528815602
FYN	CD80	R-HSA-2219528	REACTOME_PI3K_AKT_SIGNALING_IN_CANCER	1.03530285797663e-90	4.21354700276953e-90	2.48737842852703	9.34682293774652	2.2884943030631e-09	1	29	53	0.000140618015386575	1	0	7.12853732925553	5.76961271773571
ADAM17	ERBB4	R-HSA-2219528	REACTOME_PI3K_AKT_SIGNALING_IN_CANCER	3.43055758051263e-90	1.39012159349468e-89	1.42436567511293	6.06984533272091	1.74101507335019e-08	1	29	53	0.000136019319364222	1	0	-4.42026671345359	-5.6788528815602
IL16	CD4	R-HSA-8856825	REACTOME_CARGO_RECOGNITION_FOR_CLATHRIN_MEDIATED_ENDOCYTOSIS	3.649782305626e-90	1.47255286097118e-89	6.52953624117408	13.7827618222993	7.21473863737053e-15	1	28	51	0.000183815288745569	1	0	3.07977796338005	4.4687739453421
MMP7	ERBB4	R-HSA-2219528	REACTOME_PI3K_AKT_SIGNALING_IN_CANCER	4.31315417195534e-90	1.7326981414924e-89	7.87068940669387	6.06984533272091	2.18893467047867e-08	1	29	53	0.000136019319364222	1	0	-4.36295648351875	-5.6788528815602
CD274	CD80	R-HSA-2219528	REACTOME_PI3K_AKT_SIGNALING_IN_CANCER	4.78132649632e-90	1.912530598528e-89	8.02352901125857	9.34682293774652	1.05689251832046e-08	1	29	53	0.000140618015386575	1	0	8.48808091653585	5.76961271773571
B2M	TYROBP	R-HSA-1500931	REACTOME_CELL_CELL_COMMUNICATION	5.59856701279777e-90	2.22985660509723e-89	4.84204079809713	11.6058574292547	1.56619589846037e-13	1	22	40	2.46222816374728e-05	1	0	4.9731033838365	5.4437371873471
NRG1	ERBB4	R-HSA-2219528	REACTOME_PI3K_AKT_SIGNALING_IN_CANCER	5.97761323792018e-90	2.37069597350707e-89	8.55249521073386	6.06984533272091	3.03365109187923e-08	1	29	53	0.000136019319364222	1	0	7.39381963444358	-5.6788528815602
HBEGF	ERBB4	R-HSA-199418	REACTOME_NEGATIVE_REGULATION_OF_THE_PI3K_AKT_NETWORK	6.55854883505663e-90	2.59007098062406e-89	5.13573038218583	6.06984533272091	8.43608407387218e-12	1	26	48	0.000104095983193467	1	0	2.52886127252879	-5.6788528815602
FYN	TYROBP	R-HSA-1500931	REACTOME_CELL_CELL_COMMUNICATION	1.18263030934328e-89	4.65068121648917e-89	2.48737842852703	11.6058574292547	3.3084014814047e-13	1	22	40	2.46222816374728e-05	1	0	7.12853732925553	5.4437371873471
CD86	CD80	R-HSA-2219528	REACTOME_PI3K_AKT_SIGNALING_IN_CANCER	1.5907563266935e-89	6.20328408568344e-89	6.51685975119614	9.34682293774652	3.51630130560484e-08	1	29	53	0.000140618015386575	1	0	-0.138257965852884	5.76961271773571
CD80	CD86	R-HSA-2219528	REACTOME_PI3K_AKT_SIGNALING_IN_CANCER	1.5907563266935e-89	6.20328408568344e-89	9.34682293774652	6.51685975119614	3.51630130560484e-08	1	29	53	0.000140618015386575	1	0	5.76961271773571	-0.138257965852884
HBEGF	ERBB4	R-HSA-9018519	REACTOME_ESTROGEN_DEPENDENT_GENE_EXPRESSION	3.254248353516e-89	1.26373311061538e-88	5.13573038218583	6.06984533272091	8.43608407387218e-12	1	34	62	0.000529031689543404	1	0	2.52886127252879	-5.6788528815602
ADAM17	ERBB4	R-HSA-442755	REACTOME_ACTIVATION_OF_NMDA_RECEPTORS_AND_POSTSYNAPTIC_EVENTS	5.54689390513442e-89	2.14510585874908e-88	1.42436567511293	6.06984533272091	1.74101507335019e-08	1	23	42	2.45264207976392e-05	1	0	-4.42026671345359	-5.6788528815602
MMP7	ERBB4	R-HSA-442755	REACTOME_ACTIVATION_OF_NMDA_RECEPTORS_AND_POSTSYNAPTIC_EVENTS	6.97397085658276e-89	2.68584332162609e-88	7.87068940669387	6.06984533272091	2.18893467047867e-08	1	23	42	2.45264207976392e-05	1	0	-4.36295648351875	-5.6788528815602
GNAS	ADCY1	R-HSA-442755	REACTOME_ACTIVATION_OF_NMDA_RECEPTORS_AND_POSTSYNAPTIC_EVENTS	9.55257919522408e-89	3.66378757611064e-88	3.83740672865904	8.71996338896916	1.10980568194412e-12	1	23	43	6.38853034280612e-05	1	0	3.71250019731088	-6.34767287398693
NRG1	ERBB4	R-HSA-442755	REACTOME_ACTIVATION_OF_NMDA_RECEPTORS_AND_POSTSYNAPTIC_EVENTS	9.66524702136484e-89	3.6918074688164e-88	8.55249521073386	6.06984533272091	3.03365109187923e-08	1	23	42	2.45264207976392e-05	1	0	7.39381963444358	-5.6788528815602
UBC	ERBB4	R-HSA-199418	REACTOME_NEGATIVE_REGULATION_OF_THE_PI3K_AKT_NETWORK	1.48216685263017e-88	5.63828370061761e-88	4.45515494948184	6.06984533272091	1.90647115615884e-10	1	26	48	0.000104095983193467	1	0	1.76337487711574	-5.6788528815602
IL33	IL1RAP	R-HSA-9020702	REACTOME_INTERLEUKIN_1_SIGNALING	4.90016453624411e-88	1.85648510072338e-87	4.75051253386034	1.54623327292617	1.52911410273012e-12	1	29	54	0.000322906439487193	1	0	3.29858238325174	2.92660586250366
CD22	PTPRC	R-HSA-373755	REACTOME_SEMAPHORIN_INTERACTIONS	6.52691979652357e-88	2.46278917018622e-87	13.2799030723321	17.6144089156512	5.43371002473472e-11	1	20	37	1.43666935312716e-05	1	0	6.0866918205032	4.3462972619692
CD22	PTPRC	R-HSA-202403	REACTOME_TCR_SIGNALING	7.28401213315377e-88	2.73737875326585e-87	13.2799030723321	17.6144089156512	5.43371002473472e-11	1	20	38	2.50554422614364e-05	1	0	6.0866918205032	4.3462972619692
UBC	ERBB4	R-HSA-9018519	REACTOME_ESTROGEN_DEPENDENT_GENE_EXPRESSION	7.35427784577297e-88	2.75268552299615e-87	4.45515494948184	6.06984533272091	1.90647115615884e-10	1	34	62	0.000529031689543404	1	0	1.76337487711574	-5.6788528815602
SHANK1	ABCA1	R-HSA-400206	REACTOME_REGULATION_OF_LIPID_METABOLISM_BY_PPARALPHA	8.05029099951101e-88	3.0011484846177e-87	1.77551547916988	4.32737687338231	8.78959508145051e-09	1	31	58	0.000388513149669598	1	0	7.29882145566935	-6.34767287398693
FYN	CD86	R-HSA-199418	REACTOME_NEGATIVE_REGULATION_OF_THE_PI3K_AKT_NETWORK	9.36120607442282e-88	3.4759538093076e-87	2.48737842852703	6.51685975119614	1.2041066318597e-09	1	26	48	0.000104095983193467	1	0	7.12853732925553	-0.138257965852884
FABP5	RXRA	R-HSA-8978868	REACTOME_FATTY_ACID_METABOLISM	9.7112786638265e-88	3.59163163281202e-87	14.5490265757492	1.89848995961651	1.12126659844795e-15	1	26	49	0.000264534396802821	1	0	3.17882914982144	7.19596111162888
FYN	CD80	R-HSA-199418	REACTOME_NEGATIVE_REGULATION_OF_THE_PI3K_AKT_NETWORK	1.77916691132489e-87	6.55408522274623e-87	2.48737842852703	9.34682293774652	2.2884943030631e-09	1	26	48	0.000104095983193467	1	0	7.12853732925553	5.76961271773571
SEMA7A	PLXNC1	R-HSA-373755	REACTOME_SEMAPHORIN_INTERACTIONS	1.79296587244697e-87	6.57891414614401e-87	9.83183459656399	6.07497171155708	1.49265763006793e-10	1	20	37	1.43666935312716e-05	1	0	3.48215235942835	2.72457633804029
IL16	CD4	R-HSA-202403	REACTOME_TCR_SIGNALING	1.93002653822793e-87	7.05405777893502e-87	6.52953624117408	13.7827618222993	7.21473863737053e-15	1	20	37	2.50554422614364e-05	1	0	3.07977796338005	4.4687739453421
SEMA6D	TYROBP	R-HSA-1500931	REACTOME_CELL_CELL_COMMUNICATION	4.38910428264112e-87	1.59790827789903e-86	13.9981268572968	11.6058574292547	1.22784939604611e-10	1	22	40	2.46222816374728e-05	1	0	2.75860312595803	5.4437371873471
CD274	CD80	R-HSA-199418	REACTOME_NEGATIVE_REGULATION_OF_THE_PI3K_AKT_NETWORK	8.21670473422521e-87	2.97975440167233e-86	8.02352901125857	9.34682293774652	1.05689251832046e-08	1	26	48	0.000104095983193467	1	0	8.48808091653585	5.76961271773571
ADAM17	ERBB4	R-HSA-199418	REACTOME_NEGATIVE_REGULATION_OF_THE_PI3K_AKT_NETWORK	1.35353468281591e-86	4.88951288521097e-86	1.42436567511293	6.06984533272091	1.74101507335019e-08	1	26	48	0.000104095983193467	1	0	-4.42026671345359	-5.6788528815602
MMP7	ERBB4	R-HSA-199418	REACTOME_NEGATIVE_REGULATION_OF_THE_PI3K_AKT_NETWORK	1.7017652749036e-86	6.12372678073419e-86	7.87068940669387	6.06984533272091	2.18893467047867e-08	1	26	48	0.000104095983193467	1	0	-4.36295648351875	-5.6788528815602
NRG1	ERBB4	R-HSA-199418	REACTOME_NEGATIVE_REGULATION_OF_THE_PI3K_AKT_NETWORK	2.35848157277555e-86	8.45424933010311e-86	8.55249521073386	6.06984533272091	3.03365109187923e-08	1	26	48	0.000104095983193467	1	0	7.39381963444358	-5.6788528815602
CD86	CD80	R-HSA-199418	REACTOME_NEGATIVE_REGULATION_OF_THE_PI3K_AKT_NETWORK	2.73371313391823e-86	9.72450626264041e-86	6.51685975119614	9.34682293774652	3.51630130560484e-08	1	26	48	0.000104095983193467	1	0	-0.138257965852884	5.76961271773571
CD80	CD86	R-HSA-199418	REACTOME_NEGATIVE_REGULATION_OF_THE_PI3K_AKT_NETWORK	2.73371313391823e-86	9.72450626264041e-86	9.34682293774652	6.51685975119614	3.51630130560484e-08	1	26	48	0.000104095983193467	1	0	5.76961271773571	-0.138257965852884
LGALS1	PTPRC	R-HSA-373755	REACTOME_SEMAPHORIN_INTERACTIONS	5.98524830468055e-86	2.12100814447235e-85	1.3961621950871	17.6144089156512	4.98276441683739e-09	1	20	37	1.43666935312716e-05	1	0	0.666885663549561	4.3462972619692
LGALS1	PTPRC	R-HSA-202403	REACTOME_TCR_SIGNALING	6.67950926782522e-86	2.35806918091405e-85	1.3961621950871	17.6144089156512	4.98276441683739e-09	1	20	38	2.50554422614364e-05	1	0	0.666885663549561	4.3462972619692
ADAM17	ERBB4	R-HSA-9018519	REACTOME_ESTROGEN_DEPENDENT_GENE_EXPRESSION	6.71602533389149e-86	2.36201343818372e-85	1.42436567511293	6.06984533272091	1.74101507335019e-08	1	34	62	0.000529031689543404	1	0	-4.42026671345359	-5.6788528815602
IL1B	IL1RAP	R-HSA-9020702	REACTOME_INTERLEUKIN_1_SIGNALING	7.98569124253036e-86	2.79799407445049e-85	22.9448405264891	1.54623327292617	2.49196389400449e-10	1	29	54	0.000322906439487193	1	0	7.00473502052327	2.92660586250366
MMP7	ERBB4	R-HSA-9018519	REACTOME_ESTROGEN_DEPENDENT_GENE_EXPRESSION	8.44389053615687e-86	2.94745542310794e-85	7.87068940669387	6.06984533272091	2.18893467047867e-08	1	34	62	0.000529031689543404	1	0	-4.36295648351875	-5.6788528815602
NRG1	ERBB4	R-HSA-9018519	REACTOME_ESTROGEN_DEPENDENT_GENE_EXPRESSION	1.17024130917161e-85	4.06964514980576e-85	8.55249521073386	6.06984533272091	3.03365109187923e-08	1	34	62	0.000529031689543404	1	0	7.39381963444358	-5.6788528815602
FABP5	RXRA	R-HSA-400206	REACTOME_REGULATION_OF_LIPID_METABOLISM_BY_PPARALPHA	7.09518013101195e-85	2.45825571825396e-84	14.5490265757492	1.89848995961651	1.12126659844795e-15	1	30	55	0.00055033999394145	1	0	3.17882914982144	7.19596111162888
TGM2	ITGA4	R-HSA-8878159	REACTOME_TRANSCRIPTIONAL_REGULATION_BY_RUNX3	8.15218881882692e-85	2.81401480709137e-84	2.08250749396369	14.2177645859284	1.55948900072745e-08	1	29	54	0.000301147495037544	1	0	-3.92662881622739	1.32247849712401
IL36G	IL1RAP	R-HSA-9020702	REACTOME_INTERLEUKIN_1_SIGNALING	1.18674407699356e-84	4.08134863379334e-84	14.6544670061859	1.54623327292617	3.70327790228284e-09	1	29	54	0.000322906439487193	1	0	0.965375892102978	2.92660586250366
SPP1	ITGA4	R-HSA-8878159	REACTOME_TRANSCRIPTIONAL_REGULATION_BY_RUNX3	2.34865672837912e-84	8.04760320165198e-84	2.48316027446823	14.2177645859284	4.49290910182671e-08	1	29	54	0.000301147495037544	1	0	5.86094786860777	1.32247849712401
ADAM28	ITGA4	R-HSA-8878159	REACTOME_TRANSCRIPTIONAL_REGULATION_BY_RUNX3	3.71307822637358e-84	1.26761498424182e-83	11.0682728217172	14.2177645859284	7.10300605341402e-08	1	29	54	0.000301147495037544	1	0	4.82363349706814	1.32247849712401
RPS19	C5AR1	R-HSA-375276	REACTOME_PEPTIDE_LIGAND_BINDING_RECEPTORS	4.2531939566401e-83	1.44670684948488e-82	7.98727529043243	14.6050776736467	7.84296070413919e-17	1	11	21	2.96161286457653e-07	1	0	0.995635951119104	5.09092174294694
ABCA1	RXRA	R-HSA-8978868	REACTOME_FATTY_ACID_METABOLISM	5.56130122673874e-83	1.88477554302564e-82	4.32737687338231	1.89848995961651	6.4210919337297e-11	1	26	49	0.000264534396802821	1	0	-6.34767287398693	7.19596111162888
IL16	CD4	R-HSA-162909	REACTOME_HOST_INTERACTIONS_OF_HIV_FACTORS	3.59128892440922e-82	1.21271060780775e-81	6.52953624117408	13.7827618222993	7.21473863737053e-15	1	30	55	0.000651017246794827	1	0	3.07977796338005	4.4687739453421
TGFB1	CXCR4	R-HSA-9758941	REACTOME_GASTRULATION	3.73081174065888e-82	1.25527673007006e-81	3.32181668684796	6.4700594444217	3.99242764141838e-14	1	21	39	7.06470226686877e-05	1	0	-5.58331359087569	-6.34767287398693
PTDSS1	JMJD6	R-HSA-3247509	REACTOME_CHROMATIN_MODIFYING_ENZYMES	2.89749299949579e-81	9.71389739399308e-81	1.4337333770236	3.84014302085046	1.18052532045913e-08	1	35	65	0.0011494552864862	1	0	-6.34767287398693	1.99061819521892
IL6	IL6R	R-HSA-9679191	REACTOME_POTENTIAL_THERAPEUTICS_FOR_SARS	3.13741261055885e-81	1.04805324481751e-80	7.07281816728214	4.71162859717308	1.19928911425912e-06	1	23	43	7.51647380932446e-05	1	0	-6.34767287398693	3.00284632410901
ADAM17	ITGA5	R-HSA-373760	REACTOME_L1CAM_INTERACTIONS	4.42514070950974e-81	1.47293969330824e-80	1.42436567511293	3.30413921514521	1.53653381245957e-09	1	24	45	0.000149565059175607	1	0	-4.42026671345359	6.77052758759515
SPP1	ITGA5	R-HSA-373760	REACTOME_L1CAM_INTERACTIONS	1.06000383873581e-80	3.51574226940133e-80	2.48316027446823	3.30413921514521	3.68063265435678e-09	1	24	45	0.000149565059175607	1	0	5.86094786860777	6.77052758759515
TGFB1	CXCR4	R-HSA-375276	REACTOME_PEPTIDE_LIGAND_BINDING_RECEPTORS	2.16507129862858e-80	7.15548386638949e-80	3.32181668684796	6.4700594444217	3.99242764141838e-14	1	11	21	2.96161286457653e-07	1	0	-5.58331359087569	-6.34767287398693
VEGFA	NRP1	R-HSA-373760	REACTOME_L1CAM_INTERACTIONS	2.77762361764857e-80	9.14750958179671e-80	4.25472055819396	1.27790748729062	5.64375683346135e-12	1	23	43	0.000149565059175607	1	0	2.83766103593168	-3.22754442657073
ABCA1	RXRA	R-HSA-400206	REACTOME_REGULATION_OF_LIPID_METABOLISM_BY_PPARALPHA	4.06315536114802e-80	1.33340168894013e-79	4.32737687338231	1.89848995961651	6.4210919337297e-11	1	30	55	0.00055033999394145	1	0	-6.34767287398693	7.19596111162888
FABP5	RXRA	R-HSA-400253	REACTOME_CIRCADIAN_CLOCK	9.08573732549201e-80	2.97119550433633e-79	14.5490265757492	1.89848995961651	1.12126659844795e-15	1	24	44	0.000230272563312038	1	0	3.17882914982144	7.19596111162888
FYN	NRP1	R-HSA-373760	REACTOME_L1CAM_INTERACTIONS	1.08559064099533e-79	3.53765901191486e-79	2.48737842852703	1.27790748729062	2.20577387070384e-11	1	23	43	0.000149565059175607	1	0	7.12853732925553	-3.22754442657073
VEGFB	NRP1	R-HSA-373760	REACTOME_L1CAM_INTERACTIONS	1.34525864455857e-78	4.36857511055257e-78	1.18865902695918	1.27790748729062	2.73338425687341e-10	1	23	43	0.000149565059175607	1	0	5.23719737108765	-3.22754442657073
ADAM17	ITGA5	R-HSA-418555	REACTOME_G_ALPHA_S_SIGNALLING_EVENTS	1.36749283459384e-78	4.42535875639395e-78	1.42436567511293	3.30413921514521	1.53653381245957e-09	1	22	40	6.03414509292628e-05	1	0	-4.42026671345359	6.77052758759515
SPP1	ITGA5	R-HSA-418555	REACTOME_G_ALPHA_S_SIGNALLING_EVENTS	3.27570974409485e-78	1.05638805588111e-77	2.48316027446823	3.30413921514521	3.68063265435678e-09	1	22	40	6.03414509292628e-05	1	0	5.86094786860777	6.77052758759515
CXCL13	CXCR5	R-HSA-375276	REACTOME_PEPTIDE_LIGAND_BINDING_RECEPTORS	2.47635135756914e-77	7.95848091467048e-77	18.7217019593949	8.58998852432584	4.59025511347387e-13	1	11	20	1.11310909900291e-07	1	0	-5.61180436702843	4.99194928142641
MMP9	ITGB2	R-HSA-202733	REACTOME_CELL_SURFACE_INTERACTIONS_AT_THE_VASCULAR_WALL	3.77332616125926e-77	1.2085017121284e-76	15.8747602811558	12.8533529814336	2.83828199493589e-19	1	18	34	0.000110788562722509	1	0	-3.31335287562582	3.08728602356773
TYROBP	TREM2	R-HSA-373755	REACTOME_SEMAPHORIN_INTERACTIONS	3.89291939769078e-77	1.24253454748212e-76	11.6058574292547	12.7708085643686	1.12911830823863e-16	1	18	34	7.80469680360063e-05	1	0	5.4437371873471	-4.41213425805821
GNAS	ADCY8	R-HSA-418555	REACTOME_G_ALPHA_S_SIGNALLING_EVENTS	3.99362815028908e-77	1.27032813517728e-76	3.83740672865904	13.7793337761781	2.01119711087596e-11	1	20	37	6.03414509292628e-05	1	0	3.71250019731088	3.18990980418948
YWHAZ	IL3RA	R-HSA-512988	REACTOME_INTERLEUKIN_3_INTERLEUKIN_5_AND_GM_CSF_SIGNALING	4.75483289375411e-77	1.50731437312205e-76	2.26152445134463	12.5872457106562	1.10463652795281e-16	1	15	28	1.39652246995039e-05	1	0	6.14939244843959	4.67617092939095
HBEGF	ERBB4	R-HSA-2219530	REACTOME_CONSTITUTIVE_SIGNALING_BY_ABERRANT_PI3K_IN_CANCER	7.78366080043423e-77	2.45910910712024e-76	5.13573038218583	6.06984533272091	8.43608407387218e-12	1	18	33	2.33688848239626e-05	1	0	2.52886127252879	-5.6788528815602
C3	C3AR1	R-HSA-375276	REACTOME_PEPTIDE_LIGAND_BINDING_RECEPTORS	9.02953164975853e-77	2.84308226269424e-76	6.9878121405443	5.57062461148133	9.41423344494069e-17	1	11	20	2.96161286457653e-07	1	0	4.96089421697397	-6.34767287398693
VEGFA	NRP1	R-HSA-373755	REACTOME_SEMAPHORIN_INTERACTIONS	5.84166426679136e-76	1.83314178338369e-75	4.25472055819396	1.27790748729062	5.64375683346135e-12	1	20	37	7.51647380932446e-05	1	0	2.83766103593168	-3.22754442657073
UBC	ERBB4	R-HSA-2219530	REACTOME_CONSTITUTIVE_SIGNALING_BY_ABERRANT_PI3K_IN_CANCER	1.75902998066504e-75	5.50139577845577e-75	4.45515494948184	6.06984533272091	1.90647115615884e-10	1	18	33	2.33688848239626e-05	1	0	1.76337487711574	-5.6788528815602
ICAM3	ITGB2	R-HSA-202733	REACTOME_CELL_SURFACE_INTERACTIONS_AT_THE_VASCULAR_WALL	2.24079348860157e-75	6.98468070694535e-75	7.05470079350171	12.8533529814336	1.68551658172717e-17	1	18	34	0.000110788562722509	1	0	1.07879645214092	3.08728602356773
FYN	NRP1	R-HSA-373755	REACTOME_SEMAPHORIN_INTERACTIONS	2.28312288805859e-75	7.09290177223535e-75	2.48737842852703	1.27790748729062	2.20577387070384e-11	1	20	37	7.51647380932446e-05	1	0	7.12853732925553	-3.22754442657073
C3	ITGB2	R-HSA-202733	REACTOME_CELL_SURFACE_INTERACTIONS_AT_THE_VASCULAR_WALL	4.32764850763029e-75	1.33998950468818e-74	6.9878121405443	12.8533529814336	3.25524121549011e-17	1	18	34	0.000110788562722509	1	0	4.96089421697397	3.08728602356773
B2M	TREM2	R-HSA-373755	REACTOME_SEMAPHORIN_INTERACTIONS	4.36529685925156e-75	1.34717108371604e-74	4.84204079809713	12.7708085643686	1.26612860456379e-14	1	18	34	7.80469680360063e-05	1	0	4.9731033838365	-4.41213425805821
ABCA1	RXRA	R-HSA-400253	REACTOME_CIRCADIAN_CLOCK	5.2030761224367e-75	1.60041813403003e-74	4.32737687338231	1.89848995961651	6.4210919337297e-11	1	24	44	0.000230272563312038	1	0	-6.34767287398693	7.19596111162888
GNAS	ADCY8	R-HSA-5358351	REACTOME_SIGNALING_BY_HEDGEHOG	6.77092032915124e-75	2.07582162722663e-74	3.83740672865904	13.7793337761781	2.01119711087596e-11	1	24	45	0.000348044612501732	1	0	3.71250019731088	3.18990980418948
FYN	TREM2	R-HSA-373755	REACTOME_SEMAPHORIN_INTERACTIONS	9.2211674223616e-75	2.81774689758722e-74	2.48737842852703	12.7708085643686	2.67454521819748e-14	1	18	34	7.80469680360063e-05	1	0	7.12853732925553	-4.41213425805821
FYN	CD86	R-HSA-2219530	REACTOME_CONSTITUTIVE_SIGNALING_BY_ABERRANT_PI3K_IN_CANCER	1.11098437472628e-74	3.38378247465652e-74	2.48737842852703	6.51685975119614	1.2041066318597e-09	1	18	33	2.33688848239626e-05	1	0	7.12853732925553	-0.138257965852884
ICAM2	ITGB2	R-HSA-202733	REACTOME_CELL_SURFACE_INTERACTIONS_AT_THE_VASCULAR_WALL	1.14267809007004e-74	3.46897713337224e-74	6.50038364917803	12.8533529814336	8.59518236815014e-17	1	18	34	0.000110788562722509	1	0	4.30424580245027	3.08728602356773
FYN	CD80	R-HSA-2219530	REACTOME_CONSTITUTIVE_SIGNALING_BY_ABERRANT_PI3K_IN_CANCER	2.11150852016025e-74	6.38936993762778e-74	2.48737842852703	9.34682293774652	2.2884943030631e-09	1	18	33	2.33688848239626e-05	1	0	7.12853732925553	5.76961271773571
ICAM5	ITGB2	R-HSA-202733	REACTOME_CELL_SURFACE_INTERACTIONS_AT_THE_VASCULAR_WALL	2.41622980014877e-74	7.28778697002802e-74	7.30231749197955	12.8533529814336	1.81747912698359e-16	1	18	34	0.000110788562722509	1	0	3.30901876034094	3.08728602356773
VEGFB	NRP1	R-HSA-373755	REACTOME_SEMAPHORIN_INTERACTIONS	2.82923478313549e-74	8.50595747703961e-74	1.18865902695918	1.27790748729062	2.73338425687341e-10	1	20	37	7.51647380932446e-05	1	0	5.23719737108765	-3.22754442657073
YWHAZ	CSF2RB	R-HSA-512988	REACTOME_INTERLEUKIN_3_INTERLEUKIN_5_AND_GM_CSF_SIGNALING	3.80482406697458e-74	1.14022380399367e-73	2.26152445134463	9.31865180397611	8.83931726041317e-14	1	15	28	1.39652246995039e-05	1	0	6.14939244843959	-0.128890008978411
B2M	TYROBP	R-HSA-373755	REACTOME_SEMAPHORIN_INTERACTIONS	5.53802306069743e-74	1.65430688864423e-73	4.84204079809713	11.6058574292547	1.56619589846037e-13	1	19	35	7.51647380932446e-05	1	0	4.9731033838365	5.4437371873471
GNAS	ADCY1	R-HSA-5358351	REACTOME_SIGNALING_BY_HEDGEHOG	8.09228805533847e-74	2.40958864778769e-73	3.83740672865904	8.71996338896916	1.10980568194412e-12	1	24	45	0.00044446940082276	1	0	3.71250019731088	-6.34767287398693
YWHAZ	CSF2RA	R-HSA-512988	REACTOME_INTERLEUKIN_3_INTERLEUKIN_5_AND_GM_CSF_SIGNALING	8.96687106184071e-74	2.66150440434253e-73	2.26152445134463	4.9021374863974	2.08317169870755e-13	1	15	28	1.39652246995039e-05	1	0	6.14939244843959	5.38048508338566
CD274	CD80	R-HSA-2219530	REACTOME_CONSTITUTIVE_SIGNALING_BY_ABERRANT_PI3K_IN_CANCER	9.75155391184625e-74	2.88522166534626e-73	8.02352901125857	9.34682293774652	1.05689251832046e-08	1	18	33	2.33688848239626e-05	1	0	8.48808091653585	5.76961271773571
FYN	TYROBP	R-HSA-373755	REACTOME_SEMAPHORIN_INTERACTIONS	1.16984112371102e-73	3.45029090917301e-73	2.48737842852703	11.6058574292547	3.3084014814047e-13	1	19	35	7.51647380932446e-05	1	0	7.12853732925553	5.4437371873471
ADAM17	ERBB4	R-HSA-2219530	REACTOME_CONSTITUTIVE_SIGNALING_BY_ABERRANT_PI3K_IN_CANCER	1.60636981100888e-73	4.72282859261915e-73	1.42436567511293	6.06984533272091	1.74101507335019e-08	1	18	33	2.33688848239626e-05	1	0	-4.42026671345359	-5.6788528815602
MMP7	ERBB4	R-HSA-2219530	REACTOME_CONSTITUTIVE_SIGNALING_BY_ABERRANT_PI3K_IN_CANCER	2.01964855258914e-73	5.91922154406629e-73	7.87068940669387	6.06984533272091	2.18893467047867e-08	1	18	33	2.33688848239626e-05	1	0	-4.36295648351875	-5.6788528815602
NRG1	ERBB4	R-HSA-2219530	REACTOME_CONSTITUTIVE_SIGNALING_BY_ABERRANT_PI3K_IN_CANCER	2.79903695592456e-73	8.17775060477019e-73	8.55249521073386	6.06984533272091	3.03365109187923e-08	1	18	33	2.33688848239626e-05	1	0	7.39381963444358	-5.6788528815602
CD86	CD80	R-HSA-2219530	REACTOME_CONSTITUTIVE_SIGNALING_BY_ABERRANT_PI3K_IN_CANCER	3.24436034483347e-73	9.41976274574703e-73	6.51685975119614	9.34682293774652	3.51630130560484e-08	1	18	33	2.33688848239626e-05	1	0	-0.138257965852884	5.76961271773571
CD80	CD86	R-HSA-2219530	REACTOME_CONSTITUTIVE_SIGNALING_BY_ABERRANT_PI3K_IN_CANCER	3.24436034483347e-73	9.41976274574703e-73	9.34682293774652	6.51685975119614	3.51630130560484e-08	1	18	33	2.33688848239626e-05	1	0	5.76961271773571	-0.138257965852884
GNAS	PTGIR	R-HSA-418555	REACTOME_G_ALPHA_S_SIGNALLING_EVENTS	5.45527572297606e-73	1.57898042665021e-72	3.83740672865904	10.2149626824919	3.26472086028513e-13	1	20	37	0.000128770190932176	1	0	3.71250019731088	4.14888454563842
CSF2	IL3RA	R-HSA-512988	REACTOME_INTERLEUKIN_3_INTERLEUKIN_5_AND_GM_CSF_SIGNALING	1.83200115897806e-72	5.28614575903267e-72	7.25559834194749	12.5872457106562	4.25608101205272e-12	1	15	28	1.39652246995039e-05	1	0	-5.00521631617233	4.67617092939095
GNAS	ADCY1	R-HSA-418555	REACTOME_G_ALPHA_S_SIGNALLING_EVENTS	1.85446053522687e-72	5.33443586059086e-72	3.83740672865904	8.71996338896916	1.10980568194412e-12	1	20	37	0.000128770190932176	1	0	3.71250019731088	-6.34767287398693
SEMA6D	TREM2	R-HSA-373755	REACTOME_SEMAPHORIN_INTERACTIONS	3.42225842722675e-72	9.81398416669333e-72	13.9981268572968	12.7708085643686	9.92605870031064e-12	1	18	34	7.80469680360063e-05	1	0	2.75860312595803	-4.41213425805821
ITGAM	ITGB2	R-HSA-202733	REACTOME_CELL_SURFACE_INTERACTIONS_AT_THE_VASCULAR_WALL	1.08867532164319e-71	3.11240920175293e-71	16.520951548423	12.8533529814336	8.18897553960642e-14	1	18	34	0.000110788562722509	1	0	8.61288368511798	3.08728602356773
SEMA6D	TYROBP	R-HSA-373755	REACTOME_SEMAPHORIN_INTERACTIONS	4.34163968699653e-71	1.23743369672195e-70	13.9981268572968	11.6058574292547	1.22784939604611e-10	1	19	35	7.51647380932446e-05	1	0	2.75860312595803	5.4437371873471
TGM2	ITGA4	R-HSA-202733	REACTOME_CELL_SURFACE_INTERACTIONS_AT_THE_VASCULAR_WALL	4.02503969045926e-70	1.14370030228903e-69	2.08250749396369	14.2177645859284	1.55948900072745e-08	1	17	31	2.13272543414487e-05	1	0	-3.92662881622739	1.32247849712401
SPP1	ITGA4	R-HSA-202733	REACTOME_CELL_SURFACE_INTERACTIONS_AT_THE_VASCULAR_WALL	1.15961942995703e-69	3.28500093835851e-69	2.48316027446823	14.2177645859284	4.49290910182671e-08	1	17	31	2.13272543414487e-05	1	0	5.86094786860777	1.32247849712401
ITGB2	ITGAL	R-HSA-202733	REACTOME_CELL_SURFACE_INTERACTIONS_AT_THE_VASCULAR_WALL	1.21709042029982e-69	3.43735839914978e-69	12.8533529814336	9.1208854404206	2.02850596909782e-15	1	18	33	0.000110788562722509	1	0	3.08728602356773	5.19999690338766
CSF2	CSF2RB	R-HSA-512988	REACTOME_INTERLEUKIN_3_INTERLEUKIN_5_AND_GM_CSF_SIGNALING	1.46596994177468e-69	4.12774618046526e-69	7.25559834194749	9.31865180397611	3.40572209949239e-09	1	15	28	1.39652246995039e-05	1	0	-5.00521631617233	-0.128890008978411
ADAM28	ITGA4	R-HSA-202733	REACTOME_CELL_SURFACE_INTERACTIONS_AT_THE_VASCULAR_WALL	1.83328521542811e-69	5.14645126740662e-69	11.0682728217172	14.2177645859284	7.10300605341402e-08	1	17	31	2.13272543414487e-05	1	0	4.82363349706814	1.32247849712401
MMP9	ITGAM	R-HSA-202733	REACTOME_CELL_SURFACE_INTERACTIONS_AT_THE_VASCULAR_WALL	2.38488189460232e-69	6.67480458188997e-69	15.8747602811558	16.520951548423	7.7150732584204e-15	1	17	32	0.000110788562722509	1	0	-3.31335287562582	8.61288368511798
CSF2	CSF2RA	R-HSA-512988	REACTOME_INTERLEUKIN_3_INTERLEUKIN_5_AND_GM_CSF_SIGNALING	3.45486761464903e-69	9.64052879297275e-69	7.25559834194749	4.9021374863974	8.02630303032451e-09	1	15	28	1.39652246995039e-05	1	0	-5.00521631617233	5.38048508338566
ICAM3	ITGAL	R-HSA-202733	REACTOME_CELL_SURFACE_INTERACTIONS_AT_THE_VASCULAR_WALL	6.80943081383549e-69	1.89444463238647e-68	7.05470079350171	9.1208854404206	1.13491740807731e-14	1	18	33	0.000110788562722509	1	0	1.07879645214092	5.19999690338766
ITGB2	ITGAM	R-HSA-202733	REACTOME_CELL_SURFACE_INTERACTIONS_AT_THE_VASCULAR_WALL	2.53137447248908e-68	7.02155062011853e-68	12.8533529814336	16.520951548423	8.18897553960642e-14	1	17	32	0.000110788562722509	1	0	3.08728602356773	8.61288368511798
ICAM2	ITGAL	R-HSA-202733	REACTOME_CELL_SURFACE_INTERACTIONS_AT_THE_VASCULAR_WALL	3.47242502997167e-68	9.60326447458041e-68	6.50038364917803	9.1208854404206	5.78743763245385e-14	1	18	33	0.000110788562722509	1	0	4.30424580245027	5.19999690338766
ICAM5	ITGAL	R-HSA-202733	REACTOME_CELL_SURFACE_INTERACTIONS_AT_THE_VASCULAR_WALL	7.34255509851053e-68	2.024633536039e-67	7.30231749197955	9.1208854404206	1.22377241635746e-13	1	18	33	0.000110788562722509	1	0	3.30901876034094	5.19999690338766
C3	ITGAM	R-HSA-202733	REACTOME_CELL_SURFACE_INTERACTIONS_AT_THE_VASCULAR_WALL	2.73523414912159e-67	7.51987677575611e-67	6.9878121405443	16.520951548423	8.84845991206837e-13	1	17	32	0.000110788562722509	1	0	4.96089421697397	8.61288368511798
ICAM2	ITGAM	R-HSA-202733	REACTOME_CELL_SURFACE_INTERACTIONS_AT_THE_VASCULAR_WALL	7.22214876716976e-67	1.97971842676536e-66	6.50038364917803	16.520951548423	2.33635916931713e-12	1	17	32	0.000110788562722509	1	0	4.30424580245027	8.61288368511798
GNAS	ADCY1	R-HSA-163685	REACTOME_INTEGRATION_OF_ENERGY_METABOLISM	2.5238231851967e-66	6.89795662347017e-66	3.83740672865904	8.71996338896916	1.10980568194412e-12	1	19	36	0.000292906732997694	1	0	3.71250019731088	-6.34767287398693
GNAS	ADCY8	R-HSA-163685	REACTOME_INTEGRATION_OF_ENERGY_METABOLISM	1.59176631521148e-65	4.33779592332484e-65	3.83740672865904	13.7793337761781	2.01119711087596e-11	1	19	36	0.000276220893875652	1	0	3.71250019731088	3.18990980418948
EFNB2	PECAM1	R-HSA-202733	REACTOME_CELL_SURFACE_INTERACTIONS_AT_THE_VASCULAR_WALL	2.98288437518342e-65	8.10509690283074e-65	1.7575713203291	12.3451442107448	9.64960635074766e-11	1	17	32	0.000110788562722509	1	0	7.50811652170512	2.98331412506372
GNAS	ADCY1	R-HSA-9662851	REACTOME_ANTI_INFLAMMATORY_RESPONSE_FAVOURING_LEISHMANIA_PARASITE_INFECTION	1.07213443982668e-64	2.90473633115833e-64	3.83740672865904	8.71996338896916	1.10980568194412e-12	1	17	31	9.2721458126573e-05	1	0	3.71250019731088	-6.34767287398693
GNAS	ADCY8	R-HSA-9662851	REACTOME_ANTI_INFLAMMATORY_RESPONSE_FAVOURING_LEISHMANIA_PARASITE_INFECTION	2.42102594729896e-64	6.54027879096415e-64	3.83740672865904	13.7793337761781	2.01119711087596e-11	1	17	31	8.07008047260181e-05	1	0	3.71250019731088	3.18990980418948
ADAM17	ITGA5	R-HSA-202733	REACTOME_CELL_SURFACE_INTERACTIONS_AT_THE_VASCULAR_WALL	4.74973023202291e-64	1.27940710296108e-63	1.42436567511293	3.30413921514521	1.53653381245957e-09	1	17	32	0.000110788562722509	1	0	-4.42026671345359	6.77052758759515
FYN	SPN	R-HSA-202733	REACTOME_CELL_SURFACE_INTERACTIONS_AT_THE_VASCULAR_WALL	5.38518336731716e-64	1.44639507156761e-63	2.48737842852703	3.23728038208634	3.86007520978033e-13	1	17	31	0.000110788562722509	1	0	7.12853732925553	-0.979609171006205
SPP1	ITGA5	R-HSA-202733	REACTOME_CELL_SURFACE_INTERACTIONS_AT_THE_VASCULAR_WALL	1.1377564261593e-63	3.04709479649559e-63	2.48316027446823	3.30413921514521	3.68063265435678e-09	1	17	32	0.000110788562722509	1	0	5.86094786860777	6.77052758759515
UBC	TGFBR1	R-HSA-2173789	REACTOME_TGF_BETA_RECEPTOR_SIGNALING_ACTIVATES_SMADS	1.75569867812368e-63	4.68857068198071e-63	4.45515494948184	1.01672426175283	6.56989913766533e-09	1	17	31	6.26075110144024e-05	1	0	1.76337487711574	5.4136516831527
COL5A3	SDC3	R-HSA-196854	REACTOME_METABOLISM_OF_VITAMINS_AND_COFACTORS	2.2790731871744e-63	6.06884631556154e-63	7.95775439206331	1.68390760944956	3.48672046798353e-09	1	15	29	7.27347012813842e-05	1	0	4.47105613703989	2.51121978667568
ADAM17	ITGA5	R-HSA-8878166	REACTOME_TRANSCRIPTIONAL_REGULATION_BY_RUNX2	2.52175975986301e-63	6.69595469000664e-63	1.42436567511293	3.30413921514521	1.53653381245957e-09	1	26	48	0.00118990475524299	1	0	-4.42026671345359	6.77052758759515
TGFB1	SDC2	R-HSA-202733	REACTOME_CELL_SURFACE_INTERACTIONS_AT_THE_VASCULAR_WALL	3.18395082239676e-63	8.43023342748234e-63	3.32181668684796	6.99604805784469	2.28224162491543e-12	1	17	31	0.000110788562722509	1	0	-5.58331359087569	-0.437591950332544
TGFB1	TGFBR1	R-HSA-2173789	REACTOME_TGF_BETA_RECEPTOR_SIGNALING_ACTIVATES_SMADS	4.84499057300053e-63	1.27918731275821e-62	3.32181668684796	1.01672426175283	1.81301608209735e-08	1	17	31	6.26075110144024e-05	1	0	-5.58331359087569	5.4136516831527
SPP1	ITGA5	R-HSA-8878166	REACTOME_TRANSCRIPTIONAL_REGULATION_BY_RUNX2	6.04065543063927e-63	1.59036465010051e-62	2.48316027446823	3.30413921514521	3.68063265435678e-09	1	26	48	0.00118990475524299	1	0	5.86094786860777	6.77052758759515
GNAS	ADCY1	R-HSA-111885	REACTOME_OPIOID_SIGNALLING	7.33565183372873e-63	1.92586690395357e-62	3.83740672865904	8.71996338896916	1.10980568194412e-12	1	19	35	0.000302224333297779	1	0	3.71250019731088	-6.34767287398693
FABP5	RXRA	R-HSA-9843745	REACTOME_ADIPOGENESIS	2.15187637659655e-62	5.63356399715725e-62	14.5490265757492	1.89848995961651	1.12126659844795e-15	1	22	40	0.000904607420712181	1	0	3.17882914982144	7.19596111162888
FABP5	RXRA	R-HSA-5617472	REACTOME_ACTIVATION_OF_ANTERIOR_HOX_GENES_IN_HINDBRAIN_DEVELOPMENT_DURING_EARLY_EMBRYOGENESIS	2.90478044581345e-62	7.58334839075109e-62	14.5490265757492	1.89848995961651	1.12126659844795e-15	1	21	39	0.000950706962284456	1	0	3.17882914982144	7.19596111162888
GNAS	ADCY8	R-HSA-111885	REACTOME_OPIOID_SIGNALLING	7.80753547521264e-62	2.03257627455256e-61	3.83740672865904	13.7793337761781	2.01119711087596e-11	1	19	35	0.000292906732997694	1	0	3.71250019731088	3.18990980418948
FABP5	RXRA	R-HSA-9707616	REACTOME_HEME_SIGNALING	8.60703129199699e-62	2.23447163346551e-61	14.5490265757492	1.89848995961651	1.12126659844795e-15	1	11	20	7.27540990513854e-06	1	0	3.17882914982144	7.19596111162888
FABP5	RXRA	R-HSA-1655829	REACTOME_REGULATION_OF_CHOLESTEROL_BIOSYNTHESIS_BY_SREBP_SREBF	1.96424702466409e-61	5.08521729718593e-61	14.5490265757492	1.89848995961651	1.12126659844795e-15	1	19	35	0.00055033999394145	1	0	3.17882914982144	7.19596111162888
IL16	CD4	R-HSA-388841	REACTOME_COSTIMULATION_BY_THE_CD28_FAMILY	2.1261119495544e-61	5.48902032405734e-61	6.52953624117408	13.7827618222993	7.21473863737053e-15	1	12	23	4.08832430696265e-05	1	0	3.07977796338005	4.4687739453421
FYN	CSF1R	R-HSA-8853884	REACTOME_TRANSCRIPTIONAL_REGULATION_BY_VENTX	4.13246067208654e-60	1.06393738850405e-59	2.48737842852703	12.1632992546591	2.57518274595616e-12	1	14	27	0.000116024921592685	1	0	7.12853732925553	0.522827297546277
CSF2	SDC2	R-HSA-202733	REACTOME_CELL_SURFACE_INTERACTIONS_AT_THE_VASCULAR_WALL	4.46246792739934e-60	1.14573556703476e-59	7.25559834194749	6.99604805784469	3.19867693373931e-09	1	17	31	0.000110788562722509	1	0	-5.00521631617233	-0.437591950332544
TYROBP	CD300LB	R-HSA-2172127	REACTOME_DAP12_INTERACTIONS	1.72950179238409e-59	4.42828480907134e-59	11.6058574292547	16.4484891335662	1.24458409191011e-11	1	11	21	1.39652246995039e-05	1	0	5.4437371873471	0.0492213539594688
FABP5	RXRA	R-HSA-9839373	REACTOME_SIGNALING_BY_TGFBR3	2.32086259039092e-59	5.92614776505297e-59	14.5490265757492	1.89848995961651	1.12126659844795e-15	1	13	24	6.66324496240385e-05	1	0	3.17882914982144	7.19596111162888
TGFB1	SDC2	R-HSA-3781865	REACTOME_DISEASES_OF_GLYCOSYLATION	2.57273740773157e-59	6.53349118257717e-59	3.32181668684796	6.99604805784469	2.28224162491543e-12	1	13	24	3.56189506520904e-05	1	0	-5.58331359087569	-0.437591950332544
TGFB1	SDC2	R-HSA-5668914	REACTOME_DISEASES_OF_METABOLISM	2.57273740773157e-59	6.53349118257717e-59	3.32181668684796	6.99604805784469	2.28224162491543e-12	1	13	24	3.56189506520904e-05	1	0	-5.58331359087569	-0.437591950332544
FABP5	RXRA	R-HSA-1592230	REACTOME_MITOCHONDRIAL_BIOGENESIS	3.18099972529066e-59	8.0562275651383e-59	14.5490265757492	1.89848995961651	1.12126659844795e-15	1	23	42	0.00172938158567901	1	0	3.17882914982144	7.19596111162888
TGFB3	TGFBR1	R-HSA-2173789	REACTOME_TGF_BETA_RECEPTOR_SIGNALING_ACTIVATES_SMADS	3.25926054584504e-59	8.23206186647039e-59	1.28827757204938	1.01672426175283	0.000121962916053785	1	17	31	6.26075110144024e-05	1	0	1.04372229982068	5.4136516831527
TGFB1	SDC2	R-HSA-196854	REACTOME_METABOLISM_OF_VITAMINS_AND_COFACTORS	5.29892321498005e-59	1.33475579361119e-58	3.32181668684796	6.99604805784469	2.28224162491543e-12	1	15	29	0.000231829010941116	1	0	-5.58331359087569	-0.437591950332544
TYROBP	TREM1	R-HSA-2172127	REACTOME_DAP12_INTERACTIONS	9.15162086940752e-59	2.29900556611531e-58	11.6058574292547	14.3216981121144	6.58568947393594e-11	1	11	21	1.39652246995039e-05	1	0	5.4437371873471	2.92724538356084
ABCA1	RXRA	R-HSA-9843745	REACTOME_ADIPOGENESIS	1.23230247501116e-57	3.08738146965162e-57	4.32737687338231	1.89848995961651	6.4210919337297e-11	1	22	40	0.000904607420712181	1	0	-6.34767287398693	7.19596111162888
FABP5	RXRA	R-HSA-9024446	REACTOME_NR1H2_AND_NR1H3_MEDIATED_SIGNALING	1.52486562426114e-57	3.81012000485626e-57	14.5490265757492	1.89848995961651	1.12126659844795e-15	1	15	29	0.000482069162979667	1	0	3.17882914982144	7.19596111162888
CSF2	CSF1R	R-HSA-8853884	REACTOME_TRANSCRIPTIONAL_REGULATION_BY_VENTX	1.59551783117119e-57	3.97599630655496e-57	7.25559834194749	12.1632992546591	9.94262333202773e-10	1	14	27	0.000116024921592685	1	0	-5.00521631617233	0.522827297546277
ABCA1	RXRA	R-HSA-5617472	REACTOME_ACTIVATION_OF_ANTERIOR_HOX_GENES_IN_HINDBRAIN_DEVELOPMENT_DURING_EARLY_EMBRYOGENESIS	1.66346365045443e-57	4.13426165926274e-57	4.32737687338231	1.89848995961651	6.4210919337297e-11	1	21	39	0.000950706962284456	1	0	-6.34767287398693	7.19596111162888
COL5A3	SDC3	R-HSA-3781865	REACTOME_DISEASES_OF_GLYCOSYLATION	2.71391388265577e-57	6.70919824571664e-57	7.95775439206331	1.68390760944956	3.48672046798353e-09	1	13	24	2.85062677752026e-05	1	0	4.47105613703989	2.51121978667568
COL5A3	SDC3	R-HSA-5668914	REACTOME_DISEASES_OF_METABOLISM	2.71391388265577e-57	6.70919824571664e-57	7.95775439206331	1.68390760944956	3.48672046798353e-09	1	13	24	2.85062677752026e-05	1	0	4.47105613703989	2.51121978667568
GNAS	ADCY8	R-HSA-9664323	REACTOME_FCGR3A_MEDIATED_IL10_SYNTHESIS	4.36223571080398e-57	1.07555652975378e-56	3.83740672865904	13.7793337761781	2.01119711087596e-11	1	13	24	4.55725677246691e-05	1	0	3.71250019731088	3.18990980418948
ABCA1	RXRA	R-HSA-9707616	REACTOME_HEME_SIGNALING	4.92893833446038e-57	1.21207665638973e-56	4.32737687338231	1.89848995961651	6.4210919337297e-11	1	11	20	7.27540990513854e-06	1	0	-6.34767287398693	7.19596111162888
ABCA1	RXRA	R-HSA-1655829	REACTOME_REGULATION_OF_CHOLESTEROL_BIOSYNTHESIS_BY_SREBP_SREBF	1.12485387002355e-56	2.75885212332091e-56	4.32737687338231	1.89848995961651	6.4210919337297e-11	1	19	35	0.00055033999394145	1	0	-6.34767287398693	7.19596111162888
FABP5	RXRA	R-HSA-381340	REACTOME_TRANSCRIPTIONAL_REGULATION_OF_WHITE_ADIPOCYTE_DIFFERENTIATION	2.22061856345679e-56	5.43206430745861e-56	14.5490265757492	1.89848995961651	1.12126659844795e-15	1	16	30	0.00055033999394145	1	0	3.17882914982144	7.19596111162888
CSF2	SDC2	R-HSA-3781865	REACTOME_DISEASES_OF_GLYCOSYLATION	3.60582144889422e-56	8.77447934822302e-56	7.25559834194749	6.99604805784469	3.19867693373931e-09	1	13	24	3.56189506520904e-05	1	0	-5.00521631617233	-0.437591950332544
CSF2	SDC2	R-HSA-5668914	REACTOME_DISEASES_OF_METABOLISM	3.60582144889422e-56	8.77447934822302e-56	7.25559834194749	6.99604805784469	3.19867693373931e-09	1	13	24	3.56189506520904e-05	1	0	-5.00521631617233	-0.437591950332544
CSF2	SDC2	R-HSA-196854	REACTOME_METABOLISM_OF_VITAMINS_AND_COFACTORS	7.42670858176139e-56	1.80252406203167e-55	7.25559834194749	6.99604805784469	3.19867693373931e-09	1	15	29	0.000231829010941116	1	0	-5.00521631617233	-0.437591950332544
B2M	TYROBP	R-HSA-2172127	REACTOME_DAP12_INTERACTIONS	9.72362726335362e-56	2.35387548297288e-55	4.84204079809713	11.6058574292547	1.56619589846037e-13	1	11	21	4.55725677246691e-05	1	0	4.9731033838365	5.4437371873471
TYROBP	TREM2	R-HSA-2172127	REACTOME_DAP12_INTERACTIONS	1.9084815217561e-55	4.59613637797593e-55	11.6058574292547	12.7708085643686	1.12911830823863e-16	1	9	18	4.55725677246691e-05	1	0	5.4437371873471	-4.41213425805821
TYROBP	TREM2	R-HSA-2424491	REACTOME_DAP12_SIGNALING	1.9084815217561e-55	4.59613637797593e-55	11.6058574292547	12.7708085643686	1.12911830823863e-16	1	9	18	4.55725677246691e-05	1	0	5.4437371873471	-4.41213425805821
FYN	TYROBP	R-HSA-2172127	REACTOME_DAP12_INTERACTIONS	2.05399994179082e-55	4.93383491172434e-55	2.48737842852703	11.6058574292547	3.3084014814047e-13	1	11	21	4.55725677246691e-05	1	0	7.12853732925553	5.4437371873471
B2M	TYROBP	R-HSA-2424491	REACTOME_DAP12_SIGNALING	2.81636109773468e-55	6.74768263004812e-55	4.84204079809713	11.6058574292547	1.56619589846037e-13	1	10	19	2.13272543414487e-05	1	0	4.9731033838365	5.4437371873471
UBC	TLR4	R-HSA-9707616	REACTOME_HEME_SIGNALING	3.00107929652543e-55	7.17181001118384e-55	4.45515494948184	4.19143816689503	6.99701336086941e-14	1	9	17	8.24687687584678e-06	1	0	1.76337487711574	5.19732202381054
FYN	TYROBP	R-HSA-2424491	REACTOME_DAP12_SIGNALING	5.94922591552919e-55	1.41807635633586e-54	2.48737842852703	11.6058574292547	3.3084014814047e-13	1	10	19	2.13272543414487e-05	1	0	7.12853732925553	5.4437371873471
FYN	CD86	R-HSA-388841	REACTOME_COSTIMULATION_BY_THE_CD28_FAMILY	6.24843683877825e-55	1.48559773819932e-54	2.48737842852703	6.51685975119614	1.2041066318597e-09	1	11	21	2.39270289738941e-05	1	0	7.12853732925553	-0.138257965852884
GNAS	ADCY1	R-HSA-9664323	REACTOME_FCGR3A_MEDIATED_IL10_SYNTHESIS	1.21058600804948e-54	2.8709062582751e-54	3.83740672865904	8.71996338896916	1.10980568194412e-12	1	13	24	9.2721458126573e-05	1	0	3.71250019731088	-6.34767287398693
ABCA1	RXRA	R-HSA-9839373	REACTOME_SIGNALING_BY_TGFBR3	1.32907482297983e-54	3.14390288075433e-54	4.32737687338231	1.89848995961651	6.4210919337297e-11	1	13	24	6.66324496240385e-05	1	0	-6.34767287398693	7.19596111162888
ABCA1	RXRA	R-HSA-1592230	REACTOME_MITOCHONDRIAL_BIOGENESIS	1.82164453177621e-54	4.2981587433302e-54	4.32737687338231	1.89848995961651	6.4210919337297e-11	1	23	42	0.00172938158567901	1	0	-6.34767287398693	7.19596111162888
HBEGF	ERBB4	R-HSA-1236394	REACTOME_SIGNALING_BY_ERBB4	2.00233548850842e-54	4.71256736184306e-54	5.13573038218583	6.06984533272091	8.43608407387218e-12	1	15	28	0.000258461357984448	1	0	2.52886127252879	-5.6788528815602
GNAS	ADCY1	R-HSA-112040	REACTOME_G_PROTEIN_MEDIATED_EVENTS	2.35216493916651e-54	5.5219590007637e-54	3.83740672865904	8.71996338896916	1.10980568194412e-12	1	15	28	0.000302224333297779	1	0	3.71250019731088	-6.34767287398693
FYN	CSF1R	R-HSA-9680350	REACTOME_SIGNALING_BY_CSF1_M_CSF_IN_MYELOID_CELLS	3.19743796253528e-54	7.48746779166552e-54	2.48737842852703	12.1632992546591	2.57518274595616e-12	1	12	22	4.55725677246691e-05	1	0	7.12853732925553	0.522827297546277
CD80	CD86	R-HSA-388841	REACTOME_COSTIMULATION_BY_THE_CD28_FAMILY	1.82470439351799e-53	4.26221677884402e-53	9.34682293774652	6.51685975119614	3.51630130560484e-08	1	11	21	2.39270289738941e-05	1	0	5.76961271773571	-0.138257965852884
B2M	TREM2	R-HSA-2172127	REACTOME_DAP12_INTERACTIONS	2.14006187690488e-53	4.97390939968915e-53	4.84204079809713	12.7708085643686	1.26612860456379e-14	1	9	18	4.55725677246691e-05	1	0	4.9731033838365	-4.41213425805821
B2M	TREM2	R-HSA-2424491	REACTOME_DAP12_SIGNALING	2.14006187690488e-53	4.97390939968915e-53	4.84204079809713	12.7708085643686	1.26612860456379e-14	1	9	18	4.55725677246691e-05	1	0	4.9731033838365	-4.41213425805821
HBEGF	ERBB4	R-HSA-1227986	REACTOME_SIGNALING_BY_ERBB2	2.69363595716963e-53	6.24494704498034e-53	5.13573038218583	6.06984533272091	8.43608407387218e-12	1	14	26	0.000185488212810344	1	0	2.52886127252879	-5.6788528815602
GNAS	ADCY8	R-HSA-112040	REACTOME_G_PROTEIN_MEDIATED_EVENTS	2.74996601600201e-53	6.35972289556791e-53	3.83740672865904	13.7793337761781	2.01119711087596e-11	1	15	28	0.000292906732997694	1	0	3.71250019731088	3.18990980418948
UBC	ERBB4	R-HSA-1236394	REACTOME_SIGNALING_BY_ERBB4	4.52507919594776e-53	1.03876202232101e-52	4.45515494948184	6.06984533272091	1.90647115615884e-10	1	15	28	0.000258461357984448	1	0	1.76337487711574	-5.6788528815602
FYN	TREM2	R-HSA-2172127	REACTOME_DAP12_INTERACTIONS	4.5206247129174e-53	1.03876202232101e-52	2.48737842852703	12.7708085643686	2.67454521819748e-14	1	9	18	4.55725677246691e-05	1	0	7.12853732925553	-4.41213425805821
FYN	TREM2	R-HSA-2424491	REACTOME_DAP12_SIGNALING	4.5206247129174e-53	1.03876202232101e-52	2.48737842852703	12.7708085643686	2.67454521819748e-14	1	9	18	4.55725677246691e-05	1	0	7.12853732925553	-4.41213425805821
SEMA6D	TYROBP	R-HSA-2172127	REACTOME_DAP12_INTERACTIONS	7.62302460019388e-53	1.74561644407388e-52	13.9981268572968	11.6058574292547	1.22784939604611e-10	1	11	21	4.55725677246691e-05	1	0	2.75860312595803	5.4437371873471
ABCA1	RXRA	R-HSA-9024446	REACTOME_NR1H2_AND_NR1H3_MEDIATED_SIGNALING	8.73235889976386e-53	1.9947447290637e-52	4.32737687338231	1.89848995961651	6.4210919337297e-11	1	15	29	0.000482069162979667	1	0	-6.34767287398693	7.19596111162888
FABP5	RXRA	R-HSA-9616222	REACTOME_TRANSCRIPTIONAL_REGULATION_OF_GRANULOPOIESIS	1.99288008833037e-52	4.54123286631762e-52	14.5490265757492	1.89848995961651	1.12126659844795e-15	1	11	21	0.000142827068773247	1	0	3.17882914982144	7.19596111162888
SEMA6D	TYROBP	R-HSA-2424491	REACTOME_DAP12_SIGNALING	2.20794044748851e-52	5.01902560258364e-52	13.9981268572968	11.6058574292547	1.22784939604611e-10	1	10	19	2.13272543414487e-05	1	0	2.75860312595803	5.4437371873471
TGFB1	SDC2	R-HSA-1638091	REACTOME_HEPARAN_SULFATE_HEPARIN_HS_GAG_METABOLISM	3.28184291647392e-52	7.44203795171215e-52	3.32181668684796	6.99604805784469	2.28224162491543e-12	1	9	18	3.56189506520904e-05	1	0	-5.58331359087569	-0.437591950332544
UBC	ERBB4	R-HSA-1227986	REACTOME_SIGNALING_BY_ERBB2	6.08734954816431e-52	1.37704120846824e-51	4.45515494948184	6.06984533272091	1.90647115615884e-10	1	14	26	0.000185488212810344	1	0	1.76337487711574	-5.6788528815602
FABP5	RXRA	R-HSA-9707564	REACTOME_CYTOPROTECTION_BY_HMOX1	8.57900373090592e-52	1.93598825113906e-51	14.5490265757492	1.89848995961651	1.12126659844795e-15	1	11	20	7.27347012813842e-05	1	0	3.17882914982144	7.19596111162888
CSF2	CSF1R	R-HSA-9680350	REACTOME_SIGNALING_BY_CSF1_M_CSF_IN_MYELOID_CELLS	1.23451127260526e-51	2.77914131900507e-51	7.25559834194749	12.1632992546591	9.94262333202773e-10	1	12	22	4.55725677246691e-05	1	0	-5.00521631617233	0.522827297546277
ABCA1	RXRA	R-HSA-381340	REACTOME_TRANSCRIPTIONAL_REGULATION_OF_WHITE_ADIPOCYTE_DIFFERENTIATION	1.27166866162247e-51	2.85589203043889e-51	4.32737687338231	1.89848995961651	6.4210919337297e-11	1	16	30	0.00055033999394145	1	0	-6.34767287398693	7.19596111162888
UBC	TLR4	R-HSA-9820952	REACTOME_RESPIRATORY_SYNCYTIAL_VIRUS_INFECTION_PATHWAY	3.38253787452723e-51	7.57818581504657e-51	4.45515494948184	4.19143816689503	6.99701336086941e-14	1	22	41	0.00366702361250525	1	0	1.76337487711574	5.19732202381054
ADAM17	ERBB4	R-HSA-1236394	REACTOME_SIGNALING_BY_ERBB4	4.13236311643e-51	9.23588111393946e-51	1.42436567511293	6.06984533272091	1.74101507335019e-08	1	15	28	0.000258461357984448	1	0	-4.42026671345359	-5.6788528815602
FABP5	RXRA	R-HSA-2426168	REACTOME_ACTIVATION_OF_GENE_EXPRESSION_BY_SREBF_SREBP	4.92136267161339e-51	1.09729904544107e-50	14.5490265757492	1.89848995961651	1.12126659844795e-15	1	14	26	0.00055033999394145	1	0	3.17882914982144	7.19596111162888
MMP7	ERBB4	R-HSA-1236394	REACTOME_SIGNALING_BY_ERBB4	5.1955167046055e-51	1.15566147224161e-50	7.87068940669387	6.06984533272091	2.18893467047867e-08	1	15	28	0.000258461357984448	1	0	-4.36295648351875	-5.6788528815602
FABP5	RXRA	R-HSA-2151201	REACTOME_TRANSCRIPTIONAL_ACTIVATION_OF_MITOCHONDRIAL_BIOGENESIS	6.06610724046567e-51	1.34609808288429e-50	14.5490265757492	1.89848995961651	1.12126659844795e-15	1	13	25	0.000589890495580571	1	0	3.17882914982144	7.19596111162888
TGFB1	SDC2	R-HSA-9820952	REACTOME_RESPIRATORY_SYNCYTIAL_VIRUS_INFECTION_PATHWAY	7.07787602814916e-51	1.56688371929573e-50	3.32181668684796	6.99604805784469	2.28224162491543e-12	1	23	42	0.00309347884155955	1	0	-5.58331359087569	-0.437591950332544
NRG1	ERBB4	R-HSA-1236394	REACTOME_SIGNALING_BY_ERBB4	7.20048210500343e-51	1.59024865446995e-50	8.55249521073386	6.06984533272091	3.03365109187923e-08	1	15	28	0.000258461357984448	1	0	7.39381963444358	-5.6788528815602
FYN	CD80	R-HSA-388841	REACTOME_COSTIMULATION_BY_THE_CD28_FAMILY	8.23026209089385e-51	1.81338162380924e-50	2.48737842852703	9.34682293774652	2.2884943030631e-09	1	11	20	2.13272543414487e-05	1	0	7.12853732925553	5.76961271773571
SEMA6D	TREM2	R-HSA-2172127	REACTOME_DAP12_INTERACTIONS	1.67774266657322e-50	3.67919097704999e-50	13.9981268572968	12.7708085643686	9.92605870031064e-12	1	9	18	4.55725677246691e-05	1	0	2.75860312595803	-4.41213425805821
SEMA6D	TREM2	R-HSA-2424491	REACTOME_DAP12_SIGNALING	1.67774266657322e-50	3.67919097704999e-50	13.9981268572968	12.7708085643686	9.92605870031064e-12	1	9	18	4.55725677246691e-05	1	0	2.75860312595803	-4.41213425805821
YWHAZ	IL3RA	R-HSA-451927	REACTOME_INTERLEUKIN_2_FAMILY_SIGNALING	3.14914249498992e-50	6.88967325194978e-50	2.26152445134463	12.5872457106562	1.10463652795281e-16	1	12	22	0.000262348626574633	1	0	6.14939244843959	4.67617092939095
CD274	CD80	R-HSA-388841	REACTOME_COSTIMULATION_BY_THE_CD28_FAMILY	3.80097185124712e-50	8.29626642941994e-50	8.02352901125857	9.34682293774652	1.05689251832046e-08	1	11	20	2.13272543414487e-05	1	0	8.48808091653585	5.76961271773571
COL5A3	SDC3	R-HSA-1638091	REACTOME_HEPARAN_SULFATE_HEPARIN_HS_GAG_METABOLISM	5.40490619241166e-50	1.17695620825413e-49	7.95775439206331	1.68390760944956	3.48672046798353e-09	1	9	18	2.85062677752026e-05	1	0	4.47105613703989	2.51121978667568
ADAM17	ERBB4	R-HSA-1227986	REACTOME_SIGNALING_BY_ERBB2	5.55904939126317e-50	1.20770024071265e-49	1.42436567511293	6.06984533272091	1.74101507335019e-08	1	14	26	0.000185488212810344	1	0	-4.42026671345359	-5.6788528815602
VEGFA	RET	R-HSA-8853659	REACTOME_RET_SIGNALING	6.32611613350782e-50	1.37114889219286e-49	4.25472055819396	5.46053248273132	2.66092835878493e-12	1	8	16	2.33688848239626e-05	1	0	2.83766103593168	-2.32311526832337
MMP7	ERBB4	R-HSA-1227986	REACTOME_SIGNALING_BY_ERBB2	6.98925364501523e-50	1.51136528936292e-49	7.87068940669387	6.06984533272091	2.18893467047867e-08	1	14	26	0.000185488212810344	1	0	-4.36295648351875	-5.6788528815602
NRG1	ERBB4	R-HSA-1227986	REACTOME_SIGNALING_BY_ERBB2	9.6864274834592e-50	2.08975704041296e-49	8.55249521073386	6.06984533272091	3.03365109187923e-08	1	14	26	0.000185488212810344	1	0	7.39381963444358	-5.6788528815602
FABP5	RXRA	R-HSA-9029569	REACTOME_NR1H3_NR1H2_REGULATE_GENE_EXPRESSION_LINKED_TO_CHOLESTEROL_TRANSPORT_AND_EFFLUX	1.02600369433571e-49	2.20839594254246e-49	14.5490265757492	1.89848995961651	1.12126659844795e-15	1	13	24	0.000424248971923421	1	0	3.17882914982144	7.19596111162888
COL5A3	SDC3	R-HSA-9820952	REACTOME_RESPIRATORY_SYNCYTIAL_VIRUS_INFECTION_PATHWAY	1.20406274966461e-49	2.58568313983276e-49	7.95775439206331	1.68390760944956	3.48672046798353e-09	1	23	42	0.00246886179556187	1	0	4.47105613703989	2.51121978667568
CD86	CD80	R-HSA-388841	REACTOME_COSTIMULATION_BY_THE_CD28_FAMILY	1.26459049065337e-49	2.70942146503205e-49	6.51685975119614	9.34682293774652	3.51630130560484e-08	1	11	20	2.13272543414487e-05	1	0	-0.138257965852884	5.76961271773571
UBC	NOTCH2	R-HSA-1912422	REACTOME_PRE_NOTCH_EXPRESSION_AND_PROCESSING	2.20063035471241e-49	4.70409974906414e-49	4.45515494948184	1.30196708641077	1.80217835800035e-09	1	14	27	0.000424248971923421	1	0	1.76337487711574	4.70339172314515
GNAS	ADCY1	R-HSA-5610787	REACTOME_HEDGEHOG_OFF_STATE	2.93613677610105e-49	6.26196676276013e-49	3.83740672865904	8.71996338896916	1.10980568194412e-12	1	16	30	0.00103724274955077	1	0	3.71250019731088	-6.34767287398693
HBEGF	ERBB4	R-HSA-8848021	REACTOME_SIGNALING_BY_PTK6	4.35522793866354e-49	9.26728867313794e-49	5.13573038218583	6.06984533272091	8.43608407387218e-12	1	15	29	0.000974061220383515	1	0	2.52886127252879	-5.6788528815602
CSF2	SDC2	R-HSA-1638091	REACTOME_HEPARAN_SULFATE_HEPARIN_HS_GAG_METABOLISM	4.59966864265298e-49	9.76512796116761e-49	7.25559834194749	6.99604805784469	3.19867693373931e-09	1	9	18	3.56189506520904e-05	1	0	-5.00521631617233	-0.437591950332544
UBC	TGFBR1	R-HSA-9839373	REACTOME_SIGNALING_BY_TGFBR3	5.32433819719898e-49	1.12779163631578e-48	4.45515494948184	1.01672426175283	6.56989913766533e-09	1	12	22	6.66324496240385e-05	1	0	1.76337487711574	5.4136516831527
TNFSF9	TNFRSF9	R-HSA-5668541	REACTOME_TNFR2_NON_CANONICAL_NF_KB_PATHWAY	7.68388814596129e-49	1.62389654241177e-48	1.53654564152876	14.9272661902905	6.74673508503157e-11	1	14	26	0.000348044612501732	1	0	-3.60733463734718	4.08515771719495
TGFB1	TGFBR1	R-HSA-9839373	REACTOME_SIGNALING_BY_TGFBR3	1.46929360341402e-48	3.09814850312639e-48	3.32181668684796	1.01672426175283	1.81301608209735e-08	1	12	22	6.66324496240385e-05	1	0	-5.58331359087569	5.4136516831527
PSEN1	NOTCH2	R-HSA-1912422	REACTOME_PRE_NOTCH_EXPRESSION_AND_PROCESSING	3.05452104234031e-48	6.42621582722611e-48	1.00594602507271	1.30196708641077	2.50146132210459e-08	1	14	27	0.000424248971923421	1	0	-2.92590208182952	4.70339172314515
VEGFB	RET	R-HSA-8853659	REACTOME_RET_SIGNALING	3.06386450669918e-48	6.43135522577395e-48	1.18865902695918	5.46053248273132	1.28874079787558e-10	1	8	16	2.33688848239626e-05	1	0	5.23719737108765	-2.32311526832337
C3	C3AR1	R-HSA-9660826	REACTOME_PURINERGIC_SIGNALING_IN_LEISHMANIASIS_INFECTION	4.90802179555541e-48	1.02792726145116e-47	6.9878121405443	5.57062461148133	9.41423344494069e-17	1	5	10	2.50698071364294e-06	1	0	4.96089421697397	-6.34767287398693
GNAS	ADCY8	R-HSA-5610787	REACTOME_HEDGEHOG_OFF_STATE	5.32088625721091e-48	1.11189820442165e-47	3.83740672865904	13.7793337761781	2.01119711087596e-11	1	16	30	0.00103724274955077	1	0	3.71250019731088	3.18990980418948
UBC	ERBB4	R-HSA-8848021	REACTOME_SIGNALING_BY_PTK6	9.84238228406843e-48	2.05214771560443e-47	4.45515494948184	6.06984533272091	1.90647115615884e-10	1	15	29	0.000974061220383515	1	0	1.76337487711574	-5.6788528815602
CSF2	SDC2	R-HSA-9820952	REACTOME_RESPIRATORY_SYNCYTIAL_VIRUS_INFECTION_PATHWAY	9.92000082022258e-48	2.06371445634988e-47	7.25559834194749	6.99604805784469	3.19867693373931e-09	1	23	42	0.00309347884155955	1	0	-5.00521631617233	-0.437591950332544
ABCA1	RXRA	R-HSA-9616222	REACTOME_TRANSCRIPTIONAL_REGULATION_OF_GRANULOPOIESIS	1.14125099934141e-47	2.36892189618306e-47	4.32737687338231	1.89848995961651	6.4210919337297e-11	1	11	21	0.000142827068773247	1	0	-6.34767287398693	7.19596111162888
IL16	GRIN2D	R-HSA-6794362	REACTOME_PROTEIN_PROTEIN_INTERACTIONS_AT_SYNAPSES	1.50439643820597e-47	3.11577217868437e-47	6.52953624117408	5.53011798550084	4.18727890133243e-12	1	8	15	1.23983650712658e-05	1	0	3.07977796338005	-4.20161580560622
YWHAZ	CSF2RB	R-HSA-451927	REACTOME_INTERLEUKIN_2_FAMILY_SIGNALING	2.5199483184802e-47	5.20752069362205e-47	2.26152445134463	9.31865180397611	8.83931726041317e-14	1	12	22	0.000262348626574633	1	0	6.14939244843959	-0.128890008978411
EFNB2	PECAM1	R-HSA-76005	REACTOME_RESPONSE_TO_ELEVATED_PLATELET_CYTOSOLIC_CA2	2.52636115488895e-47	5.20922255831085e-47	1.7575713203291	12.3451442107448	9.64960635074766e-11	1	7	14	9.83007110652686e-06	1	0	7.50811652170512	2.98331412506372
ARTN	RET	R-HSA-8853659	REACTOME_RET_SIGNALING	3.33290142169907e-47	6.85709519872744e-47	4.50468830939142	5.46053248273132	1.401904695214e-09	1	8	16	2.33688848239626e-05	1	0	-6.18172890188987	-2.32311526832337
ABCA1	RXRA	R-HSA-9707564	REACTOME_CYTOPROTECTION_BY_HMOX1	4.91288795476538e-47	1.00854880481087e-46	4.32737687338231	1.89848995961651	6.4210919337297e-11	1	11	20	7.27347012813842e-05	1	0	-6.34767287398693	7.19596111162888
YWHAZ	CSF2RA	R-HSA-451927	REACTOME_INTERLEUKIN_2_FAMILY_SIGNALING	5.93879014024468e-47	1.21647305729847e-46	2.26152445134463	4.9021374863974	2.08317169870755e-13	1	12	22	0.000262348626574633	1	0	6.14939244843959	5.38048508338566
DLL4	NOTCH2	R-HSA-1912422	REACTOME_PRE_NOTCH_EXPRESSION_AND_PROCESSING	1.09602073323424e-46	2.24011255125945e-46	5.84857908909275	1.30196708641077	8.97572298375643e-07	1	14	27	0.000424248971923421	1	0	5.18180330917273	4.70339172314515
TNF	TNFRSF1B	R-HSA-5668541	REACTOME_TNFR2_NON_CANONICAL_NF_KB_PATHWAY	1.22225753054175e-46	2.49265649554686e-46	10.5619292767115	7.14778819015196	1.43610622263417e-11	1	13	24	0.000348044612501732	1	0	6.2893030456444	2.32589535580337
FABP5	RXRA	R-HSA-383280	REACTOME_NUCLEAR_RECEPTOR_TRANSCRIPTION_PATHWAY	1.28652248423584e-46	2.61798898538821e-46	14.5490265757492	1.89848995961651	1.12126659844795e-15	1	11	21	0.000482069162979667	1	0	3.17882914982144	7.19596111162888
CAP1	ROBO1	R-HSA-373752	REACTOME_NETRIN_1_SIGNALING	1.42014582490928e-46	2.8836076444781e-46	4.93955649128635	9.3929748989499	9.45071933494037e-18	1	8	15	8.33811933384981e-05	1	0	1.02226283289357	-0.455266075962448
ABCA1	RXRA	R-HSA-2426168	REACTOME_ACTIVATION_OF_GENE_EXPRESSION_BY_SREBF_SREBP	2.81828801441124e-46	5.71009658572016e-46	4.32737687338231	1.89848995961651	6.4210919337297e-11	1	14	26	0.00055033999394145	1	0	-6.34767287398693	7.19596111162888
ABCA1	RXRA	R-HSA-2151201	REACTOME_TRANSCRIPTIONAL_ACTIVATION_OF_MITOCHONDRIAL_BIOGENESIS	3.47384219995576e-46	7.02303889448756e-46	4.32737687338231	1.89848995961651	6.4210919337297e-11	1	13	25	0.000589890495580571	1	0	-6.34767287398693	7.19596111162888
TGFB1	ACVRL1	R-HSA-201451	REACTOME_SIGNALING_BY_BMP	3.55230711888789e-46	7.16612604935826e-46	3.32181668684796	7.931732705341	1.404744074511e-14	1	9	17	0.00010044724949356	1	0	-5.58331359087569	0.787931849230063
YWHAZ	IL3RA	R-HSA-912526	REACTOME_INTERLEUKIN_RECEPTOR_SHC_SIGNALING	3.80393155391815e-46	7.65715811717434e-46	2.26152445134463	12.5872457106562	1.10463652795281e-16	1	7	13	2.13272543414487e-05	1	0	6.14939244843959	4.67617092939095
SHANK1	ABCA1	R-HSA-9024446	REACTOME_NR1H2_AND_NR1H3_MEDIATED_SIGNALING	4.18084926251052e-46	8.39774032900819e-46	1.77551547916988	4.32737687338231	8.78959508145051e-09	1	14	26	0.000388513149669598	1	0	7.29882145566935	-6.34767287398693
CSF2	CSF3R	R-HSA-9616222	REACTOME_TRANSCRIPTIONAL_REGULATION_OF_GRANULOPOIESIS	4.43713256782883e-46	8.89334957680961e-46	7.25559834194749	9.84249265123049	2.49649167068566e-09	1	11	21	0.000142827068773247	1	0	-5.00521631617233	-4.62960925865729
ADAM17	ERBB4	R-HSA-8848021	REACTOME_SIGNALING_BY_PTK6	8.98819573476433e-46	1.79763914695287e-45	1.42436567511293	6.06984533272091	1.74101507335019e-08	1	15	29	0.000974061220383515	1	0	-4.42026671345359	-5.6788528815602
MMP7	ERBB4	R-HSA-8848021	REACTOME_SIGNALING_BY_PTK6	1.13006335040023e-45	2.25528702906426e-45	7.87068940669387	6.06984533272091	2.18893467047867e-08	1	15	29	0.000974061220383515	1	0	-4.36295648351875	-5.6788528815602
CSF2	IL3RA	R-HSA-451927	REACTOME_INTERLEUKIN_2_FAMILY_SIGNALING	1.21334079020674e-45	2.41631114630914e-45	7.25559834194749	12.5872457106562	4.25608101205272e-12	1	12	22	0.000262348626574633	1	0	-5.00521631617233	4.67617092939095
NRG1	ERBB4	R-HSA-8848021	REACTOME_SIGNALING_BY_PTK6	1.56615816957418e-45	3.11228020051842e-45	8.55249521073386	6.06984533272091	3.03365109187923e-08	1	15	29	0.000974061220383515	1	0	7.39381963444358	-5.6788528815602
IL16	GRIN2D	R-HSA-442742	REACTOME_CREB1_PHOSPHORYLATION_THROUGH_NMDA_RECEPTOR_MEDIATED_ACTIVATION_OF_RAS_SIGNALING	3.81361107493584e-45	7.56230962093661e-45	6.52953624117408	5.53011798550084	4.18727890133243e-12	1	7	13	6.57420396405386e-06	1	0	3.07977796338005	-4.20161580560622
ABCA1	RXRA	R-HSA-9029569	REACTOME_NR1H3_NR1H2_REGULATE_GENE_EXPRESSION_LINKED_TO_CHOLESTEROL_TRANSPORT_AND_EFFLUX	5.87555542526198e-45	1.16263644508369e-44	4.32737687338231	1.89848995961651	6.4210919337297e-11	1	13	24	0.000424248971923421	1	0	-6.34767287398693	7.19596111162888
TGFB3	TGFBR1	R-HSA-9839373	REACTOME_SIGNALING_BY_TGFBR3	9.8840453860864e-45	1.9516801482696e-44	1.28827757204938	1.01672426175283	0.000121962916053785	1	12	22	6.66324496240385e-05	1	0	1.04372229982068	5.4136516831527
VASP	ROBO1	R-HSA-373752	REACTOME_NETRIN_1_SIGNALING	1.34568900084247e-44	2.65154788326678e-44	1.81481479734542	9.3929748989499	8.95522758016135e-16	1	8	15	8.33811933384981e-05	1	0	6.93106586028725	-0.455266075962448
FABP5	RXRA	R-HSA-211859	REACTOME_BIOLOGICAL_OXIDATIONS	3.49190281940522e-44	6.85148090039088e-44	14.5490265757492	1.89848995961651	1.12126659844795e-15	1	5	10	7.27540990513854e-06	1	0	3.17882914982144	7.19596111162888
FABP5	RXRA	R-HSA-211945	REACTOME_PHASE_I_FUNCTIONALIZATION_OF_COMPOUNDS	3.49190281940522e-44	6.85148090039088e-44	14.5490265757492	1.89848995961651	1.12126659844795e-15	1	5	10	7.27540990513854e-06	1	0	3.17882914982144	7.19596111162888
NRP1	ROBO1	R-HSA-373752	REACTOME_NETRIN_1_SIGNALING	3.96039336876697e-44	7.75438365481264e-44	1.27790748729062	9.3929748989499	2.63554386652981e-15	1	8	15	8.33811933384981e-05	1	0	-3.22754442657073	-0.455266075962448
UBC	TLR4	R-HSA-5260271	REACTOME_DISEASES_OF_IMMUNE_SYSTEM	1.16184087327971e-43	2.27009579433268e-43	4.45515494948184	4.19143816689503	6.99701336086941e-14	1	8	15	6.33114209302948e-05	1	0	1.76337487711574	5.19732202381054
YWHAZ	CSF2RB	R-HSA-912526	REACTOME_INTERLEUKIN_RECEPTOR_SHC_SIGNALING	3.04391145785243e-43	5.93499054125203e-43	2.26152445134463	9.31865180397611	8.83931726041317e-14	1	7	13	2.13272543414487e-05	1	0	6.14939244843959	-0.128890008978411
YWHAZ	CSF2RA	R-HSA-912526	REACTOME_INTERLEUKIN_RECEPTOR_SHC_SIGNALING	7.17361987986099e-43	1.39578574697922e-42	2.26152445134463	4.9021374863974	2.08317169870755e-13	1	7	13	2.13272543414487e-05	1	0	6.14939244843959	5.38048508338566
CSF2	CSF2RB	R-HSA-451927	REACTOME_INTERLEUKIN_2_FAMILY_SIGNALING	9.70917031823512e-43	1.88519723679065e-42	7.25559834194749	9.31865180397611	3.40572209949239e-09	1	12	22	0.000262348626574633	1	0	-5.00521631617233	-0.128890008978411
ST6GAL1	CD22	R-HSA-983695	REACTOME_ANTIGEN_ACTIVATES_B_CELL_RECEPTOR_BCR_LEADING_TO_GENERATION_OF_SECOND_MESSENGERS	1.07929055792429e-42	2.09126569643542e-42	2.53305731234973	13.2799030723321	1.47635507390625e-10	1	7	13	8.85246770449892e-06	1	0	-2.99629434715444	6.0866918205032
CSF2	CSF2RA	R-HSA-451927	REACTOME_INTERLEUKIN_2_FAMILY_SIGNALING	2.28817093323035e-42	4.42443010325869e-42	7.25559834194749	4.9021374863974	8.02630303032451e-09	1	12	22	0.000262348626574633	1	0	-5.00521631617233	5.38048508338566
TGFB3	ACVRL1	R-HSA-201451	REACTOME_SIGNALING_BY_BMP	2.38966294461653e-42	4.61110945006751e-42	1.28827757204938	7.931732705341	9.4498159905146e-11	1	9	17	0.00010044724949356	1	0	1.04372229982068	0.787931849230063
UBC	TGFBR1	R-HSA-2173788	REACTOME_DOWNREGULATION_OF_TGF_BETA_RECEPTOR_SIGNALING	2.5335093464646e-42	4.8785758489773e-42	4.45515494948184	1.01672426175283	6.56989913766533e-09	1	11	21	0.000287191181675315	1	0	1.76337487711574	5.4136516831527
TGFB1	TGFBR1	R-HSA-2173788	REACTOME_DOWNREGULATION_OF_TGF_BETA_RECEPTOR_SIGNALING	6.99142116649988e-42	1.34350608807791e-41	3.32181668684796	1.01672426175283	1.81301608209735e-08	1	11	21	0.000287191181675315	1	0	-5.58331359087569	5.4136516831527
ABCA1	RXRA	R-HSA-383280	REACTOME_NUCLEAR_RECEPTOR_TRANSCRIPTION_PATHWAY	7.3674531619182e-42	1.41285315779995e-41	4.32737687338231	1.89848995961651	6.4210919337297e-11	1	11	21	0.000482069162979667	1	0	-6.34767287398693	7.19596111162888
CSF2	IL3RA	R-HSA-912526	REACTOME_INTERLEUKIN_RECEPTOR_SHC_SIGNALING	1.46562606324302e-41	2.80485316415297e-41	7.25559834194749	12.5872457106562	4.25608101205272e-12	1	7	13	2.13272543414487e-05	1	0	-5.00521631617233	4.67617092939095
GNAS	ADCY8	R-HSA-422356	REACTOME_REGULATION_OF_INSULIN_SECRETION	1.72262267399909e-41	3.28992691017859e-41	3.83740672865904	13.7793337761781	2.01119711087596e-11	1	11	20	0.000292906732997694	1	0	3.71250019731088	3.18990980418948
TGFB1	SDC2	R-HSA-2022928	REACTOME_HS_GAG_BIOSYNTHESIS	2.14347589527181e-41	4.08531602125424e-41	3.32181668684796	6.99604805784469	2.28224162491543e-12	1	5	10	5.95787096519386e-06	1	0	-5.58331359087569	-0.437591950332544
HBEGF	ERBB4	R-HSA-1227990	REACTOME_SIGNALING_BY_ERBB2_IN_CANCER	8.60573851911723e-41	1.63684659179944e-40	5.13573038218583	6.06984533272091	8.43608407387218e-12	1	8	16	0.000212748761617473	1	0	2.52886127252879	-5.6788528815602
SHANK1	ABCA1	R-HSA-9029569	REACTOME_NR1H3_NR1H2_REGULATE_GENE_EXPRESSION_LINKED_TO_CHOLESTEROL_TRANSPORT_AND_EFFLUX	9.403944033754e-41	1.78502562921766e-40	1.77551547916988	4.32737687338231	8.78959508145051e-09	1	11	21	0.000388513149669598	1	0	7.29882145566935	-6.34767287398693
TGFB1	SDC2	R-HSA-1793185	REACTOME_CHONDROITIN_SULFATE_DERMATAN_SULFATE_METABOLISM	1.31457985003059e-40	2.47013794400909e-40	3.32181668684796	6.99604805784469	2.28224162491543e-12	1	6	12	3.56189506520904e-05	1	0	-5.58331359087569	-0.437591950332544
TGFB1	SDC2	R-HSA-1971475	REACTOME_A_TETRASACCHARIDE_LINKER_SEQUENCE_IS_REQUIRED_FOR_GAG_SYNTHESIS	1.31457985003059e-40	2.47013794400909e-40	3.32181668684796	6.99604805784469	2.28224162491543e-12	1	6	12	3.56189506520904e-05	1	0	-5.58331359087569	-0.437591950332544
TGFB1	SDC2	R-HSA-2024096	REACTOME_HS_GAG_DEGRADATION	1.31457985003059e-40	2.47013794400909e-40	3.32181668684796	6.99604805784469	2.28224162491543e-12	1	6	12	3.56189506520904e-05	1	0	-5.58331359087569	-0.437591950332544
TGFB1	SDC2	R-HSA-3560782	REACTOME_DISEASES_ASSOCIATED_WITH_GLYCOSAMINOGLYCAN_METABOLISM	1.31457985003059e-40	2.47013794400909e-40	3.32181668684796	6.99604805784469	2.28224162491543e-12	1	6	12	3.56189506520904e-05	1	0	-5.58331359087569	-0.437591950332544
TGFB1	SDC2	R-HSA-3560783	REACTOME_DEFECTIVE_B4GALT7_CAUSES_EDS_PROGEROID_TYPE	1.31457985003059e-40	2.47013794400909e-40	3.32181668684796	6.99604805784469	2.28224162491543e-12	1	6	12	3.56189506520904e-05	1	0	-5.58331359087569	-0.437591950332544
ADAM17	ITGA5	R-HSA-1566948	REACTOME_ELASTIC_FIBRE_FORMATION	1.49303752524693e-40	2.79982087229405e-40	1.42436567511293	3.30413921514521	1.53653381245957e-09	1	6	11	2.43864468537555e-06	1	0	-4.42026671345359	6.77052758759515
TGFB1	CXCR4	R-HSA-380108	REACTOME_CHEMOKINE_RECEPTORS_BIND_CHEMOKINES	1.86986751553958e-40	3.499430772054e-40	3.32181668684796	6.4700594444217	3.99242764141838e-14	1	5	10	1.67776029254293e-05	1	0	-5.58331359087569	-6.34767287398693
SPP1	ITGA5	R-HSA-1566948	REACTOME_ELASTIC_FIBRE_FORMATION	3.5764410942623e-40	6.6798458914879e-40	2.48316027446823	3.30413921514521	3.68063265435678e-09	1	6	11	2.43864468537555e-06	1	0	5.86094786860777	6.77052758759515
TGM2	TBXA2R	R-HSA-416482	REACTOME_G_ALPHA_12_13_SIGNALLING_EVENTS	6.7899779023112e-40	1.26565188099081e-39	2.08250749396369	7.43207057586683	2.49355185422805e-10	1	6	12	2.3032355893337e-05	1	0	-3.92662881622739	4.4283953646793
IL6	IL6R	R-HSA-9616222	REACTOME_TRANSCRIPTIONAL_REGULATION_OF_GRANULOPOIESIS	7.81742533362892e-40	1.45425956306231e-39	7.07281816728214	4.71162859717308	1.19928911425912e-06	1	11	20	0.000142827068773247	1	0	-6.34767287398693	3.00284632410901
CXCL13	CXCR5	R-HSA-380108	REACTOME_CHEMOKINE_RECEPTORS_BIND_CHEMOKINES	8.5995721201812e-40	1.59657394741213e-39	18.7217019593949	8.58998852432584	4.59025511347387e-13	1	4	9	1.67776029254293e-05	1	0	-5.61180436702843	4.99194928142641
COL5A3	SDC3	R-HSA-3000171	REACTOME_NON_INTEGRIN_MEMBRANE_ECM_INTERACTIONS	1.00822233892183e-39	1.86811773335018e-39	7.95775439206331	1.68390760944956	3.48672046798353e-09	1	7	13	1.49705093345562e-05	1	0	4.47105613703989	2.51121978667568
FABP5	RXRA	R-HSA-211897	REACTOME_CYTOCHROME_P450_ARRANGED_BY_SUBSTRATE_TYPE	1.27990091023299e-39	2.36680088955783e-39	14.5490265757492	1.89848995961651	1.12126659844795e-15	1	4	8	7.27540990513854e-06	1	0	3.17882914982144	7.19596111162888
TGM2	TBXA2R	R-HSA-392518	REACTOME_SIGNAL_AMPLIFICATION	1.47113223009803e-39	2.71504007614132e-39	2.08250749396369	7.43207057586683	2.49355185422805e-10	1	7	13	2.3032355893337e-05	1	0	-3.92662881622739	4.4283953646793
UBC	ERBB4	R-HSA-1227990	REACTOME_SIGNALING_BY_ERBB2_IN_CANCER	1.94481137462294e-39	3.58214269001696e-39	4.45515494948184	6.06984533272091	1.90647115615884e-10	1	8	16	0.000212748761617473	1	0	1.76337487711574	-5.6788528815602
ABCA1	RXRA	R-HSA-211859	REACTOME_BIOLOGICAL_OXIDATIONS	1.99968759063072e-39	3.66871817808628e-39	4.32737687338231	1.89848995961651	6.4210919337297e-11	1	5	10	7.27540990513854e-06	1	0	-6.34767287398693	7.19596111162888
ABCA1	RXRA	R-HSA-211945	REACTOME_PHASE_I_FUNCTIONALIZATION_OF_COMPOUNDS	1.99968759063072e-39	3.66871817808628e-39	4.32737687338231	1.89848995961651	6.4210919337297e-11	1	5	10	7.27540990513854e-06	1	0	-6.34767287398693	7.19596111162888
IL16	GRIN2D	R-HSA-9609736	REACTOME_ASSEMBLY_AND_CELL_SURFACE_PRESENTATION_OF_NMDA_RECEPTORS	2.13869135834675e-39	3.916032113908e-39	6.52953624117408	5.53011798550084	4.18727890133243e-12	1	3	7	1.8932137948719e-06	1	0	3.07977796338005	-4.20161580560622
COL5A3	SDC3	R-HSA-2022928	REACTOME_HS_GAG_BIOSYNTHESIS	2.16668323397177e-39	3.95950740012095e-39	7.95775439206331	1.68390760944956	3.48672046798353e-09	1	5	10	3.78902472978675e-06	1	0	4.47105613703989	2.51121978667568
CSF2	CSF3R	R-HSA-9674555	REACTOME_SIGNALING_BY_CSF3_G_CSF	2.43820218583455e-39	4.44697541525989e-39	7.25559834194749	9.84249265123049	2.49649167068566e-09	1	12	23	0.000974061220383515	1	0	-5.00521631617233	-4.62960925865729
EFNB2	PECAM1	R-HSA-210990	REACTOME_PECAM1_INTERACTIONS	9.75218242216993e-39	1.77520195653562e-38	1.7575713203291	12.3451442107448	9.64960635074766e-11	1	5	10	8.85246770449892e-06	1	0	7.50811652170512	2.98331412506372
CSF2	CSF2RB	R-HSA-912526	REACTOME_INTERLEUKIN_RECEPTOR_SHC_SIGNALING	1.17279606733129e-38	2.1306938299274e-38	7.25559834194749	9.31865180397611	3.40572209949239e-09	1	7	13	2.13272543414487e-05	1	0	-5.00521631617233	-0.128890008978411
CSF2	CSF2RA	R-HSA-912526	REACTOME_INTERLEUKIN_RECEPTOR_SHC_SIGNALING	2.76394149439756e-38	5.0116604528765e-38	7.25559834194749	4.9021374863974	8.02630303032451e-09	1	7	13	2.13272543414487e-05	1	0	-5.00521631617233	5.38048508338566
CSF2	SDC2	R-HSA-2022928	REACTOME_HS_GAG_BIOSYNTHESIS	3.00418975334666e-38	5.43670844683318e-38	7.25559834194749	6.99604805784469	3.19867693373931e-09	1	5	10	5.95787096519386e-06	1	0	-5.00521631617233	-0.437591950332544
GNAS	ADCY1	R-HSA-1489509	REACTOME_DAG_AND_IP3_SIGNALING	3.7897489567083e-38	6.8450504411863e-38	3.83740672865904	8.71996338896916	1.10980568194412e-12	1	9	18	0.000976200589978112	1	0	3.71250019731088	-6.34767287398693
COL5A3	SDC3	R-HSA-1793185	REACTOME_CHONDROITIN_SULFATE_DERMATAN_SULFATE_METABOLISM	4.22348223593214e-38	7.55525037214732e-38	7.95775439206331	1.68390760944956	3.48672046798353e-09	1	6	12	2.85062677752026e-05	1	0	4.47105613703989	2.51121978667568
COL5A3	SDC3	R-HSA-1971475	REACTOME_A_TETRASACCHARIDE_LINKER_SEQUENCE_IS_REQUIRED_FOR_GAG_SYNTHESIS	4.22348223593214e-38	7.55525037214732e-38	7.95775439206331	1.68390760944956	3.48672046798353e-09	1	6	12	2.85062677752026e-05	1	0	4.47105613703989	2.51121978667568
COL5A3	SDC3	R-HSA-2024096	REACTOME_HS_GAG_DEGRADATION	4.22348223593214e-38	7.55525037214732e-38	7.95775439206331	1.68390760944956	3.48672046798353e-09	1	6	12	2.85062677752026e-05	1	0	4.47105613703989	2.51121978667568
COL5A3	SDC3	R-HSA-3560782	REACTOME_DISEASES_ASSOCIATED_WITH_GLYCOSAMINOGLYCAN_METABOLISM	4.22348223593214e-38	7.55525037214732e-38	7.95775439206331	1.68390760944956	3.48672046798353e-09	1	6	12	2.85062677752026e-05	1	0	4.47105613703989	2.51121978667568
COL5A3	SDC3	R-HSA-3560783	REACTOME_DEFECTIVE_B4GALT7_CAUSES_EDS_PROGEROID_TYPE	4.22348223593214e-38	7.55525037214732e-38	7.95775439206331	1.68390760944956	3.48672046798353e-09	1	6	12	2.85062677752026e-05	1	0	4.47105613703989	2.51121978667568
TGFB3	TGFBR1	R-HSA-2173788	REACTOME_DOWNREGULATION_OF_TGF_BETA_RECEPTOR_SIGNALING	4.70318008343346e-38	8.39724873134096e-38	1.28827757204938	1.01672426175283	0.000121962916053785	1	11	21	0.000287191181675315	1	0	1.04372229982068	5.4136516831527
TNF	TNFRSF1B	R-HSA-6783783	REACTOME_INTERLEUKIN_10_SIGNALING	9.84913267774052e-38	1.75514180796447e-37	10.5619292767115	7.14778819015196	1.43610622263417e-11	1	9	17	0.000403406714042586	1	0	6.2893030456444	2.32589535580337
TGFB1	SDC2	R-HSA-2187338	REACTOME_VISUAL_PHOTOTRANSDUCTION	1.02861116843805e-37	1.82602973139859e-37	3.32181668684796	6.99604805784469	2.28224162491543e-12	1	4	9	2.85062677752026e-05	1	0	-5.58331359087569	-0.437591950332544
TGFB1	SDC2	R-HSA-6806667	REACTOME_METABOLISM_OF_FAT_SOLUBLE_VITAMINS	1.02861116843805e-37	1.82602973139859e-37	3.32181668684796	6.99604805784469	2.28224162491543e-12	1	4	9	2.85062677752026e-05	1	0	-5.58331359087569	-0.437591950332544
TGFB1	SDC2	R-HSA-3000171	REACTOME_NON_INTEGRIN_MEMBRANE_ECM_INTERACTIONS	1.44507758995783e-37	2.56047968410778e-37	3.32181668684796	6.99604805784469	2.28224162491543e-12	1	7	14	0.000260358743071771	1	0	-5.58331359087569	-0.437591950332544
RPS19	C5AR1	R-HSA-166658	REACTOME_COMPLEMENT_CASCADE	1.45022678770112e-37	2.56472744997618e-37	7.98727529043243	14.6050776736467	7.84296070413919e-17	1	2	5	4.3852751784452e-06	1	0	0.995635951119104	5.09092174294694
ADAM17	ERBB4	R-HSA-1227990	REACTOME_SIGNALING_BY_ERBB2_IN_CANCER	1.77602787595458e-37	3.13495829619256e-37	1.42436567511293	6.06984533272091	1.74101507335019e-08	1	8	16	0.000212748761617473	1	0	-4.42026671345359	-5.6788528815602
CSF2	SDC2	R-HSA-1793185	REACTOME_CHONDROITIN_SULFATE_DERMATAN_SULFATE_METABOLISM	1.8424500709942e-37	3.2216950584739e-37	7.25559834194749	6.99604805784469	3.19867693373931e-09	1	6	12	3.56189506520904e-05	1	0	-5.00521631617233	-0.437591950332544
CSF2	SDC2	R-HSA-1971475	REACTOME_A_TETRASACCHARIDE_LINKER_SEQUENCE_IS_REQUIRED_FOR_GAG_SYNTHESIS	1.8424500709942e-37	3.2216950584739e-37	7.25559834194749	6.99604805784469	3.19867693373931e-09	1	6	12	3.56189506520904e-05	1	0	-5.00521631617233	-0.437591950332544
CSF2	SDC2	R-HSA-2024096	REACTOME_HS_GAG_DEGRADATION	1.8424500709942e-37	3.2216950584739e-37	7.25559834194749	6.99604805784469	3.19867693373931e-09	1	6	12	3.56189506520904e-05	1	0	-5.00521631617233	-0.437591950332544
CSF2	SDC2	R-HSA-3560782	REACTOME_DISEASES_ASSOCIATED_WITH_GLYCOSAMINOGLYCAN_METABOLISM	1.8424500709942e-37	3.2216950584739e-37	7.25559834194749	6.99604805784469	3.19867693373931e-09	1	6	12	3.56189506520904e-05	1	0	-5.00521631617233	-0.437591950332544
CSF2	SDC2	R-HSA-3560783	REACTOME_DEFECTIVE_B4GALT7_CAUSES_EDS_PROGEROID_TYPE	1.8424500709942e-37	3.2216950584739e-37	7.25559834194749	6.99604805784469	3.19867693373931e-09	1	6	12	3.56189506520904e-05	1	0	-5.00521631617233	-0.437591950332544
MMP7	ERBB4	R-HSA-1227990	REACTOME_SIGNALING_BY_ERBB2_IN_CANCER	2.23295539074957e-37	3.89721802280637e-37	7.87068940669387	6.06984533272091	2.18893467047867e-08	1	8	16	0.000212748761617473	1	0	-4.36295648351875	-5.6788528815602
VEGFA	NRP1	R-HSA-9694614	REACTOME_ATTACHMENT_AND_ENTRY	2.54365324314073e-37	4.42291944516261e-37	4.25472055819396	1.27790748729062	5.64375683346135e-12	1	4	9	2.85062677752026e-05	1	0	2.83766103593168	-3.22754442657073
VEGFA	NRP1	R-HSA-9772572	REACTOME_EARLY_SARS_COV_2_INFECTION_EVENTS	2.54365324314073e-37	4.42291944516261e-37	4.25472055819396	1.27790748729062	5.64375683346135e-12	1	4	9	2.85062677752026e-05	1	0	2.83766103593168	-3.22754442657073
TGFB1	SDC2	R-HSA-9820960	REACTOME_RESPIRATORY_SYNCYTIAL_VIRUS_RSV_ATTACHMENT_AND_ENTRY	2.57146508862235e-37	4.46295244431291e-37	3.32181668684796	6.99604805784469	2.28224162491543e-12	1	5	10	2.85062677752026e-05	1	0	-5.58331359087569	-0.437591950332544
NRG1	ERBB4	R-HSA-1227990	REACTOME_SIGNALING_BY_ERBB2_IN_CANCER	3.09465953946616e-37	5.36100871892651e-37	8.55249521073386	6.06984533272091	3.03365109187923e-08	1	8	16	0.000212748761617473	1	0	7.39381963444358	-5.6788528815602
GNAS	ADCY8	R-HSA-1489509	REACTOME_DAG_AND_IP3_SIGNALING	6.86780783039876e-37	1.18753189200958e-36	3.83740672865904	13.7793337761781	2.01119711087596e-11	1	9	18	0.000976200589978112	1	0	3.71250019731088	3.18990980418948
CAP1	ROBO1	R-HSA-428890	REACTOME_ROLE_OF_ABL_IN_ROBO_SLIT_SIGNALING	7.9977716187972e-37	1.38035613865166e-36	4.93955649128635	9.3929748989499	9.45071933494037e-18	1	3	6	8.66671916464903e-06	1	0	1.02226283289357	-0.455266075962448
NAMPT	INSR	R-HSA-74751	REACTOME_INSULIN_RECEPTOR_SIGNALLING_CASCADE	9.30342330916484e-37	1.59977684947263e-36	5.36306569962384	1.04171106386436	3.05142434507641e-12	1	13	24	0.00264283301421752	1	0	-6.34767287398693	6.13214894970815
NAMPT	INSR	R-HSA-74752	REACTOME_SIGNALING_BY_INSULIN_RECEPTOR	9.30342330916484e-37	1.59977684947263e-36	5.36306569962384	1.04171106386436	3.05142434507641e-12	1	13	24	0.00264283301421752	1	0	-6.34767287398693	6.13214894970815
FYN	NRP1	R-HSA-9694614	REACTOME_ATTACHMENT_AND_ENTRY	9.94146988506911e-37	1.70320770825081e-36	2.48737842852703	1.27790748729062	2.20577387070384e-11	1	4	9	2.85062677752026e-05	1	0	7.12853732925553	-3.22754442657073
FYN	NRP1	R-HSA-9772572	REACTOME_EARLY_SARS_COV_2_INFECTION_EVENTS	9.94146988506911e-37	1.70320770825081e-36	2.48737842852703	1.27790748729062	2.20577387070384e-11	1	4	9	2.85062677752026e-05	1	0	7.12853732925553	-3.22754442657073
UBC	TLR4	R-HSA-9833110	REACTOME_RSV_HOST_INTERACTIONS	1.49723358245813e-36	2.56040678688253e-36	4.45515494948184	4.19143816689503	6.99701336086941e-14	1	14	27	0.00727605925168132	1	0	1.76337487711574	5.19732202381054
COL5A3	SDC3	R-HSA-2187338	REACTOME_VISUAL_PHOTOTRANSDUCTION	3.55290330659022e-36	6.05357565217931e-36	7.95775439206331	1.68390760944956	3.48672046798353e-09	1	4	9	1.51583053007923e-05	1	0	4.47105613703989	2.51121978667568
COL5A3	SDC3	R-HSA-6806667	REACTOME_METABOLISM_OF_FAT_SOLUBLE_VITAMINS	3.55290330659022e-36	6.05357565217931e-36	7.95775439206331	1.68390760944956	3.48672046798353e-09	1	4	9	1.51583053007923e-05	1	0	4.47105613703989	2.51121978667568
IL16	CD4	R-HSA-202433	REACTOME_GENERATION_OF_SECOND_MESSENGER_MOLECULES	3.64332517363243e-36	6.19631215661574e-36	6.52953624117408	13.7827618222993	7.21473863737053e-15	1	4	8	2.46049906250353e-05	1	0	3.07977796338005	4.4687739453421
HBEGF	ERBB4	R-HSA-1251985	REACTOME_NUCLEAR_SIGNALING_BY_ERBB4	3.78126328134269e-36	6.41919376723385e-36	5.13573038218583	6.06984533272091	8.43608407387218e-12	1	6	12	0.00012810717827814	1	0	2.52886127252879	-5.6788528815602
FYN	CD86	R-HSA-389356	REACTOME_CD28_CO_STIMULATION	4.12637314173803e-36	6.99232685109063e-36	2.48737842852703	6.51685975119614	1.2041066318597e-09	1	6	11	1.39652246995039e-05	1	0	7.12853732925553	-0.138257965852884
UBC	TGFBR1	R-HSA-5689603	REACTOME_UCH_PROTEINASES	6.91135295735473e-36	1.16903465630755e-35	4.45515494948184	1.01672426175283	6.56989913766533e-09	1	9	17	0.000327528654316154	1	0	1.76337487711574	5.4136516831527
FYN	CD80	R-HSA-389356	REACTOME_CD28_CO_STIMULATION	7.84247937626209e-36	1.32412876425295e-35	2.48737842852703	9.34682293774652	2.2884943030631e-09	1	6	11	1.39652246995039e-05	1	0	7.12853732925553	5.76961271773571
VEGFB	NRP1	R-HSA-9694614	REACTOME_ATTACHMENT_AND_ENTRY	1.23194211496205e-35	2.07250911758958e-35	1.18865902695918	1.27790748729062	2.73338425687341e-10	1	4	9	2.85062677752026e-05	1	0	5.23719737108765	-3.22754442657073
VEGFB	NRP1	R-HSA-9772572	REACTOME_EARLY_SARS_COV_2_INFECTION_EVENTS	1.23194211496205e-35	2.07250911758958e-35	1.18865902695918	1.27790748729062	2.73338425687341e-10	1	4	9	2.85062677752026e-05	1	0	5.23719737108765	-3.22754442657073
COL5A3	SDC3	R-HSA-9820960	REACTOME_RESPIRATORY_SYNCYTIAL_VIRUS_RSV_ATTACHMENT_AND_ENTRY	1.63301778376956e-35	2.74229292697879e-35	7.95775439206331	1.68390760944956	3.48672046798353e-09	1	5	10	1.67776029254293e-05	1	0	4.47105613703989	2.51121978667568
TGFB1	TGFBR1	R-HSA-5689603	REACTOME_UCH_PROTEINASES	1.90724298778017e-35	3.19703320973222e-35	3.32181668684796	1.01672426175283	1.81301608209735e-08	1	9	17	0.000327528654316154	1	0	-5.58331359087569	5.4136516831527
CD274	CD80	R-HSA-389356	REACTOME_CD28_CO_STIMULATION	3.62188263556511e-35	6.06031349433875e-35	8.02352901125857	9.34682293774652	1.05689251832046e-08	1	6	11	1.39652246995039e-05	1	0	8.48808091653585	5.76961271773571
ABCA1	RXRA	R-HSA-211897	REACTOME_CYTOCHROME_P450_ARRANGED_BY_SUBSTRATE_TYPE	7.32953378085653e-35	1.22421603651582e-34	4.32737687338231	1.89848995961651	6.4210919337297e-11	1	4	8	7.27540990513854e-06	1	0	-6.34767287398693	7.19596111162888
VASP	ROBO1	R-HSA-428890	REACTOME_ROLE_OF_ABL_IN_ROBO_SLIT_SIGNALING	7.57845645840845e-35	1.26352798197436e-34	1.81481479734542	9.3929748989499	8.95522758016135e-16	1	3	6	8.66671916464903e-06	1	0	6.93106586028725	-0.455266075962448
FABP5	RXRA	R-HSA-1368108	REACTOME_BMAL1_CLOCK_NPAS2_ACTIVATES_CIRCADIAN_GENE_EXPRESSION	7.7157011287053e-35	1.28411311642024e-34	14.5490265757492	1.89848995961651	1.12126659844795e-15	1	6	11	0.000230272563312038	1	0	3.17882914982144	7.19596111162888
UBC	ERBB4	R-HSA-1251985	REACTOME_NUCLEAR_SIGNALING_BY_ERBB4	8.5452792037117e-35	1.41964353259524e-34	4.45515494948184	6.06984533272091	1.90647115615884e-10	1	6	12	0.00012810717827814	1	0	1.76337487711574	-5.6788528815602
HBEGF	ERBB4	R-HSA-1963642	REACTOME_PI3K_EVENTS_IN_ERBB2_SIGNALING	9.41000219830095e-35	1.56051993751183e-34	5.13573038218583	6.06984533272091	8.43608407387218e-12	1	3	7	1.39652246995039e-05	1	0	2.52886127252879	-5.6788528815602
CSF2	CSF3R	R-HSA-9705462	REACTOME_INACTIVATION_OF_CSF3_G_CSF_SIGNALING	1.02883425042089e-34	1.70315012680688e-34	7.25559834194749	9.84249265123049	2.49649167068566e-09	1	9	18	0.000994741200863956	1	0	-5.00521631617233	-4.62960925865729
CD86	CD80	R-HSA-389356	REACTOME_CD28_CO_STIMULATION	1.20500717144101e-34	1.98772864386376e-34	6.51685975119614	9.34682293774652	3.51630130560484e-08	1	6	11	1.39652246995039e-05	1	0	-0.138257965852884	5.76961271773571
CD80	CD86	R-HSA-389356	REACTOME_CD28_CO_STIMULATION	1.20500717144101e-34	1.98772864386376e-34	9.34682293774652	6.51685975119614	3.51630130560484e-08	1	6	11	1.39652246995039e-05	1	0	5.76961271773571	-0.138257965852884
CSF2	SDC2	R-HSA-2187338	REACTOME_VISUAL_PHOTOTRANSDUCTION	1.4416505169085e-34	2.36969714595895e-34	7.25559834194749	6.99604805784469	3.19867693373931e-09	1	4	9	2.85062677752026e-05	1	0	-5.00521631617233	-0.437591950332544
CSF2	SDC2	R-HSA-6806667	REACTOME_METABOLISM_OF_FAT_SOLUBLE_VITAMINS	1.4416505169085e-34	2.36969714595895e-34	7.25559834194749	6.99604805784469	3.19867693373931e-09	1	4	9	2.85062677752026e-05	1	0	-5.00521631617233	-0.437591950332544
ADAM17	ITGA5	R-HSA-9634597	REACTOME_GPER1_SIGNALING	2.02874507247298e-34	3.32300598865522e-34	1.42436567511293	3.30413921514521	1.53653381245957e-09	1	10	19	0.00103724274955077	1	0	-4.42026671345359	6.77052758759515
CSF2	SDC2	R-HSA-3000171	REACTOME_NON_INTEGRIN_MEMBRANE_ECM_INTERACTIONS	2.02534924610929e-34	3.32300598865522e-34	7.25559834194749	6.99604805784469	3.19867693373931e-09	1	7	14	0.000260358743071771	1	0	-5.00521631617233	-0.437591950332544
NRP1	ROBO1	R-HSA-428890	REACTOME_ROLE_OF_ABL_IN_ROBO_SLIT_SIGNALING	2.23035699069992e-34	3.64682932514443e-34	1.27790748729062	9.3929748989499	2.63554386652981e-15	1	3	6	8.66671916464903e-06	1	0	-3.22754442657073	-0.455266075962448
MMP9	CD44	R-HSA-71387	REACTOME_METABOLISM_OF_CARBOHYDRATES	2.39490690459823e-34	3.90902493009728e-34	15.8747602811558	1.57426222501424	2.35164758415265e-16	1	6	12	0.00103724274955077	1	0	-3.31335287562582	-5.6995146878798
CSF2	SDC2	R-HSA-9820960	REACTOME_RESPIRATORY_SYNCYTIAL_VIRUS_RSV_ATTACHMENT_AND_ENTRY	3.60403822938645e-34	5.87231403809121e-34	7.25559834194749	6.99604805784469	3.19867693373931e-09	1	5	10	2.85062677752026e-05	1	0	-5.00521631617233	-0.437591950332544
SPP1	ITGA5	R-HSA-9634597	REACTOME_GPER1_SIGNALING	4.85968177241526e-34	7.90440386019376e-34	2.48316027446823	3.30413921514521	3.68063265435678e-09	1	10	19	0.00103724274955077	1	0	5.86094786860777	6.77052758759515
SHANK1	ABCA1	R-HSA-174824	REACTOME_PLASMA_LIPOPROTEIN_ASSEMBLY_REMODELING_AND_CLEARANCE	6.07768831724318e-34	9.8683022851405e-34	1.77551547916988	4.32737687338231	8.78959508145051e-09	1	13	25	0.00354242623881217	1	0	7.29882145566935	-6.34767287398693
IL16	GRIN2D	R-HSA-9617324	REACTOME_NEGATIVE_REGULATION_OF_NMDA_RECEPTOR_MEDIATED_NEURONAL_TRANSMISSION	8.11452188793138e-34	1.31525815644383e-33	6.52953624117408	5.53011798550084	4.18727890133243e-12	1	2	5	2.49511448499533e-06	1	0	3.07977796338005	-4.20161580560622
GNAS	ADCY1	R-HSA-111996	REACTOME_CA_DEPENDENT_EVENTS	8.50429586456665e-34	1.37604231697502e-33	3.83740672865904	8.71996338896916	1.10980568194412e-12	1	9	17	0.00146900247050149	1	0	3.71250019731088	-6.34767287398693
GNAS	ADCY8	R-HSA-418597	REACTOME_G_ALPHA_Z_SIGNALLING_EVENTS	1.14191789028061e-33	1.8444843565711e-33	3.83740672865904	13.7793337761781	2.01119711087596e-11	1	6	11	7.05144710408197e-05	1	0	3.71250019731088	3.18990980418948
COL5A3	SDC3	R-HSA-3656237	REACTOME_DEFECTIVE_EXT2_CAUSES_EXOSTOSES_2	1.46573060084765e-33	2.35527744825863e-33	7.95775439206331	1.68390760944956	3.48672046798353e-09	1	4	8	5.95787096519386e-06	1	0	4.47105613703989	2.51121978667568
COL5A3	SDC3	R-HSA-9694614	REACTOME_ATTACHMENT_AND_ENTRY	1.46573060084765e-33	2.35527744825863e-33	7.95775439206331	1.68390760944956	3.48672046798353e-09	1	4	8	5.95787096519386e-06	1	0	4.47105613703989	2.51121978667568
COL5A3	SDC3	R-HSA-9772572	REACTOME_EARLY_SARS_COV_2_INFECTION_EVENTS	1.46573060084765e-33	2.35527744825863e-33	7.95775439206331	1.68390760944956	3.48672046798353e-09	1	4	8	5.95787096519386e-06	1	0	4.47105613703989	2.51121978667568
VEGFA	NRP1	R-HSA-399954	REACTOME_SEMA3A_PAK_DEPENDENT_AXON_REPULSION	1.68001475695077e-33	2.69496343111552e-33	4.25472055819396	1.27790748729062	5.64375683346135e-12	1	6	11	9.29421334335834e-05	1	0	2.83766103593168	-3.22754442657073
UBC	ERBB4	R-HSA-1963642	REACTOME_PI3K_EVENTS_IN_ERBB2_SIGNALING	2.12656697270414e-33	3.40543027244031e-33	4.45515494948184	6.06984533272091	1.90647115615884e-10	1	3	7	1.39652246995039e-05	1	0	1.76337487711574	-5.6788528815602
TGFB1	SDC2	R-HSA-3656237	REACTOME_DEFECTIVE_EXT2_CAUSES_EXOSTOSES_2	2.40558385506309e-33	3.83248573148514e-33	3.32181668684796	6.99604805784469	2.28224162491543e-12	1	4	8	2.85062677752026e-05	1	0	-5.58331359087569	-0.437591950332544
TGFB1	SDC2	R-HSA-9694614	REACTOME_ATTACHMENT_AND_ENTRY	2.40558385506309e-33	3.83248573148514e-33	3.32181668684796	6.99604805784469	2.28224162491543e-12	1	4	8	2.85062677752026e-05	1	0	-5.58331359087569	-0.437591950332544
TGFB1	SDC2	R-HSA-9772572	REACTOME_EARLY_SARS_COV_2_INFECTION_EVENTS	2.40558385506309e-33	3.83248573148514e-33	3.32181668684796	6.99604805784469	2.28224162491543e-12	1	4	8	2.85062677752026e-05	1	0	-5.58331359087569	-0.437591950332544
ADAM17	ITGA5	R-HSA-445144	REACTOME_SIGNAL_TRANSDUCTION_BY_L1	4.41092221654301e-33	7.01532338876807e-33	1.42436567511293	3.30413921514521	1.53653381245957e-09	1	7	13	0.000149565059175607	1	0	-4.42026671345359	6.77052758759515
GNAS	PTGIR	R-HSA-373076	REACTOME_CLASS_A_1_RHODOPSIN_LIKE_RECEPTORS	5.48403748734057e-33	8.70719410255777e-33	3.83740672865904	10.2149626824919	3.26472086028513e-13	1	3	7	6.03414509292628e-05	1	0	3.71250019731088	4.14888454563842
FYN	NRP1	R-HSA-399954	REACTOME_SEMA3A_PAK_DEPENDENT_AXON_REPULSION	6.56607427043612e-33	1.04074510545008e-32	2.48737842852703	1.27790748729062	2.20577387070384e-11	1	6	11	9.29421334335834e-05	1	0	7.12853732925553	-3.22754442657073
ADAM17	ERBB4	R-HSA-1251985	REACTOME_NUCLEAR_SIGNALING_BY_ERBB4	7.80366377513058e-33	1.23480723912083e-32	1.42436567511293	6.06984533272091	1.74101507335019e-08	1	6	12	0.00012810717827814	1	0	-4.42026671345359	-5.6788528815602
FABP5	RXRA	R-HSA-4090294	REACTOME_SUMOYLATION_OF_INTRACELLULAR_RECEPTORS	8.19230239060496e-33	1.2941060725498e-32	14.5490265757492	1.89848995961651	1.12126659844795e-15	1	6	11	0.000501184951355683	1	0	3.17882914982144	7.19596111162888
MMP7	ERBB4	R-HSA-1251985	REACTOME_NUCLEAR_SIGNALING_BY_ERBB4	9.81135112246436e-33	1.54723845112298e-32	7.87068940669387	6.06984533272091	2.18893467047867e-08	1	6	12	0.00012810717827814	1	0	-4.36295648351875	-5.6788528815602
SPP1	ITGA5	R-HSA-445144	REACTOME_SIGNAL_TRANSDUCTION_BY_L1	1.0565979228305e-32	1.66342781094261e-32	2.48316027446823	3.30413921514521	3.68063265435678e-09	1	7	13	0.000149565059175607	1	0	5.86094786860777	6.77052758759515
NRG1	ERBB4	R-HSA-1251985	REACTOME_NUCLEAR_SIGNALING_BY_ERBB4	1.35975807989581e-32	2.1370902705951e-32	8.55249521073386	6.06984533272091	3.03365109187923e-08	1	6	12	0.00012810717827814	1	0	7.39381963444358	-5.6788528815602
GNAS	ADCY8	R-HSA-111996	REACTOME_CA_DEPENDENT_EVENTS	1.54115405526568e-32	2.4181070362081e-32	3.83740672865904	13.7793337761781	2.01119711087596e-11	1	9	17	0.00146900247050149	1	0	3.71250019731088	3.18990980418948
UBC	TLR4	R-HSA-1236975	REACTOME_ANTIGEN_PROCESSING_CROSS_PRESENTATION	2.06544759346006e-32	3.23528933967189e-32	4.45515494948184	4.19143816689503	6.99701336086941e-14	1	9	18	0.00483542712538759	1	0	1.76337487711574	5.19732202381054
VEGFA	NRP1	R-HSA-445144	REACTOME_SIGNAL_TRANSDUCTION_BY_L1	2.91684099895817e-32	4.56123458226344e-32	4.25472055819396	1.27790748729062	5.64375683346135e-12	1	6	11	0.000149565059175607	1	0	2.83766103593168	-3.22754442657073
C3	C3AR1	R-HSA-166658	REACTOME_COMPLEMENT_CASCADE	3.17566058354599e-32	4.9576476781656e-32	6.9878121405443	5.57062461148133	9.41423344494069e-17	1	2	4	4.3852751784452e-06	1	0	4.96089421697397	-6.34767287398693
HBEGF	CD44	R-HSA-71387	REACTOME_METABOLISM_OF_CARBOHYDRATES	5.7269297825224e-32	8.92558287175732e-32	5.13573038218583	1.57426222501424	5.62348397001262e-14	1	6	12	0.00103724274955077	1	0	2.52886127252879	-5.6995146878798
VEGFB	NRP1	R-HSA-399954	REACTOME_SEMA3A_PAK_DEPENDENT_AXON_REPULSION	8.13664731396278e-32	1.26600255369171e-31	1.18865902695918	1.27790748729062	2.73338425687341e-10	1	6	11	9.29421334335834e-05	1	0	5.23719737108765	-3.22754442657073
UBC	TLR4	R-HSA-937041	REACTOME_IKK_COMPLEX_RECRUITMENT_MEDIATED_BY_RIP1	1.09162330125302e-31	1.69565486127968e-31	4.45515494948184	4.19143816689503	6.99701336086941e-14	1	8	15	0.00198952327103752	1	0	1.76337487711574	5.19732202381054
FYN	NRP1	R-HSA-445144	REACTOME_SIGNAL_TRANSDUCTION_BY_L1	1.14000157171082e-31	1.76785601469964e-31	2.48737842852703	1.27790748729062	2.20577387070384e-11	1	6	11	0.000149565059175607	1	0	7.12853732925553	-3.22754442657073
TGFB3	TGFBR1	R-HSA-5689603	REACTOME_UCH_PROTEINASES	1.28301628821576e-31	1.98633086481245e-31	1.28827757204938	1.01672426175283	0.000121962916053785	1	9	17	0.000327528654316154	1	0	1.04372229982068	5.4136516831527
B2M	TYROBP	R-HSA-391160	REACTOME_SIGNAL_REGULATORY_PROTEIN_FAMILY_INTERACTIONS	1.76076079897706e-31	2.72144123490319e-31	4.84204079809713	11.6058574292547	1.56619589846037e-13	1	3	7	0.000139877302090909	1	0	4.9731033838365	5.4437371873471
ADAM17	ERBB4	R-HSA-1963642	REACTOME_PI3K_EVENTS_IN_ERBB2_SIGNALING	1.9420095300189e-31	2.99661073175102e-31	1.42436567511293	6.06984533272091	1.74101507335019e-08	1	3	7	1.39652246995039e-05	1	0	-4.42026671345359	-5.6788528815602
LPL	CD44	R-HSA-71387	REACTOME_METABOLISM_OF_CARBOHYDRATES	2.34354593863294e-31	3.61022283438991e-31	14.9577587828504	1.57426222501424	2.30121435382536e-13	1	6	12	0.00103724274955077	1	0	0.399414836721288	-5.6995146878798
MMP7	ERBB4	R-HSA-1963642	REACTOME_PI3K_EVENTS_IN_ERBB2_SIGNALING	2.44163996953707e-31	3.75512945809992e-31	7.87068940669387	6.06984533272091	2.18893467047867e-08	1	3	7	1.39652246995039e-05	1	0	-4.36295648351875	-5.6788528815602
IL16	CD4	R-HSA-389948	REACTOME_PD_1_SIGNALING	3.02318558948249e-31	4.64185991663538e-31	6.52953624117408	13.7827618222993	7.21473863737053e-15	1	3	6	4.08832430696265e-05	1	0	3.07977796338005	4.4687739453421
NRG1	ERBB4	R-HSA-1963642	REACTOME_PI3K_EVENTS_IN_ERBB2_SIGNALING	3.38387611994941e-31	5.18712589439614e-31	8.55249521073386	6.06984533272091	3.03365109187923e-08	1	3	7	1.39652246995039e-05	1	0	7.39381963444358	-5.6788528815602
FYN	TYROBP	R-HSA-391160	REACTOME_SIGNAL_REGULATORY_PROTEIN_FAMILY_INTERACTIONS	3.71939655917981e-31	5.69208143375301e-31	2.48737842852703	11.6058574292547	3.3084014814047e-13	1	3	7	0.000139877302090909	1	0	7.12853732925553	5.4437371873471
UBC	TLR4	R-HSA-937072	REACTOME_TRAF6_MEDIATED_INDUCTION_OF_TAK1_COMPLEX_WITHIN_TLR4_COMPLEX	3.79915199675984e-31	5.80460600160684e-31	4.45515494948184	4.19143816689503	6.99701336086941e-14	1	6	11	0.000476983465580319	1	0	1.76337487711574	5.19732202381054
GNAS	ADCY1	R-HSA-418597	REACTOME_G_ALPHA_Z_SIGNALLING_EVENTS	4.19218816384297e-31	6.39463071800597e-31	3.83740672865904	8.71996338896916	1.10980568194412e-12	1	6	11	0.000305858250314235	1	0	3.71250019731088	-6.34767287398693
FABP5	RXRA	R-HSA-5362517	REACTOME_SIGNALING_BY_RETINOIC_ACID	5.55269268218117e-31	8.45606140489028e-31	14.5490265757492	1.89848995961651	1.12126659844795e-15	1	4	8	0.000388513149669598	1	0	3.17882914982144	7.19596111162888
HBEGF	ERBB4	R-HSA-8863795	REACTOME_DOWNREGULATION_OF_ERBB2_SIGNALING	5.65396080587115e-31	8.59623404742563e-31	5.13573038218583	6.06984533272091	8.43608407387218e-12	1	6	12	0.000703031359655238	1	0	2.52886127252879	-5.6788528815602
PKM	CD44	R-HSA-71387	REACTOME_METABOLISM_OF_CARBOHYDRATES	1.00831911442163e-30	1.53054302058788e-30	1.55182931287603	1.57426222501424	9.90105796986031e-13	1	6	12	0.00103724274955077	1	0	1.26064680315073	-5.6995146878798
VEGFB	NRP1	R-HSA-445144	REACTOME_SIGNAL_TRANSDUCTION_BY_L1	1.41268440537424e-30	2.14084856229072e-30	1.18865902695918	1.27790748729062	2.73338425687341e-10	1	6	11	0.000149565059175607	1	0	5.23719737108765	-3.22754442657073
MMP9	CD44	R-HSA-216083	REACTOME_INTEGRIN_CELL_SURFACE_INTERACTIONS	1.83192436504883e-30	2.77167777309336e-30	15.8747602811558	1.57426222501424	2.35164758415265e-16	1	3	7	0.000820317532127838	1	0	-3.31335287562582	-5.6995146878798
LPL	VLDLR	R-HSA-174824	REACTOME_PLASMA_LIPOPROTEIN_ASSEMBLY_REMODELING_AND_CLEARANCE	1.94331216256401e-30	2.93544073826524e-30	14.9577587828504	1.46657060781084	2.59008888808923e-09	1	12	22	0.00354242623881217	1	0	0.399414836721288	4.51161332872667
IL16	CD4	R-HSA-164952	REACTOME_THE_ROLE_OF_NEF_IN_HIV_1_REPLICATION_AND_DISEASE_PATHOGENESIS	2.71133552245223e-30	4.08893965521921e-30	6.52953624117408	13.7827618222993	7.21473863737053e-15	1	6	12	0.00241532675099979	1	0	3.07977796338005	4.4687739453421
HBEGF	PRLR	R-HSA-982772	REACTOME_GROWTH_HORMONE_RECEPTOR_SIGNALING	2.90012508776593e-30	4.36658575411607e-30	5.13573038218583	14.5877669895611	1.92512896137353e-13	1	8	15	0.00264283301421752	1	0	2.52886127252879	3.6848997692359
CSF2	SDC2	R-HSA-3656237	REACTOME_DEFECTIVE_EXT2_CAUSES_EXOSTOSES_2	3.3715473004096e-30	5.05190045656229e-30	7.25559834194749	6.99604805784469	3.19867693373931e-09	1	4	8	2.85062677752026e-05	1	0	-5.00521631617233	-0.437591950332544
CSF2	SDC2	R-HSA-9694614	REACTOME_ATTACHMENT_AND_ENTRY	3.3715473004096e-30	5.05190045656229e-30	7.25559834194749	6.99604805784469	3.19867693373931e-09	1	4	8	2.85062677752026e-05	1	0	-5.00521631617233	-0.437591950332544
CSF2	SDC2	R-HSA-9772572	REACTOME_EARLY_SARS_COV_2_INFECTION_EVENTS	3.3715473004096e-30	5.05190045656229e-30	7.25559834194749	6.99604805784469	3.19867693373931e-09	1	4	8	2.85062677752026e-05	1	0	-5.00521631617233	-0.437591950332544
ABCA1	RXRA	R-HSA-1368108	REACTOME_BMAL1_CLOCK_NPAS2_ACTIVATES_CIRCADIAN_GENE_EXPRESSION	4.41850549629999e-30	6.61002748403145e-30	4.32737687338231	1.89848995961651	6.4210919337297e-11	1	6	11	0.000230272563312038	1	0	-6.34767287398693	7.19596111162888
FABP5	RXRA	R-HSA-9839394	REACTOME_TGFBR3_EXPRESSION	5.94804260210847e-30	8.88393542494406e-30	14.5490265757492	1.89848995961651	1.12126659844795e-15	1	8	15	0.0055129110760756	1	0	3.17882914982144	7.19596111162888
UBC	ERBB4	R-HSA-8863795	REACTOME_DOWNREGULATION_OF_ERBB2_SIGNALING	1.27773894855202e-29	1.90536432008078e-29	4.45515494948184	6.06984533272091	1.90647115615884e-10	1	6	12	0.000703031359655238	1	0	1.76337487711574	-5.6788528815602
FABP5	RXRA	R-HSA-9029558	REACTOME_NR1H2_NR1H3_REGULATE_GENE_EXPRESSION_LINKED_TO_LIPOGENESIS	1.79889615565597e-29	2.67395728400537e-29	14.5490265757492	1.89848995961651	1.12126659844795e-15	1	3	7	0.000947878898008012	1	0	3.17882914982144	7.19596111162888
PSEN1	CD44	R-HSA-71387	REACTOME_METABOLISM_OF_CARBOHYDRATES	1.79641726442458e-29	2.67395728400537e-29	1.00594602507271	1.57426222501424	1.76396849159483e-11	1	6	12	0.00103724274955077	1	0	-2.92590208182952	-5.6995146878798
TGFB1	SDC2	R-HSA-2682334	REACTOME_EPH_EPHRIN_SIGNALING	3.33195461925184e-29	4.94487532666037e-29	3.32181668684796	6.99604805784469	2.28224162491543e-12	1	3	7	0.00023359172362978	1	0	-5.58331359087569	-0.437591950332544
UBC	TLR4	R-HSA-9824878	REACTOME_REGULATION_OF_TBK1_IKK_IKBKE_MEDIATED_ACTIVATION_OF_IRF3_IRF7	4.13694043497278e-29	6.12977501652565e-29	4.45515494948184	4.19143816689503	6.99701336086941e-14	1	4	8	0.000402534520631707	1	0	1.76337487711574	5.19732202381054
GNAS	ADCY8	R-HSA-381676	REACTOME_GLUCAGON_LIKE_PEPTIDE_1_GLP1_REGULATES_INSULIN_SECRETION	4.43372573282183e-29	6.55909902061896e-29	3.83740672865904	13.7793337761781	2.01119711087596e-11	1	7	13	0.00103724274955077	1	0	3.71250019731088	3.18990980418948
VEGFA	RET	R-HSA-9634815	REACTOME_TRANSCRIPTIONAL_REGULATION_BY_NPAS4	4.64120521754921e-29	6.85515572544512e-29	4.25472055819396	5.46053248273132	2.66092835878493e-12	1	6	12	0.00155690381183122	1	0	2.83766103593168	-2.32311526832337
SEMA6D	TYROBP	R-HSA-391160	REACTOME_SIGNAL_REGULATORY_PROTEIN_FAMILY_INTERACTIONS	1.38038229172412e-28	2.03562705045392e-28	13.9981268572968	11.6058574292547	1.22784939604611e-10	1	3	7	0.000139877302090909	1	0	2.75860312595803	5.4437371873471
ADAM17	ITGA5	R-HSA-216083	REACTOME_INTEGRIN_CELL_SURFACE_INTERACTIONS	1.40999054025602e-28	2.07600502925531e-28	1.42436567511293	3.30413921514521	1.53653381245957e-09	1	4	9	0.000320965889130642	1	0	-4.42026671345359	6.77052758759515
MMP7	CD44	R-HSA-71387	REACTOME_METABOLISM_OF_CARBOHYDRATES	1.48598271977702e-28	2.1844414744987e-28	7.87068940669387	1.57426222501424	1.45914134129671e-10	1	6	12	0.00103724274955077	1	0	-4.36295648351875	-5.6995146878798
APOE	VLDLR	R-HSA-174824	REACTOME_PLASMA_LIPOPROTEIN_ASSEMBLY_REMODELING_AND_CLEARANCE	1.84087954632257e-28	2.70188934987817e-28	2.68978662605876	1.46657060781084	2.45356446025114e-07	1	12	22	0.00354242623881217	1	0	4.17423504392966	4.51161332872667
SPP1	CD44	R-HSA-71387	REACTOME_METABOLISM_OF_CARBOHYDRATES	2.83115628186496e-28	4.148801343865e-28	2.48316027446823	1.57426222501424	2.78001696760037e-10	1	6	12	0.00103724274955077	1	0	5.86094786860777	-5.6995146878798
CAP1	ROBO1	R-HSA-428542	REACTOME_REGULATION_OF_COMMISSURAL_AXON_PATHFINDING_BY_SLIT_AND_ROBO	3.31683702227974e-28	4.8452854306657e-28	4.93955649128635	9.3929748989499	9.45071933494037e-18	1	1	2	5.9241989288083e-06	1	0	1.02226283289357	-0.455266075962448
CAP1	ROBO1	R-HSA-9010553	REACTOME_REGULATION_OF_EXPRESSION_OF_SLITS_AND_ROBOS	3.31683702227974e-28	4.8452854306657e-28	4.93955649128635	9.3929748989499	9.45071933494037e-18	1	1	2	5.9241989288083e-06	1	0	1.02226283289357	-0.455266075962448
GNAS	ADCY1	R-HSA-9634597	REACTOME_GPER1_SIGNALING	3.37469994931837e-28	4.91849790244337e-28	3.83740672865904	8.71996338896916	1.10980568194412e-12	1	8	16	0.00671426295232872	1	0	3.71250019731088	-6.34767287398693
SPP1	ITGA5	R-HSA-216083	REACTOME_INTEGRIN_CELL_SURFACE_INTERACTIONS	3.3775092892315e-28	4.91849790244337e-28	2.48316027446823	3.30413921514521	3.68063265435678e-09	1	4	9	0.000320965889130642	1	0	5.86094786860777	6.77052758759515
HBEGF	CD44	R-HSA-216083	REACTOME_INTEGRIN_CELL_SURFACE_INTERACTIONS	4.38067224466356e-28	6.36940176603188e-28	5.13573038218583	1.57426222501424	5.62348397001262e-14	1	3	7	0.000820317532127838	1	0	2.52886127252879	-5.6995146878798
ABCA1	RXRA	R-HSA-4090294	REACTOME_SUMOYLATION_OF_INTRACELLULAR_RECEPTORS	4.69143795702123e-28	6.81062332701524e-28	4.32737687338231	1.89848995961651	6.4210919337297e-11	1	6	11	0.000501184951355683	1	0	-6.34767287398693	7.19596111162888
UBC	NOTCH2	R-HSA-9013694	REACTOME_SIGNALING_BY_NOTCH4	6.80464118033385e-28	9.86302578549167e-28	4.45515494948184	1.30196708641077	1.80217835800035e-09	1	11	20	0.00429278168968386	1	0	1.76337487711574	4.70339172314515
FABP5	RXRA	R-HSA-9623433	REACTOME_NR1H2_NR1H3_REGULATE_GENE_EXPRESSION_TO_CONTROL_BILE_ACID_HOMEOSTASIS	9.07616770323098e-28	1.31350749990858e-27	14.5490265757492	1.89848995961651	1.12126659844795e-15	1	3	6	0.000482069162979667	1	0	3.17882914982144	7.19596111162888
ADAM17	ERBB4	R-HSA-8863795	REACTOME_DOWNREGULATION_OF_ERBB2_SIGNALING	1.1668483743115e-27	1.68605067419894e-27	1.42436567511293	6.06984533272091	1.74101507335019e-08	1	6	12	0.000703031359655238	1	0	-4.42026671345359	-5.6788528815602
IL16	GRIN2D	R-HSA-438066	REACTOME_UNBLOCKING_OF_NMDA_RECEPTORS_GLUTAMATE_BINDING_AND_ACTIVATION	1.24474599849585e-27	1.79582549628193e-27	6.52953624117408	5.53011798550084	4.18727890133243e-12	1	2	4	4.20432947735657e-06	1	0	3.07977796338005	-4.20161580560622
MMP7	ERBB4	R-HSA-8863795	REACTOME_DOWNREGULATION_OF_ERBB2_SIGNALING	1.46704925236932e-27	2.11327651191376e-27	7.87068940669387	6.06984533272091	2.18893467047867e-08	1	6	12	0.000703031359655238	1	0	-4.36295648351875	-5.6788528815602
GNAS	ADCY1	R-HSA-9660821	REACTOME_ADORA2B_MEDIATED_ANTI_INFLAMMATORY_CYTOKINES_PRODUCTION	1.66516186979229e-27	2.39495503494817e-27	3.83740672865904	8.71996338896916	1.10980568194412e-12	1	8	16	0.00802460718592042	1	0	3.71250019731088	-6.34767287398693
LPL	CD44	R-HSA-216083	REACTOME_INTEGRIN_CELL_SURFACE_INTERACTIONS	1.79263707384615e-27	2.57432627553869e-27	14.9577587828504	1.57426222501424	2.30121435382536e-13	1	3	7	0.000820317532127838	1	0	0.399414836721288	-5.6995146878798
UBC	TLR4	R-HSA-936964	REACTOME_ACTIVATION_OF_IRF3_IRF7_MEDIATED_BY_TBK1_IKK_IKBKE	1.98766366080294e-27	2.85000389518206e-27	4.45515494948184	4.19143816689503	6.99701336086941e-14	1	6	11	0.00198952327103752	1	0	1.76337487711574	5.19732202381054
NRG1	ERBB4	R-HSA-8863795	REACTOME_DOWNREGULATION_OF_ERBB2_SIGNALING	2.03318793672246e-27	2.91080054842601e-27	8.55249521073386	6.06984533272091	3.03365109187923e-08	1	6	12	0.000703031359655238	1	0	7.39381963444358	-5.6788528815602
UBC	TGFBR1	R-HSA-9839389	REACTOME_TGFBR3_REGULATES_TGF_BETA_SIGNALING	2.09924500506054e-27	3.00076126490249e-27	4.45515494948184	1.01672426175283	6.56989913766533e-09	1	2	4	4.30673541562621e-07	1	0	1.76337487711574	5.4136516831527
VEGFB	RET	R-HSA-9634815	REACTOME_TRANSCRIPTIONAL_REGULATION_BY_NPAS4	2.24782846761795e-27	3.20823297369055e-27	1.18865902695918	5.46053248273132	1.28874079787558e-10	1	6	12	0.00155690381183122	1	0	5.23719737108765	-2.32311526832337
EFNB2	PECAM1	R-HSA-216083	REACTOME_INTEGRIN_CELL_SURFACE_INTERACTIONS	2.46470212772013e-27	3.51238896488557e-27	1.7575713203291	12.3451442107448	9.64960635074766e-11	1	4	9	0.000820317532127838	1	0	7.50811652170512	2.98331412506372
IL16	GRIN2D	R-HSA-8849932	REACTOME_SYNAPTIC_ADHESION_LIKE_MOLECULES	4.75903896360322e-27	6.77164017416519e-27	6.52953624117408	5.53011798550084	4.18727890133243e-12	1	2	4	6.57420396405386e-06	1	0	3.07977796338005	-4.20161580560622
GNAS	ADCY1	R-HSA-111931	REACTOME_PKA_MEDIATED_PHOSPHORYLATION_OF_CREB	5.12021619561519e-27	7.2744534974289e-27	3.83740672865904	8.71996338896916	1.10980568194412e-12	1	6	11	0.00146900247050149	1	0	3.71250019731088	-6.34767287398693
TGFB1	TGFBR1	R-HSA-9839389	REACTOME_TGFBR3_REGULATES_TGF_BETA_SIGNALING	5.79303407051963e-27	8.21782002088934e-27	3.32181668684796	1.01672426175283	1.81301608209735e-08	1	2	4	4.30673541562621e-07	1	0	-5.58331359087569	5.4136516831527
GNAS	ADCY8	R-HSA-9634597	REACTOME_GPER1_SIGNALING	6.11565330630923e-27	8.66229313294863e-27	3.83740672865904	13.7793337761781	2.01119711087596e-11	1	8	16	0.00671426295232872	1	0	3.71250019731088	3.18990980418948
PKM	CD44	R-HSA-216083	REACTOME_INTEGRIN_CELL_SURFACE_INTERACTIONS	7.71288583245923e-27	1.09080570498513e-26	1.55182931287603	1.57426222501424	9.90105796986031e-13	1	3	7	0.000820317532127838	1	0	1.26064680315073	-5.6995146878798
IL16	GRIN2D	R-HSA-9620244	REACTOME_LONG_TERM_POTENTIATION	8.18496622427035e-27	1.15581644257878e-26	6.52953624117408	5.53011798550084	4.18727890133243e-12	1	2	5	0.000140618015386575	1	0	3.07977796338005	-4.20161580560622
PSEN1	NOTCH2	R-HSA-9013694	REACTOME_SIGNALING_BY_NOTCH4	9.44498453654268e-27	1.33172853071978e-26	1.00594602507271	1.30196708641077	2.50146132210459e-08	1	11	20	0.00429278168968386	1	0	-2.92590208182952	4.70339172314515
HBEGF	ERBB4	R-HSA-9620244	REACTOME_LONG_TERM_POTENTIATION	9.5880054216152e-27	1.34985212280142e-26	5.13573038218583	6.06984533272091	8.43608407387218e-12	1	2	4	6.57420396405386e-06	1	0	2.52886127252879	-5.6788528815602
APOE	SORL1	R-HSA-977225	REACTOME_AMYLOID_FIBER_FORMATION	1.32013416344398e-26	1.85575420864221e-26	2.68978662605876	5.1631702265429	7.13935974414975e-09	1	6	12	0.00112956583407949	1	0	4.17423504392966	1.44201847780243
TGM2	TBXA2R	R-HSA-428930	REACTOME_THROMBOXANE_SIGNALLING_THROUGH_TP_RECEPTOR	1.33596979830615e-26	1.87518652412851e-26	2.08250749396369	7.43207057586683	2.49355185422805e-10	1	3	7	0.000302967227547752	1	0	-3.92662881622739	4.4283953646793
VEGFA	NRP1	R-HSA-399956	REACTOME_CRMPS_IN_SEMA3A_SIGNALING	1.35570130684716e-26	1.90002047816775e-26	4.25472055819396	1.27790748729062	5.64375683346135e-12	1	5	10	0.00150234311211105	1	0	2.83766103593168	-3.22754442657073
IL23A	IL12RB1	R-HSA-447115	REACTOME_INTERLEUKIN_12_FAMILY_SIGNALING	1.96593917879644e-26	2.75113410606349e-26	10.5833907782381	6.12162004572809	9.69553809765066e-11	1	5	10	0.000994741200863956	1	0	0.923868476600056	5.68034993293601
ARTN	RET	R-HSA-9634815	REACTOME_TRANSCRIPTIONAL_REGULATION_BY_NPAS4	2.44520953164822e-26	3.41669457795523e-26	4.50468830939142	5.46053248273132	1.401904695214e-09	1	6	12	0.00155690381183122	1	0	-6.18172890188987	-2.32311526832337
ITGB2	ITGAL	R-HSA-8949275	REACTOME_RUNX3_REGULATES_IMMUNE_RESPONSE_AND_CELL_MIGRATION	2.54673953932542e-26	3.5532354051666e-26	12.8533529814336	9.1208854404206	2.02850596909782e-15	1	1	3	0.000232417814821951	1	0	3.08728602356773	5.19999690338766
HBEGF	ERBB4	R-HSA-6785631	REACTOME_ERBB2_REGULATES_CELL_MOTILITY	2.75423876863679e-26	3.83699631146411e-26	5.13573038218583	6.06984533272091	8.43608407387218e-12	1	2	4	9.34547213383264e-06	1	0	2.52886127252879	-5.6788528815602
GNAS	ADCY8	R-HSA-9660821	REACTOME_ADORA2B_MEDIATED_ANTI_INFLAMMATORY_CYTOKINES_PRODUCTION	3.01761722448604e-26	4.19764067644924e-26	3.83740672865904	13.7793337761781	2.01119711087596e-11	1	8	16	0.00802460718592042	1	0	3.71250019731088	3.18990980418948
VASP	ROBO1	R-HSA-428542	REACTOME_REGULATION_OF_COMMISSURAL_AXON_PATHFINDING_BY_SLIT_AND_ROBO	3.14293857727891e-26	4.3589564792023e-26	1.81481479734542	9.3929748989499	8.95522758016135e-16	1	1	2	5.9241989288083e-06	1	0	6.93106586028725	-0.455266075962448
VASP	ROBO1	R-HSA-9010553	REACTOME_REGULATION_OF_EXPRESSION_OF_SLITS_AND_ROBOS	3.14293857727891e-26	4.3589564792023e-26	1.81481479734542	9.3929748989499	8.95522758016135e-16	1	1	2	5.9241989288083e-06	1	0	6.93106586028725	-0.455266075962448
ABCA1	RXRA	R-HSA-5362517	REACTOME_SIGNALING_BY_RETINOIC_ACID	3.17982808382823e-26	4.40356578622275e-26	4.32737687338231	1.89848995961651	6.4210919337297e-11	1	4	8	0.000388513149669598	1	0	-6.34767287398693	7.19596111162888
FABP5	RXRA	R-HSA-9843743	REACTOME_TRANSCRIPTIONAL_REGULATION_OF_BROWN_AND_BEIGE_ADIPOCYTE_DIFFERENTIATION	3.54451657466225e-26	4.90131965517094e-26	14.5490265757492	1.89848995961651	1.12126659844795e-15	1	6	11	0.00642489160381415	1	0	3.17882914982144	7.19596111162888
VEGFA	RET	R-HSA-9768919	REACTOME_NPAS4_REGULATES_EXPRESSION_OF_TARGET_GENES	3.97405604252568e-26	5.48714108390213e-26	4.25472055819396	5.46053248273132	2.66092835878493e-12	1	5	10	0.00203783832863069	1	0	2.83766103593168	-2.32311526832337
FYN	CD86	R-HSA-389513	REACTOME_CTLA4_INHIBITORY_SIGNALING	4.06412369072945e-26	5.60320011798794e-26	2.48737842852703	6.51685975119614	1.2041066318597e-09	1	3	7	0.000276220893875652	1	0	7.12853732925553	-0.138257965852884
UBC	NOTCH2	R-HSA-5668914	REACTOME_DISEASES_OF_METABOLISM	4.57944545993217e-26	6.30434736876925e-26	4.45515494948184	1.30196708641077	1.80217835800035e-09	1	6	11	0.000616955191712218	1	0	1.76337487711574	4.70339172314515
CSF2	SDC2	R-HSA-2682334	REACTOME_EPH_EPHRIN_SIGNALING	4.66990272568618e-26	6.41939430728543e-26	7.25559834194749	6.99604805784469	3.19867693373931e-09	1	3	7	0.00023359172362978	1	0	-5.00521631617233	-0.437591950332544
TGFB1	SDC2	R-HSA-3000170	REACTOME_SYNDECAN_INTERACTIONS	4.73771226485504e-26	6.50301595117068e-26	3.32181668684796	6.99604805784469	2.28224162491543e-12	1	4	8	0.000820317532127838	1	0	-5.58331359087569	-0.437591950332544
FYN	NRP1	R-HSA-399956	REACTOME_CRMPS_IN_SEMA3A_SIGNALING	5.29854599934721e-26	7.26212481087e-26	2.48737842852703	1.27790748729062	2.20577387070384e-11	1	5	10	0.00150234311211105	1	0	7.12853732925553	-3.22754442657073
IL6	IL6R	R-HSA-6783589	REACTOME_INTERLEUKIN_6_FAMILY_SIGNALING	7.55807762663984e-26	1.03438008047406e-25	7.07281816728214	4.71162859717308	1.19928911425912e-06	1	6	11	0.000226922719800758	1	0	-6.34767287398693	3.00284632410901
FYN	CD80	R-HSA-389513	REACTOME_CTLA4_INHIBITORY_SIGNALING	7.724169659969e-26	1.055561015116e-25	2.48737842852703	9.34682293774652	2.2884943030631e-09	1	3	7	0.000276220893875652	1	0	7.12853732925553	5.76961271773571
NRP1	ROBO1	R-HSA-428542	REACTOME_REGULATION_OF_COMMISSURAL_AXON_PATHFINDING_BY_SLIT_AND_ROBO	9.24973979285305e-26	1.26034466183319e-25	1.27790748729062	9.3929748989499	2.63554386652981e-15	1	1	2	5.9241989288083e-06	1	0	-3.22754442657073	-0.455266075962448
NRP1	ROBO1	R-HSA-9010553	REACTOME_REGULATION_OF_EXPRESSION_OF_SLITS_AND_ROBOS	9.24973979285305e-26	1.26034466183319e-25	1.27790748729062	9.3929748989499	2.63554386652981e-15	1	1	2	5.9241989288083e-06	1	0	-3.22754442657073	-0.455266075962448
GNAS	ADCY8	R-HSA-111931	REACTOME_PKA_MEDIATED_PHOSPHORYLATION_OF_CREB	9.27888925711954e-26	1.26247077191758e-25	3.83740672865904	13.7793337761781	2.01119711087596e-11	1	6	11	0.00146900247050149	1	0	3.71250019731088	3.18990980418948
MMP9	CD44	R-HSA-1630316	REACTOME_GLYCOSAMINOGLYCAN_METABOLISM	1.21372961863383e-25	1.64418023919582e-25	15.8747602811558	1.57426222501424	2.35164758415265e-16	1	2	4	0.000505380081594166	1	0	-3.31335287562582	-5.6995146878798
MMP9	CD44	R-HSA-2142845	REACTOME_HYALURONAN_METABOLISM	1.21372961863383e-25	1.64418023919582e-25	15.8747602811558	1.57426222501424	2.35164758415265e-16	1	2	4	0.000505380081594166	1	0	-3.31335287562582	-5.6995146878798
MMP9	CD44	R-HSA-2160916	REACTOME_HYALURONAN_UPTAKE_AND_DEGRADATION	1.21372961863383e-25	1.64418023919582e-25	15.8747602811558	1.57426222501424	2.35164758415265e-16	1	2	4	0.000505380081594166	1	0	-3.31335287562582	-5.6995146878798
PSEN1	CD44	R-HSA-216083	REACTOME_INTEGRIN_CELL_SURFACE_INTERACTIONS	1.37412462679664e-25	1.85875784060156e-25	1.00594602507271	1.57426222501424	1.76396849159483e-11	1	3	7	0.000820317532127838	1	0	-2.92590208182952	-5.6995146878798
ICAM3	ITGAL	R-HSA-8949275	REACTOME_RUNX3_REGULATES_IMMUNE_RESPONSE_AND_CELL_MIGRATION	1.42486099673874e-25	1.92459485356596e-25	7.05470079350171	9.1208854404206	1.13491740807731e-14	1	1	3	0.000232417814821951	1	0	1.07879645214092	5.19999690338766
UBC	ERBB4	R-HSA-9620244	REACTOME_LONG_TERM_POTENTIATION	2.16679393203507e-25	2.92250643220938e-25	4.45515494948184	6.06984533272091	1.90647115615884e-10	1	2	4	6.57420396405386e-06	1	0	1.76337487711574	-5.6788528815602
UBC	NOTCH2	R-HSA-350054	REACTOME_NOTCH_HLH_TRANSCRIPTION_PATHWAY	2.5572670336172e-25	3.43921049831346e-25	4.45515494948184	1.30196708641077	1.80217835800035e-09	1	6	11	0.000821885077634376	1	0	1.76337487711574	4.70339172314515
UBC	NOTCH2	R-HSA-9013695	REACTOME_NOTCH4_INTRACELLULAR_DOMAIN_REGULATES_TRANSCRIPTION	2.5572670336172e-25	3.43921049831346e-25	4.45515494948184	1.30196708641077	1.80217835800035e-09	1	6	11	0.000821885077634376	1	0	1.76337487711574	4.70339172314515
DLL4	NOTCH2	R-HSA-9013694	REACTOME_SIGNALING_BY_NOTCH4	3.38904159887409e-25	4.55127776678768e-25	5.84857908909275	1.30196708641077	8.97572298375643e-07	1	11	20	0.00429278168968386	1	0	5.18180330917273	4.70339172314515
ABCA1	RXRA	R-HSA-9839394	REACTOME_TGFBR3_EXPRESSION	3.40623081314878e-25	4.56778002569016e-25	4.32737687338231	1.89848995961651	6.4210919337297e-11	1	8	15	0.0055129110760756	1	0	-6.34767287398693	7.19596111162888
CD274	CD80	R-HSA-389513	REACTOME_CTLA4_INHIBITORY_SIGNALING	3.56724380433559e-25	4.7768264736218e-25	8.02352901125857	9.34682293774652	1.05689251832046e-08	1	3	7	0.000276220893875652	1	0	8.48808091653585	5.76961271773571
FABP5	RXRA	R-HSA-1368082	REACTOME_RORA_ACTIVATES_GENE_EXPRESSION	4.15343424474861e-25	5.55380303601966e-25	14.5490265757492	1.89848995961651	1.12126659844795e-15	1	3	7	0.00708474798346712	1	0	3.17882914982144	7.19596111162888
UBC	ERBB4	R-HSA-6785631	REACTOME_ERBB2_REGULATES_CELL_MOTILITY	6.22430587888903e-25	8.31096429674008e-25	4.45515494948184	6.06984533272091	1.90647115615884e-10	1	2	4	9.34547213383264e-06	1	0	1.76337487711574	-5.6788528815602
PSEN1	NOTCH2	R-HSA-5668914	REACTOME_DISEASES_OF_METABOLISM	6.35636625190541e-25	8.47515500254055e-25	1.00594602507271	1.30196708641077	2.50146132210459e-08	1	6	11	0.000616955191712218	1	0	-2.92590208182952	4.70339172314515
VEGFB	NRP1	R-HSA-399956	REACTOME_CRMPS_IN_SEMA3A_SIGNALING	6.56593244270951e-25	8.74207005229324e-25	1.18865902695918	1.27790748729062	2.73338425687341e-10	1	5	10	0.00150234311211105	1	0	5.23719737108765	-3.22754442657073
ICAM2	ITGAL	R-HSA-8949275	REACTOME_RUNX3_REGULATES_IMMUNE_RESPONSE_AND_CELL_MIGRATION	7.26598613683415e-25	9.66034105496353e-25	6.50038364917803	9.1208854404206	5.78743763245385e-14	1	1	3	0.000232417814821951	1	0	4.30424580245027	5.19999690338766
ABCA1	RXRA	R-HSA-9029558	REACTOME_NR1H2_NR1H3_REGULATE_GENE_EXPRESSION_LINKED_TO_LIPOGENESIS	1.03016335371878e-24	1.36768126163234e-24	4.32737687338231	1.89848995961651	6.4210919337297e-11	1	3	7	0.000947878898008012	1	0	-6.34767287398693	7.19596111162888
MMP7	CD44	R-HSA-216083	REACTOME_INTEGRIN_CELL_SURFACE_INTERACTIONS	1.13666545667157e-24	1.50693059120612e-24	7.87068940669387	1.57426222501424	1.45914134129671e-10	1	3	7	0.000820317532127838	1	0	-4.36295648351875	-5.6995146878798
CD86	CD80	R-HSA-389513	REACTOME_CTLA4_INHIBITORY_SIGNALING	1.1868287294274e-24	1.56897074585296e-24	6.51685975119614	9.34682293774652	3.51630130560484e-08	1	3	7	0.000276220893875652	1	0	-0.138257965852884	5.76961271773571
CD80	CD86	R-HSA-389513	REACTOME_CTLA4_INHIBITORY_SIGNALING	1.1868287294274e-24	1.56897074585296e-24	9.34682293774652	6.51685975119614	3.51630130560484e-08	1	3	7	0.000276220893875652	1	0	5.76961271773571	-0.138257965852884
MMP12	PLAUR	R-HSA-163125	REACTOME_POST_TRANSLATIONAL_MODIFICATION_SYNTHESIS_OF_GPI_ANCHORED_PROTEINS	1.32338460792541e-24	1.74701764105735e-24	8.40176566358042	5.89541821685176	2.36646094605175e-11	1	4	8	0.00100022342921865	1	0	-0.235982743850185	-6.16734210547707
ICAM5	ITGAL	R-HSA-8949275	REACTOME_RUNX3_REGULATES_IMMUNE_RESPONSE_AND_CELL_MIGRATION	1.5364162824029e-24	2.02537478811811e-24	7.30231749197955	9.1208854404206	1.22377241635746e-13	1	1	3	0.000232417814821951	1	0	3.30901876034094	5.19999690338766
VEGFB	RET	R-HSA-9768919	REACTOME_NPAS4_REGULATES_EXPRESSION_OF_TARGET_GENES	1.92471478540124e-24	2.53366409603666e-24	1.18865902695918	5.46053248273132	1.28874079787558e-10	1	5	10	0.00203783832863069	1	0	5.23719737108765	-2.32311526832337
GNAS	PTGIR	R-HSA-418346	REACTOME_PLATELET_HOMEOSTASIS	2.00639607715273e-24	2.63746282638412e-24	3.83740672865904	10.2149626824919	3.26472086028513e-13	1	2	5	0.00105315348004394	1	0	3.71250019731088	4.14888454563842
SPP1	CD44	R-HSA-216083	REACTOME_INTEGRIN_CELL_SURFACE_INTERACTIONS	2.1656224565771e-24	2.8427607458167e-24	2.48316027446823	1.57426222501424	2.78001696760037e-10	1	3	7	0.000820317532127838	1	0	5.86094786860777	-5.6995146878798
EFNB2	PECAM1	R-HSA-418346	REACTOME_PLATELET_HOMEOSTASIS	2.80808162141354e-24	3.67574729095143e-24	1.7575713203291	12.3451442107448	9.64960635074766e-11	1	2	5	0.000276220893875652	1	0	7.50811652170512	2.98331412506372
EFNB2	PECAM1	R-HSA-432142	REACTOME_PLATELET_SENSITIZATION_BY_LDL	2.80808162141354e-24	3.67574729095143e-24	1.7575713203291	12.3451442107448	9.64960635074766e-11	1	2	5	0.000276220893875652	1	0	7.50811652170512	2.98331412506372
TGM2	ITGA4	R-HSA-216083	REACTOME_INTEGRIN_CELL_SURFACE_INTERACTIONS	2.97246133619391e-24	3.88546138195333e-24	2.08250749396369	14.2177645859284	1.55948900072745e-08	1	4	8	0.000320965889130642	1	0	-3.92662881622739	1.32247849712401
PSEN1	NOTCH2	R-HSA-350054	REACTOME_NOTCH_HLH_TRANSCRIPTION_PATHWAY	3.54954022529955e-24	4.62681327269816e-24	1.00594602507271	1.30196708641077	2.50146132210459e-08	1	6	11	0.000821885077634376	1	0	-2.92590208182952	4.70339172314515
PSEN1	NOTCH2	R-HSA-9013695	REACTOME_NOTCH4_INTRACELLULAR_DOMAIN_REGULATES_TRANSCRIPTION	3.54954022529955e-24	4.62681327269816e-24	1.00594602507271	1.30196708641077	2.50146132210459e-08	1	6	11	0.000821885077634376	1	0	-2.92590208182952	4.70339172314515
IL12B	IL12RB1	R-HSA-447115	REACTOME_INTERLEUKIN_12_FAMILY_SIGNALING	4.54691646508174e-24	5.91861193499467e-24	9.29231243718672	6.12162004572809	2.24242958731938e-08	1	5	10	0.000994741200863956	1	0	5.48441117145955	5.68034993293601
SPP1	ITGA4	R-HSA-216083	REACTOME_INTEGRIN_CELL_SURFACE_INTERACTIONS	8.56370169073587e-24	1.11316178183624e-23	2.48316027446823	14.2177645859284	4.49290910182671e-08	1	4	8	0.000320965889130642	1	0	5.86094786860777	1.32247849712401
IL16	CD4	R-HSA-449836	REACTOME_OTHER_INTERLEUKIN_SIGNALING	1.29108641220093e-23	1.67589489717447e-23	6.52953624117408	13.7827618222993	7.21473863737053e-15	1	2	5	0.00435331366236633	1	0	3.07977796338005	4.4687739453421
ADAM28	ITGA4	R-HSA-216083	REACTOME_INTEGRIN_CELL_SURFACE_INTERACTIONS	1.35386725104671e-23	1.75494336297015e-23	11.0682728217172	14.2177645859284	7.10300605341402e-08	1	4	8	0.000320965889130642	1	0	4.82363349706814	1.32247849712401
CAP1	ROBO1	R-HSA-428540	REACTOME_ACTIVATION_OF_RAC1	1.5075064445586e-23	1.95138334212308e-23	4.93955649128635	9.3929748989499	9.45071933494037e-18	1	4	8	0.0314658708564464	1	0	1.02226283289357	-0.455266075962448
ADAM17	ERBB4	R-HSA-9620244	REACTOME_LONG_TERM_POTENTIATION	1.97874532973133e-23	2.55782336658752e-23	1.42436567511293	6.06984533272091	1.74101507335019e-08	1	2	4	6.57420396405386e-06	1	0	-4.42026671345359	-5.6788528815602
GNAS	ADCY1	R-HSA-164378	REACTOME_PKA_ACTIVATION_IN_GLUCAGON_SIGNALLING	2.08656371573322e-23	2.69345897931213e-23	3.83740672865904	8.71996338896916	1.10980568194412e-12	1	5	10	0.00671426295232872	1	0	3.71250019731088	-6.34767287398693
ARTN	RET	R-HSA-9768919	REACTOME_NPAS4_REGULATES_EXPRESSION_OF_TARGET_GENES	2.09372334533815e-23	2.6989628739352e-23	4.50468830939142	5.46053248273132	1.401904695214e-09	1	5	10	0.00203783832863069	1	0	-6.18172890188987	-2.32311526832337
DLL4	NOTCH2	R-HSA-5668914	REACTOME_DISEASES_OF_METABOLISM	2.28078612114618e-23	2.9360395924147e-23	5.84857908909275	1.30196708641077	8.97572298375643e-07	1	6	11	0.000616955191712218	1	0	5.18180330917273	4.70339172314515
GNAS	ADCY1	R-HSA-977443	REACTOME_GABA_RECEPTOR_ACTIVATION	2.43824715856345e-23	3.13009139363793e-23	3.83740672865904	8.71996338896916	1.10980568194412e-12	1	4	9	0.00802460718592042	1	0	3.71250019731088	-6.34767287398693
GNAS	ADCY1	R-HSA-977444	REACTOME_GABA_B_RECEPTOR_ACTIVATION	2.43824715856345e-23	3.13009139363793e-23	3.83740672865904	8.71996338896916	1.10980568194412e-12	1	4	9	0.00802460718592042	1	0	3.71250019731088	-6.34767287398693
MMP7	ERBB4	R-HSA-9620244	REACTOME_LONG_TERM_POTENTIATION	2.48782697094171e-23	3.18934626811234e-23	7.87068940669387	6.06984533272091	2.18893467047867e-08	1	2	4	6.57420396405386e-06	1	0	-4.36295648351875	-5.6788528815602
COL5A3	SDC3	R-HSA-3000170	REACTOME_SYNDECAN_INTERACTIONS	2.71614174779296e-23	3.47725839140527e-23	7.95775439206331	1.68390760944956	3.48672046798353e-09	1	3	7	0.000820317532127838	1	0	4.47105613703989	2.51121978667568
HBEGF	CD44	R-HSA-1630316	REACTOME_GLYCOSAMINOGLYCAN_METABOLISM	2.90238601239062e-23	3.70044290499051e-23	5.13573038218583	1.57426222501424	5.62348397001262e-14	1	2	4	0.000505380081594166	1	0	2.52886127252879	-5.6995146878798
HBEGF	CD44	R-HSA-2142845	REACTOME_HYALURONAN_METABOLISM	2.90238601239062e-23	3.70044290499051e-23	5.13573038218583	1.57426222501424	5.62348397001262e-14	1	2	4	0.000505380081594166	1	0	2.52886127252879	-5.6995146878798
HBEGF	CD44	R-HSA-2160916	REACTOME_HYALURONAN_UPTAKE_AND_DEGRADATION	2.90238601239062e-23	3.70044290499051e-23	5.13573038218583	1.57426222501424	5.62348397001262e-14	1	2	4	0.000505380081594166	1	0	2.52886127252879	-5.6995146878798
NRG1	ERBB4	R-HSA-9620244	REACTOME_LONG_TERM_POTENTIATION	3.44788682302405e-23	4.38993240308526e-23	8.55249521073386	6.06984533272091	3.03365109187923e-08	1	2	4	6.57420396405386e-06	1	0	7.39381963444358	-5.6788528815602
TGFB3	TGFBR1	R-HSA-9839389	REACTOME_TGFBR3_REGULATES_TGF_BETA_SIGNALING	3.89701633105296e-23	4.9550057579009e-23	1.28827757204938	1.01672426175283	0.000121962916053785	1	2	4	4.30673541562621e-07	1	0	1.04372229982068	5.4136516831527
FABP5	RXRA	R-HSA-200425	REACTOME_CARNITINE_METABOLISM	4.18949200369357e-23	5.31962744883162e-23	14.5490265757492	1.89848995961651	1.12126659844795e-15	1	3	6	0.00708474798346712	1	0	3.17882914982144	7.19596111162888
GNAS	ADCY1	R-HSA-163359	REACTOME_GLUCAGON_SIGNALING_IN_METABOLIC_REGULATION	4.56403457636075e-23	5.77161495952269e-23	3.83740672865904	8.71996338896916	1.10980568194412e-12	1	6	11	0.00671426295232872	1	0	3.71250019731088	-6.34767287398693
GNAS	ADCY1	R-HSA-432040	REACTOME_VASOPRESSIN_REGULATES_RENAL_WATER_HOMEOSTASIS_VIA_AQUAPORINS	4.56403457636075e-23	5.77161495952269e-23	3.83740672865904	8.71996338896916	1.10980568194412e-12	1	6	11	0.00671426295232872	1	0	3.71250019731088	-6.34767287398693
GNAS	ADCY1	R-HSA-445717	REACTOME_AQUAPORIN_MEDIATED_TRANSPORT	4.56403457636075e-23	5.77161495952269e-23	3.83740672865904	8.71996338896916	1.10980568194412e-12	1	6	11	0.00671426295232872	1	0	3.71250019731088	-6.34767287398693
IL16	CD4	R-HSA-164938	REACTOME_NEF_MEDIATES_DOWN_MODULATION_OF_CELL_SURFACE_RECEPTORS_BY_RECRUITING_THEM_TO_CLATHRIN_ADAPTERS	4.74164020843002e-23	5.97998467423109e-23	6.52953624117408	13.7827618222993	7.21473863737053e-15	1	3	6	0.00458354848656162	1	0	3.07977796338005	4.4687739453421
IL16	CD4	R-HSA-167590	REACTOME_NEF_MEDIATED_CD4_DOWN_REGULATION	4.74164020843002e-23	5.97998467423109e-23	6.52953624117408	13.7827618222993	7.21473863737053e-15	1	3	6	0.00458354848656162	1	0	3.07977796338005	4.4687739453421
ABCA1	RXRA	R-HSA-9623433	REACTOME_NR1H2_NR1H3_REGULATE_GENE_EXPRESSION_TO_CONTROL_BILE_ACID_HOMEOSTASIS	5.19759594275471e-23	6.54616137655052e-23	4.32737687338231	1.89848995961651	6.4210919337297e-11	1	3	6	0.000482069162979667	1	0	-6.34767287398693	7.19596111162888
IL16	GRIN2D	R-HSA-442982	REACTOME_RAS_ACTIVATION_UPON_CA2_INFLUX_THROUGH_NMDA_RECEPTOR	5.64535245984361e-23	7.10049729092341e-23	6.52953624117408	5.53011798550084	4.18727890133243e-12	1	3	6	0.000974061220383515	1	0	3.07977796338005	-4.20161580560622
ADAM17	ERBB4	R-HSA-6785631	REACTOME_ERBB2_REGULATES_CELL_MOTILITY	5.68411975249689e-23	7.1396221149961e-23	1.42436567511293	6.06984533272091	1.74101507335019e-08	1	2	4	9.34547213383264e-06	1	0	-4.42026671345359	-5.6788528815602
CSF2	SDC2	R-HSA-3000170	REACTOME_SYNDECAN_INTERACTIONS	6.64014308338068e-23	8.32922389463094e-23	7.25559834194749	6.99604805784469	3.19867693373931e-09	1	4	8	0.000820317532127838	1	0	-5.00521631617233	-0.437591950332544
MMP7	ERBB4	R-HSA-6785631	REACTOME_ERBB2_REGULATES_CELL_MOTILITY	7.14650147942196e-23	8.95233787475976e-23	7.87068940669387	6.06984533272091	2.18893467047867e-08	1	2	4	9.34547213383264e-06	1	0	-4.36295648351875	-5.6788528815602
COL5A3	SDC3	R-HSA-9833110	REACTOME_RSV_HOST_INTERACTIONS	8.07677923514423e-23	1.01041050297375e-22	7.95775439206331	1.68390760944956	3.48672046798353e-09	1	1	3	2.85062677752026e-05	1	0	4.47105613703989	2.51121978667568
HBEGF	ERBB4	R-HSA-8847993	REACTOME_ERBB2_ACTIVATES_PTK6_SIGNALING	8.12347824293837e-23	1.01353168974813e-22	5.13573038218583	6.06984533272091	8.43608407387218e-12	1	1	3	0.000212748761617473	1	0	2.52886127252879	-5.6788528815602
UBC	NOTCH2	R-HSA-1980145	REACTOME_SIGNALING_BY_NOTCH2	8.12235518149344e-23	1.01353168974813e-22	4.45515494948184	1.30196708641077	1.80217835800035e-09	1	7	13	0.00429278168968386	1	0	1.76337487711574	4.70339172314515
IL6	IL6R	R-HSA-1059683	REACTOME_INTERLEUKIN_6_SIGNALING	9.73537032865935e-23	1.2113972157958e-22	7.07281816728214	4.71162859717308	1.19928911425912e-06	1	4	9	0.000994741200863956	1	0	-6.34767287398693	3.00284632410901
IL6	IL6R	R-HSA-112409	REACTOME_RAF_INDEPENDENT_MAPK1_3_ACTIVATION	9.73537032865935e-23	1.2113972157958e-22	7.07281816728214	4.71162859717308	1.19928911425912e-06	1	4	9	0.000994741200863956	1	0	-6.34767287398693	3.00284632410901
NRG1	ERBB4	R-HSA-6785631	REACTOME_ERBB2_REGULATES_CELL_MOTILITY	9.90435772641127e-23	1.23078152013537e-22	8.55249521073386	6.06984533272091	3.03365109187923e-08	1	2	4	9.34547213383264e-06	1	0	7.39381963444358	-5.6788528815602
LPL	CD44	R-HSA-1630316	REACTOME_GLYCOSAMINOGLYCAN_METABOLISM	1.18770007839824e-22	1.4700351567957e-22	14.9577587828504	1.57426222501424	2.30121435382536e-13	1	2	4	0.000505380081594166	1	0	0.399414836721288	-5.6995146878798
LPL	CD44	R-HSA-2142845	REACTOME_HYALURONAN_METABOLISM	1.18770007839824e-22	1.4700351567957e-22	14.9577587828504	1.57426222501424	2.30121435382536e-13	1	2	4	0.000505380081594166	1	0	0.399414836721288	-5.6995146878798
LPL	CD44	R-HSA-2160916	REACTOME_HYALURONAN_UPTAKE_AND_DEGRADATION	1.18770007839824e-22	1.4700351567957e-22	14.9577587828504	1.57426222501424	2.30121435382536e-13	1	2	4	0.000505380081594166	1	0	0.399414836721288	-5.6995146878798
DLL4	NOTCH2	R-HSA-350054	REACTOME_NOTCH_HLH_TRANSCRIPTION_PATHWAY	1.27364311014748e-22	1.57223228961252e-22	5.84857908909275	1.30196708641077	8.97572298375643e-07	1	6	11	0.000821885077634376	1	0	5.18180330917273	4.70339172314515
DLL4	NOTCH2	R-HSA-9013695	REACTOME_NOTCH4_INTRACELLULAR_DOMAIN_REGULATES_TRANSCRIPTION	1.27364311014748e-22	1.57223228961252e-22	5.84857908909275	1.30196708641077	8.97572298375643e-07	1	6	11	0.000821885077634376	1	0	5.18180330917273	4.70339172314515
TYROBP	CD300LB	R-HSA-198933	REACTOME_IMMUNOREGULATORY_INTERACTIONS_BETWEEN_A_LYMPHOID_AND_A_NON_LYMPHOID_CELL	2.18579133037259e-22	2.69465280411013e-22	11.6058574292547	16.4484891335662	1.24458409191011e-11	1	1	2	4.1907545646946e-06	1	0	5.4437371873471	0.0492213539594688
TGFB1	CXCR4	R-HSA-9823730	REACTOME_FORMATION_OF_DEFINITIVE_ENDODERM	2.33144542437764e-22	2.87041893727867e-22	3.32181668684796	6.4700594444217	3.99242764141838e-14	1	4	8	0.010135606950914	1	0	-5.58331359087569	-6.34767287398693
UBC	TLR4	R-HSA-5603041	REACTOME_IRAK4_DEFICIENCY_TLR2_4	2.69580188665591e-22	3.31462712185134e-22	4.45515494948184	4.19143816689503	6.99701336086941e-14	1	3	7	0.0113333797483716	1	0	1.76337487711574	5.19732202381054
CSF2	CSF3R	R-HSA-449836	REACTOME_OTHER_INTERLEUKIN_SIGNALING	2.88508916313694e-22	3.54269183141452e-22	7.25559834194749	9.84249265123049	2.49649167068566e-09	1	2	4	3.06850173988471e-05	1	0	-5.00521631617233	-4.62960925865729
GNAS	ADCY1	R-HSA-442720	REACTOME_CREB1_PHOSPHORYLATION_THROUGH_THE_ACTIVATION_OF_ADENYLATE_CYCLASE	3.14474016046692e-22	3.85644451257259e-22	3.83740672865904	8.71996338896916	1.10980568194412e-12	1	3	7	0.00671426295232872	1	0	3.71250019731088	-6.34767287398693
GNAS	ADCY8	R-HSA-164378	REACTOME_PKA_ACTIVATION_IN_GLUCAGON_SIGNALLING	3.78128440412195e-22	4.63095540688786e-22	3.83740672865904	13.7793337761781	2.01119711087596e-11	1	5	10	0.00671426295232872	1	0	3.71250019731088	3.18990980418948
GNAS	ADCY8	R-HSA-977443	REACTOME_GABA_RECEPTOR_ACTIVATION	4.41860743793814e-22	5.39730292550242e-22	3.83740672865904	13.7793337761781	2.01119711087596e-11	1	4	9	0.00802460718592042	1	0	3.71250019731088	3.18990980418948
GNAS	ADCY8	R-HSA-977444	REACTOME_GABA_B_RECEPTOR_ACTIVATION	4.41860743793814e-22	5.39730292550242e-22	3.83740672865904	13.7793337761781	2.01119711087596e-11	1	4	9	0.00802460718592042	1	0	3.71250019731088	3.18990980418948
PKM	CD44	R-HSA-1630316	REACTOME_GLYCOSAMINOGLYCAN_METABOLISM	5.11012253486103e-22	6.21753812335571e-22	1.55182931287603	1.57426222501424	9.90105796986031e-13	1	2	4	0.000505380081594166	1	0	1.26064680315073	-5.6995146878798
PKM	CD44	R-HSA-2142845	REACTOME_HYALURONAN_METABOLISM	5.11012253486103e-22	6.21753812335571e-22	1.55182931287603	1.57426222501424	9.90105796986031e-13	1	2	4	0.000505380081594166	1	0	1.26064680315073	-5.6995146878798
PKM	CD44	R-HSA-2160916	REACTOME_HYALURONAN_UPTAKE_AND_DEGRADATION	5.11012253486103e-22	6.21753812335571e-22	1.55182931287603	1.57426222501424	9.90105796986031e-13	1	2	4	0.000505380081594166	1	0	1.26064680315073	-5.6995146878798
IL16	GRIN2D	R-HSA-6794361	REACTOME_NEUREXINS_AND_NEUROLIGINS	6.5825529963481e-22	7.9986172002561e-22	6.52953624117408	5.53011798550084	4.18727890133243e-12	1	2	5	0.00236907651977061	1	0	3.07977796338005	-4.20161580560622
GNAS	ADCY1	R-HSA-170670	REACTOME_ADENYLATE_CYCLASE_INHIBITORY_PATHWAY	7.65169764447025e-22	9.28565391229983e-22	3.83740672865904	8.71996338896916	1.10980568194412e-12	1	3	7	0.00802460718592042	1	0	3.71250019731088	-6.34767287398693
GNAS	ADCY8	R-HSA-163359	REACTOME_GLUCAGON_SIGNALING_IN_METABOLIC_REGULATION	8.27097329131971e-22	9.9981155739429e-22	3.83740672865904	13.7793337761781	2.01119711087596e-11	1	6	11	0.00671426295232872	1	0	3.71250019731088	3.18990980418948
GNAS	ADCY8	R-HSA-432040	REACTOME_VASOPRESSIN_REGULATES_RENAL_WATER_HOMEOSTASIS_VIA_AQUAPORINS	8.27097329131971e-22	9.9981155739429e-22	3.83740672865904	13.7793337761781	2.01119711087596e-11	1	6	11	0.00671426295232872	1	0	3.71250019731088	3.18990980418948
GNAS	ADCY8	R-HSA-445717	REACTOME_AQUAPORIN_MEDIATED_TRANSPORT	8.27097329131971e-22	9.9981155739429e-22	3.83740672865904	13.7793337761781	2.01119711087596e-11	1	6	11	0.00671426295232872	1	0	3.71250019731088	3.18990980418948
B2M	TYROBP	R-HSA-198933	REACTOME_IMMUNOREGULATORY_INTERACTIONS_BETWEEN_A_LYMPHOID_AND_A_NON_LYMPHOID_CELL	8.57014683850462e-22	1.03463430744641e-21	4.84204079809713	11.6058574292547	1.56619589846037e-13	1	1	3	0.00176216833741481	1	0	4.9731033838365	5.4437371873471
UBC	TLR4	R-HSA-5686938	REACTOME_REGULATION_OF_TLR_BY_ENDOGENOUS_LIGAND	1.05293858545715e-21	1.26951974339724e-21	4.45515494948184	4.19143816689503	6.99701336086941e-14	1	1	3	0.00246886179556187	1	0	1.76337487711574	5.19732202381054
PSEN1	NOTCH2	R-HSA-1980145	REACTOME_SIGNALING_BY_NOTCH2	1.12739991803284e-21	1.35754098657185e-21	1.00594602507271	1.30196708641077	2.50146132210459e-08	1	7	13	0.00429278168968386	1	0	-2.92590208182952	4.70339172314515
TYROBP	TREM1	R-HSA-198933	REACTOME_IMMUNOREGULATORY_INTERACTIONS_BETWEEN_A_LYMPHOID_AND_A_NON_LYMPHOID_CELL	1.15660669698604e-21	1.39091282785934e-21	11.6058574292547	14.3216981121144	6.58568947393594e-11	1	1	2	4.1907545646946e-06	1	0	5.4437371873471	2.92724538356084
VASP	ROBO1	R-HSA-428540	REACTOME_ACTIVATION_OF_RAC1	1.42846939064955e-21	1.7156359176358e-21	1.81481479734542	9.3929748989499	8.95522758016135e-16	1	4	8	0.0314658708564464	1	0	6.93106586028725	-0.455266075962448
UBC	TLR4	R-HSA-5357769	REACTOME_CASPASE_ACTIVATION_VIA_EXTRINSIC_APOPTOTIC_SIGNALLING_PATHWAY	1.49364988508005e-21	1.78930808855348e-21	4.45515494948184	4.19143816689503	6.99701336086941e-14	1	4	8	0.0131553108230494	1	0	1.76337487711574	5.19732202381054
UBC	TLR4	R-HSA-140534	REACTOME_CASPASE_ACTIVATION_VIA_DEATH_RECEPTORS_IN_THE_PRESENCE_OF_LIGAND	1.49364988508005e-21	1.78930808855348e-21	4.45515494948184	4.19143816689503	6.99701336086941e-14	1	4	8	0.0131553108230494	1	0	1.76337487711574	5.19732202381054
FYN	TYROBP	R-HSA-198933	REACTOME_IMMUNOREGULATORY_INTERACTIONS_BETWEEN_A_LYMPHOID_AND_A_NON_LYMPHOID_CELL	1.81034100039701e-21	2.16590219816433e-21	2.48737842852703	11.6058574292547	3.3084014814047e-13	1	1	3	0.00176216833741481	1	0	7.12853732925553	5.4437371873471
UBC	ERBB4	R-HSA-8847993	REACTOME_ERBB2_ACTIVATES_PTK6_SIGNALING	1.83582534529403e-21	2.19357592540261e-21	4.45515494948184	6.06984533272091	1.90647115615884e-10	1	1	3	0.000212748761617473	1	0	1.76337487711574	-5.6788528815602
TGFB1	SDC2	R-HSA-9833110	REACTOME_RSV_HOST_INTERACTIONS	1.85456621040718e-21	2.21313150845005e-21	3.32181668684796	6.99604805784469	2.28224162491543e-12	1	1	2	2.85062677752026e-05	1	0	-5.58331359087569	-0.437591950332544
ABCA1	RXRA	R-HSA-9843743	REACTOME_TRANSCRIPTIONAL_REGULATION_OF_BROWN_AND_BEIGE_ADIPOCYTE_DIFFERENTIATION	2.02981760252546e-21	2.41916880505592e-21	4.32737687338231	1.89848995961651	6.4210919337297e-11	1	6	11	0.00642489160381415	1	0	-6.34767287398693	7.19596111162888
HBEGF	PRLR	R-HSA-1170546	REACTOME_PROLACTIN_RECEPTOR_SIGNALING	2.71828446686972e-21	3.23555698993944e-21	5.13573038218583	14.5877669895611	1.92512896137353e-13	1	4	9	0.0237348916190074	1	0	2.52886127252879	3.6848997692359
HBEGF	ERBB4	R-HSA-1250342	REACTOME_PI3K_EVENTS_IN_ERBB4_SIGNALING	3.83716783820698e-21	4.56153115460319e-21	5.13573038218583	6.06984533272091	8.43608407387218e-12	1	1	2	2.13272543414487e-05	1	0	2.52886127252879	-5.6788528815602
NRP1	ROBO1	R-HSA-428540	REACTOME_ACTIVATION_OF_RAC1	4.2040179407525e-21	4.99126716023099e-21	1.27790748729062	9.3929748989499	2.63554386652981e-15	1	4	8	0.0314658708564464	1	0	-3.22754442657073	-0.455266075962448
GNAS	ADCY8	R-HSA-442720	REACTOME_CREB1_PHOSPHORYLATION_THROUGH_THE_ACTIVATION_OF_ADENYLATE_CYCLASE	5.69891867385942e-21	6.75749644279514e-21	3.83740672865904	13.7793337761781	2.01119711087596e-11	1	3	7	0.00671426295232872	1	0	3.71250019731088	3.18990980418948
CAP1	ROBO1	R-HSA-428543	REACTOME_INACTIVATION_OF_CDC42_AND_RAC1	6.20629471611265e-21	7.34976705897966e-21	4.93955649128635	9.3929748989499	9.45071933494037e-18	1	2	5	0.1095358996765	1	0	1.02226283289357	-0.455266075962448
PSEN1	CD44	R-HSA-1630316	REACTOME_GLYCOSAMINOGLYCAN_METABOLISM	9.10417368237136e-21	1.07406200911014e-20	1.00594602507271	1.57426222501424	1.76396849159483e-11	1	2	4	0.000505380081594166	1	0	-2.92590208182952	-5.6995146878798
PSEN1	CD44	R-HSA-2142845	REACTOME_HYALURONAN_METABOLISM	9.10417368237136e-21	1.07406200911014e-20	1.00594602507271	1.57426222501424	1.76396849159483e-11	1	2	4	0.000505380081594166	1	0	-2.92590208182952	-5.6995146878798
PSEN1	CD44	R-HSA-2160916	REACTOME_HYALURONAN_UPTAKE_AND_DEGRADATION	9.10417368237136e-21	1.07406200911014e-20	1.00594602507271	1.57426222501424	1.76396849159483e-11	1	2	4	0.000505380081594166	1	0	-2.92590208182952	-5.6995146878798
FABP5	RXRA	R-HSA-9031525	REACTOME_NR1H2_NR1H3_REGULATE_GENE_EXPRESSION_TO_LIMIT_CHOLESTEROL_UPTAKE	9.73943018458341e-21	1.14755359444143e-20	14.5490265757492	1.89848995961651	1.12126659844795e-15	1	2	4	0.0129918914929015	1	0	3.17882914982144	7.19596111162888
LPL	VLDLR	R-HSA-8964043	REACTOME_PLASMA_LIPOPROTEIN_CLEARANCE	1.24722821842136e-20	1.4676978529908e-20	14.9577587828504	1.46657060781084	2.59008888808923e-09	1	8	15	0.0129918914929015	1	0	0.399414836721288	4.51161332872667
GNAS	ADCY8	R-HSA-170670	REACTOME_ADENYLATE_CYCLASE_INHIBITORY_PATHWAY	1.38664564853343e-20	1.6297020736862e-20	3.83740672865904	13.7793337761781	2.01119711087596e-11	1	3	7	0.00802460718592042	1	0	3.71250019731088	3.18990980418948
UBC	TGFBR1	R-HSA-2173791	REACTOME_TGF_BETA_RECEPTOR_SIGNALING_IN_EMT_EPITHELIAL_TO_MESENCHYMAL_TRANSITION	1.6715429128741e-20	1.96206296574138e-20	4.45515494948184	1.01672426175283	6.56989913766533e-09	1	4	8	0.00214753814247132	1	0	1.76337487711574	5.4136516831527
MMP9	ITGB2	R-HSA-216083	REACTOME_INTEGRIN_CELL_SURFACE_INTERACTIONS	1.68389960462925e-20	1.97408104593014e-20	15.8747602811558	12.8533529814336	2.83828199493589e-19	1	1	3	0.390020005647983	1	0	-3.31335287562582	3.08728602356773
TGM2	ITGA4	R-HSA-8949275	REACTOME_RUNX3_REGULATES_IMMUNE_RESPONSE_AND_CELL_MIGRATION	2.13005017722872e-20	2.49397834821252e-20	2.08250749396369	14.2177645859284	1.55948900072745e-08	1	1	2	1.16870192422087e-06	1	0	-3.92662881622739	1.32247849712401
ABCA1	RXRA	R-HSA-1368082	REACTOME_RORA_ACTIVATES_GENE_EXPRESSION	2.37852292783427e-20	2.78140949653895e-20	4.32737687338231	1.89848995961651	6.4210919337297e-11	1	3	7	0.00708474798346712	1	0	-6.34767287398693	7.19596111162888
IL6	IL6R	R-HSA-110056	REACTOME_MAPK3_ERK1_ACTIVATION	2.44891329935524e-20	2.85655468710775e-20	7.07281816728214	4.71162859717308	1.19928911425912e-06	1	3	7	0.000994741200863956	1	0	-6.34767287398693	3.00284632410901
IL6	IL6R	R-HSA-112411	REACTOME_MAPK1_ERK2_ACTIVATION	2.44891329935524e-20	2.85655468710775e-20	7.07281816728214	4.71162859717308	1.19928911425912e-06	1	3	7	0.000994741200863956	1	0	-6.34767287398693	3.00284632410901
DLL4	NOTCH2	R-HSA-1980145	REACTOME_SIGNALING_BY_NOTCH2	4.04532713208564e-20	4.71280610887977e-20	5.84857908909275	1.30196708641077	8.97572298375643e-07	1	7	13	0.00429278168968386	1	0	5.18180330917273	4.70339172314515
HBEGF	ERBB4	R-HSA-1253288	REACTOME_DOWNREGULATION_OF_ERBB4_SIGNALING	4.26775540264753e-20	4.96572788422908e-20	5.13573038218583	6.06984533272091	8.43608407387218e-12	1	3	6	0.00429278168968386	1	0	2.52886127252879	-5.6788528815602
TGFB1	TGFBR1	R-HSA-2173791	REACTOME_TGF_BETA_RECEPTOR_SIGNALING_IN_EMT_EPITHELIAL_TO_MESENCHYMAL_TRANSITION	4.6127560247957e-20	5.3604596198374e-20	3.32181668684796	1.01672426175283	1.81301608209735e-08	1	4	8	0.00214753814247132	1	0	-5.58331359087569	5.4136516831527
SPP1	ITGA4	R-HSA-8949275	REACTOME_RUNX3_REGULATES_IMMUNE_RESPONSE_AND_CELL_MIGRATION	6.13670364084287e-20	7.1225501784129e-20	2.48316027446823	14.2177645859284	4.49290910182671e-08	1	1	2	1.16870192422087e-06	1	0	5.86094786860777	1.32247849712401
GDF11	ACVR1B	R-HSA-1181150	REACTOME_SIGNALING_BY_NODAL	6.16731976325642e-20	7.14918161611317e-20	2.07587269984185	2.69994271800539	6.26236448467182e-09	1	5	10	0.00602590399166638	1	0	-0.401611784702053	3.65972877605595
GDF11	ACVR1B	R-HSA-1502540	REACTOME_SIGNALING_BY_ACTIVIN	7.20303080400265e-20	8.33940957680804e-20	2.07587269984185	2.69994271800539	6.26236448467182e-09	1	6	11	0.00542469782851198	1	0	-0.401611784702053	3.65972877605595
MMP7	CD44	R-HSA-1630316	REACTOME_GLYCOSAMINOGLYCAN_METABOLISM	7.53090333619455e-20	8.68663602640262e-20	7.87068940669387	1.57426222501424	1.45914134129671e-10	1	2	4	0.000505380081594166	1	0	-4.36295648351875	-5.6995146878798
MMP7	CD44	R-HSA-2142845	REACTOME_HYALURONAN_METABOLISM	7.53090333619455e-20	8.68663602640262e-20	7.87068940669387	1.57426222501424	1.45914134129671e-10	1	2	4	0.000505380081594166	1	0	-4.36295648351875	-5.6995146878798
MMP7	CD44	R-HSA-2160916	REACTOME_HYALURONAN_UPTAKE_AND_DEGRADATION	7.53090333619455e-20	8.68663602640262e-20	7.87068940669387	1.57426222501424	1.45914134129671e-10	1	2	4	0.000505380081594166	1	0	-4.36295648351875	-5.6995146878798
UBC	ERBB4	R-HSA-1250342	REACTOME_PI3K_EVENTS_IN_ERBB4_SIGNALING	8.67161794598396e-20	9.99004687967497e-20	4.45515494948184	6.06984533272091	1.90647115615884e-10	1	1	2	2.13272543414487e-05	1	0	1.76337487711574	-5.6788528815602
ADAM28	ITGA4	R-HSA-8949275	REACTOME_RUNX3_REGULATES_IMMUNE_RESPONSE_AND_CELL_MIGRATION	9.70174159347949e-20	1.11629915618801e-19	11.0682728217172	14.2177645859284	7.10300605341402e-08	1	1	2	1.16870192422087e-06	1	0	4.82363349706814	1.32247849712401
UBC	TLR4	R-HSA-2562578	REACTOME_TRIF_MEDIATED_PROGRAMMED_CELL_DEATH	1.05617150392093e-19	1.21375072953676e-19	4.45515494948184	4.19143816689503	6.99701336086941e-14	1	2	5	0.0235520196349965	1	0	1.76337487711574	5.19732202381054
TYROBP	TREM2	R-HSA-416700	REACTOME_OTHER_SEMAPHORIN_INTERACTIONS	1.07592584427576e-19	1.23492966362686e-19	11.6058574292547	12.7708085643686	1.12911830823863e-16	1	1	2	0.0308689207016555	1	0	5.4437371873471	-4.41213425805821
SPP1	CD44	R-HSA-1630316	REACTOME_GLYCOSAMINOGLYCAN_METABOLISM	1.43481912707467e-19	1.64079929623753e-19	2.48316027446823	1.57426222501424	2.78001696760037e-10	1	2	4	0.000505380081594166	1	0	5.86094786860777	-5.6995146878798
SPP1	CD44	R-HSA-2142845	REACTOME_HYALURONAN_METABOLISM	1.43481912707467e-19	1.64079929623753e-19	2.48316027446823	1.57426222501424	2.78001696760037e-10	1	2	4	0.000505380081594166	1	0	5.86094786860777	-5.6995146878798
SPP1	CD44	R-HSA-2160916	REACTOME_HYALURONAN_UPTAKE_AND_DEGRADATION	1.43481912707467e-19	1.64079929623753e-19	2.48316027446823	1.57426222501424	2.78001696760037e-10	1	2	4	0.000505380081594166	1	0	5.86094786860777	-5.6995146878798
ADAM17	ERBB4	R-HSA-8847993	REACTOME_ERBB2_ACTIVATES_PTK6_SIGNALING	1.67650036973806e-19	1.91482640269102e-19	1.42436567511293	6.06984533272091	1.74101507335019e-08	1	1	3	0.000212748761617473	1	0	-4.42026671345359	-5.6788528815602
MMP7	ERBB4	R-HSA-8847993	REACTOME_ERBB2_ACTIVATES_PTK6_SIGNALING	2.10782194856494e-19	2.40451659248779e-19	7.87068940669387	6.06984533272091	2.18893467047867e-08	1	1	3	0.000212748761617473	1	0	-4.36295648351875	-5.6788528815602
NRG1	ERBB4	R-HSA-8847993	REACTOME_ERBB2_ACTIVATES_PTK6_SIGNALING	2.92123672852819e-19	3.32835284961891e-19	8.55249521073386	6.06984533272091	3.03365109187923e-08	1	1	3	0.000212748761617473	1	0	7.39381963444358	-5.6788528815602
VEGFA	NRP1	R-HSA-399955	REACTOME_SEMA3A_PLEXIN_REPULSION_SIGNALING_BY_INHIBITING_INTEGRIN_ADHESION	3.78493975762299e-19	4.30715977302152e-19	4.25472055819396	1.27790748729062	5.64375683346135e-12	1	4	9	0.0308689207016555	1	0	2.83766103593168	-3.22754442657073
IL23A	IL12RB1	R-HSA-9020933	REACTOME_INTERLEUKIN_23_SIGNALING	3.81450420784914e-19	4.33550966062853e-19	10.5833907782381	6.12162004572809	9.69553809765066e-11	1	2	4	0.000994741200863956	1	0	0.923868476600056	5.68034993293601
FYN	CD86	R-HSA-389357	REACTOME_CD28_DEPENDENT_PI3K_AKT_SIGNALING	5.47690042095918e-19	6.21738269468204e-19	2.48737842852703	6.51685975119614	1.2041066318597e-09	1	1	2	2.13272543414487e-05	1	0	7.12853732925553	-0.138257965852884
VASP	ROBO1	R-HSA-428543	REACTOME_INACTIVATION_OF_CDC42_AND_RAC1	5.88090489650462e-19	6.66788730357945e-19	1.81481479734542	9.3929748989499	8.95522758016135e-16	1	2	5	0.1095358996765	1	0	6.93106586028725	-0.455266075962448
LPL	VLDLR	R-HSA-8866427	REACTOME_VLDLR_INTERNALISATION_AND_DEGRADATION	6.51224713792873e-19	7.37474402496911e-19	14.9577587828504	1.46657060781084	2.59008888808923e-09	1	6	12	0.0165597169290517	1	0	0.399414836721288	4.51161332872667
SEMA6D	TYROBP	R-HSA-198933	REACTOME_IMMUNOREGULATORY_INTERACTIONS_BETWEEN_A_LYMPHOID_AND_A_NON_LYMPHOID_CELL	6.71873143712652e-19	7.59934186820621e-19	13.9981268572968	11.6058574292547	1.22784939604611e-10	1	1	3	0.00176216833741481	1	0	2.75860312595803	5.4437371873471
UBC	ERBB4	R-HSA-1253288	REACTOME_DOWNREGULATION_OF_ERBB4_SIGNALING	9.64470304639098e-19	1.0895591805135e-18	4.45515494948184	6.06984533272091	1.90647115615884e-10	1	3	6	0.00429278168968386	1	0	1.76337487711574	-5.6788528815602
TNF	TNFRSF1B	R-HSA-5669034	REACTOME_TNFS_BIND_THEIR_PHYSIOLOGICAL_RECEPTORS	9.76915202912403e-19	1.10228204493264e-18	10.5619292767115	7.14778819015196	1.43610622263417e-11	1	1	2	0.000260816553728311	1	0	6.2893030456444	2.32589535580337
ICAM3	ITGB2	R-HSA-216083	REACTOME_INTEGRIN_CELL_SURFACE_INTERACTIONS	9.99985452689502e-19	1.12694853918575e-18	7.05470079350171	12.8533529814336	1.68551658172717e-17	1	1	3	0.390020005647983	1	0	1.07879645214092	3.08728602356773
FYN	CD80	R-HSA-389357	REACTOME_CD28_DEPENDENT_PI3K_AKT_SIGNALING	1.04092570210754e-18	1.17166999319351e-18	2.48737842852703	9.34682293774652	2.2884943030631e-09	1	1	2	2.13272543414487e-05	1	0	7.12853732925553	5.76961271773571
GNAS	ADCY1	R-HSA-170660	REACTOME_ADENYLATE_CYCLASE_ACTIVATING_PATHWAY	1.11813118817593e-18	1.25705460480092e-18	3.83740672865904	8.71996338896916	1.10980568194412e-12	1	2	5	0.0212781103930914	1	0	3.71250019731088	-6.34767287398693
APOE	VLDLR	R-HSA-8964043	REACTOME_PLASMA_LIPOPROTEIN_CLEARANCE	1.18148641330937e-18	1.32668112916185e-18	2.68978662605876	1.46657060781084	2.45356446025114e-07	1	8	15	0.0129918914929015	1	0	4.17423504392966	4.51161332872667
FYN	NRP1	R-HSA-399955	REACTOME_SEMA3A_PLEXIN_REPULSION_SIGNALING_BY_INHIBITING_INTEGRIN_ADHESION	1.47928436073894e-18	1.6590770447758e-18	2.48737842852703	1.27790748729062	2.20577387070384e-11	1	4	9	0.0308689207016555	1	0	7.12853732925553	-3.22754442657073
NRP1	ROBO1	R-HSA-428543	REACTOME_INACTIVATION_OF_CDC42_AND_RAC1	1.73076370096544e-18	1.93878818425456e-18	1.27790748729062	9.3929748989499	2.63554386652981e-15	1	2	5	0.1095358996765	1	0	-3.22754442657073	-0.455266075962448
C3	ITGB2	R-HSA-216083	REACTOME_INTEGRIN_CELL_SURFACE_INTERACTIONS	1.93127370906655e-18	2.16080083655465e-18	6.9878121405443	12.8533529814336	3.25524121549011e-17	1	1	3	0.390020005647983	1	0	4.96089421697397	3.08728602356773
FABP5	RXRA	R-HSA-192105	REACTOME_SYNTHESIS_OF_BILE_ACIDS_AND_BILE_SALTS	1.97883483428174e-18	2.2087114557492e-18	14.5490265757492	1.89848995961651	1.12126659844795e-15	1	3	6	0.108999146123181	1	0	3.17882914982144	7.19596111162888
FABP5	RXRA	R-HSA-193368	REACTOME_SYNTHESIS_OF_BILE_ACIDS_AND_BILE_SALTS_VIA_7ALPHA_HYDROXYCHOLESTEROL	1.97883483428174e-18	2.2087114557492e-18	14.5490265757492	1.89848995961651	1.12126659844795e-15	1	3	6	0.108999146123181	1	0	3.17882914982144	7.19596111162888
ABCA1	RXRA	R-HSA-200425	REACTOME_CARNITINE_METABOLISM	2.39917191402813e-18	2.67467490894045e-18	4.32737687338231	1.89848995961651	6.4210919337297e-11	1	3	6	0.00708474798346712	1	0	-6.34767287398693	7.19596111162888
CSF2	SDC2	R-HSA-9833110	REACTOME_RSV_HOST_INTERACTIONS	2.59926823459878e-18	2.89428673195468e-18	7.25559834194749	6.99604805784469	3.19867693373931e-09	1	1	2	2.85062677752026e-05	1	0	-5.00521631617233	-0.437591950332544
B2M	TYROBP	R-HSA-416700	REACTOME_OTHER_SEMAPHORIN_INTERACTIONS	4.60691731543783e-18	5.12368369688312e-18	4.84204079809713	11.6058574292547	1.56619589846037e-13	1	1	3	0.0308689207016555	1	0	4.9731033838365	5.4437371873471
CD274	CD80	R-HSA-389357	REACTOME_CD28_DEPENDENT_PI3K_AKT_SIGNALING	4.80729440843444e-18	5.34016494476865e-18	8.02352901125857	9.34682293774652	1.05689251832046e-08	1	1	2	2.13272543414487e-05	1	0	8.48808091653585	5.76961271773571
ICAM2	ITGB2	R-HSA-216083	REACTOME_INTEGRIN_CELL_SURFACE_INTERACTIONS	5.09936088706763e-18	5.65786231755599e-18	6.50038364917803	12.8533529814336	8.59518236815014e-17	1	1	3	0.390020005647983	1	0	4.30424580245027	3.08728602356773
UBC	NOTCH2	R-HSA-2197563	REACTOME_NOTCH2_INTRACELLULAR_DOMAIN_REGULATES_TRANSCRIPTION	7.30174992414382e-18	8.0918322583853e-18	4.45515494948184	1.30196708641077	1.80217835800035e-09	1	3	7	0.0114484591387472	1	0	1.76337487711574	4.70339172314515
HBEGF	ERBB4	R-HSA-1250196	REACTOME_SHC1_EVENTS_IN_ERBB2_SIGNALING	7.37005310170893e-18	8.15782599856618e-18	5.13573038218583	6.06984533272091	8.43608407387218e-12	1	4	9	0.0477052302732837	1	0	2.52886127252879	-5.6788528815602
ADAM17	ERBB4	R-HSA-1250342	REACTOME_PI3K_EVENTS_IN_ERBB4_SIGNALING	7.91903801194164e-18	8.75509303336845e-18	1.42436567511293	6.06984533272091	1.74101507335019e-08	1	1	2	2.13272543414487e-05	1	0	-4.42026671345359	-5.6788528815602
IL33	IL1RAP	R-HSA-199418	REACTOME_NEGATIVE_REGULATION_OF_THE_PI3K_AKT_NETWORK	8.82817454584507e-18	9.74864772124124e-18	4.75051253386034	1.54623327292617	1.52911410273012e-12	1	2	4	0.0113333797483716	1	0	3.29858238325174	2.92660586250366
FYN	TYROBP	R-HSA-416700	REACTOME_OTHER_SEMAPHORIN_INTERACTIONS	9.73156173253069e-18	1.07335095085427e-17	2.48737842852703	11.6058574292547	3.3084014814047e-13	1	1	3	0.0308689207016555	1	0	7.12853732925553	5.4437371873471
MMP7	ERBB4	R-HSA-1250342	REACTOME_PI3K_EVENTS_IN_ERBB4_SIGNALING	9.95640826234872e-18	1.09685254143132e-17	7.87068940669387	6.06984533272091	2.18893467047867e-08	1	1	2	2.13272543414487e-05	1	0	-4.36295648351875	-5.6788528815602
FABP5	RXRA	R-HSA-9031528	REACTOME_NR1H2_NR1H3_REGULATE_GENE_EXPRESSION_LINKED_TO_TRIGLYCERIDE_LIPOLYSIS_IN_ADIPOSE	1.03841515559398e-17	1.14127703421414e-17	14.5490265757492	1.89848995961651	1.12126659844795e-15	1	1	3	0.210000684811491	1	0	3.17882914982144	7.19596111162888
FABP5	RXRA	R-HSA-9632974	REACTOME_NR1H2_NR1H3_REGULATE_GENE_EXPRESSION_LINKED_TO_GLUCONEOGENESIS	1.03841515559398e-17	1.14127703421414e-17	14.5490265757492	1.89848995961651	1.12126659844795e-15	1	1	3	0.210000684811491	1	0	3.17882914982144	7.19596111162888
ICAM5	ITGB2	R-HSA-216083	REACTOME_INTEGRIN_CELL_SURFACE_INTERACTIONS	1.07827636183089e-17	1.18369089425958e-17	7.30231749197955	12.8533529814336	1.81747912698359e-16	1	1	3	0.390020005647983	1	0	3.30901876034094	3.08728602356773
B2M	TREM2	R-HSA-416700	REACTOME_OTHER_SEMAPHORIN_INTERACTIONS	1.20648162188783e-17	1.32287161364642e-17	4.84204079809713	12.7708085643686	1.26612860456379e-14	1	1	2	0.0308689207016555	1	0	4.9731033838365	-4.41213425805821
NRG1	ERBB4	R-HSA-1250342	REACTOME_PI3K_EVENTS_IN_ERBB4_SIGNALING	1.3798615921993e-17	1.51119976960018e-17	8.55249521073386	6.06984533272091	3.03365109187923e-08	1	1	2	2.13272543414487e-05	1	0	7.39381963444358	-5.6788528815602
CD86	CD80	R-HSA-389357	REACTOME_CD28_DEPENDENT_PI3K_AKT_SIGNALING	1.5993958999414e-17	1.74752283557489e-17	6.51685975119614	9.34682293774652	3.51630130560484e-08	1	1	2	2.13272543414487e-05	1	0	-0.138257965852884	5.76961271773571
CD80	CD86	R-HSA-389357	REACTOME_CD28_DEPENDENT_PI3K_AKT_SIGNALING	1.5993958999414e-17	1.74752283557489e-17	9.34682293774652	6.51685975119614	3.51630130560484e-08	1	1	2	2.13272543414487e-05	1	0	5.76961271773571	-0.138257965852884
VEGFB	NRP1	R-HSA-399955	REACTOME_SEMA3A_PLEXIN_REPULSION_SIGNALING_BY_INHIBITING_INTEGRIN_ADHESION	1.83312198806338e-17	2.00054999165699e-17	1.18865902695918	1.27790748729062	2.73338425687341e-10	1	4	9	0.0308689207016555	1	0	5.23719737108765	-3.22754442657073
GNAS	ADCY8	R-HSA-170660	REACTOME_ADENYLATE_CYCLASE_ACTIVATING_PATHWAY	2.02628464768749e-17	2.20876876215759e-17	3.83740672865904	13.7793337761781	2.01119711087596e-11	1	2	5	0.0212781103930914	1	0	3.71250019731088	3.18990980418948
FYN	TREM2	R-HSA-416700	REACTOME_OTHER_SEMAPHORIN_INTERACTIONS	2.54854810248518e-17	2.77482106485536e-17	2.48737842852703	12.7708085643686	2.67454521819748e-14	1	1	2	0.0308689207016555	1	0	7.12853732925553	-4.41213425805821
FABP5	RXRA	R-HSA-194068	REACTOME_BILE_ACID_AND_BILE_SALT_METABOLISM	4.0915097932945e-17	4.44957657800523e-17	14.5490265757492	1.89848995961651	1.12126659844795e-15	1	3	7	0.316915641552373	1	0	3.17882914982144	7.19596111162888
APOE	VLDLR	R-HSA-8866427	REACTOME_VLDLR_INTERNALISATION_AND_DEGRADATION	6.16898447287716e-17	6.70104140876634e-17	2.68978662605876	1.46657060781084	2.45356446025114e-07	1	6	12	0.0165597169290517	1	0	4.17423504392966	4.51161332872667
ADAM17	ERBB4	R-HSA-1253288	REACTOME_DOWNREGULATION_OF_ERBB4_SIGNALING	8.80767239908573e-17	9.5561707519766e-17	1.42436567511293	6.06984533272091	1.74101507335019e-08	1	3	6	0.00429278168968386	1	0	-4.42026671345359	-5.6788528815602
IL12B	IL12RB1	R-HSA-9020933	REACTOME_INTERLEUKIN_23_SIGNALING	8.82236448403814e-17	9.5609810454925e-17	9.29231243718672	6.12162004572809	2.24242958731938e-08	1	2	4	0.000994741200863956	1	0	5.48441117145955	5.68034993293601
PSEN1	NOTCH2	R-HSA-2197563	REACTOME_NOTCH2_INTRACELLULAR_DOMAIN_REGULATES_TRANSCRIPTION	1.01349818889137e-16	1.09707353315535e-16	1.00594602507271	1.30196708641077	2.50146132210459e-08	1	3	7	0.0114484591387472	1	0	-2.92590208182952	4.70339172314515
MMP7	ERBB4	R-HSA-1253288	REACTOME_DOWNREGULATION_OF_ERBB4_SIGNALING	1.10736660329298e-16	1.19729196550935e-16	7.87068940669387	6.06984533272091	2.18893467047867e-08	1	3	6	0.00429278168968386	1	0	-4.36295648351875	-5.6788528815602
IL23A	IL12RB1	R-HSA-9020591	REACTOME_INTERLEUKIN_12_SIGNALING	1.17449872354062e-16	1.26840418347608e-16	10.5833907782381	6.12162004572809	9.69553809765066e-11	1	2	4	0.00672675706865881	1	0	0.923868476600056	5.68034993293601
NRG1	ERBB4	R-HSA-1253288	REACTOME_DOWNREGULATION_OF_ERBB4_SIGNALING	1.53470268002823e-16	1.65548946503046e-16	8.55249521073386	6.06984533272091	3.03365109187923e-08	1	3	6	0.00429278168968386	1	0	7.39381963444358	-5.6788528815602
UBC	ERBB4	R-HSA-1250196	REACTOME_SHC1_EVENTS_IN_ERBB2_SIGNALING	1.66555875151653e-16	1.7945673484548e-16	4.45515494948184	6.06984533272091	1.90647115615884e-10	1	4	9	0.0477052302732837	1	0	1.76337487711574	-5.6788528815602
TGFB3	TGFBR1	R-HSA-2173791	REACTOME_TGF_BETA_RECEPTOR_SIGNALING_IN_EMT_EPITHELIAL_TO_MESENCHYMAL_TRANSITION	3.10303466904681e-16	3.33952460918202e-16	1.28827757204938	1.01672426175283	0.000121962916053785	1	4	8	0.00214753814247132	1	0	1.04372229982068	5.4136516831527
NAMPT	INSR	R-HSA-74749	REACTOME_SIGNAL_ATTENUATION	3.12764247544997e-16	3.36212547533953e-16	5.36306569962384	1.04171106386436	3.05142434507641e-12	1	4	8	0.0739693234179901	1	0	-6.34767287398693	6.13214894970815
FABP5	RXRA	R-HSA-159418	REACTOME_RECYCLING_OF_BILE_ACIDS_AND_SALTS	4.14022744979728e-16	4.44038202901159e-16	14.5490265757492	1.89848995961651	1.12126659844795e-15	1	1	3	0.717417178766719	1	0	3.17882914982144	7.19596111162888
FABP5	RXRA	R-HSA-193807	REACTOME_SYNTHESIS_OF_BILE_ACIDS_AND_BILE_SALTS_VIA_27_HYDROXYCHOLESTEROL	4.14022744979728e-16	4.44038202901159e-16	14.5490265757492	1.89848995961651	1.12126659844795e-15	1	1	3	0.717417178766719	1	0	3.17882914982144	7.19596111162888
ABCA1	RXRA	R-HSA-9031525	REACTOME_NR1H2_NR1H3_REGULATE_GENE_EXPRESSION_TO_LIMIT_CHOLESTEROL_UPTAKE	5.57742259369148e-16	5.9748940888741e-16	4.32737687338231	1.89848995961651	6.4210919337297e-11	1	2	4	0.0129918914929015	1	0	-6.34767287398693	7.19596111162888
FABP5	RXRA	R-HSA-211976	REACTOME_ENDOGENOUS_STEROLS	5.77101799668998e-16	6.17518802860512e-16	14.5490265757492	1.89848995961651	1.12126659844795e-15	1	1	2	0.717417178766719	1	0	3.17882914982144	7.19596111162888
HBEGF	ERBB4	R-HSA-1963640	REACTOME_GRB2_EVENTS_IN_ERBB2_SIGNALING	9.00284283562674e-16	9.62230449862858e-16	5.13573038218583	6.06984533272091	8.43608407387218e-12	1	3	7	0.0901046547405808	1	0	2.52886127252879	-5.6788528815602
GDF11	ACVR1B	R-HSA-1433617	REACTOME_REGULATION_OF_SIGNALING_BY_NODAL	9.99689190517134e-16	1.06725123202975e-15	2.07587269984185	2.69994271800539	6.26236448467182e-09	1	1	3	0.00542469782851198	1	0	-0.401611784702053	3.65972877605595
ADAM17	ITGA5	R-HSA-1566977	REACTOME_FIBRONECTIN_MATRIX_FORMATION	1.033965644537e-15	1.10258121362527e-15	1.42436567511293	3.30413921514521	1.53653381245957e-09	1	1	2	0.000820317532127838	1	0	-4.42026671345359	6.77052758759515
IL1B	IL1RAP	R-HSA-199418	REACTOME_NEGATIVE_REGULATION_OF_THE_PI3K_AKT_NETWORK	1.43870834615527e-15	1.5324299184191e-15	22.9448405264891	1.54623327292617	2.49196389400449e-10	1	2	4	0.0113333797483716	1	0	7.00473502052327	2.92660586250366
TGM2	ITGA4	R-HSA-198933	REACTOME_IMMUNOREGULATORY_INTERACTIONS_BETWEEN_A_LYMPHOID_AND_A_NON_LYMPHOID_CELL	1.60657156411109e-15	1.70927476912276e-15	2.08250749396369	14.2177645859284	1.55948900072745e-08	1	1	2	0.000320965889130642	1	0	-3.92662881622739	1.32247849712401
UBC	NOTCH2	R-HSA-2979096	REACTOME_NOTCH2_ACTIVATION_AND_TRANSMISSION_OF_SIGNAL_TO_THE_NUCLEUS	1.71119357180525e-15	1.81850901815564e-15	4.45515494948184	1.30196708641077	1.80217835800035e-09	1	2	5	0.0209637596775827	1	0	1.76337487711574	4.70339172314515
SPP1	ITGA5	R-HSA-1566977	REACTOME_FIBRONECTIN_MATRIX_FORMATION	2.47677446724987e-15	2.62910455976865e-15	2.48316027446823	3.30413921514521	3.68063265435678e-09	1	1	2	0.000820317532127838	1	0	5.86094786860777	6.77052758759515
SEMA6D	TYROBP	R-HSA-416700	REACTOME_OTHER_SEMAPHORIN_INTERACTIONS	3.61168143075545e-15	3.82945061827541e-15	13.9981268572968	11.6058574292547	1.22784939604611e-10	1	1	3	0.0308689207016555	1	0	2.75860312595803	5.4437371873471
DLL4	NOTCH2	R-HSA-2197563	REACTOME_NOTCH2_INTRACELLULAR_DOMAIN_REGULATES_TRANSCRIPTION	3.63662588249584e-15	3.85151741191605e-15	5.84857908909275	1.30196708641077	8.97572298375643e-07	1	3	7	0.0114484591387472	1	0	5.18180330917273	4.70339172314515
SPP1	ITGA4	R-HSA-198933	REACTOME_IMMUNOREGULATORY_INTERACTIONS_BETWEEN_A_LYMPHOID_AND_A_NON_LYMPHOID_CELL	4.62855460972389e-15	4.89649590949224e-15	2.48316027446823	14.2177645859284	4.49290910182671e-08	1	1	2	0.000320965889130642	1	0	5.86094786860777	1.32247849712401
ITGAM	ITGB2	R-HSA-216083	REACTOME_INTEGRIN_CELL_SURFACE_INTERACTIONS	4.85836597563779e-15	5.13378354795286e-15	16.520951548423	12.8533529814336	8.18897553960642e-14	1	1	3	0.390020005647983	1	0	8.61288368511798	3.08728602356773
HBEGF	ERBB4	R-HSA-1250347	REACTOME_SHC1_EVENTS_IN_ERBB4_SIGNALING	7.18369423988892e-15	7.58233638910133e-15	5.13573038218583	6.06984533272091	8.43608407387218e-12	1	3	6	0.0901046547405808	1	0	2.52886127252879	-5.6788528815602
ADAM28	ITGA4	R-HSA-198933	REACTOME_IMMUNOREGULATORY_INTERACTIONS_BETWEEN_A_LYMPHOID_AND_A_NON_LYMPHOID_CELL	7.31745305019843e-15	7.71478081763001e-15	11.0682728217172	14.2177645859284	7.10300605341402e-08	1	1	2	0.000320965889130642	1	0	4.82363349706814	1.32247849712401
NAMPT	INSR	R-HSA-74713	REACTOME_IRS_ACTIVATION	7.44639384921573e-15	7.84185205363735e-15	5.36306569962384	1.04171106386436	3.05142434507641e-12	1	1	3	0.134631845391144	1	0	-6.34767287398693	6.13214894970815
SEMA6D	TREM2	R-HSA-416700	REACTOME_OTHER_SEMAPHORIN_INTERACTIONS	9.45844470817442e-15	9.94951520092388e-15	13.9981268572968	12.7708085643686	9.92605870031064e-12	1	1	2	0.0308689207016555	1	0	2.75860312595803	-4.41213425805821
ADAM17	ERBB4	R-HSA-1250196	REACTOME_SHC1_EVENTS_IN_ERBB2_SIGNALING	1.5210106287593e-14	1.59817576776061e-14	1.42436567511293	6.06984533272091	1.74101507335019e-08	1	4	9	0.0477052302732837	1	0	-4.42026671345359	-5.6788528815602
MMP7	ERBB4	R-HSA-1250196	REACTOME_SHC1_EVENTS_IN_ERBB2_SIGNALING	1.9123285894654e-14	2.00708360966414e-14	7.87068940669387	6.06984533272091	2.18893467047867e-08	1	4	9	0.0477052302732837	1	0	-4.36295648351875	-5.6788528815602
UBC	ERBB4	R-HSA-1963640	REACTOME_GRB2_EVENTS_IN_ERBB2_SIGNALING	2.03455300341447e-14	2.13296220380459e-14	4.45515494948184	6.06984533272091	1.90647115615884e-10	1	3	7	0.0901046547405808	1	0	1.76337487711574	-5.6788528815602
IL36G	IL1RAP	R-HSA-199418	REACTOME_NEGATIVE_REGULATION_OF_THE_PI3K_AKT_NETWORK	2.13804736054377e-14	2.2389439775582e-14	14.6544670061859	1.54623327292617	3.70327790228284e-09	1	2	4	0.0113333797483716	1	0	0.965375892102978	2.92660586250366
PSEN1	NOTCH2	R-HSA-2979096	REACTOME_NOTCH2_ACTIVATION_AND_TRANSMISSION_OF_SIGNAL_TO_THE_NUCLEUS	2.37517253245364e-14	2.4844677892781e-14	1.00594602507271	1.30196708641077	2.50146132210459e-08	1	2	5	0.0209637596775827	1	0	-2.92590208182952	4.70339172314515
HSPH1	SCARF1	R-HSA-2173782	REACTOME_BINDING_AND_UPTAKE_OF_LIGANDS_BY_SCAVENGER_RECEPTORS	2.57980536996658e-14	2.69549170942697e-14	2.76337270558703	3.63382988534565	2.88748832100705e-12	1	2	5	0.215563758275635	1	0	4.6459537099694	0.528152568822321
NRG1	ERBB4	R-HSA-1250196	REACTOME_SHC1_EVENTS_IN_ERBB2_SIGNALING	2.65030189877479e-14	2.76604856624647e-14	8.55249521073386	6.06984533272091	3.03365109187923e-08	1	4	9	0.0477052302732837	1	0	7.39381963444358	-5.6788528815602
IL12B	IL12RB1	R-HSA-9020591	REACTOME_INTERLEUKIN_12_SIGNALING	2.71643580934875e-14	2.83189952384009e-14	9.29231243718672	6.12162004572809	2.24242958731938e-08	1	2	4	0.00672675706865881	1	0	5.48441117145955	5.68034993293601
MMP12	PLAUR	R-HSA-75205	REACTOME_DISSOLUTION_OF_FIBRIN_CLOT	3.14343346606874e-14	3.27338546410734e-14	8.40176566358042	5.89541821685176	2.36646094605175e-11	1	1	3	0.109926308424	1	0	-0.235982743850185	-6.16734210547707
HSPH1	SCARF1	R-HSA-3000484	REACTOME_SCAVENGING_BY_CLASS_F_RECEPTORS	8.72358982128635e-14	9.07409119803447e-14	2.76337270558703	3.63382988534565	2.88748832100705e-12	1	1	3	0.311452389313339	1	0	4.6459537099694	0.528152568822321
ABCA1	RXRA	R-HSA-192105	REACTOME_SYNTHESIS_OF_BILE_ACIDS_AND_BILE_SALTS	1.13320778574674e-13	1.17611320302445e-13	4.32737687338231	1.89848995961651	6.4210919337297e-11	1	3	6	0.108999146123181	1	0	-6.34767287398693	7.19596111162888
ABCA1	RXRA	R-HSA-193368	REACTOME_SYNTHESIS_OF_BILE_ACIDS_AND_BILE_SALTS_VIA_7ALPHA_HYDROXYCHOLESTEROL	1.13320778574674e-13	1.17611320302445e-13	4.32737687338231	1.89848995961651	6.4210919337297e-11	1	3	6	0.108999146123181	1	0	-6.34767287398693	7.19596111162888
FYN	SPN	R-HSA-210991	REACTOME_BASIGIN_INTERACTIONS	1.21251796177504e-13	1.25702640753541e-13	2.48737842852703	3.23728038208634	3.86007520978033e-13	1	1	2	0.560462045012291	1	0	7.12853732925553	-0.979609171006205
UBC	ERBB4	R-HSA-1250347	REACTOME_SHC1_EVENTS_IN_ERBB4_SIGNALING	1.62344350092831e-13	1.68116593651687e-13	4.45515494948184	6.06984533272091	1.90647115615884e-10	1	3	6	0.0901046547405808	1	0	1.76337487711574	-5.6788528815602
SHANK1	ABCA1	R-HSA-8963896	REACTOME_HDL_ASSEMBLY	3.96246610003054e-13	4.09425543816903e-13	1.77551547916988	4.32737687338231	8.78959508145051e-09	1	1	2	0.00671426295232872	1	0	7.29882145566935	-6.34767287398693
SHANK1	ABCA1	R-HSA-8963898	REACTOME_PLASMA_LIPOPROTEIN_ASSEMBLY	3.96246610003054e-13	4.09425543816903e-13	1.77551547916988	4.32737687338231	8.78959508145051e-09	1	1	2	0.00671426295232872	1	0	7.29882145566935	-6.34767287398693
ABCA1	RXRA	R-HSA-9031528	REACTOME_NR1H2_NR1H3_REGULATE_GENE_EXPRESSION_LINKED_TO_TRIGLYCERIDE_LIPOLYSIS_IN_ADIPOSE	5.94663141546946e-13	6.13081911417869e-13	4.32737687338231	1.89848995961651	6.4210919337297e-11	1	1	3	0.210000684811491	1	0	-6.34767287398693	7.19596111162888
ABCA1	RXRA	R-HSA-9632974	REACTOME_NR1H2_NR1H3_REGULATE_GENE_EXPRESSION_LINKED_TO_GLUCONEOGENESIS	5.94663141546946e-13	6.13081911417869e-13	4.32737687338231	1.89848995961651	6.4210919337297e-11	1	1	3	0.210000684811491	1	0	-6.34767287398693	7.19596111162888
DLL4	NOTCH2	R-HSA-2979096	REACTOME_NOTCH2_ACTIVATION_AND_TRANSMISSION_OF_SIGNAL_TO_THE_NUCLEUS	8.52257458532063e-13	8.77683924145727e-13	5.84857908909275	1.30196708641077	8.97572298375643e-07	1	2	5	0.0209637596775827	1	0	5.18180330917273	4.70339172314515
FYN	CSF1R	R-HSA-449836	REACTOME_OTHER_INTERLEUKIN_SIGNALING	1.74009674882117e-12	1.79003330011185e-12	2.48737842852703	12.1632992546591	2.57518274595616e-12	1	1	2	0.822020542613115	1	0	7.12853732925553	0.522827297546277
ADAM17	ITGA5	R-HSA-8941332	REACTOME_RUNX2_REGULATES_GENES_INVOLVED_IN_CELL_MIGRATION	1.82526095127684e-12	1.87557134133409e-12	1.42436567511293	3.30413921514521	1.53653381245957e-09	1	1	2	0.0344660426098997	1	0	-4.42026671345359	6.77052758759515
ADAM17	ERBB4	R-HSA-1963640	REACTOME_GRB2_EVENTS_IN_ERBB2_SIGNALING	1.85798113705078e-12	1.90709077062921e-12	1.42436567511293	6.06984533272091	1.74101507335019e-08	1	3	7	0.0901046547405808	1	0	-4.42026671345359	-5.6788528815602
FYN	CD86	R-HSA-389359	REACTOME_CD28_DEPENDENT_VAV1_PATHWAY	2.1651711503267e-12	2.21995545886082e-12	2.48737842852703	6.51685975119614	1.2041066318597e-09	1	3	6	0.1095358996765	1	0	7.12853732925553	-0.138257965852884
MMP7	ERBB4	R-HSA-1963640	REACTOME_GRB2_EVENTS_IN_ERBB2_SIGNALING	2.33599317446448e-12	2.39246773472626e-12	7.87068940669387	6.06984533272091	2.18893467047867e-08	1	3	7	0.0901046547405808	1	0	-4.36295648351875	-5.6788528815602
ABCA1	RXRA	R-HSA-194068	REACTOME_BILE_ACID_AND_BILE_SALT_METABOLISM	2.34306101393414e-12	2.397072299656e-12	4.32737687338231	1.89848995961651	6.4210919337297e-11	1	3	7	0.316915641552373	1	0	-6.34767287398693	7.19596111162888
NRG1	ERBB4	R-HSA-1963640	REACTOME_GRB2_EVENTS_IN_ERBB2_SIGNALING	3.23745991139466e-12	3.30845683927612e-12	8.55249521073386	6.06984533272091	3.03365109187923e-08	1	3	7	0.0901046547405808	1	0	7.39381963444358	-5.6788528815602
FYN	CD80	R-HSA-389359	REACTOME_CD28_DEPENDENT_VAV1_PATHWAY	4.11506897443664e-12	4.20070567817628e-12	2.48737842852703	9.34682293774652	2.2884943030631e-09	1	3	6	0.1095358996765	1	0	7.12853732925553	5.76961271773571
SPP1	ITGA5	R-HSA-8941332	REACTOME_RUNX2_REGULATES_GENES_INVOLVED_IN_CELL_MIGRATION	4.37225331816033e-12	4.45835896337574e-12	2.48316027446823	3.30413921514521	3.68063265435678e-09	1	1	2	0.0344660426098997	1	0	5.86094786860777	6.77052758759515
ADAM17	ERBB4	R-HSA-1250347	REACTOME_SHC1_EVENTS_IN_ERBB4_SIGNALING	1.4825504161014e-11	1.51009506864099e-11	1.42436567511293	6.06984533272091	1.74101507335019e-08	1	3	6	0.0901046547405808	1	0	-4.42026671345359	-5.6788528815602
MMP7	ERBB4	R-HSA-1250347	REACTOME_SHC1_EVENTS_IN_ERBB4_SIGNALING	1.8639735268301e-11	1.89653201638172e-11	7.87068940669387	6.06984533272091	2.18893467047867e-08	1	3	6	0.0901046547405808	1	0	-4.36295648351875	-5.6788528815602
CD274	CD80	R-HSA-389359	REACTOME_CD28_DEPENDENT_VAV1_PATHWAY	1.90045725944498e-11	1.93154434656785e-11	8.02352901125857	9.34682293774652	1.05689251832046e-08	1	3	6	0.1095358996765	1	0	8.48808091653585	5.76961271773571
ABCA1	RXRA	R-HSA-159418	REACTOME_RECYCLING_OF_BILE_ACIDS_AND_SALTS	2.37095986971324e-11	2.40449901912159e-11	4.32737687338231	1.89848995961651	6.4210919337297e-11	1	1	3	0.717417178766719	1	0	-6.34767287398693	7.19596111162888
ABCA1	RXRA	R-HSA-193807	REACTOME_SYNTHESIS_OF_BILE_ACIDS_AND_BILE_SALTS_VIA_27_HYDROXYCHOLESTEROL	2.37095986971324e-11	2.40449901912159e-11	4.32737687338231	1.89848995961651	6.4210919337297e-11	1	1	3	0.717417178766719	1	0	-6.34767287398693	7.19596111162888
NRG1	ERBB4	R-HSA-1250347	REACTOME_SHC1_EVENTS_IN_ERBB4_SIGNALING	2.58328647317079e-11	2.61698151412519e-11	8.55249521073386	6.06984533272091	3.03365109187923e-08	1	3	6	0.0901046547405808	1	0	7.39381963444358	-5.6788528815602
ABCA1	RXRA	R-HSA-211976	REACTOME_ENDOGENOUS_STEROLS	3.3048551664027e-11	3.3443268350568e-11	4.32737687338231	1.89848995961651	6.4210919337297e-11	1	1	2	0.717417178766719	1	0	-6.34767287398693	7.19596111162888
CD86	CD80	R-HSA-389359	REACTOME_CD28_DEPENDENT_VAV1_PATHWAY	6.32285708035102e-11	6.38451007463397e-11	6.51685975119614	9.34682293774652	3.51630130560484e-08	1	3	6	0.1095358996765	1	0	-0.138257965852884	5.76961271773571
CD80	CD86	R-HSA-389359	REACTOME_CD28_DEPENDENT_VAV1_PATHWAY	6.32285708035102e-11	6.38451007463397e-11	9.34682293774652	6.51685975119614	3.51630130560484e-08	1	3	6	0.1095358996765	1	0	5.76961271773571	-0.138257965852884
GZMB	CHRM3	R-HSA-163685	REACTOME_INTEGRATION_OF_ENERGY_METABOLISM	2.44280646928255e-10	2.46129257229333e-10	13.7444662178052	13.1783628269194	7.31888853222825e-09	1	2	4	0.215076893659531	1	0	-5.29814381018189	5.99273229290834
GZMB	CHRM3	R-HSA-422356	REACTOME_REGULATION_OF_INSULIN_SECRETION	2.44280646928255e-10	2.46129257229333e-10	13.7444662178052	13.1783628269194	7.31888853222825e-09	1	2	4	0.215076893659531	1	0	-5.29814381018189	5.99273229290834
CSF2	CSF1R	R-HSA-449836	REACTOME_OTHER_INTERLEUKIN_SIGNALING	6.71840729050517e-10	6.76193908720391e-10	7.25559834194749	12.1632992546591	9.94262333202773e-10	1	1	2	0.822020542613115	1	0	-5.00521631617233	0.522827297546277
UBC	TGFBR1	R-HSA-3304349	REACTOME_LOSS_OF_FUNCTION_OF_SMAD2_3_IN_CANCER	1.25801179918781e-09	1.26343426383948e-09	4.45515494948184	1.01672426175283	6.56989913766533e-09	1	2	5	0.503164882198377	1	0	1.76337487711574	5.4136516831527
UBC	TGFBR1	R-HSA-3304351	REACTOME_SIGNALING_BY_TGF_BETA_RECEPTOR_COMPLEX_IN_CANCER	1.25801179918781e-09	1.26343426383948e-09	4.45515494948184	1.01672426175283	6.56989913766533e-09	1	2	5	0.503164882198377	1	0	1.76337487711574	5.4136516831527
TGFB1	TGFBR1	R-HSA-3304349	REACTOME_LOSS_OF_FUNCTION_OF_SMAD2_3_IN_CANCER	3.47158392481229e-09	3.47904969669361e-09	3.32181668684796	1.01672426175283	1.81301608209735e-08	1	2	5	0.503164882198377	1	0	-5.58331359087569	5.4136516831527
TGFB1	TGFBR1	R-HSA-3304351	REACTOME_SIGNALING_BY_TGF_BETA_RECEPTOR_COMPLEX_IN_CANCER	3.47158392481229e-09	3.47904969669361e-09	3.32181668684796	1.01672426175283	1.81301608209735e-08	1	2	5	0.503164882198377	1	0	-5.58331359087569	5.4136516831527
TGFB3	TGFBR1	R-HSA-3304349	REACTOME_LOSS_OF_FUNCTION_OF_SMAD2_3_IN_CANCER	2.33535986236672e-05	2.33535986236672e-05	1.28827757204938	1.01672426175283	0.000121962916053785	1	2	5	0.503164882198377	1	0	1.04372229982068	5.4136516831527
TGFB3	TGFBR1	R-HSA-3304351	REACTOME_SIGNALING_BY_TGF_BETA_RECEPTOR_COMPLEX_IN_CANCER	2.33535986236672e-05	2.33535986236672e-05	1.28827757204938	1.01672426175283	0.000121962916053785	1	2	5	0.503164882198377	1	0	1.04372229982068	5.4136516831527
