L	R	pw.id	pw.name	pval	qval	L.logFC	R.logFC	LR.pval	LR.corr	rank	len	rank.pval	rank.corr	LR.score	L.expr	R.expr
ANXA1	EGFR	R-HSA-5683057	REACTOME_MAPK_FAMILY_SIGNALING_CASCADES	0	0	2.7077812217246	2.78295784689883	2.56737378682862e-19	1	75	137	1.12169822239256e-08	1	0	7.68275466234545	5.81170270821198
ANXA1	EGFR	R-HSA-9006925	REACTOME_INTRACELLULAR_SIGNALING_BY_SECOND_MESSENGERS	0	0	2.7077812217246	2.78295784689883	2.56737378682862e-19	1	87	159	5.90656681748389e-08	1	0	7.68275466234545	5.81170270821198
APP	GPC1	R-HSA-9694516	REACTOME_SARS_COV_2_INFECTION	0	0	1.25658697558778	4.90779964490746	1.54731167867099e-18	1	77	141	1.75591248611867e-06	1	0	7.47779934429022	0.670420105488671
APP	GPC1	R-HSA-9833110	REACTOME_RSV_HOST_INTERACTIONS	0	0	1.25658697558778	4.90779964490746	1.54731167867099e-18	1	1	3	4.15507290069261e-17	1	0	7.47779934429022	0.670420105488671
BDNF	DDR1	R-HSA-1474244	REACTOME_EXTRACELLULAR_MATRIX_ORGANIZATION	0	0	3.22094347923559	6.71842083665385	1.03201102997805e-25	1	42	77	4.43816643011914e-11	1	0	0.427088577955364	6.23023631181008
BMP6	BMPR1A	R-HSA-9006936	REACTOME_SIGNALING_BY_TGFB_FAMILY_MEMBERS	0	0	2.26829748430767	1.58973666179041	7.2293694647516e-14	1	57	104	6.7273276810707e-08	1	0	7.23582165750706	3.32130477919495
BMP7	BMPR1A	R-HSA-9006936	REACTOME_SIGNALING_BY_TGFB_FAMILY_MEMBERS	0	0	9.84989973304154	1.58973666179041	1.34513144002718e-25	1	57	104	6.7273276810707e-08	1	0	4.36090428430798	3.32130477919495
BMP7	BMPR1B	R-HSA-9006936	REACTOME_SIGNALING_BY_TGFB_FAMILY_MEMBERS	0	0	9.84989973304154	9.23288164730272	1.15328704408859e-34	1	56	103	1.64044711267114e-07	1	0	4.36090428430798	7.32555296377402
CDH1	EGFR	R-HSA-416476	REACTOME_G_ALPHA_Q_SIGNALLING_EVENTS	0	0	14.3361338797864	2.78295784689883	2.13296038644674e-35	1	32	59	3.9042367237026e-12	1	0	-3.29081622051826	5.81170270821198
CDH1	EGFR	R-HSA-5683057	REACTOME_MAPK_FAMILY_SIGNALING_CASCADES	0	0	14.3361338797864	2.78295784689883	2.13296038644674e-35	1	75	137	1.12169822239256e-08	1	0	-3.29081622051826	5.81170270821198
CDH1	EGFR	R-HSA-9006925	REACTOME_INTRACELLULAR_SIGNALING_BY_SECOND_MESSENGERS	0	0	14.3361338797864	2.78295784689883	2.13296038644674e-35	1	87	159	5.90656681748389e-08	1	0	-3.29081622051826	5.81170270821198
CDH1	ERBB3	R-HSA-5683057	REACTOME_MAPK_FAMILY_SIGNALING_CASCADES	0	0	14.3361338797864	9.09909784607182	1.718754504566e-41	1	74	136	1.26218271362278e-08	1	0	-3.29081622051826	4.9842892437399
CDH1	ERBB3	R-HSA-9006925	REACTOME_INTRACELLULAR_SIGNALING_BY_SECOND_MESSENGERS	0	0	14.3361338797864	9.09909784607182	1.718754504566e-41	1	86	158	1.0488751829578e-07	1	0	-3.29081622051826	4.9842892437399
CLCF1	IL6ST	R-HSA-5683057	REACTOME_MAPK_FAMILY_SIGNALING_CASCADES	0	0	2.37202530845207	2.36421696357824	2.90068319328239e-19	1	75	137	1.12169822239256e-08	1	0	-6.01378384650083	2.53240000666997
COL11A1	DDR1	R-HSA-1474244	REACTOME_EXTRACELLULAR_MATRIX_ORGANIZATION	0	0	6.66127870309466	6.71842083665385	3.44930477520364e-24	1	42	77	4.43816643011914e-11	1	0	6.57732179506058	6.23023631181008
COL18A1	GPC1	R-HSA-9694516	REACTOME_SARS_COV_2_INFECTION	0	0	3.25983197505071	4.90779964490746	6.91163763028142e-24	1	77	141	1.75591248611867e-06	1	0	6.43761926723443	0.670420105488671
COL18A1	GPC1	R-HSA-9833110	REACTOME_RSV_HOST_INTERACTIONS	0	0	3.25983197505071	4.90779964490746	6.91163763028142e-24	1	1	3	4.15507290069261e-17	1	0	6.43761926723443	0.670420105488671
COL18A1	ITGA3	R-HSA-1474244	REACTOME_EXTRACELLULAR_MATRIX_ORGANIZATION	0	0	3.25983197505071	1.43205767826489	4.59216681762581e-14	1	40	74	3.63566671855032e-11	1	0	6.43761926723443	4.89650700834186
COL18A1	ITGB3	R-HSA-1474244	REACTOME_EXTRACELLULAR_MATRIX_ORGANIZATION	0	0	3.25983197505071	3.24113977349228	7.9579855045294e-22	1	40	74	2.80562627429565e-11	1	0	6.43761926723443	-5.39454496662179
COL18A1	ITGB3	R-HSA-5683057	REACTOME_MAPK_FAMILY_SIGNALING_CASCADES	0	0	3.25983197505071	3.24113977349228	7.9579855045294e-22	1	74	136	1.12169822239256e-08	1	0	6.43761926723443	-5.39454496662179
COL18A1	ITGB3	R-HSA-76002	REACTOME_PLATELET_ACTIVATION_SIGNALING_AND_AGGREGATION	0	0	3.25983197505071	3.24113977349228	7.9579855045294e-22	1	42	78	2.51979861956075e-10	1	0	6.43761926723443	-5.39454496662179
COL1A1	DDR1	R-HSA-1474244	REACTOME_EXTRACELLULAR_MATRIX_ORGANIZATION	0	0	11.6478671767256	6.71842083665385	8.37505493797527e-29	1	42	77	4.43816643011914e-11	1	0	-2.01578036107913	6.23023631181008
COL1A2	ITGB3	R-HSA-1474244	REACTOME_EXTRACELLULAR_MATRIX_ORGANIZATION	0	0	15.6937572852742	3.24113977349228	9.40316855048686e-29	1	40	74	2.80562627429565e-11	1	0	5.77125570056243	-5.39454496662179
COL1A2	ITGB3	R-HSA-5683057	REACTOME_MAPK_FAMILY_SIGNALING_CASCADES	0	0	15.6937572852742	3.24113977349228	9.40316855048686e-29	1	74	136	1.12169822239256e-08	1	0	5.77125570056243	-5.39454496662179
COL1A2	ITGB3	R-HSA-76002	REACTOME_PLATELET_ACTIVATION_SIGNALING_AND_AGGREGATION	0	0	15.6937572852742	3.24113977349228	9.40316855048686e-29	1	42	78	2.51979861956075e-10	1	0	5.77125570056243	-5.39454496662179
COL2A1	DDR1	R-HSA-1474244	REACTOME_EXTRACELLULAR_MATRIX_ORGANIZATION	0	0	12.1682583046431	6.71842083665385	1.25883266181194e-31	1	42	77	4.43816643011914e-11	1	0	5.90519831354936	6.23023631181008
COL2A1	ITGA10	R-HSA-1474244	REACTOME_EXTRACELLULAR_MATRIX_ORGANIZATION	0	0	12.1682583046431	2.57597000920012	6.7641734978095e-28	1	44	80	3.63566671855032e-11	1	0	5.90519831354936	2.88086645512019
COL3A1	DDR1	R-HSA-1474244	REACTOME_EXTRACELLULAR_MATRIX_ORGANIZATION	0	0	15.8426562311643	6.71842083665385	6.07176049483963e-32	1	42	77	4.43816643011914e-11	1	0	2.94167435488316	6.23023631181008
COL4A2	ITGB3	R-HSA-1474244	REACTOME_EXTRACELLULAR_MATRIX_ORGANIZATION	0	0	1.3466555524192	3.24113977349228	1.42947698594562e-15	1	40	74	2.80562627429565e-11	1	0	7.20313784037645	-5.39454496662179
COL4A2	ITGB3	R-HSA-5683057	REACTOME_MAPK_FAMILY_SIGNALING_CASCADES	0	0	1.3466555524192	3.24113977349228	1.42947698594562e-15	1	74	136	1.12169822239256e-08	1	0	7.20313784037645	-5.39454496662179
COL4A2	ITGB3	R-HSA-76002	REACTOME_PLATELET_ACTIVATION_SIGNALING_AND_AGGREGATION	0	0	1.3466555524192	3.24113977349228	1.42947698594562e-15	1	42	78	2.51979861956075e-10	1	0	7.20313784037645	-5.39454496662179
COL4A3	ITGA3	R-HSA-1474244	REACTOME_EXTRACELLULAR_MATRIX_ORGANIZATION	0	0	8.62407894562393	1.43205767826489	1.35388986504867e-17	1	40	74	3.63566671855032e-11	1	0	0.82100178352364	4.89650700834186
COL4A3	ITGB3	R-HSA-1474244	REACTOME_EXTRACELLULAR_MATRIX_ORGANIZATION	0	0	8.62407894562393	3.24113977349228	2.34622049866144e-25	1	40	74	2.80562627429565e-11	1	0	0.82100178352364	-5.39454496662179
COL4A3	ITGB3	R-HSA-5683057	REACTOME_MAPK_FAMILY_SIGNALING_CASCADES	0	0	8.62407894562393	3.24113977349228	2.34622049866144e-25	1	74	136	1.12169822239256e-08	1	0	0.82100178352364	-5.39454496662179
COL4A3	ITGB3	R-HSA-76002	REACTOME_PLATELET_ACTIVATION_SIGNALING_AND_AGGREGATION	0	0	8.62407894562393	3.24113977349228	2.34622049866144e-25	1	42	78	2.51979861956075e-10	1	0	0.82100178352364	-5.39454496662179
COL4A4	ITGB3	R-HSA-1474244	REACTOME_EXTRACELLULAR_MATRIX_ORGANIZATION	0	0	2.61912453042687	3.24113977349228	4.57461867147628e-22	1	40	74	2.80562627429565e-11	1	0	5.55251303801619	-5.39454496662179
COL4A4	ITGB3	R-HSA-5683057	REACTOME_MAPK_FAMILY_SIGNALING_CASCADES	0	0	2.61912453042687	3.24113977349228	4.57461867147628e-22	1	74	136	1.12169822239256e-08	1	0	5.55251303801619	-5.39454496662179
COL4A4	ITGB3	R-HSA-76002	REACTOME_PLATELET_ACTIVATION_SIGNALING_AND_AGGREGATION	0	0	2.61912453042687	3.24113977349228	4.57461867147628e-22	1	42	78	2.51979861956075e-10	1	0	5.55251303801619	-5.39454496662179
COL5A2	DDR1	R-HSA-1474244	REACTOME_EXTRACELLULAR_MATRIX_ORGANIZATION	0	0	8.59142137467956	6.71842083665385	2.20263780597398e-33	1	42	77	4.43816643011914e-11	1	0	6.33258209620851	6.23023631181008
COMP	ITGB3	R-HSA-1474244	REACTOME_EXTRACELLULAR_MATRIX_ORGANIZATION	0	0	8.99453854548071	3.24113977349228	1.93225167769126e-26	1	40	74	2.80562627429565e-11	1	0	4.26810252217773	-5.39454496662179
COMP	ITGB3	R-HSA-5683057	REACTOME_MAPK_FAMILY_SIGNALING_CASCADES	0	0	8.99453854548071	3.24113977349228	1.93225167769126e-26	1	74	136	1.12169822239256e-08	1	0	4.26810252217773	-5.39454496662179
COMP	ITGB3	R-HSA-76002	REACTOME_PLATELET_ACTIVATION_SIGNALING_AND_AGGREGATION	0	0	8.99453854548071	3.24113977349228	1.93225167769126e-26	1	42	78	2.51979861956075e-10	1	0	4.26810252217773	-5.39454496662179
CTF1	IL6ST	R-HSA-5683057	REACTOME_MAPK_FAMILY_SIGNALING_CASCADES	0	0	8.22538207456949	2.36421696357824	4.07378653125843e-21	1	75	137	1.12169822239256e-08	1	0	-3.43002666883068	2.53240000666997
DCN	EGFR	R-HSA-5683057	REACTOME_MAPK_FAMILY_SIGNALING_CASCADES	0	0	17.3257647468552	2.78295784689883	9.71797728938474e-19	1	75	137	1.12169822239256e-08	1	0	-2.63243594134095	5.81170270821198
DCN	EGFR	R-HSA-9006925	REACTOME_INTRACELLULAR_SIGNALING_BY_SECOND_MESSENGERS	0	0	17.3257647468552	2.78295784689883	9.71797728938474e-19	1	87	159	5.90656681748389e-08	1	0	-2.63243594134095	5.81170270821198
DCN	MET	R-HSA-5683057	REACTOME_MAPK_FAMILY_SIGNALING_CASCADES	0	0	17.3257647468552	3.79679238684995	4.95798811077511e-22	1	74	136	1.26218271362278e-08	1	0	-2.63243594134095	5.97546678596363
DCN	MET	R-HSA-9006925	REACTOME_INTRACELLULAR_SIGNALING_BY_SECOND_MESSENGERS	0	0	17.3257647468552	3.79679238684995	4.95798811077511e-22	1	86	158	1.0488751829578e-07	1	0	-2.63243594134095	5.97546678596363
EFEMP1	EGFR	R-HSA-5683057	REACTOME_MAPK_FAMILY_SIGNALING_CASCADES	0	0	11.6997034417759	2.78295784689883	8.1429949443564e-21	1	75	137	1.12169822239256e-08	1	0	1.01946244719326	5.81170270821198
EFEMP1	EGFR	R-HSA-9006925	REACTOME_INTRACELLULAR_SIGNALING_BY_SECOND_MESSENGERS	0	0	11.6997034417759	2.78295784689883	8.1429949443564e-21	1	87	159	5.90656681748389e-08	1	0	1.01946244719326	5.81170270821198
FBLN2	ITGB3	R-HSA-1474244	REACTOME_EXTRACELLULAR_MATRIX_ORGANIZATION	0	0	17.5000998547113	3.24113977349228	3.3590588362703e-35	1	40	74	2.80562627429565e-11	1	0	6.82089839498334	-5.39454496662179
FBLN2	ITGB3	R-HSA-5683057	REACTOME_MAPK_FAMILY_SIGNALING_CASCADES	0	0	17.5000998547113	3.24113977349228	3.3590588362703e-35	1	74	136	1.12169822239256e-08	1	0	6.82089839498334	-5.39454496662179
FBLN2	ITGB3	R-HSA-76002	REACTOME_PLATELET_ACTIVATION_SIGNALING_AND_AGGREGATION	0	0	17.5000998547113	3.24113977349228	3.3590588362703e-35	1	42	78	2.51979861956075e-10	1	0	6.82089839498334	-5.39454496662179
FBLN2	ITGB3	R-HSA-9006936	REACTOME_SIGNALING_BY_TGFB_FAMILY_MEMBERS	0	0	17.5000998547113	3.24113977349228	3.3590588362703e-35	1	55	101	1.64044711267114e-07	1	0	6.82089839498334	-5.39454496662179
FBN1	ITGB3	R-HSA-1474244	REACTOME_EXTRACELLULAR_MATRIX_ORGANIZATION	0	0	6.55908628413473	3.24113977349228	1.65923984907937e-23	1	40	74	2.80562627429565e-11	1	0	3.99266837107762	-5.39454496662179
FBN1	ITGB3	R-HSA-5683057	REACTOME_MAPK_FAMILY_SIGNALING_CASCADES	0	0	6.55908628413473	3.24113977349228	1.65923984907937e-23	1	74	136	1.12169822239256e-08	1	0	3.99266837107762	-5.39454496662179
FBN1	ITGB3	R-HSA-76002	REACTOME_PLATELET_ACTIVATION_SIGNALING_AND_AGGREGATION	0	0	6.55908628413473	3.24113977349228	1.65923984907937e-23	1	42	78	2.51979861956075e-10	1	0	3.99266837107762	-5.39454496662179
FGF2	FGFR2	R-HSA-5683057	REACTOME_MAPK_FAMILY_SIGNALING_CASCADES	0	0	1.70513973428035	12.4701828090957	5.42728562212532e-30	1	73	134	1.26218271362278e-08	1	0	-0.194671018551907	-6.36051979772941
FGF2	FGFR2	R-HSA-9006925	REACTOME_INTRACELLULAR_SIGNALING_BY_SECOND_MESSENGERS	0	0	1.70513973428035	12.4701828090957	5.42728562212532e-30	1	86	157	5.90656681748389e-08	1	0	-0.194671018551907	-6.36051979772941
FGF2	FGFR3	R-HSA-5683057	REACTOME_MAPK_FAMILY_SIGNALING_CASCADES	0	0	1.70513973428035	4.85646853460732	2.587332934115e-18	1	74	136	1.12169822239256e-08	1	0	-0.194671018551907	4.42416595366005
FGF2	FGFR3	R-HSA-9006925	REACTOME_INTRACELLULAR_SIGNALING_BY_SECOND_MESSENGERS	0	0	1.70513973428035	4.85646853460732	2.587332934115e-18	1	86	158	5.90656681748389e-08	1	0	-0.194671018551907	4.42416595366005
FGF2	SDC1	R-HSA-1474244	REACTOME_EXTRACELLULAR_MATRIX_ORGANIZATION	0	0	1.70513973428035	4.97371489672129	3.9219511460425e-14	1	44	80	2.80562627429565e-11	1	0	-0.194671018551907	-1.36985696537123
FGF2	SDC1	R-HSA-9694516	REACTOME_SARS_COV_2_INFECTION	0	0	1.70513973428035	4.97371489672129	3.9219511460425e-14	1	77	140	1.75591248611867e-06	1	0	-0.194671018551907	-1.36985696537123
FGF2	SDC1	R-HSA-9833110	REACTOME_RSV_HOST_INTERACTIONS	0	0	1.70513973428035	4.97371489672129	3.9219511460425e-14	1	1	3	4.15507290069261e-17	1	0	-0.194671018551907	-1.36985696537123
FGF2	SDC4	R-HSA-1474244	REACTOME_EXTRACELLULAR_MATRIX_ORGANIZATION	0	0	1.70513973428035	1.77570057185383	2.25371048202856e-14	1	44	81	2.80562627429565e-11	1	0	-0.194671018551907	2.92131411044688
FGF2	SDC4	R-HSA-9694516	REACTOME_SARS_COV_2_INFECTION	0	0	1.70513973428035	1.77570057185383	2.25371048202856e-14	1	77	141	1.75591248611867e-06	1	0	-0.194671018551907	2.92131411044688
FGF2	SDC4	R-HSA-9833110	REACTOME_RSV_HOST_INTERACTIONS	0	0	1.70513973428035	1.77570057185383	2.25371048202856e-14	1	1	3	4.15507290069261e-17	1	0	-0.194671018551907	2.92131411044688
FN1	IL17RC	R-HSA-9694516	REACTOME_SARS_COV_2_INFECTION	0	0	3.91871645826014	8.25370385013744	4.47407155604414e-20	1	77	141	1.75591248611867e-06	1	0	7.84296292746818	7.56858173365509
FN1	ITGA3	R-HSA-1474244	REACTOME_EXTRACELLULAR_MATRIX_ORGANIZATION	0	0	3.91871645826014	1.43205767826489	1.0841305007712e-06	1	40	74	3.63566671855032e-11	1	0	7.84296292746818	4.89650700834186
FN1	ITGB3	R-HSA-1474244	REACTOME_EXTRACELLULAR_MATRIX_ORGANIZATION	0	0	3.91871645826014	3.24113977349228	1.87874159471756e-14	1	40	74	2.80562627429565e-11	1	0	7.84296292746818	-5.39454496662179
FN1	ITGB3	R-HSA-5683057	REACTOME_MAPK_FAMILY_SIGNALING_CASCADES	0	0	3.91871645826014	3.24113977349228	1.87874159471756e-14	1	74	136	1.12169822239256e-08	1	0	7.84296292746818	-5.39454496662179
FN1	ITGB3	R-HSA-76002	REACTOME_PLATELET_ACTIVATION_SIGNALING_AND_AGGREGATION	0	0	3.91871645826014	3.24113977349228	1.87874159471756e-14	1	42	78	2.51979861956075e-10	1	0	7.84296292746818	-5.39454496662179
HSPG2	PTPRS	R-HSA-1474244	REACTOME_EXTRACELLULAR_MATRIX_ORGANIZATION	0	0	3.09676104986744	1.35610870695066	5.69065720464032e-12	1	44	81	2.80562627429565e-11	1	0	2.05397683291469	-4.90302497933359
HSPG2	SDC1	R-HSA-1474244	REACTOME_EXTRACELLULAR_MATRIX_ORGANIZATION	0	0	3.09676104986744	4.97371489672129	1.55109258885375e-15	1	44	80	2.80562627429565e-11	1	0	2.05397683291469	-1.36985696537123
HSPG2	SDC1	R-HSA-9694516	REACTOME_SARS_COV_2_INFECTION	0	0	3.09676104986744	4.97371489672129	1.55109258885375e-15	1	77	140	1.75591248611867e-06	1	0	2.05397683291469	-1.36985696537123
HSPG2	SDC1	R-HSA-9833110	REACTOME_RSV_HOST_INTERACTIONS	0	0	3.09676104986744	4.97371489672129	1.55109258885375e-15	1	1	3	4.15507290069261e-17	1	0	2.05397683291469	-1.36985696537123
L1CAM	EGFR	R-HSA-416476	REACTOME_G_ALPHA_Q_SIGNALLING_EVENTS	0	0	6.16331281736985	2.78295784689883	8.85758904323062e-24	1	32	59	3.9042367237026e-12	1	0	5.88961647399386	5.81170270821198
L1CAM	EGFR	R-HSA-5683057	REACTOME_MAPK_FAMILY_SIGNALING_CASCADES	0	0	6.16331281736985	2.78295784689883	8.85758904323062e-24	1	75	137	1.12169822239256e-08	1	0	5.88961647399386	5.81170270821198
L1CAM	EGFR	R-HSA-9006925	REACTOME_INTRACELLULAR_SIGNALING_BY_SECOND_MESSENGERS	0	0	6.16331281736985	2.78295784689883	8.85758904323062e-24	1	87	159	5.90656681748389e-08	1	0	5.88961647399386	5.81170270821198
L1CAM	ERBB2	R-HSA-5683057	REACTOME_MAPK_FAMILY_SIGNALING_CASCADES	0	0	6.16331281736985	5.3918454128273	1.47975155580914e-32	1	74	136	1.26218271362278e-08	1	0	5.88961647399386	0.2885538415546
L1CAM	ERBB2	R-HSA-9006925	REACTOME_INTRACELLULAR_SIGNALING_BY_SECOND_MESSENGERS	0	0	6.16331281736985	5.3918454128273	1.47975155580914e-32	1	86	158	1.0488751829578e-07	1	0	5.88961647399386	0.2885538415546
L1CAM	ERBB3	R-HSA-5683057	REACTOME_MAPK_FAMILY_SIGNALING_CASCADES	0	0	6.16331281736985	9.09909784607182	7.13750764636023e-30	1	74	136	1.26218271362278e-08	1	0	5.88961647399386	4.9842892437399
L1CAM	ERBB3	R-HSA-9006925	REACTOME_INTRACELLULAR_SIGNALING_BY_SECOND_MESSENGERS	0	0	6.16331281736985	9.09909784607182	7.13750764636023e-30	1	86	158	1.0488751829578e-07	1	0	5.88961647399386	4.9842892437399
L1CAM	FGFR2	R-HSA-5683057	REACTOME_MAPK_FAMILY_SIGNALING_CASCADES	0	0	6.16331281736985	12.4701828090957	1.09979507447957e-39	1	73	134	1.26218271362278e-08	1	0	5.88961647399386	-6.36051979772941
L1CAM	FGFR2	R-HSA-9006925	REACTOME_INTRACELLULAR_SIGNALING_BY_SECOND_MESSENGERS	0	0	6.16331281736985	12.4701828090957	1.09979507447957e-39	1	86	157	5.90656681748389e-08	1	0	5.88961647399386	-6.36051979772941
LAMA1	GPC1	R-HSA-9694516	REACTOME_SARS_COV_2_INFECTION	0	0	19.4121541047617	4.90779964490746	1.47161281929925e-23	1	77	141	1.75591248611867e-06	1	0	5.04833152876336	0.670420105488671
LAMA1	GPC1	R-HSA-9833110	REACTOME_RSV_HOST_INTERACTIONS	0	0	19.4121541047617	4.90779964490746	1.47161281929925e-23	1	1	3	4.15507290069261e-17	1	0	5.04833152876336	0.670420105488671
LAMA1	ITGA3	R-HSA-1474244	REACTOME_EXTRACELLULAR_MATRIX_ORGANIZATION	0	0	19.4121541047617	1.43205767826489	9.77755478321223e-14	1	40	74	3.63566671855032e-11	1	0	5.04833152876336	4.89650700834186
LAMA1	ITGA7	R-HSA-1474244	REACTOME_EXTRACELLULAR_MATRIX_ORGANIZATION	0	0	19.4121541047617	1.74964071687458	7.68768110875204e-20	1	42	77	3.63566671855032e-11	1	0	5.04833152876336	3.34330487821446
LAMA1	ITGB4	R-HSA-1474244	REACTOME_EXTRACELLULAR_MATRIX_ORGANIZATION	0	0	19.4121541047617	7.1327068911155	8.30736038497547e-28	1	44	81	6.74222929983704e-11	1	0	5.04833152876336	3.5750195739368
LAMA1	SDC4	R-HSA-1474244	REACTOME_EXTRACELLULAR_MATRIX_ORGANIZATION	0	0	19.4121541047617	1.77570057185383	4.74046768305835e-19	1	44	81	2.80562627429565e-11	1	0	5.04833152876336	2.92131411044688
LAMA1	SDC4	R-HSA-9694516	REACTOME_SARS_COV_2_INFECTION	0	0	19.4121541047617	1.77570057185383	4.74046768305835e-19	1	77	141	1.75591248611867e-06	1	0	5.04833152876336	2.92131411044688
LAMA1	SDC4	R-HSA-9833110	REACTOME_RSV_HOST_INTERACTIONS	0	0	19.4121541047617	1.77570057185383	4.74046768305835e-19	1	1	3	4.15507290069261e-17	1	0	5.04833152876336	2.92131411044688
LAMA5	ITGA3	R-HSA-1474244	REACTOME_EXTRACELLULAR_MATRIX_ORGANIZATION	0	0	5.8870821214992	1.43205767826489	1.35668903819104e-15	1	40	74	3.63566671855032e-11	1	0	-3.29459552152133	4.89650700834186
LAMA5	ITGB4	R-HSA-1474244	REACTOME_EXTRACELLULAR_MATRIX_ORGANIZATION	0	0	5.8870821214992	7.1327068911155	1.15269154921533e-29	1	44	81	6.74222929983704e-11	1	0	-3.29459552152133	3.5750195739368
LAMA5	SDC1	R-HSA-1474244	REACTOME_EXTRACELLULAR_MATRIX_ORGANIZATION	0	0	5.8870821214992	4.97371489672129	1.14465682794107e-20	1	44	80	2.80562627429565e-11	1	0	-3.29459552152133	-1.36985696537123
LAMA5	SDC1	R-HSA-9694516	REACTOME_SARS_COV_2_INFECTION	0	0	5.8870821214992	4.97371489672129	1.14465682794107e-20	1	77	140	1.75591248611867e-06	1	0	-3.29459552152133	-1.36985696537123
LAMA5	SDC1	R-HSA-9833110	REACTOME_RSV_HOST_INTERACTIONS	0	0	5.8870821214992	4.97371489672129	1.14465682794107e-20	1	1	3	4.15507290069261e-17	1	0	-3.29459552152133	-1.36985696537123
LAMB1	ITGA3	R-HSA-1474244	REACTOME_EXTRACELLULAR_MATRIX_ORGANIZATION	0	0	8.25802293327529	1.43205767826489	6.10784912967009e-22	1	40	74	3.63566671855032e-11	1	0	-0.279099545272194	4.89650700834186
LAMB1	ITGA7	R-HSA-1474244	REACTOME_EXTRACELLULAR_MATRIX_ORGANIZATION	0	0	8.25802293327529	1.74964071687458	4.80234551586384e-28	1	42	77	3.63566671855032e-11	1	0	-0.279099545272194	3.34330487821446
LAMB1	ITGB4	R-HSA-1474244	REACTOME_EXTRACELLULAR_MATRIX_ORGANIZATION	0	0	8.25802293327529	7.1327068911155	5.18944715956462e-36	1	44	81	6.74222929983704e-11	1	0	-0.279099545272194	3.5750195739368
LAMB2	ITGA3	R-HSA-1474244	REACTOME_EXTRACELLULAR_MATRIX_ORGANIZATION	0	0	11.5489876350185	1.43205767826489	3.30545474141212e-20	1	40	74	3.63566671855032e-11	1	0	7.52145571443406	4.89650700834186
LAMB2	ITGB4	R-HSA-1474244	REACTOME_EXTRACELLULAR_MATRIX_ORGANIZATION	0	0	11.5489876350185	7.1327068911155	2.8084326175583e-34	1	44	81	6.74222929983704e-11	1	0	7.52145571443406	3.5750195739368
LAMC1	ITGA3	R-HSA-1474244	REACTOME_EXTRACELLULAR_MATRIX_ORGANIZATION	0	0	1.71511038573227	1.43205767826489	6.76017516795119e-10	1	40	74	3.63566671855032e-11	1	0	-2.06597306819101	4.89650700834186
LAMC1	ITGA7	R-HSA-1474244	REACTOME_EXTRACELLULAR_MATRIX_ORGANIZATION	0	0	1.71511038573227	1.74964071687458	5.31524211142688e-16	1	42	77	3.63566671855032e-11	1	0	-2.06597306819101	3.34330487821446
LAMC1	ITGB4	R-HSA-1474244	REACTOME_EXTRACELLULAR_MATRIX_ORGANIZATION	0	0	1.71511038573227	7.1327068911155	5.74368670193046e-24	1	44	81	6.74222929983704e-11	1	0	-2.06597306819101	3.5750195739368
LIF	IL6ST	R-HSA-5683057	REACTOME_MAPK_FAMILY_SIGNALING_CASCADES	0	0	1.92957406182601	2.36421696357824	1.42471778919961e-17	1	75	137	1.12169822239256e-08	1	0	0.804592616358932	2.53240000666997
MFGE8	ITGB3	R-HSA-1474244	REACTOME_EXTRACELLULAR_MATRIX_ORGANIZATION	0	0	2.78019749763891	3.24113977349228	1.31318292743563e-23	1	40	74	2.80562627429565e-11	1	0	4.64057982249706	-5.39454496662179
MFGE8	ITGB3	R-HSA-5683057	REACTOME_MAPK_FAMILY_SIGNALING_CASCADES	0	0	2.78019749763891	3.24113977349228	1.31318292743563e-23	1	74	136	1.12169822239256e-08	1	0	4.64057982249706	-5.39454496662179
MFGE8	ITGB3	R-HSA-76002	REACTOME_PLATELET_ACTIVATION_SIGNALING_AND_AGGREGATION	0	0	2.78019749763891	3.24113977349228	1.31318292743563e-23	1	42	78	2.51979861956075e-10	1	0	4.64057982249706	-5.39454496662179
NCAM1	FGFR2	R-HSA-5683057	REACTOME_MAPK_FAMILY_SIGNALING_CASCADES	0	0	4.82764517624997	12.4701828090957	1.05548110680004e-36	1	73	134	1.26218271362278e-08	1	0	1.39367405563148	-6.36051979772941
NCAM1	FGFR2	R-HSA-9006925	REACTOME_INTRACELLULAR_SIGNALING_BY_SECOND_MESSENGERS	0	0	4.82764517624997	12.4701828090957	1.05548110680004e-36	1	86	157	5.90656681748389e-08	1	0	1.39367405563148	-6.36051979772941
NCAM1	PTPRA	R-HSA-5683057	REACTOME_MAPK_FAMILY_SIGNALING_CASCADES	0	0	4.82764517624997	1.60140988377061	6.87256643692121e-24	1	73	134	1.26218271362278e-08	1	0	1.39367405563148	-1.47397876097525
NID1	ITGA3	R-HSA-1474244	REACTOME_EXTRACELLULAR_MATRIX_ORGANIZATION	0	0	1.52477175080913	1.43205767826489	7.65045520336815e-13	1	40	74	3.63566671855032e-11	1	0	5.58579957949785	4.89650700834186
NID1	ITGB3	R-HSA-1474244	REACTOME_EXTRACELLULAR_MATRIX_ORGANIZATION	0	0	1.52477175080913	3.24113977349228	1.32578397147454e-20	1	40	74	2.80562627429565e-11	1	0	5.58579957949785	-5.39454496662179
NID1	ITGB3	R-HSA-5683057	REACTOME_MAPK_FAMILY_SIGNALING_CASCADES	0	0	1.52477175080913	3.24113977349228	1.32578397147454e-20	1	74	136	1.12169822239256e-08	1	0	5.58579957949785	-5.39454496662179
NID1	ITGB3	R-HSA-76002	REACTOME_PLATELET_ACTIVATION_SIGNALING_AND_AGGREGATION	0	0	1.52477175080913	3.24113977349228	1.32578397147454e-20	1	42	78	2.51979861956075e-10	1	0	5.58579957949785	-5.39454496662179
PTN	PTPRS	R-HSA-1474244	REACTOME_EXTRACELLULAR_MATRIX_ORGANIZATION	0	0	8.46323813593221	1.35610870695066	8.27581006782415e-18	1	44	81	2.80562627429565e-11	1	0	3.62957168854979	-4.90302497933359
PTN	SDC1	R-HSA-1474244	REACTOME_EXTRACELLULAR_MATRIX_ORGANIZATION	0	0	8.46323813593221	4.97371489672129	2.25572323219469e-21	1	44	80	2.80562627429565e-11	1	0	3.62957168854979	-1.36985696537123
PTN	SDC1	R-HSA-9694516	REACTOME_SARS_COV_2_INFECTION	0	0	8.46323813593221	4.97371489672129	2.25572323219469e-21	1	77	140	1.75591248611867e-06	1	0	3.62957168854979	-1.36985696537123
PTN	SDC1	R-HSA-9833110	REACTOME_RSV_HOST_INTERACTIONS	0	0	8.46323813593221	4.97371489672129	2.25572323219469e-21	1	1	3	4.15507290069261e-17	1	0	3.62957168854979	-1.36985696537123
SEMA4D	ERBB2	R-HSA-5683057	REACTOME_MAPK_FAMILY_SIGNALING_CASCADES	0	0	1.60620941757158	5.3918454128273	1.05967340042737e-26	1	74	136	1.26218271362278e-08	1	0	-0.545072800988612	0.2885538415546
SEMA4D	ERBB2	R-HSA-9006925	REACTOME_INTRACELLULAR_SIGNALING_BY_SECOND_MESSENGERS	0	0	1.60620941757158	5.3918454128273	1.05967340042737e-26	1	86	158	1.0488751829578e-07	1	0	-0.545072800988612	0.2885538415546
SEMA4D	MET	R-HSA-5683057	REACTOME_MAPK_FAMILY_SIGNALING_CASCADES	0	0	1.60620941757158	3.79679238684995	3.2361478556782e-21	1	74	136	1.26218271362278e-08	1	0	-0.545072800988612	5.97546678596363
SEMA4D	MET	R-HSA-9006925	REACTOME_INTRACELLULAR_SIGNALING_BY_SECOND_MESSENGERS	0	0	1.60620941757158	3.79679238684995	3.2361478556782e-21	1	86	158	1.0488751829578e-07	1	0	-0.545072800988612	5.97546678596363
SEMA5A	MET	R-HSA-5683057	REACTOME_MAPK_FAMILY_SIGNALING_CASCADES	0	0	13.2905452772287	3.79679238684995	1.61419777351974e-29	1	74	136	1.26218271362278e-08	1	0	-1.81425316210326	5.97546678596363
SEMA5A	MET	R-HSA-9006925	REACTOME_INTRACELLULAR_SIGNALING_BY_SECOND_MESSENGERS	0	0	13.2905452772287	3.79679238684995	1.61419777351974e-29	1	86	158	1.0488751829578e-07	1	0	-1.81425316210326	5.97546678596363
SLIT2	GPC1	R-HSA-9694516	REACTOME_SARS_COV_2_INFECTION	0	0	6.20283557424795	4.90779964490746	7.33880397676584e-27	1	77	141	1.75591248611867e-06	1	0	4.67965566152487	0.670420105488671
SLIT2	GPC1	R-HSA-9833110	REACTOME_RSV_HOST_INTERACTIONS	0	0	6.20283557424795	4.90779964490746	7.33880397676584e-27	1	1	3	4.15507290069261e-17	1	0	4.67965566152487	0.670420105488671
SLIT2	SDC1	R-HSA-1474244	REACTOME_EXTRACELLULAR_MATRIX_ORGANIZATION	0	0	6.20283557424795	4.97371489672129	4.11393068888082e-22	1	44	80	2.80562627429565e-11	1	0	4.67965566152487	-1.36985696537123
SLIT2	SDC1	R-HSA-9694516	REACTOME_SARS_COV_2_INFECTION	0	0	6.20283557424795	4.97371489672129	4.11393068888082e-22	1	77	140	1.75591248611867e-06	1	0	4.67965566152487	-1.36985696537123
SLIT2	SDC1	R-HSA-9833110	REACTOME_RSV_HOST_INTERACTIONS	0	0	6.20283557424795	4.97371489672129	4.11393068888082e-22	1	1	3	4.15507290069261e-17	1	0	4.67965566152487	-1.36985696537123
SPTAN1	PTPRA	R-HSA-5683057	REACTOME_MAPK_FAMILY_SIGNALING_CASCADES	0	0	1.95516347549461	1.60140988377061	1.05426983946569e-19	1	73	134	1.26218271362278e-08	1	0	7.70847514733168	-1.47397876097525
SPTBN2	PTPRA	R-HSA-5683057	REACTOME_MAPK_FAMILY_SIGNALING_CASCADES	0	0	6.69659823092238	1.60140988377061	5.03687557475706e-23	1	73	134	1.26218271362278e-08	1	0	3.76171371722107	-1.47397876097525
THBS1	ITGA3	R-HSA-1474244	REACTOME_EXTRACELLULAR_MATRIX_ORGANIZATION	0	0	5.87784721611172	1.43205767826489	1.31783185929674e-11	1	40	74	3.63566671855032e-11	1	0	-1.71378563230842	4.89650700834186
THBS1	ITGB3	R-HSA-1474244	REACTOME_EXTRACELLULAR_MATRIX_ORGANIZATION	0	0	5.87784721611172	3.24113977349228	2.28373385597358e-19	1	40	74	2.80562627429565e-11	1	0	-1.71378563230842	-5.39454496662179
THBS1	ITGB3	R-HSA-5683057	REACTOME_MAPK_FAMILY_SIGNALING_CASCADES	0	0	5.87784721611172	3.24113977349228	2.28373385597358e-19	1	74	136	1.12169822239256e-08	1	0	-1.71378563230842	-5.39454496662179
THBS1	ITGB3	R-HSA-76002	REACTOME_PLATELET_ACTIVATION_SIGNALING_AND_AGGREGATION	0	0	5.87784721611172	3.24113977349228	2.28373385597358e-19	1	42	78	2.51979861956075e-10	1	0	-1.71378563230842	-5.39454496662179
THBS1	SDC1	R-HSA-1474244	REACTOME_EXTRACELLULAR_MATRIX_ORGANIZATION	0	0	5.87784721611172	4.97371489672129	1.11187250236328e-16	1	44	80	2.80562627429565e-11	1	0	-1.71378563230842	-1.36985696537123
THBS1	SDC1	R-HSA-9694516	REACTOME_SARS_COV_2_INFECTION	0	0	5.87784721611172	4.97371489672129	1.11187250236328e-16	1	77	140	1.75591248611867e-06	1	0	-1.71378563230842	-1.36985696537123
THBS1	SDC1	R-HSA-9833110	REACTOME_RSV_HOST_INTERACTIONS	0	0	5.87784721611172	4.97371489672129	1.11187250236328e-16	1	1	3	4.15507290069261e-17	1	0	-1.71378563230842	-1.36985696537123
THBS1	SDC4	R-HSA-1474244	REACTOME_EXTRACELLULAR_MATRIX_ORGANIZATION	0	0	5.87784721611172	1.77570057185383	6.38926549552763e-17	1	44	81	2.80562627429565e-11	1	0	-1.71378563230842	2.92131411044688
THBS1	SDC4	R-HSA-9694516	REACTOME_SARS_COV_2_INFECTION	0	0	5.87784721611172	1.77570057185383	6.38926549552763e-17	1	77	141	1.75591248611867e-06	1	0	-1.71378563230842	2.92131411044688
THBS1	SDC4	R-HSA-9833110	REACTOME_RSV_HOST_INTERACTIONS	0	0	5.87784721611172	1.77570057185383	6.38926549552763e-17	1	1	3	4.15507290069261e-17	1	0	-1.71378563230842	2.92131411044688
TNC	EGFR	R-HSA-5683057	REACTOME_MAPK_FAMILY_SIGNALING_CASCADES	0	0	5.19362687065032	2.78295784689883	2.991461174726e-16	1	75	137	1.12169822239256e-08	1	0	7.1142609861648	5.81170270821198
TNC	EGFR	R-HSA-9006925	REACTOME_INTRACELLULAR_SIGNALING_BY_SECOND_MESSENGERS	0	0	5.19362687065032	2.78295784689883	2.991461174726e-16	1	87	159	5.90656681748389e-08	1	0	7.1142609861648	5.81170270821198
TNC	ITGA7	R-HSA-1474244	REACTOME_EXTRACELLULAR_MATRIX_ORGANIZATION	0	0	5.19362687065032	1.74964071687458	2.5013198567815e-17	1	42	77	3.63566671855032e-11	1	0	7.1142609861648	3.34330487821446
TNC	ITGB3	R-HSA-1474244	REACTOME_EXTRACELLULAR_MATRIX_ORGANIZATION	0	0	5.19362687065032	3.24113977349228	5.51302061225035e-19	1	40	74	2.80562627429565e-11	1	0	7.1142609861648	-5.39454496662179
TNC	ITGB3	R-HSA-5683057	REACTOME_MAPK_FAMILY_SIGNALING_CASCADES	0	0	5.19362687065032	3.24113977349228	5.51302061225035e-19	1	74	136	1.12169822239256e-08	1	0	7.1142609861648	-5.39454496662179
TNC	ITGB3	R-HSA-76002	REACTOME_PLATELET_ACTIVATION_SIGNALING_AND_AGGREGATION	0	0	5.19362687065032	3.24113977349228	5.51302061225035e-19	1	42	78	2.51979861956075e-10	1	0	7.1142609861648	-5.39454496662179
TNC	SDC1	R-HSA-1474244	REACTOME_EXTRACELLULAR_MATRIX_ORGANIZATION	0	0	5.19362687065032	4.97371489672129	2.68410261891482e-16	1	44	80	2.80562627429565e-11	1	0	7.1142609861648	-1.36985696537123
TNC	SDC1	R-HSA-9694516	REACTOME_SARS_COV_2_INFECTION	0	0	5.19362687065032	4.97371489672129	2.68410261891482e-16	1	77	140	1.75591248611867e-06	1	0	7.1142609861648	-1.36985696537123
TNC	SDC1	R-HSA-9833110	REACTOME_RSV_HOST_INTERACTIONS	0	0	5.19362687065032	4.97371489672129	2.68410261891482e-16	1	1	3	4.15507290069261e-17	1	0	7.1142609861648	-1.36985696537123
TNC	SDC4	R-HSA-1474244	REACTOME_EXTRACELLULAR_MATRIX_ORGANIZATION	0	0	5.19362687065032	1.77570057185383	1.54239305433283e-16	1	44	81	2.80562627429565e-11	1	0	7.1142609861648	2.92131411044688
TNC	SDC4	R-HSA-9694516	REACTOME_SARS_COV_2_INFECTION	0	0	5.19362687065032	1.77570057185383	1.54239305433283e-16	1	77	141	1.75591248611867e-06	1	0	7.1142609861648	2.92131411044688
TNC	SDC4	R-HSA-9833110	REACTOME_RSV_HOST_INTERACTIONS	0	0	5.19362687065032	1.77570057185383	1.54239305433283e-16	1	1	3	4.15507290069261e-17	1	0	7.1142609861648	2.92131411044688
TNFSF9	TRAF2	R-HSA-5688426	REACTOME_DEUBIQUITINATION	0	0	2.56841166294607	1.20566797021442	3.85886181446648e-17	1	80	146	5.08026217087323e-06	1	0	-4.99093337728425	2.37330096619563
UBB	ERBB2	R-HSA-5683057	REACTOME_MAPK_FAMILY_SIGNALING_CASCADES	0	0	1.61742059701178	5.3918454128273	1.06965228289975e-26	1	74	136	1.26218271362278e-08	1	0	-0.872149922875403	0.2885538415546
UBB	ERBB2	R-HSA-9006925	REACTOME_INTRACELLULAR_SIGNALING_BY_SECOND_MESSENGERS	0	0	1.61742059701178	5.3918454128273	1.06965228289975e-26	1	86	158	1.0488751829578e-07	1	0	-0.872149922875403	0.2885538415546
UBB	FGFR2	R-HSA-5683057	REACTOME_MAPK_FAMILY_SIGNALING_CASCADES	0	0	1.61742059701178	12.4701828090957	7.94997178763374e-34	1	73	134	1.26218271362278e-08	1	0	-0.872149922875403	-6.36051979772941
UBB	FGFR2	R-HSA-9006925	REACTOME_INTRACELLULAR_SIGNALING_BY_SECOND_MESSENGERS	0	0	1.61742059701178	12.4701828090957	7.94997178763374e-34	1	86	157	5.90656681748389e-08	1	0	-0.872149922875403	-6.36051979772941
UBB	ERBB3	R-HSA-5683057	REACTOME_MAPK_FAMILY_SIGNALING_CASCADES	0	0	1.61742059701178	9.09909784607182	5.15941430720038e-24	1	74	136	1.26218271362278e-08	1	0	-0.872149922875403	4.9842892437399
UBB	ERBB3	R-HSA-9006925	REACTOME_INTRACELLULAR_SIGNALING_BY_SECOND_MESSENGERS	0	0	1.61742059701178	9.09909784607182	5.15941430720038e-24	1	86	158	1.0488751829578e-07	1	0	-0.872149922875403	4.9842892437399
UBB	MET	R-HSA-5683057	REACTOME_MAPK_FAMILY_SIGNALING_CASCADES	0	0	1.61742059701178	3.79679238684995	3.26662247087761e-21	1	74	136	1.26218271362278e-08	1	0	-0.872149922875403	5.97546678596363
UBB	MET	R-HSA-9006925	REACTOME_INTRACELLULAR_SIGNALING_BY_SECOND_MESSENGERS	0	0	1.61742059701178	3.79679238684995	3.26662247087761e-21	1	86	158	1.0488751829578e-07	1	0	-0.872149922875403	5.97546678596363
RND1	ERBB2	R-HSA-5683057	REACTOME_MAPK_FAMILY_SIGNALING_CASCADES	0	0	7.22325820936774	5.3918454128273	1.17314681040229e-31	1	74	136	1.26218271362278e-08	1	0	4.94217931808006	0.2885538415546
RND1	ERBB2	R-HSA-9006925	REACTOME_INTRACELLULAR_SIGNALING_BY_SECOND_MESSENGERS	0	0	7.22325820936774	5.3918454128273	1.17314681040229e-31	1	86	158	1.0488751829578e-07	1	0	4.94217931808006	0.2885538415546
RND1	MET	R-HSA-5683057	REACTOME_MAPK_FAMILY_SIGNALING_CASCADES	0	0	7.22325820936774	3.79679238684995	3.5826855079574e-26	1	74	136	1.26218271362278e-08	1	0	4.94217931808006	5.97546678596363
RND1	MET	R-HSA-9006925	REACTOME_INTRACELLULAR_SIGNALING_BY_SECOND_MESSENGERS	0	0	7.22325820936774	3.79679238684995	3.5826855079574e-26	1	86	158	1.0488751829578e-07	1	0	4.94217931808006	5.97546678596363
S100B	APP	R-HSA-1474244	REACTOME_EXTRACELLULAR_MATRIX_ORGANIZATION	0	0	4.09101248316345	1.25658697558778	4.32933445283623e-18	1	44	81	2.80562627429565e-11	1	0	-6.36051979772941	7.47779934429022
S100B	APP	R-HSA-373076	REACTOME_CLASS_A_1_RHODOPSIN_LIKE_RECEPTORS	0	0	4.09101248316345	1.25658697558778	4.32933445283623e-18	1	31	57	5.57665066067384e-13	1	0	-6.36051979772941	7.47779934429022
S100B	APP	R-HSA-418594	REACTOME_G_ALPHA_I_SIGNALLING_EVENTS	0	0	4.09101248316345	1.25658697558778	4.32933445283623e-18	1	42	78	3.81427374544336e-11	1	0	-6.36051979772941	7.47779934429022
S100B	APP	R-HSA-76002	REACTOME_PLATELET_ACTIVATION_SIGNALING_AND_AGGREGATION	0	0	4.09101248316345	1.25658697558778	4.32933445283623e-18	1	43	79	1.67983306308749e-10	1	0	-6.36051979772941	7.47779934429022
S100B	APP	R-HSA-9658195	REACTOME_LEISHMANIA_INFECTION	0	0	4.09101248316345	1.25658697558778	4.32933445283623e-18	1	48	89	2.78071967376646e-09	1	0	-6.36051979772941	7.47779934429022
L1CAM	ITGB3	R-HSA-1474244	REACTOME_EXTRACELLULAR_MATRIX_ORGANIZATION	0	0	6.16331281736985	3.24113977349228	1.63238190696712e-26	1	40	74	2.80562627429565e-11	1	0	5.88961647399386	-5.39454496662179
L1CAM	ITGB3	R-HSA-5683057	REACTOME_MAPK_FAMILY_SIGNALING_CASCADES	0	0	6.16331281736985	3.24113977349228	1.63238190696712e-26	1	74	136	1.12169822239256e-08	1	0	5.88961647399386	-5.39454496662179
L1CAM	ITGB3	R-HSA-76002	REACTOME_PLATELET_ACTIVATION_SIGNALING_AND_AGGREGATION	0	0	6.16331281736985	3.24113977349228	1.63238190696712e-26	1	42	78	2.51979861956075e-10	1	0	5.88961647399386	-5.39454496662179
LTBP1	ITGB3	R-HSA-1474244	REACTOME_EXTRACELLULAR_MATRIX_ORGANIZATION	0	0	2.03718846603833	3.24113977349228	2.51053581104197e-14	1	40	74	2.80562627429565e-11	1	0	6.71785217640578	-5.39454496662179
LTBP1	ITGB3	R-HSA-5683057	REACTOME_MAPK_FAMILY_SIGNALING_CASCADES	0	0	2.03718846603833	3.24113977349228	2.51053581104197e-14	1	74	136	1.12169822239256e-08	1	0	6.71785217640578	-5.39454496662179
LTBP1	ITGB3	R-HSA-76002	REACTOME_PLATELET_ACTIVATION_SIGNALING_AND_AGGREGATION	0	0	2.03718846603833	3.24113977349228	2.51053581104197e-14	1	42	78	2.51979861956075e-10	1	0	6.71785217640578	-5.39454496662179
TNFSF12	TRAF2	R-HSA-5688426	REACTOME_DEUBIQUITINATION	0	0	8.53252503662892	1.20566797021442	2.15400209273168e-25	1	80	146	5.08026217087323e-06	1	0	6.14962882879059	2.37330096619563
COL16A1	ITGA10	R-HSA-1474244	REACTOME_EXTRACELLULAR_MATRIX_ORGANIZATION	0	0	11.748156811589	2.57597000920012	5.31689393142494e-30	1	44	80	3.63566671855032e-11	1	0	-0.812276042297309	2.88086645512019
LAMA5	ITGA7	R-HSA-1474244	REACTOME_EXTRACELLULAR_MATRIX_ORGANIZATION	0	0	5.8870821214992	1.74964071687458	1.06670767084423e-21	1	42	77	3.63566671855032e-11	1	0	-3.29459552152133	3.34330487821446
LAMB2	ITGA7	R-HSA-1474244	REACTOME_EXTRACELLULAR_MATRIX_ORGANIZATION	0	0	11.5489876350185	1.74964071687458	2.59894038282651e-26	1	42	77	3.63566671855032e-11	1	0	7.52145571443406	3.34330487821446
COL17A1	ITGB4	R-HSA-1474244	REACTOME_EXTRACELLULAR_MATRIX_ORGANIZATION	0	0	10.0652800099325	7.1327068911155	5.76562095572522e-32	1	44	81	6.74222929983704e-11	1	0	5.75970801774842	3.5750195739368
COL17A1	CD151	R-HSA-1474244	REACTOME_EXTRACELLULAR_MATRIX_ORGANIZATION	0	0	10.0652800099325	2.0341318797366	2.7182466716764e-26	1	46	85	4.43816643011914e-11	1	0	5.75970801774842	-2.32132993135789
EFEMP1	EGFR	R-HSA-416476	REACTOME_G_ALPHA_Q_SIGNALLING_EVENTS	1.48219693752374e-323	1.58101006669199e-322	11.6997034417759	2.78295784689883	8.1429949443564e-21	1	32	59	3.9042367237026e-12	1	0	1.01946244719326	5.81170270821198
CDH1	EGFR	R-HSA-8856828	REACTOME_CLATHRIN_MEDIATED_ENDOCYTOSIS	1.18575755001899e-322	1.24010477106153e-321	14.3361338797864	2.78295784689883	2.13296038644674e-35	1	50	91	3.44184501518795e-08	1	0	-3.29081622051826	5.81170270821198
ANXA1	EGFR	R-HSA-416476	REACTOME_G_ALPHA_Q_SIGNALLING_EVENTS	5.18768928133309e-322	5.390256196128e-321	2.7077812217246	2.78295784689883	2.56737378682862e-19	1	32	59	3.9042367237026e-12	1	0	7.68275466234545	5.81170270821198
FST	BMPR1B	R-HSA-9006936	REACTOME_SIGNALING_BY_TGFB_FAMILY_MEMBERS	5.58294179800609e-322	5.77068674342576e-321	7.60364677953051	9.23288164730272	4.26852889043013e-26	1	56	103	1.64044711267114e-07	1	0	2.97571481857675	7.32555296377402
DCN	EGFR	R-HSA-416476	REACTOME_G_ALPHA_Q_SIGNALLING_EVENTS	1.96638127044816e-321	2.02122255713654e-320	17.3257647468552	2.78295784689883	9.71797728938474e-19	1	32	59	3.9042367237026e-12	1	0	-2.63243594134095	5.81170270821198
S100B	APP	R-HSA-416476	REACTOME_G_ALPHA_Q_SIGNALLING_EVENTS	1.64128607548462e-320	1.67824218579355e-319	4.09101248316345	1.25658697558778	4.32933445283623e-18	1	33	60	3.9042367237026e-12	1	0	-6.36051979772941	7.47779934429022
TNC	EGFR	R-HSA-416476	REACTOME_G_ALPHA_Q_SIGNALLING_EVENTS	6.04884570203438e-319	6.15281193588875e-318	5.19362687065032	2.78295784689883	2.991461174726e-16	1	32	59	3.9042367237026e-12	1	0	7.1142609861648	5.81170270821198
BMP6	BMPR1B	R-HSA-9006936	REACTOME_SIGNALING_BY_TGFB_FAMILY_MEMBERS	8.10267659179644e-319	8.19923678161966e-318	2.26829748430767	9.23288164730272	6.19830738656976e-23	1	56	103	1.64044711267114e-07	1	0	7.23582165750706	7.32555296377402
COL1A2	ITGB3	R-HSA-9006936	REACTOME_SIGNALING_BY_TGFB_FAMILY_MEMBERS	1.88293358286557e-318	1.89555103132907e-317	15.6937572852742	3.24113977349228	9.40316855048686e-29	1	55	101	1.64044711267114e-07	1	0	5.77125570056243	-5.39454496662179
L1CAM	ITGB3	R-HSA-9006936	REACTOME_SIGNALING_BY_TGFB_FAMILY_MEMBERS	3.2687554569636e-316	3.27378430908045e-315	6.16331281736985	3.24113977349228	1.63238190696712e-26	1	55	101	1.64044711267114e-07	1	0	5.88961647399386	-5.39454496662179
COMP	ITGB3	R-HSA-9006936	REACTOME_SIGNALING_BY_TGFB_FAMILY_MEMBERS	3.8692282679825e-316	3.85540959771427e-315	8.99453854548071	3.24113977349228	1.93225167769126e-26	1	55	101	1.64044711267114e-07	1	0	4.26810252217773	-5.39454496662179
COL4A3	ITGB3	R-HSA-9006936	REACTOME_SIGNALING_BY_TGFB_FAMILY_MEMBERS	4.69817820929197e-315	4.65763555491973e-314	8.62407894562393	3.24113977349228	2.34622049866144e-25	1	55	101	1.64044711267114e-07	1	0	0.82100178352364	-5.39454496662179
MFGE8	ITGB3	R-HSA-9006936	REACTOME_SIGNALING_BY_TGFB_FAMILY_MEMBERS	2.62957698129923e-313	2.58068534898141e-312	2.78019749763891	3.24113977349228	1.31318292743563e-23	1	55	101	1.64044711267114e-07	1	0	4.64057982249706	-5.39454496662179
TNFSF12	TRAF2	R-HSA-5357801	REACTOME_PROGRAMMED_CELL_DEATH	2.6246092581461e-313	2.58068534898141e-312	8.53252503662892	1.20566797021442	2.15400209273168e-25	1	56	103	2.4043225743009e-07	1	0	6.14962882879059	2.37330096619563
FBN1	ITGB3	R-HSA-9006936	REACTOME_SIGNALING_BY_TGFB_FAMILY_MEMBERS	3.32253703766306e-313	3.24445741727956e-312	6.55908628413473	3.24113977349228	1.65923984907937e-23	1	55	101	1.64044711267114e-07	1	0	3.99266837107762	-5.39454496662179
SLIT2	GPC1	R-HSA-71387	REACTOME_METABOLISM_OF_CARBOHYDRATES	3.94000051020774e-312	3.82826915245569e-311	6.20283557424795	4.90779964490746	7.33880397676584e-27	1	47	87	2.69774693235423e-08	1	0	4.67965566152487	0.670420105488671
COL4A4	ITGB3	R-HSA-9006936	REACTOME_SIGNALING_BY_TGFB_FAMILY_MEMBERS	9.16042365879151e-312	8.85658782456427e-311	2.61912453042687	3.24113977349228	4.57461867147628e-22	1	55	101	1.64044711267114e-07	1	0	5.55251303801619	-5.39454496662179
COL18A1	ITGB3	R-HSA-9006936	REACTOME_SIGNALING_BY_TGFB_FAMILY_MEMBERS	1.59354306724089e-311	1.53309833020763e-310	3.25983197505071	3.24113977349228	7.9579855045294e-22	1	55	101	1.64044711267114e-07	1	0	6.43761926723443	-5.39454496662179
L1CAM	EGFR	R-HSA-8856828	REACTOME_CLATHRIN_MEDIATED_ENDOCYTOSIS	4.91749549341134e-311	4.70777877383939e-310	6.16331281736985	2.78295784689883	8.85758904323062e-24	1	50	91	3.44184501518795e-08	1	0	5.88961647399386	5.81170270821198
CDH1	IGF1R	R-HSA-9006931	REACTOME_SIGNALING_BY_NUCLEAR_RECEPTORS	5.31484888936187e-311	5.06336579557256e-310	14.3361338797864	5.13835209283825	2.61653281059424e-38	1	70	129	6.7516760504379e-06	1	0	-3.29081622051826	-2.47806345242735
DSC2	DSG2	R-HSA-5357801	REACTOME_PROGRAMMED_CELL_DEATH	2.40227004002469e-310	2.27749193600399e-309	1.90651690301031	4.55221683217381	1.97152954387669e-22	1	56	103	2.4043225743009e-07	1	0	5.74548548277419	6.43121904631802
NID1	ITGB3	R-HSA-9006936	REACTOME_SIGNALING_BY_TGFB_FAMILY_MEMBERS	2.65480988272699e-310	2.50475541109459e-309	1.52477175080913	3.24113977349228	1.32578397147454e-20	1	55	101	1.64044711267114e-07	1	0	5.58579957949785	-5.39454496662179
COL18A1	GPC1	R-HSA-71387	REACTOME_METABOLISM_OF_CARBOHYDRATES	3.71066673478318e-309	3.4841019870344e-308	3.25983197505071	4.90779964490746	6.91163763028142e-24	1	47	87	2.69774693235423e-08	1	0	6.43761926723443	0.670420105488671
THBS1	ITGB3	R-HSA-9006936	REACTOME_SIGNALING_BY_TGFB_FAMILY_MEMBERS	4.57305212674559e-309	4.2732874658058e-308	5.87784721611172	3.24113977349228	2.28373385597358e-19	1	55	101	1.64044711267114e-07	1	0	-1.71378563230842	-5.39454496662179
LAMA1	GPC1	R-HSA-71387	REACTOME_METABOLISM_OF_CARBOHYDRATES	7.90068146965608e-309	7.34763376678016e-308	19.4121541047617	4.90779964490746	1.47161281929925e-23	1	47	87	2.69774693235423e-08	1	0	5.04833152876336	0.670420105488671
TNC	ITGB3	R-HSA-9006936	REACTOME_SIGNALING_BY_TGFB_FAMILY_MEMBERS	1.10395222147705e-308	1.02180980499748e-307	5.19362687065032	3.24113977349228	5.51302061225035e-19	1	55	101	1.64044711267114e-07	1	0	7.1142609861648	-5.39454496662179
CDH1	EGFR	R-HSA-9006931	REACTOME_SIGNALING_BY_NUCLEAR_RECEPTORS	4.33258933159892e-308	3.99129573802485e-307	14.3361338797864	2.78295784689883	2.13296038644674e-35	1	70	129	6.7516760504379e-06	1	0	-3.29081622051826	5.81170270821198
EFEMP1	EGFR	R-HSA-8856828	REACTOME_CLATHRIN_MEDIATED_ENDOCYTOSIS	4.52077204601712e-308	4.14510225627767e-307	11.6997034417759	2.78295784689883	8.1429949443564e-21	1	50	91	3.44184501518795e-08	1	0	1.01946244719326	5.81170270821198
TNFSF12	TRAF2	R-HSA-168898	REACTOME_TOLL_LIKE_RECEPTOR_CASCADES	1.35495693635218e-306	1.23655649378309e-305	8.53252503662892	1.20566797021442	2.15400209273168e-25	1	53	97	1.34551608394162e-07	1	0	6.14962882879059	2.37330096619563
ANXA1	EGFR	R-HSA-8856828	REACTOME_CLATHRIN_MEDIATED_ENDOCYTOSIS	1.42533695851254e-306	1.29473631626744e-305	2.7077812217246	2.78295784689883	2.56737378682862e-19	1	50	91	3.44184501518795e-08	1	0	7.68275466234545	5.81170270821198
DCN	EGFR	R-HSA-8856828	REACTOME_CLATHRIN_MEDIATED_ENDOCYTOSIS	5.39515993487481e-306	4.8781237744493e-305	17.3257647468552	2.78295784689883	9.71797728938474e-19	1	50	91	3.44184501518795e-08	1	0	-2.63243594134095	5.81170270821198
CDH1	EGFR	R-HSA-157118	REACTOME_SIGNALING_BY_NOTCH	1.17429340769053e-305	1.05686406692147e-304	14.3361338797864	2.78295784689883	2.13296038644674e-35	1	52	96	2.38816383372122e-07	1	0	-3.29081622051826	5.81170270821198
COL4A2	ITGB3	R-HSA-9006936	REACTOME_SIGNALING_BY_TGFB_FAMILY_MEMBERS	2.8624494722156e-305	2.56438707304453e-304	1.3466555524192	3.24113977349228	1.42947698594562e-15	1	55	101	1.64044711267114e-07	1	0	7.20313784037645	-5.39454496662179
SLIT2	SDC1	R-HSA-71387	REACTOME_METABOLISM_OF_CARBOHYDRATES	3.31816918166931e-305	2.9590796400914e-304	6.20283557424795	4.97371489672129	4.11393068888082e-22	1	47	86	2.01541220059751e-08	1	0	4.67965566152487	-1.36985696537123
TNFSF9	TRAF2	R-HSA-5357801	REACTOME_PROGRAMMED_CELL_DEATH	4.70194735568619e-305	4.17404690257051e-304	2.56841166294607	1.20566797021442	3.85886181446648e-17	1	56	103	2.4043225743009e-07	1	0	-4.99093337728425	2.37330096619563
PTN	SDC1	R-HSA-71387	REACTOME_METABOLISM_OF_CARBOHYDRATES	1.81939655222537e-304	1.60781966809781e-303	8.46323813593221	4.97371489672129	2.25572323219469e-21	1	47	86	2.01541220059751e-08	1	0	3.62957168854979	-1.36985696537123
LAMA1	SDC4	R-HSA-71387	REACTOME_METABOLISM_OF_CARBOHYDRATES	2.54502574929165e-304	2.23893481457954e-303	19.4121541047617	1.77570057185383	4.74046768305835e-19	1	47	87	2.69774693235423e-08	1	0	5.04833152876336	2.92131411044688
FN1	ITGB3	R-HSA-9006936	REACTOME_SIGNALING_BY_TGFB_FAMILY_MEMBERS	3.76207727658609e-304	3.29476991980836e-303	3.91871645826014	3.24113977349228	1.87874159471756e-14	1	55	101	1.64044711267114e-07	1	0	7.84296292746818	-5.39454496662179
WNT5A	LDLR	R-HSA-8856828	REACTOME_CLATHRIN_MEDIATED_ENDOCYTOSIS	3.8255907269734e-304	3.33543691507994e-303	3.4155479880697	2.03823700880741	2.17004769151186e-19	1	48	89	4.06685892859407e-08	1	0	7.42682687423672	-6.36051979772941
LTBP1	ITGB3	R-HSA-9006936	REACTOME_SIGNALING_BY_TGFB_FAMILY_MEMBERS	5.02721063574287e-304	4.36361883182481e-303	2.03718846603833	3.24113977349228	2.51053581104197e-14	1	55	101	1.64044711267114e-07	1	0	6.71785217640578	-5.39454496662179
APP	GPC1	R-HSA-71387	REACTOME_METABOLISM_OF_CARBOHYDRATES	8.30708767084508e-304	7.17864700051347e-303	1.25658697558778	4.90779964490746	1.54731167867099e-18	1	47	87	2.69774693235423e-08	1	0	7.47779934429022	0.670420105488671
LAMA5	SDC1	R-HSA-71387	REACTOME_METABOLISM_OF_CARBOHYDRATES	9.23244774231891e-304	7.94315878447085e-303	5.8870821214992	4.97371489672129	1.14465682794107e-20	1	47	86	2.01541220059751e-08	1	0	-3.29459552152133	-1.36985696537123
TNC	EGFR	R-HSA-8856828	REACTOME_CLATHRIN_MEDIATED_ENDOCYTOSIS	1.66077888391907e-303	1.4225882281991e-302	5.19362687065032	2.78295784689883	2.991461174726e-16	1	50	91	3.44184501518795e-08	1	0	7.1142609861648	5.81170270821198
CDH1	LRP5	R-HSA-195721	REACTOME_SIGNALING_BY_WNT	2.61658190285132e-303	2.23152159662386e-302	14.3361338797864	2.10278826312485	1.78678739278761e-39	1	63	116	3.09509035235923e-06	1	0	-3.29081622051826	-6.27771829635106
WNT5A	LRP2	R-HSA-8856828	REACTOME_CLATHRIN_MEDIATED_ENDOCYTOSIS	3.55706191994049e-303	3.02040953462773e-302	3.4155479880697	6.56699259643917	1.25532583011812e-21	1	48	89	4.84836114345404e-08	1	0	7.42682687423672	0.426188835973984
THBS1	SDC4	R-HSA-71387	REACTOME_METABOLISM_OF_CARBOHYDRATES	3.43021960961617e-302	2.90009476085731e-301	5.87784721611172	1.77570057185383	6.38926549552763e-17	1	47	87	2.69774693235423e-08	1	0	-1.71378563230842	2.92131411044688
TCN2	LRP2	R-HSA-8856828	REACTOME_CLATHRIN_MEDIATED_ENDOCYTOSIS	8.10560622826634e-302	6.82338317405351e-301	6.49166765952813	6.56699259643917	2.86055657622044e-20	1	48	89	4.84836114345404e-08	1	0	-2.41934834619518	0.426188835973984
TNC	SDC4	R-HSA-71387	REACTOME_METABOLISM_OF_CARBOHYDRATES	8.28068093963489e-302	6.94084543996006e-301	5.19362687065032	1.77570057185383	1.54239305433283e-16	1	47	87	2.69774693235423e-08	1	0	7.1142609861648	2.92131411044688
UBB	LDLR	R-HSA-8856828	REACTOME_CLATHRIN_MEDIATED_ENDOCYTOSIS	3.58185740021598e-301	2.98947329171872e-300	1.61742059701178	2.03823700880741	2.03179115002005e-16	1	48	89	4.06685892859407e-08	1	0	-0.872149922875403	-6.36051979772941
UBB	LRP2	R-HSA-8856828	REACTOME_CLATHRIN_MEDIATED_ENDOCYTOSIS	3.33043691033964e-300	2.76780565357162e-299	1.61742059701178	6.56699259643917	1.17534739996825e-18	1	48	89	4.84836114345404e-08	1	0	-0.872149922875403	0.426188835973984
SERPINE1	LRP2	R-HSA-8856828	REACTOME_CLATHRIN_MEDIATED_ENDOCYTOSIS	7.67381654068021e-300	6.3504083491307e-299	5.69192410073737	6.56699259643917	2.70817330030193e-18	1	48	89	4.84836114345404e-08	1	0	3.64761785685778	0.426188835973984
THBS1	SDC1	R-HSA-71387	REACTOME_METABOLISM_OF_CARBOHYDRATES	8.96801951782773e-300	7.39010215962766e-299	5.87784721611172	4.97371489672129	1.11187250236328e-16	1	47	86	2.01541220059751e-08	1	0	-1.71378563230842	-1.36985696537123
FGF2	SDC4	R-HSA-71387	REACTOME_METABOLISM_OF_CARBOHYDRATES	1.20995471158042e-299	9.9287460156158e-299	1.70513973428035	1.77570057185383	2.25371048202856e-14	1	47	87	2.69774693235423e-08	1	0	-0.194671018551907	2.92131411044688
S100B	APP	R-HSA-168898	REACTOME_TOLL_LIKE_RECEPTOR_CASCADES	1.45993047994358e-299	1.19298921645599e-298	4.09101248316345	1.25658697558778	4.32933445283623e-18	1	52	96	1.34551608394162e-07	1	0	-6.36051979772941	7.47779934429022
TNC	SDC1	R-HSA-71387	REACTOME_METABOLISM_OF_CARBOHYDRATES	2.16491410868762e-299	1.76169885594455e-298	5.19362687065032	4.97371489672129	2.68410261891482e-16	1	47	86	2.01541220059751e-08	1	0	7.1142609861648	-1.36985696537123
HSPG2	SDC1	R-HSA-71387	REACTOME_METABOLISM_OF_CARBOHYDRATES	1.25106328119746e-298	1.01382845982517e-297	3.09676104986744	4.97371489672129	1.55109258885375e-15	1	47	86	2.01541220059751e-08	1	0	2.05397683291469	-1.36985696537123
TNFSF9	TRAF2	R-HSA-168898	REACTOME_TOLL_LIKE_RECEPTOR_CASCADES	2.42738463420204e-298	1.95895958289115e-297	2.56841166294607	1.20566797021442	3.85886181446648e-17	1	53	97	1.34551608394162e-07	1	0	-4.99093337728425	2.37330096619563
HSPG2	LRP2	R-HSA-8856828	REACTOME_CLATHRIN_MEDIATED_ENDOCYTOSIS	8.9919491995621e-298	7.22686287520361e-297	3.09676104986744	6.56699259643917	3.17335664865489e-16	1	48	89	4.84836114345404e-08	1	0	2.05397683291469	0.426188835973984
FGF2	SDC1	R-HSA-71387	REACTOME_METABOLISM_OF_CARBOHYDRATES	3.16332442352139e-297	2.53195598325298e-296	1.70513973428035	4.97371489672129	3.9219511460425e-14	1	47	86	2.01541220059751e-08	1	0	-0.194671018551907	-1.36985696537123
L1CAM	EGFR	R-HSA-9006931	REACTOME_SIGNALING_BY_NUCLEAR_RECEPTORS	1.79920339994306e-296	1.43422213881175e-295	6.16331281736985	2.78295784689883	8.85758904323062e-24	1	70	129	6.7516760504379e-06	1	0	5.88961647399386	5.81170270821198
L1CAM	EGFR	R-HSA-157118	REACTOME_SIGNALING_BY_NOTCH	4.87651270393495e-294	3.87147532958738e-293	6.16331281736985	2.78295784689883	8.85758904323062e-24	1	52	96	2.38816383372122e-07	1	0	5.88961647399386	5.81170270821198
EFEMP1	EGFR	R-HSA-9006931	REACTOME_SIGNALING_BY_NUCLEAR_RECEPTORS	1.6540510197639e-293	1.3078387212951e-292	11.6997034417759	2.78295784689883	8.1429949443564e-21	1	70	129	6.7516760504379e-06	1	0	1.01946244719326	5.81170270821198
IGF2	IGF1R	R-HSA-9006931	REACTOME_SIGNALING_BY_NUCLEAR_RECEPTORS	2.98631590703195e-293	2.35172377678766e-292	18.9671091644783	5.13835209283825	1.47018169588767e-20	1	70	129	6.7516760504379e-06	1	0	2.10499752261003	-2.47806345242735
ANXA1	EGFR	R-HSA-9006931	REACTOME_SIGNALING_BY_NUCLEAR_RECEPTORS	5.21499431012434e-292	4.09031481432644e-291	2.7077812217246	2.78295784689883	2.56737378682862e-19	1	70	129	6.7516760504379e-06	1	0	7.68275466234545	5.81170270821198
DCN	EGFR	R-HSA-9006931	REACTOME_SIGNALING_BY_NUCLEAR_RECEPTORS	1.97397030888366e-291	1.54206560529992e-290	17.3257647468552	2.78295784689883	9.71797728938474e-19	1	70	129	6.7516760504379e-06	1	0	-2.63243594134095	5.81170270821198
EFEMP1	EGFR	R-HSA-157118	REACTOME_SIGNALING_BY_NOTCH	4.48309558057222e-291	3.48824130233368e-290	11.6997034417759	2.78295784689883	8.1429949443564e-21	1	52	96	2.38816383372122e-07	1	0	1.01946244719326	5.81170270821198
WNT5A	RYK	R-HSA-195721	REACTOME_SIGNALING_BY_WNT	4.95542186434132e-291	3.84045194486453e-290	3.4155479880697	1.51365738659742	9.65811119975263e-20	1	64	118	2.78210171129047e-06	1	0	7.42682687423672	4.40912138106216
WNT5A	FZD2	R-HSA-195721	REACTOME_SIGNALING_BY_WNT	2.45874240875703e-290	1.89799364596936e-289	3.4155479880697	3.52410544200316	2.86033497987759e-24	1	64	117	2.78210171129047e-06	1	0	7.42682687423672	3.79491577287468
DLL1	NOTCH3	R-HSA-157118	REACTOME_SIGNALING_BY_NOTCH	4.64393588832805e-290	3.57071133460815e-289	1.49001617638381	5.80955796788864	4.30455605271546e-22	1	52	96	2.68535130563243e-07	1	0	4.59911096841979	-2.27489465717084
WNT5A	FZD6	R-HSA-195721	REACTOME_SIGNALING_BY_WNT	1.0897587125206e-289	8.34626966883424e-289	3.4155479880697	2.2006318784384	1.26775173924169e-23	1	64	117	2.78210171129047e-06	1	0	7.42682687423672	-4.41813377410395
ANXA1	EGFR	R-HSA-157118	REACTOME_SIGNALING_BY_NOTCH	1.41345808956756e-289	1.0783139253615e-288	2.7077812217246	2.78295784689883	2.56737378682862e-19	1	52	96	2.38816383372122e-07	1	0	7.68275466234545	5.81170270821198
DCN	EGFR	R-HSA-157118	REACTOME_SIGNALING_BY_NOTCH	5.35019625283401e-289	4.0657327944688e-288	17.3257647468552	2.78295784689883	9.71797728938474e-19	1	52	96	2.38816383372122e-07	1	0	-2.63243594134095	5.81170270821198
WNT7B	LRP5	R-HSA-195721	REACTOME_SIGNALING_BY_WNT	5.49186418153597e-289	4.15721346765106e-288	2.32224658634214	2.10278826312485	3.75023371971548e-25	1	63	116	3.09509035235923e-06	1	0	0.757546294138287	-6.27771829635106
TNC	EGFR	R-HSA-9006931	REACTOME_SIGNALING_BY_NUCLEAR_RECEPTORS	6.07642451020918e-289	4.58195253607665e-288	5.19362687065032	2.78295784689883	2.991461174726e-16	1	70	129	6.7516760504379e-06	1	0	7.1142609861648	5.81170270821198
WNT5A	LRP5	R-HSA-195721	REACTOME_SIGNALING_BY_WNT	8.38901752785707e-289	6.30144278150187e-288	3.4155479880697	2.10278826312485	5.72861516022685e-25	1	63	116	3.09509035235923e-06	1	0	7.42682687423672	-6.27771829635106
WNT7A	LRP6	R-HSA-195721	REACTOME_SIGNALING_BY_WNT	2.67487436765451e-288	2.00154392338286e-287	10.3548346702724	1.91172966289188	1.82659361520754e-24	1	63	116	3.09509035235923e-06	1	0	6.15755813866104	7.25587852467171
WNT5A	ROR2	R-HSA-195721	REACTOME_SIGNALING_BY_WNT	1.02911905245142e-287	7.67125766960927e-287	3.4155479880697	3.4154858306922	1.19720765123719e-21	1	64	117	2.78210171129047e-06	1	0	7.42682687423672	-0.882987269807791
TNC	EGFR	R-HSA-157118	REACTOME_SIGNALING_BY_NOTCH	1.64693782367655e-286	1.2229922318024e-285	5.19362687065032	2.78295784689883	2.991461174726e-16	1	52	96	2.38816383372122e-07	1	0	7.1142609861648	5.81170270821198
WNT2	LRP6	R-HSA-195721	REACTOME_SIGNALING_BY_WNT	6.28896951097449e-285	4.65240812686863e-284	15.1935294071625	1.91172966289188	4.29455367844199e-21	1	63	116	3.09509035235923e-06	1	0	-3.57793043501172	7.25587852467171
THBS1	LRP5	R-HSA-195721	REACTOME_SIGNALING_BY_WNT	1.52016520676243e-284	1.12033307502152e-283	5.87784721611172	2.10278826312485	1.03807643989191e-20	1	63	116	3.09509035235923e-06	1	0	-1.71378563230842	-6.27771829635106
FN1	IL17RC	R-HSA-9705683	REACTOME_SARS_COV_2_HOST_INTERACTIONS	6.16600768984611e-284	4.52714775122911e-283	3.91871645826014	8.25370385013744	4.47407155604414e-20	1	64	117	3.05637448715505e-06	1	0	7.84296292746818	7.56858173365509
WNT2	FZD3	R-HSA-195721	REACTOME_SIGNALING_BY_WNT	6.60496785795684e-284	4.83127424216843e-283	15.1935294071625	1.59995097004923	2.42865184716672e-20	1	64	117	3.09509035235923e-06	1	0	-3.57793043501172	4.7931863954282
WNT5A	FZD3	R-HSA-195721	REACTOME_SIGNALING_BY_WNT	2.62913374072488e-283	1.91593216255063e-282	3.4155479880697	1.59995097004923	9.66734532730192e-20	1	64	117	3.09509035235923e-06	1	0	7.42682687423672	4.7931863954282
TNFSF12	TRAF2	R-HSA-109581	REACTOME_APOPTOSIS	5.70343969907225e-270	4.14082443579483e-269	8.53252503662892	1.20566797021442	2.15400209273168e-25	1	46	84	1.28824241406463e-07	1	0	6.14962882879059	2.37330096619563
DSC2	DSG2	R-HSA-109581	REACTOME_APOPTOSIS	5.22028270370896e-267	3.77600448901615e-266	1.90651690301031	4.55221683217381	1.97152954387669e-22	1	46	84	1.28824241406463e-07	1	0	5.74548548277419	6.43121904631802
CDH1	CDH2	R-HSA-381426	REACTOME_REGULATION_OF_INSULIN_LIKE_GROWTH_FACTOR_IGF_TRANSPORT_AND_UPTAKE_BY_INSULIN_LIKE_GROWTH_FACTOR_BINDING_PROTEINS_IGFBPS	8.00610486738522e-265	5.76971321254735e-264	14.3361338797864	1.4046612592213	1.87651132507188e-32	1	35	65	8.06152083889194e-09	1	0	-3.29081622051826	-6.36051979772941
CDH1	IGF1R	R-HSA-8939211	REACTOME_ESR_MEDIATED_SIGNALING	3.86491021801357e-263	2.77506237344871e-262	14.3361338797864	5.13835209283825	2.61653281059424e-38	1	54	99	3.09509035235923e-06	1	0	-3.29081622051826	-2.47806345242735
TNFSF9	TRAF2	R-HSA-109581	REACTOME_APOPTOSIS	1.02176250153735e-261	7.30953174176719e-261	2.56841166294607	1.20566797021442	3.85886181446648e-17	1	46	84	1.28824241406463e-07	1	0	-4.99093337728425	2.37330096619563
CDH1	EGFR	R-HSA-8939211	REACTOME_ESR_MEDIATED_SIGNALING	3.15061991916087e-260	2.24567908836539e-259	14.3361338797864	2.78295784689883	2.13296038644674e-35	1	54	99	3.09509035235923e-06	1	0	-3.29081622051826	5.81170270821198
TNFSF12	TRAF2	R-HSA-5689880	REACTOME_UB_SPECIFIC_PROCESSING_PROTEASES	6.62348459074981e-254	4.70387832935796e-253	8.53252503662892	1.20566797021442	2.15400209273168e-25	1	57	104	4.10143497861858e-06	1	0	6.14962882879059	2.37330096619563
S100B	APP	R-HSA-381426	REACTOME_REGULATION_OF_INSULIN_LIKE_GROWTH_FACTOR_IGF_TRANSPORT_AND_UPTAKE_BY_INSULIN_LIKE_GROWTH_FACTOR_BINDING_PROTEINS_IGFBPS	1.84710346120948e-250	1.30702647092106e-249	4.09101248316345	1.25658697558778	4.32933445283623e-18	1	35	65	8.06152083889194e-09	1	0	-6.36051979772941	7.47779934429022
L1CAM	EGFR	R-HSA-8939211	REACTOME_ESR_MEDIATED_SIGNALING	1.30836449906287e-248	9.22467821902451e-248	6.16331281736985	2.78295784689883	8.85758904323062e-24	1	54	99	3.09509035235923e-06	1	0	5.88961647399386	5.81170270821198
TNFSF9	TRAF2	R-HSA-5689880	REACTOME_UB_SPECIFIC_PROCESSING_PROTEASES	1.18658713713401e-245	8.33598805331916e-245	2.56841166294607	1.20566797021442	3.85886181446648e-17	1	57	104	4.10143497861858e-06	1	0	-4.99093337728425	2.37330096619563
EFEMP1	EGFR	R-HSA-8939211	REACTOME_ESR_MEDIATED_SIGNALING	1.20281099622551e-245	8.41967697357856e-245	11.6997034417759	2.78295784689883	8.1429949443564e-21	1	54	99	3.09509035235923e-06	1	0	1.01946244719326	5.81170270821198
LAMB1	ITGB4	R-HSA-1474290	REACTOME_COLLAGEN_FORMATION	2.02447746026228e-245	1.41207302853294e-244	8.25802293327529	7.1327068911155	5.18944715956462e-36	1	23	42	8.79058240560549e-12	1	0	-0.279099545272194	3.5750195739368
IGF2	IGF1R	R-HSA-8939211	REACTOME_ESR_MEDIATED_SIGNALING	2.1716220166497e-245	1.50931594253269e-244	18.9671091644783	5.13835209283825	1.47018169588767e-20	1	54	99	3.09509035235923e-06	1	0	2.10499752261003	-2.47806345242735
ANXA1	EGFR	R-HSA-8939211	REACTOME_ESR_MEDIATED_SIGNALING	3.79229686782356e-244	2.62636729888631e-243	2.7077812217246	2.78295784689883	2.56737378682862e-19	1	54	99	3.09509035235923e-06	1	0	7.68275466234545	5.81170270821198
TNFSF12	TRAF2	R-HSA-166166	REACTOME_MYD88_INDEPENDENT_TLR4_CASCADE	5.55911089384812e-244	3.83637582179695e-243	8.53252503662892	1.20566797021442	2.15400209273168e-25	1	43	79	3.01742350041763e-07	1	0	6.14962882879059	2.37330096619563
LAMB2	ITGB4	R-HSA-1474290	REACTOME_COLLAGEN_FORMATION	1.09560967827432e-243	7.53424542841459e-243	11.5489876350185	7.1327068911155	2.8084326175583e-34	1	23	42	8.79058240560549e-12	1	0	7.52145571443406	3.5750195739368
DCN	EGFR	R-HSA-8939211	REACTOME_ESR_MEDIATED_SIGNALING	1.43545342034663e-243	9.83663343837534e-243	17.3257647468552	2.78295784689883	9.71797728938474e-19	1	54	99	3.09509035235923e-06	1	0	-2.63243594134095	5.81170270821198
COL17A1	ITGB4	R-HSA-1474290	REACTOME_COLLAGEN_FORMATION	2.24925108790603e-241	1.53593964149667e-240	10.0652800099325	7.1327068911155	5.76562095572522e-32	1	23	42	8.79058240560549e-12	1	0	5.75970801774842	3.5750195739368
TNC	EGFR	R-HSA-8939211	REACTOME_ESR_MEDIATED_SIGNALING	4.41872114661677e-241	3.00688585342946e-240	5.19362687065032	2.78295784689883	2.991461174726e-16	1	54	99	3.09509035235923e-06	1	0	7.1142609861648	5.81170270821198
TNFSF12	TRAF2	R-HSA-168179	REACTOME_TOLL_LIKE_RECEPTOR_TLR1_TLR2_CASCADE	2.44947320514316e-239	1.66104901723771e-238	8.53252503662892	1.20566797021442	2.15400209273168e-25	1	40	73	1.24074948782499e-07	1	0	6.14962882879059	2.37330096619563
LAMA5	ITGB4	R-HSA-1474290	REACTOME_COLLAGEN_FORMATION	4.49681437784797e-239	3.03885068509934e-238	5.8870821214992	7.1327068911155	1.15269154921533e-29	1	23	42	8.79058240560549e-12	1	0	-3.29459552152133	3.5750195739368
CDH1	ERBB3	R-HSA-2219528	REACTOME_PI3K_AKT_SIGNALING_IN_CANCER	6.82120309125984e-239	4.59372746111396e-238	14.3361338797864	9.09909784607182	1.718754504566e-41	1	30	56	1.26218271362278e-08	1	0	-3.29081622051826	4.9842892437399
L1CAM	FGFR2	R-HSA-2219528	REACTOME_PI3K_AKT_SIGNALING_IN_CANCER	1.07548974206463e-238	7.21797754725846e-238	6.16331281736985	12.4701828090957	1.09979507447957e-39	1	30	55	5.59300320892075e-09	1	0	5.88961647399386	-6.36051979772941
TNFSF12	TRAF2	R-HSA-168138	REACTOME_TOLL_LIKE_RECEPTOR_9_TLR9_CASCADE	3.85509735850605e-238	2.57842641820627e-237	8.53252503662892	1.20566797021442	2.15400209273168e-25	1	40	73	1.34551608394162e-07	1	0	6.14962882879059	2.37330096619563
LAMA1	ITGB4	R-HSA-1474290	REACTOME_COLLAGEN_FORMATION	3.24081994411705e-237	2.16017793544731e-236	19.4121541047617	7.1327068911155	8.30736038497547e-28	1	23	42	8.79058240560549e-12	1	0	5.04833152876336	3.5750195739368
S100B	APP	R-HSA-166166	REACTOME_MYD88_INDEPENDENT_TLR4_CASCADE	5.94022206753865e-237	3.94600465915068e-236	4.09101248316345	1.25658697558778	4.32933445283623e-18	1	42	78	3.01742350041763e-07	1	0	-6.36051979772941	7.47779934429022
TNFSF9	TRAF2	R-HSA-166166	REACTOME_MYD88_INDEPENDENT_TLR4_CASCADE	9.95906216759991e-236	6.59323675027885e-235	2.56841166294607	1.20566797021442	3.85886181446648e-17	1	43	79	3.01742350041763e-07	1	0	-4.99093337728425	2.37330096619563
NCAM1	FGFR2	R-HSA-2219528	REACTOME_PI3K_AKT_SIGNALING_IN_CANCER	1.03215510748094e-235	6.81013150307523e-235	4.82764517624997	12.4701828090957	1.05548110680004e-36	1	30	55	5.59300320892075e-09	1	0	1.39367405563148	-6.36051979772941
COL17A1	CD151	R-HSA-1474290	REACTOME_COLLAGEN_FORMATION	1.06042685261748e-235	6.97310990963615e-235	10.0652800099325	2.0341318797366	2.7182466716764e-26	1	23	42	8.79058240560549e-12	1	0	5.75970801774842	-2.32132993135789
LAMC1	ITGB4	R-HSA-1474290	REACTOME_COLLAGEN_FORMATION	2.24069422220342e-233	1.46848181743734e-232	1.71511038573227	7.1327068911155	5.74368670193046e-24	1	23	42	8.79058240560549e-12	1	0	-2.06597306819101	3.5750195739368
UBB	FGFR2	R-HSA-2219528	REACTOME_PI3K_AKT_SIGNALING_IN_CANCER	7.77427841395747e-233	5.0779818536652e-232	1.61742059701178	12.4701828090957	7.94997178763374e-34	1	30	55	5.59300320892075e-09	1	0	-0.872149922875403	-6.36051979772941
CDH1	EGFR	R-HSA-2219528	REACTOME_PI3K_AKT_SIGNALING_IN_CANCER	8.46505765827164e-233	5.51075253553484e-232	14.3361338797864	2.78295784689883	2.13296038644674e-35	1	30	56	1.26218271362278e-08	1	0	-3.29081622051826	5.81170270821198
S100B	APP	R-HSA-168179	REACTOME_TOLL_LIKE_RECEPTOR_TLR1_TLR2_CASCADE	2.63020445446248e-232	1.70657451812798e-231	4.09101248316345	1.25658697558778	4.32933445283623e-18	1	39	72	1.24074948782499e-07	1	0	-6.36051979772941	7.47779934429022
S100B	APP	R-HSA-168138	REACTOME_TOLL_LIKE_RECEPTOR_9_TLR9_CASCADE	4.13954083132379e-231	2.67699445151502e-230	4.09101248316345	1.25658697558778	4.32933445283623e-18	1	39	72	1.34551608394162e-07	1	0	-6.36051979772941	7.47779934429022
TNFSF9	TRAF2	R-HSA-168179	REACTOME_TOLL_LIKE_RECEPTOR_TLR1_TLR2_CASCADE	4.3881937946024e-231	2.82842986166947e-230	2.56841166294607	1.20566797021442	3.85886181446648e-17	1	40	73	1.24074948782499e-07	1	0	-4.99093337728425	2.37330096619563
L1CAM	ERBB2	R-HSA-2219528	REACTOME_PI3K_AKT_SIGNALING_IN_CANCER	5.8726745791602e-230	3.77280705694074e-229	6.16331281736985	5.3918454128273	1.47975155580914e-32	1	30	56	1.26218271362278e-08	1	0	5.88961647399386	0.2885538415546
TNFSF9	TRAF2	R-HSA-168138	REACTOME_TOLL_LIKE_RECEPTOR_9_TLR9_CASCADE	6.90634797337807e-230	4.42232707934668e-229	2.56841166294607	1.20566797021442	3.85886181446648e-17	1	40	73	1.34551608394162e-07	1	0	-4.99093337728425	2.37330096619563
CDH1	LRP5	R-HSA-201681	REACTOME_TCF_DEPENDENT_SIGNALING_IN_RESPONSE_TO_WNT	1.75382785872497e-229	1.11935483924505e-228	14.3361338797864	2.10278826312485	1.78678739278761e-39	1	43	79	1.78679035388859e-06	1	0	-3.29081622051826	-6.27771829635106
RND1	ERBB2	R-HSA-2219528	REACTOME_PI3K_AKT_SIGNALING_IN_CANCER	4.65585552116899e-229	2.96185206281532e-228	7.22325820936774	5.3918454128273	1.17314681040229e-31	1	30	56	1.26218271362278e-08	1	0	4.94217931808006	0.2885538415546
FGF2	FGFR2	R-HSA-2219528	REACTOME_PI3K_AKT_SIGNALING_IN_CANCER	5.3073432944885e-229	3.36533813445975e-228	1.70513973428035	12.4701828090957	5.42728562212532e-30	1	30	55	5.59300320892075e-09	1	0	-0.194671018551907	-6.36051979772941
L1CAM	ERBB3	R-HSA-2219528	REACTOME_PI3K_AKT_SIGNALING_IN_CANCER	2.83265522166802e-227	1.79034810612221e-226	6.16331281736985	9.09909784607182	7.13750764636023e-30	1	30	56	1.26218271362278e-08	1	0	5.88961647399386	4.9842892437399
SEMA5A	MET	R-HSA-2219528	REACTOME_PI3K_AKT_SIGNALING_IN_CANCER	6.40624988233436e-227	4.03593742587064e-226	13.2905452772287	3.79679238684995	1.61419777351974e-29	1	30	56	1.26218271362278e-08	1	0	-1.81425316210326	5.97546678596363
CDH1	EGFR	R-HSA-8856825	REACTOME_CARGO_RECOGNITION_FOR_CLATHRIN_MEDIATED_ENDOCYTOSIS	1.69717236605501e-226	1.06578058871557e-225	14.3361338797864	2.78295784689883	2.13296038644674e-35	1	30	56	2.160395164601e-08	1	0	-3.29081622051826	5.81170270821198
CDH1	ERBB3	R-HSA-199418	REACTOME_NEGATIVE_REGULATION_OF_THE_PI3K_AKT_NETWORK	3.46459080567969e-225	2.16870059086296e-224	14.3361338797864	9.09909784607182	1.718754504566e-41	1	28	51	5.59300320892075e-09	1	0	-3.29081622051826	4.9842892437399
WNT7A	LRP6	R-HSA-201681	REACTOME_TCF_DEPENDENT_SIGNALING_IN_RESPONSE_TO_WNT	8.86848168035198e-225	5.53359256285221e-224	10.3548346702724	1.91172966289188	1.82659361520754e-24	1	44	80	9.25238110616533e-07	1	0	6.15755813866104	7.25587852467171
SEMA4D	ERBB2	R-HSA-2219528	REACTOME_PI3K_AKT_SIGNALING_IN_CANCER	4.2055147814994e-224	2.61572304721921e-223	1.60620941757158	5.3918454128273	1.05967340042737e-26	1	30	56	1.26218271362278e-08	1	0	-0.545072800988612	0.2885538415546
UBB	ERBB2	R-HSA-2219528	REACTOME_PI3K_AKT_SIGNALING_IN_CANCER	4.24511786837837e-224	2.63197307839459e-223	1.61742059701178	5.3918454128273	1.06965228289975e-26	1	30	56	1.26218271362278e-08	1	0	-0.872149922875403	0.2885538415546
CDH1	EGFR	R-HSA-199418	REACTOME_NEGATIVE_REGULATION_OF_THE_PI3K_AKT_NETWORK	9.35760831998455e-224	5.78335729396514e-223	14.3361338797864	2.78295784689883	2.13296038644674e-35	1	28	51	3.57589206513711e-09	1	0	-3.29081622051826	5.81170270821198
L1CAM	FGFR2	R-HSA-199418	REACTOME_NEGATIVE_REGULATION_OF_THE_PI3K_AKT_NETWORK	1.17366312509471e-223	7.23080152463715e-223	6.16331281736985	12.4701828090957	1.09979507447957e-39	1	27	50	5.59300320892075e-09	1	0	5.88961647399386	-6.36051979772941
RND1	MET	R-HSA-2219528	REACTOME_PI3K_AKT_SIGNALING_IN_CANCER	1.42185666405347e-223	8.73234611602648e-223	7.22325820936774	3.79679238684995	3.5826855079574e-26	1	30	56	1.26218271362278e-08	1	0	4.94217931808006	5.97546678596363
UBB	ERBB3	R-HSA-2219528	REACTOME_PI3K_AKT_SIGNALING_IN_CANCER	2.04761137951182e-221	1.25360032106162e-220	1.61742059701178	9.09909784607182	5.15941430720038e-24	1	30	56	1.26218271362278e-08	1	0	-0.872149922875403	4.9842892437399
WNT2	LRP6	R-HSA-201681	REACTOME_TCF_DEPENDENT_SIGNALING_IN_RESPONSE_TO_WNT	2.08509272700067e-221	1.2725581549476e-220	15.1935294071625	1.91172966289188	4.29455367844199e-21	1	44	80	9.25238110616533e-07	1	0	-3.57793043501172	7.25587852467171
L1CAM	EGFR	R-HSA-2219528	REACTOME_PI3K_AKT_SIGNALING_IN_CANCER	3.5153021331601e-221	2.13874924176376e-220	6.16331281736985	2.78295784689883	8.85758904323062e-24	1	30	56	1.26218271362278e-08	1	0	5.88961647399386	5.81170270821198
NCAM1	FGFR2	R-HSA-199418	REACTOME_NEGATIVE_REGULATION_OF_THE_PI3K_AKT_NETWORK	1.12637279710638e-220	6.83169587810171e-220	4.82764517624997	12.4701828090957	1.05548110680004e-36	1	27	50	5.59300320892075e-09	1	0	1.39367405563148	-6.36051979772941
WNT5A	RYK	R-HSA-201681	REACTOME_TCF_DEPENDENT_SIGNALING_IN_RESPONSE_TO_WNT	4.6892084549456e-220	2.83530158282005e-219	3.4155479880697	1.51365738659742	9.65811119975263e-20	1	44	80	9.25238110616533e-07	1	0	7.42682687423672	4.40912138106216
DCN	MET	R-HSA-2219528	REACTOME_PI3K_AKT_SIGNALING_IN_CANCER	1.96767157484125e-219	1.18606869927931e-218	17.3257647468552	3.79679238684995	4.95798811077511e-22	1	30	56	1.26218271362278e-08	1	0	-2.63243594134095	5.97546678596363
SEMA4D	MET	R-HSA-2219528	REACTOME_PI3K_AKT_SIGNALING_IN_CANCER	1.2843266271177e-218	7.71781508541804e-218	1.60620941757158	3.79679238684995	3.2361478556782e-21	1	30	56	1.26218271362278e-08	1	0	-0.545072800988612	5.97546678596363
UBB	MET	R-HSA-2219528	REACTOME_PI3K_AKT_SIGNALING_IN_CANCER	1.29642105589452e-218	7.76659608025153e-218	1.61742059701178	3.79679238684995	3.26662247087761e-21	1	30	56	1.26218271362278e-08	1	0	-0.872149922875403	5.97546678596363
EFEMP1	EGFR	R-HSA-2219528	REACTOME_PI3K_AKT_SIGNALING_IN_CANCER	3.23170191781302e-218	1.93012655825346e-217	11.6997034417759	2.78295784689883	8.1429949443564e-21	1	30	56	1.26218271362278e-08	1	0	1.01946244719326	5.81170270821198
UBB	FGFR2	R-HSA-199418	REACTOME_NEGATIVE_REGULATION_OF_THE_PI3K_AKT_NETWORK	8.48393391569273e-218	5.05156187114265e-217	1.61742059701178	12.4701828090957	7.94997178763374e-34	1	27	50	5.59300320892075e-09	1	0	-0.872149922875403	-6.36051979772941
FBLN2	ITGB3	R-HSA-194138	REACTOME_SIGNALING_BY_VEGF	1.0926328216622e-217	6.48605440944156e-217	17.5000998547113	3.24113977349228	3.3590588362703e-35	1	33	60	7.49671952767637e-08	1	0	6.82089839498334	-5.39454496662179
FGF2	FGFR3	R-HSA-2219528	REACTOME_PI3K_AKT_SIGNALING_IN_CANCER	2.53015320264407e-217	1.49739066811026e-216	1.70513973428035	4.85646853460732	2.587332934115e-18	1	30	55	5.59300320892075e-09	1	0	-0.194671018551907	4.42416595366005
ANXA1	EGFR	R-HSA-2219528	REACTOME_PI3K_AKT_SIGNALING_IN_CANCER	1.01891095933778e-216	6.01188248817732e-216	2.7077812217246	2.78295784689883	2.56737378682862e-19	1	30	56	1.26218271362278e-08	1	0	7.68275466234545	5.81170270821198
L1CAM	ERBB2	R-HSA-199418	REACTOME_NEGATIVE_REGULATION_OF_THE_PI3K_AKT_NETWORK	2.98281902466408e-216	1.75465227565329e-215	6.16331281736985	5.3918454128273	1.47975155580914e-32	1	28	51	5.59300320892075e-09	1	0	5.88961647399386	0.2885538415546
DCN	EGFR	R-HSA-2219528	REACTOME_PI3K_AKT_SIGNALING_IN_CANCER	3.85676351980718e-216	2.26193968594097e-215	17.3257647468552	2.78295784689883	9.71797728938474e-19	1	30	56	1.26218271362278e-08	1	0	-2.63243594134095	5.81170270821198
RND1	ERBB2	R-HSA-199418	REACTOME_NEGATIVE_REGULATION_OF_THE_PI3K_AKT_NETWORK	2.36477847315287e-215	1.38275819103819e-214	7.22325820936774	5.3918454128273	1.17314681040229e-31	1	28	51	5.59300320892075e-09	1	0	4.94217931808006	0.2885538415546
WNT7B	LRP5	R-HSA-201681	REACTOME_TCF_DEPENDENT_SIGNALING_IN_RESPONSE_TO_WNT	3.68105595602251e-215	2.14600068122745e-214	2.32224658634214	2.10278826312485	3.75023371971548e-25	1	43	79	1.78679035388859e-06	1	0	0.757546294138287	-6.27771829635106
WNT5A	LRP5	R-HSA-201681	REACTOME_TCF_DEPENDENT_SIGNALING_IN_RESPONSE_TO_WNT	5.62294367000511e-215	3.26833600819047e-214	3.4155479880697	2.10278826312485	5.72861516022685e-25	1	43	79	1.78679035388859e-06	1	0	7.42682687423672	-6.27771829635106
L1CAM	EGFR	R-HSA-8856825	REACTOME_CARGO_RECOGNITION_FOR_CLATHRIN_MEDIATED_ENDOCYTOSIS	7.04788305003899e-215	4.08442599309381e-214	6.16331281736985	2.78295784689883	8.85758904323062e-24	1	30	56	2.160395164601e-08	1	0	5.88961647399386	5.81170270821198
EFNA5	EPHB2	R-HSA-2682334	REACTOME_EPH_EPHRIN_SIGNALING	9.83627518188696e-215	5.68350456515539e-214	8.38426854170645	3.57284179935369	1.15966631841067e-29	1	28	52	1.0232437767236e-08	1	0	-1.86748876519081	5.4121494486884
WNT5A	FZD2	R-HSA-201681	REACTOME_TCF_DEPENDENT_SIGNALING_IN_RESPONSE_TO_WNT	2.80757251435964e-214	1.61745991756472e-213	3.4155479880697	3.52410544200316	2.86033497987759e-24	1	43	79	1.78679035388859e-06	1	0	7.42682687423672	3.79491577287468
FGF2	FGFR2	R-HSA-199418	REACTOME_NEGATIVE_REGULATION_OF_THE_PI3K_AKT_NETWORK	5.79181081262749e-214	3.32688426972397e-213	1.70513973428035	12.4701828090957	5.42728562212532e-30	1	27	50	5.59300320892075e-09	1	0	-0.194671018551907	-6.36051979772941
TNC	EGFR	R-HSA-2219528	REACTOME_PI3K_AKT_SIGNALING_IN_CANCER	1.18721807903435e-213	6.79952172537853e-213	5.19362687065032	2.78295784689883	2.991461174726e-16	1	30	56	1.26218271362278e-08	1	0	7.1142609861648	5.81170270821198
WNT5A	FZD6	R-HSA-201681	REACTOME_TCF_DEPENDENT_SIGNALING_IN_RESPONSE_TO_WNT	1.24436646867107e-213	7.10598746583217e-213	3.4155479880697	2.2006318784384	1.26775173924169e-23	1	43	79	1.78679035388859e-06	1	0	7.42682687423672	-4.41813377410395
L1CAM	ERBB3	R-HSA-199418	REACTOME_NEGATIVE_REGULATION_OF_THE_PI3K_AKT_NETWORK	1.4387478433572e-213	8.1920540468706e-213	6.16331281736985	9.09909784607182	7.13750764636023e-30	1	28	51	5.59300320892075e-09	1	0	5.88961647399386	4.9842892437399
SEMA5A	MET	R-HSA-199418	REACTOME_NEGATIVE_REGULATION_OF_THE_PI3K_AKT_NETWORK	3.25382988078176e-213	1.84730516196709e-212	13.2905452772287	3.79679238684995	1.61419777351974e-29	1	28	51	5.59300320892075e-09	1	0	-1.81425316210326	5.97546678596363
L1CAM	EGFR	R-HSA-199418	REACTOME_NEGATIVE_REGULATION_OF_THE_PI3K_AKT_NETWORK	3.88595350633852e-212	2.19978759358815e-211	6.16331281736985	2.78295784689883	8.85758904323062e-24	1	28	51	3.57589206513711e-09	1	0	5.88961647399386	5.81170270821198
EFEMP1	EGFR	R-HSA-8856825	REACTOME_CARGO_RECOGNITION_FOR_CLATHRIN_MEDIATED_ENDOCYTOSIS	6.47928863766189e-212	3.65724008940858e-211	11.6997034417759	2.78295784689883	8.1429949443564e-21	1	30	56	2.160395164601e-08	1	0	1.01946244719326	5.81170270821198
COL1A2	ITGB3	R-HSA-194138	REACTOME_SIGNALING_BY_VEGF	3.0586575248237e-211	1.72148649740077e-210	15.6937572852742	3.24113977349228	9.40316855048686e-29	1	33	60	7.49671952767637e-08	1	0	5.77125570056243	-5.39454496662179
L1CAM	EPHB2	R-HSA-2682334	REACTOME_EPH_EPHRIN_SIGNALING	6.99185418442464e-211	3.92387678798314e-210	6.16331281736985	3.57284179935369	8.24317910081129e-26	1	28	52	1.0232437767236e-08	1	0	5.88961647399386	5.4121494486884
THBS1	LRP5	R-HSA-201681	REACTOME_TCF_DEPENDENT_SIGNALING_IN_RESPONSE_TO_WNT	1.01892781822692e-210	5.70190839254207e-210	5.87784721611172	2.10278826312485	1.03807643989191e-20	1	43	79	1.78679035388859e-06	1	0	-1.71378563230842	-6.27771829635106
ANXA1	EGFR	R-HSA-8856825	REACTOME_CARGO_RECOGNITION_FOR_CLATHRIN_MEDIATED_ENDOCYTOSIS	2.0428301772628e-210	1.13989923891264e-209	2.7077812217246	2.78295784689883	2.56737378682862e-19	1	30	56	2.160395164601e-08	1	0	7.68275466234545	5.81170270821198
SEMA4D	ERBB2	R-HSA-199418	REACTOME_NEGATIVE_REGULATION_OF_THE_PI3K_AKT_NETWORK	2.1360436934948e-210	1.18851661920095e-209	1.60620941757158	5.3918454128273	1.05967340042737e-26	1	28	51	5.59300320892075e-09	1	0	-0.545072800988612	0.2885538415546
UBB	ERBB2	R-HSA-199418	REACTOME_NEGATIVE_REGULATION_OF_THE_PI3K_AKT_NETWORK	2.15615869210161e-210	1.1963005470666e-209	1.61742059701178	5.3918454128273	1.06965228289975e-26	1	28	51	5.59300320892075e-09	1	0	-0.872149922875403	0.2885538415546
RND1	MET	R-HSA-199418	REACTOME_NEGATIVE_REGULATION_OF_THE_PI3K_AKT_NETWORK	7.22182210288684e-210	3.99552933907592e-209	7.22325820936774	3.79679238684995	3.5826855079574e-26	1	28	51	5.59300320892075e-09	1	0	4.94217931808006	5.97546678596363
DCN	EGFR	R-HSA-8856825	REACTOME_CARGO_RECOGNITION_FOR_CLATHRIN_MEDIATED_ENDOCYTOSIS	7.73248421034645e-210	4.26597222113182e-209	17.3257647468552	2.78295784689883	9.71797728938474e-19	1	30	56	2.160395164601e-08	1	0	-2.63243594134095	5.81170270821198
EFEMP1	EGFR	R-HSA-199418	REACTOME_NEGATIVE_REGULATION_OF_THE_PI3K_AKT_NETWORK	3.57245065239303e-209	1.96535102087988e-208	11.6997034417759	2.78295784689883	8.1429949443564e-21	1	28	51	3.57589206513711e-09	1	0	1.01946244719326	5.81170270821198
L1CAM	ITGB3	R-HSA-194138	REACTOME_SIGNALING_BY_VEGF	5.30980294176746e-209	2.91293402957074e-208	6.16331281736985	3.24113977349228	1.63238190696712e-26	1	33	60	7.49671952767637e-08	1	0	5.88961647399386	-5.39454496662179
COMP	ITGB3	R-HSA-194138	REACTOME_SIGNALING_BY_VEGF	6.28521769241026e-209	3.4383837964362e-208	8.99453854548071	3.24113977349228	1.93225167769126e-26	1	33	60	7.49671952767637e-08	1	0	4.26810252217773	-5.39454496662179
GAS6	AXL	R-HSA-194138	REACTOME_SIGNALING_BY_VEGF	3.45108513638447e-208	1.8826729808265e-207	3.59609655680546	4.54961192379196	6.72815430742478e-19	1	33	61	7.49671952767637e-08	1	0	3.45430525094715	1.18411109358531
COL4A3	ITGB3	R-HSA-194138	REACTOME_SIGNALING_BY_VEGF	7.63177320984517e-208	4.15176965984056e-207	8.62407894562393	3.24113977349228	2.34622049866144e-25	1	33	60	7.49671952767637e-08	1	0	0.82100178352364	-5.39454496662179
UBB	ERBB3	R-HSA-199418	REACTOME_NEGATIVE_REGULATION_OF_THE_PI3K_AKT_NETWORK	1.04001236499638e-207	5.64206708010535e-207	1.61742059701178	9.09909784607182	5.15941430720038e-24	1	28	51	5.59300320892075e-09	1	0	-0.872149922875403	4.9842892437399
ANXA1	EGFR	R-HSA-199418	REACTOME_NEGATIVE_REGULATION_OF_THE_PI3K_AKT_NETWORK	1.12634432691737e-207	6.0934916079491e-207	2.7077812217246	2.78295784689883	2.56737378682862e-19	1	28	51	3.57589206513711e-09	1	0	7.68275466234545	5.81170270821198
TNC	EGFR	R-HSA-8856825	REACTOME_CARGO_RECOGNITION_FOR_CLATHRIN_MEDIATED_ENDOCYTOSIS	2.38027169755793e-207	1.28416315616869e-206	5.19362687065032	2.78295784689883	2.991461174726e-16	1	30	56	2.160395164601e-08	1	0	7.1142609861648	5.81170270821198
DCN	EGFR	R-HSA-199418	REACTOME_NEGATIVE_REGULATION_OF_THE_PI3K_AKT_NETWORK	4.26341837918789e-207	2.29378955772836e-206	17.3257647468552	2.78295784689883	9.71797728938474e-19	1	28	51	3.57589206513711e-09	1	0	-2.63243594134095	5.81170270821198
PROS1	AXL	R-HSA-194138	REACTOME_SIGNALING_BY_VEGF	8.61332266657795e-207	4.62137889226009e-206	2.13592110483672	4.54961192379196	1.67923310234789e-17	1	33	61	7.49671952767637e-08	1	0	2.89803690936517	1.18411109358531
MFGE8	ITGB3	R-HSA-194138	REACTOME_SIGNALING_BY_VEGF	4.27151424640052e-206	2.28555269129321e-205	2.78019749763891	3.24113977349228	1.31318292743563e-23	1	33	60	7.49671952767637e-08	1	0	4.64057982249706	-5.39454496662179
FBN1	ITGB3	R-HSA-194138	REACTOME_SIGNALING_BY_VEGF	5.39716630902162e-206	2.87996333374842e-205	6.55908628413473	3.24113977349228	1.65923984907937e-23	1	33	60	7.49671952767637e-08	1	0	3.99266837107762	-5.39454496662179
DCN	MET	R-HSA-199418	REACTOME_NEGATIVE_REGULATION_OF_THE_PI3K_AKT_NETWORK	9.99409745698271e-206	5.31838483201287e-205	17.3257647468552	3.79679238684995	4.95798811077511e-22	1	28	51	5.59300320892075e-09	1	0	-2.63243594134095	5.97546678596363
SEMA4D	MET	R-HSA-199418	REACTOME_NEGATIVE_REGULATION_OF_THE_PI3K_AKT_NETWORK	6.52328652917993e-205	3.4619507042088e-204	1.60620941757158	3.79679238684995	3.2361478556782e-21	1	28	51	5.59300320892075e-09	1	0	-0.545072800988612	5.97546678596363
UBB	MET	R-HSA-199418	REACTOME_NEGATIVE_REGULATION_OF_THE_PI3K_AKT_NETWORK	6.58471593712971e-205	3.4850813618467e-204	1.61742059701178	3.79679238684995	3.26662247087761e-21	1	28	51	5.59300320892075e-09	1	0	-0.872149922875403	5.97546678596363
TNC	EGFR	R-HSA-199418	REACTOME_NEGATIVE_REGULATION_OF_THE_PI3K_AKT_NETWORK	1.31239764954846e-204	6.92733137721119e-204	5.19362687065032	2.78295784689883	2.991461174726e-16	1	28	51	3.57589206513711e-09	1	0	7.1142609861648	5.81170270821198
COL4A4	ITGB3	R-HSA-194138	REACTOME_SIGNALING_BY_VEGF	1.48802946023822e-204	7.83321168691438e-204	2.61912453042687	3.24113977349228	4.57461867147628e-22	1	33	60	7.49671952767637e-08	1	0	5.55251303801619	-5.39454496662179
COL18A1	ITGB3	R-HSA-194138	REACTOME_SIGNALING_BY_VEGF	2.58856917380328e-204	1.35899881624672e-203	3.25983197505071	3.24113977349228	7.9579855045294e-22	1	33	60	7.49671952767637e-08	1	0	6.43761926723443	-5.39454496662179
CDH1	ERBB3	R-HSA-2219530	REACTOME_CONSTITUTIVE_SIGNALING_BY_ABERRANT_PI3K_IN_CANCER	2.61608930679598e-204	1.36976472283446e-203	14.3361338797864	9.09909784607182	1.718754504566e-41	1	19	36	2.51979861956075e-10	1	0	-3.29081622051826	4.9842892437399
WNT5A	LDLR	R-HSA-8856825	REACTOME_CARGO_RECOGNITION_FOR_CLATHRIN_MEDIATED_ENDOCYTOSIS	2.03184371225978e-203	1.0610135748779e-202	3.4155479880697	2.03823700880741	2.17004769151186e-19	1	29	54	2.160395164601e-08	1	0	7.42682687423672	-6.36051979772941
NID1	ITGB3	R-HSA-194138	REACTOME_SIGNALING_BY_VEGF	4.31250285355278e-203	2.24595148613029e-202	1.52477175080913	3.24113977349228	1.32578397147454e-20	1	33	60	7.49671952767637e-08	1	0	5.58579957949785	-5.39454496662179
FGF2	FGFR3	R-HSA-199418	REACTOME_NEGATIVE_REGULATION_OF_THE_PI3K_AKT_NETWORK	2.76111189036818e-202	1.43416263880028e-201	1.70513973428035	4.85646853460732	2.587332934115e-18	1	27	50	5.59300320892075e-09	1	0	-0.194671018551907	4.42416595366005
THBS1	ITGB3	R-HSA-194138	REACTOME_SIGNALING_BY_VEGF	7.4285170001622e-202	3.84824766613177e-201	5.87784721611172	3.24113977349228	2.28373385597358e-19	1	33	60	7.49671952767637e-08	1	0	-1.71378563230842	-5.39454496662179
CDH1	EGFR	R-HSA-2219530	REACTOME_CONSTITUTIVE_SIGNALING_BY_ABERRANT_PI3K_IN_CANCER	1.32987004727739e-201	6.87099524426649e-201	14.3361338797864	2.78295784689883	2.13296038644674e-35	1	19	36	1.63367322302759e-10	1	0	-3.29081622051826	5.81170270821198
TNC	ITGB3	R-HSA-194138	REACTOME_SIGNALING_BY_VEGF	1.79327233045234e-201	9.2407938294813e-201	5.19362687065032	3.24113977349228	5.51302061225035e-19	1	33	60	7.49671952767637e-08	1	0	7.1142609861648	-5.39454496662179
UBB	LDLR	R-HSA-8856825	REACTOME_CARGO_RECOGNITION_FOR_CLATHRIN_MEDIATED_ENDOCYTOSIS	1.90239232480516e-200	9.77729529038022e-200	1.61742059701178	2.03823700880741	2.03179115002005e-16	1	29	54	2.160395164601e-08	1	0	-0.872149922875403	-6.36051979772941
SEMA5A	MET	R-HSA-9730414	REACTOME_MITF_M_REGULATED_MELANOCYTE_DEVELOPMENT	1.99419149597954e-198	1.02221942038006e-197	13.2905452772287	3.79679238684995	1.61419777351974e-29	1	39	71	1.85035056033067e-06	1	0	-1.81425316210326	5.97546678596363
COL4A2	ITGB3	R-HSA-194138	REACTOME_SIGNALING_BY_VEGF	4.64979492407214e-198	2.37723808552694e-197	1.3466555524192	3.24113977349228	1.42947698594562e-15	1	33	60	7.49671952767637e-08	1	0	7.20313784037645	-5.39454496662179
FN1	ITGB3	R-HSA-194138	REACTOME_SIGNALING_BY_VEGF	6.11116038708528e-197	3.11621311644323e-196	3.91871645826014	3.24113977349228	1.87874159471756e-14	1	33	60	7.49671952767637e-08	1	0	7.84296292746818	-5.39454496662179
LTBP1	ITGB3	R-HSA-194138	REACTOME_SIGNALING_BY_VEGF	8.16625715954576e-197	4.15330735223773e-196	2.03718846603833	3.24113977349228	2.51053581104197e-14	1	33	60	7.49671952767637e-08	1	0	6.71785217640578	-5.39454496662179
WNT5A	LRP2	R-HSA-8856825	REACTOME_CARGO_RECOGNITION_FOR_CLATHRIN_MEDIATED_ENDOCYTOSIS	1.57682351169363e-196	7.99879563204586e-196	3.4155479880697	6.56699259643917	1.25532583011812e-21	1	29	54	4.84836114345404e-08	1	0	7.42682687423672	0.426188835973984
L1CAM	FGFR2	R-HSA-2219530	REACTOME_CONSTITUTIVE_SIGNALING_BY_ABERRANT_PI3K_IN_CANCER	2.09866444873992e-196	1.06183721978991e-195	6.16331281736985	12.4701828090957	1.09979507447957e-39	1	19	35	1.63367322302759e-10	1	0	5.88961647399386	-6.36051979772941
L1CAM	ERBB2	R-HSA-2219530	REACTOME_CONSTITUTIVE_SIGNALING_BY_ABERRANT_PI3K_IN_CANCER	2.25230666251809e-195	1.13662917620099e-194	6.16331281736985	5.3918454128273	1.47975155580914e-32	1	19	36	2.51979861956075e-10	1	0	5.88961647399386	0.2885538415546
FN1	IL17RC	R-HSA-9705671	REACTOME_SARS_COV_2_ACTIVATES_MODULATES_INNATE_AND_ADAPTIVE_IMMUNE_RESPONSES	2.51919285154398e-195	1.26803702037768e-194	3.91871645826014	8.25370385013744	4.47407155604414e-20	1	41	76	3.36196832278612e-06	1	0	7.84296292746818	7.56858173365509
TCN2	LRP2	R-HSA-8856825	REACTOME_CARGO_RECOGNITION_FOR_CLATHRIN_MEDIATED_ENDOCYTOSIS	3.59316502353001e-195	1.80397205422985e-194	6.49166765952813	6.56699259643917	2.86055657622044e-20	1	29	54	4.84836114345404e-08	1	0	-2.41934834619518	0.426188835973984
RND1	MET	R-HSA-9730414	REACTOME_MITF_M_REGULATED_MELANOCYTE_DEVELOPMENT	4.42607534835037e-195	2.21644234752007e-194	7.22325820936774	3.79679238684995	3.5826855079574e-26	1	39	71	1.85035056033067e-06	1	0	4.94217931808006	5.97546678596363
RND1	ERBB2	R-HSA-2219530	REACTOME_CONSTITUTIVE_SIGNALING_BY_ABERRANT_PI3K_IN_CANCER	1.78562838255379e-194	8.91900826375331e-194	7.22325820936774	5.3918454128273	1.17314681040229e-31	1	19	36	2.51979861956075e-10	1	0	4.94217931808006	0.2885538415546
UBB	LRP2	R-HSA-8856825	REACTOME_CARGO_RECOGNITION_FOR_CLATHRIN_MEDIATED_ENDOCYTOSIS	1.47636204896981e-193	7.35544663683174e-193	1.61742059701178	6.56699259643917	1.17534739996825e-18	1	29	54	4.84836114345404e-08	1	0	-0.872149922875403	0.426188835973984
NCAM1	FGFR2	R-HSA-2219530	REACTOME_CONSTITUTIVE_SIGNALING_BY_ABERRANT_PI3K_IN_CANCER	2.01410310571368e-193	1.00090161970962e-192	4.82764517624997	12.4701828090957	1.05548110680004e-36	1	19	35	1.63367322302759e-10	1	0	1.39367405563148	-6.36051979772941
SERPINE1	LRP2	R-HSA-8856825	REACTOME_CARGO_RECOGNITION_FOR_CLATHRIN_MEDIATED_ENDOCYTOSIS	3.40175533013226e-193	1.68620004054525e-192	5.69192410073737	6.56699259643917	2.70817330030193e-18	1	29	54	4.84836114345404e-08	1	0	3.64761785685778	0.426188835973984
L1CAM	ERBB3	R-HSA-2219530	REACTOME_CONSTITUTIVE_SIGNALING_BY_ABERRANT_PI3K_IN_CANCER	1.08638885781611e-192	5.3714365552275e-192	6.16331281736985	9.09909784607182	7.13750764636023e-30	1	19	36	2.51979861956075e-10	1	0	5.88961647399386	4.9842892437399
SEMA5A	MET	R-HSA-2219530	REACTOME_CONSTITUTIVE_SIGNALING_BY_ABERRANT_PI3K_IN_CANCER	2.45694514437079e-192	1.21172067347378e-191	13.2905452772287	3.79679238684995	1.61419777351974e-29	1	19	36	2.51979861956075e-10	1	0	-1.81425316210326	5.97546678596363
TNFSF12	TRAF2	R-HSA-73887	REACTOME_DEATH_RECEPTOR_SIGNALING	9.42508310064499e-192	4.63657110719387e-191	8.53252503662892	1.20566797021442	2.15400209273168e-25	1	34	62	4.53054876679233e-07	1	0	6.14962882879059	2.37330096619563
HSPG2	LRP2	R-HSA-8856825	REACTOME_CARGO_RECOGNITION_FOR_CLATHRIN_MEDIATED_ENDOCYTOSIS	3.98607537145753e-191	1.95598120614486e-190	3.09676104986744	6.56699259643917	3.17335664865489e-16	1	29	54	4.84836114345404e-08	1	0	2.05397683291469	0.426188835973984
SLIT2	GPC1	R-HSA-1630316	REACTOME_GLYCOSAMINOGLYCAN_METABOLISM	5.99454394031789e-191	2.93417150762928e-190	6.20283557424795	4.90779964490746	7.33880397676584e-27	1	23	42	1.62206099453347e-09	1	0	4.67965566152487	0.670420105488671
DCN	MET	R-HSA-9730414	REACTOME_MITF_M_REGULATED_MELANOCYTE_DEVELOPMENT	6.12513403863549e-191	2.99059669436378e-190	17.3257647468552	3.79679238684995	4.95798811077511e-22	1	39	71	1.85035056033067e-06	1	0	-2.63243594134095	5.97546678596363
UBB	FGFR2	R-HSA-2219530	REACTOME_CONSTITUTIVE_SIGNALING_BY_ABERRANT_PI3K_IN_CANCER	1.51703926907359e-190	7.38847304863025e-190	1.61742059701178	12.4701828090957	7.94997178763374e-34	1	19	35	1.63367322302759e-10	1	0	-0.872149922875403	-6.36051979772941
SEMA4D	MET	R-HSA-9730414	REACTOME_MITF_M_REGULATED_MELANOCYTE_DEVELOPMENT	3.9979602496007e-190	1.94229262872392e-189	1.60620941757158	3.79679238684995	3.2361478556782e-21	1	39	71	1.85035056033067e-06	1	0	-0.545072800988612	5.97546678596363
UBB	MET	R-HSA-9730414	REACTOME_MITF_M_REGULATED_MELANOCYTE_DEVELOPMENT	4.03560880758465e-190	1.95571811444487e-189	1.61742059701178	3.79679238684995	3.26662247087761e-21	1	39	71	1.85035056033067e-06	1	0	-0.872149922875403	5.97546678596363
L1CAM	EGFR	R-HSA-2219530	REACTOME_CONSTITUTIVE_SIGNALING_BY_ABERRANT_PI3K_IN_CANCER	5.52257905703907e-190	2.66970220257359e-189	6.16331281736985	2.78295784689883	8.85758904323062e-24	1	19	36	1.63367322302759e-10	1	0	5.88961647399386	5.81170270821198
SEMA4D	ERBB2	R-HSA-2219530	REACTOME_CONSTITUTIVE_SIGNALING_BY_ABERRANT_PI3K_IN_CANCER	1.6129122828127e-189	7.7778214526746e-189	1.60620941757158	5.3918454128273	1.05967340042737e-26	1	19	36	2.51979861956075e-10	1	0	-0.545072800988612	0.2885538415546
UBB	ERBB2	R-HSA-2219530	REACTOME_CONSTITUTIVE_SIGNALING_BY_ABERRANT_PI3K_IN_CANCER	1.6281009835029e-189	7.83172714478121e-189	1.61742059701178	5.3918454128273	1.06965228289975e-26	1	19	36	2.51979861956075e-10	1	0	-0.872149922875403	0.2885538415546
RND1	MET	R-HSA-2219530	REACTOME_CONSTITUTIVE_SIGNALING_BY_ABERRANT_PI3K_IN_CANCER	5.45314948823766e-189	2.61670785025262e-188	7.22325820936774	3.79679238684995	3.5826855079574e-26	1	19	36	2.51979861956075e-10	1	0	4.94217931808006	5.97546678596363
SLIT2	SDC1	R-HSA-1630316	REACTOME_GLYCOSAMINOGLYCAN_METABOLISM	3.11330807258042e-188	1.49026732003666e-187	6.20283557424795	4.97371489672129	4.11393068888082e-22	1	22	41	1.32571523359111e-09	1	0	4.67965566152487	-1.36985696537123
COL18A1	GPC1	R-HSA-1630316	REACTOME_GLYCOSAMINOGLYCAN_METABOLISM	5.64562231195272e-188	2.69581916265126e-187	3.25983197505071	4.90779964490746	6.91163763028142e-24	1	23	42	1.62206099453347e-09	1	0	6.43761926723443	0.670420105488671
LAMA1	GPC1	R-HSA-1630316	REACTOME_GLYCOSAMINOGLYCAN_METABOLISM	1.20205523084595e-187	5.72588747766375e-187	19.4121541047617	4.90779964490746	1.47161281929925e-23	1	23	42	1.62206099453347e-09	1	0	5.04833152876336	0.670420105488671
PTN	SDC1	R-HSA-1630316	REACTOME_GLYCOSAMINOGLYCAN_METABOLISM	1.70706846551405e-187	8.11169029963246e-187	8.46323813593221	4.97371489672129	2.25572323219469e-21	1	22	41	1.32571523359111e-09	1	0	3.62957168854979	-1.36985696537123
EFEMP1	EGFR	R-HSA-2219530	REACTOME_CONSTITUTIVE_SIGNALING_BY_ABERRANT_PI3K_IN_CANCER	5.07703993962625e-187	2.40666480633254e-186	11.6997034417759	2.78295784689883	8.1429949443564e-21	1	19	36	1.63367322302759e-10	1	0	1.01946244719326	5.81170270821198
UBB	ERBB3	R-HSA-2219530	REACTOME_CONSTITUTIVE_SIGNALING_BY_ABERRANT_PI3K_IN_CANCER	7.85306369382013e-187	3.71356740775562e-186	1.61742059701178	9.09909784607182	5.15941430720038e-24	1	19	36	2.51979861956075e-10	1	0	-0.872149922875403	4.9842892437399
LAMA5	SDC1	R-HSA-1630316	REACTOME_GLYCOSAMINOGLYCAN_METABOLISM	8.66244380926293e-187	4.08641371002186e-186	5.8870821214992	4.97371489672129	1.14465682794107e-20	1	22	41	1.32571523359111e-09	1	0	-3.29459552152133	-1.36985696537123
FGF2	FGFR2	R-HSA-2219530	REACTOME_CONSTITUTIVE_SIGNALING_BY_ABERRANT_PI3K_IN_CANCER	1.03565215489818e-186	4.87380399642445e-186	1.70513973428035	12.4701828090957	5.42728562212532e-30	1	19	35	1.63367322302759e-10	1	0	-0.194671018551907	-6.36051979772941
ANXA1	EGFR	R-HSA-2219530	REACTOME_CONSTITUTIVE_SIGNALING_BY_ABERRANT_PI3K_IN_CANCER	1.60072053891083e-185	7.51492118387706e-185	2.7077812217246	2.78295784689883	2.56737378682862e-19	1	19	36	1.63367322302759e-10	1	0	7.68275466234545	5.81170270821198
DCN	EGFR	R-HSA-2219530	REACTOME_CONSTITUTIVE_SIGNALING_BY_ABERRANT_PI3K_IN_CANCER	6.05901872317652e-185	2.83771308545893e-184	17.3257647468552	2.78295784689883	9.71797728938474e-19	1	19	36	1.63367322302759e-10	1	0	-2.63243594134095	5.81170270821198
LAMA1	SDC4	R-HSA-1630316	REACTOME_GLYCOSAMINOGLYCAN_METABOLISM	6.84877543825527e-185	3.19991828490731e-184	19.4121541047617	1.77570057185383	4.74046768305835e-19	1	23	42	1.32571523359111e-09	1	0	5.04833152876336	2.92131411044688
DCN	MET	R-HSA-2219530	REACTOME_CONSTITUTIVE_SIGNALING_BY_ABERRANT_PI3K_IN_CANCER	7.54647603561947e-185	3.51748632400115e-184	17.3257647468552	3.79679238684995	4.95798811077511e-22	1	19	36	2.51979861956075e-10	1	0	-2.63243594134095	5.97546678596363
SEMA4D	MET	R-HSA-2219530	REACTOME_CONSTITUTIVE_SIGNALING_BY_ABERRANT_PI3K_IN_CANCER	4.92568995627924e-184	2.29044582966985e-183	1.60620941757158	3.79679238684995	3.2361478556782e-21	1	19	36	2.51979861956075e-10	1	0	-0.545072800988612	5.97546678596363
UBB	MET	R-HSA-2219530	REACTOME_CONSTITUTIVE_SIGNALING_BY_ABERRANT_PI3K_IN_CANCER	4.97207489068384e-184	2.30652310249538e-183	1.61742059701178	3.79679238684995	3.26662247087761e-21	1	19	36	2.51979861956075e-10	1	0	-0.872149922875403	5.97546678596363
TNFSF9	TRAF2	R-HSA-73887	REACTOME_DEATH_RECEPTOR_SIGNALING	1.68848922654147e-183	7.81426412188505e-183	2.56841166294607	1.20566797021442	3.85886181446648e-17	1	34	62	4.53054876679233e-07	1	0	-4.99093337728425	2.37330096619563
THBS1	SDC1	R-HSA-1630316	REACTOME_GLYCOSAMINOGLYCAN_METABOLISM	8.41434117167761e-183	3.88491922181711e-182	5.87784721611172	4.97371489672129	1.11187250236328e-16	1	22	41	1.32571523359111e-09	1	0	-1.71378563230842	-1.36985696537123
THBS1	SDC4	R-HSA-1630316	REACTOME_GLYCOSAMINOGLYCAN_METABOLISM	9.23087077476506e-183	4.25186099601796e-182	5.87784721611172	1.77570057185383	6.38926549552763e-17	1	23	42	1.32571523359111e-09	1	0	-1.71378563230842	2.92131411044688
APP	GPC1	R-HSA-1630316	REACTOME_GLYCOSAMINOGLYCAN_METABOLISM	1.26388821346444e-182	5.80793807269658e-182	1.25658697558778	4.90779964490746	1.54731167867099e-18	1	23	42	1.62206099453347e-09	1	0	7.47779934429022	0.670420105488671
TNC	EGFR	R-HSA-2219530	REACTOME_CONSTITUTIVE_SIGNALING_BY_ABERRANT_PI3K_IN_CANCER	1.8651329106438e-182	8.55071496358529e-182	5.19362687065032	2.78295784689883	2.991461174726e-16	1	19	36	1.63367322302759e-10	1	0	7.1142609861648	5.81170270821198
TNC	SDC1	R-HSA-1630316	REACTOME_GLYCOSAMINOGLYCAN_METABOLISM	2.03125404462639e-182	9.29048981066823e-182	5.19362687065032	4.97371489672129	2.68410261891482e-16	1	22	41	1.32571523359111e-09	1	0	7.1142609861648	-1.36985696537123
TNC	SDC4	R-HSA-1630316	REACTOME_GLYCOSAMINOGLYCAN_METABOLISM	2.2283674044235e-182	1.01682278991568e-181	5.19362687065032	1.77570057185383	1.54239305433283e-16	1	23	42	1.32571523359111e-09	1	0	7.1142609861648	2.92131411044688
CDH1	EGFR	R-HSA-9820952	REACTOME_RESPIRATORY_SYNCYTIAL_VIRUS_INFECTION_PATHWAY	2.52373691830927e-182	1.14891799567786e-181	14.3361338797864	2.78295784689883	2.13296038644674e-35	1	23	43	2.69774693235423e-08	1	0	-3.29081622051826	5.81170270821198
HSPG2	SDC1	R-HSA-1630316	REACTOME_GLYCOSAMINOGLYCAN_METABOLISM	1.17382363568983e-181	5.33134316395869e-181	3.09676104986744	4.97371489672129	1.55109258885375e-15	1	22	41	1.32571523359111e-09	1	0	2.05397683291469	-1.36985696537123
FGF2	SDC1	R-HSA-1630316	REACTOME_GLYCOSAMINOGLYCAN_METABOLISM	2.96802330584766e-180	1.34490708035278e-179	1.70513973428035	4.97371489672129	3.9219511460425e-14	1	22	41	1.32571523359111e-09	1	0	-0.194671018551907	-1.36985696537123
FGF2	SDC4	R-HSA-1630316	REACTOME_GLYCOSAMINOGLYCAN_METABOLISM	3.2560409702651e-180	1.47200185530735e-179	1.70513973428035	1.77570057185383	2.25371048202856e-14	1	23	42	1.32571523359111e-09	1	0	-0.194671018551907	2.92131411044688
FBLN2	ITGB3	R-HSA-170834	REACTOME_SIGNALING_BY_TGF_BETA_RECEPTOR_COMPLEX	4.54250104818981e-179	2.04884631573088e-178	17.5000998547113	3.24113977349228	3.3590588362703e-35	1	35	64	3.95717015646255e-06	1	0	6.82089839498334	-5.39454496662179
NECTIN1	NECTIN3	R-HSA-1500931	REACTOME_CELL_CELL_COMMUNICATION	1.15735529206145e-176	5.20809881427653e-176	1.57350319781243	2.50884161504498	3.88594087701105e-20	1	24	45	2.05017915151825e-08	1	0	5.05239759800668	6.35765636147318
SLIT2	SDC1	R-HSA-9820952	REACTOME_RESPIRATORY_SYNCYTIAL_VIRUS_INFECTION_PATHWAY	1.89646677162428e-175	8.51448185053384e-175	6.20283557424795	4.97371489672129	4.11393068888082e-22	1	23	42	5.59300320892075e-09	1	0	4.67965566152487	-1.36985696537123
FGF2	FGFR3	R-HSA-2219530	REACTOME_CONSTITUTIVE_SIGNALING_BY_ABERRANT_PI3K_IN_CANCER	4.93723219159768e-175	2.2115629518785e-174	1.70513973428035	4.85646853460732	2.587332934115e-18	1	19	35	1.63367322302759e-10	1	0	-0.194671018551907	4.42416595366005
PTN	SDC1	R-HSA-9820952	REACTOME_RESPIRATORY_SYNCYTIAL_VIRUS_INFECTION_PATHWAY	1.03985810149902e-174	4.64723769388463e-174	8.46323813593221	4.97371489672129	2.25572323219469e-21	1	23	42	5.59300320892075e-09	1	0	3.62957168854979	-1.36985696537123
LAMA5	SDC1	R-HSA-9820952	REACTOME_RESPIRATORY_SYNCYTIAL_VIRUS_INFECTION_PATHWAY	5.27671417744196e-174	2.35283625309227e-173	5.8870821214992	4.97371489672129	1.14465682794107e-20	1	23	42	5.59300320892075e-09	1	0	-3.29459552152133	-1.36985696537123
SLIT2	GPC1	R-HSA-9820952	REACTOME_RESPIRATORY_SYNCYTIAL_VIRUS_INFECTION_PATHWAY	8.68333544780594e-174	3.86299638486674e-173	6.20283557424795	4.90779964490746	7.33880397676584e-27	1	23	43	2.69774693235423e-08	1	0	4.67965566152487	0.670420105488671
COL1A2	ITGB3	R-HSA-170834	REACTOME_SIGNALING_BY_TGF_BETA_RECEPTOR_COMPLEX	1.27160329958135e-172	5.64418464564176e-172	15.6937572852742	3.24113977349228	9.40316855048686e-29	1	35	64	3.95717015646255e-06	1	0	5.77125570056243	-5.39454496662179
COL18A1	GPC1	R-HSA-9820952	REACTOME_RESPIRATORY_SYNCYTIAL_VIRUS_INFECTION_PATHWAY	8.17790858393533e-171	3.6216452300285e-170	3.25983197505071	4.90779964490746	6.91163763028142e-24	1	23	43	2.69774693235423e-08	1	0	6.43761926723443	0.670420105488671
L1CAM	EGFR	R-HSA-9820952	REACTOME_RESPIRATORY_SYNCYTIAL_VIRUS_INFECTION_PATHWAY	1.04803748900617e-170	4.63080818106122e-170	6.16331281736985	2.78295784689883	8.85758904323062e-24	1	23	43	2.69774693235423e-08	1	0	5.88961647399386	5.81170270821198
LAMA1	GPC1	R-HSA-9820952	REACTOME_RESPIRATORY_SYNCYTIAL_VIRUS_INFECTION_PATHWAY	1.74122483714277e-170	7.67632529783256e-170	19.4121541047617	4.90779964490746	1.47161281929925e-23	1	23	43	2.69774693235423e-08	1	0	5.04833152876336	0.670420105488671
L1CAM	ITGB3	R-HSA-170834	REACTOME_SIGNALING_BY_TGF_BETA_RECEPTOR_COMPLEX	2.20749230212279e-170	9.7099830316347e-170	6.16331281736985	3.24113977349228	1.63238190696712e-26	1	35	64	3.95717015646255e-06	1	0	5.88961647399386	-5.39454496662179
COL16A1	ITGA10	R-HSA-373760	REACTOME_L1CAM_INTERACTIONS	2.50310892650241e-170	1.09855544572117e-169	11.748156811589	2.57597000920012	5.31689393142494e-30	1	26	48	2.05240597323532e-07	1	0	-0.812276042297309	2.88086645512019
COMP	ITGB3	R-HSA-170834	REACTOME_SIGNALING_BY_TGF_BETA_RECEPTOR_COMPLEX	2.61301028029172e-170	1.14421728193043e-169	8.99453854548071	3.24113977349228	1.93225167769126e-26	1	35	64	3.95717015646255e-06	1	0	4.26810252217773	-5.39454496662179
THBS1	SDC1	R-HSA-9820952	REACTOME_RESPIRATORY_SYNCYTIAL_VIRUS_INFECTION_PATHWAY	5.1255828415241e-170	2.23943250324308e-169	5.87784721611172	4.97371489672129	1.11187250236328e-16	1	23	42	5.59300320892075e-09	1	0	-1.71378563230842	-1.36985696537123
TNC	SDC1	R-HSA-9820952	REACTOME_RESPIRATORY_SYNCYTIAL_VIRUS_INFECTION_PATHWAY	1.237335242949e-169	5.39400832473078e-169	5.19362687065032	4.97371489672129	2.68410261891482e-16	1	23	42	5.59300320892075e-09	1	0	7.1142609861648	-1.36985696537123
COL4A3	ITGB3	R-HSA-170834	REACTOME_SIGNALING_BY_TGF_BETA_RECEPTOR_COMPLEX	3.17282595927605e-169	1.38007329587219e-168	8.62407894562393	3.24113977349228	2.34622049866144e-25	1	35	64	3.95717015646255e-06	1	0	0.82100178352364	-5.39454496662179
HSPG2	SDC1	R-HSA-9820952	REACTOME_RESPIRATORY_SYNCYTIAL_VIRUS_INFECTION_PATHWAY	7.1503284253777e-169	3.10324253661392e-168	3.09676104986744	4.97371489672129	1.55109258885375e-15	1	23	42	5.59300320892075e-09	1	0	2.05397683291469	-1.36985696537123
COL2A1	ITGA10	R-HSA-373760	REACTOME_L1CAM_INTERACTIONS	3.1844650807695e-168	1.37899341524231e-167	12.1682583046431	2.57597000920012	6.7641734978095e-28	1	26	48	2.05240597323532e-07	1	0	5.90519831354936	2.88086645512019
EFEMP1	EGFR	R-HSA-9820952	REACTOME_RESPIRATORY_SYNCYTIAL_VIRUS_INFECTION_PATHWAY	9.63486105849024e-168	4.16302735558218e-167	11.6997034417759	2.78295784689883	8.1429949443564e-21	1	23	43	2.69774693235423e-08	1	0	1.01946244719326	5.81170270821198
MFGE8	ITGB3	R-HSA-170834	REACTOME_SIGNALING_BY_TGF_BETA_RECEPTOR_COMPLEX	1.77583517142696e-167	7.65608408343674e-167	2.78019749763891	3.24113977349228	1.31318292743563e-23	1	35	64	3.95717015646255e-06	1	0	4.64057982249706	-5.39454496662179
FGF2	SDC1	R-HSA-9820952	REACTOME_RESPIRATORY_SYNCYTIAL_VIRUS_INFECTION_PATHWAY	1.80796678186788e-167	7.77744300658144e-167	1.70513973428035	4.97371489672129	3.9219511460425e-14	1	23	42	5.59300320892075e-09	1	0	-0.194671018551907	-1.36985696537123
FBN1	ITGB3	R-HSA-170834	REACTOME_SIGNALING_BY_TGF_BETA_RECEPTOR_COMPLEX	2.24381266331437e-167	9.63113435484166e-167	6.55908628413473	3.24113977349228	1.65923984907937e-23	1	35	64	3.95717015646255e-06	1	0	3.99266837107762	-5.39454496662179
ANXA1	EGFR	R-HSA-9820952	REACTOME_RESPIRATORY_SYNCYTIAL_VIRUS_INFECTION_PATHWAY	3.03773855815144e-166	1.30103144826091e-165	2.7077812217246	2.78295784689883	2.56737378682862e-19	1	23	43	2.69774693235423e-08	1	0	7.68275466234545	5.81170270821198
LAMA1	SDC4	R-HSA-9820952	REACTOME_RESPIRATORY_SYNCYTIAL_VIRUS_INFECTION_PATHWAY	5.60896178747907e-166	2.39700270699051e-165	19.4121541047617	1.77570057185383	4.74046768305835e-19	1	23	43	2.69774693235423e-08	1	0	5.04833152876336	2.92131411044688
COL4A4	ITGB3	R-HSA-170834	REACTOME_SIGNALING_BY_TGF_BETA_RECEPTOR_COMPLEX	6.18631918139392e-166	2.63796536272103e-165	2.61912453042687	3.24113977349228	4.57461867147628e-22	1	35	64	3.95717015646255e-06	1	0	5.55251303801619	-5.39454496662179
CDH1	EGFR	R-HSA-373760	REACTOME_L1CAM_INTERACTIONS	8.17810650675133e-166	3.47970414110792e-165	14.3361338797864	2.78295784689883	2.13296038644674e-35	1	24	45	3.15207440921478e-07	1	0	-3.29081622051826	5.81170270821198
COL18A1	ITGB3	R-HSA-170834	REACTOME_SIGNALING_BY_TGF_BETA_RECEPTOR_COMPLEX	1.07616922649506e-165	4.56904021596707e-165	3.25983197505071	3.24113977349228	7.9579855045294e-22	1	35	64	3.95717015646255e-06	1	0	6.43761926723443	-5.39454496662179
DCN	EGFR	R-HSA-9820952	REACTOME_RESPIRATORY_SYNCYTIAL_VIRUS_INFECTION_PATHWAY	1.14983935999712e-165	4.87122835157132e-165	17.3257647468552	2.78295784689883	9.71797728938474e-19	1	23	43	2.69774693235423e-08	1	0	-2.63243594134095	5.81170270821198
FBLN2	ITGB3	R-HSA-373760	REACTOME_L1CAM_INTERACTIONS	1.28791613290229e-165	5.44437274363242e-165	17.5000998547113	3.24113977349228	3.3590588362703e-35	1	24	45	3.15207440921478e-07	1	0	6.82089839498334	-5.39454496662179
APP	GPC1	R-HSA-9820952	REACTOME_RESPIRATORY_SYNCYTIAL_VIRUS_INFECTION_PATHWAY	1.83079237308216e-165	7.72254320654311e-165	1.25658697558778	4.90779964490746	1.54731167867099e-18	1	23	43	2.69774693235423e-08	1	0	7.47779934429022	0.670420105488671
CDH1	CDH2	R-HSA-1500931	REACTOME_CELL_CELL_COMMUNICATION	1.96926259755638e-165	8.288728131525e-165	14.3361338797864	1.4046612592213	1.87651132507188e-32	1	21	39	2.69564355026901e-08	1	0	-3.29081622051826	-6.36051979772941
LAMB1	ITGA3	R-HSA-202733	REACTOME_CELL_SURFACE_INTERACTIONS_AT_THE_VASCULAR_WALL	2.34448418901175e-165	9.84683359384936e-165	8.25802293327529	1.43205767826489	6.10784912967009e-22	1	17	32	3.07486930655317e-10	1	0	-0.279099545272194	4.89650700834186
NID1	ITGB3	R-HSA-170834	REACTOME_SIGNALING_BY_TGF_BETA_RECEPTOR_COMPLEX	1.79287573503274e-164	7.51391912128527e-164	1.52477175080913	3.24113977349228	1.32578397147454e-20	1	35	64	3.95717015646255e-06	1	0	5.58579957949785	-5.39454496662179
EFNA5	EPHB2	R-HSA-373760	REACTOME_L1CAM_INTERACTIONS	6.77985436189421e-164	2.83534380487781e-163	8.38426854170645	3.57284179935369	1.15966631841067e-29	1	25	46	2.05240597323532e-07	1	0	-1.86748876519081	5.4121494486884
THBS1	SDC4	R-HSA-9820952	REACTOME_RESPIRATORY_SYNCYTIAL_VIRUS_INFECTION_PATHWAY	7.55983341950607e-164	3.15477663852465e-163	5.87784721611172	1.77570057185383	6.38926549552763e-17	1	23	43	2.69774693235423e-08	1	0	-1.71378563230842	2.92131411044688
LAMB2	ITGA3	R-HSA-202733	REACTOME_CELL_SURFACE_INTERACTIONS_AT_THE_VASCULAR_WALL	1.26879138862312e-163	5.28347458844554e-163	11.5489876350185	1.43205767826489	3.30545474141212e-20	1	17	32	3.07486930655317e-10	1	0	7.52145571443406	4.89650700834186
TNC	SDC4	R-HSA-9820952	REACTOME_RESPIRATORY_SYNCYTIAL_VIRUS_INFECTION_PATHWAY	1.82497261482111e-163	7.58334365265029e-163	5.19362687065032	1.77570057185383	1.54239305433283e-16	1	23	43	2.69774693235423e-08	1	0	7.1142609861648	2.92131411044688
THBS1	ITGB3	R-HSA-170834	REACTOME_SIGNALING_BY_TGF_BETA_RECEPTOR_COMPLEX	3.08832442067762e-163	1.28057273749117e-162	5.87784721611172	3.24113977349228	2.28373385597358e-19	1	35	64	3.95717015646255e-06	1	0	-1.71378563230842	-5.39454496662179
TNC	EGFR	R-HSA-9820952	REACTOME_RESPIRATORY_SYNCYTIAL_VIRUS_INFECTION_PATHWAY	3.53952237196569e-163	1.46455237128157e-162	5.19362687065032	2.78295784689883	2.991461174726e-16	1	23	43	2.69774693235423e-08	1	0	7.1142609861648	5.81170270821198
TNC	ITGB3	R-HSA-170834	REACTOME_SIGNALING_BY_TGF_BETA_RECEPTOR_COMPLEX	7.45533291630146e-163	3.07828016607542e-162	5.19362687065032	3.24113977349228	5.51302061225035e-19	1	35	64	3.95717015646255e-06	1	0	7.1142609861648	-5.39454496662179
FGF2	SDC4	R-HSA-9820952	REACTOME_RESPIRATORY_SYNCYTIAL_VIRUS_INFECTION_PATHWAY	2.66660946111203e-161	1.09871060707844e-160	1.70513973428035	1.77570057185383	2.25371048202856e-14	1	23	43	2.69774693235423e-08	1	0	-0.194671018551907	2.92131411044688
COL4A3	ITGA3	R-HSA-202733	REACTOME_CELL_SURFACE_INTERACTIONS_AT_THE_VASCULAR_WALL	5.19687588033352e-161	2.1367365461666e-160	8.62407894562393	1.43205767826489	1.35388986504867e-17	1	17	32	3.07486930655317e-10	1	0	0.82100178352364	4.89650700834186
S100B	APP	R-HSA-446652	REACTOME_INTERLEUKIN_1_FAMILY_SIGNALING	9.94745261750427e-161	4.08138129453484e-160	4.09101248316345	1.25658697558778	4.32933445283623e-18	1	35	64	4.34902618308867e-06	1	0	-6.36051979772941	7.47779934429022
RND1	SEMA4D	R-HSA-373755	REACTOME_SEMAPHORIN_INTERACTIONS	3.0173731298503e-160	1.23541503618399e-159	7.22325820936774	1.60620941757158	1.42392692897037e-23	1	21	39	1.72265662067189e-08	1	0	4.94217931808006	-0.545072800988612
L1CAM	EZR	R-HSA-373760	REACTOME_L1CAM_INTERACTIONS	3.70856188998642e-160	1.51523459647353e-159	6.16331281736985	2.48936057440833	6.3433432106307e-26	1	25	46	2.05240597323532e-07	1	0	5.88961647399386	5.15001352576884
L1CAM	EPHB2	R-HSA-373760	REACTOME_L1CAM_INTERACTIONS	4.81927886455347e-160	1.96493770824069e-159	6.16331281736985	3.57284179935369	8.24317910081129e-26	1	25	46	2.05240597323532e-07	1	0	5.88961647399386	5.4121494486884
COL4A2	ITGB3	R-HSA-170834	REACTOME_SIGNALING_BY_TGF_BETA_RECEPTOR_COMPLEX	1.93310121183559e-159	7.86530555565606e-159	1.3466555524192	3.24113977349228	1.42947698594562e-15	1	35	64	3.95717015646255e-06	1	0	7.20313784037645	-5.39454496662179
COL1A2	ITGB3	R-HSA-373760	REACTOME_L1CAM_INTERACTIONS	3.60532311783448e-159	1.4638661224804e-158	15.6937572852742	3.24113977349228	9.40316855048686e-29	1	24	45	3.15207440921478e-07	1	0	5.77125570056243	-5.39454496662179
LAMA5	ITGA3	R-HSA-202733	REACTOME_CELL_SURFACE_INTERACTIONS_AT_THE_VASCULAR_WALL	5.20762044365731e-159	2.11005865694247e-158	5.8870821214992	1.43205767826489	1.35668903819104e-15	1	17	32	3.07486930655317e-10	1	0	-3.29459552152133	4.89650700834186
CDH1	EGFR	R-HSA-9609646	REACTOME_HCMV_INFECTION	1.87811448200383e-158	7.59411507940681e-158	14.3361338797864	2.78295784689883	2.13296038644674e-35	1	30	56	7.15623196406819e-06	1	0	-3.29081622051826	5.81170270821198
SLIT2	SDC1	R-HSA-202733	REACTOME_CELL_SURFACE_INTERACTIONS_AT_THE_VASCULAR_WALL	2.18153041345924e-158	8.80274565596259e-158	6.20283557424795	4.97371489672129	4.11393068888082e-22	1	18	33	8.2431682496928e-10	1	0	4.67965566152487	-1.36985696537123
LAMB1	ITGB4	R-HSA-1500931	REACTOME_CELL_CELL_COMMUNICATION	2.279517838506e-158	9.17917183216952e-158	8.25802293327529	7.1327068911155	5.18944715956462e-36	1	24	44	3.86874176558473e-07	1	0	-0.279099545272194	3.5750195739368
FN1	ITGB3	R-HSA-170834	REACTOME_SIGNALING_BY_TGF_BETA_RECEPTOR_COMPLEX	2.54064786574509e-158	1.02096404975312e-157	3.91871645826014	3.24113977349228	1.87874159471756e-14	1	35	64	3.95717015646255e-06	1	0	7.84296292746818	-5.39454496662179
LTBP1	ITGB3	R-HSA-170834	REACTOME_SIGNALING_BY_TGF_BETA_RECEPTOR_COMPLEX	3.3950317958225e-158	1.36149837725695e-157	2.03718846603833	3.24113977349228	2.51053581104197e-14	1	35	64	3.95717015646255e-06	1	0	6.71785217640578	-5.39454496662179
WNT5A	LRP2	R-HSA-8957322	REACTOME_METABOLISM_OF_STEROIDS	6.03739435072993e-158	2.41619491126548e-157	3.4155479880697	6.56699259643917	1.25532583011812e-21	1	34	62	4.92097726040642e-06	1	0	7.42682687423672	0.426188835973984
PTN	SDC1	R-HSA-202733	REACTOME_CELL_SURFACE_INTERACTIONS_AT_THE_VASCULAR_WALL	1.19616230985117e-157	4.77731082032584e-157	8.46323813593221	4.97371489672129	2.25572323219469e-21	1	18	33	8.2431682496928e-10	1	0	3.62957168854979	-1.36985696537123
COL18A1	ITGA3	R-HSA-202733	REACTOME_CELL_SURFACE_INTERACTIONS_AT_THE_VASCULAR_WALL	1.76269293308652e-157	7.02559040473056e-157	3.25983197505071	1.43205767826489	4.59216681762581e-14	1	17	32	3.07486930655317e-10	1	0	6.43761926723443	4.89650700834186
LAMA1	ITGA3	R-HSA-202733	REACTOME_CELL_SURFACE_INTERACTIONS_AT_THE_VASCULAR_WALL	3.75309247327062e-157	1.49282883916446e-156	19.4121541047617	1.43205767826489	9.77755478321223e-14	1	17	32	3.07486930655317e-10	1	0	5.04833152876336	4.89650700834186
LAMA5	SDC1	R-HSA-202733	REACTOME_CELL_SURFACE_INTERACTIONS_AT_THE_VASCULAR_WALL	6.06987300460951e-157	2.4094434914639e-156	5.8870821214992	4.97371489672129	1.14465682794107e-20	1	18	33	8.2431682496928e-10	1	0	-3.29459552152133	-1.36985696537123
L1CAM	ITGB3	R-HSA-373760	REACTOME_L1CAM_INTERACTIONS	6.25880967114917e-157	2.47940269528485e-156	6.16331281736985	3.24113977349228	1.63238190696712e-26	1	24	45	3.15207440921478e-07	1	0	5.88961647399386	-5.39454496662179
COMP	ITGB3	R-HSA-373760	REACTOME_L1CAM_INTERACTIONS	7.40855766399513e-157	2.92892978092763e-156	8.99453854548071	3.24113977349228	1.93225167769126e-26	1	24	45	3.15207440921478e-07	1	0	4.26810252217773	-5.39454496662179
LAMB2	ITGB4	R-HSA-1500931	REACTOME_CELL_CELL_COMMUNICATION	1.23363280386563e-156	4.86724215343349e-156	11.5489876350185	7.1327068911155	2.8084326175583e-34	1	24	44	3.86874176558473e-07	1	0	7.52145571443406	3.5750195739368
TCN2	LRP2	R-HSA-8957322	REACTOME_METABOLISM_OF_STEROIDS	1.37576298510416e-156	5.41706675384763e-156	6.49166765952813	6.56699259643917	2.86055657622044e-20	1	34	62	4.92097726040642e-06	1	0	-2.41934834619518	0.426188835973984
NID1	ITGA3	R-HSA-202733	REACTOME_CELL_SURFACE_INTERACTIONS_AT_THE_VASCULAR_WALL	2.93661007045997e-156	1.15396367557511e-155	1.52477175080913	1.43205767826489	7.65045520336815e-13	1	17	32	3.07486930655317e-10	1	0	5.58579957949785	4.89650700834186
L1CAM	ERBB2	R-HSA-373755	REACTOME_SEMAPHORIN_INTERACTIONS	5.88615469394029e-156	2.30836548539465e-155	6.16331281736985	5.3918454128273	1.47975155580914e-32	1	20	37	3.759500159261e-08	1	0	5.88961647399386	0.2885538415546
COL4A3	ITGB3	R-HSA-373760	REACTOME_L1CAM_INTERACTIONS	8.99577940982805e-156	3.52079302352589e-155	8.62407894562393	3.24113977349228	2.34622049866144e-25	1	24	45	3.15207440921478e-07	1	0	0.82100178352364	-5.39454496662179
TNFSF12	TRAF2	R-HSA-446652	REACTOME_INTERLEUKIN_1_FAMILY_SIGNALING	2.03808291316689e-155	7.96075185882988e-155	8.53252503662892	1.20566797021442	2.15400209273168e-25	1	35	65	1.61400638766414e-05	1	0	6.14962882879059	2.37330096619563
RND1	ERBB2	R-HSA-373755	REACTOME_SEMAPHORIN_INTERACTIONS	4.66654255413478e-155	1.81911329505494e-154	7.22325820936774	5.3918454128273	1.17314681040229e-31	1	20	37	3.759500159261e-08	1	0	4.94217931808006	0.2885538415546
THBS1	ITGA3	R-HSA-202733	REACTOME_CELL_SURFACE_INTERACTIONS_AT_THE_VASCULAR_WALL	5.05846803400669e-155	1.9679657510787e-154	5.87784721611172	1.43205767826489	1.31783185929674e-11	1	17	32	3.07486930655317e-10	1	0	-1.71378563230842	4.89650700834186
UBB	LRP2	R-HSA-8957322	REACTOME_METABOLISM_OF_STEROIDS	5.65274415810097e-155	2.19479310949726e-154	1.61742059701178	6.56699259643917	1.17534739996825e-18	1	34	62	4.92097726040642e-06	1	0	-0.872149922875403	0.426188835973984
COL17A1	CD151	R-HSA-1500931	REACTOME_CELL_CELL_COMMUNICATION	9.4486624275465e-155	3.66135669067427e-154	10.0652800099325	2.0341318797366	2.7182466716764e-26	1	24	45	3.86874176558473e-07	1	0	5.75970801774842	-2.32132993135789
SERPINE1	LRP2	R-HSA-8957322	REACTOME_METABOLISM_OF_STEROIDS	1.30247540453318e-154	5.03709795060061e-154	5.69192410073737	6.56699259643917	2.70817330030193e-18	1	34	62	4.92097726040642e-06	1	0	3.64761785685778	0.426188835973984
COL17A1	ITGB4	R-HSA-1500931	REACTOME_CELL_CELL_COMMUNICATION	2.532608082234e-154	9.77506637273321e-154	10.0652800099325	7.1327068911155	5.76562095572522e-32	1	24	44	3.86874176558473e-07	1	0	5.75970801774842	3.5750195739368
L1CAM	EGFR	R-HSA-373760	REACTOME_L1CAM_INTERACTIONS	3.39613933052208e-154	1.3082169847159e-153	6.16331281736985	2.78295784689883	8.85758904323062e-24	1	24	45	3.15207440921478e-07	1	0	5.88961647399386	5.81170270821198
MFGE8	ITGB3	R-HSA-373760	REACTOME_L1CAM_INTERACTIONS	5.03495044336315e-154	1.9356807511591e-153	2.78019749763891	3.24113977349228	1.31318292743563e-23	1	24	45	3.15207440921478e-07	1	0	4.64057982249706	-5.39454496662179
FBN1	ITGB3	R-HSA-373760	REACTOME_L1CAM_INTERACTIONS	6.36178725692235e-154	2.44097652510203e-153	6.55908628413473	3.24113977349228	1.65923984907937e-23	1	24	45	3.15207440921478e-07	1	0	3.99266837107762	-5.39454496662179
FBLN2	ITGB3	R-HSA-202733	REACTOME_CELL_SURFACE_INTERACTIONS_AT_THE_VASCULAR_WALL	2.01783711173591e-153	7.72712917494164e-153	17.5000998547113	3.24113977349228	3.3590588362703e-35	1	17	31	3.57589206513711e-09	1	0	6.82089839498334	-5.39454496662179
LAMC1	ITGA3	R-HSA-202733	REACTOME_CELL_SURFACE_INTERACTIONS_AT_THE_VASCULAR_WALL	2.59487807569135e-153	9.9174107276423e-153	1.71511038573227	1.43205767826489	6.76017516795119e-10	1	17	32	3.07486930655317e-10	1	0	-2.06597306819101	4.89650700834186
SEMA5A	MET	R-HSA-373755	REACTOME_SEMAPHORIN_INTERACTIONS	3.29724715831911e-153	1.25771947269477e-152	13.2905452772287	3.79679238684995	1.61419777351974e-29	1	19	36	3.759500159261e-08	1	0	-1.81425316210326	5.97546678596363
THBS1	SDC1	R-HSA-202733	REACTOME_CELL_SURFACE_INTERACTIONS_AT_THE_VASCULAR_WALL	5.89602466164638e-153	2.24462693259169e-152	5.87784721611172	4.97371489672129	1.11187250236328e-16	1	18	33	8.2431682496928e-10	1	0	-1.71378563230842	-1.36985696537123
SEMA5A	MET	R-HSA-9856651	REACTOME_MITF_M_DEPENDENT_GENE_EXPRESSION	7.6208363784189e-153	2.8956212932008e-152	13.2905452772287	3.79679238684995	1.61419777351974e-29	1	24	44	3.47890280463965e-07	1	0	-1.81425316210326	5.97546678596363
TNC	SDC1	R-HSA-202733	REACTOME_CELL_SURFACE_INTERACTIONS_AT_THE_VASCULAR_WALL	1.42332283619519e-152	5.39757184289166e-152	5.19362687065032	4.97371489672129	2.68410261891482e-16	1	18	33	8.2431682496928e-10	1	0	7.1142609861648	-1.36985696537123
HSPG2	LRP2	R-HSA-8957322	REACTOME_METABOLISM_OF_STEROIDS	1.52620180703503e-152	5.7764963743012e-152	3.09676104986744	6.56699259643917	3.17335664865489e-16	1	34	62	4.92097726040642e-06	1	0	2.05397683291469	0.426188835973984
COL4A4	ITGB3	R-HSA-373760	REACTOME_L1CAM_INTERACTIONS	1.75398094408259e-152	6.62577327619595e-152	2.61912453042687	3.24113977349228	4.57461867147628e-22	1	24	45	3.15207440921478e-07	1	0	5.55251303801619	-5.39454496662179
COL18A1	ITGB3	R-HSA-373760	REACTOME_L1CAM_INTERACTIONS	3.0512171463082e-152	1.15039132948647e-151	3.25983197505071	3.24113977349228	7.9579855045294e-22	1	24	45	3.15207440921478e-07	1	0	6.43761926723443	-5.39454496662179
LAMA5	ITGB4	R-HSA-1500931	REACTOME_CELL_CELL_COMMUNICATION	5.06331574046109e-152	1.90532863990761e-151	5.8870821214992	7.1327068911155	1.15269154921533e-29	1	24	44	3.86874176558473e-07	1	0	-3.29459552152133	3.5750195739368
HSPG2	SDC1	R-HSA-202733	REACTOME_CELL_SURFACE_INTERACTIONS_AT_THE_VASCULAR_WALL	8.22511586260152e-152	3.08916370762707e-151	3.09676104986744	4.97371489672129	1.55109258885375e-15	1	18	33	8.2431682496928e-10	1	0	2.05397683291469	-1.36985696537123
RND1	PLXNA2	R-HSA-373755	REACTOME_SEMAPHORIN_INTERACTIONS	2.39101432404269e-151	8.96286175596043e-151	7.22325820936774	4.61470308645872	1.170543126737e-27	1	19	36	3.759500159261e-08	1	0	4.94217931808006	3.5976561305448
EFEMP1	EGFR	R-HSA-373760	REACTOME_L1CAM_INTERACTIONS	3.12215268328646e-151	1.16811574529856e-150	11.6997034417759	2.78295784689883	8.1429949443564e-21	1	24	45	3.15207440921478e-07	1	0	1.01946244719326	5.81170270821198
NID1	ITGB3	R-HSA-373760	REACTOME_L1CAM_INTERACTIONS	5.08326483349495e-151	1.89820577816743e-150	1.52477175080913	3.24113977349228	1.32578397147454e-20	1	24	45	3.15207440921478e-07	1	0	5.58579957949785	-5.39454496662179
FGF2	SDC1	R-HSA-202733	REACTOME_CELL_SURFACE_INTERACTIONS_AT_THE_VASCULAR_WALL	2.07972772324967e-150	7.75135160974541e-150	1.70513973428035	4.97371489672129	3.9219511460425e-14	1	18	33	8.2431682496928e-10	1	0	-0.194671018551907	-1.36985696537123
LAMA1	ITGB4	R-HSA-1500931	REACTOME_CELL_CELL_COMMUNICATION	3.64909317046373e-150	1.35746265941251e-149	19.4121541047617	7.1327068911155	8.30736038497547e-28	1	24	44	3.86874176558473e-07	1	0	5.04833152876336	3.5750195739368
FN1	ITGA3	R-HSA-202733	REACTOME_CELL_SURFACE_INTERACTIONS_AT_THE_VASCULAR_WALL	4.16141061103903e-150	1.54510169645613e-149	3.91871645826014	1.43205767826489	1.0841305007712e-06	1	17	32	3.07486930655317e-10	1	0	7.84296292746818	4.89650700834186
SEMA4D	ERBB2	R-HSA-373755	REACTOME_SEMAPHORIN_INTERACTIONS	4.21516810405283e-150	1.56209170914899e-149	1.60620941757158	5.3918454128273	1.05967340042737e-26	1	20	37	3.759500159261e-08	1	0	-0.545072800988612	0.2885538415546
UBB	ERBB2	R-HSA-373755	REACTOME_SEMAPHORIN_INTERACTIONS	4.25486209570604e-150	1.5738154683549e-149	1.61742059701178	5.3918454128273	1.06965228289975e-26	1	20	37	3.759500159261e-08	1	0	-0.872149922875403	0.2885538415546
RND1	MET	R-HSA-373755	REACTOME_SEMAPHORIN_INTERACTIONS	7.31818603894211e-150	2.70178021437692e-149	7.22325820936774	3.79679238684995	3.5826855079574e-26	1	19	36	3.759500159261e-08	1	0	4.94217931808006	5.97546678596363
THBS1	ITGB3	R-HSA-373760	REACTOME_L1CAM_INTERACTIONS	8.75619576711353e-150	3.22657553456089e-149	5.87784721611172	3.24113977349228	2.28373385597358e-19	1	24	45	3.15207440921478e-07	1	0	-1.71378563230842	-5.39454496662179
ANXA1	EGFR	R-HSA-373760	REACTOME_L1CAM_INTERACTIONS	9.84371599432429e-150	3.62048537418368e-149	2.7077812217246	2.78295784689883	2.56737378682862e-19	1	24	45	3.15207440921478e-07	1	0	7.68275466234545	5.81170270821198
RND1	PLXNB1	R-HSA-373755	REACTOME_SEMAPHORIN_INTERACTIONS	1.16268864797523e-149	4.26829122085645e-149	7.22325820936774	1.5943988970485	3.68625549822999e-20	1	20	37	1.72265662067189e-08	1	0	4.94217931808006	5.39031608975878
RND1	MET	R-HSA-9856651	REACTOME_MITF_M_DEPENDENT_GENE_EXPRESSION	1.6914321466286e-149	6.1976866460894e-149	7.22325820936774	3.79679238684995	3.5826855079574e-26	1	24	44	3.47890280463965e-07	1	0	4.94217931808006	5.97546678596363
TNC	ITGB3	R-HSA-373760	REACTOME_L1CAM_INTERACTIONS	2.11377904753341e-149	7.73073123564184e-149	5.19362687065032	3.24113977349228	5.51302061225035e-19	1	24	45	3.15207440921478e-07	1	0	7.1142609861648	-5.39454496662179
DCN	EGFR	R-HSA-373760	REACTOME_L1CAM_INTERACTIONS	3.72602575311651e-149	1.36017351324047e-148	17.3257647468552	2.78295784689883	9.71797728938474e-19	1	24	45	3.15207440921478e-07	1	0	-2.63243594134095	5.81170270821198
EFNA5	EPHB2	R-HSA-3928662	REACTOME_EPHB_MEDIATED_FORWARD_SIGNALING	3.59550443056237e-148	1.31007838673289e-147	8.38426854170645	3.57284179935369	1.15966631841067e-29	1	16	30	3.57589206513711e-09	1	0	-1.86748876519081	5.4121494486884
L1CAM	FGFR2	R-HSA-190236	REACTOME_SIGNALING_BY_FGFR	4.35112264624608e-148	1.58244739815989e-147	6.16331281736985	12.4701828090957	1.09979507447957e-39	1	24	44	1.78679035388859e-06	1	0	5.88961647399386	-6.36051979772941
SEMA3A	PLXNA2	R-HSA-373755	REACTOME_SEMAPHORIN_INTERACTIONS	8.65653818909733e-148	3.14241990396043e-147	4.9592716817747	4.61470308645872	4.23788815344766e-24	1	19	36	3.759500159261e-08	1	0	-5.24214228540271	3.5976561305448
TNFSF9	TRAF2	R-HSA-446652	REACTOME_INTERLEUKIN_1_FAMILY_SIGNALING	3.65119437667882e-147	1.32296523518622e-146	2.56841166294607	1.20566797021442	3.85886181446648e-17	1	35	65	1.61400638766414e-05	1	0	-4.99093337728425	2.37330096619563
COL1A2	ITGB3	R-HSA-202733	REACTOME_CELL_SURFACE_INTERACTIONS_AT_THE_VASCULAR_WALL	5.64862462788774e-147	2.0429192404194e-146	15.6937572852742	3.24113977349228	9.40316855048686e-29	1	17	31	3.57589206513711e-09	1	0	5.77125570056243	-5.39454496662179
L1CAM	EGFR	R-HSA-9609646	REACTOME_HCMV_INFECTION	7.79928514539493e-147	2.81552752106401e-146	6.16331281736985	2.78295784689883	8.85758904323062e-24	1	30	56	7.15623196406819e-06	1	0	5.88961647399386	5.81170270821198
CDH1	EGFR	R-HSA-177929	REACTOME_SIGNALING_BY_EGFR	1.13618821660582e-146	4.09405089858148e-146	14.3361338797864	2.78295784689883	2.13296038644674e-35	1	18	34	8.00640721158698e-08	1	0	-3.29081622051826	5.81170270821198
FBLN2	ITGB3	R-HSA-6802957	REACTOME_ONCOGENIC_MAPK_SIGNALING	1.13858808600231e-146	4.09514278446135e-146	17.5000998547113	3.24113977349228	3.3590588362703e-35	1	18	34	7.7963177157042e-08	1	0	6.82089839498334	-5.39454496662179
TNC	EGFR	R-HSA-373760	REACTOME_L1CAM_INTERACTIONS	1.1469733921536e-146	4.11771881411025e-146	5.19362687065032	2.78295784689883	2.991461174726e-16	1	24	45	3.15207440921478e-07	1	0	7.1142609861648	5.81170270821198
LAMC1	ITGB4	R-HSA-1500931	REACTOME_CELL_CELL_COMMUNICATION	2.52297323650534e-146	9.04103987320169e-146	1.71511038573227	7.1327068911155	5.74368670193046e-24	1	24	44	3.86874176558473e-07	1	0	-2.06597306819101	3.5750195739368
COL4A2	ITGB3	R-HSA-373760	REACTOME_L1CAM_INTERACTIONS	5.48084020420462e-146	1.96045438073473e-145	1.3466555524192	3.24113977349228	1.42947698594562e-15	1	24	45	3.15207440921478e-07	1	0	7.20313784037645	-5.39454496662179
DCN	MET	R-HSA-373755	REACTOME_SEMAPHORIN_INTERACTIONS	1.01274530775663e-145	3.61588955401956e-145	17.3257647468552	3.79679238684995	4.95798811077511e-22	1	19	36	3.759500159261e-08	1	0	-2.63243594134095	5.97546678596363
DCN	MET	R-HSA-9856651	REACTOME_MITF_M_DEPENDENT_GENE_EXPRESSION	2.34073028585436e-145	8.34205519757951e-145	17.3257647468552	3.79679238684995	4.95798811077511e-22	1	24	44	3.47890280463965e-07	1	0	-2.63243594134095	5.97546678596363
NCAM1	FGFR2	R-HSA-190236	REACTOME_SIGNALING_BY_FGFR	4.17580315919833e-145	1.48549063204268e-144	4.82764517624997	12.4701828090957	1.05548110680004e-36	1	24	44	1.78679035388859e-06	1	0	1.39367405563148	-6.36051979772941
SEMA4D	MET	R-HSA-373755	REACTOME_SEMAPHORIN_INTERACTIONS	6.6103295990607e-145	2.34726794672101e-144	1.60620941757158	3.79679238684995	3.2361478556782e-21	1	19	36	3.759500159261e-08	1	0	-0.545072800988612	5.97546678596363
UBB	MET	R-HSA-373755	REACTOME_SEMAPHORIN_INTERACTIONS	6.67257868651176e-145	2.36507190104491e-144	1.61742059701178	3.79679238684995	3.26662247087761e-21	1	19	36	3.759500159261e-08	1	0	-0.872149922875403	5.97546678596363
FN1	ITGB3	R-HSA-373760	REACTOME_L1CAM_INTERACTIONS	7.20339156690085e-145	2.54859125546329e-144	3.91871645826014	3.24113977349228	1.87874159471756e-14	1	24	45	3.15207440921478e-07	1	0	7.84296292746818	-5.39454496662179
TNFSF12	TRAF2	R-HSA-75893	REACTOME_TNF_SIGNALING	9.55092697005273e-145	3.37304889195533e-144	8.53252503662892	1.20566797021442	2.15400209273168e-25	1	19	36	6.54715464543213e-08	1	0	6.14962882879059	2.37330096619563
LTBP1	ITGB3	R-HSA-373760	REACTOME_L1CAM_INTERACTIONS	9.62579023134952e-145	3.39335168264e-144	2.03718846603833	3.24113977349228	2.51053581104197e-14	1	24	45	3.15207440921478e-07	1	0	6.71785217640578	-5.39454496662179
L1CAM	ITGB3	R-HSA-202733	REACTOME_CELL_SURFACE_INTERACTIONS_AT_THE_VASCULAR_WALL	9.80596337532992e-145	3.45063900396745e-144	6.16331281736985	3.24113977349228	1.63238190696712e-26	1	17	31	3.57589206513711e-09	1	0	5.88961647399386	-5.39454496662179
SEMA4D	PLXNB1	R-HSA-373755	REACTOME_SEMAPHORIN_INTERACTIONS	1.05022681075672e-144	3.68901611764008e-144	1.60620941757158	1.5943988970485	3.32969996936186e-15	1	20	37	1.72265662067189e-08	1	0	-0.545072800988612	5.39031608975878
COMP	ITGB3	R-HSA-202733	REACTOME_CELL_SURFACE_INTERACTIONS_AT_THE_VASCULAR_WALL	1.1607326142547e-144	4.06985780186614e-144	8.99453854548071	3.24113977349228	1.93225167769126e-26	1	17	31	3.57589206513711e-09	1	0	4.26810252217773	-5.39454496662179
SEMA4D	MET	R-HSA-9856651	REACTOME_MITF_M_DEPENDENT_GENE_EXPRESSION	1.52782724081692e-144	5.3473953428592e-144	1.60620941757158	3.79679238684995	3.2361478556782e-21	1	24	44	3.47890280463965e-07	1	0	-0.545072800988612	5.97546678596363
UBB	MET	R-HSA-9856651	REACTOME_MITF_M_DEPENDENT_GENE_EXPRESSION	1.54221470063998e-144	5.38809536735221e-144	1.61742059701178	3.79679238684995	3.26662247087761e-21	1	24	44	3.47890280463965e-07	1	0	-0.872149922875403	5.97546678596363
L1CAM	EPHB2	R-HSA-3928662	REACTOME_EPHB_MEDIATED_FORWARD_SIGNALING	2.55576854379161e-144	8.91324279647325e-144	6.16331281736985	3.57284179935369	8.24317910081129e-26	1	16	30	3.57589206513711e-09	1	0	5.88961647399386	5.4121494486884
CDH1	IGF1R	R-HSA-9009391	REACTOME_EXTRA_NUCLEAR_ESTROGEN_SIGNALING	3.82676431814576e-144	1.33220511824219e-143	14.3361338797864	5.13835209283825	2.61653281059424e-38	1	18	34	1.67246714718945e-07	1	0	-3.29081622051826	-2.47806345242735
EFEMP1	EGFR	R-HSA-9609646	REACTOME_HCMV_INFECTION	7.17007068160176e-144	2.49166335252104e-143	11.6997034417759	2.78295784689883	8.1429949443564e-21	1	30	56	7.15623196406819e-06	1	0	1.01946244719326	5.81170270821198
COL4A3	ITGB3	R-HSA-202733	REACTOME_CELL_SURFACE_INTERACTIONS_AT_THE_VASCULAR_WALL	1.40940990476108e-143	4.88912530017476e-143	8.62407894562393	3.24113977349228	2.34622049866144e-25	1	17	31	3.57589206513711e-09	1	0	0.82100178352364	-5.39454496662179
L1CAM	FGFR2	R-HSA-5654738	REACTOME_SIGNALING_BY_FGFR2	3.25633165934263e-143	1.12759144161279e-142	6.16331281736985	12.4701828090957	1.09979507447957e-39	1	22	41	1.78679035388859e-06	1	0	5.88961647399386	-6.36051979772941
ANXA1	EGFR	R-HSA-9609646	REACTOME_HCMV_INFECTION	2.26062421055668e-142	7.81415766941098e-142	2.7077812217246	2.78295784689883	2.56737378682862e-19	1	30	56	7.15623196406819e-06	1	0	7.68275466234545	5.81170270821198
UBB	FGFR2	R-HSA-190236	REACTOME_SIGNALING_BY_FGFR	3.14524979106307e-142	1.08527788726964e-141	1.61742059701178	12.4701828090957	7.94997178763374e-34	1	24	44	1.78679035388859e-06	1	0	-0.872149922875403	-6.36051979772941
MFGE8	ITGB3	R-HSA-202733	REACTOME_CELL_SURFACE_INTERACTIONS_AT_THE_VASCULAR_WALL	7.88848714665499e-142	2.71714557273672e-141	2.78019749763891	3.24113977349228	1.31318292743563e-23	1	17	31	3.57589206513711e-09	1	0	4.64057982249706	-5.39454496662179
DCN	EGFR	R-HSA-9609646	REACTOME_HCMV_INFECTION	8.5568742855945e-142	2.94217878164895e-141	17.3257647468552	2.78295784689883	9.71797728938474e-19	1	30	56	7.15623196406819e-06	1	0	-2.63243594134095	5.81170270821198
FBN1	ITGB3	R-HSA-202733	REACTOME_CELL_SURFACE_INTERACTIONS_AT_THE_VASCULAR_WALL	9.96730306891838e-142	3.42111474404176e-141	6.55908628413473	3.24113977349228	1.65923984907937e-23	1	17	31	3.57589206513711e-09	1	0	3.99266837107762	-5.39454496662179
LAMB1	ITGB4	R-HSA-2022090	REACTOME_ASSEMBLY_OF_COLLAGEN_FIBRILS_AND_OTHER_MULTIMERIC_STRUCTURES	1.32096731689344e-141	4.52605117525067e-141	8.25802293327529	7.1327068911155	5.18944715956462e-36	1	10	19	8.79058240560549e-12	1	0	-0.279099545272194	3.5750195739368
CDH1	EGFR	R-HSA-9009391	REACTOME_EXTRA_NUCLEAR_ESTROGEN_SIGNALING	3.11952392334764e-141	1.06697552054255e-140	14.3361338797864	2.78295784689883	2.13296038644674e-35	1	18	34	1.67246714718945e-07	1	0	-3.29081622051826	5.81170270821198
FBLN2	ITGB3	R-HSA-2173789	REACTOME_TGF_BETA_RECEPTOR_SIGNALING_ACTIVATES_SMADS	3.53673083995448e-141	1.20755862420124e-140	17.5000998547113	3.24113977349228	3.3590588362703e-35	1	18	34	1.64044711267114e-07	1	0	6.82089839498334	-5.39454496662179
CDH1	EGFR	R-HSA-9609690	REACTOME_HCMV_EARLY_EVENTS	7.87313932051387e-141	2.68346266892907e-140	14.3361338797864	2.78295784689883	2.13296038644674e-35	1	26	48	6.7516760504379e-06	1	0	-3.29081622051826	5.81170270821198
COL4A4	ITGB3	R-HSA-202733	REACTOME_CELL_SURFACE_INTERACTIONS_AT_THE_VASCULAR_WALL	2.74804216814322e-140	9.35004591356046e-140	2.61912453042687	3.24113977349228	4.57461867147628e-22	1	17	31	3.57589206513711e-09	1	0	5.55251303801619	-5.39454496662179
NCAM1	FGFR2	R-HSA-5654738	REACTOME_SIGNALING_BY_FGFR2	3.12512451061612e-140	1.0614553337797e-139	4.82764517624997	12.4701828090957	1.05548110680004e-36	1	22	41	1.78679035388859e-06	1	0	1.39367405563148	-6.36051979772941
CDH1	ERBB3	R-HSA-8848021	REACTOME_SIGNALING_BY_PTK6	3.18557033220806e-140	1.07882170424772e-139	14.3361338797864	9.09909784607182	1.718754504566e-41	1	15	29	7.7963177157042e-08	1	0	-3.29081622051826	4.9842892437399
COL1A2	ITGB3	R-HSA-6802957	REACTOME_ONCOGENIC_MAPK_SIGNALING	3.1873022188988e-140	1.07882170424772e-139	15.6937572852742	3.24113977349228	9.40316855048686e-29	1	18	34	7.7963177157042e-08	1	0	5.77125570056243	-5.39454496662179
COL18A1	ITGB3	R-HSA-202733	REACTOME_CELL_SURFACE_INTERACTIONS_AT_THE_VASCULAR_WALL	4.78048145876647e-140	1.61527340639635e-139	3.25983197505071	3.24113977349228	7.9579855045294e-22	1	17	31	3.57589206513711e-09	1	0	6.43761926723443	-5.39454496662179
LAMB2	ITGB4	R-HSA-2022090	REACTOME_ASSEMBLY_OF_COLLAGEN_FIBRILS_AND_OTHER_MULTIMERIC_STRUCTURES	7.14883028080246e-140	2.41134119834321e-139	11.5489876350185	7.1327068911155	2.8084326175583e-34	1	10	19	8.79058240560549e-12	1	0	7.52145571443406	3.5750195739368
TNC	EGFR	R-HSA-9609646	REACTOME_HCMV_INFECTION	2.63404167761621e-139	8.86945413169735e-139	5.19362687065032	2.78295784689883	2.991461174726e-16	1	30	56	7.15623196406819e-06	1	0	7.1142609861648	5.81170270821198
NID1	ITGB3	R-HSA-202733	REACTOME_CELL_SURFACE_INTERACTIONS_AT_THE_VASCULAR_WALL	7.96418351146342e-139	2.67711710807023e-138	1.52477175080913	3.24113977349228	1.32578397147454e-20	1	17	31	3.57589206513711e-09	1	0	5.58579957949785	-5.39454496662179
FGF2	FGFR2	R-HSA-190236	REACTOME_SIGNALING_BY_FGFR	2.14719868510504e-138	7.2052904330071e-138	1.70513973428035	12.4701828090957	5.42728562212532e-30	1	24	44	1.78679035388859e-06	1	0	-0.194671018551907	-6.36051979772941
L1CAM	ITGB3	R-HSA-6802957	REACTOME_ONCOGENIC_MAPK_SIGNALING	5.53312901521601e-138	1.8535507661607e-137	6.16331281736985	3.24113977349228	1.63238190696712e-26	1	18	34	7.7963177157042e-08	1	0	5.88961647399386	-5.39454496662179
COMP	ITGB3	R-HSA-6802957	REACTOME_ONCOGENIC_MAPK_SIGNALING	6.54956893169525e-138	2.19029248691795e-137	8.99453854548071	3.24113977349228	1.93225167769126e-26	1	18	34	7.7963177157042e-08	1	0	4.26810252217773	-5.39454496662179
THBS1	ITGB3	R-HSA-202733	REACTOME_CELL_SURFACE_INTERACTIONS_AT_THE_VASCULAR_WALL	1.37187323965659e-137	4.57994604623816e-137	5.87784721611172	3.24113977349228	2.28373385597358e-19	1	17	31	3.57589206513711e-09	1	0	-1.71378563230842	-5.39454496662179
COL17A1	ITGB4	R-HSA-2022090	REACTOME_ASSEMBLY_OF_COLLAGEN_FIBRILS_AND_OTHER_MULTIMERIC_STRUCTURES	1.4676316397348e-137	4.89127063549839e-137	10.0652800099325	7.1327068911155	5.76562095572522e-32	1	10	19	8.79058240560549e-12	1	0	5.75970801774842	3.5750195739368
CDH1	EGFR	R-HSA-8848021	REACTOME_SIGNALING_BY_PTK6	1.79042663577974e-137	5.95690497389751e-137	14.3361338797864	2.78295784689883	2.13296038644674e-35	1	16	30	4.45540865127722e-08	1	0	-3.29081622051826	5.81170270821198
UBB	FGFR2	R-HSA-5654738	REACTOME_SIGNALING_BY_FGFR2	2.35386986391103e-137	7.81821061941879e-137	1.61742059701178	12.4701828090957	7.94997178763374e-34	1	22	41	1.78679035388859e-06	1	0	-0.872149922875403	-6.36051979772941
TNC	ITGB3	R-HSA-202733	REACTOME_CELL_SURFACE_INTERACTIONS_AT_THE_VASCULAR_WALL	3.31175431315626e-137	1.09810800909918e-136	5.19362687065032	3.24113977349228	5.51302061225035e-19	1	17	31	3.57589206513711e-09	1	0	7.1142609861648	-5.39454496662179
COL4A3	ITGB3	R-HSA-6802957	REACTOME_ONCOGENIC_MAPK_SIGNALING	7.95275949937351e-137	2.63249818682652e-136	8.62407894562393	3.24113977349228	2.34622049866144e-25	1	18	34	7.7963177157042e-08	1	0	0.82100178352364	-5.39454496662179
TNFSF9	TRAF2	R-HSA-75893	REACTOME_TNF_SIGNALING	1.71103396333076e-136	5.65422898542298e-136	2.56841166294607	1.20566797021442	3.85886181446648e-17	1	19	36	6.54715464543213e-08	1	0	-4.99093337728425	2.37330096619563
CTNND1	AMOT	R-HSA-1500931	REACTOME_CELL_CELL_COMMUNICATION	4.0081800384417e-136	1.3222931782224e-135	4.05620957782704	3.00964896303863	3.98803972831596e-25	1	21	39	3.86874176558473e-07	1	0	5.95931367779319	6.75452784419769
LAMA5	ITGB4	R-HSA-2022090	REACTOME_ASSEMBLY_OF_COLLAGEN_FIBRILS_AND_OTHER_MULTIMERIC_STRUCTURES	2.93416199482116e-135	9.66343739609735e-135	5.8870821214992	7.1327068911155	1.15269154921533e-29	1	10	19	8.79058240560549e-12	1	0	-3.29459552152133	3.5750195739368
MFGE8	ITGB3	R-HSA-6802957	REACTOME_ONCOGENIC_MAPK_SIGNALING	4.45117072608348e-135	1.46349098115169e-134	2.78019749763891	3.24113977349228	1.31318292743563e-23	1	18	34	7.7963177157042e-08	1	0	4.64057982249706	-5.39454496662179
L1CAM	EGFR	R-HSA-177929	REACTOME_SIGNALING_BY_EGFR	4.718272482885e-135	1.54870355614696e-134	6.16331281736985	2.78295784689883	8.85758904323062e-24	1	18	34	8.00640721158698e-08	1	0	5.88961647399386	5.81170270821198
FBN1	ITGB3	R-HSA-6802957	REACTOME_ONCOGENIC_MAPK_SIGNALING	5.62416681596349e-135	1.8429526495934e-134	6.55908628413473	3.24113977349228	1.65923984907937e-23	1	18	34	7.7963177157042e-08	1	0	3.99266837107762	-5.39454496662179
CDH1	EGFR	R-HSA-9012852	REACTOME_SIGNALING_BY_NOTCH3	5.7601292115692e-135	1.88434377725204e-134	14.3361338797864	2.78295784689883	2.13296038644674e-35	1	16	30	6.54715464543213e-08	1	0	-3.29081622051826	5.81170270821198
COL1A2	ITGB3	R-HSA-2173789	REACTOME_TGF_BETA_RECEPTOR_SIGNALING_ACTIVATES_SMADS	9.9005339968153e-135	3.23340182203683e-134	15.6937572852742	3.24113977349228	9.40316855048686e-29	1	18	34	1.64044711267114e-07	1	0	5.77125570056243	-5.39454496662179
FBLN2	ITGB3	R-HSA-6802952	REACTOME_SIGNALING_BY_BRAF_AND_RAF1_FUSIONS	6.22573971124861e-134	2.0298613783086e-133	17.5000998547113	3.24113977349228	3.3590588362703e-35	1	15	29	7.7963177157042e-08	1	0	6.82089839498334	-5.39454496662179
COL4A2	ITGB3	R-HSA-202733	REACTOME_CELL_SURFACE_INTERACTIONS_AT_THE_VASCULAR_WALL	8.58708302893611e-134	2.7950955259187e-133	1.3466555524192	3.24113977349228	1.42947698594562e-15	1	17	31	3.57589206513711e-09	1	0	7.20313784037645	-5.39454496662179
CDH1	ERBB3	R-HSA-1227986	REACTOME_SIGNALING_BY_ERBB2	1.05672253263186e-133	3.43390866261235e-133	14.3361338797864	9.09909784607182	1.718754504566e-41	1	14	27	7.7963177157042e-08	1	0	-3.29081622051826	4.9842892437399
COL4A4	ITGB3	R-HSA-6802957	REACTOME_ONCOGENIC_MAPK_SIGNALING	1.55061479159143e-133	5.03048287039544e-133	2.61912453042687	3.24113977349228	4.57461867147628e-22	1	18	34	7.7963177157042e-08	1	0	5.55251303801619	-5.39454496662179
FGF2	FGFR2	R-HSA-5654738	REACTOME_SIGNALING_BY_FGFR2	1.6069395477139e-133	5.20456540080473e-133	1.70513973428035	12.4701828090957	5.42728562212532e-30	1	22	41	1.78679035388859e-06	1	0	-0.194671018551907	-6.36051979772941
LAMA1	ITGB4	R-HSA-2022090	REACTOME_ASSEMBLY_OF_COLLAGEN_FIBRILS_AND_OTHER_MULTIMERIC_STRUCTURES	2.11462824859528e-133	6.83753140646784e-133	19.4121541047617	7.1327068911155	8.30736038497547e-28	1	10	19	8.79058240560549e-12	1	0	5.04833152876336	3.5750195739368
COL18A1	ITGB3	R-HSA-6802957	REACTOME_ONCOGENIC_MAPK_SIGNALING	2.69744232705876e-133	8.7076113466872e-133	3.25983197505071	3.24113977349228	7.9579855045294e-22	1	18	34	7.7963177157042e-08	1	0	6.43761926723443	-5.39454496662179
FN1	ITGB3	R-HSA-202733	REACTOME_CELL_SURFACE_INTERACTIONS_AT_THE_VASCULAR_WALL	1.12858830344047e-132	3.6371830967314e-132	3.91871645826014	3.24113977349228	1.87874159471756e-14	1	17	31	3.57589206513711e-09	1	0	7.84296292746818	-5.39454496662179
LTBP1	ITGB3	R-HSA-202733	REACTOME_CELL_SURFACE_INTERACTIONS_AT_THE_VASCULAR_WALL	1.50811658169326e-132	4.85230919941834e-132	2.03718846603833	3.24113977349228	2.51053581104197e-14	1	17	31	3.57589206513711e-09	1	0	6.71785217640578	-5.39454496662179
L1CAM	ITGB3	R-HSA-2173789	REACTOME_TGF_BETA_RECEPTOR_SIGNALING_ACTIVATES_SMADS	1.71872411718892e-132	5.52083585669402e-132	6.16331281736985	3.24113977349228	1.63238190696712e-26	1	18	34	1.64044711267114e-07	1	0	5.88961647399386	-5.39454496662179
COMP	ITGB3	R-HSA-2173789	REACTOME_TGF_BETA_RECEPTOR_SIGNALING_ACTIVATES_SMADS	2.03445501616529e-132	6.52428677597833e-132	8.99453854548071	3.24113977349228	1.93225167769126e-26	1	18	34	1.64044711267114e-07	1	0	4.26810252217773	-5.39454496662179
FGF2	FGFR3	R-HSA-190236	REACTOME_SIGNALING_BY_FGFR	3.74115126530681e-132	1.1977817083843e-131	1.70513973428035	4.85646853460732	2.587332934115e-18	1	24	45	1.78679035388859e-06	1	0	-0.194671018551907	4.42416595366005
EFEMP1	EGFR	R-HSA-177929	REACTOME_SIGNALING_BY_EGFR	4.33762153411164e-132	1.38647706319477e-131	11.6997034417759	2.78295784689883	8.1429949443564e-21	1	18	34	8.00640721158698e-08	1	0	1.01946244719326	5.81170270821198
NID1	ITGB3	R-HSA-6802957	REACTOME_ONCOGENIC_MAPK_SIGNALING	4.49388328133548e-132	1.43407745889676e-131	1.52477175080913	3.24113977349228	1.32578397147454e-20	1	18	34	7.7963177157042e-08	1	0	5.58579957949785	-5.39454496662179
COL17A1	CD151	R-HSA-2022090	REACTOME_ASSEMBLY_OF_COLLAGEN_FIBRILS_AND_OTHER_MULTIMERIC_STRUCTURES	6.91926307780371e-132	2.20445689901316e-131	10.0652800099325	2.0341318797366	2.7182466716764e-26	1	10	19	8.79058240560549e-12	1	0	5.75970801774842	-2.32132993135789
S100B	APP	R-HSA-168928	REACTOME_DDX58_IFIH1_MEDIATED_INDUCTION_OF_INTERFERON_ALPHA_BETA	1.13485313710607e-131	3.60972015760286e-131	4.09101248316345	1.25658697558778	4.32933445283623e-18	1	24	44	1.01266337579819e-06	1	0	-6.36051979772941	7.47779934429022
COL4A3	ITGB3	R-HSA-2173789	REACTOME_TGF_BETA_RECEPTOR_SIGNALING_ACTIVATES_SMADS	2.4703200507684e-131	7.84477245390356e-131	8.62407894562393	3.24113977349228	2.34622049866144e-25	1	18	34	1.64044711267114e-07	1	0	0.82100178352364	-5.39454496662179
TNFSF12	TRAF2	R-HSA-168928	REACTOME_DDX58_IFIH1_MEDIATED_INDUCTION_OF_INTERFERON_ALPHA_BETA	2.70611379068003e-131	8.57961076817874e-131	8.53252503662892	1.20566797021442	2.15400209273168e-25	1	24	45	4.10143497861858e-06	1	0	6.14962882879059	2.37330096619563
L1CAM	ERBB2	R-HSA-8848021	REACTOME_SIGNALING_BY_PTK6	2.74259799331527e-131	8.68118943427021e-131	6.16331281736985	5.3918454128273	1.47975155580914e-32	1	15	29	7.7963177157042e-08	1	0	5.88961647399386	0.2885538415546
THBS1	ITGB3	R-HSA-6802957	REACTOME_ONCOGENIC_MAPK_SIGNALING	7.74095449575028e-131	2.44629193045312e-130	5.87784721611172	3.24113977349228	2.28373385597358e-19	1	18	34	7.7963177157042e-08	1	0	-1.71378563230842	-5.39454496662179
ANXA1	EGFR	R-HSA-177929	REACTOME_SIGNALING_BY_EGFR	1.36759213286503e-130	4.3148746938375e-130	2.7077812217246	2.78295784689883	2.56737378682862e-19	1	18	34	8.00640721158698e-08	1	0	7.68275466234545	5.81170270821198
TNC	ITGB3	R-HSA-6802957	REACTOME_ONCOGENIC_MAPK_SIGNALING	1.86869593328204e-130	5.88639218983842e-130	5.19362687065032	3.24113977349228	5.51302061225035e-19	1	18	34	7.7963177157042e-08	1	0	7.1142609861648	-5.39454496662179
RND1	ERBB2	R-HSA-8848021	REACTOME_SIGNALING_BY_PTK6	2.17433127570809e-130	6.83811430186458e-130	7.22325820936774	5.3918454128273	1.17314681040229e-31	1	15	29	7.7963177157042e-08	1	0	4.94217931808006	0.2885538415546
CDH1	EGFR	R-HSA-1227986	REACTOME_SIGNALING_BY_ERBB2	2.44298448996756e-130	7.67065708827436e-130	14.3361338797864	2.78295784689883	2.13296038644674e-35	1	15	28	4.73588344117171e-08	1	0	-3.29081622051826	5.81170270821198
SEMA5A	MET	R-HSA-6806834	REACTOME_SIGNALING_BY_MET	4.29026119204521e-130	1.34492457593327e-129	13.2905452772287	3.79679238684995	1.61419777351974e-29	1	20	37	6.96914517376359e-07	1	0	-1.81425316210326	5.97546678596363
DCN	EGFR	R-HSA-177929	REACTOME_SIGNALING_BY_EGFR	5.17658525474804e-130	1.6201716350197e-129	17.3257647468552	2.78295784689883	9.71797728938474e-19	1	18	34	8.00640721158698e-08	1	0	-2.63243594134095	5.81170270821198
L1CAM	EGFR	R-HSA-9009391	REACTOME_EXTRA_NUCLEAR_ESTROGEN_SIGNALING	1.29545120008396e-129	4.04802591002237e-129	6.16331281736985	2.78295784689883	8.85758904323062e-24	1	18	34	1.67246714718945e-07	1	0	5.88961647399386	5.81170270821198
MFGE8	ITGB3	R-HSA-2173789	REACTOME_TGF_BETA_RECEPTOR_SIGNALING_ACTIVATES_SMADS	1.38264162205629e-129	4.31357681769319e-129	2.78019749763891	3.24113977349228	1.31318292743563e-23	1	18	34	1.64044711267114e-07	1	0	4.64057982249706	-5.39454496662179
LAMC1	ITGB4	R-HSA-2022090	REACTOME_ASSEMBLY_OF_COLLAGEN_FIBRILS_AND_OTHER_MULTIMERIC_STRUCTURES	1.46204830272559e-129	4.55403562236535e-129	1.71511038573227	7.1327068911155	5.74368670193046e-24	1	10	19	8.79058240560549e-12	1	0	-2.06597306819101	3.5750195739368
FBN1	ITGB3	R-HSA-2173789	REACTOME_TGF_BETA_RECEPTOR_SIGNALING_ACTIVATES_SMADS	1.74700266686493e-129	5.43295574583949e-129	6.55908628413473	3.24113977349228	1.65923984907937e-23	1	18	34	1.64044711267114e-07	1	0	3.99266837107762	-5.39454496662179
L1CAM	EGFR	R-HSA-9609690	REACTOME_HCMV_EARLY_EVENTS	3.26949497160542e-129	1.01515479801993e-128	6.16331281736985	2.78295784689883	8.85758904323062e-24	1	26	48	6.7516760504379e-06	1	0	5.88961647399386	5.81170270821198
L1CAM	ERBB3	R-HSA-8848021	REACTOME_SIGNALING_BY_PTK6	1.32287842991833e-128	4.10092313274682e-128	6.16331281736985	9.09909784607182	7.13750764636023e-30	1	15	29	7.7963177157042e-08	1	0	5.88961647399386	4.9842892437399
COL4A4	ITGB3	R-HSA-2173789	REACTOME_TGF_BETA_RECEPTOR_SIGNALING_ACTIVATES_SMADS	4.81658575364705e-128	1.49077527367237e-127	2.61912453042687	3.24113977349228	4.57461867147628e-22	1	18	34	1.64044711267114e-07	1	0	5.55251303801619	-5.39454496662179
COL18A1	ITGB3	R-HSA-2173789	REACTOME_TGF_BETA_RECEPTOR_SIGNALING_ACTIVATES_SMADS	8.37891032269939e-128	2.58924238294809e-127	3.25983197505071	3.24113977349228	7.9579855045294e-22	1	18	34	1.64044711267114e-07	1	0	6.43761926723443	-5.39454496662179
WNT5A	RYK	R-HSA-3858494	REACTOME_BETA_CATENIN_INDEPENDENT_WNT_SIGNALING	1.2107375904012e-127	3.73549844242267e-127	3.4155479880697	1.51365738659742	9.65811119975263e-20	1	26	49	8.493021064553e-06	1	0	7.42682687423672	4.40912138106216
TNC	EGFR	R-HSA-177929	REACTOME_SIGNALING_BY_EGFR	1.59349557486137e-127	4.90867012256191e-127	5.19362687065032	2.78295784689883	2.991461174726e-16	1	18	34	8.00640721158698e-08	1	0	7.1142609861648	5.81170270821198
COL1A2	ITGB3	R-HSA-6802952	REACTOME_SIGNALING_BY_BRAF_AND_RAF1_FUSIONS	1.74280007316964e-127	5.36013943763828e-127	15.6937572852742	3.24113977349228	9.40316855048686e-29	1	15	29	7.7963177157042e-08	1	0	5.77125570056243	-5.39454496662179
WNT5A	FZD2	R-HSA-3858494	REACTOME_BETA_CATENIN_INDEPENDENT_WNT_SIGNALING	2.06789192056476e-127	6.34998886928141e-127	3.4155479880697	3.52410544200316	2.86033497987759e-24	1	26	48	8.493021064553e-06	1	0	7.42682687423672	3.79491577287468
S100B	APP	R-HSA-9609507	REACTOME_PROTEIN_LOCALIZATION	4.65169071392685e-127	1.42617770240175e-126	4.09101248316345	1.25658697558778	4.32933445283623e-18	1	25	47	4.87517310287153e-06	1	0	-6.36051979772941	7.47779934429022
COL4A2	ITGB3	R-HSA-6802957	REACTOME_ONCOGENIC_MAPK_SIGNALING	4.84536158711451e-127	1.48322745762298e-126	1.3466555524192	3.24113977349228	1.42947698594562e-15	1	18	34	7.7963177157042e-08	1	0	7.20313784037645	-5.39454496662179
WNT5A	FZD6	R-HSA-3858494	REACTOME_BETA_CATENIN_INDEPENDENT_WNT_SIGNALING	9.16526769522644e-127	2.80121561952695e-126	3.4155479880697	2.2006318784384	1.26775173924169e-23	1	26	48	8.493021064553e-06	1	0	7.42682687423672	-4.41813377410395
RND1	MET	R-HSA-6806834	REACTOME_SIGNALING_BY_MET	9.52216441519237e-127	2.90574798482355e-126	7.22325820936774	3.79679238684995	3.5826855079574e-26	1	20	37	6.96914517376359e-07	1	0	4.94217931808006	5.97546678596363
EFEMP1	EGFR	R-HSA-9009391	REACTOME_EXTRA_NUCLEAR_ESTROGEN_SIGNALING	1.19093948945465e-126	3.62855666599832e-126	11.6997034417759	2.78295784689883	8.1429949443564e-21	1	18	34	1.67246714718945e-07	1	0	1.01946244719326	5.81170270821198
NID1	ITGB3	R-HSA-2173789	REACTOME_TGF_BETA_RECEPTOR_SIGNALING_ACTIVATES_SMADS	1.39590917801179e-126	4.24643399479288e-126	1.52477175080913	3.24113977349228	1.32578397147454e-20	1	18	34	1.64044711267114e-07	1	0	5.58579957949785	-5.39454496662179
IGF2	IGF1R	R-HSA-9009391	REACTOME_EXTRA_NUCLEAR_ESTROGEN_SIGNALING	2.15018853661392e-126	6.53082148057075e-126	18.9671091644783	5.13835209283825	1.47018169588767e-20	1	18	34	1.67246714718945e-07	1	0	2.10499752261003	-2.47806345242735
EFEMP1	EGFR	R-HSA-9609690	REACTOME_HCMV_EARLY_EVENTS	3.00572547387808e-126	9.11518920882591e-126	11.6997034417759	2.78295784689883	8.1429949443564e-21	1	26	48	6.7516760504379e-06	1	0	1.01946244719326	5.81170270821198
FN1	ITGB3	R-HSA-6802957	REACTOME_ONCOGENIC_MAPK_SIGNALING	6.36819091504077e-126	1.92822897008909e-125	3.91871645826014	3.24113977349228	1.87874159471756e-14	1	18	34	7.7963177157042e-08	1	0	7.84296292746818	-5.39454496662179
L1CAM	EGFR	R-HSA-8848021	REACTOME_SIGNALING_BY_PTK6	7.43514199914883e-126	2.24780686135258e-125	6.16331281736985	2.78295784689883	8.85758904323062e-24	1	16	30	4.45540865127722e-08	1	0	5.88961647399386	5.81170270821198
LTBP1	ITGB3	R-HSA-6802957	REACTOME_ONCOGENIC_MAPK_SIGNALING	8.50972341737367e-126	2.56870012892284e-125	2.03718846603833	3.24113977349228	2.51053581104197e-14	1	18	34	7.7963177157042e-08	1	0	6.71785217640578	-5.39454496662179
SLIT2	GPC1	R-HSA-3781865	REACTOME_DISEASES_OF_GLYCOSYLATION	1.59197477308801e-125	4.79064211377639e-125	6.20283557424795	4.90779964490746	7.33880397676584e-27	1	14	27	2.69774693235423e-08	1	0	4.67965566152487	0.670420105488671
SLIT2	GPC1	R-HSA-5668914	REACTOME_DISEASES_OF_METABOLISM	1.59197477308801e-125	4.79064211377639e-125	6.20283557424795	4.90779964490746	7.33880397676584e-27	1	14	27	2.69774693235423e-08	1	0	4.67965566152487	0.670420105488671
SEMA4D	ERBB2	R-HSA-8848021	REACTOME_SIGNALING_BY_PTK6	1.96401762861639e-125	5.90111758259662e-125	1.60620941757158	5.3918454128273	1.05967340042737e-26	1	15	29	7.7963177157042e-08	1	0	-0.545072800988612	0.2885538415546
UBB	ERBB2	R-HSA-8848021	REACTOME_SIGNALING_BY_PTK6	1.9825126678254e-125	5.94753800347621e-125	1.61742059701178	5.3918454128273	1.06965228289975e-26	1	15	29	7.7963177157042e-08	1	0	-0.872149922875403	0.2885538415546
THBS1	ITGB3	R-HSA-2173789	REACTOME_TGF_BETA_RECEPTOR_SIGNALING_ACTIVATES_SMADS	2.40452827781906e-125	7.20252105303776e-125	5.87784721611172	3.24113977349228	2.28373385597358e-19	1	18	34	1.64044711267114e-07	1	0	-1.71378563230842	-5.39454496662179
L1CAM	ITGB3	R-HSA-6802952	REACTOME_SIGNALING_BY_BRAF_AND_RAF1_FUSIONS	3.02548581536996e-125	9.04865818900082e-125	6.16331281736985	3.24113977349228	1.63238190696712e-26	1	15	29	7.7963177157042e-08	1	0	5.88961647399386	-5.39454496662179
COMP	ITGB3	R-HSA-6802952	REACTOME_SIGNALING_BY_BRAF_AND_RAF1_FUSIONS	3.58126981047056e-125	1.06945259019098e-124	8.99453854548071	3.24113977349228	1.93225167769126e-26	1	15	29	7.7963177157042e-08	1	0	4.26810252217773	-5.39454496662179
ANXA1	EGFR	R-HSA-9009391	REACTOME_EXTRA_NUCLEAR_ESTROGEN_SIGNALING	3.75486764736851e-125	1.11958114737568e-124	2.7077812217246	2.78295784689883	2.56737378682862e-19	1	18	34	1.67246714718945e-07	1	0	7.68275466234545	5.81170270821198
TNC	ITGB3	R-HSA-2173789	REACTOME_TGF_BETA_RECEPTOR_SIGNALING_ACTIVATES_SMADS	5.80462295274948e-125	1.72811411992679e-124	5.19362687065032	3.24113977349228	5.51302061225035e-19	1	18	34	1.64044711267114e-07	1	0	7.1142609861648	-5.39454496662179
WNT5A	ROR2	R-HSA-3858494	REACTOME_BETA_CATENIN_INDEPENDENT_WNT_SIGNALING	8.65526606725503e-125	2.572866762458e-124	3.4155479880697	3.4154858306922	1.19720765123719e-21	1	26	48	8.493021064553e-06	1	0	7.42682687423672	-0.882987269807791
L1CAM	ERBB2	R-HSA-1227986	REACTOME_SIGNALING_BY_ERBB2	9.09779033344501e-125	2.70030159896932e-124	6.16331281736985	5.3918454128273	1.47975155580914e-32	1	14	27	7.7963177157042e-08	1	0	5.88961647399386	0.2885538415546
ANXA1	EGFR	R-HSA-9609690	REACTOME_HCMV_EARLY_EVENTS	9.47663709086032e-125	2.80847833663888e-124	2.7077812217246	2.78295784689883	2.56737378682862e-19	1	26	48	6.7516760504379e-06	1	0	7.68275466234545	5.81170270821198
SLIT2	GPC1	R-HSA-376176	REACTOME_SIGNALING_BY_ROBO_RECEPTORS	1.094578452281e-124	3.23895714743149e-124	6.20283557424795	4.90779964490746	7.33880397676584e-27	1	45	82	0.00064065214218773	1	0	4.67965566152487	0.670420105488671
WNT2	FZD3	R-HSA-3858494	REACTOME_BETA_CATENIN_INDEPENDENT_WNT_SIGNALING	1.2091871291517e-124	3.5726814874936e-124	15.1935294071625	1.59995097004923	2.42865184716672e-20	1	26	49	1.19955681818829e-05	1	0	-3.57793043501172	4.7931863954282
DCN	EGFR	R-HSA-9009391	REACTOME_EXTRA_NUCLEAR_ESTROGEN_SIGNALING	1.42128577883655e-124	4.19300774330482e-124	17.3257647468552	2.78295784689883	9.71797728938474e-19	1	18	34	1.67246714718945e-07	1	0	-2.63243594134095	5.81170270821198
FBLN2	ITGB3	R-HSA-6802946	REACTOME_SIGNALING_BY_MODERATE_KINASE_ACTIVITY_BRAF_MUTANTS	3.31187686940918e-124	9.75580018997906e-124	17.5000998547113	3.24113977349228	3.3590588362703e-35	1	13	24	1.11382956479553e-08	1	0	6.82089839498334	-5.39454496662179
DCN	EGFR	R-HSA-9609690	REACTOME_HCMV_EARLY_EVENTS	3.58707970382769e-124	1.05505522011679e-123	17.3257647468552	2.78295784689883	9.71797728938474e-19	1	26	48	6.7516760504379e-06	1	0	-2.63243594134095	5.81170270821198
SLIT2	GPC1	R-HSA-196854	REACTOME_METABOLISM_OF_VITAMINS_AND_COFACTORS	4.20344930352148e-124	1.2344866901921e-123	6.20283557424795	4.90779964490746	7.33880397676584e-27	1	15	29	9.79993845905744e-08	1	0	4.67965566152487	0.670420105488671
COL4A3	ITGB3	R-HSA-6802952	REACTOME_SIGNALING_BY_BRAF_AND_RAF1_FUSIONS	4.3485270255286e-124	1.2751761682969e-123	8.62407894562393	3.24113977349228	2.34622049866144e-25	1	15	29	7.7963177157042e-08	1	0	0.82100178352364	-5.39454496662179
WNT5A	FZD3	R-HSA-3858494	REACTOME_BETA_CATENIN_INDEPENDENT_WNT_SIGNALING	4.81321748791433e-124	1.40932739938481e-123	3.4155479880697	1.59995097004923	9.66734532730192e-20	1	26	49	1.19955681818829e-05	1	0	7.42682687423672	4.7931863954282
RND1	ERBB2	R-HSA-1227986	REACTOME_SIGNALING_BY_ERBB2	7.21272680504376e-124	2.10875081590576e-123	7.22325820936774	5.3918454128273	1.17314681040229e-31	1	14	27	7.7963177157042e-08	1	0	4.94217931808006	0.2885538415546
L1CAM	EGFR	R-HSA-9012852	REACTOME_SIGNALING_BY_NOTCH3	2.39202086059285e-123	6.98298466478003e-123	6.16331281736985	2.78295784689883	8.85758904323062e-24	1	16	30	6.54715464543213e-08	1	0	5.88961647399386	5.81170270821198
TNFSF9	TRAF2	R-HSA-168928	REACTOME_DDX58_IFIH1_MEDIATED_INDUCTION_OF_INTERFERON_ALPHA_BETA	4.8479614795607e-123	1.41314459247493e-122	2.56841166294607	1.20566797021442	3.85886181446648e-17	1	24	45	4.10143497861858e-06	1	0	-4.99093337728425	2.37330096619563
EFEMP1	EGFR	R-HSA-8848021	REACTOME_SIGNALING_BY_PTK6	6.83530511679266e-123	1.98947107199643e-122	11.6997034417759	2.78295784689883	8.1429949443564e-21	1	16	30	4.45540865127722e-08	1	0	1.01946244719326	5.81170270821198
L1CAM	FGFR2	R-HSA-1226099	REACTOME_SIGNALING_BY_FGFR_IN_DISEASE	9.19872617730356e-123	2.67337979527885e-122	6.16331281736985	12.4701828090957	1.09979507447957e-39	1	13	25	1.23822362565426e-07	1	0	5.88961647399386	-6.36051979772941
UBB	ERBB3	R-HSA-8848021	REACTOME_SIGNALING_BY_PTK6	9.56255073364152e-123	2.77498686222911e-122	1.61742059701178	9.09909784607182	5.15941430720038e-24	1	15	29	7.7963177157042e-08	1	0	-0.872149922875403	4.9842892437399
DCN	MET	R-HSA-6806834	REACTOME_SIGNALING_BY_MET	1.31774831629824e-122	3.81834193135083e-122	17.3257647468552	3.79679238684995	4.95798811077511e-22	1	20	37	6.96914517376359e-07	1	0	-2.63243594134095	5.97546678596363
COL18A1	GPC1	R-HSA-3781865	REACTOME_DISEASES_OF_GLYCOSYLATION	1.49931143861711e-122	4.3315905911527e-122	3.25983197505071	4.90779964490746	6.91163763028142e-24	1	14	27	2.69774693235423e-08	1	0	6.43761926723443	0.670420105488671
COL18A1	GPC1	R-HSA-5668914	REACTOME_DISEASES_OF_METABOLISM	1.49931143861711e-122	4.3315905911527e-122	3.25983197505071	4.90779964490746	6.91163763028142e-24	1	14	27	2.69774693235423e-08	1	0	6.43761926723443	0.670420105488671
MFGE8	ITGB3	R-HSA-6802952	REACTOME_SIGNALING_BY_BRAF_AND_RAF1_FUSIONS	2.43387671903577e-122	7.02121304619921e-122	2.78019749763891	3.24113977349228	1.31318292743563e-23	1	15	29	7.7963177157042e-08	1	0	4.64057982249706	-5.39454496662179
FBN1	ITGB3	R-HSA-6802952	REACTOME_SIGNALING_BY_BRAF_AND_RAF1_FUSIONS	3.07526480553385e-122	8.85839552390503e-122	6.55908628413473	3.24113977349228	1.65923984907937e-23	1	15	29	7.7963177157042e-08	1	0	3.99266837107762	-5.39454496662179
LAMA1	GPC1	R-HSA-3781865	REACTOME_DISEASES_OF_GLYCOSYLATION	3.19230557389784e-122	9.16848939091541e-122	19.4121541047617	4.90779964490746	1.47161281929925e-23	1	14	27	2.69774693235423e-08	1	0	5.04833152876336	0.670420105488671
LAMA1	GPC1	R-HSA-5668914	REACTOME_DISEASES_OF_METABOLISM	3.19230557389784e-122	9.16848939091541e-122	19.4121541047617	4.90779964490746	1.47161281929925e-23	1	14	27	2.69774693235423e-08	1	0	5.04833152876336	0.670420105488671
TNC	EGFR	R-HSA-9009391	REACTOME_EXTRA_NUCLEAR_ESTROGEN_SIGNALING	4.37510924235648e-122	1.25471194571545e-121	5.19362687065032	2.78295784689883	2.991461174726e-16	1	18	34	1.67246714718945e-07	1	0	7.1142609861648	5.81170270821198
L1CAM	ERBB3	R-HSA-1227986	REACTOME_SIGNALING_BY_ERBB2	4.3882736811477e-122	1.2566420086923e-121	6.16331281736985	9.09909784607182	7.13750764636023e-30	1	14	27	7.7963177157042e-08	1	0	5.88961647399386	4.9842892437399
WNT5A	LDLR	R-HSA-196854	REACTOME_METABOLISM_OF_VITAMINS_AND_COFACTORS	7.72094800952753e-122	2.20776156114308e-121	3.4155479880697	2.03823700880741	2.17004769151186e-19	1	15	29	4.40661102232079e-08	1	0	7.42682687423672	-6.36051979772941
SEMA4D	MET	R-HSA-6806834	REACTOME_SIGNALING_BY_MET	8.60112669258784e-122	2.45584801617311e-121	1.60620941757158	3.79679238684995	3.2361478556782e-21	1	20	37	6.96914517376359e-07	1	0	-0.545072800988612	5.97546678596363
UBB	MET	R-HSA-6806834	REACTOME_SIGNALING_BY_MET	8.68212299990368e-122	2.4753556523813e-121	1.61742059701178	3.79679238684995	3.26662247087761e-21	1	20	37	6.96914517376359e-07	1	0	-0.872149922875403	5.97546678596363
COL18A1	GPC1	R-HSA-376176	REACTOME_SIGNALING_BY_ROBO_RECEPTORS	1.03086683389171e-121	2.93481476179376e-121	3.25983197505071	4.90779964490746	6.91163763028142e-24	1	45	82	0.00064065214218773	1	0	6.43761926723443	0.670420105488671
TNC	EGFR	R-HSA-9609690	REACTOME_HCMV_EARLY_EVENTS	1.10420196972158e-121	3.1390195733133e-121	5.19362687065032	2.78295784689883	2.991461174726e-16	1	26	48	6.7516760504379e-06	1	0	7.1142609861648	5.81170270821198
COL4A2	ITGB3	R-HSA-2173789	REACTOME_TGF_BETA_RECEPTOR_SIGNALING_ACTIVATES_SMADS	1.50508686737162e-121	4.27243408717555e-121	1.3466555524192	3.24113977349228	1.42947698594562e-15	1	18	34	1.64044711267114e-07	1	0	7.20313784037645	-5.39454496662179
ANXA1	EGFR	R-HSA-8848021	REACTOME_SIGNALING_BY_PTK6	2.155077253731e-121	6.10865874678757e-121	2.7077812217246	2.78295784689883	2.56737378682862e-19	1	16	30	4.45540865127722e-08	1	0	7.68275466234545	5.81170270821198
LAMA1	GPC1	R-HSA-376176	REACTOME_SIGNALING_BY_ROBO_RECEPTORS	2.1949021764379e-121	6.21252746461335e-121	19.4121541047617	4.90779964490746	1.47161281929925e-23	1	45	82	0.00064065214218773	1	0	5.04833152876336	0.670420105488671
COL18A1	GPC1	R-HSA-196854	REACTOME_METABOLISM_OF_VITAMINS_AND_COFACTORS	3.95878108683353e-121	1.11888559516438e-120	3.25983197505071	4.90779964490746	6.91163763028142e-24	1	15	29	9.79993845905744e-08	1	0	6.43761926723443	0.670420105488671
DCN	EGFR	R-HSA-8848021	REACTOME_SIGNALING_BY_PTK6	8.15735983442348e-121	2.30221441569784e-120	17.3257647468552	2.78295784689883	9.71797728938474e-19	1	16	30	4.45540865127722e-08	1	0	-2.63243594134095	5.81170270821198
LAMA1	GPC1	R-HSA-196854	REACTOME_METABOLISM_OF_VITAMINS_AND_COFACTORS	8.42896185798216e-121	2.37543470543134e-120	19.4121541047617	4.90779964490746	1.47161281929925e-23	1	15	29	9.79993845905744e-08	1	0	5.04833152876336	0.670420105488671
COL4A4	ITGB3	R-HSA-6802952	REACTOME_SIGNALING_BY_BRAF_AND_RAF1_FUSIONS	8.47868004552494e-121	2.38600318860378e-120	2.61912453042687	3.24113977349228	4.57461867147628e-22	1	15	29	7.7963177157042e-08	1	0	5.55251303801619	-5.39454496662179
COL18A1	ITGB3	R-HSA-6802952	REACTOME_SIGNALING_BY_BRAF_AND_RAF1_FUSIONS	1.47494726326677e-120	4.14470792109353e-120	3.25983197505071	3.24113977349228	7.9579855045294e-22	1	15	29	7.7963177157042e-08	1	0	6.43761926723443	-5.39454496662179
FN1	ITGB3	R-HSA-2173789	REACTOME_TGF_BETA_RECEPTOR_SIGNALING_ACTIVATES_SMADS	1.97811460358957e-120	5.55065778852072e-120	3.91871645826014	3.24113977349228	1.87874159471756e-14	1	18	34	1.64044711267114e-07	1	0	7.84296292746818	-5.39454496662179
EFEMP1	EGFR	R-HSA-9012852	REACTOME_SIGNALING_BY_NOTCH3	2.19904238947378e-120	6.16173570536914e-120	11.6997034417759	2.78295784689883	8.1429949443564e-21	1	16	30	6.54715464543213e-08	1	0	1.01946244719326	5.81170270821198
LTBP1	ITGB3	R-HSA-2173789	REACTOME_TGF_BETA_RECEPTOR_SIGNALING_ACTIVATES_SMADS	2.64332655678669e-120	7.39601255788596e-120	2.03718846603833	3.24113977349228	2.51053581104197e-14	1	18	34	1.64044711267114e-07	1	0	6.71785217640578	-5.39454496662179
NCAM1	FGFR2	R-HSA-1226099	REACTOME_SIGNALING_BY_FGFR_IN_DISEASE	8.82808253288942e-120	2.46655868193606e-119	4.82764517624997	12.4701828090957	1.05548110680004e-36	1	13	25	1.23822362565426e-07	1	0	1.39367405563148	-6.36051979772941
NID1	ITGB3	R-HSA-6802952	REACTOME_SIGNALING_BY_BRAF_AND_RAF1_FUSIONS	2.45723171937966e-119	6.85567649706925e-119	1.52477175080913	3.24113977349228	1.32578397147454e-20	1	15	29	7.7963177157042e-08	1	0	5.58579957949785	-5.39454496662179
SEMA4D	ERBB2	R-HSA-1227986	REACTOME_SIGNALING_BY_ERBB2	6.51507098010472e-119	1.8151117866112e-118	1.60620941757158	5.3918454128273	1.05967340042737e-26	1	14	27	7.7963177157042e-08	1	0	-0.545072800988612	0.2885538415546
UBB	ERBB2	R-HSA-1227986	REACTOME_SIGNALING_BY_ERBB2	6.57642302270908e-119	1.82959461016394e-118	1.61742059701178	5.3918454128273	1.06965228289975e-26	1	14	27	7.7963177157042e-08	1	0	-0.872149922875403	0.2885538415546
ANXA1	EGFR	R-HSA-9012852	REACTOME_SIGNALING_BY_NOTCH3	6.93327679243227e-119	1.92612938486774e-118	2.7077812217246	2.78295784689883	2.56737378682862e-19	1	16	30	6.54715464543213e-08	1	0	7.68275466234545	5.81170270821198
UBB	LDLR	R-HSA-196854	REACTOME_METABOLISM_OF_VITAMINS_AND_COFACTORS	7.22903643863869e-119	2.00544150066212e-118	1.61742059701178	2.03823700880741	2.03179115002005e-16	1	15	29	4.40661102232079e-08	1	0	-0.872149922875403	-6.36051979772941
L1CAM	FGFR2	R-HSA-2404192	REACTOME_SIGNALING_BY_TYPE_1_INSULIN_LIKE_GROWTH_FACTOR_1_RECEPTOR_IGF1R	7.49872663404272e-119	2.07730682500503e-118	6.16331281736985	12.4701828090957	1.09979507447957e-39	1	12	23	7.7963177157042e-08	1	0	5.88961647399386	-6.36051979772941
L1CAM	EGFR	R-HSA-1227986	REACTOME_SIGNALING_BY_ERBB2	1.01450325981754e-118	2.80640915924031e-118	6.16331281736985	2.78295784689883	8.85758904323062e-24	1	15	28	4.73588344117171e-08	1	0	5.88961647399386	5.81170270821198
S100B	APP	R-HSA-375276	REACTOME_PEPTIDE_LIGAND_BINDING_RECEPTORS	1.40848474065766e-118	3.89076477864839e-118	4.09101248316345	1.25658697558778	4.32933445283623e-18	1	9	18	3.06992591239206e-11	1	0	-6.36051979772941	7.47779934429022
TNFSF12	TRAF2	R-HSA-9020702	REACTOME_INTERLEUKIN_1_SIGNALING	1.77326976932643e-118	4.89151957555723e-118	8.53252503662892	1.20566797021442	2.15400209273168e-25	1	29	53	4.76867737065877e-05	1	0	6.14962882879059	2.37330096619563
TNC	EGFR	R-HSA-8848021	REACTOME_SIGNALING_BY_PTK6	2.51106012149285e-118	6.91692583536746e-118	5.19362687065032	2.78295784689883	2.991461174726e-16	1	16	30	4.45540865127722e-08	1	0	7.1142609861648	5.81170270821198
DCN	EGFR	R-HSA-9012852	REACTOME_SIGNALING_BY_NOTCH3	2.62437151752273e-118	7.21886982214352e-118	17.3257647468552	2.78295784689883	9.71797728938474e-19	1	16	30	6.54715464543213e-08	1	0	-2.63243594134095	5.81170270821198
THBS1	ITGB3	R-HSA-6802952	REACTOME_SIGNALING_BY_BRAF_AND_RAF1_FUSIONS	4.23271316463285e-118	1.16265665408269e-117	5.87784721611172	3.24113977349228	2.28373385597358e-19	1	15	29	7.7963177157042e-08	1	0	-1.71378563230842	-5.39454496662179
COL1A2	ITGB3	R-HSA-6802946	REACTOME_SIGNALING_BY_MODERATE_KINASE_ACTIVITY_BRAF_MUTANTS	9.27108989138505e-118	2.54303912329705e-117	15.6937572852742	3.24113977349228	9.40316855048686e-29	1	13	24	1.11382956479553e-08	1	0	5.77125570056243	-5.39454496662179
TNC	ITGB3	R-HSA-6802952	REACTOME_SIGNALING_BY_BRAF_AND_RAF1_FUSIONS	1.0217930982337e-117	2.79882457342274e-117	5.19362687065032	3.24113977349228	5.51302061225035e-19	1	15	29	7.7963177157042e-08	1	0	7.1142609861648	-5.39454496662179
SLIT2	SDC1	R-HSA-196854	REACTOME_METABOLISM_OF_VITAMINS_AND_COFACTORS	1.7180937818666e-117	4.69949181510571e-117	6.20283557424795	4.97371489672129	4.11393068888082e-22	1	15	28	4.40661102232079e-08	1	0	4.67965566152487	-1.36985696537123
APP	GPC1	R-HSA-3781865	REACTOME_DISEASES_OF_GLYCOSYLATION	3.35651581149634e-117	9.15541254169322e-117	1.25658697558778	4.90779964490746	1.54731167867099e-18	1	14	27	2.69774693235423e-08	1	0	7.47779934429022	0.670420105488671
APP	GPC1	R-HSA-5668914	REACTOME_DISEASES_OF_METABOLISM	3.35651581149634e-117	9.15541254169322e-117	1.25658697558778	4.90779964490746	1.54731167867099e-18	1	14	27	2.69774693235423e-08	1	0	7.47779934429022	0.670420105488671
DLL1	NOTCH3	R-HSA-9012852	REACTOME_SIGNALING_BY_NOTCH3	3.57236520391068e-117	9.73058471860189e-117	1.49001617638381	5.80955796788864	4.30455605271546e-22	1	16	30	1.30384058442871e-07	1	0	4.59911096841979	-2.27489465717084
DSC2	DSG2	R-HSA-75153	REACTOME_APOPTOTIC_EXECUTION_PHASE	3.83858700766786e-117	1.0441170509715e-116	1.90651690301031	4.55221683217381	1.97152954387669e-22	1	15	29	1.44538165275806e-07	1	0	5.74548548277419	6.43121904631802
UBB	FGFR2	R-HSA-1226099	REACTOME_SIGNALING_BY_FGFR_IN_DISEASE	6.649385443587e-117	1.80615434928031e-116	1.61742059701178	12.4701828090957	7.94997178763374e-34	1	13	25	1.23822362565426e-07	1	0	-0.872149922875403	-6.36051979772941
PTN	SDC1	R-HSA-196854	REACTOME_METABOLISM_OF_VITAMINS_AND_COFACTORS	9.42053804970659e-117	2.55532094598291e-116	8.46323813593221	4.97371489672129	2.25572323219469e-21	1	15	28	4.40661102232079e-08	1	0	3.62957168854979	-1.36985696537123
APP	GPC1	R-HSA-376176	REACTOME_SIGNALING_BY_ROBO_RECEPTORS	2.30780659600392e-116	6.25124310956402e-116	1.25658697558778	4.90779964490746	1.54731167867099e-18	1	45	82	0.00064065214218773	1	0	7.47779934429022	0.670420105488671
LAMA1	SDC4	R-HSA-196854	REACTOME_METABOLISM_OF_VITAMINS_AND_COFACTORS	2.71519932182452e-116	7.34457655889652e-116	19.4121541047617	1.77570057185383	4.74046768305835e-19	1	15	29	9.79993845905744e-08	1	0	5.04833152876336	2.92131411044688
UBB	ERBB3	R-HSA-1227986	REACTOME_SIGNALING_BY_ERBB2	3.17210476488527e-116	8.56863154332078e-116	1.61742059701178	9.09909784607182	5.15941430720038e-24	1	14	27	7.7963177157042e-08	1	0	-0.872149922875403	4.9842892437399
LAMA5	SDC1	R-HSA-196854	REACTOME_METABOLISM_OF_VITAMINS_AND_COFACTORS	4.7804105785548e-116	1.2895223563422e-115	5.8870821214992	4.97371489672129	1.14465682794107e-20	1	15	28	4.40661102232079e-08	1	0	-3.29459552152133	-1.36985696537123
NCAM1	FGFR2	R-HSA-2404192	REACTOME_SIGNALING_BY_TYPE_1_INSULIN_LIKE_GROWTH_FACTOR_1_RECEPTOR_IGF1R	7.19658095489807e-116	1.93861001447116e-115	4.82764517624997	12.4701828090957	1.05548110680004e-36	1	12	23	7.7963177157042e-08	1	0	1.39367405563148	-6.36051979772941
TNC	EGFR	R-HSA-9012852	REACTOME_SIGNALING_BY_NOTCH3	8.07853863921003e-116	2.17319365872964e-115	5.19362687065032	2.78295784689883	2.991461174726e-16	1	16	30	6.54715464543213e-08	1	0	7.1142609861648	5.81170270821198
APP	GPC1	R-HSA-196854	REACTOME_METABOLISM_OF_VITAMINS_AND_COFACTORS	8.8625424778092e-116	2.38081780731243e-115	1.25658697558778	4.90779964490746	1.54731167867099e-18	1	15	29	9.79993845905744e-08	1	0	7.47779934429022	0.670420105488671
EFEMP1	EGFR	R-HSA-1227986	REACTOME_SIGNALING_BY_ERBB2	9.32657281276877e-116	2.5020325141947e-115	11.6997034417759	2.78295784689883	8.1429949443564e-21	1	15	28	4.73588344117171e-08	1	0	1.01946244719326	5.81170270821198
L1CAM	ITGB3	R-HSA-6802946	REACTOME_SIGNALING_BY_MODERATE_KINASE_ACTIVITY_BRAF_MUTANTS	1.60945316627119e-115	4.31174490223269e-115	6.16331281736985	3.24113977349228	1.63238190696712e-26	1	13	24	1.11382956479553e-08	1	0	5.88961647399386	-5.39454496662179
COMP	ITGB3	R-HSA-6802946	REACTOME_SIGNALING_BY_MODERATE_KINASE_ACTIVITY_BRAF_MUTANTS	1.90511091027159e-115	5.09682412021975e-115	8.99453854548071	3.24113977349228	1.93225167769126e-26	1	13	24	1.11382956479553e-08	1	0	4.26810252217773	-5.39454496662179
S100B	APP	R-HSA-9645723	REACTOME_DISEASES_OF_PROGRAMMED_CELL_DEATH	1.75808508688332e-114	4.69704538260345e-114	4.09101248316345	1.25658697558778	4.32933445283623e-18	1	15	28	3.73084129290334e-08	1	0	-6.36051979772941	7.47779934429022
COL4A3	ITGB3	R-HSA-6802946	REACTOME_SIGNALING_BY_MODERATE_KINASE_ACTIVITY_BRAF_MUTANTS	2.31326504797941e-114	6.17186699276475e-114	8.62407894562393	3.24113977349228	2.34622049866144e-25	1	13	24	1.11382956479553e-08	1	0	0.82100178352364	-5.39454496662179
COL4A2	ITGB3	R-HSA-6802952	REACTOME_SIGNALING_BY_BRAF_AND_RAF1_FUSIONS	2.64941820655905e-114	7.05909107422896e-114	1.3466555524192	3.24113977349228	1.42947698594562e-15	1	15	29	7.7963177157042e-08	1	0	7.20313784037645	-5.39454496662179
ANXA1	EGFR	R-HSA-1227986	REACTOME_SIGNALING_BY_ERBB2	2.94053953417301e-114	7.82407862430504e-114	2.7077812217246	2.78295784689883	2.56737378682862e-19	1	15	28	4.73588344117171e-08	1	0	7.68275466234545	5.81170270821198
LAMB1	ITGA3	R-HSA-6806834	REACTOME_SIGNALING_BY_MET	3.29841295438861e-114	8.76435442166116e-114	8.25802293327529	1.43205767826489	6.10784912967009e-22	1	17	32	4.83718790305202e-07	1	0	-0.279099545272194	4.89650700834186
THBS1	SDC4	R-HSA-196854	REACTOME_METABOLISM_OF_VITAMINS_AND_COFACTORS	3.65958181772081e-114	9.71081968751188e-114	5.87784721611172	1.77570057185383	6.38926549552763e-17	1	15	29	9.79993845905744e-08	1	0	-1.71378563230842	2.92131411044688
SLIT2	SDC1	R-HSA-3781865	REACTOME_DISEASES_OF_GLYCOSYLATION	8.57631934090697e-114	2.2695869475327e-113	6.20283557424795	4.97371489672129	4.11393068888082e-22	1	13	25	2.69774693235423e-08	1	0	4.67965566152487	-1.36985696537123
SLIT2	SDC1	R-HSA-5668914	REACTOME_DISEASES_OF_METABOLISM	8.57631934090697e-114	2.2695869475327e-113	6.20283557424795	4.97371489672129	4.11393068888082e-22	1	13	25	2.69774693235423e-08	1	0	4.67965566152487	-1.36985696537123
TNC	SDC4	R-HSA-196854	REACTOME_METABOLISM_OF_VITAMINS_AND_COFACTORS	8.83437005609855e-114	2.33471241130724e-113	5.19362687065032	1.77570057185383	1.54239305433283e-16	1	15	29	9.79993845905744e-08	1	0	7.1142609861648	2.92131411044688
DCN	EGFR	R-HSA-1227986	REACTOME_SIGNALING_BY_ERBB2	1.11304775947449e-113	2.93754361385633e-113	17.3257647468552	2.78295784689883	9.71797728938474e-19	1	15	28	4.73588344117171e-08	1	0	-2.63243594134095	5.81170270821198
FN1	ITGB3	R-HSA-6802952	REACTOME_SIGNALING_BY_BRAF_AND_RAF1_FUSIONS	3.48209326586099e-113	9.1775008747996e-113	3.91871645826014	3.24113977349228	1.87874159471756e-14	1	15	29	7.7963177157042e-08	1	0	7.84296292746818	-5.39454496662179
FGF2	FGFR2	R-HSA-1226099	REACTOME_SIGNALING_BY_FGFR_IN_DISEASE	4.53940151964874e-113	1.19480473960566e-112	1.70513973428035	12.4701828090957	5.42728562212532e-30	1	13	25	1.23822362565426e-07	1	0	-0.194671018551907	-6.36051979772941
LTBP1	ITGB3	R-HSA-6802952	REACTOME_SIGNALING_BY_BRAF_AND_RAF1_FUSIONS	4.65307196365464e-113	1.22307530888526e-112	2.03718846603833	3.24113977349228	2.51053581104197e-14	1	15	29	7.7963177157042e-08	1	0	6.71785217640578	-5.39454496662179
PTN	SDC1	R-HSA-3781865	REACTOME_DISEASES_OF_GLYCOSYLATION	4.70251062719471e-113	1.23275211475319e-112	8.46323813593221	4.97371489672129	2.25572323219469e-21	1	13	25	2.69774693235423e-08	1	0	3.62957168854979	-1.36985696537123
PTN	SDC1	R-HSA-5668914	REACTOME_DISEASES_OF_METABOLISM	4.70251062719471e-113	1.23275211475319e-112	8.46323813593221	4.97371489672129	2.25572323219469e-21	1	13	25	2.69774693235423e-08	1	0	3.62957168854979	-1.36985696537123
UBB	FGFR2	R-HSA-2404192	REACTOME_SIGNALING_BY_TYPE_1_INSULIN_LIKE_GROWTH_FACTOR_1_RECEPTOR_IGF1R	5.42052483841387e-113	1.41907305756331e-112	1.61742059701178	12.4701828090957	7.94997178763374e-34	1	12	23	7.7963177157042e-08	1	0	-0.872149922875403	-6.36051979772941
MFGE8	ITGB3	R-HSA-6802946	REACTOME_SIGNALING_BY_MODERATE_KINASE_ACTIVITY_BRAF_MUTANTS	1.29473771513513e-112	3.38503715884727e-112	2.78019749763891	3.24113977349228	1.31318292743563e-23	1	13	24	1.11382956479553e-08	1	0	4.64057982249706	-5.39454496662179
FBN1	ITGB3	R-HSA-6802946	REACTOME_SIGNALING_BY_MODERATE_KINASE_ACTIVITY_BRAF_MUTANTS	1.63593385671966e-112	4.27136206172927e-112	6.55908628413473	3.24113977349228	1.65923984907937e-23	1	13	24	1.11382956479553e-08	1	0	3.99266837107762	-5.39454496662179
LAMB2	ITGA3	R-HSA-6806834	REACTOME_SIGNALING_BY_MET	1.78503995559692e-112	4.65444997767795e-112	11.5489876350185	1.43205767826489	3.30545474141212e-20	1	17	32	4.83718790305202e-07	1	0	7.52145571443406	4.89650700834186
WNT5A	LRP2	R-HSA-196854	REACTOME_METABOLISM_OF_VITAMINS_AND_COFACTORS	1.89747887971797e-112	4.9410350027856e-112	3.4155479880697	6.56699259643917	1.25532583011812e-21	1	14	27	9.79993845905744e-08	1	0	7.42682687423672	0.426188835973984
LAMA5	SDC1	R-HSA-3781865	REACTOME_DISEASES_OF_GLYCOSYLATION	2.38626832452613e-112	6.19731653962703e-112	5.8870821214992	4.97371489672129	1.14465682794107e-20	1	13	25	2.69774693235423e-08	1	0	-3.29459552152133	-1.36985696537123
LAMA5	SDC1	R-HSA-5668914	REACTOME_DISEASES_OF_METABOLISM	2.38626832452613e-112	6.19731653962703e-112	5.8870821214992	4.97371489672129	1.14465682794107e-20	1	13	25	2.69774693235423e-08	1	0	-3.29459552152133	-1.36985696537123
TNFSF12	TRAF2	R-HSA-5357956	REACTOME_TNFR1_INDUCED_NF_KAPPA_B_SIGNALING_PATHWAY	3.90512392246781e-112	1.01284289781934e-111	8.53252503662892	1.20566797021442	2.15400209273168e-25	1	13	25	6.47069331664483e-08	1	0	6.14962882879059	2.37330096619563
THBS1	SDC1	R-HSA-196854	REACTOME_METABOLISM_OF_VITAMINS_AND_COFACTORS	4.64349396479137e-112	1.2027511556018e-111	5.87784721611172	4.97371489672129	1.11187250236328e-16	1	15	28	4.40661102232079e-08	1	0	-1.71378563230842	-1.36985696537123
TNC	SDC1	R-HSA-196854	REACTOME_METABOLISM_OF_VITAMINS_AND_COFACTORS	1.12095714979194e-111	2.89964147489226e-111	5.19362687065032	4.97371489672129	2.68410261891482e-16	1	15	28	4.40661102232079e-08	1	0	7.1142609861648	-1.36985696537123
FGF2	SDC4	R-HSA-196854	REACTOME_METABOLISM_OF_VITAMINS_AND_COFACTORS	1.29085853580693e-111	3.33471788416789e-111	1.70513973428035	1.77570057185383	2.25371048202856e-14	1	15	29	9.79993845905744e-08	1	0	-0.194671018551907	2.92131411044688
TNFSF12	TRAF2	R-HSA-9645723	REACTOME_DISEASES_OF_PROGRAMMED_CELL_DEATH	1.3728294468679e-111	3.54179116213079e-111	8.53252503662892	1.20566797021442	2.15400209273168e-25	1	15	28	1.99560608679854e-07	1	0	6.14962882879059	2.37330096619563
S100B	APP	R-HSA-199992	REACTOME_TRANS_GOLGI_NETWORK_VESICLE_BUDDING	2.18330559359588e-111	5.62532430645483e-111	4.09101248316345	1.25658697558778	4.32933445283623e-18	1	17	31	1.64053736498943e-07	1	0	-6.36051979772941	7.47779934429022
SEMA5A	MET	R-HSA-9824439	REACTOME_BACTERIAL_INFECTION_PATHWAYS	2.64379307659543e-111	6.80280352910523e-111	13.2905452772287	3.79679238684995	1.61419777351974e-29	1	14	26	1.4757622332939e-07	1	0	-1.81425316210326	5.97546678596363
TNC	EGFR	R-HSA-1227986	REACTOME_SIGNALING_BY_ERBB2	3.42626768815438e-111	8.80460630916515e-111	5.19362687065032	2.78295784689883	2.991461174726e-16	1	15	28	4.73588344117171e-08	1	0	7.1142609861648	5.81170270821198
TCN2	LRP2	R-HSA-196854	REACTOME_METABOLISM_OF_VITAMINS_AND_COFACTORS	4.32385406034853e-111	1.10965663335883e-110	6.49166765952813	6.56699259643917	2.86055657622044e-20	1	14	27	9.79993845905744e-08	1	0	-2.41934834619518	0.426188835973984
COL4A4	ITGB3	R-HSA-6802946	REACTOME_SIGNALING_BY_MODERATE_KINASE_ACTIVITY_BRAF_MUTANTS	4.51036272447431e-111	1.15600241481605e-110	2.61912453042687	3.24113977349228	4.57461867147628e-22	1	13	24	1.11382956479553e-08	1	0	5.55251303801619	-5.39454496662179
L1CAM	FGFR2	R-HSA-74751	REACTOME_INSULIN_RECEPTOR_SIGNALLING_CASCADE	5.07332870482898e-111	1.2968862513784e-110	6.16331281736985	12.4701828090957	1.09979507447957e-39	1	13	25	9.90824508674931e-07	1	0	5.88961647399386	-6.36051979772941
L1CAM	FGFR2	R-HSA-74752	REACTOME_SIGNALING_BY_INSULIN_RECEPTOR	5.07332870482898e-111	1.2968862513784e-110	6.16331281736985	12.4701828090957	1.09979507447957e-39	1	13	25	9.90824508674931e-07	1	0	5.88961647399386	-6.36051979772941
S100B	APP	R-HSA-168643	REACTOME_NUCLEOTIDE_BINDING_DOMAIN_LEUCINE_RICH_REPEAT_CONTAINING_RECEPTOR_NLR_SIGNALING_PATHWAYS	5.21796058473561e-111	1.33211464339721e-110	4.09101248316345	1.25658697558778	4.32933445283623e-18	1	17	32	4.40437585929939e-07	1	0	-6.36051979772941	7.47779934429022
SEMA5A	MET	R-HSA-8986944	REACTOME_TRANSCRIPTIONAL_REGULATION_BY_MECP2	5.49356427106768e-111	1.40064373647457e-110	13.2905452772287	3.79679238684995	1.61419777351974e-29	1	15	28	4.34265586692289e-07	1	0	-1.81425316210326	5.97546678596363
HSPG2	SDC1	R-HSA-196854	REACTOME_METABOLISM_OF_VITAMINS_AND_COFACTORS	6.47780124057944e-111	1.64943231067166e-110	3.09676104986744	4.97371489672129	1.55109258885375e-15	1	15	28	4.40661102232079e-08	1	0	2.05397683291469	-1.36985696537123
DSC2	DSG2	R-HSA-111465	REACTOME_APOPTOTIC_CLEAVAGE_OF_CELLULAR_PROTEINS	6.86834622041002e-111	1.74659898026833e-110	1.90651690301031	4.55221683217381	1.97152954387669e-22	1	14	27	1.44538165275806e-07	1	0	5.74548548277419	6.43121904631802
COL18A1	ITGB3	R-HSA-6802946	REACTOME_SIGNALING_BY_MODERATE_KINASE_ACTIVITY_BRAF_MUTANTS	7.84620615601018e-111	1.99267108227411e-110	3.25983197505071	3.24113977349228	7.9579855045294e-22	1	13	24	1.11382956479553e-08	1	0	6.43761926723443	-5.39454496662179
LAMA1	SDC4	R-HSA-3781865	REACTOME_DISEASES_OF_GLYCOSYLATION	1.97649239772538e-110	5.00660136544443e-110	19.4121541047617	1.77570057185383	4.74046768305835e-19	1	14	26	2.69774693235423e-08	1	0	5.04833152876336	2.92131411044688
LAMA1	SDC4	R-HSA-5668914	REACTOME_DISEASES_OF_METABOLISM	1.97649239772538e-110	5.00660136544443e-110	19.4121541047617	1.77570057185383	4.74046768305835e-19	1	14	26	2.69774693235423e-08	1	0	5.04833152876336	2.92131411044688
TNFSF9	TRAF2	R-HSA-9020702	REACTOME_INTERLEUKIN_1_SIGNALING	3.17678567847795e-110	8.03660936537233e-110	2.56841166294607	1.20566797021442	3.85886181446648e-17	1	29	53	4.76867737065877e-05	1	0	-4.99093337728425	2.37330096619563
COL4A3	ITGA3	R-HSA-6806834	REACTOME_SIGNALING_BY_MET	7.31139190717565e-110	1.84723782596559e-109	8.62407894562393	1.43205767826489	1.35388986504867e-17	1	17	32	4.83718790305202e-07	1	0	0.82100178352364	4.89650700834186
FBLN2	ITGB3	R-HSA-5674135	REACTOME_MAP2K_AND_MAPK_ACTIVATION	8.91629200855226e-110	2.24980856494865e-109	17.5000998547113	3.24113977349228	3.3590588362703e-35	1	12	22	4.88295682650581e-08	1	0	6.82089839498334	-5.39454496662179
NID1	ITGB3	R-HSA-6802946	REACTOME_SIGNALING_BY_MODERATE_KINASE_ACTIVITY_BRAF_MUTANTS	1.30716176255944e-109	3.29404764164979e-109	1.52477175080913	3.24113977349228	1.32578397147454e-20	1	13	24	1.11382956479553e-08	1	0	5.58579957949785	-5.39454496662179
FGF2	SDC1	R-HSA-196854	REACTOME_METABOLISM_OF_VITAMINS_AND_COFACTORS	1.63791769633177e-109	4.12223358368033e-109	1.70513973428035	4.97371489672129	3.9219511460425e-14	1	15	28	4.40661102232079e-08	1	0	-0.194671018551907	-1.36985696537123
UBB	LRP2	R-HSA-196854	REACTOME_METABOLISM_OF_VITAMINS_AND_COFACTORS	1.77658804930457e-109	4.46547806987365e-109	1.61742059701178	6.56699259643917	1.17534739996825e-18	1	14	27	9.79993845905744e-08	1	0	-0.872149922875403	0.426188835973984
FGF2	FGFR2	R-HSA-2404192	REACTOME_SIGNALING_BY_TYPE_1_INSULIN_LIKE_GROWTH_FACTOR_1_RECEPTOR_IGF1R	3.70048313450092e-109	9.2892590767099e-109	1.70513973428035	12.4701828090957	5.42728562212532e-30	1	12	23	7.7963177157042e-08	1	0	-0.194671018551907	-6.36051979772941
SERPINE1	LRP2	R-HSA-196854	REACTOME_METABOLISM_OF_VITAMINS_AND_COFACTORS	4.09352019742596e-109	1.02627021124171e-108	5.69192410073737	6.56699259643917	2.70817330030193e-18	1	14	27	9.79993845905744e-08	1	0	3.64761785685778	0.426188835973984
THBS1	ITGB3	R-HSA-6802946	REACTOME_SIGNALING_BY_MODERATE_KINASE_ACTIVITY_BRAF_MUTANTS	2.25165610432817e-108	5.63780047660631e-108	5.87784721611172	3.24113977349228	2.28373385597358e-19	1	13	24	1.11382956479553e-08	1	0	-1.71378563230842	-5.39454496662179
THBS1	SDC1	R-HSA-3781865	REACTOME_DISEASES_OF_GLYCOSYLATION	2.31792277697196e-108	5.78887875118445e-108	5.87784721611172	4.97371489672129	1.11187250236328e-16	1	13	25	2.69774693235423e-08	1	0	-1.71378563230842	-1.36985696537123
THBS1	SDC1	R-HSA-5668914	REACTOME_DISEASES_OF_METABOLISM	2.31792277697196e-108	5.78887875118445e-108	5.87784721611172	4.97371489672129	1.11187250236328e-16	1	13	25	2.69774693235423e-08	1	0	-1.71378563230842	-1.36985696537123
THBS1	SDC4	R-HSA-3781865	REACTOME_DISEASES_OF_GLYCOSYLATION	2.66394278439889e-108	6.63607175756509e-108	5.87784721611172	1.77570057185383	6.38926549552763e-17	1	14	26	2.69774693235423e-08	1	0	-1.71378563230842	2.92131411044688
THBS1	SDC4	R-HSA-5668914	REACTOME_DISEASES_OF_METABOLISM	2.66394278439889e-108	6.63607175756509e-108	5.87784721611172	1.77570057185383	6.38926549552763e-17	1	14	26	2.69774693235423e-08	1	0	-1.71378563230842	2.92131411044688
NCAM1	FGFR2	R-HSA-74751	REACTOME_INSULIN_RECEPTOR_SIGNALLING_CASCADE	4.86890941848167e-108	1.20979390512655e-107	4.82764517624997	12.4701828090957	1.05548110680004e-36	1	13	25	9.90824508674931e-07	1	0	1.39367405563148	-6.36051979772941
NCAM1	FGFR2	R-HSA-74752	REACTOME_SIGNALING_BY_INSULIN_RECEPTOR	4.86890941848167e-108	1.20979390512655e-107	4.82764517624997	12.4701828090957	1.05548110680004e-36	1	13	25	9.90824508674931e-07	1	0	1.39367405563148	-6.36051979772941
TNC	ITGB3	R-HSA-6802946	REACTOME_SIGNALING_BY_MODERATE_KINASE_ACTIVITY_BRAF_MUTANTS	5.43558369658123e-108	1.34888118925326e-107	5.19362687065032	3.24113977349228	5.51302061225035e-19	1	13	24	1.11382956479553e-08	1	0	7.1142609861648	-5.39454496662179
TNC	SDC1	R-HSA-3781865	REACTOME_DISEASES_OF_GLYCOSYLATION	5.59555397124123e-108	1.3850591769118e-107	5.19362687065032	4.97371489672129	2.68410261891482e-16	1	13	25	2.69774693235423e-08	1	0	7.1142609861648	-1.36985696537123
TNC	SDC1	R-HSA-5668914	REACTOME_DISEASES_OF_METABOLISM	5.59555397124123e-108	1.3850591769118e-107	5.19362687065032	4.97371489672129	2.68410261891482e-16	1	13	25	2.69774693235423e-08	1	0	7.1142609861648	-1.36985696537123
RND1	MET	R-HSA-9824439	REACTOME_BACTERIAL_INFECTION_PATHWAYS	5.86785541210556e-108	1.45062298985344e-107	7.22325820936774	3.79679238684995	3.5826855079574e-26	1	14	26	1.4757622332939e-07	1	0	4.94217931808006	5.97546678596363
TNC	SDC4	R-HSA-3781865	REACTOME_DISEASES_OF_GLYCOSYLATION	6.43085946369427e-108	1.58579148138825e-107	5.19362687065032	1.77570057185383	1.54239305433283e-16	1	14	26	2.69774693235423e-08	1	0	7.1142609861648	2.92131411044688
TNC	SDC4	R-HSA-5668914	REACTOME_DISEASES_OF_METABOLISM	6.43085946369427e-108	1.58579148138825e-107	5.19362687065032	1.77570057185383	1.54239305433283e-16	1	14	26	2.69774693235423e-08	1	0	7.1142609861648	2.92131411044688
LAMA5	ITGA3	R-HSA-6806834	REACTOME_SIGNALING_BY_MET	7.32650824151586e-108	1.80437208016147e-107	5.8870821214992	1.43205767826489	1.35668903819104e-15	1	17	32	4.83718790305202e-07	1	0	-3.29459552152133	4.89650700834186
CDH1	EGFR	R-HSA-1236394	REACTOME_SIGNALING_BY_ERBB4	9.73245545110648e-108	2.39388986095856e-107	14.3361338797864	2.78295784689883	2.13296038644674e-35	1	12	22	7.7963177157042e-08	1	0	-3.29081622051826	5.81170270821198
RND1	MET	R-HSA-8986944	REACTOME_TRANSCRIPTIONAL_REGULATION_BY_MECP2	1.21928758816654e-107	2.99530649017515e-107	7.22325820936774	3.79679238684995	3.5826855079574e-26	1	15	28	4.34265586692289e-07	1	0	4.94217931808006	5.97546678596363
CDH1	ERBB3	R-HSA-1236394	REACTOME_SIGNALING_BY_ERBB4	1.85011543851634e-107	4.53929076811862e-107	14.3361338797864	9.09909784607182	1.718754504566e-41	1	11	21	3.15207440921478e-07	1	0	-3.29081622051826	4.9842892437399
HSPG2	SDC1	R-HSA-3781865	REACTOME_DISEASES_OF_GLYCOSYLATION	3.23356574899973e-107	7.91372670149933e-107	3.09676104986744	4.97371489672129	1.55109258885375e-15	1	13	25	2.69774693235423e-08	1	0	2.05397683291469	-1.36985696537123
HSPG2	SDC1	R-HSA-5668914	REACTOME_DISEASES_OF_METABOLISM	3.23356574899973e-107	7.91372670149933e-107	3.09676104986744	4.97371489672129	1.55109258885375e-15	1	13	25	2.69774693235423e-08	1	0	2.05397683291469	-1.36985696537123
HSPG2	LRP2	R-HSA-196854	REACTOME_METABOLISM_OF_VITAMINS_AND_COFACTORS	4.79666479743244e-107	1.17245135787053e-106	3.09676104986744	6.56699259643917	3.17335664865489e-16	1	14	27	9.79993845905744e-08	1	0	2.05397683291469	0.426188835973984
COL18A1	ITGA3	R-HSA-6806834	REACTOME_SIGNALING_BY_MET	2.47990122191978e-106	6.05405885801165e-106	3.25983197505071	1.43205767826489	4.59216681762581e-14	1	17	32	4.83718790305202e-07	1	0	6.43761926723443	4.89650700834186
LAMA1	ITGA3	R-HSA-6806834	REACTOME_SIGNALING_BY_MET	5.28015880459928e-106	1.28740950628994e-105	19.4121541047617	1.43205767826489	9.77755478321223e-14	1	17	32	4.83718790305202e-07	1	0	5.04833152876336	4.89650700834186
NECTIN1	NECTIN3	R-HSA-446728	REACTOME_CELL_JUNCTION_ORGANIZATION	5.79468161161706e-106	1.41109890118306e-105	1.57350319781243	2.50884161504498	3.88594087701105e-20	1	13	24	2.05017915151825e-08	1	0	5.05239759800668	6.35765636147318
FGF2	SDC1	R-HSA-3781865	REACTOME_DISEASES_OF_GLYCOSYLATION	8.17609921304899e-106	1.98605992078168e-105	1.70513973428035	4.97371489672129	3.9219511460425e-14	1	13	25	2.69774693235423e-08	1	0	-0.194671018551907	-1.36985696537123
FGF2	SDC1	R-HSA-5668914	REACTOME_DISEASES_OF_METABOLISM	8.17609921304899e-106	1.98605992078168e-105	1.70513973428035	4.97371489672129	3.9219511460425e-14	1	13	25	2.69774693235423e-08	1	0	-0.194671018551907	-1.36985696537123
FGF2	SDC4	R-HSA-3781865	REACTOME_DISEASES_OF_GLYCOSYLATION	9.39662905059532e-106	2.27687550072117e-105	1.70513973428035	1.77570057185383	2.25371048202856e-14	1	14	26	2.69774693235423e-08	1	0	-0.194671018551907	2.92131411044688
FGF2	SDC4	R-HSA-5668914	REACTOME_DISEASES_OF_METABOLISM	9.39662905059532e-106	2.27687550072117e-105	1.70513973428035	1.77570057185383	2.25371048202856e-14	1	14	26	2.69774693235423e-08	1	0	-0.194671018551907	2.92131411044688
L1CAM	FGFR2	R-HSA-112399	REACTOME_IRS_MEDIATED_SIGNALLING	1.68579710748524e-105	4.07975433818918e-105	6.16331281736985	12.4701828090957	1.09979507447957e-39	1	11	20	7.7963177157042e-08	1	0	5.88961647399386	-6.36051979772941
EFNA5	EPHB2	R-HSA-3928664	REACTOME_EPHRIN_SIGNALING	2.69476830064333e-105	6.51346842964903e-105	8.38426854170645	3.57284179935369	1.15966631841067e-29	1	8	15	1.17410012503749e-10	1	0	-1.86748876519081	5.4121494486884
UBB	FGFR2	R-HSA-74751	REACTOME_INSULIN_RECEPTOR_SIGNALLING_CASCADE	3.6673032102702e-105	8.84227551809593e-105	1.61742059701178	12.4701828090957	7.94997178763374e-34	1	13	25	9.90824508674931e-07	1	0	-0.872149922875403	-6.36051979772941
UBB	FGFR2	R-HSA-74752	REACTOME_SIGNALING_BY_INSULIN_RECEPTOR	3.6673032102702e-105	8.84227551809593e-105	1.61742059701178	12.4701828090957	7.94997178763374e-34	1	13	25	9.90824508674931e-07	1	0	-0.872149922875403	-6.36051979772941
NID1	ITGA3	R-HSA-6806834	REACTOME_SIGNALING_BY_MET	4.13146428702346e-105	9.94913656295538e-105	1.52477175080913	1.43205767826489	7.65045520336815e-13	1	17	32	4.83718790305202e-07	1	0	5.58579957949785	4.89650700834186
SLIT2	GPC1	R-HSA-1638091	REACTOME_HEPARAN_SULFATE_HEPARIN_HS_GAG_METABOLISM	5.30197140872844e-105	1.27521553709934e-104	6.20283557424795	4.90779964490746	7.33880397676584e-27	1	10	19	4.89017449635191e-09	1	0	4.67965566152487	0.670420105488671
S100B	APP	R-HSA-9020702	REACTOME_INTERLEUKIN_1_SIGNALING	8.45021485201087e-105	2.02992246075981e-104	4.09101248316345	1.25658697558778	4.32933445283623e-18	1	28	52	8.80028543057572e-05	1	0	-6.36051979772941	7.47779934429022
COL4A2	ITGB3	R-HSA-6802946	REACTOME_SIGNALING_BY_MODERATE_KINASE_ACTIVITY_BRAF_MUTANTS	1.40939828561106e-104	3.38151701695134e-104	1.3466555524192	3.24113977349228	1.42947698594562e-15	1	13	24	1.11382956479553e-08	1	0	7.20313784037645	-5.39454496662179
TNFSF9	TRAF2	R-HSA-5357956	REACTOME_TNFR1_INDUCED_NF_KAPPA_B_SIGNALING_PATHWAY	6.99596979781009e-104	1.67645754786787e-103	2.56841166294607	1.20566797021442	3.85886181446648e-17	1	13	25	6.47069331664483e-08	1	0	-4.99093337728425	2.37330096619563
THBS1	ITGA3	R-HSA-6806834	REACTOME_SIGNALING_BY_MET	7.11666837888183e-104	1.70329085097503e-103	5.87784721611172	1.43205767826489	1.31783185929674e-11	1	17	32	4.83718790305202e-07	1	0	-1.71378563230842	4.89650700834186
DCN	MET	R-HSA-9824439	REACTOME_BACTERIAL_INFECTION_PATHWAYS	8.12037710380933e-104	1.94113788050669e-103	17.3257647468552	3.79679238684995	4.95798811077511e-22	1	14	26	1.4757622332939e-07	1	0	-2.63243594134095	5.97546678596363
DCN	MET	R-HSA-8986944	REACTOME_TRANSCRIPTIONAL_REGULATION_BY_MECP2	1.68734133998602e-103	4.02857901832849e-103	17.3257647468552	3.79679238684995	4.95798811077511e-22	1	15	28	4.34265586692289e-07	1	0	-2.63243594134095	5.97546678596363
FN1	ITGB3	R-HSA-6802946	REACTOME_SIGNALING_BY_MODERATE_KINASE_ACTIVITY_BRAF_MUTANTS	1.85235243990269e-103	4.41714812592181e-103	3.91871645826014	3.24113977349228	1.87874159471756e-14	1	13	24	1.11382956479553e-08	1	0	7.84296292746818	-5.39454496662179
TNFSF9	TRAF2	R-HSA-9645723	REACTOME_DISEASES_OF_PROGRAMMED_CELL_DEATH	2.45940296352051e-103	5.85757803384824e-103	2.56841166294607	1.20566797021442	3.85886181446648e-17	1	15	28	1.99560608679854e-07	1	0	-4.99093337728425	2.37330096619563
LTBP1	ITGB3	R-HSA-6802946	REACTOME_SIGNALING_BY_MODERATE_KINASE_ACTIVITY_BRAF_MUTANTS	2.4752723568383e-103	5.88819356017686e-103	2.03718846603833	3.24113977349228	2.51053581104197e-14	1	13	24	1.11382956479553e-08	1	0	6.71785217640578	-5.39454496662179
COL1A2	ITGB3	R-HSA-5674135	REACTOME_MAP2K_AND_MAPK_ACTIVATION	2.49597880502946e-103	5.93022701486926e-103	15.6937572852742	3.24113977349228	9.40316855048686e-29	1	12	22	4.88295682650581e-08	1	0	5.77125570056243	-5.39454496662179
SEMA4D	MET	R-HSA-9824439	REACTOME_BACTERIAL_INFECTION_PATHWAYS	5.30028317225686e-103	1.25777072119291e-102	1.60620941757158	3.79679238684995	3.2361478556782e-21	1	14	26	1.4757622332939e-07	1	0	-0.545072800988612	5.97546678596363
UBB	MET	R-HSA-9824439	REACTOME_BACTERIAL_INFECTION_PATHWAYS	5.35019562908081e-103	1.26807427956248e-102	1.61742059701178	3.79679238684995	3.26662247087761e-21	1	14	26	1.4757622332939e-07	1	0	-0.872149922875403	5.97546678596363
SLIT2	SDC1	R-HSA-1638091	REACTOME_HEPARAN_SULFATE_HEPARIN_HS_GAG_METABOLISM	7.15948854088069e-103	1.69484619640485e-102	6.20283557424795	4.97371489672129	4.11393068888082e-22	1	9	18	2.8837443638528e-09	1	0	4.67965566152487	-1.36985696537123
SEMA4D	MET	R-HSA-8986944	REACTOME_TRANSCRIPTIONAL_REGULATION_BY_MECP2	1.10135118059799e-102	2.60404219819354e-102	1.60620941757158	3.79679238684995	3.2361478556782e-21	1	15	28	4.34265586692289e-07	1	0	-0.545072800988612	5.97546678596363
UBB	MET	R-HSA-8986944	REACTOME_TRANSCRIPTIONAL_REGULATION_BY_MECP2	1.11172254029011e-102	2.62538587809745e-102	1.61742059701178	3.79679238684995	3.26662247087761e-21	1	15	28	4.34265586692289e-07	1	0	-0.872149922875403	5.97546678596363
NCAM1	FGFR2	R-HSA-112399	REACTOME_IRS_MEDIATED_SIGNALLING	1.6178713999886e-102	3.81606623692964e-102	4.82764517624997	12.4701828090957	1.05548110680004e-36	1	11	20	7.7963177157042e-08	1	0	1.39367405563148	-6.36051979772941
CDH1	IGF1R	R-HSA-2404192	REACTOME_SIGNALING_BY_TYPE_1_INSULIN_LIKE_GROWTH_FACTOR_1_RECEPTOR_IGF1R	2.66841604104094e-102	6.28638905687933e-102	14.3361338797864	5.13835209283825	2.61653281059424e-38	1	12	23	1.4337089438402e-06	1	0	-3.29081622051826	-2.47806345242735
LAMC1	ITGA3	R-HSA-6806834	REACTOME_SIGNALING_BY_MET	3.65068764380413e-102	8.5901120100596e-102	1.71511038573227	1.43205767826489	6.76017516795119e-10	1	17	32	4.83718790305202e-07	1	0	-2.06597306819101	4.89650700834186
PTN	SDC1	R-HSA-1638091	REACTOME_HEPARAN_SULFATE_HEPARIN_HS_GAG_METABOLISM	3.92564334541323e-102	9.22597046160294e-102	8.46323813593221	4.97371489672129	2.25572323219469e-21	1	9	18	2.8837443638528e-09	1	0	3.62957168854979	-1.36985696537123
COL18A1	GPC1	R-HSA-1638091	REACTOME_HEPARAN_SULFATE_HEPARIN_HS_GAG_METABOLISM	4.99336202728132e-102	1.17211971625967e-101	3.25983197505071	4.90779964490746	6.91163763028142e-24	1	10	19	4.89017449635191e-09	1	0	6.43761926723443	0.670420105488671
CDH1	EGFR	R-HSA-1643713	REACTOME_SIGNALING_BY_EGFR_IN_CANCER	7.74346425910551e-102	1.81548447755499e-101	14.3361338797864	2.78295784689883	2.13296038644674e-35	1	9	18	7.7963177157042e-08	1	0	-3.29081622051826	5.81170270821198
CDH1	EGFR	R-HSA-182971	REACTOME_EGFR_DOWNREGULATION	1.01022183525257e-101	2.36566336240799e-101	14.3361338797864	2.78295784689883	2.13296038644674e-35	1	9	18	8.00640721158698e-08	1	0	-3.29081622051826	5.81170270821198
LAMA1	GPC1	R-HSA-1638091	REACTOME_HEPARAN_SULFATE_HEPARIN_HS_GAG_METABOLISM	1.06317720398922e-101	2.48668871783347e-101	19.4121541047617	4.90779964490746	1.47161281929925e-23	1	10	19	4.89017449635191e-09	1	0	5.04833152876336	0.670420105488671
L1CAM	EPHB2	R-HSA-3928664	REACTOME_EPHRIN_SIGNALING	1.91550426055622e-101	4.47485624505539e-101	6.16331281736985	3.57284179935369	8.24317910081129e-26	1	8	15	1.17410012503749e-10	1	0	5.88961647399386	5.4121494486884
LAMA5	SDC1	R-HSA-1638091	REACTOME_HEPARAN_SULFATE_HEPARIN_HS_GAG_METABOLISM	1.99205044096511e-101	4.64811769558527e-101	5.8870821214992	4.97371489672129	1.14465682794107e-20	1	9	18	2.8837443638528e-09	1	0	-3.29459552152133	-1.36985696537123
FGF2	FGFR3	R-HSA-1226099	REACTOME_SIGNALING_BY_FGFR_IN_DISEASE	2.16405471734866e-101	5.04343539735315e-101	1.70513973428035	4.85646853460732	2.587332934115e-18	1	13	25	1.23822362565426e-07	1	0	-0.194671018551907	4.42416595366005
FGF2	FGFR2	R-HSA-74751	REACTOME_INSULIN_RECEPTOR_SIGNALLING_CASCADE	2.50359403992271e-101	5.8208561428203e-101	1.70513973428035	12.4701828090957	5.42728562212532e-30	1	13	25	9.90824508674931e-07	1	0	-0.194671018551907	-6.36051979772941
FGF2	FGFR2	R-HSA-74752	REACTOME_SIGNALING_BY_INSULIN_RECEPTOR	2.50359403992271e-101	5.8208561428203e-101	1.70513973428035	12.4701828090957	5.42728562212532e-30	1	13	25	9.90824508674931e-07	1	0	-0.194671018551907	-6.36051979772941
L1CAM	ITGB3	R-HSA-5674135	REACTOME_MAP2K_AND_MAPK_ACTIVATION	4.33299756313795e-101	1.00622404765855e-100	6.16331281736985	3.24113977349228	1.63238190696712e-26	1	12	22	4.88295682650581e-08	1	0	5.88961647399386	-5.39454496662179
CDH1	ERBB3	R-HSA-1227990	REACTOME_SIGNALING_BY_ERBB2_IN_CANCER	4.44635696525454e-101	1.03132246474372e-100	14.3361338797864	9.09909784607182	1.718754504566e-41	1	9	17	7.7963177157042e-08	1	0	-3.29081622051826	4.9842892437399
COMP	ITGB3	R-HSA-5674135	REACTOME_MAP2K_AND_MAPK_ACTIVATION	5.1289724390299e-101	1.18824236932686e-100	8.99453854548071	3.24113977349228	1.93225167769126e-26	1	12	22	4.88295682650581e-08	1	0	4.26810252217773	-5.39454496662179
EFNA5	EPHB2	R-HSA-3928665	REACTOME_EPH_EPHRIN_MEDIATED_REPULSION_OF_CELLS	7.93116573135713e-101	1.83525671485077e-100	8.38426854170645	3.57284179935369	1.15966631841067e-29	1	7	14	4.67391767247097e-10	1	0	-1.86748876519081	5.4121494486884
NECTIN1	NECTIN3	R-HSA-418990	REACTOME_ADHERENS_JUNCTIONS_INTERACTIONS	1.04385909209025e-100	2.4097598189743e-100	1.57350319781243	2.50884161504498	3.88594087701105e-20	1	11	20	2.60768250803977e-09	1	0	5.05239759800668	6.35765636147318
NECTIN1	NECTIN3	R-HSA-421270	REACTOME_CELL_CELL_JUNCTION_ORGANIZATION	1.04385909209025e-100	2.4097598189743e-100	1.57350319781243	2.50884161504498	3.88594087701105e-20	1	11	20	2.60768250803977e-09	1	0	5.05239759800668	6.35765636147318
TNFSF12	TRAF2	R-HSA-5218859	REACTOME_REGULATED_NECROSIS	1.09433079520902e-100	2.52329166829187e-100	8.53252503662892	1.20566797021442	2.15400209273168e-25	1	18	34	1.0468375429994e-05	1	0	6.14962882879059	2.37330096619563
COL4A3	ITGB3	R-HSA-5674135	REACTOME_MAP2K_AND_MAPK_ACTIVATION	6.2278120456337e-100	1.43430624117012e-99	8.62407894562393	3.24113977349228	2.34622049866144e-25	1	12	22	4.88295682650581e-08	1	0	0.82100178352364	-5.39454496662179
SLIT2	SDC1	R-HSA-3000171	REACTOME_NON_INTEGRIN_MEMBRANE_ECM_INTERACTIONS	1.02498675990008e-99	2.35783173390443e-99	6.20283557424795	4.97371489672129	4.11393068888082e-22	1	8	15	6.66022311971329e-11	1	0	4.67965566152487	-1.36985696537123
UBB	FGFR2	R-HSA-112399	REACTOME_IRS_MEDIATED_SIGNALLING	1.21859424134302e-99	2.79989947452108e-99	1.61742059701178	12.4701828090957	7.94997178763374e-34	1	11	20	7.7963177157042e-08	1	0	-0.872149922875403	-6.36051979772941
WNT2	FZD3	R-HSA-4086398	REACTOME_CA2_PATHWAY	1.82250238955652e-99	4.18254661199046e-99	15.1935294071625	1.59995097004923	2.42865184716672e-20	1	10	19	3.89918129439585e-09	1	0	-3.57793043501172	4.7931863954282
FBLN2	ITGB3	R-HSA-354192	REACTOME_INTEGRIN_SIGNALING	2.69679609195694e-99	6.17449327970915e-99	17.5000998547113	3.24113977349228	3.3590588362703e-35	1	7	14	3.57589206513711e-09	1	0	6.82089839498334	-5.39454496662179
FBLN2	ITGB3	R-HSA-76009	REACTOME_PLATELET_AGGREGATION_PLUG_FORMATION	2.69679609195694e-99	6.17449327970915e-99	17.5000998547113	3.24113977349228	3.3590588362703e-35	1	7	14	3.57589206513711e-09	1	0	6.82089839498334	-5.39454496662179
CDH1	EGFR	R-HSA-881907	REACTOME_GASTRIN_CREB_SIGNALLING_PATHWAY_VIA_PKC_AND_MAPK	4.39030348627842e-99	1.00401202678007e-98	14.3361338797864	2.78295784689883	2.13296038644674e-35	1	6	12	3.07486930655317e-10	1	0	-3.29081622051826	5.81170270821198
PTN	SDC1	R-HSA-3000171	REACTOME_NON_INTEGRIN_MEMBRANE_ECM_INTERACTIONS	5.62013952555817e-99	1.28375818636434e-98	8.46323813593221	4.97371489672129	2.25572323219469e-21	1	8	15	6.66022311971329e-11	1	0	3.62957168854979	-1.36985696537123
FN1	ITGA3	R-HSA-6806834	REACTOME_SIGNALING_BY_MET	5.85461430378304e-99	1.33575487561779e-98	3.91871645826014	1.43205767826489	1.0841305007712e-06	1	17	32	4.83718790305202e-07	1	0	7.84296292746818	4.89650700834186
WNT5A	FZD3	R-HSA-4086398	REACTOME_CA2_PATHWAY	7.25454328920381e-99	1.65322322564936e-98	3.4155479880697	1.59995097004923	9.66734532730192e-20	1	10	19	3.89918129439585e-09	1	0	7.42682687423672	4.7931863954282
LAMA5	SDC1	R-HSA-3000171	REACTOME_NON_INTEGRIN_MEMBRANE_ECM_INTERACTIONS	2.85191507100478e-98	6.491596892392e-98	5.8870821214992	4.97371489672129	1.14465682794107e-20	1	8	15	6.66022311971329e-11	1	0	-3.29459552152133	-1.36985696537123
MFGE8	ITGB3	R-HSA-5674135	REACTOME_MAP2K_AND_MAPK_ACTIVATION	3.48571519951767e-98	7.9250311812084e-98	2.78019749763891	3.24113977349228	1.31318292743563e-23	1	12	22	4.88295682650581e-08	1	0	4.64057982249706	-5.39454496662179
FBN1	ITGB3	R-HSA-5674135	REACTOME_MAP2K_AND_MAPK_ACTIVATION	4.40428933452219e-98	1.00018338026998e-97	6.55908628413473	3.24113977349228	1.65923984907937e-23	1	12	22	4.88295682650581e-08	1	0	3.99266837107762	-5.39454496662179
FGF2	FGFR3	R-HSA-2404192	REACTOME_SIGNALING_BY_TYPE_1_INSULIN_LIKE_GROWTH_FACTOR_1_RECEPTOR_IGF1R	1.76411977416476e-97	4.00153997554445e-97	1.70513973428035	4.85646853460732	2.587332934115e-18	1	12	23	7.7963177157042e-08	1	0	-0.194671018551907	4.42416595366005
THBS1	SDC1	R-HSA-1638091	REACTOME_HEPARAN_SULFATE_HEPARIN_HS_GAG_METABOLISM	1.93499575992026e-97	4.38404491777758e-97	5.87784721611172	4.97371489672129	1.11187250236328e-16	1	9	18	2.8837443638528e-09	1	0	-1.71378563230842	-1.36985696537123
LAMA1	SDC4	R-HSA-1638091	REACTOME_HEPARAN_SULFATE_HEPARIN_HS_GAG_METABOLISM	3.42478477407879e-97	7.75041096613659e-97	19.4121541047617	1.77570057185383	4.74046768305835e-19	1	10	19	4.89017449635191e-09	1	0	5.04833152876336	2.92131411044688
FGF2	FGFR3	R-HSA-5654741	REACTOME_SIGNALING_BY_FGFR3	3.5282392944162e-97	7.97529090508662e-97	1.70513973428035	4.85646853460732	2.587332934115e-18	1	13	24	7.7963177157042e-08	1	0	-0.194671018551907	4.42416595366005
TNC	SDC1	R-HSA-1638091	REACTOME_HEPARAN_SULFATE_HEPARIN_HS_GAG_METABOLISM	4.67115355020636e-97	1.05465466861885e-96	5.19362687065032	4.97371489672129	2.68410261891482e-16	1	9	18	2.8837443638528e-09	1	0	7.1142609861648	-1.36985696537123
L1CAM	EPHB2	R-HSA-3928665	REACTOME_EPH_EPHRIN_MEDIATED_REPULSION_OF_CELLS	5.63765788174265e-97	1.27140252229139e-96	6.16331281736985	3.57284179935369	8.24317910081129e-26	1	7	14	4.67391767247097e-10	1	0	5.88961647399386	5.4121494486884
APP	GPC1	R-HSA-1638091	REACTOME_HEPARAN_SULFATE_HEPARIN_HS_GAG_METABOLISM	1.11786638622286e-96	2.51810040633593e-96	1.25658697558778	4.90779964490746	1.54731167867099e-18	1	10	19	4.89017449635191e-09	1	0	7.47779934429022	0.670420105488671
COL4A4	ITGB3	R-HSA-5674135	REACTOME_MAP2K_AND_MAPK_ACTIVATION	1.2142876290892e-96	2.7321471654507e-96	2.61912453042687	3.24113977349228	4.57461867147628e-22	1	12	22	4.88295682650581e-08	1	0	5.55251303801619	-5.39454496662179
COL18A1	ITGB3	R-HSA-5674135	REACTOME_MAP2K_AND_MAPK_ACTIVATION	2.1123691491214e-96	4.74736127529815e-96	3.25983197505071	3.24113977349228	7.9579855045294e-22	1	12	22	4.88295682650581e-08	1	0	6.43761926723443	-5.39454496662179
HSPG2	SDC1	R-HSA-1638091	REACTOME_HEPARAN_SULFATE_HEPARIN_HS_GAG_METABOLISM	2.69937207395307e-96	6.05962489704637e-96	3.09676104986744	4.97371489672129	1.55109258885375e-15	1	9	18	2.8837443638528e-09	1	0	2.05397683291469	-1.36985696537123
L1CAM	EGFR	R-HSA-1236394	REACTOME_SIGNALING_BY_ERBB4	4.04161705558254e-96	9.06231700293077e-96	6.16331281736985	2.78295784689883	8.85758904323062e-24	1	12	22	7.7963177157042e-08	1	0	5.88961647399386	5.81170270821198
L1CAM	ERBB3	R-HSA-1236394	REACTOME_SIGNALING_BY_ERBB4	7.68301293406292e-96	1.72074819497992e-95	6.16331281736985	9.09909784607182	7.13750764636023e-30	1	11	21	3.15207440921478e-07	1	0	5.88961647399386	4.9842892437399
FGF2	FGFR2	R-HSA-112399	REACTOME_IRS_MEDIATED_SIGNALLING	8.3190974533184e-96	1.86107644058772e-95	1.70513973428035	12.4701828090957	5.42728562212532e-30	1	11	20	7.7963177157042e-08	1	0	-0.194671018551907	-6.36051979772941
NID1	ITGB3	R-HSA-5674135	REACTOME_MAP2K_AND_MAPK_ACTIVATION	3.51916343419888e-95	7.8637599393483e-95	1.52477175080913	3.24113977349228	1.32578397147454e-20	1	12	22	4.88295682650581e-08	1	0	5.58579957949785	-5.39454496662179
THBS1	SDC4	R-HSA-1638091	REACTOME_HEPARAN_SULFATE_HEPARIN_HS_GAG_METABOLISM	4.61597054333524e-95	1.03028462527243e-94	5.87784721611172	1.77570057185383	6.38926549552763e-17	1	10	19	4.89017449635191e-09	1	0	-1.71378563230842	2.92131411044688
CDH1	EGFR	R-HSA-1227990	REACTOME_SIGNALING_BY_ERBB2_IN_CANCER	5.51789289610283e-95	1.23018776553526e-94	14.3361338797864	2.78295784689883	2.13296038644674e-35	1	9	17	7.7963177157042e-08	1	0	-3.29081622051826	5.81170270821198
FGF2	SDC1	R-HSA-1638091	REACTOME_HEPARAN_SULFATE_HEPARIN_HS_GAG_METABOLISM	6.82538584421898e-95	1.5199519445564e-94	1.70513973428035	4.97371489672129	3.9219511460425e-14	1	9	18	2.8837443638528e-09	1	0	-0.194671018551907	-1.36985696537123
TNC	SDC4	R-HSA-1638091	REACTOME_HEPARAN_SULFATE_HEPARIN_HS_GAG_METABOLISM	1.11431289089941e-94	2.47864815025802e-94	5.19362687065032	1.77570057185383	1.54239305433283e-16	1	10	19	4.89017449635191e-09	1	0	7.1142609861648	2.92131411044688
THBS1	SDC1	R-HSA-3000171	REACTOME_NON_INTEGRIN_MEMBRANE_ECM_INTERACTIONS	2.77023284981346e-94	6.1550224751828e-94	5.87784721611172	4.97371489672129	1.11187250236328e-16	1	8	15	6.66022311971329e-11	1	0	-1.71378563230842	-1.36985696537123
THBS1	ITGB3	R-HSA-5674135	REACTOME_MAP2K_AND_MAPK_ACTIVATION	6.06194738532376e-94	1.34533900494742e-93	5.87784721611172	3.24113977349228	2.28373385597358e-19	1	12	22	4.88295682650581e-08	1	0	-1.71378563230842	-5.39454496662179
TNC	SDC1	R-HSA-3000171	REACTOME_NON_INTEGRIN_MEMBRANE_ECM_INTERACTIONS	6.6874477346853e-94	1.48247280656531e-93	5.19362687065032	4.97371489672129	2.68410261891482e-16	1	8	15	6.66022311971329e-11	1	0	7.1142609861648	-1.36985696537123
WNT5A	FZD2	R-HSA-4086398	REACTOME_CA2_PATHWAY	8.25584441630739e-94	1.82807983503949e-93	3.4155479880697	3.52410544200316	2.86033497987759e-24	1	10	19	3.54386865863911e-08	1	0	7.42682687423672	3.79491577287468
COL16A1	ITGA10	R-HSA-216083	REACTOME_INTEGRIN_CELL_SURFACE_INTERACTIONS	1.33899059918862e-93	2.96154998891889e-93	11.748156811589	2.57597000920012	5.31689393142494e-30	1	5	10	1.03074518351343e-11	1	0	-0.812276042297309	2.88086645512019
TNC	ITGB3	R-HSA-5674135	REACTOME_MAP2K_AND_MAPK_ACTIVATION	1.46337721439173e-93	3.23300418518898e-93	5.19362687065032	3.24113977349228	5.51302061225035e-19	1	12	22	4.88295682650581e-08	1	0	7.1142609861648	-5.39454496662179
CDH1	EGFR	R-HSA-1236382	REACTOME_CONSTITUTIVE_SIGNALING_BY_LIGAND_RESPONSIVE_EGFR_CANCER_VARIANTS	1.66955316038048e-93	3.68433595731422e-93	14.3361338797864	2.78295784689883	2.13296038644674e-35	1	8	16	1.23822362565426e-07	1	0	-3.29081622051826	5.81170270821198
LAMB1	ITGB4	R-HSA-446728	REACTOME_CELL_JUNCTION_ORGANIZATION	3.0500780544459e-93	6.72325331866009e-93	8.25802293327529	7.1327068911155	5.18944715956462e-36	1	12	23	5.24627361747755e-06	1	0	-0.279099545272194	3.5750195739368
LAMB1	ITGB4	R-HSA-3000171	REACTOME_NON_INTEGRIN_MEMBRANE_ECM_INTERACTIONS	3.11357892464912e-93	6.85549001109328e-93	8.25802293327529	7.1327068911155	5.18944715956462e-36	1	7	13	2.30873722817573e-09	1	0	-0.279099545272194	3.5750195739368
WNT5A	FZD6	R-HSA-4086398	REACTOME_CA2_PATHWAY	3.65913824475567e-93	8.04763174775656e-93	3.4155479880697	2.2006318784384	1.26775173924169e-23	1	10	19	3.54386865863911e-08	1	0	7.42682687423672	-4.41813377410395
EFEMP1	EGFR	R-HSA-1236394	REACTOME_SIGNALING_BY_ERBB4	3.71555590240272e-93	8.16252044701071e-93	11.6997034417759	2.78295784689883	8.1429949443564e-21	1	12	22	7.7963177157042e-08	1	0	1.01946244719326	5.81170270821198
HSPG2	SDC1	R-HSA-3000171	REACTOME_NON_INTEGRIN_MEMBRANE_ECM_INTERACTIONS	3.86455068689247e-93	8.48030055224831e-93	3.09676104986744	4.97371489672129	1.55109258885375e-15	1	8	15	6.66022311971329e-11	1	0	2.05397683291469	-1.36985696537123
COL1A2	ITGB3	R-HSA-354192	REACTOME_INTEGRIN_SIGNALING	7.54926586136307e-93	1.65288298511682e-92	15.6937572852742	3.24113977349228	9.40316855048686e-29	1	7	14	3.57589206513711e-09	1	0	5.77125570056243	-5.39454496662179
COL1A2	ITGB3	R-HSA-76009	REACTOME_PLATELET_AGGREGATION_PLUG_FORMATION	7.54926586136307e-93	1.65288298511682e-92	15.6937572852742	3.24113977349228	9.40316855048686e-29	1	7	14	3.57589206513711e-09	1	0	5.77125570056243	-5.39454496662179
CDH1	CDH2	R-HSA-525793	REACTOME_MYOGENESIS	1.60552981149068e-92	3.51130987888164e-92	14.3361338797864	1.4046612592213	1.87651132507188e-32	1	8	16	7.49671952767637e-08	1	0	-3.29081622051826	-6.36051979772941
FGF2	SDC4	R-HSA-1638091	REACTOME_HEPARAN_SULFATE_HEPARIN_HS_GAG_METABOLISM	1.62820925277431e-92	3.55692692468481e-92	1.70513973428035	1.77570057185383	2.25371048202856e-14	1	10	19	4.89017449635191e-09	1	0	-0.194671018551907	2.92131411044688
TNFSF9	TRAF2	R-HSA-5218859	REACTOME_REGULATED_NECROSIS	1.96047688731417e-92	4.27800152058612e-92	2.56841166294607	1.20566797021442	3.85886181446648e-17	1	18	34	1.0468375429994e-05	1	0	-4.99093337728425	2.37330096619563
FBLN2	ITGB3	R-HSA-3000171	REACTOME_NON_INTEGRIN_MEMBRANE_ECM_INTERACTIONS	2.15992719645263e-92	4.70796631101785e-92	17.5000998547113	3.24113977349228	3.3590588362703e-35	1	6	11	1.05664685869326e-10	1	0	6.82089839498334	-5.39454496662179
TNFSF12	TRAF2	R-HSA-5357786	REACTOME_TNFR1_INDUCED_PROAPOPTOTIC_SIGNALING	2.87965481863221e-92	6.26975012351026e-92	8.53252503662892	1.20566797021442	2.15400209273168e-25	1	10	19	6.54715464543213e-08	1	0	6.14962882879059	2.37330096619563
L1CAM	ERBB2	R-HSA-1227990	REACTOME_SIGNALING_BY_ERBB2_IN_CANCER	3.82806481061678e-92	8.32540153133026e-92	6.16331281736985	5.3918454128273	1.47975155580914e-32	1	9	17	7.7963177157042e-08	1	0	5.88961647399386	0.2885538415546
L1CAM	FGFR2	R-HSA-5654727	REACTOME_NEGATIVE_REGULATION_OF_FGFR2_SIGNALING	4.83790504178477e-92	1.0509931642498e-91	6.16331281736985	12.4701828090957	1.09979507447957e-39	1	7	14	1.0488751829578e-07	1	0	5.88961647399386	-6.36051979772941
FGF2	SDC1	R-HSA-3000171	REACTOME_NON_INTEGRIN_MEMBRANE_ECM_INTERACTIONS	9.7715501346041e-92	2.12042637920909e-91	1.70513973428035	4.97371489672129	3.9219511460425e-14	1	8	15	6.66022311971329e-11	1	0	-0.194671018551907	-1.36985696537123
ANXA1	EGFR	R-HSA-1236394	REACTOME_SIGNALING_BY_ERBB4	1.17146343483074e-91	2.53925425996053e-91	2.7077812217246	2.78295784689883	2.56737378682862e-19	1	12	22	7.7963177157042e-08	1	0	7.68275466234545	5.81170270821198
LAMA1	SDC4	R-HSA-3000171	REACTOME_NON_INTEGRIN_MEMBRANE_ECM_INTERACTIONS	1.60978855119859e-91	3.48549561030026e-91	19.4121541047617	1.77570057185383	4.74046768305835e-19	1	7	13	1.53180571240664e-11	1	0	5.04833152876336	2.92131411044688
LAMB2	ITGB4	R-HSA-446728	REACTOME_CELL_JUNCTION_ORGANIZATION	1.65064571057763e-91	3.57000118799348e-91	11.5489876350185	7.1327068911155	2.8084326175583e-34	1	12	23	5.24627361747755e-06	1	0	7.52145571443406	3.5750195739368
LAMB2	ITGB4	R-HSA-3000171	REACTOME_NON_INTEGRIN_MEMBRANE_ECM_INTERACTIONS	1.68501120455773e-91	3.64029522400581e-91	11.5489876350185	7.1327068911155	2.8084326175583e-34	1	7	13	2.30873722817573e-09	1	0	7.52145571443406	3.5750195739368
COL2A1	ITGA10	R-HSA-216083	REACTOME_INTEGRIN_CELL_SURFACE_INTERACTIONS	1.70346913849763e-91	3.6761052237413e-91	12.1682583046431	2.57597000920012	6.7641734978095e-28	1	5	10	1.03074518351343e-11	1	0	5.90519831354936	2.88086645512019
RND1	ERBB2	R-HSA-1227990	REACTOME_SIGNALING_BY_ERBB2_IN_CANCER	3.03488920485214e-91	6.5420956038369e-91	7.22325820936774	5.3918454128273	1.17314681040229e-31	1	9	17	7.7963177157042e-08	1	0	4.94217931808006	0.2885538415546
DCN	EGFR	R-HSA-1236394	REACTOME_SIGNALING_BY_ERBB4	4.43420241860938e-91	9.54795735782152e-91	17.3257647468552	2.78295784689883	9.71797728938474e-19	1	12	22	7.7963177157042e-08	1	0	-2.63243594134095	5.81170270821198
SEMA5A	MET	R-HSA-8875878	REACTOME_MET_PROMOTES_CELL_MOTILITY	1.12837772250664e-90	2.42700626878356e-90	13.2905452772287	3.79679238684995	1.61419777351974e-29	1	7	14	8.33427462625179e-09	1	0	-1.81425316210326	5.97546678596363
L1CAM	ITGB3	R-HSA-354192	REACTOME_INTEGRIN_SIGNALING	1.3105460076365e-90	2.81263335485064e-90	6.16331281736985	3.24113977349228	1.63238190696712e-26	1	7	14	3.57589206513711e-09	1	0	5.88961647399386	-5.39454496662179
L1CAM	ITGB3	R-HSA-76009	REACTOME_PLATELET_AGGREGATION_PLUG_FORMATION	1.3105460076365e-90	2.81263335485064e-90	6.16331281736985	3.24113977349228	1.63238190696712e-26	1	7	14	3.57589206513711e-09	1	0	5.88961647399386	-5.39454496662179
COMP	ITGB3	R-HSA-354192	REACTOME_INTEGRIN_SIGNALING	1.55129428422304e-90	3.32201506259605e-90	8.99453854548071	3.24113977349228	1.93225167769126e-26	1	7	14	3.57589206513711e-09	1	0	4.26810252217773	-5.39454496662179
COMP	ITGB3	R-HSA-76009	REACTOME_PLATELET_AGGREGATION_PLUG_FORMATION	1.55129428422304e-90	3.32201506259605e-90	8.99453854548071	3.24113977349228	1.93225167769126e-26	1	7	14	3.57589206513711e-09	1	0	4.26810252217773	-5.39454496662179
CDH1	EGFR	R-HSA-180292	REACTOME_GAB1_SIGNALOSOME	2.52243490822343e-90	5.39574520893796e-90	14.3361338797864	2.78295784689883	2.13296038644674e-35	1	6	11	2.51979861956075e-10	1	0	-3.29081622051826	5.81170270821198
L1CAM	EGFR	R-HSA-1643713	REACTOME_SIGNALING_BY_EGFR_IN_CANCER	3.21564453863866e-90	6.87106540914805e-90	6.16331281736985	2.78295784689883	8.85758904323062e-24	1	9	18	7.7963177157042e-08	1	0	5.88961647399386	5.81170270821198
CDH1	EGFR	R-HSA-1250196	REACTOME_SHC1_EVENTS_IN_ERBB2_SIGNALING	3.78583779591955e-90	8.08059149227418e-90	14.3361338797864	2.78295784689883	2.13296038644674e-35	1	5	10	3.07486930655317e-10	1	0	-3.29081622051826	5.81170270821198
COL4A2	ITGB3	R-HSA-5674135	REACTOME_MAP2K_AND_MAPK_ACTIVATION	3.7944063642387e-90	8.09003889667924e-90	1.3466555524192	3.24113977349228	1.42947698594562e-15	1	12	22	4.88295682650581e-08	1	0	7.20313784037645	-5.39454496662179
L1CAM	EGFR	R-HSA-182971	REACTOME_EGFR_DOWNREGULATION	4.19516926616343e-90	8.93474981114196e-90	6.16331281736985	2.78295784689883	8.85758904323062e-24	1	9	18	8.00640721158698e-08	1	0	5.88961647399386	5.81170270821198
UBB	ERBB3	R-HSA-1236394	REACTOME_SIGNALING_BY_ERBB4	5.55373791783244e-90	1.18153051781337e-89	1.61742059701178	9.09909784607182	5.15941430720038e-24	1	11	21	3.15207440921478e-07	1	0	-0.872149922875403	4.9842892437399
FGF2	FGFR3	R-HSA-74751	REACTOME_INSULIN_RECEPTOR_SIGNALLING_CASCADE	1.19353057203012e-89	2.53365783388567e-89	1.70513973428035	4.85646853460732	2.587332934115e-18	1	13	25	9.90824508674931e-07	1	0	-0.194671018551907	4.42416595366005
FGF2	FGFR3	R-HSA-74752	REACTOME_SIGNALING_BY_INSULIN_RECEPTOR	1.19353057203012e-89	2.53365783388567e-89	1.70513973428035	4.85646853460732	2.587332934115e-18	1	13	25	9.90824508674931e-07	1	0	-0.194671018551907	4.42416595366005
L1CAM	ERBB3	R-HSA-1227990	REACTOME_SIGNALING_BY_ERBB2_IN_CANCER	1.84644792223918e-89	3.91543191328244e-89	6.16331281736985	9.09909784607182	7.13750764636023e-30	1	9	17	7.7963177157042e-08	1	0	5.88961647399386	4.9842892437399
COL4A3	ITGB3	R-HSA-354192	REACTOME_INTEGRIN_SIGNALING	1.88364615806637e-89	3.98565649697033e-89	8.62407894562393	3.24113977349228	2.34622049866144e-25	1	7	14	3.57589206513711e-09	1	0	0.82100178352364	-5.39454496662179
COL4A3	ITGB3	R-HSA-76009	REACTOME_PLATELET_AGGREGATION_PLUG_FORMATION	1.88364615806637e-89	3.98565649697033e-89	8.62407894562393	3.24113977349228	2.34622049866144e-25	1	7	14	3.57589206513711e-09	1	0	0.82100178352364	-5.39454496662179
CDH1	PTPRF	R-HSA-6794362	REACTOME_PROTEIN_PROTEIN_INTERACTIONS_AT_SYNAPSES	2.15882686440203e-89	4.56297496339519e-89	14.3361338797864	2.81739742389189	3.97702630822834e-36	1	8	15	7.34114622100705e-08	1	0	-3.29081622051826	-3.35735256004328
THBS1	SDC4	R-HSA-3000171	REACTOME_NON_INTEGRIN_MEMBRANE_ECM_INTERACTIONS	2.1696944548376e-89	4.5809873192409e-89	5.87784721611172	1.77570057185383	6.38926549552763e-17	1	7	13	1.53180571240664e-11	1	0	-1.71378563230842	2.92131411044688
COL17A1	ITGB4	R-HSA-446728	REACTOME_CELL_JUNCTION_ORGANIZATION	3.38872203658515e-89	7.14705630394255e-89	10.0652800099325	7.1327068911155	5.76562095572522e-32	1	12	23	5.24627361747755e-06	1	0	5.75970801774842	3.5750195739368
COL17A1	ITGB4	R-HSA-3000171	REACTOME_NON_INTEGRIN_MEMBRANE_ECM_INTERACTIONS	3.4592732796546e-89	7.28798351150533e-89	10.0652800099325	7.1327068911155	5.76562095572522e-32	1	7	13	2.30873722817573e-09	1	0	5.75970801774842	3.5750195739368
NCAM1	FGFR2	R-HSA-5654727	REACTOME_NEGATIVE_REGULATION_OF_FGFR2_SIGNALING	4.642971664983e-89	9.77125394581012e-89	4.82764517624997	12.4701828090957	1.05548110680004e-36	1	7	14	1.0488751829578e-07	1	0	1.39367405563148	-6.36051979772941
FN1	ITGB3	R-HSA-5674135	REACTOME_MAP2K_AND_MAPK_ACTIVATION	4.98693517548346e-89	1.04838368113231e-88	3.91871645826014	3.24113977349228	1.87874159471756e-14	1	12	22	4.88295682650581e-08	1	0	7.84296292746818	-5.39454496662179
TNC	SDC4	R-HSA-3000171	REACTOME_NON_INTEGRIN_MEMBRANE_ECM_INTERACTIONS	5.23772514932816e-89	1.09992228135891e-88	5.19362687065032	1.77570057185383	1.54239305433283e-16	1	7	13	1.53180571240664e-11	1	0	7.1142609861648	2.92131411044688
LTBP1	ITGB3	R-HSA-5674135	REACTOME_MAP2K_AND_MAPK_ACTIVATION	6.66397091574388e-89	1.39793074097184e-88	2.03718846603833	3.24113977349228	2.51053581104197e-14	1	12	22	4.88295682650581e-08	1	0	6.71785217640578	-5.39454496662179
BMP7	BMPR1A	R-HSA-201451	REACTOME_SIGNALING_BY_BMP	9.87904812987445e-89	2.07014817571296e-88	9.84989973304154	1.58973666179041	1.34513144002718e-25	1	9	17	3.1462712979089e-08	1	0	4.36090428430798	3.32130477919495
CDH1	ERBB3	R-HSA-1250196	REACTOME_SHC1_EVENTS_IN_ERBB2_SIGNALING	1.10485053281693e-88	2.3127257133885e-88	14.3361338797864	9.09909784607182	1.718754504566e-41	1	5	10	5.59300320892075e-09	1	0	-3.29081622051826	4.9842892437399
TNFSF12	TRAF2	R-HSA-445989	REACTOME_TAK1_DEPENDENT_IKK_AND_NF_KAPPA_B_ACTIVATION	1.22611584120867e-88	2.5638161005145e-88	8.53252503662892	1.20566797021442	2.15400209273168e-25	1	16	30	1.72841757090196e-05	1	0	6.14962882879059	2.37330096619563
TNC	EGFR	R-HSA-1236394	REACTOME_SIGNALING_BY_ERBB4	1.36496968259389e-88	2.85110779690466e-88	5.19362687065032	2.78295784689883	2.991461174726e-16	1	12	22	7.7963177157042e-08	1	0	7.1142609861648	5.81170270821198
DLL1	NOTCH3	R-HSA-1912422	REACTOME_PRE_NOTCH_EXPRESSION_AND_PROCESSING	2.06602625664313e-88	4.31084324703422e-88	1.49001617638381	5.80955796788864	4.30455605271546e-22	1	15	28	5.24627361747755e-06	1	0	4.59911096841979	-2.27489465717084
FBLN2	ITGB3	R-HSA-76005	REACTOME_RESPONSE_TO_ELEVATED_PLATELET_CYTOSOLIC_CA2	4.72571709002444e-88	9.84986710439459e-88	17.5000998547113	3.24113977349228	3.3590588362703e-35	1	7	14	9.09571561611411e-08	1	0	6.82089839498334	-5.39454496662179
CDH1	ERBB3	R-HSA-1963642	REACTOME_PI3K_EVENTS_IN_ERBB2_SIGNALING	9.7775762643148e-88	2.0357789386148e-87	14.3361338797864	9.09909784607182	1.718754504566e-41	1	4	8	2.51979861956075e-10	1	0	-3.29081622051826	4.9842892437399
WNT7A	LRP6	R-HSA-4641263	REACTOME_REGULATION_OF_FZD_BY_UBIQUITINATION	1.0485842867651e-87	2.1809213120897e-87	10.3548346702724	1.91172966289188	1.82659361520754e-24	1	6	11	1.03685905629985e-11	1	0	6.15755813866104	7.25587852467171
MFGE8	ITGB3	R-HSA-354192	REACTOME_INTEGRIN_SIGNALING	1.05427941555948e-87	2.18810594961495e-87	2.78019749763891	3.24113977349228	1.31318292743563e-23	1	7	14	3.57589206513711e-09	1	0	4.64057982249706	-5.39454496662179
MFGE8	ITGB3	R-HSA-76009	REACTOME_PLATELET_AGGREGATION_PLUG_FORMATION	1.05427941555948e-87	2.18810594961495e-87	2.78019749763891	3.24113977349228	1.31318292743563e-23	1	7	14	3.57589206513711e-09	1	0	4.64057982249706	-5.39454496662179
FBN1	ITGB3	R-HSA-354192	REACTOME_INTEGRIN_SIGNALING	1.33210871220845e-87	2.75886353652503e-87	6.55908628413473	3.24113977349228	1.65923984907937e-23	1	7	14	3.57589206513711e-09	1	0	3.99266837107762	-5.39454496662179
FBN1	ITGB3	R-HSA-76009	REACTOME_PLATELET_AGGREGATION_PLUG_FORMATION	1.33210871220845e-87	2.75886353652503e-87	6.55908628413473	3.24113977349228	1.65923984907937e-23	1	7	14	3.57589206513711e-09	1	0	3.99266837107762	-5.39454496662179
SLIT2	SDC1	R-HSA-1793185	REACTOME_CHONDROITIN_SULFATE_DERMATAN_SULFATE_METABOLISM	1.55774687595208e-87	3.2125445076393e-87	6.20283557424795	4.97371489672129	4.11393068888082e-22	1	6	12	1.73752399674735e-10	1	0	4.67965566152487	-1.36985696537123
SLIT2	SDC1	R-HSA-1971475	REACTOME_A_TETRASACCHARIDE_LINKER_SEQUENCE_IS_REQUIRED_FOR_GAG_SYNTHESIS	1.55774687595208e-87	3.2125445076393e-87	6.20283557424795	4.97371489672129	4.11393068888082e-22	1	6	12	1.73752399674735e-10	1	0	4.67965566152487	-1.36985696537123
SLIT2	SDC1	R-HSA-3560782	REACTOME_DISEASES_ASSOCIATED_WITH_GLYCOSAMINOGLYCAN_METABOLISM	1.55774687595208e-87	3.2125445076393e-87	6.20283557424795	4.97371489672129	4.11393068888082e-22	1	6	12	1.73752399674735e-10	1	0	4.67965566152487	-1.36985696537123
SLIT2	SDC1	R-HSA-3560783	REACTOME_DEFECTIVE_B4GALT7_CAUSES_EDS_PROGEROID_TYPE	1.55774687595208e-87	3.2125445076393e-87	6.20283557424795	4.97371489672129	4.11393068888082e-22	1	6	12	1.73752399674735e-10	1	0	4.67965566152487	-1.36985696537123
L1CAM	EGFR	R-HSA-881907	REACTOME_GASTRIN_CREB_SIGNALLING_PATHWAY_VIA_PKC_AND_MAPK	1.82317047722105e-87	3.75596196414842e-87	6.16331281736985	2.78295784689883	8.85758904323062e-24	1	6	12	3.07486930655317e-10	1	0	5.88961647399386	5.81170270821198
CDH1	EGFR	R-HSA-9634638	REACTOME_ESTROGEN_DEPENDENT_NUCLEAR_EVENTS_DOWNSTREAM_OF_ESR_MEMBRANE_SIGNALING	1.86790868241246e-87	3.84407340015967e-87	14.3361338797864	2.78295784689883	2.13296038644674e-35	1	7	13	1.26218271362278e-08	1	0	-3.29081622051826	5.81170270821198
RND1	MET	R-HSA-8875878	REACTOME_MET_PROMOTES_CELL_MOTILITY	2.50441586541879e-87	5.14855177385568e-87	7.22325820936774	3.79679238684995	3.5826855079574e-26	1	7	14	8.33427462625179e-09	1	0	4.94217931808006	5.97546678596363
EFEMP1	EGFR	R-HSA-1643713	REACTOME_SIGNALING_BY_EGFR_IN_CANCER	2.95621947385262e-87	6.07097437690238e-87	11.6997034417759	2.78295784689883	8.1429949443564e-21	1	9	18	7.7963177157042e-08	1	0	1.01946244719326	5.81170270821198
EFEMP1	EGFR	R-HSA-182971	REACTOME_EGFR_DOWNREGULATION	3.85672014792736e-87	7.91194795052745e-87	11.6997034417759	2.78295784689883	8.1429949443564e-21	1	9	18	8.00640721158698e-08	1	0	1.01946244719326	5.81170270821198
LAMA5	ITGB4	R-HSA-446728	REACTOME_CELL_JUNCTION_ORGANIZATION	6.77490123649682e-87	1.38839266682878e-86	5.8870821214992	7.1327068911155	1.15269154921533e-29	1	12	23	5.24627361747755e-06	1	0	-3.29459552152133	3.5750195739368
LAMA5	ITGB4	R-HSA-3000171	REACTOME_NON_INTEGRIN_MEMBRANE_ECM_INTERACTIONS	6.91595078223922e-87	1.41581256579803e-86	5.8870821214992	7.1327068911155	1.15269154921533e-29	1	7	13	2.30873722817573e-09	1	0	-3.29459552152133	3.5750195739368
FGF2	SDC4	R-HSA-3000171	REACTOME_NON_INTEGRIN_MEMBRANE_ECM_INTERACTIONS	7.65324768408755e-87	1.56510918607571e-86	1.70513973428035	1.77570057185383	2.25371048202856e-14	1	7	13	1.53180571240664e-11	1	0	-0.194671018551907	2.92131411044688
PTN	SDC1	R-HSA-1793185	REACTOME_CHONDROITIN_SULFATE_DERMATAN_SULFATE_METABOLISM	8.54133451363458e-87	1.73943965642631e-86	8.46323813593221	4.97371489672129	2.25572323219469e-21	1	6	12	1.73752399674735e-10	1	0	3.62957168854979	-1.36985696537123
PTN	SDC1	R-HSA-1971475	REACTOME_A_TETRASACCHARIDE_LINKER_SEQUENCE_IS_REQUIRED_FOR_GAG_SYNTHESIS	8.54133451363458e-87	1.73943965642631e-86	8.46323813593221	4.97371489672129	2.25572323219469e-21	1	6	12	1.73752399674735e-10	1	0	3.62957168854979	-1.36985696537123
PTN	SDC1	R-HSA-3560782	REACTOME_DISEASES_ASSOCIATED_WITH_GLYCOSAMINOGLYCAN_METABOLISM	8.54133451363458e-87	1.73943965642631e-86	8.46323813593221	4.97371489672129	2.25572323219469e-21	1	6	12	1.73752399674735e-10	1	0	3.62957168854979	-1.36985696537123
PTN	SDC1	R-HSA-3560783	REACTOME_DEFECTIVE_B4GALT7_CAUSES_EDS_PROGEROID_TYPE	8.54133451363458e-87	1.73943965642631e-86	8.46323813593221	4.97371489672129	2.25572323219469e-21	1	6	12	1.73752399674735e-10	1	0	3.62957168854979	-1.36985696537123
SEMA4D	ERBB2	R-HSA-1227990	REACTOME_SIGNALING_BY_ERBB2_IN_CANCER	2.74133751642148e-86	5.57690850996994e-86	1.60620941757158	5.3918454128273	1.05967340042737e-26	1	9	17	7.7963177157042e-08	1	0	-0.545072800988612	0.2885538415546
UBB	ERBB2	R-HSA-1227990	REACTOME_SIGNALING_BY_ERBB2_IN_CANCER	2.76715253157849e-86	5.6235680480466e-86	1.61742059701178	5.3918454128273	1.06965228289975e-26	1	9	17	7.7963177157042e-08	1	0	-0.872149922875403	0.2885538415546
UBB	FGFR2	R-HSA-5654727	REACTOME_NEGATIVE_REGULATION_OF_FGFR2_SIGNALING	3.49712500864219e-86	7.09967270465508e-86	1.61742059701178	12.4701828090957	7.94997178763374e-34	1	7	14	1.0488751829578e-07	1	0	-0.872149922875403	-6.36051979772941
COL4A4	ITGB3	R-HSA-354192	REACTOME_INTEGRIN_SIGNALING	3.67269951398903e-86	7.44064538466864e-86	2.61912453042687	3.24113977349228	4.57461867147628e-22	1	7	14	3.57589206513711e-09	1	0	5.55251303801619	-5.39454496662179
COL4A4	ITGB3	R-HSA-76009	REACTOME_PLATELET_AGGREGATION_PLUG_FORMATION	3.67269951398903e-86	7.44064538466864e-86	2.61912453042687	3.24113977349228	4.57461867147628e-22	1	7	14	3.57589206513711e-09	1	0	5.55251303801619	-5.39454496662179
S100B	APP	R-HSA-9734009	REACTOME_DEFECTIVE_INTRINSIC_PATHWAY_FOR_APOPTOSIS	3.86277331043314e-86	7.81761272049319e-86	4.09101248316345	1.25658697558778	4.32933445283623e-18	1	7	14	1.14581718729383e-09	1	0	-6.36051979772941	7.47779934429022
LAMA5	SDC1	R-HSA-1793185	REACTOME_CHONDROITIN_SULFATE_DERMATAN_SULFATE_METABOLISM	4.33426261308139e-86	8.73561907466249e-86	5.8870821214992	4.97371489672129	1.14465682794107e-20	1	6	12	1.73752399674735e-10	1	0	-3.29459552152133	-1.36985696537123
LAMA5	SDC1	R-HSA-1971475	REACTOME_A_TETRASACCHARIDE_LINKER_SEQUENCE_IS_REQUIRED_FOR_GAG_SYNTHESIS	4.33426261308139e-86	8.73561907466249e-86	5.8870821214992	4.97371489672129	1.14465682794107e-20	1	6	12	1.73752399674735e-10	1	0	-3.29459552152133	-1.36985696537123
LAMA5	SDC1	R-HSA-3560782	REACTOME_DISEASES_ASSOCIATED_WITH_GLYCOSAMINOGLYCAN_METABOLISM	4.33426261308139e-86	8.73561907466249e-86	5.8870821214992	4.97371489672129	1.14465682794107e-20	1	6	12	1.73752399674735e-10	1	0	-3.29459552152133	-1.36985696537123
LAMA5	SDC1	R-HSA-3560783	REACTOME_DEFECTIVE_B4GALT7_CAUSES_EDS_PROGEROID_TYPE	4.33426261308139e-86	8.73561907466249e-86	5.8870821214992	4.97371489672129	1.14465682794107e-20	1	6	12	1.73752399674735e-10	1	0	-3.29459552152133	-1.36985696537123
DLL1	NOTCH3	R-HSA-9013508	REACTOME_NOTCH3_INTRACELLULAR_DOMAIN_REGULATES_TRANSCRIPTION	5.64600698035816e-86	1.13676820955046e-85	1.49001617638381	5.80955796788864	4.30455605271546e-22	1	10	19	1.30384058442871e-07	1	0	4.59911096841979	-2.27489465717084
CDH1	EGFR	R-HSA-8864260	REACTOME_TRANSCRIPTIONAL_REGULATION_BY_THE_AP_2_TFAP2_FAMILY_OF_TRANSCRIPTION_FACTORS	5.67732158189366e-86	1.14189588562702e-85	14.3361338797864	2.78295784689883	2.13296038644674e-35	1	7	14	1.75166366836059e-07	1	0	-3.29081622051826	5.81170270821198
COL1A2	ITGB3	R-HSA-3000171	REACTOME_NON_INTEGRIN_MEMBRANE_ECM_INTERACTIONS	6.04638396497272e-86	1.21487529666581e-85	15.6937572852742	3.24113977349228	9.40316855048686e-29	1	6	11	1.05664685869326e-10	1	0	5.77125570056243	-5.39454496662179
COL18A1	ITGB3	R-HSA-354192	REACTOME_INTEGRIN_SIGNALING	6.38901110535293e-86	1.2810820008988e-85	3.25983197505071	3.24113977349228	7.9579855045294e-22	1	7	14	3.57589206513711e-09	1	0	6.43761926723443	-5.39454496662179
COL18A1	ITGB3	R-HSA-76009	REACTOME_PLATELET_AGGREGATION_PLUG_FORMATION	6.38901110535293e-86	1.2810820008988e-85	3.25983197505071	3.24113977349228	7.9579855045294e-22	1	7	14	3.57589206513711e-09	1	0	6.43761926723443	-5.39454496662179
ANXA1	EGFR	R-HSA-1643713	REACTOME_SIGNALING_BY_EGFR_IN_CANCER	9.32055151347188e-86	1.86697816469852e-85	2.7077812217246	2.78295784689883	2.56737378682862e-19	1	9	18	7.7963177157042e-08	1	0	7.68275466234545	5.81170270821198
ANXA1	EGFR	R-HSA-182971	REACTOME_EGFR_DOWNREGULATION	1.21597057085059e-85	2.4331870131877e-85	2.7077812217246	2.78295784689883	2.56737378682862e-19	1	9	18	8.00640721158698e-08	1	0	7.68275466234545	5.81170270821198
DCN	EGFR	R-HSA-1643713	REACTOME_SIGNALING_BY_EGFR_IN_CANCER	3.52799847054397e-85	7.0523858884057e-85	17.3257647468552	2.78295784689883	9.71797728938474e-19	1	9	18	7.7963177157042e-08	1	0	-2.63243594134095	5.81170270821198
DCN	EGFR	R-HSA-182971	REACTOME_EGFR_DOWNREGULATION	4.60267003297678e-85	9.19122144622051e-85	17.3257647468552	2.78295784689883	9.71797728938474e-19	1	9	18	8.00640721158698e-08	1	0	-2.63243594134095	5.81170270821198
LAMA1	ITGB4	R-HSA-446728	REACTOME_CELL_JUNCTION_ORGANIZATION	4.88261982856623e-85	9.74030288579146e-85	19.4121541047617	7.1327068911155	8.30736038497547e-28	1	12	23	5.24627361747755e-06	1	0	5.04833152876336	3.5750195739368
LAMA1	ITGB4	R-HSA-3000171	REACTOME_NON_INTEGRIN_MEMBRANE_ECM_INTERACTIONS	4.98427316413695e-85	9.93294437710149e-85	19.4121541047617	7.1327068911155	8.30736038497547e-28	1	7	13	2.30873722817573e-09	1	0	5.04833152876336	3.5750195739368
BMP7	BMPR1B	R-HSA-201451	REACTOME_SIGNALING_BY_BMP	7.94788628901243e-85	1.58228561900523e-84	9.84989973304154	9.23288164730272	1.15328704408859e-34	1	9	17	8.69301084116269e-07	1	0	4.36090428430798	7.32555296377402
FBLN2	ITGB3	R-HSA-216083	REACTOME_INTEGRIN_CELL_SURFACE_INTERACTIONS	9.82775680490984e-85	1.95454267209663e-84	17.5000998547113	3.24113977349228	3.3590588362703e-35	1	3	7	6.74222929983704e-11	1	0	6.82089839498334	-5.39454496662179
NID1	ITGB3	R-HSA-354192	REACTOME_INTEGRIN_SIGNALING	1.06439607262776e-84	2.1125665953679e-84	1.52477175080913	3.24113977349228	1.32578397147454e-20	1	7	14	3.57589206513711e-09	1	0	5.58579957949785	-5.39454496662179
NID1	ITGB3	R-HSA-76009	REACTOME_PLATELET_AGGREGATION_PLUG_FORMATION	1.06439607262776e-84	2.1125665953679e-84	1.52477175080913	3.24113977349228	1.32578397147454e-20	1	7	14	3.57589206513711e-09	1	0	5.58579957949785	-5.39454496662179
IGF2	IGF1R	R-HSA-2404192	REACTOME_SIGNALING_BY_TYPE_1_INSULIN_LIKE_GROWTH_FACTOR_1_RECEPTOR_IGF1R	1.4993339294914e-84	2.97279102974284e-84	18.9671091644783	5.13835209283825	1.47018169588767e-20	1	12	23	1.4337089438402e-06	1	0	2.10499752261003	-2.47806345242735
EFEMP1	EGFR	R-HSA-881907	REACTOME_GASTRIN_CREB_SIGNALLING_PATHWAY_VIA_PKC_AND_MAPK	1.67608453115771e-84	3.31987128737424e-84	11.6997034417759	2.78295784689883	8.1429949443564e-21	1	6	12	3.07486930655317e-10	1	0	1.01946244719326	5.81170270821198
WNT2	LRP6	R-HSA-4641263	REACTOME_REGULATION_OF_FZD_BY_UBIQUITINATION	2.46535489251223e-84	4.87825542560931e-84	15.1935294071625	1.91172966289188	4.29455367844199e-21	1	6	11	1.03685905629985e-11	1	0	-3.57793043501172	7.25587852467171
LAMA1	SDC4	R-HSA-1793185	REACTOME_CHONDROITIN_SULFATE_DERMATAN_SULFATE_METABOLISM	3.88913671843232e-84	7.66446418879751e-84	19.4121541047617	1.77570057185383	4.74046768305835e-19	1	7	13	1.73752399674735e-10	1	0	5.04833152876336	2.92131411044688
LAMA1	SDC4	R-HSA-1971475	REACTOME_A_TETRASACCHARIDE_LINKER_SEQUENCE_IS_REQUIRED_FOR_GAG_SYNTHESIS	3.88913671843232e-84	7.66446418879751e-84	19.4121541047617	1.77570057185383	4.74046768305835e-19	1	7	13	1.73752399674735e-10	1	0	5.04833152876336	2.92131411044688
LAMA1	SDC4	R-HSA-3560782	REACTOME_DISEASES_ASSOCIATED_WITH_GLYCOSAMINOGLYCAN_METABOLISM	3.88913671843232e-84	7.66446418879751e-84	19.4121541047617	1.77570057185383	4.74046768305835e-19	1	7	13	1.73752399674735e-10	1	0	5.04833152876336	2.92131411044688
LAMA1	SDC4	R-HSA-3560783	REACTOME_DEFECTIVE_B4GALT7_CAUSES_EDS_PROGEROID_TYPE	3.88913671843232e-84	7.66446418879751e-84	19.4121541047617	1.77570057185383	4.74046768305835e-19	1	7	13	1.73752399674735e-10	1	0	5.04833152876336	2.92131411044688
FGF2	FGFR3	R-HSA-112399	REACTOME_IRS_MEDIATED_SIGNALLING	3.96593736200934e-84	7.8079391814559e-84	1.70513973428035	4.85646853460732	2.587332934115e-18	1	11	20	7.7963177157042e-08	1	0	-0.194671018551907	4.42416595366005
TNFSF9	TRAF2	R-HSA-5357786	REACTOME_TNFR1_INDUCED_PROAPOPTOTIC_SIGNALING	5.15885757769708e-84	1.01462727585523e-83	2.56841166294607	1.20566797021442	3.85886181446648e-17	1	10	19	6.54715464543213e-08	1	0	-4.99093337728425	2.37330096619563
CDH1	EGFR	R-HSA-9820960	REACTOME_RESPIRATORY_SYNCYTIAL_VIRUS_RSV_ATTACHMENT_AND_ENTRY	5.66715777613007e-84	1.11347677432415e-83	14.3361338797864	2.78295784689883	2.13296038644674e-35	1	6	11	2.8837443638528e-09	1	0	-3.29081622051826	5.81170270821198
DSC2	DSG2	R-HSA-351906	REACTOME_APOPTOTIC_CLEAVAGE_OF_CELL_ADHESION_PROTEINS	7.18878426111284e-84	1.41102468964356e-83	1.90651690301031	4.55221683217381	1.97152954387669e-22	1	3	6	2.0896007521299e-16	1	0	5.74548548277419	6.43121904631802
CDH1	EGFR	R-HSA-1963642	REACTOME_PI3K_EVENTS_IN_ERBB2_SIGNALING	8.49881504944507e-84	1.66648451722552e-83	14.3361338797864	2.78295784689883	2.13296038644674e-35	1	4	8	9.34194908227589e-11	1	0	-3.29081622051826	5.81170270821198
L1CAM	ITGB3	R-HSA-3000171	REACTOME_NON_INTEGRIN_MEMBRANE_ECM_INTERACTIONS	1.04964701355763e-83	2.05612900449153e-83	6.16331281736985	3.24113977349228	1.63238190696712e-26	1	6	11	1.05664685869326e-10	1	0	5.88961647399386	-5.39454496662179
COMP	ITGB3	R-HSA-3000171	REACTOME_NON_INTEGRIN_MEMBRANE_ECM_INTERACTIONS	1.24246795083548e-83	2.43140271340851e-83	8.99453854548071	3.24113977349228	1.93225167769126e-26	1	6	11	1.05664685869326e-10	1	0	4.26810252217773	-5.39454496662179
UBB	ERBB3	R-HSA-1227990	REACTOME_SIGNALING_BY_ERBB2_IN_CANCER	1.33472218868436e-83	2.6093217562568e-83	1.61742059701178	9.09909784607182	5.15941430720038e-24	1	9	17	7.7963177157042e-08	1	0	-0.872149922875403	4.9842892437399
COL17A1	CD151	R-HSA-446728	REACTOME_CELL_JUNCTION_ORGANIZATION	1.48067095822198e-83	2.89175038140753e-83	10.0652800099325	2.0341318797366	2.7182466716764e-26	1	13	24	4.92054795269177e-06	1	0	5.75970801774842	-2.32132993135789
THBS1	ITGB3	R-HSA-354192	REACTOME_INTEGRIN_SIGNALING	1.83347920892556e-83	3.57363761979204e-83	5.87784721611172	3.24113977349228	2.28373385597358e-19	1	7	14	3.57589206513711e-09	1	0	-1.71378563230842	-5.39454496662179
THBS1	ITGB3	R-HSA-76009	REACTOME_PLATELET_AGGREGATION_PLUG_FORMATION	1.83347920892556e-83	3.57363761979204e-83	5.87784721611172	3.24113977349228	2.28373385597358e-19	1	7	14	3.57589206513711e-09	1	0	-1.71378563230842	-5.39454496662179
SLIT2	GPC1	R-HSA-1793185	REACTOME_CHONDROITIN_SULFATE_DERMATAN_SULFATE_METABOLISM	2.08852590147871e-83	4.05456370336772e-83	6.20283557424795	4.90779964490746	7.33880397676584e-27	1	7	13	2.8837443638528e-09	1	0	4.67965566152487	0.670420105488671
SLIT2	GPC1	R-HSA-1971475	REACTOME_A_TETRASACCHARIDE_LINKER_SEQUENCE_IS_REQUIRED_FOR_GAG_SYNTHESIS	2.08852590147871e-83	4.05456370336772e-83	6.20283557424795	4.90779964490746	7.33880397676584e-27	1	7	13	2.8837443638528e-09	1	0	4.67965566152487	0.670420105488671
SLIT2	GPC1	R-HSA-3560782	REACTOME_DISEASES_ASSOCIATED_WITH_GLYCOSAMINOGLYCAN_METABOLISM	2.08852590147871e-83	4.05456370336772e-83	6.20283557424795	4.90779964490746	7.33880397676584e-27	1	7	13	2.8837443638528e-09	1	0	4.67965566152487	0.670420105488671
SLIT2	GPC1	R-HSA-3560783	REACTOME_DEFECTIVE_B4GALT7_CAUSES_EDS_PROGEROID_TYPE	2.08852590147871e-83	4.05456370336772e-83	6.20283557424795	4.90779964490746	7.33880397676584e-27	1	7	13	2.8837443638528e-09	1	0	4.67965566152487	0.670420105488671
L1CAM	EGFR	R-HSA-1227990	REACTOME_SIGNALING_BY_ERBB2_IN_CANCER	2.29142688109932e-83	4.44404836026511e-83	6.16331281736985	2.78295784689883	8.85758904323062e-24	1	9	17	7.7963177157042e-08	1	0	5.88961647399386	5.81170270821198
DCN	MET	R-HSA-8875878	REACTOME_MET_PROMOTES_CELL_MOTILITY	3.46579794894198e-83	6.71498352607509e-83	17.3257647468552	3.79679238684995	4.95798811077511e-22	1	7	14	8.33427462625179e-09	1	0	-2.63243594134095	5.97546678596363
L1CAM	ERBB2	R-HSA-8864260	REACTOME_TRANSCRIPTIONAL_REGULATION_BY_THE_AP_2_TFAP2_FAMILY_OF_TRANSCRIPTION_FACTORS	3.93866923034189e-83	7.62360853008693e-83	6.16331281736985	5.3918454128273	1.47975155580914e-32	1	7	14	1.75166366836059e-07	1	0	5.88961647399386	0.2885538415546
CLCF1	CNTFR	R-HSA-6783589	REACTOME_INTERLEUKIN_6_FAMILY_SIGNALING	4.12067411389587e-83	7.96799657865212e-83	2.37202530845207	10.9136784063068	1.39228404415009e-32	1	6	11	1.36280294275829e-09	1	0	-6.01378384650083	4.05203699613079
TNC	ITGB3	R-HSA-354192	REACTOME_INTEGRIN_SIGNALING	4.42608872504978e-83	8.54165146247254e-83	5.19362687065032	3.24113977349228	5.51302061225035e-19	1	7	14	3.57589206513711e-09	1	0	7.1142609861648	-5.39454496662179
TNC	ITGB3	R-HSA-76009	REACTOME_PLATELET_AGGREGATION_PLUG_FORMATION	4.42608872504978e-83	8.54165146247254e-83	5.19362687065032	3.24113977349228	5.51302061225035e-19	1	7	14	3.57589206513711e-09	1	0	7.1142609861648	-5.39454496662179
ANXA1	EGFR	R-HSA-881907	REACTOME_GASTRIN_CREB_SIGNALLING_PATHWAY_VIA_PKC_AND_MAPK	5.28446292697942e-83	1.01881106578389e-82	2.7077812217246	2.78295784689883	2.56737378682862e-19	1	6	12	3.07486930655317e-10	1	0	7.68275466234545	5.81170270821198
TNC	EGFR	R-HSA-1643713	REACTOME_SIGNALING_BY_EGFR_IN_CANCER	1.08601513821743e-82	2.09170371295723e-82	5.19362687065032	2.78295784689883	2.991461174726e-16	1	9	18	7.7963177157042e-08	1	0	7.1142609861648	5.81170270821198
TNC	EGFR	R-HSA-182971	REACTOME_EGFR_DOWNREGULATION	1.41682865618187e-82	2.72617375913615e-82	5.19362687065032	2.78295784689883	2.991461174726e-16	1	9	18	8.00640721158698e-08	1	0	7.1142609861648	5.81170270821198
COL4A3	ITGB3	R-HSA-3000171	REACTOME_NON_INTEGRIN_MEMBRANE_ECM_INTERACTIONS	1.50865635612395e-82	2.90000577117133e-82	8.62407894562393	3.24113977349228	2.34622049866144e-25	1	6	11	1.05664685869326e-10	1	0	0.82100178352364	-5.39454496662179
DCN	EGFR	R-HSA-881907	REACTOME_GASTRIN_CREB_SIGNALLING_PATHWAY_VIA_PKC_AND_MAPK	2.00026544535292e-82	3.84121771364234e-82	17.3257647468552	2.78295784689883	9.71797728938474e-19	1	6	12	3.07486930655317e-10	1	0	-2.63243594134095	5.81170270821198
SEMA4D	MET	R-HSA-8875878	REACTOME_MET_PROMOTES_CELL_MOTILITY	2.26217456558786e-82	4.33990857229185e-82	1.60620941757158	3.79679238684995	3.2361478556782e-21	1	7	14	8.33427462625179e-09	1	0	-0.545072800988612	5.97546678596363
UBB	MET	R-HSA-8875878	REACTOME_MET_PROMOTES_CELL_MOTILITY	2.28347733124464e-82	4.37647814319998e-82	1.61742059701178	3.79679238684995	3.26662247087761e-21	1	7	14	8.33427462625179e-09	1	0	-0.872149922875403	5.97546678596363
FGF2	FGFR2	R-HSA-5654727	REACTOME_NEGATIVE_REGULATION_OF_FGFR2_SIGNALING	2.38741680916429e-82	4.57120100813515e-82	1.70513973428035	12.4701828090957	5.42728562212532e-30	1	7	14	1.0488751829578e-07	1	0	-0.194671018551907	-6.36051979772941
RND1	ERBB2	R-HSA-8864260	REACTOME_TRANSCRIPTIONAL_REGULATION_BY_THE_AP_2_TFAP2_FAMILY_OF_TRANSCRIPTION_FACTORS	3.12257637213878e-82	5.9729595051783e-82	7.22325820936774	5.3918454128273	1.17314681040229e-31	1	7	14	1.75166366836059e-07	1	0	4.94217931808006	0.2885538415546
NCAM1	PTPRA	R-HSA-375165	REACTOME_NCAM_SIGNALING_FOR_NEURITE_OUT_GROWTH	4.04743479854979e-82	7.73448156709172e-82	4.82764517624997	1.60140988377061	6.87256643692121e-24	1	8	15	1.75868902070096e-08	1	0	1.39367405563148	-1.47397876097525
THBS1	SDC1	R-HSA-1793185	REACTOME_CHONDROITIN_SULFATE_DERMATAN_SULFATE_METABOLISM	4.21012420480183e-82	8.01400835475437e-82	5.87784721611172	4.97371489672129	1.11187250236328e-16	1	6	12	1.73752399674735e-10	1	0	-1.71378563230842	-1.36985696537123
THBS1	SDC1	R-HSA-1971475	REACTOME_A_TETRASACCHARIDE_LINKER_SEQUENCE_IS_REQUIRED_FOR_GAG_SYNTHESIS	4.21012420480183e-82	8.01400835475437e-82	5.87784721611172	4.97371489672129	1.11187250236328e-16	1	6	12	1.73752399674735e-10	1	0	-1.71378563230842	-1.36985696537123
THBS1	SDC1	R-HSA-3560782	REACTOME_DISEASES_ASSOCIATED_WITH_GLYCOSAMINOGLYCAN_METABOLISM	4.21012420480183e-82	8.01400835475437e-82	5.87784721611172	4.97371489672129	1.11187250236328e-16	1	6	12	1.73752399674735e-10	1	0	-1.71378563230842	-1.36985696537123
THBS1	SDC1	R-HSA-3560783	REACTOME_DEFECTIVE_B4GALT7_CAUSES_EDS_PROGEROID_TYPE	4.21012420480183e-82	8.01400835475437e-82	5.87784721611172	4.97371489672129	1.11187250236328e-16	1	6	12	1.73752399674735e-10	1	0	-1.71378563230842	-1.36985696537123
THBS1	SDC4	R-HSA-1793185	REACTOME_CHONDROITIN_SULFATE_DERMATAN_SULFATE_METABOLISM	5.24183028001108e-82	9.9391209095744e-82	5.87784721611172	1.77570057185383	6.38926549552763e-17	1	7	13	1.73752399674735e-10	1	0	-1.71378563230842	2.92131411044688
THBS1	SDC4	R-HSA-1971475	REACTOME_A_TETRASACCHARIDE_LINKER_SEQUENCE_IS_REQUIRED_FOR_GAG_SYNTHESIS	5.24183028001108e-82	9.9391209095744e-82	5.87784721611172	1.77570057185383	6.38926549552763e-17	1	7	13	1.73752399674735e-10	1	0	-1.71378563230842	2.92131411044688
THBS1	SDC4	R-HSA-3560782	REACTOME_DISEASES_ASSOCIATED_WITH_GLYCOSAMINOGLYCAN_METABOLISM	5.24183028001108e-82	9.9391209095744e-82	5.87784721611172	1.77570057185383	6.38926549552763e-17	1	7	13	1.73752399674735e-10	1	0	-1.71378563230842	2.92131411044688
THBS1	SDC4	R-HSA-3560783	REACTOME_DEFECTIVE_B4GALT7_CAUSES_EDS_PROGEROID_TYPE	5.24183028001108e-82	9.9391209095744e-82	5.87784721611172	1.77570057185383	6.38926549552763e-17	1	7	13	1.73752399674735e-10	1	0	-1.71378563230842	2.92131411044688
L1CAM	EGFR	R-HSA-1236382	REACTOME_CONSTITUTIVE_SIGNALING_BY_LIGAND_RESPONSIVE_EGFR_CANCER_VARIANTS	6.93318819910792e-82	1.31333817195517e-81	6.16331281736985	2.78295784689883	8.85758904323062e-24	1	8	16	1.23822362565426e-07	1	0	5.88961647399386	5.81170270821198
TNC	SDC1	R-HSA-1793185	REACTOME_CHONDROITIN_SULFATE_DERMATAN_SULFATE_METABOLISM	1.01634003719369e-81	1.91778946148722e-81	5.19362687065032	4.97371489672129	2.68410261891482e-16	1	6	12	1.73752399674735e-10	1	0	7.1142609861648	-1.36985696537123
TNC	SDC1	R-HSA-1971475	REACTOME_A_TETRASACCHARIDE_LINKER_SEQUENCE_IS_REQUIRED_FOR_GAG_SYNTHESIS	1.01634003719369e-81	1.91778946148722e-81	5.19362687065032	4.97371489672129	2.68410261891482e-16	1	6	12	1.73752399674735e-10	1	0	7.1142609861648	-1.36985696537123
TNC	SDC1	R-HSA-3560782	REACTOME_DISEASES_ASSOCIATED_WITH_GLYCOSAMINOGLYCAN_METABOLISM	1.01634003719369e-81	1.91778946148722e-81	5.19362687065032	4.97371489672129	2.68410261891482e-16	1	6	12	1.73752399674735e-10	1	0	7.1142609861648	-1.36985696537123
TNC	SDC1	R-HSA-3560783	REACTOME_DEFECTIVE_B4GALT7_CAUSES_EDS_PROGEROID_TYPE	1.01634003719369e-81	1.91778946148722e-81	5.19362687065032	4.97371489672129	2.68410261891482e-16	1	6	12	1.73752399674735e-10	1	0	7.1142609861648	-1.36985696537123
TNC	SDC4	R-HSA-1793185	REACTOME_CHONDROITIN_SULFATE_DERMATAN_SULFATE_METABOLISM	1.26539781787749e-81	2.37855816969657e-81	5.19362687065032	1.77570057185383	1.54239305433283e-16	1	7	13	1.73752399674735e-10	1	0	7.1142609861648	2.92131411044688
TNC	SDC4	R-HSA-1971475	REACTOME_A_TETRASACCHARIDE_LINKER_SEQUENCE_IS_REQUIRED_FOR_GAG_SYNTHESIS	1.26539781787749e-81	2.37855816969657e-81	5.19362687065032	1.77570057185383	1.54239305433283e-16	1	7	13	1.73752399674735e-10	1	0	7.1142609861648	2.92131411044688
TNC	SDC4	R-HSA-3560782	REACTOME_DISEASES_ASSOCIATED_WITH_GLYCOSAMINOGLYCAN_METABOLISM	1.26539781787749e-81	2.37855816969657e-81	5.19362687065032	1.77570057185383	1.54239305433283e-16	1	7	13	1.73752399674735e-10	1	0	7.1142609861648	2.92131411044688
TNC	SDC4	R-HSA-3560783	REACTOME_DEFECTIVE_B4GALT7_CAUSES_EDS_PROGEROID_TYPE	1.26539781787749e-81	2.37855816969657e-81	5.19362687065032	1.77570057185383	1.54239305433283e-16	1	7	13	1.73752399674735e-10	1	0	7.1142609861648	2.92131411044688
COL1A2	ITGB3	R-HSA-76005	REACTOME_RESPONSE_TO_ELEVATED_PLATELET_CYTOSOLIC_CA2	1.32289181242077e-81	2.48423818236323e-81	15.6937572852742	3.24113977349228	9.40316855048686e-29	1	7	14	9.09571561611411e-08	1	0	5.77125570056243	-5.39454496662179
SPTBN2	PTPRA	R-HSA-375165	REACTOME_NCAM_SIGNALING_FOR_NEURITE_OUT_GROWTH	2.96634825786711e-81	5.56510869127231e-81	6.69659823092238	1.60140988377061	5.03687557475706e-23	1	8	15	1.75868902070096e-08	1	0	3.76171371722107	-1.47397876097525
LAMB1	ITGA7	R-HSA-216083	REACTOME_INTEGRIN_CELL_SURFACE_INTERACTIONS	3.12889959754523e-81	5.86443465835492e-81	8.25802293327529	1.74964071687458	4.80234551586384e-28	1	4	8	1.03074518351343e-11	1	0	-0.279099545272194	3.34330487821446
CDH1	EGFR	R-HSA-1963640	REACTOME_GRB2_EVENTS_IN_ERBB2_SIGNALING	3.2832509755901e-81	6.14783236368884e-81	14.3361338797864	2.78295784689883	2.13296038644674e-35	1	4	8	3.07486930655317e-10	1	0	-3.29081622051826	5.81170270821198
LAMC1	ITGB4	R-HSA-446728	REACTOME_CELL_JUNCTION_ORGANIZATION	3.37583026139543e-81	6.31513074761042e-81	1.71511038573227	7.1327068911155	5.74368670193046e-24	1	12	23	5.24627361747755e-06	1	0	-2.06597306819101	3.5750195739368
LAMC1	ITGB4	R-HSA-3000171	REACTOME_NON_INTEGRIN_MEMBRANE_ECM_INTERACTIONS	3.44611310512283e-81	6.44043913330612e-81	1.71511038573227	7.1327068911155	5.74368670193046e-24	1	7	13	2.30873722817573e-09	1	0	-2.06597306819101	3.5750195739368
LAMB1	ITGA3	R-HSA-216083	REACTOME_INTEGRIN_CELL_SURFACE_INTERACTIONS	4.81935126383451e-81	8.99827248400459e-81	8.25802293327529	1.43205767826489	6.10784912967009e-22	1	4	9	6.74222929983704e-11	1	0	-0.279099545272194	4.89650700834186
HSPG2	SDC1	R-HSA-1793185	REACTOME_CHONDROITIN_SULFATE_DERMATAN_SULFATE_METABOLISM	5.87323855778592e-81	1.09242237174818e-80	3.09676104986744	4.97371489672129	1.55109258885375e-15	1	6	12	1.73752399674735e-10	1	0	2.05397683291469	-1.36985696537123
HSPG2	SDC1	R-HSA-1971475	REACTOME_A_TETRASACCHARIDE_LINKER_SEQUENCE_IS_REQUIRED_FOR_GAG_SYNTHESIS	5.87323855778592e-81	1.09242237174818e-80	3.09676104986744	4.97371489672129	1.55109258885375e-15	1	6	12	1.73752399674735e-10	1	0	2.05397683291469	-1.36985696537123
HSPG2	SDC1	R-HSA-3560782	REACTOME_DISEASES_ASSOCIATED_WITH_GLYCOSAMINOGLYCAN_METABOLISM	5.87323855778592e-81	1.09242237174818e-80	3.09676104986744	4.97371489672129	1.55109258885375e-15	1	6	12	1.73752399674735e-10	1	0	2.05397683291469	-1.36985696537123
HSPG2	SDC1	R-HSA-3560783	REACTOME_DEFECTIVE_B4GALT7_CAUSES_EDS_PROGEROID_TYPE	5.87323855778592e-81	1.09242237174818e-80	3.09676104986744	4.97371489672129	1.55109258885375e-15	1	6	12	1.73752399674735e-10	1	0	2.05397683291469	-1.36985696537123
MFGE8	ITGB3	R-HSA-3000171	REACTOME_NON_INTEGRIN_MEMBRANE_ECM_INTERACTIONS	8.44397093691531e-81	1.5690842283345e-80	2.78019749763891	3.24113977349228	1.31318292743563e-23	1	6	11	1.05664685869326e-10	1	0	4.64057982249706	-5.39454496662179
FBN1	ITGB3	R-HSA-3000171	REACTOME_NON_INTEGRIN_MEMBRANE_ECM_INTERACTIONS	1.06691708902717e-80	1.98069303694872e-80	6.55908628413473	3.24113977349228	1.65923984907937e-23	1	6	11	1.05664685869326e-10	1	0	3.99266837107762	-5.39454496662179
SEMA5A	MET	R-HSA-8876384	REACTOME_LISTERIA_MONOCYTOGENES_ENTRY_INTO_HOST_CELLS	1.09054319155339e-80	2.02263138946227e-80	13.2905452772287	3.79679238684995	1.61419777351974e-29	1	7	14	1.4757622332939e-07	1	0	-1.81425316210326	5.97546678596363
WNT5A	FZD2	R-HSA-4086400	REACTOME_PCP_CE_PATHWAY	1.17053320365189e-80	2.16892917147262e-80	3.4155479880697	3.52410544200316	2.86033497987759e-24	1	12	23	6.16712414326921e-06	1	0	7.42682687423672	3.79491577287468
IL6ST	CNTFR	R-HSA-6783589	REACTOME_INTERLEUKIN_6_FAMILY_SIGNALING	1.55259984832693e-80	2.87414929268483e-80	2.36421696357824	10.9136784063068	5.24588923080769e-30	1	6	11	1.36280294275829e-09	1	0	2.53240000666997	4.05203699613079
CDH1	EGFR	R-HSA-5637810	REACTOME_CONSTITUTIVE_SIGNALING_BY_EGFRVIII	1.63340317323554e-80	3.02086780050096e-80	14.3361338797864	2.78295784689883	2.13296038644674e-35	1	7	13	1.23822362565426e-07	1	0	-3.29081622051826	5.81170270821198
COL18A1	GPC1	R-HSA-1793185	REACTOME_CHONDROITIN_SULFATE_DERMATAN_SULFATE_METABOLISM	1.96696004664771e-80	3.62403110481412e-80	3.25983197505071	4.90779964490746	6.91163763028142e-24	1	7	13	2.8837443638528e-09	1	0	6.43761926723443	0.670420105488671
COL18A1	GPC1	R-HSA-1971475	REACTOME_A_TETRASACCHARIDE_LINKER_SEQUENCE_IS_REQUIRED_FOR_GAG_SYNTHESIS	1.96696004664771e-80	3.62403110481412e-80	3.25983197505071	4.90779964490746	6.91163763028142e-24	1	7	13	2.8837443638528e-09	1	0	6.43761926723443	0.670420105488671
COL18A1	GPC1	R-HSA-3560782	REACTOME_DISEASES_ASSOCIATED_WITH_GLYCOSAMINOGLYCAN_METABOLISM	1.96696004664771e-80	3.62403110481412e-80	3.25983197505071	4.90779964490746	6.91163763028142e-24	1	7	13	2.8837443638528e-09	1	0	6.43761926723443	0.670420105488671
COL18A1	GPC1	R-HSA-3560783	REACTOME_DEFECTIVE_B4GALT7_CAUSES_EDS_PROGEROID_TYPE	1.96696004664771e-80	3.62403110481412e-80	3.25983197505071	4.90779964490746	6.91163763028142e-24	1	7	13	2.8837443638528e-09	1	0	6.43761926723443	0.670420105488671
EFEMP1	EGFR	R-HSA-1227990	REACTOME_SIGNALING_BY_ERBB2_IN_CANCER	2.106563921298e-80	3.87758655824222e-80	11.6997034417759	2.78295784689883	8.1429949443564e-21	1	9	17	7.7963177157042e-08	1	0	1.01946244719326	5.81170270821198
TNFSF9	TRAF2	R-HSA-445989	REACTOME_TAK1_DEPENDENT_IKK_AND_NF_KAPPA_B_ACTIVATION	2.19656778223102e-80	4.03945092156043e-80	2.56841166294607	1.20566797021442	3.85886181446648e-17	1	16	30	1.72841757090196e-05	1	0	-4.99093337728425	2.37330096619563
CDH1	CDH2	R-HSA-446728	REACTOME_CELL_JUNCTION_ORGANIZATION	2.73785520843893e-80	5.03013285238121e-80	14.3361338797864	1.4046612592213	1.87651132507188e-32	1	10	19	5.24627361747755e-06	1	0	-3.29081622051826	-6.36051979772941
NTN1	UNC5C	R-HSA-373752	REACTOME_NETRIN_1_SIGNALING	2.81739386195578e-80	5.17140057556357e-80	6.22197922707358	8.72870691143471	1.69785199160739e-28	1	7	14	1.23822362565426e-07	1	0	-1.51606383324511	2.94184891250131
LAMA1	GPC1	R-HSA-1793185	REACTOME_CHONDROITIN_SULFATE_DERMATAN_SULFATE_METABOLISM	4.18801415024177e-80	7.65841913429043e-80	19.4121541047617	4.90779964490746	1.47161281929925e-23	1	7	13	2.8837443638528e-09	1	0	5.04833152876336	0.670420105488671
LAMA1	GPC1	R-HSA-1971475	REACTOME_A_TETRASACCHARIDE_LINKER_SEQUENCE_IS_REQUIRED_FOR_GAG_SYNTHESIS	4.18801415024177e-80	7.65841913429043e-80	19.4121541047617	4.90779964490746	1.47161281929925e-23	1	7	13	2.8837443638528e-09	1	0	5.04833152876336	0.670420105488671
LAMA1	GPC1	R-HSA-3560782	REACTOME_DISEASES_ASSOCIATED_WITH_GLYCOSAMINOGLYCAN_METABOLISM	4.18801415024177e-80	7.65841913429043e-80	19.4121541047617	4.90779964490746	1.47161281929925e-23	1	7	13	2.8837443638528e-09	1	0	5.04833152876336	0.670420105488671
LAMA1	GPC1	R-HSA-3560783	REACTOME_DEFECTIVE_B4GALT7_CAUSES_EDS_PROGEROID_TYPE	4.18801415024177e-80	7.65841913429043e-80	19.4121541047617	4.90779964490746	1.47161281929925e-23	1	7	13	2.8837443638528e-09	1	0	5.04833152876336	0.670420105488671
WNT5A	FZD6	R-HSA-4086400	REACTOME_PCP_CE_PATHWAY	5.18801299571334e-80	9.47819399497489e-80	3.4155479880697	2.2006318784384	1.26775173924169e-23	1	12	23	6.16712414326921e-06	1	0	7.42682687423672	-4.41813377410395
TNC	EGFR	R-HSA-881907	REACTOME_GASTRIN_CREB_SIGNALLING_PATHWAY_VIA_PKC_AND_MAPK	6.15736818551273e-80	1.12386355759873e-79	5.19362687065032	2.78295784689883	2.991461174726e-16	1	6	12	3.07486930655317e-10	1	0	7.1142609861648	5.81170270821198
WNT5A	FZD6	R-HSA-4641263	REACTOME_REGULATION_OF_FZD_BY_UBIQUITINATION	7.31500716376408e-80	1.33391307103933e-79	3.4155479880697	2.2006318784384	1.26775173924169e-23	1	6	11	1.52319833988988e-10	1	0	7.42682687423672	-4.41813377410395
L1CAM	ERBB2	R-HSA-1250196	REACTOME_SHC1_EVENTS_IN_ERBB2_SIGNALING	9.51214551309777e-80	1.73294964431716e-79	6.16331281736985	5.3918454128273	1.47975155580914e-32	1	5	10	5.59300320892075e-09	1	0	5.88961647399386	0.2885538415546
COL4A2	ITGB3	R-HSA-354192	REACTOME_INTEGRIN_SIGNALING	1.14764525932534e-79	2.0869191726838e-79	1.3466555524192	3.24113977349228	1.42947698594562e-15	1	7	14	3.57589206513711e-09	1	0	7.20313784037645	-5.39454496662179
COL4A2	ITGB3	R-HSA-76009	REACTOME_PLATELET_AGGREGATION_PLUG_FORMATION	1.14764525932534e-79	2.0869191726838e-79	1.3466555524192	3.24113977349228	1.42947698594562e-15	1	7	14	3.57589206513711e-09	1	0	7.20313784037645	-5.39454496662179
FGF2	SDC1	R-HSA-1793185	REACTOME_CHONDROITIN_SULFATE_DERMATAN_SULFATE_METABOLISM	1.48505349443465e-79	2.69045405809914e-79	1.70513973428035	4.97371489672129	3.9219511460425e-14	1	6	12	1.73752399674735e-10	1	0	-0.194671018551907	-1.36985696537123
FGF2	SDC1	R-HSA-1971475	REACTOME_A_TETRASACCHARIDE_LINKER_SEQUENCE_IS_REQUIRED_FOR_GAG_SYNTHESIS	1.48505349443465e-79	2.69045405809914e-79	1.70513973428035	4.97371489672129	3.9219511460425e-14	1	6	12	1.73752399674735e-10	1	0	-0.194671018551907	-1.36985696537123
FGF2	SDC1	R-HSA-3560782	REACTOME_DISEASES_ASSOCIATED_WITH_GLYCOSAMINOGLYCAN_METABOLISM	1.48505349443465e-79	2.69045405809914e-79	1.70513973428035	4.97371489672129	3.9219511460425e-14	1	6	12	1.73752399674735e-10	1	0	-0.194671018551907	-1.36985696537123
FGF2	SDC1	R-HSA-3560783	REACTOME_DEFECTIVE_B4GALT7_CAUSES_EDS_PROGEROID_TYPE	1.48505349443465e-79	2.69045405809914e-79	1.70513973428035	4.97371489672129	3.9219511460425e-14	1	6	12	1.73752399674735e-10	1	0	-0.194671018551907	-1.36985696537123
LAMB2	ITGA7	R-HSA-216083	REACTOME_INTEGRIN_CELL_SURFACE_INTERACTIONS	1.69330246876399e-79	3.06489316172018e-79	11.5489876350185	1.74964071687458	2.59894038282651e-26	1	4	8	1.03074518351343e-11	1	0	7.52145571443406	3.34330487821446
EFNA1	EPHA5	R-HSA-2682334	REACTOME_EPH_EPHRIN_SIGNALING	1.74583614523293e-79	3.15705369596288e-79	11.2370757625062	7.16164859316141	3.98678497620215e-33	1	2	4	2.42479074282942e-16	1	0	5.76902987575632	1.45775684830993
FGF2	SDC4	R-HSA-1793185	REACTOME_CHONDROITIN_SULFATE_DERMATAN_SULFATE_METABOLISM	1.84897119322165e-79	3.33121839516779e-79	1.70513973428035	1.77570057185383	2.25371048202856e-14	1	7	13	1.73752399674735e-10	1	0	-0.194671018551907	2.92131411044688
FGF2	SDC4	R-HSA-1971475	REACTOME_A_TETRASACCHARIDE_LINKER_SEQUENCE_IS_REQUIRED_FOR_GAG_SYNTHESIS	1.84897119322165e-79	3.33121839516779e-79	1.70513973428035	1.77570057185383	2.25371048202856e-14	1	7	13	1.73752399674735e-10	1	0	-0.194671018551907	2.92131411044688
FGF2	SDC4	R-HSA-3560782	REACTOME_DISEASES_ASSOCIATED_WITH_GLYCOSAMINOGLYCAN_METABOLISM	1.84897119322165e-79	3.33121839516779e-79	1.70513973428035	1.77570057185383	2.25371048202856e-14	1	7	13	1.73752399674735e-10	1	0	-0.194671018551907	2.92131411044688
FGF2	SDC4	R-HSA-3560783	REACTOME_DEFECTIVE_B4GALT7_CAUSES_EDS_PROGEROID_TYPE	1.84897119322165e-79	3.33121839516779e-79	1.70513973428035	1.77570057185383	2.25371048202856e-14	1	7	13	1.73752399674735e-10	1	0	-0.194671018551907	2.92131411044688
L1CAM	ITGB3	R-HSA-76005	REACTOME_RESPONSE_TO_ELEVATED_PLATELET_CYTOSOLIC_CA2	2.29652871569423e-79	4.13375168824962e-79	6.16331281736985	3.24113977349228	1.63238190696712e-26	1	7	14	9.09571561611411e-08	1	0	5.88961647399386	-5.39454496662179
LAMB2	ITGA3	R-HSA-216083	REACTOME_INTEGRIN_CELL_SURFACE_INTERACTIONS	2.60814357843065e-79	4.69033555126617e-79	11.5489876350185	1.43205767826489	3.30545474141212e-20	1	4	9	6.74222929983704e-11	1	0	7.52145571443406	4.89650700834186
COMP	ITGB3	R-HSA-76005	REACTOME_RESPONSE_TO_ELEVATED_PLATELET_CYTOSOLIC_CA2	2.71840274927509e-79	4.88412195890915e-79	8.99453854548071	3.24113977349228	1.93225167769126e-26	1	7	14	9.09571561611411e-08	1	0	4.26810252217773	-5.39454496662179
COL4A4	ITGB3	R-HSA-3000171	REACTOME_NON_INTEGRIN_MEMBRANE_ECM_INTERACTIONS	2.94155111998358e-79	5.28019240563229e-79	2.61912453042687	3.24113977349228	4.57461867147628e-22	1	6	11	1.05664685869326e-10	1	0	5.55251303801619	-5.39454496662179
EFNA5	EPHA5	R-HSA-2682334	REACTOME_EPH_EPHRIN_SIGNALING	3.33670653677061e-79	5.98401089652251e-79	8.38426854170645	7.16164859316141	7.61969072934834e-33	1	2	4	2.42479074282942e-16	1	0	-1.86748876519081	1.45775684830993
COL18A1	ITGB3	R-HSA-3000171	REACTOME_NON_INTEGRIN_MEMBRANE_ECM_INTERACTIONS	5.11710873730755e-79	9.16854437060701e-79	3.25983197505071	3.24113977349228	7.9579855045294e-22	1	6	11	1.05664685869326e-10	1	0	6.43761926723443	-5.39454496662179
S100B	APP	R-HSA-432720	REACTOME_LYSOSOME_VESICLE_BIOGENESIS	5.65934823399203e-79	1.01308039422424e-78	4.09101248316345	1.25658697558778	4.32933445283623e-18	1	11	20	2.4264691197058e-07	1	0	-6.36051979772941	7.47779934429022
WNT5A	RYK	R-HSA-4086400	REACTOME_PCP_CE_PATHWAY	5.77804177675911e-79	1.03338054853576e-78	3.4155479880697	1.51365738659742	9.65811119975263e-20	1	13	24	3.37862052170401e-06	1	0	7.42682687423672	4.40912138106216
EFEMP1	EGFR	R-HSA-1236382	REACTOME_CONSTITUTIVE_SIGNALING_BY_LIGAND_RESPONSIVE_EGFR_CANCER_VARIANTS	6.3738468987511e-79	1.13889505885278e-78	11.6997034417759	2.78295784689883	8.1429949443564e-21	1	8	16	1.23822362565426e-07	1	0	1.01946244719326	5.81170270821198
ANXA1	EGFR	R-HSA-1227990	REACTOME_SIGNALING_BY_ERBB2_IN_CANCER	6.6417049608605e-79	1.18567182710791e-78	2.7077812217246	2.78295784689883	2.56737378682862e-19	1	9	17	7.7963177157042e-08	1	0	7.68275466234545	5.81170270821198
RND1	ERBB2	R-HSA-1250196	REACTOME_SHC1_EVENTS_IN_ERBB2_SIGNALING	7.54122752901664e-79	1.34502441681913e-78	7.22325820936774	5.3918454128273	1.17314681040229e-31	1	5	10	5.59300320892075e-09	1	0	4.94217931808006	0.2885538415546
L1CAM	FGFR2	R-HSA-5655253	REACTOME_SIGNALING_BY_FGFR2_IN_DISEASE	8.32387209897802e-79	1.48325932566643e-78	6.16331281736985	12.4701828090957	1.09979507447957e-39	1	5	10	1.23822362565426e-07	1	0	5.88961647399386	-6.36051979772941
L1CAM	ERBB2	R-HSA-1963642	REACTOME_PI3K_EVENTS_IN_ERBB2_SIGNALING	8.41794662979846e-79	1.4986554027344e-78	6.16331281736985	5.3918454128273	1.47975155580914e-32	1	4	8	2.51979861956075e-10	1	0	5.88961647399386	0.2885538415546
L1CAM	EGFR	R-HSA-180292	REACTOME_GAB1_SIGNALOSOME	1.04749680056471e-78	1.86317053870936e-78	6.16331281736985	2.78295784689883	8.85758904323062e-24	1	6	11	2.51979861956075e-10	1	0	5.88961647399386	5.81170270821198
FN1	ITGB3	R-HSA-354192	REACTOME_INTEGRIN_SIGNALING	1.50833410112485e-78	2.67797863590622e-78	3.91871645826014	3.24113977349228	1.87874159471756e-14	1	7	14	3.57589206513711e-09	1	0	7.84296292746818	-5.39454496662179
FN1	ITGB3	R-HSA-76009	REACTOME_PLATELET_AGGREGATION_PLUG_FORMATION	1.50833410112485e-78	2.67797863590622e-78	3.91871645826014	3.24113977349228	1.87874159471756e-14	1	7	14	3.57589206513711e-09	1	0	7.84296292746818	-5.39454496662179
L1CAM	EGFR	R-HSA-1250196	REACTOME_SHC1_EVENTS_IN_ERBB2_SIGNALING	1.57215275040564e-78	2.78875051911192e-78	6.16331281736985	2.78295784689883	8.85758904323062e-24	1	5	10	3.07486930655317e-10	1	0	5.88961647399386	5.81170270821198
SEMA5A	MET	R-HSA-9825892	REACTOME_REGULATION_OF_MITF_M_DEPENDENT_GENES_INVOLVED_IN_CELL_CYCLE_AND_PROLIFERATION	2.00337676397667e-78	3.55044902000585e-78	13.2905452772287	3.79679238684995	1.61419777351974e-29	1	7	14	2.83159672569149e-07	1	0	-1.81425316210326	5.97546678596363
LTBP1	ITGB3	R-HSA-354192	REACTOME_INTEGRIN_SIGNALING	2.01556551818347e-78	3.56557921830827e-78	2.03718846603833	3.24113977349228	2.51053581104197e-14	1	7	14	3.57589206513711e-09	1	0	6.71785217640578	-5.39454496662179
LTBP1	ITGB3	R-HSA-76009	REACTOME_PLATELET_AGGREGATION_PLUG_FORMATION	2.01556551818347e-78	3.56557921830827e-78	2.03718846603833	3.24113977349228	2.51053581104197e-14	1	7	14	3.57589206513711e-09	1	0	6.71785217640578	-5.39454496662179
DCN	EGFR	R-HSA-1227990	REACTOME_SIGNALING_BY_ERBB2_IN_CANCER	2.51400626989205e-78	4.44330700913952e-78	17.3257647468552	2.78295784689883	9.71797728938474e-19	1	9	17	7.7963177157042e-08	1	0	-2.63243594134095	5.81170270821198
S100B	APP	R-HSA-445989	REACTOME_TAK1_DEPENDENT_IKK_AND_NF_KAPPA_B_ACTIVATION	2.54672196661199e-78	4.49705967521991e-78	4.09101248316345	1.25658697558778	4.32933445283623e-18	1	15	29	2.87523201503452e-05	1	0	-6.36051979772941	7.47779934429022
COL1A2	ITGB3	R-HSA-216083	REACTOME_INTEGRIN_CELL_SURFACE_INTERACTIONS	2.75112935539915e-78	4.8536184562733e-78	15.6937572852742	3.24113977349228	9.40316855048686e-29	1	3	7	6.74222929983704e-11	1	0	5.77125570056243	-5.39454496662179
COL4A3	ITGB3	R-HSA-76005	REACTOME_RESPONSE_TO_ELEVATED_PLATELET_CYTOSOLIC_CA2	3.30079788652973e-78	5.81810313392831e-78	8.62407894562393	3.24113977349228	2.34622049866144e-25	1	7	14	9.09571561611411e-08	1	0	0.82100178352364	-5.39454496662179
FGF2	FGFR3	R-HSA-5654732	REACTOME_NEGATIVE_REGULATION_OF_FGFR3_SIGNALING	3.94412580974194e-78	6.94578693095222e-78	1.70513973428035	4.85646853460732	2.587332934115e-18	1	8	15	1.11382956479553e-08	1	0	-0.194671018551907	4.42416595366005
WNT5A	ROR2	R-HSA-4086400	REACTOME_PCP_CE_PATHWAY	4.89932583874915e-78	8.62016519196135e-78	3.4155479880697	3.4154858306922	1.19720765123719e-21	1	12	23	6.16712414326921e-06	1	0	7.42682687423672	-0.882987269807791
SPTAN1	PTPRA	R-HSA-375165	REACTOME_NCAM_SIGNALING_FOR_NEURITE_OUT_GROWTH	6.20887185955894e-78	1.09144255100978e-77	1.95516347549461	1.60140988377061	1.05426983946569e-19	1	8	15	1.75868902070096e-08	1	0	7.70847514733168	-1.47397876097525
RND1	ERBB2	R-HSA-1963642	REACTOME_PI3K_EVENTS_IN_ERBB2_SIGNALING	6.67374681926572e-78	1.17210679298795e-77	7.22325820936774	5.3918454128273	1.17314681040229e-31	1	4	8	2.51979861956075e-10	1	0	4.94217931808006	0.2885538415546
CTF1	IL6ST	R-HSA-6783589	REACTOME_INTERLEUKIN_6_FAMILY_SIGNALING	6.78354522570662e-78	1.19032019998248e-77	8.22538207456949	2.36421696357824	4.07378653125843e-21	1	6	12	2.98315745010491e-09	1	0	-3.43002666883068	2.53240000666997
NID1	ITGB3	R-HSA-3000171	REACTOME_NON_INTEGRIN_MEMBRANE_ECM_INTERACTIONS	8.52499761447585e-78	1.49455299291484e-77	1.52477175080913	3.24113977349228	1.32578397147454e-20	1	6	11	1.05664685869326e-10	1	0	5.58579957949785	-5.39454496662179
ANXA1	EGFR	R-HSA-1236382	REACTOME_CONSTITUTIVE_SIGNALING_BY_LIGAND_RESPONSIVE_EGFR_CANCER_VARIANTS	2.00958585396811e-77	3.51992930295939e-77	2.7077812217246	2.78295784689883	2.56737378682862e-19	1	8	16	1.23822362565426e-07	1	0	7.68275466234545	5.81170270821198
RND1	MET	R-HSA-8876384	REACTOME_LISTERIA_MONOCYTOGENES_ENTRY_INTO_HOST_CELLS	2.4204427439276e-77	4.2357748018733e-77	7.22325820936774	3.79679238684995	3.5826855079574e-26	1	7	14	1.4757622332939e-07	1	0	4.94217931808006	5.97546678596363
NTN1	NEO1	R-HSA-373752	REACTOME_NETRIN_1_SIGNALING	2.52633028784851e-77	4.41712001089359e-77	6.22197922707358	3.61575542677198	1.03226683890037e-22	1	8	15	4.98331932331366e-08	1	0	-1.51606383324511	6.43729120111846
WNT2	FZD3	R-HSA-373080	REACTOME_CLASS_B_2_SECRETIN_FAMILY_RECEPTORS	2.5479043103759e-77	4.45085609853679e-77	15.1935294071625	1.59995097004923	2.42865184716672e-20	1	4	9	1.52319833988988e-10	1	0	-3.57793043501172	4.7931863954282
SEMA4D	ERBB2	R-HSA-8864260	REACTOME_TRANSCRIPTIONAL_REGULATION_BY_THE_AP_2_TFAP2_FAMILY_OF_TRANSCRIPTION_FACTORS	2.82054308379682e-77	4.92271728566147e-77	1.60620941757158	5.3918454128273	1.05967340042737e-26	1	7	14	1.75166366836059e-07	1	0	-0.545072800988612	0.2885538415546
UBB	ERBB2	R-HSA-8864260	REACTOME_TRANSCRIPTIONAL_REGULATION_BY_THE_AP_2_TFAP2_FAMILY_OF_TRANSCRIPTION_FACTORS	2.84710397315212e-77	4.96463755318401e-77	1.61742059701178	5.3918454128273	1.06965228289975e-26	1	7	14	1.75166366836059e-07	1	0	-0.872149922875403	0.2885538415546
FBLN2	ITGB3	R-HSA-210990	REACTOME_PECAM1_INTERACTIONS	3.18348548672866e-77	5.54625080783325e-77	17.5000998547113	3.24113977349228	3.3590588362703e-35	1	4	9	4.73588344117171e-08	1	0	6.82089839498334	-5.39454496662179
L1CAM	ERBB3	R-HSA-1250196	REACTOME_SHC1_EVENTS_IN_ERBB2_SIGNALING	4.58813583040311e-77	7.9863006031883e-77	6.16331281736985	9.09909784607182	7.13750764636023e-30	1	5	10	5.59300320892075e-09	1	0	5.88961647399386	4.9842892437399
BMP6	BMPR1A	R-HSA-201451	REACTOME_SIGNALING_BY_BMP	5.30946543703437e-77	9.22543238303213e-77	2.26829748430767	1.58973666179041	7.2293694647516e-14	1	9	17	3.1462712979089e-08	1	0	7.23582165750706	3.32130477919495
EFNA1	EPHA4	R-HSA-2682334	REACTOME_EPH_EPHRIN_SIGNALING	5.30769573776698e-77	9.22543238303213e-77	11.2370757625062	12.1800690477723	3.31866327091942e-37	1	2	4	3.42001946888516e-14	1	0	5.76902987575632	4.48765691180463
SLIT2	GPC1	R-HSA-2024096	REACTOME_HS_GAG_DEGRADATION	6.04447902283384e-77	1.04932155836395e-76	6.20283557424795	4.90779964490746	7.33880397676584e-27	1	6	12	2.69774693235423e-08	1	0	4.67965566152487	0.670420105488671
DCN	EGFR	R-HSA-1236382	REACTOME_CONSTITUTIVE_SIGNALING_BY_LIGAND_RESPONSIVE_EGFR_CANCER_VARIANTS	7.60664839304702e-77	1.3193414131102e-76	17.3257647468552	2.78295784689883	9.71797728938474e-19	1	8	16	1.23822362565426e-07	1	0	-2.63243594134095	5.81170270821198
EFNA5	EPHA4	R-HSA-2682334	REACTOME_EPH_EPHRIN_SIGNALING	1.0144264174937e-76	1.75636063241596e-76	8.38426854170645	12.1800690477723	6.34275184395381e-37	1	2	4	3.42001946888516e-14	1	0	-1.86748876519081	4.48765691180463
WNT5A	FZD3	R-HSA-373080	REACTOME_CLASS_B_2_SECRETIN_FAMILY_RECEPTORS	1.01420345028292e-76	1.75636063241596e-76	3.4155479880697	1.59995097004923	9.66734532730192e-20	1	4	9	1.52319833988988e-10	1	0	7.42682687423672	4.7931863954282
COL4A3	ITGA3	R-HSA-216083	REACTOME_INTEGRIN_CELL_SURFACE_INTERACTIONS	1.06827635943383e-76	1.84795724532707e-76	8.62407894562393	1.43205767826489	1.35388986504867e-17	1	4	9	6.74222929983704e-11	1	0	0.82100178352364	4.89650700834186
THBS1	ITGB3	R-HSA-3000171	REACTOME_NON_INTEGRIN_MEMBRANE_ECM_INTERACTIONS	1.46847647076463e-76	2.53799517469321e-76	5.87784721611172	3.24113977349228	2.28373385597358e-19	1	6	11	1.05664685869326e-10	1	0	-1.71378563230842	-5.39454496662179
MFGE8	ITGB3	R-HSA-76005	REACTOME_RESPONSE_TO_ELEVATED_PLATELET_CYTOSOLIC_CA2	1.84746123988746e-76	3.19017842749798e-76	2.78019749763891	3.24113977349228	1.31318292743563e-23	1	7	14	9.09571561611411e-08	1	0	4.64057982249706	-5.39454496662179
WNT2	FZD3	R-HSA-4086400	REACTOME_PCP_CE_PATHWAY	1.98774022191884e-76	3.4293786690879e-76	15.1935294071625	1.59995097004923	2.42865184716672e-20	1	13	24	6.16712414326921e-06	1	0	-3.57793043501172	4.7931863954282
FBN1	ITGB3	R-HSA-76005	REACTOME_RESPONSE_TO_ELEVATED_PLATELET_CYTOSOLIC_CA2	2.33431401277574e-76	4.02375575194264e-76	6.55908628413473	3.24113977349228	1.65923984907937e-23	1	7	14	9.09571561611411e-08	1	0	3.99266837107762	-5.39454496662179
FST	BMPR1B	R-HSA-201451	REACTOME_SIGNALING_BY_BMP	2.94165987699217e-76	5.06619201037541e-76	7.60364677953051	9.23288164730272	4.26852889043013e-26	1	9	17	8.69301084116269e-07	1	0	2.97571481857675	7.32555296377402
CDH1	EGFR	R-HSA-9013507	REACTOME_NOTCH3_ACTIVATION_AND_TRANSMISSION_OF_SIGNAL_TO_THE_NUCLEUS	3.52791067307549e-76	6.07049299076337e-76	14.3361338797864	2.78295784689883	2.13296038644674e-35	1	5	10	6.54715464543213e-08	1	0	-3.29081622051826	5.81170270821198
TNC	ITGB3	R-HSA-3000171	REACTOME_NON_INTEGRIN_MEMBRANE_ECM_INTERACTIONS	3.54495819675047e-76	6.09445718156133e-76	5.19362687065032	3.24113977349228	5.51302061225035e-19	1	6	11	1.05664685869326e-10	1	0	7.1142609861648	-5.39454496662179
L1CAM	ERBB3	R-HSA-1963642	REACTOME_PI3K_EVENTS_IN_ERBB2_SIGNALING	4.0603544697059e-76	6.97438195192227e-76	6.16331281736985	9.09909784607182	7.13750764636023e-30	1	4	8	2.51979861956075e-10	1	0	5.88961647399386	4.9842892437399
FBLN2	ITGB3	R-HSA-372708	REACTOME_P130CAS_LINKAGE_TO_MAPK_SIGNALING_FOR_INTEGRINS	4.12438204582536e-76	7.07813544419765e-76	17.5000998547113	3.24113977349228	3.3590588362703e-35	1	3	7	3.57589206513711e-09	1	0	6.82089839498334	-5.39454496662179
L1CAM	ITGB3	R-HSA-216083	REACTOME_INTEGRIN_CELL_SURFACE_INTERACTIONS	4.77593670619375e-76	8.18911710903986e-76	6.16331281736985	3.24113977349228	1.63238190696712e-26	1	3	7	6.74222929983704e-11	1	0	5.88961647399386	-5.39454496662179
CLCF1	IL6ST	R-HSA-6783589	REACTOME_INTERLEUKIN_6_FAMILY_SIGNALING	4.8301292853948e-76	8.27477411787372e-76	2.37202530845207	2.36421696357824	2.90068319328239e-19	1	6	12	2.98315745010491e-09	1	0	-6.01378384650083	2.53240000666997
COMP	ITGB3	R-HSA-216083	REACTOME_INTEGRIN_CELL_SURFACE_INTERACTIONS	5.65327983219065e-76	9.6764728416024e-76	8.99453854548071	3.24113977349228	1.93225167769126e-26	1	3	7	6.74222929983704e-11	1	0	4.26810252217773	-5.39454496662179
TNC	EGFR	R-HSA-1227990	REACTOME_SIGNALING_BY_ERBB2_IN_CANCER	7.73880399742726e-76	1.32345746120626e-75	5.19362687065032	2.78295784689883	2.991461174726e-16	1	9	17	7.7963177157042e-08	1	0	7.1142609861648	5.81170270821198
L1CAM	EGFR	R-HSA-9634638	REACTOME_ESTROGEN_DEPENDENT_NUCLEAR_EVENTS_DOWNSTREAM_OF_ESR_MEMBRANE_SIGNALING	7.7569033087643e-76	1.32539214015894e-75	6.16331281736985	2.78295784689883	8.85758904323062e-24	1	7	13	1.26218271362278e-08	1	0	5.88961647399386	5.81170270821198
WNT5A	FZD3	R-HSA-4086400	REACTOME_PCP_CE_PATHWAY	7.91227905666056e-76	1.35075882846661e-75	3.4155479880697	1.59995097004923	9.66734532730192e-20	1	13	24	6.16712414326921e-06	1	0	7.42682687423672	4.7931863954282
NCAM1	FGFR2	R-HSA-5655253	REACTOME_SIGNALING_BY_FGFR2_IN_DISEASE	7.98847889007757e-76	1.36257635566127e-75	4.82764517624997	12.4701828090957	1.05548110680004e-36	1	5	10	1.23822362565426e-07	1	0	1.39367405563148	-6.36051979772941
EFEMP1	EGFR	R-HSA-180292	REACTOME_GAB1_SIGNALOSOME	9.62989037942188e-76	1.64111482644074e-75	11.6997034417759	2.78295784689883	8.1429949443564e-21	1	6	11	2.51979861956075e-10	1	0	1.01946244719326	5.81170270821198
L1CAM	ERBB2	R-HSA-400685	REACTOME_SEMA4D_IN_SEMAPHORIN_SIGNALING	1.40676370635239e-75	2.39530036487029e-75	6.16331281736985	5.3918454128273	1.47975155580914e-32	1	9	17	5.4009954180914e-06	1	0	5.88961647399386	0.2885538415546
EFEMP1	EGFR	R-HSA-1250196	REACTOME_SHC1_EVENTS_IN_ERBB2_SIGNALING	1.44531788908101e-75	2.45880299422928e-75	11.6997034417759	2.78295784689883	8.1429949443564e-21	1	5	10	3.07486930655317e-10	1	0	1.01946244719326	5.81170270821198
APP	GPC1	R-HSA-1793185	REACTOME_CHONDROITIN_SULFATE_DERMATAN_SULFATE_METABOLISM	4.40344302531571e-75	7.46521200385554e-75	1.25658697558778	4.90779964490746	1.54731167867099e-18	1	7	13	2.8837443638528e-09	1	0	7.47779934429022	0.670420105488671
APP	GPC1	R-HSA-1971475	REACTOME_A_TETRASACCHARIDE_LINKER_SEQUENCE_IS_REQUIRED_FOR_GAG_SYNTHESIS	4.40344302531571e-75	7.46521200385554e-75	1.25658697558778	4.90779964490746	1.54731167867099e-18	1	7	13	2.8837443638528e-09	1	0	7.47779934429022	0.670420105488671
APP	GPC1	R-HSA-3560782	REACTOME_DISEASES_ASSOCIATED_WITH_GLYCOSAMINOGLYCAN_METABOLISM	4.40344302531571e-75	7.46521200385554e-75	1.25658697558778	4.90779964490746	1.54731167867099e-18	1	7	13	2.8837443638528e-09	1	0	7.47779934429022	0.670420105488671
APP	GPC1	R-HSA-3560783	REACTOME_DEFECTIVE_B4GALT7_CAUSES_EDS_PROGEROID_TYPE	4.40344302531571e-75	7.46521200385554e-75	1.25658697558778	4.90779964490746	1.54731167867099e-18	1	7	13	2.8837443638528e-09	1	0	7.47779934429022	0.670420105488671
RND1	MET	R-HSA-9825892	REACTOME_REGULATION_OF_MITF_M_DEPENDENT_GENES_INVOLVED_IN_CELL_CYCLE_AND_PROLIFERATION	4.4464619001595e-75	7.53160458890851e-75	7.22325820936774	3.79679238684995	3.5826855079574e-26	1	7	14	2.83159672569149e-07	1	0	4.94217931808006	5.97546678596363
EFNA1	EPHA2	R-HSA-2682334	REACTOME_EPH_EPHRIN_SIGNALING	4.52075873654627e-75	7.65081612866107e-75	11.2370757625062	8.26872738187092	2.82662698031295e-35	1	2	4	3.42001946888516e-14	1	0	5.76902987575632	-4.79009375173012
COL4A4	ITGB3	R-HSA-76005	REACTOME_RESPONSE_TO_ELEVATED_PLATELET_CYTOSOLIC_CA2	6.4358365512121e-75	1.08824145320495e-74	2.61912453042687	3.24113977349228	4.57461867147628e-22	1	7	14	9.09571561611411e-08	1	0	5.55251303801619	-5.39454496662179
COL4A3	ITGB3	R-HSA-216083	REACTOME_INTEGRIN_CELL_SURFACE_INTERACTIONS	6.86444792885535e-75	1.15971166133689e-74	8.62407894562393	3.24113977349228	2.34622049866144e-25	1	3	7	6.74222929983704e-11	1	0	0.82100178352364	-5.39454496662179
LAMA5	ITGA7	R-HSA-216083	REACTOME_INTEGRIN_CELL_SURFACE_INTERACTIONS	6.94998140174959e-75	1.17314724957796e-74	5.8870821214992	1.74964071687458	1.06670767084423e-21	1	4	8	1.03074518351343e-11	1	0	-3.29459552152133	3.34330487821446
CDH1	EGFR	R-HSA-6785631	REACTOME_ERBB2_REGULATES_CELL_MOTILITY	8.12274544591375e-75	1.36992416717354e-74	14.3361338797864	2.78295784689883	2.13296038644674e-35	1	2	5	9.34194908227589e-11	1	0	-3.29081622051826	5.81170270821198
EFNA5	EPHA2	R-HSA-2682334	REACTOME_EPH_EPHRIN_SIGNALING	8.6402411065812e-75	1.45594399319699e-74	8.38426854170645	8.26872738187092	5.40235390816934e-35	1	2	4	3.42001946888516e-14	1	0	-1.86748876519081	-4.79009375173012
LAMA5	ITGA3	R-HSA-216083	REACTOME_INTEGRIN_CELL_SURFACE_INTERACTIONS	1.07048502542e-74	1.80229073676315e-74	5.8870821214992	1.43205767826489	1.35668903819104e-15	1	4	9	6.74222929983704e-11	1	0	-3.29459552152133	4.89650700834186
RND1	ERBB2	R-HSA-400685	REACTOME_SEMA4D_IN_SEMAPHORIN_SIGNALING	1.11528205435445e-74	1.87609461856524e-74	7.22325820936774	5.3918454128273	1.17314681040229e-31	1	9	17	5.4009954180914e-06	1	0	4.94217931808006	0.2885538415546
COL18A1	ITGB3	R-HSA-76005	REACTOME_RESPONSE_TO_ELEVATED_PLATELET_CYTOSOLIC_CA2	1.1195751528627e-74	1.88169558824514e-74	3.25983197505071	3.24113977349228	7.9579855045294e-22	1	7	14	9.09571561611411e-08	1	0	6.43761926723443	-5.39454496662179
WNT5A	LRP2	R-HSA-196849	REACTOME_METABOLISM_OF_WATER_SOLUBLE_VITAMINS_AND_COFACTORS	1.24437007434973e-74	2.08964295374465e-74	3.4155479880697	6.56699259643917	1.25532583011812e-21	1	9	17	4.20125292173114e-07	1	0	7.42682687423672	0.426188835973984
CDH1	EGFR	R-HSA-8847993	REACTOME_ERBB2_ACTIVATES_PTK6_SIGNALING	1.38203151611789e-74	2.31882092008439e-74	14.3361338797864	2.78295784689883	2.13296038644674e-35	1	2	4	5.44963832776611e-14	1	0	-3.29081622051826	5.81170270821198
RND1	PLXNB1	R-HSA-416482	REACTOME_G_ALPHA_12_13_SIGNALLING_EVENTS	2.09982966259189e-74	3.52014363179568e-74	7.22325820936774	1.5943988970485	3.68625549822999e-20	1	8	15	5.53836124043511e-08	1	0	4.94217931808006	5.39031608975878
SLIT2	GPC1	R-HSA-2022928	REACTOME_HS_GAG_BIOSYNTHESIS	2.10761222269114e-74	3.53016009512504e-74	6.20283557424795	4.90779964490746	7.33880397676584e-27	1	5	10	4.89017449635191e-09	1	0	4.67965566152487	0.670420105488671
CLCF1	CRLF1	R-HSA-447115	REACTOME_INTERLEUKIN_12_FAMILY_SIGNALING	2.1872330210313e-74	3.66038225370533e-74	2.37202530845207	4.18976451573874	5.99639662910683e-22	1	5	10	7.46960426170184e-10	1	0	-6.01378384650083	8.91632352394842
TNC	EGFR	R-HSA-1236382	REACTOME_CONSTITUTIVE_SIGNALING_BY_LIGAND_RESPONSIVE_EGFR_CANCER_VARIANTS	2.34153596576605e-74	3.9152566276893e-74	5.19362687065032	2.78295784689883	2.991461174726e-16	1	8	16	1.23822362565426e-07	1	0	7.1142609861648	5.81170270821198
L1CAM	EGFR	R-HSA-8864260	REACTOME_TRANSCRIPTIONAL_REGULATION_BY_THE_AP_2_TFAP2_FAMILY_OF_TRANSCRIPTION_FACTORS	2.35763316366371e-74	3.93880031534236e-74	6.16331281736985	2.78295784689883	8.85758904323062e-24	1	7	14	1.75166366836059e-07	1	0	5.88961647399386	5.81170270821198
LIF	IL6ST	R-HSA-6783589	REACTOME_INTERLEUKIN_6_FAMILY_SIGNALING	2.37239665916387e-74	3.96007750029662e-74	1.92957406182601	2.36421696357824	1.42471778919961e-17	1	6	12	2.98315745010491e-09	1	0	0.804592616358932	2.53240000666997
SLIT2	GPC1	R-HSA-9820960	REACTOME_RESPIRATORY_SYNCYTIAL_VIRUS_RSV_ATTACHMENT_AND_ENTRY	2.46155435898057e-74	4.10539339290269e-74	6.20283557424795	4.90779964490746	7.33880397676584e-27	1	5	10	5.01834845375796e-09	1	0	4.67965566152487	0.670420105488671
ANXA1	EGFR	R-HSA-180292	REACTOME_GAB1_SIGNALOSOME	3.03617137172555e-74	5.05942208957338e-74	2.7077812217246	2.78295784689883	2.56737378682862e-19	1	6	11	2.51979861956075e-10	1	0	7.68275466234545	5.81170270821198
CTF1	IL6ST	R-HSA-447115	REACTOME_INTERLEUKIN_12_FAMILY_SIGNALING	3.92256232092009e-74	6.53091578240147e-74	8.22538207456949	2.36421696357824	4.07378653125843e-21	1	6	11	5.24591870380123e-10	1	0	-3.43002666883068	2.53240000666997
ANXA1	EGFR	R-HSA-1250196	REACTOME_SHC1_EVENTS_IN_ERBB2_SIGNALING	4.55688759162596e-74	7.58058046545613e-74	2.7077812217246	2.78295784689883	2.56737378682862e-19	1	5	10	3.07486930655317e-10	1	0	7.68275466234545	5.81170270821198
SLIT2	GPC1	R-HSA-2187338	REACTOME_VISUAL_PHOTOTRANSDUCTION	5.41541956646318e-74	8.99346463716206e-74	6.20283557424795	4.90779964490746	7.33880397676584e-27	1	6	11	5.01834845375796e-09	1	0	4.67965566152487	0.670420105488671
SLIT2	GPC1	R-HSA-6806667	REACTOME_METABOLISM_OF_FAT_SOLUBLE_VITAMINS	5.41541956646318e-74	8.99346463716206e-74	6.20283557424795	4.90779964490746	7.33880397676584e-27	1	6	11	5.01834845375796e-09	1	0	4.67965566152487	0.670420105488671
COL18A1	GPC1	R-HSA-2024096	REACTOME_HS_GAG_DEGRADATION	5.69265084636802e-74	9.44583441202781e-74	3.25983197505071	4.90779964490746	6.91163763028142e-24	1	6	12	2.69774693235423e-08	1	0	6.43761926723443	0.670420105488671
SEMA4D	ERBB2	R-HSA-1250196	REACTOME_SHC1_EVENTS_IN_ERBB2_SIGNALING	6.81179725181135e-74	1.12932428122136e-73	1.60620941757158	5.3918454128273	1.05967340042737e-26	1	5	10	5.59300320892075e-09	1	0	-0.545072800988612	0.2885538415546
UBB	ERBB2	R-HSA-1250196	REACTOME_SHC1_EVENTS_IN_ERBB2_SIGNALING	6.87594354837229e-74	1.13899217557007e-73	1.61742059701178	5.3918454128273	1.06965228289975e-26	1	5	10	5.59300320892075e-09	1	0	-0.872149922875403	0.2885538415546
CDH1	ERBB3	R-HSA-6785631	REACTOME_ERBB2_REGULATES_CELL_MOTILITY	8.40938264423167e-74	1.39182409357495e-73	14.3361338797864	9.09909784607182	1.718754504566e-41	1	2	5	5.59300320892075e-09	1	0	-3.29081622051826	4.9842892437399
NTN1	NEO1	R-HSA-525793	REACTOME_MYOGENESIS	1.05903069469111e-73	1.75130139435371e-73	6.22197922707358	3.61575542677198	1.03226683890037e-22	1	6	12	2.00341169274871e-08	1	0	-1.51606383324511	6.43729120111846
DCN	EGFR	R-HSA-180292	REACTOME_GAB1_SIGNALOSOME	1.14924615139722e-73	1.89888133136953e-73	17.3257647468552	2.78295784689883	9.71797728938474e-19	1	6	11	2.51979861956075e-10	1	0	-2.63243594134095	5.81170270821198
LAMA1	GPC1	R-HSA-2024096	REACTOME_HS_GAG_DEGRADATION	1.21206845749649e-73	2.00098875527527e-73	19.4121541047617	4.90779964490746	1.47161281929925e-23	1	6	12	2.69774693235423e-08	1	0	5.04833152876336	0.670420105488671
DCN	EGFR	R-HSA-1250196	REACTOME_SHC1_EVENTS_IN_ERBB2_SIGNALING	1.72486493212982e-73	2.84515305105535e-73	17.3257647468552	2.78295784689883	9.71797728938474e-19	1	5	10	3.07486930655317e-10	1	0	-2.63243594134095	5.81170270821198
NID1	ITGB3	R-HSA-76005	REACTOME_RESPONSE_TO_ELEVATED_PLATELET_CYTOSOLIC_CA2	1.86518911310118e-73	3.07402053830093e-73	1.52477175080913	3.24113977349228	1.32578397147454e-20	1	7	14	9.09571561611411e-08	1	0	5.58579957949785	-5.39454496662179
CTNND1	AMOT	R-HSA-446728	REACTOME_CELL_JUNCTION_ORGANIZATION	2.75619374487372e-73	4.53865631006608e-73	4.05620957782704	3.00964896303863	3.98803972831596e-25	1	9	18	5.24627361747755e-06	1	0	5.95931367779319	6.75452784419769
TCN2	LRP2	R-HSA-196849	REACTOME_METABOLISM_OF_WATER_SOLUBLE_VITAMINS_AND_COFACTORS	2.83559129751843e-73	4.66546740021355e-73	6.49166765952813	6.56699259643917	2.86055657622044e-20	1	9	17	4.20125292173114e-07	1	0	-2.41934834619518	0.426188835973984
EFNA2	EPHA5	R-HSA-2682334	REACTOME_EPH_EPHRIN_SIGNALING	2.91774954680228e-73	4.79660342163708e-73	3.23733549191578	7.16164859316141	6.6629620937078e-27	1	2	4	2.42479074282942e-16	1	0	1.67357652488783	1.45775684830993
DCN	MET	R-HSA-8876384	REACTOME_LISTERIA_MONOCYTOGENES_ENTRY_INTO_HOST_CELLS	3.34958966410836e-73	5.50189118082727e-73	17.3257647468552	3.79679238684995	4.95798811077511e-22	1	7	14	1.4757622332939e-07	1	0	-2.63243594134095	5.97546678596363
COL18A1	ITGA3	R-HSA-216083	REACTOME_INTEGRIN_CELL_SURFACE_INTERACTIONS	3.62341382152955e-73	5.9466615070985e-73	3.25983197505071	1.43205767826489	4.59216681762581e-14	1	4	9	6.74222929983704e-11	1	0	6.43761926723443	4.89650700834186
MFGE8	ITGB3	R-HSA-216083	REACTOME_INTEGRIN_CELL_SURFACE_INTERACTIONS	3.84204120268598e-73	6.30017335755307e-73	2.78019749763891	3.24113977349228	1.31318292743563e-23	1	3	7	6.74222929983704e-11	1	0	4.64057982249706	-5.39454496662179
S100B	APP	R-HSA-3000178	REACTOME_ECM_PROTEOGLYCANS	4.22117699301248e-73	6.91607270751123e-73	4.09101248316345	1.25658697558778	4.32933445283623e-18	1	6	12	5.33560772037448e-09	1	0	-6.36051979772941	7.47779934429022
BMP6	BMPR1B	R-HSA-201451	REACTOME_SIGNALING_BY_BMP	4.27156817076132e-73	6.99276834660256e-73	2.26829748430767	9.23288164730272	6.19830738656976e-23	1	9	17	8.69301084116269e-07	1	0	7.23582165750706	7.32555296377402
FBN1	ITGB3	R-HSA-216083	REACTOME_INTEGRIN_CELL_SURFACE_INTERACTIONS	4.85451625368765e-73	7.94042733957452e-73	6.55908628413473	3.24113977349228	1.65923984907937e-23	1	3	7	6.74222929983704e-11	1	0	3.99266837107762	-5.39454496662179
LAMA1	ITGA7	R-HSA-216083	REACTOME_INTEGRIN_CELL_SURFACE_INTERACTIONS	5.00879877296865e-73	8.18592803649185e-73	19.4121541047617	1.74964071687458	7.68768110875204e-20	1	4	8	1.03074518351343e-11	1	0	5.04833152876336	3.34330487821446
UBB	FGFR2	R-HSA-5655253	REACTOME_SIGNALING_BY_FGFR2_IN_DISEASE	6.01698897242845e-73	9.82540088892371e-73	1.61742059701178	12.4701828090957	7.94997178763374e-34	1	5	10	1.23822362565426e-07	1	0	-0.872149922875403	-6.36051979772941
SEMA4D	ERBB2	R-HSA-1963642	REACTOME_PI3K_EVENTS_IN_ERBB2_SIGNALING	6.02822419398436e-73	9.83552368492185e-73	1.60620941757158	5.3918454128273	1.05967340042737e-26	1	4	8	2.51979861956075e-10	1	0	-0.545072800988612	0.2885538415546
UBB	ERBB2	R-HSA-1963642	REACTOME_PI3K_EVENTS_IN_ERBB2_SIGNALING	6.08499162886072e-73	9.91985697092235e-73	1.61742059701178	5.3918454128273	1.06965228289975e-26	1	4	8	2.51979861956075e-10	1	0	-0.872149922875403	0.2885538415546
RND1	PLXNA2	R-HSA-399954	REACTOME_SEMA3A_PAK_DEPENDENT_AXON_REPULSION	6.20731882312854e-73	1.01108370822102e-72	7.22325820936774	4.61470308645872	1.170543126737e-27	1	6	11	1.0232437767236e-08	1	0	4.94217931808006	3.5976561305448
EFEMP1	EGFR	R-HSA-9634638	REACTOME_ESTROGEN_DEPENDENT_NUCLEAR_EVENTS_DOWNSTREAM_OF_ESR_MEMBRANE_SIGNALING	7.13110803841168e-73	1.1605878332515e-72	11.6997034417759	2.78295784689883	8.1429949443564e-21	1	7	13	1.26218271362278e-08	1	0	1.01946244719326	5.81170270821198
LAMA1	ITGA3	R-HSA-216083	REACTOME_INTEGRIN_CELL_SURFACE_INTERACTIONS	7.71490421608208e-73	1.25455519850194e-72	19.4121541047617	1.43205767826489	9.77755478321223e-14	1	4	9	6.74222929983704e-11	1	0	5.04833152876336	4.89650700834186
COL4A2	ITGB3	R-HSA-3000171	REACTOME_NON_INTEGRIN_MEMBRANE_ECM_INTERACTIONS	9.19175986234087e-73	1.49346980126054e-72	1.3466555524192	3.24113977349228	1.42947698594562e-15	1	6	11	1.05664685869326e-10	1	0	7.20313784037645	-5.39454496662179
PTN	PTPRS	R-HSA-3000178	REACTOME_ECM_PROTEOGLYCANS	1.66445532036298e-72	2.70214566971645e-72	8.46323813593221	1.35610870695066	8.27581006782415e-18	1	7	14	5.3485776120326e-08	1	0	3.62957168854979	-4.90302497933359
CLCF1	CRLF1	R-HSA-6783589	REACTOME_INTERLEUKIN_6_FAMILY_SIGNALING	1.77472380510519e-72	2.87876710246715e-72	2.37202530845207	4.18976451573874	5.99639662910683e-22	1	6	11	1.36280294275829e-09	1	0	-6.01378384650083	8.91632352394842
SEMA4D	MET	R-HSA-8876384	REACTOME_LISTERIA_MONOCYTOGENES_ENTRY_INTO_HOST_CELLS	2.18632380044402e-72	3.54347749565741e-72	1.60620941757158	3.79679238684995	3.2361478556782e-21	1	7	14	1.4757622332939e-07	1	0	-0.545072800988612	5.97546678596363
UBB	MET	R-HSA-8876384	REACTOME_LISTERIA_MONOCYTOGENES_ENTRY_INTO_HOST_CELLS	2.20691228387903e-72	3.57388034031156e-72	1.61742059701178	3.79679238684995	3.26662247087761e-21	1	7	14	1.4757622332939e-07	1	0	-0.872149922875403	5.97546678596363
L1CAM	EGFR	R-HSA-9820960	REACTOME_RESPIRATORY_SYNCYTIAL_VIRUS_RSV_ATTACHMENT_AND_ENTRY	2.35341241886502e-72	3.80796557915773e-72	6.16331281736985	2.78295784689883	8.85758904323062e-24	1	6	11	2.8837443638528e-09	1	0	5.88961647399386	5.81170270821198
CLCF1	IL6ST	R-HSA-447115	REACTOME_INTERLEUKIN_12_FAMILY_SIGNALING	2.79300609189772e-72	4.51551398797703e-72	2.37202530845207	2.36421696357824	2.90068319328239e-19	1	6	11	5.24591870380123e-10	1	0	-6.01378384650083	2.53240000666997
THBS1	ITGB3	R-HSA-76005	REACTOME_RESPONSE_TO_ELEVATED_PLATELET_CYTOSOLIC_CA2	3.21288808511162e-72	5.19004998364184e-72	5.87784721611172	3.24113977349228	2.28373385597358e-19	1	7	14	9.09571561611411e-08	1	0	-1.71378563230842	-5.39454496662179
L1CAM	EGFR	R-HSA-1963642	REACTOME_PI3K_EVENTS_IN_ERBB2_SIGNALING	3.52932063533603e-72	5.69649851306717e-72	6.16331281736985	2.78295784689883	8.85758904323062e-24	1	4	8	9.34194908227589e-11	1	0	5.88961647399386	5.81170270821198
L1CAM	ERBB2	R-HSA-1963640	REACTOME_GRB2_EVENTS_IN_ERBB2_SIGNALING	4.5352596308716e-72	7.31408923129003e-72	6.16331281736985	5.3918454128273	1.47975155580914e-32	1	4	8	5.59300320892075e-09	1	0	5.88961647399386	0.2885538415546
FBLN2	ITGB3	R-HSA-3000178	REACTOME_ECM_PROTEOGLYCANS	5.06711175753779e-72	8.16507364890372e-72	17.5000998547113	3.24113977349228	3.3590588362703e-35	1	6	11	2.62411923137851e-07	1	0	6.82089839498334	-5.39454496662179
CDH1	ERBB3	R-HSA-8863795	REACTOME_DOWNREGULATION_OF_ERBB2_SIGNALING	5.94947743900594e-72	9.57900201020494e-72	14.3361338797864	9.09909784607182	1.718754504566e-41	1	7	13	1.53602233306777e-05	1	0	-3.29081622051826	4.9842892437399
NID1	ITGA3	R-HSA-216083	REACTOME_INTEGRIN_CELL_SURFACE_INTERACTIONS	6.03653269268836e-72	9.71116008963787e-72	1.52477175080913	1.43205767826489	7.65045520336815e-13	1	4	9	6.74222929983704e-11	1	0	5.58579957949785	4.89650700834186
RND1	PLXNA2	R-HSA-399956	REACTOME_CRMPS_IN_SEMA3A_SIGNALING	6.42390321227839e-72	1.03258296078845e-71	7.22325820936774	4.61470308645872	1.170543126737e-27	1	5	10	1.72265662067189e-08	1	0	4.94217931808006	3.5976561305448
NID1	PTPRF	R-HSA-6794362	REACTOME_PROTEIN_PROTEIN_INTERACTIONS_AT_SYNAPSES	7.28117622912934e-72	1.16941917561592e-71	1.52477175080913	2.81739742389189	1.34135024422698e-18	1	8	15	7.34114622100705e-08	1	0	5.58579957949785	-3.35735256004328
TNC	ITGB3	R-HSA-76005	REACTOME_RESPONSE_TO_ELEVATED_PLATELET_CYTOSOLIC_CA2	7.756034352139e-72	1.24466188083217e-71	5.19362687065032	3.24113977349228	5.51302061225035e-19	1	7	14	9.09571561611411e-08	1	0	7.1142609861648	-5.39454496662179
IL6ST	CRLF1	R-HSA-447115	REACTOME_INTERLEUKIN_12_FAMILY_SIGNALING	8.24112162924287e-72	1.32142122675791e-71	2.36421696357824	4.18976451573874	2.25934015637487e-19	1	5	10	7.46960426170184e-10	1	0	2.53240000666997	8.91632352394842
UBB	LRP2	R-HSA-196849	REACTOME_METABOLISM_OF_WATER_SOLUBLE_VITAMINS_AND_COFACTORS	1.1650896495515e-71	1.86662845412147e-71	1.61742059701178	6.56699259643917	1.17534739996825e-18	1	9	17	4.20125292173114e-07	1	0	-0.872149922875403	0.426188835973984
FN1	ITGB3	R-HSA-3000171	REACTOME_NON_INTEGRIN_MEMBRANE_ECM_INTERACTIONS	1.20806013330893e-71	1.93388642651832e-71	3.91871645826014	3.24113977349228	1.87874159471756e-14	1	6	11	1.05664685869326e-10	1	0	7.84296292746818	-5.39454496662179
RND1	SEMA4D	R-HSA-400685	REACTOME_SEMA4D_IN_SEMAPHORIN_SIGNALING	1.3160312340426e-71	2.10500327607305e-71	7.22325820936774	1.60620941757158	1.42392692897037e-23	1	9	18	5.4009954180914e-06	1	0	4.94217931808006	-0.545072800988612
COL4A4	ITGB3	R-HSA-216083	REACTOME_INTEGRIN_CELL_SURFACE_INTERACTIONS	1.33841775240792e-71	2.13905881379106e-71	2.61912453042687	3.24113977349228	4.57461867147628e-22	1	3	7	6.74222929983704e-11	1	0	5.55251303801619	-5.39454496662179
LTBP1	ITGB3	R-HSA-3000171	REACTOME_NON_INTEGRIN_MEMBRANE_ECM_INTERACTIONS	1.61431366351377e-71	2.57788600559477e-71	2.03718846603833	3.24113977349228	2.51053581104197e-14	1	6	11	1.05664685869326e-10	1	0	6.71785217640578	-5.39454496662179
S100B	APP	R-HSA-76005	REACTOME_RESPONSE_TO_ELEVATED_PLATELET_CYTOSOLIC_CA2	1.64383131241915e-71	2.62287790290409e-71	4.09101248316345	1.25658697558778	4.32933445283623e-18	1	7	13	8.06152083889194e-09	1	0	-6.36051979772941	7.47779934429022
COL18A1	GPC1	R-HSA-2022928	REACTOME_HS_GAG_BIOSYNTHESIS	1.98493541924699e-71	3.16325699932092e-71	3.25983197505071	4.90779964490746	6.91163763028142e-24	1	5	10	4.89017449635191e-09	1	0	6.43761926723443	0.670420105488671
SLIT2	SDC1	R-HSA-2022928	REACTOME_HS_GAG_BIOSYNTHESIS	1.98736115625539e-71	3.16325699932092e-71	6.20283557424795	4.97371489672129	4.11393068888082e-22	1	4	9	2.8837443638528e-09	1	0	4.67965566152487	-1.36985696537123
SLIT2	SDC1	R-HSA-9820960	REACTOME_RESPIRATORY_SYNCYTIAL_VIRUS_RSV_ATTACHMENT_AND_ENTRY	1.98736115625539e-71	3.16325699932092e-71	6.20283557424795	4.97371489672129	4.11393068888082e-22	1	4	9	2.8837443638528e-09	1	0	4.67965566152487	-1.36985696537123
EFEMP1	EGFR	R-HSA-8864260	REACTOME_TRANSCRIPTIONAL_REGULATION_BY_THE_AP_2_TFAP2_FAMILY_OF_TRANSCRIPTION_FACTORS	2.16742895145183e-71	3.44705923630735e-71	11.6997034417759	2.78295784689883	8.1429949443564e-21	1	7	14	1.75166366836059e-07	1	0	1.01946244719326	5.81170270821198
ANXA1	EGFR	R-HSA-9634638	REACTOME_ESTROGEN_DEPENDENT_NUCLEAR_EVENTS_DOWNSTREAM_OF_ESR_MEMBRANE_SIGNALING	2.24833982754094e-71	3.57282968526237e-71	2.7077812217246	2.78295784689883	2.56737378682862e-19	1	7	13	1.26218271362278e-08	1	0	7.68275466234545	5.81170270821198
COL18A1	GPC1	R-HSA-9820960	REACTOME_RESPIRATORY_SYNCYTIAL_VIRUS_RSV_ATTACHMENT_AND_ENTRY	2.31827581038771e-71	3.68096964039609e-71	3.25983197505071	4.90779964490746	6.91163763028142e-24	1	5	10	5.01834845375796e-09	1	0	6.43761926723443	0.670420105488671
COL18A1	ITGB3	R-HSA-216083	REACTOME_INTEGRIN_CELL_SURFACE_INTERACTIONS	2.32830533812118e-71	3.6938914097081e-71	3.25983197505071	3.24113977349228	7.9579855045294e-22	1	3	7	6.74222929983704e-11	1	0	6.43761926723443	-5.39454496662179
SERPINE1	LRP2	R-HSA-196849	REACTOME_METABOLISM_OF_WATER_SOLUBLE_VITAMINS_AND_COFACTORS	2.68453793445131e-71	4.25560274836316e-71	5.69192410073737	6.56699259643917	2.70817330030193e-18	1	9	17	4.20125292173114e-07	1	0	3.64761785685778	0.426188835973984
CTNND1	AMOT	R-HSA-2028269	REACTOME_SIGNALING_BY_HIPPO	3.10933680356642e-71	4.92500792973659e-71	4.05620957782704	3.00964896303863	3.98803972831596e-25	1	7	13	8.93420446064357e-08	1	0	5.95931367779319	6.75452784419769
UBB	ERBB3	R-HSA-1250196	REACTOME_SHC1_EVENTS_IN_ERBB2_SIGNALING	3.31657699292723e-71	5.2490071857268e-71	1.61742059701178	9.09909784607182	5.15941430720038e-24	1	5	10	5.59300320892075e-09	1	0	-0.872149922875403	4.9842892437399
TNC	EGFR	R-HSA-180292	REACTOME_GAB1_SIGNALOSOME	3.53769631244501e-71	5.59442987708915e-71	5.19362687065032	2.78295784689883	2.991461174726e-16	1	6	11	2.51979861956075e-10	1	0	7.1142609861648	5.81170270821198
RND1	ERBB2	R-HSA-1963640	REACTOME_GRB2_EVENTS_IN_ERBB2_SIGNALING	3.59555315175456e-71	5.68132306260248e-71	7.22325820936774	5.3918454128273	1.17314681040229e-31	1	4	8	5.59300320892075e-09	1	0	4.94217931808006	0.2885538415546
LAMA1	GPC1	R-HSA-2022928	REACTOME_HS_GAG_BIOSYNTHESIS	4.22628697379503e-71	6.67254523833605e-71	19.4121541047617	4.90779964490746	1.47161281929925e-23	1	5	10	4.89017449635191e-09	1	0	5.04833152876336	0.670420105488671
PTN	PTPRS	R-HSA-6794362	REACTOME_PROTEIN_PROTEIN_INTERACTIONS_AT_SYNAPSES	4.49231151982657e-71	7.08682100017874e-71	8.46323813593221	1.35610870695066	8.27581006782415e-18	1	8	15	7.34114622100705e-08	1	0	3.62957168854979	-4.90302497933359
LAMA1	GPC1	R-HSA-9820960	REACTOME_RESPIRATORY_SYNCYTIAL_VIRUS_RSV_ATTACHMENT_AND_ENTRY	4.93602903354034e-71	7.78052034100426e-71	19.4121541047617	4.90779964490746	1.47161281929925e-23	1	5	10	5.01834845375796e-09	1	0	5.04833152876336	0.670420105488671
SLIT2	SDC1	R-HSA-2187338	REACTOME_VISUAL_PHOTOTRANSDUCTION	4.96840287835767e-71	7.81892894555401e-71	6.20283557424795	4.97371489672129	4.11393068888082e-22	1	5	10	2.8837443638528e-09	1	0	4.67965566152487	-1.36985696537123
SLIT2	SDC1	R-HSA-6806667	REACTOME_METABOLISM_OF_FAT_SOLUBLE_VITAMINS	4.96840287835767e-71	7.81892894555401e-71	6.20283557424795	4.97371489672129	4.11393068888082e-22	1	5	10	2.8837443638528e-09	1	0	4.67965566152487	-1.36985696537123
CDH1	LRP5	R-HSA-4641262	REACTOME_DISASSEMBLY_OF_THE_DESTRUCTION_COMPLEX_AND_RECRUITMENT_OF_AXIN_TO_THE_MEMBRANE	5.05732698306169e-71	7.95246344437961e-71	14.3361338797864	2.10278826312485	1.78678739278761e-39	1	6	12	1.19955681818829e-05	1	0	-3.29081622051826	-6.27771829635106
COL18A1	GPC1	R-HSA-2187338	REACTOME_VISUAL_PHOTOTRANSDUCTION	5.10020676091475e-71	8.0069966270631e-71	3.25983197505071	4.90779964490746	6.91163763028142e-24	1	6	11	5.01834845375796e-09	1	0	6.43761926723443	0.670420105488671
COL18A1	GPC1	R-HSA-6806667	REACTOME_METABOLISM_OF_FAT_SOLUBLE_VITAMINS	5.10020676091475e-71	8.0069966270631e-71	3.25983197505071	4.90779964490746	6.91163763028142e-24	1	6	11	5.01834845375796e-09	1	0	6.43761926723443	0.670420105488671
TNC	EGFR	R-HSA-1250196	REACTOME_SHC1_EVENTS_IN_ERBB2_SIGNALING	5.30960952311449e-71	8.32905011939164e-71	5.19362687065032	2.78295784689883	2.991461174726e-16	1	5	10	3.07486930655317e-10	1	0	7.1142609861648	5.81170270821198
CDH1	ERBB3	R-HSA-8847993	REACTOME_ERBB2_ACTIVATES_PTK6_SIGNALING	5.60513887932895e-71	8.78558285018414e-71	14.3361338797864	9.09909784607182	1.718754504566e-41	1	2	4	9.34194908227589e-11	1	0	-3.29081622051826	4.9842892437399
DCN	MET	R-HSA-9825892	REACTOME_REGULATION_OF_MITF_M_DEPENDENT_GENES_INVOLVED_IN_CELL_CYCLE_AND_PROLIFERATION	6.15334647348775e-71	9.63711761244713e-71	17.3257647468552	3.79679238684995	4.95798811077511e-22	1	7	14	2.83159672569149e-07	1	0	-2.63243594134095	5.97546678596363
CDH1	CDH2	R-HSA-418990	REACTOME_ADHERENS_JUNCTIONS_INTERACTIONS	6.92935900953104e-71	1.08350985953676e-70	14.3361338797864	1.4046612592213	1.87651132507188e-32	1	8	15	5.24627361747755e-06	1	0	-3.29081622051826	-6.36051979772941
CDH1	CDH2	R-HSA-421270	REACTOME_CELL_CELL_JUNCTION_ORGANIZATION	6.92935900953104e-71	1.08350985953676e-70	14.3361338797864	1.4046612592213	1.87651132507188e-32	1	8	15	5.24627361747755e-06	1	0	-3.29081622051826	-6.36051979772941
DCN	EGFR	R-HSA-9634638	REACTOME_ESTROGEN_DEPENDENT_NUCLEAR_EVENTS_DOWNSTREAM_OF_ESR_MEMBRANE_SIGNALING	8.5103756589537e-71	1.32966109295493e-70	17.3257647468552	2.78295784689883	9.71797728938474e-19	1	7	13	1.26218271362278e-08	1	0	-2.63243594134095	5.81170270821198
L1CAM	EZR	R-HSA-437239	REACTOME_RECYCLING_PATHWAY_OF_L1	8.84600834312477e-71	1.38099554709214e-70	6.16331281736985	2.48936057440833	6.3433432106307e-26	1	9	17	3.37862052170401e-06	1	0	5.88961647399386	5.15001352576884
EFNA2	EPHA4	R-HSA-2682334	REACTOME_EPH_EPHRIN_SIGNALING	8.87055000878548e-71	1.38372078012444e-70	3.23733549191578	12.1800690477723	5.54635569961956e-31	1	2	4	3.42001946888516e-14	1	0	1.67357652488783	4.48765691180463
COL1A2	ITGB3	R-HSA-210990	REACTOME_PECAM1_INTERACTIONS	8.91167796363346e-71	1.38902690047695e-70	15.6937572852742	3.24113977349228	9.40316855048686e-29	1	4	9	4.73588344117171e-08	1	0	5.77125570056243	-5.39454496662179
THBS1	ITGA3	R-HSA-216083	REACTOME_INTEGRIN_CELL_SURFACE_INTERACTIONS	1.03982506800494e-70	1.6194404767254e-70	5.87784721611172	1.43205767826489	1.31783185929674e-11	1	4	9	6.74222929983704e-11	1	0	-1.71378563230842	4.89650700834186
LAMA1	GPC1	R-HSA-2187338	REACTOME_VISUAL_PHOTOTRANSDUCTION	1.08592638270783e-70	1.68854635782516e-70	19.4121541047617	4.90779964490746	1.47161281929925e-23	1	6	11	5.01834845375796e-09	1	0	5.04833152876336	0.670420105488671
LAMA1	GPC1	R-HSA-6806667	REACTOME_METABOLISM_OF_FAT_SOLUBLE_VITAMINS	1.08592638270783e-70	1.68854635782516e-70	19.4121541047617	4.90779964490746	1.47161281929925e-23	1	6	11	5.01834845375796e-09	1	0	5.04833152876336	0.670420105488671
PTN	SDC1	R-HSA-2022928	REACTOME_HS_GAG_BIOSYNTHESIS	1.08969670856223e-70	1.69171516043087e-70	8.46323813593221	4.97371489672129	2.25572323219469e-21	1	4	9	2.8837443638528e-09	1	0	3.62957168854979	-1.36985696537123
PTN	SDC1	R-HSA-9820960	REACTOME_RESPIRATORY_SYNCYTIAL_VIRUS_RSV_ATTACHMENT_AND_ENTRY	1.08969670856223e-70	1.69171516043087e-70	8.46323813593221	4.97371489672129	2.25572323219469e-21	1	4	9	2.8837443638528e-09	1	0	3.62957168854979	-1.36985696537123
SLIT2	SDC1	R-HSA-2024096	REACTOME_HS_GAG_DEGRADATION	1.09304863053692e-70	1.69557106865655e-70	6.20283557424795	4.97371489672129	4.11393068888082e-22	1	6	11	2.8837443638528e-09	1	0	4.67965566152487	-1.36985696537123
LAMB1	ITGB4	R-HSA-3000170	REACTOME_SYNDECAN_INTERACTIONS	1.27203943330212e-70	1.97166112161829e-70	8.25802293327529	7.1327068911155	5.18944715956462e-36	1	4	8	5.3485776120326e-08	1	0	-0.279099545272194	3.5750195739368
LIF	IL6ST	R-HSA-447115	REACTOME_INTERLEUKIN_12_FAMILY_SIGNALING	1.37183042728864e-70	2.12465093139945e-70	1.92957406182601	2.36421696357824	1.42471778919961e-17	1	6	11	5.24591870380123e-10	1	0	0.804592616358932	2.53240000666997
TNC	ITGA7	R-HSA-216083	REACTOME_INTEGRIN_CELL_SURFACE_INTERACTIONS	1.62969920997193e-70	2.52203055235751e-70	5.19362687065032	1.74964071687458	2.5013198567815e-17	1	4	8	1.03074518351343e-11	1	0	7.1142609861648	3.34330487821446
CDH1	EGFR	R-HSA-8863795	REACTOME_DOWNREGULATION_OF_ERBB2_SIGNALING	1.98464477585232e-70	3.06889251562911e-70	14.3361338797864	2.78295784689883	2.13296038644674e-35	1	7	14	1.53602233306777e-05	1	0	-3.29081622051826	5.81170270821198
PTN	SDC1	R-HSA-2187338	REACTOME_VISUAL_PHOTOTRANSDUCTION	2.72424176467185e-70	4.205884716525e-70	8.46323813593221	4.97371489672129	2.25572323219469e-21	1	5	10	2.8837443638528e-09	1	0	3.62957168854979	-1.36985696537123
PTN	SDC1	R-HSA-6806667	REACTOME_METABOLISM_OF_FAT_SOLUBLE_VITAMINS	2.72424176467185e-70	4.205884716525e-70	8.46323813593221	4.97371489672129	2.25572323219469e-21	1	5	10	2.8837443638528e-09	1	0	3.62957168854979	-1.36985696537123
UBB	ERBB3	R-HSA-1963642	REACTOME_PI3K_EVENTS_IN_ERBB2_SIGNALING	2.93506528907028e-70	4.52779029190699e-70	1.61742059701178	9.09909784607182	5.15941430720038e-24	1	4	8	2.51979861956075e-10	1	0	-0.872149922875403	4.9842892437399
NID1	ITGB3	R-HSA-216083	REACTOME_INTEGRIN_CELL_SURFACE_INTERACTIONS	3.87890867132486e-70	5.97909126684882e-70	1.52477175080913	3.24113977349228	1.32578397147454e-20	1	3	7	6.74222929983704e-11	1	0	5.58579957949785	-5.39454496662179
SEMA4D	MET	R-HSA-9825892	REACTOME_REGULATION_OF_MITF_M_DEPENDENT_GENES_INVOLVED_IN_CELL_CYCLE_AND_PROLIFERATION	4.01637489854917e-70	6.18610424043102e-70	1.60620941757158	3.79679238684995	3.2361478556782e-21	1	7	14	2.83159672569149e-07	1	0	-0.545072800988612	5.97546678596363
UBB	MET	R-HSA-9825892	REACTOME_REGULATION_OF_MITF_M_DEPENDENT_GENES_INVOLVED_IN_CELL_CYCLE_AND_PROLIFERATION	4.0541968662059e-70	6.23943773026015e-70	1.61742059701178	3.79679238684995	3.26662247087761e-21	1	7	14	2.83159672569149e-07	1	0	-0.872149922875403	5.97546678596363
LAMA5	SDC1	R-HSA-2022928	REACTOME_HS_GAG_BIOSYNTHESIS	5.52961799585267e-70	8.49673009118825e-70	5.8870821214992	4.97371489672129	1.14465682794107e-20	1	4	9	2.8837443638528e-09	1	0	-3.29459552152133	-1.36985696537123
LAMA5	SDC1	R-HSA-9820960	REACTOME_RESPIRATORY_SYNCYTIAL_VIRUS_RSV_ATTACHMENT_AND_ENTRY	5.52961799585267e-70	8.49673009118825e-70	5.8870821214992	4.97371489672129	1.14465682794107e-20	1	4	9	2.8837443638528e-09	1	0	-3.29459552152133	-1.36985696537123
PTN	SDC1	R-HSA-2024096	REACTOME_HS_GAG_DEGRADATION	5.99333186746391e-70	9.20202605122407e-70	8.46323813593221	4.97371489672129	2.25572323219469e-21	1	6	11	2.8837443638528e-09	1	0	3.62957168854979	-1.36985696537123
IL6ST	CRLF1	R-HSA-6783589	REACTOME_INTERLEUKIN_6_FAMILY_SIGNALING	6.68685713664313e-70	1.02587839653292e-69	2.36421696357824	4.18976451573874	2.25934015637487e-19	1	6	11	1.36280294275829e-09	1	0	2.53240000666997	8.91632352394842
ANXA1	EGFR	R-HSA-8864260	REACTOME_TRANSCRIPTIONAL_REGULATION_BY_THE_AP_2_TFAP2_FAMILY_OF_TRANSCRIPTION_FACTORS	6.83360399066375e-70	1.04756896340395e-69	2.7077812217246	2.78295784689883	2.56737378682862e-19	1	7	14	1.75166366836059e-07	1	0	7.68275466234545	5.81170270821198
SEMA4D	ERBB2	R-HSA-400685	REACTOME_SEMA4D_IN_SEMAPHORIN_SIGNALING	1.00740565161502e-69	1.54310842165031e-69	1.60620941757158	5.3918454128273	1.05967340042737e-26	1	9	17	5.4009954180914e-06	1	0	-0.545072800988612	0.2885538415546
UBB	ERBB2	R-HSA-400685	REACTOME_SEMA4D_IN_SEMAPHORIN_SIGNALING	1.01689233175197e-69	1.55641906262664e-69	1.61742059701178	5.3918454128273	1.06965228289975e-26	1	9	17	5.4009954180914e-06	1	0	-0.872149922875403	0.2885538415546
COL1A2	ITGB3	R-HSA-372708	REACTOME_P130CAS_LINKAGE_TO_MAPK_SIGNALING_FOR_INTEGRINS	1.1545573160177e-69	1.76574035879606e-69	15.6937572852742	3.24113977349228	9.40316855048686e-29	1	3	7	3.57589206513711e-09	1	0	5.77125570056243	-5.39454496662179
IL6ST	IL27RA	R-HSA-447115	REACTOME_INTERLEUKIN_12_FAMILY_SIGNALING	1.22877780592822e-69	1.87778016821425e-69	2.36421696357824	1.87224162298001	5.48425121747494e-18	1	4	9	1.17764068184234e-09	1	0	2.53240000666997	-6.1884818714827
L1CAM	EGFR	R-HSA-1963640	REACTOME_GRB2_EVENTS_IN_ERBB2_SIGNALING	1.36344247424162e-69	2.08194147943228e-69	6.16331281736985	2.78295784689883	8.85758904323062e-24	1	4	8	3.07486930655317e-10	1	0	5.88961647399386	5.81170270821198
LAMA5	SDC1	R-HSA-2187338	REACTOME_VISUAL_PHOTOTRANSDUCTION	1.38240449554617e-69	2.10760029648842e-69	5.8870821214992	4.97371489672129	1.14465682794107e-20	1	5	10	2.8837443638528e-09	1	0	-3.29459552152133	-1.36985696537123
LAMA5	SDC1	R-HSA-6806667	REACTOME_METABOLISM_OF_FAT_SOLUBLE_VITAMINS	1.38240449554617e-69	2.10760029648842e-69	5.8870821214992	4.97371489672129	1.14465682794107e-20	1	5	10	2.8837443638528e-09	1	0	-3.29459552152133	-1.36985696537123
TNFSF12	TRAF2	R-HSA-933541	REACTOME_TRAF6_MEDIATED_IRF7_ACTIVATION	1.53289625616225e-69	2.33521559148586e-69	8.53252503662892	1.20566797021442	2.15400209273168e-25	1	8	15	1.01266337579819e-06	1	0	6.14962882879059	2.37330096619563
SEMA4D	PLXNB1	R-HSA-416482	REACTOME_G_ALPHA_12_13_SIGNALLING_EVENTS	1.8967222338643e-69	2.88721630766717e-69	1.60620941757158	1.5943988970485	3.32969996936186e-15	1	8	15	5.53836124043511e-08	1	0	-0.545072800988612	5.39031608975878
EFEMP1	EGFR	R-HSA-9820960	REACTOME_RESPIRATORY_SYNCYTIAL_VIRUS_RSV_ATTACHMENT_AND_ENTRY	2.16354871910086e-69	3.29081826199687e-69	11.6997034417759	2.78295784689883	8.1429949443564e-21	1	6	11	2.8837443638528e-09	1	0	1.01946244719326	5.81170270821198
SEMA3A	PLXNA2	R-HSA-399954	REACTOME_SEMA3A_PAK_DEPENDENT_AXON_REPULSION	2.2473262457693e-69	3.41558611516533e-69	4.9592716817747	4.61470308645872	4.23788815344766e-24	1	6	11	1.0232437767236e-08	1	0	-5.24214228540271	3.5976561305448
DCN	EGFR	R-HSA-8864260	REACTOME_TRANSCRIPTIONAL_REGULATION_BY_THE_AP_2_TFAP2_FAMILY_OF_TRANSCRIPTION_FACTORS	2.58664354706027e-69	3.92823860607209e-69	17.3257647468552	2.78295784689883	9.71797728938474e-19	1	7	14	1.75166366836059e-07	1	0	-2.63243594134095	5.81170270821198
CDH1	EGFR	R-HSA-9665348	REACTOME_SIGNALING_BY_ERBB2_ECD_MUTANTS	2.63588992949493e-69	3.99991688601677e-69	14.3361338797864	2.78295784689883	2.13296038644674e-35	1	7	14	2.12229029614825e-05	1	0	-3.29081622051826	5.81170270821198
LAMA5	SDC1	R-HSA-2024096	REACTOME_HS_GAG_DEGRADATION	3.04128988268419e-69	4.61152107211352e-69	5.8870821214992	4.97371489672129	1.14465682794107e-20	1	6	11	2.8837443638528e-09	1	0	-3.29459552152133	-1.36985696537123
HSPG2	LRP2	R-HSA-196849	REACTOME_METABOLISM_OF_WATER_SOLUBLE_VITAMINS_AND_COFACTORS	3.1456614323417e-69	4.76607973418413e-69	3.09676104986744	6.56699259643917	3.17335664865489e-16	1	9	17	4.20125292173114e-07	1	0	2.05397683291469	0.426188835973984
EFEMP1	EGFR	R-HSA-1963642	REACTOME_PI3K_EVENTS_IN_ERBB2_SIGNALING	3.24458946450196e-69	4.91215753811808e-69	11.6997034417759	2.78295784689883	8.1429949443564e-21	1	4	8	9.34194908227589e-11	1	0	1.01946244719326	5.81170270821198
CDH1	EGFR	R-HSA-180336	REACTOME_SHC1_EVENTS_IN_EGFR_SIGNALING	3.44047477064127e-69	5.20468414179892e-69	14.3361338797864	2.78295784689883	2.13296038644674e-35	1	4	8	7.7963177157042e-08	1	0	-3.29081622051826	5.81170270821198
LAMC1	ITGA7	R-HSA-216083	REACTOME_INTEGRIN_CELL_SURFACE_INTERACTIONS	3.46307004532711e-69	5.23481098956953e-69	1.71511038573227	1.74964071687458	5.31524211142688e-16	1	4	8	1.03074518351343e-11	1	0	-2.06597306819101	3.34330487821446
LAMA1	SDC4	R-HSA-2024096	REACTOME_HS_GAG_DEGRADATION	3.90440425434219e-69	5.89737162314795e-69	19.4121541047617	1.77570057185383	4.74046768305835e-19	1	6	12	2.69774693235423e-08	1	0	5.04833152876336	2.92131411044688
FGF2	FGFR2	R-HSA-5655253	REACTOME_SIGNALING_BY_FGFR2_IN_DISEASE	4.10767718564035e-69	6.19960861171222e-69	1.70513973428035	12.4701828090957	5.42728562212532e-30	1	5	10	1.23822362565426e-07	1	0	-0.194671018551907	-6.36051979772941
WNT5A	LRP2	R-HSA-2187338	REACTOME_VISUAL_PHOTOTRANSDUCTION	4.21056725162719e-69	6.3450909277993e-69	3.4155479880697	6.56699259643917	1.25532583011812e-21	1	5	10	5.01834845375796e-09	1	0	7.42682687423672	0.426188835973984
WNT5A	LRP2	R-HSA-6806667	REACTOME_METABOLISM_OF_FAT_SOLUBLE_VITAMINS	4.21056725162719e-69	6.3450909277993e-69	3.4155479880697	6.56699259643917	1.25532583011812e-21	1	5	10	5.01834845375796e-09	1	0	7.42682687423672	0.426188835973984
LAMC1	ITGA3	R-HSA-216083	REACTOME_INTEGRIN_CELL_SURFACE_INTERACTIONS	5.33406409486215e-69	8.03194076890191e-69	1.71511038573227	1.43205767826489	6.76017516795119e-10	1	4	9	6.74222929983704e-11	1	0	-2.06597306819101	4.89650700834186
THBS1	ITGB3	R-HSA-216083	REACTOME_INTEGRIN_CELL_SURFACE_INTERACTIONS	6.68162781232131e-69	1.00533275173063e-68	5.87784721611172	3.24113977349228	2.28373385597358e-19	1	3	7	6.74222929983704e-11	1	0	-1.71378563230842	-5.39454496662179
L1CAM	EGFR	R-HSA-5637810	REACTOME_CONSTITUTIVE_SIGNALING_BY_EGFRVIII	6.78306739420099e-69	1.01980990152999e-68	6.16331281736985	2.78295784689883	8.85758904323062e-24	1	7	13	1.23822362565426e-07	1	0	5.88961647399386	5.81170270821198
LAMB2	ITGB4	R-HSA-3000170	REACTOME_SYNDECAN_INTERACTIONS	6.8840416434759e-69	1.03419487151603e-68	11.5489876350185	7.1327068911155	2.8084326175583e-34	1	4	8	5.3485776120326e-08	1	0	7.52145571443406	3.5750195739368
EFNA2	EPHA2	R-HSA-2682334	REACTOME_EPH_EPHRIN_SIGNALING	7.55537212972553e-69	1.13417692308639e-68	3.23733549191578	8.26872738187092	4.72403416168637e-29	1	2	4	3.42001946888516e-14	1	0	1.67357652488783	-4.79009375173012
APP	GPC1	R-HSA-2024096	REACTOME_HS_GAG_DEGRADATION	1.27441651434248e-68	1.91162477151371e-68	1.25658697558778	4.90779964490746	1.54731167867099e-18	1	6	12	2.69774693235423e-08	1	0	7.47779934429022	0.670420105488671
L1CAM	ITGB3	R-HSA-210990	REACTOME_PECAM1_INTERACTIONS	1.54705956725615e-68	2.31880839205776e-68	6.16331281736985	3.24113977349228	1.63238190696712e-26	1	4	9	4.73588344117171e-08	1	0	5.88961647399386	-5.39454496662179
TNC	ITGB3	R-HSA-216083	REACTOME_INTEGRIN_CELL_SURFACE_INTERACTIONS	1.61297043245037e-68	2.41574482712851e-68	5.19362687065032	3.24113977349228	5.51302061225035e-19	1	3	7	6.74222929983704e-11	1	0	7.1142609861648	-5.39454496662179
COMP	ITGB3	R-HSA-210990	REACTOME_PECAM1_INTERACTIONS	1.83125556069963e-68	2.7405686667022e-68	8.99453854548071	3.24113977349228	1.93225167769126e-26	1	4	9	4.73588344117171e-08	1	0	4.26810252217773	-5.39454496662179
COL4A2	ITGB3	R-HSA-76005	REACTOME_RESPONSE_TO_ELEVATED_PLATELET_CYTOSOLIC_CA2	2.01107040738248e-68	3.00736639021285e-68	1.3466555524192	3.24113977349228	1.42947698594562e-15	1	7	14	9.09571561611411e-08	1	0	7.20313784037645	-5.39454496662179
SEMA3A	PLXNA2	R-HSA-399956	REACTOME_CRMPS_IN_SEMA3A_SIGNALING	2.32573945379509e-68	3.47526331542602e-68	4.9592716817747	4.61470308645872	4.23788815344766e-24	1	5	10	1.72265662067189e-08	1	0	-5.24214228540271	3.5976561305448
TNC	EGFR	R-HSA-9634638	REACTOME_ESTROGEN_DEPENDENT_NUCLEAR_EVENTS_DOWNSTREAM_OF_ESR_MEMBRANE_SIGNALING	2.6197281191326e-68	3.91156652650303e-68	5.19362687065032	2.78295784689883	2.991461174726e-16	1	7	13	1.26218271362278e-08	1	0	7.1142609861648	5.81170270821198
LAMB1	ITGA3	R-HSA-8875878	REACTOME_MET_PROMOTES_CELL_MOTILITY	4.29847512815491e-68	6.41323294521508e-68	8.25802293327529	1.43205767826489	6.10784912967009e-22	1	5	10	8.33427462625179e-09	1	0	-0.279099545272194	4.89650700834186
CDH1	ERBB3	R-HSA-1306955	REACTOME_GRB7_EVENTS_IN_ERBB2_SIGNALING	5.10736967170652e-68	7.61426944186476e-68	14.3361338797864	9.09909784607182	1.718754504566e-41	1	1	2	5.44963832776611e-14	1	0	-3.29081622051826	4.9842892437399
WNT5A	LDLR	R-HSA-2187338	REACTOME_VISUAL_PHOTOTRANSDUCTION	5.765696694448e-68	8.58262625324462e-68	3.4155479880697	2.03823700880741	2.17004769151186e-19	1	6	11	2.8837443638528e-09	1	0	7.42682687423672	-6.36051979772941
WNT5A	LDLR	R-HSA-6806667	REACTOME_METABOLISM_OF_FAT_SOLUBLE_VITAMINS	5.765696694448e-68	8.58262625324462e-68	3.4155479880697	2.03823700880741	2.17004769151186e-19	1	6	11	2.8837443638528e-09	1	0	7.42682687423672	-6.36051979772941
ANXA1	EGFR	R-HSA-9820960	REACTOME_RESPIRATORY_SYNCYTIAL_VIRUS_RSV_ATTACHMENT_AND_ENTRY	6.82137015422794e-68	1.01463335195789e-67	2.7077812217246	2.78295784689883	2.56737378682862e-19	1	6	11	2.8837443638528e-09	1	0	7.68275466234545	5.81170270821198
SEMA5A	MET	R-HSA-400685	REACTOME_SEMA4D_IN_SEMAPHORIN_SIGNALING	7.52109667365549e-68	1.11786162889263e-67	13.2905452772287	3.79679238684995	1.61419777351974e-29	1	8	15	5.4009954180914e-06	1	0	-1.81425316210326	5.97546678596363
L1CAM	FGFR2	R-HSA-5654696	REACTOME_DOWNSTREAM_SIGNALING_OF_ACTIVATED_FGFR2	8.50923437625709e-68	1.26376690013917e-67	6.16331281736985	12.4701828090957	1.09979507447957e-39	1	6	12	3.71525956471559e-05	1	0	5.88961647399386	-6.36051979772941
TCN2	LRP2	R-HSA-2187338	REACTOME_VISUAL_PHOTOTRANSDUCTION	9.59477257002448e-68	1.42282390503097e-67	6.49166765952813	6.56699259643917	2.86055657622044e-20	1	5	10	5.01834845375796e-09	1	0	-2.41934834619518	0.426188835973984
TCN2	LRP2	R-HSA-6806667	REACTOME_METABOLISM_OF_FAT_SOLUBLE_VITAMINS	9.59477257002448e-68	1.42282390503097e-67	6.49166765952813	6.56699259643917	2.86055657622044e-20	1	5	10	5.01834845375796e-09	1	0	-2.41934834619518	0.426188835973984
ANXA1	EGFR	R-HSA-1963642	REACTOME_PI3K_EVENTS_IN_ERBB2_SIGNALING	1.02297422472992e-67	1.51583358186459e-67	2.7077812217246	2.78295784689883	2.56737378682862e-19	1	4	8	9.34194908227589e-11	1	0	7.68275466234545	5.81170270821198
L1CAM	ITGB3	R-HSA-372708	REACTOME_P130CAS_LINKAGE_TO_MAPK_SIGNALING_FOR_INTEGRINS	2.0043014895508e-67	2.96770341856916e-67	6.16331281736985	3.24113977349228	1.63238190696712e-26	1	3	7	3.57589206513711e-09	1	0	5.88961647399386	-5.39454496662179
COL4A3	ITGB3	R-HSA-210990	REACTOME_PECAM1_INTERACTIONS	2.22358680518001e-67	3.28989775039134e-67	8.62407894562393	3.24113977349228	2.34622049866144e-25	1	4	9	4.73588344117171e-08	1	0	0.82100178352364	-5.39454496662179
COMP	ITGB3	R-HSA-372708	REACTOME_P130CAS_LINKAGE_TO_MAPK_SIGNALING_FOR_INTEGRINS	2.37249316428599e-67	3.50755423909958e-67	8.99453854548071	3.24113977349228	1.93225167769126e-26	1	3	7	3.57589206513711e-09	1	0	4.26810252217773	-5.39454496662179
DCN	EGFR	R-HSA-9820960	REACTOME_RESPIRATORY_SYNCYTIAL_VIRUS_RSV_ATTACHMENT_AND_ENTRY	2.58201281719712e-67	3.81442589408924e-67	17.3257647468552	2.78295784689883	9.71797728938474e-19	1	6	11	2.8837443638528e-09	1	0	-2.63243594134095	5.81170270821198
FN1	ITGB3	R-HSA-76005	REACTOME_RESPONSE_TO_ELEVATED_PLATELET_CYTOSOLIC_CA2	2.64312168814363e-67	3.90175106345013e-67	3.91871645826014	3.24113977349228	1.87874159471756e-14	1	7	14	9.09571561611411e-08	1	0	7.84296292746818	-5.39454496662179
WNT5A	LDLR	R-HSA-174824	REACTOME_PLASMA_LIPOPROTEIN_ASSEMBLY_REMODELING_AND_CLEARANCE	3.31427355189183e-67	4.88880381181628e-67	3.4155479880697	2.03823700880741	2.17004769151186e-19	1	12	23	3.19463699773286e-05	1	0	7.42682687423672	-6.36051979772941
LTBP1	ITGB3	R-HSA-76005	REACTOME_RESPONSE_TO_ELEVATED_PLATELET_CYTOSOLIC_CA2	3.53196611480988e-67	5.20598477148958e-67	2.03718846603833	3.24113977349228	2.51053581104197e-14	1	7	14	9.09571561611411e-08	1	0	6.71785217640578	-5.39454496662179
DCN	EGFR	R-HSA-1963642	REACTOME_PI3K_EVENTS_IN_ERBB2_SIGNALING	3.8721437192172e-67	5.7030895050009e-67	17.3257647468552	2.78295784689883	9.71797728938474e-19	1	4	8	9.34194908227589e-11	1	0	-2.63243594134095	5.81170270821198
CDH1	EGFR	R-HSA-445144	REACTOME_SIGNAL_TRANSDUCTION_BY_L1	4.43485204733357e-67	6.52695256099658e-67	14.3361338797864	2.78295784689883	2.13296038644674e-35	1	6	11	1.88600560958325e-06	1	0	-3.29081622051826	5.81170270821198
THBS1	SDC4	R-HSA-2024096	REACTOME_HS_GAG_DEGRADATION	5.26240806830383e-67	7.7390684920161e-67	5.87784721611172	1.77570057185383	6.38926549552763e-17	1	6	12	2.69774693235423e-08	1	0	-1.71378563230842	2.92131411044688
TNC	EGFR	R-HSA-8864260	REACTOME_TRANSCRIPTIONAL_REGULATION_BY_THE_AP_2_TFAP2_FAMILY_OF_TRANSCRIPTION_FACTORS	7.96240155072048e-67	1.17009557776953e-66	5.19362687065032	2.78295784689883	2.991461174726e-16	1	7	14	1.75166366836059e-07	1	0	7.1142609861648	5.81170270821198
HSPG2	PTPRS	R-HSA-3000178	REACTOME_ECM_PROTEOGLYCANS	1.14452175472845e-66	1.6806398398381e-66	3.09676104986744	1.35610870695066	5.69065720464032e-12	1	7	14	5.3485776120326e-08	1	0	2.05397683291469	-4.90302497933359
EFEMP1	EGFR	R-HSA-1963640	REACTOME_GRB2_EVENTS_IN_ERBB2_SIGNALING	1.25344550537207e-66	1.83920290908463e-66	11.6997034417759	2.78295784689883	8.1429949443564e-21	1	4	8	3.07486930655317e-10	1	0	1.01946244719326	5.81170270821198
TNC	SDC4	R-HSA-2024096	REACTOME_HS_GAG_DEGRADATION	1.27036537443912e-66	1.86263031252222e-66	5.19362687065032	1.77570057185383	1.54239305433283e-16	1	6	12	2.69774693235423e-08	1	0	7.1142609861648	2.92131411044688
SLIT2	GPC1	R-HSA-3656237	REACTOME_DEFECTIVE_EXT2_CAUSES_EXOSTOSES_2	1.30802894898587e-66	1.91354347368495e-66	6.20283557424795	4.90779964490746	7.33880397676584e-27	1	4	8	5.01834845375796e-09	1	0	4.67965566152487	0.670420105488671
SLIT2	GPC1	R-HSA-9694614	REACTOME_ATTACHMENT_AND_ENTRY	1.30802894898587e-66	1.91354347368495e-66	6.20283557424795	4.90779964490746	7.33880397676584e-27	1	4	8	5.01834845375796e-09	1	0	4.67965566152487	0.670420105488671
SLIT2	GPC1	R-HSA-9772572	REACTOME_EARLY_SARS_COV_2_INFECTION_EVENTS	1.30802894898587e-66	1.91354347368495e-66	6.20283557424795	4.90779964490746	7.33880397676584e-27	1	4	8	5.01834845375796e-09	1	0	4.67965566152487	0.670420105488671
LAMA1	SDC4	R-HSA-2022928	REACTOME_HS_GAG_BIOSYNTHESIS	1.36140271108442e-66	1.99013435235619e-66	19.4121541047617	1.77570057185383	4.74046768305835e-19	1	5	10	4.89017449635191e-09	1	0	5.04833152876336	2.92131411044688
COL17A1	ITGB4	R-HSA-3000170	REACTOME_SYNDECAN_INTERACTIONS	1.41327139243304e-66	2.06441213868491e-66	10.0652800099325	7.1327068911155	5.76562095572522e-32	1	4	8	5.3485776120326e-08	1	0	5.75970801774842	3.5750195739368
LAMA1	SDC4	R-HSA-9820960	REACTOME_RESPIRATORY_SYNCYTIAL_VIRUS_RSV_ATTACHMENT_AND_ENTRY	1.59003005473124e-66	2.32087346553819e-66	19.4121541047617	1.77570057185383	4.74046768305835e-19	1	5	10	5.01834845375796e-09	1	0	5.04833152876336	2.92131411044688
L1CAM	ERBB2	R-HSA-9665348	REACTOME_SIGNALING_BY_ERBB2_ECD_MUTANTS	1.82866135203263e-66	2.66719613182952e-66	6.16331281736985	5.3918454128273	1.47975155580914e-32	1	7	14	2.12229029614825e-05	1	0	5.88961647399386	0.2885538415546
LAMB2	ITGA3	R-HSA-8875878	REACTOME_MET_PROMOTES_CELL_MOTILITY	2.32625506811907e-66	3.39042996122131e-66	11.5489876350185	1.43205767826489	3.30545474141212e-20	1	5	10	8.33427462625179e-09	1	0	7.52145571443406	4.89650700834186
COL4A3	ITGB3	R-HSA-372708	REACTOME_P130CAS_LINKAGE_TO_MAPK_SIGNALING_FOR_INTEGRINS	2.88078005533571e-66	4.19549846985134e-66	8.62407894562393	3.24113977349228	2.34622049866144e-25	1	3	7	3.57589206513711e-09	1	0	0.82100178352364	-5.39454496662179
SEMA4D	ERBB2	R-HSA-1963640	REACTOME_GRB2_EVENTS_IN_ERBB2_SIGNALING	3.24777086802168e-66	4.72645045100324e-66	1.60620941757158	5.3918454128273	1.05967340042737e-26	1	4	8	5.59300320892075e-09	1	0	-0.545072800988612	0.2885538415546
UBB	ERBB2	R-HSA-1963640	REACTOME_GRB2_EVENTS_IN_ERBB2_SIGNALING	3.27835493644895e-66	4.76740669462755e-66	1.61742059701178	5.3918454128273	1.06965228289975e-26	1	4	8	5.59300320892075e-09	1	0	-0.872149922875403	0.2885538415546
L1CAM	ERBB2	R-HSA-416572	REACTOME_SEMA4D_INDUCED_CELL_MIGRATION_AND_GROWTH_CONE_COLLAPSE	3.40416369885969e-66	4.94667537490549e-66	6.16331281736985	5.3918454128273	1.47975155580914e-32	1	7	13	5.4009954180914e-06	1	0	5.88961647399386	0.2885538415546
LAMA1	SDC4	R-HSA-2187338	REACTOME_VISUAL_PHOTOTRANSDUCTION	3.49806610536201e-66	5.07557437130164e-66	19.4121541047617	1.77570057185383	4.74046768305835e-19	1	6	11	5.01834845375796e-09	1	0	5.04833152876336	2.92131411044688
LAMA1	SDC4	R-HSA-6806667	REACTOME_METABOLISM_OF_FAT_SOLUBLE_VITAMINS	3.49806610536201e-66	5.07557437130164e-66	19.4121541047617	1.77570057185383	4.74046768305835e-19	1	6	11	5.01834845375796e-09	1	0	5.04833152876336	2.92131411044688
UBB	LRP2	R-HSA-2187338	REACTOME_VISUAL_PHOTOTRANSDUCTION	3.94230657320723e-66	5.71166523551463e-66	1.61742059701178	6.56699259643917	1.17534739996825e-18	1	5	10	5.01834845375796e-09	1	0	-0.872149922875403	0.426188835973984
UBB	LRP2	R-HSA-6806667	REACTOME_METABOLISM_OF_FAT_SOLUBLE_VITAMINS	3.94230657320723e-66	5.71166523551463e-66	1.61742059701178	6.56699259643917	1.17534739996825e-18	1	5	10	5.01834845375796e-09	1	0	-0.872149922875403	0.426188835973984
APP	GPC1	R-HSA-2022928	REACTOME_HS_GAG_BIOSYNTHESIS	4.44368457940048e-66	6.43329576246786e-66	1.25658697558778	4.90779964490746	1.54731167867099e-18	1	5	10	4.89017449635191e-09	1	0	7.47779934429022	0.670420105488671
APP	GPC1	R-HSA-9820960	REACTOME_RESPIRATORY_SYNCYTIAL_VIRUS_RSV_ATTACHMENT_AND_ENTRY	5.18993533468464e-66	7.50810645084378e-66	1.25658697558778	4.90779964490746	1.54731167867099e-18	1	5	10	5.01834845375796e-09	1	0	7.47779934429022	0.670420105488671
THBS1	SDC1	R-HSA-2022928	REACTOME_HS_GAG_BIOSYNTHESIS	5.37124319541318e-66	7.75890381704285e-66	5.87784721611172	4.97371489672129	1.11187250236328e-16	1	4	9	2.8837443638528e-09	1	0	-1.71378563230842	-1.36985696537123
THBS1	SDC1	R-HSA-9820960	REACTOME_RESPIRATORY_SYNCYTIAL_VIRUS_RSV_ATTACHMENT_AND_ENTRY	5.37124319541318e-66	7.75890381704285e-66	5.87784721611172	4.97371489672129	1.11187250236328e-16	1	4	9	2.8837443638528e-09	1	0	-1.71378563230842	-1.36985696537123
EFEMP1	EGFR	R-HSA-5637810	REACTOME_CONSTITUTIVE_SIGNALING_BY_EGFRVIII	6.23583722710867e-66	9.00117524356485e-66	11.6997034417759	2.78295784689883	8.1429949443564e-21	1	7	13	1.23822362565426e-07	1	0	1.01946244719326	5.81170270821198
FN1	ITGA3	R-HSA-216083	REACTOME_INTEGRIN_CELL_SURFACE_INTERACTIONS	8.55424812913711e-66	1.23385868509636e-65	3.91871645826014	1.43205767826489	1.0841305007712e-06	1	4	9	6.74222929983704e-11	1	0	7.84296292746818	4.89650700834186
SERPINE1	LRP2	R-HSA-2187338	REACTOME_VISUAL_PHOTOTRANSDUCTION	9.08365424848262e-66	1.30828737074385e-65	5.69192410073737	6.56699259643917	2.70817330030193e-18	1	5	10	5.01834845375796e-09	1	0	3.64761785685778	0.426188835973984
SERPINE1	LRP2	R-HSA-6806667	REACTOME_METABOLISM_OF_FAT_SOLUBLE_VITAMINS	9.08365424848262e-66	1.30828737074385e-65	5.69192410073737	6.56699259643917	2.70817330030193e-18	1	5	10	5.01834845375796e-09	1	0	3.64761785685778	0.426188835973984
APP	GPC1	R-HSA-2187338	REACTOME_VISUAL_PHOTOTRANSDUCTION	1.1417857687193e-65	1.64205272924065e-65	1.25658697558778	4.90779964490746	1.54731167867099e-18	1	6	11	5.01834845375796e-09	1	0	7.47779934429022	0.670420105488671
APP	GPC1	R-HSA-6806667	REACTOME_METABOLISM_OF_FAT_SOLUBLE_VITAMINS	1.1417857687193e-65	1.64205272924065e-65	1.25658697558778	4.90779964490746	1.54731167867099e-18	1	6	11	5.01834845375796e-09	1	0	7.47779934429022	0.670420105488671
MFGE8	ITGB3	R-HSA-210990	REACTOME_PECAM1_INTERACTIONS	1.24454467595839e-65	1.78851784558258e-65	2.78019749763891	3.24113977349228	1.31318292743563e-23	1	4	9	4.73588344117171e-08	1	0	4.64057982249706	-5.39454496662179
TNC	SDC1	R-HSA-2022928	REACTOME_HS_GAG_BIOSYNTHESIS	1.29663858913623e-65	1.86064303055332e-65	5.19362687065032	4.97371489672129	2.68410261891482e-16	1	4	9	2.8837443638528e-09	1	0	7.1142609861648	-1.36985696537123
TNC	SDC1	R-HSA-9820960	REACTOME_RESPIRATORY_SYNCYTIAL_VIRUS_RSV_ATTACHMENT_AND_ENTRY	1.29663858913623e-65	1.86064303055332e-65	5.19362687065032	4.97371489672129	2.68410261891482e-16	1	4	9	2.8837443638528e-09	1	0	7.1142609861648	-1.36985696537123
THBS1	SDC1	R-HSA-2187338	REACTOME_VISUAL_PHOTOTRANSDUCTION	1.34281079553416e-65	1.92407152140735e-65	5.87784721611172	4.97371489672129	1.11187250236328e-16	1	5	10	2.8837443638528e-09	1	0	-1.71378563230842	-1.36985696537123
THBS1	SDC1	R-HSA-6806667	REACTOME_METABOLISM_OF_FAT_SOLUBLE_VITAMINS	1.34281079553416e-65	1.92407152140735e-65	5.87784721611172	4.97371489672129	1.11187250236328e-16	1	5	10	2.8837443638528e-09	1	0	-1.71378563230842	-1.36985696537123
COL1A2	ITGB3	R-HSA-3000178	REACTOME_ECM_PROTEOGLYCANS	1.41845999855084e-65	2.03097681610688e-65	15.6937572852742	3.24113977349228	9.40316855048686e-29	1	6	11	2.62411923137851e-07	1	0	5.77125570056243	-5.39454496662179
RND1	ERBB2	R-HSA-9665348	REACTOME_SIGNALING_BY_ERBB2_ECD_MUTANTS	1.44976244425704e-65	2.07427549716777e-65	7.22325820936774	5.3918454128273	1.17314681040229e-31	1	7	14	2.12229029614825e-05	1	0	4.94217931808006	0.2885538415546
FBN1	ITGB3	R-HSA-210990	REACTOME_PECAM1_INTERACTIONS	1.57251368196069e-65	2.24825711630251e-65	6.55908628413473	3.24113977349228	1.65923984907937e-23	1	4	9	4.73588344117171e-08	1	0	3.99266837107762	-5.39454496662179
RND1	ERBB2	R-HSA-416572	REACTOME_SEMA4D_INDUCED_CELL_MIGRATION_AND_GROWTH_CONE_COLLAPSE	2.6988204673458e-65	3.85573984837334e-65	7.22325820936774	5.3918454128273	1.17314681040229e-31	1	7	13	5.4009954180914e-06	1	0	4.94217931808006	0.2885538415546
THBS1	SDC1	R-HSA-2024096	REACTOME_HS_GAG_DEGRADATION	2.95418374287308e-65	4.21748600133854e-65	5.87784721611172	4.97371489672129	1.11187250236328e-16	1	6	11	2.8837443638528e-09	1	0	-1.71378563230842	-1.36985696537123
HSPG2	PTPRS	R-HSA-6794362	REACTOME_PROTEIN_PROTEIN_INTERACTIONS_AT_SYNAPSES	3.08902750380677e-65	4.40677188819184e-65	3.09676104986744	1.35610870695066	5.69065720464032e-12	1	8	15	7.34114622100705e-08	1	0	2.05397683291469	-4.90302497933359
TNC	SDC1	R-HSA-2187338	REACTOME_VISUAL_PHOTOTRANSDUCTION	3.24159646482807e-65	4.61767899037872e-65	5.19362687065032	4.97371489672129	2.68410261891482e-16	1	5	10	2.8837443638528e-09	1	0	7.1142609861648	-1.36985696537123
TNC	SDC1	R-HSA-6806667	REACTOME_METABOLISM_OF_FAT_SOLUBLE_VITAMINS	3.24159646482807e-65	4.61767899037872e-65	5.19362687065032	4.97371489672129	2.68410261891482e-16	1	5	10	2.8837443638528e-09	1	0	7.1142609861648	-1.36985696537123
LAMB1	ITGA7	R-HSA-3000178	REACTOME_ECM_PROTEOGLYCANS	3.2928632267411e-65	4.68729000133044e-65	8.25802293327529	1.74964071687458	4.80234551586384e-28	1	5	10	2.62411923137851e-07	1	0	-0.279099545272194	3.34330487821446
ANXA1	EGFR	R-HSA-1963640	REACTOME_GRB2_EVENTS_IN_ERBB2_SIGNALING	3.95194047853451e-65	5.62136908563576e-65	2.7077812217246	2.78295784689883	2.56737378682862e-19	1	4	8	3.07486930655317e-10	1	0	7.68275466234545	5.81170270821198
COL4A2	ITGB3	R-HSA-216083	REACTOME_INTEGRIN_CELL_SURFACE_INTERACTIONS	4.18228821251839e-65	5.94469350731326e-65	1.3466555524192	3.24113977349228	1.42947698594562e-15	1	3	7	6.74222929983704e-11	1	0	7.20313784037645	-5.39454496662179
UBB	LDLR	R-HSA-2187338	REACTOME_VISUAL_PHOTOTRANSDUCTION	5.3983567104545e-65	7.66205716244014e-65	1.61742059701178	2.03823700880741	2.03179115002005e-16	1	6	11	2.8837443638528e-09	1	0	-0.872149922875403	-6.36051979772941
UBB	LDLR	R-HSA-6806667	REACTOME_METABOLISM_OF_FAT_SOLUBLE_VITAMINS	5.3983567104545e-65	7.66205716244014e-65	1.61742059701178	2.03823700880741	2.03179115002005e-16	1	6	11	2.8837443638528e-09	1	0	-0.872149922875403	-6.36051979772941
WNT5A	FZD2	R-HSA-373080	REACTOME_CLASS_B_2_SECRETIN_FAMILY_RECEPTORS	5.87019530831232e-65	8.32570184250832e-65	3.4155479880697	3.52410544200316	2.86033497987759e-24	1	4	9	7.906654152166e-08	1	0	7.42682687423672	3.79491577287468
TNC	SDC1	R-HSA-2024096	REACTOME_HS_GAG_DEGRADATION	7.13151220499427e-65	1.01072883427821e-64	5.19362687065032	4.97371489672129	2.68410261891482e-16	1	6	11	2.8837443638528e-09	1	0	7.1142609861648	-1.36985696537123
L1CAM	ERBB2	R-HSA-6785631	REACTOME_ERBB2_REGULATES_CELL_MOTILITY	7.24000840034936e-65	1.02536159578552e-64	6.16331281736985	5.3918454128273	1.47975155580914e-32	1	2	5	5.59300320892075e-09	1	0	5.88961647399386	0.2885538415546
HSPG2	SDC1	R-HSA-2022928	REACTOME_HS_GAG_BIOSYNTHESIS	7.49303134633549e-65	1.05965895868162e-64	3.09676104986744	4.97371489672129	1.55109258885375e-15	1	4	9	2.8837443638528e-09	1	0	2.05397683291469	-1.36985696537123
HSPG2	SDC1	R-HSA-9820960	REACTOME_RESPIRATORY_SYNCYTIAL_VIRUS_RSV_ATTACHMENT_AND_ENTRY	7.49303134633549e-65	1.05965895868162e-64	3.09676104986744	4.97371489672129	1.55109258885375e-15	1	4	9	2.8837443638528e-09	1	0	2.05397683291469	-1.36985696537123
TNC	EGFR	R-HSA-9820960	REACTOME_RESPIRATORY_SYNCYTIAL_VIRUS_RSV_ATTACHMENT_AND_ENTRY	7.9481468882699e-65	1.12320773319762e-64	5.19362687065032	2.78295784689883	2.991461174726e-16	1	6	11	2.8837443638528e-09	1	0	7.1142609861648	5.81170270821198
NCAM1	FGFR2	R-HSA-5654696	REACTOME_DOWNSTREAM_SIGNALING_OF_ACTIVATED_FGFR2	8.16637237780215e-65	1.15321223816685e-64	4.82764517624997	12.4701828090957	1.05548110680004e-36	1	6	12	3.71525956471559e-05	1	0	1.39367405563148	-6.36051979772941
TNC	EGFR	R-HSA-1963642	REACTOME_PI3K_EVENTS_IN_ERBB2_SIGNALING	1.19195252819229e-64	1.68199659505747e-64	5.19362687065032	2.78295784689883	2.991461174726e-16	1	4	8	9.34194908227589e-11	1	0	7.1142609861648	5.81170270821198
L1CAM	EGFR	R-HSA-9013507	REACTOME_NOTCH3_ACTIVATION_AND_TRANSMISSION_OF_SIGNAL_TO_THE_NUCLEUS	1.46504281663601e-64	2.06586904035389e-64	6.16331281736985	2.78295784689883	8.85758904323062e-24	1	5	10	6.54715464543213e-08	1	0	5.88961647399386	5.81170270821198
DCN	EGFR	R-HSA-1963640	REACTOME_GRB2_EVENTS_IN_ERBB2_SIGNALING	1.49588143403298e-64	2.10783292977374e-64	17.3257647468552	2.78295784689883	9.71797728938474e-19	1	4	8	3.07486930655317e-10	1	0	-2.63243594134095	5.81170270821198
SEMA5A	MET	R-HSA-8875360	REACTOME_INLB_MEDIATED_ENTRY_OF_LISTERIA_MONOCYTOGENES_INTO_HOST_CELL	1.55350380083622e-64	2.18744983636131e-64	13.2905452772287	3.79679238684995	1.61419777351974e-29	1	4	9	6.96914517376359e-07	1	0	-1.81425316210326	5.97546678596363
MFGE8	ITGB3	R-HSA-372708	REACTOME_P130CAS_LINKAGE_TO_MAPK_SIGNALING_FOR_INTEGRINS	1.61237666643957e-64	2.26871154867181e-64	2.78019749763891	3.24113977349228	1.31318292743563e-23	1	3	7	3.57589206513711e-09	1	0	4.64057982249706	-5.39454496662179
RND1	MET	R-HSA-400685	REACTOME_SEMA4D_IN_SEMAPHORIN_SIGNALING	1.66929508259061e-64	2.34710820467924e-64	7.22325820936774	3.79679238684995	3.5826855079574e-26	1	8	15	5.4009954180914e-06	1	0	4.94217931808006	5.97546678596363
THBS1	SDC4	R-HSA-2022928	REACTOME_HS_GAG_BIOSYNTHESIS	1.83491671054651e-64	2.57812398251606e-64	5.87784721611172	1.77570057185383	6.38926549552763e-17	1	5	10	4.89017449635191e-09	1	0	-1.71378563230842	2.92131411044688
FGF2	SDC4	R-HSA-2024096	REACTOME_HS_GAG_DEGRADATION	1.8562296765645e-64	2.60619450634829e-64	1.70513973428035	1.77570057185383	2.25371048202856e-14	1	6	12	2.69774693235423e-08	1	0	-0.194671018551907	2.92131411044688
HSPG2	SDC1	R-HSA-2187338	REACTOME_VISUAL_PHOTOTRANSDUCTION	1.87325783195359e-64	2.62632630711081e-64	3.09676104986744	4.97371489672129	1.55109258885375e-15	1	5	10	2.8837443638528e-09	1	0	2.05397683291469	-1.36985696537123
HSPG2	SDC1	R-HSA-6806667	REACTOME_METABOLISM_OF_FAT_SOLUBLE_VITAMINS	1.87325783195359e-64	2.62632630711081e-64	3.09676104986744	4.97371489672129	1.55109258885375e-15	1	5	10	2.8837443638528e-09	1	0	2.05397683291469	-1.36985696537123
ANXA1	EGFR	R-HSA-5637810	REACTOME_CONSTITUTIVE_SIGNALING_BY_EGFRVIII	1.96607331150372e-64	2.75250263610521e-64	2.7077812217246	2.78295784689883	2.56737378682862e-19	1	7	13	1.23822362565426e-07	1	0	7.68275466234545	5.81170270821198
EFNA1	EPHA5	R-HSA-3928663	REACTOME_EPHA_MEDIATED_GROWTH_CONE_COLLAPSE	1.96563675328024e-64	2.75250263610521e-64	11.2370757625062	7.16164859316141	3.98678497620215e-33	1	1	2	2.42479074282942e-16	1	0	5.76902987575632	1.45775684830993
FBN1	ITGB3	R-HSA-372708	REACTOME_P130CAS_LINKAGE_TO_MAPK_SIGNALING_FOR_INTEGRINS	2.03727870716887e-64	2.85014707385444e-64	6.55908628413473	3.24113977349228	1.65923984907937e-23	1	3	7	3.57589206513711e-09	1	0	3.99266837107762	-5.39454496662179
THBS1	SDC4	R-HSA-9820960	REACTOME_RESPIRATORY_SYNCYTIAL_VIRUS_RSV_ATTACHMENT_AND_ENTRY	2.14306369007708e-64	2.99599383444563e-64	5.87784721611172	1.77570057185383	6.38926549552763e-17	1	5	10	5.01834845375796e-09	1	0	-1.71378563230842	2.92131411044688
FBLN2	ITGB3	R-HSA-354194	REACTOME_GRB2_SOS_PROVIDES_LINKAGE_TO_MAPK_SIGNALING_FOR_INTEGRINS	2.32184164821324e-64	3.24360281756828e-64	17.5000998547113	3.24113977349228	3.3590588362703e-35	1	3	7	8.00717378199022e-07	1	0	6.82089839498334	-5.39454496662179
WNT5A	FZD6	R-HSA-373080	REACTOME_CLASS_B_2_SECRETIN_FAMILY_RECEPTORS	2.60177579344915e-64	3.63207156869635e-64	3.4155479880697	2.2006318784384	1.26775173924169e-23	1	4	9	7.906654152166e-08	1	0	7.42682687423672	-4.41813377410395
LAMA5	ITGB4	R-HSA-3000170	REACTOME_SYNDECAN_INTERACTIONS	2.82548229117923e-64	3.94154779619502e-64	5.8870821214992	7.1327068911155	1.15269154921533e-29	1	4	8	5.3485776120326e-08	1	0	-3.29459552152133	3.5750195739368
UBB	LDLR	R-HSA-174824	REACTOME_PLASMA_LIPOPROTEIN_ASSEMBLY_REMODELING_AND_CLEARANCE	3.10311690283078e-64	4.32575825212599e-64	1.61742059701178	2.03823700880741	2.03179115002005e-16	1	12	23	3.19463699773286e-05	1	0	-0.872149922875403	-6.36051979772941
FBLN2	ITGB3	R-HSA-445144	REACTOME_SIGNAL_TRANSDUCTION_BY_L1	3.24106240028362e-64	4.51483228798424e-64	17.5000998547113	3.24113977349228	3.3590588362703e-35	1	6	12	2.75948569740472e-05	1	0	6.82089839498334	-5.39454496662179
TNFSF12	TRAF2	R-HSA-5213460	REACTOME_RIPK1_MEDIATED_REGULATED_NECROSIS	3.51418332313575e-64	4.89180330013123e-64	8.53252503662892	1.20566797021442	2.15400209273168e-25	1	9	17	1.59581514183049e-05	1	0	6.14962882879059	2.37330096619563
EFNA5	EPHA5	R-HSA-3928663	REACTOME_EPHA_MEDIATED_GROWTH_CONE_COLLAPSE	3.7567975789112e-64	5.22580176040853e-64	8.38426854170645	7.16164859316141	7.61969072934834e-33	1	1	2	2.42479074282942e-16	1	0	-1.86748876519081	1.45775684830993
EFNA1	EPHA4	R-HSA-3928663	REACTOME_EPHA_MEDIATED_GROWTH_CONE_COLLAPSE	3.88047671214347e-64	5.39400072513608e-64	11.2370757625062	12.1800690477723	3.31866327091942e-37	1	1	2	3.42001946888516e-14	1	0	5.76902987575632	4.48765691180463
HSPG2	SDC1	R-HSA-2024096	REACTOME_HS_GAG_DEGRADATION	4.1211672201113e-64	5.72449472324137e-64	3.09676104986744	4.97371489672129	1.55109258885375e-15	1	6	11	2.8837443638528e-09	1	0	2.05397683291469	-1.36985696537123
COL4A4	ITGB3	R-HSA-210990	REACTOME_PECAM1_INTERACTIONS	4.33550969417756e-64	6.01794629191811e-64	2.61912453042687	3.24113977349228	4.57461867147628e-22	1	4	9	4.73588344117171e-08	1	0	5.55251303801619	-5.39454496662179
TNC	SDC4	R-HSA-2022928	REACTOME_HS_GAG_BIOSYNTHESIS	4.42955890877792e-64	6.14412538980346e-64	5.19362687065032	1.77570057185383	1.54239305433283e-16	1	5	10	4.89017449635191e-09	1	0	7.1142609861648	2.92131411044688
THBS1	SDC4	R-HSA-2187338	REACTOME_VISUAL_PHOTOTRANSDUCTION	4.71474009788944e-64	6.53041660367239e-64	5.87784721611172	1.77570057185383	6.38926549552763e-17	1	6	11	5.01834845375796e-09	1	0	-1.71378563230842	2.92131411044688
THBS1	SDC4	R-HSA-6806667	REACTOME_METABOLISM_OF_FAT_SOLUBLE_VITAMINS	4.71474009788944e-64	6.53041660367239e-64	5.87784721611172	1.77570057185383	6.38926549552763e-17	1	6	11	5.01834845375796e-09	1	0	-1.71378563230842	2.92131411044688
CTF1	IL6ST	R-HSA-8984722	REACTOME_INTERLEUKIN_35_SIGNALLING	5.16714011517965e-64	7.14690130661887e-64	8.22538207456949	2.36421696357824	4.07378653125843e-21	1	4	8	1.17764068184234e-09	1	0	-3.43002666883068	2.53240000666997
CTF1	IL6ST	R-HSA-9020956	REACTOME_INTERLEUKIN_27_SIGNALING	5.16714011517965e-64	7.14690130661887e-64	8.22538207456949	2.36421696357824	4.07378653125843e-21	1	4	8	1.17764068184234e-09	1	0	-3.43002666883068	2.53240000666997
TNC	SDC4	R-HSA-9820960	REACTOME_RESPIRATORY_SYNCYTIAL_VIRUS_RSV_ATTACHMENT_AND_ENTRY	5.17343746770507e-64	7.15054732797452e-64	5.19362687065032	1.77570057185383	1.54239305433283e-16	1	5	10	5.01834845375796e-09	1	0	7.1142609861648	2.92131411044688
FN1	ITGB3	R-HSA-216083	REACTOME_INTEGRIN_CELL_SURFACE_INTERACTIONS	5.4967228596251e-64	7.59200830611586e-64	3.91871645826014	3.24113977349228	1.87874159471756e-14	1	3	7	6.74222929983704e-11	1	0	7.84296292746818	-5.39454496662179
RND1	ERBB2	R-HSA-6785631	REACTOME_ERBB2_REGULATES_CELL_MOTILITY	5.7398775685093e-64	7.92224797971637e-64	7.22325820936774	5.3918454128273	1.17314681040229e-31	1	2	5	5.59300320892075e-09	1	0	4.94217931808006	0.2885538415546
CTNND1	AMOT	R-HSA-418990	REACTOME_ADHERENS_JUNCTIONS_INTERACTIONS	6.87242731267405e-64	9.4720187308768e-64	4.05620957782704	3.00964896303863	3.98803972831596e-25	1	7	14	5.24627361747755e-06	1	0	5.95931367779319	6.75452784419769
CTNND1	AMOT	R-HSA-421270	REACTOME_CELL_CELL_JUNCTION_ORGANIZATION	6.87242731267405e-64	9.4720187308768e-64	4.05620957782704	3.00964896303863	3.98803972831596e-25	1	7	14	5.24627361747755e-06	1	0	5.95931367779319	6.75452784419769
LTBP1	ITGB3	R-HSA-216083	REACTOME_INTEGRIN_CELL_SURFACE_INTERACTIONS	7.34519298516751e-64	1.01164752468492e-63	2.03718846603833	3.24113977349228	2.51053581104197e-14	1	3	7	6.74222929983704e-11	1	0	6.71785217640578	-5.39454496662179
EFNA5	EPHA4	R-HSA-3928663	REACTOME_EPHA_MEDIATED_GROWTH_CONE_COLLAPSE	7.41651044775896e-64	1.02075016944843e-63	8.38426854170645	12.1800690477723	6.34275184395381e-37	1	1	2	3.42001946888516e-14	1	0	-1.86748876519081	4.48765691180463
DCN	EGFR	R-HSA-5637810	REACTOME_CONSTITUTIVE_SIGNALING_BY_EGFRVIII	7.44194549639766e-64	1.02352954608906e-63	17.3257647468552	2.78295784689883	9.71797728938474e-19	1	7	13	1.23822362565426e-07	1	0	-2.63243594134095	5.81170270821198
COL18A1	ITGB3	R-HSA-210990	REACTOME_PECAM1_INTERACTIONS	7.54203263238934e-64	1.03656507607716e-63	3.25983197505071	3.24113977349228	7.9579855045294e-22	1	4	9	4.73588344117171e-08	1	0	6.43761926723443	-5.39454496662179
SEMA5A	MET	R-HSA-6807004	REACTOME_NEGATIVE_REGULATION_OF_MET_ACTIVITY	8.54426069667173e-64	1.17348390580871e-63	13.2905452772287	3.79679238684995	1.61419777351974e-29	1	6	11	6.96914517376359e-07	1	0	-1.81425316210326	5.97546678596363
COL4A3	ITGA3	R-HSA-8875878	REACTOME_MET_PROMOTES_CELL_MOTILITY	9.52816906184297e-64	1.30769600687135e-63	8.62407894562393	1.43205767826489	1.35388986504867e-17	1	5	10	8.33427462625179e-09	1	0	0.82100178352364	4.89650700834186
HSPG2	LRP2	R-HSA-2187338	REACTOME_VISUAL_PHOTOTRANSDUCTION	1.06439549493715e-63	1.45878203621913e-63	3.09676104986744	6.56699259643917	3.17335664865489e-16	1	5	10	5.01834845375796e-09	1	0	2.05397683291469	0.426188835973984
HSPG2	LRP2	R-HSA-6806667	REACTOME_METABOLISM_OF_FAT_SOLUBLE_VITAMINS	1.06439549493715e-63	1.45878203621913e-63	3.09676104986744	6.56699259643917	3.17335664865489e-16	1	5	10	5.01834845375796e-09	1	0	2.05397683291469	0.426188835973984
TNC	SDC4	R-HSA-2187338	REACTOME_VISUAL_PHOTOTRANSDUCTION	1.13815623799941e-63	1.55768684850235e-63	5.19362687065032	1.77570057185383	1.54239305433283e-16	1	6	11	5.01834845375796e-09	1	0	7.1142609861648	2.92131411044688
TNC	SDC4	R-HSA-6806667	REACTOME_METABOLISM_OF_FAT_SOLUBLE_VITAMINS	1.13815623799941e-63	1.55768684850235e-63	5.19362687065032	1.77570057185383	1.54239305433283e-16	1	6	11	5.01834845375796e-09	1	0	7.1142609861648	2.92131411044688
COL18A1	GPC1	R-HSA-3656237	REACTOME_DEFECTIVE_EXT2_CAUSES_EXOSTOSES_2	1.23189311690709e-63	1.6824386414822e-63	3.25983197505071	4.90779964490746	6.91163763028142e-24	1	4	8	5.01834845375796e-09	1	0	6.43761926723443	0.670420105488671
COL18A1	GPC1	R-HSA-9694614	REACTOME_ATTACHMENT_AND_ENTRY	1.23189311690709e-63	1.6824386414822e-63	3.25983197505071	4.90779964490746	6.91163763028142e-24	1	4	8	5.01834845375796e-09	1	0	6.43761926723443	0.670420105488671
COL18A1	GPC1	R-HSA-9772572	REACTOME_EARLY_SARS_COV_2_INFECTION_EVENTS	1.23189311690709e-63	1.6824386414822e-63	3.25983197505071	4.90779964490746	6.91163763028142e-24	1	4	8	5.01834845375796e-09	1	0	6.43761926723443	0.670420105488671
SLIT2	SDC1	R-HSA-3656237	REACTOME_DEFECTIVE_EXT2_CAUSES_EXOSTOSES_2	1.72289991516945e-63	2.34809737217441e-63	6.20283557424795	4.97371489672129	4.11393068888082e-22	1	3	7	2.8837443638528e-09	1	0	4.67965566152487	-1.36985696537123
SLIT2	SDC1	R-HSA-9694614	REACTOME_ATTACHMENT_AND_ENTRY	1.72289991516945e-63	2.34809737217441e-63	6.20283557424795	4.97371489672129	4.11393068888082e-22	1	3	7	2.8837443638528e-09	1	0	4.67965566152487	-1.36985696537123
SLIT2	SDC1	R-HSA-9772572	REACTOME_EARLY_SARS_COV_2_INFECTION_EVENTS	1.72289991516945e-63	2.34809737217441e-63	6.20283557424795	4.97371489672129	4.11393068888082e-22	1	3	7	2.8837443638528e-09	1	0	4.67965566152487	-1.36985696537123
IL6ST	IL11RA	R-HSA-6783589	REACTOME_INTERLEUKIN_6_FAMILY_SIGNALING	1.76971278061473e-63	2.41021552338952e-63	2.36421696357824	1.54417527746285	1.19571148058935e-14	1	5	10	2.98315745010491e-09	1	0	2.53240000666997	2.65413731753755
LAMB2	ITGA7	R-HSA-3000178	REACTOME_ECM_PROTEOGLYCANS	1.782036545857e-63	2.42530827460538e-63	11.5489876350185	1.74964071687458	2.59894038282651e-26	1	5	10	2.62411923137851e-07	1	0	7.52145571443406	3.34330487821446
FGF2	SDC1	R-HSA-2022928	REACTOME_HS_GAG_BIOSYNTHESIS	1.89461951448107e-63	2.57494217938868e-63	1.70513973428035	4.97371489672129	3.9219511460425e-14	1	4	9	2.8837443638528e-09	1	0	-0.194671018551907	-1.36985696537123
FGF2	SDC1	R-HSA-9820960	REACTOME_RESPIRATORY_SYNCYTIAL_VIRUS_RSV_ATTACHMENT_AND_ENTRY	1.89461951448107e-63	2.57494217938868e-63	1.70513973428035	4.97371489672129	3.9219511460425e-14	1	4	9	2.8837443638528e-09	1	0	-0.194671018551907	-1.36985696537123
L1CAM	ITGB3	R-HSA-3000178	REACTOME_ECM_PROTEOGLYCANS	2.46243425815345e-63	3.34432135338922e-63	6.16331281736985	3.24113977349228	1.63238190696712e-26	1	6	11	2.62411923137851e-07	1	0	5.88961647399386	-5.39454496662179
LAMA1	GPC1	R-HSA-3656237	REACTOME_DEFECTIVE_EXT2_CAUSES_EXOSTOSES_2	2.62292353827173e-63	3.55487138809486e-63	19.4121541047617	4.90779964490746	1.47161281929925e-23	1	4	8	5.01834845375796e-09	1	0	5.04833152876336	0.670420105488671
LAMA1	GPC1	R-HSA-9694614	REACTOME_ATTACHMENT_AND_ENTRY	2.62292353827173e-63	3.55487138809486e-63	19.4121541047617	4.90779964490746	1.47161281929925e-23	1	4	8	5.01834845375796e-09	1	0	5.04833152876336	0.670420105488671
LAMA1	GPC1	R-HSA-9772572	REACTOME_EARLY_SARS_COV_2_INFECTION_EVENTS	2.62292353827173e-63	3.55487138809486e-63	19.4121541047617	4.90779964490746	1.47161281929925e-23	1	4	8	5.01834845375796e-09	1	0	5.04833152876336	0.670420105488671
COMP	ITGB3	R-HSA-3000178	REACTOME_ECM_PROTEOGLYCANS	2.91478526330987e-63	3.94769460419153e-63	8.99453854548071	3.24113977349228	1.93225167769126e-26	1	6	11	2.62411923137851e-07	1	0	4.26810252217773	-5.39454496662179
L1CAM	EGFR	R-HSA-6785631	REACTOME_ERBB2_REGULATES_CELL_MOTILITY	3.37314942742719e-63	4.56532282173617e-63	6.16331281736985	2.78295784689883	8.85758904323062e-24	1	2	5	9.34194908227589e-11	1	0	5.88961647399386	5.81170270821198
RND1	PLXNB1	R-HSA-400685	REACTOME_SEMA4D_IN_SEMAPHORIN_SIGNALING	3.50443317791705e-63	4.73972160420498e-63	7.22325820936774	1.5943988970485	3.68625549822999e-20	1	9	17	5.4009954180914e-06	1	0	4.94217931808006	5.39031608975878
CDH1	EGFR	R-HSA-8866910	REACTOME_TFAP2_AP_2_FAMILY_REGULATES_TRANSCRIPTION_OF_GROWTH_FACTORS_AND_THEIR_RECEPTORS	3.89416627732713e-63	5.26318805510027e-63	14.3361338797864	2.78295784689883	2.13296038644674e-35	1	3	6	5.90656681748389e-08	1	0	-3.29081622051826	5.81170270821198
FGF2	SDC1	R-HSA-2187338	REACTOME_VISUAL_PHOTOTRANSDUCTION	4.73654877449498e-63	6.39286783454644e-63	1.70513973428035	4.97371489672129	3.9219511460425e-14	1	5	10	2.8837443638528e-09	1	0	-0.194671018551907	-1.36985696537123
FGF2	SDC1	R-HSA-6806667	REACTOME_METABOLISM_OF_FAT_SOLUBLE_VITAMINS	4.73654877449498e-63	6.39286783454644e-63	1.70513973428035	4.97371489672129	3.9219511460425e-14	1	5	10	2.8837443638528e-09	1	0	-0.194671018551907	-1.36985696537123
L1CAM	ERBB2	R-HSA-8863795	REACTOME_DOWNREGULATION_OF_ERBB2_SIGNALING	5.1221675191149e-63	6.90855881549129e-63	6.16331281736985	5.3918454128273	1.47975155580914e-32	1	7	13	1.53602233306777e-05	1	0	5.88961647399386	0.2885538415546
COL4A4	ITGB3	R-HSA-372708	REACTOME_P130CAS_LINKAGE_TO_MAPK_SIGNALING_FOR_INTEGRINS	5.61689331291487e-63	7.5705953347983e-63	2.61912453042687	3.24113977349228	4.57461867147628e-22	1	3	7	3.57589206513711e-09	1	0	5.55251303801619	-5.39454496662179
L1CAM	EGFR	R-HSA-8847993	REACTOME_ERBB2_ACTIVATES_PTK6_SIGNALING	5.73919107562893e-63	7.73009666945055e-63	6.16331281736985	2.78295784689883	8.85758904323062e-24	1	2	4	5.44963832776611e-14	1	0	5.88961647399386	5.81170270821198
PTN	SDC1	R-HSA-3656237	REACTOME_DEFECTIVE_EXT2_CAUSES_EXOSTOSES_2	9.44689072156261e-63	1.26977134062022e-62	8.46323813593221	4.97371489672129	2.25572323219469e-21	1	3	7	2.8837443638528e-09	1	0	3.62957168854979	-1.36985696537123
PTN	SDC1	R-HSA-9694614	REACTOME_ATTACHMENT_AND_ENTRY	9.44689072156261e-63	1.26977134062022e-62	8.46323813593221	4.97371489672129	2.25572323219469e-21	1	3	7	2.8837443638528e-09	1	0	3.62957168854979	-1.36985696537123
PTN	SDC1	R-HSA-9772572	REACTOME_EARLY_SARS_COV_2_INFECTION_EVENTS	9.44689072156261e-63	1.26977134062022e-62	8.46323813593221	4.97371489672129	2.25572323219469e-21	1	3	7	2.8837443638528e-09	1	0	3.62957168854979	-1.36985696537123
COL18A1	ITGB3	R-HSA-372708	REACTOME_P130CAS_LINKAGE_TO_MAPK_SIGNALING_FOR_INTEGRINS	9.77112165509517e-63	1.31244845889965e-62	3.25983197505071	3.24113977349228	7.9579855045294e-22	1	3	7	3.57589206513711e-09	1	0	6.43761926723443	-5.39454496662179
FGF2	SDC1	R-HSA-2024096	REACTOME_HS_GAG_DEGRADATION	1.04204072781321e-62	1.39869796661113e-62	1.70513973428035	4.97371489672129	3.9219511460425e-14	1	6	11	2.8837443638528e-09	1	0	-0.194671018551907	-1.36985696537123
CDH1	EGFR	R-HSA-2179392	REACTOME_EGFR_TRANSACTIVATION_BY_GASTRIN	1.18203983040188e-62	1.58552458020252e-62	14.3361338797864	2.78295784689883	2.13296038644674e-35	1	3	6	7.7963177157042e-08	1	0	-3.29081622051826	5.81170270821198
NID1	ITGB3	R-HSA-210990	REACTOME_PECAM1_INTERACTIONS	1.25648708089108e-62	1.68422736374762e-62	1.52477175080913	3.24113977349228	1.32578397147454e-20	1	4	9	4.73588344117171e-08	1	0	5.58579957949785	-5.39454496662179
CDH1	PTPRF	R-HSA-388844	REACTOME_RECEPTOR_TYPE_TYROSINE_PROTEIN_PHOSPHATASES	1.45833057178857e-62	1.95344280295135e-62	14.3361338797864	2.81739742389189	3.97702630822834e-36	1	3	6	1.25040754641973e-07	1	0	-3.29081622051826	-3.35735256004328
LAMA1	ITGB4	R-HSA-3000170	REACTOME_SYNDECAN_INTERACTIONS	2.03630361219966e-62	2.72577173038104e-62	19.4121541047617	7.1327068911155	8.30736038497547e-28	1	4	8	5.3485776120326e-08	1	0	5.04833152876336	3.5750195739368
RND1	SEMA4D	R-HSA-416572	REACTOME_SEMA4D_INDUCED_CELL_MIGRATION_AND_GROWTH_CONE_COLLAPSE	3.09614289565246e-62	4.1416212843899e-62	7.22325820936774	1.60620941757158	1.42392692897037e-23	1	7	14	5.4009954180914e-06	1	0	4.94217931808006	-0.545072800988612
EFNA1	EPHA2	R-HSA-3928663	REACTOME_EPHA_MEDIATED_GROWTH_CONE_COLLAPSE	3.30514405216592e-62	4.41816997527724e-62	11.2370757625062	8.26872738187092	2.82662698031295e-35	1	1	2	3.42001946888516e-14	1	0	5.76902987575632	-4.79009375173012
L1CAM	ERBB3	R-HSA-6785631	REACTOME_ERBB2_REGULATES_CELL_MOTILITY	3.49218185406464e-62	4.66500079410961e-62	6.16331281736985	9.09909784607182	7.13750764636023e-30	1	2	5	5.59300320892075e-09	1	0	5.88961647399386	4.9842892437399
COL4A3	ITGB3	R-HSA-3000178	REACTOME_ECM_PROTEOGLYCANS	3.53925371778957e-62	4.72464969982436e-62	8.62407894562393	3.24113977349228	2.34622049866144e-25	1	6	11	2.62411923137851e-07	1	0	0.82100178352364	-5.39454496662179
CLCF1	IL6ST	R-HSA-8984722	REACTOME_INTERLEUKIN_35_SIGNALLING	3.67919044712607e-62	4.90475013190254e-62	2.37202530845207	2.36421696357824	2.90068319328239e-19	1	4	8	1.17764068184234e-09	1	0	-6.01378384650083	2.53240000666997
CLCF1	IL6ST	R-HSA-9020956	REACTOME_INTERLEUKIN_27_SIGNALING	3.67919044712607e-62	4.90475013190254e-62	2.37202530845207	2.36421696357824	2.90068319328239e-19	1	4	8	1.17764068184234e-09	1	0	-6.01378384650083	2.53240000666997
RND1	ERBB2	R-HSA-8863795	REACTOME_DOWNREGULATION_OF_ERBB2_SIGNALING	4.06085363708913e-62	5.40985481121082e-62	7.22325820936774	5.3918454128273	1.17314681040229e-31	1	7	13	1.53602233306777e-05	1	0	4.94217931808006	0.2885538415546
TNC	EGFR	R-HSA-1963640	REACTOME_GRB2_EVENTS_IN_ERBB2_SIGNALING	4.60473522282373e-62	6.13023032731749e-62	5.19362687065032	2.78295784689883	2.991461174726e-16	1	4	8	3.07486930655317e-10	1	0	7.1142609861648	5.81170270821198
LAMA5	SDC1	R-HSA-3656237	REACTOME_DEFECTIVE_EXT2_CAUSES_EXOSTOSES_2	4.79378312592406e-62	6.36888329587054e-62	5.8870821214992	4.97371489672129	1.14465682794107e-20	1	3	7	2.8837443638528e-09	1	0	-3.29459552152133	-1.36985696537123
LAMA5	SDC1	R-HSA-9694614	REACTOME_ATTACHMENT_AND_ENTRY	4.79378312592406e-62	6.36888329587054e-62	5.8870821214992	4.97371489672129	1.14465682794107e-20	1	3	7	2.8837443638528e-09	1	0	-3.29459552152133	-1.36985696537123
LAMA5	SDC1	R-HSA-9772572	REACTOME_EARLY_SARS_COV_2_INFECTION_EVENTS	4.79378312592406e-62	6.36888329587054e-62	5.8870821214992	4.97371489672129	1.14465682794107e-20	1	3	7	2.8837443638528e-09	1	0	-3.29459552152133	-1.36985696537123
L1CAM	ERBB2	R-HSA-8847993	REACTOME_ERBB2_ACTIVATES_PTK6_SIGNALING	4.8257112666056e-62	6.40694364628195e-62	6.16331281736985	5.3918454128273	1.47975155580914e-32	1	2	4	9.34194908227589e-11	1	0	5.88961647399386	0.2885538415546
UBB	FGFR2	R-HSA-5654696	REACTOME_DOWNSTREAM_SIGNALING_OF_ACTIVATED_FGFR2	6.15097983209451e-62	8.16091277994604e-62	1.61742059701178	12.4701828090957	7.94997178763374e-34	1	6	12	3.71525956471559e-05	1	0	-0.872149922875403	-6.36051979772941
EFNA5	EPHA2	R-HSA-3928663	REACTOME_EPHA_MEDIATED_GROWTH_CONE_COLLAPSE	6.3169134136349e-62	8.37537806980921e-62	8.38426854170645	8.26872738187092	5.40235390816934e-35	1	1	2	3.42001946888516e-14	1	0	-1.86748876519081	-4.79009375173012
FGF2	SDC4	R-HSA-2022928	REACTOME_HS_GAG_BIOSYNTHESIS	6.47237311879231e-62	8.57567483107285e-62	1.70513973428035	1.77570057185383	2.25371048202856e-14	1	5	10	4.89017449635191e-09	1	0	-0.194671018551907	2.92131411044688
FGF2	SDC4	R-HSA-9820960	REACTOME_RESPIRATORY_SYNCYTIAL_VIRUS_RSV_ATTACHMENT_AND_ENTRY	7.55931195121306e-62	1.00090415191316e-61	1.70513973428035	1.77570057185383	2.25371048202856e-14	1	5	10	5.01834845375796e-09	1	0	-0.194671018551907	2.92131411044688
LAMA5	ITGA3	R-HSA-8875878	REACTOME_MET_PROMOTES_CELL_MOTILITY	9.54786859252297e-62	1.26334602718139e-61	5.8870821214992	1.43205767826489	1.35668903819104e-15	1	5	10	8.33427462625179e-09	1	0	-3.29459552152133	4.89650700834186
EFEMP1	EGFR	R-HSA-9013507	REACTOME_NOTCH3_ACTIVATION_AND_TRANSMISSION_OF_SIGNAL_TO_THE_NUCLEUS	1.34684914720107e-61	1.78090479653602e-61	11.6997034417759	2.78295784689883	8.1429949443564e-21	1	5	10	6.54715464543213e-08	1	0	1.01946244719326	5.81170270821198
NID1	ITGB3	R-HSA-372708	REACTOME_P130CAS_LINKAGE_TO_MAPK_SIGNALING_FOR_INTEGRINS	1.62784871451195e-61	2.15100713088081e-61	1.52477175080913	3.24113977349228	1.32578397147454e-20	1	3	7	3.57589206513711e-09	1	0	5.58579957949785	-5.39454496662179
FGF2	SDC4	R-HSA-2187338	REACTOME_VISUAL_PHOTOTRANSDUCTION	1.66304862211338e-61	2.1945499722888e-61	1.70513973428035	1.77570057185383	2.25371048202856e-14	1	6	11	5.01834845375796e-09	1	0	-0.194671018551907	2.92131411044688
FGF2	SDC4	R-HSA-6806667	REACTOME_METABOLISM_OF_FAT_SOLUBLE_VITAMINS	1.66304862211338e-61	2.1945499722888e-61	1.70513973428035	1.77570057185383	2.25371048202856e-14	1	6	11	5.01834845375796e-09	1	0	-0.194671018551907	2.92131411044688
WNT5A	FZD2	R-HSA-4608870	REACTOME_ASYMMETRIC_LOCALIZATION_OF_PCP_PROTEINS	1.75570094608744e-61	2.31524912066763e-61	3.4155479880697	3.52410544200316	2.86033497987759e-24	1	5	10	2.57613799221349e-07	1	0	7.42682687423672	3.79491577287468
THBS1	ITGB3	R-HSA-210990	REACTOME_PECAM1_INTERACTIONS	2.16436625269571e-61	2.85223164069819e-61	5.87784721611172	3.24113977349228	2.28373385597358e-19	1	4	9	4.73588344117171e-08	1	0	-1.71378563230842	-5.39454496662179
TNC	EGFR	R-HSA-5637810	REACTOME_CONSTITUTIVE_SIGNALING_BY_EGFRVIII	2.29083587602313e-61	3.01685938359621e-61	5.19362687065032	2.78295784689883	2.991461174726e-16	1	7	13	1.23822362565426e-07	1	0	7.1142609861648	5.81170270821198
S100B	APP	R-HSA-9609523	REACTOME_INSERTION_OF_TAIL_ANCHORED_PROTEINS_INTO_THE_ENDOPLASMIC_RETICULUM_MEMBRANE	2.37653457715396e-61	3.12760918408469e-61	4.09101248316345	1.25658697558778	4.32933445283623e-18	1	8	16	5.52517181939051e-06	1	0	-6.36051979772941	7.47779934429022
TNFSF9	TRAF2	R-HSA-933541	REACTOME_TRAF6_MEDIATED_IRF7_ACTIVATION	2.74616020495202e-61	3.61161675439145e-61	2.56841166294607	1.20566797021442	3.85886181446648e-17	1	8	15	1.01266337579819e-06	1	0	-4.99093337728425	2.37330096619563
RND1	MET	R-HSA-8875360	REACTOME_INLB_MEDIATED_ENTRY_OF_LISTERIA_MONOCYTOGENES_INTO_HOST_CELL	3.44797623012246e-61	4.53155960796041e-61	7.22325820936774	3.79679238684995	3.5826855079574e-26	1	4	9	6.96914517376359e-07	1	0	4.94217931808006	5.97546678596363
RND1	ERBB2	R-HSA-8847993	REACTOME_ERBB2_ACTIVATES_PTK6_SIGNALING	3.82582316478466e-61	5.0247697651812e-61	7.22325820936774	5.3918454128273	1.17314681040229e-31	1	2	4	9.34194908227589e-11	1	0	4.94217931808006	0.2885538415546
TNC	ITGB3	R-HSA-210990	REACTOME_PECAM1_INTERACTIONS	5.22486266618125e-61	6.8576322493629e-61	5.19362687065032	3.24113977349228	5.51302061225035e-19	1	4	9	4.73588344117171e-08	1	0	7.1142609861648	-5.39454496662179
FBLN2	ITGB3	R-HSA-3000170	REACTOME_SYNDECAN_INTERACTIONS	7.96382633059225e-61	1.04455022321334e-60	17.5000998547113	3.24113977349228	3.3590588362703e-35	1	2	5	2.62411923137851e-07	1	0	6.82089839498334	-5.39454496662179
SEMA5A	MET	R-HSA-8875555	REACTOME_MET_ACTIVATES_RAP1_AND_RAC1	1.16820542965788e-60	1.5312115463905e-60	13.2905452772287	3.79679238684995	1.61419777351974e-29	1	3	6	8.33427462625179e-09	1	0	-1.81425316210326	5.97546678596363
SEMA4D	ERBB2	R-HSA-9665348	REACTOME_SIGNALING_BY_ERBB2_ECD_MUTANTS	1.30953320206441e-60	1.71530405340831e-60	1.60620941757158	5.3918454128273	1.05967340042737e-26	1	7	14	2.12229029614825e-05	1	0	-0.545072800988612	0.2885538415546
UBB	ERBB2	R-HSA-9665348	REACTOME_SIGNALING_BY_ERBB2_ECD_MUTANTS	1.32186499968415e-60	1.73029647746859e-60	1.61742059701178	5.3918454128273	1.06965228289975e-26	1	7	14	2.12229029614825e-05	1	0	-0.872149922875403	0.2885538415546
LIF	IL6ST	R-HSA-8984722	REACTOME_INTERLEUKIN_35_SIGNALLING	1.80709430523578e-60	2.36228592913352e-60	1.92957406182601	2.36421696357824	1.42471778919961e-17	1	4	8	1.17764068184234e-09	1	0	0.804592616358932	2.53240000666997
LIF	IL6ST	R-HSA-9020956	REACTOME_INTERLEUKIN_27_SIGNALING	1.80709430523578e-60	2.36228592913352e-60	1.92957406182601	2.36421696357824	1.42471778919961e-17	1	4	8	1.17764068184234e-09	1	0	0.804592616358932	2.53240000666997
RND1	MET	R-HSA-6807004	REACTOME_NEGATIVE_REGULATION_OF_MET_ACTIVITY	1.89638466093458e-60	2.47735066408376e-60	7.22325820936774	3.79679238684995	3.5826855079574e-26	1	6	11	6.96914517376359e-07	1	0	4.94217931808006	5.97546678596363
MFGE8	ITGB3	R-HSA-3000178	REACTOME_ECM_PROTEOGLYCANS	1.98092530549278e-60	2.58606091017874e-60	2.78019749763891	3.24113977349228	1.31318292743563e-23	1	6	11	2.62411923137851e-07	1	0	4.64057982249706	-5.39454496662179
S100B	APP	R-HSA-977225	REACTOME_AMYLOID_FIBER_FORMATION	2.00205534990961e-60	2.61189986531294e-60	4.09101248316345	1.25658697558778	4.32933445283623e-18	1	7	13	3.09084274068738e-07	1	0	-6.36051979772941	7.47779934429022
DCN	MET	R-HSA-400685	REACTOME_SEMA4D_IN_SEMAPHORIN_SIGNALING	2.3100953612806e-60	3.01175984017424e-60	17.3257647468552	3.79679238684995	4.95798811077511e-22	1	8	15	5.4009954180914e-06	1	0	-2.63243594134095	5.97546678596363
SEMA4D	ERBB2	R-HSA-416572	REACTOME_SEMA4D_INDUCED_CELL_MIGRATION_AND_GROWTH_CONE_COLLAPSE	2.4377752523528e-60	3.17610077908273e-60	1.60620941757158	5.3918454128273	1.05967340042737e-26	1	7	13	5.4009954180914e-06	1	0	-0.545072800988612	0.2885538415546
UBB	ERBB2	R-HSA-416572	REACTOME_SEMA4D_INDUCED_CELL_MIGRATION_AND_GROWTH_CONE_COLLAPSE	2.46073163941272e-60	3.20387259451537e-60	1.61742059701178	5.3918454128273	1.06965228289975e-26	1	7	13	5.4009954180914e-06	1	0	-0.872149922875403	0.2885538415546
L1CAM	ERBB3	R-HSA-8863795	REACTOME_DOWNREGULATION_OF_ERBB2_SIGNALING	2.47065189356261e-60	3.21464566830631e-60	6.16331281736985	9.09909784607182	7.13750764636023e-30	1	7	13	1.53602233306777e-05	1	0	5.88961647399386	4.9842892437399
FBN1	ITGB3	R-HSA-3000178	REACTOME_ECM_PROTEOGLYCANS	2.50294923597722e-60	3.25450057114748e-60	6.55908628413473	3.24113977349228	1.65923984907937e-23	1	6	11	2.62411923137851e-07	1	0	3.99266837107762	-5.39454496662179
L1CAM	ERBB2	R-HSA-8866910	REACTOME_TFAP2_AP_2_FAMILY_REGULATES_TRANSCRIPTION_OF_GROWTH_FACTORS_AND_THEIR_RECEPTORS	2.70159663726984e-60	3.5104579059135e-60	6.16331281736985	5.3918454128273	1.47975155580914e-32	1	3	6	5.90656681748389e-08	1	0	5.88961647399386	0.2885538415546
THBS1	ITGB3	R-HSA-372708	REACTOME_P130CAS_LINKAGE_TO_MAPK_SIGNALING_FOR_INTEGRINS	2.80405654444542e-60	3.64117182932307e-60	5.87784721611172	3.24113977349228	2.28373385597358e-19	1	3	7	3.57589206513711e-09	1	0	-1.71378563230842	-5.39454496662179
EFEMP1	EGFR	R-HSA-6785631	REACTOME_ERBB2_REGULATES_CELL_MOTILITY	3.10101751165462e-60	4.02411109651926e-60	11.6997034417759	2.78295784689883	8.1429949443564e-21	1	2	5	9.34194908227589e-11	1	0	1.01946244719326	5.81170270821198
COL18A1	ITGA3	R-HSA-8875878	REACTOME_MET_PROMOTES_CELL_MOTILITY	3.23179476618294e-60	4.19103265495039e-60	3.25983197505071	1.43205767826489	4.59216681762581e-14	1	5	10	8.33427462625179e-09	1	0	6.43761926723443	4.89650700834186
ANXA1	EGFR	R-HSA-9013507	REACTOME_NOTCH3_ACTIVATION_AND_TRANSMISSION_OF_SIGNAL_TO_THE_NUCLEUS	4.24642925479528e-60	5.5031694323923e-60	2.7077812217246	2.78295784689883	2.56737378682862e-19	1	5	10	6.54715464543213e-08	1	0	7.68275466234545	5.81170270821198
TNFSF12	TRAF2	R-HSA-9758274	REACTOME_REGULATION_OF_NF_KAPPA_B_SIGNALING	5.02004020516484e-60	6.5014181171664e-60	8.53252503662892	1.20566797021442	2.15400209273168e-25	1	6	12	4.34902618308867e-06	1	0	6.14962882879059	2.37330096619563
EFEMP1	EGFR	R-HSA-8847993	REACTOME_ERBB2_ACTIVATES_PTK6_SIGNALING	5.27617658546241e-60	6.82861025275552e-60	11.6997034417759	2.78295784689883	8.1429949443564e-21	1	2	4	5.44963832776611e-14	1	0	1.01946244719326	5.81170270821198
TNC	ITGB3	R-HSA-372708	REACTOME_P130CAS_LINKAGE_TO_MAPK_SIGNALING_FOR_INTEGRINS	6.76909942330072e-60	8.75500077728895e-60	5.19362687065032	3.24113977349228	5.51302061225035e-19	1	3	7	3.57589206513711e-09	1	0	7.1142609861648	-5.39454496662179
LAMA1	ITGA3	R-HSA-8875878	REACTOME_MET_PROMOTES_CELL_MOTILITY	6.88107632614036e-60	8.89393915615627e-60	19.4121541047617	1.43205767826489	9.77755478321223e-14	1	5	10	8.33427462625179e-09	1	0	5.04833152876336	4.89650700834186
SLIT2	SDC1	R-HSA-3000170	REACTOME_SYNDECAN_INTERACTIONS	1.12833315178956e-59	1.45743032106151e-59	6.20283557424795	4.97371489672129	4.11393068888082e-22	1	4	9	2.62411923137851e-07	1	0	4.67965566152487	-1.36985696537123
SEMA4D	MET	R-HSA-400685	REACTOME_SEMA4D_IN_SEMAPHORIN_SIGNALING	1.50783139910588e-59	1.94632830300977e-59	1.60620941757158	3.79679238684995	3.2361478556782e-21	1	8	15	5.4009954180914e-06	1	0	-0.545072800988612	5.97546678596363
UBB	MET	R-HSA-400685	REACTOME_SEMA4D_IN_SEMAPHORIN_SIGNALING	1.52203055925634e-59	1.96335910318866e-59	1.61742059701178	3.79679238684995	3.26662247087761e-21	1	8	15	5.4009954180914e-06	1	0	-0.872149922875403	5.97546678596363
DCN	EGFR	R-HSA-9013507	REACTOME_NOTCH3_ACTIVATION_AND_TRANSMISSION_OF_SIGNAL_TO_THE_NUCLEUS	1.60735079834459e-59	2.07205023707392e-59	17.3257647468552	2.78295784689883	9.71797728938474e-19	1	5	10	6.54715464543213e-08	1	0	-2.63243594134095	5.81170270821198
RND1	ERBB2	R-HSA-8866910	REACTOME_TFAP2_AP_2_FAMILY_REGULATES_TRANSCRIPTION_OF_GROWTH_FACTORS_AND_THEIR_RECEPTORS	2.14182540681542e-59	2.75922494690667e-59	7.22325820936774	5.3918454128273	1.17314681040229e-31	1	3	6	5.90656681748389e-08	1	0	4.94217931808006	0.2885538415546
L1CAM	ERBB3	R-HSA-8847993	REACTOME_ERBB2_ACTIVATES_PTK6_SIGNALING	2.32765770235601e-59	2.99664831423947e-59	6.16331281736985	9.09909784607182	7.13750764636023e-30	1	2	4	9.34194908227589e-11	1	0	5.88961647399386	4.9842892437399
DLL1	NOTCH3	R-HSA-9013507	REACTOME_NOTCH3_ACTIVATION_AND_TRANSMISSION_OF_SIGNAL_TO_THE_NUCLEUS	3.38964267828303e-59	4.36098297146691e-59	1.49001617638381	5.80955796788864	4.30455605271546e-22	1	5	10	2.68535130563243e-07	1	0	4.59911096841979	-2.27489465717084
L1CAM	ERBB2	R-HSA-1306955	REACTOME_GRB7_EVENTS_IN_ERBB2_SIGNALING	4.3971598024748e-59	5.65349117461046e-59	6.16331281736985	5.3918454128273	1.47975155580914e-32	1	1	2	5.44963832776611e-14	1	0	5.88961647399386	0.2885538415546
SEMA4D	ERBB2	R-HSA-6785631	REACTOME_ERBB2_REGULATES_CELL_MOTILITY	5.1846840711891e-59	6.66163683620547e-59	1.60620941757158	5.3918454128273	1.05967340042737e-26	1	2	5	5.59300320892075e-09	1	0	-0.545072800988612	0.2885538415546
UBB	ERBB2	R-HSA-6785631	REACTOME_ERBB2_REGULATES_CELL_MOTILITY	5.23350793803523e-59	6.7199480624476e-59	1.61742059701178	5.3918454128273	1.06965228289975e-26	1	2	5	5.59300320892075e-09	1	0	-0.872149922875403	0.2885538415546
NID1	ITGA3	R-HSA-8875878	REACTOME_MET_PROMOTES_CELL_MOTILITY	5.38410342373955e-59	6.90877397277486e-59	1.52477175080913	1.43205767826489	7.65045520336815e-13	1	5	10	8.33427462625179e-09	1	0	5.58579957949785	4.89650700834186
PTN	SDC1	R-HSA-3000170	REACTOME_SYNDECAN_INTERACTIONS	6.18680161779678e-59	7.9335676687834e-59	8.46323813593221	4.97371489672129	2.25572323219469e-21	1	4	9	2.62411923137851e-07	1	0	3.62957168854979	-1.36985696537123
COL4A4	ITGB3	R-HSA-3000178	REACTOME_ECM_PROTEOGLYCANS	6.90077345659929e-59	8.84331401623255e-59	2.61912453042687	3.24113977349228	4.57461867147628e-22	1	6	11	2.62411923137851e-07	1	0	5.55251303801619	-5.39454496662179
LAMA5	ITGA7	R-HSA-3000178	REACTOME_ECM_PROTEOGLYCANS	7.3141810629879e-59	9.36694794492812e-59	5.8870821214992	1.74964071687458	1.06670767084423e-21	1	5	10	2.62411923137851e-07	1	0	-3.29459552152133	3.34330487821446
L1CAM	EGFR	R-HSA-8863795	REACTOME_DOWNREGULATION_OF_ERBB2_SIGNALING	8.24167571652802e-59	1.05478326830794e-58	6.16331281736985	2.78295784689883	8.85758904323062e-24	1	7	14	1.53602233306777e-05	1	0	5.88961647399386	5.81170270821198
LAMA1	SDC4	R-HSA-3656237	REACTOME_DEFECTIVE_EXT2_CAUSES_EXOSTOSES_2	8.44915463174e-59	1.07921510763821e-58	19.4121541047617	1.77570057185383	4.74046768305835e-19	1	4	8	5.01834845375796e-09	1	0	5.04833152876336	2.92131411044688
LAMA1	SDC4	R-HSA-9694614	REACTOME_ATTACHMENT_AND_ENTRY	8.44915463174e-59	1.07921510763821e-58	19.4121541047617	1.77570057185383	4.74046768305835e-19	1	4	8	5.01834845375796e-09	1	0	5.04833152876336	2.92131411044688
LAMA1	SDC4	R-HSA-9772572	REACTOME_EARLY_SARS_COV_2_INFECTION_EVENTS	8.44915463174e-59	1.07921510763821e-58	19.4121541047617	1.77570057185383	4.74046768305835e-19	1	4	8	5.01834845375796e-09	1	0	5.04833152876336	2.92131411044688
ANXA1	EGFR	R-HSA-6785631	REACTOME_ERBB2_REGULATES_CELL_MOTILITY	9.77707971860695e-59	1.24801546996336e-58	2.7077812217246	2.78295784689883	2.56737378682862e-19	1	2	5	9.34194908227589e-11	1	0	7.68275466234545	5.81170270821198
COL18A1	ITGB3	R-HSA-3000178	REACTOME_ECM_PROTEOGLYCANS	1.20045536210642e-58	1.53134508307892e-58	3.25983197505071	3.24113977349228	7.9579855045294e-22	1	6	11	2.62411923137851e-07	1	0	6.43761926723443	-5.39454496662179
LAMC1	ITGB4	R-HSA-3000170	REACTOME_SYNDECAN_INTERACTIONS	1.40789485907426e-58	1.79479024789297e-58	1.71511038573227	7.1327068911155	5.74368670193046e-24	1	4	8	5.3485776120326e-08	1	0	-2.06597306819101	3.5750195739368
ANXA1	EGFR	R-HSA-8847993	REACTOME_ERBB2_ACTIVATES_PTK6_SIGNALING	1.66350557169181e-58	2.11926052284025e-58	2.7077812217246	2.78295784689883	2.56737378682862e-19	1	2	4	5.44963832776611e-14	1	0	7.68275466234545	5.81170270821198
IL6ST	OSMR	R-HSA-6783589	REACTOME_INTERLEUKIN_6_FAMILY_SIGNALING	1.74523711724925e-58	2.22193486961394e-58	2.36421696357824	3.50030667849922	4.54558451130706e-19	1	4	9	1.28824241406463e-07	1	0	2.53240000666997	0.232391698059585
APP	GPC1	R-HSA-3656237	REACTOME_DEFECTIVE_EXT2_CAUSES_EXOSTOSES_2	2.75784511374497e-58	3.50427554140789e-58	1.25658697558778	4.90779964490746	1.54731167867099e-18	1	4	8	5.01834845375796e-09	1	0	7.47779934429022	0.670420105488671
APP	GPC1	R-HSA-9694614	REACTOME_ATTACHMENT_AND_ENTRY	2.75784511374497e-58	3.50427554140789e-58	1.25658697558778	4.90779964490746	1.54731167867099e-18	1	4	8	5.01834845375796e-09	1	0	7.47779934429022	0.670420105488671
APP	GPC1	R-HSA-9772572	REACTOME_EARLY_SARS_COV_2_INFECTION_EVENTS	2.75784511374497e-58	3.50427554140789e-58	1.25658697558778	4.90779964490746	1.54731167867099e-18	1	4	8	5.01834845375796e-09	1	0	7.47779934429022	0.670420105488671
LAMA5	SDC1	R-HSA-3000170	REACTOME_SYNDECAN_INTERACTIONS	3.13946525613331e-58	3.98659014644236e-58	5.8870821214992	4.97371489672129	1.14465682794107e-20	1	4	9	2.62411923137851e-07	1	0	-3.29459552152133	-1.36985696537123
SEMA4D	PLXNB1	R-HSA-400685	REACTOME_SEMA4D_IN_SEMAPHORIN_SIGNALING	3.16546453460537e-58	4.01699300590272e-58	1.60620941757158	1.5943988970485	3.32969996936186e-15	1	9	17	5.4009954180914e-06	1	0	-0.545072800988612	5.39031608975878
EFNA2	EPHA5	R-HSA-3928663	REACTOME_EPHA_MEDIATED_GROWTH_CONE_COLLAPSE	3.28509394293479e-58	4.16609640944912e-58	3.23733549191578	7.16164859316141	6.6629620937078e-27	1	1	2	2.42479074282942e-16	1	0	1.67357652488783	1.45775684830993
RND1	ERBB2	R-HSA-1306955	REACTOME_GRB7_EVENTS_IN_ERBB2_SIGNALING	3.48606762861739e-58	4.41809868831264e-58	7.22325820936774	5.3918454128273	1.17314681040229e-31	1	1	2	5.44963832776611e-14	1	0	4.94217931808006	0.2885538415546
DCN	EGFR	R-HSA-6785631	REACTOME_ERBB2_REGULATES_CELL_MOTILITY	3.70080270934343e-58	4.68720343148361e-58	17.3257647468552	2.78295784689883	9.71797728938474e-19	1	2	5	9.34194908227589e-11	1	0	-2.63243594134095	5.81170270821198
FGF2	FGFR2	R-HSA-5654696	REACTOME_DOWNSTREAM_SIGNALING_OF_ACTIVATED_FGFR2	4.19915004687654e-58	5.31493197767329e-58	1.70513973428035	12.4701828090957	5.42728562212532e-30	1	6	12	3.71525956471559e-05	1	0	-0.194671018551907	-6.36051979772941
THBS1	SDC1	R-HSA-3656237	REACTOME_DEFECTIVE_EXT2_CAUSES_EXOSTOSES_2	4.65648350658547e-58	5.88234947500738e-58	5.87784721611172	4.97371489672129	1.11187250236328e-16	1	3	7	2.8837443638528e-09	1	0	-1.71378563230842	-1.36985696537123
THBS1	SDC1	R-HSA-9694614	REACTOME_ATTACHMENT_AND_ENTRY	4.65648350658547e-58	5.88234947500738e-58	5.87784721611172	4.97371489672129	1.11187250236328e-16	1	3	7	2.8837443638528e-09	1	0	-1.71378563230842	-1.36985696537123
THBS1	SDC1	R-HSA-9772572	REACTOME_EARLY_SARS_COV_2_INFECTION_EVENTS	4.65648350658547e-58	5.88234947500738e-58	5.87784721611172	4.97371489672129	1.11187250236328e-16	1	3	7	2.8837443638528e-09	1	0	-1.71378563230842	-1.36985696537123
DCN	EGFR	R-HSA-8847993	REACTOME_ERBB2_ACTIVATES_PTK6_SIGNALING	6.2966715051006e-58	7.94919162861117e-58	17.3257647468552	2.78295784689883	9.71797728938474e-19	1	2	4	5.44963832776611e-14	1	0	-2.63243594134095	5.81170270821198
EFNA2	EPHA4	R-HSA-3928663	REACTOME_EPHA_MEDIATED_GROWTH_CONE_COLLAPSE	6.48529313541207e-58	8.18202680456058e-58	3.23733549191578	12.1800690477723	5.54635569961956e-31	1	1	2	3.42001946888516e-14	1	0	1.67357652488783	4.48765691180463
COL1A2	ITGB3	R-HSA-354194	REACTOME_GRB2_SOS_PROVIDES_LINKAGE_TO_MAPK_SIGNALING_FOR_INTEGRINS	6.49963856838274e-58	8.19483158428114e-58	15.6937572852742	3.24113977349228	9.40316855048686e-29	1	3	7	8.00717378199022e-07	1	0	5.77125570056243	-5.39454496662179
COL1A2	ITGB3	R-HSA-445144	REACTOME_SIGNAL_TRANSDUCTION_BY_L1	9.072855677143e-58	1.14317981532002e-57	15.6937572852742	3.24113977349228	9.40316855048686e-29	1	6	12	2.75948569740472e-05	1	0	5.77125570056243	-5.39454496662179
THBS1	ITGA3	R-HSA-8875878	REACTOME_MET_PROMOTES_CELL_MOTILITY	9.27440634176759e-58	1.16782176566551e-57	5.87784721611172	1.43205767826489	1.31783185929674e-11	1	5	10	8.33427462625179e-09	1	0	-1.71378563230842	4.89650700834186
L1CAM	EGFR	R-HSA-9665348	REACTOME_SIGNALING_BY_ERBB2_ECD_MUTANTS	1.09461150366466e-57	1.37743316150585e-57	6.16331281736985	2.78295784689883	8.85758904323062e-24	1	7	14	2.12229029614825e-05	1	0	5.88961647399386	5.81170270821198
TNC	SDC1	R-HSA-3656237	REACTOME_DEFECTIVE_EXT2_CAUSES_EXOSTOSES_2	1.12409287471309e-57	1.41180281949496e-57	5.19362687065032	4.97371489672129	2.68410261891482e-16	1	3	7	2.8837443638528e-09	1	0	7.1142609861648	-1.36985696537123
TNC	SDC1	R-HSA-9694614	REACTOME_ATTACHMENT_AND_ENTRY	1.12409287471309e-57	1.41180281949496e-57	5.19362687065032	4.97371489672129	2.68410261891482e-16	1	3	7	2.8837443638528e-09	1	0	7.1142609861648	-1.36985696537123
TNC	SDC1	R-HSA-9772572	REACTOME_EARLY_SARS_COV_2_INFECTION_EVENTS	1.12409287471309e-57	1.41180281949496e-57	5.19362687065032	4.97371489672129	2.68410261891482e-16	1	3	7	2.8837443638528e-09	1	0	7.1142609861648	-1.36985696537123
COL4A2	ITGB3	R-HSA-210990	REACTOME_PECAM1_INTERACTIONS	1.35476020521967e-57	1.7004156046234e-57	1.3466555524192	3.24113977349228	1.42947698594562e-15	1	4	9	4.73588344117171e-08	1	0	7.20313784037645	-5.39454496662179
L1CAM	EGFR	R-HSA-180336	REACTOME_SHC1_EVENTS_IN_EGFR_SIGNALING	1.42873312723403e-57	1.79211033878488e-57	6.16331281736985	2.78295784689883	8.85758904323062e-24	1	4	8	7.7963177157042e-08	1	0	5.88961647399386	5.81170270821198
NID1	ITGB3	R-HSA-3000178	REACTOME_ECM_PROTEOGLYCANS	1.99993387352301e-57	2.5069774422275e-57	1.52477175080913	3.24113977349228	1.32578397147454e-20	1	6	11	2.62411923137851e-07	1	0	5.58579957949785	-5.39454496662179
TNFSF12	TRAF2	R-HSA-933542	REACTOME_TRAF6_MEDIATED_NF_KB_ACTIVATION	2.00788523744671e-57	2.51533025576229e-57	8.53252503662892	1.20566797021442	2.15400209273168e-25	1	9	17	8.99034895059038e-05	1	0	6.14962882879059	2.37330096619563
RND1	MET	R-HSA-8875555	REACTOME_MET_ACTIVATES_RAP1_AND_RAC1	2.59281280882108e-57	3.24600218950485e-57	7.22325820936774	3.79679238684995	3.5826855079574e-26	1	3	6	8.33427462625179e-09	1	0	4.94217931808006	5.97546678596363
WNT2	FZD3	R-HSA-4608870	REACTOME_ASYMMETRIC_LOCALIZATION_OF_PCP_PROTEINS	3.27960464607867e-57	4.1031824944213e-57	15.1935294071625	1.59995097004923	2.42865184716672e-20	1	6	11	2.57613799221349e-07	1	0	-3.57793043501172	4.7931863954282
SEMA4D	ERBB2	R-HSA-8863795	REACTOME_DOWNREGULATION_OF_ERBB2_SIGNALING	3.6680648526645e-57	4.58625522231355e-57	1.60620941757158	5.3918454128273	1.05967340042737e-26	1	7	13	1.53602233306777e-05	1	0	-0.545072800988612	0.2885538415546
UBB	ERBB2	R-HSA-8863795	REACTOME_DOWNREGULATION_OF_ERBB2_SIGNALING	3.70260680497836e-57	4.62648182349503e-57	1.61742059701178	5.3918454128273	1.06965228289975e-26	1	7	13	1.53602233306777e-05	1	0	-0.872149922875403	0.2885538415546
DCN	MET	R-HSA-8875360	REACTOME_INLB_MEDIATED_ENTRY_OF_LISTERIA_MONOCYTOGENES_INTO_HOST_CELL	4.77156733886161e-57	5.95835742506185e-57	17.3257647468552	3.79679238684995	4.95798811077511e-22	1	4	9	6.96914517376359e-07	1	0	-2.63243594134095	5.97546678596363
TNC	EGFR	R-HSA-9013507	REACTOME_NOTCH3_ACTIVATION_AND_TRANSMISSION_OF_SIGNAL_TO_THE_NUCLEUS	4.94786863997406e-57	6.17456067339894e-57	5.19362687065032	2.78295784689883	2.991461174726e-16	1	5	10	6.54715464543213e-08	1	0	7.1142609861648	5.81170270821198
LAMA1	ITGA7	R-HSA-3000178	REACTOME_ECM_PROTEOGLYCANS	5.27127470072679e-57	6.57394603481444e-57	19.4121541047617	1.74964071687458	7.68768110875204e-20	1	5	10	2.62411923137851e-07	1	0	5.04833152876336	3.34330487821446
HSPG2	SDC1	R-HSA-3656237	REACTOME_DEFECTIVE_EXT2_CAUSES_EXOSTOSES_2	6.49592200709413e-57	8.0857461312013e-57	3.09676104986744	4.97371489672129	1.55109258885375e-15	1	3	7	2.8837443638528e-09	1	0	2.05397683291469	-1.36985696537123
HSPG2	SDC1	R-HSA-9694614	REACTOME_ATTACHMENT_AND_ENTRY	6.49592200709413e-57	8.0857461312013e-57	3.09676104986744	4.97371489672129	1.55109258885375e-15	1	3	7	2.8837443638528e-09	1	0	2.05397683291469	-1.36985696537123
HSPG2	SDC1	R-HSA-9772572	REACTOME_EARLY_SARS_COV_2_INFECTION_EVENTS	6.49592200709413e-57	8.0857461312013e-57	3.09676104986744	4.97371489672129	1.55109258885375e-15	1	3	7	2.8837443638528e-09	1	0	2.05397683291469	-1.36985696537123
WNT7B	LRP5	R-HSA-4641262	REACTOME_DISASSEMBLY_OF_THE_DESTRUCTION_COMPLEX_AND_RECRUITMENT_OF_AXIN_TO_THE_MEMBRANE	1.06146698035043e-56	1.32041083606649e-56	2.32224658634214	2.10278826312485	3.75023371971548e-25	1	6	12	1.19955681818829e-05	1	0	0.757546294138287	-6.27771829635106
THBS1	SDC4	R-HSA-3656237	REACTOME_DEFECTIVE_EXT2_CAUSES_EXOSTOSES_2	1.13878831719249e-56	1.41389293291604e-56	5.87784721611172	1.77570057185383	6.38926549552763e-17	1	4	8	5.01834845375796e-09	1	0	-1.71378563230842	2.92131411044688
THBS1	SDC4	R-HSA-9694614	REACTOME_ATTACHMENT_AND_ENTRY	1.13878831719249e-56	1.41389293291604e-56	5.87784721611172	1.77570057185383	6.38926549552763e-17	1	4	8	5.01834845375796e-09	1	0	-1.71378563230842	2.92131411044688
THBS1	SDC4	R-HSA-9772572	REACTOME_EARLY_SARS_COV_2_INFECTION_EVENTS	1.13878831719249e-56	1.41389293291604e-56	5.87784721611172	1.77570057185383	6.38926549552763e-17	1	4	8	5.01834845375796e-09	1	0	-1.71378563230842	2.92131411044688
WNT5A	FZD3	R-HSA-4608870	REACTOME_ASYMMETRIC_LOCALIZATION_OF_PCP_PROTEINS	1.30545968075472e-56	1.61979844759465e-56	3.4155479880697	1.59995097004923	9.66734532730192e-20	1	6	11	2.57613799221349e-07	1	0	7.42682687423672	4.7931863954282
WNT5A	LRP5	R-HSA-4641262	REACTOME_DISASSEMBLY_OF_THE_DESTRUCTION_COMPLEX_AND_RECRUITMENT_OF_AXIN_TO_THE_MEMBRANE	1.62142850024212e-56	2.01057134030023e-56	3.4155479880697	2.10278826312485	5.72861516022685e-25	1	6	12	1.19955681818829e-05	1	0	7.42682687423672	-6.27771829635106
COL4A2	ITGB3	R-HSA-372708	REACTOME_P130CAS_LINKAGE_TO_MAPK_SIGNALING_FOR_INTEGRINS	1.75516699859324e-56	2.17502610929734e-56	1.3466555524192	3.24113977349228	1.42947698594562e-15	1	3	7	3.57589206513711e-09	1	0	7.20313784037645	-5.39454496662179
FN1	ITGB3	R-HSA-210990	REACTOME_PECAM1_INTERACTIONS	1.78054237559521e-56	2.20507245373332e-56	3.91871645826014	3.24113977349228	1.87874159471756e-14	1	4	9	4.73588344117171e-08	1	0	7.84296292746818	-5.39454496662179
SEMA5A	MET	R-HSA-9022699	REACTOME_MECP2_REGULATES_NEURONAL_RECEPTORS_AND_CHANNELS	1.96070764316459e-56	2.42665527699648e-56	13.2905452772287	3.79679238684995	1.61419777351974e-29	1	4	8	1.85035056033067e-06	1	0	-1.81425316210326	5.97546678596363
L1CAM	ERBB3	R-HSA-1306955	REACTOME_GRB7_EVENTS_IN_ERBB2_SIGNALING	2.12094804625972e-56	2.6233131946455e-56	6.16331281736985	9.09909784607182	7.13750764636023e-30	1	1	2	5.44963832776611e-14	1	0	5.88961647399386	4.9842892437399
LTBP1	ITGB3	R-HSA-210990	REACTOME_PECAM1_INTERACTIONS	2.37931358393198e-56	2.94101229710073e-56	2.03718846603833	3.24113977349228	2.51053581104197e-14	1	4	9	4.73588344117171e-08	1	0	6.71785217640578	-5.39454496662179
UBB	ERBB3	R-HSA-6785631	REACTOME_ERBB2_REGULATES_CELL_MOTILITY	2.52435638796054e-56	3.11832259689243e-56	1.61742059701178	9.09909784607182	5.15941430720038e-24	1	2	5	5.59300320892075e-09	1	0	-0.872149922875403	4.9842892437399
DCN	MET	R-HSA-6807004	REACTOME_NEGATIVE_REGULATION_OF_MET_ACTIVITY	2.62435890102183e-56	3.23980589993403e-56	17.3257647468552	3.79679238684995	4.95798811077511e-22	1	6	11	6.96914517376359e-07	1	0	-2.63243594134095	5.97546678596363
TNC	SDC4	R-HSA-3656237	REACTOME_DEFECTIVE_EXT2_CAUSES_EXOSTOSES_2	2.74907842227335e-56	3.38735025785479e-56	5.19362687065032	1.77570057185383	1.54239305433283e-16	1	4	8	5.01834845375796e-09	1	0	7.1142609861648	2.92131411044688
TNC	SDC4	R-HSA-9694614	REACTOME_ATTACHMENT_AND_ENTRY	2.74907842227335e-56	3.38735025785479e-56	5.19362687065032	1.77570057185383	1.54239305433283e-16	1	4	8	5.01834845375796e-09	1	0	7.1142609861648	2.92131411044688
TNC	SDC4	R-HSA-9772572	REACTOME_EARLY_SARS_COV_2_INFECTION_EVENTS	2.74907842227335e-56	3.38735025785479e-56	5.19362687065032	1.77570057185383	1.54239305433283e-16	1	4	8	5.01834845375796e-09	1	0	7.1142609861648	2.92131411044688
SEMA4D	MET	R-HSA-8875360	REACTOME_INLB_MEDIATED_ENTRY_OF_LISTERIA_MONOCYTOGENES_INTO_HOST_CELL	3.11446842285127e-56	3.83515563040891e-56	1.60620941757158	3.79679238684995	3.2361478556782e-21	1	4	9	6.96914517376359e-07	1	0	-0.545072800988612	5.97546678596363
UBB	MET	R-HSA-8875360	REACTOME_INLB_MEDIATED_ENTRY_OF_LISTERIA_MONOCYTOGENES_INTO_HOST_CELL	3.14379718994409e-56	3.8688317025588e-56	1.61742059701178	3.79679238684995	3.26662247087761e-21	1	4	9	6.96914517376359e-07	1	0	-0.872149922875403	5.97546678596363
THBS1	ITGB3	R-HSA-3000178	REACTOME_ECM_PROTEOGLYCANS	3.44499314740781e-56	4.23682091743542e-56	5.87784721611172	3.24113977349228	2.28373385597358e-19	1	6	11	2.62411923137851e-07	1	0	-1.71378563230842	-5.39454496662179
SEMA4D	ERBB2	R-HSA-8847993	REACTOME_ERBB2_ACTIVATES_PTK6_SIGNALING	3.45576786000974e-56	4.2473975019503e-56	1.60620941757158	5.3918454128273	1.05967340042737e-26	1	2	4	9.34194908227589e-11	1	0	-0.545072800988612	0.2885538415546
UBB	ERBB2	R-HSA-8847993	REACTOME_ERBB2_ACTIVATES_PTK6_SIGNALING	3.48831062395284e-56	4.28469852111943e-56	1.61742059701178	5.3918454128273	1.06965228289975e-26	1	2	4	9.34194908227589e-11	1	0	-0.872149922875403	0.2885538415546
CDH1	EGFR	R-HSA-212718	REACTOME_EGFR_INTERACTS_WITH_PHOSPHOLIPASE_C_GAMMA	4.0493008870815e-56	4.97063773253939e-56	14.3361338797864	2.78295784689883	2.13296038644674e-35	1	1	3	1.23822362565426e-07	1	0	-3.29081622051826	5.81170270821198
LAMC1	ITGA3	R-HSA-8875878	REACTOME_MET_PROMOTES_CELL_MOTILITY	4.75755772686845e-56	5.83637577925507e-56	1.71511038573227	1.43205767826489	6.76017516795119e-10	1	5	10	8.33427462625179e-09	1	0	-2.06597306819101	4.89650700834186
WNT7A	LRP6	R-HSA-4641262	REACTOME_DISASSEMBLY_OF_THE_DESTRUCTION_COMPLEX_AND_RECRUITMENT_OF_AXIN_TO_THE_MEMBRANE	5.1699946029199e-56	6.33835496516169e-56	10.3548346702724	1.91172966289188	1.82659361520754e-24	1	6	12	1.19955681818829e-05	1	0	6.15755813866104	7.25587852467171
EFNA2	EPHA2	R-HSA-3928663	REACTOME_EPHA_MEDIATED_GROWTH_CONE_COLLAPSE	5.52376154351915e-56	6.76782076191524e-56	3.23733549191578	8.26872738187092	4.72403416168637e-29	1	1	2	3.42001946888516e-14	1	0	1.67357652488783	-4.79009375173012
TNFSF9	TRAF2	R-HSA-5213460	REACTOME_RIPK1_MEDIATED_REGULATED_NECROSIS	6.29560569158308e-56	7.70866327000737e-56	2.56841166294607	1.20566797021442	3.85886181446648e-17	1	9	17	1.59581514183049e-05	1	0	-4.99093337728425	2.37330096619563
EFEMP1	EGFR	R-HSA-8863795	REACTOME_DOWNREGULATION_OF_ERBB2_SIGNALING	7.57677098871534e-56	9.27157502566482e-56	11.6997034417759	2.78295784689883	8.1429949443564e-21	1	7	14	1.53602233306777e-05	1	0	1.01946244719326	5.81170270821198
WNT5A	FZD2	R-HSA-4641262	REACTOME_DISASSEMBLY_OF_THE_DESTRUCTION_COMPLEX_AND_RECRUITMENT_OF_AXIN_TO_THE_MEMBRANE	8.09589844472873e-56	9.90061970103646e-56	3.4155479880697	3.52410544200316	2.86033497987759e-24	1	6	12	1.19955681818829e-05	1	0	7.42682687423672	3.79491577287468
TNC	ITGB3	R-HSA-3000178	REACTOME_ECM_PROTEOGLYCANS	8.31634482321228e-56	1.01638432038383e-55	5.19362687065032	3.24113977349228	5.51302061225035e-19	1	6	11	2.62411923137851e-07	1	0	7.1142609861648	-5.39454496662179
FBLN2	ITGB3	R-HSA-1566948	REACTOME_ELASTIC_FIBRE_FORMATION	9.81832933604325e-56	1.19919932415838e-55	17.5000998547113	3.24113977349228	3.3590588362703e-35	1	4	8	3.49569861488115e-05	1	0	6.82089839498334	-5.39454496662179
L1CAM	ITGB3	R-HSA-354194	REACTOME_GRB2_SOS_PROVIDES_LINKAGE_TO_MAPK_SIGNALING_FOR_INTEGRINS	1.12833161969689e-55	1.37726978329251e-55	6.16331281736985	3.24113977349228	1.63238190696712e-26	1	3	7	8.00717378199022e-07	1	0	5.88961647399386	-5.39454496662179
TNC	EGFR	R-HSA-6785631	REACTOME_ERBB2_REGULATES_CELL_MOTILITY	1.13920904429512e-55	1.38967849063608e-55	5.19362687065032	2.78295784689883	2.991461174726e-16	1	2	5	9.34194908227589e-11	1	0	7.1142609861648	5.81170270821198
COMP	ITGB3	R-HSA-354194	REACTOME_GRB2_SOS_PROVIDES_LINKAGE_TO_MAPK_SIGNALING_FOR_INTEGRINS	1.33560697766011e-55	1.62823996714744e-55	8.99453854548071	3.24113977349228	1.93225167769126e-26	1	3	7	8.00717378199022e-07	1	0	4.26810252217773	-5.39454496662179
L1CAM	ITGB3	R-HSA-445144	REACTOME_SIGNAL_TRANSDUCTION_BY_L1	1.57503987856575e-55	1.91893504855828e-55	6.16331281736985	3.24113977349228	1.63238190696712e-26	1	6	12	2.75948569740472e-05	1	0	5.88961647399386	-5.39454496662179
FGF2	SDC1	R-HSA-3656237	REACTOME_DEFECTIVE_EXT2_CAUSES_EXOSTOSES_2	1.64249954795753e-55	1.99738581392344e-55	1.70513973428035	4.97371489672129	3.9219511460425e-14	1	3	7	2.8837443638528e-09	1	0	-0.194671018551907	-1.36985696537123
FGF2	SDC1	R-HSA-9694614	REACTOME_ATTACHMENT_AND_ENTRY	1.64249954795753e-55	1.99738581392344e-55	1.70513973428035	4.97371489672129	3.9219511460425e-14	1	3	7	2.8837443638528e-09	1	0	-0.194671018551907	-1.36985696537123
FGF2	SDC1	R-HSA-9772572	REACTOME_EARLY_SARS_COV_2_INFECTION_EVENTS	1.64249954795753e-55	1.99738581392344e-55	1.70513973428035	4.97371489672129	3.9219511460425e-14	1	3	7	2.8837443638528e-09	1	0	-0.194671018551907	-1.36985696537123
SEMA4D	MET	R-HSA-6807004	REACTOME_NEGATIVE_REGULATION_OF_MET_ACTIVITY	1.71295558608027e-55	2.08176867430913e-55	1.60620941757158	3.79679238684995	3.2361478556782e-21	1	6	11	6.96914517376359e-07	1	0	-0.545072800988612	5.97546678596363
UBB	MET	R-HSA-6807004	REACTOME_NEGATIVE_REGULATION_OF_MET_ACTIVITY	1.72908638870966e-55	2.10006574449625e-55	1.61742059701178	3.79679238684995	3.26662247087761e-21	1	6	11	6.96914517376359e-07	1	0	-0.872149922875403	5.97546678596363
L1CAM	EGFR	R-HSA-445144	REACTOME_SIGNAL_TRANSDUCTION_BY_L1	1.8416702510003e-55	2.23541454332106e-55	6.16331281736985	2.78295784689883	8.85758904323062e-24	1	6	11	1.88600560958325e-06	1	0	5.88961647399386	5.81170270821198
COMP	ITGB3	R-HSA-445144	REACTOME_SIGNAL_TRANSDUCTION_BY_L1	1.86437587601282e-55	2.26156899742425e-55	8.99453854548071	3.24113977349228	1.93225167769126e-26	1	6	12	2.75948569740472e-05	1	0	4.26810252217773	-5.39454496662179
TNC	EGFR	R-HSA-8847993	REACTOME_ERBB2_ACTIVATES_PTK6_SIGNALING	1.93828898510469e-55	2.34976932831127e-55	5.19362687065032	2.78295784689883	2.991461174726e-16	1	2	4	5.44963832776611e-14	1	0	7.1142609861648	5.81170270821198
FN1	ITGB3	R-HSA-372708	REACTOME_P130CAS_LINKAGE_TO_MAPK_SIGNALING_FOR_INTEGRINS	2.30679141976627e-55	2.79476652779375e-55	3.91871645826014	3.24113977349228	1.87874159471756e-14	1	3	7	3.57589206513711e-09	1	0	7.84296292746818	-5.39454496662179
LTBP1	ITGB3	R-HSA-372708	REACTOME_P130CAS_LINKAGE_TO_MAPK_SIGNALING_FOR_INTEGRINS	3.08253273585408e-55	3.73229165103721e-55	2.03718846603833	3.24113977349228	2.51053581104197e-14	1	3	7	3.57589206513711e-09	1	0	6.71785217640578	-5.39454496662179
S100B	APP	R-HSA-933542	REACTOME_TRAF6_MEDIATED_NF_KB_ACTIVATION	4.11413121534005e-55	4.97825171224233e-55	4.09101248316345	1.25658697558778	4.32933445283623e-18	1	9	17	2.5068469830512e-05	1	0	-6.36051979772941	7.47779934429022
CLCF1	CRLF1	R-HSA-9020956	REACTOME_INTERLEUKIN_27_SIGNALING	4.46783906671238e-55	5.40290383733083e-55	2.37202530845207	4.18976451573874	5.99639662910683e-22	1	3	7	1.28824241406463e-07	1	0	-6.01378384650083	8.91632352394842
L1CAM	ERBB2	R-HSA-9634285	REACTOME_CONSTITUTIVE_SIGNALING_BY_OVEREXPRESSED_ERBB2	4.84388848935534e-55	5.85403107655382e-55	6.16331281736985	5.3918454128273	1.47975155580914e-32	1	4	9	8.5468008126015e-05	1	0	5.88961647399386	0.2885538415546
CDH1	IGF1R	R-HSA-2428933	REACTOME_SHC_RELATED_EVENTS_TRIGGERED_BY_IGF1R	7.47735966834198e-55	9.03109674228317e-55	14.3361338797864	5.13835209283825	2.61653281059424e-38	1	3	6	3.71525956471559e-05	1	0	-3.29081622051826	-2.47806345242735
EFEMP1	EGFR	R-HSA-9665348	REACTOME_SIGNALING_BY_ERBB2_ECD_MUTANTS	1.00630271926961e-54	1.21465340589218e-54	11.6997034417759	2.78295784689883	8.1429949443564e-21	1	7	14	2.12229029614825e-05	1	0	1.01946244719326	5.81170270821198
EFEMP1	EGFR	R-HSA-180336	REACTOME_SHC1_EVENTS_IN_EGFR_SIGNALING	1.31346877520724e-54	1.58443762691769e-54	11.6997034417759	2.78295784689883	8.1429949443564e-21	1	4	8	7.7963177157042e-08	1	0	1.01946244719326	5.81170270821198
RND1	PLXNA2	R-HSA-399955	REACTOME_SEMA3A_PLEXIN_REPULSION_SIGNALING_BY_INHIBITING_INTEGRIN_ADHESION	1.56418565664465e-54	1.88571270828828e-54	7.22325820936774	4.61470308645872	1.170543126737e-27	1	4	8	1.88600560958325e-06	1	0	4.94217931808006	3.5976561305448
COL4A3	ITGB3	R-HSA-354194	REACTOME_GRB2_SOS_PROVIDES_LINKAGE_TO_MAPK_SIGNALING_FOR_INTEGRINS	1.62174964334129e-54	1.95390317917677e-54	8.62407894562393	3.24113977349228	2.34622049866144e-25	1	3	7	8.00717378199022e-07	1	0	0.82100178352364	-5.39454496662179
TNC	ITGA7	R-HSA-3000178	REACTOME_ECM_PROTEOGLYCANS	1.71510028745434e-54	2.06509917472153e-54	5.19362687065032	1.74964071687458	2.5013198567815e-17	1	5	10	2.62411923137851e-07	1	0	7.1142609861648	3.34330487821446
UBB	ERBB3	R-HSA-8863795	REACTOME_DOWNREGULATION_OF_ERBB2_SIGNALING	1.78593388047143e-54	2.14906276559501e-54	1.61742059701178	9.09909784607182	5.15941430720038e-24	1	7	13	1.53602233306777e-05	1	0	-0.872149922875403	4.9842892437399
SEMA4D	ERBB2	R-HSA-8866910	REACTOME_TFAP2_AP_2_FAMILY_REGULATES_TRANSCRIPTION_OF_GROWTH_FACTORS_AND_THEIR_RECEPTORS	1.93465591163611e-54	2.32659051442446e-54	1.60620941757158	5.3918454128273	1.05967340042737e-26	1	3	6	5.90656681748389e-08	1	0	-0.545072800988612	0.2885538415546
UBB	ERBB2	R-HSA-8866910	REACTOME_TFAP2_AP_2_FAMILY_REGULATES_TRANSCRIPTION_OF_GROWTH_FACTORS_AND_THEIR_RECEPTORS	1.95287445327256e-54	2.34705465061003e-54	1.61742059701178	5.3918454128273	1.06965228289975e-26	1	3	6	5.90656681748389e-08	1	0	-0.872149922875403	0.2885538415546
TNFSF12	TRAF2	R-HSA-5357769	REACTOME_CASPASE_ACTIVATION_VIA_EXTRINSIC_APOPTOTIC_SIGNALLING_PATHWAY	2.0223077622503e-54	2.42751509506751e-54	8.53252503662892	1.20566797021442	2.15400209273168e-25	1	4	8	6.99653115161726e-07	1	0	6.14962882879059	2.37330096619563
TNFSF12	TRAF2	R-HSA-140534	REACTOME_CASPASE_ACTIVATION_VIA_DEATH_RECEPTORS_IN_THE_PRESENCE_OF_LIGAND	2.0223077622503e-54	2.42751509506751e-54	8.53252503662892	1.20566797021442	2.15400209273168e-25	1	4	8	6.99653115161726e-07	1	0	6.14962882879059	2.37330096619563
COL1A2	ITGB3	R-HSA-3000170	REACTOME_SYNDECAN_INTERACTIONS	2.2293506884956e-54	2.67439919817685e-54	15.6937572852742	3.24113977349228	9.40316855048686e-29	1	2	5	2.62411923137851e-07	1	0	5.77125570056243	-5.39454496662179
COL4A3	ITGB3	R-HSA-445144	REACTOME_SIGNAL_TRANSDUCTION_BY_L1	2.26380287206567e-54	2.71406200684116e-54	8.62407894562393	3.24113977349228	2.34622049866144e-25	1	6	12	2.75948569740472e-05	1	0	0.82100178352364	-5.39454496662179
ANXA1	EGFR	R-HSA-8863795	REACTOME_DOWNREGULATION_OF_ERBB2_SIGNALING	2.38885119764357e-54	2.86222477852631e-54	2.7077812217246	2.78295784689883	2.56737378682862e-19	1	7	14	1.53602233306777e-05	1	0	7.68275466234545	5.81170270821198
THBS1	SDC1	R-HSA-3000170	REACTOME_SYNDECAN_INTERACTIONS	3.04954725749402e-54	3.65160379760014e-54	5.87784721611172	4.97371489672129	1.11187250236328e-16	1	4	9	2.62411923137851e-07	1	0	-1.71378563230842	-1.36985696537123
RND1	ERBB2	R-HSA-9634285	REACTOME_CONSTITUTIVE_SIGNALING_BY_OVEREXPRESSED_ERBB2	3.84023406424079e-54	4.59557422025875e-54	7.22325820936774	5.3918454128273	1.17314681040229e-31	1	4	9	8.5468008126015e-05	1	0	4.94217931808006	0.2885538415546
FGF2	SDC4	R-HSA-3656237	REACTOME_DEFECTIVE_EXT2_CAUSES_EXOSTOSES_2	4.01689234711701e-54	4.79815948251958e-54	1.70513973428035	1.77570057185383	2.25371048202856e-14	1	4	8	5.01834845375796e-09	1	0	-0.194671018551907	2.92131411044688
FGF2	SDC4	R-HSA-9694614	REACTOME_ATTACHMENT_AND_ENTRY	4.01689234711701e-54	4.79815948251958e-54	1.70513973428035	1.77570057185383	2.25371048202856e-14	1	4	8	5.01834845375796e-09	1	0	-0.194671018551907	2.92131411044688
FGF2	SDC4	R-HSA-9772572	REACTOME_EARLY_SARS_COV_2_INFECTION_EVENTS	4.01689234711701e-54	4.79815948251958e-54	1.70513973428035	1.77570057185383	2.25371048202856e-14	1	4	8	5.01834845375796e-09	1	0	-0.194671018551907	2.92131411044688
WNT7A	LRP6	R-HSA-5340588	REACTOME_SIGNALING_BY_RNF43_MUTANTS	6.45522252635149e-54	7.7060205342081e-54	10.3548346702724	1.91172966289188	1.82659361520754e-24	1	1	3	1.52319833988988e-10	1	0	6.15755813866104	7.25587852467171
TNC	SDC1	R-HSA-3000170	REACTOME_SYNDECAN_INTERACTIONS	7.36172336571543e-54	8.78280130314126e-54	5.19362687065032	4.97371489672129	2.68410261891482e-16	1	4	9	2.62411923137851e-07	1	0	7.1142609861648	-1.36985696537123
CTF1	IL6ST	R-HSA-1059683	REACTOME_INTERLEUKIN_6_SIGNALING	8.09420358509328e-54	9.65078119761122e-54	8.22538207456949	2.36421696357824	4.07378653125843e-21	1	4	8	1.28824241406463e-07	1	0	-3.43002666883068	2.53240000666997
RND1	PLXNB1	R-HSA-416572	REACTOME_SEMA4D_INDUCED_CELL_MIGRATION_AND_GROWTH_CONE_COLLAPSE	8.48021892765292e-54	1.01048612359403e-53	7.22325820936774	1.5943988970485	3.68625549822999e-20	1	7	13	5.4009954180914e-06	1	0	4.94217931808006	5.39031608975878
DCN	EGFR	R-HSA-8863795	REACTOME_DOWNREGULATION_OF_ERBB2_SIGNALING	9.04223678122699e-54	1.07679807522782e-53	17.3257647468552	2.78295784689883	9.71797728938474e-19	1	7	14	1.53602233306777e-05	1	0	-2.63243594134095	5.81170270821198
S100B	APP	R-HSA-9660826	REACTOME_PURINERGIC_SIGNALING_IN_LEISHMANIASIS_INFECTION	1.46005271068166e-53	1.73764956975094e-53	4.09101248316345	1.25658697558778	4.32933445283623e-18	1	6	11	4.40437585929939e-07	1	0	-6.36051979772941	7.47779934429022
CDH1	LRP5	R-HSA-4791275	REACTOME_SIGNALING_BY_WNT_IN_CANCER	1.5541327816791e-53	1.84849045226509e-53	14.3361338797864	2.10278826312485	1.78678739278761e-39	1	6	12	0.00378678717764395	1	0	-3.29081622051826	-6.27771829635106
UBB	ERBB3	R-HSA-8847993	REACTOME_ERBB2_ACTIVATES_PTK6_SIGNALING	1.68256918896961e-53	2.00003507368086e-53	1.61742059701178	9.09909784607182	5.15941430720038e-24	1	2	4	9.34194908227589e-11	1	0	-0.872149922875403	4.9842892437399
SEMA4D	ERBB2	R-HSA-1306955	REACTOME_GRB7_EVENTS_IN_ERBB2_SIGNALING	3.14887540534677e-53	3.7407260745999e-53	1.60620941757158	5.3918454128273	1.05967340042737e-26	1	1	2	5.44963832776611e-14	1	0	-0.545072800988612	0.2885538415546
ANXA1	EGFR	R-HSA-9665348	REACTOME_SIGNALING_BY_ERBB2_ECD_MUTANTS	3.17273342390776e-53	3.76677712880964e-53	2.7077812217246	2.78295784689883	2.56737378682862e-19	1	7	14	2.12229029614825e-05	1	0	7.68275466234545	5.81170270821198
UBB	ERBB2	R-HSA-1306955	REACTOME_GRB7_EVENTS_IN_ERBB2_SIGNALING	3.17852818098261e-53	3.77136423903952e-53	1.61742059701178	5.3918454128273	1.06965228289975e-26	1	1	2	5.44963832776611e-14	1	0	-0.872149922875403	0.2885538415546
DCN	MET	R-HSA-8875555	REACTOME_MET_ACTIVATES_RAP1_AND_RAC1	3.58812824933926e-53	4.25477502790502e-53	17.3257647468552	3.79679238684995	4.95798811077511e-22	1	3	6	8.33427462625179e-09	1	0	-2.63243594134095	5.97546678596363
LAMC1	ITGA7	R-HSA-3000178	REACTOME_ECM_PROTEOGLYCANS	3.64454519820092e-53	4.31905143937282e-53	1.71511038573227	1.74964071687458	5.31524211142688e-16	1	5	10	2.62411923137851e-07	1	0	-2.06597306819101	3.34330487821446
ANXA1	EGFR	R-HSA-180336	REACTOME_SHC1_EVENTS_IN_EGFR_SIGNALING	4.14118555436667e-53	4.90463031393457e-53	2.7077812217246	2.78295784689883	2.56737378682862e-19	1	4	8	7.7963177157042e-08	1	0	7.68275466234545	5.81170270821198
HSPG2	SDC1	R-HSA-3000170	REACTOME_SYNDECAN_INTERACTIONS	4.25420193448835e-53	5.03542810791258e-53	3.09676104986744	4.97371489672129	1.55109258885375e-15	1	4	9	2.62411923137851e-07	1	0	2.05397683291469	-1.36985696537123
RND1	MET	R-HSA-9022699	REACTOME_MECP2_REGULATES_NEURONAL_RECEPTORS_AND_CHANNELS	4.35175848569661e-53	5.14777972293487e-53	7.22325820936774	3.79679238684995	3.5826855079574e-26	1	4	8	1.85035056033067e-06	1	0	4.94217931808006	5.97546678596363
FN1	ITGA3	R-HSA-8875878	REACTOME_MET_PROMOTES_CELL_MOTILITY	7.62970383567878e-53	9.01986173794229e-53	3.91871645826014	1.43205767826489	1.0841305007712e-06	1	5	10	8.33427462625179e-09	1	0	7.84296292746818	4.89650700834186
MFGE8	ITGB3	R-HSA-354194	REACTOME_GRB2_SOS_PROVIDES_LINKAGE_TO_MAPK_SIGNALING_FOR_INTEGRINS	9.07695566305725e-53	1.07243160374778e-52	2.78019749763891	3.24113977349228	1.31318292743563e-23	1	3	7	8.00717378199022e-07	1	0	4.64057982249706	-5.39454496662179
FBN1	ITGB3	R-HSA-354194	REACTOME_GRB2_SOS_PROVIDES_LINKAGE_TO_MAPK_SIGNALING_FOR_INTEGRINS	1.14689631046924e-52	1.3542252081901e-52	6.55908628413473	3.24113977349228	1.65923984907937e-23	1	3	7	8.00717378199022e-07	1	0	3.99266837107762	-5.39454496662179
DCN	EGFR	R-HSA-9665348	REACTOME_SIGNALING_BY_ERBB2_ECD_MUTANTS	1.20093737487652e-52	1.41717866654613e-52	17.3257647468552	2.78295784689883	9.71797728938474e-19	1	7	14	2.12229029614825e-05	1	0	-2.63243594134095	5.81170270821198
WNT2	LRP6	R-HSA-4641262	REACTOME_DISASSEMBLY_OF_THE_DESTRUCTION_COMPLEX_AND_RECRUITMENT_OF_AXIN_TO_THE_MEMBRANE	1.2155314216935e-52	1.43353433971462e-52	15.1935294071625	1.91172966289188	4.29455367844199e-21	1	6	12	1.19955681818829e-05	1	0	-3.57793043501172	7.25587852467171
MFGE8	ITGB3	R-HSA-445144	REACTOME_SIGNAL_TRANSDUCTION_BY_L1	1.2670536654046e-52	1.49339517714857e-52	2.78019749763891	3.24113977349228	1.31318292743563e-23	1	6	12	2.75948569740472e-05	1	0	4.64057982249706	-5.39454496662179
DCN	EGFR	R-HSA-180336	REACTOME_SHC1_EVENTS_IN_EGFR_SIGNALING	1.56751414129593e-52	1.84641442578465e-52	17.3257647468552	2.78295784689883	9.71797728938474e-19	1	4	8	7.7963177157042e-08	1	0	-2.63243594134095	5.81170270821198
FBN1	ITGB3	R-HSA-445144	REACTOME_SIGNAL_TRANSDUCTION_BY_L1	1.60095435954747e-52	1.88466779035335e-52	6.55908628413473	3.24113977349228	1.65923984907937e-23	1	6	12	2.75948569740472e-05	1	0	3.99266837107762	-5.39454496662179
IL6ST	CRLF1	R-HSA-9020956	REACTOME_INTERLEUKIN_27_SIGNALING	1.68340569178582e-52	1.98053693738416e-52	2.36421696357824	4.18976451573874	2.25934015637487e-19	1	3	7	1.28824241406463e-07	1	0	2.53240000666997	8.91632352394842
EFEMP1	EGFR	R-HSA-445144	REACTOME_SIGNAL_TRANSDUCTION_BY_L1	1.69309181876396e-52	1.99073348708369e-52	11.6997034417759	2.78295784689883	8.1429949443564e-21	1	6	11	1.88600560958325e-06	1	0	1.01946244719326	5.81170270821198
COL4A2	ITGB3	R-HSA-3000178	REACTOME_ECM_PROTEOGLYCANS	2.15635390616059e-52	2.53391045651723e-52	1.3466555524192	3.24113977349228	1.42947698594562e-15	1	6	11	2.62411923137851e-07	1	0	7.20313784037645	-5.39454496662179
SEMA4D	MET	R-HSA-8875555	REACTOME_MET_ACTIVATES_RAP1_AND_RAC1	2.34202125550928e-52	2.75043145640988e-52	1.60620941757158	3.79679238684995	3.2361478556782e-21	1	3	6	8.33427462625179e-09	1	0	-0.545072800988612	5.97546678596363
UBB	MET	R-HSA-8875555	REACTOME_MET_ACTIVATES_RAP1_AND_RAC1	2.36407593277789e-52	2.7746636398529e-52	1.61742059701178	3.79679238684995	3.26662247087761e-21	1	3	6	8.33427462625179e-09	1	0	-0.872149922875403	5.97546678596363
L1CAM	FGFR2	R-HSA-5654700	REACTOME_FRS_MEDIATED_FGFR2_SIGNALING	2.86020083778772e-52	3.35493827999965e-52	6.16331281736985	12.4701828090957	1.09979507447957e-39	1	3	7	0.00165505658875954	1	0	5.88961647399386	-6.36051979772941
THBS1	LRP5	R-HSA-4641262	REACTOME_DISASSEMBLY_OF_THE_DESTRUCTION_COMPLEX_AND_RECRUITMENT_OF_AXIN_TO_THE_MEMBRANE	2.93817384829174e-52	3.44432984736721e-52	5.87784721611172	2.10278826312485	1.03807643989191e-20	1	6	12	1.19955681818829e-05	1	0	-1.71378563230842	-6.27771829635106
L1CAM	ITGB3	R-HSA-3000170	REACTOME_SYNDECAN_INTERACTIONS	3.87013346474204e-52	4.53411557087055e-52	6.16331281736985	3.24113977349228	1.63238190696712e-26	1	2	5	2.62411923137851e-07	1	0	5.88961647399386	-5.39454496662179
COMP	ITGB3	R-HSA-3000170	REACTOME_SYNDECAN_INTERACTIONS	4.58107986140985e-52	5.36381832693851e-52	8.99453854548071	3.24113977349228	1.93225167769126e-26	1	2	5	2.62411923137851e-07	1	0	4.26810252217773	-5.39454496662179
CLCF1	IL6ST	R-HSA-1059683	REACTOME_INTERLEUKIN_6_SIGNALING	5.76336539043773e-52	6.74406986670155e-52	2.37202530845207	2.36421696357824	2.90068319328239e-19	1	4	8	1.28824241406463e-07	1	0	-6.01378384650083	2.53240000666997
TNFSF9	TRAF2	R-HSA-9758274	REACTOME_REGULATION_OF_NF_KAPPA_B_SIGNALING	8.99332527120721e-52	1.05173438650705e-51	2.56841166294607	1.20566797021442	3.85886181446648e-17	1	6	12	4.34902618308867e-06	1	0	-4.99093337728425	2.37330096619563
FGF2	SDC1	R-HSA-3000170	REACTOME_SYNDECAN_INTERACTIONS	1.07567867143204e-51	1.25721151723924e-51	1.70513973428035	4.97371489672129	3.9219511460425e-14	1	4	9	2.62411923137851e-07	1	0	-0.194671018551907	-1.36985696537123
L1CAM	EGFR	R-HSA-8866910	REACTOME_TFAP2_AP_2_FAMILY_REGULATES_TRANSCRIPTION_OF_GROWTH_FACTORS_AND_THEIR_RECEPTORS	1.61713854461367e-51	1.88891840767374e-51	6.16331281736985	2.78295784689883	8.85758904323062e-24	1	3	6	5.90656681748389e-08	1	0	5.88961647399386	5.81170270821198
TNC	EGFR	R-HSA-8863795	REACTOME_DOWNREGULATION_OF_ERBB2_SIGNALING	2.78344962724568e-51	3.24929893724496e-51	5.19362687065032	2.78295784689883	2.991461174726e-16	1	7	14	1.53602233306777e-05	1	0	7.1142609861648	5.81170270821198
FN1	ITGB3	R-HSA-3000178	REACTOME_ECM_PROTEOGLYCANS	2.83406575710322e-51	3.30641004995376e-51	3.91871645826014	3.24113977349228	1.87874159471756e-14	1	6	11	2.62411923137851e-07	1	0	7.84296292746818	-5.39454496662179
COL4A4	ITGB3	R-HSA-354194	REACTOME_GRB2_SOS_PROVIDES_LINKAGE_TO_MAPK_SIGNALING_FOR_INTEGRINS	3.16205838416366e-51	3.68686568613232e-51	2.61912453042687	3.24113977349228	4.57461867147628e-22	1	3	7	8.00717378199022e-07	1	0	5.55251303801619	-5.39454496662179
SEMA5A	MET	R-HSA-8851907	REACTOME_MET_ACTIVATES_PI3K_AKT_SIGNALING	3.28845137300165e-51	3.82966340576757e-51	13.2905452772287	3.79679238684995	1.61419777351974e-29	1	2	4	3.70673523963324e-08	1	0	-1.81425316210326	5.97546678596363
SEMA5A	MET	R-HSA-8875656	REACTOME_MET_RECEPTOR_RECYCLING	3.28845137300165e-51	3.82966340576757e-51	13.2905452772287	3.79679238684995	1.61419777351974e-29	1	2	4	3.70673523963324e-08	1	0	-1.81425316210326	5.97546678596363
LTBP1	ITGB3	R-HSA-3000178	REACTOME_ECM_PROTEOGLYCANS	3.78712197252706e-51	4.40777664621297e-51	2.03718846603833	3.24113977349228	2.51053581104197e-14	1	6	11	2.62411923137851e-07	1	0	6.71785217640578	-5.39454496662179
WNT5A	FZD2	R-HSA-5140745	REACTOME_WNT5A_DEPENDENT_INTERNALIZATION_OF_FZD2_FZD5_AND_ROR2	3.95191579541982e-51	4.59683832546451e-51	3.4155479880697	3.52410544200316	2.86033497987759e-24	1	5	10	1.36887979173523e-05	1	0	7.42682687423672	3.79491577287468
IL6ST	IL27RA	R-HSA-8984722	REACTOME_INTERLEUKIN_35_SIGNALLING	4.08624601684315e-51	4.75026099458016e-51	2.36421696357824	1.87224162298001	5.48425121747494e-18	1	3	7	1.28824241406463e-07	1	0	2.53240000666997	-6.1884818714827
COL4A4	ITGB3	R-HSA-445144	REACTOME_SIGNAL_TRANSDUCTION_BY_L1	4.4139222605043e-51	5.12813216821232e-51	2.61912453042687	3.24113977349228	4.57461867147628e-22	1	6	12	2.75948569740472e-05	1	0	5.55251303801619	-5.39454496662179
L1CAM	EGFR	R-HSA-2179392	REACTOME_EGFR_TRANSACTIVATION_BY_GASTRIN	4.90868143494762e-51	5.69955698124418e-51	6.16331281736985	2.78295784689883	8.85758904323062e-24	1	3	6	7.7963177157042e-08	1	0	5.88961647399386	5.81170270821198
ANXA1	EGFR	R-HSA-445144	REACTOME_SIGNAL_TRANSDUCTION_BY_L1	5.33808455475116e-51	6.19446175604814e-51	2.7077812217246	2.78295784689883	2.56737378682862e-19	1	6	11	1.88600560958325e-06	1	0	7.68275466234545	5.81170270821198
COL18A1	ITGB3	R-HSA-354194	REACTOME_GRB2_SOS_PROVIDES_LINKAGE_TO_MAPK_SIGNALING_FOR_INTEGRINS	5.50070215525297e-51	6.37937726200063e-51	3.25983197505071	3.24113977349228	7.9579855045294e-22	1	3	7	8.00717378199022e-07	1	0	6.43761926723443	-5.39454496662179
COL4A3	ITGB3	R-HSA-3000170	REACTOME_SYNDECAN_INTERACTIONS	5.56253804871184e-51	6.4472622012666e-51	8.62407894562393	3.24113977349228	2.34622049866144e-25	1	2	5	2.62411923137851e-07	1	0	0.82100178352364	-5.39454496662179
SEMA3A	PLXNA2	R-HSA-399955	REACTOME_SEMA3A_PLEXIN_REPULSION_SIGNALING_BY_INHIBITING_INTEGRIN_ADHESION	5.66304966700858e-51	6.55986714096545e-51	4.9592716817747	4.61470308645872	4.23788815344766e-24	1	4	8	1.88600560958325e-06	1	0	-5.24214228540271	3.5976561305448
COL18A1	ITGB3	R-HSA-445144	REACTOME_SIGNAL_TRANSDUCTION_BY_L1	7.67843877047731e-51	8.8891469583534e-51	3.25983197505071	3.24113977349228	7.9579855045294e-22	1	6	12	2.75948569740472e-05	1	0	6.43761926723443	-5.39454496662179
LAMA1	SDC4	R-HSA-3000170	REACTOME_SYNDECAN_INTERACTIONS	1.2386771203858e-50	1.43313768727101e-50	19.4121541047617	1.77570057185383	4.74046768305835e-19	1	3	7	2.62411923137851e-07	1	0	5.04833152876336	2.92131411044688
WNT2	LRP6	R-HSA-5340588	REACTOME_SIGNALING_BY_RNF43_MUTANTS	1.51770483674633e-50	1.75493045954149e-50	15.1935294071625	1.91172966289188	4.29455367844199e-21	1	1	3	1.52319833988988e-10	1	0	-3.57793043501172	7.25587852467171
UBB	ERBB3	R-HSA-1306955	REACTOME_GRB7_EVENTS_IN_ERBB2_SIGNALING	1.53314717642109e-50	1.77173753582863e-50	1.61742059701178	9.09909784607182	5.15941430720038e-24	1	1	2	5.44963832776611e-14	1	0	-0.872149922875403	4.9842892437399
DCN	EGFR	R-HSA-445144	REACTOME_SIGNAL_TRANSDUCTION_BY_L1	2.0205622078882e-50	2.33362388646106e-50	17.3257647468552	2.78295784689883	9.71797728938474e-19	1	6	11	1.88600560958325e-06	1	0	-2.63243594134095	5.81170270821198
LIF	IL6ST	R-HSA-1059683	REACTOME_INTERLEUKIN_6_SIGNALING	2.83077077028955e-50	3.26743221889805e-50	1.92957406182601	2.36421696357824	1.42471778919961e-17	1	4	8	1.28824241406463e-07	1	0	0.804592616358932	2.53240000666997
TNC	EGFR	R-HSA-9665348	REACTOME_SIGNALING_BY_ERBB2_ECD_MUTANTS	3.6968161410963e-50	4.26454927558244e-50	5.19362687065032	2.78295784689883	2.991461174726e-16	1	7	14	2.12229029614825e-05	1	0	7.1142609861648	5.81170270821198
TNC	EGFR	R-HSA-180336	REACTOME_SHC1_EVENTS_IN_EGFR_SIGNALING	4.82524043315358e-50	5.56298380516467e-50	5.19362687065032	2.78295784689883	2.991461174726e-16	1	4	8	7.7963177157042e-08	1	0	7.1142609861648	5.81170270821198
SEMA5A	MET	R-HSA-8874081	REACTOME_MET_ACTIVATES_PTK2_SIGNALING	7.02052711084835e-50	8.08913831710137e-50	13.2905452772287	3.79679238684995	1.61419777351974e-29	1	3	7	4.60516720465928e-05	1	0	-1.81425316210326	5.97546678596363
NID1	ITGB3	R-HSA-354194	REACTOME_GRB2_SOS_PROVIDES_LINKAGE_TO_MAPK_SIGNALING_FOR_INTEGRINS	9.16405633704543e-50	1.05527134588737e-49	1.52477175080913	3.24113977349228	1.32578397147454e-20	1	3	7	8.00717378199022e-07	1	0	5.58579957949785	-5.39454496662179
L1CAM	FGFR2	R-HSA-5654695	REACTOME_PI_3K_CASCADE_FGFR2	1.2345356569225e-49	1.42077085325259e-49	6.16331281736985	12.4701828090957	1.09979507447957e-39	1	3	6	0.00165505658875954	1	0	5.88961647399386	-6.36051979772941
NID1	ITGB3	R-HSA-445144	REACTOME_SIGNAL_TRANSDUCTION_BY_L1	1.27921206215485e-49	1.47131988067634e-49	1.52477175080913	3.24113977349228	1.32578397147454e-20	1	6	12	2.75948569740472e-05	1	0	5.58579957949785	-5.39454496662179
CTF1	IL6ST	R-HSA-6788467	REACTOME_IL_6_TYPE_CYTOKINE_RECEPTOR_LIGAND_INTERACTIONS	1.67444084382307e-49	1.92476925720215e-49	8.22538207456949	2.36421696357824	4.07378653125843e-21	1	3	7	1.14374870363098e-06	1	0	-3.43002666883068	2.53240000666997
NCAM1	FGFR2	R-HSA-5654700	REACTOME_FRS_MEDIATED_FGFR2_SIGNALING	2.74495496114779e-49	3.15346884654214e-49	4.82764517624997	12.4701828090957	1.05548110680004e-36	1	3	7	0.00165505658875954	1	0	1.39367405563148	-6.36051979772941
COL1A2	ITGB3	R-HSA-1566948	REACTOME_ELASTIC_FIBRE_FORMATION	2.7484902804952e-49	3.15567402575375e-49	15.6937572852742	3.24113977349228	9.40316855048686e-29	1	4	8	3.49569861488115e-05	1	0	5.77125570056243	-5.39454496662179
CDH1	ERBB3	R-HSA-1358803	REACTOME_DOWNREGULATION_OF_ERBB2_ERBB3_SIGNALING	2.91421091650911e-49	3.34397997646433e-49	14.3361338797864	9.09909784607182	1.718754504566e-41	1	3	6	0.00581186943096398	1	0	-3.29081622051826	4.9842892437399
MFGE8	ITGB3	R-HSA-3000170	REACTOME_SYNDECAN_INTERACTIONS	3.11336040365639e-49	3.57040097964822e-49	2.78019749763891	3.24113977349228	1.31318292743563e-23	1	2	5	2.62411923137851e-07	1	0	4.64057982249706	-5.39454496662179
SEMA4D	ERBB2	R-HSA-9634285	REACTOME_CONSTITUTIVE_SIGNALING_BY_OVEREXPRESSED_ERBB2	3.46878485557627e-49	3.97566714961295e-49	1.60620941757158	5.3918454128273	1.05967340042737e-26	1	4	9	8.5468008126015e-05	1	0	-0.545072800988612	0.2885538415546
UBB	ERBB2	R-HSA-9634285	REACTOME_CONSTITUTIVE_SIGNALING_BY_OVEREXPRESSED_ERBB2	3.50145019980576e-49	4.01075204705023e-49	1.61742059701178	5.3918454128273	1.06965228289975e-26	1	4	9	8.5468008126015e-05	1	0	-0.872149922875403	0.2885538415546
TNFSF9	TRAF2	R-HSA-933542	REACTOME_TRAF6_MEDIATED_NF_KB_ACTIVATION	3.59709570234815e-49	4.11789443533759e-49	2.56841166294607	1.20566797021442	3.85886181446648e-17	1	9	17	8.99034895059038e-05	1	0	-4.99093337728425	2.37330096619563
CTNND1	AMOT	R-HSA-9759476	REACTOME_REGULATION_OF_HOMOTYPIC_CELL_CELL_ADHESION	3.70069786408927e-49	4.23401460372955e-49	4.05620957782704	3.00964896303863	3.98803972831596e-25	1	3	7	8.493021064553e-06	1	0	5.95931367779319	6.75452784419769
FBN1	ITGB3	R-HSA-3000170	REACTOME_SYNDECAN_INTERACTIONS	3.93380963030052e-49	4.49808560186002e-49	6.55908628413473	3.24113977349228	1.65923984907937e-23	1	2	5	2.62411923137851e-07	1	0	3.99266837107762	-5.39454496662179
DCN	MET	R-HSA-9022699	REACTOME_MECP2_REGULATES_NEURONAL_RECEPTORS_AND_CHANNELS	6.02228880685361e-49	6.88211236968116e-49	17.3257647468552	3.79679238684995	4.95798811077511e-22	1	4	8	1.85035056033067e-06	1	0	-2.63243594134095	5.97546678596363
SEMA4D	PLXNB1	R-HSA-416572	REACTOME_SEMA4D_INDUCED_CELL_MIGRATION_AND_GROWTH_CONE_COLLAPSE	7.6599640793065e-49	8.74848529057637e-49	1.60620941757158	1.5943988970485	3.32969996936186e-15	1	7	13	5.4009954180914e-06	1	0	-0.545072800988612	5.39031608975878
FBLN2	ITGB3	R-HSA-2129379	REACTOME_MOLECULES_ASSOCIATED_WITH_ELASTIC_FIBRES	1.17288138143374e-48	1.33877109172419e-48	17.5000998547113	3.24113977349228	3.3590588362703e-35	1	3	7	0.00110744923870776	1	0	6.82089839498334	-5.39454496662179
EFEMP1	EGFR	R-HSA-8866910	REACTOME_TFAP2_AP_2_FAMILY_REGULATES_TRANSCRIPTION_OF_GROWTH_FACTORS_AND_THEIR_RECEPTORS	1.48667441318886e-48	1.69595509869033e-48	11.6997034417759	2.78295784689883	8.1429949443564e-21	1	3	6	5.90656681748389e-08	1	0	1.01946244719326	5.81170270821198
LAMB1	ITGB4	R-HSA-446107	REACTOME_TYPE_I_HEMIDESMOSOME_ASSEMBLY	1.5224976393037e-48	1.73580729104503e-48	8.25802293327529	7.1327068911155	5.18944715956462e-36	1	3	6	0.000374025362776002	1	0	-0.279099545272194	3.5750195739368
THBS1	ITGB3	R-HSA-354194	REACTOME_GRB2_SOS_PROVIDES_LINKAGE_TO_MAPK_SIGNALING_FOR_INTEGRINS	1.5785577564106e-48	1.79867170260788e-48	5.87784721611172	3.24113977349228	2.28373385597358e-19	1	3	7	8.00717378199022e-07	1	0	-1.71378563230842	-5.39454496662179
WNT5A	ROR2	R-HSA-5140745	REACTOME_WNT5A_DEPENDENT_INTERNALIZATION_OF_FZD2_FZD5_AND_ROR2	1.65409431433944e-48	1.88364209673757e-48	3.4155479880697	3.4154858306922	1.19720765123719e-21	1	5	10	1.36887979173523e-05	1	0	7.42682687423672	-0.882987269807791
THBS1	SDC4	R-HSA-3000170	REACTOME_SYNDECAN_INTERACTIONS	1.66950552445799e-48	1.90008408465412e-48	5.87784721611172	1.77570057185383	6.38926549552763e-17	1	3	7	2.62411923137851e-07	1	0	-1.71378563230842	2.92131411044688
THBS1	ITGB3	R-HSA-445144	REACTOME_SIGNAL_TRANSDUCTION_BY_L1	2.20351124932039e-48	2.50638175301265e-48	5.87784721611172	3.24113977349228	2.28373385597358e-19	1	6	12	2.75948569740472e-05	1	0	-1.71378563230842	-5.39454496662179
TNC	ITGB3	R-HSA-354194	REACTOME_GRB2_SOS_PROVIDES_LINKAGE_TO_MAPK_SIGNALING_FOR_INTEGRINS	3.8106986179479e-48	4.33195250340643e-48	5.19362687065032	3.24113977349228	5.51302061225035e-19	1	3	7	8.00717378199022e-07	1	0	7.1142609861648	-5.39454496662179
SEMA4D	MET	R-HSA-9022699	REACTOME_MECP2_REGULATES_NEURONAL_RECEPTORS_AND_CHANNELS	3.93083173519899e-48	4.46591877768682e-48	1.60620941757158	3.79679238684995	3.2361478556782e-21	1	4	8	1.85035056033067e-06	1	0	-0.545072800988612	5.97546678596363
UBB	MET	R-HSA-9022699	REACTOME_MECP2_REGULATES_NEURONAL_RECEPTORS_AND_CHANNELS	3.96784814788658e-48	4.50535315861773e-48	1.61742059701178	3.79679238684995	3.26662247087761e-21	1	4	8	1.85035056033067e-06	1	0	-0.872149922875403	5.97546678596363
TNC	SDC4	R-HSA-3000170	REACTOME_SYNDECAN_INTERACTIONS	4.03024999805811e-48	4.57354924242155e-48	5.19362687065032	1.77570057185383	1.54239305433283e-16	1	3	7	2.62411923137851e-07	1	0	7.1142609861648	2.92131411044688
EFEMP1	EGFR	R-HSA-2179392	REACTOME_EGFR_TRANSACTIVATION_BY_GASTRIN	4.51266906978289e-48	5.11802711572937e-48	11.6997034417759	2.78295784689883	8.1429949443564e-21	1	3	6	7.7963177157042e-08	1	0	1.01946244719326	5.81170270821198
TNC	ITGB3	R-HSA-445144	REACTOME_SIGNAL_TRANSDUCTION_BY_L1	5.31936018072038e-48	6.02943147588329e-48	5.19362687065032	3.24113977349228	5.51302061225035e-19	1	6	12	2.75948569740472e-05	1	0	7.1142609861648	-5.39454496662179
TNC	EGFR	R-HSA-445144	REACTOME_SIGNAL_TRANSDUCTION_BY_L1	6.21984721308079e-48	7.04603341481832e-48	5.19362687065032	2.78295784689883	2.991461174726e-16	1	6	11	1.88600560958325e-06	1	0	7.1142609861648	5.81170270821198
RND1	MET	R-HSA-8851907	REACTOME_MET_ACTIVATES_PI3K_AKT_SIGNALING	7.29866393755842e-48	8.25856933374948e-48	7.22325820936774	3.79679238684995	3.5826855079574e-26	1	2	4	3.70673523963324e-08	1	0	4.94217931808006	5.97546678596363
RND1	MET	R-HSA-8875656	REACTOME_MET_RECEPTOR_RECYCLING	7.29866393755842e-48	8.25856933374948e-48	7.22325820936774	3.79679238684995	3.5826855079574e-26	1	2	4	3.70673523963324e-08	1	0	4.94217931808006	5.97546678596363
COL4A4	ITGB3	R-HSA-3000170	REACTOME_SYNDECAN_INTERACTIONS	1.08457369769602e-47	1.22650401366551e-47	2.61912453042687	3.24113977349228	4.57461867147628e-22	1	2	5	2.62411923137851e-07	1	0	5.55251303801619	-5.39454496662179
CLCF1	IL6ST	R-HSA-6788467	REACTOME_IL_6_TYPE_CYTOKINE_RECEPTOR_LIGAND_INTERACTIONS	1.19226237716555e-47	1.34750487419231e-47	2.37202530845207	2.36421696357824	2.90068319328239e-19	1	3	7	1.14374870363098e-06	1	0	-6.01378384650083	2.53240000666997
COL18A1	ITGB3	R-HSA-3000170	REACTOME_SYNDECAN_INTERACTIONS	1.88671939339448e-47	2.1311526751298e-47	3.25983197505071	3.24113977349228	7.9579855045294e-22	1	2	5	2.62411923137851e-07	1	0	6.43761926723443	-5.39454496662179
WNT5A	FZD6	R-HSA-5340588	REACTOME_SIGNALING_BY_RNF43_MUTANTS	3.46474091703579e-47	3.91135202946294e-47	3.4155479880697	2.2006318784384	1.26775173924169e-23	1	1	3	1.39812343679337e-08	1	0	7.42682687423672	-4.41813377410395
ANXA1	EGFR	R-HSA-8866910	REACTOME_TFAP2_AP_2_FAMILY_REGULATES_TRANSCRIPTION_OF_GROWTH_FACTORS_AND_THEIR_RECEPTORS	4.68727899753298e-47	5.28842049808314e-47	2.7077812217246	2.78295784689883	2.56737378682862e-19	1	3	6	5.90656681748389e-08	1	0	7.68275466234545	5.81170270821198
L1CAM	ITGB3	R-HSA-1566948	REACTOME_ELASTIC_FIBRE_FORMATION	4.77135529504366e-47	5.3801714152542e-47	6.16331281736985	3.24113977349228	1.63238190696712e-26	1	4	8	3.49569861488115e-05	1	0	5.88961647399386	-5.39454496662179
COMP	ITGB3	R-HSA-1566948	REACTOME_ELASTIC_FIBRE_FORMATION	5.64785681240393e-47	6.36483805806398e-47	8.99453854548071	3.24113977349228	1.93225167769126e-26	1	4	8	3.49569861488115e-05	1	0	4.26810252217773	-5.39454496662179
LAMB2	ITGB4	R-HSA-446107	REACTOME_TYPE_I_HEMIDESMOSOME_ASSEMBLY	8.23947503250953e-47	9.28010077190952e-47	11.5489876350185	7.1327068911155	2.8084326175583e-34	1	3	6	0.000374025362776002	1	0	7.52145571443406	3.5750195739368
NCAM1	FGFR2	R-HSA-5654695	REACTOME_PI_3K_CASCADE_FGFR2	1.18479259617459e-46	1.33365990797059e-46	4.82764517624997	12.4701828090957	1.05548110680004e-36	1	3	6	0.00165505658875954	1	0	1.39367405563148	-6.36051979772941
ANXA1	EGFR	R-HSA-2179392	REACTOME_EGFR_TRANSACTIVATION_BY_GASTRIN	1.42278220207204e-46	1.60062997733104e-46	2.7077812217246	2.78295784689883	2.56737378682862e-19	1	3	6	7.7963177157042e-08	1	0	7.68275466234545	5.81170270821198
RND1	MET	R-HSA-8874081	REACTOME_MET_ACTIVATES_PTK2_SIGNALING	1.55819448836273e-46	1.75195960608659e-46	7.22325820936774	3.79679238684995	3.5826855079574e-26	1	3	7	4.60516720465928e-05	1	0	4.94217931808006	5.97546678596363
DCN	EGFR	R-HSA-8866910	REACTOME_TFAP2_AP_2_FAMILY_REGULATES_TRANSCRIPTION_OF_GROWTH_FACTORS_AND_THEIR_RECEPTORS	1.7742204536295e-46	1.99370111964236e-46	17.3257647468552	2.78295784689883	9.71797728938474e-19	1	3	6	5.90656681748389e-08	1	0	-2.63243594134095	5.81170270821198
FGF2	FGFR3	R-HSA-5654708	REACTOME_DOWNSTREAM_SIGNALING_OF_ACTIVATED_FGFR3	2.00184769478185e-46	2.24819352956236e-46	1.70513973428035	4.85646853460732	2.587332934115e-18	1	6	12	3.71525956471559e-05	1	0	-0.194671018551907	4.42416595366005
UBB	FGFR2	R-HSA-5654700	REACTOME_FRS_MEDIATED_FGFR2_SIGNALING	2.06752298632896e-46	2.32061631741405e-46	1.61742059701178	12.4701828090957	7.94997178763374e-34	1	3	7	0.00165505658875954	1	0	-0.872149922875403	-6.36051979772941
NID1	ITGB3	R-HSA-3000170	REACTOME_SYNDECAN_INTERACTIONS	3.14323559525066e-46	3.5259845591755e-46	1.52477175080913	3.24113977349228	1.32578397147454e-20	1	2	5	2.62411923137851e-07	1	0	5.58579957949785	-5.39454496662179
TNFSF9	TRAF2	R-HSA-5357769	REACTOME_CASPASE_ACTIVATION_VIA_EXTRINSIC_APOPTOTIC_SIGNALLING_PATHWAY	3.62293343501359e-46	4.05943143923209e-46	2.56841166294607	1.20566797021442	3.85886181446648e-17	1	4	8	6.99653115161726e-07	1	0	-4.99093337728425	2.37330096619563
TNFSF9	TRAF2	R-HSA-140534	REACTOME_CASPASE_ACTIVATION_VIA_DEATH_RECEPTORS_IN_THE_PRESENCE_OF_LIGAND	3.62293343501359e-46	4.05943143923209e-46	2.56841166294607	1.20566797021442	3.85886181446648e-17	1	4	8	6.99653115161726e-07	1	0	-4.99093337728425	2.37330096619563
TNFSF12	TRAF2	R-HSA-5668541	REACTOME_TNFR2_NON_CANONICAL_NF_KB_PATHWAY	4.07703330405127e-46	4.56562273097025e-46	8.53252503662892	1.20566797021442	2.15400209273168e-25	1	12	23	0.00581186943096398	1	0	6.14962882879059	2.37330096619563
DCN	EGFR	R-HSA-2179392	REACTOME_EGFR_TRANSACTIVATION_BY_GASTRIN	5.38548971653883e-46	6.02742774578816e-46	17.3257647468552	2.78295784689883	9.71797728938474e-19	1	3	6	7.7963177157042e-08	1	0	-2.63243594134095	5.81170270821198
LIF	IL6ST	R-HSA-6788467	REACTOME_IL_6_TYPE_CYTOKINE_RECEPTOR_LIGAND_INTERACTIONS	5.85599083028091e-46	6.55025778438638e-46	1.92957406182601	2.36421696357824	1.42471778919961e-17	1	3	7	1.14374870363098e-06	1	0	0.804592616358932	2.53240000666997
FGF2	SDC4	R-HSA-3000170	REACTOME_SYNDECAN_INTERACTIONS	5.8889118051352e-46	6.5833112509611e-46	1.70513973428035	1.77570057185383	2.25371048202856e-14	1	3	7	2.62411923137851e-07	1	0	-0.194671018551907	2.92131411044688
COL4A3	ITGB3	R-HSA-1566948	REACTOME_ELASTIC_FIBRE_FORMATION	6.85786307226801e-46	7.66213191083491e-46	8.62407894562393	3.24113977349228	2.34622049866144e-25	1	4	8	3.49569861488115e-05	1	0	0.82100178352364	-5.39454496662179
TNFSF12	TNFRSF12A	R-HSA-5668541	REACTOME_TNFR2_NON_CANONICAL_NF_KB_PATHWAY	1.88881614310104e-45	2.10912402943186e-45	8.53252503662892	2.54380952230965	1.11115435768298e-26	1	12	22	0.00581186943096398	1	0	6.14962882879059	5.65788651518684
SEMA5A	MET	R-HSA-416550	REACTOME_SEMA4D_MEDIATED_INHIBITION_OF_CELL_ATTACHMENT_AND_MIGRATION	2.34625710706784e-45	2.61842293148771e-45	13.2905452772287	3.79679238684995	1.61419777351974e-29	1	2	5	7.34291652920488e-05	1	0	-1.81425316210326	5.97546678596363
CLCF1	CNTFR	R-HSA-6788467	REACTOME_IL_6_TYPE_CYTOKINE_RECEPTOR_LIGAND_INTERACTIONS	3.12355822472332e-45	3.48390017868912e-45	2.37202530845207	10.9136784063068	1.39228404415009e-32	1	2	4	3.82787792247104e-05	1	0	-6.01378384650083	4.05203699613079
NID1	PTPRF	R-HSA-388844	REACTOME_RECEPTOR_TYPE_TYROSINE_PROTEIN_PHOSPHATASES	4.91857965481668e-45	5.48286875905079e-45	1.52477175080913	2.81739742389189	1.34135024422698e-18	1	3	6	1.25040754641973e-07	1	0	5.58579957949785	-3.35735256004328
THBS1	ITGB3	R-HSA-3000170	REACTOME_SYNDECAN_INTERACTIONS	5.41439156048287e-45	6.0321202040063e-45	5.87784721611172	3.24113977349228	2.28373385597358e-19	1	2	5	2.62411923137851e-07	1	0	-1.71378563230842	-5.39454496662179
COL4A2	ITGB3	R-HSA-354194	REACTOME_GRB2_SOS_PROVIDES_LINKAGE_TO_MAPK_SIGNALING_FOR_INTEGRINS	9.8808010306128e-45	1.10018269172103e-44	1.3466555524192	3.24113977349228	1.42947698594562e-15	1	3	7	8.00717378199022e-07	1	0	7.20313784037645	-5.39454496662179
TNC	ITGB3	R-HSA-3000170	REACTOME_SYNDECAN_INTERACTIONS	1.30705476899852e-44	1.45451735832143e-44	5.19362687065032	3.24113977349228	5.51302061225035e-19	1	2	5	2.62411923137851e-07	1	0	7.1142609861648	-5.39454496662179
COL4A2	ITGB3	R-HSA-445144	REACTOME_SIGNAL_TRANSDUCTION_BY_L1	1.37926256640486e-44	1.5339976037521e-44	1.3466555524192	3.24113977349228	1.42947698594562e-15	1	6	12	2.75948569740472e-05	1	0	7.20313784037645	-5.39454496662179
L1CAM	EGFR	R-HSA-212718	REACTOME_EGFR_INTERACTS_WITH_PHOSPHOLIPASE_C_GAMMA	1.68156161727445e-44	1.86914618015765e-44	6.16331281736985	2.78295784689883	8.85758904323062e-24	1	1	3	1.23822362565426e-07	1	0	5.88961647399386	5.81170270821198
COL17A1	ITGB4	R-HSA-446107	REACTOME_TYPE_I_HEMIDESMOSOME_ASSEMBLY	1.6915374652255e-44	1.87916534106109e-44	10.0652800099325	7.1327068911155	5.76562095572522e-32	1	3	6	0.000374025362776002	1	0	5.75970801774842	3.5750195739368
IL6ST	IL27RA	R-HSA-9020956	REACTOME_INTERLEUKIN_27_SIGNALING	2.26568163613004e-44	2.51556352209322e-44	2.36421696357824	1.87224162298001	5.48425121747494e-18	1	3	6	1.28824241406463e-07	1	0	2.53240000666997	-6.1884818714827
PTN	PTPRS	R-HSA-388844	REACTOME_RECEPTOR_TYPE_TYROSINE_PROTEIN_PHOSPHATASES	3.03464596229938e-44	3.36742247975607e-44	8.46323813593221	1.35610870695066	8.27581006782415e-18	1	3	6	1.25040754641973e-07	1	0	3.62957168854979	-4.90302497933359
MFGE8	ITGB3	R-HSA-1566948	REACTOME_ELASTIC_FIBRE_FORMATION	3.8383556491521e-44	4.25684757682796e-44	2.78019749763891	3.24113977349228	1.31318292743563e-23	1	4	8	3.49569861488115e-05	1	0	4.64057982249706	-5.39454496662179
FBN1	ITGB3	R-HSA-1566948	REACTOME_ELASTIC_FIBRE_FORMATION	4.84985946356225e-44	5.37558202743307e-44	6.55908628413473	3.24113977349228	1.65923984907937e-23	1	4	8	3.49569861488115e-05	1	0	3.99266837107762	-5.39454496662179
TNC	EGFR	R-HSA-8866910	REACTOME_TFAP2_AP_2_FAMILY_REGULATES_TRANSCRIPTION_OF_GROWTH_FACTORS_AND_THEIR_RECEPTORS	5.46153941750304e-44	6.05013413634909e-44	5.19362687065032	2.78295784689883	2.991461174726e-16	1	3	6	5.90656681748389e-08	1	0	7.1142609861648	5.81170270821198
UBB	FGFR2	R-HSA-5654695	REACTOME_PI_3K_CASCADE_FGFR2	8.92395671803318e-44	9.88009493782244e-44	1.61742059701178	12.4701828090957	7.94997178763374e-34	1	3	6	0.00165505658875954	1	0	-0.872149922875403	-6.36051979772941
DCN	MET	R-HSA-8851907	REACTOME_MET_ACTIVATES_PI3K_AKT_SIGNALING	1.01004369338544e-43	1.11699622490473e-43	17.3257647468552	3.79679238684995	4.95798811077511e-22	1	2	4	3.70673523963324e-08	1	0	-2.63243594134095	5.97546678596363
DCN	MET	R-HSA-8875656	REACTOME_MET_RECEPTOR_RECYCLING	1.01004369338544e-43	1.11699622490473e-43	17.3257647468552	3.79679238684995	4.95798811077511e-22	1	2	4	3.70673523963324e-08	1	0	-2.63243594134095	5.97546678596363
FN1	ITGB3	R-HSA-354194	REACTOME_GRB2_SOS_PROVIDES_LINKAGE_TO_MAPK_SIGNALING_FOR_INTEGRINS	1.29861984962706e-43	1.43531667590359e-43	3.91871645826014	3.24113977349228	1.87874159471756e-14	1	3	7	8.00717378199022e-07	1	0	7.84296292746818	-5.39454496662179
TNC	EGFR	R-HSA-2179392	REACTOME_EGFR_TRANSACTIVATION_BY_GASTRIN	1.65780212426613e-43	1.83127123794782e-43	5.19362687065032	2.78295784689883	2.991461174726e-16	1	3	6	7.7963177157042e-08	1	0	7.1142609861648	5.81170270821198
LTBP1	ITGB3	R-HSA-354194	REACTOME_GRB2_SOS_PROVIDES_LINKAGE_TO_MAPK_SIGNALING_FOR_INTEGRINS	1.73532733111644e-43	1.91582491671589e-43	2.03718846603833	3.24113977349228	2.51053581104197e-14	1	3	7	8.00717378199022e-07	1	0	6.71785217640578	-5.39454496662179
FN1	ITGB3	R-HSA-445144	REACTOME_SIGNAL_TRANSDUCTION_BY_L1	1.81274548594956e-43	2.00016493449689e-43	3.91871645826014	3.24113977349228	1.87874159471756e-14	1	6	12	2.75948569740472e-05	1	0	7.84296292746818	-5.39454496662179
LTBP1	ITGB3	R-HSA-445144	REACTOME_SIGNAL_TRANSDUCTION_BY_L1	2.42234614466244e-43	2.67128290261194e-43	2.03718846603833	3.24113977349228	2.51053581104197e-14	1	6	12	2.75948569740472e-05	1	0	6.71785217640578	-5.39454496662179
WNT5A	LRP2	R-HSA-196741	REACTOME_COBALAMIN_CBL_VITAMIN_B12_TRANSPORT_AND_METABOLISM	5.45283157780634e-43	6.00980816673577e-43	3.4155479880697	6.56699259643917	1.25532583011812e-21	1	4	9	0.000131509017757639	1	0	7.42682687423672	0.426188835973984
SEMA4D	MET	R-HSA-8851907	REACTOME_MET_ACTIVATES_PI3K_AKT_SIGNALING	6.59269578599203e-43	7.25791142617951e-43	1.60620941757158	3.79679238684995	3.2361478556782e-21	1	2	4	3.70673523963324e-08	1	0	-0.545072800988612	5.97546678596363
SEMA4D	MET	R-HSA-8875656	REACTOME_MET_RECEPTOR_RECYCLING	6.59269578599203e-43	7.25791142617951e-43	1.60620941757158	3.79679238684995	3.2361478556782e-21	1	2	4	3.70673523963324e-08	1	0	-0.545072800988612	5.97546678596363
UBB	MET	R-HSA-8851907	REACTOME_MET_ACTIVATES_PI3K_AKT_SIGNALING	6.65477881685615e-43	7.31800846245499e-43	1.61742059701178	3.79679238684995	3.26662247087761e-21	1	2	4	3.70673523963324e-08	1	0	-0.872149922875403	5.97546678596363
UBB	MET	R-HSA-8875656	REACTOME_MET_RECEPTOR_RECYCLING	6.65477881685615e-43	7.31800846245499e-43	1.61742059701178	3.79679238684995	3.26662247087761e-21	1	2	4	3.70673523963324e-08	1	0	-0.872149922875403	5.97546678596363
IL6ST	CNTFR	R-HSA-6788467	REACTOME_IL_6_TYPE_CYTOKINE_RECEPTOR_LIGAND_INTERACTIONS	1.17690355798622e-42	1.29346800717338e-42	2.36421696357824	10.9136784063068	5.24588923080769e-30	1	2	4	3.82787792247104e-05	1	0	2.53240000666997	4.05203699613079
COL4A4	ITGB3	R-HSA-1566948	REACTOME_ELASTIC_FIBRE_FORMATION	1.3371338488741e-42	1.46874151116486e-42	2.61912453042687	3.24113977349228	4.57461867147628e-22	1	4	8	3.49569861488115e-05	1	0	5.55251303801619	-5.39454496662179
FGF2	FGFR2	R-HSA-5654700	REACTOME_FRS_MEDIATED_FGFR2_SIGNALING	1.4114563015898e-42	1.54950767678745e-42	1.70513973428035	12.4701828090957	5.42728562212532e-30	1	3	7	0.00165505658875954	1	0	-0.194671018551907	-6.36051979772941
DCN	MET	R-HSA-8874081	REACTOME_MET_ACTIVATES_PTK2_SIGNALING	2.15634605114482e-42	2.36592350443024e-42	17.3257647468552	3.79679238684995	4.95798811077511e-22	1	3	7	4.60516720465928e-05	1	0	-2.63243594134095	5.97546678596363
COL18A1	ITGB3	R-HSA-1566948	REACTOME_ELASTIC_FIBRE_FORMATION	2.32607186546585e-42	2.55071215791959e-42	3.25983197505071	3.24113977349228	7.9579855045294e-22	1	4	8	3.49569861488115e-05	1	0	6.43761926723443	-5.39454496662179
COL1A2	ITGB3	R-HSA-2129379	REACTOME_MOLECULES_ASSOCIATED_WITH_ELASTIC_FIBRES	3.28330102475819e-42	3.59836526450771e-42	15.6937572852742	3.24113977349228	9.40316855048686e-29	1	3	7	0.00110744923870776	1	0	5.77125570056243	-5.39454496662179
LAMA5	ITGB4	R-HSA-446107	REACTOME_TYPE_I_HEMIDESMOSOME_ASSEMBLY	3.38180563085819e-42	3.70424363267866e-42	5.8870821214992	7.1327068911155	1.15269154921533e-29	1	3	6	0.000374025362776002	1	0	-3.29459552152133	3.5750195739368
RND1	MET	R-HSA-416550	REACTOME_SEMA4D_MEDIATED_INHIBITION_OF_CELL_ATTACHMENT_AND_MIGRATION	5.20747920318651e-42	5.70078861200855e-42	7.22325820936774	3.79679238684995	3.5826855079574e-26	1	2	5	7.34291652920488e-05	1	0	4.94217931808006	5.97546678596363
CDH1	PTPRF	R-HSA-8849932	REACTOME_SYNAPTIC_ADHESION_LIKE_MOLECULES	6.27149811458537e-42	6.86175676066399e-42	14.3361338797864	2.81739742389189	3.97702630822834e-36	1	2	4	0.00734599678016831	1	0	-3.29081622051826	-3.35735256004328
TCN2	LRP2	R-HSA-196741	REACTOME_COBALAMIN_CBL_VITAMIN_B12_TRANSPORT_AND_METABOLISM	1.24255654226829e-41	1.35874184045351e-41	6.49166765952813	6.56699259643917	2.86055657622044e-20	1	4	9	0.000131509017757639	1	0	-2.41934834619518	0.426188835973984
S100B	APP	R-HSA-622312	REACTOME_INFLAMMASOMES	1.25282171007368e-41	1.36920022371231e-41	4.09101248316345	1.25658697558778	4.32933445283623e-18	1	4	8	8.76310315665489e-06	1	0	-6.36051979772941	7.47779934429022
SEMA4D	MET	R-HSA-8874081	REACTOME_MET_ACTIVATES_PTK2_SIGNALING	1.40747708417185e-41	1.53736171442261e-41	1.60620941757158	3.79679238684995	3.2361478556782e-21	1	3	7	4.60516720465928e-05	1	0	-0.545072800988612	5.97546678596363
UBB	MET	R-HSA-8874081	REACTOME_MET_ACTIVATES_PTK2_SIGNALING	1.42073121360443e-41	1.55097152608689e-41	1.61742059701178	3.79679238684995	3.26662247087761e-21	1	3	7	4.60516720465928e-05	1	0	-0.872149922875403	5.97546678596363
LAMB1	ITGB4	R-HSA-3000157	REACTOME_LAMININ_INTERACTIONS	1.45281687574183e-41	1.58511249068368e-41	8.25802293327529	7.1327068911155	5.18944715956462e-36	1	1	3	0.0140938591588066	1	0	-0.279099545272194	3.5750195739368
EFEMP1	EGFR	R-HSA-212718	REACTOME_EGFR_INTERACTS_WITH_PHOSPHOLIPASE_C_GAMMA	1.54590009552931e-41	1.68573025492392e-41	11.6997034417759	2.78295784689883	8.1429949443564e-21	1	1	3	1.23822362565426e-07	1	0	1.01946244719326	5.81170270821198
COL4A2	ITGB3	R-HSA-3000170	REACTOME_SYNDECAN_INTERACTIONS	3.38907623073658e-41	3.69356354834182e-41	1.3466555524192	3.24113977349228	1.42947698594562e-15	1	2	5	2.62411923137851e-07	1	0	7.20313784037645	-5.39454496662179
NID1	ITGB3	R-HSA-1566948	REACTOME_ELASTIC_FIBRE_FORMATION	3.87518775194711e-41	4.22099368630937e-41	1.52477175080913	3.24113977349228	1.32578397147454e-20	1	4	8	3.49569861488115e-05	1	0	5.58579957949785	-5.39454496662179
LAMA1	ITGB4	R-HSA-446107	REACTOME_TYPE_I_HEMIDESMOSOME_ASSEMBLY	2.43724161477566e-40	2.65325132310862e-40	19.4121541047617	7.1327068911155	8.30736038497547e-28	1	3	6	0.000374025362776002	1	0	5.04833152876336	3.5750195739368
L1CAM	ERBB2	R-HSA-1358803	REACTOME_DOWNREGULATION_OF_ERBB2_ERBB3_SIGNALING	2.50897270448127e-40	2.72981821273087e-40	6.16331281736985	5.3918454128273	1.47975155580914e-32	1	3	6	0.00581186943096398	1	0	5.88961647399386	0.2885538415546
RND1	SEMA4D	R-HSA-416550	REACTOME_SEMA4D_MEDIATED_INHIBITION_OF_CELL_ATTACHMENT_AND_MIGRATION	3.51118350009951e-40	3.81811880606589e-40	7.22325820936774	1.60620941757158	1.42392692897037e-23	1	3	6	3.5807570992747e-05	1	0	4.94217931808006	-0.545072800988612
WNT5A	LDLR	R-HSA-8964043	REACTOME_PLASMA_LIPOPROTEIN_CLEARANCE	4.10923533892973e-40	4.46596361543114e-40	3.4155479880697	2.03823700880741	2.17004769151186e-19	1	8	15	0.000858782298351853	1	0	7.42682687423672	-6.36051979772941
FN1	ITGB3	R-HSA-3000170	REACTOME_SYNDECAN_INTERACTIONS	4.45421545429179e-40	4.83819954517902e-40	3.91871645826014	3.24113977349228	1.87874159471756e-14	1	2	5	2.62411923137851e-07	1	0	7.84296292746818	-5.39454496662179
ANXA1	EGFR	R-HSA-212718	REACTOME_EGFR_INTERACTS_WITH_PHOSPHOLIPASE_C_GAMMA	4.87400939020415e-40	5.2912397660193e-40	2.7077812217246	2.78295784689883	2.56737378682862e-19	1	1	3	1.23822362565426e-07	1	0	7.68275466234545	5.81170270821198
UBB	LRP2	R-HSA-196741	REACTOME_COBALAMIN_CBL_VITAMIN_B12_TRANSPORT_AND_METABOLISM	5.10542463452411e-40	5.53938572845866e-40	1.61742059701178	6.56699259643917	1.17534739996825e-18	1	4	9	0.000131509017757639	1	0	-0.872149922875403	0.426188835973984
L1CAM	ITGB3	R-HSA-2129379	REACTOME_MOLECULES_ASSOCIATED_WITH_ELASTIC_FIBRES	5.69978210979146e-40	6.18082979479329e-40	6.16331281736985	3.24113977349228	1.63238190696712e-26	1	3	7	0.00110744923870776	1	0	5.88961647399386	-5.39454496662179
LTBP1	ITGB3	R-HSA-3000170	REACTOME_SYNDECAN_INTERACTIONS	5.9521050896716e-40	6.45086639296816e-40	2.03718846603833	3.24113977349228	2.51053581104197e-14	1	2	5	2.62411923137851e-07	1	0	6.71785217640578	-5.39454496662179
FGF2	FGFR2	R-HSA-5654695	REACTOME_PI_3K_CASCADE_FGFR2	6.09220551745705e-40	6.59904457880955e-40	1.70513973428035	12.4701828090957	5.42728562212532e-30	1	3	6	0.00165505658875954	1	0	-0.194671018551907	-6.36051979772941
THBS1	ITGB3	R-HSA-1566948	REACTOME_ELASTIC_FIBRE_FORMATION	6.67521832952384e-40	7.22655288113086e-40	5.87784721611172	3.24113977349228	2.28373385597358e-19	1	4	8	3.49569861488115e-05	1	0	-1.71378563230842	-5.39454496662179
COMP	ITGB3	R-HSA-2129379	REACTOME_MOLECULES_ASSOCIATED_WITH_ELASTIC_FIBRES	6.74683632372616e-40	7.30003952367712e-40	8.99453854548071	3.24113977349228	1.93225167769126e-26	1	3	7	0.00110744923870776	1	0	4.26810252217773	-5.39454496662179
LAMB2	ITGB4	R-HSA-3000157	REACTOME_LAMININ_INTERACTIONS	7.86237565528039e-40	8.50233646443112e-40	11.5489876350185	7.1327068911155	2.8084326175583e-34	1	1	3	0.0140938591588066	1	0	7.52145571443406	3.5750195739368
SERPINE1	LRP2	R-HSA-196741	REACTOME_COBALAMIN_CBL_VITAMIN_B12_TRANSPORT_AND_METABOLISM	1.17636493536255e-39	1.27141157651525e-39	5.69192410073737	6.56699259643917	2.70817330030193e-18	1	4	9	0.000131509017757639	1	0	3.64761785685778	0.426188835973984
TNC	ITGB3	R-HSA-1566948	REACTOME_ELASTIC_FIBRE_FORMATION	1.61142315886226e-39	1.74065787016482e-39	5.19362687065032	3.24113977349228	5.51302061225035e-19	1	4	8	3.49569861488115e-05	1	0	7.1142609861648	-5.39454496662179
DCN	EGFR	R-HSA-212718	REACTOME_EGFR_INTERACTS_WITH_PHOSPHOLIPASE_C_GAMMA	1.84490130752487e-39	1.99175912304924e-39	17.3257647468552	2.78295784689883	9.71797728938474e-19	1	1	3	1.23822362565426e-07	1	0	-2.63243594134095	5.81170270821198
RND1	ERBB2	R-HSA-1358803	REACTOME_DOWNREGULATION_OF_ERBB2_ERBB3_SIGNALING	1.98911318193488e-39	2.14626411288332e-39	7.22325820936774	5.3918454128273	1.17314681040229e-31	1	3	6	0.00581186943096398	1	0	4.94217931808006	0.2885538415546
WNT7B	LRP5	R-HSA-4791275	REACTOME_SIGNALING_BY_WNT_IN_CANCER	3.26192203185137e-39	3.51768841977124e-39	2.32224658634214	2.10278826312485	3.75023371971548e-25	1	6	12	0.00378678717764395	1	0	0.757546294138287	-6.27771829635106
WNT5A	LRP5	R-HSA-4791275	REACTOME_SIGNALING_BY_WNT_IN_CANCER	4.98270171933695e-39	5.37042850875555e-39	3.4155479880697	2.10278826312485	5.72861516022685e-25	1	6	12	0.00378678717764395	1	0	7.42682687423672	-6.27771829635106
COL17A1	CD151	R-HSA-446107	REACTOME_TYPE_I_HEMIDESMOSOME_ASSEMBLY	7.9748844403296e-39	8.59070563263305e-39	10.0652800099325	2.0341318797366	2.7182466716764e-26	1	3	6	0.000374025362776002	1	0	5.75970801774842	-2.32132993135789
COL4A3	ITGB3	R-HSA-2129379	REACTOME_MOLECULES_ASSOCIATED_WITH_ELASTIC_FIBRES	8.19228978636667e-39	8.82003415257668e-39	8.62407894562393	3.24113977349228	2.34622049866144e-25	1	3	7	0.00110744923870776	1	0	0.82100178352364	-5.39454496662179
DLL1	NOTCH3	R-HSA-350054	REACTOME_NOTCH_HLH_TRANSCRIPTION_PATHWAY	9.08767844699221e-39	9.77864242808583e-39	1.49001617638381	5.80955796788864	4.30455605271546e-22	1	6	12	0.0016000008324318	1	0	4.59911096841979	-2.27489465717084
WNT7A	LRP6	R-HSA-4791275	REACTOME_SIGNALING_BY_WNT_IN_CANCER	1.58875590216189e-38	1.70861248729194e-38	10.3548346702724	1.91172966289188	1.82659361520754e-24	1	6	12	0.00378678717764395	1	0	6.15755813866104	7.25587852467171
EFNA1	EPHA4	R-HSA-3928665	REACTOME_EPH_EPHRIN_MEDIATED_REPULSION_OF_CELLS	1.86272778753162e-38	2.00215045077009e-38	11.2370757625062	12.1800690477723	3.31866327091942e-37	1	1	3	0.382879459461313	1	0	5.76902987575632	4.48765691180463
HSPG2	PTPRS	R-HSA-388844	REACTOME_RECEPTOR_TYPE_TYROSINE_PROTEIN_PHOSPHATASES	2.08669964237495e-38	2.24165258611566e-38	3.09676104986744	1.35610870695066	5.69065720464032e-12	1	3	6	1.25040754641973e-07	1	0	2.05397683291469	-4.90302497933359
EFNA5	EPHA4	R-HSA-3928665	REACTOME_EPH_EPHRIN_MEDIATED_REPULSION_OF_CELLS	3.56011416183147e-38	3.82237655748041e-38	8.38426854170645	12.1800690477723	6.34275184395381e-37	1	1	3	0.382879459461313	1	0	-1.86748876519081	4.48765691180463
DCN	MET	R-HSA-416550	REACTOME_SEMA4D_MEDIATED_INHIBITION_OF_CELL_ATTACHMENT_AND_MIGRATION	7.20649912451495e-38	7.73312790669104e-38	17.3257647468552	3.79679238684995	4.95798811077511e-22	1	2	5	7.34291652920488e-05	1	0	-2.63243594134095	5.97546678596363
TNFSF9	TRAF2	R-HSA-5668541	REACTOME_TNFR2_NON_CANONICAL_NF_KB_PATHWAY	7.30394282642478e-38	7.83338843493004e-38	2.56841166294607	1.20566797021442	3.85886181446648e-17	1	12	23	0.00581186943096398	1	0	-4.99093337728425	2.37330096619563
SEMA5A	MET	R-HSA-8865999	REACTOME_MET_ACTIVATES_PTPN11	7.31804855177327e-38	7.84420901296004e-38	13.2905452772287	3.79679238684995	1.61419777351974e-29	1	1	3	0.00165505658875954	1	0	-1.81425316210326	5.97546678596363
WNT5A	FZD6	R-HSA-4791275	REACTOME_SIGNALING_BY_WNT_IN_CANCER	1.10267989629833e-37	1.1813131308122e-37	3.4155479880697	2.2006318784384	1.26775173924169e-23	1	6	12	0.00378678717764395	1	0	7.42682687423672	-4.41813377410395
L1CAM	ERBB3	R-HSA-1358803	REACTOME_DOWNREGULATION_OF_ERBB2_ERBB3_SIGNALING	1.21019043990476e-37	1.29577956641119e-37	6.16331281736985	9.09909784607182	7.13750764636023e-30	1	3	6	0.00581186943096398	1	0	5.88961647399386	4.9842892437399
HSPG2	LRP2	R-HSA-196741	REACTOME_COBALAMIN_CBL_VITAMIN_B12_TRANSPORT_AND_METABOLISM	1.3784293229909e-37	1.47510820153492e-37	3.09676104986744	6.56699259643917	3.17335664865489e-16	1	4	9	0.000131509017757639	1	0	2.05397683291469	0.426188835973984
COL17A1	ITGB4	R-HSA-3000157	REACTOME_LAMININ_INTERACTIONS	1.61412018776795e-37	1.72638374956781e-37	10.0652800099325	7.1327068911155	5.76562095572522e-32	1	1	3	0.0140938591588066	1	0	5.75970801774842	3.5750195739368
UBB	LDLR	R-HSA-8964043	REACTOME_PLASMA_LIPOPROTEIN_CLEARANCE	3.84743064755886e-37	4.11277069221809e-37	1.61742059701178	2.03823700880741	2.03179115002005e-16	1	8	15	0.000858782298351853	1	0	-0.872149922875403	-6.36051979772941
IGF2	IGF1R	R-HSA-2428933	REACTOME_SHC_RELATED_EVENTS_TRIGGERED_BY_IGF1R	4.20139096802246e-37	4.48868520817717e-37	18.9671091644783	5.13835209283825	1.47018169588767e-20	1	3	6	3.71525956471559e-05	1	0	2.10499752261003	-2.47806345242735
MFGE8	ITGB3	R-HSA-2129379	REACTOME_MOLECULES_ASSOCIATED_WITH_ELASTIC_FIBRES	4.58523616608054e-37	4.89609963496736e-37	2.78019749763891	3.24113977349228	1.31318292743563e-23	1	3	7	0.00110744923870776	1	0	4.64057982249706	-5.39454496662179
SEMA4D	MET	R-HSA-416550	REACTOME_SEMA4D_MEDIATED_INHIBITION_OF_CELL_ATTACHMENT_AND_MIGRATION	4.70378229388289e-37	5.01993815297994e-37	1.60620941757158	3.79679238684995	3.2361478556782e-21	1	2	5	7.34291652920488e-05	1	0	-0.545072800988612	5.97546678596363
UBB	MET	R-HSA-416550	REACTOME_SEMA4D_MEDIATED_INHIBITION_OF_CELL_ATTACHMENT_AND_MIGRATION	4.74807753680153e-37	5.06444316186422e-37	1.61742059701178	3.79679238684995	3.26662247087761e-21	1	2	5	7.34291652920488e-05	1	0	-0.872149922875403	5.97546678596363
TNC	EGFR	R-HSA-212718	REACTOME_EGFR_INTERACTS_WITH_PHOSPHOLIPASE_C_GAMMA	5.67911456089779e-37	6.05420891781298e-37	5.19362687065032	2.78295784689883	2.991461174726e-16	1	1	3	1.23822362565426e-07	1	0	7.1142609861648	5.81170270821198
FBN1	ITGB3	R-HSA-2129379	REACTOME_MOLECULES_ASSOCIATED_WITH_ELASTIC_FIBRES	5.79356189092222e-37	6.17284581176819e-37	6.55908628413473	3.24113977349228	1.65923984907937e-23	1	3	7	0.00110744923870776	1	0	3.99266837107762	-5.39454496662179
CDH1	EGFR	R-HSA-8857538	REACTOME_PTK6_PROMOTES_HIF1A_STABILIZATION	5.87740318517803e-37	6.25876140711706e-37	14.3361338797864	2.78295784689883	2.13296038644674e-35	1	2	4	0.200921140265478	1	0	-3.29081622051826	5.81170270821198
NTN1	UNC5C	R-HSA-418886	REACTOME_NETRIN_MEDIATED_REPULSION_SIGNALS	7.697299248044e-37	8.19227543947135e-37	6.22197922707358	8.72870691143471	1.69785199160739e-28	1	1	3	0.00165505658875954	1	0	-1.51606383324511	2.94184891250131
EFNA1	EPHA2	R-HSA-3928665	REACTOME_EPH_EPHRIN_MEDIATED_REPULSION_OF_CELLS	1.5865534377511e-36	1.68765733329407e-36	11.2370757625062	8.26872738187092	2.82662698031295e-35	1	1	3	0.382879459461313	1	0	5.76902987575632	-4.79009375173012
LAMC1	ITGB4	R-HSA-446107	REACTOME_TYPE_I_HEMIDESMOSOME_ASSEMBLY	1.68510231932352e-36	1.79151052239457e-36	1.71511038573227	7.1327068911155	5.74368670193046e-24	1	3	6	0.000374025362776002	1	0	-2.06597306819101	3.5750195739368
EFNA5	EPHA2	R-HSA-3928665	REACTOME_EPH_EPHRIN_MEDIATED_REPULSION_OF_CELLS	3.0322795418889e-36	3.22200323466215e-36	8.38426854170645	8.26872738187092	5.40235390816934e-35	1	1	3	0.382879459461313	1	0	-1.86748876519081	-4.79009375173012
COL4A2	ITGB3	R-HSA-1566948	REACTOME_ELASTIC_FIBRE_FORMATION	4.17827627035323e-36	4.4372885024469e-36	1.3466555524192	3.24113977349228	1.42947698594562e-15	1	4	8	3.49569861488115e-05	1	0	7.20313784037645	-5.39454496662179
RND1	PLXNB1	R-HSA-416550	REACTOME_SEMA4D_MEDIATED_INHIBITION_OF_CELL_ATTACHMENT_AND_MIGRATION	5.35801950855824e-36	5.68707179359469e-36	7.22325820936774	1.5943988970485	3.68625549822999e-20	1	2	5	7.34291652920488e-05	1	0	4.94217931808006	5.39031608975878
CTF1	IL6ST	R-HSA-112409	REACTOME_RAF_INDEPENDENT_MAPK1_3_ACTIVATION	7.00333797049734e-36	7.42939655425383e-36	8.22538207456949	2.36421696357824	4.07378653125843e-21	1	4	9	0.00165505658875954	1	0	-3.43002666883068	2.53240000666997
COL4A4	ITGB3	R-HSA-2129379	REACTOME_MOLECULES_ASSOCIATED_WITH_ELASTIC_FIBRES	1.59731797758303e-35	1.69357329545041e-35	2.61912453042687	3.24113977349228	4.57461867147628e-22	1	3	7	0.00110744923870776	1	0	5.55251303801619	-5.39454496662179
COL18A1	ITGB3	R-HSA-2129379	REACTOME_MOLECULES_ASSOCIATED_WITH_ELASTIC_FIBRES	2.77868697362437e-35	2.94453372734042e-35	3.25983197505071	3.24113977349228	7.9579855045294e-22	1	3	7	0.00110744923870776	1	0	6.43761926723443	-5.39454496662179
CTNND1	AMOT	R-HSA-9762292	REACTOME_REGULATION_OF_CDH11_FUNCTION	2.87662915988385e-35	3.04666851911777e-35	4.05620957782704	3.00964896303863	3.98803972831596e-25	1	1	2	8.493021064553e-06	1	0	5.95931367779319	6.75452784419769
SEMA5A	MET	R-HSA-8851805	REACTOME_MET_ACTIVATES_RAS_SIGNALING	3.12344310726742e-35	3.30627880135137e-35	13.2905452772287	3.79679238684995	1.61419777351974e-29	1	4	8	0.0327263094259953	1	0	-1.81425316210326	5.97546678596363
LAMA5	ITGB4	R-HSA-3000157	REACTOME_LAMININ_INTERACTIONS	3.22702916848955e-35	3.41407798811489e-35	5.8870821214992	7.1327068911155	1.15269154921533e-29	1	1	3	0.0140938591588066	1	0	-3.29459552152133	3.5750195739368
NECTIN1	NECTIN3	R-HSA-420597	REACTOME_NECTIN_NECL_TRANS_HETERODIMERIZATION	3.24880335700503e-35	3.43525336016829e-35	1.57350319781243	2.50884161504498	3.88594087701105e-20	1	2	5	0.000113716683662711	1	0	5.05239759800668	6.35765636147318
WNT2	LRP6	R-HSA-4791275	REACTOME_SIGNALING_BY_WNT_IN_CANCER	3.73536699513785e-35	3.94760375622523e-35	15.1935294071625	1.91172966289188	4.29455367844199e-21	1	6	12	0.00378678717764395	1	0	-3.57793043501172	7.25587852467171
FN1	ITGB3	R-HSA-1566948	REACTOME_ELASTIC_FIBRE_FORMATION	5.49145002019124e-35	5.80032552159735e-35	3.91871645826014	3.24113977349228	1.87874159471756e-14	1	4	8	3.49569861488115e-05	1	0	7.84296292746818	-5.39454496662179
TNFSF12	TNFRSF12A	R-HSA-5676594	REACTOME_TNF_RECEPTOR_SUPERFAMILY_TNFSF_MEMBERS_MEDIATING_NON_CANONICAL_NF_KB_PATHWAY	6.50957232226925e-35	6.87199715967127e-35	8.53252503662892	2.54380952230965	1.11115435768298e-26	1	3	7	0.0123283634888623	1	0	6.14962882879059	5.65788651518684
LTBP1	ITGB3	R-HSA-1566948	REACTOME_ELASTIC_FIBRE_FORMATION	7.3381469644365e-35	7.74251810996461e-35	2.03718846603833	3.24113977349228	2.51053581104197e-14	1	4	8	3.49569861488115e-05	1	0	6.71785217640578	-5.39454496662179
FGF2	FGFR3	R-HSA-5654704	REACTOME_SHC_MEDIATED_CASCADE_FGFR3	7.3939141339224e-35	7.79714595224106e-35	1.70513973428035	4.85646853460732	2.587332934115e-18	1	3	6	3.71525956471559e-05	1	0	-0.194671018551907	4.42416595366005
THBS1	LRP5	R-HSA-4791275	REACTOME_SIGNALING_BY_WNT_IN_CANCER	9.02910235228255e-35	9.51637177226542e-35	5.87784721611172	2.10278826312485	1.03807643989191e-20	1	6	12	0.00378678717764395	1	0	-1.71378563230842	-6.27771829635106
CLCF1	CRLF1	R-HSA-6788467	REACTOME_IL_6_TYPE_CYTOKINE_RECEPTOR_LIGAND_INTERACTIONS	1.34527822022003e-34	1.41711346498906e-34	2.37202530845207	4.18976451573874	5.99639662910683e-22	1	2	4	3.82787792247104e-05	1	0	-6.01378384650083	8.91632352394842
RND1	MET	R-HSA-8865999	REACTOME_MET_ACTIVATES_PTPN11	1.62422888465508e-34	1.71003720308968e-34	7.22325820936774	3.79679238684995	3.5826855079574e-26	1	1	3	0.00165505658875954	1	0	4.94217931808006	5.97546678596363
SEMA4D	ERBB2	R-HSA-1358803	REACTOME_DOWNREGULATION_OF_ERBB2_ERBB3_SIGNALING	1.79671487885906e-34	1.8906164646615e-34	1.60620941757158	5.3918454128273	1.05967340042737e-26	1	3	6	0.00581186943096398	1	0	-0.545072800988612	0.2885538415546
UBB	ERBB2	R-HSA-1358803	REACTOME_DOWNREGULATION_OF_ERBB2_ERBB3_SIGNALING	1.8136344378527e-34	1.90739259942182e-34	1.61742059701178	5.3918454128273	1.06965228289975e-26	1	3	6	0.00581186943096398	1	0	-0.872149922875403	0.2885538415546
EFNA1	EPHA5	R-HSA-3928665	REACTOME_EPH_EPHRIN_MEDIATED_REPULSION_OF_CELLS	2.2377368692871e-34	2.35215290942826e-34	11.2370757625062	7.16164859316141	3.98678497620215e-33	1	1	3	0.382879459461313	1	0	5.76902987575632	1.45775684830993
LAMB1	ITGA3	R-HSA-8874081	REACTOME_MET_ACTIVATES_PTK2_SIGNALING	2.38599484858278e-34	2.50664224813457e-34	8.25802293327529	1.43205767826489	6.10784912967009e-22	1	2	4	4.60516720465928e-05	1	0	-0.279099545272194	4.89650700834186
EFNA5	EPHA5	R-HSA-3928665	REACTOME_EPH_EPHRIN_MEDIATED_REPULSION_OF_CELLS	4.27684537275214e-34	4.49068764138975e-34	8.38426854170645	7.16164859316141	7.61969072934834e-33	1	1	3	0.382879459461313	1	0	-1.86748876519081	1.45775684830993
NID1	ITGB3	R-HSA-2129379	REACTOME_MOLECULES_ASSOCIATED_WITH_ELASTIC_FIBRES	4.62923518681896e-34	4.85808507246504e-34	1.52477175080913	3.24113977349228	1.32578397147454e-20	1	3	7	0.00110744923870776	1	0	5.58579957949785	-5.39454496662179
CLCF1	IL6ST	R-HSA-112409	REACTOME_RAF_INDEPENDENT_MAPK1_3_ACTIVATION	4.98662966064222e-34	5.23033712526008e-34	2.37202530845207	2.36421696357824	2.90068319328239e-19	1	4	9	0.00165505658875954	1	0	-6.01378384650083	2.53240000666997
CTF1	IL6ST	R-HSA-110056	REACTOME_MAPK3_ERK1_ACTIVATION	1.05945624962791e-33	1.11004187528074e-33	8.22538207456949	2.36421696357824	4.07378653125843e-21	1	3	7	0.00165505658875954	1	0	-3.43002666883068	2.53240000666997
CTF1	IL6ST	R-HSA-112411	REACTOME_MAPK1_ERK2_ACTIVATION	1.05945624962791e-33	1.11004187528074e-33	8.22538207456949	2.36421696357824	4.07378653125843e-21	1	3	7	0.00165505658875954	1	0	-3.43002666883068	2.53240000666997
TNFSF12	TRAF2	R-HSA-3371378	REACTOME_REGULATION_BY_C_FLIP	1.11520720002629e-33	1.1672023910243e-33	8.53252503662892	1.20566797021442	2.15400209273168e-25	1	2	5	0.00567909670333659	1	0	6.14962882879059	2.37330096619563
TNFSF12	TRAF2	R-HSA-9693928	REACTOME_DEFECTIVE_RIPK1_MEDIATED_REGULATED_NECROSIS	1.11520720002629e-33	1.1672023910243e-33	8.53252503662892	1.20566797021442	2.15400209273168e-25	1	2	5	0.00567909670333659	1	0	6.14962882879059	2.37330096619563
TNFSF12	TRAF2	R-HSA-5676594	REACTOME_TNF_RECEPTOR_SUPERFAMILY_TNFSF_MEMBERS_MEDIATING_NON_CANONICAL_NF_KB_PATHWAY	1.26189780096752e-33	1.32002485553806e-33	8.53252503662892	1.20566797021442	2.15400209273168e-25	1	3	7	0.0123283634888623	1	0	6.14962882879059	2.37330096619563
LAMA1	ITGB4	R-HSA-3000157	REACTOME_LAMININ_INTERACTIONS	2.32569539472371e-33	2.43152200529733e-33	19.4121541047617	7.1327068911155	8.30736038497547e-28	1	1	3	0.0140938591588066	1	0	5.04833152876336	3.5750195739368
WNT5A	LDLR	R-HSA-8964038	REACTOME_LDL_CLEARANCE	5.66421851916769e-33	5.91879013800669e-33	3.4155479880697	2.03823700880741	2.17004769151186e-19	1	4	8	0.000858782298351853	1	0	7.42682687423672	-6.36051979772941
THBS1	ITGB3	R-HSA-2129379	REACTOME_MOLECULES_ASSOCIATED_WITH_ELASTIC_FIBRES	7.97410539791375e-33	8.32803627921153e-33	5.87784721611172	3.24113977349228	2.28373385597358e-19	1	3	7	0.00110744923870776	1	0	-1.71378563230842	-5.39454496662179
LAMB2	ITGA3	R-HSA-8874081	REACTOME_MET_ACTIVATES_PTK2_SIGNALING	1.29125618819252e-32	1.34784785437734e-32	11.5489876350185	1.43205767826489	3.30545474141212e-20	1	2	4	4.60516720465928e-05	1	0	7.52145571443406	4.89650700834186
TNC	ITGB3	R-HSA-2129379	REACTOME_MOLECULES_ASSOCIATED_WITH_ELASTIC_FIBRES	1.92497945012135e-32	2.00827183017468e-32	5.19362687065032	3.24113977349228	5.51302061225035e-19	1	3	7	0.00110744923870776	1	0	7.1142609861648	-5.39454496662179
LIF	IL6ST	R-HSA-112409	REACTOME_RAF_INDEPENDENT_MAPK1_3_ACTIVATION	2.44926436713963e-32	2.55387790124063e-32	1.92957406182601	2.36421696357824	1.42471778919961e-17	1	4	9	0.00165505658875954	1	0	0.804592616358932	2.53240000666997
EFNA2	EPHA4	R-HSA-3928665	REACTOME_EPH_EPHRIN_MEDIATED_REPULSION_OF_CELLS	3.11310610261266e-32	3.24434163201842e-32	3.23733549191578	12.1800690477723	5.54635569961956e-31	1	1	3	0.382879459461313	1	0	1.67357652488783	4.48765691180463
IL6ST	CRLF1	R-HSA-6788467	REACTOME_IL_6_TYPE_CYTOKINE_RECEPTOR_LIGAND_INTERACTIONS	5.06877928935859e-32	5.27964050779591e-32	2.36421696357824	4.18976451573874	2.25934015637487e-19	1	2	4	3.82787792247104e-05	1	0	2.53240000666997	8.91632352394842
RND1	MET	R-HSA-8851805	REACTOME_MET_ACTIVATES_RAS_SIGNALING	6.93243079559952e-32	7.21697086556815e-32	7.22325820936774	3.79679238684995	3.5826855079574e-26	1	4	8	0.0327263094259953	1	0	4.94217931808006	5.97546678596363
CLCF1	IL6ST	R-HSA-110056	REACTOME_MAPK3_ERK1_ACTIVATION	7.54371127140122e-32	7.84497769597795e-32	2.37202530845207	2.36421696357824	2.90068319328239e-19	1	3	7	0.00165505658875954	1	0	-6.01378384650083	2.53240000666997
CLCF1	IL6ST	R-HSA-112411	REACTOME_MAPK1_ERK2_ACTIVATION	7.54371127140122e-32	7.84497769597795e-32	2.37202530845207	2.36421696357824	2.90068319328239e-19	1	3	7	0.00165505658875954	1	0	-6.01378384650083	2.53240000666997
UBB	ERBB3	R-HSA-1358803	REACTOME_DOWNREGULATION_OF_ERBB2_ERBB3_SIGNALING	8.74797503476695e-32	9.09249347679609e-32	1.61742059701178	9.09909784607182	5.15941430720038e-24	1	3	6	0.00581186943096398	1	0	-0.872149922875403	4.9842892437399
SEMA4D	PLXNB1	R-HSA-416550	REACTOME_SEMA4D_MEDIATED_INHIBITION_OF_CELL_ATTACHMENT_AND_MIGRATION	4.83976148751845e-31	5.0276883963423e-31	1.60620941757158	1.5943988970485	3.32969996936186e-15	1	2	5	7.34291652920488e-05	1	0	-0.545072800988612	5.39031608975878
FGF2	FGFR3	R-HSA-5654706	REACTOME_FRS_MEDIATED_FGFR3_SIGNALING	6.7287915699144e-31	6.98635296971973e-31	1.70513973428035	4.85646853460732	2.587332934115e-18	1	3	7	0.00165505658875954	1	0	-0.194671018551907	4.42416595366005
DCN	MET	R-HSA-8865999	REACTOME_MET_ACTIVATES_PTPN11	2.24772938663226e-30	2.33252682895473e-30	17.3257647468552	3.79679238684995	4.95798811077511e-22	1	1	3	0.00165505658875954	1	0	-2.63243594134095	5.97546678596363
EFNA2	EPHA2	R-HSA-3928665	REACTOME_EPH_EPHRIN_MEDIATED_REPULSION_OF_CELLS	2.65154641609179e-30	2.75011691483126e-30	3.23733549191578	8.26872738187092	4.72403416168637e-29	1	1	3	0.382879459461313	1	0	1.67357652488783	-4.79009375173012
SEMA5A	MET	R-HSA-8875513	REACTOME_MET_INTERACTS_WITH_TNS_PROTEINS	3.27436059306404e-30	3.39428144281002e-30	13.2905452772287	3.79679238684995	1.61419777351974e-29	1	1	2	0.450385998179621	1	0	-1.81425316210326	5.97546678596363
LIF	IL6ST	R-HSA-110056	REACTOME_MAPK3_ERK1_ACTIVATION	3.70521664338976e-30	3.83684416995769e-30	1.92957406182601	2.36421696357824	1.42471778919961e-17	1	3	7	0.00165505658875954	1	0	0.804592616358932	2.53240000666997
LIF	IL6ST	R-HSA-112411	REACTOME_MAPK1_ERK2_ACTIVATION	3.70521664338976e-30	3.83684416995769e-30	1.92957406182601	2.36421696357824	1.42471778919961e-17	1	3	7	0.00165505658875954	1	0	0.804592616358932	2.53240000666997
COL4A3	ITGA3	R-HSA-8874081	REACTOME_MET_ACTIVATES_PTK2_SIGNALING	5.2888900412788e-30	5.47387506656995e-30	8.62407894562393	1.43205767826489	1.35388986504867e-17	1	2	4	4.60516720465928e-05	1	0	0.82100178352364	4.89650700834186
UBB	LDLR	R-HSA-8964038	REACTOME_LDL_CLEARANCE	5.30334384080136e-30	5.4859271827781e-30	1.61742059701178	2.03823700880741	2.03179115002005e-16	1	4	8	0.000858782298351853	1	0	-0.872149922875403	-6.36051979772941
SEMA4D	MET	R-HSA-8865999	REACTOME_MET_ACTIVATES_PTPN11	1.46712425931124e-29	1.51683095735037e-29	1.60620941757158	3.79679238684995	3.2361478556782e-21	1	1	3	0.00165505658875954	1	0	-0.545072800988612	5.97546678596363
UBB	MET	R-HSA-8865999	REACTOME_MET_ACTIVATES_PTPN11	1.48094008270564e-29	1.53030475212917e-29	1.61742059701178	3.79679238684995	3.26662247087761e-21	1	1	3	0.00165505658875954	1	0	-0.872149922875403	5.97546678596363
LAMC1	ITGB4	R-HSA-3000157	REACTOME_LAMININ_INTERACTIONS	1.6079795617841e-29	1.66070020315408e-29	1.71511038573227	7.1327068911155	5.74368670193046e-24	1	1	3	0.0140938591588066	1	0	-2.06597306819101	3.5750195739368
RND1	PLXNB1	R-HSA-9013405	REACTOME_RHOD_GTPASE_CYCLE	4.72645096478536e-29	4.87883654028848e-29	7.22325820936774	1.5943988970485	3.68625549822999e-20	1	1	2	3.5807570992747e-05	1	0	4.94217931808006	5.39031608975878
COL4A2	ITGB3	R-HSA-2129379	REACTOME_MOLECULES_ASSOCIATED_WITH_ELASTIC_FIBRES	4.99129971734951e-29	5.1495025610056e-29	1.3466555524192	3.24113977349228	1.42947698594562e-15	1	3	7	0.00110744923870776	1	0	7.20313784037645	-5.39454496662179
S100B	APP	R-HSA-844456	REACTOME_THE_NLRP3_INFLAMMASOME	8.06935644602786e-29	8.32072499424098e-29	4.09101248316345	1.25658697558778	4.32933445283623e-18	1	3	7	0.00389227976314474	1	0	-6.36051979772941	7.47779934429022
FGF2	FGFR3	R-HSA-5654710	REACTOME_PI_3K_CASCADE_FGFR3	2.90431812036109e-28	2.99321017892623e-28	1.70513973428035	4.85646853460732	2.587332934115e-18	1	3	6	0.00165505658875954	1	0	-0.194671018551907	4.42416595366005
EFNA2	EPHA5	R-HSA-3928665	REACTOME_EPH_EPHRIN_MEDIATED_REPULSION_OF_CELLS	3.73984451751288e-28	3.85227655205837e-28	3.23733549191578	7.16164859316141	6.6629620937078e-27	1	1	3	0.382879459461313	1	0	1.67357652488783	1.45775684830993
LAMA5	ITGA3	R-HSA-8874081	REACTOME_MET_ACTIVATES_PTK2_SIGNALING	5.29982484427768e-28	5.4562772382047e-28	5.8870821214992	1.43205767826489	1.35668903819104e-15	1	2	4	4.60516720465928e-05	1	0	-3.29459552152133	4.89650700834186
FN1	ITGB3	R-HSA-2129379	REACTOME_MOLECULES_ASSOCIATED_WITH_ELASTIC_FIBRES	6.55999535696147e-28	6.75009005908628e-28	3.91871645826014	3.24113977349228	1.87874159471756e-14	1	3	7	0.00110744923870776	1	0	7.84296292746818	-5.39454496662179
RND1	PLXNA2	R-HSA-416700	REACTOME_OTHER_SEMAPHORIN_INTERACTIONS	8.00815746441028e-28	8.23587758188166e-28	7.22325820936774	4.61470308645872	1.170543126737e-27	1	1	3	0.881147056859728	1	0	4.94217931808006	3.5976561305448
LTBP1	ITGB3	R-HSA-2129379	REACTOME_MOLECULES_ASSOCIATED_WITH_ELASTIC_FIBRES	8.76602897930553e-28	9.01055505083353e-28	2.03718846603833	3.24113977349228	2.51053581104197e-14	1	3	7	0.00110744923870776	1	0	6.71785217640578	-5.39454496662179
DCN	MET	R-HSA-8851805	REACTOME_MET_ACTIVATES_RAS_SIGNALING	9.59361612595172e-28	9.85604013360532e-28	17.3257647468552	3.79679238684995	4.95798811077511e-22	1	4	8	0.0327263094259953	1	0	-2.63243594134095	5.97546678596363
IL6ST	OSMR	R-HSA-6788467	REACTOME_IL_6_TYPE_CYTOKINE_RECEPTOR_LIGAND_INTERACTIONS	5.3756367997121e-27	5.51977848046148e-27	2.36421696357824	3.50030667849922	4.54558451130706e-19	1	1	3	0.00227831302977018	1	0	2.53240000666997	0.232391698059585
SEMA4D	MET	R-HSA-8851805	REACTOME_MET_ACTIVATES_RAS_SIGNALING	6.26188678966896e-27	6.42641350510955e-27	1.60620941757158	3.79679238684995	3.2361478556782e-21	1	4	8	0.0327263094259953	1	0	-0.545072800988612	5.97546678596363
UBB	MET	R-HSA-8851805	REACTOME_MET_ACTIVATES_RAS_SIGNALING	6.32085461155096e-27	6.48352366405411e-27	1.61742059701178	3.79679238684995	3.26662247087761e-21	1	4	8	0.0327263094259953	1	0	-0.872149922875403	5.97546678596363
RND1	MET	R-HSA-8875513	REACTOME_MET_INTERACTS_WITH_TNS_PROTEINS	7.26738968237952e-27	7.45050501295916e-27	7.22325820936774	3.79679238684995	3.5826855079574e-26	1	1	2	0.450385998179621	1	0	4.94217931808006	5.97546678596363
COL18A1	ITGA3	R-HSA-8874081	REACTOME_MET_ACTIVATES_PTK2_SIGNALING	1.79390258961419e-26	1.83813838274738e-26	3.25983197505071	1.43205767826489	4.59216681762581e-14	1	2	4	4.60516720465928e-05	1	0	6.43761926723443	4.89650700834186
LAMA1	ITGA3	R-HSA-8874081	REACTOME_MET_ACTIVATES_PTK2_SIGNALING	3.81954348399899e-26	3.91167720201889e-26	19.4121541047617	1.43205767826489	9.77755478321223e-14	1	2	4	4.60516720465928e-05	1	0	5.04833152876336	4.89650700834186
TNFSF9	TRAF2	R-HSA-3371378	REACTOME_REGULATION_BY_C_FLIP	1.99787664734437e-25	2.04392514000186e-25	2.56841166294607	1.20566797021442	3.85886181446648e-17	1	2	5	0.00567909670333659	1	0	-4.99093337728425	2.37330096619563
TNFSF9	TRAF2	R-HSA-9693928	REACTOME_DEFECTIVE_RIPK1_MEDIATED_REGULATED_NECROSIS	1.99787664734437e-25	2.04392514000186e-25	2.56841166294607	1.20566797021442	3.85886181446648e-17	1	2	5	0.00567909670333659	1	0	-4.99093337728425	2.37330096619563
TNFSF9	TRAF2	R-HSA-5676594	REACTOME_TNF_RECEPTOR_SUPERFAMILY_TNFSF_MEMBERS_MEDIATING_NON_CANONICAL_NF_KB_PATHWAY	2.26067061603331e-25	2.31156529482359e-25	2.56841166294607	1.20566797021442	3.85886181446648e-17	1	3	7	0.0123283634888623	1	0	-4.99093337728425	2.37330096619563
L1CAM	EGFR	R-HSA-8857538	REACTOME_PTK6_PROMOTES_HIF1A_STABILIZATION	2.44072146798782e-25	2.49436369805349e-25	6.16331281736985	2.78295784689883	8.85758904323062e-24	1	2	4	0.200921140265478	1	0	5.88961647399386	5.81170270821198
NID1	ITGA3	R-HSA-8874081	REACTOME_MET_ACTIVATES_PTK2_SIGNALING	2.98860471452668e-25	3.05269090348881e-25	1.52477175080913	1.43205767826489	7.65045520336815e-13	1	2	4	4.60516720465928e-05	1	0	5.58579957949785	4.89650700834186
SLIT2	SDC1	R-HSA-449836	REACTOME_OTHER_INTERLEUKIN_SIGNALING	1.62993320554759e-24	1.66401440169077e-24	6.20283557424795	4.97371489672129	4.11393068888082e-22	1	1	2	0.0629443014988304	1	0	4.67965566152487	-1.36985696537123
NID1	PTPRF	R-HSA-8849932	REACTOME_SYNAPTIC_ADHESION_LIKE_MOLECULES	2.11521747046616e-24	2.15831751296782e-24	1.52477175080913	2.81739742389189	1.34135024422698e-18	1	2	4	0.00734599678016831	1	0	5.58579957949785	-3.35735256004328
SEMA3A	PLXNA2	R-HSA-416700	REACTOME_OTHER_SEMAPHORIN_INTERACTIONS	2.89931014707441e-24	2.95684214999286e-24	4.9592716817747	4.61470308645872	4.23788815344766e-24	1	1	3	0.881147056859728	1	0	-5.24214228540271	3.5976561305448
SEMA4D	PLXNB1	R-HSA-9013405	REACTOME_RHOD_GTPASE_CYCLE	4.26928183360942e-24	4.35172621139833e-24	1.60620941757158	1.5943988970485	3.32969996936186e-15	1	1	2	3.5807570992747e-05	1	0	-0.545072800988612	5.39031608975878
THBS1	ITGA3	R-HSA-8874081	REACTOME_MET_ACTIVATES_PTK2_SIGNALING	5.14803159152382e-24	5.2447082411299e-24	5.87784721611172	1.43205767826489	1.31783185929674e-11	1	2	4	4.60516720465928e-05	1	0	-1.71378563230842	4.89650700834186
PTN	SDC1	R-HSA-449836	REACTOME_OTHER_INTERLEUKIN_SIGNALING	8.93714181577397e-24	9.10022834525889e-24	8.46323813593221	4.97371489672129	2.25572323219469e-21	1	1	2	0.0629443014988304	1	0	3.62957168854979	-1.36985696537123
PTN	PTPRS	R-HSA-8849932	REACTOME_SYNAPTIC_ADHESION_LIKE_MOLECULES	1.30503856938645e-23	1.32816067014681e-23	8.46323813593221	1.35610870695066	8.27581006782415e-18	1	2	4	0.00734599678016831	1	0	3.62957168854979	-4.90302497933359
LAMA5	SDC1	R-HSA-449836	REACTOME_OTHER_INTERLEUKIN_SIGNALING	4.53511328681496e-23	4.6130605464321e-23	5.8870821214992	4.97371489672129	1.14465682794107e-20	1	1	2	0.0629443014988304	1	0	-3.29459552152133	-1.36985696537123
LAMB1	ITGA3	R-HSA-210991	REACTOME_BASIGIN_INTERACTIONS	5.58011234168854e-23	5.67306580079006e-23	8.25802293327529	1.43205767826489	6.10784912967009e-22	1	1	3	0.450385998179621	1	0	-0.279099545272194	4.89650700834186
DCN	MET	R-HSA-8875513	REACTOME_MET_INTERACTS_WITH_TNS_PROTEINS	1.0057157280922e-22	1.02193694951304e-22	17.3257647468552	3.79679238684995	4.95798811077511e-22	1	1	2	0.450385998179621	1	0	-2.63243594134095	5.97546678596363
IL6ST	IL11RA	R-HSA-6788467	REACTOME_IL_6_TYPE_CYTOKINE_RECEPTOR_LIGAND_INTERACTIONS	1.41405590874079e-22	1.43611606332333e-22	2.36421696357824	1.54417527746285	1.19571148058935e-14	1	1	3	0.00227831302977018	1	0	2.53240000666997	2.65413731753755
EFEMP1	EGFR	R-HSA-8857538	REACTOME_PTK6_PROMOTES_HIF1A_STABILIZATION	2.24381403081646e-22	2.27763451256993e-22	11.6997034417759	2.78295784689883	8.1429949443564e-21	1	2	4	0.200921140265478	1	0	1.01946244719326	5.81170270821198
LAMC1	ITGA3	R-HSA-8874081	REACTOME_MET_ACTIVATES_PTK2_SIGNALING	2.64082212638412e-22	2.67923408458607e-22	1.71511038573227	1.43205767826489	6.76017516795119e-10	1	2	4	4.60516720465928e-05	1	0	-2.06597306819101	4.89650700834186
WNT5A	LRP2	R-HSA-9758890	REACTOME_TRANSPORT_OF_RCBL_WITHIN_THE_BODY	2.76757459578592e-22	2.8063723704932e-22	3.4155479880697	6.56699259643917	1.25532583011812e-21	1	1	3	0.604107587038256	1	0	7.42682687423672	0.426188835973984
SEMA4D	MET	R-HSA-8875513	REACTOME_MET_INTERACTS_WITH_TNS_PROTEINS	6.56444655406522e-22	6.65301718738421e-22	1.60620941757158	3.79679238684995	3.2361478556782e-21	1	1	2	0.450385998179621	1	0	-0.545072800988612	5.97546678596363
UBB	MET	R-HSA-8875513	REACTOME_MET_INTERACTS_WITH_TNS_PROTEINS	6.62626356356348e-22	6.71218503093334e-22	1.61742059701178	3.79679238684995	3.26662247087761e-21	1	1	2	0.450385998179621	1	0	-0.872149922875403	5.97546678596363
S100B	APP	R-HSA-879415	REACTOME_ADVANCED_GLYCOSYLATION_ENDPRODUCT_RECEPTOR_SIGNALING	2.24484416117764e-21	2.27277379304299e-21	4.09101248316345	1.25658697558778	4.32933445283623e-18	1	2	4	0.0512757583338899	1	0	-6.36051979772941	7.47779934429022
LAMB2	ITGA3	R-HSA-210991	REACTOME_BASIGIN_INTERACTIONS	3.01985337323532e-21	3.05584126317543e-21	11.5489876350185	1.43205767826489	3.30545474141212e-20	1	1	3	0.450385998179621	1	0	7.52145571443406	4.89650700834186
TCN2	LRP2	R-HSA-9758890	REACTOME_TRANSPORT_OF_RCBL_WITHIN_THE_BODY	6.30657277992208e-21	6.3784239457213e-21	6.49166765952813	6.56699259643917	2.86055657622044e-20	1	1	3	0.604107587038256	1	0	-2.41934834619518	0.426188835973984
ANXA1	EGFR	R-HSA-8857538	REACTOME_PTK6_PROMOTES_HIF1A_STABILIZATION	7.07443559108305e-21	7.15133163011656e-21	2.7077812217246	2.78295784689883	2.56737378682862e-19	1	2	4	0.200921140265478	1	0	7.68275466234545	5.81170270821198
DCN	EGFR	R-HSA-8857538	REACTOME_PTK6_PROMOTES_HIF1A_STABILIZATION	2.6778026932449e-20	2.70550887734469e-20	17.3257647468552	2.78295784689883	9.71797728938474e-19	1	2	4	0.200921140265478	1	0	-2.63243594134095	5.81170270821198
WNT5A	LDLR	R-HSA-8964026	REACTOME_CHYLOMICRON_CLEARANCE	7.91950174301665e-20	7.99730450057472e-20	3.4155479880697	2.03823700880741	2.17004769151186e-19	1	1	2	0.604107587038256	1	0	7.42682687423672	-6.36051979772941
UBB	LRP2	R-HSA-9758890	REACTOME_TRANSPORT_OF_RCBL_WITHIN_THE_BODY	2.59124884339319e-19	2.61535348379685e-19	1.61742059701178	6.56699259643917	1.17534739996825e-18	1	1	3	0.604107587038256	1	0	-0.872149922875403	0.426188835973984
FN1	ITGA3	R-HSA-8874081	REACTOME_MET_ACTIVATES_PTK2_SIGNALING	4.23509116730796e-19	4.27227946784734e-19	3.91871645826014	1.43205767826489	1.0841305007712e-06	1	2	4	4.60516720465928e-05	1	0	7.84296292746818	4.89650700834186
THBS1	SDC1	R-HSA-449836	REACTOME_OTHER_INTERLEUKIN_SIGNALING	4.40522227765149e-19	4.4416102778799e-19	5.87784721611172	4.97371489672129	1.11187250236328e-16	1	1	2	0.0629443014988304	1	0	-1.71378563230842	-1.36985696537123
SERPINE1	LRP2	R-HSA-9758890	REACTOME_TRANSPORT_OF_RCBL_WITHIN_THE_BODY	5.97061850164916e-19	6.01683071915419e-19	5.69192410073737	6.56699259643917	2.70817330030193e-18	1	1	3	0.604107587038256	1	0	3.64761785685778	0.426188835973984
TNC	SDC1	R-HSA-449836	REACTOME_OTHER_INTERLEUKIN_SIGNALING	1.06343745593261e-18	1.07111570471191e-18	5.19362687065032	4.97371489672129	2.68410261891482e-16	1	1	2	0.0629443014988304	1	0	7.1142609861648	-1.36985696537123
COL4A3	ITGA3	R-HSA-210991	REACTOME_BASIGIN_INTERACTIONS	1.23690965262155e-18	1.24519822245871e-18	8.62407894562393	1.43205767826489	1.35388986504867e-17	1	1	3	0.450385998179621	1	0	0.82100178352364	4.89650700834186
HSPG2	SDC1	R-HSA-449836	REACTOME_OTHER_INTERLEUKIN_SIGNALING	6.14540571207163e-18	6.18339894676759e-18	3.09676104986744	4.97371489672129	1.55109258885375e-15	1	1	2	0.0629443014988304	1	0	2.05397683291469	-1.36985696537123
TNC	EGFR	R-HSA-8857538	REACTOME_PTK6_PROMOTES_HIF1A_STABILIZATION	8.24301452028397e-18	8.2897051277624e-18	5.19362687065032	2.78295784689883	2.991461174726e-16	1	2	4	0.200921140265478	1	0	7.1142609861648	5.81170270821198
HSPG2	PTPRS	R-HSA-8849932	REACTOME_SYNAPTIC_ADHESION_LIKE_MOLECULES	8.97377667726615e-18	9.01996183772558e-18	3.09676104986744	1.35610870695066	5.69065720464032e-12	1	2	4	0.00734599678016831	1	0	2.05397683291469	-4.90302497933359
HSPG2	LRP2	R-HSA-9758890	REACTOME_TRANSPORT_OF_RCBL_WITHIN_THE_BODY	6.99619256887212e-17	7.02858234928356e-17	3.09676104986744	6.56699259643917	3.17335664865489e-16	1	1	3	0.604107587038256	1	0	2.05397683291469	0.426188835973984
UBB	LDLR	R-HSA-8964026	REACTOME_CHYLOMICRON_CLEARANCE	7.41494005729398e-17	7.44543852539596e-17	1.61742059701178	2.03823700880741	2.03179115002005e-16	1	1	2	0.604107587038256	1	0	-0.872149922875403	-6.36051979772941
LAMA5	ITGA3	R-HSA-210991	REACTOME_BASIGIN_INTERACTIONS	1.23946696866959e-16	1.24392548294538e-16	5.8870821214992	1.43205767826489	1.35668903819104e-15	1	1	3	0.450385998179621	1	0	-3.29459552152133	4.89650700834186
FGF2	SDC1	R-HSA-449836	REACTOME_OTHER_INTERLEUKIN_SIGNALING	1.55387119689397e-16	1.55865970597531e-16	1.70513973428035	4.97371489672129	3.9219511460425e-14	1	1	2	0.0629443014988304	1	0	-0.194671018551907	-1.36985696537123
COL18A1	ITGA3	R-HSA-210991	REACTOME_BASIGIN_INTERACTIONS	4.19538960280613e-15	4.2061580566121e-15	3.25983197505071	1.43205767826489	4.59216681762581e-14	1	1	3	0.450385998179621	1	0	6.43761926723443	4.89650700834186
LAMA1	ITGA3	R-HSA-210991	REACTOME_BASIGIN_INTERACTIONS	8.93274423762418e-15	8.95107721707544e-15	19.4121541047617	1.43205767826489	9.77755478321223e-14	1	1	3	0.450385998179621	1	0	5.04833152876336	4.89650700834186
NID1	ITGA3	R-HSA-210991	REACTOME_BASIGIN_INTERACTIONS	6.98943254712577e-14	7.0001855202752e-14	1.52477175080913	1.43205767826489	7.65045520336815e-13	1	1	3	0.450385998179621	1	0	5.58579957949785	4.89650700834186
THBS1	ITGA3	R-HSA-210991	REACTOME_BASIGIN_INTERACTIONS	1.2039671685095e-12	1.20520137370531e-12	5.87784721611172	1.43205767826489	1.31783185929674e-11	1	1	3	0.450385998179621	1	0	-1.71378563230842	4.89650700834186
LAMC1	ITGA3	R-HSA-210991	REACTOME_BASIGIN_INTERACTIONS	6.1760754212831e-11	6.17923939434728e-11	1.71511038573227	1.43205767826489	6.76017516795119e-10	1	1	3	0.450385998179621	1	0	-2.06597306819101	4.89650700834186
FN1	ITGA3	R-HSA-210991	REACTOME_BASIGIN_INTERACTIONS	9.90458319929244e-08	9.90458319929244e-08	3.91871645826014	1.43205767826489	1.0841305007712e-06	1	1	3	0.450385998179621	1	0	7.84296292746818	4.89650700834186
