L	R	pw.id	pw.name	pval	qval	L.logFC	R.logFC	LR.pval	LR.corr	rank	len	rank.pval	rank.corr	LR.score	L.expr	R.expr
ADAM15	ITGA5	R-HSA-1474244	REACTOME_EXTRACELLULAR_MATRIX_ORGANIZATION	0	0	1.22598691314216	2.22952612887568	6.85056926414023e-13	1	43	79	2.49683626632493e-10	1	0	1.31829304345549	-3.35403305953966
ADAM17	ITGA5	R-HSA-1474244	REACTOME_EXTRACELLULAR_MATRIX_ORGANIZATION	0	0	1.01997560898112	2.22952612887568	2.89028152199512e-10	1	43	79	2.49683626632493e-10	1	0	4.52749600270951	-3.35403305953966
ADAM28	ITGA4	R-HSA-1474244	REACTOME_EXTRACELLULAR_MATRIX_ORGANIZATION	0	0	12.5482990883424	13.6345698393512	2.93999679159667e-28	1	43	79	3.07815470248147e-10	1	0	3.96154227625537	6.17140321377681
COL7A1	ITGA2	R-HSA-1474244	REACTOME_EXTRACELLULAR_MATRIX_ORGANIZATION	0	0	1.03587682415993	1.38894765124879	3.53336029746942e-06	1	43	79	2.49683626632493e-10	1	0	3.2664742189531	5.56974806734687
ICAM2	ITGAL	R-HSA-1474244	REACTOME_EXTRACELLULAR_MATRIX_ORGANIZATION	0	0	4.49656383981264	12.7108503570674	9.58919427657775e-21	1	44	81	4.31665693255937e-10	1	0	4.64791622246125	-0.697293284537909
ICAM2	ITGAM	R-HSA-1474244	REACTOME_EXTRACELLULAR_MATRIX_ORGANIZATION	0	0	4.49656383981264	17.1144489086967	2.96489117483158e-18	1	43	79	4.31665693255937e-10	1	0	4.64791622246125	-4.86223531016049
ICAM2	ITGB2	R-HSA-1474244	REACTOME_EXTRACELLULAR_MATRIX_ORGANIZATION	0	0	4.49656383981264	11.4963612113497	5.58047016510847e-21	1	44	81	4.31665693255937e-10	1	0	4.64791622246125	5.24287354857827
ICAM3	ITGAL	R-HSA-1474244	REACTOME_EXTRACELLULAR_MATRIX_ORGANIZATION	0	0	7.02621090936945	12.7108503570674	7.54175630286006e-23	1	44	81	4.31665693255937e-10	1	0	6.85921143135228	-0.697293284537909
ICAM3	ITGB2	R-HSA-1474244	REACTOME_EXTRACELLULAR_MATRIX_ORGANIZATION	0	0	7.02621090936945	11.4963612113497	4.38895540404562e-23	1	44	81	4.31665693255937e-10	1	0	6.85921143135228	5.24287354857827
ICAM5	ITGAL	R-HSA-1474244	REACTOME_EXTRACELLULAR_MATRIX_ORGANIZATION	0	0	2.76004159207977	12.7108503570674	1.42766010254319e-15	1	44	81	4.31665693255937e-10	1	0	1.4475867177842	-0.697293284537909
ICAM5	ITGB2	R-HSA-1474244	REACTOME_EXTRACELLULAR_MATRIX_ORGANIZATION	0	0	2.76004159207977	11.4963612113497	8.30832536954428e-16	1	44	81	4.31665693255937e-10	1	0	1.4475867177842	5.24287354857827
MMP2	SDC2	R-HSA-1474244	REACTOME_EXTRACELLULAR_MATRIX_ORGANIZATION	0	0	1.56948097074454	6.87680810832618	1.24436837425359e-20	1	43	79	4.31665693255937e-10	1	0	4.79920224094063	3.98991492461994
MMP9	ITGAM	R-HSA-1474244	REACTOME_EXTRACELLULAR_MATRIX_ORGANIZATION	0	0	13.5172478448157	17.1144489086967	1.50080507036532e-20	1	43	79	4.31665693255937e-10	1	0	5.77655813652354	-4.86223531016049
MMP9	ITGB2	R-HSA-1474244	REACTOME_EXTRACELLULAR_MATRIX_ORGANIZATION	0	0	13.5172478448157	11.4963612113497	2.82479100410589e-23	1	44	81	4.31665693255937e-10	1	0	5.77655813652354	5.24287354857827
SPP1	ITGA4	R-HSA-1474244	REACTOME_EXTRACELLULAR_MATRIX_ORGANIZATION	0	0	2.6783315950163	13.6345698393512	1.25341078000938e-20	1	43	79	3.07815470248147e-10	1	0	6.139474460684	6.17140321377681
SPP1	ITGA5	R-HSA-1474244	REACTOME_EXTRACELLULAR_MATRIX_ORGANIZATION	0	0	2.6783315950163	2.22952612887568	8.90652541175031e-13	1	43	79	2.49683626632493e-10	1	0	6.139474460684	-3.35403305953966
SPP1	ITGB5	R-HSA-1474244	REACTOME_EXTRACELLULAR_MATRIX_ORGANIZATION	0	0	2.6783315950163	1.0454169712852	6.22573752330061e-11	1	44	81	5.53835882027549e-10	1	0	6.139474460684	5.09092105946819
TGFB1	ITGB5	R-HSA-1474244	REACTOME_EXTRACELLULAR_MATRIX_ORGANIZATION	0	0	2.34733530459407	1.0454169712852	6.96757005243614e-16	1	44	81	5.53835882027549e-10	1	0	1.15661892798294	5.09092105946819
TGFB1	SDC2	R-HSA-1474244	REACTOME_EXTRACELLULAR_MATRIX_ORGANIZATION	0	0	2.34733530459407	6.87680810832618	5.26665083282664e-26	1	43	79	4.31665693255937e-10	1	0	1.15661892798294	3.98991492461994
TLN1	ITGB5	R-HSA-1474244	REACTOME_EXTRACELLULAR_MATRIX_ORGANIZATION	0	0	1.45954108117514	1.0454169712852	2.76914319558475e-11	1	44	81	5.53835882027549e-10	1	0	2.58232245660889	5.09092105946819
VCAN	ITGA4	R-HSA-1474244	REACTOME_EXTRACELLULAR_MATRIX_ORGANIZATION	0	0	1.63722029935208	13.6345698393512	2.96987434354623e-19	1	43	79	3.07815470248147e-10	1	0	7.49215599917647	6.17140321377681
ITGAM	ITGB2	R-HSA-1474244	REACTOME_EXTRACELLULAR_MATRIX_ORGANIZATION	0	0	17.1144489086967	11.4963612113497	4.30947870116276e-20	1	44	81	4.31665693255937e-10	1	0	-4.86223531016049	5.24287354857827
ITGB2	ITGAM	R-HSA-1474244	REACTOME_EXTRACELLULAR_MATRIX_ORGANIZATION	0	0	11.4963612113497	17.1144489086967	4.30947870116276e-20	1	43	79	4.31665693255937e-10	1	0	5.24287354857827	-4.86223531016049
COL9A2	ITGA2	R-HSA-1474244	REACTOME_EXTRACELLULAR_MATRIX_ORGANIZATION	0	0	7.63291431421208	1.38894765124879	2.85633367123933e-14	1	43	79	2.49683626632493e-10	1	0	6.01828964755494	5.56974806734687
ITGB2	ITGAL	R-HSA-1474244	REACTOME_EXTRACELLULAR_MATRIX_ORGANIZATION	0	0	11.4963612113497	12.7108503570674	1.39379242135493e-22	1	44	81	4.31665693255937e-10	1	0	5.24287354857827	-0.697293284537909
C5	C5AR1	R-HSA-418594	REACTOME_G_ALPHA_I_SIGNALLING_EVENTS	1.76028256936392e-272	5.30792897838966e-271	10.170155711275	12.9762040574786	1.6534196308071e-30	1	42	77	4.62980232209094e-08	1	0	-0.652661547983459	-5.89807820581872
RPS19	C5AR1	R-HSA-418594	REACTOME_G_ALPHA_I_SIGNALLING_EVENTS	3.30608968206812e-271	9.59990485459781e-270	6.66179330253647	12.9762040574786	3.10538414495323e-29	1	42	77	4.62980232209094e-08	1	0	7.52686449869993	-5.89807820581872
YWHAZ	CSF2RB	R-HSA-5683057	REACTOME_MAPK_FAMILY_SIGNALING_CASCADES	4.27320210275867e-270	1.19649658877243e-268	1.82922272527019	8.1735956011825	1.35245847586812e-19	1	73	134	2.1400025054965e-05	1	0	3.02809131790259	1.77688837161157
TGFB1	CXCR4	R-HSA-418594	REACTOME_G_ALPHA_I_SIGNALLING_EVENTS	3.92741752355579e-266	1.06175701326474e-264	2.34733530459407	1.82741212281972	4.02307345995766e-13	1	42	78	3.60347699113752e-08	1	0	1.15661892798294	7.40397474366126
TGFB1	SDC2	R-HSA-9694516	REACTOME_SARS_COV_2_INFECTION	4.09209719889461e-266	1.06940140131113e-264	2.34733530459407	6.87680810832618	5.26665083282664e-26	1	78	143	5.37481995104666e-05	1	0	1.15661892798294	3.98991492461994
PNOC	OPRL1	R-HSA-418594	REACTOME_G_ALPHA_I_SIGNALLING_EVENTS	4.29234758049705e-265	1.08554854939022e-263	12.4026621821221	5.90792291075331	4.03176846454016e-23	1	42	77	4.62980232209094e-08	1	0	-1.67514676511475	-2.43925835362071
GNAS	ADCY1	R-HSA-418594	REACTOME_G_ALPHA_I_SIGNALLING_EVENTS	7.13871651744692e-265	1.7489855467745e-263	3.70548256918186	10.6200334392265	6.70534051415323e-23	1	42	77	4.62980232209094e-08	1	0	6.53081841622123	7.11789693015325
ARTN	RET	R-HSA-5683057	REACTOME_MAPK_FAMILY_SIGNALING_CASCADES	1.15776255928912e-264	2.75056317115961e-263	4.17020507508228	6.13126304654583	1.69479520566622e-18	1	73	133	2.1400025054965e-05	1	0	6.29937148769314	5.51502017180964
GNAS	ADCY9	R-HSA-418594	REACTOME_G_ALPHA_I_SIGNALLING_EVENTS	2.36189277861692e-261	5.44624687775196e-260	3.70548256918186	1.96365614157027	1.8379161730549e-15	1	42	77	3.60347699113752e-08	1	0	6.53081841622123	-0.649116928523714
C5	C5AR1	R-HSA-373076	REACTOME_CLASS_A_1_RHODOPSIN_LIKE_RECEPTORS	7.3523568486301e-261	1.64692793409314e-259	10.170155711275	12.9762040574786	1.6534196308071e-30	1	30	56	7.59852824612682e-10	1	0	-0.652661547983459	-5.89807820581872
MMP2	SDC2	R-HSA-9694516	REACTOME_SARS_COV_2_INFECTION	9.66852844494195e-261	2.10559063912069e-259	1.56948097074454	6.87680810832618	1.24436837425359e-20	1	78	143	5.37481995104666e-05	1	0	4.79920224094063	3.98991492461994
RPS19	C5AR1	R-HSA-373076	REACTOME_CLASS_A_1_RHODOPSIN_LIKE_RECEPTORS	1.3808891560474e-259	2.92599215767881e-258	6.66179330253647	12.9762040574786	3.10538414495323e-29	1	30	56	7.59852824612682e-10	1	0	7.52686449869993	-5.89807820581872
CXCL13	CXCR5	R-HSA-418594	REACTOME_G_ALPHA_I_SIGNALLING_EVENTS	1.71475382093633e-259	3.53780788319495e-258	15.7536293983592	9.08446479490033	1.33434244299272e-13	1	42	77	3.60347699113752e-08	1	0	4.6932311984479	3.32902778177926
C5	C5AR2	R-HSA-373076	REACTOME_CLASS_A_1_RHODOPSIN_LIKE_RECEPTORS	1.58619530733523e-258	3.18865928448929e-257	10.170155711275	7.85926731543261	1.02435535612756e-24	1	31	57	5.52492181735195e-10	1	0	-0.652661547983459	-1.18685626028629
PNOC	OPRL1	R-HSA-373076	REACTOME_CLASS_A_1_RHODOPSIN_LIKE_RECEPTORS	3.28585202075877e-257	6.44026996068719e-256	12.4026621821221	5.90792291075331	4.03176846454016e-23	1	30	56	5.52492181735195e-10	1	0	-1.67514676511475	-2.43925835362071
GNAS	ADCY1	R-HSA-9006925	REACTOME_INTRACELLULAR_SIGNALING_BY_SECOND_MESSENGERS	4.26353783545032e-257	8.15271625120256e-256	3.70548256918186	10.6200334392265	6.70534051415323e-23	1	88	160	0.000141965404341824	1	0	6.53081841622123	7.11789693015325
VCAN	TLR2	R-HSA-9694516	REACTOME_SARS_COV_2_INFECTION	2.82762838780658e-255	5.27823965723896e-254	1.63722029935208	5.57490509110826	3.63924185564032e-15	1	78	143	5.37481995104666e-05	1	0	7.49215599917647	5.44758975714471
HBEGF	ERBB4	R-HSA-5683057	REACTOME_MAPK_FAMILY_SIGNALING_CASCADES	9.92273686452193e-253	1.80916876785702e-251	3.10590211363943	5.54075970430483	4.88802071898867e-16	1	72	131	2.63331521408461e-05	1	0	2.04268055323372	-3.89709153867408
UBC	ERBB4	R-HSA-5683057	REACTOME_MAPK_FAMILY_SIGNALING_CASCADES	1.15563517115016e-252	2.05913175950391e-251	3.47487818806187	5.54075970430483	5.69275265211432e-16	1	72	131	2.63331521408461e-05	1	0	7.15737689433595	-3.89709153867408
FARP2	NRP1	R-HSA-9694516	REACTOME_SARS_COV_2_INFECTION	1.61872134483114e-252	2.82017229855026e-251	1.45763071158296	1.72741868448327	7.59328020857374e-09	1	78	143	4.74674725180803e-05	1	0	5.08540365514204	8.26065577489803
GNAS	ADCY9	R-HSA-9006925	REACTOME_INTRACELLULAR_SIGNALING_BY_SECOND_MESSENGERS	1.16862449053345e-249	1.99174260995267e-248	3.70548256918186	1.96365614157027	1.8379161730549e-15	1	88	160	0.000141965404341824	1	0	6.53081841622123	-0.649116928523714
CXCL13	CXCR5	R-HSA-373076	REACTOME_CLASS_A_1_RHODOPSIN_LIKE_RECEPTORS	1.50558263348339e-249	2.5114399673425e-248	15.7536293983592	9.08446479490033	1.33434244299272e-13	1	30	56	4.71503380393156e-10	1	0	4.6932311984479	3.32902778177926
TGFB1	CXCR4	R-HSA-373076	REACTOME_CLASS_A_1_RHODOPSIN_LIKE_RECEPTORS	8.62479655865809e-249	1.40871677124749e-247	2.34733530459407	1.82741212281972	4.02307345995766e-13	1	31	57	4.71503380393156e-10	1	0	1.15661892798294	7.40397474366126
NRG1	ERBB4	R-HSA-5683057	REACTOME_MAPK_FAMILY_SIGNALING_CASCADES	1.5722317601828e-248	2.51557081629248e-247	8.89455899048275	5.54075970430483	7.74494126343622e-12	1	72	131	2.63331521408461e-05	1	0	-1.11606595099888	-3.89709153867408
MMP7	ERBB4	R-HSA-5683057	REACTOME_MAPK_FAMILY_SIGNALING_CASCADES	6.65222384741956e-246	1.04306869927539e-244	3.71164305105519	5.54075970430483	3.27693946110743e-09	1	72	131	2.63331521408461e-05	1	0	4.56547778692496	-3.89709153867408
ADAM17	ERBB4	R-HSA-5683057	REACTOME_MAPK_FAMILY_SIGNALING_CASCADES	1.34046015716587e-244	2.06062894748636e-243	1.01997560898112	5.54075970430483	6.60321553485159e-08	1	72	131	2.63331521408461e-05	1	0	4.52749600270951	-3.89709153867408
HBEGF	ERBB4	R-HSA-9006925	REACTOME_INTRACELLULAR_SIGNALING_BY_SECOND_MESSENGERS	8.46995231658744e-243	1.27700819542395e-241	3.10590211363943	5.54075970430483	4.88802071898867e-16	1	86	157	0.000163703772319972	1	0	2.04268055323372	-3.89709153867408
UBC	ERBB4	R-HSA-9006925	REACTOME_INTRACELLULAR_SIGNALING_BY_SECOND_MESSENGERS	9.86439016639667e-243	1.45918526235e-241	3.47487818806187	5.54075970430483	5.69275265211432e-16	1	86	157	0.000163703772319972	1	0	7.15737689433595	-3.89709153867408
NAMPT	INSR	R-HSA-9006925	REACTOME_INTRACELLULAR_SIGNALING_BY_SECOND_MESSENGERS	1.54644288401488e-241	2.24520596494012e-240	1.86819900661908	1.17913580385034	2.43211776773495e-07	1	88	160	0.000141965404341824	1	0	7.00173820576973	6.1176312656009
NRG1	ERBB4	R-HSA-9006925	REACTOME_INTRACELLULAR_SIGNALING_BY_SECOND_MESSENGERS	1.34204183998728e-238	1.91301964100006e-237	8.89455899048275	5.54075970430483	7.74494126343622e-12	1	86	157	0.000163703772319972	1	0	-1.11606595099888	-3.89709153867408
GNAS	ADCY9	R-HSA-9658195	REACTOME_LEISHMANIA_INFECTION	4.27998488156983e-236	5.99197883419777e-235	3.70548256918186	1.96365614157027	1.8379161730549e-15	1	48	89	1.36756359311532e-06	1	0	6.53081841622123	-0.649116928523714
MMP7	ERBB4	R-HSA-9006925	REACTOME_INTRACELLULAR_SIGNALING_BY_SECOND_MESSENGERS	5.67827400405665e-236	7.81011722663231e-235	3.71164305105519	5.54075970430483	3.27693946110743e-09	1	86	157	0.000163703772319972	1	0	4.56547778692496	-3.89709153867408
ADAM17	ERBB4	R-HSA-9006925	REACTOME_INTRACELLULAR_SIGNALING_BY_SECOND_MESSENGERS	1.14420383897051e-234	1.5466479478498e-233	1.01997560898112	5.54075970430483	6.60321553485159e-08	1	86	157	0.000163703772319972	1	0	4.52749600270951	-3.89709153867408
GNAS	ADCY1	R-HSA-9658195	REACTOME_LEISHMANIA_INFECTION	8.03362644796833e-229	1.06751917545884e-227	3.70548256918186	10.6200334392265	6.70534051415323e-23	1	48	89	3.06350893567617e-06	1	0	6.53081841622123	7.11789693015325
VCAN	TLR2	R-HSA-983169	REACTOME_CLASS_I_MHC_MEDIATED_ANTIGEN_PROCESSING_PRESENTATION	1.92141893244136e-226	2.51065407172338e-225	1.63722029935208	5.57490509110826	3.63924185564032e-15	1	92	168	0.000415491329209097	1	0	7.49215599917647	5.44758975714471
UBC	TLR4	R-HSA-983169	REACTOME_CLASS_I_MHC_MEDIATED_ANTIGEN_PROCESSING_PRESENTATION	1.165454013788e-225	1.49789499477015e-224	3.47487818806187	5.19860521467565	2.74852046907024e-20	1	91	166	0.000456783109124572	1	0	7.15737689433595	8.61485446971873
S100A9	TLR4	R-HSA-983169	REACTOME_CLASS_I_MHC_MEDIATED_ANTIGEN_PROCESSING_PRESENTATION	2.28646697863362e-220	2.89127437298186e-219	15.6176732219501	5.19860521467565	5.39223445822793e-15	1	91	166	0.000456783109124572	1	0	5.45227808318672	8.61485446971873
TGFB1	SDC2	R-HSA-381426	REACTOME_REGULATION_OF_INSULIN_LIKE_GROWTH_FACTOR_IGF_TRANSPORT_AND_UPTAKE_BY_INSULIN_LIKE_GROWTH_FACTOR_BINDING_PROTEINS_IGFBPS	3.08923092993307e-213	3.84437626836116e-212	2.34733530459407	6.87680810832618	5.26665083282664e-26	1	34	63	1.44915294313648e-07	1	0	1.15661892798294	3.98991492461994
MMP2	SDC2	R-HSA-381426	REACTOME_REGULATION_OF_INSULIN_LIKE_GROWTH_FACTOR_IGF_TRANSPORT_AND_UPTAKE_BY_INSULIN_LIKE_GROWTH_FACTOR_BINDING_PROTEINS_IGFBPS	7.29902435531606e-208	8.94130483526217e-207	1.56948097074454	6.87680810832618	1.24436837425359e-20	1	34	63	1.44915294313648e-07	1	0	4.79920224094063	3.98991492461994
FABP5	RXRA	R-HSA-1852241	REACTOME_ORGANELLE_BIOGENESIS_AND_MAINTENANCE	1.00618006520129e-205	1.21360795556587e-204	8.41401160015666	1.11383640478871	1.43754360540595e-13	1	81	149	0.000384597700008567	1	0	3.20200906822395	-3.40112761629557
UBC	TLR4	R-HSA-5357801	REACTOME_PROGRAMMED_CELL_DEATH	1.74728452518303e-203	2.07556222385378e-202	3.47487818806187	5.19860521467565	2.74852046907024e-20	1	56	103	3.65278309588074e-05	1	0	7.15737689433595	8.61485446971873
ABCA1	RXRA	R-HSA-1852241	REACTOME_ORGANELLE_BIOGENESIS_AND_MAINTENANCE	1.98899920608347e-202	2.32742593667081e-201	4.00015095710297	1.11383640478871	2.84171112979741e-10	1	81	149	0.000384597700008567	1	0	-4.11409824026658	-3.40112761629557
S100A9	TLR4	R-HSA-5357801	REACTOME_PROGRAMMED_CELL_DEATH	3.42794166208539e-198	3.95221509275727e-197	15.6176732219501	5.19860521467565	5.39223445822793e-15	1	56	103	3.65278309588074e-05	1	0	5.45227808318672	8.61485446971873
VCAN	TLR2	R-HSA-9705683	REACTOME_SARS_COV_2_HOST_INTERACTIONS	2.52640187471617e-192	2.87057836199635e-191	1.63722029935208	5.57490509110826	3.63924185564032e-15	1	65	119	0.000141586739198438	1	0	7.49215599917647	5.44758975714471
FABP5	RXRA	R-HSA-9006931	REACTOME_SIGNALING_BY_NUCLEAR_RECEPTORS	1.78199480087217e-179	1.99583417697683e-178	8.41401160015666	1.11383640478871	1.43754360540595e-13	1	73	133	0.000442939780340694	1	0	3.20200906822395	-3.40112761629557
TGFB1	ITGB5	R-HSA-9006936	REACTOME_SIGNALING_BY_TGFB_FAMILY_MEMBERS	2.91838064304937e-178	3.22254989317001e-177	2.34733530459407	1.0454169712852	6.96757005243614e-16	1	57	105	0.000116373348133724	1	0	1.15661892798294	5.09092105946819
FABP5	RXRA	R-HSA-9006936	REACTOME_SIGNALING_BY_TGFB_FAMILY_MEMBERS	4.9866198052621e-177	5.42987489906318e-176	8.41401160015666	1.11383640478871	1.43754360540595e-13	1	58	106	0.000109212742656436	1	0	3.20200906822395	-3.40112761629557
TGFB1	ACVRL1	R-HSA-9006936	REACTOME_SIGNALING_BY_TGFB_FAMILY_MEMBERS	5.49100037258829e-177	5.89718396179345e-176	2.34733530459407	5.8589628455302	3.26916223922288e-18	1	57	104	0.000116373348133724	1	0	1.15661892798294	5.99676939788284
ABCA1	RXRA	R-HSA-9006931	REACTOME_SIGNALING_BY_NUCLEAR_RECEPTORS	3.52261624609959e-176	3.73206910397578e-175	4.00015095710297	1.11383640478871	2.84171112979741e-10	1	73	133	0.000442939780340694	1	0	-4.11409824026658	-3.40112761629557
GDF11	ACVR1B	R-HSA-9006936	REACTOME_SIGNALING_BY_TGFB_FAMILY_MEMBERS	3.62529282187697e-175	3.78963942980206e-174	2.89162081168427	1.4018243315728	8.65530744153663e-13	1	57	105	0.000116373348133724	1	0	7.49266276749024	5.5277428929389
SHANK1	ABCA1	R-HSA-9006931	REACTOME_SIGNALING_BY_NUCLEAR_RECEPTORS	1.13735625081145e-174	1.17327276399497e-173	1.04893148572415	4.00015095710297	7.3218723447379e-10	1	73	134	0.000516158658317314	1	0	-6.30669616294725	-4.11409824026658
ABCA1	RXRA	R-HSA-9006936	REACTOME_SIGNALING_BY_TGFB_FAMILY_MEMBERS	9.85746306921934e-174	1.00366896704779e-172	4.00015095710297	1.11383640478871	2.84171112979741e-10	1	58	106	0.000109212742656436	1	0	-4.11409824026658	-3.40112761629557
TLN1	ITGB5	R-HSA-9006936	REACTOME_SIGNALING_BY_TGFB_FAMILY_MEMBERS	1.15986116235757e-173	1.16580916831838e-172	1.45954108117514	1.0454169712852	2.76914319558475e-11	1	57	105	0.000116373348133724	1	0	2.58232245660889	5.09092105946819
SPP1	ITGB5	R-HSA-9006936	REACTOME_SIGNALING_BY_TGFB_FAMILY_MEMBERS	2.60766260546659e-173	2.58785757302001e-172	2.6783315950163	1.0454169712852	6.22573752330061e-11	1	57	105	0.000116373348133724	1	0	6.139474460684	5.09092105946819
TGFB1	SDC2	R-HSA-71387	REACTOME_METABOLISM_OF_CARBOHYDRATES	3.390334794233e-173	3.32252809834834e-172	2.34733530459407	6.87680810832618	5.26665083282664e-26	1	47	86	5.03431130578573e-05	1	0	1.15661892798294	3.98991492461994
UBC	TLR4	R-HSA-109581	REACTOME_APOPTOSIS	7.75536628140699e-173	7.5064285983001e-172	3.47487818806187	5.19860521467565	2.74852046907024e-20	1	46	84	2.94913269810543e-05	1	0	7.15737689433595	8.61485446971873
MMP9	ITGB2	R-HSA-168898	REACTOME_TOLL_LIKE_RECEPTOR_CASCADES	2.06176712583593e-171	1.97125052031143e-170	13.5172478448157	11.4963612113497	2.82479100410589e-23	1	55	100	0.000141965404341824	1	0	5.77655813652354	5.24287354857827
ICAM3	ITGB2	R-HSA-168898	REACTOME_TOLL_LIKE_RECEPTOR_CASCADES	3.20342423764036e-171	3.02588506302415e-170	7.02621090936945	11.4963612113497	4.38895540404562e-23	1	55	100	0.000141965404341824	1	0	6.85921143135228	5.24287354857827
GDF11	ACVR2A	R-HSA-9006936	REACTOME_SIGNALING_BY_TGFB_FAMILY_MEMBERS	6.42675997202802e-171	5.99830930722615e-170	2.89162081168427	1.32764552764177	3.44501704473786e-07	1	57	105	0.000109212742656436	1	0	7.49266276749024	5.80573679559998
ICAM2	ITGB2	R-HSA-168898	REACTOME_TOLL_LIKE_RECEPTOR_CASCADES	4.07309068756068e-169	3.71314313842741e-168	4.49656383981264	11.4963612113497	5.58047016510847e-21	1	55	100	0.000141965404341824	1	0	4.64791622246125	5.24287354857827
SLPI	CD4	R-HSA-8856828	REACTOME_CLATHRIN_MEDIATED_ENDOCYTOSIS	4.0551248295187e-169	3.71314313842741e-168	10.5127103216245	13.6803417654513	1.2377359552404e-18	1	47	87	5.2297077304029e-05	1	0	6.25807300861969	-3.78046533248377
MMP9	ITGAM	R-HSA-168898	REACTOME_TOLL_LIKE_RECEPTOR_CASCADES	1.09541220991906e-168	9.87130083421313e-168	13.5172478448157	17.1144489086967	1.50080507036532e-20	1	55	100	0.000141965404341824	1	0	5.77655813652354	-4.86223531016049
ITGAM	ITGB2	R-HSA-168898	REACTOME_TOLL_LIKE_RECEPTOR_CASCADES	3.14541553786911e-168	2.77079301313413e-167	17.1144489086967	11.4963612113497	4.30947870116276e-20	1	55	100	0.000141965404341824	1	0	-4.86223531016049	5.24287354857827
ITGB2	ITGAM	R-HSA-168898	REACTOME_TOLL_LIKE_RECEPTOR_CASCADES	3.14541553786911e-168	2.77079301313413e-167	11.4963612113497	17.1144489086967	4.30947870116276e-20	1	55	100	0.000141965404341824	1	0	5.24287354857827	-4.86223531016049
MMP2	SDC2	R-HSA-71387	REACTOME_METABOLISM_OF_CARBOHYDRATES	8.01045205005708e-168	6.9779937858275e-167	1.56948097074454	6.87680810832618	1.24436837425359e-20	1	47	86	5.03431130578573e-05	1	0	4.79920224094063	3.98991492461994
S100A9	TLR4	R-HSA-109581	REACTOME_APOPTOSIS	1.52150052253124e-167	1.31083121941153e-166	15.6176732219501	5.19860521467565	5.39223445822793e-15	1	46	84	2.94913269810543e-05	1	0	5.45227808318672	8.61485446971873
ICAM2	ITGAM	R-HSA-168898	REACTOME_TOLL_LIKE_RECEPTOR_CASCADES	2.16402386833702e-166	1.84412468780025e-165	4.49656383981264	17.1144489086967	2.96489117483158e-18	1	55	100	0.000141965404341824	1	0	4.64791622246125	-4.86223531016049
HBEGF	ERBB4	R-HSA-9006931	REACTOME_SIGNALING_BY_NUCLEAR_RECEPTORS	4.01464243163478e-166	3.3843867380663e-165	3.10590211363943	5.54075970430483	4.88802071898867e-16	1	68	125	0.000610998807943587	1	0	2.04268055323372	-3.89709153867408
UBC	ERBB4	R-HSA-9006931	REACTOME_SIGNALING_BY_NUCLEAR_RECEPTORS	4.67558704511959e-166	3.89963855678059e-165	3.47487818806187	5.54075970430483	5.69275265211432e-16	1	68	125	0.000610998807943587	1	0	7.15737689433595	-3.89709153867408
GNAS	ADCY1	R-HSA-112315	REACTOME_TRANSMISSION_ACROSS_CHEMICAL_SYNAPSES	9.70523306608701e-166	8.00937128822338e-165	3.70548256918186	10.6200334392265	6.70534051415323e-23	1	39	72	1.5596078852926e-05	1	0	6.53081841622123	7.11789693015325
ICAM5	ITGB2	R-HSA-168898	REACTOME_TOLL_LIKE_RECEPTOR_CASCADES	6.06410601448977e-164	4.95235324516664e-163	2.76004159207977	11.4963612113497	8.30832536954428e-16	1	55	100	0.000141965404341824	1	0	1.4475867177842	5.24287354857827
LY86	CD180	R-HSA-168898	REACTOME_TOLL_LIKE_RECEPTOR_CASCADES	1.10574811583825e-163	8.93718064759992e-163	13.9614247980413	15.7852780721278	1.51496611391576e-15	1	55	100	0.000141965404341824	1	0	2.01783226841497	4.66679761395888
GNAS	ADCY9	R-HSA-112315	REACTOME_TRANSMISSION_ACROSS_CHEMICAL_SYNAPSES	5.18824156085838e-163	4.15059324868671e-162	3.70548256918186	1.96365614157027	1.8379161730549e-15	1	39	72	1.13367147312993e-05	1	0	6.53081841622123	-0.649116928523714
NRG1	ERBB4	R-HSA-9006931	REACTOME_SIGNALING_BY_NUCLEAR_RECEPTORS	6.36109616023544e-162	5.03747413093392e-161	8.89455899048275	5.54075970430483	7.74494126343622e-12	1	68	125	0.000610998807943587	1	0	-1.11606595099888	-3.89709153867408
B2M	TFRC	R-HSA-8856828	REACTOME_CLATHRIN_MEDIATED_ENDOCYTOSIS	2.58351487138552e-161	2.02547565916625e-160	1.71800318564513	2.06381115833075	7.88560002872138e-11	1	47	87	5.2297077304029e-05	1	0	0.0213117982230598	4.33934108420553
UBC	TLR4	R-HSA-168898	REACTOME_TOLL_LIKE_RECEPTOR_CASCADES	5.23381011276279e-161	4.06268032515448e-160	3.47487818806187	5.19860521467565	2.74852046907024e-20	1	53	97	0.000178146450997446	1	0	7.15737689433595	8.61485446971873
VCAN	TLR2	R-HSA-168898	REACTOME_TOLL_LIKE_RECEPTOR_CASCADES	6.09047484414555e-160	4.68130615471579e-159	1.63722029935208	5.57490509110826	3.63924185564032e-15	1	54	99	0.000170241124243181	1	0	7.49215599917647	5.44758975714471
ALOX5AP	ALOX5	R-HSA-6785807	REACTOME_INTERLEUKIN_4_AND_INTERLEUKIN_13_SIGNALING	2.5475427501516e-159	1.93910050108627e-158	15.3623422818369	11.5147709449478	3.7154421579926e-31	1	29	54	3.04212095701409e-06	1	0	-3.54159648977046	5.87751126047096
MMP7	ERBB4	R-HSA-9006931	REACTOME_SIGNALING_BY_NUCLEAR_RECEPTORS	2.69142480418581e-159	2.02892023700161e-158	3.71164305105519	5.54075970430483	3.27693946110743e-09	1	68	125	0.000610998807943587	1	0	4.56547778692496	-3.89709153867408
ADAM17	ERBB4	R-HSA-9006931	REACTOME_SIGNALING_BY_NUCLEAR_RECEPTORS	5.4233708888472e-158	4.04945026367258e-157	1.01997560898112	5.54075970430483	6.60321553485159e-08	1	68	125	0.000610998807943587	1	0	4.52749600270951	-3.89709153867408
S100A9	TLR4	R-HSA-168898	REACTOME_TOLL_LIKE_RECEPTOR_CASCADES	1.02680447737062e-155	7.59447839866574e-155	15.6176732219501	5.19860521467565	5.39223445822793e-15	1	53	97	0.000178146450997446	1	0	5.45227808318672	8.61485446971873
TNF	TNFRSF1B	R-HSA-6785807	REACTOME_INTERLEUKIN_4_AND_INTERLEUKIN_13_SIGNALING	3.08778521890594e-155	2.26245197347875e-154	11.125705841913	3.6996762729976	3.38368781975943e-28	1	29	54	3.36057040973828e-06	1	0	-6.22275711853036	7.85212218182166
HBEGF	ERBB4	R-HSA-112315	REACTOME_TRANSMISSION_ACROSS_CHEMICAL_SYNAPSES	2.14214756525507e-154	1.55504045477776e-153	3.10590211363943	5.54075970430483	4.88802071898867e-16	1	39	71	1.5596078852926e-05	1	0	2.04268055323372	-3.89709153867408
UBC	ERBB4	R-HSA-112315	REACTOME_TRANSMISSION_ACROSS_CHEMICAL_SYNAPSES	2.49481680508284e-154	1.79443704145408e-153	3.47487818806187	5.54075970430483	5.69275265211432e-16	1	39	71	1.5596078852926e-05	1	0	7.15737689433595	-3.89709153867408
FABP5	RXRA	R-HSA-9711123	REACTOME_CELLULAR_RESPONSE_TO_CHEMICAL_STRESS	6.10490151878108e-152	4.35112980974943e-151	8.41401160015666	1.11383640478871	1.43754360540595e-13	1	56	103	0.000313768186835006	1	0	3.20200906822395	-3.40112761629557
NRG1	ERBB4	R-HSA-112315	REACTOME_TRANSMISSION_ACROSS_CHEMICAL_SYNAPSES	3.3941769121523e-150	2.39732855777244e-149	8.89455899048275	5.54075970430483	7.74494126343622e-12	1	39	71	1.5596078852926e-05	1	0	-1.11606595099888	-3.89709153867408
ABCA1	RXRA	R-HSA-9711123	REACTOME_CELLULAR_RESPONSE_TO_CHEMICAL_STRESS	1.2068062858753e-148	8.44764400112708e-148	4.00015095710297	1.11383640478871	2.84171112979741e-10	1	56	103	0.000313768186835006	1	0	-4.11409824026658	-3.40112761629557
MMP7	ERBB4	R-HSA-112315	REACTOME_TRANSMISSION_ACROSS_CHEMICAL_SYNAPSES	1.43610027282207e-147	9.96373994595134e-147	3.71164305105519	5.54075970430483	3.27693946110743e-09	1	39	71	1.5596078852926e-05	1	0	4.56547778692496	-3.89709153867408
TGFB1	SDC2	R-HSA-1630316	REACTOME_GLYCOSAMINOGLYCAN_METABOLISM	1.38550067375016e-146	9.52835551070288e-146	2.34733530459407	6.87680810832618	5.26665083282664e-26	1	22	41	2.5090291088895e-07	1	0	1.15661892798294	3.98991492461994
ADAM17	ERBB4	R-HSA-112315	REACTOME_TRANSMISSION_ACROSS_CHEMICAL_SYNAPSES	2.89382203841464e-146	1.97283172010181e-145	1.01997560898112	5.54075970430483	6.60321553485159e-08	1	39	71	1.5596078852926e-05	1	0	4.52749600270951	-3.89709153867408
SLPI	CD4	R-HSA-8856825	REACTOME_CARGO_RECOGNITION_FOR_CLATHRIN_MEDIATED_ENDOCYTOSIS	1.57191376497934e-145	1.06239688943431e-144	10.5127103216245	13.6803417654513	1.2377359552404e-18	1	28	52	2.17266221406531e-06	1	0	6.25807300861969	-3.78046533248377
MMP9	ITGB2	R-HSA-6785807	REACTOME_INTERLEUKIN_4_AND_INTERLEUKIN_13_SIGNALING	3.69325899882205e-145	2.47479919237306e-144	13.5172478448157	11.4963612113497	2.82479100410589e-23	1	29	53	3.36057040973828e-06	1	0	5.77655813652354	5.24287354857827
TGFB1	CXCR4	R-HSA-9758941	REACTOME_GASTRULATION	5.53349215378282e-145	3.67648970217435e-144	2.34733530459407	1.82741212281972	4.02307345995766e-13	1	23	42	6.62800377269786e-08	1	0	1.15661892798294	7.40397474366126
ICAM3	ITGB2	R-HSA-6785807	REACTOME_INTERLEUKIN_4_AND_INTERLEUKIN_13_SIGNALING	5.73831799161753e-145	3.78053891212449e-144	7.02621090936945	11.4963612113497	4.38895540404562e-23	1	29	53	3.36057040973828e-06	1	0	6.85921143135228	5.24287354857827
PTGS2	ALOX5	R-HSA-6785807	REACTOME_INTERLEUKIN_4_AND_INTERLEUKIN_13_SIGNALING	1.97721831107786e-143	1.2917826299042e-142	1.31913039585455	11.5147709449478	2.88365730784947e-15	1	29	54	3.04212095701409e-06	1	0	-6.30669616294725	5.87751126047096
ICAM2	ITGB2	R-HSA-6785807	REACTOME_INTERLEUKIN_4_AND_INTERLEUKIN_13_SIGNALING	7.29615806089286e-143	4.72742803284298e-142	4.49656383981264	11.4963612113497	5.58047016510847e-21	1	29	53	3.36057040973828e-06	1	0	4.64791622246125	5.24287354857827
MMP9	ITGAM	R-HSA-6785807	REACTOME_INTERLEUKIN_4_AND_INTERLEUKIN_13_SIGNALING	1.96222015134848e-142	1.26096770381738e-141	13.5172478448157	17.1144489086967	1.50080507036532e-20	1	29	53	3.36057040973828e-06	1	0	5.77655813652354	-4.86223531016049
ITGAM	ITGB2	R-HSA-6785807	REACTOME_INTERLEUKIN_4_AND_INTERLEUKIN_13_SIGNALING	5.63440657031515e-142	3.56239899284442e-141	17.1144489086967	11.4963612113497	4.30947870116276e-20	1	29	53	3.36057040973828e-06	1	0	-4.86223531016049	5.24287354857827
ITGB2	ITGAM	R-HSA-6785807	REACTOME_INTERLEUKIN_4_AND_INTERLEUKIN_13_SIGNALING	5.63440657031515e-142	3.56239899284442e-141	11.4963612113497	17.1144489086967	4.30947870116276e-20	1	29	53	3.36057040973828e-06	1	0	5.24287354857827	-4.86223531016049
MMP2	SDC2	R-HSA-1630316	REACTOME_GLYCOSAMINOGLYCAN_METABOLISM	3.27356659031908e-141	2.05318096544813e-140	1.56948097074454	6.87680810832618	1.24436837425359e-20	1	22	41	2.5090291088895e-07	1	0	4.79920224094063	3.98991492461994
TGFB1	CXCR4	R-HSA-162906	REACTOME_HIV_INFECTION	1.67362398642702e-140	1.04136603599903e-139	2.34733530459407	1.82741212281972	4.02307345995766e-13	1	64	117	0.00103067491284947	1	0	1.15661892798294	7.40397474366126
SLPI	CD4	R-HSA-162906	REACTOME_HIV_INFECTION	1.88005813556392e-140	1.16060281754497e-139	10.5127103216245	13.6803417654513	1.2377359552404e-18	1	64	117	0.00130697572045825	1	0	6.25807300861969	-3.78046533248377
ICAM2	ITGAM	R-HSA-6785807	REACTOME_INTERLEUKIN_4_AND_INTERLEUKIN_13_SIGNALING	3.87643227270925e-140	2.37431476703442e-139	4.49656383981264	17.1144489086967	2.96489117483158e-18	1	29	53	3.36057040973828e-06	1	0	4.64791622246125	-4.86223531016049
UBC	NOTCH1	R-HSA-157118	REACTOME_SIGNALING_BY_NOTCH	1.36488141428336e-138	8.29509324649729e-138	3.47487818806187	1.09863455757058	1.78051196509234e-14	1	51	93	0.000309395311580208	1	0	7.15737689433595	-6.30669616294725
UBC	NOTCH1	R-HSA-9758941	REACTOME_GASTRULATION	7.32497353473693e-138	4.41752250094904e-137	3.47487818806187	1.09863455757058	1.78051196509234e-14	1	22	41	1.8164151566241e-07	1	0	7.15737689433595	-6.30669616294725
B2M	TFRC	R-HSA-8856825	REACTOME_CARGO_RECOGNITION_FOR_CLATHRIN_MEDIATED_ENDOCYTOSIS	1.00146426043357e-137	5.99349603190775e-137	1.71800318564513	2.06381115833075	7.88560002872138e-11	1	28	52	2.17266221406531e-06	1	0	0.0213117982230598	4.33934108420553
ICAM5	ITGB2	R-HSA-6785807	REACTOME_INTERLEUKIN_4_AND_INTERLEUKIN_13_SIGNALING	1.08626788288443e-137	6.45177288016209e-137	2.76004159207977	11.4963612113497	8.30832536954428e-16	1	29	53	3.36057040973828e-06	1	0	1.4475867177842	5.24287354857827
GNAS	ADCY1	R-HSA-112314	REACTOME_NEUROTRANSMITTER_RECEPTORS_AND_POSTSYNAPTIC_SIGNAL_TRANSMISSION	6.27513981077853e-137	3.69902978319577e-136	3.70548256918186	10.6200334392265	6.70534051415323e-23	1	33	61	2.95186658391345e-05	1	0	6.53081841622123	7.11789693015325
GNAS	ADCY9	R-HSA-112314	REACTOME_NEUROTRANSMITTER_RECEPTORS_AND_POSTSYNAPTIC_SIGNAL_TRANSMISSION	5.82602849210935e-136	3.40866144612965e-135	3.70548256918186	1.96365614157027	1.8379161730549e-15	1	33	61	1.7659663132374e-05	1	0	6.53081841622123	-0.649116928523714
HBEGF	ERBB4	R-HSA-8939211	REACTOME_ESR_MEDIATED_SIGNALING	2.74959350535797e-133	1.59680096903751e-132	3.10590211363943	5.54075970430483	4.88802071898867e-16	1	52	95	0.000516158658317314	1	0	2.04268055323372	-3.89709153867408
UBC	ERBB4	R-HSA-8939211	REACTOME_ESR_MEDIATED_SIGNALING	3.20226869314527e-133	1.84601371722492e-132	3.47487818806187	5.54075970430483	5.69275265211432e-16	1	52	95	0.000516158658317314	1	0	7.15737689433595	-3.89709153867408
ALOX5AP	ALOX5	R-HSA-446652	REACTOME_INTERLEUKIN_1_FAMILY_SIGNALING	5.24564205678163e-132	3.00188567336992e-131	15.3623422818369	11.5147709449478	3.7154421579926e-31	1	36	67	0.000178146450997446	1	0	-3.54159648977046	5.87751126047096
VCAN	TLR2	R-HSA-9705671	REACTOME_SARS_COV_2_ACTIVATES_MODULATES_INNATE_AND_ADAPTIVE_IMMUNE_RESPONSES	8.94873663849694e-132	5.08391994534899e-131	1.63722029935208	5.57490509110826	3.63924185564032e-15	1	42	78	0.000175114764295286	1	0	7.49215599917647	5.44758975714471
GNAS	ADCY1	R-HSA-418555	REACTOME_G_ALPHA_S_SIGNALLING_EVENTS	1.05123714000319e-131	5.92927998390287e-131	3.70548256918186	10.6200334392265	6.70534051415323e-23	1	19	36	2.52394198314581e-07	1	0	6.53081841622123	7.11789693015325
UBC	TLR4	R-HSA-166166	REACTOME_MYD88_INDEPENDENT_TLR4_CASCADE	1.07998815380571e-131	6.047933661312e-131	3.47487818806187	5.19860521467565	2.74852046907024e-20	1	44	80	0.000234039979620205	1	0	7.15737689433595	8.61485446971873
UBC	NOTCH1	R-HSA-9711123	REACTOME_CELLULAR_RESPONSE_TO_CHEMICAL_STRESS	5.76551350764118e-131	3.20578907091538e-130	3.47487818806187	1.09863455757058	1.78051196509234e-14	1	53	98	0.000711458249824457	1	0	7.15737689433595	-6.30669616294725
ADAM17	NOTCH1	R-HSA-157118	REACTOME_SIGNALING_BY_NOTCH	1.58317192205404e-130	8.74089286542512e-130	1.01997560898112	1.09863455757058	2.06527579650245e-06	1	51	93	0.000309395311580208	1	0	4.52749600270951	-6.30669616294725
TGFB1	SDC2	R-HSA-9820952	REACTOME_RESPIRATORY_SYNCYTIAL_VIRUS_INFECTION_PATHWAY	5.12285639624615e-130	2.8086149752846e-129	2.34733530459407	6.87680810832618	5.26665083282664e-26	1	23	43	2.98242779105529e-06	1	0	1.15661892798294	3.98991492461994
ALOX5AP	ALOX5	R-HSA-8978868	REACTOME_FATTY_ACID_METABOLISM	7.27783207607194e-130	3.96237524141695e-129	15.3623422818369	11.5147709449478	3.7154421579926e-31	1	26	49	2.05184158780123e-05	1	0	-3.54159648977046	5.87751126047096
ADAM17	NOTCH1	R-HSA-9758941	REACTOME_GASTRULATION	8.49648351030803e-130	4.59396073936655e-129	1.01997560898112	1.09863455757058	2.06527579650245e-06	1	22	41	1.8164151566241e-07	1	0	4.52749600270951	-6.30669616294725
NRG1	ERBB4	R-HSA-8939211	REACTOME_ESR_MEDIATED_SIGNALING	4.35665915134033e-129	2.33946628400741e-128	8.89455899048275	5.54075970430483	7.74494126343622e-12	1	52	95	0.000516158658317314	1	0	-1.11606595099888	-3.89709153867408
VCAN	TLR2	R-HSA-168179	REACTOME_TOLL_LIKE_RECEPTOR_TLR1_TLR2_CASCADE	2.3945448653356e-128	1.27709059484565e-127	1.63722029935208	5.57490509110826	3.63924185564032e-15	1	41	76	0.000178146450997446	1	0	7.49215599917647	5.44758975714471
ADAM15	ITGA5	R-HSA-418555	REACTOME_G_ALPHA_S_SIGNALLING_EVENTS	1.06699617978391e-127	5.65219597939583e-127	1.22598691314216	2.22952612887568	6.85056926414023e-13	1	21	39	2.4381276562037e-07	1	0	1.31829304345549	-3.35403305953966
SPP1	ITGA5	R-HSA-418555	REACTOME_G_ALPHA_S_SIGNALLING_EVENTS	1.38721735713719e-127	7.2991839462789e-127	2.6783315950163	2.22952612887568	8.90652541175031e-13	1	21	39	2.4381276562037e-07	1	0	6.139474460684	-3.35403305953966
CAP1	ROBO1	R-HSA-376176	REACTOME_SIGNALING_BY_ROBO_RECEPTORS	2.43393082360425e-127	1.27213451047049e-126	4.83991828851274	7.43139786753504	1.78357692572352e-24	1	51	93	0.000966128572365621	1	0	-4.53860900476605	7.15495719236282
UBC	TLR4	R-HSA-168179	REACTOME_TOLL_LIKE_RECEPTOR_TLR1_TLR2_CASCADE	2.59240384046423e-127	1.34598980855891e-126	3.47487818806187	5.19860521467565	2.74852046907024e-20	1	40	74	0.000217090749688924	1	0	7.15737689433595	8.61485446971873
FABP5	RXRA	R-HSA-8957322	REACTOME_METABOLISM_OF_STEROIDS	1.3520503096383e-126	6.97373317602911e-126	8.41401160015666	1.11383640478871	1.43754360540595e-13	1	35	65	5.70462663623905e-05	1	0	3.20200906822395	-3.40112761629557
UBC	TLR4	R-HSA-168138	REACTOME_TOLL_LIKE_RECEPTOR_9_TLR9_CASCADE	1.57721011605373e-126	8.08191327441909e-126	3.47487818806187	5.19860521467565	2.74852046907024e-20	1	40	74	0.000228587284485314	1	0	7.15737689433595	8.61485446971873
MMP7	ERBB4	R-HSA-8939211	REACTOME_ESR_MEDIATED_SIGNALING	1.84333331990795e-126	9.38424235589501e-126	3.71164305105519	5.54075970430483	3.27693946110743e-09	1	52	95	0.000516158658317314	1	0	4.56547778692496	-3.89709153867408
S100A9	TLR4	R-HSA-166166	REACTOME_MYD88_INDEPENDENT_TLR4_CASCADE	2.11879423965109e-126	1.07169979605578e-125	15.6176732219501	5.19860521467565	5.39223445822793e-15	1	44	80	0.000234039979620205	1	0	5.45227808318672	8.61485446971873
HBEGF	ERBB4	R-HSA-112314	REACTOME_NEUROTRANSMITTER_RECEPTORS_AND_POSTSYNAPTIC_SIGNAL_TRANSMISSION	7.36728578452792e-126	3.70253336863454e-125	3.10590211363943	5.54075970430483	4.88802071898867e-16	1	33	60	2.95186658391345e-05	1	0	2.04268055323372	-3.89709153867408
UBC	ERBB4	R-HSA-112314	REACTOME_NEUROTRANSMITTER_RECEPTORS_AND_POSTSYNAPTIC_SIGNAL_TRANSMISSION	8.58018778967713e-126	4.28462880707444e-125	3.47487818806187	5.54075970430483	5.69275265211432e-16	1	33	60	2.95186658391345e-05	1	0	7.15737689433595	-3.89709153867408
ADAM17	ERBB4	R-HSA-8939211	REACTOME_ESR_MEDIATED_SIGNALING	3.71441931057593e-125	1.84310426550097e-124	1.01997560898112	5.54075970430483	6.60321553485159e-08	1	52	95	0.000516158658317314	1	0	4.52749600270951	-3.89709153867408
ADAM17	ITGA5	R-HSA-418555	REACTOME_G_ALPHA_S_SIGNALLING_EVENTS	4.50169792255338e-125	2.21970513917098e-124	1.01997560898112	2.22952612887568	2.89028152199512e-10	1	21	39	2.4381276562037e-07	1	0	4.52749600270951	-3.35403305953966
MMP2	SDC2	R-HSA-9820952	REACTOME_RESPIRATORY_SYNCYTIAL_VIRUS_INFECTION_PATHWAY	1.21039360452724e-124	5.93092866218347e-124	1.56948097074454	6.87680810832618	1.24436837425359e-20	1	23	43	2.98242779105529e-06	1	0	4.79920224094063	3.98991492461994
GNAS	ADCY9	R-HSA-418555	REACTOME_G_ALPHA_S_SIGNALLING_EVENTS	1.54594107886781e-124	7.52806090579107e-124	3.70548256918186	1.96365614157027	1.8379161730549e-15	1	19	36	2.4381276562037e-07	1	0	6.53081841622123	-0.649116928523714
FABP5	RXRA	R-HSA-2990846	REACTOME_SUMOYLATION	1.56448220648993e-124	7.57132129560557e-124	8.41401160015666	1.11383640478871	1.43754360540595e-13	1	69	127	0.00312365594842675	1	0	3.20200906822395	-3.40112761629557
B2M	TYROBP	R-HSA-1500931	REACTOME_CELL_CELL_COMMUNICATION	2.36621640489376e-123	1.13810654075872e-122	1.71800318564513	11.7029332232716	3.07981976074756e-20	1	23	42	1.81442045471014e-06	1	0	0.0213117982230598	-4.58993343050057
ABCA1	RXRA	R-HSA-8957322	REACTOME_METABOLISM_OF_STEROIDS	2.67270947364425e-123	1.27768550447384e-122	4.00015095710297	1.11383640478871	2.84171112979741e-10	1	35	65	5.70462663623905e-05	1	0	-4.11409824026658	-3.40112761629557
ADAM17	NOTCH1	R-HSA-9711123	REACTOME_CELLULAR_RESPONSE_TO_CHEMICAL_STRESS	6.68761330178524e-123	3.17762959309068e-122	1.01997560898112	1.09863455757058	2.06527579650245e-06	1	53	98	0.000711458249824457	1	0	4.52749600270951	-6.30669616294725
S100A9	TLR4	R-HSA-168179	REACTOME_TOLL_LIKE_RECEPTOR_TLR1_TLR2_CASCADE	5.0859542344694e-122	2.40204103603856e-121	15.6176732219501	5.19860521467565	5.39223445822793e-15	1	40	74	0.000217090749688924	1	0	5.45227808318672	8.61485446971873
NRG1	ERBB4	R-HSA-112314	REACTOME_NEUROTRANSMITTER_RECEPTORS_AND_POSTSYNAPTIC_SIGNAL_TRANSMISSION	1.16732720568179e-121	5.48014688176361e-121	8.89455899048275	5.54075970430483	7.74494126343622e-12	1	33	60	2.95186658391345e-05	1	0	-1.11606595099888	-3.89709153867408
S100A9	TLR4	R-HSA-168138	REACTOME_TOLL_LIKE_RECEPTOR_9_TLR9_CASCADE	3.09427811484609e-121	1.43545209588126e-120	15.6176732219501	5.19860521467565	5.39223445822793e-15	1	40	74	0.000228587284485314	1	0	5.45227808318672	8.61485446971873
ABCA1	RXRA	R-HSA-2990846	REACTOME_SUMOYLATION	3.09264114273389e-121	1.43545209588126e-120	4.00015095710297	1.11383640478871	2.84171112979741e-10	1	69	127	0.00312365594842675	1	0	-4.11409824026658	-3.40112761629557
FABP5	RXRA	R-HSA-8978868	REACTOME_FATTY_ACID_METABOLISM	2.08948219970017e-120	9.63620026214669e-120	8.41401160015666	1.11383640478871	1.43754360540595e-13	1	28	51	8.91384459954912e-06	1	0	3.20200906822395	-3.40112761629557
VASP	ROBO1	R-HSA-376176	REACTOME_SIGNALING_BY_ROBO_RECEPTORS	8.83465149886391e-120	4.05050688602883e-119	1.03470455701633	7.43139786753504	6.47400509799552e-17	1	51	93	0.000966128572365621	1	0	-3.25418154230553	7.15495719236282
VCAN	TLR2	R-HSA-9820952	REACTOME_RESPIRATORY_SYNCYTIAL_VIRUS_INFECTION_PATHWAY	3.53988027864907e-119	1.61352682468655e-118	1.63722029935208	5.57490509110826	3.63924185564032e-15	1	23	43	2.98242779105529e-06	1	0	7.49215599917647	5.44758975714471
UBC	TLR4	R-HSA-9820952	REACTOME_RESPIRATORY_SYNCYTIAL_VIRUS_INFECTION_PATHWAY	4.37781690807352e-119	1.98393552365875e-118	3.47487818806187	5.19860521467565	2.74852046907024e-20	1	23	42	2.98242779105529e-06	1	0	7.15737689433595	8.61485446971873
MMP7	ERBB4	R-HSA-112314	REACTOME_NEUROTRANSMITTER_RECEPTORS_AND_POSTSYNAPTIC_SIGNAL_TRANSMISSION	4.93904402139489e-119	2.22540834067448e-118	3.71164305105519	5.54075970430483	3.27693946110743e-09	1	33	60	2.95186658391345e-05	1	0	4.56547778692496	-3.89709153867408
NRP1	ROBO1	R-HSA-376176	REACTOME_SIGNALING_BY_ROBO_RECEPTORS	3.25501962952444e-118	1.45824879402695e-117	1.72741868448327	7.43139786753504	2.38526824497001e-15	1	51	93	0.000966128572365621	1	0	8.26065577489803	7.15495719236282
ADAM17	ERBB4	R-HSA-112314	REACTOME_NEUROTRANSMITTER_RECEPTORS_AND_POSTSYNAPTIC_SIGNAL_TRANSMISSION	9.95244880061622e-118	4.43336355663813e-117	1.01997560898112	5.54075970430483	6.60321553485159e-08	1	33	60	2.95186658391345e-05	1	0	4.52749600270951	-3.89709153867408
ABCA1	RXRA	R-HSA-8978868	REACTOME_FATTY_ACID_METABOLISM	4.13045197382018e-117	1.8295335296469e-116	4.00015095710297	1.11383640478871	2.84171112979741e-10	1	28	51	8.91384459954912e-06	1	0	-4.11409824026658	-3.40112761629557
PTGS2	ALOX5	R-HSA-446652	REACTOME_INTERLEUKIN_1_FAMILY_SIGNALING	4.07128772516635e-116	1.79319639130922e-115	1.31913039585455	11.5147709449478	2.88365730784947e-15	1	36	67	0.000178146450997446	1	0	-6.30669616294725	5.87751126047096
TGFB1	SDC2	R-HSA-196854	REACTOME_METABOLISM_OF_VITAMINS_AND_COFACTORS	4.02500291876587e-115	1.7629063063198e-114	2.34733530459407	6.87680810832618	5.26665083282664e-26	1	16	30	3.25715320948203e-07	1	0	1.15661892798294	3.98991492461994
PTGS2	ALOX5	R-HSA-8978868	REACTOME_FATTY_ACID_METABOLISM	5.64852654382459e-114	2.46024711686582e-113	1.31913039585455	11.5147709449478	2.88365730784947e-15	1	26	49	2.05184158780123e-05	1	0	-6.30669616294725	5.87751126047096
S100A9	TLR4	R-HSA-9820952	REACTOME_RESPIRATORY_SYNCYTIAL_VIRUS_INFECTION_PATHWAY	8.58869906525102e-114	3.72018788240707e-113	15.6176732219501	5.19860521467565	5.39223445822793e-15	1	23	42	2.98242779105529e-06	1	0	5.45227808318672	8.61485446971873
ICAM3	ITGAL	R-HSA-8878159	REACTOME_TRANSCRIPTIONAL_REGULATION_BY_RUNX3	3.48056936494263e-112	1.49932218797529e-111	7.02621090936945	12.7108503570674	7.54175630286006e-23	1	31	57	0.000123960340547246	1	0	6.85921143135228	-0.697293284537909
ITGB2	ITGAL	R-HSA-8878159	REACTOME_TRANSCRIPTIONAL_REGULATION_BY_RUNX3	6.4324422694717e-112	2.7557566881234e-111	11.4963612113497	12.7108503570674	1.39379242135493e-22	1	31	57	0.000123960340547246	1	0	5.24287354857827	-0.697293284537909
MMP9	ITGB2	R-HSA-202733	REACTOME_CELL_SURFACE_INTERACTIONS_AT_THE_VASCULAR_WALL	3.20878710052796e-111	1.36722232979017e-110	13.5172478448157	11.4963612113497	2.82479100410589e-23	1	19	35	1.81442045471014e-06	1	0	5.77655813652354	5.24287354857827
ICAM3	ITGB2	R-HSA-202733	REACTOME_CELL_SURFACE_INTERACTIONS_AT_THE_VASCULAR_WALL	4.9855806906861e-111	2.11280824945832e-110	7.02621090936945	11.4963612113497	4.38895540404562e-23	1	19	35	1.81442045471014e-06	1	0	6.85921143135228	5.24287354857827
ADAM28	ITGA4	R-HSA-8878159	REACTOME_TRANSCRIPTIONAL_REGULATION_BY_RUNX3	1.48331705436934e-110	6.2522611323955e-110	12.5482990883424	13.6345698393512	2.93999679159667e-28	1	30	56	0.000231390920871933	1	0	3.96154227625537	6.17140321377681
ICAM2	ITGAL	R-HSA-8878159	REACTOME_TRANSCRIPTIONAL_REGULATION_BY_RUNX3	4.42547524651289e-110	1.84551733684367e-109	4.49656383981264	12.7108503570674	9.58919427657775e-21	1	31	57	0.000123960340547246	1	0	4.64791622246125	-0.697293284537909
COL9A2	ITGA2	R-HSA-373760	REACTOME_L1CAM_INTERACTIONS	4.40601133957091e-110	1.84551733684367e-109	7.63291431421208	1.38894765124879	2.85633367123933e-14	1	26	48	1.76898439715776e-05	1	0	6.01828964755494	5.56974806734687
MMP2	SDC2	R-HSA-196854	REACTOME_METABOLISM_OF_VITAMINS_AND_COFACTORS	9.51000265134817e-110	3.94488998870739e-109	1.56948097074454	6.87680810832618	1.24436837425359e-20	1	16	30	3.25715320948203e-07	1	0	4.79920224094063	3.98991492461994
ICAM2	ITGB2	R-HSA-202733	REACTOME_CELL_SURFACE_INTERACTIONS_AT_THE_VASCULAR_WALL	6.33906744061905e-109	2.61569940707649e-108	4.49656383981264	11.4963612113497	5.58047016510847e-21	1	19	35	1.81442045471014e-06	1	0	4.64791622246125	5.24287354857827
FABP5	RXRA	R-HSA-400206	REACTOME_REGULATION_OF_LIPID_METABOLISM_BY_PPARALPHA	1.23714054046106e-108	5.07810567393441e-108	8.41401160015666	1.11383640478871	1.43754360540595e-13	1	29	54	5.70462663623905e-05	1	0	3.20200906822395	-3.40112761629557
SHANK1	ABCA1	R-HSA-400206	REACTOME_REGULATION_OF_LIPID_METABOLISM_BY_PPARALPHA	2.86939109396193e-108	1.17166803003446e-107	1.04893148572415	4.00015095710297	7.3218723447379e-10	1	31	57	5.7185819074965e-05	1	0	-6.30669616294725	-4.11409824026658
ITGAM	ITGB2	R-HSA-202733	REACTOME_CELL_SURFACE_INTERACTIONS_AT_THE_VASCULAR_WALL	4.89530009341984e-108	1.98855713639438e-107	17.1144489086967	11.4963612113497	4.30947870116276e-20	1	19	35	1.81442045471014e-06	1	0	-4.86223531016049	5.24287354857827
C5	C5AR2	R-HSA-375276	REACTOME_PEPTIDE_LIGAND_BINDING_RECEPTORS	6.63916214381046e-108	2.68304284574608e-107	10.170155711275	7.85926731543261	1.02435535612756e-24	1	12	23	3.60347699113752e-08	1	0	-0.652661547983459	-1.18685626028629
ICAM3	ITGAL	R-HSA-202733	REACTOME_CELL_SURFACE_INTERACTIONS_AT_THE_VASCULAR_WALL	3.24492214547515e-107	1.30462510874488e-106	7.02621090936945	12.7108503570674	7.54175630286006e-23	1	18	34	3.06350893567617e-06	1	0	6.85921143135228	-0.697293284537909
ITGB2	ITGAL	R-HSA-202733	REACTOME_CELL_SURFACE_INTERACTIONS_AT_THE_VASCULAR_WALL	5.99694250599808e-107	2.39877700239923e-106	11.4963612113497	12.7108503570674	1.39379242135493e-22	1	18	34	3.06350893567617e-06	1	0	5.24287354857827	-0.697293284537909
C5	C5AR1	R-HSA-375276	REACTOME_PEPTIDE_LIGAND_BINDING_RECEPTORS	1.55159145673192e-106	6.17486143186711e-106	10.170155711275	12.9762040574786	1.6534196308071e-30	1	12	22	3.60347699113752e-08	1	0	-0.652661547983459	-5.89807820581872
GNAS	ADCY1	R-HSA-442755	REACTOME_ACTIVATION_OF_NMDA_RECEPTORS_AND_POSTSYNAPTIC_EVENTS	2.99706006046021e-106	1.18671469060647e-105	3.70548256918186	10.6200334392265	6.70534051415323e-23	1	23	42	1.7659663132374e-05	1	0	6.53081841622123	7.11789693015325
TGFB1	CXCR4	R-HSA-376176	REACTOME_SIGNALING_BY_ROBO_RECEPTORS	1.10941860317972e-105	4.37077479845679e-105	2.34733530459407	1.82741212281972	4.02307345995766e-13	1	46	84	0.00101949301600462	1	0	1.15661892798294	7.40397474366126
ABCA1	RXRA	R-HSA-400206	REACTOME_REGULATION_OF_LIPID_METABOLISM_BY_PPARALPHA	2.44555784584985e-105	9.5865867557314e-105	4.00015095710297	1.11383640478871	2.84171112979741e-10	1	29	54	5.70462663623905e-05	1	0	-4.11409824026658	-3.40112761629557
RPS19	C5AR1	R-HSA-375276	REACTOME_PEPTIDE_LIGAND_BINDING_RECEPTORS	2.91413469357937e-105	1.13665751232151e-104	6.66179330253647	12.9762040574786	3.10538414495323e-29	1	12	22	3.60347699113752e-08	1	0	7.52686449869993	-5.89807820581872
ICAM2	ITGAL	R-HSA-202733	REACTOME_CELL_SURFACE_INTERACTIONS_AT_THE_VASCULAR_WALL	4.12585445826864e-105	1.60132173033793e-104	4.49656383981264	12.7108503570674	9.58919427657775e-21	1	18	34	3.06350893567617e-06	1	0	4.64791622246125	-0.697293284537909
TGFB1	SDC2	R-HSA-3781865	REACTOME_DISEASES_OF_GLYCOSYLATION	4.27696611230351e-105	1.63913651063076e-104	2.34733530459407	6.87680810832618	5.26665083282664e-26	1	13	25	2.5090291088895e-07	1	0	1.15661892798294	3.98991492461994
TGFB1	SDC2	R-HSA-5668914	REACTOME_DISEASES_OF_METABOLISM	4.27696611230351e-105	1.63913651063076e-104	2.34733530459407	6.87680810832618	5.26665083282664e-26	1	13	25	2.5090291088895e-07	1	0	1.15661892798294	3.98991492461994
FARP2	NRP1	R-HSA-194138	REACTOME_SIGNALING_BY_VEGF	4.2860074576442e-105	1.63913651063076e-104	1.45763071158296	1.72741868448327	7.59328020857374e-09	1	33	60	9.01346571505121e-05	1	0	5.08540365514204	8.26065577489803
SLPI	CD4	R-HSA-162587	REACTOME_HIV_LIFE_CYCLE	4.37972270108744e-105	1.66684592119056e-104	10.5127103216245	13.6803417654513	1.2377359552404e-18	1	55	100	0.00312365594842675	1	0	6.25807300861969	-3.78046533248377
FGR	LRP8	R-HSA-196854	REACTOME_METABOLISM_OF_VITAMINS_AND_COFACTORS	4.69320118701763e-105	1.77752160899605e-104	6.39666281298029	1.32382501131126	1.58848363225031e-14	1	17	31	2.5090291088895e-07	1	0	4.42548297268161	4.24119148464093
NAMPT	INSR	R-HSA-199418	REACTOME_NEGATIVE_REGULATION_OF_THE_PI3K_AKT_NETWORK	4.74944705807546e-105	1.79017619881306e-104	1.86819900661908	1.17913580385034	2.43211776773495e-07	1	28	51	2.1400025054965e-05	1	0	7.00173820576973	6.1176312656009
PNOC	OPRL1	R-HSA-375276	REACTOME_PEPTIDE_LIGAND_BINDING_RECEPTORS	6.41540069670381e-105	2.40654265369177e-104	12.4026621821221	5.90792291075331	4.03176846454016e-23	1	12	22	1.07675211575648e-08	1	0	-1.67514676511475	-2.43925835362071
ICAM5	ITGAL	R-HSA-8878159	REACTOME_TRANSCRIPTIONAL_REGULATION_BY_RUNX3	6.58874381101159e-105	2.45979768944433e-104	2.76004159207977	12.7108503570674	1.42766010254319e-15	1	31	57	0.000123960340547246	1	0	1.4475867177842	-0.697293284537909
UBC	NOTCH1	R-HSA-8878159	REACTOME_TRANSCRIPTIONAL_REGULATION_BY_RUNX3	4.32534754819665e-104	1.60714335440103e-103	3.47487818806187	1.09863455757058	1.78051196509234e-14	1	30	56	0.000123960340547246	1	0	7.15737689433595	-6.30669616294725
TGFB1	ITGB5	R-HSA-397014	REACTOME_MUSCLE_CONTRACTION	5.43812387246668e-104	2.01107977170466e-103	2.34733530459407	1.0454169712852	6.96757005243614e-16	1	14	27	1.53110620650576e-07	1	0	1.15661892798294	5.09092105946819
ADAM15	ITGA5	R-HSA-373760	REACTOME_L1CAM_INTERACTIONS	7.16347785604502e-104	2.63669795264756e-103	1.22598691314216	2.22952612887568	6.85056926414023e-13	1	25	47	2.95186658391345e-05	1	0	1.31829304345549	-3.35403305953966
SPP1	ITGA5	R-HSA-373760	REACTOME_L1CAM_INTERACTIONS	9.31334245394028e-104	3.41199088032204e-103	2.6783315950163	2.22952612887568	8.90652541175031e-13	1	25	47	2.95186658391345e-05	1	0	6.139474460684	-3.35403305953966
ICAM5	ITGB2	R-HSA-202733	REACTOME_CELL_SURFACE_INTERACTIONS_AT_THE_VASCULAR_WALL	9.43774149451503e-104	3.44148341009292e-103	2.76004159207977	11.4963612113497	8.30832536954428e-16	1	19	35	1.81442045471014e-06	1	0	1.4475867177842	5.24287354857827
SPP1	ITGA4	R-HSA-8878159	REACTOME_TRANSCRIPTIONAL_REGULATION_BY_RUNX3	6.32383542537329e-103	2.29531804328364e-102	2.6783315950163	13.6345698393512	1.25341078000938e-20	1	30	56	0.000231390920871933	1	0	6.139474460684	6.17140321377681
HBEGF	ERBB4	R-HSA-2219528	REACTOME_PI3K_AKT_SIGNALING_IN_CANCER	1.13024617198824e-102	4.08347004073171e-102	3.10590211363943	5.54075970430483	4.88802071898867e-16	1	29	54	0.000120353120494426	1	0	2.04268055323372	-3.89709153867408
TGFB1	CXCR4	R-HSA-375276	REACTOME_PEPTIDE_LIGAND_BINDING_RECEPTORS	1.32113893443491e-102	4.7295567333195e-102	2.34733530459407	1.82741212281972	4.02307345995766e-13	1	12	23	1.07675211575648e-08	1	0	1.15661892798294	7.40397474366126
UBC	ERBB4	R-HSA-2219528	REACTOME_PI3K_AKT_SIGNALING_IN_CANCER	1.31632254915224e-102	4.7295567333195e-102	3.47487818806187	5.54075970430483	5.69275265211432e-16	1	29	54	0.000120353120494426	1	0	7.15737689433595	-3.89709153867408
COL7A1	ITGA2	R-HSA-373760	REACTOME_L1CAM_INTERACTIONS	5.45035256006526e-102	1.94230745776871e-101	1.03587682415993	1.38894765124879	3.53336029746942e-06	1	26	48	1.76898439715776e-05	1	0	3.2664742189531	5.56974806734687
SDCBP	EPHB6	R-HSA-2682334	REACTOME_EPH_EPHRIN_SIGNALING	1.0752747520167e-101	3.81454934652077e-101	1.97101900729825	10.4181319376235	6.15396329122261e-18	1	27	50	8.38053580049531e-05	1	0	-5.73576590506585	-0.0182454327922952
VCAN	ITGA4	R-HSA-8878159	REACTOME_TRANSCRIPTIONAL_REGULATION_BY_RUNX3	1.49839118046236e-101	5.29161570037156e-101	1.63722029935208	13.6345698393512	2.96987434354623e-19	1	30	56	0.000231390920871933	1	0	7.49215599917647	6.17140321377681
ADAM17	ITGA5	R-HSA-373760	REACTOME_L1CAM_INTERACTIONS	3.02229886046509e-101	1.06254811955364e-100	1.01997560898112	2.22952612887568	2.89028152199512e-10	1	25	47	2.95186658391345e-05	1	0	4.52749600270951	-3.35403305953966
ADAM15	ITGA5	R-HSA-8878166	REACTOME_TRANSCRIPTIONAL_REGULATION_BY_RUNX2	8.5458918938563e-101	2.9910621628497e-100	1.22598691314216	2.22952612887568	6.85056926414023e-13	1	25	47	4.0166872895976e-05	1	0	1.31829304345549	-3.35403305953966
FARP2	NRP1	R-HSA-373760	REACTOME_L1CAM_INTERACTIONS	8.80520152063362e-101	3.06812355207856e-100	1.45763071158296	1.72741868448327	7.59328020857374e-09	1	24	45	1.76898439715776e-05	1	0	5.08540365514204	8.26065577489803
SPP1	ITGA5	R-HSA-8878166	REACTOME_TRANSCRIPTIONAL_REGULATION_BY_RUNX2	1.1110639186896e-100	3.85431023120642e-100	2.6783315950163	2.22952612887568	8.90652541175031e-13	1	25	47	4.0166872895976e-05	1	0	6.139474460684	-3.35403305953966
HBEGF	ERBB4	R-HSA-199418	REACTOME_NEGATIVE_REGULATION_OF_THE_PI3K_AKT_NETWORK	1.46529343338139e-100	5.06074912674453e-100	3.10590211363943	5.54075970430483	4.88802071898867e-16	1	26	49	8.00208215441159e-05	1	0	2.04268055323372	-3.89709153867408
UBC	ERBB4	R-HSA-199418	REACTOME_NEGATIVE_REGULATION_OF_THE_PI3K_AKT_NETWORK	1.70652981207769e-100	5.86806742398645e-100	3.47487818806187	5.54075970430483	5.69275265211432e-16	1	26	49	8.00208215441159e-05	1	0	7.15737689433595	-3.89709153867408
ICAM5	ITGAL	R-HSA-202733	REACTOME_CELL_SURFACE_INTERACTIONS_AT_THE_VASCULAR_WALL	6.14266186405002e-100	2.10298991328175e-99	2.76004159207977	12.7108503570674	1.42766010254319e-15	1	18	34	3.06350893567617e-06	1	0	1.4475867177842	-0.697293284537909
MMP2	SDC2	R-HSA-3781865	REACTOME_DISEASES_OF_GLYCOSYLATION	1.01053241174304e-99	3.4296857610673e-99	1.56948097074454	6.87680810832618	1.24436837425359e-20	1	13	25	2.5090291088895e-07	1	0	4.79920224094063	3.98991492461994
MMP2	SDC2	R-HSA-5668914	REACTOME_DISEASES_OF_METABOLISM	1.01053241174304e-99	3.4296857610673e-99	1.56948097074454	6.87680810832618	1.24436837425359e-20	1	13	25	2.5090291088895e-07	1	0	4.79920224094063	3.98991492461994
MMP9	ITGAM	R-HSA-202733	REACTOME_CELL_SURFACE_INTERACTIONS_AT_THE_VASCULAR_WALL	1.05391843582338e-99	3.56151747278246e-99	13.5172478448157	17.1144489086967	1.50080507036532e-20	1	18	33	3.06350893567617e-06	1	0	5.77655813652354	-4.86223531016049
TGFB1	CXCR4	R-HSA-162587	REACTOME_HIV_LIFE_CYCLE	1.42356260122513e-99	4.79001321613949e-99	2.34733530459407	1.82741212281972	4.02307345995766e-13	1	55	100	0.00312365594842675	1	0	1.15661892798294	7.40397474366126
TLN1	ITGB5	R-HSA-397014	REACTOME_MUSCLE_CONTRACTION	2.16129060847015e-99	7.24124716684017e-99	1.45954108117514	1.0454169712852	2.76914319558475e-11	1	14	27	1.53110620650576e-07	1	0	2.58232245660889	5.09092105946819
ITGB2	ITGAM	R-HSA-202733	REACTOME_CELL_SURFACE_INTERACTIONS_AT_THE_VASCULAR_WALL	3.02626846192495e-99	1.00961466985071e-98	11.4963612113497	17.1144489086967	4.30947870116276e-20	1	18	33	3.06350893567617e-06	1	0	5.24287354857827	-4.86223531016049
SPP1	ITGB5	R-HSA-397014	REACTOME_MUSCLE_CONTRACTION	4.85913045644014e-99	1.61421960925808e-98	2.6783315950163	1.0454169712852	6.22573752330061e-11	1	14	27	1.53110620650576e-07	1	0	6.139474460684	5.09092105946819
UBC	NOTCH1	R-HSA-9700206	REACTOME_SIGNALING_BY_ALK_IN_CANCER	5.68125764791433e-99	1.87936961855056e-98	3.47487818806187	1.09863455757058	1.78051196509234e-14	1	31	58	0.000247979640607473	1	0	7.15737689433595	-6.30669616294725
ST6GAL1	CD22	R-HSA-983705	REACTOME_SIGNALING_BY_THE_B_CELL_RECEPTOR_BCR	1.65951892860996e-98	5.46665058836222e-98	4.74440816599985	16.8252959764667	7.58484487523159e-22	1	26	48	0.000120353120494426	1	0	5.16831864282352	-3.66787924180358
NRG1	ERBB4	R-HSA-2219528	REACTOME_PI3K_AKT_SIGNALING_IN_CANCER	1.79084556275852e-98	5.87457289206142e-98	8.89455899048275	5.54075970430483	7.74494126343622e-12	1	29	54	0.000120353120494426	1	0	-1.11606595099888	-3.89709153867408
ADAM17	ITGA5	R-HSA-8878166	REACTOME_TRANSCRIPTIONAL_REGULATION_BY_RUNX2	3.60554466021893e-98	1.17781125567152e-97	1.01997560898112	2.22952612887568	2.89028152199512e-10	1	25	47	4.0166872895976e-05	1	0	4.52749600270951	-3.35403305953966
TGFB1	SDC2	R-HSA-1638091	REACTOME_HEPARAN_SULFATE_HEPARIN_HS_GAG_METABOLISM	1.09329131354922e-97	3.55659912789457e-97	2.34733530459407	6.87680810832618	5.26665083282664e-26	1	10	19	2.16353183519596e-08	1	0	1.15661892798294	3.98991492461994
CD22	PTPRC	R-HSA-373755	REACTOME_SEMAPHORIN_INTERACTIONS	1.13698830980356e-97	3.68346625985946e-97	16.8252959764667	15.850733745484	1.70831975597708e-19	1	20	37	1.22336066737549e-05	1	0	-3.66787924180358	-6.30669616294725
ICAM2	ITGAM	R-HSA-202733	REACTOME_CELL_SURFACE_INTERACTIONS_AT_THE_VASCULAR_WALL	2.08205151426123e-97	6.71740077029138e-97	4.49656383981264	17.1144489086967	2.96489117483158e-18	1	18	33	3.06350893567617e-06	1	0	4.64791622246125	-4.86223531016049
SEMA7A	PLXNC1	R-HSA-373755	REACTOME_SEMAPHORIN_INTERACTIONS	9.75188143303584e-97	3.13339141127053e-96	8.3613420651823	6.06604320356411	1.46521574288477e-18	1	20	37	1.22336066737549e-05	1	0	0.812103852090788	6.83872322718211
NRG1	ERBB4	R-HSA-199418	REACTOME_NEGATIVE_REGULATION_OF_THE_PI3K_AKT_NETWORK	2.3217192044934e-96	7.42950145437889e-96	8.89455899048275	5.54075970430483	7.74494126343622e-12	1	26	49	8.00208215441159e-05	1	0	-1.11606595099888	-3.89709153867408
TYROBP	TREM2	R-HSA-373755	REACTOME_SEMAPHORIN_INTERACTIONS	4.33224906567438e-96	1.38068425507671e-95	11.7029332232716	17.0988540674471	6.78478832427013e-28	1	19	35	2.63331521408461e-05	1	0	-4.58993343050057	5.41795247730373
ADAM17	NOTCH1	R-HSA-8878159	REACTOME_TRANSCRIPTIONAL_REGULATION_BY_RUNX3	5.01711630019206e-96	1.59247740054679e-95	1.01997560898112	1.09863455757058	2.06527579650245e-06	1	30	56	0.000123960340547246	1	0	4.52749600270951	-6.30669616294725
GNAS	ADCY1	R-HSA-5358351	REACTOME_SIGNALING_BY_HEDGEHOG	6.11238815448446e-96	1.93230335206283e-95	3.70548256918186	10.6200334392265	6.70534051415323e-23	1	24	45	0.000127837216619611	1	0	6.53081841622123	7.11789693015325
MMP7	ERBB4	R-HSA-2219528	REACTOME_PI3K_AKT_SIGNALING_IN_CANCER	7.57719431786735e-96	2.38575114265382e-95	3.71164305105519	5.54075970430483	3.27693946110743e-09	1	29	54	0.000120353120494426	1	0	4.56547778692496	-3.89709153867408
ADAM28	ITGA4	R-HSA-202733	REACTOME_CELL_SURFACE_INTERACTIONS_AT_THE_VASCULAR_WALL	1.88512652494857e-95	5.91175678223873e-95	12.5482990883424	13.6345698393512	2.93999679159667e-28	1	17	32	1.78550518743165e-05	1	0	3.96154227625537	6.17140321377681
CXCL13	CXCR5	R-HSA-375276	REACTOME_PEPTIDE_LIGAND_BINDING_RECEPTORS	2.12322248008687e-95	6.63189810513189e-95	15.7536293983592	9.08446479490033	1.33434244299272e-13	1	12	22	1.07675211575648e-08	1	0	4.6932311984479	3.32902778177926
UBC	NOTCH1	R-HSA-9755511	REACTOME_KEAP1_NFE2L2_PATHWAY	2.4512989969564e-95	7.62626354608659e-95	3.47487818806187	1.09863455757058	1.78051196509234e-14	1	40	73	0.00101949301600462	1	0	7.15737689433595	-6.30669616294725
ADAM17	ERBB4	R-HSA-2219528	REACTOME_PI3K_AKT_SIGNALING_IN_CANCER	1.52684685891091e-94	4.73141477227729e-94	1.01997560898112	5.54075970430483	6.60321553485159e-08	1	29	54	0.000120353120494426	1	0	4.52749600270951	-3.89709153867408
FARP2	NRP1	R-HSA-376176	REACTOME_SIGNALING_BY_ROBO_RECEPTORS	7.56868283560073e-94	2.33616037130353e-93	1.45763071158296	1.72741868448327	7.59328020857374e-09	1	45	83	0.00161959674440973	1	0	5.08540365514204	8.26065577489803
MMP7	ERBB4	R-HSA-199418	REACTOME_NEGATIVE_REGULATION_OF_THE_PI3K_AKT_NETWORK	9.82335826707078e-94	3.02020112995431e-93	3.71164305105519	5.54075970430483	3.27693946110743e-09	1	26	49	8.00208215441159e-05	1	0	4.56547778692496	-3.89709153867408
COL9A2	ITGA2	R-HSA-3000171	REACTOME_NON_INTEGRIN_MEMBRANE_ECM_INTERACTIONS	1.12071733466449e-93	3.43219683741e-93	7.63291431421208	1.38894765124879	2.85633367123933e-14	1	9	18	3.93788449878116e-09	1	0	6.01828964755494	5.56974806734687
FARP2	NRP1	R-HSA-373755	REACTOME_SEMAPHORIN_INTERACTIONS	2.45019620571922e-93	7.47452850305008e-93	1.45763071158296	1.72741868448327	7.59328020857374e-09	1	20	37	5.45444684184246e-06	1	0	5.08540365514204	8.26065577489803
TGFB1	SDC2	R-HSA-202733	REACTOME_CELL_SURFACE_INTERACTIONS_AT_THE_VASCULAR_WALL	3.37697755690817e-93	1.02618232737055e-92	2.34733530459407	6.87680810832618	5.26665083282664e-26	1	17	32	1.78550518743165e-05	1	0	1.15661892798294	3.98991492461994
B2M	TYROBP	R-HSA-373755	REACTOME_SEMAPHORIN_INTERACTIONS	1.03570162366456e-92	3.13509680676841e-92	1.71800318564513	11.7029332232716	3.07981976074756e-20	1	19	36	2.63331521408461e-05	1	0	0.0213117982230598	-4.58993343050057
TGFB1	ITGB5	R-HSA-170834	REACTOME_SIGNALING_BY_TGF_BETA_RECEPTOR_COMPLEX	1.67451055079147e-92	5.04929335315582e-92	2.34733530459407	1.0454169712852	6.96757005243614e-16	1	36	67	0.00101949301600462	1	0	1.15661892798294	5.09092105946819
ADAM17	ERBB4	R-HSA-199418	REACTOME_NEGATIVE_REGULATION_OF_THE_PI3K_AKT_NETWORK	1.97946140547905e-92	5.94596835975315e-92	1.01997560898112	5.54075970430483	6.60321553485159e-08	1	26	49	8.00208215441159e-05	1	0	4.52749600270951	-3.89709153867408
GNAS	ADCY9	R-HSA-5358351	REACTOME_SIGNALING_BY_HEDGEHOG	2.3305260202557e-92	6.97378778580332e-92	3.70548256918186	1.96365614157027	1.8379161730549e-15	1	24	45	8.53760490897517e-05	1	0	6.53081841622123	-0.649116928523714
MMP2	SDC2	R-HSA-1638091	REACTOME_HEPARAN_SULFATE_HEPARIN_HS_GAG_METABOLISM	2.58315422383271e-92	7.70035327560777e-92	1.56948097074454	6.87680810832618	1.24436837425359e-20	1	10	19	2.16353183519596e-08	1	0	4.79920224094063	3.98991492461994
ADAM15	ITGA5	R-HSA-202733	REACTOME_CELL_SURFACE_INTERACTIONS_AT_THE_VASCULAR_WALL	4.810712187696e-92	1.42863574058851e-91	1.22598691314216	2.22952612887568	6.85056926414023e-13	1	18	33	3.06350893567617e-06	1	0	1.31829304345549	-3.35403305953966
SPP1	ITGA5	R-HSA-202733	REACTOME_CELL_SURFACE_INTERACTIONS_AT_THE_VASCULAR_WALL	6.254477357468e-92	1.85038122575657e-91	2.6783315950163	2.22952612887568	8.90652541175031e-13	1	18	33	3.06350893567617e-06	1	0	6.139474460684	-3.35403305953966
HBEGF	ERBB4	R-HSA-442755	REACTOME_ACTIVATION_OF_NMDA_RECEPTORS_AND_POSTSYNAPTIC_EVENTS	5.48177977840055e-91	1.61568246100227e-90	3.10590211363943	5.54075970430483	4.88802071898867e-16	1	22	40	2.95186658391345e-05	1	0	2.04268055323372	-3.89709153867408
UBC	ERBB4	R-HSA-442755	REACTOME_ACTIVATION_OF_NMDA_RECEPTORS_AND_POSTSYNAPTIC_EVENTS	6.38426434048606e-91	1.87463042806782e-90	3.47487818806187	5.54075970430483	5.69275265211432e-16	1	22	40	2.95186658391345e-05	1	0	7.15737689433595	-3.89709153867408
ADAM17	NOTCH1	R-HSA-9700206	REACTOME_SIGNALING_BY_ALK_IN_CANCER	6.58988209232474e-91	1.92778640312783e-90	1.01997560898112	1.09863455757058	2.06527579650245e-06	1	31	58	0.000247979640607473	1	0	4.52749600270951	-6.30669616294725
ADAM17	ITGA5	R-HSA-202733	REACTOME_CELL_SURFACE_INTERACTIONS_AT_THE_VASCULAR_WALL	2.02965797550833e-89	5.91543439702057e-89	1.01997560898112	2.22952612887568	2.89028152199512e-10	1	18	33	3.06350893567617e-06	1	0	4.52749600270951	-3.35403305953966
TLN1	ITGB5	R-HSA-170834	REACTOME_SIGNALING_BY_TGF_BETA_RECEPTOR_COMPLEX	6.65505974502231e-88	1.93243216299907e-87	1.45954108117514	1.0454169712852	2.76914319558475e-11	1	36	67	0.00101949301600462	1	0	2.58232245660889	5.09092105946819
MMP2	SDC2	R-HSA-202733	REACTOME_CELL_SURFACE_INTERACTIONS_AT_THE_VASCULAR_WALL	7.97889247980645e-88	2.3082847616857e-87	1.56948097074454	6.87680810832618	1.24436837425359e-20	1	17	32	1.78550518743165e-05	1	0	4.79920224094063	3.98991492461994
SPP1	ITGA4	R-HSA-202733	REACTOME_CELL_SURFACE_INTERACTIONS_AT_THE_VASCULAR_WALL	8.03687240341828e-88	2.31651028098527e-87	2.6783315950163	13.6345698393512	1.25341078000938e-20	1	17	32	1.78550518743165e-05	1	0	6.139474460684	6.17140321377681
SPP1	ITGB5	R-HSA-170834	REACTOME_SIGNALING_BY_TGF_BETA_RECEPTOR_COMPLEX	1.49622653102429e-87	4.29685567883897e-87	2.6783315950163	1.0454169712852	6.22573752330061e-11	1	36	67	0.00101949301600462	1	0	6.139474460684	5.09092105946819
ADAM17	NOTCH1	R-HSA-9755511	REACTOME_KEAP1_NFE2L2_PATHWAY	2.84334426707559e-87	8.13570038462506e-87	1.01997560898112	1.09863455757058	2.06527579650245e-06	1	40	73	0.00101949301600462	1	0	4.52749600270951	-6.30669616294725
NRG1	ERBB4	R-HSA-442755	REACTOME_ACTIVATION_OF_NMDA_RECEPTORS_AND_POSTSYNAPTIC_EVENTS	8.68573699736461e-87	2.47622465670322e-86	8.89455899048275	5.54075970430483	7.74494126343622e-12	1	22	40	2.95186658391345e-05	1	0	-1.11606595099888	-3.89709153867408
VCAN	ITGA4	R-HSA-202733	REACTOME_CELL_SURFACE_INTERACTIONS_AT_THE_VASCULAR_WALL	1.90428401717497e-86	5.4092705415405e-86	1.63722029935208	13.6345698393512	2.96987434354623e-19	1	17	32	1.78550518743165e-05	1	0	7.49215599917647	6.17140321377681
TGFB1	ITGB5	R-HSA-3000171	REACTOME_NON_INTEGRIN_MEMBRANE_ECM_INTERACTIONS	3.9689763329169e-86	1.12334925812522e-85	2.34733530459407	1.0454169712852	6.96757005243614e-16	1	8	15	5.53835882027549e-10	1	0	1.15661892798294	5.09092105946819
HBEGF	ERBB4	R-HSA-2219530	REACTOME_CONSTITUTIVE_SIGNALING_BY_ABERRANT_PI3K_IN_CANCER	4.72121939254138e-86	1.33145179991095e-85	3.10590211363943	5.54075970430483	4.88802071898867e-16	1	18	34	2.1400025054965e-05	1	0	2.04268055323372	-3.89709153867408
UBC	ERBB4	R-HSA-2219530	REACTOME_CONSTITUTIVE_SIGNALING_BY_ABERRANT_PI3K_IN_CANCER	5.49849024037367e-86	1.54509546539533e-85	3.47487818806187	5.54075970430483	5.69275265211432e-16	1	18	34	2.1400025054965e-05	1	0	7.15737689433595	-3.89709153867408
GNAS	ADCY9	R-HSA-111885	REACTOME_OPIOID_SIGNALLING	8.22204052511673e-86	2.30217134703268e-85	3.70548256918186	1.96365614157027	1.8379161730549e-15	1	17	32	1.13367147312993e-05	1	0	6.53081841622123	-0.649116928523714
COL7A1	ITGA2	R-HSA-3000171	REACTOME_NON_INTEGRIN_MEMBRANE_ECM_INTERACTIONS	1.38635698443141e-85	3.86798532311112e-85	1.03587682415993	1.38894765124879	3.53336029746942e-06	1	9	18	3.93788449878116e-09	1	0	3.2664742189531	5.56974806734687
TGFB1	SDC2	R-HSA-1793185	REACTOME_CHONDROITIN_SULFATE_DERMATAN_SULFATE_METABOLISM	1.98722465504325e-85	5.46661098089091e-85	2.34733530459407	6.87680810832618	5.26665083282664e-26	1	7	13	1.11914158059315e-09	1	0	1.15661892798294	3.98991492461994
TGFB1	SDC2	R-HSA-1971475	REACTOME_A_TETRASACCHARIDE_LINKER_SEQUENCE_IS_REQUIRED_FOR_GAG_SYNTHESIS	1.98722465504325e-85	5.46661098089091e-85	2.34733530459407	6.87680810832618	5.26665083282664e-26	1	7	13	1.11914158059315e-09	1	0	1.15661892798294	3.98991492461994
TGFB1	SDC2	R-HSA-3560782	REACTOME_DISEASES_ASSOCIATED_WITH_GLYCOSAMINOGLYCAN_METABOLISM	1.98722465504325e-85	5.46661098089091e-85	2.34733530459407	6.87680810832618	5.26665083282664e-26	1	7	13	1.11914158059315e-09	1	0	1.15661892798294	3.98991492461994
TGFB1	SDC2	R-HSA-3560783	REACTOME_DEFECTIVE_B4GALT7_CAUSES_EDS_PROGEROID_TYPE	1.98722465504325e-85	5.46661098089091e-85	2.34733530459407	6.87680810832618	5.26665083282664e-26	1	7	13	1.11914158059315e-09	1	0	1.15661892798294	3.98991492461994
COL9A2	ITGA2	R-HSA-3000178	REACTOME_ECM_PROTEOGLYCANS	2.13718509718364e-85	5.85857732934255e-85	7.63291431421208	1.38894765124879	2.85633367123933e-14	1	9	17	4.0719774615777e-09	1	0	6.01828964755494	5.56974806734687
ST6GAL1	CD22	R-HSA-983695	REACTOME_ANTIGEN_ACTIVATES_B_CELL_RECEPTOR_BCR_LEADING_TO_GENERATION_OF_SECOND_MESSENGERS	3.47876815120311e-85	9.50297641304265e-85	4.74440816599985	16.8252959764667	7.58484487523159e-22	1	7	13	3.08720792993147e-10	1	0	5.16831864282352	-3.66787924180358
B2M	TREM2	R-HSA-373755	REACTOME_SEMAPHORIN_INTERACTIONS	6.90210128108435e-85	1.87890534873963e-84	1.71800318564513	17.0988540674471	1.08094653550445e-16	1	19	35	2.63331521408461e-05	1	0	0.0213117982230598	5.41795247730373
MMP7	ERBB4	R-HSA-442755	REACTOME_ACTIVATION_OF_NMDA_RECEPTORS_AND_POSTSYNAPTIC_EVENTS	3.67499679433809e-84	9.96954147668187e-84	3.71164305105519	5.54075970430483	3.27693946110743e-09	1	22	40	2.95186658391345e-05	1	0	4.56547778692496	-3.89709153867408
ALOX5AP	ALOX5	R-HSA-2142753	REACTOME_ARACHIDONIC_ACID_METABOLISM	6.2071167542628e-84	1.67806190873863e-83	15.3623422818369	11.5147709449478	3.7154421579926e-31	1	5	10	6.55807914677035e-10	1	0	-3.54159648977046	5.87751126047096
ADAM17	ERBB4	R-HSA-442755	REACTOME_ACTIVATION_OF_NMDA_RECEPTORS_AND_POSTSYNAPTIC_EVENTS	7.4053232325208e-83	1.99511113893344e-82	1.01997560898112	5.54075970430483	6.60321553485159e-08	1	22	40	2.95186658391345e-05	1	0	4.52749600270951	-3.89709153867408
NRG1	ERBB4	R-HSA-2219530	REACTOME_CONSTITUTIVE_SIGNALING_BY_ABERRANT_PI3K_IN_CANCER	7.48064891480133e-82	2.00850299630282e-81	8.89455899048275	5.54075970430483	7.74494126343622e-12	1	18	34	2.1400025054965e-05	1	0	-1.11606595099888	-3.89709153867408
TLN1	ITGB5	R-HSA-3000171	REACTOME_NON_INTEGRIN_MEMBRANE_ECM_INTERACTIONS	1.57740269893533e-81	4.22076353571775e-81	1.45954108117514	1.0454169712852	2.76914319558475e-11	1	8	15	5.53835882027549e-10	1	0	2.58232245660889	5.09092105946819
TGFB1	SDC2	R-HSA-3000171	REACTOME_NON_INTEGRIN_MEMBRANE_ECM_INTERACTIONS	2.10044140457024e-81	5.60117707885397e-81	2.34733530459407	6.87680810832618	5.26665083282664e-26	1	7	14	4.36920680319686e-08	1	0	1.15661892798294	3.98991492461994
SPP1	ITGB5	R-HSA-3000171	REACTOME_NON_INTEGRIN_MEMBRANE_ECM_INTERACTIONS	3.54640207403344e-81	9.42501432556684e-81	2.6783315950163	1.0454169712852	6.22573752330061e-11	1	8	15	5.53835882027549e-10	1	0	6.139474460684	5.09092105946819
SLPI	CD4	R-HSA-162909	REACTOME_HOST_INTERACTIONS_OF_HIV_FACTORS	3.73450493026147e-81	9.89139143690877e-81	10.5127103216245	13.6803417654513	1.2377359552404e-18	1	29	54	0.00101949301600462	1	0	6.25807300861969	-3.78046533248377
FABP5	RXRA	R-HSA-9843745	REACTOME_ADIPOGENESIS	4.93278445675546e-81	1.30212222696845e-80	8.41401160015666	1.11383640478871	1.43754360540595e-13	1	21	39	7.56532990576499e-05	1	0	3.20200906822395	-3.40112761629557
SDCBP	EPHB6	R-HSA-3928662	REACTOME_EPHB_MEDIATED_FORWARD_SIGNALING	5.70326369372392e-81	1.50045595163743e-80	1.97101900729825	10.4181319376235	6.15396329122261e-18	1	16	30	1.78550518743165e-05	1	0	-5.73576590506585	-0.0182454327922952
GNAS	ADCY1	R-HSA-112040	REACTOME_G_PROTEIN_MEDIATED_EVENTS	1.78126368720979e-80	4.67060445074406e-80	3.70548256918186	10.6200334392265	6.70534051415323e-23	1	13	25	1.13367147312993e-05	1	0	6.53081841622123	7.11789693015325
MMP2	SDC2	R-HSA-1793185	REACTOME_CHONDROITIN_SULFATE_DERMATAN_SULFATE_METABOLISM	4.695279014625e-80	1.21488407507129e-79	1.56948097074454	6.87680810832618	1.24436837425359e-20	1	7	13	1.11914158059315e-09	1	0	4.79920224094063	3.98991492461994
MMP2	SDC2	R-HSA-1971475	REACTOME_A_TETRASACCHARIDE_LINKER_SEQUENCE_IS_REQUIRED_FOR_GAG_SYNTHESIS	4.695279014625e-80	1.21488407507129e-79	1.56948097074454	6.87680810832618	1.24436837425359e-20	1	7	13	1.11914158059315e-09	1	0	4.79920224094063	3.98991492461994
MMP2	SDC2	R-HSA-3560782	REACTOME_DISEASES_ASSOCIATED_WITH_GLYCOSAMINOGLYCAN_METABOLISM	4.695279014625e-80	1.21488407507129e-79	1.56948097074454	6.87680810832618	1.24436837425359e-20	1	7	13	1.11914158059315e-09	1	0	4.79920224094063	3.98991492461994
MMP2	SDC2	R-HSA-3560783	REACTOME_DEFECTIVE_B4GALT7_CAUSES_EDS_PROGEROID_TYPE	4.695279014625e-80	1.21488407507129e-79	1.56948097074454	6.87680810832618	1.24436837425359e-20	1	7	13	1.11914158059315e-09	1	0	4.79920224094063	3.98991492461994
MMP7	ERBB4	R-HSA-2219530	REACTOME_CONSTITUTIVE_SIGNALING_BY_ABERRANT_PI3K_IN_CANCER	3.16511549794852e-79	8.16266628418302e-79	3.71164305105519	5.54075970430483	3.27693946110743e-09	1	18	34	2.1400025054965e-05	1	0	4.56547778692496	-3.89709153867408
TGFB1	SDC2	R-HSA-2682334	REACTOME_EPH_EPHRIN_SIGNALING	5.30208630273536e-79	1.36289693814575e-78	2.34733530459407	6.87680810832618	5.26665083282664e-26	1	4	9	7.02164486133339e-10	1	0	1.15661892798294	3.98991492461994
TGFB1	ITGB5	R-HSA-445355	REACTOME_SMOOTH_MUSCLE_CONTRACTION	9.11449181628719e-79	2.33521620391149e-78	2.34733530459407	1.0454169712852	6.96757005243614e-16	1	11	20	1.53110620650576e-07	1	0	1.15661892798294	5.09092105946819
GNAS	ADCY9	R-HSA-112040	REACTOME_G_PROTEIN_MEDIATED_EVENTS	1.87185642427729e-78	4.78024572193288e-78	3.70548256918186	1.96365614157027	1.8379161730549e-15	1	13	25	4.34351670984014e-06	1	0	6.53081841622123	-0.649116928523714
ADAM17	ERBB4	R-HSA-2219530	REACTOME_CONSTITUTIVE_SIGNALING_BY_ABERRANT_PI3K_IN_CANCER	6.3778840206557e-78	1.623461387076e-77	1.01997560898112	5.54075970430483	6.60321553485159e-08	1	18	34	2.1400025054965e-05	1	0	4.52749600270951	-3.89709153867408
COL9A2	ITGA2	R-HSA-6806834	REACTOME_SIGNALING_BY_MET	6.63546503758083e-78	1.68356135581339e-77	7.63291431421208	1.38894765124879	2.85633367123933e-14	1	21	39	0.000120353120494426	1	0	6.01828964755494	5.56974806734687
ABCA1	RXRA	R-HSA-9843745	REACTOME_ADIPOGENESIS	9.75104229112778e-78	2.46607005040135e-77	4.00015095710297	1.11383640478871	2.84171112979741e-10	1	21	39	7.56532990576499e-05	1	0	-4.11409824026658	-3.40112761629557
COL7A1	ITGA2	R-HSA-3000178	REACTOME_ECM_PROTEOGLYCANS	2.64375449085943e-77	6.64328051549292e-77	1.03587682415993	1.38894765124879	3.53336029746942e-06	1	9	17	4.0719774615777e-09	1	0	3.2664742189531	5.56974806734687
HBEGF	ERBB4	R-HSA-9018519	REACTOME_ESTROGEN_DEPENDENT_GENE_EXPRESSION	2.6355601611861e-77	6.64328051549292e-77	3.10590211363943	5.54075970430483	4.88802071898867e-16	1	33	61	0.00195126685193563	1	0	2.04268055323372	-3.89709153867408
UBC	ERBB4	R-HSA-9018519	REACTOME_ESTROGEN_DEPENDENT_GENE_EXPRESSION	3.06946164101025e-77	7.68836398259435e-77	3.47487818806187	5.54075970430483	5.69275265211432e-16	1	33	61	0.00195126685193563	1	0	7.15737689433595	-3.89709153867408
FABP5	RXRA	R-HSA-1592230	REACTOME_MITOCHONDRIAL_BIOGENESIS	1.5815939754379e-76	3.9489480151061e-76	8.41401160015666	1.11383640478871	1.43754360540595e-13	1	22	41	0.000190835235334082	1	0	3.20200906822395	-3.40112761629557
GNAS	ADCY1	R-HSA-111885	REACTOME_OPIOID_SIGNALLING	2.04660578925622e-76	5.09377440881547e-76	3.70548256918186	10.6200334392265	6.70534051415323e-23	1	17	32	0.000127837216619611	1	0	6.53081841622123	7.11789693015325
MMP2	SDC2	R-HSA-3000171	REACTOME_NON_INTEGRIN_MEMBRANE_ECM_INTERACTIONS	4.96277983634088e-76	1.23127195939597e-75	1.56948097074454	6.87680810832618	1.24436837425359e-20	1	7	14	4.36920680319686e-08	1	0	4.79920224094063	3.98991492461994
CD22	PTPRC	R-HSA-202403	REACTOME_TCR_SIGNALING	6.85345790800162e-75	1.69498769712091e-74	16.8252959764667	15.850733745484	1.70831975597708e-19	1	19	36	0.000234039979620205	1	0	-3.66787924180358	-6.30669616294725
TLN1	ITGB5	R-HSA-445355	REACTOME_SMOOTH_MUSCLE_CONTRACTION	3.6224010385744e-74	8.93069941585638e-74	1.45954108117514	1.0454169712852	2.76914319558475e-11	1	11	20	1.53110620650576e-07	1	0	2.58232245660889	5.09092105946819
SPP1	ITGB5	R-HSA-445355	REACTOME_SMOOTH_MUSCLE_CONTRACTION	8.14407796110143e-74	2.00155395658417e-73	2.6783315950163	1.0454169712852	6.22573752330061e-11	1	11	20	1.53110620650576e-07	1	0	6.139474460684	5.09092105946819
GNAS	ADCY1	R-HSA-163685	REACTOME_INTEGRATION_OF_ENERGY_METABOLISM	1.15778793758011e-73	2.83658044707127e-73	3.70548256918186	10.6200334392265	6.70534051415323e-23	1	19	36	0.000423452883868237	1	0	6.53081841622123	7.11789693015325
MMP2	SDC2	R-HSA-2682334	REACTOME_EPH_EPHRIN_SIGNALING	1.25274082564269e-73	3.05965360530801e-73	1.56948097074454	6.87680810832618	1.24436837425359e-20	1	4	9	7.02164486133339e-10	1	0	4.79920224094063	3.98991492461994
ABCA1	RXRA	R-HSA-1592230	REACTOME_MITOCHONDRIAL_BIOGENESIS	3.12646738917756e-73	7.61226842582362e-73	4.00015095710297	1.11383640478871	2.84171112979741e-10	1	22	41	0.000190835235334082	1	0	-4.11409824026658	-3.40112761629557
GNAS	ADCY9	R-HSA-9662851	REACTOME_ANTI_INFLAMMATORY_RESPONSE_FAVOURING_LEISHMANIA_PARASITE_INFECTION	3.25657862481167e-73	7.9045128230723e-73	3.70548256918186	1.96365614157027	1.8379161730549e-15	1	16	30	4.0166872895976e-05	1	0	6.53081841622123	-0.649116928523714
GNAS	ADCY1	R-HSA-9662851	REACTOME_ANTI_INFLAMMATORY_RESPONSE_FAVOURING_LEISHMANIA_PARASITE_INFECTION	4.13200181433571e-73	9.99842414333086e-73	3.70548256918186	10.6200334392265	6.70534051415323e-23	1	16	30	0.000127837216619611	1	0	6.53081841622123	7.11789693015325
NRG1	ERBB4	R-HSA-9018519	REACTOME_ESTROGEN_DEPENDENT_GENE_EXPRESSION	4.1759762935011e-73	1.00737397357073e-72	8.89455899048275	5.54075970430483	7.74494126343622e-12	1	33	61	0.00195126685193563	1	0	-1.11606595099888	-3.89709153867408
TGFB1	ITGB5	R-HSA-2173789	REACTOME_TGF_BETA_RECEPTOR_SIGNALING_ACTIVATES_SMADS	1.21561524388111e-72	2.92344279510058e-72	2.34733530459407	1.0454169712852	6.96757005243614e-16	1	19	35	0.000123960340547246	1	0	1.15661892798294	5.09092105946819
UBC	TLR4	R-HSA-9833110	REACTOME_RSV_HOST_INTERACTIONS	2.51388728928674e-72	6.02717931131744e-72	3.47487818806187	5.19860521467565	2.74852046907024e-20	1	15	28	5.49381323490013e-05	1	0	7.15737689433595	8.61485446971873
VCAN	TLR2	R-HSA-9833110	REACTOME_RSV_HOST_INTERACTIONS	3.53538718529431e-71	8.45043766241078e-71	1.63722029935208	5.57490509110826	3.63924185564032e-15	1	15	29	5.49381323490013e-05	1	0	7.49215599917647	5.44758975714471
TGFB1	ITGB5	R-HSA-3000178	REACTOME_ECM_PROTEOGLYCANS	5.95457253719319e-71	1.41896196630987e-70	2.34733530459407	1.0454169712852	6.96757005243614e-16	1	8	15	4.36920680319686e-08	1	0	1.15661892798294	5.09092105946819
SLPI	CD4	R-HSA-202403	REACTOME_TCR_SIGNALING	1.06084979786082e-70	2.52032194400874e-70	10.5127103216245	13.6803417654513	1.2377359552404e-18	1	19	35	0.000234039979620205	1	0	6.25807300861969	-3.78046533248377
MMP7	ERBB4	R-HSA-9018519	REACTOME_ESTROGEN_DEPENDENT_GENE_EXPRESSION	1.7668851240263e-70	4.18500887382664e-70	3.71164305105519	5.54075970430483	3.27693946110743e-09	1	33	61	0.00195126685193563	1	0	4.56547778692496	-3.89709153867408
COL9A2	ITGA2	R-HSA-216083	REACTOME_INTEGRIN_CELL_SURFACE_INTERACTIONS	7.19725686987801e-70	1.69959318854951e-69	7.63291431421208	1.38894765124879	2.85633367123933e-14	1	7	13	3.93788449878116e-09	1	0	6.01828964755494	5.56974806734687
COL7A1	ITGA2	R-HSA-6806834	REACTOME_SIGNALING_BY_MET	8.20824575052598e-70	1.93251191243615e-69	1.03587682415993	1.38894765124879	3.53336029746942e-06	1	21	39	0.000120353120494426	1	0	3.2664742189531	5.56974806734687
TGFB1	SDC2	R-HSA-2022928	REACTOME_HS_GAG_BIOSYNTHESIS	1.13431460655254e-69	2.66258278903351e-69	2.34733530459407	6.87680810832618	5.26665083282664e-26	1	5	10	2.16353183519596e-08	1	0	1.15661892798294	3.98991492461994
GNAS	ADCY1	R-HSA-9664323	REACTOME_FCGR3A_MEDIATED_IL10_SYNTHESIS	1.59831258227722e-69	3.7405285507622e-69	3.70548256918186	10.6200334392265	6.70534051415323e-23	1	12	23	4.0166872895976e-05	1	0	6.53081841622123	7.11789693015325
TGFB1	SDC2	R-HSA-2024096	REACTOME_HS_GAG_DEGRADATION	2.61095345986487e-69	6.0922247396847e-69	2.34733530459407	6.87680810832618	5.26665083282664e-26	1	6	12	2.5090291088895e-07	1	0	1.15661892798294	3.98991492461994
ADAM17	ERBB4	R-HSA-9018519	REACTOME_ESTROGEN_DEPENDENT_GENE_EXPRESSION	3.56037193782205e-69	8.28288308383528e-69	1.01997560898112	5.54075970430483	6.60321553485159e-08	1	33	61	0.00195126685193563	1	0	4.52749600270951	-3.89709153867408
GNAS	ADCY1	R-HSA-5610787	REACTOME_HEDGEHOG_OFF_STATE	8.54687671888154e-69	1.98247081290033e-68	3.70548256918186	10.6200334392265	6.70534051415323e-23	1	16	30	0.000247979640607473	1	0	6.53081841622123	7.11789693015325
FABP5	RXRA	R-HSA-1655829	REACTOME_REGULATION_OF_CHOLESTEROL_BIOSYNTHESIS_BY_SREBP_SREBF	3.29546777632759e-68	7.62137680425024e-68	8.41401160015666	1.11383640478871	1.43754360540595e-13	1	19	35	0.000165166925683656	1	0	3.20200906822395	-3.40112761629557
PTGS2	ALOX5	R-HSA-2142753	REACTOME_ARACHIDONIC_ACID_METABOLISM	4.81751480119273e-68	1.11076424502682e-67	1.31913039585455	11.5147709449478	2.88365730784947e-15	1	5	10	6.55807914677035e-10	1	0	-6.30669616294725	5.87751126047096
TLN1	ITGB5	R-HSA-2173789	REACTOME_TGF_BETA_RECEPTOR_SIGNALING_ACTIVATES_SMADS	4.83125774941511e-68	1.11076424502682e-67	1.45954108117514	1.0454169712852	2.76914319558475e-11	1	19	35	0.000123960340547246	1	0	2.58232245660889	5.09092105946819
SPP1	ITGB5	R-HSA-2173789	REACTOME_TGF_BETA_RECEPTOR_SIGNALING_ACTIVATES_SMADS	1.08618950089791e-67	2.48997827106422e-67	2.6783315950163	1.0454169712852	6.22573752330061e-11	1	19	35	0.000123960340547246	1	0	6.139474460684	5.09092105946819
S100A9	TLR4	R-HSA-9833110	REACTOME_RSV_HOST_INTERACTIONS	4.93191512231256e-67	1.12729488510001e-66	15.6176732219501	5.19860521467565	5.39223445822793e-15	1	15	28	5.49381323490013e-05	1	0	5.45227808318672	8.61485446971873
PTDSS1	JMJD6	R-HSA-3247509	REACTOME_CHROMATIN_MODIFYING_ENZYMES	8.12006487788558e-67	1.85061943728555e-66	1.56801677831403	1.21697426229372	2.83863094290171e-14	1	35	65	0.00512434334013888	1	0	2.85951526152527	2.29491604531214
TLN1	ITGB5	R-HSA-3000178	REACTOME_ECM_PROTEOGLYCANS	2.36654441934446e-66	5.37788644859727e-66	1.45954108117514	1.0454169712852	2.76914319558475e-11	1	8	15	4.36920680319686e-08	1	0	2.58232245660889	5.09092105946819
GNAS	ADCY9	R-HSA-9664323	REACTOME_FCGR3A_MEDIATED_IL10_SYNTHESIS	2.60844752394702e-66	5.9104706900996e-66	3.70548256918186	1.96365614157027	1.8379161730549e-15	1	12	23	1.78550518743165e-05	1	0	6.53081841622123	-0.649116928523714
GNAS	ADCY9	R-HSA-163685	REACTOME_INTEGRATION_OF_ENERGY_METABOLISM	3.17346624075971e-66	7.17002170822944e-66	3.70548256918186	1.96365614157027	1.8379161730549e-15	1	19	36	0.000423452883868237	1	0	6.53081841622123	-0.649116928523714
ADAM28	ITGA4	R-HSA-216083	REACTOME_INTEGRIN_CELL_SURFACE_INTERACTIONS	5.18757651270345e-66	1.16869539826422e-65	12.5482990883424	13.6345698393512	2.93999679159667e-28	1	4	9	2.4381276562037e-07	1	0	3.96154227625537	6.17140321377681
SPP1	ITGB5	R-HSA-3000178	REACTOME_ECM_PROTEOGLYCANS	5.3205931768217e-66	1.19522780820293e-65	2.6783315950163	1.0454169712852	6.22573752330061e-11	1	8	15	4.36920680319686e-08	1	0	6.139474460684	5.09092105946819
UBC	NOTCH1	R-HSA-3781865	REACTOME_DISEASES_OF_GLYCOSYLATION	7.2878769121718e-66	1.63248442832648e-65	3.47487818806187	1.09863455757058	1.78051196509234e-14	1	3	6	7.22815969794235e-14	1	0	7.15737689433595	-6.30669616294725
FABP5	RXRA	R-HSA-9839373	REACTOME_SIGNALING_BY_TGFBR3	1.42405328846312e-65	3.18079139075523e-65	8.41401160015666	1.11383640478871	1.43754360540595e-13	1	14	27	5.80565488850313e-05	1	0	3.20200906822395	-3.40112761629557
TGFB1	SDC2	R-HSA-9820960	REACTOME_RESPIRATORY_SYNCYTIAL_VIRUS_RSV_ATTACHMENT_AND_ENTRY	3.31753202643954e-65	7.38904860434261e-65	2.34733530459407	6.87680810832618	5.26665083282664e-26	1	5	10	1.20090940766208e-07	1	0	1.15661892798294	3.98991492461994
GDF11	ACVR2A	R-HSA-9839373	REACTOME_SIGNALING_BY_TGFBR3	3.59658590934268e-65	7.9878848524778e-65	2.89162081168427	1.32764552764177	3.44501704473786e-07	1	14	26	1.00029993204996e-05	1	0	7.49266276749024	5.80573679559998
ABCA1	RXRA	R-HSA-1655829	REACTOME_REGULATION_OF_CHOLESTEROL_BIOSYNTHESIS_BY_SREBP_SREBF	6.51442323047609e-65	1.44274231996985e-64	4.00015095710297	1.11383640478871	2.84171112979741e-10	1	19	35	0.000165166925683656	1	0	-4.11409824026658	-3.40112761629557
TGFB1	SDC2	R-HSA-2187338	REACTOME_VISUAL_PHOTOTRANSDUCTION	7.29856970688801e-65	1.60732546353938e-64	2.34733530459407	6.87680810832618	5.26665083282664e-26	1	6	11	1.20090940766208e-07	1	0	1.15661892798294	3.98991492461994
TGFB1	SDC2	R-HSA-6806667	REACTOME_METABOLISM_OF_FAT_SOLUBLE_VITAMINS	7.29856970688801e-65	1.60732546353938e-64	2.34733530459407	6.87680810832618	5.26665083282664e-26	1	6	11	1.20090940766208e-07	1	0	1.15661892798294	3.98991492461994
CAP1	ROBO1	R-HSA-373752	REACTOME_NETRIN_1_SIGNALING	8.90400364988373e-65	1.95538903683721e-64	4.83991828851274	7.43139786753504	1.78357692572352e-24	1	8	15	3.06350893567617e-06	1	0	-4.53860900476605	7.15495719236282
FABP5	RXRA	R-HSA-400253	REACTOME_CIRCADIAN_CLOCK	2.22036439833936e-64	4.86247398965938e-64	8.41401160015666	1.11383640478871	1.43754360540595e-13	1	23	43	0.00101949301600462	1	0	3.20200906822395	-3.40112761629557
MMP2	SDC2	R-HSA-2022928	REACTOME_HS_GAG_BIOSYNTHESIS	2.6800812654032e-64	5.85287942082482e-64	1.56948097074454	6.87680810832618	1.24436837425359e-20	1	5	10	2.16353183519596e-08	1	0	4.79920224094063	3.98991492461994
MMP9	ITGB2	R-HSA-216083	REACTOME_INTEGRIN_CELL_SURFACE_INTERACTIONS	2.70869953316532e-64	5.89894565000448e-64	13.5172478448157	11.4963612113497	2.82479100410589e-23	1	6	11	5.24230283517734e-08	1	0	5.77655813652354	5.24287354857827
ICAM3	ITGB2	R-HSA-216083	REACTOME_INTEGRIN_CELL_SURFACE_INTERACTIONS	4.20858089562798e-64	9.13996515837212e-64	7.02621090936945	11.4963612113497	4.38895540404562e-23	1	6	11	5.24230283517734e-08	1	0	6.85921143135228	5.24287354857827
TNF	TNFRSF1B	R-HSA-6783783	REACTOME_INTERLEUKIN_10_SIGNALING	5.0843308788158e-64	1.10113685331259e-63	11.125705841913	3.6996762729976	3.38368781975943e-28	1	7	14	1.22296650913573e-05	1	0	-6.22275711853036	7.85212218182166
MMP2	SDC2	R-HSA-2024096	REACTOME_HS_GAG_DEGRADATION	6.16898293665708e-64	1.33236435877112e-63	1.56948097074454	6.87680810832618	1.24436837425359e-20	1	6	12	2.5090291088895e-07	1	0	4.79920224094063	3.98991492461994
COL9A2	ITGA2	R-HSA-8875878	REACTOME_MET_PROMOTES_CELL_MOTILITY	9.55659391305964e-64	2.05834330435131e-63	7.63291431421208	1.38894765124879	2.85633367123933e-14	1	9	17	1.0361258216608e-06	1	0	6.01828964755494	5.56974806734687
YWHAZ	CSF2RB	R-HSA-512988	REACTOME_INTERLEUKIN_3_INTERLEUKIN_5_AND_GM_CSF_SIGNALING	1.56133810501799e-63	3.35366869680577e-63	1.82922272527019	8.1735956011825	1.35245847586812e-19	1	14	26	0.000120353120494426	1	0	3.02809131790259	1.77688837161157
UBC	NOTCH1	R-HSA-8986944	REACTOME_TRANSCRIPTIONAL_REGULATION_BY_MECP2	2.23935457093909e-63	4.79686880769467e-63	3.47487818806187	1.09863455757058	1.78051196509234e-14	1	15	29	0.000163703772319972	1	0	7.15737689433595	-6.30669616294725
FABP5	RXRA	R-HSA-9616222	REACTOME_TRANSCRIPTIONAL_REGULATION_OF_GRANULOPOIESIS	6.07260995806586e-63	1.29725509730889e-62	8.41401160015666	1.11383640478871	1.43754360540595e-13	1	12	22	9.54461187569318e-06	1	0	3.20200906822395	-3.40112761629557
B2M	TYROBP	R-HSA-2172127	REACTOME_DAP12_INTERACTIONS	1.70723786107655e-62	3.63715892142395e-62	1.71800318564513	11.7029332232716	3.07981976074756e-20	1	11	20	1.76898439715776e-05	1	0	0.0213117982230598	-4.58993343050057
ABCA1	RXRA	R-HSA-9839373	REACTOME_SIGNALING_BY_TGFBR3	2.8150437065229e-62	5.98101427076952e-62	4.00015095710297	1.11383640478871	2.84171112979741e-10	1	14	27	5.80565488850313e-05	1	0	-4.11409824026658	-3.40112761629557
HBEGF	ERBB4	R-HSA-8848021	REACTOME_SIGNALING_BY_PTK6	3.37104017386282e-62	7.14296080083364e-62	3.10590211363943	5.54075970430483	4.88802071898867e-16	1	15	28	0.00014445192226412	1	0	2.04268055323372	-3.89709153867408
UBC	ERBB4	R-HSA-8848021	REACTOME_SIGNALING_BY_PTK6	3.9260262984548e-62	8.29650840428185e-62	3.47487818806187	5.54075970430483	5.69275265211432e-16	1	15	28	0.00014445192226412	1	0	7.15737689433595	-3.89709153867408
ICAM2	ITGB2	R-HSA-216083	REACTOME_INTEGRIN_CELL_SURFACE_INTERACTIONS	5.35112753796695e-62	1.12776451337798e-61	4.49656383981264	11.4963612113497	5.58047016510847e-21	1	6	11	5.24230283517734e-08	1	0	4.64791622246125	5.24287354857827
UBC	NOTCH1	R-HSA-1912422	REACTOME_PRE_NOTCH_EXPRESSION_AND_PROCESSING	5.37403442825405e-62	1.12955576186359e-61	3.47487818806187	1.09863455757058	1.78051196509234e-14	1	14	27	0.000121380822583807	1	0	7.15737689433595	-6.30669616294725
COL7A1	ITGA2	R-HSA-216083	REACTOME_INTEGRIN_CELL_SURFACE_INTERACTIONS	8.90319710570857e-62	1.86633864461912e-61	1.03587682415993	1.38894765124879	3.53336029746942e-06	1	7	13	3.93788449878116e-09	1	0	3.2664742189531	5.56974806734687
TYROBP	TREM2	R-HSA-2172127	REACTOME_DAP12_INTERACTIONS	1.17319645341579e-61	2.44623941350527e-61	11.7029332232716	17.0988540674471	6.78478832427013e-28	1	9	18	0.00014445192226412	1	0	-4.58993343050057	5.41795247730373
TYROBP	TREM2	R-HSA-2424491	REACTOME_DAP12_SIGNALING	1.17319645341579e-61	2.44623941350527e-61	11.7029332232716	17.0988540674471	6.78478832427013e-28	1	9	18	0.00014445192226412	1	0	-4.58993343050057	5.41795247730373
GNAS	ADCY9	R-HSA-5610787	REACTOME_HEDGEHOG_OFF_STATE	2.34267639616249e-61	4.87177266469865e-61	3.70548256918186	1.96365614157027	1.8379161730549e-15	1	16	30	0.000247979640607473	1	0	6.53081841622123	-0.649116928523714
ITGAM	ITGB2	R-HSA-216083	REACTOME_INTEGRIN_CELL_SURFACE_INTERACTIONS	4.13237047592492e-61	8.57084246858503e-61	17.1144489086967	11.4963612113497	4.30947870116276e-20	1	6	11	5.24230283517734e-08	1	0	-4.86223531016049	5.24287354857827
ABCA1	RXRA	R-HSA-400253	REACTOME_CIRCADIAN_CLOCK	4.38917762163125e-61	9.07945977667257e-61	4.00015095710297	1.11383640478871	2.84171112979741e-10	1	23	43	0.00101949301600462	1	0	-4.11409824026658	-3.40112761629557
ADAM15	ITGA5	R-HSA-216083	REACTOME_INTEGRIN_CELL_SURFACE_INTERACTIONS	5.36443231040592e-61	1.10676708719954e-60	1.22598691314216	2.22952612887568	6.85056926414023e-13	1	5	10	3.93788449878116e-09	1	0	1.31829304345549	-3.35403305953966
SPP1	ITGA5	R-HSA-216083	REACTOME_INTEGRIN_CELL_SURFACE_INTERACTIONS	6.9743769970102e-61	1.43514739256063e-60	2.6783315950163	2.22952612887568	8.90652541175031e-13	1	5	10	3.93788449878116e-09	1	0	6.139474460684	-3.35403305953966
ADAM15	ITGA5	R-HSA-1566948	REACTOME_ELASTIC_FIBRE_FORMATION	1.44278227213655e-60	2.96110288312841e-60	1.22598691314216	2.22952612887568	6.85056926414023e-13	1	6	11	4.0719774615777e-09	1	0	1.31829304345549	-3.35403305953966
FABP5	RXRA	R-HSA-2426168	REACTOME_ACTIVATION_OF_GENE_EXPRESSION_BY_SREBF_SREBP	1.50756276103737e-60	3.0859770356483e-60	8.41401160015666	1.11383640478871	1.43754360540595e-13	1	14	26	7.02196691022399e-05	1	0	3.20200906822395	-3.40112761629557
SPP1	ITGA5	R-HSA-1566948	REACTOME_ELASTIC_FIBRE_FORMATION	1.87578235836139e-60	3.82972231498784e-60	2.6783315950163	2.22952612887568	8.90652541175031e-13	1	6	11	4.0719774615777e-09	1	0	6.139474460684	-3.35403305953966
ICAM3	ITGAL	R-HSA-216083	REACTOME_INTEGRIN_CELL_SURFACE_INTERACTIONS	3.32682588268183e-60	6.77462725200663e-60	7.02621090936945	12.7108503570674	7.54175630286006e-23	1	5	10	2.4381276562037e-07	1	0	6.85921143135228	-0.697293284537909
FGR	LRP8	R-HSA-2187338	REACTOME_VISUAL_PHOTOTRANSDUCTION	4.53189069135625e-60	9.1808845013522e-60	6.39666281298029	1.32382501131126	1.58848363225031e-14	1	6	12	1.20090940766208e-07	1	0	4.42548297268161	4.24119148464093
FGR	LRP8	R-HSA-6806667	REACTOME_METABOLISM_OF_FAT_SOLUBLE_VITAMINS	4.53189069135625e-60	9.1808845013522e-60	6.39666281298029	1.32382501131126	1.58848363225031e-14	1	6	12	1.20090940766208e-07	1	0	4.42548297268161	4.24119148464093
ITGB2	ITGAL	R-HSA-216083	REACTOME_INTEGRIN_CELL_SURFACE_INTERACTIONS	6.14830885040783e-60	1.24233869554632e-59	11.4963612113497	12.7108503570674	1.39379242135493e-22	1	5	10	2.4381276562037e-07	1	0	5.24287354857827	-0.697293284537909
MMP2	SDC2	R-HSA-9820960	REACTOME_RESPIRATORY_SYNCYTIAL_VIRUS_RSV_ATTACHMENT_AND_ENTRY	7.83843863075909e-60	1.57977786285736e-59	1.56948097074454	6.87680810832618	1.24436837425359e-20	1	5	10	1.20090940766208e-07	1	0	4.79920224094063	3.98991492461994
ABCA1	RXRA	R-HSA-9616222	REACTOME_TRANSCRIPTIONAL_REGULATION_OF_GRANULOPOIESIS	1.20042294646647e-59	2.41315792315311e-59	4.00015095710297	1.11383640478871	2.84171112979741e-10	1	12	22	9.54461187569318e-06	1	0	-4.11409824026658	-3.40112761629557
MMP2	SDC2	R-HSA-2187338	REACTOME_VISUAL_PHOTOTRANSDUCTION	1.72445632125992e-59	3.44891264251985e-59	1.56948097074454	6.87680810832618	1.24436837425359e-20	1	6	11	1.20090940766208e-07	1	0	4.79920224094063	3.98991492461994
MMP2	SDC2	R-HSA-6806667	REACTOME_METABOLISM_OF_FAT_SOLUBLE_VITAMINS	1.72445632125992e-59	3.44891264251985e-59	1.56948097074454	6.87680810832618	1.24436837425359e-20	1	6	11	1.20090940766208e-07	1	0	4.79920224094063	3.98991492461994
SLPI	CD4	R-HSA-388841	REACTOME_COSTIMULATION_BY_THE_CD28_FAMILY	1.8328692045236e-59	3.65641083039822e-59	10.5127103216245	13.6803417654513	1.2377359552404e-18	1	10	19	2.63331521408461e-05	1	0	6.25807300861969	-3.78046533248377
TGFB1	ITGB5	R-HSA-216083	REACTOME_INTEGRIN_CELL_SURFACE_INTERACTIONS	2.82618865063586e-59	5.62368503070689e-59	2.34733530459407	1.0454169712852	6.96757005243614e-16	1	6	12	2.4381276562037e-07	1	0	1.15661892798294	5.09092105946819
B2M	TFRC	R-HSA-199992	REACTOME_TRANS_GOLGI_NETWORK_VESICLE_BUDDING	6.91186717011449e-59	1.37187439528348e-58	1.71800318564513	2.06381115833075	7.88560002872138e-11	1	17	31	0.000170241124243181	1	0	0.0213117982230598	4.33934108420553
TGFB1	SDC2	R-HSA-3656237	REACTOME_DEFECTIVE_EXT2_CAUSES_EXOSTOSES_2	7.36671142884214e-59	1.45113109553071e-58	2.34733530459407	6.87680810832618	5.26665083282664e-26	1	4	8	1.20090940766208e-07	1	0	1.15661892798294	3.98991492461994
TGFB1	SDC2	R-HSA-9694614	REACTOME_ATTACHMENT_AND_ENTRY	7.36671142884214e-59	1.45113109553071e-58	2.34733530459407	6.87680810832618	5.26665083282664e-26	1	4	8	1.20090940766208e-07	1	0	1.15661892798294	3.98991492461994
TGFB1	SDC2	R-HSA-9772572	REACTOME_EARLY_SARS_COV_2_INFECTION_EVENTS	7.36671142884214e-59	1.45113109553071e-58	2.34733530459407	6.87680810832618	5.26665083282664e-26	1	4	8	1.20090940766208e-07	1	0	1.15661892798294	3.98991492461994
SPP1	ITGA4	R-HSA-216083	REACTOME_INTEGRIN_CELL_SURFACE_INTERACTIONS	2.21162293160691e-58	4.34564505859603e-58	2.6783315950163	13.6345698393512	1.25341078000938e-20	1	4	9	2.4381276562037e-07	1	0	6.139474460684	6.17140321377681
ADAM17	ITGA5	R-HSA-216083	REACTOME_INTEGRIN_CELL_SURFACE_INTERACTIONS	2.26327462506223e-58	4.43601826512197e-58	1.01997560898112	2.22952612887568	2.89028152199512e-10	1	5	10	3.93788449878116e-09	1	0	4.52749600270951	-3.35403305953966
FABP5	RXRA	R-HSA-381340	REACTOME_TRANSCRIPTIONAL_REGULATION_OF_WHITE_ADIPOCYTE_DIFFERENTIATION	2.53042795907922e-58	4.94727062323717e-58	8.41401160015666	1.11383640478871	1.43754360540595e-13	1	15	29	0.000309395311580208	1	0	3.20200906822395	-3.40112761629557
TGFB1	ACVRL1	R-HSA-201451	REACTOME_SIGNALING_BY_BMP	3.90510767609114e-58	7.61593138819764e-58	2.34733530459407	5.8589628455302	3.26916223922288e-18	1	9	17	1.19351437919094e-05	1	0	1.15661892798294	5.99676939788284
C5	C5AR2	R-HSA-166658	REACTOME_COMPLEMENT_CASCADE	3.95558954407015e-58	7.69524119739702e-58	10.170155711275	7.85926731543261	1.02435535612756e-24	1	6	11	9.70554814086191e-07	1	0	-0.652661547983459	-1.18685626028629
VCAN	TLR2	R-HSA-1236975	REACTOME_ANTIGEN_PROCESSING_CROSS_PRESENTATION	4.13269738410768e-58	8.01988799292183e-58	1.63722029935208	5.57490509110826	3.63924185564032e-15	1	11	20	1.50962254752391e-05	1	0	7.49215599917647	5.44758975714471
ICAM2	ITGAL	R-HSA-216083	REACTOME_INTEGRIN_CELL_SURFACE_INTERACTIONS	4.22999344347487e-58	8.18843175230691e-58	4.49656383981264	12.7108503570674	9.58919427657775e-21	1	5	10	2.4381276562037e-07	1	0	4.64791622246125	-0.697293284537909
FABP5	RXRA	R-HSA-2151201	REACTOME_TRANSCRIPTIONAL_ACTIVATION_OF_MITOCHONDRIAL_BIOGENESIS	4.61429161812135e-58	8.9103562280964e-58	8.41401160015666	1.11383640478871	1.43754360540595e-13	1	13	24	5.70462663623905e-05	1	0	3.20200906822395	-3.40112761629557
NRG1	ERBB4	R-HSA-8848021	REACTOME_SIGNALING_BY_PTK6	5.34132517929531e-58	1.02889408859153e-57	8.89455899048275	5.54075970430483	7.74494126343622e-12	1	15	28	0.00014445192226412	1	0	-1.11606595099888	-3.89709153867408
TNF	TNFRSF1B	R-HSA-5668541	REACTOME_TNFR2_NON_CANONICAL_NF_KB_PATHWAY	5.70828154182619e-58	1.09688547274307e-57	11.125705841913	3.6996762729976	3.38368781975943e-28	1	12	23	0.00101949301600462	1	0	-6.22275711853036	7.85212218182166
ADAM17	ITGA5	R-HSA-1566948	REACTOME_ELASTIC_FIBRE_FORMATION	6.08715390010987e-58	1.16682852266165e-57	1.01997560898112	2.22952612887568	2.89028152199512e-10	1	6	11	4.0719774615777e-09	1	0	4.52749600270951	-3.35403305953966
TYROBP	CD300LB	R-HSA-2172127	REACTOME_DAP12_INTERACTIONS	6.44867833253336e-58	1.23311312505028e-57	11.7029332232716	13.2087312826454	1.22795561510696e-21	1	11	20	7.00481397178349e-05	1	0	-4.58993343050057	4.13957779260343
ADAM17	NOTCH1	R-HSA-3781865	REACTOME_DISEASES_OF_GLYCOSYLATION	8.45345388836905e-58	1.61253232323147e-57	1.01997560898112	1.09863455757058	2.06527579650245e-06	1	3	6	7.22815969794235e-14	1	0	4.52749600270951	-6.30669616294725
ABCA1	RXRA	R-HSA-2426168	REACTOME_ACTIVATION_OF_GENE_EXPRESSION_BY_SREBF_SREBP	2.98012377558331e-57	5.67091514577018e-57	4.00015095710297	1.11383640478871	2.84171112979741e-10	1	14	26	7.02196691022399e-05	1	0	-4.11409824026658	-3.40112761629557
VASP	ROBO1	R-HSA-373752	REACTOME_NETRIN_1_SIGNALING	3.23196404879112e-57	6.13525378753568e-57	1.03470455701633	7.43139786753504	6.47400509799552e-17	1	8	15	3.06350893567617e-06	1	0	-3.25418154230553	7.15495719236282
VCAN	ITGA4	R-HSA-216083	REACTOME_INTEGRIN_CELL_SURFACE_INTERACTIONS	5.24029496708871e-57	9.92365037245785e-57	1.63722029935208	13.6345698393512	2.96987434354623e-19	1	4	9	2.4381276562037e-07	1	0	7.49215599917647	6.17140321377681
UBC	NOTCH1	R-HSA-9012852	REACTOME_SIGNALING_BY_NOTCH3	7.29776612220765e-57	1.37866232284598e-56	3.47487818806187	1.09863455757058	1.78051196509234e-14	1	14	27	0.00028238761945871	1	0	7.15737689433595	-6.30669616294725
UBC	NOTCH1	R-HSA-9759194	REACTOME_NUCLEAR_EVENTS_MEDIATED_BY_NFE2L2	7.38157233516441e-57	1.39114247855022e-56	3.47487818806187	1.09863455757058	1.78051196509234e-14	1	29	53	0.00511512991401516	1	0	7.15737689433595	-6.30669616294725
ICAM5	ITGB2	R-HSA-216083	REACTOME_INTEGRIN_CELL_SURFACE_INTERACTIONS	7.96687507753994e-57	1.49784893544156e-56	2.76004159207977	11.4963612113497	8.30832536954428e-16	1	6	11	5.24230283517734e-08	1	0	1.4475867177842	5.24287354857827
UBC	TLR4	R-HSA-1236975	REACTOME_ANTIGEN_PROCESSING_CROSS_PRESENTATION	9.2861049731249e-57	1.74170007151434e-56	3.47487818806187	5.19860521467565	2.74852046907024e-20	1	9	18	7.7409126254536e-05	1	0	7.15737689433595	8.61485446971873
COL7A1	ITGA2	R-HSA-8875878	REACTOME_MET_PROMOTES_CELL_MOTILITY	1.18217594293848e-55	2.2119950817751e-55	1.03587682415993	1.38894765124879	3.53336029746942e-06	1	9	17	1.0361258216608e-06	1	0	3.2664742189531	5.56974806734687
NRP1	ROBO1	R-HSA-373752	REACTOME_NETRIN_1_SIGNALING	1.19077774851506e-55	2.22278513056145e-55	1.72741868448327	7.43139786753504	2.38526824497001e-15	1	8	15	3.06350893567617e-06	1	0	8.26065577489803	7.15495719236282
MMP7	ERBB4	R-HSA-8848021	REACTOME_SIGNALING_BY_PTK6	2.25995248502037e-55	4.20855759680754e-55	3.71164305105519	5.54075970430483	3.27693946110743e-09	1	15	28	0.00014445192226412	1	0	4.56547778692496	-3.89709153867408
ADAM17	NOTCH1	R-HSA-8986944	REACTOME_TRANSCRIPTIONAL_REGULATION_BY_MECP2	2.59750278898451e-55	4.82569238522242e-55	1.01997560898112	1.09863455757058	2.06527579650245e-06	1	15	29	0.000163703772319972	1	0	4.52749600270951	-6.30669616294725
ABCA1	RXRA	R-HSA-381340	REACTOME_TRANSCRIPTIONAL_REGULATION_OF_WHITE_ADIPOCYTE_DIFFERENTIATION	5.00210586129342e-55	9.27104254197173e-55	4.00015095710297	1.11383640478871	2.84171112979741e-10	1	15	29	0.000309395311580208	1	0	-4.11409824026658	-3.40112761629557
ABCA1	RXRA	R-HSA-2151201	REACTOME_TRANSCRIPTIONAL_ACTIVATION_OF_MITOCHONDRIAL_BIOGENESIS	9.1214512019227e-55	1.68660795809137e-54	4.00015095710297	1.11383640478871	2.84171112979741e-10	1	13	24	5.70462663623905e-05	1	0	-4.11409824026658	-3.40112761629557
TLN1	ITGB5	R-HSA-216083	REACTOME_INTEGRIN_CELL_SURFACE_INTERACTIONS	1.12322100997188e-54	2.07201240427754e-54	1.45954108117514	1.0454169712852	2.76914319558475e-11	1	6	12	2.4381276562037e-07	1	0	2.58232245660889	5.09092105946819
COL9A2	ITGA2	R-HSA-3000170	REACTOME_SYNDECAN_INTERACTIONS	1.5146483337731e-54	2.78752181614581e-54	7.63291431421208	1.38894765124879	2.85633367123933e-14	1	4	8	3.93788449878116e-09	1	0	6.01828964755494	5.56974806734687
UBC	NOTCH1	R-HSA-1980143	REACTOME_SIGNALING_BY_NOTCH1	1.63261186941766e-54	2.99758244876685e-54	3.47487818806187	1.09863455757058	1.78051196509234e-14	1	22	40	0.00203476657286191	1	0	7.15737689433595	-6.30669616294725
B2M	TYROBP	R-HSA-2424491	REACTOME_DAP12_SIGNALING	1.81234023650401e-54	3.31980080705407e-54	1.71800318564513	11.7029332232716	3.07981976074756e-20	1	10	19	0.000120353120494426	1	0	0.0213117982230598	-4.58993343050057
SPP1	ITGB5	R-HSA-216083	REACTOME_INTEGRIN_CELL_SURFACE_INTERACTIONS	2.52528623290096e-54	4.61497530674674e-54	2.6783315950163	1.0454169712852	6.22573752330061e-11	1	6	12	2.4381276562037e-07	1	0	6.139474460684	5.09092105946819
UBC	NOTCH1	R-HSA-9725371	REACTOME_NUCLEAR_EVENTS_STIMULATED_BY_ALK_SIGNALING_IN_CANCER	3.22169138625274e-54	5.87396755074918e-54	3.47487818806187	1.09863455757058	1.78051196509234e-14	1	13	24	0.000141965404341824	1	0	7.15737689433595	-6.30669616294725
C5	C5AR1	R-HSA-166658	REACTOME_COMPLEMENT_CASCADE	3.25359999678229e-54	5.91838143266198e-54	10.170155711275	12.9762040574786	1.6534196308071e-30	1	5	10	4.59168081578583e-05	1	0	-0.652661547983459	-5.89807820581872
ADAM17	ERBB4	R-HSA-8848021	REACTOME_SIGNALING_BY_PTK6	4.55393013335371e-54	8.26453987164191e-54	1.01997560898112	5.54075970430483	6.60321553485159e-08	1	15	28	0.00014445192226412	1	0	4.52749600270951	-3.89709153867408
ADAM17	NOTCH1	R-HSA-1912422	REACTOME_PRE_NOTCH_EXPRESSION_AND_PROCESSING	6.23352353246803e-54	1.12865645483948e-53	1.01997560898112	1.09863455757058	2.06527579650245e-06	1	14	27	0.000121380822583807	1	0	4.52749600270951	-6.30669616294725
YWHAZ	CSF2RB	R-HSA-451927	REACTOME_INTERLEUKIN_2_FAMILY_SIGNALING	7.95863103827127e-54	1.43768818755868e-53	1.82922272527019	8.1735956011825	1.35245847586812e-19	1	10	19	0.000120353120494426	1	0	3.02809131790259	1.77688837161157
MMP2	SDC2	R-HSA-3656237	REACTOME_DEFECTIVE_EXT2_CAUSES_EXOSTOSES_2	1.74055638303702e-53	3.12264577643254e-53	1.56948097074454	6.87680810832618	1.24436837425359e-20	1	4	8	1.20090940766208e-07	1	0	4.79920224094063	3.98991492461994
MMP2	SDC2	R-HSA-9694614	REACTOME_ATTACHMENT_AND_ENTRY	1.74055638303702e-53	3.12264577643254e-53	1.56948097074454	6.87680810832618	1.24436837425359e-20	1	4	8	1.20090940766208e-07	1	0	4.79920224094063	3.98991492461994
MMP2	SDC2	R-HSA-9772572	REACTOME_EARLY_SARS_COV_2_INFECTION_EVENTS	1.74055638303702e-53	3.12264577643254e-53	1.56948097074454	6.87680810832618	1.24436837425359e-20	1	4	8	1.20090940766208e-07	1	0	4.79920224094063	3.98991492461994
B2M	TFRC	R-HSA-9013408	REACTOME_RHOG_GTPASE_CYCLE	2.39206820153972e-53	4.28169285389758e-53	1.71800318564513	2.06381115833075	7.88560002872138e-11	1	5	10	3.36217200506525e-08	1	0	0.0213117982230598	4.33934108420553
RPS19	C5AR1	R-HSA-166658	REACTOME_COMPLEMENT_CASCADE	6.11077651176525e-53	1.09130951827425e-52	6.66179330253647	12.9762040574786	3.10538414495323e-29	1	5	10	4.59168081578583e-05	1	0	7.52686449869993	-5.89807820581872
ICAM5	ITGAL	R-HSA-216083	REACTOME_INTEGRIN_CELL_SURFACE_INTERACTIONS	6.29770625048134e-53	1.12213675008577e-52	2.76004159207977	12.7108503570674	1.42766010254319e-15	1	5	10	2.4381276562037e-07	1	0	1.4475867177842	-0.697293284537909
TGFB1	ITGB5	R-HSA-1566948	REACTOME_ELASTIC_FIBRE_FORMATION	6.76178738115699e-53	1.20209553442791e-52	2.34733530459407	1.0454169712852	6.96757005243614e-16	1	6	11	2.4381276562037e-07	1	0	1.15661892798294	5.09092105946819
SDCBP	EPHB6	R-HSA-3928665	REACTOME_EPH_EPHRIN_MEDIATED_REPULSION_OF_CELLS	1.90878848757199e-52	3.38572437614579e-52	1.97101900729825	10.4181319376235	6.15396329122261e-18	1	7	14	1.78550518743165e-05	1	0	-5.73576590506585	-0.0182454327922952
TGFB1	SDC2	R-HSA-9833110	REACTOME_RSV_HOST_INTERACTIONS	4.12355345622577e-52	7.29766571034087e-52	2.34733530459407	6.87680810832618	5.26665083282664e-26	1	1	2	8.84716662014638e-14	1	0	1.15661892798294	3.98991492461994
GDF11	ACVR2A	R-HSA-201451	REACTOME_SIGNALING_BY_BMP	8.84072126456846e-52	1.56106429536524e-51	2.89162081168427	1.32764552764177	3.44501704473786e-07	1	9	18	1.19351437919094e-05	1	0	7.49266276749024	5.80573679559998
S100A9	TLR4	R-HSA-1236975	REACTOME_ANTIGEN_PROCESSING_CROSS_PRESENTATION	1.82181125381046e-51	3.2096629730054e-51	15.6176732219501	5.19860521467565	5.39223445822793e-15	1	9	18	7.7409126254536e-05	1	0	5.45227808318672	8.61485446971873
B2M	TFRC	R-HSA-9013149	REACTOME_RAC1_GTPASE_CYCLE	2.33538136967535e-51	4.1052443807746e-51	1.71800318564513	2.06381115833075	7.88560002872138e-11	1	11	20	2.63331521408461e-05	1	0	0.0213117982230598	4.33934108420553
FABP5	RXRA	R-HSA-9024446	REACTOME_NR1H2_AND_NR1H3_MEDIATED_SIGNALING	4.17319598661993e-51	7.31943099219245e-51	8.41401160015666	1.11383640478871	1.43754360540595e-13	1	16	30	0.000895042564115152	1	0	3.20200906822395	-3.40112761629557
B2M	TREM2	R-HSA-2172127	REACTOME_DAP12_INTERACTIONS	1.86912631783886e-50	3.26368604272976e-50	1.71800318564513	17.0988540674471	1.08094653550445e-16	1	9	18	0.00014445192226412	1	0	0.0213117982230598	5.41795247730373
B2M	TREM2	R-HSA-2424491	REACTOME_DAP12_SIGNALING	1.86912631783886e-50	3.26368604272976e-50	1.71800318564513	17.0988540674471	1.08094653550445e-16	1	9	18	0.00014445192226412	1	0	0.0213117982230598	5.41795247730373
ADAM28	ITGA4	R-HSA-8949275	REACTOME_RUNX3_REGULATES_IMMUNE_RESPONSE_AND_CELL_MIGRATION	7.04134262751423e-50	1.22675835999359e-49	12.5482990883424	13.6345698393512	2.93999679159667e-28	1	1	2	1.54758571681858e-11	1	0	3.96154227625537	6.17140321377681
FABP5	RXRA	R-HSA-9707564	REACTOME_CYTOPROTECTION_BY_HMOX1	1.01011458084467e-49	1.75594197645726e-49	8.41401160015666	1.11383640478871	1.43754360540595e-13	1	11	20	7.21179843837725e-05	1	0	3.20200906822395	-3.40112761629557
SDCBP	EPHB6	R-HSA-3928664	REACTOME_EPHRIN_SIGNALING	1.25187616838615e-49	2.17139583189103e-49	1.97101900729825	10.4181319376235	6.15396329122261e-18	1	7	14	4.0166872895976e-05	1	0	-5.73576590506585	-0.0182454327922952
UBC	TLR4	R-HSA-5260271	REACTOME_DISEASES_OF_IMMUNE_SYSTEM	5.3501767309006e-49	9.25946701330258e-49	3.47487818806187	5.19860521467565	2.74852046907024e-20	1	8	16	0.000228587284485314	1	0	7.15737689433595	8.61485446971873
ADAM17	NOTCH1	R-HSA-9012852	REACTOME_SIGNALING_BY_NOTCH3	8.46492471616128e-49	1.46178435627102e-48	1.01997560898112	1.09863455757058	2.06527579650245e-06	1	14	27	0.00028238761945871	1	0	4.52749600270951	-6.30669616294725
ADAM17	NOTCH1	R-HSA-9759194	REACTOME_NUCLEAR_EVENTS_MEDIATED_BY_NFE2L2	8.56213436518891e-49	1.47532161369409e-48	1.01997560898112	1.09863455757058	2.06527579650245e-06	1	29	53	0.00511512991401516	1	0	4.52749600270951	-6.30669616294725
FARP2	NRP1	R-HSA-9694614	REACTOME_ATTACHMENT_AND_ENTRY	1.91324267891029e-48	3.28223689336033e-48	1.45763071158296	1.72741868448327	7.59328020857374e-09	1	4	9	1.20090940766208e-07	1	0	5.08540365514204	8.26065577489803
FARP2	NRP1	R-HSA-9772572	REACTOME_EARLY_SARS_COV_2_INFECTION_EVENTS	1.91324267891029e-48	3.28223689336033e-48	1.45763071158296	1.72741868448327	7.59328020857374e-09	1	4	9	1.20090940766208e-07	1	0	5.08540365514204	8.26065577489803
TLN1	ITGB5	R-HSA-1566948	REACTOME_ELASTIC_FIBRE_FORMATION	2.68735834381384e-48	4.60019419552413e-48	1.45954108117514	1.0454169712852	2.76914319558475e-11	1	6	11	2.4381276562037e-07	1	0	2.58232245660889	5.09092105946819
SHANK1	ABCA1	R-HSA-9024446	REACTOME_NR1H2_AND_NR1H3_MEDIATED_SIGNALING	4.02747131152354e-48	6.87916668460665e-48	1.04893148572415	4.00015095710297	7.3218723447379e-10	1	14	27	0.000556915615553794	1	0	-6.30669616294725	-4.11409824026658
B2M	TFRC	R-HSA-9013148	REACTOME_CDC42_GTPASE_CYCLE	5.4917954700081e-48	9.3599296706225e-48	1.71800318564513	2.06381115833075	7.88560002872138e-11	1	8	16	2.63331521408461e-05	1	0	0.0213117982230598	4.33934108420553
SPP1	ITGB5	R-HSA-1566948	REACTOME_ELASTIC_FIBRE_FORMATION	6.04186439556942e-48	1.02751012714239e-47	2.6783315950163	1.0454169712852	6.22573752330061e-11	1	6	11	2.4381276562037e-07	1	0	6.139474460684	5.09092105946819
HBEGF	ERBB4	R-HSA-1227986	REACTOME_SIGNALING_BY_ERBB2	6.45415845928609e-48	1.09525113248491e-47	3.10590211363943	5.54075970430483	4.88802071898867e-16	1	14	26	0.00101949301600462	1	0	2.04268055323372	-3.89709153867408
UBC	ERBB4	R-HSA-1227986	REACTOME_SIGNALING_BY_ERBB2	7.51672912177608e-48	1.27281115150593e-47	3.47487818806187	5.54075970430483	5.69275265211432e-16	1	14	26	0.00101949301600462	1	0	7.15737689433595	-3.89709153867408
ABCA1	RXRA	R-HSA-9024446	REACTOME_NR1H2_AND_NR1H3_MEDIATED_SIGNALING	8.24950104985156e-48	1.39388121187147e-47	4.00015095710297	1.11383640478871	2.84171112979741e-10	1	16	30	0.000895042564115152	1	0	-4.11409824026658	-3.40112761629557
GNAS	ADCY1	R-HSA-9634597	REACTOME_GPER1_SIGNALING	9.06855246289129e-48	1.52897744750683e-47	3.70548256918186	10.6200334392265	6.70534051415323e-23	1	8	16	0.000610998807943587	1	0	6.53081841622123	7.11789693015325
B2M	TYROBP	R-HSA-391160	REACTOME_SIGNAL_REGULATORY_PROTEIN_FAMILY_INTERACTIONS	1.27184137345545e-47	2.13975029353879e-47	1.71800318564513	11.7029332232716	3.07981976074756e-20	1	3	7	1.81442045471014e-06	1	0	0.0213117982230598	-4.58993343050057
COL9A2	ITGA2	R-HSA-8874081	REACTOME_MET_ACTIVATES_PTK2_SIGNALING	1.6327660776657e-47	2.74108908970003e-47	7.63291431421208	1.38894765124879	2.85633367123933e-14	1	6	11	1.0361258216608e-06	1	0	6.01828964755494	5.56974806734687
FABP5	RXRA	R-HSA-5617472	REACTOME_ACTIVATION_OF_ANTERIOR_HOX_GENES_IN_HINDBRAIN_DEVELOPMENT_DURING_EARLY_EMBRYOGENESIS	2.76036114584184e-47	4.62419474004274e-47	8.41401160015666	1.11383640478871	1.43754360540595e-13	1	22	40	0.00438808891664398	1	0	3.20200906822395	-3.40112761629557
TGFB1	ITGB5	R-HSA-3000170	REACTOME_SYNDECAN_INTERACTIONS	3.36164083260562e-47	5.6194593022661e-47	2.34733530459407	1.0454169712852	6.96757005243614e-16	1	4	8	2.4381276562037e-07	1	0	1.15661892798294	5.09092105946819
MMP2	SDC2	R-HSA-9833110	REACTOME_RSV_HOST_INTERACTIONS	9.7428511464799e-47	1.62519048911495e-46	1.56948097074454	6.87680810832618	1.24436837425359e-20	1	1	2	8.84716662014638e-14	1	0	4.79920224094063	3.98991492461994
HBEGF	ERBB4	R-HSA-1963642	REACTOME_PI3K_EVENTS_IN_ERBB2_SIGNALING	1.24897269151759e-46	2.07896940583819e-46	3.10590211363943	5.54075970430483	4.88802071898867e-16	1	3	7	4.14037980741748e-07	1	0	2.04268055323372	-3.89709153867408
UBC	ERBB4	R-HSA-1963642	REACTOME_PI3K_EVENTS_IN_ERBB2_SIGNALING	1.45459543050508e-46	2.41610766422878e-46	3.47487818806187	5.54075970430483	5.69275265211432e-16	1	3	7	4.14037980741748e-07	1	0	7.15737689433595	-3.89709153867408
HBEGF	PRLR	R-HSA-982772	REACTOME_GROWTH_HORMONE_RECEPTOR_SIGNALING	1.85407748727861e-46	3.07314323472819e-46	3.10590211363943	12.3353937783442	9.30372012011095e-23	1	7	13	0.000141965404341824	1	0	2.04268055323372	2.61631497885598
COL7A1	ITGA2	R-HSA-3000170	REACTOME_SYNDECAN_INTERACTIONS	1.87366004926869e-46	3.09904953296762e-46	1.03587682415993	1.38894765124879	3.53336029746942e-06	1	4	8	3.93788449878116e-09	1	0	3.2664742189531	5.56974806734687
ADAM17	NOTCH1	R-HSA-1980143	REACTOME_SIGNALING_BY_NOTCH1	1.89372149420858e-46	3.12563716096742e-46	1.01997560898112	1.09863455757058	2.06527579650245e-06	1	22	40	0.00203476657286191	1	0	4.52749600270951	-6.30669616294725
ABCA1	RXRA	R-HSA-9707564	REACTOME_CYTOPROTECTION_BY_HMOX1	1.99677688799316e-46	3.28880899198873e-46	4.00015095710297	1.11383640478871	2.84171112979741e-10	1	11	20	7.21179843837725e-05	1	0	-4.11409824026658	-3.40112761629557
SHANK1	ABCA1	R-HSA-9029569	REACTOME_NR1H3_NR1H2_REGULATE_GENE_EXPRESSION_LINKED_TO_CHOLESTEROL_TRANSPORT_AND_EFFLUX	3.06987295139795e-46	5.04566120313625e-46	1.04893148572415	4.00015095710297	7.3218723447379e-10	1	12	22	0.000144988771112107	1	0	-6.30669616294725	-4.11409824026658
ADAM17	NOTCH1	R-HSA-9725371	REACTOME_NUCLEAR_EVENTS_STIMULATED_BY_ALK_SIGNALING_IN_CANCER	3.73694834647357e-46	6.12922071890226e-46	1.01997560898112	1.09863455757058	2.06527579650245e-06	1	13	24	0.000141965404341824	1	0	4.52749600270951	-6.30669616294725
GNAS	ADCY1	R-HSA-1489509	REACTOME_DAG_AND_IP3_SIGNALING	4.44903335527256e-46	7.28192515769037e-46	3.70548256918186	10.6200334392265	6.70534051415323e-23	1	8	15	0.000423452883868237	1	0	6.53081841622123	7.11789693015325
FABP5	RXRA	R-HSA-211859	REACTOME_BIOLOGICAL_OXIDATIONS	4.49682300481412e-46	7.32954103071575e-46	8.41401160015666	1.11383640478871	1.43754360540595e-13	1	5	10	1.56859671556345e-06	1	0	3.20200906822395	-3.40112761629557
FABP5	RXRA	R-HSA-211945	REACTOME_PHASE_I_FUNCTIONALIZATION_OF_COMPOUNDS	4.49682300481412e-46	7.32954103071575e-46	8.41401160015666	1.11383640478871	1.43754360540595e-13	1	5	10	1.56859671556345e-06	1	0	3.20200906822395	-3.40112761629557
FARP2	NRP1	R-HSA-399956	REACTOME_CRMPS_IN_SEMA3A_SIGNALING	4.62914371371463e-46	7.52956155923707e-46	1.45763071158296	1.72741868448327	7.59328020857374e-09	1	6	11	2.25634210048759e-07	1	0	5.08540365514204	8.26065577489803
MMP9	ITGAM	R-HSA-216083	REACTOME_INTEGRIN_CELL_SURFACE_INTERACTIONS	5.45723045621588e-46	8.85811320429244e-46	13.5172478448157	17.1144489086967	1.50080507036532e-20	1	4	9	2.75042562752027e-05	1	0	5.77655813652354	-4.86223531016049
TGFB1	ITGB5	R-HSA-2129379	REACTOME_MOLECULES_ASSOCIATED_WITH_ELASTIC_FIBRES	6.72870705805913e-46	1.0899393251071e-45	2.34733530459407	1.0454169712852	6.96757005243614e-16	1	5	10	4.07792758235121e-06	1	0	1.15661892798294	5.09092105946819
GNAS	ADCY9	R-HSA-418597	REACTOME_G_ALPHA_Z_SIGNALLING_EVENTS	1.03669048987865e-45	1.66774565645247e-45	3.70548256918186	1.96365614157027	1.8379161730549e-15	1	4	9	4.34351670984014e-06	1	0	6.53081841622123	-0.649116928523714
GNAS	ADCY9	R-HSA-977443	REACTOME_GABA_RECEPTOR_ACTIVATION	1.03669048987865e-45	1.66774565645247e-45	3.70548256918186	1.96365614157027	1.8379161730549e-15	1	4	9	4.34351670984014e-06	1	0	6.53081841622123	-0.649116928523714
GNAS	ADCY9	R-HSA-977444	REACTOME_GABA_B_RECEPTOR_ACTIVATION	1.03669048987865e-45	1.66774565645247e-45	3.70548256918186	1.96365614157027	1.8379161730549e-15	1	4	9	4.34351670984014e-06	1	0	6.53081841622123	-0.649116928523714
NAMPT	INSR	R-HSA-74751	REACTOME_INSULIN_RECEPTOR_SIGNALLING_CASCADE	1.04021380868017e-45	1.66774565645247e-45	1.86819900661908	1.17913580385034	2.43211776773495e-07	1	14	26	0.000322779200831999	1	0	7.00173820576973	6.1176312656009
NAMPT	INSR	R-HSA-74752	REACTOME_SIGNALING_BY_INSULIN_RECEPTOR	1.04021380868017e-45	1.66774565645247e-45	1.86819900661908	1.17913580385034	2.43211776773495e-07	1	14	26	0.000322779200831999	1	0	7.00173820576973	6.1176312656009
HBEGF	ERBB4	R-HSA-1236394	REACTOME_SIGNALING_BY_ERBB4	1.19406788579534e-45	1.91050861727255e-45	3.10590211363943	5.54075970430483	4.88802071898867e-16	1	15	29	0.00317022988103382	1	0	2.04268055323372	-3.89709153867408
UBC	ERBB4	R-HSA-1236394	REACTOME_SIGNALING_BY_ERBB4	1.39065145474105e-45	2.22051067315067e-45	3.47487818806187	5.54075970430483	5.69275265211432e-16	1	15	29	0.00317022988103382	1	0	7.15737689433595	-3.89709153867408
ITGB2	ITGAM	R-HSA-216083	REACTOME_INTEGRIN_CELL_SURFACE_INTERACTIONS	1.56701352379323e-45	2.49702968019084e-45	11.4963612113497	17.1144489086967	4.30947870116276e-20	1	4	9	2.75042562752027e-05	1	0	5.24287354857827	-4.86223531016049
COL9A2	ITGA2	R-HSA-3000157	REACTOME_LAMININ_INTERACTIONS	1.59046894453304e-45	2.52926501524119e-45	7.63291431421208	1.38894765124879	2.85633367123933e-14	1	4	8	2.5090291088895e-07	1	0	6.01828964755494	5.56974806734687
UBC	NOTCH1	R-HSA-9013508	REACTOME_NOTCH3_INTRACELLULAR_DOMAIN_REGULATES_TRANSCRIPTION	2.47343769357047e-45	3.92545577279201e-45	3.47487818806187	1.09863455757058	1.78051196509234e-14	1	9	17	0.000121380822583807	1	0	7.15737689433595	-6.30669616294725
FABP5	RXRA	R-HSA-9029569	REACTOME_NR1H3_NR1H2_REGULATE_GENE_EXPRESSION_LINKED_TO_CHOLESTEROL_TRANSPORT_AND_EFFLUX	4.71326887128098e-45	7.46505615168543e-45	8.41401160015666	1.11383640478871	1.43754360540595e-13	1	13	25	0.00115330142275321	1	0	3.20200906822395	-3.40112761629557
GNAS	ADCY1	R-HSA-9660821	REACTOME_ADORA2B_MEDIATED_ANTI_INFLAMMATORY_CYTOKINES_PRODUCTION	8.34912165703392e-45	1.31969987482149e-44	3.70548256918186	10.6200334392265	6.70534051415323e-23	1	8	15	0.000610998807943587	1	0	6.53081841622123	7.11789693015325
FABP5	RXRA	R-HSA-9839394	REACTOME_TGFBR3_EXPRESSION	1.13567147483255e-44	1.79148176311613e-44	8.41401160015666	1.11383640478871	1.43754360540595e-13	1	8	16	0.000123960340547246	1	0	3.20200906822395	-3.40112761629557
GNAS	ADCY1	R-HSA-418597	REACTOME_G_ALPHA_Z_SIGNALLING_EVENTS	2.45754336628682e-44	3.85342799833773e-44	3.70548256918186	10.6200334392265	6.70534051415323e-23	1	4	9	0.000127837216619611	1	0	6.53081841622123	7.11789693015325
GNAS	ADCY1	R-HSA-977443	REACTOME_GABA_RECEPTOR_ACTIVATION	2.45754336628682e-44	3.85342799833773e-44	3.70548256918186	10.6200334392265	6.70534051415323e-23	1	4	9	0.000127837216619611	1	0	6.53081841622123	7.11789693015325
GNAS	ADCY1	R-HSA-977444	REACTOME_GABA_B_RECEPTOR_ACTIVATION	2.45754336628682e-44	3.85342799833773e-44	3.70548256918186	10.6200334392265	6.70534051415323e-23	1	4	9	0.000127837216619611	1	0	6.53081841622123	7.11789693015325
ABCA1	RXRA	R-HSA-5617472	REACTOME_ACTIVATION_OF_ANTERIOR_HOX_GENES_IN_HINDBRAIN_DEVELOPMENT_DURING_EARLY_EMBRYOGENESIS	5.45663377507356e-44	8.53892391149235e-44	4.00015095710297	1.11383640478871	2.84171112979741e-10	1	22	40	0.00438808891664398	1	0	-4.11409824026658	-3.40112761629557
VCAN	TLR2	R-HSA-5260271	REACTOME_DISEASES_OF_IMMUNE_SYSTEM	9.45995033201337e-44	1.47741056978057e-43	1.63722029935208	5.57490509110826	3.63924185564032e-15	1	9	17	0.000217090749688924	1	0	7.49215599917647	5.44758975714471
NRG1	ERBB4	R-HSA-1227986	REACTOME_SIGNALING_BY_ERBB2	1.02264456404397e-43	1.59394301831108e-43	8.89455899048275	5.54075970430483	7.74494126343622e-12	1	14	26	0.00101949301600462	1	0	-1.11606595099888	-3.89709153867408
S100A9	TLR4	R-HSA-5260271	REACTOME_DISEASES_OF_IMMUNE_SYSTEM	1.04963407224435e-43	1.6327641123801e-43	15.6176732219501	5.19860521467565	5.39223445822793e-15	1	8	16	0.000228587284485314	1	0	5.45227808318672	8.61485446971873
ICAM2	ITGAM	R-HSA-216083	REACTOME_INTEGRIN_CELL_SURFACE_INTERACTIONS	1.07809433337789e-43	1.67371476706587e-43	4.49656383981264	17.1144489086967	2.96489117483158e-18	1	4	9	2.75042562752027e-05	1	0	4.64791622246125	-4.86223531016049
GNAS	ADCY1	R-HSA-111996	REACTOME_CA_DEPENDENT_EVENTS	1.29947217993348e-43	2.01341144084555e-43	3.70548256918186	10.6200334392265	6.70534051415323e-23	1	7	14	0.000947323342376164	1	0	6.53081841622123	7.11789693015325
FABP5	RXRA	R-HSA-9843743	REACTOME_TRANSCRIPTIONAL_REGULATION_OF_BROWN_AND_BEIGE_ADIPOCYTE_DIFFERENTIATION	2.70975968930449e-43	4.19023983513752e-43	8.41401160015666	1.11383640478871	1.43754360540595e-13	1	6	11	3.99741467578253e-06	1	0	3.20200906822395	-3.40112761629557
ALOX5AP	ALOX5	R-HSA-2142691	REACTOME_SYNTHESIS_OF_LEUKOTRIENES_LT_AND_EOXINS_EX	5.57413837317505e-43	8.60260725308905e-43	15.3623422818369	11.5147709449478	3.7154421579926e-31	1	2	4	7.21179843837725e-05	1	0	-3.54159648977046	5.87751126047096
ABCA1	RXRA	R-HSA-211859	REACTOME_BIOLOGICAL_OXIDATIONS	8.88924129567589e-43	1.366502975649e-42	4.00015095710297	1.11383640478871	2.84171112979741e-10	1	5	10	1.56859671556345e-06	1	0	-4.11409824026658	-3.40112761629557
ABCA1	RXRA	R-HSA-211945	REACTOME_PHASE_I_FUNCTIONALIZATION_OF_COMPOUNDS	8.88924129567589e-43	1.366502975649e-42	4.00015095710297	1.11383640478871	2.84171112979741e-10	1	5	10	1.56859671556345e-06	1	0	-4.11409824026658	-3.40112761629557
ARTN	RET	R-HSA-8853659	REACTOME_RET_SIGNALING	9.20774770478697e-43	1.41269553826869e-42	4.17020507508228	6.13126304654583	1.69479520566622e-18	1	8	15	0.000309681721945101	1	0	6.29937148769314	5.51502017180964
TLN1	ITGB5	R-HSA-3000170	REACTOME_SYNDECAN_INTERACTIONS	1.33602744824287e-42	2.04579203012189e-42	1.45954108117514	1.0454169712852	2.76914319558475e-11	1	4	8	2.4381276562037e-07	1	0	2.58232245660889	5.09092105946819
NRG1	ERBB4	R-HSA-1963642	REACTOME_PI3K_EVENTS_IN_ERBB2_SIGNALING	1.97896463447089e-42	3.02438259926935e-42	8.89455899048275	5.54075970430483	7.74494126343622e-12	1	3	7	4.14037980741748e-07	1	0	-1.11606595099888	-3.89709153867408
SPP1	ITGA4	R-HSA-8949275	REACTOME_RUNX3_REGULATES_IMMUNE_RESPONSE_AND_CELL_MIGRATION	3.00194026751736e-42	4.57266733229433e-42	2.6783315950163	13.6345698393512	1.25341078000938e-20	1	1	2	1.54758571681858e-11	1	0	6.139474460684	6.17140321377681
SPP1	ITGB5	R-HSA-3000170	REACTOME_SYNDECAN_INTERACTIONS	3.00372917873926e-42	4.57266733229433e-42	2.6783315950163	1.0454169712852	6.22573752330061e-11	1	4	8	2.4381276562037e-07	1	0	6.139474460684	5.09092105946819
CAP1	ROBO1	R-HSA-428540	REACTOME_ACTIVATION_OF_RAC1	6.27971095251496e-42	9.54126625343358e-42	4.83991828851274	7.43139786753504	1.78357692572352e-24	1	4	8	0.00014445192226412	1	0	-4.53860900476605	7.15495719236282
ABCA1	RXRA	R-HSA-9029569	REACTOME_NR1H3_NR1H2_REGULATE_GENE_EXPRESSION_LINKED_TO_CHOLESTEROL_TRANSPORT_AND_EFFLUX	9.31710770990116e-42	1.41288441867747e-41	4.00015095710297	1.11383640478871	2.84171112979741e-10	1	13	25	0.00115330142275321	1	0	-4.11409824026658	-3.40112761629557
ADAM15	ITGA5	R-HSA-9634597	REACTOME_GPER1_SIGNALING	1.16907192999189e-41	1.76940616431206e-41	1.22598691314216	2.22952612887568	6.85056926414023e-13	1	10	19	0.000423452883868237	1	0	1.31829304345549	-3.35403305953966
SPP1	ITGA5	R-HSA-9634597	REACTOME_GPER1_SIGNALING	1.51992753465629e-41	2.29599843385458e-41	2.6783315950163	2.22952612887568	8.90652541175031e-13	1	10	19	0.000423452883868237	1	0	6.139474460684	-3.35403305953966
NRG1	ERBB4	R-HSA-1236394	REACTOME_SIGNALING_BY_ERBB4	1.8919694026898e-41	2.85250771482463e-41	8.89455899048275	5.54075970430483	7.74494126343622e-12	1	15	29	0.00317022988103382	1	0	-1.11606595099888	-3.89709153867408
ABCA1	RXRA	R-HSA-9839394	REACTOME_TGFBR3_EXPRESSION	2.24497556643769e-41	3.37823578519607e-41	4.00015095710297	1.11383640478871	2.84171112979741e-10	1	8	16	0.000123960340547246	1	0	-4.11409824026658	-3.40112761629557
TLN1	ITGB5	R-HSA-2129379	REACTOME_MOLECULES_ASSOCIATED_WITH_ELASTIC_FIBRES	2.67421112736323e-41	4.01643970086738e-41	1.45954108117514	1.0454169712852	2.76914319558475e-11	1	5	10	4.07792758235121e-06	1	0	2.58232245660889	5.09092105946819
FABP5	RXRA	R-HSA-383280	REACTOME_NUCLEAR_RECEPTOR_TRANSCRIPTION_PATHWAY	3.79405978779631e-41	5.68746247348433e-41	8.41401160015666	1.11383640478871	1.43754360540595e-13	1	10	19	0.000556915615553794	1	0	3.20200906822395	-3.40112761629557
MMP7	ERBB4	R-HSA-1227986	REACTOME_SIGNALING_BY_ERBB2	4.32688152513618e-41	6.47380747272283e-41	3.71164305105519	5.54075970430483	3.27693946110743e-09	1	14	26	0.00101949301600462	1	0	4.56547778692496	-3.89709153867408
UBC	NOTCH1	R-HSA-2122947	REACTOME_NOTCH1_INTRACELLULAR_DOMAIN_REGULATES_TRANSCRIPTION	5.69472748708682e-41	8.50412638071632e-41	3.47487818806187	1.09863455757058	1.78051196509234e-14	1	15	29	0.00512434334013888	1	0	7.15737689433595	-6.30669616294725
SPP1	ITGB5	R-HSA-2129379	REACTOME_MOLECULES_ASSOCIATED_WITH_ELASTIC_FIBRES	6.01230611237408e-41	8.9613079697743e-41	2.6783315950163	1.0454169712852	6.22573752330061e-11	1	5	10	4.07792758235121e-06	1	0	6.139474460684	5.09092105946819
VCAN	ITGA4	R-HSA-8949275	REACTOME_RUNX3_REGULATES_IMMUNE_RESPONSE_AND_CELL_MIGRATION	7.11289987572264e-41	1.05816195494621e-40	1.63722029935208	13.6345698393512	2.96987434354623e-19	1	1	2	1.54758571681858e-11	1	0	7.49215599917647	6.17140321377681
B2M	TFRC	R-HSA-9013404	REACTOME_RAC2_GTPASE_CYCLE	7.33465534431692e-41	1.08908518748948e-40	1.71800318564513	2.06381115833075	7.88560002872138e-11	1	7	13	1.76898439715776e-05	1	0	0.0213117982230598	4.33934108420553
FABP5	RXRA	R-HSA-211897	REACTOME_CYTOCHROME_P450_ARRANGED_BY_SUBSTRATE_TYPE	7.64476003331026e-41	1.13298522988946e-40	8.41401160015666	1.11383640478871	1.43754360540595e-13	1	4	8	1.56859671556345e-06	1	0	3.20200906822395	-3.40112761629557
CAP1	ROBO1	R-HSA-428542	REACTOME_REGULATION_OF_COMMISSURAL_AXON_PATHFINDING_BY_SLIT_AND_ROBO	1.33520290904944e-40	1.97509260508446e-40	4.83991828851274	7.43139786753504	1.78357692572352e-24	1	1	2	8.65222318138941e-09	1	0	-4.53860900476605	7.15495719236282
GNAS	ADCY1	R-HSA-111931	REACTOME_PKA_MEDIATED_PHOSPHORYLATION_OF_CREB	1.78281013551534e-40	2.63224697974394e-40	3.70548256918186	10.6200334392265	6.70534051415323e-23	1	6	11	0.000423452883868237	1	0	6.53081841622123	7.11789693015325
GNAS	ADCY9	R-HSA-9634597	REACTOME_GPER1_SIGNALING	2.48566634350106e-40	3.6630872430542e-40	3.70548256918186	1.96365614157027	1.8379161730549e-15	1	8	16	0.000610998807943587	1	0	6.53081841622123	-0.649116928523714
ABCA1	RXRA	R-HSA-9843743	REACTOME_TRANSCRIPTIONAL_REGULATION_OF_BROWN_AND_BEIGE_ADIPOCYTE_DIFFERENTIATION	5.35660569823095e-40	7.8791348356718e-40	4.00015095710297	1.11383640478871	2.84171112979741e-10	1	6	11	3.99741467578253e-06	1	0	-4.11409824026658	-3.40112761629557
SLPI	CD4	R-HSA-389948	REACTOME_PD_1_SIGNALING	7.88595211973847e-40	1.15778772694288e-39	10.5127103216245	13.6803417654513	1.2377359552404e-18	1	2	4	5.42070015715438e-08	1	0	6.25807300861969	-3.78046533248377
UBC	TLR4	R-HSA-936964	REACTOME_ACTIVATION_OF_IRF3_IRF7_MEDIATED_BY_TBK1_IKK_IKBKE	8.22792418089874e-40	1.20573692669619e-39	3.47487818806187	5.19860521467565	2.74852046907024e-20	1	5	10	0.000228587284485314	1	0	7.15737689433595	8.61485446971873
MMP7	ERBB4	R-HSA-1963642	REACTOME_PI3K_EVENTS_IN_ERBB2_SIGNALING	8.3731394238573e-40	1.22472785602689e-39	3.71164305105519	5.54075970430483	3.27693946110743e-09	1	3	7	4.14037980741748e-07	1	0	4.56547778692496	-3.89709153867408
ADAM17	ERBB4	R-HSA-1227986	REACTOME_SIGNALING_BY_ERBB2	8.71890727410203e-40	1.27292798936611e-39	1.01997560898112	5.54075970430483	6.60321553485159e-08	1	14	26	0.00101949301600462	1	0	4.52749600270951	-3.89709153867408
PTDSS1	SCARB1	R-HSA-174824	REACTOME_PLASMA_LIPOPROTEIN_ASSEMBLY_REMODELING_AND_CLEARANCE	1.06673995734532e-39	1.55450581144746e-39	1.56801677831403	1.6228083509874	1.75026181046386e-12	1	13	25	0.00245942729380874	1	0	2.85951526152527	-0.85110966045686
GNAS	ADCY1	R-HSA-163359	REACTOME_GLUCAGON_SIGNALING_IN_METABOLIC_REGULATION	1.60756110005795e-39	2.32962643705256e-39	3.70548256918186	10.6200334392265	6.70534051415323e-23	1	6	11	0.000610998807943587	1	0	6.53081841622123	7.11789693015325
GNAS	ADCY1	R-HSA-432040	REACTOME_VASOPRESSIN_REGULATES_RENAL_WATER_HOMEOSTASIS_VIA_AQUAPORINS	1.60756110005795e-39	2.32962643705256e-39	3.70548256918186	10.6200334392265	6.70534051415323e-23	1	6	11	0.000610998807943587	1	0	6.53081841622123	7.11789693015325
GNAS	ADCY1	R-HSA-445717	REACTOME_AQUAPORIN_MEDIATED_TRANSPORT	1.60756110005795e-39	2.32962643705256e-39	3.70548256918186	10.6200334392265	6.70534051415323e-23	1	6	11	0.000610998807943587	1	0	6.53081841622123	7.11789693015325
SLPI	CD4	R-HSA-202433	REACTOME_GENERATION_OF_SECOND_MESSENGER_MOLECULES	1.6352860916358e-39	2.36543228015216e-39	10.5127103216245	13.6803417654513	1.2377359552404e-18	1	3	6	3.06350893567617e-06	1	0	6.25807300861969	-3.78046533248377
UBC	TLR4	R-HSA-937041	REACTOME_IKK_COMPLEX_RECRUITMENT_MEDIATED_BY_RIP1	1.6717108477325e-39	2.41366722766534e-39	3.47487818806187	5.19860521467565	2.74852046907024e-20	1	7	14	0.0014579268231787	1	0	7.15737689433595	8.61485446971873
COL7A1	ITGA2	R-HSA-8874081	REACTOME_MET_ACTIVATES_PTK2_SIGNALING	2.01977482251774e-39	2.9108519500991e-39	1.03587682415993	1.38894765124879	3.53336029746942e-06	1	6	11	1.0361258216608e-06	1	0	3.2664742189531	5.56974806734687
TNF	TNFRSF1B	R-HSA-5669034	REACTOME_TNFS_BIND_THEIR_PHYSIOLOGICAL_RECEPTORS	2.37169653688237e-39	3.41176162369868e-39	11.125705841913	3.6996762729976	3.38368781975943e-28	1	1	2	2.64749053221428e-06	1	0	-6.22275711853036	7.85212218182166
TGFB1	SDC2	R-HSA-3000170	REACTOME_SYNDECAN_INTERACTIONS	2.3809261022933e-39	3.41876568534423e-39	2.34733530459407	6.87680810832618	5.26665083282664e-26	1	4	8	0.000958545861657538	1	0	1.15661892798294	3.98991492461994
UBC	TLR4	R-HSA-5357769	REACTOME_CASPASE_ACTIVATION_VIA_EXTRINSIC_APOPTOTIC_SIGNALLING_PATHWAY	2.7334051796459e-39	3.9105650745299e-39	3.47487818806187	5.19860521467565	2.74852046907024e-20	1	4	8	7.07780790933143e-05	1	0	7.15737689433595	8.61485446971873
UBC	TLR4	R-HSA-140534	REACTOME_CASPASE_ACTIVATION_VIA_DEATH_RECEPTORS_IN_THE_PRESENCE_OF_LIGAND	2.7334051796459e-39	3.9105650745299e-39	3.47487818806187	5.19860521467565	2.74852046907024e-20	1	4	8	7.07780790933143e-05	1	0	7.15737689433595	8.61485446971873
TGFB1	CXCR4	R-HSA-380108	REACTOME_CHEMOKINE_RECEPTORS_BIND_CHEMOKINES	3.85956751997536e-39	5.51165926349851e-39	2.34733530459407	1.82741212281972	4.02307345995766e-13	1	4	9	2.20269482868044e-05	1	0	1.15661892798294	7.40397474366126
CAP1	ROBO1	R-HSA-428543	REACTOME_INACTIVATION_OF_CDC42_AND_RAC1	3.8824418607079e-39	5.53424439780908e-39	4.83991828851274	7.43139786753504	1.78357692572352e-24	1	2	5	0.00014445192226412	1	0	-4.53860900476605	7.15495719236282
ADAM17	ITGA5	R-HSA-9634597	REACTOME_GPER1_SIGNALING	4.93235943883682e-39	7.01809401097653e-39	1.01997560898112	2.22952612887568	2.89028152199512e-10	1	10	19	0.000423452883868237	1	0	4.52749600270951	-3.35403305953966
MMP7	ERBB4	R-HSA-1236394	REACTOME_SIGNALING_BY_ERBB4	8.00505644135946e-39	1.13695004529453e-38	3.71164305105519	5.54075970430483	3.27693946110743e-09	1	15	29	0.00317022988103382	1	0	4.56547778692496	-3.89709153867408
GNAS	ADCY1	R-HSA-164378	REACTOME_PKA_ACTIVATION_IN_GLUCAGON_SIGNALLING	1.01442151801294e-38	1.43816721541075e-38	3.70548256918186	10.6200334392265	6.70534051415323e-23	1	5	10	0.000947323342376164	1	0	6.53081841622123	7.11789693015325
GNAS	ADCY9	R-HSA-1489509	REACTOME_DAG_AND_IP3_SIGNALING	1.21946832392132e-38	1.72574578692115e-38	3.70548256918186	1.96365614157027	1.8379161730549e-15	1	8	15	0.000423452883868237	1	0	6.53081841622123	-0.649116928523714
UBC	NOTCH1	R-HSA-9013694	REACTOME_SIGNALING_BY_NOTCH4	1.52588933356113e-38	2.1554905180395e-38	3.47487818806187	1.09863455757058	1.78051196509234e-14	1	11	21	0.00203476657286191	1	0	7.15737689433595	-6.30669616294725
ADAM17	ERBB4	R-HSA-1963642	REACTOME_PI3K_EVENTS_IN_ERBB2_SIGNALING	1.68723423106535e-38	2.37912164955977e-38	1.01997560898112	5.54075970430483	6.60321553485159e-08	1	3	7	4.14037980741748e-07	1	0	4.52749600270951	-3.89709153867408
HBEGF	ERBB4	R-HSA-1251985	REACTOME_NUCLEAR_SIGNALING_BY_ERBB4	3.22215932275373e-38	4.53531940581494e-38	3.10590211363943	5.54075970430483	4.88802071898867e-16	1	7	13	0.000234039979620205	1	0	2.04268055323372	-3.89709153867408
UBC	ERBB4	R-HSA-1251985	REACTOME_NUCLEAR_SIGNALING_BY_ERBB4	3.75263467253394e-38	5.27251896642762e-38	3.47487818806187	5.54075970430483	5.69275265211432e-16	1	7	13	0.000234039979620205	1	0	7.15737689433595	-3.89709153867408
YWHAZ	CSF2RB	R-HSA-912526	REACTOME_INTERLEUKIN_RECEPTOR_SHC_SIGNALING	5.50405652702497e-38	7.71946389478994e-38	1.82922272527019	8.1735956011825	1.35245847586812e-19	1	6	11	0.000309681721945101	1	0	3.02809131790259	1.77688837161157
ABCA1	RXRA	R-HSA-383280	REACTOME_NUCLEAR_RECEPTOR_TRANSCRIPTION_PATHWAY	7.50003122378536e-38	1.05000437132995e-37	4.00015095710297	1.11383640478871	2.84171112979741e-10	1	10	19	0.000556915615553794	1	0	-4.11409824026658	-3.40112761629557
ABCA1	RXRA	R-HSA-211897	REACTOME_CYTOCHROME_P450_ARRANGED_BY_SUBSTRATE_TYPE	1.51120283166322e-37	2.11191269166482e-37	4.00015095710297	1.11383640478871	2.84171112979741e-10	1	4	8	1.56859671556345e-06	1	0	-4.11409824026658	-3.40112761629557
VCAN	TLR2	R-HSA-5603041	REACTOME_IRAK4_DEFICIENCY_TLR2_4	1.59780738456863e-37	2.22896973220962e-37	1.63722029935208	5.57490509110826	3.63924185564032e-15	1	4	8	1.50962254752391e-05	1	0	7.49215599917647	5.44758975714471
ADAM17	ERBB4	R-HSA-1236394	REACTOME_SIGNALING_BY_ERBB4	1.61306345992382e-37	2.24625533317989e-37	1.01997560898112	5.54075970430483	6.60321553485159e-08	1	15	29	0.00317022988103382	1	0	4.52749600270951	-3.89709153867408
COL7A1	ITGA2	R-HSA-3000157	REACTOME_LAMININ_INTERACTIONS	1.96745215013091e-37	2.73489802429545e-37	1.03587682415993	1.38894765124879	3.53336029746942e-06	1	4	8	2.5090291088895e-07	1	0	3.2664742189531	5.56974806734687
GNAS	ADCY9	R-HSA-9660821	REACTOME_ADORA2B_MEDIATED_ANTI_INFLAMMATORY_CYTOKINES_PRODUCTION	2.28847225459711e-37	3.17550840283918e-37	3.70548256918186	1.96365614157027	1.8379161730549e-15	1	8	15	0.000610998807943587	1	0	6.53081841622123	-0.649116928523714
GNAS	ADCY1	R-HSA-170670	REACTOME_ADENYLATE_CYCLASE_INHIBITORY_PATHWAY	2.68566900223254e-37	3.72007861793341e-37	3.70548256918186	10.6200334392265	6.70534051415323e-23	1	3	6	0.000127837216619611	1	0	6.53081841622123	7.11789693015325
UBC	TLR4	R-HSA-5603041	REACTOME_IRAK4_DEFICIENCY_TLR2_4	2.78206782178049e-37	3.8468098276471e-37	3.47487818806187	5.19860521467565	2.74852046907024e-20	1	3	7	0.000217090749688924	1	0	7.15737689433595	8.61485446971873
ADAM17	NOTCH1	R-HSA-9013508	REACTOME_NOTCH3_INTRACELLULAR_DOMAIN_REGULATES_TRANSCRIPTION	2.86902368691638e-37	3.96006086363106e-37	1.01997560898112	1.09863455757058	2.06527579650245e-06	1	9	17	0.000121380822583807	1	0	4.52749600270951	-6.30669616294725
SHANK1	ABCA1	R-HSA-174824	REACTOME_PLASMA_LIPOPROTEIN_ASSEMBLY_REMODELING_AND_CLEARANCE	4.46249455139722e-37	6.14867439067736e-37	1.04893148572415	4.00015095710297	7.3218723447379e-10	1	13	25	0.00245942729380874	1	0	-6.30669616294725	-4.11409824026658
FABP5	RXRA	R-HSA-9707616	REACTOME_HEME_SIGNALING	4.80521918287255e-37	6.60928392872295e-37	8.41401160015666	1.11383640478871	1.43754360540595e-13	1	9	18	0.00154451321739997	1	0	3.20200906822395	-3.40112761629557
UBC	TLR4	R-HSA-5686938	REACTOME_REGULATION_OF_TLR_BY_ENDOGENOUS_LIGAND	7.29136414568082e-37	1.00112600529138e-36	3.47487818806187	5.19860521467565	2.74852046907024e-20	1	1	3	2.98242779105529e-06	1	0	7.15737689433595	8.61485446971873
ADAM15	ITGA5	R-HSA-445144	REACTOME_SIGNAL_TRANSDUCTION_BY_L1	1.54162181604187e-36	2.11299213946997e-36	1.22598691314216	2.22952612887568	6.85056926414023e-13	1	7	13	0.00014445192226412	1	0	1.31829304345549	-3.35403305953966
ICAM3	ITGAL	R-HSA-8949275	REACTOME_RUNX3_REGULATES_IMMUNE_RESPONSE_AND_CELL_MIGRATION	1.56917800782157e-36	2.14700795485534e-36	7.02621090936945	12.7108503570674	7.54175630286006e-23	1	1	3	2.75042562752027e-05	1	0	6.85921143135228	-0.697293284537909
SPP1	ITGA5	R-HSA-445144	REACTOME_SIGNAL_TRANSDUCTION_BY_L1	2.0042850966793e-36	2.73756013204978e-36	2.6783315950163	2.22952612887568	8.90652541175031e-13	1	7	13	0.00014445192226412	1	0	6.139474460684	-3.35403305953966
ITGB2	ITGAL	R-HSA-8949275	REACTOME_RUNX3_REGULATES_IMMUNE_RESPONSE_AND_CELL_MIGRATION	2.89999878971044e-36	3.95408530631824e-36	11.4963612113497	12.7108503570674	1.39379242135493e-22	1	1	3	2.75042562752027e-05	1	0	5.24287354857827	-0.697293284537909
GNAS	ADCY9	R-HSA-111996	REACTOME_CA_DEPENDENT_EVENTS	3.56181901708576e-36	4.84803143992229e-36	3.70548256918186	1.96365614157027	1.8379161730549e-15	1	7	14	0.000947323342376164	1	0	6.53081841622123	-0.649116928523714
GNAS	ADCY9	R-HSA-170670	REACTOME_ADENYLATE_CYCLASE_INHIBITORY_PATHWAY	9.81250580698552e-36	1.33327635228365e-35	3.70548256918186	1.96365614157027	1.8379161730549e-15	1	3	6	4.34351670984014e-06	1	0	6.53081841622123	-0.649116928523714
GNAS	ADCY9	R-HSA-170660	REACTOME_ADENYLATE_CYCLASE_ACTIVATING_PATHWAY	1.02440539137134e-35	1.38950489071822e-35	3.70548256918186	1.96365614157027	1.8379161730549e-15	1	2	4	1.11693714395499e-07	1	0	6.53081841622123	-0.649116928523714
GNAS	ADCY1	R-HSA-442720	REACTOME_CREB1_PHOSPHORYLATION_THROUGH_THE_ACTIVATION_OF_ADENYLATE_CYCLASE	1.56495385136067e-35	2.11903941185969e-35	3.70548256918186	10.6200334392265	6.70534051415323e-23	1	3	7	0.00161959674440973	1	0	6.53081841622123	7.11789693015325
HBEGF	ERBB4	R-HSA-8847993	REACTOME_ERBB2_ACTIVATES_PTK6_SIGNALING	3.46939368663963e-35	4.68966319021633e-35	3.10590211363943	5.54075970430483	4.88802071898867e-16	1	1	3	4.14037980741748e-07	1	0	2.04268055323372	-3.89709153867408
CXCL13	CXCR5	R-HSA-380108	REACTOME_CHEMOKINE_RECEPTORS_BIND_CHEMOKINES	3.874387658787e-35	5.2280893708933e-35	15.7536293983592	9.08446479490033	1.33434244299272e-13	1	4	8	2.20269482868044e-05	1	0	4.6932311984479	3.32902778177926
UBC	ERBB4	R-HSA-8847993	REACTOME_ERBB2_ACTIVATES_PTK6_SIGNALING	4.04057209375593e-35	5.44296996822105e-35	3.47487818806187	5.54075970430483	5.69275265211432e-16	1	1	3	4.14037980741748e-07	1	0	7.15737689433595	-3.89709153867408
ALOX5AP	ALOX5	R-HSA-9018678	REACTOME_BIOSYNTHESIS_OF_SPECIALIZED_PRORESOLVING_MEDIATORS_SPMS	1.00789747943075e-34	1.35538872019504e-34	15.3623422818369	11.5147709449478	3.7154421579926e-31	1	2	4	0.0412091300212569	1	0	-3.54159648977046	5.87751126047096
HBEGF	ERBB4	R-HSA-6785631	REACTOME_ERBB2_REGULATES_CELL_MOTILITY	1.38775704371763e-34	1.86301630526476e-34	3.10590211363943	5.54075970430483	4.88802071898867e-16	1	2	4	4.14037980741748e-07	1	0	2.04268055323372	-3.89709153867408
S100A9	TLR4	R-HSA-936964	REACTOME_ACTIVATION_OF_IRF3_IRF7_MEDIATED_BY_TBK1_IKK_IKBKE	1.61421014641151e-34	2.16232596437534e-34	15.6176732219501	5.19860521467565	5.39223445822793e-15	1	5	10	0.000228587284485314	1	0	5.45227808318672	8.61485446971873
UBC	ERBB4	R-HSA-6785631	REACTOME_ERBB2_REGULATES_CELL_MOTILITY	1.61622833561729e-34	2.16232596437534e-34	3.47487818806187	5.54075970430483	5.69275265211432e-16	1	2	4	4.14037980741748e-07	1	0	7.15737689433595	-3.89709153867408
ICAM2	ITGAL	R-HSA-8949275	REACTOME_RUNX3_REGULATES_IMMUNE_RESPONSE_AND_CELL_MIGRATION	1.99517886381823e-34	2.66477040755279e-34	4.49656383981264	12.7108503570674	9.58919427657775e-21	1	1	3	2.75042562752027e-05	1	0	4.64791622246125	-0.697293284537909
VASP	ROBO1	R-HSA-428540	REACTOME_ACTIVATION_OF_RAC1	2.2794015853299e-34	3.0392021137732e-34	1.03470455701633	7.43139786753504	6.47400509799552e-17	1	4	8	0.00014445192226412	1	0	-3.25418154230553	7.15495719236282
S100A9	TLR4	R-HSA-937041	REACTOME_IKK_COMPLEX_RECRUITMENT_MEDIATED_BY_RIP1	3.27967607983138e-34	4.3654771588927e-34	15.6176732219501	5.19860521467565	5.39223445822793e-15	1	7	14	0.0014579268231787	1	0	5.45227808318672	8.61485446971873
UBC	TLR4	R-HSA-2562578	REACTOME_TRIF_MEDIATED_PROGRAMMED_CELL_DEATH	3.75143846521153e-34	4.98496229953532e-34	3.47487818806187	5.19860521467565	2.74852046907024e-20	1	2	5	0.000228587284485314	1	0	7.15737689433595	8.61485446971873
NRG1	ERBB4	R-HSA-1251985	REACTOME_NUCLEAR_SIGNALING_BY_ERBB4	5.1054273561517e-34	6.7726819749965e-34	8.89455899048275	5.54075970430483	7.74494126343622e-12	1	7	13	0.000234039979620205	1	0	-1.11606595099888	-3.89709153867408
S100A9	TLR4	R-HSA-5357769	REACTOME_CASPASE_ACTIVATION_VIA_EXTRINSIC_APOPTOTIC_SIGNALLING_PATHWAY	5.36258025503125e-34	7.0898194265506e-34	15.6176732219501	5.19860521467565	5.39223445822793e-15	1	4	8	7.07780790933143e-05	1	0	5.45227808318672	8.61485446971873
S100A9	TLR4	R-HSA-140534	REACTOME_CASPASE_ACTIVATION_VIA_DEATH_RECEPTORS_IN_THE_PRESENCE_OF_LIGAND	5.36258025503125e-34	7.0898194265506e-34	15.6176732219501	5.19860521467565	5.39223445822793e-15	1	4	8	7.07780790933143e-05	1	0	5.45227808318672	8.61485446971873
GNAS	ADCY1	R-HSA-170660	REACTOME_ADENYLATE_CYCLASE_ACTIVATING_PATHWAY	5.60287722751166e-34	7.39504334405579e-34	3.70548256918186	10.6200334392265	6.70534051415323e-23	1	2	4	0.000127837216619611	1	0	6.53081841622123	7.11789693015325
MMP2	SDC2	R-HSA-3000170	REACTOME_SYNDECAN_INTERACTIONS	5.62548996918889e-34	7.412410312343e-34	1.56948097074454	6.87680810832618	1.24436837425359e-20	1	4	8	0.000958545861657538	1	0	4.79920224094063	3.98991492461994
ALOX5AP	ALOX5	R-HSA-2142688	REACTOME_SYNTHESIS_OF_5_EICOSATETRAENOIC_ACIDS	6.30953562460077e-34	8.2997918283339e-34	15.3623422818369	11.5147709449478	3.7154421579926e-31	1	1	2	0.0412091300212569	1	0	-3.54159648977046	5.87751126047096
ADAM17	ITGA5	R-HSA-445144	REACTOME_SIGNAL_TRANSDUCTION_BY_L1	6.50416173752764e-34	8.54147873068956e-34	1.01997560898112	2.22952612887568	2.89028152199512e-10	1	7	13	0.00014445192226412	1	0	4.52749600270951	-3.35403305953966
FABP5	RXRA	R-HSA-5362517	REACTOME_SIGNALING_BY_RETINOIC_ACID	8.89753102761826e-34	1.16455164034269e-33	8.41401160015666	1.11383640478871	1.43754360540595e-13	1	3	7	4.9418890643055e-05	1	0	3.20200906822395	-3.40112761629557
CAP1	ROBO1	R-HSA-428890	REACTOME_ROLE_OF_ABL_IN_ROBO_SLIT_SIGNALING	8.8827069545691e-34	1.16455164034269e-33	4.83991828851274	7.43139786753504	1.78357692572352e-24	1	3	6	0.00240274865439682	1	0	-4.53860900476605	7.15495719236282
ABCA1	RXRA	R-HSA-9707616	REACTOME_HEME_SIGNALING	9.49887348233094e-34	1.24118613502458e-33	4.00015095710297	1.11383640478871	2.84171112979741e-10	1	9	18	0.00154451321739997	1	0	-4.11409824026658	-3.40112761629557
UBC	TLR4	R-HSA-9824878	REACTOME_REGULATION_OF_TBK1_IKK_IKBKE_MEDIATED_ACTIVATION_OF_IRF3_IRF7	1.69083384985002e-33	2.20568009697573e-33	3.47487818806187	5.19860521467565	2.74852046907024e-20	1	4	8	0.00101949301600462	1	0	7.15737689433595	8.61485446971873
GDF11	ACVR1B	R-HSA-1502540	REACTOME_SIGNALING_BY_ACTIVIN	3.27156359769155e-33	4.2606409644355e-33	2.89162081168427	1.4018243315728	8.65530744153663e-13	1	6	11	0.000141965404341824	1	0	7.49266276749024	5.5277428929389
VASP	ROBO1	R-HSA-428542	REACTOME_REGULATION_OF_COMMISSURAL_AXON_PATHFINDING_BY_SLIT_AND_ROBO	4.84650273020213e-33	6.30125728105882e-33	1.03470455701633	7.43139786753504	6.47400509799552e-17	1	1	2	8.65222318138941e-09	1	0	-3.25418154230553	7.15495719236282
GNAS	ADCY9	R-HSA-111931	REACTOME_PKA_MEDIATED_PHOSPHORYLATION_OF_CREB	4.88663562220843e-33	6.34291776127717e-33	3.70548256918186	1.96365614157027	1.8379161730549e-15	1	6	11	0.000423452883868237	1	0	6.53081841622123	-0.649116928523714
ADAM17	NOTCH1	R-HSA-2122947	REACTOME_NOTCH1_INTRACELLULAR_DOMAIN_REGULATES_TRANSCRIPTION	6.60550621244924e-33	8.55986259596728e-33	1.01997560898112	1.09863455757058	2.06527579650245e-06	1	15	29	0.00512434334013888	1	0	4.52749600270951	-6.30669616294725
FARP2	NRP1	R-HSA-399954	REACTOME_SEMA3A_PAK_DEPENDENT_AXON_REPULSION	7.88757326445406e-33	1.02043852134191e-32	1.45763071158296	1.72741868448327	7.59328020857374e-09	1	6	12	0.00014445192226412	1	0	5.08540365514204	8.26065577489803
NRP1	ROBO1	R-HSA-428540	REACTOME_ACTIVATION_OF_RAC1	8.39817722835141e-33	1.08470691054819e-32	1.72741868448327	7.43139786753504	2.38526824497001e-15	1	4	8	0.00014445192226412	1	0	8.26065577489803	7.15495719236282
FABP5	RXRA	R-HSA-1368108	REACTOME_BMAL1_CLOCK_NPAS2_ACTIVATES_CIRCADIAN_GENE_EXPRESSION	1.00356721362214e-32	1.29407351230223e-32	8.41401160015666	1.11383640478871	1.43754360540595e-13	1	6	11	0.000230826422981378	1	0	3.20200906822395	-3.40112761629557
ARTN	RET	R-HSA-9634815	REACTOME_TRANSCRIPTIONAL_REGULATION_BY_NPAS4	1.12350677294823e-32	1.44635354678392e-32	4.17020507508228	6.13126304654583	1.69479520566622e-18	1	6	12	0.00364234100385153	1	0	6.29937148769314	5.51502017180964
UBC	NOTCH1	R-HSA-5668914	REACTOME_DISEASES_OF_METABOLISM	2.40606306509904e-32	3.09238269350434e-32	3.47487818806187	1.09863455757058	1.78051196509234e-14	1	4	8	0.000119272608529013	1	0	7.15737689433595	-6.30669616294725
ADAM28	ITGA4	R-HSA-198933	REACTOME_IMMUNOREGULATORY_INTERACTIONS_BETWEEN_A_LYMPHOID_AND_A_NON_LYMPHOID_CELL	2.69054805879395e-32	3.45235626529371e-32	12.5482990883424	13.6345698393512	2.93999679159667e-28	1	1	2	0.00956636503407342	1	0	3.96154227625537	6.17140321377681
B2M	TFRC	R-HSA-9013409	REACTOME_RHOJ_GTPASE_CYCLE	4.38647408196024e-32	5.61711477000282e-32	1.71800318564513	2.06381115833075	7.88560002872138e-11	1	6	11	0.000103150611641055	1	0	0.0213117982230598	4.33934108420553
GNAS	ADCY9	R-HSA-163359	REACTOME_GLUCAGON_SIGNALING_IN_METABOLIC_REGULATION	4.4062826320813e-32	5.61711477000282e-32	3.70548256918186	1.96365614157027	1.8379161730549e-15	1	6	11	0.000610998807943587	1	0	6.53081841622123	-0.649116928523714
GNAS	ADCY9	R-HSA-432040	REACTOME_VASOPRESSIN_REGULATES_RENAL_WATER_HOMEOSTASIS_VIA_AQUAPORINS	4.4062826320813e-32	5.61711477000282e-32	3.70548256918186	1.96365614157027	1.8379161730549e-15	1	6	11	0.000610998807943587	1	0	6.53081841622123	-0.649116928523714
GNAS	ADCY9	R-HSA-445717	REACTOME_AQUAPORIN_MEDIATED_TRANSPORT	4.4062826320813e-32	5.61711477000282e-32	3.70548256918186	1.96365614157027	1.8379161730549e-15	1	6	11	0.000610998807943587	1	0	6.53081841622123	-0.649116928523714
S100A9	TLR4	R-HSA-5603041	REACTOME_IRAK4_DEFICIENCY_TLR2_4	5.45804993724734e-32	6.94660901104207e-32	15.6176732219501	5.19860521467565	5.39223445822793e-15	1	3	7	0.000217090749688924	1	0	5.45227808318672	8.61485446971873
UBC	TLR4	R-HSA-937072	REACTOME_TRAF6_MEDIATED_INDUCTION_OF_TAK1_COMPLEX_WITHIN_TLR4_COMPLEX	7.95222567800986e-32	1.01046109101454e-31	3.47487818806187	5.19860521467565	2.74852046907024e-20	1	5	10	0.00491001316757747	1	0	7.15737689433595	8.61485446971873
ALOX5AP	ALOX5	R-HSA-9018679	REACTOME_BIOSYNTHESIS_OF_EPA_DERIVED_SPMS	1.07535819046082e-31	1.36420844873994e-31	15.3623422818369	11.5147709449478	3.7154421579926e-31	1	1	2	0.537986430039652	1	0	-3.54159648977046	5.87751126047096
GDF11	ACVR2A	R-HSA-1502540	REACTOME_SIGNALING_BY_ACTIVIN	1.22647963089204e-31	1.55340877321383e-31	2.89162081168427	1.32764552764177	3.44501704473786e-07	1	6	12	0.000123960340547246	1	0	7.49266276749024	5.80573679559998
VASP	ROBO1	R-HSA-428543	REACTOME_INACTIVATION_OF_CDC42_AND_RAC1	1.40924386475218e-31	1.78201159671888e-31	1.03470455701633	7.43139786753504	6.47400509799552e-17	1	2	5	0.00014445192226412	1	0	-3.25418154230553	7.15495719236282
S100A9	TLR4	R-HSA-5686938	REACTOME_REGULATION_OF_TLR_BY_ENDOGENOUS_LIGAND	1.43046942659764e-31	1.80593885741151e-31	15.6176732219501	5.19860521467565	5.39223445822793e-15	1	1	3	2.98242779105529e-06	1	0	5.45227808318672	8.61485446971873
NRP1	ROBO1	R-HSA-428542	REACTOME_REGULATION_OF_COMMISSURAL_AXON_PATHFINDING_BY_SLIT_AND_ROBO	1.78563484064769e-31	2.25070372197394e-31	1.72741868448327	7.43139786753504	2.38526824497001e-15	1	1	2	8.65222318138941e-09	1	0	8.26065577489803	7.15495719236282
SLPI	CD4	R-HSA-449836	REACTOME_OTHER_INTERLEUKIN_SIGNALING	1.88267421737911e-31	2.36920800389281e-31	10.5127103216245	13.6803417654513	1.2377359552404e-18	1	2	4	3.36278713084148e-05	1	0	6.25807300861969	-3.78046533248377
MMP7	ERBB4	R-HSA-1251985	REACTOME_NUCLEAR_SIGNALING_BY_ERBB4	2.16014244655074e-31	2.71402512515349e-31	3.71164305105519	5.54075970430483	3.27693946110743e-09	1	7	13	0.000234039979620205	1	0	4.56547778692496	-3.89709153867408
B2M	TYROBP	R-HSA-198933	REACTOME_IMMUNOREGULATORY_INTERACTIONS_BETWEEN_A_LYMPHOID_AND_A_NON_LYMPHOID_CELL	2.40233323634192e-31	3.0134868116673e-31	1.71800318564513	11.7029332232716	3.07981976074756e-20	1	1	2	2.79289092142957e-06	1	0	0.0213117982230598	-4.58993343050057
GNAS	ADCY9	R-HSA-164378	REACTOME_PKA_ACTIVATION_IN_GLUCAGON_SIGNALLING	2.78050266099922e-31	3.48229087256132e-31	3.70548256918186	1.96365614157027	1.8379161730549e-15	1	5	10	0.000947323342376164	1	0	6.53081841622123	-0.649116928523714
VCAN	TLR2	R-HSA-5686938	REACTOME_REGULATION_OF_TLR_BY_ENDOGENOUS_LIGAND	3.86171084089148e-31	4.82867830822794e-31	1.63722029935208	5.57490509110826	3.63924185564032e-15	1	2	4	2.98242779105529e-06	1	0	7.49215599917647	5.44758975714471
NRG1	ERBB4	R-HSA-8847993	REACTOME_ERBB2_ACTIVATES_PTK6_SIGNALING	5.49716375349567e-31	6.86270124640224e-31	8.89455899048275	5.54075970430483	7.74494126343622e-12	1	1	3	4.14037980741748e-07	1	0	-1.11606595099888	-3.89709153867408
ABCA1	RXRA	R-HSA-5362517	REACTOME_SIGNALING_BY_RETINOIC_ACID	1.75884841710667e-30	2.19226893324583e-30	4.00015095710297	1.11383640478871	2.84171112979741e-10	1	3	7	4.9418890643055e-05	1	0	-4.11409824026658	-3.40112761629557
ADAM17	NOTCH1	R-HSA-9013694	REACTOME_SIGNALING_BY_NOTCH4	1.76993043042068e-30	2.20258009119018e-30	1.01997560898112	1.09863455757058	2.06527579650245e-06	1	11	21	0.00203476657286191	1	0	4.52749600270951	-6.30669616294725
NRG1	ERBB4	R-HSA-6785631	REACTOME_ERBB2_REGULATES_CELL_MOTILITY	2.1988648185879e-30	2.73202855431524e-30	8.89455899048275	5.54075970430483	7.74494126343622e-12	1	2	4	4.14037980741748e-07	1	0	-1.11606595099888	-3.89709153867408
TGFB1	CXCR4	R-HSA-9823730	REACTOME_FORMATION_OF_DEFINITIVE_ENDODERM	2.43502477725855e-30	3.02066364773846e-30	2.34733530459407	1.82741212281972	4.02307345995766e-13	1	4	9	0.000645254665363033	1	0	1.15661892798294	7.40397474366126
ADAM17	ERBB4	R-HSA-1251985	REACTOME_NUCLEAR_SIGNALING_BY_ERBB4	4.35280734656469e-30	5.39115475467096e-30	1.01997560898112	5.54075970430483	6.60321553485159e-08	1	7	13	0.000234039979620205	1	0	4.52749600270951	-3.89709153867408
B2M	TFRC	R-HSA-432722	REACTOME_GOLGI_ASSOCIATED_VESICLE_BIOGENESIS	4.60265136327739e-30	5.69160673313797e-30	1.71800318564513	2.06381115833075	7.88560002872138e-11	1	11	21	0.00561300267827798	1	0	0.0213117982230598	4.33934108420553
B2M	TFRC	R-HSA-9013423	REACTOME_RAC3_GTPASE_CYCLE	4.82939240334673e-30	5.96258841610053e-30	1.71800318564513	2.06381115833075	7.88560002872138e-11	1	3	7	7.81590021219744e-05	1	0	0.0213117982230598	4.33934108420553
NRP1	ROBO1	R-HSA-428543	REACTOME_INACTIVATION_OF_CDC42_AND_RAC1	5.19218719962536e-30	6.40043201966397e-30	1.72741868448327	7.43139786753504	2.38526824497001e-15	1	2	5	0.00014445192226412	1	0	8.26065577489803	7.15495719236282
ARTN	RET	R-HSA-9768919	REACTOME_NPAS4_REGULATES_EXPRESSION_OF_TARGET_GENES	5.78217899596372e-30	7.11652799503227e-30	4.17020507508228	6.13126304654583	1.69479520566622e-18	1	5	10	0.0050471660661574	1	0	6.29937148769314	5.51502017180964
TYROBP	CD300LB	R-HSA-198933	REACTOME_IMMUNOREGULATORY_INTERACTIONS_BETWEEN_A_LYMPHOID_AND_A_NON_LYMPHOID_CELL	6.0252612408747e-30	7.40408277875512e-30	11.7029332232716	13.2087312826454	1.22795561510696e-21	1	1	2	7.00481397178349e-05	1	0	-4.58993343050057	4.13957779260343
HBEGF	ERBB4	R-HSA-1227990	REACTOME_SIGNALING_BY_ERBB2_IN_CANCER	1.86700230886682e-29	2.29065697989294e-29	3.10590211363943	5.54075970430483	4.88802071898867e-16	1	8	16	0.0115265012294462	1	0	2.04268055323372	-3.89709153867408
ABCA1	RXRA	R-HSA-1368108	REACTOME_BMAL1_CLOCK_NPAS2_ACTIVATES_CIRCADIAN_GENE_EXPRESSION	1.9838341666474e-29	2.43019685414306e-29	4.00015095710297	1.11383640478871	2.84171112979741e-10	1	6	11	0.000230826422981378	1	0	-4.11409824026658	-3.40112761629557
SLPI	CD4	R-HSA-164938	REACTOME_NEF_MEDIATES_DOWN_MODULATION_OF_CELL_SURFACE_RECEPTORS_BY_RECRUITING_THEM_TO_CLATHRIN_ADAPTERS	2.09165290274215e-29	2.55032018001531e-29	10.5127103216245	13.6803417654513	1.2377359552404e-18	1	3	6	0.00103067491284947	1	0	6.25807300861969	-3.78046533248377
SLPI	CD4	R-HSA-164952	REACTOME_THE_ROLE_OF_NEF_IN_HIV_1_REPLICATION_AND_DISEASE_PATHOGENESIS	2.09165290274215e-29	2.55032018001531e-29	10.5127103216245	13.6803417654513	1.2377359552404e-18	1	3	6	0.00103067491284947	1	0	6.25807300861969	-3.78046533248377
SLPI	CD4	R-HSA-167590	REACTOME_NEF_MEDIATED_CD4_DOWN_REGULATION	2.09165290274215e-29	2.55032018001531e-29	10.5127103216245	13.6803417654513	1.2377359552404e-18	1	3	6	0.00103067491284947	1	0	6.25807300861969	-3.78046533248377
UBC	ERBB4	R-HSA-1227990	REACTOME_SIGNALING_BY_ERBB2_IN_CANCER	2.17437342358568e-29	2.64706329827822e-29	3.47487818806187	5.54075970430483	5.69275265211432e-16	1	8	16	0.0115265012294462	1	0	7.15737689433595	-3.89709153867408
FARP2	NRP1	R-HSA-445144	REACTOME_SIGNAL_TRANSDUCTION_BY_L1	2.87013480286394e-29	3.48865997743462e-29	1.45763071158296	1.72741868448327	7.59328020857374e-09	1	6	11	0.000141965404341824	1	0	5.08540365514204	8.26065577489803
ICAM5	ITGAL	R-HSA-8949275	REACTOME_RUNX3_REGULATES_IMMUNE_RESPONSE_AND_CELL_MIGRATION	2.97046569206366e-29	3.60502337860357e-29	2.76004159207977	12.7108503570674	1.42766010254319e-15	1	1	3	2.75042562752027e-05	1	0	1.4475867177842	-0.697293284537909
HBEGF	ERBB4	R-HSA-8863795	REACTOME_DOWNREGULATION_OF_ERBB2_SIGNALING	6.24919712803183e-29	7.57244288775418e-29	3.10590211363943	5.54075970430483	4.88802071898867e-16	1	6	12	0.00556556528986945	1	0	2.04268055323372	-3.89709153867408
UBC	ERBB4	R-HSA-8863795	REACTOME_DOWNREGULATION_OF_ERBB2_SIGNALING	7.27802429027937e-29	8.80551086972072e-29	3.47487818806187	5.54075970430483	5.69275265211432e-16	1	6	12	0.00556556528986945	1	0	7.15737689433595	-3.89709153867408
S100A9	TLR4	R-HSA-2562578	REACTOME_TRIF_MEDIATED_PROGRAMMED_CELL_DEATH	7.35982721892486e-29	8.89076200252248e-29	15.6176732219501	5.19860521467565	5.39223445822793e-15	1	2	5	0.000228587284485314	1	0	5.45227808318672	8.61485446971873
HBEGF	ERBB4	R-HSA-9620244	REACTOME_LONG_TERM_POTENTIATION	1.26702158046526e-28	1.5282229524381e-28	3.10590211363943	5.54075970430483	4.88802071898867e-16	1	2	4	4.0166872895976e-05	1	0	2.04268055323372	-3.89709153867408
TYROBP	TREM2	R-HSA-416700	REACTOME_OTHER_SEMAPHORIN_INTERACTIONS	1.2855930090794e-28	1.5482410431924e-28	11.7029332232716	17.0988540674471	6.78478832427013e-28	1	1	2	0.435294920777282	1	0	-4.58993343050057	5.41795247730373
UBC	NOTCH1	R-HSA-2644602	REACTOME_SIGNALING_BY_NOTCH1_PEST_DOMAIN_MUTANTS_IN_CANCER	1.29961046749736e-28	1.56272178913794e-28	3.47487818806187	1.09863455757058	1.78051196509234e-14	1	15	29	0.0350849161517547	1	0	7.15737689433595	-6.30669616294725
UBC	ERBB4	R-HSA-9620244	REACTOME_LONG_TERM_POTENTIATION	1.47561577111564e-28	1.77164282473915e-28	3.47487818806187	5.54075970430483	5.69275265211432e-16	1	2	4	4.0166872895976e-05	1	0	7.15737689433595	-3.89709153867408
MMP7	ERBB4	R-HSA-8847993	REACTOME_ERBB2_ACTIVATES_PTK6_SIGNALING	2.3258888886663e-28	2.78822154237672e-28	3.71164305105519	5.54075970430483	3.27693946110743e-09	1	1	3	4.14037980741748e-07	1	0	4.56547778692496	-3.89709153867408
S100A9	TLR4	R-HSA-9824878	REACTOME_REGULATION_OF_TBK1_IKK_IKBKE_MEDIATED_ACTIVATION_OF_IRF3_IRF7	3.31719288646361e-28	3.97050263051523e-28	15.6176732219501	5.19860521467565	5.39223445822793e-15	1	4	8	0.00101949301600462	1	0	5.45227808318672	8.61485446971873
MMP7	ERBB4	R-HSA-6785631	REACTOME_ERBB2_REGULATES_CELL_MOTILITY	9.3035526656462e-28	1.11188800150406e-27	3.71164305105519	5.54075970430483	3.27693946110743e-09	1	2	4	4.14037980741748e-07	1	0	4.56547778692496	-3.89709153867408
PTGS2	ALOX5	R-HSA-2142691	REACTOME_SYNTHESIS_OF_LEUKOTRIENES_LT_AND_EOXINS_EX	4.32624279190902e-27	5.16251803478945e-27	1.31913039585455	11.5147709449478	2.88365730784947e-15	1	2	4	7.21179843837725e-05	1	0	-6.30669616294725	5.87751126047096
ADAM17	ERBB4	R-HSA-8847993	REACTOME_ERBB2_ACTIVATES_PTK6_SIGNALING	4.68679565926118e-27	5.58426716848141e-27	1.01997560898112	5.54075970430483	6.60321553485159e-08	1	1	3	4.14037980741748e-07	1	0	4.52749600270951	-3.89709153867408
FARP2	NRP1	R-HSA-399955	REACTOME_SEMA3A_PLEXIN_REPULSION_SIGNALING_BY_INHIBITING_INTEGRIN_ADHESION	6.84103551109315e-27	8.13865226205923e-27	1.45763071158296	1.72741868448327	7.59328020857374e-09	1	4	9	0.000469702598559088	1	0	5.08540365514204	8.26065577489803
B2M	TFRC	R-HSA-9013406	REACTOME_RHOQ_GTPASE_CYCLE	8.78247840611212e-27	1.04325198036241e-26	1.71800318564513	2.06381115833075	7.88560002872138e-11	1	6	12	0.00202962908677182	1	0	0.0213117982230598	4.33934108420553
S100A9	TLR4	R-HSA-937072	REACTOME_TRAF6_MEDIATED_INDUCTION_OF_TAK1_COMPLEX_WITHIN_TLR4_COMPLEX	1.56012173833565e-26	1.85043183487919e-26	15.6176732219501	5.19860521467565	5.39223445822793e-15	1	5	10	0.00491001316757747	1	0	5.45227808318672	8.61485446971873
ADAM17	ERBB4	R-HSA-6785631	REACTOME_ERBB2_REGULATES_CELL_MOTILITY	1.87471768155106e-26	2.2202094597221e-26	1.01997560898112	5.54075970430483	6.60321553485159e-08	1	2	4	4.14037980741748e-07	1	0	4.52749600270951	-3.89709153867408
B2M	TFRC	R-HSA-8980692	REACTOME_RHOA_GTPASE_CYCLE	2.91232468064448e-26	3.44383491647854e-26	1.71800318564513	2.06381115833075	7.88560002872138e-11	1	4	9	0.00128063719736247	1	0	0.0213117982230598	4.33934108420553
VASP	ROBO1	R-HSA-428890	REACTOME_ROLE_OF_ABL_IN_ROBO_SLIT_SIGNALING	3.22423380110463e-26	3.80692665672595e-26	1.03470455701633	7.43139786753504	6.47400509799552e-17	1	3	6	0.00240274865439682	1	0	-3.25418154230553	7.15495719236282
FABP5	RXRA	R-HSA-4090294	REACTOME_SUMOYLATION_OF_INTRACELLULAR_RECEPTORS	6.96133457995392e-26	8.20704708373515e-26	8.41401160015666	1.11383640478871	1.43754360540595e-13	1	5	10	0.00364234100385153	1	0	3.20200906822395	-3.40112761629557
PTDSS1	SCARB1	R-HSA-8964043	REACTOME_PLASMA_LIPOPROTEIN_CLEARANCE	9.20114538965057e-26	1.08313783565857e-25	1.56801677831403	1.6228083509874	1.75026181046386e-12	1	9	17	0.0109914137839377	1	0	2.85951526152527	-0.85110966045686
CAP1	ROBO1	R-HSA-9010553	REACTOME_REGULATION_OF_EXPRESSION_OF_SLITS_AND_ROBOS	1.52390886589074e-25	1.79122121567967e-25	4.83991828851274	7.43139786753504	1.78357692572352e-24	1	1	2	0.292303203647855	1	0	-4.53860900476605	7.15495719236282
NRG1	ERBB4	R-HSA-1227990	REACTOME_SIGNALING_BY_ERBB2_IN_CANCER	2.95821643404676e-25	3.47191868906086e-25	8.89455899048275	5.54075970430483	7.74494126343622e-12	1	8	16	0.0115265012294462	1	0	-1.11606595099888	-3.89709153867408
GDF11	ACVR1B	R-HSA-1181150	REACTOME_SIGNALING_BY_NODAL	4.74102484393118e-25	5.55599921919589e-25	2.89162081168427	1.4018243315728	8.65530744153663e-13	1	5	10	0.00371808371756564	1	0	7.49266276749024	5.5277428929389
NRG1	ERBB4	R-HSA-8863795	REACTOME_DOWNREGULATION_OF_ERBB2_SIGNALING	9.90168976007423e-25	1.15864548834301e-24	8.89455899048275	5.54075970430483	7.74494126343622e-12	1	6	12	0.00556556528986945	1	0	-1.11606595099888	-3.89709153867408
SPP1	ITGA4	R-HSA-198933	REACTOME_IMMUNOREGULATORY_INTERACTIONS_BETWEEN_A_LYMPHOID_AND_A_NON_LYMPHOID_CELL	1.14706313648531e-24	1.34023472280847e-24	2.6783315950163	13.6345698393512	1.25341078000938e-20	1	1	2	0.00956636503407342	1	0	6.139474460684	6.17140321377681
NRP1	ROBO1	R-HSA-428890	REACTOME_ROLE_OF_ABL_IN_ROBO_SLIT_SIGNALING	1.18792963300492e-24	1.38591790517241e-24	1.72741868448327	7.43139786753504	2.38526824497001e-15	1	3	6	0.00240274865439682	1	0	8.26065577489803	7.15495719236282
UBC	NOTCH1	R-HSA-186712	REACTOME_REGULATION_OF_BETA_CELL_DEVELOPMENT	1.4266814667112e-24	1.66198851396966e-24	3.47487818806187	1.09863455757058	1.78051196509234e-14	1	5	10	0.00855838313219937	1	0	7.15737689433595	-6.30669616294725
NRG1	ERBB4	R-HSA-9620244	REACTOME_LONG_TERM_POTENTIATION	2.00756262797509e-24	2.33520638031524e-24	8.89455899048275	5.54075970430483	7.74494126343622e-12	1	2	4	4.0166872895976e-05	1	0	-1.11606595099888	-3.89709153867408
ADAM17	NOTCH1	R-HSA-5668914	REACTOME_DISEASES_OF_METABOLISM	2.79087358615411e-24	3.24154798747381e-24	1.01997560898112	1.09863455757058	2.06527579650245e-06	1	4	8	0.000119272608529013	1	0	4.52749600270951	-6.30669616294725
UBC	NOTCH1	R-HSA-9013695	REACTOME_NOTCH4_INTRACELLULAR_DOMAIN_REGULATES_TRANSCRIPTION	3.11568870045588e-24	3.61346145141629e-24	3.47487818806187	1.09863455757058	1.78051196509234e-14	1	6	11	0.00855838313219937	1	0	7.15737689433595	-6.30669616294725
UBC	NOTCH1	R-HSA-2122948	REACTOME_ACTIVATED_NOTCH1_TRANSMITS_SIGNAL_TO_THE_NUCLEUS	3.82086528458825e-24	4.42475388939023e-24	3.47487818806187	1.09863455757058	1.78051196509234e-14	1	6	11	0.00885630825904192	1	0	7.15737689433595	-6.30669616294725
FABP5	RXRA	R-HSA-193807	REACTOME_SYNTHESIS_OF_BILE_ACIDS_AND_BILE_SALTS_VIA_27_HYDROXYCHOLESTEROL	4.44066233908772e-24	5.13492518266191e-24	8.41401160015666	1.11383640478871	1.43754360540595e-13	1	1	3	0.000313768186835006	1	0	3.20200906822395	-3.40112761629557
UBC	NOTCH1	R-HSA-2644605	REACTOME_FBXW7_MUTANTS_AND_NOTCH1_IN_CANCER	1.47994355965536e-23	1.70880081114846e-23	3.47487818806187	1.09863455757058	1.78051196509234e-14	1	2	4	0.000592394595601825	1	0	7.15737689433595	-6.30669616294725
FABP5	RXRA	R-HSA-9029558	REACTOME_NR1H2_NR1H3_REGULATE_GENE_EXPRESSION_LINKED_TO_LIPOGENESIS	1.55415811463448e-23	1.79185288510798e-23	8.41401160015666	1.11383640478871	1.43754360540595e-13	1	3	7	0.005535209715218	1	0	3.20200906822395	-3.40112761629557
GDF11	ACVR2A	R-HSA-1181150	REACTOME_SIGNALING_BY_NODAL	2.59708093203124e-23	2.98988465596548e-23	2.89162081168427	1.32764552764177	3.44501704473786e-07	1	5	10	0.000843441932967068	1	0	7.49266276749024	5.80573679559998
VCAN	ITGA4	R-HSA-198933	REACTOME_IMMUNOREGULATORY_INTERACTIONS_BETWEEN_A_LYMPHOID_AND_A_NON_LYMPHOID_CELL	2.71789060203385e-23	3.12437863928818e-23	1.63722029935208	13.6345698393512	2.96987434354623e-19	1	1	2	0.00956636503407342	1	0	7.49215599917647	6.17140321377681
HBEGF	ERBB4	R-HSA-1250196	REACTOME_SHC1_EVENTS_IN_ERBB2_SIGNALING	5.7538669077618e-23	6.60473156030052e-23	3.10590211363943	5.54075970430483	4.88802071898867e-16	1	4	9	0.0339494826354798	1	0	2.04268055323372	-3.89709153867408
HBEGF	PRLR	R-HSA-1170546	REACTOME_PROLACTIN_RECEPTOR_SIGNALING	5.95658256187894e-23	6.8274279656624e-23	3.10590211363943	12.3353937783442	9.30372012011095e-23	1	4	9	0.662581918834928	1	0	2.04268055323372	2.61631497885598
UBC	ERBB4	R-HSA-1250196	REACTOME_SHC1_EVENTS_IN_ERBB2_SIGNALING	6.70114612481653e-23	7.66963293701629e-23	3.47487818806187	5.54075970430483	5.69275265211432e-16	1	4	9	0.0339494826354798	1	0	7.15737689433595	-3.89709153867408
FABP5	RXRA	R-HSA-9031525	REACTOME_NR1H2_NR1H3_REGULATE_GENE_EXPRESSION_TO_LIMIT_CHOLESTEROL_UPTAKE	9.92813714385363e-23	1.13464424501184e-22	8.41401160015666	1.11383640478871	1.43754360540595e-13	1	2	4	0.000556915615553794	1	0	3.20200906822395	-3.40112761629557
MMP7	ERBB4	R-HSA-1227990	REACTOME_SIGNALING_BY_ERBB2_IN_CANCER	1.25164230915334e-22	1.42836618686495e-22	3.71164305105519	5.54075970430483	3.27693946110743e-09	1	8	16	0.0115265012294462	1	0	4.56547778692496	-3.89709153867408
ABCA1	RXRA	R-HSA-4090294	REACTOME_SUMOYLATION_OF_INTRACELLULAR_RECEPTORS	1.37610447987158e-22	1.56811905845831e-22	4.00015095710297	1.11383640478871	2.84171112979741e-10	1	5	10	0.00364234100385153	1	0	-4.11409824026658	-3.40112761629557
MMP7	ERBB4	R-HSA-8863795	REACTOME_DOWNREGULATION_OF_ERBB2_SIGNALING	4.18947501378915e-22	4.76712396344078e-22	3.71164305105519	5.54075970430483	3.27693946110743e-09	1	6	12	0.00556556528986945	1	0	4.56547778692496	-3.89709153867408
B2M	TFRC	R-HSA-917937	REACTOME_IRON_UPTAKE_AND_TRANSPORT	4.62988435225159e-22	5.26062222052934e-22	1.71800318564513	2.06381115833075	7.88560002872138e-11	1	4	9	0.0064359168098687	1	0	0.0213117982230598	4.33934108420553
FABP5	RXRA	R-HSA-200425	REACTOME_CARNITINE_METABOLISM	7.33137433830656e-22	8.31808607993103e-22	8.41401160015666	1.11383640478871	1.43754360540595e-13	1	3	6	0.00430146856611388	1	0	3.20200906822395	-3.40112761629557
MMP7	ERBB4	R-HSA-9620244	REACTOME_LONG_TERM_POTENTIATION	8.4941395583126e-22	9.62341822791485e-22	3.71164305105519	5.54075970430483	3.27693946110743e-09	1	2	4	4.0166872895976e-05	1	0	4.56547778692496	-3.89709153867408
ADAM17	ERBB4	R-HSA-1227990	REACTOME_SIGNALING_BY_ERBB2_IN_CANCER	2.52212896758422e-21	2.85331761989326e-21	1.01997560898112	5.54075970430483	6.60321553485159e-08	1	8	16	0.0115265012294462	1	0	4.52749600270951	-3.89709153867408
B2M	TYROBP	R-HSA-416700	REACTOME_OTHER_SEMAPHORIN_INTERACTIONS	2.54024789461333e-21	2.86967485500987e-21	1.71800318564513	11.7029332232716	3.07981976074756e-20	1	1	3	0.435294920777282	1	0	0.0213117982230598	-4.58993343050057
ADAM17	ERBB4	R-HSA-8863795	REACTOME_DOWNREGULATION_OF_ERBB2_SIGNALING	8.44202550039669e-21	9.52309063641871e-21	1.01997560898112	5.54075970430483	6.60321553485159e-08	1	6	12	0.00556556528986945	1	0	4.52749600270951	-3.89709153867408
ABCA1	RXRA	R-HSA-193807	REACTOME_SYNTHESIS_OF_BILE_ACIDS_AND_BILE_SALTS_VIA_27_HYDROXYCHOLESTEROL	8.77822387105559e-21	9.88811424555687e-21	4.00015095710297	1.11383640478871	2.84171112979741e-10	1	1	3	0.000313768186835006	1	0	-4.11409824026658	-3.40112761629557
FABP5	RXRA	R-HSA-211976	REACTOME_ENDOGENOUS_STEROLS	1.41526850885694e-20	1.59192325816907e-20	8.41401160015666	1.11383640478871	1.43754360540595e-13	1	1	2	0.000313768186835006	1	0	3.20200906822395	-3.40112761629557
ADAM17	NOTCH1	R-HSA-2644602	REACTOME_SIGNALING_BY_NOTCH1_PEST_DOMAIN_MUTANTS_IN_CANCER	1.50746195253136e-20	1.69319508708393e-20	1.01997560898112	1.09863455757058	2.06527579650245e-06	1	15	29	0.0350849161517547	1	0	4.52749600270951	-6.30669616294725
ADAM17	ERBB4	R-HSA-9620244	REACTOME_LONG_TERM_POTENTIATION	1.71161643211108e-20	1.91975290811887e-20	1.01997560898112	5.54075970430483	6.60321553485159e-08	1	2	4	4.0166872895976e-05	1	0	4.52749600270951	-3.89709153867408
ABCA1	RXRA	R-HSA-9029558	REACTOME_NR1H2_NR1H3_REGULATE_GENE_EXPRESSION_LINKED_TO_LIPOGENESIS	3.0722326579962e-20	3.44090057695575e-20	4.00015095710297	1.11383640478871	2.84171112979741e-10	1	3	7	0.005535209715218	1	0	-4.11409824026658	-3.40112761629557
HBEGF	ERBB4	R-HSA-1963640	REACTOME_GRB2_EVENTS_IN_ERBB2_SIGNALING	4.24763807703752e-20	4.75056812039575e-20	3.10590211363943	5.54075970430483	4.88802071898867e-16	1	3	7	0.0863612410635142	1	0	2.04268055323372	-3.89709153867408
UBC	ERBB4	R-HSA-1963640	REACTOME_GRB2_EVENTS_IN_ERBB2_SIGNALING	4.94694157787452e-20	5.52478945449234e-20	3.47487818806187	5.54075970430483	5.69275265211432e-16	1	3	7	0.0863612410635142	1	0	7.15737689433595	-3.89709153867408
HBEGF	ERBB4	R-HSA-1253288	REACTOME_DOWNREGULATION_OF_ERBB4_SIGNALING	5.64038992543445e-20	6.29027838056986e-20	3.10590211363943	5.54075970430483	4.88802071898867e-16	1	3	6	0.0538358608310852	1	0	2.04268055323372	-3.89709153867408
UBC	ERBB4	R-HSA-1253288	REACTOME_DOWNREGULATION_OF_ERBB4_SIGNALING	6.56898703032079e-20	7.31546282922088e-20	3.47487818806187	5.54075970430483	5.69275265211432e-16	1	3	6	0.0538358608310852	1	0	7.15737689433595	-3.89709153867408
FABP5	RXRA	R-HSA-192105	REACTOME_SYNTHESIS_OF_BILE_ACIDS_AND_BILE_SALTS	7.73302202813992e-20	8.58737856949249e-20	8.41401160015666	1.11383640478871	1.43754360540595e-13	1	3	6	0.0138380852028642	1	0	3.20200906822395	-3.40112761629557
FABP5	RXRA	R-HSA-193368	REACTOME_SYNTHESIS_OF_BILE_ACIDS_AND_BILE_SALTS_VIA_7ALPHA_HYDROXYCHOLESTEROL	7.73302202813992e-20	8.58737856949249e-20	8.41401160015666	1.11383640478871	1.43754360540595e-13	1	3	6	0.0138380852028642	1	0	3.20200906822395	-3.40112761629557
ABCA1	RXRA	R-HSA-9031525	REACTOME_NR1H2_NR1H3_REGULATE_GENE_EXPRESSION_TO_LIMIT_CHOLESTEROL_UPTAKE	1.96257683688676e-19	2.17632282902295e-19	4.00015095710297	1.11383640478871	2.84171112979741e-10	1	2	4	0.000556915615553794	1	0	-4.11409824026658	-3.40112761629557
HBEGF	ERBB4	R-HSA-1250347	REACTOME_SHC1_EVENTS_IN_ERBB4_SIGNALING	3.53521464817446e-19	3.91470096634007e-19	3.10590211363943	5.54075970430483	4.88802071898867e-16	1	3	6	0.0863612410635142	1	0	2.04268055323372	-3.89709153867408
UBC	ERBB4	R-HSA-1250347	REACTOME_SHC1_EVENTS_IN_ERBB4_SIGNALING	4.11722939021265e-19	4.55276141315475e-19	3.47487818806187	5.54075970430483	5.69275265211432e-16	1	3	6	0.0863612410635142	1	0	7.15737689433595	-3.89709153867408
UBC	NOTCH1	R-HSA-350054	REACTOME_NOTCH_HLH_TRANSCRIPTION_PATHWAY	7.75069147945682e-19	8.55851002801993e-19	3.47487818806187	1.09863455757058	1.78051196509234e-14	1	6	11	0.0710737734612632	1	0	7.15737689433595	-6.30669616294725
PTGS2	ALOX5	R-HSA-9018678	REACTOME_BIOSYNTHESIS_OF_SPECIALIZED_PRORESOLVING_MEDIATORS_SPMS	7.82257079651009e-19	8.6257320737889e-19	1.31913039585455	11.5147709449478	2.88365730784947e-15	1	2	4	0.0412091300212569	1	0	-6.30669616294725	5.87751126047096
NRG1	ERBB4	R-HSA-1250196	REACTOME_SHC1_EVENTS_IN_ERBB2_SIGNALING	9.11685195300577e-19	1.00387808021861e-18	8.89455899048275	5.54075970430483	7.74494126343622e-12	1	4	9	0.0339494826354798	1	0	-1.11606595099888	-3.89709153867408
ABCA1	RXRA	R-HSA-200425	REACTOME_CARNITINE_METABOLISM	1.44925329398921e-18	1.59356883939346e-18	4.00015095710297	1.11383640478871	2.84171112979741e-10	1	3	6	0.00430146856611388	1	0	-4.11409824026658	-3.40112761629557
FABP5	RXRA	R-HSA-9623433	REACTOME_NR1H2_NR1H3_REGULATE_GENE_EXPRESSION_TO_CONTROL_BILE_ACID_HOMEOSTASIS	3.0866044011303e-18	3.38921267575092e-18	8.41401160015666	1.11383640478871	1.43754360540595e-13	1	3	6	0.0350849161517547	1	0	3.20200906822395	-3.40112761629557
PTGS2	ALOX5	R-HSA-2142688	REACTOME_SYNTHESIS_OF_5_EICOSATETRAENOIC_ACIDS	4.89700491605737e-18	5.36958301285172e-18	1.31913039585455	11.5147709449478	2.88365730784947e-15	1	1	2	0.0412091300212569	1	0	-6.30669616294725	5.87751126047096
FABP5	RXRA	R-HSA-1368082	REACTOME_RORA_ACTIVATES_GENE_EXPRESSION	5.12275359718891e-18	5.60927209524596e-18	8.41401160015666	1.11383640478871	1.43754360540595e-13	1	3	7	0.0718876198191698	1	0	3.20200906822395	-3.40112761629557
VASP	ROBO1	R-HSA-9010553	REACTOME_REGULATION_OF_EXPRESSION_OF_SLITS_AND_ROBOS	5.53146523952429e-18	6.04835250737384e-18	1.03470455701633	7.43139786753504	6.47400509799552e-17	1	1	2	0.292303203647855	1	0	-3.25418154230553	7.15495719236282
UBC	NOTCH1	R-HSA-9793380	REACTOME_FORMATION_OF_PARAXIAL_MESODERM	6.15369803703932e-18	6.71935830228249e-18	3.47487818806187	1.09863455757058	1.78051196509234e-14	1	7	13	0.121652291002858	1	0	7.15737689433595	-6.30669616294725
HBEGF	ERBB4	R-HSA-1250342	REACTOME_PI3K_EVENTS_IN_ERBB4_SIGNALING	1.48342056083752e-17	1.61752673114968e-17	3.10590211363943	5.54075970430483	4.88802071898867e-16	1	1	2	0.174207010503677	1	0	2.04268055323372	-3.89709153867408
UBC	ERBB4	R-HSA-1250342	REACTOME_PI3K_EVENTS_IN_ERBB4_SIGNALING	1.72764127187578e-17	1.8812093849314e-17	3.47487818806187	5.54075970430483	5.69275265211432e-16	1	1	2	0.174207010503677	1	0	7.15737689433595	-3.89709153867408
B2M	TREM2	R-HSA-416700	REACTOME_OTHER_SEMAPHORIN_INTERACTIONS	2.04819552625116e-17	2.2271640673799e-17	1.71800318564513	17.0988540674471	1.08094653550445e-16	1	1	2	0.435294920777282	1	0	0.0213117982230598	5.41795247730373
ABCA1	RXRA	R-HSA-211976	REACTOME_ENDOGENOUS_STEROLS	2.79767810739546e-17	3.0379219337923e-17	4.00015095710297	1.11383640478871	2.84171112979741e-10	1	1	2	0.000313768186835006	1	0	-4.11409824026658	-3.40112761629557
UBC	NOTCH1	R-HSA-9818030	REACTOME_NFE2L2_REGULATING_TUMORIGENIC_GENES	3.24608272905567e-17	3.51995692887918e-17	3.47487818806187	1.09863455757058	1.78051196509234e-14	1	4	8	0.136070384262076	1	0	7.15737689433595	-6.30669616294725
UBC	NOTCH1	R-HSA-8941856	REACTOME_RUNX3_REGULATES_NOTCH_SIGNALING	3.72486355750035e-17	4.03355390756944e-17	3.47487818806187	1.09863455757058	1.78051196509234e-14	1	5	10	0.161966440700674	1	0	7.15737689433595	-6.30669616294725
NAMPT	INSR	R-HSA-74749	REACTOME_SIGNAL_ATTENUATION	4.00044096361995e-17	4.32599409031454e-17	1.86819900661908	1.17913580385034	2.43211776773495e-07	1	4	8	0.00495067216647607	1	0	7.00173820576973	6.1176312656009
ADAM15	ITGA5	R-HSA-1566977	REACTOME_FIBRONECTIN_MATRIX_FORMATION	6.26932175162544e-17	6.77017665740268e-17	1.22598691314216	2.22952612887568	6.85056926414023e-13	1	1	2	0.00956636503407342	1	0	1.31829304345549	-3.35403305953966
UBC	NOTCH1	R-HSA-9824272	REACTOME_SOMITOGENESIS	6.55896329824148e-17	7.07321489108847e-17	3.47487818806187	1.09863455757058	1.78051196509234e-14	1	2	5	0.170920525864964	1	0	7.15737689433595	-6.30669616294725
FABP5	RXRA	R-HSA-9031528	REACTOME_NR1H2_NR1H3_REGULATE_GENE_EXPRESSION_LINKED_TO_TRIGLYCERIDE_LIPOLYSIS_IN_ADIPOSE	6.65739690757523e-17	7.1695043620041e-17	8.41401160015666	1.11383640478871	1.43754360540595e-13	1	1	3	0.0773679591427889	1	0	3.20200906822395	-3.40112761629557
UBC	NOTCH1	R-HSA-210744	REACTOME_REGULATION_OF_GENE_EXPRESSION_IN_LATE_STAGE_BRANCHING_MORPHOGENESIS_PANCREATIC_BUD_PRECURSOR_CELLS	7.20880551432523e-17	7.75267973008365e-17	3.47487818806187	1.09863455757058	1.78051196509234e-14	1	4	8	0.161966440700674	1	0	7.15737689433595	-6.30669616294725
SPP1	ITGA5	R-HSA-1566977	REACTOME_FIBRONECTIN_MATRIX_FORMATION	8.15083700964503e-17	8.75377563775576e-17	2.6783315950163	2.22952612887568	8.90652541175031e-13	1	1	2	0.00956636503407342	1	0	6.139474460684	-3.35403305953966
FABP5	RXRA	R-HSA-9632974	REACTOME_NR1H2_NR1H3_REGULATE_GENE_EXPRESSION_LINKED_TO_GLUCONEOGENESIS	9.3609302439354e-17	1.0039629700746e-16	8.41401160015666	1.11383640478871	1.43754360540595e-13	1	1	3	0.0866760930774289	1	0	3.20200906822395	-3.40112761629557
ABCA1	RXRA	R-HSA-192105	REACTOME_SYNTHESIS_OF_BILE_ACIDS_AND_BILE_SALTS	1.52865030888077e-16	1.63500933446456e-16	4.00015095710297	1.11383640478871	2.84171112979741e-10	1	3	6	0.0138380852028642	1	0	-4.11409824026658	-3.40112761629557
ABCA1	RXRA	R-HSA-193368	REACTOME_SYNTHESIS_OF_BILE_ACIDS_AND_BILE_SALTS_VIA_7ALPHA_HYDROXYCHOLESTEROL	1.52865030888077e-16	1.63500933446456e-16	4.00015095710297	1.11383640478871	2.84171112979741e-10	1	3	6	0.0138380852028642	1	0	-4.11409824026658	-3.40112761629557
ADAM17	NOTCH1	R-HSA-186712	REACTOME_REGULATION_OF_BETA_CELL_DEVELOPMENT	1.65485588430991e-16	1.76758448678334e-16	1.01997560898112	1.09863455757058	2.06527579650245e-06	1	5	10	0.00855838313219937	1	0	4.52749600270951	-6.30669616294725
UBC	NOTCH1	R-HSA-2691230	REACTOME_SIGNALING_BY_NOTCH1_HD_DOMAIN_MUTANTS_IN_CANCER	1.70040994253186e-16	1.81377060536732e-16	3.47487818806187	1.09863455757058	1.78051196509234e-14	1	3	6	0.170920525864964	1	0	7.15737689433595	-6.30669616294725
NRP1	ROBO1	R-HSA-9010553	REACTOME_REGULATION_OF_EXPRESSION_OF_SLITS_AND_ROBOS	2.03800092589946e-16	2.17091402976247e-16	1.72741868448327	7.43139786753504	2.38526824497001e-15	1	1	2	0.292303203647855	1	0	8.26065577489803	7.15495719236282
ADAM17	NOTCH1	R-HSA-9013695	REACTOME_NOTCH4_INTRACELLULAR_DOMAIN_REGULATES_TRANSCRIPTION	3.61399226101466e-16	3.84446395201559e-16	1.01997560898112	1.09863455757058	2.06527579650245e-06	1	6	11	0.00855838313219937	1	0	4.52749600270951	-6.30669616294725
MMP7	ERBB4	R-HSA-1250196	REACTOME_SHC1_EVENTS_IN_ERBB2_SIGNALING	3.85740458315937e-16	4.09783901517201e-16	3.71164305105519	5.54075970430483	3.27693946110743e-09	1	4	9	0.0339494826354798	1	0	4.56547778692496	-3.89709153867408
ADAM17	NOTCH1	R-HSA-2122948	REACTOME_ACTIVATED_NOTCH1_TRANSMITS_SIGNAL_TO_THE_NUCLEUS	4.43195033151453e-16	4.70182552084897e-16	1.01997560898112	1.09863455757058	2.06527579650245e-06	1	6	11	0.00885630825904192	1	0	4.52749600270951	-6.30669616294725
UBC	NOTCH1	R-HSA-9818749	REACTOME_REGULATION_OF_NFE2L2_GENE_EXPRESSION	6.14100239163189e-16	6.50614307437757e-16	3.47487818806187	1.09863455757058	1.78051196509234e-14	1	3	7	0.312786794443652	1	0	7.15737689433595	-6.30669616294725
UBC	NOTCH1	R-HSA-2660825	REACTOME_SIGNALING_BY_NOTCH1_T_7_9_NOTCH1_M1580_K2555_TRANSLOCATION_MUTANT	6.22646224248189e-16	6.58778191377301e-16	3.47487818806187	1.09863455757058	1.78051196509234e-14	1	1	3	0.327013353605002	1	0	7.15737689433595	-6.30669616294725
NRG1	ERBB4	R-HSA-1963640	REACTOME_GRB2_EVENTS_IN_ERBB2_SIGNALING	6.73027167973979e-16	7.11123045406469e-16	8.89455899048275	5.54075970430483	7.74494126343622e-12	1	3	7	0.0863612410635142	1	0	-1.11606595099888	-3.89709153867408
PTGS2	ALOX5	R-HSA-9018679	REACTOME_BIOSYNTHESIS_OF_EPA_DERIVED_SPMS	8.346152012641e-16	8.80670683433452e-16	1.31913039585455	11.5147709449478	2.88365730784947e-15	1	1	2	0.537986430039652	1	0	-6.30669616294725	5.87751126047096
NRG1	ERBB4	R-HSA-1253288	REACTOME_DOWNREGULATION_OF_ERBB4_SIGNALING	8.93705063598944e-16	9.4175372293222e-16	8.89455899048275	5.54075970430483	7.74494126343622e-12	1	3	6	0.0538358608310852	1	0	-1.11606595099888	-3.89709153867408
ADAM17	NOTCH1	R-HSA-2644605	REACTOME_FBXW7_MUTANTS_AND_NOTCH1_IN_CANCER	1.71663637979955e-15	1.80650056612463e-15	1.01997560898112	1.09863455757058	2.06527579650245e-06	1	2	4	0.000592394595601825	1	0	4.52749600270951	-6.30669616294725
FGR	LRP8	R-HSA-418346	REACTOME_PLATELET_HOMEOSTASIS	1.85797008553957e-15	1.94999805497058e-15	6.39666281298029	1.32382501131126	1.58848363225031e-14	1	1	2	0.342001480859805	1	0	4.42548297268161	4.24119148464093
FGR	LRP8	R-HSA-432142	REACTOME_PLATELET_SENSITIZATION_BY_LDL	1.85797008553957e-15	1.94999805497058e-15	6.39666281298029	1.32382501131126	1.58848363225031e-14	1	1	2	0.342001480859805	1	0	4.42548297268161	4.24119148464093
NRG1	ERBB4	R-HSA-1250347	REACTOME_SHC1_EVENTS_IN_ERBB4_SIGNALING	5.6014553492759e-15	5.87104410940147e-15	8.89455899048275	5.54075970430483	7.74494126343622e-12	1	3	6	0.0863612410635142	1	0	-1.11606595099888	-3.89709153867408
ABCA1	RXRA	R-HSA-9623433	REACTOME_NR1H2_NR1H3_REGULATE_GENE_EXPRESSION_TO_CONTROL_BILE_ACID_HOMEOSTASIS	6.1015457527612e-15	6.3866647131706e-15	4.00015095710297	1.11383640478871	2.84171112979741e-10	1	3	6	0.0350849161517547	1	0	-4.11409824026658	-3.40112761629557
FABP5	RXRA	R-HSA-159418	REACTOME_RECYCLING_OF_BILE_ACIDS_AND_SALTS	6.89709849222599e-15	7.2097669572069e-15	8.41401160015666	1.11383640478871	1.43754360540595e-13	1	1	3	0.363369496326162	1	0	3.20200906822395	-3.40112761629557
ADAM17	ERBB4	R-HSA-1250196	REACTOME_SHC1_EVENTS_IN_ERBB2_SIGNALING	7.77288508684189e-15	8.11443662860725e-15	1.01997560898112	5.54075970430483	6.60321553485159e-08	1	4	9	0.0339494826354798	1	0	4.52749600270951	-3.89709153867408
FABP5	RXRA	R-HSA-194068	REACTOME_BILE_ACID_AND_BILE_SALT_METABOLISM	9.34591806664785e-15	9.7436167077818e-15	8.41401160015666	1.11383640478871	1.43754360540595e-13	1	3	7	0.363369496326162	1	0	3.20200906822395	-3.40112761629557
ABCA1	RXRA	R-HSA-1368082	REACTOME_RORA_ACTIVATES_GENE_EXPRESSION	1.01265699750587e-14	1.05434672781488e-14	4.00015095710297	1.11383640478871	2.84171112979741e-10	1	3	7	0.0718876198191698	1	0	-4.11409824026658	-3.40112761629557
ADAM17	ITGA5	R-HSA-1566977	REACTOME_FIBRONECTIN_MATRIX_FORMATION	2.64505096080351e-14	2.75029171521214e-14	1.01997560898112	2.22952612887568	2.89028152199512e-10	1	1	2	0.00956636503407342	1	0	4.52749600270951	-3.35403305953966
NAMPT	INSR	R-HSA-74713	REACTOME_IRS_ACTIVATION	2.95105365239149e-14	3.064405382086e-14	1.86819900661908	1.17913580385034	2.43211776773495e-07	1	1	3	0.00495067216647607	1	0	7.00173820576973	6.1176312656009
GDF11	ACVR1B	R-HSA-1433617	REACTOME_REGULATION_OF_SIGNALING_BY_NODAL	7.76560351013317e-14	8.05321845495291e-14	2.89162081168427	1.4018243315728	8.65530744153663e-13	1	1	3	0.447676438735992	1	0	7.49266276749024	5.5277428929389
ABCA1	RXRA	R-HSA-9031528	REACTOME_NR1H2_NR1H3_REGULATE_GENE_EXPRESSION_LINKED_TO_TRIGLYCERIDE_LIPOLYSIS_IN_ADIPOSE	1.31602261083364e-13	1.3629613301104e-13	4.00015095710297	1.11383640478871	2.84171112979741e-10	1	1	3	0.0773679591427889	1	0	-4.11409824026658	-3.40112761629557
ABCA1	RXRA	R-HSA-9632974	REACTOME_NR1H2_NR1H3_REGULATE_GENE_EXPRESSION_LINKED_TO_GLUCONEOGENESIS	1.85045236606486e-13	1.91392434695891e-13	4.00015095710297	1.11383640478871	2.84171112979741e-10	1	1	3	0.0866760930774289	1	0	-4.11409824026658	-3.40112761629557
NRG1	ERBB4	R-HSA-1250342	REACTOME_PI3K_EVENTS_IN_ERBB4_SIGNALING	2.35044116487242e-13	2.42786017557309e-13	8.89455899048275	5.54075970430483	7.74494126343622e-12	1	1	2	0.174207010503677	1	0	-1.11606595099888	-3.89709153867408
MMP7	ERBB4	R-HSA-1963640	REACTOME_GRB2_EVENTS_IN_ERBB2_SIGNALING	2.84762557921944e-13	2.93755059751058e-13	3.71164305105519	5.54075970430483	3.27693946110743e-09	1	3	7	0.0863612410635142	1	0	4.56547778692496	-3.89709153867408
MMP7	ERBB4	R-HSA-1253288	REACTOME_DOWNREGULATION_OF_ERBB4_SIGNALING	3.78132937343873e-13	3.89561396685409e-13	3.71164305105519	5.54075970430483	3.27693946110743e-09	1	3	6	0.0538358608310852	1	0	4.56547778692496	-3.89709153867408
ADAM15	ITGA5	R-HSA-8941332	REACTOME_RUNX2_REGULATES_GENES_INVOLVED_IN_CELL_MIGRATION	4.06334249559167e-13	4.1806568458581e-13	1.22598691314216	2.22952612887568	6.85056926414023e-13	1	1	2	0.770155434364406	1	0	1.31829304345549	-3.35403305953966
SPP1	ITGA5	R-HSA-8941332	REACTOME_RUNX2_REGULATES_GENES_INVOLVED_IN_CELL_MIGRATION	5.28281107718632e-13	5.42820954720062e-13	2.6783315950163	2.22952612887568	8.90652541175031e-13	1	1	2	0.770155434364406	1	0	6.139474460684	-3.35403305953966
MMP7	ERBB4	R-HSA-1250347	REACTOME_SHC1_EVENTS_IN_ERBB4_SIGNALING	2.37001540093405e-12	2.43205768891662e-12	3.71164305105519	5.54075970430483	3.27693946110743e-09	1	3	6	0.0863612410635142	1	0	4.56547778692496	-3.89709153867408
ADAM17	ERBB4	R-HSA-1963640	REACTOME_GRB2_EVENTS_IN_ERBB2_SIGNALING	5.73812415069396e-12	5.8806396524759e-12	1.01997560898112	5.54075970430483	6.60321553485159e-08	1	3	7	0.0863612410635142	1	0	4.52749600270951	-3.89709153867408
ADAM17	ERBB4	R-HSA-1253288	REACTOME_DOWNREGULATION_OF_ERBB4_SIGNALING	7.61958930197724e-12	7.79863970332919e-12	1.01997560898112	5.54075970430483	6.60321553485159e-08	1	3	6	0.0538358608310852	1	0	4.52749600270951	-3.89709153867408
ABCA1	RXRA	R-HSA-159418	REACTOME_RECYCLING_OF_BILE_ACIDS_AND_SALTS	1.36340640207104e-11	1.39362531841421e-11	4.00015095710297	1.11383640478871	2.84171112979741e-10	1	1	3	0.363369496326162	1	0	-4.11409824026658	-3.40112761629557
ABCA1	RXRA	R-HSA-194068	REACTOME_BILE_ACID_AND_BILE_SALT_METABOLISM	1.84748478503844e-11	1.88597405139341e-11	4.00015095710297	1.11383640478871	2.84171112979741e-10	1	3	7	0.363369496326162	1	0	-4.11409824026658	-3.40112761629557
ADAM17	ERBB4	R-HSA-1250347	REACTOME_SHC1_EVENTS_IN_ERBB4_SIGNALING	4.77571303926271e-11	4.8688673898335e-11	1.01997560898112	5.54075970430483	6.60321553485159e-08	1	3	6	0.0863612410635142	1	0	4.52749600270951	-3.89709153867408
ADAM17	NOTCH1	R-HSA-350054	REACTOME_NOTCH_HLH_TRANSCRIPTION_PATHWAY	8.99028809270024e-11	9.15374787620388e-11	1.01997560898112	1.09863455757058	2.06527579650245e-06	1	6	11	0.0710737734612632	1	0	4.52749600270951	-6.30669616294725
MMP7	ERBB4	R-HSA-1250342	REACTOME_PI3K_EVENTS_IN_ERBB4_SIGNALING	9.9448829141468e-11	1.01125657648393e-10	3.71164305105519	5.54075970430483	3.27693946110743e-09	1	1	2	0.174207010503677	1	0	4.56547778692496	-3.89709153867408
ADAM17	ITGA5	R-HSA-8941332	REACTOME_RUNX2_REGULATES_GENES_INVOLVED_IN_CELL_MIGRATION	1.71433982778949e-10	1.74098759713337e-10	1.01997560898112	2.22952612887568	2.89028152199512e-10	1	1	2	0.770155434364406	1	0	4.52749600270951	-3.35403305953966
SHANK1	ABCA1	R-HSA-8963896	REACTOME_HDL_ASSEMBLY	4.15556413588263e-10	4.20925359500256e-10	1.04893148572415	4.00015095710297	7.3218723447379e-10	1	1	2	0.753362360793338	1	0	-6.30669616294725	-4.11409824026658
SHANK1	ABCA1	R-HSA-8963898	REACTOME_PLASMA_LIPOPROTEIN_ASSEMBLY	4.15556413588263e-10	4.20925359500256e-10	1.04893148572415	4.00015095710297	7.3218723447379e-10	1	1	2	0.753362360793338	1	0	-6.30669616294725	-4.11409824026658
ADAM17	NOTCH1	R-HSA-9793380	REACTOME_FORMATION_OF_PARAXIAL_MESODERM	7.13788161160875e-10	7.22077314000163e-10	1.01997560898112	1.09863455757058	2.06527579650245e-06	1	7	13	0.121652291002858	1	0	4.52749600270951	-6.30669616294725
ADAM17	ERBB4	R-HSA-1250342	REACTOME_PI3K_EVENTS_IN_ERBB4_SIGNALING	2.00394929873932e-09	2.02460856986034e-09	1.01997560898112	5.54075970430483	6.60321553485159e-08	1	1	2	0.174207010503677	1	0	4.52749600270951	-3.89709153867408
ADAM17	NOTCH1	R-HSA-9818030	REACTOME_NFE2L2_REGULATING_TUMORIGENIC_GENES	3.76524068649864e-09	3.79916177376439e-09	1.01997560898112	1.09863455757058	2.06527579650245e-06	1	4	8	0.136070384262076	1	0	4.52749600270951	-6.30669616294725
ADAM17	NOTCH1	R-HSA-8941856	REACTOME_RUNX3_REGULATES_NOTCH_SIGNALING	4.32059469489751e-09	4.35391547660623e-09	1.01997560898112	1.09863455757058	2.06527579650245e-06	1	5	10	0.161966440700674	1	0	4.52749600270951	-6.30669616294725
ADAM17	NOTCH1	R-HSA-9824272	REACTOME_SOMITOGENESIS	7.60796243753606e-09	7.65679403212871e-09	1.01997560898112	1.09863455757058	2.06527579650245e-06	1	2	5	0.170920525864964	1	0	4.52749600270951	-6.30669616294725
ADAM17	NOTCH1	R-HSA-210744	REACTOME_REGULATION_OF_GENE_EXPRESSION_IN_LATE_STAGE_BRANCHING_MORPHOGENESIS_PANCREATIC_BUD_PRECURSOR_CELLS	8.36173631085777e-09	8.40461700988781e-09	1.01997560898112	1.09863455757058	2.06527579650245e-06	1	4	8	0.161966440700674	1	0	4.52749600270951	-6.30669616294725
ADAM17	NOTCH1	R-HSA-2691230	REACTOME_SIGNALING_BY_NOTCH1_HD_DOMAIN_MUTANTS_IN_CANCER	1.97236276267374e-08	1.97993906009758e-08	1.01997560898112	1.09863455757058	2.06527579650245e-06	1	3	6	0.170920525864964	1	0	4.52749600270951	-6.30669616294725
GDF11	ACVR2A	R-HSA-1433617	REACTOME_REGULATION_OF_SIGNALING_BY_NODAL	3.09089384008471e-08	3.09879893941996e-08	2.89162081168427	1.32764552764177	3.44501704473786e-07	1	1	3	0.447676438735992	1	0	7.49266276749024	5.80573679559998
ADAM17	NOTCH1	R-HSA-9818749	REACTOME_REGULATION_OF_NFE2L2_GENE_EXPRESSION	7.12315550490742e-08	7.13225276608866e-08	1.01997560898112	1.09863455757058	2.06527579650245e-06	1	3	7	0.312786794443652	1	0	4.52749600270951	-6.30669616294725
ADAM17	NOTCH1	R-HSA-2660825	REACTOME_SIGNALING_BY_NOTCH1_T_7_9_NOTCH1_M1580_K2555_TRANSLOCATION_MUTANT	7.22228326422246e-08	7.22228326422246e-08	1.01997560898112	1.09863455757058	2.06527579650245e-06	1	1	3	0.327013353605002	1	0	4.52749600270951	-6.30669616294725
