L	R	pw.id	pw.name	pval	qval	L.logFC	R.logFC	LR.pval	LR.corr	rank	len	rank.pval	rank.corr	LR.score	L.expr	R.expr
AGRN	LRP4	R-HSA-1474244	REACTOME_EXTRACELLULAR_MATRIX_ORGANIZATION	0	0	1.11546551296964	3.53874961822277	7.46826040292972e-17	1	44	81	2.25615741218812e-10	1	0	5.51142825962013	-5.51849118635847
COL1A1	DDR1	R-HSA-1474244	REACTOME_EXTRACELLULAR_MATRIX_ORGANIZATION	0	0	11.8865981117298	6.60422589999251	2.48924686153369e-26	1	42	77	9.97983415291508e-10	1	0	-1.97991822679722	5.97744018917157
COL1A2	ITGA2B	R-HSA-1474244	REACTOME_EXTRACELLULAR_MATRIX_ORGANIZATION	0	0	14.0547056107493	4.02018928876498	5.19222241150777e-26	1	42	78	9.71545273620943e-10	1	0	-0.973544102787729	-1.22574277327969
COL2A1	DDR1	R-HSA-1474244	REACTOME_EXTRACELLULAR_MATRIX_ORGANIZATION	0	0	12.5798279320328	6.60422589999251	1.62297944002053e-24	1	42	77	9.97983415291508e-10	1	0	5.28155360459047	5.97744018917157
COL2A1	ITGA10	R-HSA-1474244	REACTOME_EXTRACELLULAR_MATRIX_ORGANIZATION	0	0	12.5798279320328	1.94711038472937	2.70813113850373e-24	1	44	80	9.71545273620943e-10	1	0	5.28155360459047	4.04890057283008
COL2A1	ITGA2B	R-HSA-1474244	REACTOME_EXTRACELLULAR_MATRIX_ORGANIZATION	0	0	12.5798279320328	4.02018928876498	1.26190417839797e-24	1	42	78	9.71545273620943e-10	1	0	5.28155360459047	-1.22574277327969
COL3A1	DDR1	R-HSA-1474244	REACTOME_EXTRACELLULAR_MATRIX_ORGANIZATION	0	0	15.038080980152	6.60422589999251	7.99469444471822e-24	1	42	77	9.97983415291508e-10	1	0	-4.39983829722896	5.97744018917157
COL5A2	DDR1	R-HSA-1474244	REACTOME_EXTRACELLULAR_MATRIX_ORGANIZATION	0	0	9.21695136128872	6.60422589999251	5.31452068379963e-23	1	42	77	9.97983415291508e-10	1	0	4.91888270579576	5.97744018917157
FGF2	SDC1	R-HSA-1474244	REACTOME_EXTRACELLULAR_MATRIX_ORGANIZATION	0	0	1.22084110229944	7.03887851379973	1.82871192768819e-11	1	44	80	2.25615741218812e-10	1	0	5.86272009779499	4.20001468766753
FGF2	SDC4	R-HSA-1474244	REACTOME_EXTRACELLULAR_MATRIX_ORGANIZATION	0	0	1.22084110229944	1.20804741852566	6.4332552371885e-09	1	44	81	2.25615741218812e-10	1	0	5.86272009779499	-4.21601081838777
FN1	ITGA2B	R-HSA-1474244	REACTOME_EXTRACELLULAR_MATRIX_ORGANIZATION	0	0	4.37912027588558	4.02018928876498	1.64999075327052e-16	1	42	78	9.71545273620943e-10	1	0	3.43264151330902	-1.22574277327969
FN1	ITGA6	R-HSA-1474244	REACTOME_EXTRACELLULAR_MATRIX_ORGANIZATION	0	0	4.37912027588558	1.21558443268924	1.91816674277299e-11	1	44	81	9.97983415291508e-10	1	0	3.43264151330902	-4.68122835464662
HSPG2	PTPRS	R-HSA-1474244	REACTOME_EXTRACELLULAR_MATRIX_ORGANIZATION	0	0	3.51948105940521	1.78074089539144	1.00131927312496e-14	1	44	80	1.93221770254142e-10	1	0	4.65016389182664	-1.72999426532377
HSPG2	SDC1	R-HSA-1474244	REACTOME_EXTRACELLULAR_MATRIX_ORGANIZATION	0	0	3.51948105940521	7.03887851379973	7.8926400469542e-18	1	44	80	2.25615741218812e-10	1	0	4.65016389182664	4.20001468766753
LAMA1	ITGA6	R-HSA-1474244	REACTOME_EXTRACELLULAR_MATRIX_ORGANIZATION	0	0	17.5342897380052	1.21558443268924	2.63801652467377e-17	1	44	81	9.97983415291508e-10	1	0	-6.27074375530701	-4.68122835464662
LAMA1	ITGB4	R-HSA-1474244	REACTOME_EXTRACELLULAR_MATRIX_ORGANIZATION	0	0	17.5342897380052	6.44412418959411	3.37709518445822e-24	1	44	80	1.27329560203889e-09	1	0	-6.27074375530701	5.77953524166907
LAMA1	SDC4	R-HSA-1474244	REACTOME_EXTRACELLULAR_MATRIX_ORGANIZATION	0	0	17.5342897380052	1.20804741852566	6.25679945307032e-20	1	44	81	2.25615741218812e-10	1	0	-6.27074375530701	-4.21601081838777
LAMA5	ITGA6	R-HSA-1474244	REACTOME_EXTRACELLULAR_MATRIX_ORGANIZATION	0	0	4.79474119253631	1.21558443268924	2.28033573821803e-16	1	44	81	9.97983415291508e-10	1	0	7.7539223096356	-4.68122835464662
LAMA5	ITGB4	R-HSA-1474244	REACTOME_EXTRACELLULAR_MATRIX_ORGANIZATION	0	0	4.79474119253631	6.44412418959411	2.91920492857277e-23	1	44	80	1.27329560203889e-09	1	0	7.7539223096356	5.77953524166907
LAMA5	SDC1	R-HSA-1474244	REACTOME_EXTRACELLULAR_MATRIX_ORGANIZATION	0	0	4.79474119253631	7.03887851379973	1.53740409075425e-21	1	44	80	2.25615741218812e-10	1	0	7.7539223096356	4.20001468766753
LAMB1	ITGA6	R-HSA-1474244	REACTOME_EXTRACELLULAR_MATRIX_ORGANIZATION	0	0	6.55387519617198	1.21558443268924	1.17660588995585e-15	1	44	81	9.97983415291508e-10	1	0	0.951831469888455	-4.68122835464662
LAMB1	ITGB4	R-HSA-1474244	REACTOME_EXTRACELLULAR_MATRIX_ORGANIZATION	0	0	6.55387519617198	6.44412418959411	1.50624912611813e-22	1	44	80	1.27329560203889e-09	1	0	0.951831469888455	5.77953524166907
LAMB2	ITGB4	R-HSA-1474244	REACTOME_EXTRACELLULAR_MATRIX_ORGANIZATION	0	0	11.7077824357821	6.44412418959411	1.31197927085759e-26	1	44	80	1.27329560203889e-09	1	0	-5.4770692126764	5.77953524166907
LAMC1	ITGA6	R-HSA-1474244	REACTOME_EXTRACELLULAR_MATRIX_ORGANIZATION	0	0	3.23766986137765	1.21558443268924	1.76480438940043e-12	1	44	81	9.97983415291508e-10	1	0	5.42501182058629	-4.68122835464662
LAMC1	ITGB4	R-HSA-1474244	REACTOME_EXTRACELLULAR_MATRIX_ORGANIZATION	0	0	3.23766986137765	6.44412418959411	2.2592399817101e-19	1	44	80	1.27329560203889e-09	1	0	5.42501182058629	5.77953524166907
PTN	PTPRS	R-HSA-1474244	REACTOME_EXTRACELLULAR_MATRIX_ORGANIZATION	0	0	12.0614597856604	1.78074089539144	2.44679058976713e-21	1	44	80	1.93221770254142e-10	1	0	-6.04447813954024	-1.72999426532377
PTN	SDC1	R-HSA-1474244	REACTOME_EXTRACELLULAR_MATRIX_ORGANIZATION	0	0	12.0614597856604	7.03887851379973	1.92861936383569e-24	1	44	80	2.25615741218812e-10	1	0	-6.04447813954024	4.20001468766753
SLIT2	SDC1	R-HSA-1474244	REACTOME_EXTRACELLULAR_MATRIX_ORGANIZATION	0	0	6.43545090641173	7.03887851379973	8.76323536233891e-19	1	44	80	2.25615741218812e-10	1	0	2.55777934270203	4.20001468766753
THBS1	ITGA2B	R-HSA-1474244	REACTOME_EXTRACELLULAR_MATRIX_ORGANIZATION	0	0	10.1171572475629	4.02018928876498	7.53535617833019e-18	1	42	78	9.71545273620943e-10	1	0	3.36324076136934	-1.22574277327969
THBS1	ITGA6	R-HSA-1474244	REACTOME_EXTRACELLULAR_MATRIX_ORGANIZATION	0	0	10.1171572475629	1.21558443268924	8.7600912838886e-13	1	44	81	9.97983415291508e-10	1	0	3.36324076136934	-4.68122835464662
THBS1	SDC1	R-HSA-1474244	REACTOME_EXTRACELLULAR_MATRIX_ORGANIZATION	0	0	10.1171572475629	7.03887851379973	5.90606021276296e-18	1	44	80	2.25615741218812e-10	1	0	3.36324076136934	4.20001468766753
THBS1	SDC4	R-HSA-1474244	REACTOME_EXTRACELLULAR_MATRIX_ORGANIZATION	0	0	10.1171572475629	1.20804741852566	2.07770246475838e-15	1	44	81	2.25615741218812e-10	1	0	3.36324076136934	-4.21601081838777
TNC	SDC1	R-HSA-1474244	REACTOME_EXTRACELLULAR_MATRIX_ORGANIZATION	0	0	8.5066015717972	7.03887851379973	2.08105567166854e-17	1	44	80	2.25615741218812e-10	1	0	7.35469947673216	4.20001468766753
TNC	SDC4	R-HSA-1474244	REACTOME_EXTRACELLULAR_MATRIX_ORGANIZATION	0	0	8.5066015717972	1.20804741852566	7.32097937129289e-15	1	44	81	2.25615741218812e-10	1	0	7.35469947673216	-4.21601081838777
S100B	APP	R-HSA-1474244	REACTOME_EXTRACELLULAR_MATRIX_ORGANIZATION	0	0	2.91530553230702	1.07409823105059	4.17732978317162e-10	1	44	81	2.25615741218812e-10	1	0	5.98997946985497	-6.19605749258721
L1CAM	ITGA2B	R-HSA-1474244	REACTOME_EXTRACELLULAR_MATRIX_ORGANIZATION	0	0	5.38418252448028	4.02018928876498	1.47730066813109e-23	1	42	78	9.71545273620943e-10	1	0	4.78903995096595	-1.22574277327969
COMP	CD47	R-HSA-1474244	REACTOME_EXTRACELLULAR_MATRIX_ORGANIZATION	0	0	10.1255608464429	1.62548017274011	2.59166403611074e-23	1	42	77	9.97983415291508e-10	1	0	4.50469248937221	3.47290191585887
AGRN	PTPRS	R-HSA-1474244	REACTOME_EXTRACELLULAR_MATRIX_ORGANIZATION	0	0	1.11546551296964	1.78074089539144	1.34815850678979e-11	1	44	80	1.93221770254142e-10	1	0	5.51142825962013	-1.72999426532377
COL16A1	ITGA10	R-HSA-1474244	REACTOME_EXTRACELLULAR_MATRIX_ORGANIZATION	0	0	12.9334956641832	1.94711038472937	5.72544270696236e-30	1	44	80	9.71545273620943e-10	1	0	5.80814713736568	4.04890057283008
LAMB2	ITGA7	R-HSA-1474244	REACTOME_EXTRACELLULAR_MATRIX_ORGANIZATION	0	0	11.7077824357821	2.14467390235839	2.00545797117752e-22	1	42	77	9.71545273620943e-10	1	0	-5.4770692126764	-6.34615646135939
LAMA3	ITGA6	R-HSA-1474244	REACTOME_EXTRACELLULAR_MATRIX_ORGANIZATION	0	0	1.52751187044421	1.21558443268924	6.71557984067769e-11	1	44	81	9.97983415291508e-10	1	0	-6.34615646135939	-4.68122835464662
LAMA3	COL17A1	R-HSA-1474244	REACTOME_EXTRACELLULAR_MATRIX_ORGANIZATION	0	0	1.52751187044421	8.8967105526396	1.60947409351755e-17	1	46	84	9.71545273620943e-10	1	0	-6.34615646135939	-0.580402338253546
COL17A1	ITGA6	R-HSA-1474244	REACTOME_EXTRACELLULAR_MATRIX_ORGANIZATION	0	0	8.8967105526396	1.21558443268924	5.25132194928573e-15	1	44	81	9.97983415291508e-10	1	0	-0.580402338253546	-4.68122835464662
COL17A1	ITGB4	R-HSA-1474244	REACTOME_EXTRACELLULAR_MATRIX_ORGANIZATION	0	0	8.8967105526396	6.44412418959411	6.72255609511986e-22	1	44	80	1.27329560203889e-09	1	0	-0.580402338253546	5.77953524166907
LAMA3	CD151	R-HSA-1474244	REACTOME_EXTRACELLULAR_MATRIX_ORGANIZATION	0	0	1.52751187044421	1.66198423914077	1.08338901301125e-15	1	46	84	9.71545273620943e-10	1	0	-6.34615646135939	4.41472398449643
COL17A1	CD151	R-HSA-1474244	REACTOME_EXTRACELLULAR_MATRIX_ORGANIZATION	0	0	8.8967105526396	1.66198423914077	8.47168023999971e-20	1	46	84	9.71545273620943e-10	1	0	-0.580402338253546	4.41472398449643
LAMA3	ITGB4	R-HSA-1474244	REACTOME_EXTRACELLULAR_MATRIX_ORGANIZATION	4.94065645841247e-324	3.6066792146411e-322	1.52751187044421	6.44412418959411	8.59704711046187e-18	1	44	80	1.27329560203889e-09	1	0	-6.34615646135939	5.77953524166907
COL4A1	CD47	R-HSA-1474244	REACTOME_EXTRACELLULAR_MATRIX_ORGANIZATION	1.23516411460312e-322	8.85365637347514e-321	11.3294445506569	1.62548017274011	1.12040061667022e-20	1	42	77	9.97983415291508e-10	1	0	4.78373488091513	3.47290191585887
LAMA1	ITGA7	R-HSA-1474244	REACTOME_EXTRACELLULAR_MATRIX_ORGANIZATION	2.12448227711736e-322	1.49158418479472e-320	17.5342897380052	2.14467390235839	5.16214135964965e-20	1	42	77	9.71545273620943e-10	1	0	-6.27074375530701	-6.34615646135939
COL4A6	CD47	R-HSA-1474244	REACTOME_EXTRACELLULAR_MATRIX_ORGANIZATION	8.99199475431069e-322	6.18669001722409e-320	9.53524221853406	1.62548017274011	8.28485998494752e-20	1	42	77	9.97983415291508e-10	1	0	1.77832375144824	3.47290191585887
LAMA5	ITGA7	R-HSA-1474244	REACTOME_EXTRACELLULAR_MATRIX_ORGANIZATION	1.84286485898785e-321	1.24301975837199e-319	4.79474119253631	2.14467390235839	4.46222202099292e-19	1	42	77	9.71545273620943e-10	1	0	7.7539223096356	-6.34615646135939
COL4A5	CD47	R-HSA-1474244	REACTOME_EXTRACELLULAR_MATRIX_ORGANIZATION	4.65903904028295e-321	3.08212971845145e-319	5.4186994542932	1.62548017274011	4.29263455483739e-19	1	42	77	9.97983415291508e-10	1	0	6.18599343361014	3.47290191585887
LAMB1	ITGA7	R-HSA-1474244	REACTOME_EXTRACELLULAR_MATRIX_ORGANIZATION	9.50088236952717e-321	6.16663095200293e-319	6.55387519617198	2.14467390235839	2.30241390519704e-18	1	42	77	9.71545273620943e-10	1	0	0.951831469888455	-6.34615646135939
COL4A3	CD47	R-HSA-1474244	REACTOME_EXTRACELLULAR_MATRIX_ORGANIZATION	1.03062093722484e-320	6.56544074132599e-319	10.9133221434925	1.62548017274011	9.5014794759229e-19	1	42	77	9.97983415291508e-10	1	0	4.45925716993137	3.47290191585887
COL11A1	DDR1	R-HSA-1474244	REACTOME_EXTRACELLULAR_MATRIX_ORGANIZATION	1.01831870264339e-319	6.36911881629451e-318	8.7209722535565	6.60422589999251	9.38629773799794e-18	1	42	77	9.97983415291508e-10	1	0	5.2194090555208	5.97744018917157
LAMC1	ITGA7	R-HSA-1474244	REACTOME_EXTRACELLULAR_MATRIX_ORGANIZATION	1.4251832441906e-317	8.75469705028228e-316	3.23766986137765	2.14467390235839	3.45341647597974e-15	1	42	77	9.71545273620943e-10	1	0	5.42501182058629	-6.34615646135939
TNC	ITGA7	R-HSA-1474244	REACTOME_EXTRACELLULAR_MATRIX_ORGANIZATION	2.49269161659959e-317	1.50436125598708e-315	8.5066015717972	2.14467390235839	6.04013772363245e-15	1	42	77	9.71545273620943e-10	1	0	7.35469947673216	-6.34615646135939
THBS1	CD47	R-HSA-1474244	REACTOME_EXTRACELLULAR_MATRIX_ORGANIZATION	4.27381407995795e-317	2.53481386998703e-315	10.1171572475629	1.62548017274011	3.93935239082347e-15	1	42	77	9.97983415291508e-10	1	0	3.36324076136934	3.47290191585887
COMP	ITGB3	R-HSA-1474244	REACTOME_EXTRACELLULAR_MATRIX_ORGANIZATION	8.03535727208851e-315	4.68502186712439e-313	10.1255608464429	2.33558859980003	1.40626030864776e-20	1	40	74	9.71545273620943e-10	1	0	4.50469248937221	5.81058030327552
COL1A2	ITGB3	R-HSA-1474244	REACTOME_EXTRACELLULAR_MATRIX_ORGANIZATION	8.41590497717287e-315	4.82511885357911e-313	14.0547056107493	2.33558859980003	1.47285960426961e-20	1	40	74	9.71545273620943e-10	1	0	-0.973544102787729	5.81058030327552
COL4A4	CD47	R-HSA-1474244	REACTOME_EXTRACELLULAR_MATRIX_ORGANIZATION	2.50246495838644e-314	1.41122614046848e-312	4.75297522418188	1.62548017274011	2.30662614633852e-12	1	42	77	9.97983415291508e-10	1	0	-5.54509567223867	3.47290191585887
L1CAM	ITGB3	R-HSA-1474244	REACTOME_EXTRACELLULAR_MATRIX_ORGANIZATION	2.39450876011317e-312	1.32856615077248e-310	5.38418252448028	2.33558859980003	4.19060722943674e-18	1	40	74	9.71545273620943e-10	1	0	4.78903995096595	5.81058030327552
COL4A2	ITGB3	R-HSA-1474244	REACTOME_EXTRACELLULAR_MATRIX_ORGANIZATION	2.42940339651727e-310	1.32653137841578e-308	10.9035066930124	2.33558859980003	4.25167600396513e-16	1	40	74	9.71545273620943e-10	1	0	6.44091966949719	5.81058030327552
COL4A3	ITGB3	R-HSA-1474244	REACTOME_EXTRACELLULAR_MATRIX_ORGANIZATION	2.94589812375959e-310	1.58342024152078e-308	10.9133221434925	2.33558859980003	5.15558856173085e-16	1	40	74	9.71545273620943e-10	1	0	4.45925716993137	5.81058030327552
LAMB2	ITGA3	R-HSA-1474244	REACTOME_EXTRACELLULAR_MATRIX_ORGANIZATION	6.16496517150929e-310	3.26268925999876e-308	11.7077824357821	4.13720289413487	2.21624557016475e-24	1	40	73	9.71545273620943e-10	1	0	-5.4770692126764	4.28443713596128
FBLN2	ITGB3	R-HSA-1474244	REACTOME_EXTRACELLULAR_MATRIX_ORGANIZATION	6.29773913476436e-310	3.28245797327112e-308	20.4800687975369	2.33558859980003	1.10216139472329e-15	1	40	74	9.71545273620943e-10	1	0	-1.12341971762222	5.81058030327552
COL18A1	ITGB3	R-HSA-1474244	REACTOME_EXTRACELLULAR_MATRIX_ORGANIZATION	2.87869507630602e-309	1.47801657649145e-307	6.26939471434587	2.33558859980003	5.03797714130507e-15	1	40	74	9.71545273620943e-10	1	0	0.323040890532106	5.81058030327552
FBN1	ITGB3	R-HSA-1474244	REACTOME_EXTRACELLULAR_MATRIX_ORGANIZATION	9.76819681949599e-309	4.94155839103915e-307	6.40013831890023	2.33558859980003	1.70952292562848e-14	1	40	74	9.71545273620943e-10	1	0	1.72756032766282	5.81058030327552
LAMA1	ITGA3	R-HSA-1474244	REACTOME_EXTRACELLULAR_MATRIX_ORGANIZATION	1.58689048337232e-307	7.91145400405911e-306	17.5342897380052	4.13720289413487	5.70471836623451e-22	1	40	73	9.71545273620943e-10	1	0	-6.27074375530701	4.28443713596128
THBS1	ITGB3	R-HSA-1474244	REACTOME_EXTRACELLULAR_MATRIX_ORGANIZATION	1.22138145394746e-306	6.00221743082751e-305	10.1171572475629	2.33558859980003	2.13752817950321e-12	1	40	74	9.71545273620943e-10	1	0	3.36324076136934	5.81058030327552
COL4A3	ITGA3	R-HSA-1474244	REACTOME_EXTRACELLULAR_MATRIX_ORGANIZATION	1.27099686220596e-306	6.15806930420915e-305	10.9133221434925	4.13720289413487	4.56911123938702e-21	1	40	73	9.71545273620943e-10	1	0	4.45925716993137	4.28443713596128
LAMA5	ITGA3	R-HSA-1474244	REACTOME_EXTRACELLULAR_MATRIX_ORGANIZATION	1.37172873938668e-306	6.55381508818082e-305	4.79474119253631	4.13720289413487	4.93123263077438e-21	1	40	73	9.71545273620943e-10	1	0	7.7539223096356	4.28443713596128
COL16A1	ITGB1	R-HSA-195258	REACTOME_RHO_GTPASE_EFFECTORS	2.46048389312208e-306	1.15946090306027e-304	12.9334956641832	1.64273129306188	1.41417537656979e-24	1	96	176	7.68223787298882e-05	1	0	5.80814713736568	-1.65313439362914
TNC	ITGB3	R-HSA-1474244	REACTOME_EXTRACELLULAR_MATRIX_ORGANIZATION	4.30365202934334e-306	2.00061661904609e-304	8.5066015717972	2.33558859980003	7.53178088447811e-12	1	40	74	9.71545273620943e-10	1	0	7.35469947673216	5.81058030327552
LAMB1	ITGA3	R-HSA-1474244	REACTOME_EXTRACELLULAR_MATRIX_ORGANIZATION	7.07783545700742e-306	3.24636719628074e-304	6.55387519617198	4.13720289413487	2.54441364088152e-20	1	40	73	9.71545273620943e-10	1	0	0.951831469888455	4.28443713596128
COL18A1	ITGA3	R-HSA-1474244	REACTOME_EXTRACELLULAR_MATRIX_ORGANIZATION	1.24200235565624e-305	5.62169487297036e-304	6.26939471434587	4.13720289413487	4.4648787824108e-20	1	40	73	9.71545273620943e-10	1	0	0.323040890532106	4.28443713596128
LTBP1	ITGB3	R-HSA-1474244	REACTOME_EXTRACELLULAR_MATRIX_ORGANIZATION	2.0567293931416e-305	9.18850534078843e-304	2.6298897401509	2.33558859980003	3.59946274052546e-11	1	40	74	9.71545273620943e-10	1	0	7.03079313325193	5.81058030327552
MFGE8	ITGB3	R-HSA-1474244	REACTOME_EXTRACELLULAR_MATRIX_ORGANIZATION	2.2764481954016e-305	1.00397202463865e-303	2.73317240377774	2.33558859980003	3.98399054703467e-11	1	40	74	9.71545273620943e-10	1	0	7.14954233744459	5.81058030327552
FN1	ITGB3	R-HSA-1474244	REACTOME_EXTRACELLULAR_MATRIX_ORGANIZATION	2.67441652064812e-305	1.1645560545607e-303	4.37912027588558	2.33558859980003	4.68047116495695e-11	1	40	74	9.71545273620943e-10	1	0	3.43264151330902	5.81058030327552
LUM	ITGB1	R-HSA-195258	REACTOME_RHO_GTPASE_EFFECTORS	9.42843230128928e-305	4.05422588955439e-303	11.828176566468	1.64273129306188	5.41903844093848e-23	1	96	176	7.68223787298882e-05	1	0	4.04840561928604	-1.65313439362914
COL4A4	ITGB3	R-HSA-1474244	REACTOME_EXTRACELLULAR_MATRIX_ORGANIZATION	7.15160797213994e-304	3.03722610174832e-302	4.75297522418188	2.33558859980003	1.25159617577315e-09	1	40	74	9.71545273620943e-10	1	0	-5.54509567223867	5.81058030327552
THBS1	ITGA3	R-HSA-1474244	REACTOME_EXTRACELLULAR_MATRIX_ORGANIZATION	5.2696051604888e-303	2.21066362830262e-301	10.1171572475629	4.13720289413487	1.89437227438407e-17	1	40	73	9.71545273620943e-10	1	0	3.36324076136934	4.28443713596128
LAMC1	ITGA3	R-HSA-1474244	REACTOME_EXTRACELLULAR_MATRIX_ORGANIZATION	1.06161248967141e-302	4.39993610177066e-301	3.23766986137765	4.13720289413487	3.81639459755429e-17	1	40	73	9.71545273620943e-10	1	0	5.42501182058629	4.28443713596128
COL5A1	ITGB1	R-HSA-195258	REACTOME_RHO_GTPASE_EFFECTORS	1.20638926349914e-302	4.94045126956793e-301	17.6910136130676	1.64273129306188	6.93378239852596e-21	1	96	176	7.68223787298882e-05	1	0	5.13171509336827	-1.65313439362914
COL1A1	ITGB1	R-HSA-195258	REACTOME_RHO_GTPASE_EFFECTORS	1.78499126036158e-302	7.22396463016921e-301	11.8865981117298	1.64273129306188	1.02593262034834e-20	1	96	176	7.68223787298882e-05	1	0	-1.97991822679722	-1.65313439362914
COMP	ITGB1	R-HSA-195258	REACTOME_RHO_GTPASE_EFFECTORS	4.57206526378997e-302	1.82882610551599e-300	10.1255608464429	1.64273129306188	2.6278172900037e-20	1	96	176	7.68223787298882e-05	1	0	4.50469248937221	-1.65313439362914
COL1A2	ITGB1	R-HSA-195258	REACTOME_RHO_GTPASE_EFFECTORS	4.78859439728895e-302	1.89342123295103e-300	14.0547056107493	1.64273129306188	2.75226848830669e-20	1	96	176	7.68223787298882e-05	1	0	-0.973544102787729	-1.65313439362914
FN1	ITGA3	R-HSA-1474244	REACTOME_EXTRACELLULAR_MATRIX_ORGANIZATION	1.15386712750185e-301	4.51057149841632e-300	4.37912027588558	4.13720289413487	4.14804113039076e-16	1	40	73	9.71545273620943e-10	1	0	3.43264151330902	4.28443713596128
LAMA3	ITGA3	R-HSA-1474244	REACTOME_EXTRACELLULAR_MATRIX_ORGANIZATION	4.03973577868937e-301	1.56142596389792e-299	1.52751187044421	4.13720289413487	1.45224608332451e-15	1	40	73	9.71545273620943e-10	1	0	-6.34615646135939	4.28443713596128
LAMB2	ITGB1	R-HSA-195258	REACTOME_RHO_GTPASE_EFFECTORS	8.13038483542401e-301	3.10761375931762e-299	11.7077824357821	1.64273129306188	4.67297919260249e-19	1	96	176	7.68223787298882e-05	1	0	-5.4770692126764	-1.65313439362914
COL2A1	ITGB1	R-HSA-195258	REACTOME_RHO_GTPASE_EFFECTORS	1.16380747966405e-300	4.39944805499377e-299	12.5798279320328	1.64273129306188	6.68904147435922e-19	1	96	176	7.68223787298882e-05	1	0	5.28155360459047	-1.65313439362914
NID1	ITGB3	R-HSA-1474244	REACTOME_EXTRACELLULAR_MATRIX_ORGANIZATION	2.3947606814631e-300	8.95432254807942e-299	1.19124771367259	2.33558859980003	4.19104811461619e-06	1	40	74	9.71545273620943e-10	1	0	6.87787345437884	5.81058030327552
COL3A1	ITGB1	R-HSA-195258	REACTOME_RHO_GTPASE_EFFECTORS	5.73284230407379e-300	2.12053521785095e-298	15.038080980152	1.64273129306188	3.29497967730712e-18	1	96	176	7.68223787298882e-05	1	0	-4.39983829722896	-1.65313439362914
L1CAM	ITGB1	R-HSA-195258	REACTOME_RHO_GTPASE_EFFECTORS	1.36245968332268e-299	4.98602267088299e-298	5.38418252448028	1.64273129306188	7.83080491244005e-18	1	96	176	7.68223787298882e-05	1	0	4.78903995096595	-1.65313439362914
COL4A1	ITGB1	R-HSA-195258	REACTOME_RHO_GTPASE_EFFECTORS	1.97654660080636e-299	7.15717927028828e-298	11.3294445506569	1.64273129306188	1.13603000666519e-17	1	96	176	7.68223787298882e-05	1	0	4.78373488091513	-1.65313439362914
COL5A2	ITGB1	R-HSA-195258	REACTOME_RHO_GTPASE_EFFECTORS	3.81094102002738e-299	1.36558719884314e-297	9.21695136128872	1.64273129306188	2.19035733871194e-17	1	96	176	7.68223787298882e-05	1	0	4.91888270579576	-1.65313439362914
COL4A6	ITGB1	R-HSA-195258	REACTOME_RHO_GTPASE_EFFECTORS	1.46156754983513e-298	5.18329110456995e-297	9.53524221853406	1.64273129306188	8.40043231312356e-17	1	96	176	7.68223787298882e-05	1	0	1.77832375144824	-1.65313439362914
LAMA1	ITGB1	R-HSA-195258	REACTOME_RHO_GTPASE_EFFECTORS	2.09279857429112e-298	7.34615009751168e-297	17.5342897380052	1.64273129306188	1.20284640763385e-16	1	96	176	7.68223787298882e-05	1	0	-6.27074375530701	-1.65313439362914
COL4A5	ITGB1	R-HSA-195258	REACTOME_RHO_GTPASE_EFFECTORS	7.57282003564366e-298	2.63136372955699e-296	5.4186994542932	1.64273129306188	4.3525160459444e-16	1	96	176	7.68223787298882e-05	1	0	6.18599343361014	-1.65313439362914
COL4A3	ITGB1	R-HSA-195258	REACTOME_RHO_GTPASE_EFFECTORS	1.6761965926599e-297	5.76611627875007e-296	10.9133221434925	1.64273129306188	9.63402343033426e-16	1	96	176	7.68223787298882e-05	1	0	4.45925716993137	-1.65313439362914
LAMA5	ITGB1	R-HSA-195258	REACTOME_RHO_GTPASE_EFFECTORS	1.80904226232546e-297	6.16149047762334e-296	4.79474119253631	1.64273129306188	1.03975605355764e-15	1	96	176	7.68223787298882e-05	1	0	7.7539223096356	-1.65313439362914
LAMB1	ITGB1	R-HSA-195258	REACTOME_RHO_GTPASE_EFFECTORS	9.33428242761533e-297	3.14803250499968e-295	6.55387519617198	1.64273129306188	5.36492533195653e-15	1	96	176	7.68223787298882e-05	1	0	0.951831469888455	-1.65313439362914
NID1	ITGA3	R-HSA-1474244	REACTOME_EXTRACELLULAR_MATRIX_ORGANIZATION	1.03321064884259e-296	3.4507229437073e-295	1.19124771367259	4.13720289413487	3.71429271673218e-11	1	40	73	9.71545273620943e-10	1	0	6.87787345437884	4.28443713596128
FBLN1	ITGB1	R-HSA-195258	REACTOME_RHO_GTPASE_EFFECTORS	1.4677226677489e-296	4.85477497793868e-295	8.92010857076818	1.64273129306188	8.43580916000264e-15	1	96	176	7.68223787298882e-05	1	0	6.20654076664142	-1.65313439362914
COL18A1	ITGB1	R-HSA-195258	REACTOME_RHO_GTPASE_EFFECTORS	1.63795850212667e-296	5.36626404506261e-295	6.26939471434587	1.64273129306188	9.41424809983805e-15	1	96	176	7.68223787298882e-05	1	0	0.323040890532106	-1.65313439362914
JAM3	ITGB1	R-HSA-195258	REACTOME_RHO_GTPASE_EFFECTORS	3.413292371826e-296	1.10770997727183e-294	7.72682422564567	1.64273129306188	1.96180679693249e-14	1	96	176	7.68223787298882e-05	1	0	4.56577146203116	-1.65313439362914
FBN1	ITGB1	R-HSA-195258	REACTOME_RHO_GTPASE_EFFECTORS	5.55803953069995e-296	1.78688373697269e-294	6.40013831890023	1.64273129306188	3.19451091238149e-14	1	96	176	7.68223787298882e-05	1	0	1.72756032766282	-1.65313439362914
COL6A2	ITGB1	R-HSA-195258	REACTOME_RHO_GTPASE_EFFECTORS	2.26902907744227e-295	7.22727780222353e-294	2.61520749325399	1.64273129306188	1.30413576736245e-13	1	96	176	7.68223787298882e-05	1	0	-3.31955637394197	-1.65313439362914
LGALS3BP	ITGB1	R-HSA-195258	REACTOME_RHO_GTPASE_EFFECTORS	1.89950989798082e-294	5.99478353124222e-293	5.08385796896564	1.64273129306188	1.09175277789221e-12	1	96	176	7.68223787298882e-05	1	0	5.6845059272368	-1.65313439362914
COL11A1	ITGB1	R-HSA-195258	REACTOME_RHO_GTPASE_EFFECTORS	6.73073437929538e-294	2.10488420588874e-292	8.7209722535565	1.64273129306188	3.86852311939072e-12	1	96	176	7.68223787298882e-05	1	0	5.2194090555208	-1.65313439362914
THBS1	ITGB1	R-HSA-195258	REACTOME_RHO_GTPASE_EFFECTORS	6.94957987492109e-294	2.15374367294852e-292	10.1171572475629	1.64273129306188	3.99430565836698e-12	1	96	176	7.68223787298882e-05	1	0	3.36324076136934	-1.65313439362914
HSPG2	ITGB1	R-HSA-195258	REACTOME_RHO_GTPASE_EFFECTORS	9.28716106073174e-294	2.85248518293903e-292	3.51948105940521	1.64273129306188	5.33784209156493e-12	1	96	176	7.68223787298882e-05	1	0	4.65016389182664	-1.65313439362914
LAMC1	ITGB1	R-HSA-195258	REACTOME_RHO_GTPASE_EFFECTORS	1.40005950512257e-293	4.26212805099261e-292	3.23766986137765	1.64273129306188	8.04691176159058e-12	1	96	176	7.68223787298882e-05	1	0	5.42501182058629	-1.65313439362914
TNC	ITGB1	R-HSA-195258	REACTOME_RHO_GTPASE_EFFECTORS	2.44874960522156e-293	7.38920933505454e-292	8.5066015717972	1.64273129306188	1.40743103613461e-11	1	96	176	7.68223787298882e-05	1	0	7.35469947673216	-1.65313439362914
NPNT	ITGB1	R-HSA-195258	REACTOME_RHO_GTPASE_EFFECTORS	2.52144988545015e-293	7.54242400517262e-292	8.21361350158779	1.64273129306188	1.4492158844144e-11	1	96	176	7.68223787298882e-05	1	0	-1.10868581470011	-1.65313439362914
LTBP1	ITGB1	R-HSA-195258	REACTOME_RHO_GTPASE_EFFECTORS	1.17026545249559e-292	3.47044237636624e-291	2.6298897401509	1.64273129306188	6.72615899496749e-11	1	96	176	7.68223787298882e-05	1	0	7.03079313325193	-1.65313439362914
COMP	ITGB3	R-HSA-5683057	REACTOME_MAPK_FAMILY_SIGNALING_CASCADES	1.41922118617551e-292	4.17275288926818e-291	10.1255608464429	2.33558859980003	1.40626030864776e-20	1	74	135	9.53669466376741e-06	1	0	4.50469248937221	5.81058030327552
COL1A2	ITGB3	R-HSA-5683057	REACTOME_MAPK_FAMILY_SIGNALING_CASCADES	1.48643429796545e-292	4.33333388559418e-291	14.0547056107493	2.33558859980003	1.47285960426961e-20	1	74	135	9.53669466376741e-06	1	0	-0.973544102787729	5.81058030327552
FN1	ITGB1	R-HSA-195258	REACTOME_RHO_GTPASE_EFFECTORS	1.52172535197609e-292	4.39893715193089e-291	4.37912027588558	1.64273129306188	8.74619227820244e-11	1	96	176	7.68223787298882e-05	1	0	3.43264151330902	-1.65313439362914
LAMA3	ITGB1	R-HSA-195258	REACTOME_RHO_GTPASE_EFFECTORS	5.32762239533221e-292	1.52725175332857e-290	1.52751187044421	1.64273129306188	3.06207751580951e-10	1	96	176	7.68223787298882e-05	1	0	-6.34615646135939	-1.65313439362914
DCN	MET	R-HSA-5683057	REACTOME_MAPK_FAMILY_SIGNALING_CASCADES	1.83256588238413e-291	5.20993936810034e-290	12.4299900158892	2.64032224114379	8.8202129025133e-15	1	74	136	9.53669466376741e-06	1	0	-3.32916132851479	11.2515502894158
COL4A4	ITGB1	R-HSA-195258	REACTOME_RHO_GTPASE_EFFECTORS	4.06921774322659e-291	1.14738598661471e-289	4.75297522418188	1.64273129306188	2.33880317219634e-09	1	96	176	7.68223787298882e-05	1	0	-5.54509567223867	-1.65313439362914
SEMA5A	MET	R-HSA-5683057	REACTOME_MAPK_FAMILY_SIGNALING_CASCADES	4.25218759668569e-291	1.1892297018373e-289	16.1408444326762	2.64032224114379	2.04659490088295e-14	1	74	136	9.53669466376741e-06	1	0	-4.27209030279128	11.2515502894158
CDH1	ERBB3	R-HSA-5683057	REACTOME_MAPK_FAMILY_SIGNALING_CASCADES	5.23692750018423e-291	1.4528250484382e-289	14.3704771513226	8.31277667281055	3.75150472033015e-34	1	74	136	1.96843828104087e-05	1	0	5.40152618533464	5.83982229038879
RND1	MET	R-HSA-5683057	REACTOME_MAPK_FAMILY_SIGNALING_CASCADES	1.1127264145682e-290	3.0622230928917e-289	4.60833105105072	2.64032224114379	5.35559674720856e-14	1	74	136	9.53669466376741e-06	1	0	-6.26577098121408	11.2515502894158
AGRN	ITGB1	R-HSA-195258	REACTOME_RHO_GTPASE_EFFECTORS	1.25040689058922e-290	3.41380928859279e-289	1.11546551296964	1.64273129306188	7.18677590333947e-09	1	96	176	7.68223787298882e-05	1	0	5.51142825962013	-1.65313439362914
L1CAM	ITGB3	R-HSA-5683057	REACTOME_MAPK_FAMILY_SIGNALING_CASCADES	4.22923019755554e-290	1.14555526610953e-288	5.38418252448028	2.33558859980003	4.19060722943674e-18	1	74	135	9.53669466376741e-06	1	0	4.78903995096595	5.81058030327552
COL4A2	ITGB3	R-HSA-5683057	REACTOME_MAPK_FAMILY_SIGNALING_CASCADES	4.29086181589213e-288	1.15316911302101e-286	10.9035066930124	2.33558859980003	4.25167600396513e-16	1	74	135	9.53669466376741e-06	1	0	6.44091966949719	5.81058030327552
COL4A3	ITGB3	R-HSA-5683057	REACTOME_MAPK_FAMILY_SIGNALING_CASCADES	5.20310533477859e-288	1.38749475594096e-286	10.9133221434925	2.33558859980003	5.15558856173085e-16	1	74	135	9.53669466376741e-06	1	0	4.45925716993137	5.81058030327552
FBLN2	ITGB3	R-HSA-5683057	REACTOME_MAPK_FAMILY_SIGNALING_CASCADES	1.11231952744238e-287	2.94336859569367e-286	20.4800687975369	2.33558859980003	1.10216139472329e-15	1	74	135	9.53669466376741e-06	1	0	-1.12341971762222	5.81058030327552
NID1	ITGB1	R-HSA-195258	REACTOME_RHO_GTPASE_EFFECTORS	1.36260302490758e-287	3.57813313410846e-286	1.19124771367259	1.64273129306188	7.83162877534108e-06	1	96	176	7.68223787298882e-05	1	0	6.87787345437884	-1.65313439362914
COL18A1	ITGB3	R-HSA-5683057	REACTOME_MAPK_FAMILY_SIGNALING_CASCADES	5.08440994205648e-287	1.32502804550563e-285	6.26939471434587	2.33558859980003	5.03797714130507e-15	1	74	135	9.53669466376741e-06	1	0	0.323040890532106	5.81058030327552
L1CAM	FGFR2	R-HSA-5683057	REACTOME_MAPK_FAMILY_SIGNALING_CASCADES	1.47206516099701e-286	3.80744673220278e-285	5.38418252448028	12.4089683634966	8.28663999565782e-34	1	73	134	1.96843828104087e-05	1	0	4.78903995096595	5.89402827446816
FBN1	ITGB3	R-HSA-5683057	REACTOME_MAPK_FAMILY_SIGNALING_CASCADES	1.7252788401869e-286	4.42907403749473e-285	6.40013831890023	2.33558859980003	1.70952292562848e-14	1	74	135	9.53669466376741e-06	1	0	1.72756032766282	5.81058030327552
CDH1	ERBB3	R-HSA-9006925	REACTOME_INTRACELLULAR_SIGNALING_BY_SECOND_MESSENGERS	5.13335073170433e-286	1.30805381607873e-284	14.3704771513226	8.31277667281055	3.75150472033015e-34	1	88	161	9.13791633757528e-05	1	0	5.40152618533464	5.83982229038879
L1CAM	ERBB3	R-HSA-5683057	REACTOME_MAPK_FAMILY_SIGNALING_CASCADES	1.19068858769255e-285	3.01174172181056e-284	5.38418252448028	8.31277667281055	8.52956978498308e-29	1	74	136	1.96843828104087e-05	1	0	4.78903995096595	5.83982229038879
THBS1	ITGB3	R-HSA-5683057	REACTOME_MAPK_FAMILY_SIGNALING_CASCADES	2.15722882864781e-284	5.41669136536385e-283	10.1171572475629	2.33558859980003	2.13752817950321e-12	1	74	135	9.53669466376741e-06	1	0	3.36324076136934	5.81058030327552
L1CAM	ERBB2	R-HSA-5683057	REACTOME_MAPK_FAMILY_SIGNALING_CASCADES	2.78635826515337e-284	6.94570466096201e-283	5.38418252448028	5.2615892882842	1.99602461250152e-27	1	74	136	1.96843828104087e-05	1	0	4.78903995096595	-6.34615646135939
SEMA4D	MET	R-HSA-5683057	REACTOME_MAPK_FAMILY_SIGNALING_CASCADES	3.6787703496701e-284	9.10429496609003e-283	1.01462714481266	2.64032224114379	1.77060688597618e-07	1	74	136	9.53669466376741e-06	1	0	7.0765425972243	11.2515502894158
FGF2	FGFR3	R-HSA-5683057	REACTOME_MAPK_FAMILY_SIGNALING_CASCADES	4.13628581971808e-284	1.01634451570216e-282	1.22084110229944	4.05722087136925	4.09851165565448e-12	1	74	135	9.53669466376741e-06	1	0	5.86272009779499	-0.41857284145358
TNC	ITGB3	R-HSA-5683057	REACTOME_MAPK_FAMILY_SIGNALING_CASCADES	7.60119796822091e-284	1.85447666742411e-282	8.5066015717972	2.33558859980003	7.53178088447811e-12	1	74	135	9.53669466376741e-06	1	0	7.35469947673216	5.81058030327552
CDH1	EGFR	R-HSA-5683057	REACTOME_MAPK_FAMILY_SIGNALING_CASCADES	7.99287950245508e-284	1.93630320341165e-282	14.3704771513226	2.93967772399715	5.72574762232922e-27	1	74	136	1.96843828104087e-05	1	0	5.40152618533464	-4.97288082913192
LTBP1	ITGB3	R-HSA-5683057	REACTOME_MAPK_FAMILY_SIGNALING_CASCADES	3.63263739208802e-283	8.73865218796e-282	2.6298897401509	2.33558859980003	3.59946274052546e-11	1	74	135	9.53669466376741e-06	1	0	7.03079313325193	5.81058030327552
MFGE8	ITGB3	R-HSA-5683057	REACTOME_MAPK_FAMILY_SIGNALING_CASCADES	4.02070922083517e-283	9.60502758310624e-282	2.73317240377774	2.33558859980003	3.98399054703467e-11	1	74	135	9.53669466376741e-06	1	0	7.14954233744459	5.81058030327552
L1CAM	FGFR2	R-HSA-9006925	REACTOME_INTRACELLULAR_SIGNALING_BY_SECOND_MESSENGERS	4.42011199535803e-283	1.04863346648494e-281	5.38418252448028	12.4089683634966	8.28663999565782e-34	1	88	160	8.82328897989268e-05	1	0	4.78903995096595	5.89402827446816
FN1	ITGB3	R-HSA-5683057	REACTOME_MAPK_FAMILY_SIGNALING_CASCADES	4.72360899169368e-283	1.11295992681002e-281	4.37912027588558	2.33558859980003	4.68047116495695e-11	1	74	135	9.53669466376741e-06	1	0	3.43264151330902	5.81058030327552
NCAM1	FGFR2	R-HSA-5683057	REACTOME_MAPK_FAMILY_SIGNALING_CASCADES	8.35293381084809e-282	1.95470015709642e-280	2.9320508687129	12.4089683634966	4.70208501851753e-29	1	73	134	1.96843828104087e-05	1	0	5.86615048162456	5.89402827446816
COL4A4	ITGB3	R-HSA-5683057	REACTOME_MAPK_FAMILY_SIGNALING_CASCADES	1.26313158258841e-281	2.93592746223251e-280	4.75297522418188	2.33558859980003	1.25159617577315e-09	1	74	135	9.53669466376741e-06	1	0	-5.54509567223867	5.81058030327552
COL16A1	ITGA1	R-HSA-1474244	REACTOME_EXTRACELLULAR_MATRIX_ORGANIZATION	7.5461151362783e-281	1.74219034018774e-279	12.9334956641832	4.23950504367085	2.01682122639883e-28	1	37	68	3.20103765304981e-09	1	0	5.80814713736568	-3.47079627706584
L1CAM	ERBB3	R-HSA-9006925	REACTOME_INTRACELLULAR_SIGNALING_BY_SECOND_MESSENGERS	1.16713896318949e-280	2.67663868891456e-279	5.38418252448028	8.31277667281055	8.52956978498308e-29	1	88	161	9.13791633757528e-05	1	0	4.78903995096595	5.83982229038879
RND1	ERBB2	R-HSA-5683057	REACTOME_MAPK_FAMILY_SIGNALING_CASCADES	3.92454399103871e-280	8.94068299945242e-279	4.60833105105072	5.2615892882842	2.81137084807974e-23	1	74	136	1.96843828104087e-05	1	0	-6.26577098121408	-6.34615646135939
L1CAM	ERBB2	R-HSA-9006925	REACTOME_INTRACELLULAR_SIGNALING_BY_SECOND_MESSENGERS	2.73124923702157e-279	6.18124827325934e-278	5.38418252448028	5.2615892882842	1.99602461250152e-27	1	88	161	9.13791633757528e-05	1	0	4.78903995096595	-6.34615646135939
CDH1	EGFR	R-HSA-9006925	REACTOME_INTRACELLULAR_SIGNALING_BY_SECOND_MESSENGERS	7.83479508565069e-279	1.76154869899597e-277	14.3704771513226	2.93967772399715	5.72574762232922e-27	1	88	161	9.13791633757528e-05	1	0	5.40152618533464	-4.97288082913192
COL1A2	ITGA2B	R-HSA-5683057	REACTOME_MAPK_FAMILY_SIGNALING_CASCADES	1.7057066604101e-278	3.81014994273424e-277	14.0547056107493	4.02018928876498	5.19222241150777e-26	1	74	135	1.96843828104087e-05	1	0	-0.973544102787729	-1.22574277327969
L1CAM	EGFR	R-HSA-5683057	REACTOME_MAPK_FAMILY_SIGNALING_CASCADES	1.81729275534942e-278	4.03321746993678e-277	5.38418252448028	2.93967772399715	1.30182866760621e-21	1	74	136	1.96843828104087e-05	1	0	4.78903995096595	-4.97288082913192
NCAM1	FGFR2	R-HSA-9006925	REACTOME_INTRACELLULAR_SIGNALING_BY_SECOND_MESSENGERS	2.50810248839497e-278	5.53068753851198e-277	2.9320508687129	12.4089683634966	4.70208501851753e-29	1	88	160	8.82328897989268e-05	1	0	5.86615048162456	5.89402827446816
NID1	ITGB3	R-HSA-5683057	REACTOME_MAPK_FAMILY_SIGNALING_CASCADES	4.22967514617814e-278	9.26756847315465e-277	1.19124771367259	2.33558859980003	4.19104811461619e-06	1	74	135	9.53669466376741e-06	1	0	6.87787345437884	5.81058030327552
EFEMP1	EGFR	R-HSA-5683057	REACTOME_MAPK_FAMILY_SIGNALING_CASCADES	4.39696461167547e-278	9.57313814187571e-277	11.9073822111131	2.93967772399715	3.14979221981685e-21	1	74	136	1.96843828104087e-05	1	0	3.20088563659098	-4.97288082913192
EFNB1	ERBB2	R-HSA-5683057	REACTOME_MAPK_FAMILY_SIGNALING_CASCADES	4.51002954236356e-278	9.75754819228342e-277	2.06677780171612	5.2615892882842	3.23078696743656e-21	1	74	136	1.96843828104087e-05	1	0	-1.46243435061172	-6.34615646135939
S100B	APP	R-HSA-418594	REACTOME_G_ALPHA_I_SIGNALLING_EVENTS	7.23708367246999e-278	1.55597298958105e-276	2.91530553230702	1.07409823105059	4.17732978317162e-10	1	44	80	1.3910620812997e-08	1	0	5.98997946985497	-6.19605749258721
COL5A1	ITGA1	R-HSA-1474244	REACTOME_EXTRACELLULAR_MATRIX_ORGANIZATION	3.69990322106239e-277	7.90538327978548e-276	17.6910136130676	4.23950504367085	9.88858931662188e-25	1	37	68	3.20103765304981e-09	1	0	5.13171509336827	-3.47079627706584
COL2A1	ITGA2B	R-HSA-5683057	REACTOME_MAPK_FAMILY_SIGNALING_CASCADES	4.14550493276675e-277	8.80280059797385e-276	12.5798279320328	4.02018928876498	1.26190417839797e-24	1	74	135	1.96843828104087e-05	1	0	5.28155360459047	-1.22574277327969
COL1A1	ITGA1	R-HSA-1474244	REACTOME_EXTRACELLULAR_MATRIX_ORGANIZATION	5.47443110909674e-277	1.1553400622879e-275	11.8865981117298	4.23950504367085	1.46313018869862e-24	1	37	68	3.20103765304981e-09	1	0	-1.97991822679722	-3.47079627706584
COL1A2	ITGA1	R-HSA-1474244	REACTOME_EXTRACELLULAR_MATRIX_ORGANIZATION	1.46862512548407e-276	3.08053075101538e-275	14.0547056107493	4.23950504367085	3.92513799909995e-24	1	37	68	3.20103765304981e-09	1	0	-0.973544102787729	-3.47079627706584
L1CAM	ITGA2B	R-HSA-5683057	REACTOME_MAPK_FAMILY_SIGNALING_CASCADES	4.85310795522674e-276	1.01179947672606e-274	5.38418252448028	4.02018928876498	1.47730066813109e-23	1	74	135	1.96843828104087e-05	1	0	4.78903995096595	-1.22574277327969
COL2A1	ITGA1	R-HSA-1474244	REACTOME_EXTRACELLULAR_MATRIX_ORGANIZATION	3.56930816029977e-275	7.39663859724771e-274	12.5798279320328	4.23950504367085	9.5395529106669e-23	1	37	68	3.20103765304981e-09	1	0	5.28155360459047	-3.47079627706584
RND1	ERBB2	R-HSA-9006925	REACTOME_INTRACELLULAR_SIGNALING_BY_SECOND_MESSENGERS	3.84692374818931e-275	7.92420221183906e-274	4.60833105105072	5.2615892882842	2.81137084807974e-23	1	88	161	9.13791633757528e-05	1	0	-6.26577098121408	-6.34615646135939
DCN	EGFR	R-HSA-5683057	REACTOME_MAPK_FAMILY_SIGNALING_CASCADES	4.21549267951479e-275	8.63172310567315e-274	12.4299900158892	2.93967772399715	3.0197937025404e-18	1	74	136	1.96843828104087e-05	1	0	-3.32916132851479	-4.97288082913192
FGF2	FGFR2	R-HSA-5683057	REACTOME_MAPK_FAMILY_SIGNALING_CASCADES	2.32492716909709e-274	4.73239613117988e-273	1.22084110229944	12.4089683634966	1.30876234129358e-21	1	73	134	1.96843828104087e-05	1	0	5.86272009779499	5.89402827446816
COL4A1	ITGA1	R-HSA-1474244	REACTOME_EXTRACELLULAR_MATRIX_ORGANIZATION	6.06191662688695e-274	1.22664665861712e-272	11.3294445506569	4.23950504367085	1.62014518795101e-21	1	37	68	3.20103765304981e-09	1	0	4.78373488091513	-3.47079627706584
COL5A2	ITGA1	R-HSA-1474244	REACTOME_EXTRACELLULAR_MATRIX_ORGANIZATION	1.16878634300678e-273	2.35124270172125e-272	9.21695136128872	4.23950504367085	3.12377039460825e-21	1	37	68	3.20103765304981e-09	1	0	4.91888270579576	-3.47079627706584
SEMA4D	ERBB2	R-HSA-5683057	REACTOME_MAPK_FAMILY_SIGNALING_CASCADES	1.29748839258136e-273	2.59497678516271e-272	1.01462714481266	5.2615892882842	9.29463665321184e-17	1	74	136	1.96843828104087e-05	1	0	7.0765425972243	-6.34615646135939
L1CAM	EGFR	R-HSA-9006925	REACTOME_INTRACELLULAR_SIGNALING_BY_SECOND_MESSENGERS	1.78135005593752e-273	3.54210646960987e-272	5.38418252448028	2.93967772399715	1.30182866760621e-21	1	88	161	9.13791633757528e-05	1	0	4.78903995096595	-4.97288082913192
EFEMP1	EGFR	R-HSA-9006925	REACTOME_INTRACELLULAR_SIGNALING_BY_SECOND_MESSENGERS	4.31000076014578e-273	8.52092104304683e-272	11.9073822111131	2.93967772399715	3.14979221981685e-21	1	88	161	9.13791633757528e-05	1	0	3.20088563659098	-4.97288082913192
EFNB1	ERBB2	R-HSA-9006925	REACTOME_INTRACELLULAR_SIGNALING_BY_SECOND_MESSENGERS	4.4208294750091e-273	8.69008765373217e-272	2.06677780171612	5.2615892882842	3.23078696743656e-21	1	88	161	9.13791633757528e-05	1	0	-1.46243435061172	-6.34615646135939
COL4A6	ITGA1	R-HSA-1474244	REACTOME_EXTRACELLULAR_MATRIX_ORGANIZATION	4.48251542769064e-273	8.76128015412262e-272	9.53524221853406	4.23950504367085	1.19802469203848e-20	1	37	68	3.20103765304981e-09	1	0	1.77832375144824	-3.47079627706584
LAMA1	ITGA1	R-HSA-1474244	REACTOME_EXTRACELLULAR_MATRIX_ORGANIZATION	6.41845250147153e-273	1.24742805678317e-271	17.5342897380052	4.23950504367085	1.71543516257357e-20	1	37	68	3.20103765304981e-09	1	0	-6.27074375530701	-3.47079627706584
CTF1	IL6ST	R-HSA-5683057	REACTOME_MAPK_FAMILY_SIGNALING_CASCADES	1.53904298105294e-272	2.97433025551804e-271	6.88834092018875	3.9101638262986	1.10250275720028e-15	1	74	136	1.96843828104087e-05	1	0	-6.34615646135939	5.79722245224878
ANXA1	EGFR	R-HSA-5683057	REACTOME_MAPK_FAMILY_SIGNALING_CASCADES	2.03035193876904e-272	3.90190540188017e-271	3.78540835500689	2.93967772399715	1.45445490355854e-15	1	74	136	1.96843828104087e-05	1	0	5.66002539089596	-4.97288082913192
COL4A5	ITGA1	R-HSA-1474244	REACTOME_EXTRACELLULAR_MATRIX_ORGANIZATION	2.32252574605441e-272	4.4386047591262e-271	5.4186994542932	4.23950504367085	6.20732541037067e-20	1	37	68	3.20103765304981e-09	1	0	6.18599343361014	-3.47079627706584
TNC	EGFR	R-HSA-5683057	REACTOME_MAPK_FAMILY_SIGNALING_CASCADES	3.26622135811116e-272	6.20762512259801e-271	8.5066015717972	2.93967772399715	2.33977744434425e-15	1	74	136	1.96843828104087e-05	1	0	7.35469947673216	-4.97288082913192
COL4A3	ITGA1	R-HSA-1474244	REACTOME_EXTRACELLULAR_MATRIX_ORGANIZATION	5.14076621863154e-272	9.7166130725783e-271	10.9133221434925	4.23950504367085	1.37395285421043e-19	1	37	68	3.20103765304981e-09	1	0	4.45925716993137	-3.47079627706584
LAMB1	ITGA1	R-HSA-1474244	REACTOME_EXTRACELLULAR_MATRIX_ORGANIZATION	2.86275273372943e-271	5.38134940110887e-270	6.55387519617198	4.23950504367085	7.65116934349389e-19	1	37	68	3.20103765304981e-09	1	0	0.951831469888455	-3.47079627706584
FGF2	FGFR2	R-HSA-9006925	REACTOME_INTRACELLULAR_SIGNALING_BY_SECOND_MESSENGERS	6.98096710712165e-271	1.30513732872274e-269	1.22084110229944	12.4089683634966	1.30876234129358e-21	1	88	160	8.82328897989268e-05	1	0	5.86272009779499	5.89402827446816
THBS1	ITGA2B	R-HSA-5683057	REACTOME_MAPK_FAMILY_SIGNALING_CASCADES	2.47545390071373e-270	4.60300617213797e-269	10.1171572475629	4.02018928876498	7.53535617833019e-18	1	74	135	1.96843828104087e-05	1	0	3.36324076136934	-1.22574277327969
DCN	EGFR	R-HSA-9006925	REACTOME_INTRACELLULAR_SIGNALING_BY_SECOND_MESSENGERS	4.13211800814892e-270	7.64219674625391e-269	12.4299900158892	2.93967772399715	3.0197937025404e-18	1	88	161	9.13791633757528e-05	1	0	-3.32916132851479	-4.97288082913192
COL6A2	ITGA1	R-HSA-1474244	REACTOME_EXTRACELLULAR_MATRIX_ORGANIZATION	6.958937920222e-270	1.28014686874672e-268	2.61520749325399	4.23950504367085	1.85988862576743e-17	1	37	68	3.20103765304981e-09	1	0	-3.31955637394197	-3.47079627706584
FN1	ITGA2B	R-HSA-5683057	REACTOME_MAPK_FAMILY_SIGNALING_CASCADES	5.42041537209754e-269	9.9182068510721e-268	4.37912027588558	4.02018928876498	1.64999075327052e-16	1	74	135	1.96843828104087e-05	1	0	3.43264151330902	-1.22574277327969
SEMA4D	ERBB2	R-HSA-9006925	REACTOME_INTRACELLULAR_SIGNALING_BY_SECOND_MESSENGERS	1.27182646488825e-268	2.31485875090772e-267	1.01462714481266	5.2615892882842	9.29463665321184e-17	1	88	161	9.13791633757528e-05	1	0	7.0765425972243	-6.34615646135939
SPTBN2	PTPRA	R-HSA-5683057	REACTOME_MAPK_FAMILY_SIGNALING_CASCADES	1.73632204605279e-268	3.143656757064e-267	4.69787930694478	1.85002176402805	7.63216127922112e-22	1	73	133	2.10177344171161e-05	1	0	6.4267948338918	4.30438468981155
COL8A1	ITGA1	R-HSA-1474244	REACTOME_EXTRACELLULAR_MATRIX_ORGANIZATION	2.53889827627686e-268	4.57267542952482e-267	7.95372452427371	4.23950504367085	6.78561596634739e-16	1	37	68	3.20103765304981e-09	1	0	-5.06654949952829	-3.47079627706584
SORBS1	ITGA1	R-HSA-1474244	REACTOME_EXTRACELLULAR_MATRIX_ORGANIZATION	4.08205899742473e-268	7.31368903705264e-267	3.00010852256686	4.23950504367085	1.09099623908984e-15	1	37	68	3.20103765304981e-09	1	0	6.07754751096769	-3.47079627706584
LAMC1	ITGA1	R-HSA-1474244	REACTOME_EXTRACELLULAR_MATRIX_ORGANIZATION	4.29387497834416e-268	7.65333156761861e-267	3.23766986137765	4.23950504367085	1.14760748324579e-15	1	37	68	3.20103765304981e-09	1	0	5.42501182058629	-3.47079627706584
DCN	MET	R-HSA-9006925	REACTOME_INTRACELLULAR_SIGNALING_BY_SECOND_MESSENGERS	9.03145929610223e-268	1.60145463807174e-266	12.4299900158892	2.64032224114379	8.8202129025133e-15	1	88	161	8.82328897989268e-05	1	0	-3.32916132851479	11.2515502894158
LIF	IL6ST	R-HSA-5683057	REACTOME_MAPK_FAMILY_SIGNALING_CASCADES	1.03339902853055e-267	1.82302187597183e-266	4.9622342686641	3.9101638262986	7.40281650525152e-11	1	74	136	1.96843828104087e-05	1	0	-6.20163825687765	5.79722245224878
VCL	ITGA1	R-HSA-1474244	REACTOME_EXTRACELLULAR_MATRIX_ORGANIZATION	1.35765303561407e-267	2.38281961352674e-266	1.50547573342494	4.23950504367085	3.62854715421385e-15	1	37	68	3.20103765304981e-09	1	0	4.67617778855706	-3.47079627706584
ANXA1	EGFR	R-HSA-9006925	REACTOME_INTRACELLULAR_SIGNALING_BY_SECOND_MESSENGERS	1.99019532161381e-267	3.47526492708199e-266	3.78540835500689	2.93967772399715	1.45445490355854e-15	1	88	161	9.13791633757528e-05	1	0	5.66002539089596	-4.97288082913192
SEMA5A	MET	R-HSA-9006925	REACTOME_INTRACELLULAR_SIGNALING_BY_SECOND_MESSENGERS	2.09561138117967e-267	3.64086017740307e-266	16.1408444326762	2.64032224114379	2.04659490088295e-14	1	88	161	8.82328897989268e-05	1	0	-4.27209030279128	11.2515502894158
TNC	EGFR	R-HSA-9006925	REACTOME_INTRACELLULAR_SIGNALING_BY_SECOND_MESSENGERS	3.2016215229213e-267	5.53446132605491e-266	8.5066015717972	2.93967772399715	2.33977744434425e-15	1	88	161	9.13791633757528e-05	1	0	7.35469947673216	-4.97288082913192
SPTAN1	PTPRA	R-HSA-5683057	REACTOME_MAPK_FAMILY_SIGNALING_CASCADES	3.62594538776877e-267	6.23662606696229e-266	2.44170796643092	1.85002176402805	1.59381723292695e-20	1	73	133	2.10177344171161e-05	1	0	4.25140233850786	4.30438468981155
NCAM1	PTPRA	R-HSA-5683057	REACTOME_MAPK_FAMILY_SIGNALING_CASCADES	5.33229533733341e-267	9.1259183882721e-266	2.9320508687129	1.85002176402805	2.3438588535741e-20	1	73	133	2.10177344171161e-05	1	0	5.86615048162456	4.30438468981155
RND1	MET	R-HSA-9006925	REACTOME_INTRACELLULAR_SIGNALING_BY_SECOND_MESSENGERS	5.48386468255987e-267	9.33885866732969e-266	4.60833105105072	2.64032224114379	5.35559674720856e-14	1	88	161	8.82328897989268e-05	1	0	-6.26577098121408	11.2515502894158
CLCF1	IL6ST	R-HSA-5683057	REACTOME_MAPK_FAMILY_SIGNALING_CASCADES	2.34084776378851e-266	3.96675680169088e-265	1.99763232565619	3.9101638262986	1.67688046762495e-09	1	74	136	1.96843828104087e-05	1	0	6.19877985208826	5.79722245224878
COL4A4	ITGA1	R-HSA-1474244	REACTOME_EXTRACELLULAR_MATRIX_ORGANIZATION	1.24799783045972e-265	2.10446692979482e-264	4.75297522418188	4.23950504367085	3.3354758965581e-13	1	37	68	3.20103765304981e-09	1	0	-5.54509567223867	-3.47079627706584
COMP	ITGB3	R-HSA-76002	REACTOME_PLATELET_ACTIVATION_SIGNALING_AND_AGGREGATION	2.00974535499793e-262	3.37245074204531e-261	10.1255608464429	2.33558859980003	1.40626030864776e-20	1	42	77	4.66782494156634e-08	1	0	4.50469248937221	5.81058030327552
COL1A2	ITGB3	R-HSA-76002	REACTOME_PLATELET_ACTIVATION_SIGNALING_AND_AGGREGATION	2.10492519062228e-262	3.51502070667021e-261	14.0547056107493	2.33558859980003	1.47285960426961e-20	1	42	77	4.66782494156634e-08	1	0	-0.973544102787729	5.81058030327552
FGF2	FGFR3	R-HSA-9006925	REACTOME_INTRACELLULAR_SIGNALING_BY_SECOND_MESSENGERS	2.18615512943313e-261	3.63303074649757e-260	1.22084110229944	4.05722087136925	4.09851165565448e-12	1	88	160	8.82328897989268e-05	1	0	5.86272009779499	-0.41857284145358
SEMA4D	MET	R-HSA-9006925	REACTOME_INTRACELLULAR_SIGNALING_BY_SECOND_MESSENGERS	1.81301338151776e-260	2.99844520789475e-259	1.01462714481266	2.64032224114379	1.77060688597618e-07	1	88	161	8.82328897989268e-05	1	0	7.0765425972243	11.2515502894158
L1CAM	ITGB3	R-HSA-76002	REACTOME_PLATELET_ACTIVATION_SIGNALING_AND_AGGREGATION	5.98897185833236e-260	9.85744650366665e-259	5.38418252448028	2.33558859980003	4.19060722943674e-18	1	42	77	4.66782494156634e-08	1	0	4.78903995096595	5.81058030327552
COL1A2	ITGA2B	R-HSA-76002	REACTOME_PLATELET_ACTIVATION_SIGNALING_AND_AGGREGATION	2.09887747840787e-259	3.43816120272527e-258	14.0547056107493	4.02018928876498	5.19222241150777e-26	1	41	76	8.15610968663405e-08	1	0	-0.973544102787729	-1.22574277327969
S100B	APP	R-HSA-76002	REACTOME_PLATELET_ACTIVATION_SIGNALING_AND_AGGREGATION	5.8746434732441e-259	9.57761779524157e-258	2.91530553230702	1.07409823105059	4.17732978317162e-10	1	42	78	4.66782494156634e-08	1	0	5.98997946985497	-6.19605749258721
COL2A1	ITGA2B	R-HSA-76002	REACTOME_PLATELET_ACTIVATION_SIGNALING_AND_AGGREGATION	5.10105702343973e-258	8.27718686822297e-257	12.5798279320328	4.02018928876498	1.26190417839797e-24	1	41	76	8.15610968663405e-08	1	0	5.28155360459047	-1.22574277327969
COL4A2	ITGB3	R-HSA-76002	REACTOME_PLATELET_ACTIVATION_SIGNALING_AND_AGGREGATION	6.07624779521909e-258	9.8132828242036e-257	10.9035066930124	2.33558859980003	4.25167600396513e-16	1	42	77	4.66782494156634e-08	1	0	6.44091966949719	5.81058030327552
COL4A3	ITGB3	R-HSA-76002	REACTOME_PLATELET_ACTIVATION_SIGNALING_AND_AGGREGATION	7.36806699335943e-258	1.18439955407273e-256	10.9133221434925	2.33558859980003	5.15558856173085e-16	1	42	77	4.66782494156634e-08	1	0	4.45925716993137	5.81058030327552
FBLN2	ITGB3	R-HSA-76002	REACTOME_PLATELET_ACTIVATION_SIGNALING_AND_AGGREGATION	1.57514489307683e-257	2.52023182892294e-256	20.4800687975369	2.33558859980003	1.10216139472329e-15	1	42	77	4.66782494156634e-08	1	0	-1.12341971762222	5.81058030327552
L1CAM	ITGA2B	R-HSA-76002	REACTOME_PLATELET_ACTIVATION_SIGNALING_AND_AGGREGATION	5.97176479633284e-257	9.51058837934489e-256	5.38418252448028	4.02018928876498	1.47730066813109e-23	1	41	76	8.15610968663405e-08	1	0	4.78903995096595	-1.22574277327969
COL18A1	ITGB3	R-HSA-76002	REACTOME_PLATELET_ACTIVATION_SIGNALING_AND_AGGREGATION	7.19998359909603e-257	1.14137988852029e-255	6.26939471434587	2.33558859980003	5.03797714130507e-15	1	42	77	4.66782494156634e-08	1	0	0.323040890532106	5.81058030327552
FBN1	ITGB3	R-HSA-76002	REACTOME_PLATELET_ACTIVATION_SIGNALING_AND_AGGREGATION	2.44315063001958e-256	3.85524686571897e-255	6.40013831890023	2.33558859980003	1.70952292562848e-14	1	42	77	4.66782494156634e-08	1	0	1.72756032766282	5.81058030327552
THBS1	ITGB3	R-HSA-76002	REACTOME_PLATELET_ACTIVATION_SIGNALING_AND_AGGREGATION	3.05483081867297e-254	4.79845571517581e-253	10.1171572475629	2.33558859980003	2.13752817950321e-12	1	42	77	4.66782494156634e-08	1	0	3.36324076136934	5.81058030327552
TNC	ITGB3	R-HSA-76002	REACTOME_PLATELET_ACTIVATION_SIGNALING_AND_AGGREGATION	1.07639827095721e-253	1.68309547822401e-252	8.5066015717972	2.33558859980003	7.53178088447811e-12	1	42	77	4.66782494156634e-08	1	0	7.35469947673216	5.81058030327552
LTBP1	ITGB3	R-HSA-76002	REACTOME_PLATELET_ACTIVATION_SIGNALING_AND_AGGREGATION	5.14414257358601e-253	8.00717215074022e-252	2.6298897401509	2.33558859980003	3.59946274052546e-11	1	42	77	4.66782494156634e-08	1	0	7.03079313325193	5.81058030327552
MFGE8	ITGB3	R-HSA-76002	REACTOME_PLATELET_ACTIVATION_SIGNALING_AND_AGGREGATION	5.69368732589615e-253	8.82265063111837e-252	2.73317240377774	2.33558859980003	3.98399054703467e-11	1	42	77	4.66782494156634e-08	1	0	7.14954233744459	5.81058030327552
FN1	ITGB3	R-HSA-76002	REACTOME_PLATELET_ACTIVATION_SIGNALING_AND_AGGREGATION	6.68905687313267e-253	1.03185451316486e-251	4.37912027588558	2.33558859980003	4.68047116495695e-11	1	42	77	4.66782494156634e-08	1	0	3.43264151330902	5.81058030327552
COL4A4	ITGB3	R-HSA-76002	REACTOME_PLATELET_ACTIVATION_SIGNALING_AND_AGGREGATION	1.78870838146034e-251	2.74694501438553e-250	4.75297522418188	2.33558859980003	1.25159617577315e-09	1	42	77	4.66782494156634e-08	1	0	-5.54509567223867	5.81058030327552
THBS1	ITGA2B	R-HSA-76002	REACTOME_PLATELET_ACTIVATION_SIGNALING_AND_AGGREGATION	3.04605390929047e-251	4.65707797687076e-250	10.1171572475629	4.02018928876498	7.53535617833019e-18	1	41	76	8.15610968663405e-08	1	0	3.36324076136934	-1.22574277327969
FN1	ITGA2B	R-HSA-76002	REACTOME_PLATELET_ACTIVATION_SIGNALING_AND_AGGREGATION	6.66983837969892e-250	1.01523203655594e-248	4.37912027588558	4.02018928876498	1.64999075327052e-16	1	41	76	8.15610968663405e-08	1	0	3.43264151330902	-1.22574277327969
NID1	ITGB3	R-HSA-76002	REACTOME_PLATELET_ACTIVATION_SIGNALING_AND_AGGREGATION	5.98960194576073e-248	9.07675360943477e-247	1.19124771367259	2.33558859980003	4.19104811461619e-06	1	42	77	4.66782494156634e-08	1	0	6.87787345437884	5.81058030327552
COL16A1	ITGB1	R-HSA-1474244	REACTOME_EXTRACELLULAR_MATRIX_ORGANIZATION	1.2186830645403e-243	1.83871479913098e-242	12.9334956641832	1.64273129306188	1.41417537656979e-24	1	33	61	7.04950130409779e-09	1	0	5.80814713736568	-1.65313439362914
LUM	ITGB1	R-HSA-1474244	REACTOME_EXTRACELLULAR_MATRIX_ORGANIZATION	4.66992318172263e-242	7.01508111140867e-241	11.828176566468	1.64273129306188	5.41903844093848e-23	1	33	61	7.04950130409779e-09	1	0	4.04840561928604	-1.65313439362914
COL5A1	ITGB1	R-HSA-1474244	REACTOME_EXTRACELLULAR_MATRIX_ORGANIZATION	5.97527246075211e-240	8.93692924564663e-239	17.6910136130676	1.64273129306188	6.93378239852596e-21	1	33	61	7.04950130409779e-09	1	0	5.13171509336827	-1.65313439362914
COL1A1	ITGB1	R-HSA-1474244	REACTOME_EXTRACELLULAR_MATRIX_ORGANIZATION	8.84110083157193e-240	1.31659683379253e-238	11.8865981117298	1.64273129306188	1.02593262034834e-20	1	33	61	7.04950130409779e-09	1	0	-1.97991822679722	-1.65313439362914
COMP	ITGB1	R-HSA-1474244	REACTOME_EXTRACELLULAR_MATRIX_ORGANIZATION	2.26455394507122e-239	3.35778688407112e-238	10.1255608464429	1.64273129306188	2.6278172900037e-20	1	33	61	7.04950130409779e-09	1	0	4.50469248937221	-1.65313439362914
COL1A2	ITGB1	R-HSA-1474244	REACTOME_EXTRACELLULAR_MATRIX_ORGANIZATION	2.37180129942799e-239	3.50171522318983e-238	14.0547056107493	1.64273129306188	2.75226848830669e-20	1	33	61	7.04950130409779e-09	1	0	-0.973544102787729	-1.65313439362914
LAMB2	ITGB1	R-HSA-1474244	REACTOME_EXTRACELLULAR_MATRIX_ORGANIZATION	4.02699742714182e-238	5.92003040571276e-237	11.7077824357821	1.64273129306188	4.67297919260249e-19	1	33	61	7.04950130409779e-09	1	0	-5.4770692126764	-1.65313439362914
COL2A1	ITGB1	R-HSA-1474244	REACTOME_EXTRACELLULAR_MATRIX_ORGANIZATION	5.7643639522152e-238	8.43804765771077e-237	12.5798279320328	1.64273129306188	6.68904147435922e-19	1	33	61	7.04950130409779e-09	1	0	5.28155360459047	-1.65313439362914
COL3A1	ITGB1	R-HSA-1474244	REACTOME_EXTRACELLULAR_MATRIX_ORGANIZATION	2.83948935702635e-237	4.13891668990282e-236	15.038080980152	1.64273129306188	3.29497967730712e-18	1	33	61	7.04950130409779e-09	1	0	-4.39983829722896	-1.65313439362914
L1CAM	ITGB1	R-HSA-1474244	REACTOME_EXTRACELLULAR_MATRIX_ORGANIZATION	6.74829267050154e-237	9.79499020528494e-236	5.38418252448028	1.64273129306188	7.83080491244005e-18	1	33	61	7.04950130409779e-09	1	0	4.78903995096595	-1.65313439362914
COL4A1	ITGB1	R-HSA-1474244	REACTOME_EXTRACELLULAR_MATRIX_ORGANIZATION	9.78987863082867e-237	1.41500766764919e-235	11.3294445506569	1.64273129306188	1.13603000666519e-17	1	33	61	7.04950130409779e-09	1	0	4.78373488091513	-1.65313439362914
COL5A2	ITGB1	R-HSA-1474244	REACTOME_EXTRACELLULAR_MATRIX_ORGANIZATION	1.88756743909271e-236	2.71683346881963e-235	9.21695136128872	1.64273129306188	2.19035733871194e-17	1	33	61	7.04950130409779e-09	1	0	4.91888270579576	-1.65313439362914
COL4A6	ITGB1	R-HSA-1474244	REACTOME_EXTRACELLULAR_MATRIX_ORGANIZATION	7.23917610533757e-236	1.03761524176505e-234	9.53524221853406	1.64273129306188	8.40043231312356e-17	1	33	61	7.04950130409779e-09	1	0	1.77832375144824	-1.65313439362914
LAMA1	ITGB1	R-HSA-1474244	REACTOME_EXTRACELLULAR_MATRIX_ORGANIZATION	1.03656772032204e-235	1.47958214021072e-234	17.5342897380052	1.64273129306188	1.20284640763385e-16	1	33	61	7.04950130409779e-09	1	0	-6.27074375530701	-1.65313439362914
COL4A5	ITGB1	R-HSA-1474244	REACTOME_EXTRACELLULAR_MATRIX_ORGANIZATION	3.75083435987869e-235	5.33176454462095e-234	5.4186994542932	1.64273129306188	4.3525160459444e-16	1	33	61	7.04950130409779e-09	1	0	6.18599343361014	-1.65313439362914
COL4A3	ITGB1	R-HSA-1474244	REACTOME_EXTRACELLULAR_MATRIX_ORGANIZATION	8.30223845815448e-235	1.17529630847948e-233	10.9133221434925	1.64273129306188	9.63402343033426e-16	1	33	61	7.04950130409779e-09	1	0	4.45925716993137	-1.65313439362914
LAMA5	ITGB1	R-HSA-1474244	REACTOME_EXTRACELLULAR_MATRIX_ORGANIZATION	8.96022597138909e-235	1.26324497301551e-233	4.79474119253631	1.64273129306188	1.03975605355764e-15	1	33	61	7.04950130409779e-09	1	0	7.7539223096356	-1.65313439362914
S100B	APP	R-HSA-9658195	REACTOME_LEISHMANIA_INFECTION	1.05437150388387e-234	1.48042366259613e-233	2.91530553230702	1.07409823105059	4.17732978317162e-10	1	49	90	1.08403199274918e-06	1	0	5.98997946985497	-6.19605749258721
LAMA1	GPC1	R-HSA-9694516	REACTOME_SARS_COV_2_INFECTION	1.29818086284591e-234	1.81534234479266e-233	17.5342897380052	4.39143398803966	4.74677099594702e-24	1	78	143	0.000150690869836408	1	0	-6.27074375530701	-6.34615646135939
LAMB1	ITGB1	R-HSA-1474244	REACTOME_EXTRACELLULAR_MATRIX_ORGANIZATION	4.62329054295764e-234	6.43891476428108e-233	6.55387519617198	1.64273129306188	5.36492533195653e-15	1	33	61	7.04950130409779e-09	1	0	0.951831469888455	-1.65313439362914
FBLN1	ITGB1	R-HSA-1474244	REACTOME_EXTRACELLULAR_MATRIX_ORGANIZATION	7.26966253925706e-234	1.00837254576791e-232	8.92010857076818	1.64273129306188	8.43580916000264e-15	1	33	61	7.04950130409779e-09	1	0	6.20654076664142	-1.65313439362914
COL18A1	ITGB1	R-HSA-1474244	REACTOME_EXTRACELLULAR_MATRIX_ORGANIZATION	8.11284435773595e-234	1.12081062612898e-232	6.26939471434587	1.64273129306188	9.41424809983805e-15	1	33	61	7.04950130409779e-09	1	0	0.323040890532106	-1.65313439362914
JAM3	ITGB1	R-HSA-1474244	REACTOME_EXTRACELLULAR_MATRIX_ORGANIZATION	1.69061119217111e-233	2.32628100042745e-232	7.72682422564567	1.64273129306188	1.96180679693249e-14	1	33	61	7.04950130409779e-09	1	0	4.56577146203116	-1.65313439362914
FBN1	ITGB1	R-HSA-1474244	REACTOME_EXTRACELLULAR_MATRIX_ORGANIZATION	2.75290916028502e-233	3.77291135911573e-232	6.40013831890023	1.64273129306188	3.19451091238149e-14	1	33	61	7.04950130409779e-09	1	0	1.72756032766282	-1.65313439362914
COL18A1	GPC1	R-HSA-9694516	REACTOME_SARS_COV_2_INFECTION	1.01603967420365e-232	1.38697479335736e-231	6.26939471434587	4.39143398803966	3.71512767925756e-22	1	78	143	0.000150690869836408	1	0	0.323040890532106	-6.34615646135939
COL6A2	ITGB1	R-HSA-1474244	REACTOME_EXTRACELLULAR_MATRIX_ORGANIZATION	1.12385507475102e-232	1.52808753246779e-231	2.61520749325399	1.64273129306188	1.30413576736245e-13	1	33	61	7.04950130409779e-09	1	0	-3.31955637394197	-1.65313439362914
LGALS3BP	ITGB1	R-HSA-1474244	REACTOME_EXTRACELLULAR_MATRIX_ORGANIZATION	9.40831415343484e-232	1.27419687747307e-230	5.08385796896564	1.64273129306188	1.09175277789221e-12	1	33	61	7.04950130409779e-09	1	0	5.6845059272368	-1.65313439362914
PTN	SDC1	R-HSA-9694516	REACTOME_SARS_COV_2_INFECTION	1.61549472304716e-231	2.17933405775774e-230	12.0614597856604	7.03887851379973	1.92861936383569e-24	1	78	142	0.000150690869836408	1	0	-6.04447813954024	4.20001468766753
COL11A1	ITGB1	R-HSA-1474244	REACTOME_EXTRACELLULAR_MATRIX_ORGANIZATION	3.33374748881538e-231	4.47972318809567e-230	8.7209722535565	1.64273129306188	3.86852311939072e-12	1	33	61	7.04950130409779e-09	1	0	5.2194090555208	-1.65313439362914
THBS1	ITGB1	R-HSA-1474244	REACTOME_EXTRACELLULAR_MATRIX_ORGANIZATION	3.44214214240995e-231	4.60738092213627e-230	10.1171572475629	1.64273129306188	3.99430565836698e-12	1	33	61	7.04950130409779e-09	1	0	3.36324076136934	-1.65313439362914
HSPG2	ITGB1	R-HSA-1474244	REACTOME_EXTRACELLULAR_MATRIX_ORGANIZATION	4.5999512266713e-231	6.1332683022284e-230	3.51948105940521	1.64273129306188	5.33784209156493e-12	1	33	61	7.04950130409779e-09	1	0	4.65016389182664	-1.65313439362914
FN1	IL17RC	R-HSA-9694516	REACTOME_SARS_COV_2_INFECTION	4.78322934889468e-231	6.35301504254737e-230	4.37912027588558	8.25103730516701	1.74897774186267e-20	1	78	143	0.000150690869836408	1	0	3.43264151330902	3.25025623637429
SLIT2	GPC1	R-HSA-9694516	REACTOME_SARS_COV_2_INFECTION	6.39636043887235e-231	8.46287688835419e-230	6.43545090641173	4.39143398803966	2.33881572898105e-20	1	78	143	0.000150690869836408	1	0	2.55777934270203	-6.34615646135939
LAMC1	ITGB1	R-HSA-1474244	REACTOME_EXTRACELLULAR_MATRIX_ORGANIZATION	6.93452541189584e-231	9.13975763100448e-230	3.23766986137765	1.64273129306188	8.04691176159058e-12	1	33	61	7.04950130409779e-09	1	0	5.42501182058629	-1.65313439362914
TNC	ITGB1	R-HSA-1474244	REACTOME_EXTRACELLULAR_MATRIX_ORGANIZATION	1.21287104602688e-230	1.59247190776048e-229	8.5066015717972	1.64273129306188	1.40743103613461e-11	1	33	61	7.04950130409779e-09	1	0	7.35469947673216	-1.65313439362914
NPNT	ITGB1	R-HSA-1474244	REACTOME_EXTRACELLULAR_MATRIX_ORGANIZATION	1.2488796541505e-230	1.63351559326148e-229	8.21361350158779	1.64273129306188	1.4492158844144e-11	1	33	61	7.04950130409779e-09	1	0	-1.10868581470011	-1.65313439362914
LAMA1	SDC4	R-HSA-9694516	REACTOME_SARS_COV_2_INFECTION	1.71115423928728e-230	2.2296858269501e-229	17.5342897380052	1.20804741852566	6.25679945307032e-20	1	78	143	0.000150690869836408	1	0	-6.27074375530701	-4.21601081838777
LTBP1	ITGB1	R-HSA-1474244	REACTOME_EXTRACELLULAR_MATRIX_ORGANIZATION	5.79635043317964e-230	7.52431905288225e-229	2.6298897401509	1.64273129306188	6.72615899496749e-11	1	33	61	7.04950130409779e-09	1	0	7.03079313325193	-1.65313439362914
FN1	ITGB1	R-HSA-1474244	REACTOME_EXTRACELLULAR_MATRIX_ORGANIZATION	7.5371390177309e-230	9.74727752668959e-229	4.37912027588558	1.64273129306188	8.74619227820244e-11	1	33	61	7.04950130409779e-09	1	0	3.43264151330902	-1.65313439362914
LAMA3	ITGB1	R-HSA-1474244	REACTOME_EXTRACELLULAR_MATRIX_ORGANIZATION	2.63878304816639e-229	3.39978040662636e-228	1.52751187044421	1.64273129306188	3.06207751580951e-10	1	33	61	7.04950130409779e-09	1	0	-6.34615646135939	-1.65313439362914
LAMA5	SDC1	R-HSA-9694516	REACTOME_SARS_COV_2_INFECTION	1.28779594479702e-228	1.65299180973946e-227	4.79474119253631	7.03887851379973	1.53740409075425e-21	1	78	142	0.000150690869836408	1	0	7.7539223096356	4.20001468766753
S100B	APP	R-HSA-373076	REACTOME_CLASS_A_1_RHODOPSIN_LIKE_RECEPTORS	1.70287668607328e-228	2.17765643126099e-227	2.91530553230702	1.07409823105059	4.17732978317162e-10	1	31	57	2.05802782728144e-09	1	0	5.98997946985497	-6.19605749258721
COL4A4	ITGB1	R-HSA-1474244	REACTOME_EXTRACELLULAR_MATRIX_ORGANIZATION	2.01549246611999e-228	2.5678866975751e-227	4.75297522418188	1.64273129306188	2.33880317219634e-09	1	33	61	7.04950130409779e-09	1	0	-5.54509567223867	-1.65313439362914
CDH1	EGFR	R-HSA-416476	REACTOME_G_ALPHA_Q_SIGNALLING_EVENTS	4.15276673257417e-228	5.27140869374729e-227	14.3704771513226	2.93967772399715	5.72574762232922e-27	1	30	55	4.63158991415827e-09	1	0	5.40152618533464	-4.97288082913192
AGRN	ITGB1	R-HSA-1474244	REACTOME_EXTRACELLULAR_MATRIX_ORGANIZATION	6.19329273239817e-228	7.83269374979769e-227	1.11546551296964	1.64273129306188	7.18677590333947e-09	1	33	61	7.04950130409779e-09	1	0	5.51142825962013	-1.65313439362914
APP	GPC1	R-HSA-9694516	REACTOME_SARS_COV_2_INFECTION	3.37998821773942e-227	4.25903277253611e-226	1.07409823105059	4.39143398803966	1.23588557633147e-16	1	78	143	0.000150690869836408	1	0	-6.19605749258721	-6.34615646135939
CDH1	CDH2	R-HSA-381426	REACTOME_REGULATION_OF_INSULIN_LIKE_GROWTH_FACTOR_IGF_TRANSPORT_AND_UPTAKE_BY_INSULIN_LIKE_GROWTH_FACTOR_BINDING_PROTEINS_IGFBPS	1.02362142993424e-226	1.28513055436999e-225	14.3704771513226	3.27975857038839	1.24864382172691e-28	1	34	63	6.29932018269062e-08	1	0	5.40152618533464	-2.89083519819065
THBS1	SDC4	R-HSA-9694516	REACTOME_SARS_COV_2_INFECTION	5.68224921897458e-226	7.10797720482638e-225	10.1171572475629	1.20804741852566	2.07770246475838e-15	1	78	143	0.000150690869836408	1	0	3.36324076136934	-4.21601081838777
SLIT2	SDC1	R-HSA-9694516	REACTOME_SARS_COV_2_INFECTION	7.34046372764973e-226	9.14898377649097e-225	6.43545090641173	7.03887851379973	8.76323536233891e-19	1	78	142	0.000150690869836408	1	0	2.55777934270203	4.20001468766753
TNC	SDC4	R-HSA-9694516	REACTOME_SARS_COV_2_INFECTION	2.00219377029501e-225	2.48647890607033e-224	8.5066015717972	1.20804741852566	7.32097937129289e-15	1	78	143	0.000150690869836408	1	0	7.35469947673216	-4.21601081838777
THBS1	SDC1	R-HSA-9694516	REACTOME_SARS_COV_2_INFECTION	4.94717064788852e-225	6.12167878731529e-224	10.1171572475629	7.03887851379973	5.90606021276296e-18	1	78	142	0.000150690869836408	1	0	3.36324076136934	4.20001468766753
HSPG2	SDC1	R-HSA-9694516	REACTOME_SARS_COV_2_INFECTION	6.61121555961496e-225	8.15146291221343e-224	3.51948105940521	7.03887851379973	7.8926400469542e-18	1	78	142	0.000150690869836408	1	0	4.65016389182664	4.20001468766753
NID1	ITGB1	R-HSA-1474244	REACTOME_EXTRACELLULAR_MATRIX_ORGANIZATION	6.74900264451298e-225	8.29163182040167e-224	1.19124771367259	1.64273129306188	7.83162877534108e-06	1	33	61	7.04950130409779e-09	1	0	6.87787345437884	-1.65313439362914
TNC	SDC1	R-HSA-9694516	REACTOME_SARS_COV_2_INFECTION	1.74318194610552e-224	2.13400209772349e-223	8.5066015717972	7.03887851379973	2.08105567166854e-17	1	78	142	0.000150690869836408	1	0	7.35469947673216	4.20001468766753
L1CAM	EGFR	R-HSA-416476	REACTOME_G_ALPHA_Q_SIGNALLING_EVENTS	9.44189499597118e-223	1.15177726191989e-221	5.38418252448028	2.93967772399715	1.30182866760621e-21	1	30	55	4.63158991415827e-09	1	0	4.78903995096595	-4.97288082913192
EFEMP1	EGFR	R-HSA-416476	REACTOME_G_ALPHA_Q_SIGNALLING_EVENTS	2.28447937418089e-222	2.77689365624815e-221	11.9073822111131	2.93967772399715	3.14979221981685e-21	1	30	55	4.63158991415827e-09	1	0	3.20088563659098	-4.97288082913192
LAMB2	ITGB4	R-HSA-1474290	REACTOME_COLLAGEN_FORMATION	9.59322064218795e-222	1.16199573975798e-220	11.7077824357821	6.44412418959411	1.31197927085759e-26	1	22	40	1.39482232524096e-11	1	0	-5.4770692126764	5.77953524166907
S100B	APP	R-HSA-381426	REACTOME_REGULATION_OF_INSULIN_LIKE_GROWTH_FACTOR_IGF_TRANSPORT_AND_UPTAKE_BY_INSULIN_LIKE_GROWTH_FACTOR_BINDING_PROTEINS_IGFBPS	2.5941141598413e-221	3.13114130170318e-220	2.91530553230702	1.07409823105059	4.17732978317162e-10	1	34	63	2.30112378713279e-08	1	0	5.98997946985497	-6.19605749258721
FGF2	SDC4	R-HSA-9694516	REACTOME_SARS_COV_2_INFECTION	1.75941262846938e-219	2.11621658808905e-218	1.22084110229944	1.20804741852566	6.4332552371885e-09	1	78	143	0.000150690869836408	1	0	5.86272009779499	-4.21601081838777
DCN	EGFR	R-HSA-416476	REACTOME_G_ALPHA_Q_SIGNALLING_EVENTS	2.19019412910227e-219	2.62518041955115e-218	12.4299900158892	2.93967772399715	3.0197937025404e-18	1	30	55	4.63158991415827e-09	1	0	-3.32916132851479	-4.97288082913192
LAMA1	ITGB4	R-HSA-1474290	REACTOME_COLLAGEN_FORMATION	2.46933926120657e-219	2.94948856199674e-218	17.5342897380052	6.44412418959411	3.37709518445822e-24	1	22	40	1.39482232524096e-11	1	0	-6.27074375530701	5.77953524166907
S100B	APP	R-HSA-416476	REACTOME_G_ALPHA_Q_SIGNALLING_EVENTS	1.01846719781726e-218	1.21229313511813e-217	2.91530553230702	1.07409823105059	4.17732978317162e-10	1	30	56	4.8515199525391e-09	1	0	5.98997946985497	-6.19605749258721
FGF2	SDC1	R-HSA-9694516	REACTOME_SARS_COV_2_INFECTION	1.53180794746255e-218	1.81704115147281e-217	1.22084110229944	7.03887851379973	1.82871192768819e-11	1	78	142	0.000150690869836408	1	0	5.86272009779499	4.20001468766753
LAMA5	ITGB4	R-HSA-1474290	REACTOME_COLLAGEN_FORMATION	2.13452892142539e-218	2.52329192086025e-217	4.79474119253631	6.44412418959411	2.91920492857277e-23	1	22	40	1.39482232524096e-11	1	0	7.7539223096356	5.77953524166907
LAMB1	ITGB4	R-HSA-1474290	REACTOME_COLLAGEN_FORMATION	1.10137260015616e-217	1.29750744675931e-216	6.55387519617198	6.44412418959411	1.50624912611813e-22	1	22	40	1.39482232524096e-11	1	0	0.951831469888455	5.77953524166907
COL17A1	ITGB4	R-HSA-1474290	REACTOME_COLLAGEN_FORMATION	4.91554747338464e-217	5.77115471277923e-216	8.8967105526396	6.44412418959411	6.72255609511986e-22	1	22	40	1.39482232524096e-11	1	0	-0.580402338253546	5.77953524166907
ANXA1	EGFR	R-HSA-416476	REACTOME_G_ALPHA_Q_SIGNALLING_EVENTS	1.05488616263359e-216	1.23428857124475e-215	3.78540835500689	2.93967772399715	1.45445490355854e-15	1	30	55	4.63158991415827e-09	1	0	5.66002539089596	-4.97288082913192
TNC	EGFR	R-HSA-416476	REACTOME_G_ALPHA_Q_SIGNALLING_EVENTS	1.69699235338416e-216	1.9788656595395e-215	8.5066015717972	2.93967772399715	2.33977744434425e-15	1	30	55	4.63158991415827e-09	1	0	7.35469947673216	-4.97288082913192
COL17A1	CD151	R-HSA-1474290	REACTOME_COLLAGEN_FORMATION	6.194510809554e-215	7.19902607596817e-214	8.8967105526396	1.66198423914077	8.47168023999971e-20	1	22	40	1.39482232524096e-11	1	0	-0.580402338253546	4.41472398449643
LAMC1	ITGB4	R-HSA-1474290	REACTOME_COLLAGEN_FORMATION	1.65196113304677e-214	1.91338259181174e-213	3.23766986137765	6.44412418959411	2.2592399817101e-19	1	22	40	1.39482232524096e-11	1	0	5.42501182058629	5.77953524166907
LAMA3	ITGB4	R-HSA-1474290	REACTOME_COLLAGEN_FORMATION	6.28617933483322e-213	7.25652916504237e-212	1.52751187044421	6.44412418959411	8.59704711046187e-18	1	22	40	1.39482232524096e-11	1	0	-6.34615646135939	5.77953524166907
LAMA3	COL17A1	R-HSA-1474290	REACTOME_COLLAGEN_FORMATION	1.17685091830047e-212	1.35396894948281e-211	1.52751187044421	8.8967105526396	1.60947409351755e-17	1	22	40	1.39482232524096e-11	1	0	-6.34615646135939	-0.580402338253546
LAMA1	ITGA6	R-HSA-1474290	REACTOME_COLLAGEN_FORMATION	1.92892335580814e-212	2.21183211466e-211	17.5342897380052	1.21558443268924	2.63801652467377e-17	1	22	40	1.39482232524096e-11	1	0	-6.27074375530701	-4.68122835464662
LAMA5	ITGA6	R-HSA-1474290	REACTOME_COLLAGEN_FORMATION	1.66738639557108e-211	1.90558445208124e-210	4.79474119253631	1.21558443268924	2.28033573821803e-16	1	22	40	1.39482232524096e-11	1	0	7.7539223096356	-4.68122835464662
LAMA3	CD151	R-HSA-1474290	REACTOME_COLLAGEN_FORMATION	7.92176376105814e-211	9.02346600597351e-210	1.52751187044421	1.66198423914077	1.08338901301125e-15	1	22	40	1.39482232524096e-11	1	0	-6.34615646135939	4.41472398449643
LAMB1	ITGA6	R-HSA-1474290	REACTOME_COLLAGEN_FORMATION	8.60336756987495e-211	9.76751961728377e-210	6.55387519617198	1.21558443268924	1.17660588995585e-15	1	22	40	1.39482232524096e-11	1	0	0.951831469888455	-4.68122835464662
COL17A1	ITGA6	R-HSA-1474290	REACTOME_COLLAGEN_FORMATION	3.83977790211069e-210	4.34501183659893e-209	8.8967105526396	1.21558443268924	5.25132194928573e-15	1	22	40	1.39482232524096e-11	1	0	-0.580402338253546	-4.68122835464662
THBS1	ITGA6	R-HSA-1474290	REACTOME_COLLAGEN_FORMATION	6.4053975850639e-208	7.22444842380978e-207	10.1171572475629	1.21558443268924	8.7600912838886e-13	1	22	40	1.39482232524096e-11	1	0	3.36324076136934	-4.68122835464662
LAMC1	ITGA6	R-HSA-1474290	REACTOME_COLLAGEN_FORMATION	1.29042876468266e-207	1.45067808840142e-206	3.23766986137765	1.21558443268924	1.76480438940043e-12	1	22	40	1.39482232524096e-11	1	0	5.42501182058629	-4.68122835464662
FN1	ITGA6	R-HSA-1474290	REACTOME_COLLAGEN_FORMATION	1.4025676472693e-206	1.57160674482293e-205	4.37912027588558	1.21558443268924	1.91816674277299e-11	1	22	40	1.39482232524096e-11	1	0	3.43264151330902	-4.68122835464662
LAMA3	ITGA6	R-HSA-1474290	REACTOME_COLLAGEN_FORMATION	4.91044642113432e-206	5.48439470412404e-205	1.52751187044421	1.21558443268924	6.71557984067769e-11	1	22	40	1.39482232524096e-11	1	0	-6.34615646135939	-4.68122835464662
DSC2	DSG2	R-HSA-5357801	REACTOME_PROGRAMMED_CELL_DEATH	5.43493914396746e-204	6.05054713762073e-203	3.11408527219723	3.81108576362906	1.07981964434425e-17	1	57	104	3.10747480352801e-05	1	0	3.9019608947081	-1.88453957273101
CDH1	EGFR	R-HSA-8856828	REACTOME_CLATHRIN_MEDIATED_ENDOCYTOSIS	6.81118577955969e-197	7.55821905860818e-196	14.3704771513226	2.93967772399715	5.72574762232922e-27	1	48	88	1.72850809692663e-05	1	0	5.40152618533464	-4.97288082913192
L1CAM	EGFR	R-HSA-8856828	REACTOME_CLATHRIN_MEDIATED_ENDOCYTOSIS	1.54861818806737e-191	1.71294101831246e-190	5.38418252448028	2.93967772399715	1.30182866760621e-21	1	48	88	1.72850809692663e-05	1	0	4.78903995096595	-4.97288082913192
TGFB2	TGFBR2	R-HSA-5688426	REACTOME_DEUBIQUITINATION	3.09731532549975e-191	3.41498869221767e-190	6.5137576516326	1.28180263600969	6.7405902021547e-16	1	81	149	0.000674339466242897	1	0	5.93110784303411	2.03987526573383
EFEMP1	EGFR	R-HSA-8856828	REACTOME_CLATHRIN_MEDIATED_ENDOCYTOSIS	3.74690283108513e-191	4.11800183352487e-190	11.9073822111131	2.93967772399715	3.14979221981685e-21	1	48	88	1.72850809692663e-05	1	0	3.20088563659098	-4.97288082913192
DCN	EGFR	R-HSA-8856828	REACTOME_CLATHRIN_MEDIATED_ENDOCYTOSIS	3.59226030915766e-188	3.93546989283514e-187	12.4299900158892	2.93967772399715	3.0197937025404e-18	1	48	88	1.72850809692663e-05	1	0	-3.32916132851479	-4.97288082913192
LAMA3	COL17A1	R-HSA-1650814	REACTOME_COLLAGEN_BIOSYNTHESIS_AND_MODIFYING_ENZYMES	1.00654839370465e-186	1.09921475376e-185	1.52751187044421	8.8967105526396	1.60947409351755e-17	1	17	31	1.42738440925047e-12	1	0	-6.34615646135939	-0.580402338253546
CDH1	IGF1R	R-HSA-9006931	REACTOME_SIGNALING_BY_NUCLEAR_RECEPTORS	3.06776833470304e-186	3.33959590866407e-185	14.3704771513226	6.39079791705591	4.06196171585687e-31	1	69	127	0.000555834051007706	1	0	5.40152618533464	5.51394539218302
ANXA1	EGFR	R-HSA-8856828	REACTOME_CLATHRIN_MEDIATED_ENDOCYTOSIS	1.73017799762869e-185	1.87754331603871e-184	3.78540835500689	2.93967772399715	1.45445490355854e-15	1	48	88	1.72850809692663e-05	1	0	5.66002539089596	-4.97288082913192
TNC	EGFR	R-HSA-8856828	REACTOME_CLATHRIN_MEDIATED_ENDOCYTOSIS	2.78333239734536e-185	3.01090045498995e-184	8.5066015717972	2.93967772399715	2.33977744434425e-15	1	48	88	1.72850809692663e-05	1	0	7.35469947673216	-4.97288082913192
FN1	IL17RC	R-HSA-9705683	REACTOME_SARS_COV_2_HOST_INTERACTIONS	1.5176568621716e-184	1.63659548773364e-183	4.37912027588558	8.25103730516701	1.74897774186267e-20	1	65	119	0.000245018761850545	1	0	3.43264151330902	3.25025623637429
CTF1	LIFR	R-HSA-8878171	REACTOME_TRANSCRIPTIONAL_REGULATION_BY_RUNX1	2.89989116894489e-184	3.11738300661575e-183	6.88834092018875	4.22297917264392	4.6171873443334e-15	1	43	79	6.52232795689851e-06	1	0	-6.34615646135939	-5.27350647587817
CDH1	EGFR	R-HSA-9006931	REACTOME_SIGNALING_BY_NUCLEAR_RECEPTORS	4.32433106883122e-182	4.6341741049157e-181	14.3704771513226	2.93967772399715	5.72574762232922e-27	1	69	127	0.000555834051007706	1	0	5.40152618533464	-4.97288082913192
IL6ST	LIFR	R-HSA-8878171	REACTOME_TRANSCRIPTIONAL_REGULATION_BY_RUNX1	7.64509379920758e-180	8.16742940039568e-179	3.9101638262986	4.22297917264392	1.21724672684135e-10	1	43	79	6.52232795689851e-06	1	0	5.79722245224878	-5.27350647587817
BMP7	BMPR1B	R-HSA-9006936	REACTOME_SIGNALING_BY_TGFB_FAMILY_MEMBERS	1.31502060575154e-179	1.40051730148152e-178	16.7259702284989	9.63810071680077	2.52713443953773e-24	1	56	103	0.000139378466831675	1	0	-6.34615646135939	6.65837206792133
LIF	LIFR	R-HSA-8878171	REACTOME_TRANSCRIPTIONAL_REGULATION_BY_RUNX1	1.94714816527199e-179	2.06734249646162e-178	4.9622342686641	4.22297917264392	3.10023629938737e-10	1	43	79	6.52232795689851e-06	1	0	-6.20163825687765	-5.27350647587817
FST	BMPR1B	R-HSA-9006936	REACTOME_SIGNALING_BY_TGFB_FAMILY_MEMBERS	8.79004281032496e-179	9.30392223615935e-178	8.11480049045202	9.63810071680077	1.68922219270382e-23	1	56	103	0.000139378466831675	1	0	-5.47012304653252	6.65837206792133
BMP4	BMPR1B	R-HSA-9006936	REACTOME_SIGNALING_BY_TGFB_FAMILY_MEMBERS	1.10516213757498e-178	1.16618335989508e-177	3.67403218806065	9.63810071680077	2.12383995119432e-23	1	56	103	0.000139378466831675	1	0	6.58780870650893	6.65837206792133
TCN2	LRP2	R-HSA-8856828	REACTOME_CLATHRIN_MEDIATED_ENDOCYTOSIS	1.1487244492152e-178	1.20844406889917e-177	6.65623901091562	7.99094933267061	7.1274405683323e-17	1	47	87	2.77114055283073e-05	1	0	6.17196521483511	8.87156702386971
HSPG2	LRP2	R-HSA-8856828	REACTOME_CLATHRIN_MEDIATED_ENDOCYTOSIS	1.26518749548634e-178	1.3269039586808e-177	3.51948105940521	7.99094933267061	7.85005376009606e-17	1	47	87	2.77114055283073e-05	1	0	4.65016389182664	8.87156702386971
CLCF1	LIFR	R-HSA-8878171	REACTOME_TRANSCRIPTIONAL_REGULATION_BY_RUNX1	4.41066548603505e-178	4.61175965713088e-177	1.99763232565619	4.22297917264392	7.02263211816285e-09	1	43	79	6.52232795689851e-06	1	0	6.19877985208826	-5.27350647587817
LAMA3	COL17A1	R-HSA-1474228	REACTOME_DEGRADATION_OF_THE_EXTRACELLULAR_MATRIX	7.32853889162127e-178	7.6394466021749e-177	1.52751187044421	8.8967105526396	1.60947409351755e-17	1	17	32	2.6913061226168e-11	1	0	-6.34615646135939	-0.580402338253546
TGFB2	TGFBR2	R-HSA-9006936	REACTOME_SIGNALING_BY_TGFB_FAMILY_MEMBERS	1.07883606165475e-177	1.12120726649315e-176	6.5137576516326	1.28180263600969	6.7405902021547e-16	1	58	107	0.000139378466831675	1	0	5.93110784303411	2.03987526573383
BMP7	BMPR1A	R-HSA-9006936	REACTOME_SIGNALING_BY_TGFB_FAMILY_MEMBERS	4.6221337318719e-177	4.78919880651787e-176	16.7259702284989	3.4042348902694	2.89056247063016e-21	1	57	104	0.000134250994353051	1	0	-6.34615646135939	3.65257893153054
L1CAM	EGFR	R-HSA-9006931	REACTOME_SIGNALING_BY_NUCLEAR_RECEPTORS	9.8319704690976e-177	1.01567502743831e-175	5.38418252448028	2.93967772399715	1.30182866760621e-21	1	69	127	0.000555834051007706	1	0	4.78903995096595	-4.97288082913192
BMP6	BMPR1B	R-HSA-9006936	REACTOME_SIGNALING_BY_TGFB_FAMILY_MEMBERS	1.31764147939947e-176	1.35709182309406e-175	2.78731445044904	9.63810071680077	2.53217109069618e-21	1	56	103	0.000139378466831675	1	0	5.32320895715059	6.65837206792133
COL16A1	ITGB1	R-HSA-9006936	REACTOME_SIGNALING_BY_TGFB_FAMILY_MEMBERS	1.32690252424187e-176	1.36255065175882e-175	12.9334956641832	1.64273129306188	1.41417537656979e-24	1	55	101	0.000139378466831675	1	0	5.80814713736568	-1.65313439362914
EFEMP1	EGFR	R-HSA-9006931	REACTOME_SIGNALING_BY_NUCLEAR_RECEPTORS	2.37885866701473e-176	2.43549815908651e-175	11.9073822111131	2.93967772399715	3.14979221981685e-21	1	69	127	0.000555834051007706	1	0	3.20088563659098	-4.97288082913192
WNT5A	LRP2	R-HSA-8856828	REACTOME_CLATHRIN_MEDIATED_ENDOCYTOSIS	2.46971007126201e-176	2.52100968698556e-175	4.8259126929938	7.99094933267061	1.5323702534544e-14	1	47	87	2.77114055283073e-05	1	0	-0.0541399739889715	8.87156702386971
BMP4	BMPR1A	R-HSA-9006936	REACTOME_SIGNALING_BY_TGFB_FAMILY_MEMBERS	3.8845073399847e-176	3.94407821049149e-175	3.67403218806065	3.4042348902694	2.42927006988605e-20	1	57	104	0.000134250994353051	1	0	6.58780870650893	3.65257893153054
WNT5A	LDLR	R-HSA-8856828	REACTOME_CLATHRIN_MEDIATED_ENDOCYTOSIS	3.88675149231574e-176	3.94407821049149e-175	4.8259126929938	2.81792410946131	2.41159577340618e-14	1	47	87	2.77114055283073e-05	1	0	-0.0541399739889715	5.40487362281668
AGRN	LRP2	R-HSA-8856828	REACTOME_CLATHRIN_MEDIATED_ENDOCYTOSIS	1.70342600058105e-175	1.72346630647024e-174	1.11546551296964	7.99094933267061	1.0569173129368e-13	1	47	87	2.77114055283073e-05	1	0	5.51142825962013	8.87156702386971
IGF2	IGF1R	R-HSA-9006931	REACTOME_SIGNALING_BY_NUCLEAR_RECEPTORS	4.80092388574628e-175	4.84316075277631e-174	18.1080643189009	6.39079791705591	6.35679324414563e-20	1	69	127	0.000555834051007706	1	0	-4.40934983275098	5.51394539218302
LUM	ITGB1	R-HSA-9006936	REACTOME_SIGNALING_BY_TGFB_FAMILY_MEMBERS	5.08461390671807e-175	5.11434849096789e-174	11.828176566468	1.64273129306188	5.41903844093848e-23	1	55	101	0.000139378466831675	1	0	4.04840561928604	-1.65313439362914
SERPINE1	LRP2	R-HSA-8856828	REACTOME_CLATHRIN_MEDIATED_ENDOCYTOSIS	9.58321353627339e-175	9.61115293433832e-174	6.46482832857906	7.99094933267061	5.94605477232513e-13	1	47	87	2.77114055283073e-05	1	0	0.117067438958844	8.87156702386971
BMP6	BMPR1A	R-HSA-9006936	REACTOME_SIGNALING_BY_TGFB_FAMILY_MEMBERS	4.63134577649086e-174	4.63134577649086e-173	2.78731445044904	3.4042348902694	2.89632344424062e-18	1	57	104	0.000134250994353051	1	0	5.32320895715059	3.65257893153054
DCN	EGFR	R-HSA-9006931	REACTOME_SIGNALING_BY_NUCLEAR_RECEPTORS	2.28067819098951e-173	2.27406752956635e-172	12.4299900158892	2.93967772399715	3.0197937025404e-18	1	69	127	0.000555834051007706	1	0	-3.32916132851479	-4.97288082913192
COL5A1	ITGB1	R-HSA-9006936	REACTOME_SIGNALING_BY_TGFB_FAMILY_MEMBERS	6.50587863399553e-173	6.46827239911694e-172	17.6910136130676	1.64273129306188	6.93378239852596e-21	1	55	101	0.000139378466831675	1	0	5.13171509336827	-1.65313439362914
COL1A1	ITGB1	R-HSA-9006936	REACTOME_SIGNALING_BY_TGFB_FAMILY_MEMBERS	9.62619351317144e-173	9.54296993812961e-172	11.8865981117298	1.64273129306188	1.02593262034834e-20	1	55	101	0.000139378466831675	1	0	-1.97991822679722	-1.65313439362914
COMP	ITGB3	R-HSA-9006936	REACTOME_SIGNALING_BY_TGFB_FAMILY_MEMBERS	1.31947591805194e-172	1.30430952818928e-171	10.1255608464429	2.33558859980003	1.40626030864776e-20	1	55	101	0.000139378466831675	1	0	4.50469248937221	5.81058030327552
COL1A2	ITGB3	R-HSA-9006936	REACTOME_SIGNALING_BY_TGFB_FAMILY_MEMBERS	1.3819651785337e-172	1.36216625047448e-171	14.0547056107493	2.33558859980003	1.47285960426961e-20	1	55	101	0.000139378466831675	1	0	-0.973544102787729	5.81058030327552
COMP	ITGB1	R-HSA-9006936	REACTOME_SIGNALING_BY_TGFB_FAMILY_MEMBERS	2.46564708530709e-172	2.42337884955896e-171	10.1255608464429	1.64273129306188	2.6278172900037e-20	1	55	101	0.000139378466831675	1	0	4.50469248937221	-1.65313439362914
COL1A2	ITGB1	R-HSA-9006936	REACTOME_SIGNALING_BY_TGFB_FAMILY_MEMBERS	2.58241804024601e-172	2.53091682576817e-171	14.0547056107493	1.64273129306188	2.75226848830669e-20	1	55	101	0.000139378466831675	1	0	-0.973544102787729	-1.65313439362914
LAMB2	ITGB1	R-HSA-9006936	REACTOME_SIGNALING_BY_TGFB_FAMILY_MEMBERS	4.38459613222377e-171	4.28494622012778e-170	11.7077824357821	1.64273129306188	4.67297919260249e-19	1	55	101	0.000139378466831675	1	0	-5.4770692126764	-1.65313439362914
COL2A1	ITGB1	R-HSA-9006936	REACTOME_SIGNALING_BY_TGFB_FAMILY_MEMBERS	6.27624138005759e-171	6.11622389444705e-170	12.5798279320328	1.64273129306188	6.68904147435922e-19	1	55	101	0.000139378466831675	1	0	5.28155360459047	-1.65313439362914
BMP7	BMPR2	R-HSA-9006936	REACTOME_SIGNALING_BY_TGFB_FAMILY_MEMBERS	8.32018544577019e-171	8.08515195860154e-170	16.7259702284989	1.76190529004221	1.59892758268452e-15	1	56	103	0.000139378466831675	1	0	-6.34615646135939	6.21709993139826
ANXA1	EGFR	R-HSA-9006931	REACTOME_SIGNALING_BY_NUCLEAR_RECEPTORS	1.09846695008774e-170	1.06442994600052e-169	3.78540835500689	2.93967772399715	1.45445490355854e-15	1	69	127	0.000555834051007706	1	0	5.66002539089596	-4.97288082913192
TNC	EGFR	R-HSA-9006931	REACTOME_SIGNALING_BY_NUCLEAR_RECEPTORS	1.76710064154249e-170	1.70753545137814e-169	8.5066015717972	2.93967772399715	2.33977744434425e-15	1	69	127	0.000555834051007706	1	0	7.35469947673216	-4.97288082913192
COL3A1	ITGB1	R-HSA-9006936	REACTOME_SIGNALING_BY_TGFB_FAMILY_MEMBERS	3.09163695223534e-170	2.97905633492705e-169	15.038080980152	1.64273129306188	3.29497967730712e-18	1	55	101	0.000139378466831675	1	0	-4.39983829722896	-1.65313439362914
L1CAM	ITGB3	R-HSA-9006936	REACTOME_SIGNALING_BY_TGFB_FAMILY_MEMBERS	3.93199273793991e-170	3.7782276588026e-169	5.38418252448028	2.33558859980003	4.19060722943674e-18	1	55	101	0.000139378466831675	1	0	4.78903995096595	5.81058030327552
CDH1	LRP5	R-HSA-195721	REACTOME_SIGNALING_BY_WNT	4.79254947979085e-170	4.59230367979959e-169	14.3704771513226	1.62670790509351	1.78614933128002e-24	1	64	118	0.000537557024862936	1	0	5.40152618533464	-5.92859293684736
FST	BMPR2	R-HSA-9006936	REACTOME_SIGNALING_BY_TGFB_FAMILY_MEMBERS	5.56149355670101e-170	5.31431606529208e-169	8.11480049045202	1.76190529004221	1.06877731352156e-14	1	56	103	0.000139378466831675	1	0	-5.47012304653252	6.21709993139826
BMP4	BMPR2	R-HSA-9006936	REACTOME_SIGNALING_BY_TGFB_FAMILY_MEMBERS	6.9924029266542e-170	6.66312079437408e-169	3.67403218806065	1.76190529004221	1.34376162425024e-14	1	56	103	0.000139378466831675	1	0	6.58780870650893	6.21709993139826
L1CAM	ITGB1	R-HSA-9006936	REACTOME_SIGNALING_BY_TGFB_FAMILY_MEMBERS	7.34754329435857e-170	6.98219583773301e-169	5.38418252448028	1.64273129306188	7.83080491244005e-18	1	55	101	0.000139378466831675	1	0	4.78903995096595	-1.65313439362914
COL4A1	ITGB1	R-HSA-9006936	REACTOME_SIGNALING_BY_TGFB_FAMILY_MEMBERS	1.06592230951927e-169	1.01013023271247e-168	11.3294445506569	1.64273129306188	1.13603000666519e-17	1	55	101	0.000139378466831675	1	0	4.78373488091513	-1.65313439362914
COL5A2	ITGB1	R-HSA-9006936	REACTOME_SIGNALING_BY_TGFB_FAMILY_MEMBERS	2.05518405275751e-169	1.94226185205655e-168	9.21695136128872	1.64273129306188	2.19035733871194e-17	1	55	101	0.000139378466831675	1	0	4.91888270579576	-1.65313439362914
TGFB2	TGFBR3	R-HSA-9006936	REACTOME_SIGNALING_BY_TGFB_FAMILY_MEMBERS	4.31407501338297e-169	4.06586795781847e-168	6.5137576516326	1.231627940706	8.29055262965906e-14	1	56	103	0.000139378466831675	1	0	5.93110784303411	5.3195988464643
COL4A6	ITGB1	R-HSA-9006936	REACTOME_SIGNALING_BY_TGFB_FAMILY_MEMBERS	7.88201734076549e-169	7.40823487765937e-168	9.53524221853406	1.64273129306188	8.40043231312356e-17	1	55	101	0.000139378466831675	1	0	1.77832375144824	-1.65313439362914
LAMA1	ITGB1	R-HSA-9006936	REACTOME_SIGNALING_BY_TGFB_FAMILY_MEMBERS	1.12861527714902e-168	1.05788461945303e-167	17.5342897380052	1.64273129306188	1.20284640763385e-16	1	55	101	0.000139378466831675	1	0	-6.27074375530701	-1.65313439362914
COL4A2	ITGB3	R-HSA-9006936	REACTOME_SIGNALING_BY_TGFB_FAMILY_MEMBERS	3.98929278177934e-168	3.72912151340242e-167	10.9035066930124	2.33558859980003	4.25167600396513e-16	1	55	101	0.000139378466831675	1	0	6.44091966949719	5.81058030327552
COL4A5	ITGB1	R-HSA-9006936	REACTOME_SIGNALING_BY_TGFB_FAMILY_MEMBERS	4.08390969313548e-168	3.80722204454907e-167	5.4186994542932	1.64273129306188	4.3525160459444e-16	1	55	101	0.000139378466831675	1	0	6.18599343361014	-1.65313439362914
COL4A3	ITGB3	R-HSA-9006936	REACTOME_SIGNALING_BY_TGFB_FAMILY_MEMBERS	4.8374222814617e-168	4.49749531033196e-167	10.9133221434925	2.33558859980003	5.15558856173085e-16	1	55	101	0.000139378466831675	1	0	4.45925716993137	5.81058030327552
BMP6	BMPR2	R-HSA-9006936	REACTOME_SIGNALING_BY_TGFB_FAMILY_MEMBERS	8.33676781313789e-168	7.73004886177745e-167	2.78731445044904	1.76190529004221	1.60211429105096e-12	1	56	103	0.000139378466831675	1	0	5.32320895715059	6.21709993139826
COL4A3	ITGB1	R-HSA-9006936	REACTOME_SIGNALING_BY_TGFB_FAMILY_MEMBERS	9.0394799825487e-168	8.3590890161203e-167	10.9133221434925	1.64273129306188	9.63402343033426e-16	1	55	101	0.000139378466831675	1	0	4.45925716993137	-1.65313439362914
LAMA5	ITGB1	R-HSA-9006936	REACTOME_SIGNALING_BY_TGFB_FAMILY_MEMBERS	9.755897004853e-168	8.99739562914057e-167	4.79474119253631	1.64273129306188	1.03975605355764e-15	1	55	101	0.000139378466831675	1	0	7.7539223096356	-1.65313439362914
FBLN2	ITGB3	R-HSA-9006936	REACTOME_SIGNALING_BY_TGFB_FAMILY_MEMBERS	1.0341438275694e-167	9.51191114128005e-167	20.4800687975369	2.33558859980003	1.10216139472329e-15	1	55	101	0.000139378466831675	1	0	-1.12341971762222	5.81058030327552
COL18A1	ITGB3	R-HSA-9006936	REACTOME_SIGNALING_BY_TGFB_FAMILY_MEMBERS	4.72706900192633e-167	4.33629796443376e-166	6.26939471434587	2.33558859980003	5.03797714130507e-15	1	55	101	0.000139378466831675	1	0	0.323040890532106	5.81058030327552
LAMB1	ITGB1	R-HSA-9006936	REACTOME_SIGNALING_BY_TGFB_FAMILY_MEMBERS	5.03384027418821e-167	4.60542833595943e-166	6.55387519617198	1.64273129306188	5.36492533195653e-15	1	55	101	0.000139378466831675	1	0	0.951831469888455	-1.65313439362914
FBLN1	ITGB1	R-HSA-9006936	REACTOME_SIGNALING_BY_TGFB_FAMILY_MEMBERS	7.91521098011271e-167	7.22236757867048e-166	8.92010857076818	1.64273129306188	8.43580916000264e-15	1	55	101	0.000139378466831675	1	0	6.20654076664142	-1.65313439362914
COL18A1	ITGB1	R-HSA-9006936	REACTOME_SIGNALING_BY_TGFB_FAMILY_MEMBERS	8.8332676232946e-167	8.03874090585541e-166	6.26939471434587	1.64273129306188	9.41424809983805e-15	1	55	101	0.000139378466831675	1	0	0.323040890532106	-1.65313439362914
FBN1	ITGB3	R-HSA-9006936	REACTOME_SIGNALING_BY_TGFB_FAMILY_MEMBERS	1.60402332189373e-166	1.45589451908032e-165	6.40013831890023	2.33558859980003	1.70952292562848e-14	1	55	101	0.000139378466831675	1	0	1.72756032766282	5.81058030327552
JAM3	ITGB1	R-HSA-9006936	REACTOME_SIGNALING_BY_TGFB_FAMILY_MEMBERS	1.84073802588665e-166	1.66635231817108e-165	7.72682422564567	1.64273129306188	1.96180679693249e-14	1	55	101	0.000139378466831675	1	0	4.56577146203116	-1.65313439362914
FBN1	ITGB1	R-HSA-9006936	REACTOME_SIGNALING_BY_TGFB_FAMILY_MEMBERS	2.9973684053521e-166	2.70628538435991e-165	6.40013831890023	1.64273129306188	3.19451091238149e-14	1	55	101	0.000139378466831675	1	0	1.72756032766282	-1.65313439362914
COL6A2	ITGB1	R-HSA-9006936	REACTOME_SIGNALING_BY_TGFB_FAMILY_MEMBERS	1.22365377755674e-165	1.10192905622911e-164	2.61520749325399	1.64273129306188	1.30413576736245e-13	1	55	101	0.000139378466831675	1	0	-3.31955637394197	-1.65313439362914
LAMA1	GPC1	R-HSA-71387	REACTOME_METABOLISM_OF_CARBOHYDRATES	2.24325801123319e-165	2.01483226074209e-164	17.5342897380052	4.39143398803966	4.74677099594702e-24	1	47	86	7.05657958336117e-05	1	0	-6.27074375530701	-6.34615646135939
LGALS3BP	ITGB1	R-HSA-9006936	REACTOME_SIGNALING_BY_TGFB_FAMILY_MEMBERS	1.02437755658501e-164	9.17671561107405e-164	5.08385796896564	1.64273129306188	1.09175277789221e-12	1	55	101	0.000139378466831675	1	0	5.6845059272368	-1.65313439362914
THBS1	ITGB3	R-HSA-9006936	REACTOME_SIGNALING_BY_TGFB_FAMILY_MEMBERS	2.00561513374715e-164	1.79203014547797e-163	10.1171572475629	2.33558859980003	2.13752817950321e-12	1	55	101	0.000139378466831675	1	0	3.36324076136934	5.81058030327552
COL11A1	ITGB1	R-HSA-9006936	REACTOME_SIGNALING_BY_TGFB_FAMILY_MEMBERS	3.62978536980224e-164	3.23483463008283e-163	8.7209722535565	1.64273129306188	3.86852311939072e-12	1	55	101	0.000139378466831675	1	0	5.2194090555208	-1.65313439362914
THBS1	ITGB1	R-HSA-9006936	REACTOME_SIGNALING_BY_TGFB_FAMILY_MEMBERS	3.74780550453121e-164	3.3313826706944e-163	10.1171572475629	1.64273129306188	3.99430565836698e-12	1	55	101	0.000139378466831675	1	0	3.36324076136934	-1.65313439362914
HSPG2	ITGB1	R-HSA-9006936	REACTOME_SIGNALING_BY_TGFB_FAMILY_MEMBERS	5.00842841888676e-164	4.44046230952847e-163	3.51948105940521	1.64273129306188	5.33784209156493e-12	1	55	101	0.000139378466831675	1	0	4.65016389182664	-1.65313439362914
TNC	ITGB3	R-HSA-9006936	REACTOME_SIGNALING_BY_TGFB_FAMILY_MEMBERS	7.06697290394909e-164	6.24945675824803e-163	8.5066015717972	2.33558859980003	7.53178088447811e-12	1	55	101	0.000139378466831675	1	0	7.35469947673216	5.81058030327552
LAMC1	ITGB1	R-HSA-9006936	REACTOME_SIGNALING_BY_TGFB_FAMILY_MEMBERS	7.5503135648602e-164	6.65976375977412e-163	3.23766986137765	1.64273129306188	8.04691176159058e-12	1	55	101	0.000139378466831675	1	0	5.42501182058629	-1.65313439362914
TNC	ITGB1	R-HSA-9006936	REACTOME_SIGNALING_BY_TGFB_FAMILY_MEMBERS	1.32057439655979e-163	1.16183527472268e-162	8.5066015717972	1.64273129306188	1.40743103613461e-11	1	55	101	0.000139378466831675	1	0	7.35469947673216	-1.65313439362914
NPNT	ITGB1	R-HSA-9006936	REACTOME_SIGNALING_BY_TGFB_FAMILY_MEMBERS	1.35978058100914e-163	1.19327683639578e-162	8.21361350158779	1.64273129306188	1.4492158844144e-11	1	55	101	0.000139378466831675	1	0	-1.10868581470011	-1.65313439362914
COL18A1	GPC1	R-HSA-71387	REACTOME_METABOLISM_OF_CARBOHYDRATES	1.75571771555118e-163	1.53681143549518e-162	6.26939471434587	4.39143398803966	3.71512767925756e-22	1	47	86	7.05657958336117e-05	1	0	0.323040890532106	-6.34615646135939
WNT2	FZD3	R-HSA-195721	REACTOME_SIGNALING_BY_WNT	2.58409067119801e-163	2.25616038297491e-162	14.5622583700428	2.55657213646914	2.55964198728179e-17	1	65	119	0.000522161603758843	1	0	-3.11640413984048	6.97633115708027
LTBP1	ITGB3	R-HSA-9006936	REACTOME_SIGNALING_BY_TGFB_FAMILY_MEMBERS	3.37732948504785e-163	2.94126922242142e-162	2.6298897401509	2.33558859980003	3.59946274052546e-11	1	55	101	0.000139378466831675	1	0	7.03079313325193	5.81058030327552
MFGE8	ITGB3	R-HSA-9006936	REACTOME_SIGNALING_BY_TGFB_FAMILY_MEMBERS	3.73812696855083e-163	3.24726181106436e-162	2.73317240377774	2.33558859980003	3.98399054703467e-11	1	55	101	0.000139378466831675	1	0	7.14954233744459	5.81058030327552
FN1	ITGB3	R-HSA-9006936	REACTOME_SIGNALING_BY_TGFB_FAMILY_MEMBERS	4.39162575329722e-163	3.80533818421724e-162	4.37912027588558	2.33558859980003	4.68047116495695e-11	1	55	101	0.000139378466831675	1	0	3.43264151330902	5.81058030327552
LTBP1	ITGB1	R-HSA-9006936	REACTOME_SIGNALING_BY_TGFB_FAMILY_MEMBERS	6.31106827112408e-163	5.45479267654945e-162	2.6298897401509	1.64273129306188	6.72615899496749e-11	1	55	101	0.000139378466831675	1	0	7.03079313325193	-1.65313439362914
FN1	ITGB1	R-HSA-9006936	REACTOME_SIGNALING_BY_TGFB_FAMILY_MEMBERS	8.20643945845064e-163	7.07522599926571e-162	4.37912027588558	1.64273129306188	8.74619227820244e-11	1	55	101	0.000139378466831675	1	0	3.43264151330902	-1.65313439362914
LAMA3	ITGB1	R-HSA-9006936	REACTOME_SIGNALING_BY_TGFB_FAMILY_MEMBERS	2.87310785668414e-162	2.47087275674836e-161	1.52751187044421	1.64273129306188	3.06207751580951e-10	1	55	101	0.000139378466831675	1	0	-6.34615646135939	-1.65313439362914
FGF2	TGFBR3	R-HSA-9006936	REACTOME_SIGNALING_BY_TGFB_FAMILY_MEMBERS	3.07642559841574e-162	2.63912819415215e-161	1.22084110229944	1.231627940706	5.91210589889478e-07	1	56	103	0.000139378466831675	1	0	5.86272009779499	5.3195988464643
WNT5A	FZD6	R-HSA-195721	REACTOME_SIGNALING_BY_WNT	5.35913906964481e-162	4.58592995014382e-161	4.8259126929938	3.88259018375091	1.99731326840687e-16	1	64	118	0.000537557024862936	1	0	-0.0541399739889715	-5.2745376762407
WNT7A	LRP6	R-HSA-195721	REACTOME_SIGNALING_BY_WNT	8.01066510474457e-162	6.83788783134524e-161	11.792973304359	1.83737033179993	3.44317276789683e-19	1	64	117	0.000537557024862936	1	0	-2.56298607630723	-0.192774737109088
LAMA1	SDC4	R-HSA-1630316	REACTOME_GLYCOSAMINOGLYCAN_METABOLISM	1.04614830157393e-161	8.9077974193424e-161	17.5342897380052	1.20804741852566	6.25679945307032e-20	1	22	41	2.18606988203969e-08	1	0	-6.27074375530701	-4.21601081838777
SLIT2	GPC1	R-HSA-71387	REACTOME_METABOLISM_OF_CARBOHYDRATES	1.10529181317462e-161	9.38815762301402e-161	6.43545090641173	4.39143398803966	2.33881572898105e-20	1	47	86	7.05657958336117e-05	1	0	2.55777934270203	-6.34615646135939
COL4A4	ITGB3	R-HSA-9006936	REACTOME_SIGNALING_BY_TGFB_FAMILY_MEMBERS	1.17435655611057e-161	9.95021318477923e-161	4.75297522418188	2.33558859980003	1.25159617577315e-09	1	55	101	0.000139378466831675	1	0	-5.54509567223867	5.81058030327552
COL4A4	ITGB1	R-HSA-9006936	REACTOME_SIGNALING_BY_TGFB_FAMILY_MEMBERS	2.19446886454756e-161	1.85478449485101e-160	4.75297522418188	1.64273129306188	2.33880317219634e-09	1	55	101	0.000139378466831675	1	0	-5.54509567223867	-1.65313439362914
PTN	SDC1	R-HSA-71387	REACTOME_METABOLISM_OF_CARBOHYDRATES	2.52448354348108e-161	2.12848612489582e-160	12.0614597856604	7.03887851379973	1.92861936383569e-24	1	46	85	9.25675196434686e-05	1	0	-6.04447813954024	4.20001468766753
LAMA1	SDC4	R-HSA-71387	REACTOME_METABOLISM_OF_CARBOHYDRATES	2.95687647661192e-161	2.48695723216259e-160	17.5342897380052	1.20804741852566	6.25679945307032e-20	1	47	86	7.05657958336117e-05	1	0	-6.27074375530701	-4.21601081838777
AGRN	ITGB1	R-HSA-9006936	REACTOME_SIGNALING_BY_TGFB_FAMILY_MEMBERS	6.7432591779618e-161	5.657758920046e-160	1.11546551296964	1.64273129306188	7.18677590333947e-09	1	55	101	0.000139378466831675	1	0	5.51142825962013	-1.65313439362914
WNT5A	RYK	R-HSA-195721	REACTOME_SIGNALING_BY_WNT	1.52246131476288e-160	1.27427419045847e-159	4.8259126929938	1.92217067020479	2.78636870974021e-14	1	66	120	0.000510639359764283	1	0	-0.0541399739889715	3.31430552196655
WNT5A	ROR2	R-HSA-195721	REACTOME_SIGNALING_BY_WNT	2.23604690483848e-160	1.86699061957388e-159	4.8259126929938	3.06239364905993	2.21489114408768e-14	1	65	119	0.000522161603758843	1	0	-0.0541399739889715	-6.34615646135939
WNT5A	FZD3	R-HSA-195721	REACTOME_SIGNALING_BY_WNT	1.70521758123458e-159	1.42032650834067e-158	4.8259126929938	2.55657213646914	1.68908412039411e-13	1	65	119	0.000522161603758843	1	0	-0.0541399739889715	6.97633115708027
LAMA1	GPC1	R-HSA-1630316	REACTOME_GLYCOSAMINOGLYCAN_METABOLISM	4.31231224681904e-159	3.5831773258593e-158	17.5342897380052	4.39143398803966	4.74677099594702e-24	1	22	41	4.74698213452817e-08	1	0	-6.27074375530701	-6.34615646135939
THBS1	LRP5	R-HSA-195721	REACTOME_SIGNALING_BY_WNT	5.5580586574837e-159	4.60716187511902e-158	10.1171572475629	1.62670790509351	2.07144919340779e-13	1	64	118	0.000537557024862936	1	0	3.36324076136934	-5.92859293684736
COL16A1	ITGB1	R-HSA-6785807	REACTOME_INTERLEUKIN_4_AND_INTERLEUKIN_13_SIGNALING	9.60905870563944e-159	7.94595239120185e-158	12.9334956641832	1.64273129306188	1.41417537656979e-24	1	29	53	1.08403199274918e-06	1	0	5.80814713736568	-1.65313439362914
LAMA5	SDC1	R-HSA-71387	REACTOME_METABOLISM_OF_CARBOHYDRATES	2.01239881729211e-158	1.66010837685488e-157	4.79474119253631	7.03887851379973	1.53740409075425e-21	1	46	85	9.25675196434686e-05	1	0	7.7539223096356	4.20001468766753
NID1	ITGB3	R-HSA-9006936	REACTOME_SIGNALING_BY_TGFB_FAMILY_MEMBERS	3.93240641481989e-158	3.23623877200488e-157	1.19124771367259	2.33558859980003	4.19104811461619e-06	1	55	101	0.000139378466831675	1	0	6.87787345437884	5.81058030327552
APP	GPC1	R-HSA-71387	REACTOME_METABOLISM_OF_CARBOHYDRATES	5.84062349424551e-158	4.79516582821111e-157	1.07409823105059	4.39143398803966	1.23588557633147e-16	1	47	86	7.05657958336117e-05	1	0	-6.19605749258721	-6.34615646135939
NID1	ITGB1	R-HSA-9006936	REACTOME_SIGNALING_BY_TGFB_FAMILY_MEMBERS	7.34831631429734e-158	6.01862098123401e-157	1.19124771367259	1.64273129306188	7.83162877534108e-06	1	55	101	0.000139378466831675	1	0	6.87787345437884	-1.65313439362914
COL18A1	GPC1	R-HSA-1630316	REACTOME_GLYCOSAMINOGLYCAN_METABOLISM	3.375092374045e-157	2.75779519399402e-156	6.26939471434587	4.39143398803966	3.71512767925756e-22	1	22	41	4.74698213452817e-08	1	0	0.323040890532106	-6.34615646135939
THBS1	SDC4	R-HSA-1630316	REACTOME_GLYCOSAMINOGLYCAN_METABOLISM	3.47395648683663e-157	2.8318507854782e-156	10.1171572475629	1.20804741852566	2.07770246475838e-15	1	22	41	2.18606988203969e-08	1	0	3.36324076136934	-4.21601081838777
LUM	ITGB1	R-HSA-6785807	REACTOME_INTERLEUKIN_4_AND_INTERLEUKIN_13_SIGNALING	3.68213584890721e-157	2.9944556312626e-156	11.828176566468	1.64273129306188	5.41903844093848e-23	1	29	53	1.08403199274918e-06	1	0	4.04840561928604	-1.65313439362914
WNT2	LRP6	R-HSA-195721	REACTOME_SIGNALING_BY_WNT	3.94262384356935e-157	3.19873255232985e-156	14.5622583700428	1.83737033179993	1.69463270212088e-14	1	64	117	0.000537557024862936	1	0	-3.11640413984048	-0.192774737109088
WNT5A	FZD2	R-HSA-195721	REACTOME_SIGNALING_BY_WNT	5.69113523459532e-157	4.60647181341363e-156	4.8259126929938	3.28789458091362	2.12104589349805e-11	1	64	118	0.000537557024862936	1	0	-0.0541399739889715	0.665354155033911
THBS1	SDC4	R-HSA-71387	REACTOME_METABOLISM_OF_CARBOHYDRATES	9.81893312950589e-157	7.92890374777002e-156	10.1171572475629	1.20804741852566	2.07770246475838e-15	1	47	86	7.05657958336117e-05	1	0	3.36324076136934	-4.21601081838777
TNC	SDC4	R-HSA-1630316	REACTOME_GLYCOSAMINOGLYCAN_METABOLISM	1.22408112847177e-156	9.86144984061565e-156	8.5066015717972	1.20804741852566	7.32097937129289e-15	1	22	41	2.18606988203969e-08	1	0	7.35469947673216	-4.21601081838777
WNT5A	LRP5	R-HSA-195721	REACTOME_SIGNALING_BY_WNT	1.44990195055983e-156	1.16534175465556e-155	4.8259126929938	1.62670790509351	5.40368213272376e-11	1	64	118	0.000537557024862936	1	0	-0.0541399739889715	-5.92859293684736
TNC	SDC4	R-HSA-71387	REACTOME_METABOLISM_OF_CARBOHYDRATES	3.45979311804766e-156	2.77428632309649e-155	8.5066015717972	1.20804741852566	7.32097937129289e-15	1	47	86	7.05657958336117e-05	1	0	7.35469947673216	-4.21601081838777
CDH1	IGF1R	R-HSA-8939211	REACTOME_ESR_MEDIATED_SIGNALING	6.75286665107312e-156	5.40229332085849e-155	14.3704771513226	6.39079791705591	4.06196171585687e-31	1	53	98	0.000469705651099776	1	0	5.40152618533464	5.51394539218302
SLIT2	SDC1	R-HSA-71387	REACTOME_METABOLISM_OF_CARBOHYDRATES	1.1470715204206e-155	9.15528081263771e-155	6.43545090641173	7.03887851379973	8.76323536233891e-19	1	46	85	9.25675196434686e-05	1	0	2.55777934270203	4.20001468766753
SLIT2	GPC1	R-HSA-1630316	REACTOME_GLYCOSAMINOGLYCAN_METABOLISM	2.12475042923907e-155	1.69193089735704e-154	6.43545090641173	4.39143398803966	2.33881572898105e-20	1	22	41	4.74698213452817e-08	1	0	2.55777934270203	-6.34615646135939
COL5A1	ITGB1	R-HSA-6785807	REACTOME_INTERLEUKIN_4_AND_INTERLEUKIN_13_SIGNALING	4.71137620011286e-155	3.74298709662546e-154	17.6910136130676	1.64273129306188	6.93378239852596e-21	1	29	53	1.08403199274918e-06	1	0	5.13171509336827	-1.65313439362914
COL1A1	ITGB1	R-HSA-6785807	REACTOME_INTERLEUKIN_4_AND_INTERLEUKIN_13_SIGNALING	6.9710213742158e-155	5.52541786343372e-154	11.8865981117298	1.64273129306188	1.02593262034834e-20	1	29	53	1.08403199274918e-06	1	0	-1.97991822679722	-1.65313439362914
THBS1	SDC1	R-HSA-71387	REACTOME_METABOLISM_OF_CARBOHYDRATES	7.73079027075388e-155	6.11354448997548e-154	10.1171572475629	7.03887851379973	5.90606021276296e-18	1	46	85	9.25675196434686e-05	1	0	3.36324076136934	4.20001468766753
HSPG2	SDC1	R-HSA-71387	REACTOME_METABOLISM_OF_CARBOHYDRATES	1.03311416896326e-154	8.15117601200373e-154	3.51948105940521	7.03887851379973	7.8926400469542e-18	1	46	85	9.25675196434686e-05	1	0	4.65016389182664	4.20001468766753
COMP	ITGB1	R-HSA-6785807	REACTOME_INTERLEUKIN_4_AND_INTERLEUKIN_13_SIGNALING	1.78555298202039e-154	1.40556115747143e-153	10.1255608464429	1.64273129306188	2.6278172900037e-20	1	29	53	1.08403199274918e-06	1	0	4.50469248937221	-1.65313439362914
COL1A2	ITGB1	R-HSA-6785807	REACTOME_INTERLEUKIN_4_AND_INTERLEUKIN_13_SIGNALING	1.87011525698952e-154	1.46876632055798e-153	14.0547056107493	1.64273129306188	2.75226848830669e-20	1	29	53	1.08403199274918e-06	1	0	-0.973544102787729	-1.65313439362914
TNC	SDC1	R-HSA-71387	REACTOME_METABOLISM_OF_CARBOHYDRATES	2.72401641024008e-154	2.13453677704462e-153	8.5066015717972	7.03887851379973	2.08105567166854e-17	1	46	85	9.25675196434686e-05	1	0	7.35469947673216	4.20001468766753
NECTIN1	NECTIN3	R-HSA-1500931	REACTOME_CELL_CELL_COMMUNICATION	4.0176308496137e-154	3.14105684606162e-153	1.43588676237718	2.34403457333785	7.33328069013891e-09	1	26	48	1.25237667749494e-07	1	0	3.7522277291151	4.33763175772398
CDH1	EGFR	R-HSA-8939211	REACTOME_ESR_MEDIATED_SIGNALING	4.88487806565156e-154	3.81042642762843e-153	14.3704771513226	2.93967772399715	5.72574762232922e-27	1	53	98	0.000418817255184459	1	0	5.40152618533464	-4.97288082913192
LAMB2	ITGB1	R-HSA-6785807	REACTOME_INTERLEUKIN_4_AND_INTERLEUKIN_13_SIGNALING	3.17520246328041e-153	2.47119829721371e-152	11.7077824357821	1.64273129306188	4.67297919260249e-19	1	29	53	1.08403199274918e-06	1	0	-5.4770692126764	-1.65313439362914
COL2A1	ITGB1	R-HSA-6785807	REACTOME_INTERLEUKIN_4_AND_INTERLEUKIN_13_SIGNALING	4.54507929331089e-153	3.52936179886895e-152	12.5798279320328	1.64273129306188	6.68904147435922e-19	1	29	53	1.08403199274918e-06	1	0	5.28155360459047	-1.65313439362914
PTN	SDC1	R-HSA-1630316	REACTOME_GLYCOSAMINOGLYCAN_METABOLISM	1.80047454543241e-152	1.39496226042511e-151	12.0614597856604	7.03887851379973	1.92861936383569e-24	1	22	40	4.74698213452817e-08	1	0	-6.04447813954024	4.20001468766753
COL3A1	ITGB1	R-HSA-6785807	REACTOME_INTERLEUKIN_4_AND_INTERLEUKIN_13_SIGNALING	2.23887741773098e-152	1.73072771168417e-151	15.038080980152	1.64273129306188	3.29497967730712e-18	1	29	53	1.08403199274918e-06	1	0	-4.39983829722896	-1.65313439362914
DSC2	DSG2	R-HSA-109581	REACTOME_APOPTOSIS	2.52770123391747e-152	1.94961709521885e-151	3.11408527219723	3.81108576362906	1.07981964434425e-17	1	46	85	0.000105384308263079	1	0	3.9019608947081	-1.88453957273101
COL16A1	ITGB1	R-HSA-418555	REACTOME_G_ALPHA_S_SIGNALLING_EVENTS	4.3001941561608e-152	3.30932167722442e-151	12.9334956641832	1.64273129306188	1.41417537656979e-24	1	21	39	5.22562044842649e-08	1	0	5.80814713736568	-1.65313439362914
L1CAM	ITGB1	R-HSA-6785807	REACTOME_INTERLEUKIN_4_AND_INTERLEUKIN_13_SIGNALING	5.32088631740738e-152	4.0856805651521e-151	5.38418252448028	1.64273129306188	7.83080491244005e-18	1	29	53	1.08403199274918e-06	1	0	4.78903995096595	-1.65313439362914
COL4A1	ITGB1	R-HSA-6785807	REACTOME_INTERLEUKIN_4_AND_INTERLEUKIN_13_SIGNALING	7.71911264067682e-152	5.91397494074126e-151	11.3294445506569	1.64273129306188	1.13603000666519e-17	1	29	53	1.08403199274918e-06	1	0	4.78373488091513	-1.65313439362914
APP	GPC1	R-HSA-1630316	REACTOME_GLYCOSAMINOGLYCAN_METABOLISM	1.12276840636125e-151	8.58294070640597e-151	1.07409823105059	4.39143398803966	1.23588557633147e-16	1	22	41	4.74698213452817e-08	1	0	-6.19605749258721	-6.34615646135939
COL5A2	ITGB1	R-HSA-6785807	REACTOME_INTERLEUKIN_4_AND_INTERLEUKIN_13_SIGNALING	1.48830708006409e-151	1.13520540031496e-150	9.21695136128872	1.64273129306188	2.19035733871194e-17	1	29	53	1.08403199274918e-06	1	0	4.91888270579576	-1.65313439362914
COL4A6	ITGB1	R-HSA-6785807	REACTOME_INTERLEUKIN_4_AND_INTERLEUKIN_13_SIGNALING	5.70793754345725e-151	4.34409405962233e-150	9.53524221853406	1.64273129306188	8.40043231312356e-17	1	29	53	1.08403199274918e-06	1	0	1.77832375144824	-1.65313439362914
LAMA1	ITGB1	R-HSA-6785807	REACTOME_INTERLEUKIN_4_AND_INTERLEUKIN_13_SIGNALING	8.1731176601708e-151	6.20651760507451e-150	17.5342897380052	1.64273129306188	1.20284640763385e-16	1	29	53	1.08403199274918e-06	1	0	-6.27074375530701	-1.65313439362914
FGF2	SDC4	R-HSA-1630316	REACTOME_GLYCOSAMINOGLYCAN_METABOLISM	1.07565203111533e-150	8.15031494942011e-150	1.22084110229944	1.20804741852566	6.4332552371885e-09	1	22	41	2.18606988203969e-08	1	0	5.86272009779499	-4.21601081838777
LUM	ITGB1	R-HSA-418555	REACTOME_G_ALPHA_S_SIGNALLING_EVENTS	1.64780958725627e-150	1.24581647915639e-149	11.828176566468	1.64273129306188	5.41903844093848e-23	1	21	39	5.22562044842649e-08	1	0	4.04840561928604	-1.65313439362914
COL4A5	ITGB1	R-HSA-6785807	REACTOME_INTERLEUKIN_4_AND_INTERLEUKIN_13_SIGNALING	2.95745371441584e-150	2.231061574033e-149	5.4186994542932	1.64273129306188	4.3525160459444e-16	1	29	53	1.08403199274918e-06	1	0	6.18599343361014	-1.65313439362914
FGF2	SDC4	R-HSA-71387	REACTOME_METABOLISM_OF_CARBOHYDRATES	3.04026702814464e-150	2.28851609996008e-149	1.22084110229944	1.20804741852566	6.4332552371885e-09	1	47	86	7.05657958336117e-05	1	0	5.86272009779499	-4.21601081838777
COL16A1	ITGB1	R-HSA-5663220	REACTOME_RHO_GTPASES_ACTIVATE_FORMINS	3.32303115557121e-150	2.49590112994868e-149	12.9334956641832	1.64273129306188	1.41417537656979e-24	1	53	97	0.000385692849831908	1	0	5.80814713736568	-1.65313439362914
COMP	CD47	R-HSA-1500931	REACTOME_CELL_CELL_COMMUNICATION	5.05331888356345e-150	3.78723681033949e-149	10.1255608464429	1.62548017274011	2.59166403611074e-23	1	24	44	2.40047456552277e-07	1	0	4.50469248937221	3.47290191585887
COL4A3	ITGB1	R-HSA-6785807	REACTOME_INTERLEUKIN_4_AND_INTERLEUKIN_13_SIGNALING	6.5461397679073e-150	4.89537408730459e-149	10.9133221434925	1.64273129306188	9.63402343033426e-16	1	29	53	1.08403199274918e-06	1	0	4.45925716993137	-1.65313439362914
LAMA5	ITGB1	R-HSA-6785807	REACTOME_INTERLEUKIN_4_AND_INTERLEUKIN_13_SIGNALING	7.06494903228598e-150	5.27189255337609e-149	4.79474119253631	1.64273129306188	1.03975605355764e-15	1	29	53	1.08403199274918e-06	1	0	7.7539223096356	-1.65313439362914
LAMA5	SDC1	R-HSA-1630316	REACTOME_GLYCOSAMINOGLYCAN_METABOLISM	1.43525310559026e-149	1.06867330805855e-148	4.79474119253631	7.03887851379973	1.53740409075425e-21	1	22	40	4.74698213452817e-08	1	0	7.7539223096356	4.20001468766753
LAMB1	ITGB1	R-HSA-6785807	REACTOME_INTERLEUKIN_4_AND_INTERLEUKIN_13_SIGNALING	3.64536699763407e-149	2.7084368189765e-148	6.55387519617198	1.64273129306188	5.36492533195653e-15	1	29	53	1.08403199274918e-06	1	0	0.951831469888455	-1.65313439362914
DKK2	LRP6	R-HSA-195721	REACTOME_SIGNALING_BY_WNT	4.50992263975822e-149	3.34356333637247e-148	1.22361675647185	1.83737033179993	1.93847110264785e-06	1	64	117	0.000537557024862936	1	0	-2.62395562712841	-0.192774737109088
FBLN1	ITGB1	R-HSA-6785807	REACTOME_INTERLEUKIN_4_AND_INTERLEUKIN_13_SIGNALING	5.73197545304849e-149	4.24042915236275e-148	8.92010857076818	1.64273129306188	8.43580916000264e-15	1	29	53	1.08403199274918e-06	1	0	6.20654076664142	-1.65313439362914
COL18A1	ITGB1	R-HSA-6785807	REACTOME_INTERLEUKIN_4_AND_INTERLEUKIN_13_SIGNALING	6.39680651774764e-149	4.72210609893817e-148	6.26939471434587	1.64273129306188	9.41424809983805e-15	1	29	53	1.08403199274918e-06	1	0	0.323040890532106	-1.65313439362914
L1CAM	EGFR	R-HSA-8939211	REACTOME_ESR_MEDIATED_SIGNALING	1.11064523326633e-148	8.18119829215453e-148	5.38418252448028	2.93967772399715	1.30182866760621e-21	1	53	98	0.000418817255184459	1	0	4.78903995096595	-4.97288082913192
LUM	ITGB1	R-HSA-5663220	REACTOME_RHO_GTPASES_ACTIVATE_FORMINS	1.27336636394814e-148	9.35978694867861e-148	11.828176566468	1.64273129306188	5.41903844093848e-23	1	53	97	0.000385692849831908	1	0	4.04840561928604	-1.65313439362914
JAM3	ITGB1	R-HSA-6785807	REACTOME_INTERLEUKIN_4_AND_INTERLEUKIN_13_SIGNALING	1.33301123702012e-148	9.77731056577654e-148	7.72682422564567	1.64273129306188	1.96180679693249e-14	1	29	53	1.08403199274918e-06	1	0	4.56577146203116	-1.65313439362914
COL5A1	ITGB1	R-HSA-418555	REACTOME_G_ALPHA_S_SIGNALLING_EVENTS	2.10840968130522e-148	1.54317644759361e-147	17.6910136130676	1.64273129306188	6.93378239852596e-21	1	21	39	5.22562044842649e-08	1	0	5.13171509336827	-1.65313439362914
FBN1	ITGB1	R-HSA-6785807	REACTOME_INTERLEUKIN_4_AND_INTERLEUKIN_13_SIGNALING	2.17061076026766e-148	1.58532930261587e-147	6.40013831890023	1.64273129306188	3.19451091238149e-14	1	29	53	1.08403199274918e-06	1	0	1.72756032766282	-1.65313439362914
FGF2	SDC1	R-HSA-71387	REACTOME_METABOLISM_OF_CARBOHYDRATES	2.39370881252321e-148	1.74456743963556e-147	1.22084110229944	7.03887851379973	1.82871192768819e-11	1	46	85	9.25675196434686e-05	1	0	5.86272009779499	4.20001468766753
EFEMP1	EGFR	R-HSA-8939211	REACTOME_ESR_MEDIATED_SIGNALING	2.6872212924544e-148	1.95434275814866e-147	11.9073822111131	2.93967772399715	3.14979221981685e-21	1	53	98	0.000418817255184459	1	0	3.20088563659098	-4.97288082913192
COL1A1	ITGB1	R-HSA-418555	REACTOME_G_ALPHA_S_SIGNALLING_EVENTS	3.11963390943608e-148	2.26403811148948e-147	11.8865981117298	1.64273129306188	1.02593262034834e-20	1	21	39	5.22562044842649e-08	1	0	-1.97991822679722	-1.65313439362914
COMP	ITGB1	R-HSA-418555	REACTOME_G_ALPHA_S_SIGNALLING_EVENTS	7.99061045833064e-148	5.78688420561208e-147	10.1255608464429	1.64273129306188	2.6278172900037e-20	1	21	39	5.22562044842649e-08	1	0	4.50469248937221	-1.65313439362914
COL1A2	ITGB1	R-HSA-418555	REACTOME_G_ALPHA_S_SIGNALLING_EVENTS	8.36903899310532e-148	6.04821305384082e-147	14.0547056107493	1.64273129306188	2.75226848830669e-20	1	21	39	5.22562044842649e-08	1	0	-0.973544102787729	-1.65313439362914
COL6A2	ITGB1	R-HSA-6785807	REACTOME_INTERLEUKIN_4_AND_INTERLEUKIN_13_SIGNALING	8.86136002389343e-148	6.39058249102587e-147	2.61520749325399	1.64273129306188	1.30413576736245e-13	1	29	53	1.08403199274918e-06	1	0	-3.31955637394197	-1.65313439362914
CDH1	EGFR	R-HSA-8856825	REACTOME_CARGO_RECOGNITION_FOR_CLATHRIN_MEDIATED_ENDOCYTOSIS	1.04168415859011e-147	7.49663913294977e-147	14.3704771513226	2.93967772399715	5.72574762232922e-27	1	28	52	3.83033787529674e-06	1	0	5.40152618533464	-4.97288082913192
COL4A1	CD47	R-HSA-1500931	REACTOME_CELL_CELL_COMMUNICATION	2.18459704440403e-147	1.56889641602294e-146	11.3294445506569	1.62548017274011	1.12040061667022e-20	1	24	44	2.40047456552277e-07	1	0	4.78373488091513	3.47290191585887
LGALS3BP	ITGB1	R-HSA-6785807	REACTOME_INTERLEUKIN_4_AND_INTERLEUKIN_13_SIGNALING	7.41825710489837e-147	5.31641759184383e-146	5.08385796896564	1.64273129306188	1.09175277789221e-12	1	29	53	1.08403199274918e-06	1	0	5.6845059272368	-1.65313439362914
COL1A2	ITGA2B	R-HSA-8878171	REACTOME_TRANSCRIPTIONAL_REGULATION_BY_RUNX1	7.70929929885958e-147	5.51351134887255e-146	14.0547056107493	4.02018928876498	5.19222241150777e-26	1	42	78	0.000134671089142108	1	0	-0.973544102787729	-1.22574277327969
SLIT2	SDC1	R-HSA-1630316	REACTOME_GLYCOSAMINOGLYCAN_METABOLISM	8.18097261770967e-147	5.83870244915379e-146	6.43545090641173	7.03887851379973	8.76323536233891e-19	1	22	40	4.74698213452817e-08	1	0	2.55777934270203	4.20001468766753
LAMB2	ITGB1	R-HSA-418555	REACTOME_G_ALPHA_S_SIGNALLING_EVENTS	1.42094949104769e-146	1.01202199776482e-145	11.7077824357821	1.64273129306188	4.67297919260249e-19	1	21	39	5.22562044842649e-08	1	0	-5.4770692126764	-1.65313439362914
COL4A6	CD47	R-HSA-1500931	REACTOME_CELL_CELL_COMMUNICATION	1.61541152040841e-146	1.14814372524895e-145	9.53524221853406	1.62548017274011	8.28485998494752e-20	1	24	44	2.40047456552277e-07	1	0	1.77832375144824	3.47290191585887
COL5A1	ITGB1	R-HSA-5663220	REACTOME_RHO_GTPASES_ACTIVATE_FORMINS	1.62930109786959e-146	1.15562799518998e-145	17.6910136130676	1.64273129306188	6.93378239852596e-21	1	53	97	0.000385692849831908	1	0	5.13171509336827	-1.65313439362914
COL2A1	ITGB1	R-HSA-418555	REACTOME_G_ALPHA_S_SIGNALLING_EVENTS	2.03398938596476e-146	1.43969619088864e-145	12.5798279320328	1.64273129306188	6.68904147435922e-19	1	21	39	5.22562044842649e-08	1	0	5.28155360459047	-1.65313439362914
COL1A1	ITGB1	R-HSA-5663220	REACTOME_RHO_GTPASES_ACTIVATE_FORMINS	2.4107378175426e-146	1.70286203128265e-145	11.8865981117298	1.64273129306188	1.02593262034834e-20	1	53	97	0.000385692849831908	1	0	-1.97991822679722	-1.65313439362914
S100B	APP	R-HSA-168898	REACTOME_TOLL_LIKE_RECEPTOR_CASCADES	2.43922821285537e-146	1.71945595332427e-145	2.91530553230702	1.07409823105059	4.17732978317162e-10	1	53	98	0.00026467844169681	1	0	5.98997946985497	-6.19605749258721
COL11A1	ITGB1	R-HSA-6785807	REACTOME_INTERLEUKIN_4_AND_INTERLEUKIN_13_SIGNALING	2.62858952109003e-146	1.84915091054186e-145	8.7209722535565	1.64273129306188	3.86852311939072e-12	1	29	53	1.08403199274918e-06	1	0	5.2194090555208	-1.65313439362914
THBS1	ITGB1	R-HSA-6785807	REACTOME_INTERLEUKIN_4_AND_INTERLEUKIN_13_SIGNALING	2.71405641728921e-146	1.90537838274997e-145	10.1171572475629	1.64273129306188	3.99430565836698e-12	1	29	53	1.08403199274918e-06	1	0	3.36324076136934	-1.65313439362914
HSPG2	ITGB1	R-HSA-6785807	REACTOME_INTERLEUKIN_4_AND_INTERLEUKIN_13_SIGNALING	3.62696443942428e-146	2.54109117548259e-145	3.51948105940521	1.64273129306188	5.33784209156493e-12	1	29	53	1.08403199274918e-06	1	0	4.65016389182664	-1.65313439362914
LAMC1	ITGB1	R-HSA-6785807	REACTOME_INTERLEUKIN_4_AND_INTERLEUKIN_13_SIGNALING	5.46772690271124e-146	3.8229635254729e-145	3.23766986137765	1.64273129306188	8.04691176159058e-12	1	29	53	1.08403199274918e-06	1	0	5.42501182058629	-1.65313439362914
THBS1	SDC1	R-HSA-1630316	REACTOME_GLYCOSAMINOGLYCAN_METABOLISM	5.51363907065739e-146	3.84724511218285e-145	10.1171572475629	7.03887851379973	5.90606021276296e-18	1	22	40	4.74698213452817e-08	1	0	3.36324076136934	4.20001468766753
COMP	ITGB1	R-HSA-5663220	REACTOME_RHO_GTPASES_ACTIVATE_FORMINS	6.17484851632195e-146	4.29989451339019e-145	10.1255608464429	1.64273129306188	2.6278172900037e-20	1	53	97	0.000385692849831908	1	0	4.50469248937221	-1.65313439362914
COL1A2	ITGB1	R-HSA-5663220	REACTOME_RHO_GTPASES_ACTIVATE_FORMINS	6.46728410540153e-146	4.49443582274369e-145	14.0547056107493	1.64273129306188	2.75226848830669e-20	1	53	97	0.000385692849831908	1	0	-0.973544102787729	-1.65313439362914
HSPG2	SDC1	R-HSA-1630316	REACTOME_GLYCOSAMINOGLYCAN_METABOLISM	7.36822297197065e-146	5.11021915797965e-145	3.51948105940521	7.03887851379973	7.8926400469542e-18	1	22	40	4.74698213452817e-08	1	0	4.65016389182664	4.20001468766753
COL4A5	CD47	R-HSA-1500931	REACTOME_CELL_CELL_COMMUNICATION	8.36993180981497e-146	5.79327272148159e-145	5.4186994542932	1.62548017274011	4.29263455483739e-19	1	24	44	2.40047456552277e-07	1	0	6.18599343361014	3.47290191585887
TNC	ITGB1	R-HSA-6785807	REACTOME_INTERLEUKIN_4_AND_INTERLEUKIN_13_SIGNALING	9.56323216655088e-146	6.6059274403484e-145	8.5066015717972	1.64273129306188	1.40743103613461e-11	1	29	53	1.08403199274918e-06	1	0	7.35469947673216	-1.65313439362914
NPNT	ITGB1	R-HSA-6785807	REACTOME_INTERLEUKIN_4_AND_INTERLEUKIN_13_SIGNALING	9.84715244035786e-146	6.788417714395e-145	8.21361350158779	1.64273129306188	1.4492158844144e-11	1	29	53	1.08403199274918e-06	1	0	-1.10868581470011	-1.65313439362914
COL3A1	ITGB1	R-HSA-418555	REACTOME_G_ALPHA_S_SIGNALLING_EVENTS	1.00193035374389e-145	6.88924905903522e-145	15.038080980152	1.64273129306188	3.29497967730712e-18	1	21	39	5.22562044842649e-08	1	0	-4.39983829722896	-1.65313439362914
DCN	MET	R-HSA-9730414	REACTOME_MITF_M_REGULATED_MELANOCYTE_DEVELOPMENT	1.003347028656e-145	6.88924905903522e-145	12.4299900158892	2.64032224114379	8.8202129025133e-15	1	40	74	4.49956848609548e-05	1	0	-3.32916132851479	11.2515502894158
COL4A3	CD47	R-HSA-1500931	REACTOME_CELL_CELL_COMMUNICATION	1.85263232380712e-145	1.26953290715069e-144	10.9133221434925	1.62548017274011	9.5014794759229e-19	1	24	44	2.40047456552277e-07	1	0	4.45925716993137	3.47290191585887
COL2A1	ITGA2B	R-HSA-8878171	REACTOME_TRANSCRIPTIONAL_REGULATION_BY_RUNX1	1.87364797320507e-145	1.28138151646629e-144	12.5798279320328	4.02018928876498	1.26190417839797e-24	1	42	78	0.000134671089142108	1	0	5.28155360459047	-1.22574277327969
TNC	SDC1	R-HSA-1630316	REACTOME_GLYCOSAMINOGLYCAN_METABOLISM	1.94278240420394e-145	1.32602608540904e-144	8.5066015717972	7.03887851379973	2.08105567166854e-17	1	22	40	4.74698213452817e-08	1	0	7.35469947673216	4.20001468766753
SEMA5A	MET	R-HSA-9730414	REACTOME_MITF_M_REGULATED_MELANOCYTE_DEVELOPMENT	2.3281126378234e-145	1.58588266814109e-144	16.1408444326762	2.64032224114379	2.04659490088295e-14	1	40	74	4.49956848609548e-05	1	0	-4.27209030279128	11.2515502894158
L1CAM	ITGB1	R-HSA-418555	REACTOME_G_ALPHA_S_SIGNALLING_EVENTS	2.38117436354954e-145	1.61882209695858e-144	5.38418252448028	1.64273129306188	7.83080491244005e-18	1	21	39	5.22562044842649e-08	1	0	4.78903995096595	-1.65313439362914
DCN	EGFR	R-HSA-8939211	REACTOME_ESR_MEDIATED_SIGNALING	2.57631404548905e-145	1.74803162060795e-144	12.4299900158892	2.93967772399715	3.0197937025404e-18	1	53	98	0.000418817255184459	1	0	-3.32916132851479	-4.97288082913192
COL4A1	ITGB1	R-HSA-418555	REACTOME_G_ALPHA_S_SIGNALLING_EVENTS	3.45441568056031e-145	2.33921061833218e-144	11.3294445506569	1.64273129306188	1.13603000666519e-17	1	21	39	5.22562044842649e-08	1	0	4.78373488091513	-1.65313439362914
LTBP1	ITGB1	R-HSA-6785807	REACTOME_INTERLEUKIN_4_AND_INTERLEUKIN_13_SIGNALING	4.57029995833178e-145	3.08876853765449e-144	2.6298897401509	1.64273129306188	6.72615899496749e-11	1	29	53	1.08403199274918e-06	1	0	7.03079313325193	-1.65313439362914
FN1	ITGB1	R-HSA-6785807	REACTOME_INTERLEUKIN_4_AND_INTERLEUKIN_13_SIGNALING	5.94287501002251e-145	4.00852745774067e-144	4.37912027588558	1.64273129306188	8.74619227820244e-11	1	29	53	1.08403199274918e-06	1	0	3.43264151330902	-1.65313439362914
RND1	MET	R-HSA-9730414	REACTOME_MITF_M_REGULATED_MELANOCYTE_DEVELOPMENT	6.09228160633207e-145	4.1012619815621e-144	4.60833105105072	2.64032224114379	5.35559674720856e-14	1	40	74	4.49956848609548e-05	1	0	-6.26577098121408	11.2515502894158
COL5A2	ITGB1	R-HSA-418555	REACTOME_G_ALPHA_S_SIGNALLING_EVENTS	6.66039162036575e-145	4.47495061993324e-144	9.21695136128872	1.64273129306188	2.19035733871194e-17	1	21	39	5.22562044842649e-08	1	0	4.91888270579576	-1.65313439362914
IGF2	IGF1R	R-HSA-8939211	REACTOME_ESR_MEDIATED_SIGNALING	1.05679423167834e-144	7.08649543269687e-144	18.1080643189009	6.39079791705591	6.35679324414563e-20	1	53	98	0.000469705651099776	1	0	-4.40934983275098	5.51394539218302
LAMB2	ITGB1	R-HSA-5663220	REACTOME_RHO_GTPASES_ACTIVATE_FORMINS	1.09805726387485e-144	7.34886573488225e-144	11.7077824357821	1.64273129306188	4.67297919260249e-19	1	53	97	0.000385692849831908	1	0	-5.4770692126764	-1.65313439362914
COL2A1	ITGB1	R-HSA-5663220	REACTOME_RHO_GTPASES_ACTIVATE_FORMINS	1.57179184339353e-144	1.04989591092694e-143	12.5798279320328	1.64273129306188	6.68904147435922e-19	1	53	97	0.000385692849831908	1	0	5.28155360459047	-1.65313439362914
LAMA3	ITGB1	R-HSA-6785807	REACTOME_INTERLEUKIN_4_AND_INTERLEUKIN_13_SIGNALING	2.08062473001064e-144	1.38708315334043e-143	1.52751187044421	1.64273129306188	3.06207751580951e-10	1	29	53	1.08403199274918e-06	1	0	-6.34615646135939	-1.65313439362914
L1CAM	ITGA2B	R-HSA-8878171	REACTOME_TRANSCRIPTIONAL_REGULATION_BY_RUNX1	2.19346401259429e-144	1.45948089039156e-143	5.38418252448028	4.02018928876498	1.47730066813109e-23	1	42	78	0.000134671089142108	1	0	4.78903995096595	-1.22574277327969
COL4A6	ITGB1	R-HSA-418555	REACTOME_G_ALPHA_S_SIGNALLING_EVENTS	2.55438544190602e-144	1.69634863323488e-143	9.53524221853406	1.64273129306188	8.40043231312356e-17	1	21	39	5.22562044842649e-08	1	0	1.77832375144824	-1.65313439362914
LAMA1	ITGB1	R-HSA-418555	REACTOME_G_ALPHA_S_SIGNALLING_EVENTS	3.65758955965732e-144	2.42429828231622e-143	17.5342897380052	1.64273129306188	1.20284640763385e-16	1	21	39	5.22562044842649e-08	1	0	-6.27074375530701	-1.65313439362914
COL3A1	ITGB1	R-HSA-5663220	REACTOME_RHO_GTPASES_ACTIVATE_FORMINS	7.74254756947056e-144	5.12199300749591e-143	15.038080980152	1.64273129306188	3.29497967730712e-18	1	53	97	0.000385692849831908	1	0	-4.39983829722896	-1.65313439362914
COL4A5	ITGB1	R-HSA-418555	REACTOME_G_ALPHA_S_SIGNALLING_EVENTS	1.32350374468867e-143	8.73868115495013e-143	5.4186994542932	1.64273129306188	4.3525160459444e-16	1	21	39	5.22562044842649e-08	1	0	6.18599343361014	-1.65313439362914
COL4A4	ITGB1	R-HSA-6785807	REACTOME_INTERLEUKIN_4_AND_INTERLEUKIN_13_SIGNALING	1.58917326343798e-143	1.04727126939208e-142	4.75297522418188	1.64273129306188	2.33880317219634e-09	1	29	53	1.08403199274918e-06	1	0	-5.54509567223867	-1.65313439362914
L1CAM	ITGB1	R-HSA-5663220	REACTOME_RHO_GTPASES_ACTIVATE_FORMINS	1.84008356589811e-143	1.21030353091577e-142	5.38418252448028	1.64273129306188	7.83080491244005e-18	1	53	97	0.000385692849831908	1	0	4.78903995096595	-1.65313439362914
COL4A1	ITGB1	R-HSA-5663220	REACTOME_RHO_GTPASES_ACTIVATE_FORMINS	2.66944480038179e-143	1.75245994528881e-142	11.3294445506569	1.64273129306188	1.13603000666519e-17	1	53	97	0.000385692849831908	1	0	4.78373488091513	-1.65313439362914
COL4A3	ITGB1	R-HSA-418555	REACTOME_G_ALPHA_S_SIGNALLING_EVENTS	2.92949318322367e-143	1.91951553338846e-142	10.9133221434925	1.64273129306188	9.63402343033426e-16	1	21	39	5.22562044842649e-08	1	0	4.45925716993137	-1.65313439362914
LAMA5	ITGB1	R-HSA-418555	REACTOME_G_ALPHA_S_SIGNALLING_EVENTS	3.16166790867663e-143	2.06770676917255e-142	4.79474119253631	1.64273129306188	1.03975605355764e-15	1	21	39	5.22562044842649e-08	1	0	7.7539223096356	-1.65313439362914
AGRN	ITGB1	R-HSA-6785807	REACTOME_INTERLEUKIN_4_AND_INTERLEUKIN_13_SIGNALING	4.88328058200043e-143	3.18756834954108e-142	1.11546551296964	1.64273129306188	7.18677590333947e-09	1	29	53	1.08403199274918e-06	1	0	5.51142825962013	-1.65313439362914
COL5A2	ITGB1	R-HSA-5663220	REACTOME_RHO_GTPASES_ACTIVATE_FORMINS	5.1469045487334e-143	3.35328629690206e-142	9.21695136128872	1.64273129306188	2.19035733871194e-17	1	53	97	0.000385692849831908	1	0	4.91888270579576	-1.65313439362914
ANXA1	EGFR	R-HSA-8939211	REACTOME_ESR_MEDIATED_SIGNALING	1.24085714643885e-142	8.06908995037742e-142	3.78540835500689	2.93967772399715	1.45445490355854e-15	1	53	98	0.000418817255184459	1	0	5.66002539089596	-4.97288082913192
LAMB1	ITGB1	R-HSA-418555	REACTOME_G_ALPHA_S_SIGNALLING_EVENTS	1.63135498912995e-142	1.05884172879378e-141	6.55387519617198	1.64273129306188	5.36492533195653e-15	1	21	39	5.22562044842649e-08	1	0	0.951831469888455	-1.65313439362914
COL4A6	ITGB1	R-HSA-5663220	REACTOME_RHO_GTPASES_ACTIVATE_FORMINS	1.9739346872583e-142	1.2787825469244e-141	9.53524221853406	1.64273129306188	8.40043231312356e-17	1	53	97	0.000385692849831908	1	0	1.77832375144824	-1.65313439362914
TNC	EGFR	R-HSA-8939211	REACTOME_ESR_MEDIATED_SIGNALING	1.99616334324809e-142	1.29075223698749e-141	8.5066015717972	2.93967772399715	2.33977744434425e-15	1	53	98	0.000418817255184459	1	0	7.35469947673216	-4.97288082913192
L1CAM	EGFR	R-HSA-8856825	REACTOME_CARGO_RECOGNITION_FOR_CLATHRIN_MEDIATED_ENDOCYTOSIS	2.36841437955696e-142	1.52858263896359e-141	5.38418252448028	2.93967772399715	1.30182866760621e-21	1	28	52	3.83033787529674e-06	1	0	4.78903995096595	-4.97288082913192
FBLN1	ITGB1	R-HSA-418555	REACTOME_G_ALPHA_S_SIGNALLING_EVENTS	2.56514275763455e-142	1.65245151428143e-141	8.92010857076818	1.64273129306188	8.43580916000264e-15	1	21	39	5.22562044842649e-08	1	0	6.20654076664142	-1.65313439362914
LAMA1	ITGB1	R-HSA-5663220	REACTOME_RHO_GTPASES_ACTIVATE_FORMINS	2.8264500670557e-142	1.81738097769563e-141	17.5342897380052	1.64273129306188	1.20284640763385e-16	1	53	97	0.000385692849831908	1	0	-6.27074375530701	-1.65313439362914
COL18A1	ITGB1	R-HSA-418555	REACTOME_G_ALPHA_S_SIGNALLING_EVENTS	2.86266437206444e-142	1.83723235819061e-141	6.26939471434587	1.64273129306188	9.41424809983805e-15	1	21	39	5.22562044842649e-08	1	0	0.323040890532106	-1.65313439362914
COL16A1	ITGB1	R-HSA-1500931	REACTOME_CELL_CELL_COMMUNICATION	5.52731139657511e-142	3.54077303616729e-141	12.9334956641832	1.64273129306188	1.41417537656979e-24	1	24	44	6.65656666441536e-07	1	0	5.80814713736568	-1.65313439362914
EFEMP1	EGFR	R-HSA-8856825	REACTOME_CARGO_RECOGNITION_FOR_CLATHRIN_MEDIATED_ENDOCYTOSIS	5.73041089942218e-142	3.66405455279039e-141	11.9073822111131	2.93967772399715	3.14979221981685e-21	1	28	52	3.83033787529674e-06	1	0	3.20088563659098	-4.97288082913192
JAM3	ITGB1	R-HSA-418555	REACTOME_G_ALPHA_S_SIGNALLING_EVENTS	5.96542003449975e-142	3.80724395522804e-141	7.72682422564567	1.64273129306188	1.96180679693249e-14	1	21	39	5.22562044842649e-08	1	0	4.56577146203116	-1.65313439362914
THBS1	CD47	R-HSA-1500931	REACTOME_CELL_CELL_COMMUNICATION	7.68108965830032e-142	4.89313859713946e-141	10.1171572475629	1.62548017274011	3.93935239082347e-15	1	24	44	2.40047456552277e-07	1	0	3.36324076136934	3.47290191585887
FBN1	ITGB1	R-HSA-418555	REACTOME_G_ALPHA_S_SIGNALLING_EVENTS	9.71380027174221e-142	6.17661237242019e-141	6.40013831890023	1.64273129306188	3.19451091238149e-14	1	21	39	5.22562044842649e-08	1	0	1.72756032766282	-1.65313439362914
COL4A5	ITGB1	R-HSA-5663220	REACTOME_RHO_GTPASES_ACTIVATE_FORMINS	1.02275479162135e-141	6.49128502431265e-141	5.4186994542932	1.64273129306188	4.3525160459444e-16	1	53	97	0.000385692849831908	1	0	6.18599343361014	-1.65313439362914
COL4A3	ITGB1	R-HSA-5663220	REACTOME_RHO_GTPASES_ACTIVATE_FORMINS	2.26380408985461e-141	1.4341594970718e-140	10.9133221434925	1.64273129306188	9.63402343033426e-16	1	53	97	0.000385692849831908	1	0	4.45925716993137	-1.65313439362914
LAMA5	ITGB1	R-HSA-5663220	REACTOME_RHO_GTPASES_ACTIVATE_FORMINS	2.44322013903719e-141	1.54497744086176e-140	4.79474119253631	1.64273129306188	1.03975605355764e-15	1	53	97	0.000385692849831908	1	0	7.7539223096356	-1.65313439362914
COL6A2	ITGB1	R-HSA-418555	REACTOME_G_ALPHA_S_SIGNALLING_EVENTS	3.96558807243208e-141	2.50305008608557e-140	2.61520749325399	1.64273129306188	1.30413576736245e-13	1	21	39	5.22562044842649e-08	1	0	-3.31955637394197	-1.65313439362914
LAMB1	ITGB1	R-HSA-5663220	REACTOME_RHO_GTPASES_ACTIVATE_FORMINS	1.26065085849873e-140	7.94256218541326e-140	6.55387519617198	1.64273129306188	5.36492533195653e-15	1	53	97	0.000385692849831908	1	0	0.951831469888455	-1.65313439362914
LAMA3	COL17A1	R-HSA-1500931	REACTOME_CELL_CELL_COMMUNICATION	1.64165188983101e-140	1.03240996362316e-139	1.52751187044421	8.8967105526396	1.60947409351755e-17	1	25	46	6.65656666441536e-07	1	0	-6.34615646135939	-0.580402338253546
FBLN1	ITGB1	R-HSA-5663220	REACTOME_RHO_GTPASES_ACTIVATE_FORMINS	1.98224754338016e-140	1.2443305746766e-139	8.92010857076818	1.64273129306188	8.43580916000264e-15	1	53	97	0.000385692849831908	1	0	6.20654076664142	-1.65313439362914
LUM	ITGB1	R-HSA-1500931	REACTOME_CELL_CELL_COMMUNICATION	2.11803383295578e-140	1.32714688258067e-139	11.828176566468	1.64273129306188	5.41903844093848e-23	1	24	44	6.65656666441536e-07	1	0	4.04840561928604	-1.65313439362914
COL18A1	ITGB1	R-HSA-5663220	REACTOME_RHO_GTPASES_ACTIVATE_FORMINS	2.21216125385528e-140	1.38360631150221e-139	6.26939471434587	1.64273129306188	9.41424809983805e-15	1	53	97	0.000385692849831908	1	0	0.323040890532106	-1.65313439362914
LGALS3BP	ITGB1	R-HSA-418555	REACTOME_G_ALPHA_S_SIGNALLING_EVENTS	3.31977843289276e-140	2.07260214322162e-139	5.08385796896564	1.64273129306188	1.09175277789221e-12	1	21	39	5.22562044842649e-08	1	0	5.6845059272368	-1.65313439362914
JAM3	ITGB1	R-HSA-5663220	REACTOME_RHO_GTPASES_ACTIVATE_FORMINS	4.60985618575174e-140	2.87280892735253e-139	7.72682422564567	1.64273129306188	1.96180679693249e-14	1	53	97	0.000385692849831908	1	0	4.56577146203116	-1.65313439362914
NID1	ITGB1	R-HSA-6785807	REACTOME_INTERLEUKIN_4_AND_INTERLEUKIN_13_SIGNALING	5.32144611692819e-140	3.31026666224828e-139	1.19124771367259	1.64273129306188	7.83162877534108e-06	1	29	53	1.08403199274918e-06	1	0	6.87787345437884	-1.65313439362914
FBN1	ITGB1	R-HSA-5663220	REACTOME_RHO_GTPASES_ACTIVATE_FORMINS	7.50646593381129e-140	4.66105465926189e-139	6.40013831890023	1.64273129306188	3.19451091238149e-14	1	53	97	0.000385692849831908	1	0	1.72756032766282	-1.65313439362914
COL11A1	ITGB1	R-HSA-418555	REACTOME_G_ALPHA_S_SIGNALLING_EVENTS	1.17633221357082e-139	7.29114020663718e-139	8.7209722535565	1.64273129306188	3.86852311939072e-12	1	21	39	5.22562044842649e-08	1	0	5.2194090555208	-1.65313439362914
THBS1	ITGB1	R-HSA-418555	REACTOME_G_ALPHA_S_SIGNALLING_EVENTS	1.21457989826498e-139	7.51466699645957e-139	10.1171572475629	1.64273129306188	3.99430565836698e-12	1	21	39	5.22562044842649e-08	1	0	3.36324076136934	-1.65313439362914
HSPG2	ITGB1	R-HSA-418555	REACTOME_G_ALPHA_S_SIGNALLING_EVENTS	1.62311957547536e-139	1.00242932488963e-138	3.51948105940521	1.64273129306188	5.33784209156493e-12	1	21	39	5.22562044842649e-08	1	0	4.65016389182664	-1.65313439362914
FGF2	SDC1	R-HSA-1630316	REACTOME_GLYCOSAMINOGLYCAN_METABOLISM	1.70720533998109e-139	1.0524706755439e-138	1.22084110229944	7.03887851379973	1.82871192768819e-11	1	22	40	4.74698213452817e-08	1	0	5.86272009779499	4.20001468766753
LAMC1	ITGB1	R-HSA-418555	REACTOME_G_ALPHA_S_SIGNALLING_EVENTS	2.44688767076873e-139	1.50577702816537e-138	3.23766986137765	1.64273129306188	8.04691176159058e-12	1	21	39	5.22562044842649e-08	1	0	5.42501182058629	-1.65313439362914
COL6A2	ITGB1	R-HSA-5663220	REACTOME_RHO_GTPASES_ACTIVATE_FORMINS	3.06445993745977e-139	1.88245396158243e-138	2.61520749325399	1.64273129306188	1.30413576736245e-13	1	53	97	0.000385692849831908	1	0	-3.31955637394197	-1.65313439362914
TNC	ITGB1	R-HSA-418555	REACTOME_G_ALPHA_S_SIGNALLING_EVENTS	4.27968611040705e-139	2.62426385379683e-138	8.5066015717972	1.64273129306188	1.40743103613461e-11	1	21	39	5.22562044842649e-08	1	0	7.35469947673216	-1.65313439362914
NPNT	ITGB1	R-HSA-418555	REACTOME_G_ALPHA_S_SIGNALLING_EVENTS	4.4067445809234e-139	2.69736678974671e-138	8.21361350158779	1.64273129306188	1.4492158844144e-11	1	21	39	5.22562044842649e-08	1	0	-1.10868581470011	-1.65313439362914
COL4A4	CD47	R-HSA-1500931	REACTOME_CELL_CELL_COMMUNICATION	4.49754184963949e-139	2.74805398983301e-138	4.75297522418188	1.62548017274011	2.30662614633852e-12	1	24	44	2.40047456552277e-07	1	0	-5.54509567223867	3.47290191585887
DCN	EGFR	R-HSA-8856825	REACTOME_CARGO_RECOGNITION_FOR_CLATHRIN_MEDIATED_ENDOCYTOSIS	5.49390484812683e-139	3.35089231871566e-138	12.4299900158892	2.93967772399715	3.0197937025404e-18	1	28	52	3.83033787529674e-06	1	0	-3.32916132851479	-4.97288082913192
THBS1	ITGA2B	R-HSA-8878171	REACTOME_TRANSCRIPTIONAL_REGULATION_BY_RUNX1	1.11883335300709e-138	6.81201191919363e-138	10.1171572475629	4.02018928876498	7.53535617833019e-18	1	42	78	0.000134671089142108	1	0	3.36324076136934	-1.22574277327969
SEMA4D	MET	R-HSA-9730414	REACTOME_MITF_M_REGULATED_MELANOCYTE_DEVELOPMENT	2.01416131061398e-138	1.22415457747564e-137	1.01462714481266	2.64032224114379	1.77060688597618e-07	1	40	74	4.49956848609548e-05	1	0	7.0765425972243	11.2515502894158
LTBP1	ITGB1	R-HSA-418555	REACTOME_G_ALPHA_S_SIGNALLING_EVENTS	2.04527600202776e-138	1.24087291833783e-137	2.6298897401509	1.64273129306188	6.72615899496749e-11	1	21	39	5.22562044842649e-08	1	0	7.03079313325193	-1.65313439362914
LGALS3BP	ITGB1	R-HSA-5663220	REACTOME_RHO_GTPASES_ACTIVATE_FORMINS	2.56540211010963e-138	1.5536942357002e-137	5.08385796896564	1.64273129306188	1.09175277789221e-12	1	53	97	0.000385692849831908	1	0	5.6845059272368	-1.65313439362914
FN1	ITGB1	R-HSA-418555	REACTOME_G_ALPHA_S_SIGNALLING_EVENTS	2.65952339055797e-138	1.60786651379955e-137	4.37912027588558	1.64273129306188	8.74619227820244e-11	1	21	39	5.22562044842649e-08	1	0	3.43264151330902	-1.65313439362914
COL5A1	ITGB1	R-HSA-1500931	REACTOME_CELL_CELL_COMMUNICATION	2.71007225183808e-138	1.63555237654789e-137	17.6910136130676	1.64273129306188	6.93378239852596e-21	1	24	44	6.65656666441536e-07	1	0	5.13171509336827	-1.65313439362914
LAMB2	ITGB4	R-HSA-1500931	REACTOME_CELL_CELL_COMMUNICATION	3.04268681701172e-138	1.83307226804209e-137	11.7077824357821	6.44412418959411	1.31197927085759e-26	1	25	46	2.18507385059052e-06	1	0	-5.4770692126764	5.77953524166907
COL1A1	ITGB1	R-HSA-1500931	REACTOME_CELL_CELL_COMMUNICATION	4.00986267935467e-138	2.41152580716435e-137	11.8865981117298	1.64273129306188	1.02593262034834e-20	1	24	44	6.65656666441536e-07	1	0	-1.97991822679722	-1.65313439362914
COL11A1	ITGB1	R-HSA-5663220	REACTOME_RHO_GTPASES_ACTIVATE_FORMINS	9.09026070229309e-138	5.45732928724053e-137	8.7209722535565	1.64273129306188	3.86852311939072e-12	1	53	97	0.000385692849831908	1	0	5.2194090555208	-1.65313439362914
LAMA3	ITGB1	R-HSA-418555	REACTOME_G_ALPHA_S_SIGNALLING_EVENTS	9.31109963966029e-138	5.58017121261871e-137	1.52751187044421	1.64273129306188	3.06207751580951e-10	1	21	39	5.22562044842649e-08	1	0	-6.34615646135939	-1.65313439362914
THBS1	ITGB1	R-HSA-5663220	REACTOME_RHO_GTPASES_ACTIVATE_FORMINS	9.38582467743372e-138	5.61517163310817e-137	10.1171572475629	1.64273129306188	3.99430565836698e-12	1	53	97	0.000385692849831908	1	0	3.36324076136934	-1.65313439362914
COMP	ITGB1	R-HSA-1500931	REACTOME_CELL_CELL_COMMUNICATION	1.02708367687646e-137	6.13397195912333e-137	10.1255608464429	1.64273129306188	2.6278172900037e-20	1	24	44	6.65656666441536e-07	1	0	4.50469248937221	-1.65313439362914
COL1A2	ITGB1	R-HSA-1500931	REACTOME_CELL_CELL_COMMUNICATION	1.07572548878285e-137	6.41333740279553e-137	14.0547056107493	1.64273129306188	2.75226848830669e-20	1	24	44	6.65656666441536e-07	1	0	-0.973544102787729	-1.65313439362914
HSPG2	ITGB1	R-HSA-5663220	REACTOME_RHO_GTPASES_ACTIVATE_FORMINS	1.2542868351176e-137	7.46495971073451e-137	3.51948105940521	1.64273129306188	5.33784209156493e-12	1	53	97	0.000385692849831908	1	0	4.65016389182664	-1.65313439362914
LAMC1	ITGB1	R-HSA-5663220	REACTOME_RHO_GTPASES_ACTIVATE_FORMINS	1.89086438166944e-137	1.12341510758945e-136	3.23766986137765	1.64273129306188	8.04691176159058e-12	1	53	97	0.000385692849831908	1	0	5.42501182058629	-1.65313439362914
FN1	ITGA2B	R-HSA-8878171	REACTOME_TRANSCRIPTIONAL_REGULATION_BY_RUNX1	2.4498705080739e-137	1.45302664616797e-136	4.37912027588558	4.02018928876498	1.64999075327052e-16	1	42	78	0.000134671089142108	1	0	3.43264151330902	-1.22574277327969
TNC	ITGB1	R-HSA-5663220	REACTOME_RHO_GTPASES_ACTIVATE_FORMINS	3.30718329556657e-137	1.95812573782255e-136	8.5066015717972	1.64273129306188	1.40743103613461e-11	1	53	97	0.000385692849831908	1	0	7.35469947673216	-1.65313439362914
NPNT	ITGB1	R-HSA-5663220	REACTOME_RHO_GTPASES_ACTIVATE_FORMINS	3.4053693868853e-137	2.01279565135488e-136	8.21361350158779	1.64273129306188	1.4492158844144e-11	1	53	97	0.000385692849831908	1	0	-1.10868581470011	-1.65313439362914
COL4A4	ITGB1	R-HSA-418555	REACTOME_G_ALPHA_S_SIGNALLING_EVENTS	7.11178252720251e-137	4.19631764898398e-136	4.75297522418188	1.64273129306188	2.33880317219634e-09	1	21	39	5.22562044842649e-08	1	0	-5.54509567223867	-1.65313439362914
LTBP1	ITGB1	R-HSA-5663220	REACTOME_RHO_GTPASES_ACTIVATE_FORMINS	1.58051372325669e-136	9.29396103932139e-136	2.6298897401509	1.64273129306188	6.72615899496749e-11	1	53	97	0.000385692849831908	1	0	7.03079313325193	-1.65313439362914
COL16A1	ITGA10	R-HSA-373760	REACTOME_L1CAM_INTERACTIONS	1.58051126481403e-136	9.29396103932139e-136	12.9334956641832	1.94711038472937	5.72544270696236e-30	1	26	48	6.03180189901969e-06	1	0	5.80814713736568	4.04890057283008
LAMB2	ITGB1	R-HSA-1500931	REACTOME_CELL_CELL_COMMUNICATION	1.82643620976351e-136	1.07217415726732e-135	11.7077824357821	1.64273129306188	4.67297919260249e-19	1	24	44	6.65656666441536e-07	1	0	-5.4770692126764	-1.65313439362914
FN1	ITGB1	R-HSA-5663220	REACTOME_RHO_GTPASES_ACTIVATE_FORMINS	2.0551814092238e-136	1.20439932670015e-135	4.37912027588558	1.64273129306188	8.74619227820244e-11	1	53	97	0.000385692849831908	1	0	3.43264151330902	-1.65313439362914
AGRN	ITGB1	R-HSA-418555	REACTOME_G_ALPHA_S_SIGNALLING_EVENTS	2.18533940366996e-136	1.27849788241916e-135	1.11546551296964	1.64273129306188	7.18677590333947e-09	1	21	39	5.22562044842649e-08	1	0	5.51142825962013	-1.65313439362914
COL2A1	ITGB1	R-HSA-1500931	REACTOME_CELL_CELL_COMMUNICATION	2.61441514156959e-136	1.52692497232587e-135	12.5798279320328	1.64273129306188	6.68904147435922e-19	1	24	44	6.65656666441536e-07	1	0	5.28155360459047	-1.65313439362914
ANXA1	EGFR	R-HSA-8856825	REACTOME_CARGO_RECOGNITION_FOR_CLATHRIN_MEDIATED_ENDOCYTOSIS	2.64608699571763e-136	1.54037739299263e-135	3.78540835500689	2.93967772399715	1.45445490355854e-15	1	28	52	3.83033787529674e-06	1	0	5.66002539089596	-4.97288082913192
COL17A1	CD151	R-HSA-1500931	REACTOME_CELL_CELL_COMMUNICATION	2.6464041838914e-136	1.54037739299263e-135	8.8967105526396	1.66198423914077	8.47168023999971e-20	1	25	47	2.29252918132496e-06	1	0	-0.580402338253546	4.41472398449643
TNC	EGFR	R-HSA-8856825	REACTOME_CARGO_RECOGNITION_FOR_CLATHRIN_MEDIATED_ENDOCYTOSIS	4.2567525835314e-136	2.47351839313311e-135	8.5066015717972	2.93967772399715	2.33977744434425e-15	1	28	52	3.83033787529674e-06	1	0	7.35469947673216	-4.97288082913192
LAMA3	ITGB1	R-HSA-5663220	REACTOME_RHO_GTPASES_ACTIVATE_FORMINS	7.19527376476487e-136	4.1739868045179e-135	1.52751187044421	1.64273129306188	3.06207751580951e-10	1	53	97	0.000385692849831908	1	0	-6.34615646135939	-1.65313439362914
LAMA1	ITGB4	R-HSA-1500931	REACTOME_CELL_CELL_COMMUNICATION	7.83201627174198e-136	4.53571312706943e-135	17.5342897380052	6.44412418959411	3.37709518445822e-24	1	25	46	2.18507385059052e-06	1	0	-6.27074375530701	5.77953524166907
COL3A1	ITGB1	R-HSA-1500931	REACTOME_CELL_CELL_COMMUNICATION	1.28784442323121e-135	7.44568876624432e-135	15.038080980152	1.64273129306188	3.29497967730712e-18	1	24	44	6.65656666441536e-07	1	0	-4.39983829722896	-1.65313439362914
CDH1	CDH2	R-HSA-1500931	REACTOME_CELL_CELL_COMMUNICATION	1.76702757037291e-135	1.01989510773202e-134	14.3704771513226	3.27975857038839	1.24864382172691e-28	1	23	43	2.18507385059052e-06	1	0	5.40152618533464	-2.89083519819065
CTNND1	AMOT	R-HSA-1500931	REACTOME_CELL_CELL_COMMUNICATION	1.84875450655648e-135	1.06527897865231e-134	5.90259123188141	3.86072235799454	1.23336773095862e-23	1	23	42	6.65656666441536e-07	1	0	4.61019086615155	3.634392783995
L1CAM	ITGB1	R-HSA-1500931	REACTOME_CELL_CELL_COMMUNICATION	3.06067394143673e-135	1.7606552439034e-134	5.38418252448028	1.64273129306188	7.83080491244005e-18	1	24	44	6.65656666441536e-07	1	0	4.78903995096595	-1.65313439362914
COL4A1	ITGB1	R-HSA-1500931	REACTOME_CELL_CELL_COMMUNICATION	4.44017885385796e-135	2.54995246365131e-134	11.3294445506569	1.64273129306188	1.13603000666519e-17	1	24	44	6.65656666441536e-07	1	0	4.78373488091513	-1.65313439362914
COL4A4	ITGB1	R-HSA-5663220	REACTOME_RHO_GTPASES_ACTIVATE_FORMINS	5.49572276304846e-135	3.15088105081445e-134	4.75297522418188	1.64273129306188	2.33880317219634e-09	1	53	97	0.000385692849831908	1	0	-5.54509567223867	-1.65313439362914
LAMA5	ITGB4	R-HSA-1500931	REACTOME_CELL_CELL_COMMUNICATION	6.77009656297243e-135	3.87506359012066e-134	4.79474119253631	6.44412418959411	2.91920492857277e-23	1	25	46	2.18507385059052e-06	1	0	7.7539223096356	5.77953524166907
COL5A2	ITGB1	R-HSA-1500931	REACTOME_CELL_CELL_COMMUNICATION	8.56102240317643e-135	4.8920128018151e-134	9.21695136128872	1.64273129306188	2.19035733871194e-17	1	24	44	6.65656666441536e-07	1	0	4.91888270579576	-1.65313439362914
AGRN	ITGB1	R-HSA-5663220	REACTOME_RHO_GTPASES_ACTIVATE_FORMINS	1.68874954482896e-134	9.63399408658641e-134	1.11546551296964	1.64273129306188	7.18677590333947e-09	1	53	97	0.000385692849831908	1	0	5.51142825962013	-1.65313439362914
COL4A6	ITGB1	R-HSA-1500931	REACTOME_CELL_CELL_COMMUNICATION	3.28331309042519e-134	1.8699663958713e-133	9.53524221853406	1.64273129306188	8.40043231312356e-17	1	24	44	6.65656666441536e-07	1	0	1.77832375144824	-1.65313439362914
LAMB1	ITGB4	R-HSA-1500931	REACTOME_CELL_CELL_COMMUNICATION	3.49322924605305e-134	1.98623282750785e-133	6.55387519617198	6.44412418959411	1.50624912611813e-22	1	25	46	2.18507385059052e-06	1	0	0.951831469888455	5.77953524166907
LAMA1	ITGB1	R-HSA-1500931	REACTOME_CELL_CELL_COMMUNICATION	4.70133108481255e-134	2.6687423979794e-133	17.5342897380052	1.64273129306188	1.20284640763385e-16	1	24	44	6.65656666441536e-07	1	0	-6.27074375530701	-1.65313439362914
LAMA1	ITGA6	R-HSA-1500931	REACTOME_CELL_CELL_COMMUNICATION	5.24498452162231e-134	2.97244592329172e-133	17.5342897380052	1.21558443268924	2.63801652467377e-17	1	26	48	2.18507385059052e-06	1	0	-6.27074375530701	-4.68122835464662
COL17A1	ITGB4	R-HSA-1500931	REACTOME_CELL_CELL_COMMUNICATION	1.55906676740957e-133	8.82103565771203e-133	8.8967105526396	6.44412418959411	6.72255609511986e-22	1	25	46	2.18507385059052e-06	1	0	-0.580402338253546	5.77953524166907
COL4A5	ITGB1	R-HSA-1500931	REACTOME_CELL_CELL_COMMUNICATION	1.70118303168866e-133	9.60930973564697e-133	5.4186994542932	1.64273129306188	4.3525160459444e-16	1	24	44	6.65656666441536e-07	1	0	6.18599343361014	-1.65313439362914
NID1	ITGB1	R-HSA-418555	REACTOME_G_ALPHA_S_SIGNALLING_EVENTS	2.3814248820136e-133	1.34296747444701e-132	1.19124771367259	1.64273129306188	7.83162877534108e-06	1	21	39	5.22562044842649e-08	1	0	6.87787345437884	-1.65313439362914
COL4A3	ITGB1	R-HSA-1500931	REACTOME_CELL_CELL_COMMUNICATION	3.76546278372641e-133	2.11999868674613e-132	10.9133221434925	1.64273129306188	9.63402343033426e-16	1	24	44	6.65656666441536e-07	1	0	4.45925716993137	-1.65313439362914
LAMA5	ITGB1	R-HSA-1500931	REACTOME_CELL_CELL_COMMUNICATION	4.06389163586424e-133	2.28427895872108e-132	4.79474119253631	1.64273129306188	1.03975605355764e-15	1	24	44	6.65656666441536e-07	1	0	7.7539223096356	-1.65313439362914
LAMA5	ITGA6	R-HSA-1500931	REACTOME_CELL_CELL_COMMUNICATION	4.53383272590941e-133	2.5442715460242e-132	4.79474119253631	1.21558443268924	2.28033573821803e-16	1	26	48	2.18507385059052e-06	1	0	7.7539223096356	-4.68122835464662
TCN2	LRP2	R-HSA-8856825	REACTOME_CARGO_RECOGNITION_FOR_CLATHRIN_MEDIATED_ENDOCYTOSIS	1.6275603910605e-132	9.1185793896549e-132	6.65623901091562	7.99094933267061	7.1274405683323e-17	1	28	51	3.83033787529674e-06	1	0	6.17196521483511	8.87156702386971
HSPG2	LRP2	R-HSA-8856825	REACTOME_CARGO_RECOGNITION_FOR_CLATHRIN_MEDIATED_ENDOCYTOSIS	1.79257006005696e-132	1.00267333440585e-131	3.51948105940521	7.99094933267061	7.85005376009606e-17	1	28	51	3.83033787529674e-06	1	0	4.65016389182664	8.87156702386971
LAMB1	ITGB1	R-HSA-1500931	REACTOME_CELL_CELL_COMMUNICATION	2.09688369776494e-132	1.17098700005055e-131	6.55387519617198	1.64273129306188	5.36492533195653e-15	1	24	44	6.65656666441536e-07	1	0	0.951831469888455	-1.65313439362914
LAMB1	ITGA6	R-HSA-1500931	REACTOME_CELL_CELL_COMMUNICATION	2.33936354194416e-132	1.30428048367713e-131	6.55387519617198	1.21558443268924	1.17660588995585e-15	1	26	48	2.18507385059052e-06	1	0	0.951831469888455	-4.68122835464662
FBLN1	ITGB1	R-HSA-1500931	REACTOME_CELL_CELL_COMMUNICATION	3.29714014838203e-132	1.83530131236799e-131	8.92010857076818	1.64273129306188	8.43580916000264e-15	1	24	44	6.65656666441536e-07	1	0	6.20654076664142	-1.65313439362914
LAMA3	CD151	R-HSA-1500931	REACTOME_CELL_CELL_COMMUNICATION	3.38431708420458e-132	1.88078364614923e-131	1.52751187044421	1.66198423914077	1.08338901301125e-15	1	25	47	2.29252918132496e-06	1	0	-6.34615646135939	4.41472398449643
COL18A1	ITGB1	R-HSA-1500931	REACTOME_CELL_CELL_COMMUNICATION	3.67956348799095e-132	2.04156425785304e-131	6.26939471434587	1.64273129306188	9.41424809983805e-15	1	24	44	6.65656666441536e-07	1	0	0.323040890532106	-1.65313439362914
JAM3	ITGB1	R-HSA-1500931	REACTOME_CELL_CELL_COMMUNICATION	7.6677314894744e-132	4.24750343378292e-131	7.72682422564567	1.64273129306188	1.96180679693249e-14	1	24	44	6.65656666441536e-07	1	0	4.56577146203116	-1.65313439362914
COL17A1	ITGA6	R-HSA-1500931	REACTOME_CELL_CELL_COMMUNICATION	1.04408376840874e-131	5.77435396033128e-131	8.8967105526396	1.21558443268924	5.25132194928573e-15	1	26	48	2.18507385059052e-06	1	0	-0.580402338253546	-4.68122835464662
FBN1	ITGB1	R-HSA-1500931	REACTOME_CELL_CELL_COMMUNICATION	1.24857615717497e-131	6.89422468809293e-131	6.40013831890023	1.64273129306188	3.19451091238149e-14	1	24	44	6.65656666441536e-07	1	0	1.72756032766282	-1.65313439362914
SEMA3B	NRP2	R-HSA-373760	REACTOME_L1CAM_INTERACTIONS	1.66643256954257e-131	9.1867436526065e-131	5.72371424670995	4.62495741444766	3.05759817435135e-18	1	26	48	3.08277767799156e-06	1	0	-1.81652386831311	4.70135266599483
NID1	ITGB1	R-HSA-5663220	REACTOME_RHO_GTPASES_ACTIVATE_FORMINS	1.8402771573107e-131	1.01288854738381e-130	1.19124771367259	1.64273129306188	7.83162877534108e-06	1	53	97	0.000385692849831908	1	0	6.87787345437884	-1.65313439362914
ADM	RAMP2	R-HSA-418555	REACTOME_G_ALPHA_S_SIGNALLING_EVENTS	2.69151330144883e-131	1.47904245319233e-130	1.14809634100681	9.0647970524953	1.4346812755398e-17	1	20	37	1.29584265478373e-07	1	0	5.0449776747425	1.74396808127619
COL16A1	ITGB1	R-HSA-373760	REACTOME_L1CAM_INTERACTIONS	3.90383805670289e-131	2.1418186467397e-130	12.9334956641832	1.64273129306188	1.41417537656979e-24	1	26	48	6.03180189901969e-06	1	0	5.80814713736568	-1.65313439362914
COL6A2	ITGB1	R-HSA-1500931	REACTOME_CELL_CELL_COMMUNICATION	5.09722104418779e-131	2.79210834267611e-130	2.61520749325399	1.64273129306188	1.30413576736245e-13	1	24	44	6.65656666441536e-07	1	0	-3.31955637394197	-1.65313439362914
LAMC1	ITGB4	R-HSA-1500931	REACTOME_CELL_CELL_COMMUNICATION	5.23953378037885e-131	2.86550019149495e-130	3.23766986137765	6.44412418959411	2.2592399817101e-19	1	25	46	2.18507385059052e-06	1	0	5.42501182058629	5.77953524166907
COL2A1	ITGA10	R-HSA-373760	REACTOME_L1CAM_INTERACTIONS	7.47580927810847e-131	4.0820291931259e-130	12.5798279320328	1.94711038472937	2.70813113850373e-24	1	26	48	6.03180189901969e-06	1	0	5.28155360459047	4.04890057283008
CDH1	ERBB3	R-HSA-2219528	REACTOME_PI3K_AKT_SIGNALING_IN_CANCER	1.33890821145654e-130	7.29927772965214e-130	14.3704771513226	8.31277667281055	3.75150472033015e-34	1	30	56	6.92128322728481e-05	1	0	5.40152618533464	5.83982229038879
SEMA4F	NRP2	R-HSA-373760	REACTOME_L1CAM_INTERACTIONS	2.52545614895033e-130	1.37461537221347e-129	2.97451996468509	4.62495741444766	4.63374891463777e-17	1	26	48	3.08277767799156e-06	1	0	4.33971444850418	4.70135266599483
WNT5A	LRP2	R-HSA-8856825	REACTOME_CARGO_RECOGNITION_FOR_CLATHRIN_MEDIATED_ENDOCYTOSIS	3.49918754853298e-130	1.90161219067195e-129	4.8259126929938	7.99094933267061	1.5323702534544e-14	1	28	51	3.83033787529674e-06	1	0	-0.0541399739889715	8.87156702386971
LGALS3BP	ITGB1	R-HSA-1500931	REACTOME_CELL_CELL_COMMUNICATION	4.26712108799635e-130	2.31528336635764e-129	5.08385796896564	1.64273129306188	1.09175277789221e-12	1	24	44	6.65656666441536e-07	1	0	5.6845059272368	-1.65313439362914
WNT5A	LDLR	R-HSA-8856825	REACTOME_CARGO_RECOGNITION_FOR_CLATHRIN_MEDIATED_ENDOCYTOSIS	5.50691054161002e-130	2.98327122254149e-129	4.8259126929938	2.81792410946131	2.41159577340618e-14	1	28	51	3.83033787529674e-06	1	0	-0.0541399739889715	5.40487362281668
SEMA3A	NRP2	R-HSA-373760	REACTOME_L1CAM_INTERACTIONS	7.17684928185306e-130	3.88181785056204e-129	4.20253760071897	4.62495741444766	1.31682023400516e-16	1	26	48	3.08277767799156e-06	1	0	5.0148145673612	4.70135266599483
SEMA3B	NRP2	R-HSA-194138	REACTOME_SIGNALING_BY_VEGF	8.5562229214317e-130	4.62062901879514e-129	5.72371424670995	4.62495741444766	3.05759817435135e-18	1	34	62	3.51580452476673e-05	1	0	-1.81652386831311	4.70135266599483
TCN2	LRP2	R-HSA-8957322	REACTOME_METABOLISM_OF_STEROIDS	1.39635737457964e-129	7.52894885353287e-129	6.65623901091562	7.99094933267061	7.1274405683323e-17	1	34	62	3.20775525297425e-05	1	0	6.17196521483511	8.87156702386971
LUM	ITGB1	R-HSA-373760	REACTOME_L1CAM_INTERACTIONS	1.49592821703522e-129	8.05319728732575e-129	11.828176566468	1.64273129306188	5.41903844093848e-23	1	26	48	6.03180189901969e-06	1	0	4.04840561928604	-1.65313439362914
COL11A1	ITGB1	R-HSA-1500931	REACTOME_CELL_CELL_COMMUNICATION	1.51201415892192e-129	8.12707610420534e-129	8.7209722535565	1.64273129306188	3.86852311939072e-12	1	24	44	6.65656666441536e-07	1	0	5.2194090555208	-1.65313439362914
HSPG2	LRP2	R-HSA-8957322	REACTOME_METABOLISM_OF_STEROIDS	1.53792660263761e-129	8.25345945877283e-129	3.51948105940521	7.99094933267061	7.85005376009606e-17	1	34	62	3.20775525297425e-05	1	0	4.65016389182664	8.87156702386971
THBS1	ITGB1	R-HSA-1500931	REACTOME_CELL_CELL_COMMUNICATION	1.56117632598355e-129	8.36518155978725e-129	10.1171572475629	1.64273129306188	3.99430565836698e-12	1	24	44	6.65656666441536e-07	1	0	3.36324076136934	-1.65313439362914
THBS1	ITGA6	R-HSA-1500931	REACTOME_CELL_CELL_COMMUNICATION	1.7417079370902e-129	9.31800202735661e-129	10.1171572475629	1.21558443268924	8.7600912838886e-13	1	26	48	2.18507385059052e-06	1	0	3.36324076136934	-4.68122835464662
LAMA3	ITGB4	R-HSA-1500931	REACTOME_CELL_CELL_COMMUNICATION	1.99379079298506e-129	1.0650062620914e-128	1.52751187044421	6.44412418959411	8.59704711046187e-18	1	25	46	2.18507385059052e-06	1	0	-6.34615646135939	5.77953524166907
HSPG2	ITGB1	R-HSA-1500931	REACTOME_CELL_CELL_COMMUNICATION	2.08629819997217e-129	1.11269237331849e-128	3.51948105940521	1.64273129306188	5.33784209156493e-12	1	24	44	6.65656666441536e-07	1	0	4.65016389182664	-1.65313439362914
AGRN	LRP2	R-HSA-8856825	REACTOME_CARGO_RECOGNITION_FOR_CLATHRIN_MEDIATED_ENDOCYTOSIS	2.41348453020427e-129	1.2851991925546e-128	1.11546551296964	7.99094933267061	1.0569173129368e-13	1	28	51	3.83033787529674e-06	1	0	5.51142825962013	8.87156702386971
SEMA3F	NRP2	R-HSA-373760	REACTOME_L1CAM_INTERACTIONS	2.76243201585394e-129	1.46874283377706e-128	4.28082524336675	4.62495741444766	5.06855617372099e-16	1	26	48	3.08277767799156e-06	1	0	7.17530656017157	4.70135266599483
LAMC1	ITGB1	R-HSA-1500931	REACTOME_CELL_CELL_COMMUNICATION	3.14513940943865e-129	1.66964190871435e-128	3.23766986137765	1.64273129306188	8.04691176159058e-12	1	24	44	6.65656666441536e-07	1	0	5.42501182058629	-1.65313439362914
LAMC1	ITGA6	R-HSA-1500931	REACTOME_CELL_CELL_COMMUNICATION	3.5088376511368e-129	1.85984615098776e-128	3.23766986137765	1.21558443268924	1.76480438940043e-12	1	26	48	2.18507385059052e-06	1	0	5.42501182058629	-4.68122835464662
TNC	ITGB1	R-HSA-1500931	REACTOME_CELL_CELL_COMMUNICATION	5.50095110889977e-129	2.91127258686388e-128	8.5066015717972	1.64273129306188	1.40743103613461e-11	1	24	44	6.65656666441536e-07	1	0	7.35469947673216	-1.65313439362914
NPNT	ITGB1	R-HSA-1500931	REACTOME_CELL_CELL_COMMUNICATION	5.66426739337736e-129	2.99309982077083e-128	8.21361350158779	1.64273129306188	1.4492158844144e-11	1	24	44	6.65656666441536e-07	1	0	-1.10868581470011	-1.65313439362914
SEMA4F	NRP2	R-HSA-194138	REACTOME_SIGNALING_BY_VEGF	1.29668407733118e-128	6.84140065340378e-128	2.97451996468509	4.62495741444766	4.63374891463777e-17	1	34	62	3.51580452476673e-05	1	0	4.33971444850418	4.70135266599483
SERPINE1	LRP2	R-HSA-8856825	REACTOME_CARGO_RECOGNITION_FOR_CLATHRIN_MEDIATED_ENDOCYTOSIS	1.35778939687139e-128	7.1528262254787e-128	6.46482832857906	7.99094933267061	5.94605477232513e-13	1	28	51	3.83033787529674e-06	1	0	0.117067438958844	8.87156702386971
SEMA3C	NRP2	R-HSA-373760	REACTOME_L1CAM_INTERACTIONS	1.62000224757653e-128	8.52111273954629e-128	3.78597570920556	4.62495741444766	2.97240704794599e-15	1	26	48	3.08277767799156e-06	1	0	-0.568617891853363	4.70135266599483
LTBP1	ITGB1	R-HSA-1500931	REACTOME_CELL_CELL_COMMUNICATION	2.62892254270737e-128	1.38068603769669e-127	2.6298897401509	1.64273129306188	6.72615899496749e-11	1	24	44	6.65656666441536e-07	1	0	7.03079313325193	-1.65313439362914
COMP	ITGB3	R-HSA-194138	REACTOME_SIGNALING_BY_VEGF	2.83235975010138e-128	1.48526182017511e-127	10.1255608464429	2.33558859980003	1.40626030864776e-20	1	33	60	3.51580452476673e-05	1	0	4.50469248937221	5.81058030327552
COL1A2	ITGB3	R-HSA-194138	REACTOME_SIGNALING_BY_VEGF	2.96649790584994e-128	1.55323482437196e-127	14.0547056107493	2.33558859980003	1.47285960426961e-20	1	33	60	3.51580452476673e-05	1	0	-0.973544102787729	5.81058030327552
FN1	ITGB1	R-HSA-1500931	REACTOME_CELL_CELL_COMMUNICATION	3.41845354238919e-128	1.78715504343751e-127	4.37912027588558	1.64273129306188	8.74619227820244e-11	1	24	44	6.65656666441536e-07	1	0	3.43264151330902	-1.65313439362914
SEMA3A	NRP2	R-HSA-194138	REACTOME_SIGNALING_BY_VEGF	3.68492091737667e-128	1.92353990224215e-127	4.20253760071897	4.62495741444766	1.31682023400516e-16	1	34	62	3.51580452476673e-05	1	0	5.0148145673612	4.70135266599483
FN1	ITGA6	R-HSA-1500931	REACTOME_CELL_CELL_COMMUNICATION	3.81375733686094e-128	1.98777655133358e-127	4.37912027588558	1.21558443268924	1.91816674277299e-11	1	26	48	2.18507385059052e-06	1	0	3.43264151330902	-4.68122835464662
LAMA3	ITGB1	R-HSA-1500931	REACTOME_CELL_CELL_COMMUNICATION	1.19681449915947e-127	6.22850510909014e-127	1.52751187044421	1.64273129306188	3.06207751580951e-10	1	24	44	6.65656666441536e-07	1	0	-6.34615646135939	-1.65313439362914
LAMA3	ITGA6	R-HSA-1500931	REACTOME_CELL_CELL_COMMUNICATION	1.33521196659028e-127	6.93826157865645e-127	1.52751187044421	1.21558443268924	6.71557984067769e-11	1	26	48	2.18507385059052e-06	1	0	-6.34615646135939	-4.68122835464662
SEMA3F	NRP2	R-HSA-194138	REACTOME_SIGNALING_BY_VEGF	1.41835826813168e-127	7.35920428713872e-127	4.28082524336675	4.62495741444766	5.06855617372099e-16	1	34	62	3.51580452476673e-05	1	0	7.17530656017157	4.70135266599483
COL5A1	ITGB1	R-HSA-373760	REACTOME_L1CAM_INTERACTIONS	1.91407402877563e-127	9.91628713703037e-127	17.6910136130676	1.64273129306188	6.93378239852596e-21	1	26	48	6.03180189901969e-06	1	0	5.13171509336827	-1.65313439362914
COL1A1	ITGB1	R-HSA-373760	REACTOME_L1CAM_INTERACTIONS	2.83209202570294e-127	1.46502204036363e-126	11.8865981117298	1.64273129306188	1.02593262034834e-20	1	26	48	6.03180189901969e-06	1	0	-1.97991822679722	-1.65313439362914
WNT5A	LRP2	R-HSA-8957322	REACTOME_METABOLISM_OF_STEROIDS	3.00211062229621e-127	1.55063972082567e-126	4.8259126929938	7.99094933267061	1.5323702534544e-14	1	34	62	3.20775525297425e-05	1	0	-0.0541399739889715	8.87156702386971
L1CAM	FGFR2	R-HSA-2219528	REACTOME_PI3K_AKT_SIGNALING_IN_CANCER	6.4302325386421e-127	3.31634181902981e-126	5.38418252448028	12.4089683634966	8.28663999565782e-34	1	30	55	6.61813608512425e-05	1	0	4.78903995096595	5.89402827446816
COMP	ITGB1	R-HSA-373760	REACTOME_L1CAM_INTERACTIONS	7.25410250577365e-127	3.73564560177565e-126	10.1255608464429	1.64273129306188	2.6278172900037e-20	1	26	48	6.03180189901969e-06	1	0	4.50469248937221	-1.65313439362914
COL1A2	ITGB1	R-HSA-373760	REACTOME_L1CAM_INTERACTIONS	7.59765064851953e-127	3.90671423481423e-126	14.0547056107493	1.64273129306188	2.75226848830669e-20	1	26	48	6.03180189901969e-06	1	0	-0.973544102787729	-1.65313439362914
SEMA3C	NRP2	R-HSA-194138	REACTOME_SIGNALING_BY_VEGF	8.31782852593309e-127	4.27064628794176e-126	3.78597570920556	4.62495741444766	2.97240704794599e-15	1	34	62	3.51580452476673e-05	1	0	-0.568617891853363	4.70135266599483
COL4A4	ITGB1	R-HSA-1500931	REACTOME_CELL_CELL_COMMUNICATION	9.14122367155281e-127	4.68640975113885e-126	4.75297522418188	1.64273129306188	2.33880317219634e-09	1	24	44	6.65656666441536e-07	1	0	-5.54509567223867	-1.65313439362914
PROS1	AXL	R-HSA-194138	REACTOME_SIGNALING_BY_VEGF	1.10606477876125e-126	5.66199827223019e-126	4.04076557879989	3.1845478086131	1.24251525441515e-16	1	33	61	4.04840306238407e-05	1	0	6.66442580925502	6.32655190364562
AGRN	LRP2	R-HSA-8957322	REACTOME_METABOLISM_OF_STEROIDS	2.07063709629153e-126	1.05839399869879e-125	1.11546551296964	7.99094933267061	1.0569173129368e-13	1	34	62	3.20775525297425e-05	1	0	5.51142825962013	8.87156702386971
AGRN	ITGB1	R-HSA-1500931	REACTOME_CELL_CELL_COMMUNICATION	2.80895488730066e-126	1.43365056562526e-125	1.11546551296964	1.64273129306188	7.18677590333947e-09	1	24	44	6.65656666441536e-07	1	0	5.51142825962013	-1.65313439362914
COL16A1	ITGA1	R-HSA-373760	REACTOME_L1CAM_INTERACTIONS	6.61216907468867e-126	3.36975727658208e-125	12.9334956641832	4.23950504367085	2.01682122639883e-28	1	25	46	9.60875326373054e-06	1	0	5.80814713736568	-3.47079627706584
L1CAM	ITGB3	R-HSA-194138	REACTOME_SIGNALING_BY_VEGF	8.44033439054666e-126	4.29508140584031e-125	5.38418252448028	2.33558859980003	4.19060722943674e-18	1	33	60	3.51580452476673e-05	1	0	4.78903995096595	5.81058030327552
SERPINE1	LRP2	R-HSA-8957322	REACTOME_METABOLISM_OF_STEROIDS	1.16490868656003e-125	5.91918150925629e-125	6.46482832857906	7.99094933267061	5.94605477232513e-13	1	34	62	3.20775525297425e-05	1	0	0.117067438958844	8.87156702386971
LAMB2	ITGB1	R-HSA-373760	REACTOME_L1CAM_INTERACTIONS	1.28997819595129e-125	6.54502211515109e-125	11.7077824357821	1.64273129306188	4.67297919260249e-19	1	26	48	6.03180189901969e-06	1	0	-5.4770692126764	-1.65313439362914
COL2A1	ITGB1	R-HSA-373760	REACTOME_L1CAM_INTERACTIONS	1.8465131767325e-125	9.3549415728421e-125	12.5798279320328	1.64273129306188	6.68904147435922e-19	1	26	48	6.03180189901969e-06	1	0	5.28155360459047	-1.65313439362914
L1CAM	ERBB3	R-HSA-2219528	REACTOME_PI3K_AKT_SIGNALING_IN_CANCER	3.04419476361485e-125	1.54000440982869e-124	5.38418252448028	8.31277667281055	8.52956978498308e-29	1	30	56	6.92128322728481e-05	1	0	4.78903995096595	5.83982229038879
GAS6	AXL	R-HSA-194138	REACTOME_SIGNALING_BY_VEGF	3.91552479830126e-125	1.97788624172633e-124	4.59504133101858	3.1845478086131	4.3985663266295e-15	1	33	61	4.04840306238407e-05	1	0	0.339628889427488	6.32655190364562
COL3A1	ITGB1	R-HSA-373760	REACTOME_L1CAM_INTERACTIONS	9.09580754512548e-125	4.58791465619232e-124	15.038080980152	1.64273129306188	3.29497967730712e-18	1	26	48	6.03180189901969e-06	1	0	-4.39983829722896	-1.65313439362914
CDH1	EGFR	R-HSA-373760	REACTOME_L1CAM_INTERACTIONS	9.79413643582823e-125	4.93291791204233e-124	14.3704771513226	2.93967772399715	5.72574762232922e-27	1	24	45	9.60875326373054e-06	1	0	5.40152618533464	-4.97288082913192
L1CAM	ITGB1	R-HSA-373760	REACTOME_L1CAM_INTERACTIONS	2.16169753329677e-124	1.08716951966972e-123	5.38418252448028	1.64273129306188	7.83080491244005e-18	1	26	48	6.03180189901969e-06	1	0	4.78903995096595	-1.65313439362914
COL4A1	ITGB1	R-HSA-373760	REACTOME_L1CAM_INTERACTIONS	3.13601640012514e-124	1.57487538925992e-123	11.3294445506569	1.64273129306188	1.13603000666519e-17	1	26	48	6.03180189901969e-06	1	0	4.78373488091513	-1.65313439362914
COL5A2	ITGB1	R-HSA-373760	REACTOME_L1CAM_INTERACTIONS	6.04649216661011e-124	3.03206021182781e-123	9.21695136128872	1.64273129306188	2.19035733871194e-17	1	26	48	6.03180189901969e-06	1	0	4.91888270579576	-1.65313439362914
L1CAM	ERBB2	R-HSA-2219528	REACTOME_PI3K_AKT_SIGNALING_IN_CANCER	7.12379150015425e-124	3.56708046004813e-123	5.38418252448028	5.2615892882842	1.99602461250152e-27	1	30	56	6.92128322728481e-05	1	0	4.78903995096595	-6.34615646135939
COL4A2	ITGB3	R-HSA-194138	REACTOME_SIGNALING_BY_VEGF	8.5633334810412e-124	4.2816667405206e-123	10.9035066930124	2.33558859980003	4.25167600396513e-16	1	33	60	3.51580452476673e-05	1	0	6.44091966949719	5.81058030327552
CDH1	EGFR	R-HSA-157118	REACTOME_SIGNALING_BY_NOTCH	8.8171053124533e-124	4.40215417631921e-123	14.3704771513226	2.93967772399715	5.72574762232922e-27	1	50	92	0.00135592963493867	1	0	5.40152618533464	-4.97288082913192
COL1A2	ITGA2B	R-HSA-373760	REACTOME_L1CAM_INTERACTIONS	8.88151872170452e-124	4.42788759458892e-123	14.0547056107493	4.02018928876498	5.19222241150777e-26	1	24	45	9.60875326373054e-06	1	0	-0.973544102787729	-1.22574277327969
COL4A3	ITGB3	R-HSA-194138	REACTOME_SIGNALING_BY_VEGF	1.03839107457787e-123	5.16941432206636e-123	10.9133221434925	2.33558859980003	5.15558856173085e-16	1	33	60	3.51580452476673e-05	1	0	4.45925716993137	5.81058030327552
CDH1	EGFR	R-HSA-2219528	REACTOME_PI3K_AKT_SIGNALING_IN_CANCER	2.04351349119179e-123	1.01585063723985e-122	14.3704771513226	2.93967772399715	5.72574762232922e-27	1	30	56	6.92128322728481e-05	1	0	5.40152618533464	-4.97288082913192
L1CAM	EZR	R-HSA-373760	REACTOME_L1CAM_INTERACTIONS	2.08160243624202e-123	1.03329182982288e-122	5.38418252448028	1.64505654712529	1.78453455171239e-21	1	25	46	6.03180189901969e-06	1	0	4.78903995096595	-0.525574205968334
FBLN2	ITGB3	R-HSA-194138	REACTOME_SIGNALING_BY_VEGF	2.21987177859812e-123	1.10033990178351e-122	20.4800687975369	2.33558859980003	1.10216139472329e-15	1	33	60	3.51580452476673e-05	1	0	-1.12341971762222	5.81058030327552
SEMA3G	NRP2	R-HSA-373760	REACTOME_L1CAM_INTERACTIONS	2.31514412746939e-123	1.14591306453161e-122	1.5986851476017	4.62495741444766	4.24786492228351e-10	1	26	48	3.08277767799156e-06	1	0	-3.76335283186763	4.70135266599483
COL4A6	ITGB1	R-HSA-373760	REACTOME_L1CAM_INTERACTIONS	2.31894345638185e-123	1.14614446694735e-122	9.53524221853406	1.64273129306188	8.40043231312356e-17	1	26	48	6.03180189901969e-06	1	0	1.77832375144824	-1.65313439362914
NID1	ITGB1	R-HSA-1500931	REACTOME_CELL_CELL_COMMUNICATION	3.06099594865574e-123	1.51073544668232e-122	1.19124771367259	1.64273129306188	7.83162877534108e-06	1	24	44	6.65656666441536e-07	1	0	6.87787345437884	-1.65313439362914
LAMA1	ITGB1	R-HSA-373760	REACTOME_L1CAM_INTERACTIONS	3.32046340241003e-123	1.63644614674649e-122	17.5342897380052	1.64273129306188	1.20284640763385e-16	1	26	48	6.03180189901969e-06	1	0	-6.27074375530701	-1.65313439362914
S100B	APP	R-HSA-168179	REACTOME_TOLL_LIKE_RECEPTOR_TLR1_TLR2_CASCADE	6.07073145149551e-123	2.98759888313942e-122	2.91530553230702	1.07409823105059	4.17732978317162e-10	1	41	75	0.000145460380109173	1	0	5.98997946985497	-6.19605749258721
COMP	ITGB3	R-HSA-373760	REACTOME_L1CAM_INTERACTIONS	8.55843706154773e-123	4.20586049881774e-122	10.1255608464429	2.33558859980003	1.40626030864776e-20	1	24	45	6.03180189901969e-06	1	0	4.50469248937221	5.81058030327552
L1CAM	FGFR2	R-HSA-2219530	REACTOME_CONSTITUTIVE_SIGNALING_BY_ABERRANT_PI3K_IN_CANCER	8.7701125928221e-123	4.30373570888845e-122	5.38418252448028	12.4089683634966	8.28663999565782e-34	1	19	35	1.57799919931014e-06	1	0	4.78903995096595	5.89402827446816
COL1A2	ITGB3	R-HSA-373760	REACTOME_L1CAM_INTERACTIONS	8.96375738269869e-123	4.39249649522557e-122	14.0547056107493	2.33558859980003	1.47285960426961e-20	1	24	45	6.03180189901969e-06	1	0	-0.973544102787729	5.81058030327552
COL18A1	ITGB3	R-HSA-194138	REACTOME_SIGNALING_BY_VEGF	1.01470286754267e-122	4.96526011998122e-122	6.26939471434587	2.33558859980003	5.03797714130507e-15	1	33	60	3.51580452476673e-05	1	0	0.323040890532106	5.81058030327552
COL4A5	ITGB1	R-HSA-373760	REACTOME_L1CAM_INTERACTIONS	1.20151418728434e-122	5.8710352333212e-122	5.4186994542932	1.64273129306188	4.3525160459444e-16	1	26	48	6.03180189901969e-06	1	0	6.18599343361014	-1.65313439362914
COL2A1	ITGA2B	R-HSA-373760	REACTOME_L1CAM_INTERACTIONS	2.15854112115821e-122	1.05324559670698e-121	12.5798279320328	4.02018928876498	1.26190417839797e-24	1	24	45	9.60875326373054e-06	1	0	5.28155360459047	-1.22574277327969
COL4A3	ITGB1	R-HSA-373760	REACTOME_L1CAM_INTERACTIONS	2.65947688876693e-122	1.29583576449833e-121	10.9133221434925	1.64273129306188	9.63402343033426e-16	1	26	48	6.03180189901969e-06	1	0	4.45925716993137	-1.65313439362914
LAMA5	ITGB1	R-HSA-373760	REACTOME_L1CAM_INTERACTIONS	2.87025168081423e-122	1.39655810212178e-121	4.79474119253631	1.64273129306188	1.03975605355764e-15	1	26	48	6.03180189901969e-06	1	0	7.7539223096356	-1.65313439362914
COL5A1	ITGA1	R-HSA-373760	REACTOME_L1CAM_INTERACTIONS	3.2419841489081e-122	1.57520133788755e-121	17.6910136130676	4.23950504367085	9.88858931662188e-25	1	25	46	9.60875326373054e-06	1	0	5.13171509336827	-3.47079627706584
FBN1	ITGB3	R-HSA-194138	REACTOME_SIGNALING_BY_VEGF	3.44316332947037e-122	1.6705898241718e-121	6.40013831890023	2.33558859980003	1.70952292562848e-14	1	33	60	3.51580452476673e-05	1	0	1.72756032766282	5.81058030327552
NCAM1	FGFR2	R-HSA-2219528	REACTOME_PI3K_AKT_SIGNALING_IN_CANCER	3.64870443284327e-122	1.7678229928142e-121	2.9320508687129	12.4089683634966	4.70208501851753e-29	1	30	55	6.61813608512425e-05	1	0	5.86615048162456	5.89402827446816
COL1A1	ITGA1	R-HSA-373760	REACTOME_L1CAM_INTERACTIONS	4.79688732909204e-122	2.32085687933567e-121	11.8865981117298	4.23950504367085	1.46313018869862e-24	1	25	46	9.60875326373054e-06	1	0	-1.97991822679722	-3.47079627706584
ADAM10	AXL	R-HSA-194138	REACTOME_SIGNALING_BY_VEGF	8.35417798896707e-122	4.0362882418605e-121	1.86795973205716	3.1845478086131	9.38479715538574e-12	1	33	61	4.04840306238407e-05	1	0	-6.34615646135939	6.32655190364562
SEMA3G	NRP2	R-HSA-194138	REACTOME_SIGNALING_BY_VEGF	1.18870031778778e-121	5.73510391751747e-121	1.5986851476017	4.62495741444766	4.24786492228351e-10	1	34	62	3.51580452476673e-05	1	0	-3.76335283186763	4.70135266599483
COL1A2	ITGA1	R-HSA-373760	REACTOME_L1CAM_INTERACTIONS	1.28686051851388e-121	6.20000025726577e-121	14.0547056107493	4.23950504367085	3.92513799909995e-24	1	25	46	9.60875326373054e-06	1	0	-0.973544102787729	-3.47079627706584
LAMB1	ITGB1	R-HSA-373760	REACTOME_L1CAM_INTERACTIONS	1.48099026678448e-121	7.125323801033e-121	6.55387519617198	1.64273129306188	5.36492533195653e-15	1	26	48	6.03180189901969e-06	1	0	0.951831469888455	-1.65313439362914
FBLN1	ITGB1	R-HSA-373760	REACTOME_L1CAM_INTERACTIONS	2.32870925229803e-121	1.11882120501469e-120	8.92010857076818	1.64273129306188	8.43580916000264e-15	1	26	48	6.03180189901969e-06	1	0	6.20654076664142	-1.65313439362914
L1CAM	ITGA2B	R-HSA-373760	REACTOME_L1CAM_INTERACTIONS	2.52698603829315e-121	1.2123893963359e-120	5.38418252448028	4.02018928876498	1.47730066813109e-23	1	24	45	9.60875326373054e-06	1	0	4.78903995096595	-1.22574277327969
COL18A1	ITGB1	R-HSA-373760	REACTOME_L1CAM_INTERACTIONS	2.59880780109008e-121	1.24511125846098e-120	6.26939471434587	1.64273129306188	9.41424809983805e-15	1	26	48	6.03180189901969e-06	1	0	0.323040890532106	-1.65313439362914
JAM3	ITGB1	R-HSA-373760	REACTOME_L1CAM_INTERACTIONS	5.41557727609431e-121	2.59104114461258e-120	7.72682422564567	1.64273129306188	1.96180679693249e-14	1	26	48	6.03180189901969e-06	1	0	4.56577146203116	-1.65313439362914
FBN1	ITGB1	R-HSA-373760	REACTOME_L1CAM_INTERACTIONS	8.81846302723549e-121	4.21326566856807e-120	6.40013831890023	1.64273129306188	3.19451091238149e-14	1	26	48	6.03180189901969e-06	1	0	1.72756032766282	-1.65313439362914
S100B	APP	R-HSA-168138	REACTOME_TOLL_LIKE_RECEPTOR_9_TLR9_CASCADE	9.69875420788788e-121	4.62742225730018e-120	2.91530553230702	1.07409823105059	4.17732978317162e-10	1	40	74	0.000171203066607652	1	0	5.98997946985497	-6.19605749258721
L1CAM	ITGB3	R-HSA-373760	REACTOME_L1CAM_INTERACTIONS	2.55038473334204e-120	1.21514175660618e-119	5.38418252448028	2.33558859980003	4.19060722943674e-18	1	24	45	6.03180189901969e-06	1	0	4.78903995096595	5.81058030327552
COL2A1	ITGA1	R-HSA-373760	REACTOME_L1CAM_INTERACTIONS	3.12755220525403e-120	1.48807463154549e-119	12.5798279320328	4.23950504367085	9.5395529106669e-23	1	25	46	9.60875326373054e-06	1	0	5.28155360459047	-3.47079627706584
COL6A2	ITGB1	R-HSA-373760	REACTOME_L1CAM_INTERACTIONS	3.60007317627463e-120	1.71053200640673e-119	2.61520749325399	1.64273129306188	1.30413576736245e-13	1	26	48	6.03180189901969e-06	1	0	-3.31955637394197	-1.65313439362914
THBS1	ITGB3	R-HSA-194138	REACTOME_SIGNALING_BY_VEGF	4.305212017364e-120	2.04274887444582e-119	10.1171572475629	2.33558859980003	2.13752817950321e-12	1	33	60	3.51580452476673e-05	1	0	3.36324076136934	5.81058030327552
RND1	ERBB2	R-HSA-2219528	REACTOME_PI3K_AKT_SIGNALING_IN_CANCER	1.00337539055855e-119	4.75428559713693e-119	4.60833105105072	5.2615892882842	2.81137084807974e-23	1	30	56	6.92128322728481e-05	1	0	-6.26577098121408	-6.34615646135939
CDH1	ERBB3	R-HSA-199418	REACTOME_NEGATIVE_REGULATION_OF_THE_PI3K_AKT_NETWORK	1.25563048748403e-119	5.94136021588043e-119	14.3704771513226	8.31277667281055	3.75150472033015e-34	1	28	51	6.92128322728481e-05	1	0	5.40152618533464	5.83982229038879
L1CAM	FGFR2	R-HSA-199418	REACTOME_NEGATIVE_REGULATION_OF_THE_PI3K_AKT_NETWORK	1.46844360403705e-119	6.93879944764759e-119	5.38418252448028	12.4089683634966	8.28663999565782e-34	1	27	50	6.92128322728481e-05	1	0	4.78903995096595	5.89402827446816
TNC	ITGB3	R-HSA-194138	REACTOME_SIGNALING_BY_VEGF	1.51698180575771e-119	7.15832292428878e-119	8.5066015717972	2.33558859980003	7.53178088447811e-12	1	33	60	3.51580452476673e-05	1	0	7.35469947673216	5.81058030327552
L1CAM	EGFR	R-HSA-373760	REACTOME_L1CAM_INTERACTIONS	2.22683366917609e-119	1.04935723588572e-118	5.38418252448028	2.93967772399715	1.30182866760621e-21	1	24	45	9.60875326373054e-06	1	0	4.78903995096595	-4.97288082913192
CDH1	EGFR	R-HSA-9820952	REACTOME_RESPIRATORY_SYNCYTIAL_VIRUS_INFECTION_PATHWAY	2.25105280003449e-119	1.05931896472212e-118	14.3704771513226	2.93967772399715	5.72574762232922e-27	1	23	43	1.06479831104665e-05	1	0	5.40152618533464	-4.97288082913192
LGALS3BP	ITGB1	R-HSA-373760	REACTOME_L1CAM_INTERACTIONS	3.01378889313193e-119	1.41631609185435e-118	5.08385796896564	1.64273129306188	1.09175277789221e-12	1	26	48	6.03180189901969e-06	1	0	5.6845059272368	-1.65313439362914
L1CAM	EPHB2	R-HSA-373760	REACTOME_L1CAM_INTERACTIONS	5.13604503426647e-119	2.41036765591769e-118	5.38418252448028	1.69666351620937	1.56657891349166e-21	1	25	46	9.60875326373054e-06	1	0	4.78903995096595	-2.98694876026066
COL4A1	ITGA1	R-HSA-373760	REACTOME_L1CAM_INTERACTIONS	5.31166261444181e-119	2.48938956317164e-118	11.3294445506569	4.23950504367085	1.62014518795101e-21	1	25	46	9.60875326373054e-06	1	0	4.78373488091513	-3.47079627706584
EFEMP1	EGFR	R-HSA-373760	REACTOME_L1CAM_INTERACTIONS	5.38785443932071e-119	2.52166248588615e-118	11.9073822111131	2.93967772399715	3.14979221981685e-21	1	24	45	9.60875326373054e-06	1	0	3.20088563659098	-4.97288082913192
LTBP1	ITGB3	R-HSA-194138	REACTOME_SIGNALING_BY_VEGF	7.24970570922054e-119	3.38844940757047e-118	2.6298897401509	2.33558859980003	3.59946274052546e-11	1	33	60	3.51580452476673e-05	1	0	7.03079313325193	5.81058030327552
MFGE8	ITGB3	R-HSA-194138	REACTOME_SIGNALING_BY_VEGF	8.02418613454004e-119	3.74534603837418e-118	2.73317240377774	2.33558859980003	3.98399054703467e-11	1	33	60	3.51580452476673e-05	1	0	7.14954233744459	5.81058030327552
FN1	ITGB3	R-HSA-194138	REACTOME_SIGNALING_BY_VEGF	9.4269731269609e-119	4.39414465538557e-118	4.37912027588558	2.33558859980003	4.68047116495695e-11	1	33	60	3.51580452476673e-05	1	0	3.43264151330902	5.81058030327552
COL5A2	ITGA1	R-HSA-373760	REACTOME_L1CAM_INTERACTIONS	1.02413132752165e-118	4.76726896708319e-118	9.21695136128872	4.23950504367085	3.12377039460825e-21	1	25	46	9.60875326373054e-06	1	0	4.91888270579576	-3.47079627706584
COL11A1	ITGB1	R-HSA-373760	REACTOME_L1CAM_INTERACTIONS	1.06790770274504e-118	4.96432769924722e-118	8.7209722535565	1.64273129306188	3.86852311939072e-12	1	26	48	6.03180189901969e-06	1	0	5.2194090555208	-1.65313439362914
THBS1	ITGB1	R-HSA-373760	REACTOME_L1CAM_INTERACTIONS	1.10263003426486e-118	5.11882229132406e-118	10.1171572475629	1.64273129306188	3.99430565836698e-12	1	26	48	6.03180189901969e-06	1	0	3.36324076136934	-1.65313439362914
CDH1	LRP5	R-HSA-201681	REACTOME_TCF_DEPENDENT_SIGNALING_IN_RESPONSE_TO_WNT	1.47037025563096e-118	6.81681088863948e-118	14.3704771513226	1.62670790509351	1.78614933128002e-24	1	44	80	0.000688103131538455	1	0	5.40152618533464	-5.92859293684736
HSPG2	ITGB1	R-HSA-373760	REACTOME_L1CAM_INTERACTIONS	1.47351392500316e-118	6.82219098520979e-118	3.51948105940521	1.64273129306188	5.33784209156493e-12	1	26	48	6.03180189901969e-06	1	0	4.65016389182664	-1.65313439362914
L1CAM	EGFR	R-HSA-157118	REACTOME_SIGNALING_BY_NOTCH	2.00469200149365e-118	9.26900602841152e-118	5.38418252448028	2.93967772399715	1.30182866760621e-21	1	50	92	0.00135592963493867	1	0	4.78903995096595	-4.97288082913192
EFNA5	EPHB2	R-HSA-373760	REACTOME_L1CAM_INTERACTIONS	2.09336445203844e-118	9.66600498659358e-118	6.41959189310427	1.69666351620937	6.38510874989786e-21	1	25	46	9.60875326373054e-06	1	0	6.41274743637436	-2.98694876026066
LAMC1	ITGB1	R-HSA-373760	REACTOME_L1CAM_INTERACTIONS	2.22135393490053e-118	1.02432406649569e-117	3.23766986137765	1.64273129306188	8.04691176159058e-12	1	26	48	6.03180189901969e-06	1	0	5.42501182058629	-1.65313439362914
COL4A2	ITGB3	R-HSA-373760	REACTOME_L1CAM_INTERACTIONS	2.58755091516578e-118	1.19158971193712e-117	10.9035066930124	2.33558859980003	4.25167600396513e-16	1	24	45	6.03180189901969e-06	1	0	6.44091966949719	5.81058030327552
COL4A3	ITGB3	R-HSA-373760	REACTOME_L1CAM_INTERACTIONS	3.13766803695381e-118	1.44299171752956e-117	10.9133221434925	2.33558859980003	5.15558856173085e-16	1	24	45	6.03180189901969e-06	1	0	4.45925716993137	5.81058030327552
TNC	ITGB1	R-HSA-373760	REACTOME_L1CAM_INTERACTIONS	3.88522027188324e-118	1.78440023167935e-117	8.5066015717972	1.64273129306188	1.40743103613461e-11	1	26	48	6.03180189901969e-06	1	0	7.35469947673216	-1.65313439362914
COL4A6	ITGA1	R-HSA-373760	REACTOME_L1CAM_INTERACTIONS	3.92773623944582e-118	1.80152168849248e-117	9.53524221853406	4.23950504367085	1.19802469203848e-20	1	25	46	9.60875326373054e-06	1	0	1.77832375144824	-3.47079627706584
NPNT	ITGB1	R-HSA-373760	REACTOME_L1CAM_INTERACTIONS	4.00056755031195e-118	1.8324836715144e-117	8.21361350158779	1.64273129306188	1.4492158844144e-11	1	26	48	6.03180189901969e-06	1	0	-1.10868581470011	-1.65313439362914
L1CAM	EGFR	R-HSA-2219528	REACTOME_PI3K_AKT_SIGNALING_IN_CANCER	4.64621324750481e-118	2.12539542173092e-117	5.38418252448028	2.93967772399715	1.30182866760621e-21	1	30	56	6.92128322728481e-05	1	0	4.78903995096595	-4.97288082913192
EFEMP1	EGFR	R-HSA-157118	REACTOME_SIGNALING_BY_NOTCH	4.85037964407757e-118	2.21584408706864e-117	11.9073822111131	2.93967772399715	3.14979221981685e-21	1	50	92	0.00135592963493867	1	0	3.20088563659098	-4.97288082913192
NCAM1	FGFR2	R-HSA-2219530	REACTOME_CONSTITUTIVE_SIGNALING_BY_ABERRANT_PI3K_IN_CANCER	4.97642169263167e-118	2.27040989690357e-117	2.9320508687129	12.4089683634966	4.70208501851753e-29	1	19	35	1.57799919931014e-06	1	0	5.86615048162456	5.89402827446816
LAMA1	ITGA1	R-HSA-373760	REACTOME_L1CAM_INTERACTIONS	5.62407177350853e-118	2.56249098024759e-117	17.5342897380052	4.23950504367085	1.71543516257357e-20	1	25	46	9.60875326373054e-06	1	0	-6.27074375530701	-3.47079627706584
FBLN2	ITGB3	R-HSA-373760	REACTOME_L1CAM_INTERACTIONS	6.70770473318512e-118	3.0521831061054e-117	20.4800687975369	2.33558859980003	1.10216139472329e-15	1	24	45	6.03180189901969e-06	1	0	-1.12341971762222	5.81058030327552
EFEMP1	EGFR	R-HSA-2219528	REACTOME_PI3K_AKT_SIGNALING_IN_CANCER	1.12415763323991e-117	5.10845740864637e-117	11.9073822111131	2.93967772399715	3.14979221981685e-21	1	30	56	6.92128322728481e-05	1	0	3.20088563659098	-4.97288082913192
EFNB1	ERBB2	R-HSA-2219528	REACTOME_PI3K_AKT_SIGNALING_IN_CANCER	1.15306457612211e-117	5.2329052003431e-117	2.06677780171612	5.2615892882842	3.23078696743656e-21	1	30	56	6.92128322728481e-05	1	0	-1.46243435061172	-6.34615646135939
LTBP1	ITGB1	R-HSA-373760	REACTOME_L1CAM_INTERACTIONS	1.85675948648458e-117	8.41535261331613e-117	2.6298897401509	1.64273129306188	6.72615899496749e-11	1	26	48	6.03180189901969e-06	1	0	7.03079313325193	-1.65313439362914
COL4A5	ITGA1	R-HSA-373760	REACTOME_L1CAM_INTERACTIONS	2.03507800184495e-117	9.21140569256136e-117	5.4186994542932	4.23950504367085	6.20732541037067e-20	1	25	46	9.60875326373054e-06	1	0	6.18599343361014	-3.47079627706584
FN1	ITGB1	R-HSA-373760	REACTOME_L1CAM_INTERACTIONS	2.4143906641697e-117	1.0913934145524e-116	4.37912027588558	1.64273129306188	8.74619227820244e-11	1	26	48	6.03180189901969e-06	1	0	3.43264151330902	-1.65313439362914
COL4A4	ITGB3	R-HSA-194138	REACTOME_SIGNALING_BY_VEGF	2.52084952539795e-117	1.13802130805367e-116	4.75297522418188	2.33558859980003	1.25159617577315e-09	1	33	60	3.51580452476673e-05	1	0	-5.54509567223867	5.81058030327552
COL18A1	ITGB3	R-HSA-373760	REACTOME_L1CAM_INTERACTIONS	3.06609025485732e-117	1.38235261817945e-116	6.26939471434587	2.33558859980003	5.03797714130507e-15	1	24	45	6.03180189901969e-06	1	0	0.323040890532106	5.81058030327552
COL4A3	ITGA1	R-HSA-373760	REACTOME_L1CAM_INTERACTIONS	4.50451852339536e-117	2.02821252885864e-116	10.9133221434925	4.23950504367085	1.37395285421043e-19	1	25	46	9.60875326373054e-06	1	0	4.45925716993137	-3.47079627706584
LAMA3	ITGB1	R-HSA-373760	REACTOME_L1CAM_INTERACTIONS	8.45287998705406e-117	3.80103361509359e-116	1.52751187044421	1.64273129306188	3.06207751580951e-10	1	26	48	6.03180189901969e-06	1	0	-6.34615646135939	-1.65313439362914
FBN1	ITGB3	R-HSA-373760	REACTOME_L1CAM_INTERACTIONS	1.04040797242817e-116	4.6723282312701e-116	6.40013831890023	2.33558859980003	1.70952292562848e-14	1	24	45	6.03180189901969e-06	1	0	1.72756032766282	5.81058030327552
L1CAM	EPHB2	R-HSA-2682334	REACTOME_EPH_EPHRIN_SIGNALING	1.32343004452266e-116	5.93559237699863e-116	5.38418252448028	1.69666351620937	1.56657891349166e-21	1	27	50	2.82984547090458e-05	1	0	4.78903995096595	-2.98694876026066
LAMA1	GPC1	R-HSA-9820952	REACTOME_RESPIRATORY_SYNCYTIAL_VIRUS_INFECTION_PATHWAY	1.86617239290794e-116	8.35889717656681e-116	17.5342897380052	4.39143398803966	4.74677099594702e-24	1	23	43	1.06479831104665e-05	1	0	-6.27074375530701	-6.34615646135939
LAMB1	ITGA1	R-HSA-373760	REACTOME_L1CAM_INTERACTIONS	2.50844371608433e-116	1.122112663632e-115	6.55387519617198	4.23950504367085	7.65116934349389e-19	1	25	46	9.60875326373054e-06	1	0	0.951831469888455	-3.47079627706584
WNT7A	LRP6	R-HSA-201681	REACTOME_TCF_DEPENDENT_SIGNALING_IN_RESPONSE_TO_WNT	4.15732552879136e-116	1.8572986777977e-115	11.792973304359	1.83737033179993	3.44317276789683e-19	1	44	81	0.000688103131538455	1	0	-2.56298607630723	-0.192774737109088
DCN	EGFR	R-HSA-373760	REACTOME_L1CAM_INTERACTIONS	5.16548641008805e-116	2.30470470177729e-115	12.4299900158892	2.93967772399715	3.0197937025404e-18	1	24	45	9.60875326373054e-06	1	0	-3.32916132851479	-4.97288082913192
EFNA5	EPHB2	R-HSA-2682334	REACTOME_EPH_EPHRIN_SIGNALING	5.39407538578768e-116	2.40357763304529e-115	6.41959189310427	1.69666351620937	6.38510874989786e-21	1	27	50	2.82984547090458e-05	1	0	6.41274743637436	-2.98694876026066
COL4A4	ITGB1	R-HSA-373760	REACTOME_L1CAM_INTERACTIONS	6.45627761735176e-116	2.8731688232458e-115	4.75297522418188	1.64273129306188	2.33880317219634e-09	1	26	48	6.03180189901969e-06	1	0	-5.54509567223867	-1.65313439362914
THBS1	ITGA2B	R-HSA-373760	REACTOME_L1CAM_INTERACTIONS	1.28895493429213e-115	5.72868859685393e-115	10.1171572475629	4.02018928876498	7.53535617833019e-18	1	24	45	9.60875326373054e-06	1	0	3.36324076136934	-1.22574277327969
AGRN	ITGB1	R-HSA-373760	REACTOME_L1CAM_INTERACTIONS	1.9839130097502e-115	8.80601387553637e-115	1.11546551296964	1.64273129306188	7.18677590333947e-09	1	26	48	6.03180189901969e-06	1	0	5.51142825962013	-1.65313439362914
DCN	EGFR	R-HSA-157118	REACTOME_SIGNALING_BY_NOTCH	4.65019432455366e-115	2.06142635005987e-114	12.4299900158892	2.93967772399715	3.0197937025404e-18	1	50	92	0.00135592963493867	1	0	-3.32916132851479	-4.97288082913192
COL6A2	ITGA1	R-HSA-373760	REACTOME_L1CAM_INTERACTIONS	6.09766393406288e-115	2.69960925780905e-114	2.61520749325399	4.23950504367085	1.85988862576743e-17	1	25	46	9.60875326373054e-06	1	0	-3.31955637394197	-3.47079627706584
FN1	IL17RC	R-HSA-9705671	REACTOME_SARS_COV_2_ACTIVATES_MODULATES_INNATE_AND_ADAPTIVE_IMMUNE_RESPONSES	8.09045813871113e-115	3.57727197907021e-114	4.37912027588558	8.25103730516701	1.74897774186267e-20	1	42	78	0.000700778905996012	1	0	3.43264151330902	3.25025623637429
NCAM1	FGFR2	R-HSA-199418	REACTOME_NEGATIVE_REGULATION_OF_THE_PI3K_AKT_NETWORK	8.33238402380044e-115	3.67951232886695e-114	2.9320508687129	12.4089683634966	4.70208501851753e-29	1	27	50	6.92128322728481e-05	1	0	5.86615048162456	5.89402827446816
FGF2	FGFR2	R-HSA-2219528	REACTOME_PI3K_AKT_SIGNALING_IN_CANCER	1.01556797408179e-114	4.47891516774535e-114	1.22084110229944	12.4089683634966	1.30876234129358e-21	1	30	55	6.61813608512425e-05	1	0	5.86272009779499	5.89402827446816
DCN	EGFR	R-HSA-2219528	REACTOME_PI3K_AKT_SIGNALING_IN_CANCER	1.07776129490789e-114	4.74711761137407e-114	12.4299900158892	2.93967772399715	3.0197937025404e-18	1	30	56	6.92128322728481e-05	1	0	-3.32916132851479	-4.97288082913192
THBS1	ITGB3	R-HSA-373760	REACTOME_L1CAM_INTERACTIONS	1.3008900471033e-114	5.72258537344674e-114	10.1171572475629	2.33558859980003	2.13752817950321e-12	1	24	45	6.03180189901969e-06	1	0	3.36324076136934	5.81058030327552
COL18A1	GPC1	R-HSA-9820952	REACTOME_RESPIRATORY_SYNCYTIAL_VIRUS_INFECTION_PATHWAY	1.46058630531752e-114	6.41687980880237e-114	6.26939471434587	4.39143398803966	3.71512767925756e-22	1	23	43	1.06479831104665e-05	1	0	0.323040890532106	-6.34615646135939
S100B	APP	R-HSA-166166	REACTOME_MYD88_INDEPENDENT_TLR4_CASCADE	2.11538927712818e-114	9.28181009352159e-114	2.91530553230702	1.07409823105059	4.17732978317162e-10	1	44	80	0.000364351790280567	1	0	5.98997946985497	-6.19605749258721
FN1	ITGA2B	R-HSA-373760	REACTOME_L1CAM_INTERACTIONS	2.82237982204542e-114	1.23681357806831e-113	4.37912027588558	4.02018928876498	1.64999075327052e-16	1	24	45	9.60875326373054e-06	1	0	3.43264151330902	-1.22574277327969
L1CAM	ERBB3	R-HSA-199418	REACTOME_NEGATIVE_REGULATION_OF_THE_PI3K_AKT_NETWORK	2.854851230523e-114	1.24945142913475e-113	5.38418252448028	8.31277667281055	8.52956978498308e-29	1	28	51	6.92128322728481e-05	1	0	4.78903995096595	5.83982229038879
TNC	ITGB3	R-HSA-373760	REACTOME_L1CAM_INTERACTIONS	4.58380800942595e-114	2.00359587705531e-113	8.5066015717972	2.33558859980003	7.53178088447811e-12	1	24	45	6.03180189901969e-06	1	0	7.35469947673216	5.81058030327552
L1CAM	EGFR	R-HSA-9820952	REACTOME_RESPIRATORY_SYNCYTIAL_VIRUS_INFECTION_PATHWAY	5.11808284380514e-114	2.23428997242255e-113	5.38418252448028	2.93967772399715	1.30182866760621e-21	1	23	43	1.06479831104665e-05	1	0	4.78903995096595	-4.97288082913192
NID1	ITGB3	R-HSA-194138	REACTOME_SIGNALING_BY_VEGF	8.44122238079216e-114	3.6803301634886e-113	1.19124771367259	2.33558859980003	4.19104811461619e-06	1	33	60	3.51580452476673e-05	1	0	6.87787345437884	5.81058030327552
EFEMP1	EGFR	R-HSA-9820952	REACTOME_RESPIRATORY_SYNCYTIAL_VIRUS_INFECTION_PATHWAY	1.23832712575292e-113	5.39220925644312e-113	11.9073822111131	2.93967772399715	3.14979221981685e-21	1	23	43	1.06479831104665e-05	1	0	3.20088563659098	-4.97288082913192
LTBP1	ITGB3	R-HSA-373760	REACTOME_L1CAM_INTERACTIONS	2.19061685313408e-113	9.52682929807995e-113	2.6298897401509	2.33558859980003	3.59946274052546e-11	1	24	45	6.03180189901969e-06	1	0	7.03079313325193	5.81058030327552
COL8A1	ITGA1	R-HSA-373760	REACTOME_L1CAM_INTERACTIONS	2.22467115370013e-113	9.66271309182884e-113	7.95372452427371	4.23950504367085	6.78561596634739e-16	1	25	46	9.60875326373054e-06	1	0	-5.06654949952829	-3.47079627706584
MFGE8	ITGB3	R-HSA-373760	REACTOME_L1CAM_INTERACTIONS	2.42463874866696e-113	1.05179789349487e-112	2.73317240377774	2.33558859980003	3.98399054703467e-11	1	24	45	6.03180189901969e-06	1	0	7.14954233744459	5.81058030327552
ANXA1	EGFR	R-HSA-373760	REACTOME_L1CAM_INTERACTIONS	2.48790737993039e-113	1.07788430566254e-112	3.78540835500689	2.93967772399715	1.45445490355854e-15	1	24	45	9.60875326373054e-06	1	0	5.66002539089596	-4.97288082913192
FN1	ITGB3	R-HSA-373760	REACTOME_L1CAM_INTERACTIONS	2.84851372376368e-113	1.232564428899e-112	4.37912027588558	2.33558859980003	4.68047116495695e-11	1	24	45	6.03180189901969e-06	1	0	3.43264151330902	5.81058030327552
SEMA4D	ERBB2	R-HSA-2219528	REACTOME_PI3K_AKT_SIGNALING_IN_CANCER	3.31724634919161e-113	1.43358384939939e-112	1.01462714481266	5.2615892882842	9.29463665321184e-17	1	30	56	6.92128322728481e-05	1	0	7.0765425972243	-6.34615646135939
SORBS1	ITGA1	R-HSA-373760	REACTOME_L1CAM_INTERACTIONS	3.57684235880058e-113	1.54383158271945e-112	3.00010852256686	4.23950504367085	1.09099623908984e-15	1	25	46	9.60875326373054e-06	1	0	6.07754751096769	-3.47079627706584
LAMC1	ITGA1	R-HSA-373760	REACTOME_L1CAM_INTERACTIONS	3.76244290335457e-113	1.62190521147114e-112	3.23766986137765	4.23950504367085	1.14760748324579e-15	1	25	46	9.60875326373054e-06	1	0	5.42501182058629	-3.47079627706584
TNC	EGFR	R-HSA-373760	REACTOME_L1CAM_INTERACTIONS	4.00228948792872e-113	1.72313840281287e-112	8.5066015717972	2.93967772399715	2.33977744434425e-15	1	24	45	9.60875326373054e-06	1	0	7.35469947673216	-4.97288082913192
L1CAM	ERBB2	R-HSA-199418	REACTOME_NEGATIVE_REGULATION_OF_THE_PI3K_AKT_NETWORK	6.68070426152855e-113	2.87270283245728e-112	5.38418252448028	5.2615892882842	1.99602461250152e-27	1	28	51	6.92128322728481e-05	1	0	4.78903995096595	-6.34615646135939
EFNB1	EPHB2	R-HSA-373760	REACTOME_L1CAM_INTERACTIONS	8.3132578911838e-113	3.57023809558955e-112	2.06677780171612	1.69666351620937	2.53568152690598e-15	1	25	46	9.60875326373054e-06	1	0	-1.46243435061172	-2.98694876026066
SLIT2	GPC1	R-HSA-9820952	REACTOME_RESPIRATORY_SYNCYTIAL_VIRUS_INFECTION_PATHWAY	9.19495241976071e-113	3.94396961645597e-112	6.43545090641173	4.39143398803966	2.33881572898105e-20	1	23	43	1.06479831104665e-05	1	0	2.55777934270203	-6.34615646135939
VCL	ITGA1	R-HSA-373760	REACTOME_L1CAM_INTERACTIONS	1.18962290584291e-112	5.09626749202941e-112	1.50547573342494	4.23950504367085	3.62854715421385e-15	1	25	46	9.60875326373054e-06	1	0	4.67617778855706	-3.47079627706584
EFNB1	EPHB4	R-HSA-2682334	REACTOME_EPH_EPHRIN_SIGNALING	1.63872876035242e-112	7.01147628807501e-112	2.06677780171612	2.4376419275341	1.93980628709874e-17	1	27	50	2.82984547090458e-05	1	0	-1.46243435061172	5.37305011989846
CDH1	EGFR	R-HSA-199418	REACTOME_NEGATIVE_REGULATION_OF_THE_PI3K_AKT_NETWORK	1.91641056434631e-112	8.18938179049854e-112	14.3704771513226	2.93967772399715	5.72574762232922e-27	1	28	51	6.92128322728481e-05	1	0	5.40152618533464	-4.97288082913192
NID1	ITGB1	R-HSA-373760	REACTOME_L1CAM_INTERACTIONS	2.1619249610543e-112	9.2270742754675e-112	1.19124771367259	1.64273129306188	7.83162877534108e-06	1	26	48	6.03180189901969e-06	1	0	6.87787345437884	-1.65313439362914
ANXA1	EGFR	R-HSA-157118	REACTOME_SIGNALING_BY_NOTCH	2.23972184992551e-112	9.54726538258209e-112	3.78540835500689	2.93967772399715	1.45445490355854e-15	1	50	92	0.00135592963493867	1	0	5.66002539089596	-4.97288082913192
LAMA1	SDC4	R-HSA-9820952	REACTOME_RESPIRATORY_SYNCYTIAL_VIRUS_INFECTION_PATHWAY	2.45983351993407e-112	1.04725585502144e-111	17.5342897380052	1.20804741852566	6.25679945307032e-20	1	23	43	1.06479831104665e-05	1	0	-6.27074375530701	-4.21601081838777
PTN	SDC1	R-HSA-9820952	REACTOME_RESPIRATORY_SYNCYTIAL_VIRUS_INFECTION_PATHWAY	3.47763268542891e-112	1.4787461604296e-111	12.0614597856604	7.03887851379973	1.92861936383569e-24	1	23	42	1.06479831104665e-05	1	0	-6.04447813954024	4.20001468766753
TNC	EGFR	R-HSA-157118	REACTOME_SIGNALING_BY_NOTCH	3.60303413549581e-112	1.53017746001303e-111	8.5066015717972	2.93967772399715	2.33977744434425e-15	1	50	92	0.00135592963493867	1	0	7.35469947673216	-4.97288082913192
ANXA1	EGFR	R-HSA-2219528	REACTOME_PI3K_AKT_SIGNALING_IN_CANCER	5.19093472817591e-112	2.2018268144174e-111	3.78540835500689	2.93967772399715	1.45445490355854e-15	1	30	56	6.92128322728481e-05	1	0	5.66002539089596	-4.97288082913192
EFNB1	EPHB3	R-HSA-2682334	REACTOME_EPH_EPHRIN_SIGNALING	5.23841313613605e-112	2.21922921038276e-111	2.06677780171612	2.66398278170484	6.2008472553518e-17	1	27	50	2.82984547090458e-05	1	0	-1.46243435061172	5.2668835215113
COL17A1	CD151	R-HSA-2022090	REACTOME_ASSEMBLY_OF_COLLAGEN_FIBRILS_AND_OTHER_MULTIMERIC_STRUCTURES	6.48871935305165e-112	2.74553438800709e-111	8.8967105526396	1.66198423914077	8.47168023999971e-20	1	9	17	1.89495925116447e-11	1	0	-0.580402338253546	4.41472398449643
COL4A4	ITGB3	R-HSA-373760	REACTOME_L1CAM_INTERACTIONS	7.6171580972292e-112	3.21904469956615e-111	4.75297522418188	2.33558859980003	1.25159617577315e-09	1	24	45	6.03180189901969e-06	1	0	-5.54509567223867	5.81058030327552
TNC	EGFR	R-HSA-2219528	REACTOME_PI3K_AKT_SIGNALING_IN_CANCER	8.35064185375095e-112	3.52468809532555e-111	8.5066015717972	2.93967772399715	2.33977744434425e-15	1	30	56	6.92128322728481e-05	1	0	7.35469947673216	-4.97288082913192
DCN	MET	R-HSA-2219528	REACTOME_PI3K_AKT_SIGNALING_IN_CANCER	9.39476948452712e-112	3.96054007681045e-111	12.4299900158892	2.64032224114379	8.8202129025133e-15	1	30	56	6.61813608512425e-05	1	0	-3.32916132851479	11.2515502894158
WNT2	LRP6	R-HSA-201681	REACTOME_TCF_DEPENDENT_SIGNALING_IN_RESPONSE_TO_WNT	2.0461185857819e-111	8.61523615066064e-111	14.5622583700428	1.83737033179993	1.69463270212088e-14	1	44	81	0.000688103131538455	1	0	-3.11640413984048	-0.192774737109088
SEMA5A	MET	R-HSA-2219528	REACTOME_PI3K_AKT_SIGNALING_IN_CANCER	2.17991192894279e-111	9.16735578919708e-111	16.1408444326762	2.64032224114379	2.04659490088295e-14	1	30	56	6.61813608512425e-05	1	0	-4.27209030279128	11.2515502894158
WNT5A	RYK	R-HSA-201681	REACTOME_TCF_DEPENDENT_SIGNALING_IN_RESPONSE_TO_WNT	3.36429292123617e-111	1.41308518303448e-110	4.8259126929938	1.92217067020479	2.78636870974021e-14	1	44	81	0.000688103131538455	1	0	-0.0541399739889715	3.31430552196655
LAMA1	GPC1	R-HSA-3781865	REACTOME_DISEASES_OF_GLYCOSYLATION	3.81415543651154e-111	1.59813577364187e-110	17.5342897380052	4.39143398803966	4.74677099594702e-24	1	13	25	6.07808930426086e-08	1	0	-6.27074375530701	-6.34615646135939
LAMA1	GPC1	R-HSA-5668914	REACTOME_DISEASES_OF_METABOLISM	3.81415543651154e-111	1.59813577364187e-110	17.5342897380052	4.39143398803966	4.74677099594702e-24	1	13	25	6.07808930426086e-08	1	0	-6.27074375530701	-6.34615646135939
RND1	MET	R-HSA-2219528	REACTOME_PI3K_AKT_SIGNALING_IN_CANCER	5.70446512439293e-111	2.38727007638828e-110	4.60833105105072	2.64032224114379	5.35559674720856e-14	1	30	56	6.61813608512425e-05	1	0	-6.26577098121408	11.2515502894158
PTN	SDC1	R-HSA-202733	REACTOME_CELL_SURFACE_INTERACTIONS_AT_THE_VASCULAR_WALL	7.9222248732157e-111	3.31135523254702e-110	12.0614597856604	7.03887851379973	1.92861936383569e-24	1	18	33	1.08184031482621e-06	1	0	-6.04447813954024	4.20001468766753
COL4A4	ITGA1	R-HSA-373760	REACTOME_L1CAM_INTERACTIONS	1.093539193455e-110	4.56526071054028e-110	4.75297522418188	4.23950504367085	3.3354758965581e-13	1	25	46	9.60875326373054e-06	1	0	-5.54509567223867	-3.47079627706584
DCN	EGFR	R-HSA-9820952	REACTOME_RESPIRATORY_SYNCYTIAL_VIRUS_INFECTION_PATHWAY	1.1872187735136e-110	4.950342522287e-110	12.4299900158892	2.93967772399715	3.0197937025404e-18	1	23	43	1.06479831104665e-05	1	0	-3.32916132851479	-4.97288082913192
FGF2	FGFR2	R-HSA-2219530	REACTOME_CONSTITUTIVE_SIGNALING_BY_ABERRANT_PI3K_IN_CANCER	1.38512027750748e-110	5.76853965451057e-110	1.22084110229944	12.4089683634966	1.30876234129358e-21	1	19	35	1.57799919931014e-06	1	0	5.86272009779499	5.89402827446816
WNT5A	FZD6	R-HSA-201681	REACTOME_TCF_DEPENDENT_SIGNALING_IN_RESPONSE_TO_WNT	1.64420184226024e-110	6.83924345510912e-110	4.8259126929938	3.88259018375091	1.99731326840687e-16	1	44	80	0.000688103131538455	1	0	-0.0541399739889715	-5.2745376762407
EFNB1	EPHB2	R-HSA-2682334	REACTOME_EPH_EPHRIN_SIGNALING	2.1421181449257e-110	8.89962127843526e-110	2.06677780171612	1.69666351620937	2.53568152690598e-15	1	27	50	2.82984547090458e-05	1	0	-1.46243435061172	-2.98694876026066
S100B	APP	R-HSA-446652	REACTOME_INTERLEUKIN_1_FAMILY_SIGNALING	2.95435515915294e-110	1.22593265952788e-109	2.91530553230702	1.07409823105059	4.17732978317162e-10	1	36	66	0.000145460380109173	1	0	5.98997946985497	-6.19605749258721
LAMA3	COL17A1	R-HSA-2022090	REACTOME_ASSEMBLY_OF_COLLAGEN_FIBRILS_AND_OTHER_MULTIMERIC_STRUCTURES	1.23274550065442e-109	5.10921026777253e-109	1.52751187044421	8.8967105526396	1.60947409351755e-17	1	9	17	1.89495925116447e-11	1	0	-6.34615646135939	-0.580402338253546
LAMA1	GPC1	R-HSA-196854	REACTOME_METABOLISM_OF_VITAMINS_AND_COFACTORS	1.70762012012487e-109	7.0688486320452e-109	17.5342897380052	4.39143398803966	4.74677099594702e-24	1	16	30	5.72386051316474e-07	1	0	-6.27074375530701	-6.34615646135939
LAMA1	ITGA6	R-HSA-2022090	REACTOME_ASSEMBLY_OF_COLLAGEN_FIBRILS_AND_OTHER_MULTIMERIC_STRUCTURES	2.0205376492493e-109	8.35414604978075e-109	17.5342897380052	1.21558443268924	2.63801652467377e-17	1	9	17	1.89495925116447e-11	1	0	-6.27074375530701	-4.68122835464662
LAMA5	SDC1	R-HSA-9820952	REACTOME_RESPIRATORY_SYNCYTIAL_VIRUS_INFECTION_PATHWAY	2.77220420834403e-109	1.14482382673511e-108	4.79474119253631	7.03887851379973	1.53740409075425e-21	1	23	42	1.06479831104665e-05	1	0	7.7539223096356	4.20001468766753
DCN	MET	R-HSA-2219530	REACTOME_CONSTITUTIVE_SIGNALING_BY_ABERRANT_PI3K_IN_CANCER	2.94606621405433e-109	1.21516400196006e-108	12.4299900158892	2.64032224114379	8.8202129025133e-15	1	19	36	1.57799919931014e-06	1	0	-3.32916132851479	11.2515502894158
COL18A1	GPC1	R-HSA-3781865	REACTOME_DISEASES_OF_GLYCOSYLATION	2.98520287733993e-109	1.22836099258964e-108	6.26939471434587	4.39143398803966	3.71512767925756e-22	1	13	25	6.07808930426086e-08	1	0	0.323040890532106	-6.34615646135939
COL18A1	GPC1	R-HSA-5668914	REACTOME_DISEASES_OF_METABOLISM	2.98520287733993e-109	1.22836099258964e-108	6.26939471434587	4.39143398803966	3.71512767925756e-22	1	13	25	6.07808930426086e-08	1	0	0.323040890532106	-6.34615646135939
APP	GPC1	R-HSA-9820952	REACTOME_RESPIRATORY_SYNCYTIAL_VIRUS_INFECTION_PATHWAY	4.85883044560647e-109	1.99693867776419e-108	1.07409823105059	4.39143398803966	1.23588557633147e-16	1	23	43	1.06479831104665e-05	1	0	-6.19605749258721	-6.34615646135939
SEMA5A	MET	R-HSA-2219530	REACTOME_CONSTITUTIVE_SIGNALING_BY_ABERRANT_PI3K_IN_CANCER	6.83589405152459e-109	2.80614266554232e-108	16.1408444326762	2.64032224114379	2.04659490088295e-14	1	19	36	1.57799919931014e-06	1	0	-4.27209030279128	11.2515502894158
RND1	ERBB2	R-HSA-199418	REACTOME_NEGATIVE_REGULATION_OF_THE_PI3K_AKT_NETWORK	9.40967214926521e-109	3.85807773462125e-108	4.60833105105072	5.2615892882842	2.81137084807974e-23	1	28	51	6.92128322728481e-05	1	0	-6.26577098121408	-6.34615646135939
LAMA5	ITGA6	R-HSA-2022090	REACTOME_ASSEMBLY_OF_COLLAGEN_FIBRILS_AND_OTHER_MULTIMERIC_STRUCTURES	1.74657898042091e-108	7.15265677696181e-108	4.79474119253631	1.21558443268924	2.28033573821803e-16	1	9	17	1.89495925116447e-11	1	0	7.7539223096356	-4.68122835464662
RND1	MET	R-HSA-2219530	REACTOME_CONSTITUTIVE_SIGNALING_BY_ABERRANT_PI3K_IN_CANCER	1.78883920461314e-108	7.31701172873863e-108	4.60833105105072	2.64032224114379	5.35559674720856e-14	1	19	36	1.57799919931014e-06	1	0	-6.26577098121408	11.2515502894158
NID1	ITGB3	R-HSA-373760	REACTOME_L1CAM_INTERACTIONS	2.55065305408156e-108	1.04207203159627e-107	1.19124771367259	2.33558859980003	4.19104811461619e-06	1	24	45	6.03180189901969e-06	1	0	6.87787345437884	5.81058030327552
ANXA1	EGFR	R-HSA-9820952	REACTOME_RESPIRATORY_SYNCYTIAL_VIRUS_INFECTION_PATHWAY	5.71812625902551e-108	2.33337536548609e-107	3.78540835500689	2.93967772399715	1.45445490355854e-15	1	23	43	1.06479831104665e-05	1	0	5.66002539089596	-4.97288082913192
LAMA5	SDC1	R-HSA-202733	REACTOME_CELL_SURFACE_INTERACTIONS_AT_THE_VASCULAR_WALL	6.31522277352522e-108	2.57397705461218e-107	4.79474119253631	7.03887851379973	1.53740409075425e-21	1	18	33	1.08184031482621e-06	1	0	7.7539223096356	4.20001468766753
THBS1	SDC4	R-HSA-9820952	REACTOME_RESPIRATORY_SYNCYTIAL_VIRUS_INFECTION_PATHWAY	8.1683969665263e-108	3.32535923844384e-107	10.1171572475629	1.20804741852566	2.07770246475838e-15	1	23	43	1.06479831104665e-05	1	0	3.36324076136934	-4.21601081838777
LAMA3	CD151	R-HSA-2022090	REACTOME_ASSEMBLY_OF_COLLAGEN_FIBRILS_AND_OTHER_MULTIMERIC_STRUCTURES	8.29800825392087e-108	3.3741310157787e-107	1.52751187044421	1.66198423914077	1.08338901301125e-15	1	9	17	1.89495925116447e-11	1	0	-6.34615646135939	4.41472398449643
LAMB1	ITGA6	R-HSA-2022090	REACTOME_ASSEMBLY_OF_COLLAGEN_FIBRILS_AND_OTHER_MULTIMERIC_STRUCTURES	9.01198486343166e-108	3.66012136129928e-107	6.55387519617198	1.21558443268924	1.17660588995585e-15	1	9	17	1.89495925116447e-11	1	0	0.951831469888455	-4.68122835464662
TNC	EGFR	R-HSA-9820952	REACTOME_RESPIRATORY_SYNCYTIAL_VIRUS_INFECTION_PATHWAY	9.19873336192575e-108	3.73156164681894e-107	8.5066015717972	2.93967772399715	2.33977744434425e-15	1	23	43	1.06479831104665e-05	1	0	7.35469947673216	-4.97288082913192
COL18A1	GPC1	R-HSA-196854	REACTOME_METABOLISM_OF_VITAMINS_AND_COFACTORS	1.33649311908028e-107	5.41523713738065e-107	6.26939471434587	4.39143398803966	3.71512767925756e-22	1	16	30	5.72386051316474e-07	1	0	0.323040890532106	-6.34615646135939
THBS1	LRP5	R-HSA-201681	REACTOME_TCF_DEPENDENT_SIGNALING_IN_RESPONSE_TO_WNT	1.70523103902786e-107	6.90117032265392e-107	10.1171572475629	1.62670790509351	2.07144919340779e-13	1	44	80	0.000688103131538455	1	0	3.36324076136934	-5.92859293684736
SLIT2	GPC1	R-HSA-3781865	REACTOME_DISEASES_OF_GLYCOSYLATION	1.87929999894846e-107	7.58778403331302e-107	6.43545090641173	4.39143398803966	2.33881572898105e-20	1	13	25	6.07808930426086e-08	1	0	2.55777934270203	-6.34615646135939
SLIT2	GPC1	R-HSA-5668914	REACTOME_DISEASES_OF_METABOLISM	1.87929999894846e-107	7.58778403331302e-107	6.43545090641173	4.39143398803966	2.33881572898105e-20	1	13	25	6.07808930426086e-08	1	0	2.55777934270203	-6.34615646135939
FGF2	FGFR2	R-HSA-199418	REACTOME_NEGATIVE_REGULATION_OF_THE_PI3K_AKT_NETWORK	2.31920741130802e-107	9.35295837620114e-107	1.22084110229944	12.4089683634966	1.30876234129358e-21	1	27	50	6.92128322728481e-05	1	0	5.86272009779499	5.89402827446816
TNC	SDC4	R-HSA-9820952	REACTOME_RESPIRATORY_SYNCYTIAL_VIRUS_INFECTION_PATHWAY	2.87821123104962e-107	1.1593731422495e-106	8.5066015717972	1.20804741852566	7.32097937129289e-15	1	23	43	1.06479831104665e-05	1	0	7.35469947673216	-4.21601081838777
COL17A1	ITGA6	R-HSA-2022090	REACTOME_ASSEMBLY_OF_COLLAGEN_FIBRILS_AND_OTHER_MULTIMERIC_STRUCTURES	4.02214831014873e-107	1.61826785811832e-106	8.8967105526396	1.21558443268924	5.25132194928573e-15	1	9	17	1.89495925116447e-11	1	0	-0.580402338253546	-4.68122835464662
L1CAM	EGFR	R-HSA-199418	REACTOME_NEGATIVE_REGULATION_OF_THE_PI3K_AKT_NETWORK	4.35722699659355e-107	1.75103514816376e-106	5.38418252448028	2.93967772399715	1.30182866760621e-21	1	28	51	6.92128322728481e-05	1	0	4.78903995096595	-4.97288082913192
EFEMP1	EGFR	R-HSA-199418	REACTOME_NEGATIVE_REGULATION_OF_THE_PI3K_AKT_NETWORK	1.05423701561916e-106	4.23170984099171e-106	11.9073822111131	2.93967772399715	3.14979221981685e-21	1	28	51	6.92128322728481e-05	1	0	3.20088563659098	-4.97288082913192
EFNB1	ERBB2	R-HSA-199418	REACTOME_NEGATIVE_REGULATION_OF_THE_PI3K_AKT_NETWORK	1.08134599775271e-106	4.33546647117638e-106	2.06677780171612	5.2615892882842	3.23078696743656e-21	1	28	51	6.92128322728481e-05	1	0	-1.46243435061172	-6.34615646135939
COL16A1	ITGB1	R-HSA-373755	REACTOME_SEMAPHORIN_INTERACTIONS	1.46328185396271e-106	5.85994130108467e-106	12.9334956641832	1.64273129306188	1.41417537656979e-24	1	20	38	1.34840703614306e-05	1	0	5.80814713736568	-1.65313439362914
SLIT2	SDC1	R-HSA-9820952	REACTOME_RESPIRATORY_SYNCYTIAL_VIRUS_INFECTION_PATHWAY	1.58016217702835e-106	6.32064870811338e-106	6.43545090641173	7.03887851379973	8.76323536233891e-19	1	23	42	1.06479831104665e-05	1	0	2.55777934270203	4.20001468766753
SLIT2	GPC1	R-HSA-196854	REACTOME_METABOLISM_OF_VITAMINS_AND_COFACTORS	8.4137380958185e-106	3.36158641691238e-105	6.43545090641173	4.39143398803966	2.33881572898105e-20	1	16	30	5.72386051316474e-07	1	0	2.55777934270203	-6.34615646135939
THBS1	SDC1	R-HSA-9820952	REACTOME_RESPIRATORY_SYNCYTIAL_VIRUS_INFECTION_PATHWAY	1.06496431712513e-105	4.24997360894482e-105	10.1171572475629	7.03887851379973	5.90606021276296e-18	1	23	42	1.06479831104665e-05	1	0	3.36324076136934	4.20001468766753
HSPG2	SDC1	R-HSA-9820952	REACTOME_RESPIRATORY_SYNCYTIAL_VIRUS_INFECTION_PATHWAY	1.42317885614424e-105	5.67292614731888e-105	3.51948105940521	7.03887851379973	7.8926400469542e-18	1	23	42	1.06479831104665e-05	1	0	4.65016389182664	4.20001468766753
WNT5A	FZD2	R-HSA-201681	REACTOME_TCF_DEPENDENT_SIGNALING_IN_RESPONSE_TO_WNT	1.74605937925287e-105	6.95190308406235e-105	4.8259126929938	3.28789458091362	2.12104589349805e-11	1	44	80	0.000688103131538455	1	0	-0.0541399739889715	0.665354155033911
PTN	SDC1	R-HSA-196854	REACTOME_METABOLISM_OF_VITAMINS_AND_COFACTORS	2.04107129485041e-105	8.1170927795207e-105	12.0614597856604	7.03887851379973	1.92861936383569e-24	1	15	29	1.19032577740613e-06	1	0	-6.04447813954024	4.20001468766753
LAMA1	SDC4	R-HSA-196854	REACTOME_METABOLISM_OF_VITAMINS_AND_COFACTORS	2.2508430768562e-105	8.94099328450964e-105	17.5342897380052	1.20804741852566	6.25679945307032e-20	1	16	30	5.72386051316474e-07	1	0	-6.27074375530701	-4.21601081838777
FGF2	FGFR3	R-HSA-2219528	REACTOME_PI3K_AKT_SIGNALING_IN_CANCER	3.1803460777834e-105	1.261867417252e-104	1.22084110229944	4.05722087136925	4.09851165565448e-12	1	30	55	6.61813608512425e-05	1	0	5.86272009779499	-0.41857284145358
SLIT2	SDC1	R-HSA-202733	REACTOME_CELL_SURFACE_INTERACTIONS_AT_THE_VASCULAR_WALL	3.59969014410867e-105	1.42660531056841e-104	6.43545090641173	7.03887851379973	8.76323536233891e-19	1	18	33	1.08184031482621e-06	1	0	2.55777934270203	4.20001468766753
TNC	SDC1	R-HSA-9820952	REACTOME_RESPIRATORY_SYNCYTIAL_VIRUS_INFECTION_PATHWAY	3.75250158724856e-105	1.48545517377849e-104	8.5066015717972	7.03887851379973	2.08105567166854e-17	1	23	42	1.06479831104665e-05	1	0	7.35469947673216	4.20001468766753
WNT5A	LRP5	R-HSA-201681	REACTOME_TCF_DEPENDENT_SIGNALING_IN_RESPONSE_TO_WNT	4.44834781711532e-105	1.75888695297433e-104	4.8259126929938	1.62670790509351	5.40368213272376e-11	1	44	80	0.000688103131538455	1	0	-0.0541399739889715	-5.92859293684736
LUM	ITGB1	R-HSA-373755	REACTOME_SEMAPHORIN_INTERACTIONS	5.60721162872004e-105	2.21455889813972e-104	11.828176566468	1.64273129306188	5.41903844093848e-23	1	20	38	1.34840703614306e-05	1	0	4.04840561928604	-1.65313439362914
DCN	MET	R-HSA-9856651	REACTOME_MITF_M_DEPENDENT_GENE_EXPRESSION	5.77761038722099e-105	2.27924079495874e-104	12.4299900158892	2.64032224114379	8.8202129025133e-15	1	25	46	2.06308516637576e-05	1	0	-3.32916132851479	11.2515502894158
THBS1	ITGA6	R-HSA-2022090	REACTOME_ASSEMBLY_OF_COLLAGEN_FIBRILS_AND_OTHER_MULTIMERIC_STRUCTURES	6.70962220456387e-105	2.64388320546388e-104	10.1171572475629	1.21558443268924	8.7600912838886e-13	1	9	17	1.89495925116447e-11	1	0	3.36324076136934	-4.68122835464662
L1CAM	ERBB2	R-HSA-373755	REACTOME_SEMAPHORIN_INTERACTIONS	7.65843260974e-105	3.01430299513794e-104	5.38418252448028	5.2615892882842	1.99602461250152e-27	1	20	37	1.34840703614306e-05	1	0	4.78903995096595	-6.34615646135939
SEMA5A	MET	R-HSA-9856651	REACTOME_MITF_M_DEPENDENT_GENE_EXPRESSION	1.34060573009586e-104	5.27049567031974e-104	16.1408444326762	2.64032224114379	2.04659490088295e-14	1	25	46	2.06308516637576e-05	1	0	-4.27209030279128	11.2515502894158
LAMC1	ITGA6	R-HSA-2022090	REACTOME_ASSEMBLY_OF_COLLAGEN_FIBRILS_AND_OTHER_MULTIMERIC_STRUCTURES	1.35171773148197e-104	5.30811529257761e-104	3.23766986137765	1.21558443268924	1.76480438940043e-12	1	9	17	1.89495925116447e-11	1	0	5.42501182058629	-4.68122835464662
SEMA4D	MET	R-HSA-2219528	REACTOME_PI3K_AKT_SIGNALING_IN_CANCER	1.88594580712702e-104	7.39755253878785e-104	1.01462714481266	2.64032224114379	1.77060688597618e-07	1	30	56	6.61813608512425e-05	1	0	7.0765425972243	11.2515502894158
THBS1	SDC1	R-HSA-202733	REACTOME_CELL_SURFACE_INTERACTIONS_AT_THE_VASCULAR_WALL	2.42604310615262e-104	9.5052258373178e-104	10.1171572475629	7.03887851379973	5.90606021276296e-18	1	18	33	1.08184031482621e-06	1	0	3.36324076136934	4.20001468766753
COL16A1	ITGA1	R-HSA-373755	REACTOME_SEMAPHORIN_INTERACTIONS	2.73066541115796e-104	1.06865631562951e-103	12.9334956641832	4.23950504367085	2.01682122639883e-28	1	20	38	2.82984547090458e-05	1	0	5.80814713736568	-3.47079627706584
HSPG2	SDC1	R-HSA-202733	REACTOME_CELL_SURFACE_INTERACTIONS_AT_THE_VASCULAR_WALL	3.24207412140481e-104	1.26735624745824e-103	3.51948105940521	7.03887851379973	7.8926400469542e-18	1	18	33	1.08184031482621e-06	1	0	4.65016389182664	4.20001468766753
RND1	MET	R-HSA-9856651	REACTOME_MITF_M_DEPENDENT_GENE_EXPRESSION	3.50814110027005e-104	1.3698076486866e-103	4.60833105105072	2.64032224114379	5.35559674720856e-14	1	25	46	2.06308516637576e-05	1	0	-6.26577098121408	11.2515502894158
TNC	SDC1	R-HSA-202733	REACTOME_CELL_SURFACE_INTERACTIONS_AT_THE_VASCULAR_WALL	8.54839027015168e-104	3.33406604640837e-103	8.5066015717972	7.03887851379973	2.08105567166854e-17	1	18	33	1.08184031482621e-06	1	0	7.35469947673216	4.20001468766753
APP	GPC1	R-HSA-3781865	REACTOME_DISEASES_OF_GLYCOSYLATION	9.93066590719412e-104	3.86442202723391e-103	1.07409823105059	4.39143398803966	1.23588557633147e-16	1	13	25	6.07808930426086e-08	1	0	-6.19605749258721	-6.34615646135939
APP	GPC1	R-HSA-5668914	REACTOME_DISEASES_OF_METABOLISM	9.93066590719412e-104	3.86442202723391e-103	1.07409823105059	4.39143398803966	1.23588557633147e-16	1	13	25	6.07808930426086e-08	1	0	-6.19605749258721	-6.34615646135939
DCN	EGFR	R-HSA-199418	REACTOME_NEGATIVE_REGULATION_OF_THE_PI3K_AKT_NETWORK	1.01072644751686e-103	3.92869941181693e-103	12.4299900158892	2.93967772399715	3.0197937025404e-18	1	28	51	6.92128322728481e-05	1	0	-3.32916132851479	-4.97288082913192
FN1	ITGA6	R-HSA-2022090	REACTOME_ASSEMBLY_OF_COLLAGEN_FIBRILS_AND_OTHER_MULTIMERIC_STRUCTURES	1.46918265486984e-103	5.70427577060072e-103	4.37912027588558	1.21558443268924	1.91816674277299e-11	1	9	17	1.89495925116447e-11	1	0	3.43264151330902	-4.68122835464662
NECTIN1	NECTIN3	R-HSA-446728	REACTOME_CELL_JUNCTION_ORGANIZATION	1.61028100872492e-103	6.24505825255211e-103	1.43588676237718	2.34403457333785	7.33328069013891e-09	1	14	26	1.50942367075554e-08	1	0	3.7522277291151	4.33763175772398
DKK2	LRP6	R-HSA-201681	REACTOME_TCF_DEPENDENT_SIGNALING_IN_RESPONSE_TO_WNT	2.3405318132743e-103	9.06692504241396e-103	1.22361675647185	1.83737033179993	1.93847110264785e-06	1	44	81	0.000688103131538455	1	0	-2.62395562712841	-0.192774737109088
LAMA3	ITGA6	R-HSA-2022090	REACTOME_ASSEMBLY_OF_COLLAGEN_FIBRILS_AND_OTHER_MULTIMERIC_STRUCTURES	5.14366827414278e-103	1.99035082823973e-102	1.52751187044421	1.21558443268924	6.71557984067769e-11	1	9	17	1.89495925116447e-11	1	0	-6.34615646135939	-4.68122835464662
PLAT	LRP1	R-HSA-196854	REACTOME_METABOLISM_OF_VITAMINS_AND_COFACTORS	5.65631464040623e-103	2.18626093966263e-102	12.2190854625425	2.87280836263334	3.14463568975165e-17	1	15	29	5.72386051316474e-07	1	0	5.94483794685449	6.88612338562861
COL16A1	ITGA1	R-HSA-397014	REACTOME_MUSCLE_CONTRACTION	6.4003901230964e-103	2.47108215751421e-102	12.9334956641832	4.23950504367085	2.01682122639883e-28	1	14	26	5.36507318926242e-07	1	0	5.80814713736568	-3.47079627706584
COL5A1	ITGB1	R-HSA-373755	REACTOME_SEMAPHORIN_INTERACTIONS	7.17455425344721e-103	2.76686845648637e-102	17.6910136130676	1.64273129306188	6.93378239852596e-21	1	20	38	1.34840703614306e-05	1	0	5.13171509336827	-1.65313439362914
COL1A1	ITGB1	R-HSA-373755	REACTOME_SEMAPHORIN_INTERACTIONS	1.0615575773816e-102	4.08931474377683e-102	11.8865981117298	1.64273129306188	1.02593262034834e-20	1	20	38	1.34840703614306e-05	1	0	-1.97991822679722	-1.65313439362914
LAMA5	SDC1	R-HSA-196854	REACTOME_METABOLISM_OF_VITAMINS_AND_COFACTORS	1.62704544871065e-102	6.26066705096716e-102	4.79474119253631	7.03887851379973	1.53740409075425e-21	1	15	29	1.19032577740613e-06	1	0	7.7539223096356	4.20001468766753
COMP	ITGB1	R-HSA-373755	REACTOME_SEMAPHORIN_INTERACTIONS	2.71906682841478e-102	1.04509384242981e-101	10.1255608464429	1.64273129306188	2.6278172900037e-20	1	20	38	1.34840703614306e-05	1	0	4.50469248937221	-1.65313439362914
COL1A2	ITGB1	R-HSA-373755	REACTOME_SEMAPHORIN_INTERACTIONS	2.84783952747166e-102	1.09336696144001e-101	14.0547056107493	1.64273129306188	2.75226848830669e-20	1	20	38	1.34840703614306e-05	1	0	-0.973544102787729	-1.65313439362914
SEMA4D	ERBB2	R-HSA-199418	REACTOME_NEGATIVE_REGULATION_OF_THE_PI3K_AKT_NETWORK	3.11091949014854e-102	1.1930393585408e-101	1.01462714481266	5.2615892882842	9.29463665321184e-17	1	28	51	6.92128322728481e-05	1	0	7.0765425972243	-6.34615646135939
APP	GPC1	R-HSA-196854	REACTOME_METABOLISM_OF_VITAMINS_AND_COFACTORS	4.44601831037923e-102	1.70315178036799e-101	1.07409823105059	4.39143398803966	1.23588557633147e-16	1	16	30	5.72386051316474e-07	1	0	-6.19605749258721	-6.34615646135939
RND1	SEMA4D	R-HSA-373755	REACTOME_SEMAPHORIN_INTERACTIONS	4.67141035589537e-102	1.78750296154395e-101	4.60833105105072	1.01462714481266	8.82872684525134e-14	1	21	39	6.0734209020726e-06	1	0	-6.26577098121408	7.0765425972243
SEMA4D	MET	R-HSA-2219530	REACTOME_CONSTITUTIVE_SIGNALING_BY_ABERRANT_PI3K_IN_CANCER	5.9140580650383e-102	2.2604844159702e-101	1.01462714481266	2.64032224114379	1.77060688597618e-07	1	19	36	1.57799919931014e-06	1	0	7.0765425972243	11.2515502894158
COMP	ITGB3	R-HSA-202733	REACTOME_CELL_SURFACE_INTERACTIONS_AT_THE_VASCULAR_WALL	1.37533550992377e-101	5.25100350070785e-101	10.1255608464429	2.33558859980003	1.40626030864776e-20	1	17	31	1.08184031482621e-06	1	0	4.50469248937221	5.81058030327552
COL1A2	ITGB3	R-HSA-202733	REACTOME_CELL_SURFACE_INTERACTIONS_AT_THE_VASCULAR_WALL	1.44047023330419e-101	5.49358935982972e-101	14.0547056107493	2.33558859980003	1.47285960426961e-20	1	17	31	1.08184031482621e-06	1	0	-0.973544102787729	5.81058030327552
LAMA1	SDC4	R-HSA-3781865	REACTOME_DISEASES_OF_GLYCOSYLATION	2.38245414226456e-101	9.0659759395908e-101	17.5342897380052	1.20804741852566	6.25679945307032e-20	1	13	24	4.77587993427487e-08	1	0	-6.27074375530701	-4.21601081838777
LAMA1	SDC4	R-HSA-5668914	REACTOME_DISEASES_OF_METABOLISM	2.38245414226456e-101	9.0659759395908e-101	17.5342897380052	1.20804741852566	6.25679945307032e-20	1	13	24	4.77587993427487e-08	1	0	-6.27074375530701	-4.21601081838777
FGF2	SDC4	R-HSA-9820952	REACTOME_RESPIRATORY_SYNCYTIAL_VIRUS_INFECTION_PATHWAY	2.529206344781e-101	9.61377881331119e-101	1.22084110229944	1.20804741852566	6.4332552371885e-09	1	23	43	1.06479831104665e-05	1	0	5.86272009779499	-4.21601081838777
FGF2	FGFR3	R-HSA-2219530	REACTOME_CONSTITUTIVE_SIGNALING_BY_ABERRANT_PI3K_IN_CANCER	4.33763367322803e-101	1.64696024678857e-100	1.22084110229944	4.05722087136925	4.09851165565448e-12	1	19	35	1.57799919931014e-06	1	0	5.86272009779499	-0.41857284145358
LAMB2	ITGB1	R-HSA-373755	REACTOME_SEMAPHORIN_INTERACTIONS	4.83524587527925e-101	1.83387495159433e-100	11.7077824357821	1.64273129306188	4.67297919260249e-19	1	20	38	1.34840703614306e-05	1	0	-5.4770692126764	-1.65313439362914
ANXA1	EGFR	R-HSA-199418	REACTOME_NEGATIVE_REGULATION_OF_THE_PI3K_AKT_NETWORK	4.86806776406783e-101	1.84428998991116e-100	3.78540835500689	2.93967772399715	1.45445490355854e-15	1	28	51	6.92128322728481e-05	1	0	5.66002539089596	-4.97288082913192
COL2A1	ITGB1	R-HSA-373755	REACTOME_SEMAPHORIN_INTERACTIONS	6.92131483265916e-101	2.61928746142437e-100	12.5798279320328	1.64273129306188	6.68904147435922e-19	1	20	38	1.34840703614306e-05	1	0	5.28155360459047	-1.65313439362914
PDGFB	LRP1	R-HSA-196854	REACTOME_METABOLISM_OF_VITAMINS_AND_COFACTORS	7.09972825516024e-101	2.6838533184342e-100	7.89264021577158	2.87280836263334	3.9471034194646e-15	1	15	29	5.72386051316474e-07	1	0	-3.6504245046412	6.88612338562861
THBS1	SDC4	R-HSA-196854	REACTOME_METABOLISM_OF_VITAMINS_AND_COFACTORS	7.47440004054084e-101	2.82238596481454e-100	10.1171572475629	1.20804741852566	2.07770246475838e-15	1	16	30	5.72386051316474e-07	1	0	3.36324076136934	-4.21601081838777
TNC	EGFR	R-HSA-199418	REACTOME_NEGATIVE_REGULATION_OF_THE_PI3K_AKT_NETWORK	7.83124669182761e-101	2.95389129604024e-100	8.5066015717972	2.93967772399715	2.33977744434425e-15	1	28	51	6.92128322728481e-05	1	0	7.35469947673216	-4.97288082913192
DCN	MET	R-HSA-199418	REACTOME_NEGATIVE_REGULATION_OF_THE_PI3K_AKT_NETWORK	8.21962891312613e-101	3.09699052148455e-100	12.4299900158892	2.64032224114379	8.8202129025133e-15	1	28	51	6.56217996455317e-05	1	0	-3.32916132851479	11.2515502894158
RND1	ERBB2	R-HSA-373755	REACTOME_SEMAPHORIN_INTERACTIONS	1.07867879214289e-100	4.05979764220082e-100	4.60833105105072	5.2615892882842	2.81137084807974e-23	1	20	37	1.34840703614306e-05	1	0	-6.26577098121408	-6.34615646135939
COL5A1	ITGA1	R-HSA-373755	REACTOME_SEMAPHORIN_INTERACTIONS	1.33886080028324e-100	5.03353131472605e-100	17.6910136130676	4.23950504367085	9.88858931662188e-25	1	20	38	2.82984547090458e-05	1	0	5.13171509336827	-3.47079627706584
TGFB2	TGFBR2	R-HSA-170834	REACTOME_SIGNALING_BY_TGF_BETA_RECEPTOR_COMPLEX	1.53092246369001e-100	5.74931580250399e-100	6.5137576516326	1.28180263600969	6.7405902021547e-16	1	38	70	0.000674942458940906	1	0	5.93110784303411	2.03987526573383
SEMA5A	MET	R-HSA-199418	REACTOME_NEGATIVE_REGULATION_OF_THE_PI3K_AKT_NETWORK	1.9072386127959e-100	7.15474463251679e-100	16.1408444326762	2.64032224114379	2.04659490088295e-14	1	28	51	6.56217996455317e-05	1	0	-4.27209030279128	11.2515502894158
COL1A1	ITGA1	R-HSA-373755	REACTOME_SEMAPHORIN_INTERACTIONS	1.98099809046252e-100	7.42334796426041e-100	11.8865981117298	4.23950504367085	1.46313018869862e-24	1	20	38	2.82984547090458e-05	1	0	-1.97991822679722	-3.47079627706584
TNC	SDC4	R-HSA-196854	REACTOME_METABOLISM_OF_VITAMINS_AND_COFACTORS	2.63367490955707e-100	9.85836962880993e-100	8.5066015717972	1.20804741852566	7.32097937129289e-15	1	16	30	5.72386051316474e-07	1	0	7.35469947673216	-4.21601081838777
COL3A1	ITGB1	R-HSA-373755	REACTOME_SEMAPHORIN_INTERACTIONS	3.40939606986679e-100	1.27481766090671e-99	15.038080980152	1.64273129306188	3.29497967730712e-18	1	20	38	1.34840703614306e-05	1	0	-4.39983829722896	-1.65313439362914
LAMA1	GPC1	R-HSA-1638091	REACTOME_HEPARAN_SULFATE_HEPARIN_HS_GAG_METABOLISM	4.1971695014453e-100	1.56767243050726e-99	17.5342897380052	4.39143398803966	4.74677099594702e-24	1	10	19	7.90858838535787e-09	1	0	-6.27074375530701	-6.34615646135939
RND1	MET	R-HSA-199418	REACTOME_NEGATIVE_REGULATION_OF_THE_PI3K_AKT_NETWORK	4.99092463605454e-100	1.8621237253826e-99	4.60833105105072	2.64032224114379	5.35559674720856e-14	1	28	51	6.56217996455317e-05	1	0	-6.26577098121408	11.2515502894158
COL1A2	ITGA1	R-HSA-373755	REACTOME_SEMAPHORIN_INTERACTIONS	5.31442173846125e-100	1.98067289060744e-99	14.0547056107493	4.23950504367085	3.92513799909995e-24	1	20	38	2.82984547090458e-05	1	0	-0.973544102787729	-3.47079627706584
COL16A1	ITGB1	R-HSA-170834	REACTOME_SIGNALING_BY_TGF_BETA_RECEPTOR_COMPLEX	7.03912724712498e-100	2.62062745996861e-99	12.9334956641832	1.64273129306188	1.41417537656979e-24	1	35	64	0.000764325425446844	1	0	5.80814713736568	-1.65313439362914
LAMB2	ITGB4	R-HSA-2022090	REACTOME_ASSEMBLY_OF_COLLAGEN_FIBRILS_AND_OTHER_MULTIMERIC_STRUCTURES	8.05428246251518e-100	2.99532234281646e-99	11.7077824357821	6.44412418959411	1.31197927085759e-26	1	9	17	2.38800370224481e-09	1	0	-5.4770692126764	5.77953524166907
L1CAM	ITGB1	R-HSA-373755	REACTOME_SEMAPHORIN_INTERACTIONS	8.10272539046016e-100	3.01008373036533e-99	5.38418252448028	1.64273129306188	7.83080491244005e-18	1	20	38	1.34840703614306e-05	1	0	4.78903995096595	-1.65313439362914
WNT5A	LDLR	R-HSA-196854	REACTOME_METABOLISM_OF_VITAMINS_AND_COFACTORS	8.67555959154695e-100	3.21940938456543e-99	4.8259126929938	2.81792410946131	2.41159577340618e-14	1	16	30	5.72386051316474e-07	1	0	-0.0541399739889715	5.40487362281668
SLIT2	SDC1	R-HSA-196854	REACTOME_METABOLISM_OF_VITAMINS_AND_COFACTORS	9.27419297113924e-100	3.43784739447403e-99	6.43545090641173	7.03887851379973	8.76323536233891e-19	1	15	29	1.19032577740613e-06	1	0	2.55777934270203	4.20001468766753
COL4A1	ITGB1	R-HSA-373755	REACTOME_SEMAPHORIN_INTERACTIONS	1.17547803607106e-99	4.35268508512858e-99	11.3294445506569	1.64273129306188	1.13603000666519e-17	1	20	38	1.34840703614306e-05	1	0	4.78373488091513	-1.65313439362914
CDH1	ERBB3	R-HSA-2219530	REACTOME_CONSTITUTIVE_SIGNALING_BY_ABERRANT_PI3K_IN_CANCER	1.73156605228443e-99	6.40493249447144e-99	14.3704771513226	8.31277667281055	3.75150472033015e-34	1	19	36	6.56217996455317e-05	1	0	5.40152618533464	5.83982229038879
COL5A2	ITGB1	R-HSA-373755	REACTOME_SEMAPHORIN_INTERACTIONS	2.26641631620367e-99	8.37429874085996e-99	9.21695136128872	1.64273129306188	2.19035733871194e-17	1	20	38	1.34840703614306e-05	1	0	4.91888270579576	-1.65313439362914
COL5A1	ITGA1	R-HSA-397014	REACTOME_MUSCLE_CONTRACTION	3.13814772301229e-99	1.15828628403029e-98	17.6910136130676	4.23950504367085	9.88858931662188e-25	1	14	26	5.36507318926242e-07	1	0	5.13171509336827	-3.47079627706584
FGF2	SDC1	R-HSA-9820952	REACTOME_RESPIRATORY_SYNCYTIAL_VIRUS_INFECTION_PATHWAY	3.29748238103036e-99	1.21579200329522e-98	1.22084110229944	7.03887851379973	1.82871192768819e-11	1	23	42	1.06479831104665e-05	1	0	5.86272009779499	4.20001468766753
L1CAM	ITGB3	R-HSA-202733	REACTOME_CELL_SURFACE_INTERACTIONS_AT_THE_VASCULAR_WALL	4.0984523955808e-99	1.50949424419678e-98	5.38418252448028	2.33558859980003	4.19060722943674e-18	1	17	31	1.08184031482621e-06	1	0	4.78903995096595	5.81058030327552
COL1A1	ITGA1	R-HSA-397014	REACTOME_MUSCLE_CONTRACTION	4.64324942933686e-99	1.70831850662233e-98	11.8865981117298	4.23950504367085	1.46313018869862e-24	1	14	26	5.36507318926242e-07	1	0	-1.97991822679722	-3.47079627706584
RND1	PLXNB1	R-HSA-373755	REACTOME_SEMAPHORIN_INTERACTIONS	4.92229343657861e-99	1.80904801515282e-98	4.60833105105072	1.13851846452977	2.20349926659905e-15	1	20	37	6.0734209020726e-06	1	0	-6.26577098121408	0.76015544151647
THBS1	SDC1	R-HSA-196854	REACTOME_METABOLISM_OF_VITAMINS_AND_COFACTORS	6.25042462601532e-99	2.29471298970039e-98	10.1171572475629	7.03887851379973	5.90606021276296e-18	1	15	29	1.19032577740613e-06	1	0	3.36324076136934	4.20001468766753
HSPG2	SDC1	R-HSA-196854	REACTOME_METABOLISM_OF_VITAMINS_AND_COFACTORS	8.3528358900152e-99	3.06330015582647e-98	3.51948105940521	7.03887851379973	7.8926400469542e-18	1	15	29	1.19032577740613e-06	1	0	4.65016389182664	4.20001468766753
COL4A6	ITGB1	R-HSA-373755	REACTOME_SEMAPHORIN_INTERACTIONS	8.69213279547518e-99	3.18433831910912e-98	9.53524221853406	1.64273129306188	8.40043231312356e-17	1	20	38	1.34840703614306e-05	1	0	1.77832375144824	-1.65313439362914
EFNB1	ERBB2	R-HSA-373755	REACTOME_SEMAPHORIN_INTERACTIONS	1.23960216279749e-98	4.53641642555679e-98	2.06677780171612	5.2615892882842	3.23078696743656e-21	1	20	37	1.34840703614306e-05	1	0	-1.46243435061172	-6.34615646135939
COL1A2	ITGA1	R-HSA-397014	REACTOME_MUSCLE_CONTRACTION	1.2456440934077e-98	4.54884891860136e-98	14.0547056107493	4.23950504367085	3.92513799909995e-24	1	14	26	5.36507318926242e-07	1	0	-0.973544102787729	-3.47079627706584
LAMA1	ITGB1	R-HSA-373755	REACTOME_SEMAPHORIN_INTERACTIONS	1.2446146005343e-98	4.54884891860136e-98	17.5342897380052	1.64273129306188	1.20284640763385e-16	1	20	38	1.34840703614306e-05	1	0	-6.27074375530701	-1.65313439362914
COL2A1	ITGA1	R-HSA-373755	REACTOME_SEMAPHORIN_INTERACTIONS	1.29160318376767e-98	4.71168075520761e-98	12.5798279320328	4.23950504367085	9.5395529106669e-23	1	20	38	2.82984547090458e-05	1	0	5.28155360459047	-3.47079627706584
THBS1	LRP1	R-HSA-196854	REACTOME_METABOLISM_OF_VITAMINS_AND_COFACTORS	1.47535809756934e-98	5.37630493182049e-98	10.1171572475629	2.87280836263334	8.20227307660427e-13	1	15	29	5.72386051316474e-07	1	0	3.36324076136934	6.88612338562861
L1CAM	EPHB2	R-HSA-3928662	REACTOME_EPHB_MEDIATED_FORWARD_SIGNALING	1.50162840375743e-98	5.46624519463021e-98	5.38418252448028	1.69666351620937	1.56657891349166e-21	1	15	29	2.18507385059052e-06	1	0	4.78903995096595	-2.98694876026066
HSPG2	LRP1	R-HSA-196854	REACTOME_METABOLISM_OF_VITAMINS_AND_COFACTORS	1.97161389911169e-98	7.16950508767886e-98	3.51948105940521	2.87280836263334	1.09612138427853e-12	1	15	29	5.72386051316474e-07	1	0	4.65016389182664	6.88612338562861
TNC	SDC1	R-HSA-196854	REACTOME_METABOLISM_OF_VITAMINS_AND_COFACTORS	2.20239570030065e-98	8.00025470858949e-98	8.5066015717972	7.03887851379973	2.08105567166854e-17	1	15	29	1.19032577740613e-06	1	0	7.35469947673216	4.20001468766753
SERPING1	LRP1	R-HSA-196854	REACTOME_METABOLISM_OF_VITAMINS_AND_COFACTORS	2.64869197694934e-98	9.61128734251659e-98	5.48965018721239	2.87280836263334	1.47254384725592e-12	1	15	29	5.72386051316474e-07	1	0	7.07380047492999	6.88612338562861
LUM	ITGB1	R-HSA-170834	REACTOME_SIGNALING_BY_TGF_BETA_RECEPTOR_COMPLEX	2.69735294326455e-98	9.77754913048477e-98	11.828176566468	1.64273129306188	5.41903844093848e-23	1	35	64	0.000764325425446844	1	0	4.04840561928604	-1.65313439362914
COL18A1	GPC1	R-HSA-1638091	REACTOME_HEPARAN_SULFATE_HEPARIN_HS_GAG_METABOLISM	3.28497427043964e-98	1.18950647266446e-97	6.26939471434587	4.39143398803966	3.71512767925756e-22	1	10	19	7.90858838535787e-09	1	0	0.323040890532106	-6.34615646135939
COL4A5	ITGB1	R-HSA-373755	REACTOME_SEMAPHORIN_INTERACTIONS	4.50365481865514e-98	1.62908228981847e-97	5.4186994542932	1.64273129306188	4.3525160459444e-16	1	20	38	1.34840703614306e-05	1	0	6.18599343361014	-1.65313439362914
EFNA5	EPHB2	R-HSA-3928662	REACTOME_EPHB_MEDIATED_FORWARD_SIGNALING	6.12038153798231e-98	2.21156643809445e-97	6.41959189310427	1.69666351620937	6.38510874989786e-21	1	15	29	2.18507385059052e-06	1	0	6.41274743637436	-2.98694876026066
FGF2	FGFR3	R-HSA-199418	REACTOME_NEGATIVE_REGULATION_OF_THE_PI3K_AKT_NETWORK	7.26281488030221e-98	2.62162467872399e-97	1.22084110229944	4.05722087136925	4.09851165565448e-12	1	27	50	6.92128322728481e-05	1	0	5.86272009779499	-0.41857284145358
FGF2	SDC1	R-HSA-202733	REACTOME_CELL_SURFACE_INTERACTIONS_AT_THE_VASCULAR_WALL	7.51183327884075e-98	2.70866944226543e-97	1.22084110229944	7.03887851379973	1.82871192768819e-11	1	18	33	1.08184031482621e-06	1	0	5.86272009779499	4.20001468766753
COL4A3	ITGB1	R-HSA-373755	REACTOME_SEMAPHORIN_INTERACTIONS	9.96855969904806e-98	3.59076914813878e-97	10.9133221434925	1.64273129306188	9.63402343033426e-16	1	20	38	1.34840703614306e-05	1	0	4.45925716993137	-1.65313439362914
LAMA1	SDC4	R-HSA-1638091	REACTOME_HEPARAN_SULFATE_HEPARIN_HS_GAG_METABOLISM	1.00297471645506e-97	3.60903036046592e-97	17.5342897380052	1.20804741852566	6.25679945307032e-20	1	10	19	5.2958652012597e-09	1	0	-6.27074375530701	-4.21601081838777
LAMA5	ITGB1	R-HSA-373755	REACTOME_SEMAPHORIN_INTERACTIONS	1.07586102185516e-97	3.867253829866e-97	4.79474119253631	1.64273129306188	1.03975605355764e-15	1	20	38	1.34840703614306e-05	1	0	7.7539223096356	-1.65313439362914
SEMA4D	MET	R-HSA-9856651	REACTOME_MITF_M_DEPENDENT_GENE_EXPRESSION	1.15982197359272e-97	4.16470520789036e-97	1.01462714481266	2.64032224114379	1.77060688597618e-07	1	25	46	2.06308516637576e-05	1	0	7.0765425972243	11.2515502894158
LAMA1	ITGB4	R-HSA-2022090	REACTOME_ASSEMBLY_OF_COLLAGEN_FIBRILS_AND_OTHER_MULTIMERIC_STRUCTURES	2.07320947233006e-97	7.43674722087112e-97	17.5342897380052	6.44412418959411	3.37709518445822e-24	1	9	17	2.38800370224481e-09	1	0	-6.27074375530701	5.77953524166907
COL4A1	ITGA1	R-HSA-373755	REACTOME_SEMAPHORIN_INTERACTIONS	2.19358779443795e-97	7.86035626340265e-97	11.3294445506569	4.23950504367085	1.62014518795101e-21	1	20	38	2.82984547090458e-05	1	0	4.78373488091513	-3.47079627706584
COL2A1	ITGA1	R-HSA-397014	REACTOME_MUSCLE_CONTRACTION	3.02738088180524e-97	1.08368264655671e-96	12.5798279320328	4.23950504367085	9.5395529106669e-23	1	14	26	5.36507318926242e-07	1	0	5.28155360459047	-3.47079627706584
COL4A2	ITGB3	R-HSA-202733	REACTOME_CELL_SURFACE_INTERACTIONS_AT_THE_VASCULAR_WALL	4.1581782184885e-97	1.48691611970899e-96	10.9035066930124	2.33558859980003	4.25167600396513e-16	1	17	31	1.08184031482621e-06	1	0	6.44091966949719	5.81058030327552
COL5A2	ITGA1	R-HSA-373755	REACTOME_SEMAPHORIN_INTERACTIONS	4.2294139199372e-97	1.51081867960374e-96	9.21695136128872	4.23950504367085	3.12377039460825e-21	1	20	38	2.82984547090458e-05	1	0	4.91888270579576	-3.47079627706584
COL4A3	ITGB3	R-HSA-202733	REACTOME_CELL_SURFACE_INTERACTIONS_AT_THE_VASCULAR_WALL	5.04221300985415e-97	1.79929592882762e-96	10.9133221434925	2.33558859980003	5.15558856173085e-16	1	17	31	1.08184031482621e-06	1	0	4.45925716993137	5.81058030327552
LAMB1	ITGB1	R-HSA-373755	REACTOME_SEMAPHORIN_INTERACTIONS	5.55121947120782e-97	1.97888030890724e-96	6.55387519617198	1.64273129306188	5.36492533195653e-15	1	20	38	1.34840703614306e-05	1	0	0.951831469888455	-1.65313439362914
COL16A1	ITGB1	R-HSA-202733	REACTOME_CELL_SURFACE_INTERACTIONS_AT_THE_VASCULAR_WALL	6.17859665792197e-97	2.20024560075068e-96	12.9334956641832	1.64273129306188	1.41417537656979e-24	1	17	32	8.48876177088814e-06	1	0	5.80814713736568	-1.65313439362914
THBS1	SDC4	R-HSA-3781865	REACTOME_DISEASES_OF_GLYCOSYLATION	7.9114423926882e-97	2.81150432136853e-96	10.1171572475629	1.20804741852566	2.07770246475838e-15	1	13	24	4.77587993427487e-08	1	0	3.36324076136934	-4.21601081838777
THBS1	SDC4	R-HSA-5668914	REACTOME_DISEASES_OF_METABOLISM	7.9114423926882e-97	2.81150432136853e-96	10.1171572475629	1.20804741852566	2.07770246475838e-15	1	13	24	4.77587993427487e-08	1	0	3.36324076136934	-4.21601081838777
FBLN1	ITGB1	R-HSA-373755	REACTOME_SEMAPHORIN_INTERACTIONS	8.72873808428606e-97	3.09874705984975e-96	8.92010857076818	1.64273129306188	8.43580916000264e-15	1	20	38	1.34840703614306e-05	1	0	6.20654076664142	-1.65313439362914
LAMB2	ITGA3	R-HSA-202733	REACTOME_CELL_SURFACE_INTERACTIONS_AT_THE_VASCULAR_WALL	9.68287788051338e-97	3.4339278256666e-96	11.7077824357821	4.13720289413487	2.21624557016475e-24	1	17	32	8.48876177088814e-06	1	0	-5.4770692126764	4.28443713596128
COL18A1	ITGB1	R-HSA-373755	REACTOME_SEMAPHORIN_INTERACTIONS	9.7411527887087e-97	3.45103662133449e-96	6.26939471434587	1.64273129306188	9.41424809983805e-15	1	20	38	1.34840703614306e-05	1	0	0.323040890532106	-1.65313439362914
FBLN2	ITGB3	R-HSA-202733	REACTOME_CELL_SURFACE_INTERACTIONS_AT_THE_VASCULAR_WALL	1.07792397645615e-96	3.8148749784045e-96	20.4800687975369	2.33558859980003	1.10216139472329e-15	1	17	31	1.08184031482621e-06	1	0	-1.12341971762222	5.81058030327552
COL4A6	ITGA1	R-HSA-373755	REACTOME_SEMAPHORIN_INTERACTIONS	1.62205977676264e-96	5.73472315731089e-96	9.53524221853406	4.23950504367085	1.19802469203848e-20	1	20	38	2.82984547090458e-05	1	0	1.77832375144824	-3.47079627706584
LAMA5	ITGB4	R-HSA-2022090	REACTOME_ASSEMBLY_OF_COLLAGEN_FIBRILS_AND_OTHER_MULTIMERIC_STRUCTURES	1.79210918822846e-96	6.32942054158717e-96	4.79474119253631	6.44412418959411	2.91920492857277e-23	1	9	17	2.38800370224481e-09	1	0	7.7539223096356	5.77953524166907
JAM3	ITGB1	R-HSA-373755	REACTOME_SEMAPHORIN_INTERACTIONS	2.02992948010106e-96	7.16200760158732e-96	7.72682422564567	1.64273129306188	1.96180679693249e-14	1	20	38	1.34840703614306e-05	1	0	4.56577146203116	-1.65313439362914
SLIT2	GPC1	R-HSA-1638091	REACTOME_HEPARAN_SULFATE_HEPARIN_HS_GAG_METABOLISM	2.0680176177788e-96	7.28891455446626e-96	6.43545090641173	4.39143398803966	2.33881572898105e-20	1	10	19	7.90858838535787e-09	1	0	2.55777934270203	-6.34615646135939
PTN	SDC1	R-HSA-1638091	REACTOME_HEPARAN_SULFATE_HEPARIN_HS_GAG_METABOLISM	2.10350875639675e-96	7.40641772979e-96	12.0614597856604	7.03887851379973	1.92861936383569e-24	1	9	18	2.18606988203969e-08	1	0	-6.04447813954024	4.20001468766753
LAMA1	ITGA1	R-HSA-373755	REACTOME_SEMAPHORIN_INTERACTIONS	2.32260519782801e-96	8.16949067538688e-96	17.5342897380052	4.23950504367085	1.71543516257357e-20	1	20	38	2.82984547090458e-05	1	0	-6.27074375530701	-3.47079627706584
TNC	SDC4	R-HSA-3781865	REACTOME_DISEASES_OF_GLYCOSYLATION	2.7876708786009e-96	9.78529369631335e-96	8.5066015717972	1.20804741852566	7.32097937129289e-15	1	13	24	4.77587993427487e-08	1	0	7.35469947673216	-4.21601081838777
TNC	SDC4	R-HSA-5668914	REACTOME_DISEASES_OF_METABOLISM	2.7876708786009e-96	9.78529369631335e-96	8.5066015717972	1.20804741852566	7.32097937129289e-15	1	13	24	4.77587993427487e-08	1	0	7.35469947673216	-4.21601081838777
FBN1	ITGB1	R-HSA-373755	REACTOME_SEMAPHORIN_INTERACTIONS	3.30543858125436e-96	1.15909365132671e-95	6.40013831890023	1.64273129306188	3.19451091238149e-14	1	20	38	1.34840703614306e-05	1	0	1.72756032766282	-1.65313439362914
COL5A1	ITGB1	R-HSA-170834	REACTOME_SIGNALING_BY_TGF_BETA_RECEPTOR_COMPLEX	3.45132417207598e-96	1.20901783624658e-95	17.6910136130676	1.64273129306188	6.93378239852596e-21	1	35	64	0.000764325425446844	1	0	5.13171509336827	-1.65313439362914
COL18A1	ITGB3	R-HSA-202733	REACTOME_CELL_SURFACE_INTERACTIONS_AT_THE_VASCULAR_WALL	4.92718795944958e-96	1.72426516587045e-95	6.26939471434587	2.33558859980003	5.03797714130507e-15	1	17	31	1.08184031482621e-06	1	0	0.323040890532106	5.81058030327552
COL1A1	ITGB1	R-HSA-170834	REACTOME_SIGNALING_BY_TGF_BETA_RECEPTOR_COMPLEX	5.10662989983967e-96	1.78524459913094e-95	11.8865981117298	1.64273129306188	1.02593262034834e-20	1	35	64	0.000764325425446844	1	0	-1.97991822679722	-1.65313439362914
COL4A1	ITGA1	R-HSA-397014	REACTOME_MUSCLE_CONTRACTION	5.14153714925907e-96	1.7956231262387e-95	11.3294445506569	4.23950504367085	1.62014518795101e-21	1	14	26	5.36507318926242e-07	1	0	4.78373488091513	-3.47079627706584
COMP	ITGB3	R-HSA-170834	REACTOME_SIGNALING_BY_TGF_BETA_RECEPTOR_COMPLEX	6.99972960861714e-96	2.44209633404087e-95	10.1255608464429	2.33558859980003	1.40626030864776e-20	1	35	64	0.000764325425446844	1	0	4.50469248937221	5.81058030327552
COL1A2	ITGB3	R-HSA-170834	REACTOME_SIGNALING_BY_TGF_BETA_RECEPTOR_COMPLEX	7.33123086667763e-96	2.55516050469818e-95	14.0547056107493	2.33558859980003	1.47285960426961e-20	1	35	64	0.000764325425446844	1	0	-0.973544102787729	5.81058030327552
COL4A5	ITGA1	R-HSA-373755	REACTOME_SEMAPHORIN_INTERACTIONS	8.40437842087111e-96	2.92622082670006e-95	5.4186994542932	4.23950504367085	6.20732541037067e-20	1	20	38	2.82984547090458e-05	1	0	6.18599343361014	-3.47079627706584
PTN	SDC1	R-HSA-3781865	REACTOME_DISEASES_OF_GLYCOSYLATION	9.14434128114208e-96	3.17742767748775e-95	12.0614597856604	7.03887851379973	1.92861936383569e-24	1	12	23	3.51082198122245e-07	1	0	-6.04447813954024	4.20001468766753
PTN	SDC1	R-HSA-5668914	REACTOME_DISEASES_OF_METABOLISM	9.14434128114208e-96	3.17742767748775e-95	12.0614597856604	7.03887851379973	1.92861936383569e-24	1	12	23	3.51082198122245e-07	1	0	-6.04447813954024	4.20001468766753
LAMB1	ITGB4	R-HSA-2022090	REACTOME_ASSEMBLY_OF_COLLAGEN_FIBRILS_AND_OTHER_MULTIMERIC_STRUCTURES	9.2469112814123e-96	3.20982591403212e-95	6.55387519617198	6.44412418959411	1.50624912611813e-22	1	9	17	2.38800370224481e-09	1	0	0.951831469888455	5.77953524166907
COL5A2	ITGA1	R-HSA-397014	REACTOME_MUSCLE_CONTRACTION	9.91329767793605e-96	3.43767580767137e-95	9.21695136128872	4.23950504367085	3.12377039460825e-21	1	14	26	5.36507318926242e-07	1	0	4.91888270579576	-3.47079627706584
COMP	CD47	R-HSA-202733	REACTOME_CELL_SURFACE_INTERACTIONS_AT_THE_VASCULAR_WALL	1.13230982643829e-95	3.92260403116587e-95	10.1255608464429	1.62548017274011	2.59166403611074e-23	1	17	32	8.48876177088814e-06	1	0	4.50469248937221	3.47290191585887
APP	LRP1	R-HSA-196854	REACTOME_METABOLISM_OF_VITAMINS_AND_COFACTORS	1.15676811238892e-95	4.00330211933387e-95	1.07409823105059	2.87280836263334	6.43106779279801e-10	1	15	29	5.72386051316474e-07	1	0	-6.19605749258721	6.88612338562861
COMP	ITGB1	R-HSA-170834	REACTOME_SIGNALING_BY_TGF_BETA_RECEPTOR_COMPLEX	1.30800893531315e-95	4.52216154520324e-95	10.1255608464429	1.64273129306188	2.6278172900037e-20	1	35	64	0.000764325425446844	1	0	4.50469248937221	-1.65313439362914
COL6A2	ITGB1	R-HSA-373755	REACTOME_SEMAPHORIN_INTERACTIONS	1.34942117866174e-95	4.66065146043814e-95	2.61520749325399	1.64273129306188	1.30413576736245e-13	1	20	38	1.34840703614306e-05	1	0	-3.31955637394197	-1.65313439362914
COL1A2	ITGB1	R-HSA-170834	REACTOME_SIGNALING_BY_TGF_BETA_RECEPTOR_COMPLEX	1.3699551292171e-95	4.72682612287546e-95	14.0547056107493	1.64273129306188	2.75226848830669e-20	1	35	64	0.000764325425446844	1	0	-0.973544102787729	-1.65313439362914
FBN1	ITGB3	R-HSA-202733	REACTOME_CELL_SURFACE_INTERACTIONS_AT_THE_VASCULAR_WALL	1.67192913729213e-95	5.76296215659814e-95	6.40013831890023	2.33558859980003	1.70952292562848e-14	1	17	31	1.08184031482621e-06	1	0	1.72756032766282	5.81058030327552
COL4A3	ITGA1	R-HSA-373755	REACTOME_SEMAPHORIN_INTERACTIONS	1.86025686681873e-95	6.4056893111676e-95	10.9133221434925	4.23950504367085	1.37395285421043e-19	1	20	38	2.82984547090458e-05	1	0	4.45925716993137	-3.47079627706584
RND1	PLXNA2	R-HSA-373755	REACTOME_SEMAPHORIN_INTERACTIONS	2.05028996052781e-95	7.05299746421566e-95	4.60833105105072	7.07489410790799	1.66894790684717e-23	1	19	36	2.82984547090458e-05	1	0	-6.26577098121408	-3.0282877715324
LUM	ITGB1	R-HSA-202733	REACTOME_CELL_SURFACE_INTERACTIONS_AT_THE_VASCULAR_WALL	2.36760258699645e-95	8.13641648278502e-95	11.828176566468	1.64273129306188	5.41903844093848e-23	1	17	32	8.48876177088814e-06	1	0	4.04840561928604	-1.65313439362914
AGRN	LRP1	R-HSA-196854	REACTOME_METABOLISM_OF_VITAMINS_AND_COFACTORS	2.65454597902331e-95	9.11341134514989e-95	1.11546551296964	2.87280836263334	1.47579838753877e-09	1	15	29	5.72386051316474e-07	1	0	5.51142825962013	6.88612338562861
COL4A6	ITGA1	R-HSA-397014	REACTOME_MUSCLE_CONTRACTION	3.80193608921903e-95	1.30395415223464e-94	9.53524221853406	4.23950504367085	1.19802469203848e-20	1	14	26	5.36507318926242e-07	1	0	1.77832375144824	-3.47079627706584
COL17A1	ITGB4	R-HSA-2022090	REACTOME_ASSEMBLY_OF_COLLAGEN_FIBRILS_AND_OTHER_MULTIMERIC_STRUCTURES	4.12699856338476e-95	1.41403138028323e-94	8.8967105526396	6.44412418959411	6.72255609511986e-22	1	9	17	2.38800370224481e-09	1	0	-0.580402338253546	5.77953524166907
LAMA1	ITGA1	R-HSA-397014	REACTOME_MUSCLE_CONTRACTION	5.44394025986761e-95	1.86339845710891e-94	17.5342897380052	4.23950504367085	1.71543516257357e-20	1	14	26	5.36507318926242e-07	1	0	-6.27074375530701	-3.47079627706584
S100B	APP	R-HSA-375276	REACTOME_PEPTIDE_LIGAND_BINDING_RECEPTORS	7.80911096866629e-95	2.67031229942466e-94	2.91530553230702	1.07409823105059	4.17732978317162e-10	1	12	23	2.68158622707247e-08	1	0	5.98997946985497	-6.19605749258721
LAMB1	ITGA1	R-HSA-373755	REACTOME_SEMAPHORIN_INTERACTIONS	1.03592639782439e-94	3.53881510279631e-94	6.55387519617198	4.23950504367085	7.65116934349389e-19	1	20	38	2.82984547090458e-05	1	0	0.951831469888455	-3.47079627706584
LGALS3BP	ITGB1	R-HSA-373755	REACTOME_SEMAPHORIN_INTERACTIONS	1.12966330440432e-94	3.85520016582426e-94	5.08385796896564	1.64273129306188	1.09175277789221e-12	1	20	38	1.34840703614306e-05	1	0	5.6845059272368	-1.65313439362914
COL16A1	ITGB1	R-HSA-446728	REACTOME_CELL_JUNCTION_ORGANIZATION	1.18588497123358e-94	4.04305678993411e-94	12.9334956641832	1.64273129306188	1.41417537656979e-24	1	12	22	1.25237667749494e-07	1	0	5.80814713736568	-1.65313439362914
SERPINE1	LRP1	R-HSA-196854	REACTOME_METABOLISM_OF_VITAMINS_AND_COFACTORS	1.49340687239474e-94	5.08645509013653e-94	6.46482832857906	2.87280836263334	8.3026154816515e-09	1	15	29	5.72386051316474e-07	1	0	0.117067438958844	6.88612338562861
EFNB1	EPHB4	R-HSA-3928662	REACTOME_EPHB_MEDIATED_FORWARD_SIGNALING	1.85938173519927e-94	6.32667969246834e-94	2.06677780171612	2.4376419275341	1.93980628709874e-17	1	15	29	2.18507385059052e-06	1	0	-1.46243435061172	5.37305011989846
SEMA3A	PLXNA2	R-HSA-373755	REACTOME_SEMAPHORIN_INTERACTIONS	1.89470190775256e-94	6.44048869828933e-94	4.20253760071897	7.07489410790799	1.54229833044148e-22	1	19	36	2.82984547090458e-05	1	0	5.0148145673612	-3.0282877715324
COL4A5	ITGA1	R-HSA-397014	REACTOME_MUSCLE_CONTRACTION	1.96989716923602e-94	6.68948298338788e-94	5.4186994542932	4.23950504367085	6.20732541037067e-20	1	14	26	5.36507318926242e-07	1	0	6.18599343361014	-3.47079627706584
FGF2	SDC4	R-HSA-196854	REACTOME_METABOLISM_OF_VITAMINS_AND_COFACTORS	2.31432190225771e-94	7.85134846525297e-94	1.22084110229944	1.20804741852566	6.4332552371885e-09	1	16	30	5.72386051316474e-07	1	0	5.86272009779499	-4.21601081838777
LAMB2	ITGB1	R-HSA-170834	REACTOME_SIGNALING_BY_TGF_BETA_RECEPTOR_COMPLEX	2.32599829588908e-94	7.88318634271766e-94	11.7077824357821	1.64273129306188	4.67297919260249e-19	1	35	64	0.000764325425446844	1	0	-5.4770692126764	-1.65313439362914
LAMA1	ITGA3	R-HSA-202733	REACTOME_CELL_SURFACE_INTERACTIONS_AT_THE_VASCULAR_WALL	2.49241744807478e-94	8.43889372182799e-94	17.5342897380052	4.13720289413487	5.70471836623451e-22	1	17	32	8.48876177088814e-06	1	0	-6.27074375530701	4.28443713596128
COL2A1	ITGB1	R-HSA-170834	REACTOME_SIGNALING_BY_TGF_BETA_RECEPTOR_COMPLEX	3.32950317757052e-94	1.12620363135129e-93	12.5798279320328	1.64273129306188	6.68904147435922e-19	1	35	64	0.000764325425446844	1	0	5.28155360459047	-1.65313439362914
SEMA4D	ERBB2	R-HSA-373755	REACTOME_SEMAPHORIN_INTERACTIONS	3.56620594730206e-94	1.20508334565021e-93	1.01462714481266	5.2615892882842	9.29463665321184e-17	1	20	37	1.34840703614306e-05	1	0	7.0765425972243	-6.34615646135939
L1CAM	ERBB3	R-HSA-2219530	REACTOME_CONSTITUTIVE_SIGNALING_BY_ABERRANT_PI3K_IN_CANCER	3.93695718953218e-94	1.32906111206975e-93	5.38418252448028	8.31277667281055	8.52956978498308e-29	1	19	36	6.56217996455317e-05	1	0	4.78903995096595	5.83982229038879
COL11A1	ITGB1	R-HSA-373755	REACTOME_SEMAPHORIN_INTERACTIONS	4.00285549870788e-94	1.34998263877991e-93	8.7209722535565	1.64273129306188	3.86852311939072e-12	1	20	38	1.34840703614306e-05	1	0	5.2194090555208	-1.65313439362914
THBS1	ITGB1	R-HSA-373755	REACTOME_SEMAPHORIN_INTERACTIONS	4.13300576852503e-94	1.39251124816122e-93	10.1171572475629	1.64273129306188	3.99430565836698e-12	1	20	38	1.34840703614306e-05	1	0	3.36324076136934	-1.65313439362914
COL4A3	ITGA1	R-HSA-397014	REACTOME_MUSCLE_CONTRACTION	4.36024480632355e-94	1.46763621660988e-93	10.9133221434925	4.23950504367085	1.37395285421043e-19	1	14	26	5.36507318926242e-07	1	0	4.45925716993137	-3.47079627706584
HSPG2	ITGB1	R-HSA-373755	REACTOME_SEMAPHORIN_INTERACTIONS	5.52319577989758e-94	1.85726231503887e-93	3.51948105940521	1.64273129306188	5.33784209156493e-12	1	20	38	1.34840703614306e-05	1	0	4.65016389182664	-1.65313439362914
EFNB1	EPHB3	R-HSA-3928662	REACTOME_EPHB_MEDIATED_FORWARD_SIGNALING	5.94375954240568e-94	1.99673172127691e-93	2.06677780171612	2.66398278170484	6.2008472553518e-17	1	15	29	2.18507385059052e-06	1	0	-1.46243435061172	5.2668835215113
LAMA3	COL17A1	R-HSA-446728	REACTOME_CELL_JUNCTION_ORGANIZATION	6.47939994406651e-94	2.17454983488671e-93	1.52751187044421	8.8967105526396	1.60947409351755e-17	1	13	24	1.25237667749494e-07	1	0	-6.34615646135939	-0.580402338253546
LAMC1	ITGB1	R-HSA-373755	REACTOME_SEMAPHORIN_INTERACTIONS	8.32633643341726e-94	2.79167615311456e-93	3.23766986137765	1.64273129306188	8.04691176159058e-12	1	20	38	1.34840703614306e-05	1	0	5.42501182058629	-1.65313439362914
TNC	ITGB1	R-HSA-373755	REACTOME_SEMAPHORIN_INTERACTIONS	1.45630331994264e-93	4.87797801421876e-93	8.5066015717972	1.64273129306188	1.40743103613461e-11	1	20	38	1.34840703614306e-05	1	0	7.35469947673216	-1.65313439362914
NPNT	ITGB1	R-HSA-373755	REACTOME_SEMAPHORIN_INTERACTIONS	1.49953912454752e-93	5.01791302377769e-93	8.21361350158779	1.64273129306188	1.4492158844144e-11	1	20	38	1.34840703614306e-05	1	0	-1.10868581470011	-1.65313439362914
COL3A1	ITGB1	R-HSA-170834	REACTOME_SIGNALING_BY_TGF_BETA_RECEPTOR_COMPLEX	1.64009228342769e-93	5.48291297861153e-93	15.038080980152	1.64273129306188	3.29497967730712e-18	1	35	64	0.000764325425446844	1	0	-4.39983829722896	-1.65313439362914
SEMA4D	MET	R-HSA-199418	REACTOME_NEGATIVE_REGULATION_OF_THE_PI3K_AKT_NETWORK	1.65004311285989e-93	5.5108236002311e-93	1.01462714481266	2.64032224114379	1.77060688597618e-07	1	28	51	6.56217996455317e-05	1	0	7.0765425972243	11.2515502894158
LAMA5	SDC1	R-HSA-1638091	REACTOME_HEPARAN_SULFATE_HEPARIN_HS_GAG_METABOLISM	1.67681763839081e-93	5.59481345884034e-93	4.79474119253631	7.03887851379973	1.53740409075425e-21	1	9	18	2.18606988203969e-08	1	0	7.7539223096356	4.20001468766753
COL4A3	ITGA3	R-HSA-202733	REACTOME_CELL_SURFACE_INTERACTIONS_AT_THE_VASCULAR_WALL	1.996265519898e-93	6.65421839965999e-93	10.9133221434925	4.13720289413487	4.56911123938702e-21	1	17	32	8.48876177088814e-06	1	0	4.45925716993137	4.28443713596128
L1CAM	ITGB3	R-HSA-170834	REACTOME_SIGNALING_BY_TGF_BETA_RECEPTOR_COMPLEX	2.0858952870667e-93	6.94625342450093e-93	5.38418252448028	2.33558859980003	4.19060722943674e-18	1	35	64	0.000764325425446844	1	0	4.78903995096595	5.81058030327552
THBS1	ITGB3	R-HSA-202733	REACTOME_CELL_SURFACE_INTERACTIONS_AT_THE_VASCULAR_WALL	2.09052221032986e-93	6.95492882353454e-93	10.1171572475629	2.33558859980003	2.13752817950321e-12	1	17	31	1.08184031482621e-06	1	0	3.36324076136934	5.81058030327552
LAMA5	ITGA3	R-HSA-202733	REACTOME_CELL_SURFACE_INTERACTIONS_AT_THE_VASCULAR_WALL	2.15447800582142e-93	7.16077714012144e-93	4.79474119253631	4.13720289413487	4.93123263077438e-21	1	17	32	8.48876177088814e-06	1	0	7.7539223096356	4.28443713596128
LAMB1	ITGA1	R-HSA-397014	REACTOME_MUSCLE_CONTRACTION	2.42810161134988e-93	8.06242233884516e-93	6.55387519617198	4.23950504367085	7.65116934349389e-19	1	14	26	5.36507318926242e-07	1	0	0.951831469888455	-3.47079627706584
COL6A2	ITGA1	R-HSA-373755	REACTOME_SEMAPHORIN_INTERACTIONS	2.5181872703996e-93	8.35348525571323e-93	2.61520749325399	4.23950504367085	1.85988862576743e-17	1	20	38	2.82984547090458e-05	1	0	-3.31955637394197	-3.47079627706584
TGFB2	TGFBR3	R-HSA-170834	REACTOME_SIGNALING_BY_TGF_BETA_RECEPTOR_COMPLEX	2.64563917658246e-93	8.76782154859698e-93	6.5137576516326	1.231627940706	8.29055262965906e-14	1	36	66	0.000674942458940906	1	0	5.93110784303411	5.3195988464643
COL5A1	ITGB1	R-HSA-202733	REACTOME_CELL_SURFACE_INTERACTIONS_AT_THE_VASCULAR_WALL	3.02940112408162e-93	1.00299709979218e-92	17.6910136130676	1.64273129306188	6.93378239852596e-21	1	17	32	8.48876177088814e-06	1	0	5.13171509336827	-1.65313439362914
THBS1	SDC4	R-HSA-1638091	REACTOME_HEPARAN_SULFATE_HEPARIN_HS_GAG_METABOLISM	3.33058947485751e-93	1.10165651860672e-92	10.1171572475629	1.20804741852566	2.07770246475838e-15	1	10	19	5.2958652012597e-09	1	0	3.36324076136934	-4.21601081838777
L1CAM	ITGB1	R-HSA-170834	REACTOME_SIGNALING_BY_TGF_BETA_RECEPTOR_COMPLEX	3.89782152478007e-93	1.28804092653635e-92	5.38418252448028	1.64273129306188	7.83080491244005e-18	1	35	64	0.000764325425446844	1	0	4.78903995096595	-1.65313439362914
COL1A1	ITGB1	R-HSA-202733	REACTOME_CELL_SURFACE_INTERACTIONS_AT_THE_VASCULAR_WALL	4.48234636549305e-93	1.47977653524915e-92	11.8865981117298	1.64273129306188	1.02593262034834e-20	1	17	32	8.48876177088814e-06	1	0	-1.97991822679722	-1.65313439362914
LUM	ITGB1	R-HSA-446728	REACTOME_CELL_JUNCTION_ORGANIZATION	4.5442427807177e-93	1.4987723073508e-92	11.828176566468	1.64273129306188	5.41903844093848e-23	1	12	22	1.25237667749494e-07	1	0	4.04840561928604	-1.65313439362914
COL4A1	CD47	R-HSA-202733	REACTOME_CELL_SURFACE_INTERACTIONS_AT_THE_VASCULAR_WALL	4.89508134591022e-93	1.61293868102789e-92	11.3294445506569	1.62548017274011	1.12040061667022e-20	1	17	32	8.48876177088814e-06	1	0	4.78373488091513	3.47290191585887
COL4A1	ITGB1	R-HSA-170834	REACTOME_SIGNALING_BY_TGF_BETA_RECEPTOR_COMPLEX	5.65464503622254e-93	1.8614333899144e-92	11.3294445506569	1.64273129306188	1.13603000666519e-17	1	35	64	0.000764325425446844	1	0	4.78373488091513	-1.65313439362914
LTBP1	ITGB1	R-HSA-373755	REACTOME_SEMAPHORIN_INTERACTIONS	6.95972123915586e-93	2.28885669815451e-92	2.6298897401509	1.64273129306188	6.72615899496749e-11	1	20	38	1.34840703614306e-05	1	0	7.03079313325193	-1.65313439362914
LAMA5	SDC1	R-HSA-3781865	REACTOME_DISEASES_OF_GLYCOSYLATION	7.28943614095047e-93	2.39271567985397e-92	4.79474119253631	7.03887851379973	1.53740409075425e-21	1	12	23	3.51082198122245e-07	1	0	7.7539223096356	4.20001468766753
LAMA5	SDC1	R-HSA-5668914	REACTOME_DISEASES_OF_METABOLISM	7.28943614095047e-93	2.39271567985397e-92	4.79474119253631	7.03887851379973	1.53740409075425e-21	1	12	23	3.51082198122245e-07	1	0	7.7539223096356	4.20001468766753
TNC	ITGB3	R-HSA-202733	REACTOME_CELL_SURFACE_INTERACTIONS_AT_THE_VASCULAR_WALL	7.36615094636967e-93	2.41559192140245e-92	8.5066015717972	2.33558859980003	7.53178088447811e-12	1	17	31	1.08184031482621e-06	1	0	7.35469947673216	5.81058030327552
FN1	ITGB1	R-HSA-373755	REACTOME_SEMAPHORIN_INTERACTIONS	9.04989908889907e-93	2.9649193205536e-92	4.37912027588558	1.64273129306188	8.74619227820244e-11	1	20	38	1.34840703614306e-05	1	0	3.43264151330902	-1.65313439362914
L1CAM	ERBB2	R-HSA-2219530	REACTOME_CONSTITUTIVE_SIGNALING_BY_ABERRANT_PI3K_IN_CANCER	9.21296577291166e-93	3.01547119493969e-92	5.38418252448028	5.2615892882842	1.99602461250152e-27	1	19	36	6.56217996455317e-05	1	0	4.78903995096595	-6.34615646135939
COL5A2	ITGB1	R-HSA-170834	REACTOME_SIGNALING_BY_TGF_BETA_RECEPTOR_COMPLEX	1.09026110051963e-92	3.56511234390448e-92	9.21695136128872	1.64273129306188	2.19035733871194e-17	1	35	64	0.000764325425446844	1	0	4.91888270579576	-1.65313439362914
APP	GPC1	R-HSA-1638091	REACTOME_HEPARAN_SULFATE_HEPARIN_HS_GAG_METABOLISM	1.09278944627488e-92	3.569986415181e-92	1.07409823105059	4.39143398803966	1.23588557633147e-16	1	10	19	7.90858838535787e-09	1	0	-6.19605749258721	-6.34615646135939
LAMB1	ITGA3	R-HSA-202733	REACTOME_CELL_SURFACE_INTERACTIONS_AT_THE_VASCULAR_WALL	1.11166591346359e-92	3.62820753540298e-92	6.55387519617198	4.13720289413487	2.54441364088152e-20	1	17	32	8.48876177088814e-06	1	0	0.951831469888455	4.28443713596128
COMP	ITGB1	R-HSA-202733	REACTOME_CELL_SURFACE_INTERACTIONS_AT_THE_VASCULAR_WALL	1.14810534779844e-92	3.74358520988306e-92	10.1255608464429	1.64273129306188	2.6278172900037e-20	1	17	32	8.48876177088814e-06	1	0	4.50469248937221	-1.65313439362914
TNC	SDC4	R-HSA-1638091	REACTOME_HEPARAN_SULFATE_HEPARIN_HS_GAG_METABOLISM	1.17356441806564e-92	3.82297499824412e-92	8.5066015717972	1.20804741852566	7.32097937129289e-15	1	10	19	5.2958652012597e-09	1	0	7.35469947673216	-4.21601081838777
COL1A2	ITGB1	R-HSA-202733	REACTOME_CELL_SURFACE_INTERACTIONS_AT_THE_VASCULAR_WALL	1.20247864340583e-92	3.91345935034632e-92	14.0547056107493	1.64273129306188	2.75226848830669e-20	1	17	32	8.48876177088814e-06	1	0	-0.973544102787729	-1.65313439362914
LAMC1	ITGB4	R-HSA-2022090	REACTOME_ASSEMBLY_OF_COLLAGEN_FIBRILS_AND_OTHER_MULTIMERIC_STRUCTURES	1.38695460877263e-92	4.50956886028151e-92	3.23766986137765	6.44412418959411	2.2592399817101e-19	1	9	17	2.38800370224481e-09	1	0	5.42501182058629	5.77953524166907
SEMA4D	PLXNB1	R-HSA-373755	REACTOME_SEMAPHORIN_INTERACTIONS	1.62735304112359e-92	5.28620817890948e-92	1.01462714481266	1.13851846452977	7.28496031131786e-09	1	20	37	6.0734209020726e-06	1	0	7.0765425972243	0.76015544151647
TCN2	LRP2	R-HSA-196854	REACTOME_METABOLISM_OF_VITAMINS_AND_COFACTORS	1.63886505945543e-92	5.31858094766667e-92	6.65623901091562	7.99094933267061	7.1274405683323e-17	1	14	27	1.19032577740613e-06	1	0	6.17196521483511	8.87156702386971
DCN	MET	R-HSA-373755	REACTOME_SEMAPHORIN_INTERACTIONS	1.73784282834137e-92	5.63447627662045e-92	12.4299900158892	2.64032224114379	8.8202129025133e-15	1	19	36	1.34840703614306e-05	1	0	-3.32916132851479	11.2515502894158
HSPG2	LRP2	R-HSA-196854	REACTOME_METABOLISM_OF_VITAMINS_AND_COFACTORS	1.8050208484977e-92	5.84677186330706e-92	3.51948105940521	7.99094933267061	7.85005376009606e-17	1	14	27	1.19032577740613e-06	1	0	4.65016389182664	8.87156702386971
FGF2	SDC1	R-HSA-196854	REACTOME_METABOLISM_OF_VITAMINS_AND_COFACTORS	1.9353385598761e-92	6.2629959040205e-92	1.22084110229944	7.03887851379973	1.82871192768819e-11	1	15	29	1.19032577740613e-06	1	0	5.86272009779499	4.20001468766753
COL18A1	ITGA3	R-HSA-202733	REACTOME_CELL_SURFACE_INTERACTIONS_AT_THE_VASCULAR_WALL	1.95072588450409e-92	6.30685812283278e-92	6.26939471434587	4.13720289413487	4.4648787824108e-20	1	17	32	8.48876177088814e-06	1	0	0.323040890532106	4.28443713596128
EFNB1	EPHB2	R-HSA-3928662	REACTOME_EPHB_MEDIATED_FORWARD_SIGNALING	2.43055193127703e-92	7.85079684844413e-92	2.06677780171612	1.69666351620937	2.53568152690598e-15	1	15	29	2.18507385059052e-06	1	0	-1.46243435061172	-2.98694876026066
CDH1	EGFR	R-HSA-2219530	REACTOME_CONSTITUTIVE_SIGNALING_BY_ABERRANT_PI3K_IN_CANCER	2.64280893824946e-92	8.52838906902265e-92	14.3704771513226	2.93967772399715	5.72574762232922e-27	1	19	36	6.56217996455317e-05	1	0	5.40152618533464	-4.97288082913192
LAMA3	ITGB1	R-HSA-373755	REACTOME_SEMAPHORIN_INTERACTIONS	3.1684065063978e-92	1.02149188210013e-91	1.52751187044421	1.64273129306188	3.06207751580951e-10	1	20	38	1.34840703614306e-05	1	0	-6.34615646135939	-1.65313439362914
LTBP1	ITGB3	R-HSA-202733	REACTOME_CELL_SURFACE_INTERACTIONS_AT_THE_VASCULAR_WALL	3.52030765090177e-92	1.13388186508446e-91	2.6298897401509	2.33558859980003	3.59946274052546e-11	1	17	31	1.08184031482621e-06	1	0	7.03079313325193	5.81058030327552
COL4A6	CD47	R-HSA-202733	REACTOME_CELL_SURFACE_INTERACTIONS_AT_THE_VASCULAR_WALL	3.61969307784946e-92	1.16480301101984e-91	9.53524221853406	1.62548017274011	8.28485998494752e-20	1	17	32	8.48876177088814e-06	1	0	1.77832375144824	3.47290191585887
MFGE8	ITGB3	R-HSA-202733	REACTOME_CELL_SURFACE_INTERACTIONS_AT_THE_VASCULAR_WALL	3.8963793807181e-92	1.25266776352058e-91	2.73317240377774	2.33558859980003	3.98399054703467e-11	1	17	31	1.08184031482621e-06	1	0	7.14954233744459	5.81058030327552
SEMA5A	MET	R-HSA-373755	REACTOME_SEMAPHORIN_INTERACTIONS	4.03239730189049e-92	1.29518643496763e-91	16.1408444326762	2.64032224114379	2.04659490088295e-14	1	19	36	1.34840703614306e-05	1	0	-4.27209030279128	11.2515502894158
COL4A6	ITGB1	R-HSA-170834	REACTOME_SIGNALING_BY_TGF_BETA_RECEPTOR_COMPLEX	4.18135635527515e-92	1.34177853191665e-91	9.53524221853406	1.64273129306188	8.40043231312356e-17	1	35	64	0.000764325425446844	1	0	1.77832375144824	-1.65313439362914
FN1	ITGB3	R-HSA-202733	REACTOME_CELL_SURFACE_INTERACTIONS_AT_THE_VASCULAR_WALL	4.57754382794854e-92	1.46754433999469e-91	4.37912027588558	2.33558859980003	4.68047116495695e-11	1	17	31	1.08184031482621e-06	1	0	3.43264151330902	5.81058030327552
COL6A2	ITGA1	R-HSA-397014	REACTOME_MUSCLE_CONTRACTION	5.90236389552316e-92	1.89051506523275e-91	2.61520749325399	4.23950504367085	1.85988862576743e-17	1	14	26	5.36507318926242e-07	1	0	-3.31955637394197	-3.47079627706584
LAMA1	ITGB1	R-HSA-170834	REACTOME_SIGNALING_BY_TGF_BETA_RECEPTOR_COMPLEX	5.9872269467874e-92	1.91591262297197e-91	17.5342897380052	1.64273129306188	1.20284640763385e-16	1	35	64	0.000764325425446844	1	0	-6.27074375530701	-1.65313439362914
COL8A1	ITGA1	R-HSA-373755	REACTOME_SEMAPHORIN_INTERACTIONS	9.18735214116686e-92	2.93722038713885e-91	7.95372452427371	4.23950504367085	6.78561596634739e-16	1	20	38	2.82984547090458e-05	1	0	-5.06654949952829	-3.47079627706584
RND1	MET	R-HSA-373755	REACTOME_SEMAPHORIN_INTERACTIONS	1.05521096843056e-91	3.37040457883111e-91	4.60833105105072	2.64032224114379	5.35559674720856e-14	1	19	36	1.34840703614306e-05	1	0	-6.26577098121408	11.2515502894158
SORBS1	ITGA1	R-HSA-373755	REACTOME_SEMAPHORIN_INTERACTIONS	1.47714911703181e-91	4.71372259980466e-91	3.00010852256686	4.23950504367085	1.09099623908984e-15	1	20	38	2.82984547090458e-05	1	0	6.07754751096769	-3.47079627706584
LAMC1	ITGA1	R-HSA-373755	REACTOME_SEMAPHORIN_INTERACTIONS	1.55379763910995e-91	4.95371999864525e-91	3.23766986137765	4.23950504367085	1.14760748324579e-15	1	20	38	2.82984547090458e-05	1	0	5.42501182058629	-3.47079627706584
COL4A5	CD47	R-HSA-202733	REACTOME_CELL_SURFACE_INTERACTIONS_AT_THE_VASCULAR_WALL	1.87547159663685e-91	5.97372434484331e-91	5.4186994542932	1.62548017274011	4.29263455483739e-19	1	17	32	8.48876177088814e-06	1	0	6.18599343361014	3.47290191585887
LAMB2	ITGB1	R-HSA-202733	REACTOME_CELL_SURFACE_INTERACTIONS_AT_THE_VASCULAR_WALL	2.04164590193795e-91	6.4970045353067e-91	11.7077824357821	1.64273129306188	4.67297919260249e-19	1	17	32	8.48876177088814e-06	1	0	-5.4770692126764	-1.65313439362914
COL4A2	ITGB3	R-HSA-170834	REACTOME_SIGNALING_BY_TGF_BETA_RECEPTOR_COMPLEX	2.11629256889281e-91	6.72832387891985e-91	10.9035066930124	2.33558859980003	4.25167600396513e-16	1	35	64	0.000764325425446844	1	0	6.44091966949719	5.81058030327552
COL4A5	ITGB1	R-HSA-170834	REACTOME_SIGNALING_BY_TGF_BETA_RECEPTOR_COMPLEX	2.16648619401583e-91	6.88154432817587e-91	5.4186994542932	1.64273129306188	4.3525160459444e-16	1	35	64	0.000764325425446844	1	0	6.18599343361014	-1.65313439362914
COL4A4	ITGB1	R-HSA-373755	REACTOME_SEMAPHORIN_INTERACTIONS	2.42001685121014e-91	7.679758273213e-91	4.75297522418188	1.64273129306188	2.33880317219634e-09	1	20	38	1.34840703614306e-05	1	0	-5.54509567223867	-1.65313439362914
COL4A3	ITGB3	R-HSA-170834	REACTOME_SIGNALING_BY_TGF_BETA_RECEPTOR_COMPLEX	2.56621947469289e-91	8.13621658335811e-91	10.9133221434925	2.33558859980003	5.15558856173085e-16	1	35	64	0.000764325425446844	1	0	4.45925716993137	5.81058030327552
COL2A1	ITGB1	R-HSA-202733	REACTOME_CELL_SURFACE_INTERACTIONS_AT_THE_VASCULAR_WALL	2.92247269913752e-91	9.2571879236032e-91	12.5798279320328	1.64273129306188	6.68904147435922e-19	1	17	32	8.48876177088814e-06	1	0	5.28155360459047	-1.65313439362914
COL4A3	CD47	R-HSA-202733	REACTOME_CELL_SURFACE_INTERACTIONS_AT_THE_VASCULAR_WALL	4.15123967705107e-91	1.31373178372177e-90	10.9133221434925	1.62548017274011	9.5014794759229e-19	1	17	32	8.48876177088814e-06	1	0	4.45925716993137	3.47290191585887
COL4A3	ITGB1	R-HSA-170834	REACTOME_SIGNALING_BY_TGF_BETA_RECEPTOR_COMPLEX	4.79538237982887e-91	1.51618707597531e-90	10.9133221434925	1.64273129306188	9.63402343033426e-16	1	35	64	0.000764325425446844	1	0	4.45925716993137	-1.65313439362914
VCL	ITGA1	R-HSA-373755	REACTOME_SEMAPHORIN_INTERACTIONS	4.91285398877889e-91	1.55190245375568e-90	1.50547573342494	4.23950504367085	3.62854715421385e-15	1	20	38	2.82984547090458e-05	1	0	4.67617778855706	-3.47079627706584
LAMA5	ITGB1	R-HSA-170834	REACTOME_SIGNALING_BY_TGF_BETA_RECEPTOR_COMPLEX	5.17543671614025e-91	1.63334883518555e-90	4.79474119253631	1.64273129306188	1.03975605355764e-15	1	35	64	0.000764325425446844	1	0	7.7539223096356	-1.65313439362914
LAMA3	ITGB4	R-HSA-2022090	REACTOME_ASSEMBLY_OF_COLLAGEN_FIBRILS_AND_OTHER_MULTIMERIC_STRUCTURES	5.27775455826742e-91	1.66411326126855e-90	1.52751187044421	6.44412418959411	8.59704711046187e-18	1	9	17	2.38800370224481e-09	1	0	-6.34615646135939	5.77953524166907
FBLN2	ITGB3	R-HSA-170834	REACTOME_SIGNALING_BY_TGF_BETA_RECEPTOR_COMPLEX	5.48606236034483e-91	1.72821012084123e-90	20.4800687975369	2.33558859980003	1.10216139472329e-15	1	35	64	0.000764325425446844	1	0	-1.12341971762222	5.81058030327552
COL5A1	ITGB1	R-HSA-446728	REACTOME_CELL_JUNCTION_ORGANIZATION	5.81446154165171e-91	1.82998606617401e-90	17.6910136130676	1.64273129306188	6.93378239852596e-21	1	12	22	1.25237667749494e-07	1	0	5.13171509336827	-1.65313439362914
AGRN	ITGB1	R-HSA-373755	REACTOME_SEMAPHORIN_INTERACTIONS	7.436332821295e-91	2.33829843740903e-90	1.11546551296964	1.64273129306188	7.18677590333947e-09	1	20	38	1.34840703614306e-05	1	0	5.51142825962013	-1.65313439362914
COL1A1	ITGB1	R-HSA-446728	REACTOME_CELL_JUNCTION_ORGANIZATION	8.60316263546071e-91	2.70272871835478e-90	11.8865981117298	1.64273129306188	1.02593262034834e-20	1	12	22	1.25237667749494e-07	1	0	-1.97991822679722	-1.65313439362914
SLIT2	SDC1	R-HSA-1638091	REACTOME_HEPARAN_SULFATE_HEPARIN_HS_GAG_METABOLISM	9.55789548974789e-91	2.99992340189167e-90	6.43545090641173	7.03887851379973	8.76323536233891e-19	1	9	18	2.18606988203969e-08	1	0	2.55777934270203	4.20001468766753
COL4A4	ITGB3	R-HSA-202733	REACTOME_CELL_SURFACE_INTERACTIONS_AT_THE_VASCULAR_WALL	1.22407256611036e-90	3.8384773267271e-90	4.75297522418188	2.33558859980003	1.25159617577315e-09	1	17	31	1.08184031482621e-06	1	0	-5.54509567223867	5.81058030327552
COL3A1	ITGB1	R-HSA-202733	REACTOME_CELL_SURFACE_INTERACTIONS_AT_THE_VASCULAR_WALL	1.43959163477387e-90	4.5101960142278e-90	15.038080980152	1.64273129306188	3.29497967730712e-18	1	17	32	8.48876177088814e-06	1	0	-4.39983829722896	-1.65313439362914
COL8A1	ITGA1	R-HSA-397014	REACTOME_MUSCLE_CONTRACTION	2.15341790544734e-90	6.74045277046303e-90	7.95372452427371	4.23950504367085	6.78561596634739e-16	1	14	26	5.36507318926242e-07	1	0	-5.06654949952829	-3.47079627706584
COMP	ITGB1	R-HSA-446728	REACTOME_CELL_JUNCTION_ORGANIZATION	2.20360860682074e-90	6.89128509769394e-90	10.1255608464429	1.64273129306188	2.6278172900037e-20	1	12	22	1.25237667749494e-07	1	0	4.50469248937221	-1.65313439362914
COL1A2	ITGB1	R-HSA-446728	REACTOME_CELL_JUNCTION_ORGANIZATION	2.30796964164338e-90	7.21109497479858e-90	14.0547056107493	1.64273129306188	2.75226848830669e-20	1	12	22	1.25237667749494e-07	1	0	-0.973544102787729	-1.65313439362914
FGF2	SDC4	R-HSA-3781865	REACTOME_DISEASES_OF_GLYCOSYLATION	2.44964469503074e-90	7.63987103436604e-90	1.22084110229944	1.20804741852566	6.4332552371885e-09	1	13	24	4.77587993427487e-08	1	0	5.86272009779499	-4.21601081838777
FGF2	SDC4	R-HSA-5668914	REACTOME_DISEASES_OF_METABOLISM	2.44964469503074e-90	7.63987103436604e-90	1.22084110229944	1.20804741852566	6.4332552371885e-09	1	13	24	4.77587993427487e-08	1	0	5.86272009779499	-4.21601081838777
COL18A1	ITGB3	R-HSA-170834	REACTOME_SIGNALING_BY_TGF_BETA_RECEPTOR_COMPLEX	2.5076778137498e-90	7.8137786950175e-90	6.26939471434587	2.33558859980003	5.03797714130507e-15	1	35	64	0.000764325425446844	1	0	0.323040890532106	5.81058030327552
LAMB1	ITGB1	R-HSA-170834	REACTOME_SIGNALING_BY_TGF_BETA_RECEPTOR_COMPLEX	2.67041787805464e-90	8.3133371045321e-90	6.55387519617198	1.64273129306188	5.36492533195653e-15	1	35	64	0.000764325425446844	1	0	0.951831469888455	-1.65313439362914
L1CAM	ITGB1	R-HSA-202733	REACTOME_CELL_SURFACE_INTERACTIONS_AT_THE_VASCULAR_WALL	3.42131434774372e-90	1.06413393817707e-89	5.38418252448028	1.64273129306188	7.83080491244005e-18	1	17	32	8.48876177088814e-06	1	0	4.78903995096595	-1.65313439362914
SORBS1	ITGA1	R-HSA-397014	REACTOME_MUSCLE_CONTRACTION	3.46228087130666e-90	1.0759029988523e-89	3.00010852256686	4.23950504367085	1.09099623908984e-15	1	14	26	5.36507318926242e-07	1	0	6.07754751096769	-3.47079627706584
WNT5A	LRP2	R-HSA-196854	REACTOME_METABOLISM_OF_VITAMINS_AND_COFACTORS	3.52349211818527e-90	1.09393618109723e-89	4.8259126929938	7.99094933267061	1.5323702534544e-14	1	14	27	1.19032577740613e-06	1	0	-0.0541399739889715	8.87156702386971
LAMC1	ITGA1	R-HSA-397014	REACTOME_MUSCLE_CONTRACTION	3.64193687810056e-90	1.12969006859026e-89	3.23766986137765	4.23950504367085	1.14760748324579e-15	1	14	26	5.36507318926242e-07	1	0	5.42501182058629	-3.47079627706584
SLIT2	SDC1	R-HSA-3781865	REACTOME_DISEASES_OF_GLYCOSYLATION	4.15499379415268e-90	1.28651473014268e-89	6.43545090641173	7.03887851379973	8.76323536233891e-19	1	12	23	3.51082198122245e-07	1	0	2.55777934270203	4.20001468766753
SLIT2	SDC1	R-HSA-5668914	REACTOME_DISEASES_OF_METABOLISM	4.15499379415268e-90	1.28651473014268e-89	6.43545090641173	7.03887851379973	8.76323536233891e-19	1	12	23	3.51082198122245e-07	1	0	2.55777934270203	4.20001468766753
FBLN1	ITGB1	R-HSA-170834	REACTOME_SIGNALING_BY_TGF_BETA_RECEPTOR_COMPLEX	4.19896535419492e-90	1.29896050525454e-89	8.92010857076818	1.64273129306188	8.43580916000264e-15	1	35	64	0.000764325425446844	1	0	6.20654076664142	-1.65313439362914
COL18A1	ITGB1	R-HSA-170834	REACTOME_SIGNALING_BY_TGF_BETA_RECEPTOR_COMPLEX	4.68598813193197e-90	1.44831978201671e-89	6.26939471434587	1.64273129306188	9.41424809983805e-15	1	35	64	0.000764325425446844	1	0	0.323040890532106	-1.65313439362914
COL4A1	ITGB1	R-HSA-202733	REACTOME_CELL_SURFACE_INTERACTIONS_AT_THE_VASCULAR_WALL	4.96336686296009e-90	1.53267342985482e-89	11.3294445506569	1.64273129306188	1.13603000666519e-17	1	17	32	8.48876177088814e-06	1	0	4.78373488091513	-1.65313439362914
THBS1	SDC1	R-HSA-1638091	REACTOME_HEPARAN_SULFATE_HEPARIN_HS_GAG_METABOLISM	6.4416284552102e-90	1.9873723664505e-89	10.1171572475629	7.03887851379973	5.90606021276296e-18	1	9	18	2.18606988203969e-08	1	0	3.36324076136934	4.20001468766753
THBS1	ITGA3	R-HSA-202733	REACTOME_CELL_SURFACE_INTERACTIONS_AT_THE_VASCULAR_WALL	8.27659878491163e-90	2.55120966129893e-89	10.1171572475629	4.13720289413487	1.89437227438407e-17	1	17	32	8.48876177088814e-06	1	0	3.36324076136934	4.28443713596128
FBN1	ITGB3	R-HSA-170834	REACTOME_SIGNALING_BY_TGF_BETA_RECEPTOR_COMPLEX	8.50923414786412e-90	2.62056987185788e-89	6.40013831890023	2.33558859980003	1.70952292562848e-14	1	35	64	0.000764325425446844	1	0	1.72756032766282	5.81058030327552
HSPG2	SDC1	R-HSA-1638091	REACTOME_HEPARAN_SULFATE_HEPARIN_HS_GAG_METABOLISM	8.60835360318943e-90	2.64872418559675e-89	3.51948105940521	7.03887851379973	7.8926400469542e-18	1	9	18	2.18606988203969e-08	1	0	4.65016389182664	4.20001468766753
COL5A2	ITGB1	R-HSA-202733	REACTOME_CELL_SURFACE_INTERACTIONS_AT_THE_VASCULAR_WALL	9.56977101768437e-90	2.94191352107545e-89	9.21695136128872	1.64273129306188	2.19035733871194e-17	1	17	32	8.48876177088814e-06	1	0	4.91888270579576	-1.65313439362914
JAM3	ITGB1	R-HSA-170834	REACTOME_SIGNALING_BY_TGF_BETA_RECEPTOR_COMPLEX	9.76498948198241e-90	2.99924676946602e-89	7.72682422564567	1.64273129306188	1.96180679693249e-14	1	35	64	0.000764325425446844	1	0	4.56577146203116	-1.65313439362914
VCL	ITGA1	R-HSA-397014	REACTOME_MUSCLE_CONTRACTION	1.15152087170801e-89	3.5336590532342e-89	1.50547573342494	4.23950504367085	3.62854715421385e-15	1	14	26	5.36507318926242e-07	1	0	4.67617778855706	-3.47079627706584
LAMA1	ITGA6	R-HSA-202733	REACTOME_CELL_SURFACE_INTERACTIONS_AT_THE_VASCULAR_WALL	1.15256143989917e-89	3.53369995833614e-89	17.5342897380052	1.21558443268924	2.63801652467377e-17	1	17	32	8.48876177088814e-06	1	0	-6.27074375530701	-4.68122835464662
FBN1	ITGB1	R-HSA-170834	REACTOME_SIGNALING_BY_TGF_BETA_RECEPTOR_COMPLEX	1.59008346327779e-89	4.87078104512519e-89	6.40013831890023	1.64273129306188	3.19451091238149e-14	1	35	64	0.000764325425446844	1	0	1.72756032766282	-1.65313439362914
LAMC1	ITGA3	R-HSA-202733	REACTOME_CELL_SURFACE_INTERACTIONS_AT_THE_VASCULAR_WALL	1.66740018928598e-89	5.10307531240549e-89	3.23766986137765	4.13720289413487	3.81639459755429e-17	1	17	32	8.48876177088814e-06	1	0	5.42501182058629	4.28443713596128
TNC	SDC1	R-HSA-1638091	REACTOME_HEPARAN_SULFATE_HEPARIN_HS_GAG_METABOLISM	2.26976816161266e-89	6.9404466452867e-89	8.5066015717972	7.03887851379973	2.08105567166854e-17	1	9	18	2.18606988203969e-08	1	0	7.35469947673216	4.20001468766753
AGRN	LRP2	R-HSA-196854	REACTOME_METABOLISM_OF_VITAMINS_AND_COFACTORS	2.43024805089457e-89	7.42455887662285e-89	1.11546551296964	7.99094933267061	1.0569173129368e-13	1	14	27	1.19032577740613e-06	1	0	5.51142825962013	8.87156702386971
THBS1	SDC1	R-HSA-3781865	REACTOME_DISEASES_OF_GLYCOSYLATION	2.80029492730326e-89	8.53990651588936e-89	10.1171572475629	7.03887851379973	5.90606021276296e-18	1	12	23	3.51082198122245e-07	1	0	3.36324076136934	4.20001468766753
THBS1	SDC1	R-HSA-5668914	REACTOME_DISEASES_OF_METABOLISM	2.80029492730326e-89	8.53990651588936e-89	10.1171572475629	7.03887851379973	5.90606021276296e-18	1	12	23	3.51082198122245e-07	1	0	3.36324076136934	4.20001468766753
COL4A6	ITGB1	R-HSA-202733	REACTOME_CELL_SURFACE_INTERACTIONS_AT_THE_VASCULAR_WALL	3.67018715464132e-89	1.11828554578974e-88	9.53524221853406	1.64273129306188	8.40043231312356e-17	1	17	32	8.48876177088814e-06	1	0	1.77832375144824	-1.65313439362914
HSPG2	SDC1	R-HSA-3781865	REACTOME_DISEASES_OF_GLYCOSYLATION	3.74221038904323e-89	1.13821430046938e-88	3.51948105940521	7.03887851379973	7.8926400469542e-18	1	12	23	3.51082198122245e-07	1	0	4.65016389182664	4.20001468766753
HSPG2	SDC1	R-HSA-5668914	REACTOME_DISEASES_OF_METABOLISM	3.74221038904323e-89	1.13821430046938e-88	3.51948105940521	7.03887851379973	7.8926400469542e-18	1	12	23	3.51082198122245e-07	1	0	4.65016389182664	4.20001468766753
LAMB2	ITGB1	R-HSA-446728	REACTOME_CELL_JUNCTION_ORGANIZATION	3.91861991603631e-89	1.19081735964354e-88	11.7077824357821	1.64273129306188	4.67297919260249e-19	1	12	22	1.25237667749494e-07	1	0	-5.4770692126764	-1.65313439362914
COL4A4	ITGA1	R-HSA-373755	REACTOME_SEMAPHORIN_INTERACTIONS	4.51605156731981e-89	1.37115775742102e-88	4.75297522418188	4.23950504367085	3.3354758965581e-13	1	20	38	2.82984547090458e-05	1	0	-5.54509567223867	-3.47079627706584
NECTIN1	NECTIN3	R-HSA-421270	REACTOME_CELL_CELL_JUNCTION_ORGANIZATION	4.7937582790585e-89	1.45419122398247e-88	1.43588676237718	2.34403457333785	7.33328069013891e-09	1	12	22	1.50942367075554e-08	1	0	3.7522277291151	4.33763175772398
LAMA1	ITGB1	R-HSA-202733	REACTOME_CELL_SURFACE_INTERACTIONS_AT_THE_VASCULAR_WALL	5.25529076331872e-89	1.59279297143757e-88	17.5342897380052	1.64273129306188	1.20284640763385e-16	1	17	32	8.48876177088814e-06	1	0	-6.27074375530701	-1.65313439362914
COL2A1	ITGB1	R-HSA-446728	REACTOME_CELL_JUNCTION_ORGANIZATION	5.60922915773116e-89	1.69856939283408e-88	12.5798279320328	1.64273129306188	6.68904147435922e-19	1	12	22	1.25237667749494e-07	1	0	5.28155360459047	-1.65313439362914
COL6A2	ITGB1	R-HSA-170834	REACTOME_SIGNALING_BY_TGF_BETA_RECEPTOR_COMPLEX	6.49139969913644e-89	1.9639766899762e-88	2.61520749325399	1.64273129306188	1.30413576736245e-13	1	35	64	0.000764325425446844	1	0	-3.31955637394197	-1.65313439362914
TNC	SDC1	R-HSA-3781865	REACTOME_DISEASES_OF_GLYCOSYLATION	9.86710163945796e-89	2.98005528004701e-88	8.5066015717972	7.03887851379973	2.08105567166854e-17	1	12	23	3.51082198122245e-07	1	0	7.35469947673216	4.20001468766753
TNC	SDC1	R-HSA-5668914	REACTOME_DISEASES_OF_METABOLISM	9.86710163945796e-89	2.98005528004701e-88	8.5066015717972	7.03887851379973	2.08105567166854e-17	1	12	23	3.51082198122245e-07	1	0	7.35469947673216	4.20001468766753
LAMA5	ITGA6	R-HSA-202733	REACTOME_CELL_SURFACE_INTERACTIONS_AT_THE_VASCULAR_WALL	9.96289074504236e-89	3.00634597920576e-88	4.79474119253631	1.21558443268924	2.28033573821803e-16	1	17	32	8.48876177088814e-06	1	0	7.7539223096356	-4.68122835464662
RND1	ERBB2	R-HSA-2219530	REACTOME_CONSTITUTIVE_SIGNALING_BY_ABERRANT_PI3K_IN_CANCER	1.29763246585721e-88	3.91223109776406e-88	4.60833105105072	5.2615892882842	2.81137084807974e-23	1	19	36	6.56217996455317e-05	1	0	-6.26577098121408	-6.34615646135939
SERPINE1	LRP2	R-HSA-196854	REACTOME_METABOLISM_OF_VITAMINS_AND_COFACTORS	1.36722029661932e-88	4.11842190925609e-88	6.46482832857906	7.99094933267061	5.94605477232513e-13	1	14	27	1.19032577740613e-06	1	0	0.117067438958844	8.87156702386971
FN1	ITGA3	R-HSA-202733	REACTOME_CELL_SURFACE_INTERACTIONS_AT_THE_VASCULAR_WALL	1.81229807064813e-88	5.45433540072578e-88	4.37912027588558	4.13720289413487	4.14804113039076e-16	1	17	32	8.48876177088814e-06	1	0	3.43264151330902	4.28443713596128
COL4A5	ITGB1	R-HSA-202733	REACTOME_CELL_SURFACE_INTERACTIONS_AT_THE_VASCULAR_WALL	1.90163409295486e-88	5.71820041937474e-88	5.4186994542932	1.64273129306188	4.3525160459444e-16	1	17	32	8.48876177088814e-06	1	0	6.18599343361014	-1.65313439362914
COL3A1	ITGB1	R-HSA-446728	REACTOME_CELL_JUNCTION_ORGANIZATION	2.76307093489105e-88	8.3012786166159e-88	15.038080980152	1.64273129306188	3.29497967730712e-18	1	12	22	1.25237667749494e-07	1	0	-4.39983829722896	-1.65313439362914
COL4A3	ITGB1	R-HSA-202733	REACTOME_CELL_SURFACE_INTERACTIONS_AT_THE_VASCULAR_WALL	4.2091487346773e-88	1.2634792013342e-87	10.9133221434925	1.64273129306188	9.63402343033426e-16	1	17	32	8.48876177088814e-06	1	0	4.45925716993137	-1.65313439362914
CDH1	ERBB3	R-HSA-8848021	REACTOME_SIGNALING_BY_PTK6	4.51290808177503e-88	1.35347897134317e-87	14.3704771513226	8.31277667281055	3.75150472033015e-34	1	17	31	6.92128322728481e-05	1	0	5.40152618533464	5.83982229038879
LAMA5	ITGB1	R-HSA-202733	REACTOME_CELL_SURFACE_INTERACTIONS_AT_THE_VASCULAR_WALL	4.54274157505695e-88	1.36123963573135e-87	4.79474119253631	1.64273129306188	1.03975605355764e-15	1	17	32	8.48876177088814e-06	1	0	7.7539223096356	-1.65313439362914
LAMB1	ITGA6	R-HSA-202733	REACTOME_CELL_SURFACE_INTERACTIONS_AT_THE_VASCULAR_WALL	5.14064474591969e-88	1.53906161235542e-87	6.55387519617198	1.21558443268924	1.17660588995585e-15	1	17	32	8.48876177088814e-06	1	0	0.951831469888455	-4.68122835464662
LGALS3BP	ITGB1	R-HSA-170834	REACTOME_SIGNALING_BY_TGF_BETA_RECEPTOR_COMPLEX	5.43425295993065e-88	1.62555045062273e-87	5.08385796896564	1.64273129306188	1.09175277789221e-12	1	35	64	0.000764325425446844	1	0	5.6845059272368	-1.65313439362914
LAMA3	ITGA3	R-HSA-202733	REACTOME_CELL_SURFACE_INTERACTIONS_AT_THE_VASCULAR_WALL	6.34492931044631e-88	1.89631249591097e-87	1.52751187044421	4.13720289413487	1.45224608332451e-15	1	17	32	8.48876177088814e-06	1	0	-6.34615646135939	4.28443713596128
L1CAM	ITGB1	R-HSA-446728	REACTOME_CELL_JUNCTION_ORGANIZATION	6.56667766401776e-88	1.96088291356086e-87	5.38418252448028	1.64273129306188	7.83080491244005e-18	1	12	22	1.25237667749494e-07	1	0	4.78903995096595	-1.65313439362914
NID1	ITGB1	R-HSA-373755	REACTOME_SEMAPHORIN_INTERACTIONS	8.10357786155618e-88	2.41771967421971e-87	1.19124771367259	1.64273129306188	7.83162877534108e-06	1	20	38	1.34840703614306e-05	1	0	6.87787345437884	-1.65313439362914
COL4A1	ITGB1	R-HSA-446728	REACTOME_CELL_JUNCTION_ORGANIZATION	9.52640623005605e-88	2.83976060930614e-87	11.3294445506569	1.64273129306188	1.13603000666519e-17	1	12	22	1.25237667749494e-07	1	0	4.78373488091513	-1.65313439362914
PTN	SDC1	R-HSA-1793185	REACTOME_CHONDROITIN_SULFATE_DERMATAN_SULFATE_METABOLISM	1.04654622106439e-87	3.10891105393912e-87	12.0614597856604	7.03887851379973	1.92861936383569e-24	1	6	12	3.5315841126813e-10	1	0	-6.04447813954024	4.20001468766753
PTN	SDC1	R-HSA-1971475	REACTOME_A_TETRASACCHARIDE_LINKER_SEQUENCE_IS_REQUIRED_FOR_GAG_SYNTHESIS	1.04654622106439e-87	3.10891105393912e-87	12.0614597856604	7.03887851379973	1.92861936383569e-24	1	6	12	3.5315841126813e-10	1	0	-6.04447813954024	4.20001468766753
PTN	SDC1	R-HSA-3560782	REACTOME_DISEASES_ASSOCIATED_WITH_GLYCOSAMINOGLYCAN_METABOLISM	1.04654622106439e-87	3.10891105393912e-87	12.0614597856604	7.03887851379973	1.92861936383569e-24	1	6	12	3.5315841126813e-10	1	0	-6.04447813954024	4.20001468766753
PTN	SDC1	R-HSA-3560783	REACTOME_DEFECTIVE_B4GALT7_CAUSES_EDS_PROGEROID_TYPE	1.04654622106439e-87	3.10891105393912e-87	12.0614597856604	7.03887851379973	1.92861936383569e-24	1	6	12	3.5315841126813e-10	1	0	-6.04447813954024	4.20001468766753
COL4A4	ITGA1	R-HSA-397014	REACTOME_MUSCLE_CONTRACTION	1.05851459240517e-87	3.14175168065038e-87	4.75297522418188	4.23950504367085	3.3354758965581e-13	1	14	26	5.36507318926242e-07	1	0	-5.54509567223867	-3.47079627706584
THBS1	ITGB3	R-HSA-170834	REACTOME_SIGNALING_BY_TGF_BETA_RECEPTOR_COMPLEX	1.06396512760212e-87	3.15520693013041e-87	10.1171572475629	2.33558859980003	2.13752817950321e-12	1	35	64	0.000764325425446844	1	0	3.36324076136934	5.81058030327552
THBS1	CD47	R-HSA-202733	REACTOME_CELL_SURFACE_INTERACTIONS_AT_THE_VASCULAR_WALL	1.72112100942932e-87	5.0996178057165e-87	10.1171572475629	1.62548017274011	3.93935239082347e-15	1	17	32	8.48876177088814e-06	1	0	3.36324076136934	3.47290191585887
COL5A2	ITGB1	R-HSA-446728	REACTOME_CELL_JUNCTION_ORGANIZATION	1.83676783844884e-87	5.4375915355112e-87	9.21695136128872	1.64273129306188	2.19035733871194e-17	1	12	22	1.25237667749494e-07	1	0	4.91888270579576	-1.65313439362914
COL11A1	ITGB1	R-HSA-170834	REACTOME_SIGNALING_BY_TGF_BETA_RECEPTOR_COMPLEX	1.9255763427226e-87	5.69559984433857e-87	8.7209722535565	1.64273129306188	3.86852311939072e-12	1	35	64	0.000764325425446844	1	0	5.2194090555208	-1.65313439362914
THBS1	ITGB1	R-HSA-170834	REACTOME_SIGNALING_BY_TGF_BETA_RECEPTOR_COMPLEX	1.98818521797172e-87	5.87573638300922e-87	10.1171572475629	1.64273129306188	3.99430565836698e-12	1	35	64	0.000764325425446844	1	0	3.36324076136934	-1.65313439362914
CTNND1	AMOT	R-HSA-446728	REACTOME_CELL_JUNCTION_ORGANIZATION	2.16291948502671e-87	6.38664637638787e-87	5.90259123188141	3.86072235799454	1.23336773095862e-23	1	11	20	1.25237667749494e-07	1	0	4.61019086615155	3.634392783995
COL17A1	ITGA6	R-HSA-202733	REACTOME_CELL_SURFACE_INTERACTIONS_AT_THE_VASCULAR_WALL	2.29432648758383e-87	6.76885344535882e-87	8.8967105526396	1.21558443268924	5.25132194928573e-15	1	17	32	8.48876177088814e-06	1	0	-0.580402338253546	-4.68122835464662
LAMB1	ITGB1	R-HSA-202733	REACTOME_CELL_SURFACE_INTERACTIONS_AT_THE_VASCULAR_WALL	2.34396032311284e-87	6.90936033548259e-87	6.55387519617198	1.64273129306188	5.36492533195653e-15	1	17	32	8.48876177088814e-06	1	0	0.951831469888455	-1.65313439362914
HSPG2	ITGB1	R-HSA-170834	REACTOME_SIGNALING_BY_TGF_BETA_RECEPTOR_COMPLEX	2.65693706241186e-87	7.82522559477466e-87	3.51948105940521	1.64273129306188	5.33784209156493e-12	1	35	64	0.000764325425446844	1	0	4.65016389182664	-1.65313439362914
FBLN1	ITGB1	R-HSA-202733	REACTOME_CELL_SURFACE_INTERACTIONS_AT_THE_VASCULAR_WALL	3.68564346023937e-87	1.08456916195239e-86	8.92010857076818	1.64273129306188	8.43580916000264e-15	1	17	32	8.48876177088814e-06	1	0	6.20654076664142	-1.65313439362914
TNC	ITGB3	R-HSA-170834	REACTOME_SIGNALING_BY_TGF_BETA_RECEPTOR_COMPLEX	3.74898084931325e-87	1.10226445484082e-86	8.5066015717972	2.33558859980003	7.53178088447811e-12	1	35	64	0.000764325425446844	1	0	7.35469947673216	5.81058030327552
LAMC1	ITGB1	R-HSA-170834	REACTOME_SIGNALING_BY_TGF_BETA_RECEPTOR_COMPLEX	4.00538976810754e-87	1.17664737850469e-86	3.23766986137765	1.64273129306188	8.04691176159058e-12	1	35	64	0.000764325425446844	1	0	5.42501182058629	-1.65313439362914
NID1	ITGB3	R-HSA-202733	REACTOME_CELL_SURFACE_INTERACTIONS_AT_THE_VASCULAR_WALL	4.09888358533946e-87	1.20308528443411e-86	1.19124771367259	2.33558859980003	4.19104811461619e-06	1	17	31	1.08184031482621e-06	1	0	6.87787345437884	5.81058030327552
COL18A1	ITGB1	R-HSA-202733	REACTOME_CELL_SURFACE_INTERACTIONS_AT_THE_VASCULAR_WALL	4.11312789136497e-87	1.2062369945691e-86	6.26939471434587	1.64273129306188	9.41424809983805e-15	1	17	32	8.48876177088814e-06	1	0	0.323040890532106	-1.65313439362914
L1CAM	EGFR	R-HSA-2219530	REACTOME_CONSTITUTIVE_SIGNALING_BY_ABERRANT_PI3K_IN_CANCER	6.0087951229319e-87	1.7606690990533e-86	5.38418252448028	2.93967772399715	1.30182866760621e-21	1	19	36	6.56217996455317e-05	1	0	4.78903995096595	-4.97288082913192
TNC	ITGB1	R-HSA-170834	REACTOME_SIGNALING_BY_TGF_BETA_RECEPTOR_COMPLEX	7.00555696206152e-87	2.0509885914461e-86	8.5066015717972	1.64273129306188	1.40743103613461e-11	1	35	64	0.000764325425446844	1	0	7.35469947673216	-1.65313439362914
COL4A6	ITGB1	R-HSA-446728	REACTOME_CELL_JUNCTION_ORGANIZATION	7.04435008348241e-87	2.06059220129077e-86	9.53524221853406	1.64273129306188	8.40043231312356e-17	1	12	22	1.25237667749494e-07	1	0	1.77832375144824	-1.65313439362914
NPNT	ITGB1	R-HSA-170834	REACTOME_SIGNALING_BY_TGF_BETA_RECEPTOR_COMPLEX	7.21354309229434e-87	2.10829126911576e-86	8.21361350158779	1.64273129306188	1.4492158844144e-11	1	35	64	0.000764325425446844	1	0	-1.10868581470011	-1.65313439362914
JAM3	ITGB1	R-HSA-202733	REACTOME_CELL_SURFACE_INTERACTIONS_AT_THE_VASCULAR_WALL	8.57122328661726e-87	2.50297182563356e-86	7.72682422564567	1.64273129306188	1.96180679693249e-14	1	17	32	8.48876177088814e-06	1	0	4.56577146203116	-1.65313439362914
LAMA1	ITGB1	R-HSA-446728	REACTOME_CELL_JUNCTION_ORGANIZATION	1.00867084885557e-86	2.9430260560332e-86	17.5342897380052	1.64273129306188	1.20284640763385e-16	1	12	22	1.25237667749494e-07	1	0	-6.27074375530701	-1.65313439362914
FGF2	SDC4	R-HSA-1638091	REACTOME_HEPARAN_SULFATE_HEPARIN_HS_GAG_METABOLISM	1.03126085401953e-86	3.00638757442981e-86	1.22084110229944	1.20804741852566	6.4332552371885e-09	1	10	19	5.2958652012597e-09	1	0	5.86272009779499	-4.21601081838777
FBN1	ITGB1	R-HSA-202733	REACTOME_CELL_SURFACE_INTERACTIONS_AT_THE_VASCULAR_WALL	1.39569637358634e-86	4.06536454287638e-86	6.40013831890023	1.64273129306188	3.19451091238149e-14	1	17	32	8.48876177088814e-06	1	0	1.72756032766282	-1.65313439362914
EFEMP1	EGFR	R-HSA-2219530	REACTOME_CONSTITUTIVE_SIGNALING_BY_ABERRANT_PI3K_IN_CANCER	1.4538361767287e-86	4.23113066662161e-86	11.9073822111131	2.93967772399715	3.14979221981685e-21	1	19	36	6.56217996455317e-05	1	0	3.20088563659098	-4.97288082913192
EFNB1	ERBB2	R-HSA-2219530	REACTOME_CONSTITUTIVE_SIGNALING_BY_ABERRANT_PI3K_IN_CANCER	1.49122057734844e-86	4.33626271012563e-86	2.06677780171612	5.2615892882842	3.23078696743656e-21	1	19	36	6.56217996455317e-05	1	0	-1.46243435061172	-6.34615646135939
LTBP1	ITGB3	R-HSA-170834	REACTOME_SIGNALING_BY_TGF_BETA_RECEPTOR_COMPLEX	1.7916502204487e-86	5.20547023508745e-86	2.6298897401509	2.33558859980003	3.59946274052546e-11	1	35	64	0.000764325425446844	1	0	7.03079313325193	5.81058030327552
FGF2	TGFBR3	R-HSA-170834	REACTOME_SIGNALING_BY_TGF_BETA_RECEPTOR_COMPLEX	1.88664129894843e-86	5.47683212521738e-86	1.22084110229944	1.231627940706	5.91210589889478e-07	1	36	66	0.000674942458940906	1	0	5.86272009779499	5.3195988464643
MFGE8	ITGB3	R-HSA-170834	REACTOME_SIGNALING_BY_TGF_BETA_RECEPTOR_COMPLEX	1.9830508207506e-86	5.75185060993428e-86	2.73317240377774	2.33558859980003	3.98399054703467e-11	1	35	64	0.000764325425446844	1	0	7.14954233744459	5.81058030327552
FN1	ITGB3	R-HSA-170834	REACTOME_SIGNALING_BY_TGF_BETA_RECEPTOR_COMPLEX	2.32972746184747e-86	6.75169542439369e-86	4.37912027588558	2.33558859980003	4.68047116495695e-11	1	35	64	0.000764325425446844	1	0	3.43264151330902	5.81058030327552
LAMB2	ITGB4	R-HSA-446728	REACTOME_CELL_JUNCTION_ORGANIZATION	2.61366759262221e-86	7.56819572274444e-86	11.7077824357821	6.44412418959411	1.31197927085759e-26	1	13	24	3.08277767799156e-06	1	0	-5.4770692126764	5.77953524166907
LTBP1	ITGB1	R-HSA-170834	REACTOME_SIGNALING_BY_TGF_BETA_RECEPTOR_COMPLEX	3.34797860537023e-86	9.68633002731168e-86	2.6298897401509	1.64273129306188	6.72615899496749e-11	1	35	64	0.000764325425446844	1	0	7.03079313325193	-1.65313439362914
COL4A5	ITGB1	R-HSA-446728	REACTOME_CELL_JUNCTION_ORGANIZATION	3.64988915197941e-86	1.05509400695875e-85	5.4186994542932	1.64273129306188	4.3525160459444e-16	1	12	22	1.25237667749494e-07	1	0	6.18599343361014	-1.65313439362914
FN1	ITGB1	R-HSA-170834	REACTOME_SIGNALING_BY_TGF_BETA_RECEPTOR_COMPLEX	4.35346007249976e-86	1.25742255662462e-85	4.37912027588558	1.64273129306188	8.74619227820244e-11	1	35	64	0.000764325425446844	1	0	3.43264151330902	-1.65313439362914
COL6A2	ITGB1	R-HSA-202733	REACTOME_CELL_SURFACE_INTERACTIONS_AT_THE_VASCULAR_WALL	5.69782859127905e-86	1.64433979479865e-85	2.61520749325399	1.64273129306188	1.30413576736245e-13	1	17	32	8.48876177088814e-06	1	0	-3.31955637394197	-1.65313439362914
COL4A3	ITGB1	R-HSA-446728	REACTOME_CELL_JUNCTION_ORGANIZATION	8.0788025218326e-86	2.3295122108218e-85	10.9133221434925	1.64273129306188	9.63402343033426e-16	1	12	22	1.25237667749494e-07	1	0	4.45925716993137	-1.65313439362914
COMP	ITGB3	R-HSA-6802957	REACTOME_ONCOGENIC_MAPK_SIGNALING	8.60995890457141e-86	2.4805911751864e-85	10.1255608464429	2.33558859980003	1.40626030864776e-20	1	18	33	2.27774972870242e-05	1	0	4.50469248937221	5.81058030327552
LAMA5	ITGB1	R-HSA-446728	REACTOME_CELL_JUNCTION_ORGANIZATION	8.71908179206158e-86	2.50992814767296e-85	4.79474119253631	1.64273129306188	1.03975605355764e-15	1	12	22	1.25237667749494e-07	1	0	7.7539223096356	-1.65313439362914
COL1A2	ITGB3	R-HSA-6802957	REACTOME_ONCOGENIC_MAPK_SIGNALING	9.01771925651427e-86	2.59372527110444e-85	14.0547056107493	2.33558859980003	1.47285960426961e-20	1	18	33	2.27774972870242e-05	1	0	-0.973544102787729	5.81058030327552
CDH1	EGFR	R-HSA-9609646	REACTOME_HCMV_INFECTION	1.48540117118142e-85	4.26882207925153e-85	14.3704771513226	2.93967772399715	5.72574762232922e-27	1	30	56	0.00175073392146078	1	0	5.40152618533464	-4.97288082913192
LAMA3	ITGB1	R-HSA-170834	REACTOME_SIGNALING_BY_TGF_BETA_RECEPTOR_COMPLEX	1.52416409106383e-85	4.37656466883104e-85	1.52751187044421	1.64273129306188	3.06207751580951e-10	1	35	64	0.000764325425446844	1	0	-6.34615646135939	-1.65313439362914
SEMA4D	MET	R-HSA-373755	REACTOME_SEMAPHORIN_INTERACTIONS	3.48861928007287e-85	1.00090494774401e-84	1.01462714481266	2.64032224114379	1.77060688597618e-07	1	19	36	1.34840703614306e-05	1	0	7.0765425972243	11.2515502894158
THBS1	ITGA6	R-HSA-202733	REACTOME_CELL_SURFACE_INTERACTIONS_AT_THE_VASCULAR_WALL	3.8273237977747e-85	1.09716615536208e-84	10.1171572475629	1.21558443268924	8.7600912838886e-13	1	17	32	8.48876177088814e-06	1	0	3.36324076136934	-4.68122835464662
LAMB1	ITGB1	R-HSA-446728	REACTOME_CELL_JUNCTION_ORGANIZATION	4.49886515376164e-85	1.28860084337552e-84	6.55387519617198	1.64273129306188	5.36492533195653e-15	1	12	22	1.25237667749494e-07	1	0	0.951831469888455	-1.65313439362914
LGALS3BP	ITGB1	R-HSA-202733	REACTOME_CELL_SURFACE_INTERACTIONS_AT_THE_VASCULAR_WALL	4.76991763293435e-85	1.36510121940883e-84	5.08385796896564	1.64273129306188	1.09175277789221e-12	1	17	32	8.48876177088814e-06	1	0	5.6845059272368	-1.65313439362914
COL4A4	ITGB3	R-HSA-170834	REACTOME_SIGNALING_BY_TGF_BETA_RECEPTOR_COMPLEX	6.22988130697906e-85	1.78144569376625e-84	4.75297522418188	2.33558859980003	1.25159617577315e-09	1	35	64	0.000764325425446844	1	0	-5.54509567223867	5.81058030327552
FBLN1	ITGB1	R-HSA-446728	REACTOME_CELL_JUNCTION_ORGANIZATION	7.07401604411121e-85	2.02114744117463e-84	8.92010857076818	1.64273129306188	8.43580916000264e-15	1	12	22	1.25237667749494e-07	1	0	6.20654076664142	-1.65313439362914
LAMC1	ITGA6	R-HSA-202733	REACTOME_CELL_SURFACE_INTERACTIONS_AT_THE_VASCULAR_WALL	7.71051079158527e-85	2.20117486498368e-84	3.23766986137765	1.21558443268924	1.76480438940043e-12	1	17	32	8.48876177088814e-06	1	0	5.42501182058629	-4.68122835464662
COL18A1	ITGB1	R-HSA-446728	REACTOME_CELL_JUNCTION_ORGANIZATION	7.89450553448473e-85	2.25183242443014e-84	6.26939471434587	1.64273129306188	9.41424809983805e-15	1	12	22	1.25237667749494e-07	1	0	0.323040890532106	-1.65313439362914
CDH1	CDH2	R-HSA-446728	REACTOME_CELL_JUNCTION_ORGANIZATION	8.09743157552064e-85	2.30780154265046e-84	14.3704771513226	3.27975857038839	1.24864382172691e-28	1	12	22	2.29252918132496e-06	1	0	5.40152618533464	-2.89083519819065
LAMA5	SDC1	R-HSA-1793185	REACTOME_CHONDROITIN_SULFATE_DERMATAN_SULFATE_METABOLISM	8.34257122788521e-85	2.36981379223164e-84	4.79474119253631	7.03887851379973	1.53740409075425e-21	1	6	12	3.5315841126813e-10	1	0	7.7539223096356	4.20001468766753
LAMA5	SDC1	R-HSA-1971475	REACTOME_A_TETRASACCHARIDE_LINKER_SEQUENCE_IS_REQUIRED_FOR_GAG_SYNTHESIS	8.34257122788521e-85	2.36981379223164e-84	4.79474119253631	7.03887851379973	1.53740409075425e-21	1	6	12	3.5315841126813e-10	1	0	7.7539223096356	4.20001468766753
LAMA5	SDC1	R-HSA-3560782	REACTOME_DISEASES_ASSOCIATED_WITH_GLYCOSAMINOGLYCAN_METABOLISM	8.34257122788521e-85	2.36981379223164e-84	4.79474119253631	7.03887851379973	1.53740409075425e-21	1	6	12	3.5315841126813e-10	1	0	7.7539223096356	4.20001468766753
LAMA5	SDC1	R-HSA-3560783	REACTOME_DEFECTIVE_B4GALT7_CAUSES_EDS_PROGEROID_TYPE	8.34257122788521e-85	2.36981379223164e-84	4.79474119253631	7.03887851379973	1.53740409075425e-21	1	6	12	3.5315841126813e-10	1	0	7.7539223096356	4.20001468766753
COL17A1	CD151	R-HSA-446728	REACTOME_CELL_JUNCTION_ORGANIZATION	1.00053367113363e-84	2.83979853853109e-84	8.8967105526396	1.66198423914077	8.47168023999971e-20	1	13	25	3.08277767799156e-06	1	0	-0.580402338253546	4.41472398449643
COL4A4	CD47	R-HSA-202733	REACTOME_CELL_SURFACE_INTERACTIONS_AT_THE_VASCULAR_WALL	1.00777547360579e-84	2.857994747901e-84	4.75297522418188	1.62548017274011	2.30662614633852e-12	1	17	32	8.48876177088814e-06	1	0	-5.54509567223867	3.47290191585887
COL4A4	ITGB1	R-HSA-170834	REACTOME_SIGNALING_BY_TGF_BETA_RECEPTOR_COMPLEX	1.16415074168541e-84	3.29874674744465e-84	4.75297522418188	1.64273129306188	2.33880317219634e-09	1	35	64	0.000764325425446844	1	0	-5.54509567223867	-1.65313439362914
JAM3	ITGB1	R-HSA-446728	REACTOME_CELL_JUNCTION_ORGANIZATION	1.64511222263622e-84	4.65776629289595e-84	7.72682422564567	1.64273129306188	1.96180679693249e-14	1	12	22	1.25237667749494e-07	1	0	4.56577146203116	-1.65313439362914
COL11A1	ITGB1	R-HSA-202733	REACTOME_CELL_SURFACE_INTERACTIONS_AT_THE_VASCULAR_WALL	1.69017537800283e-84	4.78141718777117e-84	8.7209722535565	1.64273129306188	3.86852311939072e-12	1	17	32	8.48876177088814e-06	1	0	5.2194090555208	-1.65313439362914
THBS1	ITGB1	R-HSA-202733	REACTOME_CELL_SURFACE_INTERACTIONS_AT_THE_VASCULAR_WALL	1.7451303424167e-84	4.93282528998641e-84	10.1171572475629	1.64273129306188	3.99430565836698e-12	1	17	32	8.48876177088814e-06	1	0	3.36324076136934	-1.65313439362914
HSPG2	ITGB1	R-HSA-202733	REACTOME_CELL_SURFACE_INTERACTIONS_AT_THE_VASCULAR_WALL	2.33212753197946e-84	6.58663276683854e-84	3.51948105940521	1.64273129306188	5.33784209156493e-12	1	17	32	8.48876177088814e-06	1	0	4.65016389182664	-1.65313439362914
FBN1	ITGB1	R-HSA-446728	REACTOME_CELL_JUNCTION_ORGANIZATION	2.67882084796568e-84	7.55959287694992e-84	6.40013831890023	1.64273129306188	3.19451091238149e-14	1	12	22	1.25237667749494e-07	1	0	1.72756032766282	-1.65313439362914
S100B	APP	R-HSA-9020702	REACTOME_INTERLEUKIN_1_SIGNALING	3.0883983137171e-84	8.70827065507117e-84	2.91530553230702	1.07409823105059	4.17732978317162e-10	1	29	54	0.000364351790280567	1	0	5.98997946985497	-6.19605749258721
LAMC1	ITGB1	R-HSA-202733	REACTOME_CELL_SURFACE_INTERACTIONS_AT_THE_VASCULAR_WALL	3.51573241484048e-84	9.90509378136876e-84	3.23766986137765	1.64273129306188	8.04691176159058e-12	1	17	32	8.48876177088814e-06	1	0	5.42501182058629	-1.65313439362914
AGRN	ITGB1	R-HSA-170834	REACTOME_SIGNALING_BY_TGF_BETA_RECEPTOR_COMPLEX	3.57725292904515e-84	1.0070171911551e-83	1.11546551296964	1.64273129306188	7.18677590333947e-09	1	35	64	0.000764325425446844	1	0	5.51142825962013	-1.65313439362914
PTN	SDC1	R-HSA-3000171	REACTOME_NON_INTEGRIN_MEMBRANE_ECM_INTERACTIONS	5.06634732940382e-84	1.4250396413041e-83	12.0614597856604	7.03887851379973	1.92861936383569e-24	1	8	15	1.19223670921777e-08	1	0	-6.04447813954024	4.20001468766753
TNC	ITGB1	R-HSA-202733	REACTOME_CELL_SURFACE_INTERACTIONS_AT_THE_VASCULAR_WALL	6.14913032725104e-84	1.72818695471761e-83	8.5066015717972	1.64273129306188	1.40743103613461e-11	1	17	32	8.48876177088814e-06	1	0	7.35469947673216	-1.65313439362914
NPNT	ITGB1	R-HSA-202733	REACTOME_CELL_SURFACE_INTERACTIONS_AT_THE_VASCULAR_WALL	6.33169023333534e-84	1.77804199205499e-83	8.21361350158779	1.64273129306188	1.4492158844144e-11	1	17	32	8.48876177088814e-06	1	0	-1.10868581470011	-1.65313439362914
LAMA1	ITGB4	R-HSA-446728	REACTOME_CELL_JUNCTION_ORGANIZATION	6.7277009910754e-84	1.88770729276504e-83	17.5342897380052	6.44412418959411	3.37709518445822e-24	1	13	24	3.08277767799156e-06	1	0	-6.27074375530701	5.77953524166907
LAMA1	GPC1	R-HSA-1793185	REACTOME_CHONDROITIN_SULFATE_DERMATAN_SULFATE_METABOLISM	8.03116724276122e-84	2.24611506626818e-83	17.5342897380052	4.39143398803966	4.74677099594702e-24	1	7	13	9.97983415291508e-10	1	0	-6.27074375530701	-6.34615646135939
LAMA1	GPC1	R-HSA-1971475	REACTOME_A_TETRASACCHARIDE_LINKER_SEQUENCE_IS_REQUIRED_FOR_GAG_SYNTHESIS	8.03116724276122e-84	2.24611506626818e-83	17.5342897380052	4.39143398803966	4.74677099594702e-24	1	7	13	9.97983415291508e-10	1	0	-6.27074375530701	-6.34615646135939
LAMA1	GPC1	R-HSA-3560782	REACTOME_DISEASES_ASSOCIATED_WITH_GLYCOSAMINOGLYCAN_METABOLISM	8.03116724276122e-84	2.24611506626818e-83	17.5342897380052	4.39143398803966	4.74677099594702e-24	1	7	13	9.97983415291508e-10	1	0	-6.27074375530701	-6.34615646135939
LAMA1	GPC1	R-HSA-3560783	REACTOME_DEFECTIVE_B4GALT7_CAUSES_EDS_PROGEROID_TYPE	8.03116724276122e-84	2.24611506626818e-83	17.5342897380052	4.39143398803966	4.74677099594702e-24	1	7	13	9.97983415291508e-10	1	0	-6.27074375530701	-6.34615646135939
FN1	ITGA6	R-HSA-202733	REACTOME_CELL_SURFACE_INTERACTIONS_AT_THE_VASCULAR_WALL	8.380557901511e-84	2.34192682219316e-83	4.37912027588558	1.21558443268924	1.91816674277299e-11	1	17	32	8.48876177088814e-06	1	0	3.43264151330902	-4.68122835464662
COL6A2	ITGB1	R-HSA-446728	REACTOME_CELL_JUNCTION_ORGANIZATION	1.09360906192174e-83	3.05358374432693e-83	2.61520749325399	1.64273129306188	1.30413576736245e-13	1	12	22	1.25237667749494e-07	1	0	-3.31955637394197	-1.65313439362914
LAMA1	ITGA6	R-HSA-446728	REACTOME_CELL_JUNCTION_ORGANIZATION	1.32561444865278e-83	3.69838905382447e-83	17.5342897380052	1.21558443268924	2.63801652467377e-17	1	14	26	2.29252918132496e-06	1	0	-6.27074375530701	-4.68122835464662
DCN	EGFR	R-HSA-2219530	REACTOME_CONSTITUTIVE_SIGNALING_BY_ABERRANT_PI3K_IN_CANCER	1.39383331490546e-83	3.88556450832641e-83	12.4299900158892	2.93967772399715	3.0197937025404e-18	1	19	36	6.56217996455317e-05	1	0	-3.32916132851479	-4.97288082913192
NID1	ITGA3	R-HSA-202733	REACTOME_CELL_SURFACE_INTERACTIONS_AT_THE_VASCULAR_WALL	1.6227914123219e-83	4.52016393391686e-83	1.19124771367259	4.13720289413487	3.71429271673218e-11	1	17	32	8.48876177088814e-06	1	0	6.87787345437884	4.28443713596128
FGF2	SDC1	R-HSA-1638091	REACTOME_HEPARAN_SULFATE_HEPARIN_HS_GAG_METABOLISM	1.99454160056179e-83	5.55115138020433e-83	1.22084110229944	7.03887851379973	1.82871192768819e-11	1	9	18	2.18606988203969e-08	1	0	5.86272009779499	4.20001468766753
L1CAM	ITGB3	R-HSA-6802957	REACTOME_ONCOGENIC_MAPK_SIGNALING	2.5657380649067e-83	7.13511636481735e-83	5.38418252448028	2.33558859980003	4.19060722943674e-18	1	18	33	2.27774972870242e-05	1	0	4.78903995096595	5.81058030327552
LAMA3	ITGA6	R-HSA-202733	REACTOME_CELL_SURFACE_INTERACTIONS_AT_THE_VASCULAR_WALL	2.9340674323056e-83	8.15282065196387e-83	1.52751187044421	1.21558443268924	6.71557984067769e-11	1	17	32	8.48876177088814e-06	1	0	-6.34615646135939	-4.68122835464662
LTBP1	ITGB1	R-HSA-202733	REACTOME_CELL_SURFACE_INTERACTIONS_AT_THE_VASCULAR_WALL	2.93868951301932e-83	8.15907338562266e-83	2.6298897401509	1.64273129306188	6.72615899496749e-11	1	17	32	8.48876177088814e-06	1	0	7.03079313325193	-1.65313439362914
FN1	ITGB1	R-HSA-202733	REACTOME_CELL_SURFACE_INTERACTIONS_AT_THE_VASCULAR_WALL	3.82125125885882e-83	1.06008905890922e-82	4.37912027588558	1.64273129306188	8.74619227820244e-11	1	17	32	8.48876177088814e-06	1	0	3.43264151330902	-1.65313439362914
LAMA5	ITGB4	R-HSA-446728	REACTOME_CELL_JUNCTION_ORGANIZATION	5.81551209497874e-83	1.61203558474834e-82	4.79474119253631	6.44412418959411	2.91920492857277e-23	1	13	24	3.08277767799156e-06	1	0	7.7539223096356	5.77953524166907
LAMA1	SDC4	R-HSA-1793185	REACTOME_CHONDROITIN_SULFATE_DERMATAN_SULFATE_METABOLISM	7.35624572308792e-83	2.03256909939136e-82	17.5342897380052	1.20804741852566	6.25679945307032e-20	1	7	13	3.5315841126813e-10	1	0	-6.27074375530701	-4.21601081838777
LAMA1	SDC4	R-HSA-1971475	REACTOME_A_TETRASACCHARIDE_LINKER_SEQUENCE_IS_REQUIRED_FOR_GAG_SYNTHESIS	7.35624572308792e-83	2.03256909939136e-82	17.5342897380052	1.20804741852566	6.25679945307032e-20	1	7	13	3.5315841126813e-10	1	0	-6.27074375530701	-4.21601081838777
LAMA1	SDC4	R-HSA-3560782	REACTOME_DISEASES_ASSOCIATED_WITH_GLYCOSAMINOGLYCAN_METABOLISM	7.35624572308792e-83	2.03256909939136e-82	17.5342897380052	1.20804741852566	6.25679945307032e-20	1	7	13	3.5315841126813e-10	1	0	-6.27074375530701	-4.21601081838777
LAMA1	SDC4	R-HSA-3560783	REACTOME_DEFECTIVE_B4GALT7_CAUSES_EDS_PROGEROID_TYPE	7.35624572308792e-83	2.03256909939136e-82	17.5342897380052	1.20804741852566	6.25679945307032e-20	1	7	13	3.5315841126813e-10	1	0	-6.27074375530701	-4.21601081838777
FGF2	SDC1	R-HSA-3781865	REACTOME_DISEASES_OF_GLYCOSYLATION	8.67064091818416e-83	2.39190094294735e-82	1.22084110229944	7.03887851379973	1.82871192768819e-11	1	12	23	3.51082198122245e-07	1	0	5.86272009779499	4.20001468766753
FGF2	SDC1	R-HSA-5668914	REACTOME_DISEASES_OF_METABOLISM	8.67064091818416e-83	2.39190094294735e-82	1.22084110229944	7.03887851379973	1.82871192768819e-11	1	12	23	3.51082198122245e-07	1	0	5.86272009779499	4.20001468766753
LGALS3BP	ITGB1	R-HSA-446728	REACTOME_CELL_JUNCTION_ORGANIZATION	9.1551106959964e-83	2.52352410210157e-82	5.08385796896564	1.64273129306188	1.09175277789221e-12	1	12	22	1.25237667749494e-07	1	0	5.6845059272368	-1.65313439362914
L1CAM	ERBB3	R-HSA-8848021	REACTOME_SIGNALING_BY_PTK6	1.0260726638064e-82	2.82601278102002e-82	5.38418252448028	8.31277667281055	8.52956978498308e-29	1	17	31	6.92128322728481e-05	1	0	4.78903995096595	5.83982229038879
LAMA5	ITGA6	R-HSA-446728	REACTOME_CELL_JUNCTION_ORGANIZATION	1.14587834234092e-82	3.1534571981222e-82	4.79474119253631	1.21558443268924	2.28033573821803e-16	1	14	26	2.29252918132496e-06	1	0	7.7539223096356	-4.68122835464662
LAMA3	ITGB1	R-HSA-202733	REACTOME_CELL_SURFACE_INTERACTIONS_AT_THE_VASCULAR_WALL	1.3378356191839e-82	3.67878059951447e-82	1.52751187044421	1.64273129306188	3.06207751580951e-10	1	17	32	8.48876177088814e-06	1	0	-6.34615646135939	-1.65313439362914
LAMB1	ITGB4	R-HSA-446728	REACTOME_CELL_JUNCTION_ORGANIZATION	3.00068348242815e-82	8.24468944053741e-82	6.55387519617198	6.44412418959411	1.50624912611813e-22	1	13	24	3.08277767799156e-06	1	0	0.951831469888455	5.77953524166907
COL11A1	ITGB1	R-HSA-446728	REACTOME_CELL_JUNCTION_ORGANIZATION	3.24402722898684e-82	8.90618808277312e-82	8.7209722535565	1.64273129306188	3.86852311939072e-12	1	12	22	1.25237667749494e-07	1	0	5.2194090555208	-1.65313439362914
THBS1	ITGB1	R-HSA-446728	REACTOME_CELL_JUNCTION_ORGANIZATION	3.34950468608792e-82	9.1884339076096e-82	10.1171572475629	1.64273129306188	3.99430565836698e-12	1	12	22	1.25237667749494e-07	1	0	3.36324076136934	-1.65313439362914
SEMA4D	ERBB2	R-HSA-2219530	REACTOME_CONSTITUTIVE_SIGNALING_BY_ABERRANT_PI3K_IN_CANCER	4.29008584470176e-82	1.17592791281068e-81	1.01462714481266	5.2615892882842	9.29463665321184e-17	1	19	36	6.56217996455317e-05	1	0	7.0765425972243	-6.34615646135939
HSPG2	ITGB1	R-HSA-446728	REACTOME_CELL_JUNCTION_ORGANIZATION	4.47615396228933e-82	1.22595299604103e-81	3.51948105940521	1.64273129306188	5.33784209156493e-12	1	12	22	1.25237667749494e-07	1	0	4.65016389182664	-1.65313439362914
SLIT2	SDC1	R-HSA-1793185	REACTOME_CHONDROITIN_SULFATE_DERMATAN_SULFATE_METABOLISM	4.7552829888184e-82	1.29826773662978e-81	6.43545090641173	7.03887851379973	8.76323536233891e-19	1	6	12	3.5315841126813e-10	1	0	2.55777934270203	4.20001468766753
SLIT2	SDC1	R-HSA-1971475	REACTOME_A_TETRASACCHARIDE_LINKER_SEQUENCE_IS_REQUIRED_FOR_GAG_SYNTHESIS	4.7552829888184e-82	1.29826773662978e-81	6.43545090641173	7.03887851379973	8.76323536233891e-19	1	6	12	3.5315841126813e-10	1	0	2.55777934270203	4.20001468766753
SLIT2	SDC1	R-HSA-3560782	REACTOME_DISEASES_ASSOCIATED_WITH_GLYCOSAMINOGLYCAN_METABOLISM	4.7552829888184e-82	1.29826773662978e-81	6.43545090641173	7.03887851379973	8.76323536233891e-19	1	6	12	3.5315841126813e-10	1	0	2.55777934270203	4.20001468766753
SLIT2	SDC1	R-HSA-3560783	REACTOME_DEFECTIVE_B4GALT7_CAUSES_EDS_PROGEROID_TYPE	4.7552829888184e-82	1.29826773662978e-81	6.43545090641173	7.03887851379973	8.76323536233891e-19	1	6	12	3.5315841126813e-10	1	0	2.55777934270203	4.20001468766753
LAMB1	ITGA6	R-HSA-446728	REACTOME_CELL_JUNCTION_ORGANIZATION	5.91249430588126e-82	1.61292469565674e-81	6.55387519617198	1.21558443268924	1.17660588995585e-15	1	14	26	2.29252918132496e-06	1	0	0.951831469888455	-4.68122835464662
COL18A1	GPC1	R-HSA-1793185	REACTOME_CHONDROITIN_SULFATE_DERMATAN_SULFATE_METABOLISM	6.28570700920789e-82	1.70931479143677e-81	6.26939471434587	4.39143398803966	3.71512767925756e-22	1	7	13	9.97983415291508e-10	1	0	0.323040890532106	-6.34615646135939
COL18A1	GPC1	R-HSA-1971475	REACTOME_A_TETRASACCHARIDE_LINKER_SEQUENCE_IS_REQUIRED_FOR_GAG_SYNTHESIS	6.28570700920789e-82	1.70931479143677e-81	6.26939471434587	4.39143398803966	3.71512767925756e-22	1	7	13	9.97983415291508e-10	1	0	0.323040890532106	-6.34615646135939
COL18A1	GPC1	R-HSA-3560782	REACTOME_DISEASES_ASSOCIATED_WITH_GLYCOSAMINOGLYCAN_METABOLISM	6.28570700920789e-82	1.70931479143677e-81	6.26939471434587	4.39143398803966	3.71512767925756e-22	1	7	13	9.97983415291508e-10	1	0	0.323040890532106	-6.34615646135939
COL18A1	GPC1	R-HSA-3560783	REACTOME_DEFECTIVE_B4GALT7_CAUSES_EDS_PROGEROID_TYPE	6.28570700920789e-82	1.70931479143677e-81	6.26939471434587	4.39143398803966	3.71512767925756e-22	1	7	13	9.97983415291508e-10	1	0	0.323040890532106	-6.34615646135939
LAMC1	ITGB1	R-HSA-446728	REACTOME_CELL_JUNCTION_ORGANIZATION	6.74789837315631e-82	1.83355216458592e-81	3.23766986137765	1.64273129306188	8.04691176159058e-12	1	12	22	1.25237667749494e-07	1	0	5.42501182058629	-1.65313439362914
NECTIN1	NECTIN3	R-HSA-418990	REACTOME_ADHERENS_JUNCTIONS_INTERACTIONS	8.31779811300366e-82	2.25834455475395e-81	1.43588676237718	2.34403457333785	7.33328069013891e-09	1	11	20	1.50942367075554e-08	1	0	3.7522277291151	4.33763175772398
COL4A4	ITGB1	R-HSA-202733	REACTOME_CELL_SURFACE_INTERACTIONS_AT_THE_VASCULAR_WALL	1.02183376281948e-81	2.77216730607178e-81	4.75297522418188	1.64273129306188	2.33880317219634e-09	1	17	32	8.48876177088814e-06	1	0	-5.54509567223867	-1.65313439362914
TNC	ITGB1	R-HSA-446728	REACTOME_CELL_JUNCTION_ORGANIZATION	1.18022937002918e-81	3.19936094003181e-81	8.5066015717972	1.64273129306188	1.40743103613461e-11	1	12	22	1.25237667749494e-07	1	0	7.35469947673216	-1.65313439362914
NPNT	ITGB1	R-HSA-446728	REACTOME_CELL_JUNCTION_ORGANIZATION	1.21526888805591e-81	3.29175194874988e-81	8.21361350158779	1.64273129306188	1.4492158844144e-11	1	12	22	1.25237667749494e-07	1	0	-1.10868581470011	-1.65313439362914
COL17A1	ITGB4	R-HSA-446728	REACTOME_CELL_JUNCTION_ORGANIZATION	1.33923815685857e-81	3.6246886385472e-81	8.8967105526396	6.44412418959411	6.72255609511986e-22	1	13	24	3.08277767799156e-06	1	0	-0.580402338253546	5.77953524166907
NID1	ITGB3	R-HSA-170834	REACTOME_SIGNALING_BY_TGF_BETA_RECEPTOR_COMPLEX	2.0861147398256e-81	5.64169395047176e-81	1.19124771367259	2.33558859980003	4.19104811461619e-06	1	35	64	0.000764325425446844	1	0	6.87787345437884	5.81058030327552
L1CAM	ERBB2	R-HSA-8848021	REACTOME_SIGNALING_BY_PTK6	2.40113668426552e-81	6.48853903682121e-81	5.38418252448028	5.2615892882842	1.99602461250152e-27	1	17	31	6.92128322728481e-05	1	0	4.78903995096595	-6.34615646135939
COL4A2	ITGB3	R-HSA-6802957	REACTOME_ONCOGENIC_MAPK_SIGNALING	2.60312798737046e-81	7.02885422021538e-81	10.9035066930124	2.33558859980003	4.25167600396513e-16	1	18	33	2.27774972870242e-05	1	0	6.44091966949719	5.81058030327552
COL17A1	ITGA6	R-HSA-446728	REACTOME_CELL_JUNCTION_ORGANIZATION	2.63881146512587e-81	7.11961681571215e-81	8.8967105526396	1.21558443268924	5.25132194928573e-15	1	14	26	2.29252918132496e-06	1	0	-0.580402338253546	-4.68122835464662
PTN	PTPRS	R-HSA-3000178	REACTOME_ECM_PROTEOGLYCANS	2.99952181120774e-81	8.08648513366349e-81	12.0614597856604	1.78074089539144	2.44679058976713e-21	1	7	14	1.19223670921777e-08	1	0	-6.04447813954024	-1.72999426532377
AGRN	ITGB1	R-HSA-202733	REACTOME_CELL_SURFACE_INTERACTIONS_AT_THE_VASCULAR_WALL	3.13993513911364e-81	8.45840006151207e-81	1.11546551296964	1.64273129306188	7.18677590333947e-09	1	17	32	8.48876177088814e-06	1	0	5.51142825962013	-1.65313439362914
COL4A3	ITGB3	R-HSA-6802957	REACTOME_ONCOGENIC_MAPK_SIGNALING	3.15655681756851e-81	8.49652226325171e-81	10.9133221434925	2.33558859980003	5.15558856173085e-16	1	18	33	2.27774972870242e-05	1	0	4.45925716993137	5.81058030327552
THBS1	SDC1	R-HSA-1793185	REACTOME_CHONDROITIN_SULFATE_DERMATAN_SULFATE_METABOLISM	3.20486515532694e-81	8.59963817030007e-81	10.1171572475629	7.03887851379973	5.90606021276296e-18	1	6	12	3.5315841126813e-10	1	0	3.36324076136934	4.20001468766753
THBS1	SDC1	R-HSA-1971475	REACTOME_A_TETRASACCHARIDE_LINKER_SEQUENCE_IS_REQUIRED_FOR_GAG_SYNTHESIS	3.20486515532694e-81	8.59963817030007e-81	10.1171572475629	7.03887851379973	5.90606021276296e-18	1	6	12	3.5315841126813e-10	1	0	3.36324076136934	4.20001468766753
THBS1	SDC1	R-HSA-3560782	REACTOME_DISEASES_ASSOCIATED_WITH_GLYCOSAMINOGLYCAN_METABOLISM	3.20486515532694e-81	8.59963817030007e-81	10.1171572475629	7.03887851379973	5.90606021276296e-18	1	6	12	3.5315841126813e-10	1	0	3.36324076136934	4.20001468766753
THBS1	SDC1	R-HSA-3560783	REACTOME_DEFECTIVE_B4GALT7_CAUSES_EDS_PROGEROID_TYPE	3.20486515532694e-81	8.59963817030007e-81	10.1171572475629	7.03887851379973	5.90606021276296e-18	1	6	12	3.5315841126813e-10	1	0	3.36324076136934	4.20001468766753
NID1	ITGB1	R-HSA-170834	REACTOME_SIGNALING_BY_TGF_BETA_RECEPTOR_COMPLEX	3.8982316065769e-81	1.0452000566348e-80	1.19124771367259	1.64273129306188	7.83162877534108e-06	1	35	64	0.000764325425446844	1	0	6.87787345437884	-1.65313439362914
LAMA5	SDC1	R-HSA-3000171	REACTOME_NON_INTEGRIN_MEMBRANE_ECM_INTERACTIONS	4.03865234139114e-81	1.08200654629171e-80	4.79474119253631	7.03887851379973	1.53740409075425e-21	1	8	15	1.19223670921777e-08	1	0	7.7539223096356	4.20001468766753
HSPG2	SDC1	R-HSA-1793185	REACTOME_CHONDROITIN_SULFATE_DERMATAN_SULFATE_METABOLISM	4.28286305232032e-81	1.14387025620977e-80	3.51948105940521	7.03887851379973	7.8926400469542e-18	1	6	12	3.5315841126813e-10	1	0	4.65016389182664	4.20001468766753
HSPG2	SDC1	R-HSA-1971475	REACTOME_A_TETRASACCHARIDE_LINKER_SEQUENCE_IS_REQUIRED_FOR_GAG_SYNTHESIS	4.28286305232032e-81	1.14387025620977e-80	3.51948105940521	7.03887851379973	7.8926400469542e-18	1	6	12	3.5315841126813e-10	1	0	4.65016389182664	4.20001468766753
HSPG2	SDC1	R-HSA-3560782	REACTOME_DISEASES_ASSOCIATED_WITH_GLYCOSAMINOGLYCAN_METABOLISM	4.28286305232032e-81	1.14387025620977e-80	3.51948105940521	7.03887851379973	7.8926400469542e-18	1	6	12	3.5315841126813e-10	1	0	4.65016389182664	4.20001468766753
HSPG2	SDC1	R-HSA-3560783	REACTOME_DEFECTIVE_B4GALT7_CAUSES_EDS_PROGEROID_TYPE	4.28286305232032e-81	1.14387025620977e-80	3.51948105940521	7.03887851379973	7.8926400469542e-18	1	6	12	3.5315841126813e-10	1	0	4.65016389182664	4.20001468766753
LTBP1	ITGB1	R-HSA-446728	REACTOME_CELL_JUNCTION_ORGANIZATION	5.64035479503759e-81	1.50526148137543e-80	2.6298897401509	1.64273129306188	6.72615899496749e-11	1	12	22	1.25237667749494e-07	1	0	7.03079313325193	-1.65313439362914
ANXA1	EGFR	R-HSA-2219530	REACTOME_CONSTITUTIVE_SIGNALING_BY_ABERRANT_PI3K_IN_CANCER	6.71326553831168e-81	1.79020414354978e-80	3.78540835500689	2.93967772399715	1.45445490355854e-15	1	19	36	6.56217996455317e-05	1	0	5.66002539089596	-4.97288082913192
FBLN2	ITGB3	R-HSA-6802957	REACTOME_ONCOGENIC_MAPK_SIGNALING	6.74808515636601e-81	1.79809550254834e-80	20.4800687975369	2.33558859980003	1.10216139472329e-15	1	18	33	2.27774972870242e-05	1	0	-1.12341971762222	5.81058030327552
CDH1	EGFR	R-HSA-8848021	REACTOME_SIGNALING_BY_PTK6	6.88784225139924e-81	1.83391465517131e-80	14.3704771513226	2.93967772399715	5.72574762232922e-27	1	17	31	6.92128322728481e-05	1	0	5.40152618533464	-4.97288082913192
FN1	ITGB1	R-HSA-446728	REACTOME_CELL_JUNCTION_ORGANIZATION	7.33429399923342e-81	1.95127388688035e-80	4.37912027588558	1.64273129306188	8.74619227820244e-11	1	12	22	1.25237667749494e-07	1	0	3.43264151330902	-1.65313439362914
TNC	EGFR	R-HSA-2219530	REACTOME_CONSTITUTIVE_SIGNALING_BY_ABERRANT_PI3K_IN_CANCER	1.0799611074915e-80	2.8709939797301e-80	8.5066015717972	2.93967772399715	2.33977744434425e-15	1	19	36	6.56217996455317e-05	1	0	7.35469947673216	-4.97288082913192
TNC	SDC1	R-HSA-1793185	REACTOME_CHONDROITIN_SULFATE_DERMATAN_SULFATE_METABOLISM	1.12926427570333e-80	2.99281133160204e-80	8.5066015717972	7.03887851379973	2.08105567166854e-17	1	6	12	3.5315841126813e-10	1	0	7.35469947673216	4.20001468766753
TNC	SDC1	R-HSA-1971475	REACTOME_A_TETRASACCHARIDE_LINKER_SEQUENCE_IS_REQUIRED_FOR_GAG_SYNTHESIS	1.12926427570333e-80	2.99281133160204e-80	8.5066015717972	7.03887851379973	2.08105567166854e-17	1	6	12	3.5315841126813e-10	1	0	7.35469947673216	4.20001468766753
TNC	SDC1	R-HSA-3560782	REACTOME_DISEASES_ASSOCIATED_WITH_GLYCOSAMINOGLYCAN_METABOLISM	1.12926427570333e-80	2.99281133160204e-80	8.5066015717972	7.03887851379973	2.08105567166854e-17	1	6	12	3.5315841126813e-10	1	0	7.35469947673216	4.20001468766753
TNC	SDC1	R-HSA-3560783	REACTOME_DEFECTIVE_B4GALT7_CAUSES_EDS_PROGEROID_TYPE	1.12926427570333e-80	2.99281133160204e-80	8.5066015717972	7.03887851379973	2.08105567166854e-17	1	6	12	3.5315841126813e-10	1	0	7.35469947673216	4.20001468766753
LAMA3	CD151	R-HSA-446728	REACTOME_CELL_JUNCTION_ORGANIZATION	1.27951853203328e-80	3.38840935349846e-80	1.52751187044421	1.66198423914077	1.08338901301125e-15	1	13	25	3.08277767799156e-06	1	0	-6.34615646135939	4.41472398449643
LAMA3	ITGB1	R-HSA-446728	REACTOME_CELL_JUNCTION_ORGANIZATION	2.56776618155998e-80	6.79470435735871e-80	1.52751187044421	1.64273129306188	3.06207751580951e-10	1	12	22	1.25237667749494e-07	1	0	-6.34615646135939	-1.65313439362914
COL18A1	ITGB3	R-HSA-6802957	REACTOME_ONCOGENIC_MAPK_SIGNALING	3.08454813678964e-80	8.15591513493955e-80	6.26939471434587	2.33558859980003	5.03797714130507e-15	1	18	33	2.27774972870242e-05	1	0	0.323040890532106	5.81058030327552
L1CAM	EGFR	R-HSA-9609646	REACTOME_HCMV_INFECTION	3.37726696160801e-80	8.92304020578459e-80	5.38418252448028	2.93967772399715	1.30182866760621e-21	1	30	56	0.00175073392146078	1	0	4.78903995096595	-4.97288082913192
COL16A1	ITGA1	R-HSA-445355	REACTOME_SMOOTH_MUSCLE_CONTRACTION	3.49391312156658e-80	9.22414515593939e-80	12.9334956641832	4.23950504367085	2.01682122639883e-28	1	10	19	2.12475259962483e-06	1	0	5.80814713736568	-3.47079627706584
SLIT2	GPC1	R-HSA-1793185	REACTOME_CHONDROITIN_SULFATE_DERMATAN_SULFATE_METABOLISM	3.95709426165395e-80	1.04149994338865e-79	6.43545090641173	4.39143398803966	2.33881572898105e-20	1	7	13	9.97983415291508e-10	1	0	2.55777934270203	-6.34615646135939
SLIT2	GPC1	R-HSA-1971475	REACTOME_A_TETRASACCHARIDE_LINKER_SEQUENCE_IS_REQUIRED_FOR_GAG_SYNTHESIS	3.95709426165395e-80	1.04149994338865e-79	6.43545090641173	4.39143398803966	2.33881572898105e-20	1	7	13	9.97983415291508e-10	1	0	2.55777934270203	-6.34615646135939
SLIT2	GPC1	R-HSA-3560782	REACTOME_DISEASES_ASSOCIATED_WITH_GLYCOSAMINOGLYCAN_METABOLISM	3.95709426165395e-80	1.04149994338865e-79	6.43545090641173	4.39143398803966	2.33881572898105e-20	1	7	13	9.97983415291508e-10	1	0	2.55777934270203	-6.34615646135939
SLIT2	GPC1	R-HSA-3560783	REACTOME_DEFECTIVE_B4GALT7_CAUSES_EDS_PROGEROID_TYPE	3.95709426165395e-80	1.04149994338865e-79	6.43545090641173	4.39143398803966	2.33881572898105e-20	1	7	13	9.97983415291508e-10	1	0	2.55777934270203	-6.34615646135939
EFEMP1	EGFR	R-HSA-9609646	REACTOME_HCMV_INFECTION	8.17134348368429e-80	2.14903834739098e-79	11.9073822111131	2.93967772399715	3.14979221981685e-21	1	30	56	0.00175073392146078	1	0	3.20088563659098	-4.97288082913192
LAMA1	SDC4	R-HSA-3000171	REACTOME_NON_INTEGRIN_MEMBRANE_ECM_INTERACTIONS	8.77224730662323e-80	2.30531174444491e-79	17.5342897380052	1.20804741852566	6.25679945307032e-20	1	7	13	9.71545273620943e-10	1	0	-6.27074375530701	-4.21601081838777
FBN1	ITGB3	R-HSA-6802957	REACTOME_ONCOGENIC_MAPK_SIGNALING	1.04667123473302e-79	2.74851072326839e-79	6.40013831890023	2.33558859980003	1.70952292562848e-14	1	18	33	2.27774972870242e-05	1	0	1.72756032766282	5.81058030327552
CDH1	ERBB3	R-HSA-1227986	REACTOME_SIGNALING_BY_ERBB2	1.60588264799086e-79	4.21375767283643e-79	14.3704771513226	8.31277667281055	3.75150472033015e-34	1	15	29	0.000281556464908479	1	0	5.40152618533464	5.83982229038879
COL4A4	ITGB1	R-HSA-446728	REACTOME_CELL_JUNCTION_ORGANIZATION	1.96125005323496e-79	5.14230196884776e-79	4.75297522418188	1.64273129306188	2.33880317219634e-09	1	12	22	1.25237667749494e-07	1	0	-5.54509567223867	-1.65313439362914
COL16A1	ITGB1	R-HSA-216083	REACTOME_INTEGRIN_CELL_SURFACE_INTERACTIONS	2.32223788074952e-79	6.08415712854406e-79	12.9334956641832	1.64273129306188	1.41417537656979e-24	1	8	16	2.89658626452252e-07	1	0	5.80814713736568	-1.65313439362914
CDH1	CDH2	R-HSA-421270	REACTOME_CELL_CELL_JUNCTION_ORGANIZATION	4.23553579303428e-79	1.1088465089831e-78	14.3704771513226	3.27975857038839	1.24864382172691e-28	1	9	18	3.08277767799156e-06	1	0	5.40152618533464	-2.89083519819065
THBS1	ITGA6	R-HSA-446728	REACTOME_CELL_JUNCTION_ORGANIZATION	4.40198287949545e-79	1.15154533121402e-78	10.1171572475629	1.21558443268924	8.7600912838886e-13	1	14	26	2.29252918132496e-06	1	0	3.36324076136934	-4.68122835464662
LAMC1	ITGB4	R-HSA-446728	REACTOME_CELL_JUNCTION_ORGANIZATION	4.50075885748736e-79	1.17649015727633e-78	3.23766986137765	6.44412418959411	2.2592399817101e-19	1	13	24	3.08277767799156e-06	1	0	5.42501182058629	5.77953524166907
AGRN	ITGB1	R-HSA-446728	REACTOME_CELL_JUNCTION_ORGANIZATION	6.02661429169165e-79	1.57414982258309e-78	1.11546551296964	1.64273129306188	7.18677590333947e-09	1	12	22	1.25237667749494e-07	1	0	5.51142825962013	-1.65313439362914
LAMC1	ITGA6	R-HSA-446728	REACTOME_CELL_JUNCTION_ORGANIZATION	8.86821661560429e-79	2.31461799375408e-78	3.23766986137765	1.21558443268924	1.76480438940043e-12	1	14	26	2.29252918132496e-06	1	0	5.42501182058629	-4.68122835464662
SLIT2	SDC1	R-HSA-3000171	REACTOME_NON_INTEGRIN_MEMBRANE_ECM_INTERACTIONS	2.30204025259934e-78	6.00380475279888e-78	6.43545090641173	7.03887851379973	8.76323536233891e-19	1	8	15	1.19223670921777e-08	1	0	2.55777934270203	4.20001468766753
CDH1	IGF1R	R-HSA-9009391	REACTOME_EXTRA_NUCLEAR_ESTROGEN_SIGNALING	2.42886139166693e-78	6.32975999040473e-78	14.3704771513226	6.39079791705591	4.06196171585687e-31	1	18	33	0.000303379413040266	1	0	5.40152618533464	5.51394539218302
THBS1	SDC4	R-HSA-1793185	REACTOME_CHONDROITIN_SULFATE_DERMATAN_SULFATE_METABOLISM	2.44279683005149e-78	6.34684372762622e-78	10.1171572475629	1.20804741852566	2.07770246475838e-15	1	7	13	3.5315841126813e-10	1	0	3.36324076136934	-4.21601081838777
THBS1	SDC4	R-HSA-1971475	REACTOME_A_TETRASACCHARIDE_LINKER_SEQUENCE_IS_REQUIRED_FOR_GAG_SYNTHESIS	2.44279683005149e-78	6.34684372762622e-78	10.1171572475629	1.20804741852566	2.07770246475838e-15	1	7	13	3.5315841126813e-10	1	0	3.36324076136934	-4.21601081838777
THBS1	SDC4	R-HSA-3560782	REACTOME_DISEASES_ASSOCIATED_WITH_GLYCOSAMINOGLYCAN_METABOLISM	2.44279683005149e-78	6.34684372762622e-78	10.1171572475629	1.20804741852566	2.07770246475838e-15	1	7	13	3.5315841126813e-10	1	0	3.36324076136934	-4.21601081838777
THBS1	SDC4	R-HSA-3560783	REACTOME_DEFECTIVE_B4GALT7_CAUSES_EDS_PROGEROID_TYPE	2.44279683005149e-78	6.34684372762622e-78	10.1171572475629	1.20804741852566	2.07770246475838e-15	1	7	13	3.5315841126813e-10	1	0	3.36324076136934	-4.21601081838777
CDH1	EGFR	R-HSA-9820960	REACTOME_RESPIRATORY_SYNCYTIAL_VIRUS_RSV_ATTACHMENT_AND_ENTRY	2.61344871686281e-78	6.78510459321363e-78	14.3704771513226	2.93967772399715	5.72574762232922e-27	1	6	11	9.97983415291508e-10	1	0	5.40152618533464	-4.97288082913192
NID1	ITGB1	R-HSA-202733	REACTOME_CELL_SURFACE_INTERACTIONS_AT_THE_VASCULAR_WALL	3.42167429719916e-78	8.87674176648953e-78	1.19124771367259	1.64273129306188	7.83162877534108e-06	1	17	32	8.48876177088814e-06	1	0	6.87787345437884	-1.65313439362914
CDH1	ERBB3	R-HSA-1236394	REACTOME_SIGNALING_BY_ERBB4	4.79206891322278e-78	1.24225448843153e-77	14.3704771513226	8.31277667281055	3.75150472033015e-34	1	15	29	0.000353112685666113	1	0	5.40152618533464	5.83982229038879
COMP	ITGB3	R-HSA-6802952	REACTOME_SIGNALING_BY_BRAF_AND_RAF1_FUSIONS	5.70616898378511e-78	1.47810401387205e-77	10.1255608464429	2.33558859980003	1.40626030864776e-20	1	15	28	2.27774972870242e-05	1	0	4.50469248937221	5.81058030327552
COL1A2	ITGB3	R-HSA-6802952	REACTOME_SIGNALING_BY_BRAF_AND_RAF1_FUSIONS	5.97640830767297e-78	1.54694090130888e-77	14.0547056107493	2.33558859980003	1.47285960426961e-20	1	15	28	2.27774972870242e-05	1	0	-0.973544102787729	5.81058030327552
COL1A2	ITGA2B	R-HSA-6802957	REACTOME_ONCOGENIC_MAPK_SIGNALING	6.08444613143024e-78	1.57372140542256e-77	14.0547056107493	4.02018928876498	5.19222241150777e-26	1	18	33	0.000154057837573892	1	0	-0.973544102787729	-1.22574277327969
LAMA1	GPC1	R-HSA-376176	REACTOME_SIGNALING_BY_ROBO_RECEPTORS	7.46587582936282e-78	1.92957271622901e-77	17.5342897380052	4.39143398803966	4.74677099594702e-24	1	45	82	0.00931958323851118	1	0	-6.27074375530701	-6.34615646135939
TNC	SDC4	R-HSA-1793185	REACTOME_CHONDROITIN_SULFATE_DERMATAN_SULFATE_METABOLISM	8.60742358658478e-78	2.21794285676791e-77	8.5066015717972	1.20804741852566	7.32097937129289e-15	1	7	13	3.5315841126813e-10	1	0	7.35469947673216	-4.21601081838777
TNC	SDC4	R-HSA-1971475	REACTOME_A_TETRASACCHARIDE_LINKER_SEQUENCE_IS_REQUIRED_FOR_GAG_SYNTHESIS	8.60742358658478e-78	2.21794285676791e-77	8.5066015717972	1.20804741852566	7.32097937129289e-15	1	7	13	3.5315841126813e-10	1	0	7.35469947673216	-4.21601081838777
TNC	SDC4	R-HSA-3560782	REACTOME_DISEASES_ASSOCIATED_WITH_GLYCOSAMINOGLYCAN_METABOLISM	8.60742358658478e-78	2.21794285676791e-77	8.5066015717972	1.20804741852566	7.32097937129289e-15	1	7	13	3.5315841126813e-10	1	0	7.35469947673216	-4.21601081838777
TNC	SDC4	R-HSA-3560783	REACTOME_DEFECTIVE_B4GALT7_CAUSES_EDS_PROGEROID_TYPE	8.60742358658478e-78	2.21794285676791e-77	8.5066015717972	1.20804741852566	7.32097937129289e-15	1	7	13	3.5315841126813e-10	1	0	7.35469947673216	-4.21601081838777
LUM	ITGB1	R-HSA-216083	REACTOME_INTEGRIN_CELL_SURFACE_INTERACTIONS	8.898681559079e-78	2.29127728766705e-77	11.828176566468	1.64273129306188	5.41903844093848e-23	1	8	16	2.89658626452252e-07	1	0	4.04840561928604	-1.65313439362914
FN1	ITGA6	R-HSA-446728	REACTOME_CELL_JUNCTION_ORGANIZATION	9.63886892050292e-78	2.48000815905236e-77	4.37912027588558	1.21558443268924	1.91816674277299e-11	1	14	26	2.29252918132496e-06	1	0	3.43264151330902	-4.68122835464662
THBS1	ITGB3	R-HSA-6802957	REACTOME_ONCOGENIC_MAPK_SIGNALING	1.30872141307771e-77	3.36472470925808e-77	10.1171572475629	2.33558859980003	2.13752817950321e-12	1	18	33	2.27774972870242e-05	1	0	3.36324076136934	5.81058030327552
THBS1	SDC1	R-HSA-3000171	REACTOME_NON_INTEGRIN_MEMBRANE_ECM_INTERACTIONS	1.55148045007283e-77	3.98587957300265e-77	10.1171572475629	7.03887851379973	5.90606021276296e-18	1	8	15	1.19223670921777e-08	1	0	3.36324076136934	4.20001468766753
LAMA3	ITGB4	R-HSA-446728	REACTOME_CELL_JUNCTION_ORGANIZATION	1.71266604007951e-77	4.39669490886082e-77	1.52751187044421	6.44412418959411	8.59704711046187e-18	1	13	24	3.08277767799156e-06	1	0	-6.34615646135939	5.77953524166907
COL16A1	ITGB1	R-HSA-2173789	REACTOME_TGF_BETA_RECEPTOR_SIGNALING_ACTIVATES_SMADS	1.83336146577497e-77	4.70303015828926e-77	12.9334956641832	1.64273129306188	1.41417537656979e-24	1	18	33	0.000134250994353051	1	0	5.80814713736568	-1.65313439362914
HSPG2	SDC1	R-HSA-3000171	REACTOME_NON_INTEGRIN_MEMBRANE_ECM_INTERACTIONS	2.07334099064033e-77	5.31467437243125e-77	3.51948105940521	7.03887851379973	7.8926400469542e-18	1	8	15	1.19223670921777e-08	1	0	4.65016389182664	4.20001468766753
CDH1	EGFR	R-HSA-177929	REACTOME_SIGNALING_BY_EGFR	2.46644054703363e-77	6.31761391049567e-77	14.3704771513226	2.93967772399715	5.72574762232922e-27	1	18	34	0.000306459730668725	1	0	5.40152618533464	-4.97288082913192
LAMA3	ITGA6	R-HSA-446728	REACTOME_CELL_JUNCTION_ORGANIZATION	3.37460724169822e-77	8.63738758291807e-77	1.52751187044421	1.21558443268924	6.71557984067769e-11	1	14	26	2.29252918132496e-06	1	0	-6.34615646135939	-4.68122835464662
RND1	ERBB2	R-HSA-8848021	REACTOME_SIGNALING_BY_PTK6	3.38196514918665e-77	8.64978447078221e-77	4.60833105105072	5.2615892882842	2.81137084807974e-23	1	17	31	6.92128322728481e-05	1	0	-6.26577098121408	-6.34615646135939
LAMA1	ITGA6	R-HSA-3000171	REACTOME_NON_INTEGRIN_MEMBRANE_ECM_INTERACTIONS	3.69858959472342e-77	9.45256181712375e-77	17.5342897380052	1.21558443268924	2.63801652467377e-17	1	7	13	9.71545273620943e-10	1	0	-6.27074375530701	-4.68122835464662
TNC	ITGB3	R-HSA-6802957	REACTOME_ONCOGENIC_MAPK_SIGNALING	4.61140256144683e-77	1.17767073581122e-76	8.5066015717972	2.33558859980003	7.53178088447811e-12	1	18	33	2.27774972870242e-05	1	0	7.35469947673216	5.81058030327552
TNC	SDC1	R-HSA-3000171	REACTOME_NON_INTEGRIN_MEMBRANE_ECM_INTERACTIONS	5.46678678136348e-77	1.3950850539978e-76	8.5066015717972	7.03887851379973	2.08105567166854e-17	1	8	15	1.19223670921777e-08	1	0	7.35469947673216	4.20001468766753
CDH1	EGFR	R-HSA-9609690	REACTOME_HCMV_EARLY_EVENTS	6.67472314854364e-77	1.70207914240105e-76	14.3704771513226	2.93967772399715	5.72574762232922e-27	1	26	48	0.00175073392146078	1	0	5.40152618533464	-4.97288082913192
DCN	EGFR	R-HSA-9609646	REACTOME_HCMV_INFECTION	7.83409503588118e-77	1.99624347580972e-76	12.4299900158892	2.93967772399715	3.0197937025404e-18	1	30	56	0.00175073392146078	1	0	-3.32916132851479	-4.97288082913192
AGRN	LRP4	R-HSA-3000178	REACTOME_ECM_PROTEOGLYCANS	9.15534417373198e-77	2.33119052240104e-76	1.11546551296964	3.53874961822277	7.46826040292972e-17	1	7	14	1.19223670921777e-08	1	0	5.51142825962013	-5.51849118635847
COMP	ITGB3	R-HSA-2173789	REACTOME_TGF_BETA_RECEPTOR_SIGNALING_ACTIVATES_SMADS	9.25652500306993e-77	2.35521050373969e-76	10.1255608464429	2.33558859980003	1.40626030864776e-20	1	18	34	0.000139378466831675	1	0	4.50469248937221	5.81058030327552
COL1A2	ITGB3	R-HSA-2173789	REACTOME_TGF_BETA_RECEPTOR_SIGNALING_ACTIVATES_SMADS	9.69490617710964e-77	2.46492810415796e-76	14.0547056107493	2.33558859980003	1.47285960426961e-20	1	18	34	0.000139378466831675	1	0	-0.973544102787729	5.81058030327552
ADAM10	EFNA3	R-HSA-2682334	REACTOME_EPH_EPHRIN_SIGNALING	1.01981620164141e-76	2.59096582987181e-76	1.86795973205716	4.01323569300597	1.65571741363114e-15	1	4	8	2.56044854374498e-13	1	0	-6.34615646135939	4.72646934379839
COL2A1	ITGA2B	R-HSA-6802957	REACTOME_ONCOGENIC_MAPK_SIGNALING	1.47874790176016e-76	3.75416441480071e-76	12.5798279320328	4.02018928876498	1.26190417839797e-24	1	18	33	0.000154057837573892	1	0	5.28155360459047	-1.22574277327969
COL5A1	ITGA1	R-HSA-445355	REACTOME_SMOOTH_MUSCLE_CONTRACTION	1.71308549884808e-76	4.34588061654675e-76	17.6910136130676	4.23950504367085	9.88858931662188e-25	1	10	19	2.12475259962483e-06	1	0	5.13171509336827	-3.47079627706584
L1CAM	FGFR2	R-HSA-5654738	REACTOME_SIGNALING_BY_FGFR2	1.99151230948849e-76	5.04849104247635e-76	5.38418252448028	12.4089683634966	8.28663999565782e-34	1	23	42	0.00192476343881898	1	0	4.78903995096595	5.89402827446816
APP	GPC1	R-HSA-1793185	REACTOME_CHONDROITIN_SULFATE_DERMATAN_SULFATE_METABOLISM	2.09102224752559e-76	5.28517011865395e-76	1.07409823105059	4.39143398803966	1.23588557633147e-16	1	7	13	9.97983415291508e-10	1	0	-6.19605749258721	-6.34615646135939
APP	GPC1	R-HSA-1971475	REACTOME_A_TETRASACCHARIDE_LINKER_SEQUENCE_IS_REQUIRED_FOR_GAG_SYNTHESIS	2.09102224752559e-76	5.28517011865395e-76	1.07409823105059	4.39143398803966	1.23588557633147e-16	1	7	13	9.97983415291508e-10	1	0	-6.19605749258721	-6.34615646135939
APP	GPC1	R-HSA-3560782	REACTOME_DISEASES_ASSOCIATED_WITH_GLYCOSAMINOGLYCAN_METABOLISM	2.09102224752559e-76	5.28517011865395e-76	1.07409823105059	4.39143398803966	1.23588557633147e-16	1	7	13	9.97983415291508e-10	1	0	-6.19605749258721	-6.34615646135939
APP	GPC1	R-HSA-3560783	REACTOME_DEFECTIVE_B4GALT7_CAUSES_EDS_PROGEROID_TYPE	2.09102224752559e-76	5.28517011865395e-76	1.07409823105059	4.39143398803966	1.23588557633147e-16	1	7	13	9.97983415291508e-10	1	0	-6.19605749258721	-6.34615646135939
LTBP1	ITGB3	R-HSA-6802957	REACTOME_ONCOGENIC_MAPK_SIGNALING	2.20380437987764e-76	5.56614322083632e-76	2.6298897401509	2.33558859980003	3.59946274052546e-11	1	18	33	2.27774972870242e-05	1	0	7.03079313325193	5.81058030327552
MFGE8	ITGB3	R-HSA-6802957	REACTOME_ONCOGENIC_MAPK_SIGNALING	2.43923508864114e-76	6.15624996692995e-76	2.73317240377774	2.33558859980003	3.98399054703467e-11	1	18	33	2.27774972870242e-05	1	0	7.14954233744459	5.81058030327552
COL1A1	ITGA1	R-HSA-445355	REACTOME_SMOOTH_MUSCLE_CONTRACTION	2.53470644692797e-76	6.39251479283888e-76	11.8865981117298	4.23950504367085	1.46313018869862e-24	1	10	19	2.12475259962483e-06	1	0	-1.97991822679722	-3.47079627706584
FN1	ITGB3	R-HSA-6802957	REACTOME_ONCOGENIC_MAPK_SIGNALING	2.86566179365905e-76	7.2218875972067e-76	4.37912027588558	2.33558859980003	4.68047116495695e-11	1	18	33	2.27774972870242e-05	1	0	3.43264151330902	5.81058030327552
LAMA5	ITGA6	R-HSA-3000171	REACTOME_NON_INTEGRIN_MEMBRANE_ECM_INTERACTIONS	3.19710887136772e-76	8.05128441984258e-76	4.79474119253631	1.21558443268924	2.28033573821803e-16	1	7	13	9.71545273620943e-10	1	0	7.7539223096356	-4.68122835464662
COL18A1	GPC1	R-HSA-376176	REACTOME_SIGNALING_BY_ROBO_RECEPTORS	5.84327366271693e-76	1.47043609361713e-75	6.26939471434587	4.39143398803966	3.71512767925756e-22	1	45	82	0.00931958323851118	1	0	0.323040890532106	-6.34615646135939
NID1	ITGB1	R-HSA-446728	REACTOME_CELL_JUNCTION_ORGANIZATION	6.5673685306874e-76	1.65144354865239e-75	1.19124771367259	1.64273129306188	7.83162877534108e-06	1	12	22	1.25237667749494e-07	1	0	6.87787345437884	-1.65313439362914
COL1A2	ITGA1	R-HSA-445355	REACTOME_SMOOTH_MUSCLE_CONTRACTION	6.79985463238224e-76	1.7086559485314e-75	14.0547056107493	4.23950504367085	3.92513799909995e-24	1	10	19	2.12475259962483e-06	1	0	-0.973544102787729	-3.47079627706584
LUM	ITGB1	R-HSA-2173789	REACTOME_TGF_BETA_RECEPTOR_SIGNALING_ACTIVATES_SMADS	7.02533534650297e-76	1.76402580963286e-75	11.828176566468	1.64273129306188	5.41903844093848e-23	1	18	33	0.000134250994353051	1	0	4.04840561928604	-1.65313439362914
WNT7A	LRP6	R-HSA-4641263	REACTOME_REGULATION_OF_FZD_BY_UBIQUITINATION	7.45998307568076e-76	1.87179735815768e-75	11.792973304359	1.83737033179993	3.44317276789683e-19	1	6	11	1.29376718826169e-10	1	0	-2.56298607630723	-0.192774737109088
COL5A1	ITGB1	R-HSA-216083	REACTOME_INTEGRIN_CELL_SURFACE_INTERACTIONS	1.13860645642041e-75	2.85481502192873e-75	17.6910136130676	1.64273129306188	6.93378239852596e-21	1	8	16	2.89658626452252e-07	1	0	5.13171509336827	-1.65313439362914
L1CAM	EGFR	R-HSA-8848021	REACTOME_SIGNALING_BY_PTK6	1.56604710725499e-75	3.92367228620332e-75	5.38418252448028	2.93967772399715	1.30182866760621e-21	1	17	31	6.92128322728481e-05	1	0	4.78903995096595	-4.97288082913192
LAMB1	ITGA6	R-HSA-3000171	REACTOME_NON_INTEGRIN_MEMBRANE_ECM_INTERACTIONS	1.64964178995018e-75	4.13010753815764e-75	6.55387519617198	1.21558443268924	1.17660588995585e-15	1	7	13	9.71545273620943e-10	1	0	0.951831469888455	-4.68122835464662
COL1A1	ITGB1	R-HSA-216083	REACTOME_INTEGRIN_CELL_SURFACE_INTERACTIONS	1.68469882416451e-75	4.21481014918248e-75	11.8865981117298	1.64273129306188	1.02593262034834e-20	1	8	16	2.89658626452252e-07	1	0	-1.97991822679722	-1.65313439362914
L1CAM	ITGB3	R-HSA-6802952	REACTOME_SIGNALING_BY_BRAF_AND_RAF1_FUSIONS	1.70041868129175e-75	4.25104670322937e-75	5.38418252448028	2.33558859980003	4.19060722943674e-18	1	15	28	2.27774972870242e-05	1	0	4.78903995096595	5.81058030327552
L1CAM	ITGA2B	R-HSA-6802957	REACTOME_ONCOGENIC_MAPK_SIGNALING	1.73115780157024e-75	4.32475151590533e-75	5.38418252448028	4.02018928876498	1.47730066813109e-23	1	18	33	0.000154057837573892	1	0	4.78903995096595	-1.22574277327969
THBS1	SDC4	R-HSA-3000171	REACTOME_NON_INTEGRIN_MEMBRANE_ECM_INTERACTIONS	2.91301007602174e-75	7.27195548731116e-75	10.1171572475629	1.20804741852566	2.07770246475838e-15	1	7	13	9.71545273620943e-10	1	0	3.36324076136934	-4.21601081838777
EFEMP1	EGFR	R-HSA-8848021	REACTOME_SIGNALING_BY_PTK6	3.78907233881145e-75	9.45207312944989e-75	11.9073822111131	2.93967772399715	3.14979221981685e-21	1	17	31	6.92128322728481e-05	1	0	3.20088563659098	-4.97288082913192
EFNB1	ERBB2	R-HSA-8848021	REACTOME_SIGNALING_BY_PTK6	3.88650573643814e-75	9.6881012560487e-75	2.06677780171612	5.2615892882842	3.23078696743656e-21	1	17	31	6.92128322728481e-05	1	0	-1.46243435061172	-6.34615646135939
COMP	ITGB1	R-HSA-216083	REACTOME_INTEGRIN_CELL_SURFACE_INTERACTIONS	4.31517685545984e-75	1.07488836949905e-74	10.1255608464429	1.64273129306188	2.6278172900037e-20	1	8	16	2.89658626452252e-07	1	0	4.50469248937221	-1.65313439362914
COL1A2	ITGB1	R-HSA-216083	REACTOME_INTEGRIN_CELL_SURFACE_INTERACTIONS	4.51953997179756e-75	1.1249795588266e-74	14.0547056107493	1.64273129306188	2.75226848830669e-20	1	8	16	2.89658626452252e-07	1	0	-0.973544102787729	-1.65313439362914
COL17A1	ITGA6	R-HSA-3000171	REACTOME_NON_INTEGRIN_MEMBRANE_ECM_INTERACTIONS	7.36253338010185e-75	1.83131705188361e-74	8.8967105526396	1.21558443268924	5.25132194928573e-15	1	7	13	9.71545273620943e-10	1	0	-0.580402338253546	-4.68122835464662
COL4A4	ITGB3	R-HSA-6802957	REACTOME_ONCOGENIC_MAPK_SIGNALING	7.66301343517814e-75	1.90467963995757e-74	4.75297522418188	2.33558859980003	1.25159617577315e-09	1	18	33	2.27774972870242e-05	1	0	-5.54509567223867	5.81058030327552
FGF2	SDC1	R-HSA-1793185	REACTOME_CHONDROITIN_SULFATE_DERMATAN_SULFATE_METABOLISM	9.92332439062092e-75	2.45938299018271e-74	1.22084110229944	7.03887851379973	1.82871192768819e-11	1	6	12	3.5315841126813e-10	1	0	5.86272009779499	4.20001468766753
FGF2	SDC1	R-HSA-1971475	REACTOME_A_TETRASACCHARIDE_LINKER_SEQUENCE_IS_REQUIRED_FOR_GAG_SYNTHESIS	9.92332439062092e-75	2.45938299018271e-74	1.22084110229944	7.03887851379973	1.82871192768819e-11	1	6	12	3.5315841126813e-10	1	0	5.86272009779499	4.20001468766753
FGF2	SDC1	R-HSA-3560782	REACTOME_DISEASES_ASSOCIATED_WITH_GLYCOSAMINOGLYCAN_METABOLISM	9.92332439062092e-75	2.45938299018271e-74	1.22084110229944	7.03887851379973	1.82871192768819e-11	1	6	12	3.5315841126813e-10	1	0	5.86272009779499	4.20001468766753
FGF2	SDC1	R-HSA-3560783	REACTOME_DEFECTIVE_B4GALT7_CAUSES_EDS_PROGEROID_TYPE	9.92332439062092e-75	2.45938299018271e-74	1.22084110229944	7.03887851379973	1.82871192768819e-11	1	6	12	3.5315841126813e-10	1	0	5.86272009779499	4.20001468766753
TNC	SDC4	R-HSA-3000171	REACTOME_NON_INTEGRIN_MEMBRANE_ECM_INTERACTIONS	1.02642640304147e-74	2.54204955108904e-74	8.5066015717972	1.20804741852566	7.32097937129289e-15	1	7	13	9.71545273620943e-10	1	0	7.35469947673216	-4.21601081838777
HSPG2	PTPRS	R-HSA-3000178	REACTOME_ECM_PROTEOGLYCANS	1.22751779914555e-74	3.03788577630266e-74	3.51948105940521	1.78074089539144	1.00131927312496e-14	1	7	14	1.19223670921777e-08	1	0	4.65016389182664	-1.72999426532377
COL2A1	ITGA1	R-HSA-445355	REACTOME_SMOOTH_MUSCLE_CONTRACTION	1.65261891595476e-74	4.0869942997012e-74	12.5798279320328	4.23950504367085	9.5395529106669e-23	1	10	19	2.12475259962483e-06	1	0	5.28155360459047	-3.47079627706584
L1CAM	ITGB3	R-HSA-2173789	REACTOME_TGF_BETA_RECEPTOR_SIGNALING_ACTIVATES_SMADS	2.75841253278542e-74	6.81676660400993e-74	5.38418252448028	2.33558859980003	4.19060722943674e-18	1	18	34	0.000139378466831675	1	0	4.78903995096595	5.81058030327552
CDH1	EGFR	R-HSA-9009391	REACTOME_EXTRA_NUCLEAR_ESTROGEN_SIGNALING	3.42372683721134e-74	8.45486024408256e-74	14.3704771513226	2.93967772399715	5.72574762232922e-27	1	18	33	0.000303379413040266	1	0	5.40152618533464	-4.97288082913192
CDH1	CDH2	R-HSA-418990	REACTOME_ADHERENS_JUNCTIONS_INTERACTIONS	3.59199739750953e-74	8.8640394888327e-74	14.3704771513226	3.27975857038839	1.24864382172691e-28	1	8	16	3.08277767799156e-06	1	0	5.40152618533464	-2.89083519819065
L1CAM	ERBB3	R-HSA-1227986	REACTOME_SIGNALING_BY_ERBB2	3.65119842134331e-74	9.00367209277491e-74	5.38418252448028	8.31277667281055	8.52956978498308e-29	1	15	29	0.000281556464908479	1	0	4.78903995096595	5.83982229038879
SLIT2	GPC1	R-HSA-376176	REACTOME_SIGNALING_BY_ROBO_RECEPTORS	3.67856545749571e-74	9.06465986660835e-74	6.43545090641173	4.39143398803966	2.33881572898105e-20	1	45	82	0.00931958323851118	1	0	2.55777934270203	-6.34615646135939
ANXA1	EGFR	R-HSA-9609646	REACTOME_HCMV_INFECTION	3.77321733279182e-74	9.29124382591544e-74	3.78540835500689	2.93967772399715	1.45445490355854e-15	1	30	56	0.00175073392146078	1	0	5.66002539089596	-4.97288082913192
DCN	MET	R-HSA-6806834	REACTOME_SIGNALING_BY_MET	3.85519780599392e-74	9.48632364278905e-74	12.4299900158892	2.64032224114379	8.8202129025133e-15	1	20	38	0.000209281275201961	1	0	-3.32916132851479	11.2515502894158
TNC	EGFR	R-HSA-9609646	REACTOME_HCMV_INFECTION	6.06996393375612e-74	1.49254295440465e-73	8.5066015717972	2.93967772399715	2.33977744434425e-15	1	30	56	0.00175073392146078	1	0	7.35469947673216	-4.97288082913192
COL16A1	ITGB1	R-HSA-6806834	REACTOME_SIGNALING_BY_MET	6.77009396189444e-74	1.66350880206549e-73	12.9334956641832	1.64273129306188	1.41417537656979e-24	1	18	34	0.000353112685666113	1	0	5.80814713736568	-1.65313439362914
LAMB2	ITGB1	R-HSA-216083	REACTOME_INTEGRIN_CELL_SURFACE_INTERACTIONS	7.67356685515043e-74	1.88415917071502e-73	11.7077824357821	1.64273129306188	4.67297919260249e-19	1	8	16	2.89658626452252e-07	1	0	-5.4770692126764	-1.65313439362914
SEMA5A	MET	R-HSA-6806834	REACTOME_SIGNALING_BY_MET	8.94539424257438e-74	2.19487562014664e-73	16.1408444326762	2.64032224114379	2.04659490088295e-14	1	20	38	0.000209281275201961	1	0	-4.27209030279128	11.2515502894158
COL5A1	ITGB1	R-HSA-2173789	REACTOME_TGF_BETA_RECEPTOR_SIGNALING_ACTIVATES_SMADS	8.98907566355785e-74	2.20402140289658e-73	17.6910136130676	1.64273129306188	6.93378239852596e-21	1	18	33	0.000134250994353051	1	0	5.13171509336827	-1.65313439362914
LAMA1	SDC4	R-HSA-2024096	REACTOME_HS_GAG_DEGRADATION	9.58893097012691e-74	2.34942468213936e-73	17.5342897380052	1.20804741852566	6.25679945307032e-20	1	6	12	7.90858838535787e-09	1	0	-6.27074375530701	-4.21601081838777
COL16A1	ITGA1	R-HSA-216083	REACTOME_INTEGRIN_CELL_SURFACE_INTERACTIONS	9.80072576284065e-74	2.3996083006528e-73	12.9334956641832	4.23950504367085	2.01682122639883e-28	1	6	12	1.29584265478373e-07	1	0	5.80814713736568	-3.47079627706584
COL2A1	ITGB1	R-HSA-216083	REACTOME_INTEGRIN_CELL_SURFACE_INTERACTIONS	1.09841719457311e-73	2.68745031958144e-73	12.5798279320328	1.64273129306188	6.68904147435922e-19	1	8	16	2.89658626452252e-07	1	0	5.28155360459047	-1.65313439362914
COL1A1	ITGB1	R-HSA-2173789	REACTOME_TGF_BETA_RECEPTOR_SIGNALING_ACTIVATES_SMADS	1.33003682838156e-73	3.25183133591512e-73	11.8865981117298	1.64273129306188	1.02593262034834e-20	1	18	33	0.000134250994353051	1	0	-1.97991822679722	-1.65313439362914
L1CAM	FGFR2	R-HSA-190236	REACTOME_SIGNALING_BY_FGFR	1.56769248726281e-73	3.83015778138073e-73	5.38418252448028	12.4089683634966	8.28663999565782e-34	1	24	45	0.00419605243373027	1	0	4.78903995096595	5.89402827446816
COL4A2	ITGB3	R-HSA-6802952	REACTOME_SIGNALING_BY_BRAF_AND_RAF1_FUSIONS	1.72519849943415e-73	4.21198214198259e-73	10.9035066930124	2.33558859980003	4.25167600396513e-16	1	15	28	2.27774972870242e-05	1	0	6.44091966949719	5.81058030327552
COL4A3	ITGB3	R-HSA-6802952	REACTOME_SIGNALING_BY_BRAF_AND_RAF1_FUSIONS	2.09197823213786e-73	5.10383341741434e-73	10.9133221434925	2.33558859980003	5.15558856173085e-16	1	15	28	2.27774972870242e-05	1	0	4.45925716993137	5.81058030327552
COL16A1	ITGA10	R-HSA-216083	REACTOME_INTEGRIN_CELL_SURFACE_INTERACTIONS	2.1747696015931e-73	5.30206054534392e-73	12.9334956641832	1.94711038472937	5.72544270696236e-30	1	6	11	2.08526077666398e-08	1	0	5.80814713736568	4.04890057283008
RND1	MET	R-HSA-6806834	REACTOME_SIGNALING_BY_MET	2.34086014224706e-73	5.70294538904383e-73	4.60833105105072	2.64032224114379	5.35559674720856e-14	1	20	38	0.000209281275201961	1	0	-6.26577098121408	11.2515502894158
COL4A1	ITGA1	R-HSA-445355	REACTOME_SMOOTH_MUSCLE_CONTRACTION	2.80671705401101e-73	6.83305496517896e-73	11.3294445506569	4.23950504367085	1.62014518795101e-21	1	10	19	2.12475259962483e-06	1	0	4.78373488091513	-3.47079627706584
COMP	ITGB1	R-HSA-2173789	REACTOME_TGF_BETA_RECEPTOR_SIGNALING_ACTIVATES_SMADS	3.40674787470551e-73	8.28798634298937e-73	10.1255608464429	1.64273129306188	2.6278172900037e-20	1	18	33	0.000134250994353051	1	0	4.50469248937221	-1.65313439362914
BMP7	BMPR2	R-HSA-201451	REACTOME_SIGNALING_BY_BMP	3.47207767177502e-73	8.44095207837885e-73	16.7259702284989	1.76190529004221	1.59892758268452e-15	1	9	17	1.27545167528039e-07	1	0	-6.34615646135939	6.21709993139826
COL1A2	ITGB1	R-HSA-2173789	REACTOME_TGF_BETA_RECEPTOR_SIGNALING_ACTIVATES_SMADS	3.56808856491867e-73	8.66823775658209e-73	14.0547056107493	1.64273129306188	2.75226848830669e-20	1	18	33	0.000134250994353051	1	0	-0.973544102787729	-1.65313439362914
COMP	ITGB3	R-HSA-3000178	REACTOME_ECM_PROTEOGLYCANS	3.81354000312661e-73	9.25799407957343e-73	10.1255608464429	2.33558859980003	1.40626030864776e-20	1	6	12	1.19223670921777e-08	1	0	4.50469248937221	5.81058030327552
COL1A2	ITGB3	R-HSA-3000178	REACTOME_ECM_PROTEOGLYCANS	3.99414602355691e-73	9.68960671441169e-73	14.0547056107493	2.33558859980003	1.47285960426961e-20	1	6	12	1.19223670921777e-08	1	0	-0.973544102787729	5.81058030327552
FBLN2	ITGB3	R-HSA-6802952	REACTOME_SIGNALING_BY_BRAF_AND_RAF1_FUSIONS	4.47222973372753e-73	1.08417690514607e-72	20.4800687975369	2.33558859980003	1.10216139472329e-15	1	15	28	2.27774972870242e-05	1	0	-1.12341971762222	5.81058030327552
COL3A1	ITGB1	R-HSA-216083	REACTOME_INTEGRIN_CELL_SURFACE_INTERACTIONS	5.41073388047697e-73	1.31005089296266e-72	15.038080980152	1.64273129306188	3.29497967730712e-18	1	8	16	2.89658626452252e-07	1	0	-4.39983829722896	-1.65313439362914
COL5A2	ITGA1	R-HSA-445355	REACTOME_SMOOTH_MUSCLE_CONTRACTION	5.41157650843006e-73	1.31005089296266e-72	9.21695136128872	4.23950504367085	3.12377039460825e-21	1	10	19	2.12475259962483e-06	1	0	4.91888270579576	-3.47079627706584
L1CAM	EGFR	R-HSA-9820960	REACTOME_RESPIRATORY_SYNCYTIAL_VIRUS_RSV_ATTACHMENT_AND_ENTRY	5.9420405601926e-73	1.43745566294392e-72	5.38418252448028	2.93967772399715	1.30182866760621e-21	1	6	11	9.97983415291508e-10	1	0	4.78903995096595	-4.97288082913192
L1CAM	ERBB2	R-HSA-1227986	REACTOME_SIGNALING_BY_ERBB2	8.54425498336247e-73	2.06551209717265e-72	5.38418252448028	5.2615892882842	1.99602461250152e-27	1	15	29	0.000281556464908479	1	0	4.78903995096595	-6.34615646135939
L1CAM	ERBB3	R-HSA-1236394	REACTOME_SIGNALING_BY_ERBB4	1.08954377661517e-72	2.63204395474452e-72	5.38418252448028	8.31277667281055	8.52956978498308e-29	1	15	29	0.000353112685666113	1	0	4.78903995096595	5.83982229038879
THBS1	ITGA6	R-HSA-3000171	REACTOME_NON_INTEGRIN_MEMBRANE_ECM_INTERACTIONS	1.22819482624069e-72	2.96490540510033e-72	10.1171572475629	1.21558443268924	8.7600912838886e-13	1	7	13	9.71545273620943e-10	1	0	3.36324076136934	-4.68122835464662
L1CAM	ITGB1	R-HSA-216083	REACTOME_INTEGRIN_CELL_SURFACE_INTERACTIONS	1.2859078234368e-72	3.10204972834684e-72	5.38418252448028	1.64273129306188	7.83080491244005e-18	1	8	16	2.89658626452252e-07	1	0	4.78903995096595	-1.65313439362914
EFEMP1	EGFR	R-HSA-9820960	REACTOME_RESPIRATORY_SYNCYTIAL_VIRUS_RSV_ATTACHMENT_AND_ENTRY	1.4376848192125e-72	3.46575737777926e-72	11.9073822111131	2.93967772399715	3.14979221981685e-21	1	6	11	9.97983415291508e-10	1	0	3.20088563659098	-4.97288082913192
COL4A1	ITGB1	R-HSA-216083	REACTOME_INTEGRIN_CELL_SURFACE_INTERACTIONS	1.8654913378177e-72	4.49390070174573e-72	11.3294445506569	1.64273129306188	1.13603000666519e-17	1	8	16	2.89658626452252e-07	1	0	4.78373488091513	-1.65313439362914
COL18A1	ITGB3	R-HSA-6802952	REACTOME_SIGNALING_BY_BRAF_AND_RAF1_FUSIONS	2.04425515873206e-72	4.92109009519825e-72	6.26939471434587	2.33558859980003	5.03797714130507e-15	1	15	28	2.27774972870242e-05	1	0	0.323040890532106	5.81058030327552
COL4A6	ITGA1	R-HSA-445355	REACTOME_SMOOTH_MUSCLE_CONTRACTION	2.07544136122963e-72	4.99267012771324e-72	9.53524221853406	4.23950504367085	1.19802469203848e-20	1	10	19	2.12475259962483e-06	1	0	1.77832375144824	-3.47079627706584
FST	BMPR2	R-HSA-201451	REACTOME_SIGNALING_BY_BMP	2.32085423165165e-72	5.57913246462731e-72	8.11480049045202	1.76190529004221	1.06877731352156e-14	1	9	17	1.27545167528039e-07	1	0	-5.47012304653252	6.21709993139826
CDH1	EGFR	R-HSA-1227986	REACTOME_SIGNALING_BY_ERBB2	2.45098418872953e-72	5.8878391125905e-72	14.3704771513226	2.93967772399715	5.72574762232922e-27	1	15	29	0.000281556464908479	1	0	5.40152618533464	-4.97288082913192
LAMC1	ITGA6	R-HSA-3000171	REACTOME_NON_INTEGRIN_MEMBRANE_ECM_INTERACTIONS	2.47431624870729e-72	5.9397403318584e-72	3.23766986137765	1.21558443268924	1.76480438940043e-12	1	7	13	9.71545273620943e-10	1	0	5.42501182058629	-4.68122835464662
LUM	ITGB1	R-HSA-6806834	REACTOME_SIGNALING_BY_MET	2.59426094076536e-72	6.22333168496014e-72	11.828176566468	1.64273129306188	5.41903844093848e-23	1	18	34	0.000353112685666113	1	0	4.04840561928604	-1.65313439362914
COL4A2	ITGB3	R-HSA-2173789	REACTOME_TGF_BETA_RECEPTOR_SIGNALING_ACTIVATES_SMADS	2.79861025683783e-72	6.70886361221056e-72	10.9035066930124	2.33558859980003	4.25167600396513e-16	1	18	34	0.000139378466831675	1	0	6.44091966949719	5.81058030327552
BMP4	BMPR2	R-HSA-201451	REACTOME_SIGNALING_BY_BMP	2.91798376754125e-72	6.99015610051663e-72	3.67403218806065	1.76190529004221	1.34376162425024e-14	1	9	17	1.27545167528039e-07	1	0	6.58780870650893	6.21709993139826
LAMA1	ITGA1	R-HSA-445355	REACTOME_SMOOTH_MUSCLE_CONTRACTION	2.97179608448213e-72	7.11411171233023e-72	17.5342897380052	4.23950504367085	1.71543516257357e-20	1	10	19	2.12475259962483e-06	1	0	-6.27074375530701	-3.47079627706584
COL4A3	ITGB3	R-HSA-2173789	REACTOME_TGF_BETA_RECEPTOR_SIGNALING_ACTIVATES_SMADS	3.39359890439434e-72	8.11820600216726e-72	10.9133221434925	2.33558859980003	5.15558856173085e-16	1	18	34	0.000139378466831675	1	0	4.45925716993137	5.81058030327552
COL5A2	ITGB1	R-HSA-216083	REACTOME_INTEGRIN_CELL_SURFACE_INTERACTIONS	3.59681752957149e-72	8.59836852100481e-72	9.21695136128872	1.64273129306188	2.19035733871194e-17	1	8	16	2.89658626452252e-07	1	0	4.91888270579576	-1.65313439362914
DCN	EGFR	R-HSA-8848021	REACTOME_SIGNALING_BY_PTK6	3.63268939304135e-72	8.67809132782101e-72	12.4299900158892	2.93967772399715	3.0197937025404e-18	1	17	31	6.92128322728481e-05	1	0	-3.32916132851479	-4.97288082913192
COMP	ITGB3	R-HSA-3000171	REACTOME_NON_INTEGRIN_MEMBRANE_ECM_INTERACTIONS	5.46368928331584e-72	1.30430889206152e-71	10.1255608464429	2.33558859980003	1.40626030864776e-20	1	6	11	9.71545273620943e-10	1	0	4.50469248937221	5.81058030327552
L1CAM	EGFR	R-HSA-177929	REACTOME_SIGNALING_BY_EGFR	5.60779696009119e-72	1.33778235386364e-71	5.38418252448028	2.93967772399715	1.30182866760621e-21	1	18	34	0.000306459730668725	1	0	4.78903995096595	-4.97288082913192
COL1A2	ITGB3	R-HSA-3000171	REACTOME_NON_INTEGRIN_MEMBRANE_ECM_INTERACTIONS	5.72244497422725e-72	1.36418646648245e-71	14.0547056107493	2.33558859980003	1.47285960426961e-20	1	6	11	9.71545273620943e-10	1	0	-0.973544102787729	5.81058030327552
LAMB2	ITGB1	R-HSA-2173789	REACTOME_TGF_BETA_RECEPTOR_SIGNALING_ACTIVATES_SMADS	6.05813120779001e-72	1.44321131265912e-71	11.7077824357821	1.64273129306188	4.67297919260249e-19	1	18	33	0.000134250994353051	1	0	-5.4770692126764	-1.65313439362914
LAMB2	ITGB4	R-HSA-3000171	REACTOME_NON_INTEGRIN_MEMBRANE_ECM_INTERACTIONS	6.37555221647796e-72	1.51777852073939e-71	11.7077824357821	6.44412418959411	1.31197927085759e-26	1	6	12	1.29584265478373e-07	1	0	-5.4770692126764	5.77953524166907
FBN1	ITGB3	R-HSA-6802952	REACTOME_SIGNALING_BY_BRAF_AND_RAF1_FUSIONS	6.93671479974493e-72	1.65022814046491e-71	6.40013831890023	2.33558859980003	1.70952292562848e-14	1	15	28	2.27774972870242e-05	1	0	1.72756032766282	5.81058030327552
FBLN2	ITGB3	R-HSA-2173789	REACTOME_TGF_BETA_RECEPTOR_SIGNALING_ACTIVATES_SMADS	7.25483357877379e-72	1.72471510096626e-71	20.4800687975369	2.33558859980003	1.10216139472329e-15	1	18	34	0.000139378466831675	1	0	-1.12341971762222	5.81058030327552
FGF2	SDC4	R-HSA-1793185	REACTOME_CHONDROITIN_SULFATE_DERMATAN_SULFATE_METABOLISM	7.56370835905215e-72	1.79318792247687e-71	1.22084110229944	1.20804741852566	6.4332552371885e-09	1	7	13	3.5315841126813e-10	1	0	5.86272009779499	-4.21601081838777
FGF2	SDC4	R-HSA-1971475	REACTOME_A_TETRASACCHARIDE_LINKER_SEQUENCE_IS_REQUIRED_FOR_GAG_SYNTHESIS	7.56370835905215e-72	1.79318792247687e-71	1.22084110229944	1.20804741852566	6.4332552371885e-09	1	7	13	3.5315841126813e-10	1	0	5.86272009779499	-4.21601081838777
FGF2	SDC4	R-HSA-3560782	REACTOME_DISEASES_ASSOCIATED_WITH_GLYCOSAMINOGLYCAN_METABOLISM	7.56370835905215e-72	1.79318792247687e-71	1.22084110229944	1.20804741852566	6.4332552371885e-09	1	7	13	3.5315841126813e-10	1	0	5.86272009779499	-4.21601081838777
FGF2	SDC4	R-HSA-3560783	REACTOME_DEFECTIVE_B4GALT7_CAUSES_EDS_PROGEROID_TYPE	7.56370835905215e-72	1.79318792247687e-71	1.22084110229944	1.20804741852566	6.4332552371885e-09	1	7	13	3.5315841126813e-10	1	0	5.86272009779499	-4.21601081838777
COL2A1	ITGB1	R-HSA-2173789	REACTOME_TGF_BETA_RECEPTOR_SIGNALING_ACTIVATES_SMADS	8.67178928811988e-72	2.05447349525705e-71	12.5798279320328	1.64273129306188	6.68904147435922e-19	1	18	33	0.000134250994353051	1	0	5.28155360459047	-1.65313439362914
COL1A2	ITGA2B	R-HSA-6802952	REACTOME_SIGNALING_BY_BRAF_AND_RAF1_FUSIONS	8.81812535777794e-72	2.08770483350008e-71	14.0547056107493	4.02018928876498	5.19222241150777e-26	1	15	28	0.000154057837573892	1	0	-0.973544102787729	-1.22574277327969
COL16A1	ITGB1	R-HSA-1566948	REACTOME_ELASTIC_FIBRE_FORMATION	9.85672965713053e-72	2.33199106055908e-71	12.9334956641832	1.64273129306188	1.41417537656979e-24	1	5	10	5.66893812322771e-09	1	0	5.80814713736568	-1.65313439362914
COL4A5	ITGA1	R-HSA-445355	REACTOME_SMOOTH_MUSCLE_CONTRACTION	1.07534844522897e-71	2.54240457153792e-71	5.4186994542932	4.23950504367085	6.20732541037067e-20	1	10	19	2.12475259962483e-06	1	0	6.18599343361014	-3.47079627706584
NCAM1	FGFR2	R-HSA-5654738	REACTOME_SIGNALING_BY_FGFR2	1.13004308133887e-71	2.66988200536107e-71	2.9320508687129	12.4089683634966	4.70208501851753e-29	1	23	42	0.00192476343881898	1	0	5.86615048162456	5.89402827446816
LAMA1	SDC4	R-HSA-2022928	REACTOME_HS_GAG_BIOSYNTHESIS	1.29810952170074e-71	3.06275497575482e-71	17.5342897380052	1.20804741852566	6.25679945307032e-20	1	5	10	9.97983415291508e-10	1	0	-6.27074375530701	-4.21601081838777
LAMA1	SDC4	R-HSA-9820960	REACTOME_RESPIRATORY_SYNCYTIAL_VIRUS_RSV_ATTACHMENT_AND_ENTRY	1.29810952170074e-71	3.06275497575482e-71	17.5342897380052	1.20804741852566	6.25679945307032e-20	1	5	10	9.97983415291508e-10	1	0	-6.27074375530701	-4.21601081838777
EFEMP1	EGFR	R-HSA-177929	REACTOME_SIGNALING_BY_EGFR	1.3568141242186e-71	3.19906825723919e-71	11.9073822111131	2.93967772399715	3.14979221981685e-21	1	18	34	0.000306459730668725	1	0	3.20088563659098	-4.97288082913192
COL4A6	ITGB1	R-HSA-216083	REACTOME_INTEGRIN_CELL_SURFACE_INTERACTIONS	1.37944716443344e-71	3.25020427784317e-71	9.53524221853406	1.64273129306188	8.40043231312356e-17	1	8	16	2.89658626452252e-07	1	0	1.77832375144824	-1.65313439362914
L1CAM	EGFR	R-HSA-9609690	REACTOME_HCMV_EARLY_EVENTS	1.51759150354833e-71	3.57324761957991e-71	5.38418252448028	2.93967772399715	1.30182866760621e-21	1	26	48	0.00175073392146078	1	0	4.78903995096595	-4.97288082913192
AGRN	PTPRS	R-HSA-3000178	REACTOME_ECM_PROTEOGLYCANS	1.65270818965594e-71	3.88872515213163e-71	1.11546551296964	1.78074089539144	1.34815850678979e-11	1	7	14	1.19223670921777e-08	1	0	5.51142825962013	-1.72999426532377
LAMA1	ITGB1	R-HSA-216083	REACTOME_INTEGRIN_CELL_SURFACE_INTERACTIONS	1.97521151818257e-71	4.64437978301301e-71	17.5342897380052	1.64273129306188	1.20284640763385e-16	1	8	16	2.89658626452252e-07	1	0	-6.27074375530701	-1.65313439362914
COL4A3	ITGA1	R-HSA-445355	REACTOME_SMOOTH_MUSCLE_CONTRACTION	2.38021686945018e-71	5.59285931072993e-71	10.9133221434925	4.23950504367085	1.37395285421043e-19	1	10	19	2.12475259962483e-06	1	0	4.45925716993137	-3.47079627706584
NID1	ITGB3	R-HSA-6802957	REACTOME_ONCOGENIC_MAPK_SIGNALING	2.5660080009387e-71	6.02530206363764e-71	1.19124771367259	2.33558859980003	4.19104811461619e-06	1	18	33	2.27774972870242e-05	1	0	6.87787345437884	5.81058030327552
S100B	APP	R-HSA-9609507	REACTOME_PROTEIN_LOCALIZATION	2.62358802761429e-71	6.15630478512495e-71	2.91530553230702	1.07409823105059	4.17732978317162e-10	1	26	48	0.000565905948812929	1	0	5.98997946985497	-6.19605749258721
FN1	ITGA6	R-HSA-3000171	REACTOME_NON_INTEGRIN_MEMBRANE_ECM_INTERACTIONS	2.68933552516015e-71	6.3062809860606e-71	4.37912027588558	1.21558443268924	1.91816674277299e-11	1	7	13	9.71545273620943e-10	1	0	3.43264151330902	-4.68122835464662
DCN	MET	R-HSA-9824439	REACTOME_BACTERIAL_INFECTION_PATHWAYS	2.78513928580212e-71	6.52648442994503e-71	12.4299900158892	2.64032224114379	8.8202129025133e-15	1	14	27	2.77114055283073e-05	1	0	-3.32916132851479	11.2515502894158
COL18A1	ITGB3	R-HSA-2173789	REACTOME_TGF_BETA_RECEPTOR_SIGNALING_ACTIVATES_SMADS	3.31618272140723e-71	7.76560147150502e-71	6.26939471434587	2.33558859980003	5.03797714130507e-15	1	18	34	0.000139378466831675	1	0	0.323040890532106	5.81058030327552
EFEMP1	EGFR	R-HSA-9609690	REACTOME_HCMV_EARLY_EVENTS	3.67183334464918e-71	8.58674827028768e-71	11.9073822111131	2.93967772399715	3.14979221981685e-21	1	26	48	0.00175073392146078	1	0	3.20088563659098	-4.97288082913192
WNT2	LRP6	R-HSA-4641263	REACTOME_REGULATION_OF_FZD_BY_UBIQUITINATION	3.6715936519906e-71	8.58674827028768e-71	14.5622583700428	1.83737033179993	1.69463270212088e-14	1	6	11	1.29376718826169e-10	1	0	-3.11640413984048	-0.192774737109088
COL3A1	ITGB1	R-HSA-2173789	REACTOME_TGF_BETA_RECEPTOR_SIGNALING_ACTIVATES_SMADS	4.27166875549711e-71	9.98270415686824e-71	15.038080980152	1.64273129306188	3.29497967730712e-18	1	18	33	0.000134250994353051	1	0	-4.39983829722896	-1.65313439362914
FGF2	SDC1	R-HSA-3000171	REACTOME_NON_INTEGRIN_MEMBRANE_ECM_INTERACTIONS	4.80389752629348e-71	1.1218878133367e-70	1.22084110229944	7.03887851379973	1.82871192768819e-11	1	8	15	1.19223670921777e-08	1	0	5.86272009779499	4.20001468766753
SEMA5A	MET	R-HSA-9824439	REACTOME_BACTERIAL_INFECTION_PATHWAYS	6.46248783739355e-71	1.50820611673228e-70	16.1408444326762	2.64032224114379	2.04659490088295e-14	1	14	27	2.77114055283073e-05	1	0	-4.27209030279128	11.2515502894158
COL1A2	ITGA2B	R-HSA-3000178	REACTOME_ECM_PROTEOGLYCANS	6.88922199367688e-71	1.60670668869481e-70	14.0547056107493	4.02018928876498	5.19222241150777e-26	1	6	11	1.19223670921777e-08	1	0	-0.973544102787729	-1.22574277327969
COL4A5	ITGB1	R-HSA-216083	REACTOME_INTEGRIN_CELL_SURFACE_INTERACTIONS	7.14732967772291e-71	1.66577331242322e-70	5.4186994542932	1.64273129306188	4.3525160459444e-16	1	8	16	2.89658626452252e-07	1	0	6.18599343361014	-1.65313439362914
CDH1	EGFR	R-HSA-1236394	REACTOME_SIGNALING_BY_ERBB4	7.31391247816646e-71	1.70344339369618e-70	14.3704771513226	2.93967772399715	5.72574762232922e-27	1	15	29	0.000353112685666113	1	0	5.40152618533464	-4.97288082913192
LAMB2	ITGA3	R-HSA-6806834	REACTOME_SIGNALING_BY_MET	7.74201220771298e-71	1.80192976958949e-70	11.7077824357821	4.13720289413487	2.21624557016475e-24	1	17	32	0.000353112685666113	1	0	-5.4770692126764	4.28443713596128
LAMA3	ITGA6	R-HSA-3000171	REACTOME_NON_INTEGRIN_MEMBRANE_ECM_INTERACTIONS	9.41547313633165e-71	2.18994101345374e-70	1.52751187044421	1.21558443268924	6.71557984067769e-11	1	7	13	9.71545273620943e-10	1	0	-6.34615646135939	-4.68122835464662
L1CAM	ITGB1	R-HSA-2173789	REACTOME_TGF_BETA_RECEPTOR_SIGNALING_ACTIVATES_SMADS	1.01519911959522e-70	2.35965200770782e-70	5.38418252448028	1.64273129306188	7.83080491244005e-18	1	18	33	0.000134250994353051	1	0	4.78903995096595	-1.65313439362914
SEMA4D	ERBB2	R-HSA-8848021	REACTOME_SIGNALING_BY_PTK6	1.11810710625337e-70	2.59708875456557e-70	1.01462714481266	5.2615892882842	9.29463665321184e-17	1	17	31	6.92128322728481e-05	1	0	7.0765425972243	-6.34615646135939
FBN1	ITGB3	R-HSA-2173789	REACTOME_TGF_BETA_RECEPTOR_SIGNALING_ACTIVATES_SMADS	1.12527116118478e-70	2.61196544836412e-70	6.40013831890023	2.33558859980003	1.70952292562848e-14	1	18	34	0.000139378466831675	1	0	1.72756032766282	5.81058030327552
L1CAM	ITGB3	R-HSA-3000178	REACTOME_ECM_PROTEOGLYCANS	1.13642177117377e-70	2.6360693815494e-70	5.38418252448028	2.33558859980003	4.19060722943674e-18	1	6	12	1.19223670921777e-08	1	0	4.78903995096595	5.81058030327552
LAMB1	ITGA1	R-HSA-445355	REACTOME_SMOOTH_MUSCLE_CONTRACTION	1.32547796575376e-70	3.07253652438877e-70	6.55387519617198	4.23950504367085	7.65116934349389e-19	1	10	19	2.12475259962483e-06	1	0	0.951831469888455	-3.47079627706584
COL4A1	ITGB1	R-HSA-2173789	REACTOME_TGF_BETA_RECEPTOR_SIGNALING_ACTIVATES_SMADS	1.47276898798503e-70	3.41166688125825e-70	11.3294445506569	1.64273129306188	1.13603000666519e-17	1	18	33	0.000134250994353051	1	0	4.78373488091513	-1.65313439362914
COL4A3	ITGB1	R-HSA-216083	REACTOME_INTEGRIN_CELL_SURFACE_INTERACTIONS	1.58201694956797e-70	3.6622734229568e-70	10.9133221434925	1.64273129306188	9.63402343033426e-16	1	8	16	2.89658626452252e-07	1	0	4.45925716993137	-1.65313439362914
RND1	MET	R-HSA-9824439	REACTOME_BACTERIAL_INFECTION_PATHWAYS	1.69112504022599e-70	3.91221932641386e-70	4.60833105105072	2.64032224114379	5.35559674720856e-14	1	14	27	2.77114055283073e-05	1	0	-6.26577098121408	11.2515502894158
LAMA5	ITGB1	R-HSA-216083	REACTOME_INTEGRIN_CELL_SURFACE_INTERACTIONS	1.70739848417311e-70	3.94721154943245e-70	4.79474119253631	1.64273129306188	1.03975605355764e-15	1	8	16	2.89658626452252e-07	1	0	7.7539223096356	-1.65313439362914
APP	GPC1	R-HSA-376176	REACTOME_SIGNALING_BY_ROBO_RECEPTORS	1.94384103637391e-70	4.49080803567915e-70	1.07409823105059	4.39143398803966	1.23588557633147e-16	1	45	82	0.00931958323851118	1	0	-6.19605749258721	-6.34615646135939
COL2A1	ITGA2B	R-HSA-6802952	REACTOME_SIGNALING_BY_BRAF_AND_RAF1_FUSIONS	2.14313416350471e-70	4.94790706205114e-70	12.5798279320328	4.02018928876498	1.26190417839797e-24	1	15	28	0.000154057837573892	1	0	5.28155360459047	-1.22574277327969
LAMA1	GPC1	R-HSA-2022928	REACTOME_HS_GAG_BIOSYNTHESIS	2.43899765980445e-70	5.62342623976361e-70	17.5342897380052	4.39143398803966	4.74677099594702e-24	1	5	10	7.90858838535787e-09	1	0	-6.27074375530701	-6.34615646135939
LAMA1	GPC1	R-HSA-9820960	REACTOME_RESPIRATORY_SYNCYTIAL_VIRUS_RSV_ATTACHMENT_AND_ENTRY	2.43899765980445e-70	5.62342623976361e-70	17.5342897380052	4.39143398803966	4.74677099594702e-24	1	5	10	7.90858838535787e-09	1	0	-6.27074375530701	-6.34615646135939
COL5A2	ITGB1	R-HSA-2173789	REACTOME_TGF_BETA_RECEPTOR_SIGNALING_ACTIVATES_SMADS	2.83961721269138e-70	6.54272150814356e-70	9.21695136128872	1.64273129306188	2.19035733871194e-17	1	18	33	0.000134250994353051	1	0	4.91888270579576	-1.65313439362914
COL5A1	ITGB1	R-HSA-6806834	REACTOME_SIGNALING_BY_MET	3.31941562037472e-70	7.64309888493242e-70	17.6910136130676	1.64273129306188	6.93378239852596e-21	1	18	34	0.000353112685666113	1	0	5.13171509336827	-1.65313439362914
BMP6	BMPR2	R-HSA-201451	REACTOME_SIGNALING_BY_BMP	3.47899762179991e-70	8.00518516320514e-70	2.78731445044904	1.76190529004221	1.60211429105096e-12	1	9	17	1.27545167528039e-07	1	0	5.32320895715059	6.21709993139826
LUM	ITGB1	R-HSA-1566948	REACTOME_ELASTIC_FIBRE_FORMATION	3.77704192838439e-70	8.68517662676624e-70	11.828176566468	1.64273129306188	5.41903844093848e-23	1	5	10	5.66893812322771e-09	1	0	4.04840561928604	-1.65313439362914
COL5A1	ITGA1	R-HSA-216083	REACTOME_INTEGRIN_CELL_SURFACE_INTERACTIONS	4.80535164966584e-70	1.10423578322315e-69	17.6910136130676	4.23950504367085	9.88858931662188e-25	1	6	12	1.29584265478373e-07	1	0	5.13171509336827	-3.47079627706584
COL1A1	ITGB1	R-HSA-6806834	REACTOME_SIGNALING_BY_MET	4.91145607073017e-70	1.12786441143603e-69	11.8865981117298	1.64273129306188	1.02593262034834e-20	1	18	34	0.000353112685666113	1	0	-1.97991822679722	-1.65313439362914
COL1A1	ITGA1	R-HSA-216083	REACTOME_INTEGRIN_CELL_SURFACE_INTERACTIONS	7.11006882864529e-70	1.63166356040959e-69	11.8865981117298	4.23950504367085	1.46313018869862e-24	1	6	12	1.29584265478373e-07	1	0	-1.97991822679722	-3.47079627706584
THBS1	ITGB3	R-HSA-6802952	REACTOME_SIGNALING_BY_BRAF_AND_RAF1_FUSIONS	8.67342761851564e-70	1.98910606717959e-69	10.1171572475629	2.33558859980003	2.13752817950321e-12	1	15	28	2.27774972870242e-05	1	0	3.36324076136934	5.81058030327552
LAMB1	ITGB1	R-HSA-216083	REACTOME_INTEGRIN_CELL_SURFACE_INTERACTIONS	8.8098216385875e-70	2.01903973595876e-69	6.55387519617198	1.64273129306188	5.36492533195653e-15	1	8	16	2.89658626452252e-07	1	0	0.951831469888455	-1.65313439362914
THBS1	ITGA2B	R-HSA-6802957	REACTOME_ONCOGENIC_MAPK_SIGNALING	8.83022049413252e-70	2.02236741010758e-69	10.1171572475629	4.02018928876498	7.53535617833019e-18	1	18	33	0.000154057837573892	1	0	3.36324076136934	-1.22574277327969
COL4A6	ITGB1	R-HSA-2173789	REACTOME_TGF_BETA_RECEPTOR_SIGNALING_ACTIVATES_SMADS	1.08904660298132e-69	2.49256175266517e-69	9.53524221853406	1.64273129306188	8.40043231312356e-17	1	18	33	0.000134250994353051	1	0	1.77832375144824	-1.65313439362914
COMP	ITGB1	R-HSA-6806834	REACTOME_SIGNALING_BY_MET	1.25801723483324e-69	2.87737984562923e-69	10.1255608464429	1.64273129306188	2.6278172900037e-20	1	18	34	0.000353112685666113	1	0	4.50469248937221	-1.65313439362914
COL1A2	ITGB1	R-HSA-6806834	REACTOME_SIGNALING_BY_MET	1.31759586419853e-69	3.01164768959663e-69	14.0547056107493	1.64273129306188	2.75226848830669e-20	1	18	34	0.000353112685666113	1	0	-0.973544102787729	-1.65313439362914
DCN	EGFR	R-HSA-9820960	REACTOME_RESPIRATORY_SYNCYTIAL_VIRUS_RSV_ATTACHMENT_AND_ENTRY	1.37834855771797e-69	3.14841901630134e-69	12.4299900158892	2.93967772399715	3.0197937025404e-18	1	6	11	9.97983415291508e-10	1	0	-3.32916132851479	-4.97288082913192
FBLN1	ITGB1	R-HSA-216083	REACTOME_INTEGRIN_CELL_SURFACE_INTERACTIONS	1.38525644772922e-69	3.16209832792867e-69	8.92010857076818	1.64273129306188	8.43580916000264e-15	1	8	16	2.89658626452252e-07	1	0	6.20654076664142	-1.65313439362914
COL18A1	ITGB1	R-HSA-216083	REACTOME_INTEGRIN_CELL_SURFACE_INTERACTIONS	1.5459273240386e-69	3.52651856411988e-69	6.26939471434587	1.64273129306188	9.41424809983805e-15	1	8	16	2.89658626452252e-07	1	0	0.323040890532106	-1.65313439362914
LAMA1	ITGB1	R-HSA-2173789	REACTOME_TGF_BETA_RECEPTOR_SIGNALING_ACTIVATES_SMADS	1.55939092812576e-69	3.55487395145965e-69	17.5342897380052	1.64273129306188	1.20284640763385e-16	1	18	33	0.000134250994353051	1	0	-6.27074375530701	-1.65313439362914
L1CAM	ITGB3	R-HSA-3000171	REACTOME_NON_INTEGRIN_MEMBRANE_ECM_INTERACTIONS	1.62816056666464e-69	3.70918698630886e-69	5.38418252448028	2.33558859980003	4.19060722943674e-18	1	6	11	9.71545273620943e-10	1	0	4.78903995096595	5.81058030327552
LAMA1	ITGB4	R-HSA-3000171	REACTOME_NON_INTEGRIN_MEMBRANE_ECM_INTERACTIONS	1.64109656050098e-69	3.73618277175603e-69	17.5342897380052	6.44412418959411	3.37709518445822e-24	1	6	12	1.29584265478373e-07	1	0	-6.27074375530701	5.77953524166907
COL2A1	ITGA2B	R-HSA-3000178	REACTOME_ECM_PROTEOGLYCANS	1.67433852611247e-69	3.80934162025589e-69	12.5798279320328	4.02018928876498	1.26190417839797e-24	1	6	11	1.19223670921777e-08	1	0	5.28155360459047	-1.22574277327969
TGFB2	TGFBR3	R-HSA-9839373	REACTOME_SIGNALING_BY_TGFBR3	1.70030158529862e-69	3.86585423227181e-69	6.5137576516326	1.231627940706	8.29055262965906e-14	1	13	24	6.65776656427936e-06	1	0	5.93110784303411	5.3195988464643
ANXA1	EGFR	R-HSA-8848021	REACTOME_SIGNALING_BY_PTK6	1.74965028119944e-69	3.97542732320084e-69	3.78540835500689	2.93967772399715	1.45445490355854e-15	1	17	31	6.92128322728481e-05	1	0	5.66002539089596	-4.97288082913192
COL1A2	ITGA1	R-HSA-216083	REACTOME_INTEGRIN_CELL_SURFACE_INTERACTIONS	1.90741750468251e-69	4.33103380601177e-69	14.0547056107493	4.23950504367085	3.92513799909995e-24	1	6	12	1.29584265478373e-07	1	0	-0.973544102787729	-3.47079627706584
LAMA1	GPC1	R-HSA-2187338	REACTOME_VISUAL_PHOTOTRANSDUCTION	2.09740450125804e-69	4.75614468314283e-69	17.5342897380052	4.39143398803966	4.74677099594702e-24	1	6	11	9.92598600102872e-09	1	0	-6.27074375530701	-6.34615646135939
LAMA1	GPC1	R-HSA-6806667	REACTOME_METABOLISM_OF_FAT_SOLUBLE_VITAMINS	2.09740450125804e-69	4.75614468314283e-69	17.5342897380052	4.39143398803966	4.74677099594702e-24	1	6	11	9.92598600102872e-09	1	0	-6.27074375530701	-6.34615646135939
L1CAM	ITGA2B	R-HSA-6802952	REACTOME_SIGNALING_BY_BRAF_AND_RAF1_FUSIONS	2.5089492418192e-69	5.68562937540057e-69	5.38418252448028	4.02018928876498	1.47730066813109e-23	1	15	28	0.000154057837573892	1	0	4.78903995096595	-1.22574277327969
S100B	APP	R-HSA-199992	REACTOME_TRANS_GOLGI_NETWORK_VESICLE_BUDDING	2.79735294227021e-69	6.33501917143485e-69	2.91530553230702	1.07409823105059	4.17732978317162e-10	1	17	32	5.66181128277033e-05	1	0	5.98997946985497	-6.19605749258721
TNC	EGFR	R-HSA-8848021	REACTOME_SIGNALING_BY_PTK6	2.81465740424467e-69	6.37001412539584e-69	8.5066015717972	2.93967772399715	2.33977744434425e-15	1	17	31	6.92128322728481e-05	1	0	7.35469947673216	-4.97288082913192
TNC	ITGB3	R-HSA-6802952	REACTOME_SIGNALING_BY_BRAF_AND_RAF1_FUSIONS	3.05616351477637e-69	6.91203319581244e-69	8.5066015717972	2.33558859980003	7.53178088447811e-12	1	15	28	2.27774972870242e-05	1	0	7.35469947673216	5.81058030327552
THBS1	SDC4	R-HSA-2024096	REACTOME_HS_GAG_DEGRADATION	3.18420714303926e-69	7.19689393696127e-69	10.1171572475629	1.20804741852566	2.07770246475838e-15	1	6	12	7.90858838535787e-09	1	0	3.36324076136934	-4.21601081838777
COL6A2	ITGA1	R-HSA-445355	REACTOME_SMOOTH_MUSCLE_CONTRACTION	3.22204526071177e-69	7.27285806879823e-69	2.61520749325399	4.23950504367085	1.85988862576743e-17	1	10	19	2.12475259962483e-06	1	0	-3.31955637394197	-3.47079627706584
JAM3	ITGB1	R-HSA-216083	REACTOME_INTEGRIN_CELL_SURFACE_INTERACTIONS	3.2215113726552e-69	7.27285806879823e-69	7.72682422564567	1.64273129306188	1.96180679693249e-14	1	8	16	2.89658626452252e-07	1	0	4.56577146203116	-1.65313439362914
CTNND1	AMOT	R-HSA-421270	REACTOME_CELL_CELL_JUNCTION_ORGANIZATION	3.54805237705692e-69	8.00347552595135e-69	5.90259123188141	3.86072235799454	1.23336773095862e-23	1	8	16	3.08277767799156e-06	1	0	4.61019086615155	3.634392783995
L1CAM	FGFR2	R-HSA-2404192	REACTOME_SIGNALING_BY_TYPE_1_INSULIN_LIKE_GROWTH_FACTOR_1_RECEPTOR_IGF1R	4.19548987439771e-69	9.45772291476287e-69	5.38418252448028	12.4089683634966	8.28663999565782e-34	1	12	23	0.000353112685666113	1	0	4.78903995096595	5.89402827446816
FBN1	ITGB1	R-HSA-216083	REACTOME_INTEGRIN_CELL_SURFACE_INTERACTIONS	5.24575266555273e-69	1.18175436604462e-68	6.40013831890023	1.64273129306188	3.19451091238149e-14	1	8	16	2.89658626452252e-07	1	0	1.72756032766282	-1.65313439362914
COL4A5	ITGB1	R-HSA-2173789	REACTOME_TGF_BETA_RECEPTOR_SIGNALING_ACTIVATES_SMADS	5.64267723085186e-69	1.27034094725984e-68	5.4186994542932	1.64273129306188	4.3525160459444e-16	1	18	33	0.000134250994353051	1	0	6.18599343361014	-1.65313439362914
PTN	SDC1	R-HSA-2187338	REACTOME_VISUAL_PHOTOTRANSDUCTION	5.88508254001701e-69	1.32318195670971e-68	12.0614597856604	7.03887851379973	1.92861936383569e-24	1	5	10	1.56212024039281e-08	1	0	-6.04447813954024	4.20001468766753
PTN	SDC1	R-HSA-6806667	REACTOME_METABOLISM_OF_FAT_SOLUBLE_VITAMINS	5.88508254001701e-69	1.32318195670971e-68	12.0614597856604	7.03887851379973	1.92861936383569e-24	1	5	10	1.56212024039281e-08	1	0	-6.04447813954024	4.20001468766753
L1CAM	EGFR	R-HSA-9009391	REACTOME_EXTRA_NUCLEAR_ESTROGEN_SIGNALING	7.78432100177218e-69	1.74905710294555e-68	5.38418252448028	2.93967772399715	1.30182866760621e-21	1	18	33	0.000303379413040266	1	0	4.78903995096595	-4.97288082913192
TGFB2	TGFBR2	R-HSA-2173789	REACTOME_TGF_BETA_RECEPTOR_SIGNALING_ACTIVATES_SMADS	8.73861795217086e-69	1.96219619813758e-68	6.5137576516326	1.28180263600969	6.7405902021547e-16	1	18	33	0.000134250994353051	1	0	5.93110784303411	2.03987526573383
NCAM1	FGFR2	R-HSA-190236	REACTOME_SIGNALING_BY_FGFR	8.8955515888992e-69	1.99613160246662e-68	2.9320508687129	12.4089683634966	4.70208501851753e-29	1	24	45	0.00419605243373027	1	0	5.86615048162456	5.89402827446816
FGF2	SDC4	R-HSA-3000171	REACTOME_NON_INTEGRIN_MEMBRANE_ECM_INTERACTIONS	9.01964436458859e-69	2.02265818866915e-68	1.22084110229944	1.20804741852566	6.4332552371885e-09	1	7	13	9.71545273620943e-10	1	0	5.86272009779499	-4.21601081838777
TNC	SDC4	R-HSA-2024096	REACTOME_HS_GAG_DEGRADATION	1.12198523145251e-68	2.51441641446036e-68	8.5066015717972	1.20804741852566	7.32097937129289e-15	1	6	12	7.90858838535787e-09	1	0	7.35469947673216	-4.21601081838777
COL4A2	ITGB3	R-HSA-3000178	REACTOME_ECM_PROTEOGLYCANS	1.15298258947844e-68	2.58220059101943e-68	10.9035066930124	2.33558859980003	4.25167600396513e-16	1	6	12	1.19223670921777e-08	1	0	6.44091966949719	5.81058030327552
RND1	ERBB2	R-HSA-1227986	REACTOME_SIGNALING_BY_ERBB2	1.20344555013682e-68	2.69346303999393e-68	4.60833105105072	5.2615892882842	2.81137084807974e-23	1	15	29	0.000281556464908479	1	0	-6.26577098121408	-6.34615646135939
COL4A3	ITGB1	R-HSA-2173789	REACTOME_TGF_BETA_RECEPTOR_SIGNALING_ACTIVATES_SMADS	1.24897149322387e-68	2.79353832034468e-68	10.9133221434925	1.64273129306188	9.63402343033426e-16	1	18	33	0.000134250994353051	1	0	4.45925716993137	-1.65313439362914
DCN	EGFR	R-HSA-177929	REACTOME_SIGNALING_BY_EGFR	1.30081556556497e-68	2.90760594252338e-68	12.4299900158892	2.93967772399715	3.0197937025404e-18	1	18	34	0.000306459730668725	1	0	-3.32916132851479	-4.97288082913192
LAMA5	ITGB1	R-HSA-2173789	REACTOME_TGF_BETA_RECEPTOR_SIGNALING_ACTIVATES_SMADS	1.34795776675353e-68	3.01102254391697e-68	4.79474119253631	1.64273129306188	1.03975605355764e-15	1	18	33	0.000134250994353051	1	0	7.7539223096356	-1.65313439362914
COL4A3	ITGB3	R-HSA-3000178	REACTOME_ECM_PROTEOGLYCANS	1.39810838000031e-68	3.12102065360224e-68	10.9133221434925	2.33558859980003	5.15558856173085e-16	1	6	12	1.19223670921777e-08	1	0	4.45925716993137	5.81058030327552
THBS1	ITGB3	R-HSA-2173789	REACTOME_TGF_BETA_RECEPTOR_SIGNALING_ACTIVATES_SMADS	1.40700003524696e-68	3.13883276345624e-68	10.1171572475629	2.33558859980003	2.13752817950321e-12	1	18	34	0.000139378466831675	1	0	3.36324076136934	5.81058030327552
LAMA5	ITGB4	R-HSA-3000171	REACTOME_NON_INTEGRIN_MEMBRANE_ECM_INTERACTIONS	1.41858517631532e-68	3.16262670545995e-68	4.79474119253631	6.44412418959411	2.91920492857277e-23	1	6	12	1.29584265478373e-07	1	0	7.7539223096356	5.77953524166907
LTBP1	ITGB3	R-HSA-6802952	REACTOME_SIGNALING_BY_BRAF_AND_RAF1_FUSIONS	1.46055054828552e-68	3.25407635110245e-68	2.6298897401509	2.33558859980003	3.59946274052546e-11	1	15	28	2.27774972870242e-05	1	0	7.03079313325193	5.81058030327552
MFGE8	ITGB3	R-HSA-6802952	REACTOME_SIGNALING_BY_BRAF_AND_RAF1_FUSIONS	1.61658002799228e-68	3.59937559630643e-68	2.73317240377774	2.33558859980003	3.98399054703467e-11	1	15	28	2.27774972870242e-05	1	0	7.14954233744459	5.81058030327552
PTN	SDC1	R-HSA-2022928	REACTOME_HS_GAG_BIOSYNTHESIS	1.76811304515686e-68	3.93422307589883e-68	12.0614597856604	7.03887851379973	1.92861936383569e-24	1	4	9	2.18606988203969e-08	1	0	-6.04447813954024	4.20001468766753
COMP	ITGB3	R-HSA-76005	REACTOME_RESPONSE_TO_ELEVATED_PLATELET_CYTOSOLIC_CA2	1.77455385434617e-68	3.94600210662626e-68	10.1255608464429	2.33558859980003	1.40626030864776e-20	1	8	15	3.44000822048644e-07	1	0	4.50469248937221	5.81058030327552
COL1A2	ITGB3	R-HSA-76005	REACTOME_RESPONSE_TO_ELEVATED_PLATELET_CYTOSOLIC_CA2	1.85859521995658e-68	4.13021159990352e-68	14.0547056107493	2.33558859980003	1.47285960426961e-20	1	8	15	3.44000822048644e-07	1	0	-0.973544102787729	5.81058030327552
CDH1	EGFR	R-HSA-182971	REACTOME_EGFR_DOWNREGULATION	1.87840459086893e-68	4.17153763240099e-68	14.3704771513226	2.93967772399715	5.72574762232922e-27	1	9	18	2.44060589717285e-05	1	0	5.40152618533464	-4.97288082913192
EFEMP1	EGFR	R-HSA-9009391	REACTOME_EXTRA_NUCLEAR_ESTROGEN_SIGNALING	1.88342708514971e-68	4.17999301478388e-68	11.9073822111131	2.93967772399715	3.14979221981685e-21	1	18	33	0.000303379413040266	1	0	3.20088563659098	-4.97288082913192
FN1	ITGB3	R-HSA-6802952	REACTOME_SIGNALING_BY_BRAF_AND_RAF1_FUSIONS	1.89919030116547e-68	4.21225959768486e-68	4.37912027588558	2.33558859980003	4.68047116495695e-11	1	15	28	2.27774972870242e-05	1	0	3.43264151330902	5.81058030327552
COL18A1	GPC1	R-HSA-2022928	REACTOME_HS_GAG_BIOSYNTHESIS	1.90891612915827e-68	4.2283782899578e-68	6.26939471434587	4.39143398803966	3.71512767925756e-22	1	5	10	7.90858838535787e-09	1	0	0.323040890532106	-6.34615646135939
COL18A1	GPC1	R-HSA-9820960	REACTOME_RESPIRATORY_SYNCYTIAL_VIRUS_RSV_ATTACHMENT_AND_ENTRY	1.90891612915827e-68	4.2283782899578e-68	6.26939471434587	4.39143398803966	3.71512767925756e-22	1	5	10	7.90858838535787e-09	1	0	0.323040890532106	-6.34615646135939
FN1	ITGA2B	R-HSA-6802957	REACTOME_ONCOGENIC_MAPK_SIGNALING	1.93352269220632e-68	4.28012745250306e-68	4.37912027588558	4.02018928876498	1.64999075327052e-16	1	18	33	0.000154057837573892	1	0	3.43264151330902	-1.22574277327969
L1CAM	ITGA2B	R-HSA-3000178	REACTOME_ECM_PROTEOGLYCANS	1.96013410974182e-68	4.33624523312659e-68	5.38418252448028	4.02018928876498	1.47730066813109e-23	1	6	11	1.19223670921777e-08	1	0	4.78903995096595	-1.22574277327969
LAMA1	ITGA3	R-HSA-6806834	REACTOME_SIGNALING_BY_MET	1.99282966777318e-68	4.40574168196642e-68	17.5342897380052	4.13720289413487	5.70471836623451e-22	1	17	32	0.000353112685666113	1	0	-6.27074375530701	4.28443713596128
COL6A2	ITGB1	R-HSA-216083	REACTOME_INTEGRIN_CELL_SURFACE_INTERACTIONS	2.1415402437252e-68	4.73146977419054e-68	2.61520749325399	1.64273129306188	1.30413576736245e-13	1	8	16	2.89658626452252e-07	1	0	-3.31955637394197	-1.65313439362914
LAMB2	ITGB1	R-HSA-6806834	REACTOME_SIGNALING_BY_MET	2.23709935415745e-68	4.9394234777289e-68	11.7077824357821	1.64273129306188	4.67297919260249e-19	1	18	34	0.000353112685666113	1	0	-5.4770692126764	-1.65313439362914
FBLN2	ITGB3	R-HSA-3000178	REACTOME_ECM_PROTEOGLYCANS	2.98887520527459e-68	6.59508063254945e-68	20.4800687975369	2.33558859980003	1.10216139472329e-15	1	6	12	1.19223670921777e-08	1	0	-1.12341971762222	5.81058030327552
COL2A1	ITGB1	R-HSA-6806834	REACTOME_SIGNALING_BY_MET	3.20225058692966e-68	7.06137308912695e-68	12.5798279320328	1.64273129306188	6.68904147435922e-19	1	18	34	0.000353112685666113	1	0	5.28155360459047	-1.65313439362914
DCN	EGFR	R-HSA-9609690	REACTOME_HCMV_EARLY_EVENTS	3.52028909754377e-68	7.75771588440138e-68	12.4299900158892	2.93967772399715	3.0197937025404e-18	1	26	48	0.00175073392146078	1	0	-3.32916132851479	-4.97288082913192
COL2A1	ITGA1	R-HSA-216083	REACTOME_INTEGRIN_CELL_SURFACE_INTERACTIONS	4.63573770217083e-68	1.02093071033724e-67	12.5798279320328	4.23950504367085	9.5395529106669e-23	1	6	12	1.29584265478373e-07	1	0	5.28155360459047	-3.47079627706584
COMP	ITGB3	R-HSA-354192	REACTOME_INTEGRIN_SIGNALING	4.66526157288904e-68	1.02611891373007e-67	10.1255608464429	2.33558859980003	1.40626030864776e-20	1	8	15	3.88179724255606e-07	1	0	4.50469248937221	5.81058030327552
COMP	ITGB3	R-HSA-76009	REACTOME_PLATELET_AGGREGATION_PLUG_FORMATION	4.66526157288904e-68	1.02611891373007e-67	10.1255608464429	2.33558859980003	1.40626030864776e-20	1	8	15	3.88179724255606e-07	1	0	4.50469248937221	5.81058030327552
COL5A1	ITGB1	R-HSA-1566948	REACTOME_ELASTIC_FIBRE_FORMATION	4.83281067793842e-68	1.0622919317641e-67	17.6910136130676	1.64273129306188	6.93378239852596e-21	1	5	10	5.66893812322771e-09	1	0	5.13171509336827	-1.65313439362914
COL1A2	ITGB3	R-HSA-354192	REACTOME_INTEGRIN_SIGNALING	4.88620440455072e-68	1.07265750808261e-67	14.0547056107493	2.33558859980003	1.47285960426961e-20	1	8	15	3.88179724255606e-07	1	0	-0.973544102787729	5.81058030327552
COL1A2	ITGB3	R-HSA-76009	REACTOME_PLATELET_AGGREGATION_PLUG_FORMATION	4.88620440455072e-68	1.07265750808261e-67	14.0547056107493	2.33558859980003	1.47285960426961e-20	1	8	15	3.88179724255606e-07	1	0	-0.973544102787729	5.81058030327552
TNC	ITGB3	R-HSA-2173789	REACTOME_TGF_BETA_RECEPTOR_SIGNALING_ACTIVATES_SMADS	4.95769649801576e-68	1.08765790517693e-67	8.5066015717972	2.33558859980003	7.53178088447811e-12	1	18	34	0.000139378466831675	1	0	7.35469947673216	5.81058030327552
WNT2	FZD3	R-HSA-3858494	REACTOME_BETA_CATENIN_INDEPENDENT_WNT_SIGNALING	5.40301476125324e-68	1.1845997946916e-67	14.5622583700428	2.55657213646914	2.55964198728179e-17	1	27	50	0.00200706672871499	1	0	-3.11640413984048	6.97633115708027
LAMB1	ITGB1	R-HSA-2173789	REACTOME_TGF_BETA_RECEPTOR_SIGNALING_ACTIVATES_SMADS	6.95518217424124e-68	1.52393800505668e-67	6.55387519617198	1.64273129306188	5.36492533195653e-15	1	18	33	0.000134250994353051	1	0	0.951831469888455	-1.65313439362914
COL1A1	ITGB1	R-HSA-1566948	REACTOME_ELASTIC_FIBRE_FORMATION	7.15069760989157e-68	1.56577974398644e-67	11.8865981117298	1.64273129306188	1.02593262034834e-20	1	5	10	5.66893812322771e-09	1	0	-1.97991822679722	-1.65313439362914
LAMB1	ITGB4	R-HSA-3000171	REACTOME_NON_INTEGRIN_MEMBRANE_ECM_INTERACTIONS	7.31960494186258e-68	1.60174561068749e-67	6.55387519617198	6.44412418959411	1.50624912611813e-22	1	6	12	1.29584265478373e-07	1	0	0.951831469888455	5.77953524166907
COL2A1	ITGA10	R-HSA-216083	REACTOME_INTEGRIN_CELL_SURFACE_INTERACTIONS	1.0286647825475e-67	2.24959113284387e-67	12.5798279320328	1.94711038472937	2.70813113850373e-24	1	6	11	2.08526077666398e-08	1	0	5.28155360459047	4.04890057283008
FBLN1	ITGB1	R-HSA-2173789	REACTOME_TGF_BETA_RECEPTOR_SIGNALING_ACTIVATES_SMADS	1.09363291871863e-67	2.39015072451848e-67	8.92010857076818	1.64273129306188	8.43580916000264e-15	1	18	33	0.000134250994353051	1	0	6.20654076664142	-1.65313439362914
COL8A1	ITGA1	R-HSA-445355	REACTOME_SMOOTH_MUSCLE_CONTRACTION	1.17553069912229e-67	2.56750832062265e-67	7.95372452427371	4.23950504367085	6.78561596634739e-16	1	10	19	2.12475259962483e-06	1	0	-5.06654949952829	-3.47079627706584
COL18A1	ITGB1	R-HSA-2173789	REACTOME_TGF_BETA_RECEPTOR_SIGNALING_ACTIVATES_SMADS	1.22047943850878e-67	2.66399065258261e-67	6.26939471434587	1.64273129306188	9.41424809983805e-15	1	18	33	0.000134250994353051	1	0	0.323040890532106	-1.65313439362914
COL18A1	ITGB3	R-HSA-3000178	REACTOME_ECM_PROTEOGLYCANS	1.36621415288886e-67	2.9802008154329e-67	6.26939471434587	2.33558859980003	5.03797714130507e-15	1	6	12	1.19223670921777e-08	1	0	0.323040890532106	5.81058030327552
COL3A1	ITGB1	R-HSA-6806834	REACTOME_SIGNALING_BY_MET	1.57740845919763e-67	3.43871045604554e-67	15.038080980152	1.64273129306188	3.29497967730712e-18	1	18	34	0.000353112685666113	1	0	-4.39983829722896	-1.65313439362914
COL4A3	ITGA3	R-HSA-6806834	REACTOME_SIGNALING_BY_MET	1.59612795034727e-67	3.47731485066157e-67	10.9133221434925	4.13720289413487	4.56911123938702e-21	1	17	32	0.000353112685666113	1	0	4.45925716993137	4.28443713596128
COL18A1	GPC1	R-HSA-2187338	REACTOME_VISUAL_PHOTOTRANSDUCTION	1.64156339622796e-67	3.57177614359531e-67	6.26939471434587	4.39143398803966	3.71512767925756e-22	1	6	11	9.92598600102872e-09	1	0	0.323040890532106	-6.34615646135939
COL18A1	GPC1	R-HSA-6806667	REACTOME_METABOLISM_OF_FAT_SOLUBLE_VITAMINS	1.64156339622796e-67	3.57177614359531e-67	6.26939471434587	4.39143398803966	3.71512767925756e-22	1	6	11	9.92598600102872e-09	1	0	0.323040890532106	-6.34615646135939
COL4A2	ITGB3	R-HSA-3000171	REACTOME_NON_INTEGRIN_MEMBRANE_ECM_INTERACTIONS	1.65188738359065e-67	3.59196750919839e-67	10.9035066930124	2.33558859980003	4.25167600396513e-16	1	6	11	9.71545273620943e-10	1	0	6.44091966949719	5.81058030327552
LAMA5	ITGA3	R-HSA-6806834	REACTOME_SIGNALING_BY_MET	1.72262784144854e-67	3.74342373631268e-67	4.79474119253631	4.13720289413487	4.93123263077438e-21	1	17	32	0.000353112685666113	1	0	7.7539223096356	4.28443713596128
COL1A2	ITGA2B	R-HSA-354192	REACTOME_INTEGRIN_SIGNALING	1.73630050641456e-67	3.76837460067261e-67	14.0547056107493	4.02018928876498	5.19222241150777e-26	1	8	15	2.18507385059052e-06	1	0	-0.973544102787729	-1.22574277327969
COL1A2	ITGA2B	R-HSA-76009	REACTOME_PLATELET_AGGREGATION_PLUG_FORMATION	1.73630050641456e-67	3.76837460067261e-67	14.0547056107493	4.02018928876498	5.19222241150777e-26	1	8	15	2.18507385059052e-06	1	0	-0.973544102787729	-1.22574277327969
LGALS3BP	ITGB1	R-HSA-216083	REACTOME_INTEGRIN_CELL_SURFACE_INTERACTIONS	1.7927830587635e-67	3.8885080215299e-67	5.08385796896564	1.64273129306188	1.09175277789221e-12	1	8	16	2.89658626452252e-07	1	0	5.6845059272368	-1.65313439362914
COMP	ITGB1	R-HSA-1566948	REACTOME_ELASTIC_FIBRE_FORMATION	1.83157513877287e-67	3.9701439681025e-67	10.1255608464429	1.64273129306188	2.6278172900037e-20	1	5	10	5.66893812322771e-09	1	0	4.50469248937221	-1.65313439362914
SORBS1	ITGA1	R-HSA-445355	REACTOME_SMOOTH_MUSCLE_CONTRACTION	1.89002675370592e-67	4.0942645042496e-67	3.00010852256686	4.23950504367085	1.09099623908984e-15	1	10	19	2.12475259962483e-06	1	0	6.07754751096769	-3.47079627706584
COL1A2	ITGB1	R-HSA-1566948	REACTOME_ELASTIC_FIBRE_FORMATION	1.91831698405616e-67	4.15293292961182e-67	14.0547056107493	1.64273129306188	2.75226848830669e-20	1	5	10	5.66893812322771e-09	1	0	-0.973544102787729	-1.65313439362914
LAMC1	ITGA1	R-HSA-445355	REACTOME_SMOOTH_MUSCLE_CONTRACTION	1.98809928794728e-67	4.30129657266581e-67	3.23766986137765	4.23950504367085	1.14760748324579e-15	1	10	19	2.12475259962483e-06	1	0	5.42501182058629	-3.47079627706584
COL4A3	ITGB3	R-HSA-3000171	REACTOME_NON_INTEGRIN_MEMBRANE_ECM_INTERACTIONS	2.00308106548218e-67	4.33098608752903e-67	10.9133221434925	2.33558859980003	5.15558856173085e-16	1	6	11	9.71545273620943e-10	1	0	4.45925716993137	5.81058030327552
LTBP1	ITGB3	R-HSA-2173789	REACTOME_TGF_BETA_RECEPTOR_SIGNALING_ACTIVATES_SMADS	2.36929938578236e-67	5.11959163762017e-67	2.6298897401509	2.33558859980003	3.59946274052546e-11	1	18	34	0.000139378466831675	1	0	7.03079313325193	5.81058030327552
JAM3	ITGB1	R-HSA-2173789	REACTOME_TGF_BETA_RECEPTOR_SIGNALING_ACTIVATES_SMADS	2.54332032955883e-67	5.49216693890921e-67	7.72682422564567	1.64273129306188	1.96180679693249e-14	1	18	33	0.000134250994353051	1	0	4.56577146203116	-1.65313439362914
MFGE8	ITGB3	R-HSA-2173789	REACTOME_TGF_BETA_RECEPTOR_SIGNALING_ACTIVATES_SMADS	2.62240979737826e-67	5.65940382872095e-67	2.73317240377774	2.33558859980003	3.98399054703467e-11	1	18	34	0.000139378466831675	1	0	7.14954233744459	5.81058030327552
FN1	ITGB3	R-HSA-2173789	REACTOME_TGF_BETA_RECEPTOR_SIGNALING_ACTIVATES_SMADS	3.08085907695371e-67	6.64461142615722e-67	4.37912027588558	2.33558859980003	4.68047116495695e-11	1	18	34	0.000139378466831675	1	0	3.43264151330902	5.81058030327552
COL17A1	ITGB4	R-HSA-3000171	REACTOME_NON_INTEGRIN_MEMBRANE_ECM_INTERACTIONS	3.26682047229474e-67	7.04126718339217e-67	8.8967105526396	6.44412418959411	6.72255609511986e-22	1	6	12	1.29584265478373e-07	1	0	-0.580402338253546	5.77953524166907
L1CAM	ITGB1	R-HSA-6806834	REACTOME_SIGNALING_BY_MET	3.74884798115189e-67	8.07516409214935e-67	5.38418252448028	1.64273129306188	7.83080491244005e-18	1	18	34	0.000353112685666113	1	0	4.78903995096595	-1.65313439362914
IGF2	IGF1R	R-HSA-9009391	REACTOME_EXTRA_NUCLEAR_ESTROGEN_SIGNALING	3.80106233528533e-67	8.18251216106479e-67	18.1080643189009	6.39079791705591	6.35679324414563e-20	1	18	33	0.000303379413040266	1	0	-4.40934983275098	5.51394539218302
FBN1	ITGB1	R-HSA-2173789	REACTOME_TGF_BETA_RECEPTOR_SIGNALING_ACTIVATES_SMADS	4.14141930752874e-67	8.90962002370161e-67	6.40013831890023	1.64273129306188	3.19451091238149e-14	1	18	33	0.000134250994353051	1	0	1.72756032766282	-1.65313439362914
FBLN2	ITGB3	R-HSA-3000171	REACTOME_NON_INTEGRIN_MEMBRANE_ECM_INTERACTIONS	4.28218542740826e-67	9.20669866892776e-67	20.4800687975369	2.33558859980003	1.10216139472329e-15	1	6	11	9.71545273620943e-10	1	0	-1.12341971762222	5.81058030327552
THBS1	SDC4	R-HSA-2022928	REACTOME_HS_GAG_BIOSYNTHESIS	4.31064695775159e-67	9.25632055846784e-67	10.1171572475629	1.20804741852566	2.07770246475838e-15	1	5	10	9.97983415291508e-10	1	0	3.36324076136934	-4.21601081838777
THBS1	SDC4	R-HSA-9820960	REACTOME_RESPIRATORY_SYNCYTIAL_VIRUS_RSV_ATTACHMENT_AND_ENTRY	4.31064695775159e-67	9.25632055846784e-67	10.1171572475629	1.20804741852566	2.07770246475838e-15	1	5	10	9.97983415291508e-10	1	0	3.36324076136934	-4.21601081838777
FBN1	ITGB3	R-HSA-3000178	REACTOME_ECM_PROTEOGLYCANS	4.63593690517735e-67	9.9486107010668e-67	6.40013831890023	2.33558859980003	1.70952292562848e-14	1	6	12	1.19223670921777e-08	1	0	1.72756032766282	5.81058030327552
CDH1	ERBB3	R-HSA-1963642	REACTOME_PI3K_EVENTS_IN_ERBB2_SIGNALING	4.865457598376e-67	1.04346472184622e-66	14.3704771513226	8.31277667281055	3.75150472033015e-34	1	4	9	1.57799919931014e-06	1	0	5.40152618533464	5.83982229038879
COL4A4	ITGB3	R-HSA-6802952	REACTOME_SIGNALING_BY_BRAF_AND_RAF1_FUSIONS	5.07858981335274e-67	1.08849526217654e-66	4.75297522418188	2.33558859980003	1.25159617577315e-09	1	15	28	2.27774972870242e-05	1	0	-5.54509567223867	5.81058030327552
S100B	APP	R-HSA-3000178	REACTOME_ECM_PROTEOGLYCANS	5.30223271544985e-67	1.13572107977257e-66	2.91530553230702	1.07409823105059	4.17732978317162e-10	1	7	13	2.56958654423585e-09	1	0	5.98997946985497	-6.19605749258721
COL4A1	ITGB1	R-HSA-6806834	REACTOME_SIGNALING_BY_MET	5.43852623661867e-67	1.16418981045229e-66	11.3294445506569	1.64273129306188	1.13603000666519e-17	1	18	34	0.000353112685666113	1	0	4.78373488091513	-1.65313439362914
TGFB2	TGFBR3	R-HSA-2173789	REACTOME_TGF_BETA_RECEPTOR_SIGNALING_ACTIVATES_SMADS	5.53755646764436e-67	1.18465138362541e-66	6.5137576516326	1.231627940706	8.29055262965906e-14	1	17	32	0.000134250994353051	1	0	5.93110784303411	5.3195988464643
L1CAM	EGFR	R-HSA-1227986	REACTOME_SIGNALING_BY_ERBB2	5.572654771395e-67	1.19141904372895e-66	5.38418252448028	2.93967772399715	1.30182866760621e-21	1	15	29	0.000281556464908479	1	0	4.78903995096595	-4.97288082913192
VCL	ITGA1	R-HSA-445355	REACTOME_SMOOTH_MUSCLE_CONTRACTION	6.28604476608368e-67	1.34310521710111e-66	1.50547573342494	4.23950504367085	3.62854715421385e-15	1	10	19	2.12475259962483e-06	1	0	4.67617778855706	-3.47079627706584
COL11A1	ITGB1	R-HSA-216083	REACTOME_INTEGRIN_CELL_SURFACE_INTERACTIONS	6.35255787877955e-67	1.35647418392313e-66	8.7209722535565	1.64273129306188	3.86852311939072e-12	1	8	16	2.89658626452252e-07	1	0	5.2194090555208	-1.65313439362914
THBS1	ITGB1	R-HSA-216083	REACTOME_INTEGRIN_CELL_SURFACE_INTERACTIONS	6.55910720893125e-67	1.39971022324587e-66	10.1171572475629	1.64273129306188	3.99430565836698e-12	1	8	16	2.89658626452252e-07	1	0	3.36324076136934	-1.65313439362914
ANXA1	EGFR	R-HSA-9820960	REACTOME_RESPIRATORY_SYNCYTIAL_VIRUS_RSV_ATTACHMENT_AND_ENTRY	6.63868467868934e-67	1.4158137194477e-66	3.78540835500689	2.93967772399715	1.45445490355854e-15	1	6	11	9.97983415291508e-10	1	0	5.66002539089596	-4.97288082913192
SEMA4D	MET	R-HSA-6806834	REACTOME_SIGNALING_BY_MET	7.73908731857031e-67	1.64947090309058e-66	1.01462714481266	2.64032224114379	1.77060688597618e-07	1	20	38	0.000209281275201961	1	0	7.0765425972243	11.2515502894158
COL4A1	ITGA1	R-HSA-216083	REACTOME_INTEGRIN_CELL_SURFACE_INTERACTIONS	7.8730818950404e-67	1.67699081851015e-66	11.3294445506569	4.23950504367085	1.62014518795101e-21	1	6	12	1.29584265478373e-07	1	0	4.78373488091513	-3.47079627706584
HSPG2	ITGB1	R-HSA-216083	REACTOME_INTEGRIN_CELL_SURFACE_INTERACTIONS	8.7653478570376e-67	1.8658908804585e-66	3.51948105940521	1.64273129306188	5.33784209156493e-12	1	8	16	2.89658626452252e-07	1	0	4.65016389182664	-1.65313439362914
LAMB1	ITGA3	R-HSA-6806834	REACTOME_SIGNALING_BY_MET	8.8884019597665e-67	1.89091544474934e-66	6.55387519617198	4.13720289413487	2.54441364088152e-20	1	17	32	0.000353112685666113	1	0	0.951831469888455	4.28443713596128
COL5A2	ITGB1	R-HSA-6806834	REACTOME_SIGNALING_BY_MET	1.04859165552534e-66	2.22939140606129e-66	9.21695136128872	1.64273129306188	2.19035733871194e-17	1	18	34	0.000353112685666113	1	0	4.91888270579576	-1.65313439362914
TNC	EGFR	R-HSA-9820960	REACTOME_RESPIRATORY_SYNCYTIAL_VIRUS_RSV_ATTACHMENT_AND_ENTRY	1.06796330593043e-66	2.26917465867862e-66	8.5066015717972	2.93967772399715	2.33977744434425e-15	1	6	11	9.97983415291508e-10	1	0	7.35469947673216	-4.97288082913192
DCN	MET	R-HSA-8876384	REACTOME_LISTERIA_MONOCYTOGENES_ENTRY_INTO_HOST_CELLS	1.10253237372554e-66	2.34117985531843e-66	12.4299900158892	2.64032224114379	8.8202129025133e-15	1	8	15	1.08653945948975e-07	1	0	-3.32916132851479	11.2515502894158
SLIT2	GPC1	R-HSA-2022928	REACTOME_HS_GAG_BIOSYNTHESIS	1.20173610535862e-66	2.54868816426243e-66	6.43545090641173	4.39143398803966	2.33881572898105e-20	1	5	10	7.90858838535787e-09	1	0	2.55777934270203	-6.34615646135939
SLIT2	GPC1	R-HSA-9820960	REACTOME_RESPIRATORY_SYNCYTIAL_VIRUS_RSV_ATTACHMENT_AND_ENTRY	1.20173610535862e-66	2.54868816426243e-66	6.43545090641173	4.39143398803966	2.33881572898105e-20	1	5	10	7.90858838535787e-09	1	0	2.55777934270203	-6.34615646135939
LAMC1	ITGB1	R-HSA-216083	REACTOME_INTEGRIN_CELL_SURFACE_INTERACTIONS	1.32139504232786e-66	2.8007387218779e-66	3.23766986137765	1.64273129306188	8.04691176159058e-12	1	8	16	2.89658626452252e-07	1	0	5.42501182058629	-1.65313439362914
EFEMP1	EGFR	R-HSA-1227986	REACTOME_SIGNALING_BY_ERBB2	1.34831142372529e-66	2.85602912414716e-66	11.9073822111131	2.93967772399715	3.14979221981685e-21	1	15	29	0.000281556464908479	1	0	3.20088563659098	-4.97288082913192
EFNB1	ERBB2	R-HSA-1227986	REACTOME_SIGNALING_BY_ERBB2	1.38298232766312e-66	2.92766720440685e-66	2.06677780171612	5.2615892882842	3.23078696743656e-21	1	15	29	0.000281556464908479	1	0	-1.46243435061172	-6.34615646135939
COL5A2	ITGA1	R-HSA-216083	REACTOME_INTEGRIN_CELL_SURFACE_INTERACTIONS	1.5179935922383e-66	3.20946264823404e-66	9.21695136128872	4.23950504367085	3.12377039460825e-21	1	6	12	1.29584265478373e-07	1	0	4.91888270579576	-3.47079627706584
TNC	SDC4	R-HSA-2022928	REACTOME_HS_GAG_BIOSYNTHESIS	1.51889685794332e-66	3.20946264823404e-66	8.5066015717972	1.20804741852566	7.32097937129289e-15	1	5	10	9.97983415291508e-10	1	0	7.35469947673216	-4.21601081838777
TNC	SDC4	R-HSA-9820960	REACTOME_RESPIRATORY_SYNCYTIAL_VIRUS_RSV_ATTACHMENT_AND_ENTRY	1.51889685794332e-66	3.20946264823404e-66	8.5066015717972	1.20804741852566	7.32097937129289e-15	1	5	10	9.97983415291508e-10	1	0	7.35469947673216	-4.21601081838777
COL18A1	ITGA3	R-HSA-6806834	REACTOME_SIGNALING_BY_MET	1.55971641882688e-66	3.29369213061048e-66	6.26939471434587	4.13720289413487	4.4648787824108e-20	1	17	32	0.000353112685666113	1	0	0.323040890532106	4.28443713596128
COL6A2	ITGB1	R-HSA-2173789	REACTOME_TGF_BETA_RECEPTOR_SIGNALING_ACTIVATES_SMADS	1.69070420941755e-66	3.56811195116342e-66	2.61520749325399	1.64273129306188	1.30413576736245e-13	1	18	33	0.000134250994353051	1	0	-3.31955637394197	-1.65313439362914
COL18A1	ITGB3	R-HSA-3000171	REACTOME_NON_INTEGRIN_MEMBRANE_ECM_INTERACTIONS	1.95738595104111e-66	4.12839219594201e-66	6.26939471434587	2.33558859980003	5.03797714130507e-15	1	6	11	9.71545273620943e-10	1	0	0.323040890532106	5.81058030327552
TNC	ITGB1	R-HSA-216083	REACTOME_INTEGRIN_CELL_SURFACE_INTERACTIONS	2.31116290157881e-66	4.87156886117102e-66	8.5066015717972	1.64273129306188	1.40743103613461e-11	1	8	16	2.89658626452252e-07	1	0	7.35469947673216	-1.65313439362914
NPNT	ITGB1	R-HSA-216083	REACTOME_INTEGRIN_CELL_SURFACE_INTERACTIONS	2.37977840650443e-66	5.0131278128446e-66	8.21361350158779	1.64273129306188	1.4492158844144e-11	1	8	16	2.89658626452252e-07	1	0	-1.10868581470011	-1.65313439362914
LAMA1	GPC1	R-HSA-2024096	REACTOME_HS_GAG_DEGRADATION	2.47163567984381e-66	5.20344353651329e-66	17.5342897380052	4.39143398803966	4.74677099594702e-24	1	6	12	3.51082198122245e-07	1	0	-6.27074375530701	-6.34615646135939
SEMA5A	MET	R-HSA-8876384	REACTOME_LISTERIA_MONOCYTOGENES_ENTRY_INTO_HOST_CELLS	2.5582569934135e-66	5.38251012681494e-66	16.1408444326762	2.64032224114379	2.04659490088295e-14	1	8	15	1.08653945948975e-07	1	0	-4.27209030279128	11.2515502894158
LAMB2	ITGB1	R-HSA-1566948	REACTOME_ELASTIC_FIBRE_FORMATION	3.25704246856583e-66	6.8485489559086e-66	11.7077824357821	1.64273129306188	4.67297919260249e-19	1	5	10	5.66893812322771e-09	1	0	-5.4770692126764	-1.65313439362914
COL4A6	ITGB1	R-HSA-6806834	REACTOME_SIGNALING_BY_MET	4.02154619735554e-66	8.45089732370376e-66	9.53524221853406	1.64273129306188	8.40043231312356e-17	1	18	34	0.000353112685666113	1	0	1.77832375144824	-1.65313439362914
COL2A1	ITGA2B	R-HSA-354192	REACTOME_INTEGRIN_SIGNALING	4.21985941731413e-66	8.85681293200768e-66	12.5798279320328	4.02018928876498	1.26190417839797e-24	1	8	15	2.18507385059052e-06	1	0	5.28155360459047	-1.22574277327969
COL2A1	ITGA2B	R-HSA-76009	REACTOME_PLATELET_AGGREGATION_PLUG_FORMATION	4.21985941731413e-66	8.85681293200768e-66	12.5798279320328	4.02018928876498	1.26190417839797e-24	1	8	15	2.18507385059052e-06	1	0	5.28155360459047	-1.22574277327969
COL2A1	ITGB1	R-HSA-1566948	REACTOME_ELASTIC_FIBRE_FORMATION	4.6622275122635e-66	9.77930648913808e-66	12.5798279320328	1.64273129306188	6.68904147435922e-19	1	5	10	5.66893812322771e-09	1	0	5.28155360459047	-1.65313439362914
LAMA5	SDC1	R-HSA-2187338	REACTOME_VISUAL_PHOTOTRANSDUCTION	4.69130930711706e-66	9.82832156911247e-66	4.79474119253631	7.03887851379973	1.53740409075425e-21	1	5	10	1.56212024039281e-08	1	0	7.7539223096356	4.20001468766753
LAMA5	SDC1	R-HSA-6806667	REACTOME_METABOLISM_OF_FAT_SOLUBLE_VITAMINS	4.69130930711706e-66	9.82832156911247e-66	4.79474119253631	7.03887851379973	1.53740409075425e-21	1	5	10	1.56212024039281e-08	1	0	7.7539223096356	4.20001468766753
L1CAM	ITGB3	R-HSA-76005	REACTOME_RESPONSE_TO_ELEVATED_PLATELET_CYTOSOLIC_CA2	5.28810929620751e-66	1.10718782586451e-65	5.38418252448028	2.33558859980003	4.19060722943674e-18	1	8	15	3.44000822048644e-07	1	0	4.78903995096595	5.81058030327552
LAMA1	ITGB1	R-HSA-6806834	REACTOME_SIGNALING_BY_MET	5.75839696852939e-66	1.20492004694289e-65	17.5342897380052	1.64273129306188	1.20284640763385e-16	1	18	34	0.000353112685666113	1	0	-6.27074375530701	-1.65313439362914
COL4A6	ITGA1	R-HSA-216083	REACTOME_INTEGRIN_CELL_SURFACE_INTERACTIONS	5.82179090049842e-66	1.21744441931395e-65	9.53524221853406	4.23950504367085	1.19802469203848e-20	1	6	12	1.29584265478373e-07	1	0	1.77832375144824	-3.47079627706584
DSC2	DSG2	R-HSA-111465	REACTOME_APOPTOTIC_CLEAVAGE_OF_CELLULAR_PROTEINS	6.04139920472519e-66	1.26260104886116e-65	3.11408527219723	3.81108576362906	1.07981964434425e-17	1	14	27	0.000107612166882511	1	0	3.9019608947081	-1.88453957273101
ANXA1	EGFR	R-HSA-177929	REACTOME_SIGNALING_BY_EGFR	6.26525439923139e-66	1.30858986844906e-65	3.78540835500689	2.93967772399715	1.45445490355854e-15	1	18	34	0.000306459730668725	1	0	5.66002539089596	-4.97288082913192
FBN1	ITGB3	R-HSA-3000171	REACTOME_NON_INTEGRIN_MEMBRANE_ECM_INTERACTIONS	6.64194390675831e-66	1.38642518442042e-65	6.40013831890023	2.33558859980003	1.70952292562848e-14	1	6	11	9.71545273620943e-10	1	0	1.72756032766282	5.81058030327552
RND1	MET	R-HSA-8876384	REACTOME_LISTERIA_MONOCYTOGENES_ENTRY_INTO_HOST_CELLS	6.69453091402602e-66	1.39655466005152e-65	4.60833105105072	2.64032224114379	5.35559674720856e-14	1	8	15	1.08653945948975e-07	1	0	-6.26577098121408	11.2515502894158
LAMA1	SDC4	R-HSA-2187338	REACTOME_VISUAL_PHOTOTRANSDUCTION	7.07274526065677e-66	1.47366709246876e-65	17.5342897380052	1.20804741852566	6.25679945307032e-20	1	6	11	7.90858838535787e-09	1	0	-6.27074375530701	-4.21601081838777
LAMA1	SDC4	R-HSA-6806667	REACTOME_METABOLISM_OF_FAT_SOLUBLE_VITAMINS	7.07274526065677e-66	1.47366709246876e-65	17.5342897380052	1.20804741852566	6.25679945307032e-20	1	6	11	7.90858838535787e-09	1	0	-6.27074375530701	-4.21601081838777
COL4A4	ITGB3	R-HSA-2173789	REACTOME_TGF_BETA_RECEPTOR_SIGNALING_ACTIVATES_SMADS	8.23846852787251e-66	1.71551644890323e-65	4.75297522418188	2.33558859980003	1.25159617577315e-09	1	18	34	0.000139378466831675	1	0	-5.54509567223867	5.81058030327552
LAMA1	ITGA1	R-HSA-216083	REACTOME_INTEGRIN_CELL_SURFACE_INTERACTIONS	8.336142724131e-66	1.73480526140415e-65	17.5342897380052	4.23950504367085	1.71543516257357e-20	1	6	12	1.29584265478373e-07	1	0	-6.27074375530701	-3.47079627706584
TNC	EGFR	R-HSA-177929	REACTOME_SIGNALING_BY_EGFR	1.00788968365633e-65	2.09621554521027e-65	8.5066015717972	2.93967772399715	2.33977744434425e-15	1	18	34	0.000306459730668725	1	0	7.35469947673216	-4.97288082913192
SLIT2	GPC1	R-HSA-2187338	REACTOME_VISUAL_PHOTOTRANSDUCTION	1.03342727967421e-65	2.14673299642469e-65	6.43545090641173	4.39143398803966	2.33881572898105e-20	1	6	11	9.92598600102872e-09	1	0	2.55777934270203	-6.34615646135939
SLIT2	GPC1	R-HSA-6806667	REACTOME_METABOLISM_OF_FAT_SOLUBLE_VITAMINS	1.03342727967421e-65	2.14673299642469e-65	6.43545090641173	4.39143398803966	2.33881572898105e-20	1	6	11	9.92598600102872e-09	1	0	2.55777934270203	-6.34615646135939
LTBP1	ITGB1	R-HSA-216083	REACTOME_INTEGRIN_CELL_SURFACE_INTERACTIONS	1.10451231642462e-65	2.29301289589663e-65	2.6298897401509	1.64273129306188	6.72615899496749e-11	1	8	16	2.89658626452252e-07	1	0	7.03079313325193	-1.65313439362914
L1CAM	ITGB3	R-HSA-354192	REACTOME_INTEGRIN_SIGNALING	1.3902318620769e-65	2.88269897862842e-65	5.38418252448028	2.33558859980003	4.19060722943674e-18	1	8	15	3.88179724255606e-07	1	0	4.78903995096595	5.81058030327552
L1CAM	ITGB3	R-HSA-76009	REACTOME_PLATELET_AGGREGATION_PLUG_FORMATION	1.3902318620769e-65	2.88269897862842e-65	5.38418252448028	2.33558859980003	4.19060722943674e-18	1	8	15	3.88179724255606e-07	1	0	4.78903995096595	5.81058030327552
LAMA5	SDC1	R-HSA-2022928	REACTOME_HS_GAG_BIOSYNTHESIS	1.409456048981e-65	2.92080048704497e-65	4.79474119253631	7.03887851379973	1.53740409075425e-21	1	4	9	2.18606988203969e-08	1	0	7.7539223096356	4.20001468766753
LGALS3BP	ITGB1	R-HSA-2173789	REACTOME_TGF_BETA_RECEPTOR_SIGNALING_ACTIVATES_SMADS	1.41536722128154e-65	2.9312843113838e-65	5.08385796896564	1.64273129306188	1.09175277789221e-12	1	18	33	0.000134250994353051	1	0	5.6845059272368	-1.65313439362914
FN1	ITGB1	R-HSA-216083	REACTOME_INTEGRIN_CELL_SURFACE_INTERACTIONS	1.43622490939039e-65	2.97269174988144e-65	4.37912027588558	1.64273129306188	8.74619227820244e-11	1	8	16	2.89658626452252e-07	1	0	3.43264151330902	-1.65313439362914
L1CAM	EGFR	R-HSA-1236394	REACTOME_SIGNALING_BY_ERBB4	1.66292012230999e-65	3.43983476893949e-65	5.38418252448028	2.93967772399715	1.30182866760621e-21	1	15	29	0.000353112685666113	1	0	4.78903995096595	-4.97288082913192
ANXA1	EGFR	R-HSA-9609690	REACTOME_HCMV_EARLY_EVENTS	1.69551374835934e-65	3.50514861439672e-65	3.78540835500689	2.93967772399715	1.45445490355854e-15	1	26	48	0.00175073392146078	1	0	5.66002539089596	-4.97288082913192
DCN	EGFR	R-HSA-9009391	REACTOME_EXTRA_NUCLEAR_ESTROGEN_SIGNALING	1.80569410742269e-65	3.73068332104147e-65	12.4299900158892	2.93967772399715	3.0197937025404e-18	1	18	33	0.000303379413040266	1	0	-3.32916132851479	-4.97288082913192
COL4A5	ITGB1	R-HSA-6806834	REACTOME_SIGNALING_BY_MET	2.08368375591234e-65	4.30244424990303e-65	5.4186994542932	1.64273129306188	4.3525160459444e-16	1	18	34	0.000353112685666113	1	0	6.18599343361014	-1.65313439362914
COL3A1	ITGB1	R-HSA-1566948	REACTOME_ELASTIC_FIBRE_FORMATION	2.29658389214308e-65	4.73920131312069e-65	15.038080980152	1.64273129306188	3.29497967730712e-18	1	5	10	5.66893812322771e-09	1	0	-4.39983829722896	-1.65313439362914
TNC	EGFR	R-HSA-9609690	REACTOME_HCMV_EARLY_EVENTS	2.7275681186681e-65	5.62520043658169e-65	8.5066015717972	2.93967772399715	2.33977744434425e-15	1	26	48	0.00175073392146078	1	0	7.35469947673216	-4.97288082913192
COL4A5	ITGA1	R-HSA-216083	REACTOME_INTEGRIN_CELL_SURFACE_INTERACTIONS	3.0164445549982e-65	6.21723742911552e-65	5.4186994542932	4.23950504367085	6.20732541037067e-20	1	6	12	1.29584265478373e-07	1	0	6.18599343361014	-3.47079627706584
EFEMP1	EGFR	R-HSA-1236394	REACTOME_SIGNALING_BY_ERBB4	4.02345792020406e-65	8.28784146437244e-65	11.9073822111131	2.93967772399715	3.14979221981685e-21	1	15	29	0.000353112685666113	1	0	3.20088563659098	-4.97288082913192
COL4A3	ITGB1	R-HSA-6806834	REACTOME_SIGNALING_BY_MET	4.61210433550755e-65	9.49469713593416e-65	10.9133221434925	1.64273129306188	9.63402343033426e-16	1	18	34	0.000353112685666113	1	0	4.45925716993137	-1.65313439362914
L1CAM	ITGA2B	R-HSA-354192	REACTOME_INTEGRIN_SIGNALING	4.94015412844714e-65	1.01578781840156e-64	5.38418252448028	4.02018928876498	1.47730066813109e-23	1	8	15	2.18507385059052e-06	1	0	4.78903995096595	-1.22574277327969
L1CAM	ITGA2B	R-HSA-76009	REACTOME_PLATELET_AGGREGATION_PLUG_FORMATION	4.94015412844714e-65	1.01578781840156e-64	5.38418252448028	4.02018928876498	1.47730066813109e-23	1	8	15	2.18507385059052e-06	1	0	4.78903995096595	-1.22574277327969
LAMA5	ITGB1	R-HSA-6806834	REACTOME_SIGNALING_BY_MET	4.97763311160751e-65	1.02288278995997e-64	4.79474119253631	1.64273129306188	1.03975605355764e-15	1	18	34	0.000353112685666113	1	0	7.7539223096356	-1.65313439362914
COL11A1	ITGB1	R-HSA-2173789	REACTOME_TGF_BETA_RECEPTOR_SIGNALING_ACTIVATES_SMADS	5.015220413294e-65	1.02999153562575e-64	8.7209722535565	1.64273129306188	3.86852311939072e-12	1	18	33	0.000134250994353051	1	0	5.2194090555208	-1.65313439362914
LAMA3	ITGB1	R-HSA-216083	REACTOME_INTEGRIN_CELL_SURFACE_INTERACTIONS	5.02828186575579e-65	1.03205785311455e-64	1.52751187044421	1.64273129306188	3.06207751580951e-10	1	8	16	2.89658626452252e-07	1	0	-6.34615646135939	-1.65313439362914
THBS1	ITGB1	R-HSA-2173789	REACTOME_TGF_BETA_RECEPTOR_SIGNALING_ACTIVATES_SMADS	5.17828707662805e-65	1.06221273366729e-64	10.1171572475629	1.64273129306188	3.99430565836698e-12	1	18	33	0.000134250994353051	1	0	3.36324076136934	-1.65313439362914
L1CAM	ITGB1	R-HSA-1566948	REACTOME_ELASTIC_FIBRE_FORMATION	5.45803075760471e-65	1.1189288323099e-64	5.38418252448028	1.64273129306188	7.83080491244005e-18	1	5	10	5.66893812322771e-09	1	0	4.78903995096595	-1.65313439362914
COL4A4	ITGA1	R-HSA-445355	REACTOME_SMOOTH_MUSCLE_CONTRACTION	5.77833218389026e-65	1.18388699896263e-64	4.75297522418188	4.23950504367085	3.3354758965581e-13	1	10	19	2.12475259962483e-06	1	0	-5.54509567223867	-3.47079627706584
THBS1	ITGB3	R-HSA-3000178	REACTOME_ECM_PROTEOGLYCANS	5.7966147307281e-65	1.1869258734348e-64	10.1171572475629	2.33558859980003	2.13752817950321e-12	1	6	12	1.19223670921777e-08	1	0	3.36324076136934	5.81058030327552
WNT5A	RYK	R-HSA-3858494	REACTOME_BETA_CATENIN_INDEPENDENT_WNT_SIGNALING	5.8816003737335e-65	1.20361126030001e-64	4.8259126929938	1.92217067020479	2.78636870974021e-14	1	27	50	0.00200706672871499	1	0	-0.0541399739889715	3.31430552196655
COL4A3	ITGA1	R-HSA-216083	REACTOME_INTEGRIN_CELL_SURFACE_INTERACTIONS	6.67671232280347e-65	1.36551072475885e-64	10.9133221434925	4.23950504367085	1.37395285421043e-19	1	6	12	1.29584265478373e-07	1	0	4.45925716993137	-3.47079627706584
HSPG2	ITGB1	R-HSA-2173789	REACTOME_TGF_BETA_RECEPTOR_SIGNALING_ACTIVATES_SMADS	6.92007099204634e-65	1.41444112968743e-64	3.51948105940521	1.64273129306188	5.33784209156493e-12	1	18	33	0.000134250994353051	1	0	4.65016389182664	-1.65313439362914
DCN	MET	R-HSA-8875878	REACTOME_MET_PROMOTES_CELL_MOTILITY	7.10315920226864e-65	1.45100164226865e-64	12.4299900158892	2.64032224114379	8.8202129025133e-15	1	7	14	2.01164898238392e-07	1	0	-3.32916132851479	11.2515502894158
COL4A1	ITGB1	R-HSA-1566948	REACTOME_ELASTIC_FIBRE_FORMATION	7.91807073126079e-65	1.61650820863722e-64	11.3294445506569	1.64273129306188	1.13603000666519e-17	1	5	10	5.66893812322771e-09	1	0	4.78373488091513	-1.65313439362914
LAMC1	ITGB1	R-HSA-2173789	REACTOME_TGF_BETA_RECEPTOR_SIGNALING_ACTIVATES_SMADS	1.04321558603121e-64	2.12850629652868e-64	3.23766986137765	1.64273129306188	8.04691176159058e-12	1	18	33	0.000134250994353051	1	0	5.42501182058629	-1.65313439362914
LAMC1	ITGB4	R-HSA-3000171	REACTOME_NON_INTEGRIN_MEMBRANE_ECM_INTERACTIONS	1.09787576624837e-64	2.23870340005595e-64	3.23766986137765	6.44412418959411	2.2592399817101e-19	1	6	12	1.29584265478373e-07	1	0	5.42501182058629	5.77953524166907
TGFB2	TGFBR2	R-HSA-9839373	REACTOME_SIGNALING_BY_TGFBR3	1.16179904110628e-64	2.36764733495592e-64	6.5137576516326	1.28180263600969	6.7405902021547e-16	1	13	24	2.51406705859087e-05	1	0	5.93110784303411	2.03987526573383
CTNND1	AMOT	R-HSA-2028269	REACTOME_SIGNALING_BY_HIPPO	1.35911760212592e-64	2.76812584447196e-64	5.90259123188141	3.86072235799454	1.23336773095862e-23	1	7	13	4.86190979828336e-07	1	0	4.61019086615155	3.634392783995
COL5A2	ITGB1	R-HSA-1566948	REACTOME_ELASTIC_FIBRE_FORMATION	1.52666780216209e-64	3.10753682806958e-64	9.21695136128872	1.64273129306188	2.19035733871194e-17	1	5	10	5.66893812322771e-09	1	0	4.91888270579576	-1.65313439362914
SEMA5A	MET	R-HSA-8875878	REACTOME_MET_PROMOTES_CELL_MOTILITY	1.64817896848957e-64	3.35288920851811e-64	16.1408444326762	2.64032224114379	2.04659490088295e-14	1	7	14	2.01164898238392e-07	1	0	-4.27209030279128	11.2515502894158
TNC	ITGB1	R-HSA-2173789	REACTOME_TGF_BETA_RECEPTOR_SIGNALING_ACTIVATES_SMADS	1.82461798595571e-64	3.70962521967355e-64	8.5066015717972	1.64273129306188	1.40743103613461e-11	1	18	33	0.000134250994353051	1	0	7.35469947673216	-1.65313439362914
NPNT	ITGB1	R-HSA-2173789	REACTOME_TGF_BETA_RECEPTOR_SIGNALING_ACTIVATES_SMADS	1.87878858739501e-64	3.8175030954748e-64	8.21361350158779	1.64273129306188	1.4492158844144e-11	1	18	33	0.000134250994353051	1	0	-1.10868581470011	-1.65313439362914
COL18A1	GPC1	R-HSA-2024096	REACTOME_HS_GAG_DEGRADATION	1.93446073869346e-64	3.92830279876357e-64	6.26939471434587	4.39143398803966	3.71512767925756e-22	1	6	12	3.51082198122245e-07	1	0	0.323040890532106	-6.34615646135939
TNC	ITGB3	R-HSA-3000178	REACTOME_ECM_PROTEOGLYCANS	2.04249153027443e-64	4.14523354816757e-64	8.5066015717972	2.33558859980003	7.53178088447811e-12	1	6	12	1.19223670921777e-08	1	0	7.35469947673216	5.81058030327552
NCAM1	FGFR2	R-HSA-2404192	REACTOME_SIGNALING_BY_TYPE_1_INSULIN_LIKE_GROWTH_FACTOR_1_RECEPTOR_IGF1R	2.38064524271414e-64	4.82866723758057e-64	2.9320508687129	12.4089683634966	4.70208501851753e-29	1	12	23	0.000353112685666113	1	0	5.86615048162456	5.89402827446816
LAMB1	ITGB1	R-HSA-6806834	REACTOME_SIGNALING_BY_MET	2.56835532548964e-64	5.20633018248932e-64	6.55387519617198	1.64273129306188	5.36492533195653e-15	1	18	34	0.000353112685666113	1	0	0.951831469888455	-1.65313439362914
CTNND1	AMOT	R-HSA-418990	REACTOME_ADHERENS_JUNCTIONS_INTERACTIONS	3.02119264424093e-64	6.12067296595336e-64	5.90259123188141	3.86072235799454	1.23336773095862e-23	1	7	14	3.08277767799156e-06	1	0	4.61019086615155	3.634392783995
FGF2	FGFR2	R-HSA-5654738	REACTOME_SIGNALING_BY_FGFR2	3.14532345347075e-64	6.36840063563237e-64	1.22084110229944	12.4089683634966	1.30876234129358e-21	1	23	42	0.00192476343881898	1	0	5.86272009779499	5.89402827446816
WNT5A	FZD3	R-HSA-3858494	REACTOME_BETA_CATENIN_INDEPENDENT_WNT_SIGNALING	3.56539956792135e-64	7.21469089038203e-64	4.8259126929938	2.55657213646914	1.68908412039411e-13	1	27	50	0.00200706672871499	1	0	-0.0541399739889715	6.97633115708027
LAMB1	ITGA1	R-HSA-216083	REACTOME_INTEGRIN_CELL_SURFACE_INTERACTIONS	3.71807929820987e-64	7.51921974476305e-64	6.55387519617198	4.23950504367085	7.65116934349389e-19	1	6	12	1.29584265478373e-07	1	0	0.951831469888455	-3.47079627706584
COL4A4	ITGB1	R-HSA-216083	REACTOME_INTEGRIN_CELL_SURFACE_INTERACTIONS	3.84058258408197e-64	7.76239958239835e-64	4.75297522418188	1.64273129306188	2.33880317219634e-09	1	8	16	2.89658626452252e-07	1	0	-5.54509567223867	-1.65313439362914
FBLN1	ITGB1	R-HSA-6806834	REACTOME_SIGNALING_BY_MET	4.03848218573542e-64	8.15759173160883e-64	8.92010857076818	1.64273129306188	8.43580916000264e-15	1	18	34	0.000353112685666113	1	0	6.20654076664142	-1.65313439362914
RND1	MET	R-HSA-8875878	REACTOME_MET_PROMOTES_CELL_MOTILITY	4.31300885126419e-64	8.70701317391362e-64	4.60833105105072	2.64032224114379	5.35559674720856e-14	1	7	14	2.01164898238392e-07	1	0	-6.26577098121408	11.2515502894158
COL18A1	ITGB1	R-HSA-6806834	REACTOME_SIGNALING_BY_MET	4.50689110222564e-64	9.09308234114734e-64	6.26939471434587	1.64273129306188	9.41424809983805e-15	1	18	34	0.000353112685666113	1	0	0.323040890532106	-1.65313439362914
CDH1	ERBB3	R-HSA-1227990	REACTOME_SIGNALING_BY_ERBB2_IN_CANCER	4.9349264478595e-64	9.95084817153381e-64	14.3704771513226	8.31277667281055	3.75150472033015e-34	1	9	18	0.000353112685666113	1	0	5.40152618533464	5.83982229038879
COL4A2	ITGB3	R-HSA-76005	REACTOME_RESPONSE_TO_ELEVATED_PLATELET_CYTOSOLIC_CA2	5.3651717209614e-64	1.08120625191021e-63	10.9035066930124	2.33558859980003	4.25167600396513e-16	1	8	15	3.44000822048644e-07	1	0	6.44091966949719	5.81058030327552
SEMA4D	MET	R-HSA-9824439	REACTOME_BACTERIAL_INFECTION_PATHWAYS	5.59100653504501e-64	1.12605752228073e-63	1.01462714481266	2.64032224114379	1.77060688597618e-07	1	14	27	2.77114055283073e-05	1	0	7.0765425972243	11.2515502894158
COL4A6	ITGB1	R-HSA-1566948	REACTOME_ELASTIC_FIBRE_FORMATION	5.85505812683032e-64	1.17854885642459e-63	9.53524221853406	1.64273129306188	8.40043231312356e-17	1	5	10	5.66893812322771e-09	1	0	1.77832375144824	-1.65313439362914
COL4A3	ITGB3	R-HSA-76005	REACTOME_RESPONSE_TO_ELEVATED_PLATELET_CYTOSOLIC_CA2	6.5058151022124e-64	1.3087721609129e-63	10.9133221434925	2.33558859980003	5.15558856173085e-16	1	8	15	3.44000822048644e-07	1	0	4.45925716993137	5.81058030327552
THBS1	ITGA3	R-HSA-6806834	REACTOME_SIGNALING_BY_MET	6.61761199736735e-64	1.33048423558993e-63	10.1171572475629	4.13720289413487	1.89437227438407e-17	1	17	32	0.000353112685666113	1	0	3.36324076136934	4.28443713596128
THBS1	ITGB3	R-HSA-3000171	REACTOME_NON_INTEGRIN_MEMBRANE_ECM_INTERACTIONS	8.30485631665691e-64	1.66873281129088e-63	10.1171572475629	2.33558859980003	2.13752817950321e-12	1	6	11	9.71545273620943e-10	1	0	3.36324076136934	5.81058030327552
LAMA1	ITGB1	R-HSA-1566948	REACTOME_ELASTIC_FIBRE_FORMATION	8.38377761028174e-64	1.68360741268939e-63	17.5342897380052	1.64273129306188	1.20284640763385e-16	1	5	10	5.66893812322771e-09	1	0	-6.27074375530701	-1.65313439362914
LTBP1	ITGB1	R-HSA-2173789	REACTOME_TGF_BETA_RECEPTOR_SIGNALING_ACTIVATES_SMADS	8.71990908508125e-64	1.75008677086811e-63	2.6298897401509	1.64273129306188	6.72615899496749e-11	1	18	33	0.000134250994353051	1	0	7.03079313325193	-1.65313439362914
JAM3	ITGB1	R-HSA-6806834	REACTOME_SIGNALING_BY_MET	9.39177457786878e-64	1.88383116897193e-63	7.72682422564567	1.64273129306188	1.96180679693249e-14	1	18	34	0.000353112685666113	1	0	4.56577146203116	-1.65313439362914
LTBP1	ITGB3	R-HSA-3000178	REACTOME_ECM_PROTEOGLYCANS	9.76113388562957e-64	1.95677742229404e-63	2.6298897401509	2.33558859980003	3.59946274052546e-11	1	6	12	1.19223670921777e-08	1	0	7.03079313325193	5.81058030327552
MFGE8	ITGB3	R-HSA-3000178	REACTOME_ECM_PROTEOGLYCANS	1.08039082307631e-63	2.16455703633226e-63	2.73317240377774	2.33558859980003	3.98399054703467e-11	1	6	12	1.19223670921777e-08	1	0	7.14954233744459	5.81058030327552
FN1	ITGB1	R-HSA-2173789	REACTOME_TGF_BETA_RECEPTOR_SIGNALING_ACTIVATES_SMADS	1.13387152405447e-63	2.2703830283745e-63	4.37912027588558	1.64273129306188	8.74619227820244e-11	1	18	33	0.000134250994353051	1	0	3.43264151330902	-1.65313439362914
AGRN	ITGB1	R-HSA-216083	REACTOME_INTEGRIN_CELL_SURFACE_INTERACTIONS	1.18015088649574e-63	2.36167483975878e-63	1.11546551296964	1.64273129306188	7.18677590333947e-09	1	8	16	2.89658626452252e-07	1	0	5.51142825962013	-1.65313439362914
FN1	ITGB3	R-HSA-3000178	REACTOME_ECM_PROTEOGLYCANS	1.26926458147762e-63	2.53852916295525e-63	4.37912027588558	2.33558859980003	4.68047116495695e-11	1	6	12	1.19223670921777e-08	1	0	3.43264151330902	5.81058030327552
CDH1	ERBB3	R-HSA-8863795	REACTOME_DOWNREGULATION_OF_ERBB2_SIGNALING	1.27074960275166e-63	2.54002244826595e-63	14.3704771513226	8.31277667281055	3.75150472033015e-34	1	8	15	6.92128322728481e-05	1	0	5.40152618533464	5.83982229038879
THBS1	ITGA2B	R-HSA-6802952	REACTOME_SIGNALING_BY_BRAF_AND_RAF1_FUSIONS	1.2797547972666e-63	2.55653687723409e-63	10.1171572475629	4.02018928876498	7.53535617833019e-18	1	15	28	0.000154057837573892	1	0	3.36324076136934	-1.22574277327969
DCN	EGFR	R-HSA-1227986	REACTOME_SIGNALING_BY_ERBB2	1.29266378931676e-63	2.58082613769568e-63	12.4299900158892	2.93967772399715	3.0197937025404e-18	1	15	29	0.000281556464908479	1	0	-3.32916132851479	-4.97288082913192
LAMC1	ITGA3	R-HSA-6806834	REACTOME_SIGNALING_BY_MET	1.33318139295903e-63	2.6601763293382e-63	3.23766986137765	4.13720289413487	3.81639459755429e-17	1	17	32	0.000353112685666113	1	0	5.42501182058629	4.28443713596128
FBLN2	ITGB3	R-HSA-76005	REACTOME_RESPONSE_TO_ELEVATED_PLATELET_CYTOSOLIC_CA2	1.39081273864472e-63	2.77356279474657e-63	20.4800687975369	2.33558859980003	1.10216139472329e-15	1	8	15	3.44000822048644e-07	1	0	-1.12341971762222	5.81058030327552
COL4A2	ITGB3	R-HSA-354192	REACTOME_INTEGRIN_SIGNALING	1.41049139762368e-63	2.8095485858862e-63	10.9035066930124	2.33558859980003	4.25167600396513e-16	1	8	15	3.88179724255606e-07	1	0	6.44091966949719	5.81058030327552
COL4A2	ITGB3	R-HSA-76009	REACTOME_PLATELET_AGGREGATION_PLUG_FORMATION	1.41049139762368e-63	2.8095485858862e-63	10.9035066930124	2.33558859980003	4.25167600396513e-16	1	8	15	3.88179724255606e-07	1	0	6.44091966949719	5.81058030327552
FBN1	ITGB1	R-HSA-6806834	REACTOME_SIGNALING_BY_MET	1.52931096082145e-63	3.04446163496863e-63	6.40013831890023	1.64273129306188	3.19451091238149e-14	1	18	34	0.000353112685666113	1	0	1.72756032766282	-1.65313439362914
NID1	ITGB3	R-HSA-6802952	REACTOME_SIGNALING_BY_BRAF_AND_RAF1_FUSIONS	1.70059757884869e-63	3.38349084513562e-63	1.19124771367259	2.33558859980003	4.19104811461619e-06	1	15	28	2.27774972870242e-05	1	0	6.87787345437884	5.81058030327552
COL4A3	ITGB3	R-HSA-354192	REACTOME_INTEGRIN_SIGNALING	1.71036393865069e-63	3.39899014960044e-63	10.9133221434925	2.33558859980003	5.15558856173085e-16	1	8	15	3.88179724255606e-07	1	0	4.45925716993137	5.81058030327552
COL4A3	ITGB3	R-HSA-76009	REACTOME_PLATELET_AGGREGATION_PLUG_FORMATION	1.71036393865069e-63	3.39899014960044e-63	10.9133221434925	2.33558859980003	5.15558856173085e-16	1	8	15	3.88179724255606e-07	1	0	4.45925716993137	5.81058030327552
CDH1	IGF1R	R-HSA-2404192	REACTOME_SIGNALING_BY_TYPE_1_INSULIN_LIKE_GROWTH_FACTOR_1_RECEPTOR_IGF1R	1.89167686690297e-63	3.75714112133152e-63	14.3704771513226	6.39079791705591	4.06196171585687e-31	1	12	23	0.000623718148537979	1	0	5.40152618533464	5.51394539218302
SLIT2	SDC1	R-HSA-2187338	REACTOME_VISUAL_PHOTOTRANSDUCTION	2.67405608343535e-63	5.30493248386251e-63	6.43545090641173	7.03887851379973	8.76323536233891e-19	1	5	10	1.56212024039281e-08	1	0	2.55777934270203	4.20001468766753
SLIT2	SDC1	R-HSA-6806667	REACTOME_METABOLISM_OF_FAT_SOLUBLE_VITAMINS	2.67405608343535e-63	5.30493248386251e-63	6.43545090641173	7.03887851379973	8.76323536233891e-19	1	5	10	1.56212024039281e-08	1	0	2.55777934270203	4.20001468766753
TNC	ITGB3	R-HSA-3000171	REACTOME_NON_INTEGRIN_MEMBRANE_ECM_INTERACTIONS	2.92629396206002e-63	5.80198918126022e-63	8.5066015717972	2.33558859980003	7.53178088447811e-12	1	6	11	9.71545273620943e-10	1	0	7.35469947673216	5.81058030327552
COL4A5	ITGB1	R-HSA-1566948	REACTOME_ELASTIC_FIBRE_FORMATION	3.03368130318167e-63	6.01144221367797e-63	5.4186994542932	1.64273129306188	4.3525160459444e-16	1	5	10	5.66893812322771e-09	1	0	6.18599343361014	-1.65313439362914
LAMA1	SDC4	R-HSA-3656237	REACTOME_DEFECTIVE_EXT2_CAUSES_EXOSTOSES_2	3.4686203438657e-63	6.86144564859e-63	17.5342897380052	1.20804741852566	6.25679945307032e-20	1	4	8	9.97983415291508e-10	1	0	-6.27074375530701	-4.21601081838777
LAMA1	SDC4	R-HSA-9694614	REACTOME_ATTACHMENT_AND_ENTRY	3.4686203438657e-63	6.86144564859e-63	17.5342897380052	1.20804741852566	6.25679945307032e-20	1	4	8	9.97983415291508e-10	1	0	-6.27074375530701	-4.21601081838777
LAMA1	SDC4	R-HSA-9772572	REACTOME_EARLY_SARS_COV_2_INFECTION_EVENTS	3.4686203438657e-63	6.86144564859e-63	17.5342897380052	1.20804741852566	6.25679945307032e-20	1	4	8	9.97983415291508e-10	1	0	-6.27074375530701	-4.21601081838777
FBLN2	ITGB3	R-HSA-354192	REACTOME_INTEGRIN_SIGNALING	3.65641493989737e-63	7.22462228216367e-63	20.4800687975369	2.33558859980003	1.10216139472329e-15	1	8	15	3.88179724255606e-07	1	0	-1.12341971762222	5.81058030327552
FBLN2	ITGB3	R-HSA-76009	REACTOME_PLATELET_AGGREGATION_PLUG_FORMATION	3.65641493989737e-63	7.22462228216367e-63	20.4800687975369	2.33558859980003	1.10216139472329e-15	1	8	15	3.88179724255606e-07	1	0	-1.12341971762222	5.81058030327552
LAMA3	ITGB1	R-HSA-2173789	REACTOME_TGF_BETA_RECEPTOR_SIGNALING_ACTIVATES_SMADS	3.96973035714857e-63	7.83919197967341e-63	1.52751187044421	1.64273129306188	3.06207751580951e-10	1	18	33	0.000134250994353051	1	0	-6.34615646135939	-1.65313439362914
LAMA3	ITGB4	R-HSA-3000171	REACTOME_NON_INTEGRIN_MEMBRANE_ECM_INTERACTIONS	4.17772780239455e-63	8.24520002308505e-63	1.52751187044421	6.44412418959411	8.59704711046187e-18	1	6	12	1.29584265478373e-07	1	0	-6.34615646135939	5.77953524166907
DKK2	LRP6	R-HSA-4641263	REACTOME_REGULATION_OF_FZD_BY_UBIQUITINATION	4.19989428159955e-63	8.28419514260463e-63	1.22361675647185	1.83737033179993	1.93847110264785e-06	1	6	11	1.29376718826169e-10	1	0	-2.62395562712841	-0.192774737109088
L1CAM	EGFR	R-HSA-182971	REACTOME_EGFR_DOWNREGULATION	4.27081510931409e-63	8.41925729285987e-63	5.38418252448028	2.93967772399715	1.30182866760621e-21	1	9	18	2.44060589717285e-05	1	0	4.78903995096595	-4.97288082913192
L1CAM	FGFR2	R-HSA-112399	REACTOME_IRS_MEDIATED_SIGNALLING	4.59955567791956e-63	9.06212573427451e-63	5.38418252448028	12.4089683634966	8.28663999565782e-34	1	11	20	0.000353112685666113	1	0	4.78903995096595	5.89402827446816
COL6A2	ITGB1	R-HSA-6806834	REACTOME_SIGNALING_BY_MET	6.24330039286001e-63	1.22936195486196e-62	2.61520749325399	1.64273129306188	1.30413576736245e-13	1	18	34	0.000353112685666113	1	0	-3.31955637394197	-1.65313439362914
PLAT	LRP1	R-HSA-2187338	REACTOME_VISUAL_PHOTOTRANSDUCTION	6.31584666354185e-63	1.24222484405855e-62	12.2190854625425	2.87280836263334	3.14463568975165e-17	1	5	10	9.92598600102872e-09	1	0	5.94483794685449	6.88612338562861
PLAT	LRP1	R-HSA-6806667	REACTOME_METABOLISM_OF_FAT_SOLUBLE_VITAMINS	6.31584666354185e-63	1.24222484405855e-62	12.2190854625425	2.87280836263334	3.14463568975165e-17	1	5	10	9.92598600102872e-09	1	0	5.94483794685449	6.88612338562861
APP	GPC1	R-HSA-2022928	REACTOME_HS_GAG_BIOSYNTHESIS	6.3502579564767e-63	1.24756638322558e-62	1.07409823105059	4.39143398803966	1.23588557633147e-16	1	5	10	7.90858838535787e-09	1	0	-6.19605749258721	-6.34615646135939
APP	GPC1	R-HSA-9820960	REACTOME_RESPIRATORY_SYNCYTIAL_VIRUS_RSV_ATTACHMENT_AND_ENTRY	6.3502579564767e-63	1.24756638322558e-62	1.07409823105059	4.39143398803966	1.23588557633147e-16	1	5	10	7.90858838535787e-09	1	0	-6.19605749258721	-6.34615646135939
COL18A1	ITGB3	R-HSA-76005	REACTOME_RESPONSE_TO_ELEVATED_PLATELET_CYTOSOLIC_CA2	6.35740175501896e-63	1.24825696559733e-62	6.26939471434587	2.33558859980003	5.03797714130507e-15	1	8	15	3.44000822048644e-07	1	0	0.323040890532106	5.81058030327552
L1CAM	FGFR2	R-HSA-1226099	REACTOME_SIGNALING_BY_FGFR_IN_DISEASE	6.67482777294881e-63	1.3098349993693e-62	5.38418252448028	12.4089683634966	8.28663999565782e-34	1	13	25	0.00176215311281107	1	0	4.78903995096595	5.89402827446816
COL4A3	ITGB1	R-HSA-1566948	REACTOME_ELASTIC_FIBRE_FORMATION	6.71486479234281e-63	1.31694041537396e-62	10.9133221434925	1.64273129306188	9.63402343033426e-16	1	5	10	5.66893812322771e-09	1	0	4.45925716993137	-1.65313439362914
LAMA5	ITGB1	R-HSA-1566948	REACTOME_ELASTIC_FIBRE_FORMATION	7.24704622855302e-63	1.4205036482178e-62	4.79474119253631	1.64273129306188	1.03975605355764e-15	1	5	10	5.66893812322771e-09	1	0	7.7539223096356	-1.65313439362914
SLIT2	SDC1	R-HSA-2022928	REACTOME_HS_GAG_BIOSYNTHESIS	8.03392885733329e-63	1.57384483309946e-62	6.43545090641173	7.03887851379973	8.76323536233891e-19	1	4	9	2.18606988203969e-08	1	0	2.55777934270203	4.20001468766753
LAMA1	GPC1	R-HSA-3656237	REACTOME_DEFECTIVE_EXT2_CAUSES_EXOSTOSES_2	8.22396302325895e-63	1.6083247754412e-62	17.5342897380052	4.39143398803966	4.74677099594702e-24	1	4	8	7.90858838535787e-09	1	0	-6.27074375530701	-6.34615646135939
LAMA1	GPC1	R-HSA-9694614	REACTOME_ATTACHMENT_AND_ENTRY	8.22396302325895e-63	1.6083247754412e-62	17.5342897380052	4.39143398803966	4.74677099594702e-24	1	4	8	7.90858838535787e-09	1	0	-6.27074375530701	-6.34615646135939
LAMA1	GPC1	R-HSA-9772572	REACTOME_EARLY_SARS_COV_2_INFECTION_EVENTS	8.22396302325895e-63	1.6083247754412e-62	17.5342897380052	4.39143398803966	4.74677099594702e-24	1	4	8	7.90858838535787e-09	1	0	-6.27074375530701	-6.34615646135939
ANXA1	EGFR	R-HSA-9009391	REACTOME_EXTRA_NUCLEAR_ESTROGEN_SIGNALING	8.69695385700794e-63	1.69985916296064e-62	3.78540835500689	2.93967772399715	1.45445490355854e-15	1	18	33	0.000303379413040266	1	0	5.66002539089596	-4.97288082913192
COL6A2	ITGA1	R-HSA-216083	REACTOME_INTEGRIN_CELL_SURFACE_INTERACTIONS	9.03811311185024e-63	1.76553714393895e-62	2.61520749325399	4.23950504367085	1.85988862576743e-17	1	6	12	1.29584265478373e-07	1	0	-3.31955637394197	-3.47079627706584
FGF2	SDC4	R-HSA-2024096	REACTOME_HS_GAG_DEGRADATION	9.85936033994771e-63	1.92486944207833e-62	1.22084110229944	1.20804741852566	6.4332552371885e-09	1	6	12	7.90858838535787e-09	1	0	5.86272009779499	-4.21601081838777
THBS1	ITGA2B	R-HSA-3000178	REACTOME_ECM_PROTEOGLYCANS	9.99817369126651e-63	1.95086315927151e-62	10.1171572475629	4.02018928876498	7.53535617833019e-18	1	6	11	1.19223670921777e-08	1	0	3.36324076136934	-1.22574277327969
EFEMP1	EGFR	R-HSA-182971	REACTOME_EGFR_DOWNREGULATION	1.03332954161545e-62	2.01510976369453e-62	11.9073822111131	2.93967772399715	3.14979221981685e-21	1	9	18	2.44060589717285e-05	1	0	3.20088563659098	-4.97288082913192
FGF2	TGFBR3	R-HSA-9839373	REACTOME_SIGNALING_BY_TGFBR3	1.21250819835366e-62	2.36318878319354e-62	1.22084110229944	1.231627940706	5.91210589889478e-07	1	13	24	6.65776656427936e-06	1	0	5.86272009779499	5.3195988464643
SLIT2	GPC1	R-HSA-2024096	REACTOME_HS_GAG_DEGRADATION	1.21781741930784e-62	2.37219248155094e-62	6.43545090641173	4.39143398803966	2.33881572898105e-20	1	6	12	3.51082198122245e-07	1	0	2.55777934270203	-6.34615646135939
TNC	EGFR	R-HSA-9009391	REACTOME_EXTRA_NUCLEAR_ESTROGEN_SIGNALING	1.39907648008496e-62	2.72218500650014e-62	8.5066015717972	2.93967772399715	2.33977744434425e-15	1	18	33	0.000303379413040266	1	0	7.35469947673216	-4.97288082913192
LTBP1	ITGB3	R-HSA-3000171	REACTOME_NON_INTEGRIN_MEMBRANE_ECM_INTERACTIONS	1.39848546390493e-62	2.72218500650014e-62	2.6298897401509	2.33558859980003	3.59946274052546e-11	1	6	11	9.71545273620943e-10	1	0	7.03079313325193	5.81058030327552
FN1	ITGA3	R-HSA-6806834	REACTOME_SIGNALING_BY_MET	1.4490354995811e-62	2.81779656221537e-62	4.37912027588558	4.13720289413487	4.14804113039076e-16	1	17	32	0.000353112685666113	1	0	3.43264151330902	4.28443713596128
MFGE8	ITGB3	R-HSA-3000171	REACTOME_NON_INTEGRIN_MEMBRANE_ECM_INTERACTIONS	1.54788457889393e-62	3.00831805163566e-62	2.73317240377774	2.33558859980003	3.98399054703467e-11	1	6	11	9.71545273620943e-10	1	0	7.14954233744459	5.81058030327552
COL18A1	ITGB3	R-HSA-354192	REACTOME_INTEGRIN_SIGNALING	1.67134640847714e-62	3.24460025121973e-62	6.26939471434587	2.33558859980003	5.03797714130507e-15	1	8	15	3.88179724255606e-07	1	0	0.323040890532106	5.81058030327552
COL18A1	ITGB3	R-HSA-76009	REACTOME_PLATELET_AGGREGATION_PLUG_FORMATION	1.67134640847714e-62	3.24460025121973e-62	6.26939471434587	2.33558859980003	5.03797714130507e-15	1	8	15	3.88179724255606e-07	1	0	0.323040890532106	5.81058030327552
THBS1	SDC1	R-HSA-2187338	REACTOME_VISUAL_PHOTOTRANSDUCTION	1.8022038194874e-62	3.49469060825066e-62	10.1171572475629	7.03887851379973	5.90606021276296e-18	1	5	10	1.56212024039281e-08	1	0	3.36324076136934	4.20001468766753
THBS1	SDC1	R-HSA-6806667	REACTOME_METABOLISM_OF_FAT_SOLUBLE_VITAMINS	1.8022038194874e-62	3.49469060825066e-62	10.1171572475629	7.03887851379973	5.90606021276296e-18	1	5	10	1.56212024039281e-08	1	0	3.36324076136934	4.20001468766753
FN1	ITGB3	R-HSA-3000171	REACTOME_NON_INTEGRIN_MEMBRANE_ECM_INTERACTIONS	1.81848552416546e-62	3.52427617077701e-62	4.37912027588558	2.33558859980003	4.68047116495695e-11	1	6	11	9.71545273620943e-10	1	0	3.43264151330902	5.81058030327552
L1CAM	FGFR2	R-HSA-74751	REACTOME_INSULIN_RECEPTOR_SIGNALLING_CASCADE	2.09889263548452e-62	4.06313487116868e-62	5.38418252448028	12.4089683634966	8.28663999565782e-34	1	13	25	0.00192476343881898	1	0	4.78903995096595	5.89402827446816
L1CAM	FGFR2	R-HSA-74752	REACTOME_SIGNALING_BY_INSULIN_RECEPTOR	2.09889263548452e-62	4.06313487116868e-62	5.38418252448028	12.4089683634966	8.28663999565782e-34	1	13	25	0.00192476343881898	1	0	4.78903995096595	5.89402827446816
FBN1	ITGB3	R-HSA-76005	REACTOME_RESPONSE_TO_ELEVATED_PLATELET_CYTOSOLIC_CA2	2.15723965051979e-62	4.17373700662997e-62	6.40013831890023	2.33558859980003	1.70952292562848e-14	1	8	15	3.44000822048644e-07	1	0	1.72756032766282	5.81058030327552
HSPG2	SDC1	R-HSA-2187338	REACTOME_VISUAL_PHOTOTRANSDUCTION	2.40839841214653e-62	4.65443288639554e-62	3.51948105940521	7.03887851379973	7.8926400469542e-18	1	5	10	1.56212024039281e-08	1	0	4.65016389182664	4.20001468766753
HSPG2	SDC1	R-HSA-6806667	REACTOME_METABOLISM_OF_FAT_SOLUBLE_VITAMINS	2.40839841214653e-62	4.65443288639554e-62	3.51948105940521	7.03887851379973	7.8926400469542e-18	1	5	10	1.56212024039281e-08	1	0	4.65016389182664	4.20001468766753
COMP	CD47	R-HSA-216083	REACTOME_INTEGRIN_CELL_SURFACE_INTERACTIONS	2.57698227332099e-62	4.97743909052453e-62	10.1255608464429	1.62548017274011	2.59166403611074e-23	1	5	10	1.29584265478373e-07	1	0	4.50469248937221	3.47290191585887
NID1	ITGB3	R-HSA-2173789	REACTOME_TGF_BETA_RECEPTOR_SIGNALING_ACTIVATES_SMADS	2.75870273970244e-62	5.32544187686667e-62	1.19124771367259	2.33558859980003	4.19104811461619e-06	1	18	34	0.000139378466831675	1	0	6.87787345437884	5.81058030327552
FN1	ITGA2B	R-HSA-6802952	REACTOME_SIGNALING_BY_BRAF_AND_RAF1_FUSIONS	2.80223460175097e-62	5.40644252945785e-62	4.37912027588558	4.02018928876498	1.64999075327052e-16	1	15	28	0.000154057837573892	1	0	3.43264151330902	-1.22574277327969
COL4A4	ITGB1	R-HSA-2173789	REACTOME_TGF_BETA_RECEPTOR_SIGNALING_ACTIVATES_SMADS	3.03206496377957e-62	5.84658266558393e-62	4.75297522418188	1.64273129306188	2.33880317219634e-09	1	18	33	0.000134250994353051	1	0	-5.54509567223867	-1.65313439362914
COL4A4	ITGB3	R-HSA-3000178	REACTOME_ECM_PROTEOGLYCANS	3.3941170455567e-62	6.54104349395801e-62	4.75297522418188	2.33558859980003	1.25159617577315e-09	1	6	12	1.19223670921777e-08	1	0	-5.54509567223867	5.81058030327552
LAMB1	ITGB1	R-HSA-1566948	REACTOME_ELASTIC_FIBRE_FORMATION	3.73932536967611e-62	7.20228402669978e-62	6.55387519617198	1.64273129306188	5.36492533195653e-15	1	5	10	5.66893812322771e-09	1	0	0.951831469888455	-1.65313439362914
DCN	EGFR	R-HSA-1236394	REACTOME_SIGNALING_BY_ERBB4	3.85740139093207e-62	7.42555164230907e-62	12.4299900158892	2.93967772399715	3.0197937025404e-18	1	15	29	0.000353112685666113	1	0	-3.32916132851479	-4.97288082913192
SEMA4D	ERBB2	R-HSA-1227986	REACTOME_SIGNALING_BY_ERBB2	3.97869570572182e-62	7.65476131302185e-62	1.01462714481266	5.2615892882842	9.29463665321184e-17	1	15	29	0.000281556464908479	1	0	7.0765425972243	-6.34615646135939
COL1A2	ITGA2B	R-HSA-6802946	REACTOME_SIGNALING_BY_MODERATE_KINASE_ACTIVITY_BRAF_MUTANTS	4.80268858487117e-62	9.23490706090377e-62	14.0547056107493	4.02018928876498	5.19222241150777e-26	1	12	23	0.000306459730668725	1	0	-0.973544102787729	-1.22574277327969
LAMA3	ITGA3	R-HSA-6806834	REACTOME_SIGNALING_BY_MET	5.07313226343682e-62	9.74948323252663e-62	1.52751187044421	4.13720289413487	1.45224608332451e-15	1	17	32	0.000353112685666113	1	0	-6.34615646135939	4.28443713596128
LGALS3BP	ITGB1	R-HSA-6806834	REACTOME_SIGNALING_BY_MET	5.22655747791176e-62	1.0038725697385e-61	5.08385796896564	1.64273129306188	1.09175277789221e-12	1	18	34	0.000353112685666113	1	0	5.6845059272368	-1.65313439362914
THBS1	SDC1	R-HSA-2022928	REACTOME_HS_GAG_BIOSYNTHESIS	5.41453762389878e-62	1.03939784744486e-61	10.1171572475629	7.03887851379973	5.90606021276296e-18	1	4	9	2.18606988203969e-08	1	0	3.36324076136934	4.20001468766753
APP	GPC1	R-HSA-2187338	REACTOME_VISUAL_PHOTOTRANSDUCTION	5.46087429338977e-62	1.04712416774029e-61	1.07409823105059	4.39143398803966	1.23588557633147e-16	1	6	11	9.92598600102872e-09	1	0	-6.19605749258721	-6.34615646135939
APP	GPC1	R-HSA-6806667	REACTOME_METABOLISM_OF_FAT_SOLUBLE_VITAMINS	5.46087429338977e-62	1.04712416774029e-61	1.07409823105059	4.39143398803966	1.23588557633147e-16	1	6	11	9.92598600102872e-09	1	0	-6.19605749258721	-6.34615646135939
FBN1	ITGB3	R-HSA-354192	REACTOME_INTEGRIN_SIGNALING	5.67133379493331e-62	1.08626883377342e-61	6.40013831890023	2.33558859980003	1.70952292562848e-14	1	8	15	3.88179724255606e-07	1	0	1.72756032766282	5.81058030327552
FBN1	ITGB3	R-HSA-76009	REACTOME_PLATELET_AGGREGATION_PLUG_FORMATION	5.67133379493331e-62	1.08626883377342e-61	6.40013831890023	2.33558859980003	1.70952292562848e-14	1	8	15	3.88179724255606e-07	1	0	1.72756032766282	5.81058030327552
FBLN1	ITGB1	R-HSA-1566948	REACTOME_ELASTIC_FIBRE_FORMATION	5.87971560719563e-62	1.12555490755442e-61	8.92010857076818	1.64273129306188	8.43580916000264e-15	1	5	10	5.66893812322771e-09	1	0	6.20654076664142	-1.65313439362914
TNC	SDC1	R-HSA-2187338	REACTOME_VISUAL_PHOTOTRANSDUCTION	6.35023407303263e-62	1.21427488667216e-61	8.5066015717972	7.03887851379973	2.08105567166854e-17	1	5	10	1.56212024039281e-08	1	0	7.35469947673216	4.20001468766753
TNC	SDC1	R-HSA-6806667	REACTOME_METABOLISM_OF_FAT_SOLUBLE_VITAMINS	6.35023407303263e-62	1.21427488667216e-61	8.5066015717972	7.03887851379973	2.08105567166854e-17	1	5	10	1.56212024039281e-08	1	0	7.35469947673216	4.20001468766753
COL18A1	ITGB1	R-HSA-1566948	REACTOME_ELASTIC_FIBRE_FORMATION	6.56168251708201e-62	1.2540104365979e-61	6.26939471434587	1.64273129306188	9.41424809983805e-15	1	5	10	5.66893812322771e-09	1	0	0.323040890532106	-1.65313439362914
HSPG2	SDC1	R-HSA-2022928	REACTOME_HS_GAG_BIOSYNTHESIS	7.23578747026211e-62	1.38207156566917e-61	3.51948105940521	7.03887851379973	7.8926400469542e-18	1	4	9	2.18606988203969e-08	1	0	4.65016389182664	4.20001468766753
TCN2	LRP2	R-HSA-2187338	REACTOME_VISUAL_PHOTOTRANSDUCTION	8.69960706438483e-62	1.65982519697636e-61	6.65623901091562	7.99094933267061	7.1274405683323e-17	1	4	9	1.56212024039281e-08	1	0	6.17196521483511	8.87156702386971
TCN2	LRP2	R-HSA-6806667	REACTOME_METABOLISM_OF_FAT_SOLUBLE_VITAMINS	8.69960706438483e-62	1.65982519697636e-61	6.65623901091562	7.99094933267061	7.1274405683323e-17	1	4	9	1.56212024039281e-08	1	0	6.17196521483511	8.87156702386971
COMP	ITGB3	R-HSA-1566948	REACTOME_ELASTIC_FIBRE_FORMATION	8.8220596458823e-62	1.68225527615494e-61	10.1255608464429	2.33558859980003	1.40626030864776e-20	1	4	8	2.56958654423585e-09	1	0	4.50469248937221	5.81058030327552
COL1A2	ITGB3	R-HSA-1566948	REACTOME_ELASTIC_FIBRE_FORMATION	9.2398649090591e-62	1.76094932338855e-61	14.0547056107493	2.33558859980003	1.47285960426961e-20	1	4	8	2.56958654423585e-09	1	0	-0.973544102787729	5.81058030327552
AGRN	ITGB1	R-HSA-2173789	REACTOME_TGF_BETA_RECEPTOR_SIGNALING_ACTIVATES_SMADS	9.31706082756311e-62	1.77467825286916e-61	1.11546551296964	1.64273129306188	7.18677590333947e-09	1	18	33	0.000134250994353051	1	0	5.51142825962013	-1.65313439362914
HSPG2	LRP2	R-HSA-2187338	REACTOME_VISUAL_PHOTOTRANSDUCTION	9.58161383352112e-62	1.82305041965225e-61	3.51948105940521	7.99094933267061	7.85005376009606e-17	1	4	9	1.56212024039281e-08	1	0	4.65016389182664	8.87156702386971
HSPG2	LRP2	R-HSA-6806667	REACTOME_METABOLISM_OF_FAT_SOLUBLE_VITAMINS	9.58161383352112e-62	1.82305041965225e-61	3.51948105940521	7.99094933267061	7.85005376009606e-17	1	4	9	1.56212024039281e-08	1	0	4.65016389182664	8.87156702386971
L1CAM	ERBB3	R-HSA-1963642	REACTOME_PI3K_EVENTS_IN_ERBB2_SIGNALING	1.10622971887323e-61	2.1036098578905e-61	5.38418252448028	8.31277667281055	8.52956978498308e-29	1	4	9	1.57799919931014e-06	1	0	4.78903995096595	5.83982229038879
JAM3	ITGB1	R-HSA-1566948	REACTOME_ELASTIC_FIBRE_FORMATION	1.36736924975942e-61	2.59875702716707e-61	7.72682422564567	1.64273129306188	1.96180679693249e-14	1	5	10	5.66893812322771e-09	1	0	4.56577146203116	-1.65313439362914
COL1A2	ITGA2B	R-HSA-5674135	REACTOME_MAP2K_AND_MAPK_ACTIVATION	1.80007971586123e-61	3.41925688711355e-61	14.0547056107493	4.02018928876498	5.19222241150777e-26	1	12	23	0.000342139965259519	1	0	-0.973544102787729	-1.22574277327969
COL11A1	ITGB1	R-HSA-6806834	REACTOME_SIGNALING_BY_MET	1.85198140527401e-61	3.51590288859966e-61	8.7209722535565	1.64273129306188	3.86852311939072e-12	1	18	34	0.000353112685666113	1	0	5.2194090555208	-1.65313439362914
TNC	SDC1	R-HSA-2022928	REACTOME_HS_GAG_BIOSYNTHESIS	1.9078630805909e-61	3.61999393118185e-61	8.5066015717972	7.03887851379973	2.08105567166854e-17	1	4	9	2.18606988203969e-08	1	0	7.35469947673216	4.20001468766753
THBS1	ITGB1	R-HSA-6806834	REACTOME_SIGNALING_BY_MET	1.91219738850662e-61	3.62621775990229e-61	10.1171572475629	1.64273129306188	3.99430565836698e-12	1	18	34	0.000353112685666113	1	0	3.36324076136934	-1.65313439362914
FN1	ITGA2B	R-HSA-3000178	REACTOME_ECM_PROTEOGLYCANS	2.18926534456637e-61	4.14935139686409e-61	4.37912027588558	4.02018928876498	1.64999075327052e-16	1	6	11	1.19223670921777e-08	1	0	3.43264151330902	-1.22574277327969
FBN1	ITGB1	R-HSA-1566948	REACTOME_ELASTIC_FIBRE_FORMATION	2.22655767960501e-61	4.21770837986852e-61	6.40013831890023	1.64273129306188	3.19451091238149e-14	1	5	10	5.66893812322771e-09	1	0	1.72756032766282	-1.65313439362914
THBS1	SDC4	R-HSA-2187338	REACTOME_VISUAL_PHOTOTRANSDUCTION	2.34865451112767e-61	4.44409874492804e-61	10.1171572475629	1.20804741852566	2.07770246475838e-15	1	6	11	7.90858838535787e-09	1	0	3.36324076136934	-4.21601081838777
THBS1	SDC4	R-HSA-6806667	REACTOME_METABOLISM_OF_FAT_SOLUBLE_VITAMINS	2.34865451112767e-61	4.44409874492804e-61	10.1171572475629	1.20804741852566	2.07770246475838e-15	1	6	11	7.90858838535787e-09	1	0	3.36324076136934	-4.21601081838777
FGF2	FGFR2	R-HSA-190236	REACTOME_SIGNALING_BY_FGFR	2.47595755473091e-61	4.68240461147571e-61	1.22084110229944	12.4089683634966	1.30876234129358e-21	1	24	45	0.00419605243373027	1	0	5.86272009779499	5.89402827446816
HSPG2	ITGB1	R-HSA-6806834	REACTOME_SIGNALING_BY_MET	2.55538974248759e-61	4.82996742536117e-61	3.51948105940521	1.64273129306188	5.33784209156493e-12	1	18	34	0.000353112685666113	1	0	4.65016389182664	-1.65313439362914
PTN	SDC1	R-HSA-9820960	REACTOME_RESPIRATORY_SYNCYTIAL_VIRUS_RSV_ATTACHMENT_AND_ENTRY	3.0337393830404e-61	5.73095193720977e-61	12.0614597856604	7.03887851379973	1.92861936383569e-24	1	4	9	3.51082198122245e-07	1	0	-6.04447813954024	4.20001468766753
COL8A1	ITGA1	R-HSA-216083	REACTOME_INTEGRIN_CELL_SURFACE_INTERACTIONS	3.29746436360505e-61	6.22572854599418e-61	7.95372452427371	4.23950504367085	6.78561596634739e-16	1	6	12	1.29584265478373e-07	1	0	-5.06654949952829	-3.47079627706584
LAMC1	ITGB1	R-HSA-6806834	REACTOME_SIGNALING_BY_MET	3.85230499919917e-61	7.26929742032098e-61	3.23766986137765	1.64273129306188	8.04691176159058e-12	1	18	34	0.000353112685666113	1	0	5.42501182058629	-1.65313439362914
COL1A2	ITGA2B	R-HSA-76005	REACTOME_RESPONSE_TO_ELEVATED_PLATELET_CYTOSOLIC_CA2	3.96597970505549e-61	7.47969856655202e-61	14.0547056107493	4.02018928876498	5.19222241150777e-26	1	7	13	3.32056891668759e-06	1	0	-0.973544102787729	-1.22574277327969
DSC2	DSG2	R-HSA-75153	REACTOME_APOPTOTIC_EXECUTION_PHASE	4.26948705219106e-61	8.04769066276013e-61	3.11408527219723	3.81108576362906	1.07981964434425e-17	1	16	30	0.000363556813279895	1	0	3.9019608947081	-1.88453957273101
LAMB2	ITGA7	R-HSA-3000178	REACTOME_ECM_PROTEOGLYCANS	4.38701305041091e-61	8.26469052213228e-61	11.7077824357821	2.14467390235839	2.00545797117752e-22	1	6	11	1.29584265478373e-07	1	0	-5.4770692126764	-6.34615646135939
COL4A4	ITGB3	R-HSA-3000171	REACTOME_NON_INTEGRIN_MEMBRANE_ECM_INTERACTIONS	4.86277865524519e-61	9.15597075754978e-61	4.75297522418188	2.33558859980003	1.25159617577315e-09	1	6	11	9.71545273620943e-10	1	0	-5.54509567223867	5.81058030327552
SORBS1	ITGA1	R-HSA-216083	REACTOME_INTEGRIN_CELL_SURFACE_INTERACTIONS	5.30168703485053e-61	9.97691652072529e-61	3.00010852256686	4.23950504367085	1.09099623908984e-15	1	6	12	1.29584265478373e-07	1	0	6.07754751096769	-3.47079627706584
LAMC1	ITGA1	R-HSA-216083	REACTOME_INTEGRIN_CELL_SURFACE_INTERACTIONS	5.57678889901349e-61	1.04888757860068e-60	3.23766986137765	4.23950504367085	1.14760748324579e-15	1	6	12	1.29584265478373e-07	1	0	5.42501182058629	-3.47079627706584
ANXA1	EGFR	R-HSA-1227986	REACTOME_SIGNALING_BY_ERBB2	6.2259921445716e-61	1.17035043591947e-60	3.78540835500689	2.93967772399715	1.45445490355854e-15	1	15	29	0.000281556464908479	1	0	5.66002539089596	-4.97288082913192
COL18A1	GPC1	R-HSA-3656237	REACTOME_DEFECTIVE_EXT2_CAUSES_EXOSTOSES_2	6.43660136269212e-61	1.20796010298205e-60	6.26939471434587	4.39143398803966	3.71512767925756e-22	1	4	8	7.90858838535787e-09	1	0	0.323040890532106	-6.34615646135939
COL18A1	GPC1	R-HSA-9694614	REACTOME_ATTACHMENT_AND_ENTRY	6.43660136269212e-61	1.20796010298205e-60	6.26939471434587	4.39143398803966	3.71512767925756e-22	1	4	8	7.90858838535787e-09	1	0	0.323040890532106	-6.34615646135939
COL18A1	GPC1	R-HSA-9772572	REACTOME_EARLY_SARS_COV_2_INFECTION_EVENTS	6.43660136269212e-61	1.20796010298205e-60	6.26939471434587	4.39143398803966	3.71512767925756e-22	1	4	8	7.90858838535787e-09	1	0	0.323040890532106	-6.34615646135939
TNC	ITGB1	R-HSA-6806834	REACTOME_SIGNALING_BY_MET	6.73780672283366e-61	1.2637979894519e-60	8.5066015717972	1.64273129306188	1.40743103613461e-11	1	18	34	0.000353112685666113	1	0	7.35469947673216	-1.65313439362914
NPNT	ITGB1	R-HSA-6806834	REACTOME_SIGNALING_BY_MET	6.93784368693629e-61	1.30060938872266e-60	8.21361350158779	1.64273129306188	1.4492158844144e-11	1	18	34	0.000353112685666113	1	0	-1.10868581470011	-1.65313439362914
WNT5A	ROR2	R-HSA-3858494	REACTOME_BETA_CATENIN_INDEPENDENT_WNT_SIGNALING	7.83902865285503e-61	1.468750466548e-60	4.8259126929938	3.06239364905993	2.21489114408768e-14	1	26	49	0.00309637232388887	1	0	-0.0541399739889715	-6.34615646135939
PDGFB	LRP1	R-HSA-2187338	REACTOME_VISUAL_PHOTOTRANSDUCTION	7.9275637695408e-61	1.48372249005551e-60	7.89264021577158	2.87280836263334	3.9471034194646e-15	1	5	10	9.92598600102872e-09	1	0	-3.6504245046412	6.88612338562861
PDGFB	LRP1	R-HSA-6806667	REACTOME_METABOLISM_OF_FAT_SOLUBLE_VITAMINS	7.9275637695408e-61	1.48372249005551e-60	7.89264021577158	2.87280836263334	3.9471034194646e-15	1	5	10	9.92598600102872e-09	1	0	-3.6504245046412	6.88612338562861
TNC	SDC4	R-HSA-2187338	REACTOME_VISUAL_PHOTOTRANSDUCTION	8.2757043021842e-61	1.54719689127792e-60	8.5066015717972	1.20804741852566	7.32097937129289e-15	1	6	11	7.90858838535787e-09	1	0	7.35469947673216	-4.21601081838777
TNC	SDC4	R-HSA-6806667	REACTOME_METABOLISM_OF_FAT_SOLUBLE_VITAMINS	8.2757043021842e-61	1.54719689127792e-60	8.5066015717972	1.20804741852566	7.32097937129289e-15	1	6	11	7.90858838535787e-09	1	0	7.35469947673216	-4.21601081838777
COL6A2	ITGB1	R-HSA-1566948	REACTOME_ELASTIC_FIBRE_FORMATION	9.0897592392437e-61	1.69846669109171e-60	2.61520749325399	1.64273129306188	1.30413576736245e-13	1	5	10	5.66893812322771e-09	1	0	-3.31955637394197	-1.65313439362914
TNC	EGFR	R-HSA-1227986	REACTOME_SIGNALING_BY_ERBB2	1.00157357597624e-60	1.87047399639429e-60	8.5066015717972	2.93967772399715	2.33977744434425e-15	1	15	29	0.000281556464908479	1	0	7.35469947673216	-4.97288082913192
WNT5A	FZD6	R-HSA-3858494	REACTOME_BETA_CATENIN_INDEPENDENT_WNT_SIGNALING	1.11834135808294e-60	2.08740872045867e-60	4.8259126929938	3.88259018375091	1.99731326840687e-16	1	26	48	0.00309637232388887	1	0	-0.0541399739889715	-5.2745376762407
COL2A1	ITGA2B	R-HSA-6802946	REACTOME_SIGNALING_BY_MODERATE_KINASE_ACTIVITY_BRAF_MUTANTS	1.16723289421519e-60	2.17748435797194e-60	12.5798279320328	4.02018928876498	1.26190417839797e-24	1	12	23	0.000306459730668725	1	0	5.28155360459047	-1.22574277327969
NID1	ITGB1	R-HSA-216083	REACTOME_INTEGRIN_CELL_SURFACE_INTERACTIONS	1.28604311115776e-60	2.3978256381478e-60	1.19124771367259	1.64273129306188	7.83162877534108e-06	1	8	16	2.89658626452252e-07	1	0	6.87787345437884	-1.65313439362914
FGF2	SDC4	R-HSA-2022928	REACTOME_HS_GAG_BIOSYNTHESIS	1.33471912302184e-60	2.48588726756639e-60	1.22084110229944	1.20804741852566	6.4332552371885e-09	1	5	10	9.97983415291508e-10	1	0	5.86272009779499	-4.21601081838777
FGF2	SDC4	R-HSA-9820960	REACTOME_RESPIRATORY_SYNCYTIAL_VIRUS_RSV_ATTACHMENT_AND_ENTRY	1.33471912302184e-60	2.48588726756639e-60	1.22084110229944	1.20804741852566	6.4332552371885e-09	1	5	10	9.97983415291508e-10	1	0	5.86272009779499	-4.21601081838777
PTN	SDC1	R-HSA-2024096	REACTOME_HS_GAG_DEGRADATION	1.66855565644291e-60	3.10596940376819e-60	12.0614597856604	7.03887851379973	1.92861936383569e-24	1	6	11	3.51082198122245e-07	1	0	-6.04447813954024	4.20001468766753
VCL	ITGA1	R-HSA-216083	REACTOME_INTEGRIN_CELL_SURFACE_INTERACTIONS	1.76328943341621e-60	3.28053848077435e-60	1.50547573342494	4.23950504367085	3.62854715421385e-15	1	6	12	1.29584265478373e-07	1	0	4.67617778855706	-3.47079627706584
ADAM10	EFNA3	R-HSA-3928663	REACTOME_EPHA_MEDIATED_GROWTH_CONE_COLLAPSE	2.45927015258796e-60	4.57044263906136e-60	1.86795973205716	4.01323569300597	1.65571741363114e-15	1	3	7	5.88735420191374e-10	1	0	-6.34615646135939	4.72646934379839
ADAM10	EFNA3	R-HSA-3928665	REACTOME_EPH_EPHRIN_MEDIATED_REPULSION_OF_CELLS	2.45927015258796e-60	4.57044263906136e-60	1.86795973205716	4.01323569300597	1.65571741363114e-15	1	3	7	5.88735420191374e-10	1	0	-6.34615646135939	4.72646934379839
L1CAM	ERBB2	R-HSA-1963642	REACTOME_PI3K_EVENTS_IN_ERBB2_SIGNALING	2.58871408712671e-60	4.80841061539735e-60	5.38418252448028	5.2615892882842	1.99602461250152e-27	1	4	9	1.57799919931014e-06	1	0	4.78903995096595	-6.34615646135939
THBS1	ITGB3	R-HSA-76005	REACTOME_RESPONSE_TO_ELEVATED_PLATELET_CYTOSOLIC_CA2	2.69733764537406e-60	5.00746977878401e-60	10.1171572475629	2.33558859980003	2.13752817950321e-12	1	8	15	3.44000822048644e-07	1	0	3.36324076136934	5.81058030327552
WNT5A	LDLR	R-HSA-2187338	REACTOME_VISUAL_PHOTOTRANSDUCTION	2.72609066423066e-60	5.05539185172694e-60	4.8259126929938	2.81792410946131	2.41159577340618e-14	1	6	11	7.90858838535787e-09	1	0	-0.0541399739889715	5.40487362281668
WNT5A	LDLR	R-HSA-6806667	REACTOME_METABOLISM_OF_FAT_SOLUBLE_VITAMINS	2.72609066423066e-60	5.05539185172694e-60	4.8259126929938	2.81792410946131	2.41159577340618e-14	1	6	11	7.90858838535787e-09	1	0	-0.0541399739889715	5.40487362281668
LTBP1	ITGB1	R-HSA-6806834	REACTOME_SIGNALING_BY_MET	3.22001988954332e-60	5.96814031251564e-60	2.6298897401509	1.64273129306188	6.72615899496749e-11	1	18	34	0.000353112685666113	1	0	7.03079313325193	-1.65313439362914
COMP	ITGB3	R-HSA-6802946	REACTOME_SIGNALING_BY_MODERATE_KINASE_ACTIVITY_BRAF_MUTANTS	3.39307635953493e-60	6.28550494173407e-60	10.1255608464429	2.33558859980003	1.40626030864776e-20	1	12	23	0.000154057837573892	1	0	4.50469248937221	5.81058030327552
S100B	APP	R-HSA-168928	REACTOME_DDX58_IFIH1_MEDIATED_INDUCTION_OF_INTERFERON_ALPHA_BETA	3.44620517951151e-60	6.38048752288461e-60	2.91530553230702	1.07409823105059	4.17732978317162e-10	1	24	44	0.00107068487756702	1	0	5.98997946985497	-6.19605749258721
COL1A2	ITGB3	R-HSA-6802946	REACTOME_SIGNALING_BY_MODERATE_KINASE_ACTIVITY_BRAF_MUTANTS	3.5537695783839e-60	6.57609862810147e-60	14.0547056107493	2.33558859980003	1.47285960426961e-20	1	12	23	0.000154057837573892	1	0	-0.973544102787729	5.81058030327552
FGF2	TGFBR3	R-HSA-2173789	REACTOME_TGF_BETA_RECEPTOR_SIGNALING_ACTIVATES_SMADS	3.94890687270982e-60	7.30335464630203e-60	1.22084110229944	1.231627940706	5.91210589889478e-07	1	17	32	0.000134250994353051	1	0	5.86272009779499	5.3195988464643
FN1	ITGB1	R-HSA-6806834	REACTOME_SIGNALING_BY_MET	4.1870721632738e-60	7.73967127440187e-60	4.37912027588558	1.64273129306188	8.74619227820244e-11	1	18	34	0.000353112685666113	1	0	3.43264151330902	-1.65313439362914
COL2A1	ITGA2B	R-HSA-5674135	REACTOME_MAP2K_AND_MAPK_ACTIVATION	4.37486674272702e-60	8.08246057732597e-60	12.5798279320328	4.02018928876498	1.26190417839797e-24	1	12	23	0.000342139965259519	1	0	5.28155360459047	-1.22574277327969
PTN	SDC1	R-HSA-9833110	REACTOME_RSV_HOST_INTERACTIONS	6.35168327350009e-60	1.1728282587676e-59	12.0614597856604	7.03887851379973	1.92861936383569e-24	1	1	3	1.48780249661377e-12	1	0	-6.04447813954024	4.20001468766753
THBS1	ITGB3	R-HSA-354192	REACTOME_INTEGRIN_SIGNALING	7.09123909384374e-60	1.30798190256421e-59	10.1171572475629	2.33558859980003	2.13752817950321e-12	1	8	15	3.88179724255606e-07	1	0	3.36324076136934	5.81058030327552
THBS1	ITGB3	R-HSA-76009	REACTOME_PLATELET_AGGREGATION_PLUG_FORMATION	7.09123909384374e-60	1.30798190256421e-59	10.1171572475629	2.33558859980003	2.13752817950321e-12	1	8	15	3.88179724255606e-07	1	0	3.36324076136934	5.81058030327552
CDH1	EGFR	R-HSA-1963642	REACTOME_PI3K_EVENTS_IN_ERBB2_SIGNALING	7.42592222381458e-60	1.36898030278254e-59	14.3704771513226	2.93967772399715	5.72574762232922e-27	1	4	9	1.57799919931014e-06	1	0	5.40152618533464	-4.97288082913192
LGALS3BP	ITGB1	R-HSA-1566948	REACTOME_ELASTIC_FIBRE_FORMATION	7.60946072346898e-60	1.40206453608641e-59	5.08385796896564	1.64273129306188	1.09175277789221e-12	1	5	10	5.66893812322771e-09	1	0	5.6845059272368	-1.65313439362914
TNC	ITGB3	R-HSA-76005	REACTOME_RESPONSE_TO_ELEVATED_PLATELET_CYTOSOLIC_CA2	9.50432200670836e-60	1.75026058367649e-59	8.5066015717972	2.33558859980003	7.53178088447811e-12	1	8	15	3.44000822048644e-07	1	0	7.35469947673216	5.81058030327552
COL2A1	ITGA2B	R-HSA-76005	REACTOME_RESPONSE_TO_ELEVATED_PLATELET_CYTOSOLIC_CA2	9.6388135264756e-60	1.7740780380458e-59	12.5798279320328	4.02018928876498	1.26190417839797e-24	1	7	13	3.32056891668759e-06	1	0	5.28155360459047	-1.22574277327969
DCN	EGFR	R-HSA-182971	REACTOME_EGFR_DOWNREGULATION	9.90681868723628e-60	1.82243081733117e-59	12.4299900158892	2.93967772399715	3.0197937025404e-18	1	9	18	2.44060589717285e-05	1	0	-3.32916132851479	-4.97288082913192
COL4A1	CD47	R-HSA-216083	REACTOME_INTEGRIN_CELL_SURFACE_INTERACTIONS	1.11405355321823e-59	2.04828659704473e-59	11.3294445506569	1.62548017274011	1.12040061667022e-20	1	5	10	1.29584265478373e-07	1	0	4.78373488091513	3.47290191585887
PTN	PTPRS	R-HSA-6794362	REACTOME_PROTEIN_PROTEIN_INTERACTIONS_AT_SYNAPSES	1.25008793653644e-59	2.29717013978918e-59	12.0614597856604	1.78074089539144	2.44679058976713e-21	1	7	13	1.16866456943474e-06	1	0	-6.04447813954024	-1.72999426532377
L1CAM	ITGA2B	R-HSA-6802946	REACTOME_SIGNALING_BY_MODERATE_KINASE_ACTIVITY_BRAF_MUTANTS	1.36646978749037e-59	2.50969357659737e-59	5.38418252448028	4.02018928876498	1.47730066813109e-23	1	12	23	0.000306459730668725	1	0	4.78903995096595	-1.22574277327969
LAMA3	ITGB1	R-HSA-6806834	REACTOME_SIGNALING_BY_MET	1.46591100680303e-59	2.69089320352316e-59	1.52751187044421	1.64273129306188	3.06207751580951e-10	1	18	34	0.000353112685666113	1	0	-6.34615646135939	-1.65313439362914
LAMA1	GPC1	R-HSA-9833110	REACTOME_RSV_HOST_INTERACTIONS	1.56329374802755e-59	2.86812292971455e-59	17.5342897380052	4.39143398803966	4.74677099594702e-24	1	1	3	1.48780249661377e-12	1	0	-6.27074375530701	-6.34615646135939
ANXA1	EGFR	R-HSA-1236394	REACTOME_SIGNALING_BY_ERBB4	1.85788067685383e-59	3.40677480190681e-59	3.78540835500689	2.93967772399715	1.45445490355854e-15	1	15	29	0.000353112685666113	1	0	5.66002539089596	-4.97288082913192
WNT5A	LRP2	R-HSA-2187338	REACTOME_VISUAL_PHOTOTRANSDUCTION	1.87037954990965e-59	3.42604134807731e-59	4.8259126929938	7.99094933267061	1.5323702534544e-14	1	4	9	1.56212024039281e-08	1	0	-0.0541399739889715	8.87156702386971
WNT5A	LRP2	R-HSA-6806667	REACTOME_METABOLISM_OF_FAT_SOLUBLE_VITAMINS	1.87037954990965e-59	3.42604134807731e-59	4.8259126929938	7.99094933267061	1.5323702534544e-14	1	4	9	1.56212024039281e-08	1	0	-0.0541399739889715	8.87156702386971
SEMA4D	MET	R-HSA-8876384	REACTOME_LISTERIA_MONOCYTOGENES_ENTRY_INTO_HOST_CELLS	2.21327017216766e-59	4.05196880907757e-59	1.01462714481266	2.64032224114379	1.77060688597618e-07	1	8	15	1.08653945948975e-07	1	0	7.0765425972243	11.2515502894158
TNC	ITGB3	R-HSA-354192	REACTOME_INTEGRIN_SIGNALING	2.49866455873762e-59	4.56959387669188e-59	8.5066015717972	2.33558859980003	7.53178088447811e-12	1	8	15	3.88179724255606e-07	1	0	7.35469947673216	5.81058030327552
TNC	ITGB3	R-HSA-76009	REACTOME_PLATELET_AGGREGATION_PLUG_FORMATION	2.49866455873762e-59	4.56959387669188e-59	8.5066015717972	2.33558859980003	7.53178088447811e-12	1	8	15	3.88179724255606e-07	1	0	7.35469947673216	5.81058030327552
THBS1	ITGA2B	R-HSA-354192	REACTOME_INTEGRIN_SIGNALING	2.51985406469702e-59	4.60345086699827e-59	10.1171572475629	4.02018928876498	7.53535617833019e-18	1	8	15	2.18507385059052e-06	1	0	3.36324076136934	-1.22574277327969
THBS1	ITGA2B	R-HSA-76009	REACTOME_PLATELET_AGGREGATION_PLUG_FORMATION	2.51985406469702e-59	4.60345086699827e-59	10.1171572475629	4.02018928876498	7.53535617833019e-18	1	8	15	2.18507385059052e-06	1	0	3.36324076136934	-1.22574277327969
L1CAM	ITGB3	R-HSA-1566948	REACTOME_ELASTIC_FIBRE_FORMATION	2.62894335445662e-59	4.80019381068512e-59	5.38418252448028	2.33558859980003	4.19060722943674e-18	1	4	8	2.56958654423585e-09	1	0	4.78903995096595	5.81058030327552
LAMB2	ITGB4	R-HSA-3000170	REACTOME_SYNDECAN_INTERACTIONS	2.68457916659505e-59	4.89917895654481e-59	11.7077824357821	6.44412418959411	1.31197927085759e-26	1	4	8	1.29584265478373e-07	1	0	-5.4770692126764	5.77953524166907
COL11A1	ITGB1	R-HSA-1566948	REACTOME_ELASTIC_FIBRE_FORMATION	2.69634072208808e-59	4.91803397878208e-59	8.7209722535565	1.64273129306188	3.86852311939072e-12	1	5	10	5.66893812322771e-09	1	0	5.2194090555208	-1.65313439362914
THBS1	ITGB1	R-HSA-1566948	REACTOME_ELASTIC_FIBRE_FORMATION	2.78401050497482e-59	5.07524967520582e-59	10.1171572475629	1.64273129306188	3.99430565836698e-12	1	5	10	5.66893812322771e-09	1	0	3.36324076136934	-1.65313439362914
TNC	EGFR	R-HSA-1236394	REACTOME_SIGNALING_BY_ERBB4	2.98876733224933e-59	5.44563539350514e-59	8.5066015717972	2.93967772399715	2.33977744434425e-15	1	15	29	0.000353112685666113	1	0	7.35469947673216	-4.97288082913192
HSPG2	ITGB1	R-HSA-1566948	REACTOME_ELASTIC_FIBRE_FORMATION	3.72044849038646e-59	6.77519470986205e-59	3.51948105940521	1.64273129306188	5.33784209156493e-12	1	5	10	5.66893812322771e-09	1	0	4.65016389182664	-1.65313439362914
SLIT2	GPC1	R-HSA-3656237	REACTOME_DEFECTIVE_EXT2_CAUSES_EXOSTOSES_2	4.05208805939441e-59	7.36743283526256e-59	6.43545090641173	4.39143398803966	2.33881572898105e-20	1	4	8	7.90858838535787e-09	1	0	2.55777934270203	-6.34615646135939
SLIT2	GPC1	R-HSA-9694614	REACTOME_ATTACHMENT_AND_ENTRY	4.05208805939441e-59	7.36743283526256e-59	6.43545090641173	4.39143398803966	2.33881572898105e-20	1	4	8	7.90858838535787e-09	1	0	2.55777934270203	-6.34615646135939
SLIT2	GPC1	R-HSA-9772572	REACTOME_EARLY_SARS_COV_2_INFECTION_EVENTS	4.05208805939441e-59	7.36743283526256e-59	6.43545090641173	4.39143398803966	2.33881572898105e-20	1	4	8	7.90858838535787e-09	1	0	2.55777934270203	-6.34615646135939
LTBP1	ITGB3	R-HSA-76005	REACTOME_RESPONSE_TO_ELEVATED_PLATELET_CYTOSOLIC_CA2	4.54214660009634e-59	8.25408573921364e-59	2.6298897401509	2.33558859980003	3.59946274052546e-11	1	8	15	3.44000822048644e-07	1	0	7.03079313325193	5.81058030327552
MFGE8	ITGB3	R-HSA-76005	REACTOME_RESPONSE_TO_ELEVATED_PLATELET_CYTOSOLIC_CA2	5.0273805905233e-59	9.1310397209082e-59	2.73317240377774	2.33558859980003	3.98399054703467e-11	1	8	15	3.44000822048644e-07	1	0	7.14954233744459	5.81058030327552
L1CAM	ITGA2B	R-HSA-5674135	REACTOME_MAP2K_AND_MAPK_ACTIVATION	5.12161990795538e-59	9.29729418647308e-59	5.38418252448028	4.02018928876498	1.47730066813109e-23	1	12	23	0.000342139965259519	1	0	4.78903995096595	-1.22574277327969
LAMC1	ITGB1	R-HSA-1566948	REACTOME_ELASTIC_FIBRE_FORMATION	5.60865612023108e-59	1.01760427497863e-58	3.23766986137765	1.64273129306188	8.04691176159058e-12	1	5	10	5.66893812322771e-09	1	0	5.42501182058629	-1.65313439362914
FN1	ITGB3	R-HSA-76005	REACTOME_RESPONSE_TO_ELEVATED_PLATELET_CYTOSOLIC_CA2	5.90626649622013e-59	1.07103620173944e-58	4.37912027588558	2.33558859980003	4.68047116495695e-11	1	8	15	3.44000822048644e-07	1	0	3.43264151330902	5.81058030327552
APP	GPC1	R-HSA-2024096	REACTOME_HS_GAG_DEGRADATION	6.43523542482541e-59	1.16634403906214e-58	1.07409823105059	4.39143398803966	1.23588557633147e-16	1	6	12	3.51082198122245e-07	1	0	-6.19605749258721	-6.34615646135939
LAMA3	COL17A1	R-HSA-1442490	REACTOME_COLLAGEN_DEGRADATION	6.75270349062411e-59	1.22323854701142e-58	1.52751187044421	8.8967105526396	1.60947409351755e-17	1	4	8	2.37094308319116e-09	1	0	-6.34615646135939	-0.580402338253546
COL1A2	ITGA2B	R-HSA-8936459	REACTOME_RUNX1_REGULATES_GENES_INVOLVED_IN_MEGAKARYOCYTE_DIFFERENTIATION_AND_PLATELET_FUNCTION	6.75851874426163e-59	1.22364760422421e-58	14.0547056107493	4.02018928876498	5.19222241150777e-26	1	14	26	0.000852935891251508	1	0	-0.973544102787729	-1.22574277327969
DSC2	DSG2	R-HSA-351906	REACTOME_APOPTOTIC_CLEAVAGE_OF_CELL_ADHESION_PROTEINS	8.13390322398359e-59	1.47188990481344e-58	3.11408527219723	3.81108576362906	1.07981964434425e-17	1	3	6	2.66203177883599e-11	1	0	3.9019608947081	-1.88453957273101
COL4A6	CD47	R-HSA-216083	REACTOME_INTEGRIN_CELL_SURFACE_INTERACTIONS	8.23792629780655e-59	1.48992988772106e-58	9.53524221853406	1.62548017274011	8.28485998494752e-20	1	5	10	1.29584265478373e-07	1	0	1.77832375144824	3.47290191585887
TNC	ITGB1	R-HSA-1566948	REACTOME_ELASTIC_FIBRE_FORMATION	9.80972195109447e-59	1.77327606472753e-58	8.5066015717972	1.64273129306188	1.40743103613461e-11	1	5	10	5.66893812322771e-09	1	0	7.35469947673216	-1.65313439362914
NPNT	ITGB1	R-HSA-1566948	REACTOME_ELASTIC_FIBRE_FORMATION	1.01009601950082e-58	1.8249633965771e-58	8.21361350158779	1.64273129306188	1.4492158844144e-11	1	5	10	5.66893812322771e-09	1	0	-1.10868581470011	-1.65313439362914
NID1	ITGB1	R-HSA-2173789	REACTOME_TGF_BETA_RECEPTOR_SIGNALING_ACTIVATES_SMADS	1.01530592660946e-58	1.83341332679084e-58	1.19124771367259	1.64273129306188	7.83162877534108e-06	1	18	33	0.000134250994353051	1	0	6.87787345437884	-1.65313439362914
COL4A4	ITGB1	R-HSA-6806834	REACTOME_SIGNALING_BY_MET	1.11965725725989e-58	2.02078749473978e-58	4.75297522418188	1.64273129306188	2.33880317219634e-09	1	18	34	0.000353112685666113	1	0	-5.54509567223867	-1.65313439362914
L1CAM	ERBB3	R-HSA-1227990	REACTOME_SIGNALING_BY_ERBB2_IN_CANCER	1.12202443176113e-58	2.02399792619731e-58	5.38418252448028	8.31277667281055	8.52956978498308e-29	1	9	18	0.000353112685666113	1	0	4.78903995096595	5.83982229038879
L1CAM	ITGA2B	R-HSA-76005	REACTOME_RESPONSE_TO_ELEVATED_PLATELET_CYTOSOLIC_CA2	1.1284078384407e-58	2.03444599802726e-58	5.38418252448028	4.02018928876498	1.47730066813109e-23	1	7	13	3.32056891668759e-06	1	0	4.78903995096595	-1.22574277327969
LAMA1	ITGA7	R-HSA-3000178	REACTOME_ECM_PROTEOGLYCANS	1.12923740304326e-58	2.03487515268141e-58	17.5342897380052	2.14467390235839	5.16214135964965e-20	1	6	11	1.29584265478373e-07	1	0	-6.27074375530701	-6.34615646135939
NID1	ITGB3	R-HSA-3000178	REACTOME_ECM_PROTEOGLYCANS	1.1365413317742e-58	2.04696449282892e-58	1.19124771367259	2.33558859980003	4.19104811461619e-06	1	6	12	1.19223670921777e-08	1	0	6.87787345437884	5.81058030327552
THBS1	SDC4	R-HSA-3656237	REACTOME_DEFECTIVE_EXT2_CAUSES_EXOSTOSES_2	1.15182867723598e-58	2.07124445880386e-58	10.1171572475629	1.20804741852566	2.07770246475838e-15	1	4	8	9.97983415291508e-10	1	0	3.36324076136934	-4.21601081838777
THBS1	SDC4	R-HSA-9694614	REACTOME_ATTACHMENT_AND_ENTRY	1.15182867723598e-58	2.07124445880386e-58	10.1171572475629	1.20804741852566	2.07770246475838e-15	1	4	8	9.97983415291508e-10	1	0	3.36324076136934	-4.21601081838777
THBS1	SDC4	R-HSA-9772572	REACTOME_EARLY_SARS_COV_2_INFECTION_EVENTS	1.15182867723598e-58	2.07124445880386e-58	10.1171572475629	1.20804741852566	2.07770246475838e-15	1	4	8	9.97983415291508e-10	1	0	3.36324076136934	-4.21601081838777
LTBP1	ITGB3	R-HSA-354192	REACTOME_INTEGRIN_SIGNALING	1.19411997218116e-58	2.14505102052385e-58	2.6298897401509	2.33558859980003	3.59946274052546e-11	1	8	15	3.88179724255606e-07	1	0	7.03079313325193	5.81058030327552
LTBP1	ITGB3	R-HSA-76009	REACTOME_PLATELET_AGGREGATION_PLUG_FORMATION	1.19411997218116e-58	2.14505102052385e-58	2.6298897401509	2.33558859980003	3.59946274052546e-11	1	8	15	3.88179724255606e-07	1	0	7.03079313325193	5.81058030327552
AGRN	LRP2	R-HSA-2187338	REACTOME_VISUAL_PHOTOTRANSDUCTION	1.2900514895836e-58	2.31495937619592e-58	1.11546551296964	7.99094933267061	1.0569173129368e-13	1	4	9	1.56212024039281e-08	1	0	5.51142825962013	8.87156702386971
AGRN	LRP2	R-HSA-6806667	REACTOME_METABOLISM_OF_FAT_SOLUBLE_VITAMINS	1.2900514895836e-58	2.31495937619592e-58	1.11546551296964	7.99094933267061	1.0569173129368e-13	1	4	9	1.56212024039281e-08	1	0	5.51142825962013	8.87156702386971
MFGE8	ITGB3	R-HSA-354192	REACTOME_INTEGRIN_SIGNALING	1.32168688055388e-58	2.36925631532327e-58	2.73317240377774	2.33558859980003	3.98399054703467e-11	1	8	15	3.88179724255606e-07	1	0	7.14954233744459	5.81058030327552
MFGE8	ITGB3	R-HSA-76009	REACTOME_PLATELET_AGGREGATION_PLUG_FORMATION	1.32168688055388e-58	2.36925631532327e-58	2.73317240377774	2.33558859980003	3.98399054703467e-11	1	8	15	3.88179724255606e-07	1	0	7.14954233744459	5.81058030327552
FN1	ITGB3	R-HSA-354192	REACTOME_INTEGRIN_SIGNALING	1.55274397880757e-58	2.7805514248298e-58	4.37912027588558	2.33558859980003	4.68047116495695e-11	1	8	15	3.88179724255606e-07	1	0	3.43264151330902	5.81058030327552
FN1	ITGB3	R-HSA-76009	REACTOME_PLATELET_AGGREGATION_PLUG_FORMATION	1.55274397880757e-58	2.7805514248298e-58	4.37912027588558	2.33558859980003	4.68047116495695e-11	1	8	15	3.88179724255606e-07	1	0	3.43264151330902	5.81058030327552
COL4A4	ITGA1	R-HSA-216083	REACTOME_INTEGRIN_CELL_SURFACE_INTERACTIONS	1.6208717026001e-58	2.90103988394608e-58	4.75297522418188	4.23950504367085	3.3354758965581e-13	1	6	12	1.29584265478373e-07	1	0	-5.54509567223867	-3.47079627706584
THBS1	LRP1	R-HSA-2187338	REACTOME_VISUAL_PHOTOTRANSDUCTION	1.64738634790542e-58	2.94543089230491e-58	10.1171572475629	2.87280836263334	8.20227307660427e-13	1	5	10	9.92598600102872e-09	1	0	3.36324076136934	6.88612338562861
THBS1	LRP1	R-HSA-6806667	REACTOME_METABOLISM_OF_FAT_SOLUBLE_VITAMINS	1.64738634790542e-58	2.94543089230491e-58	10.1171572475629	2.87280836263334	8.20227307660427e-13	1	5	10	9.92598600102872e-09	1	0	3.36324076136934	6.88612338562861
HSPG2	LRP1	R-HSA-2187338	REACTOME_VISUAL_PHOTOTRANSDUCTION	2.20150607916022e-58	3.93207731688015e-58	3.51948105940521	2.87280836263334	1.09612138427853e-12	1	5	10	9.92598600102872e-09	1	0	4.65016389182664	6.88612338562861
HSPG2	LRP1	R-HSA-6806667	REACTOME_METABOLISM_OF_FAT_SOLUBLE_VITAMINS	2.20150607916022e-58	3.93207731688015e-58	3.51948105940521	2.87280836263334	1.09612138427853e-12	1	5	10	9.92598600102872e-09	1	0	4.65016389182664	6.88612338562861
LAMA5	SDC1	R-HSA-9820960	REACTOME_RESPIRATORY_SYNCYTIAL_VIRUS_RSV_ATTACHMENT_AND_ENTRY	2.41835347359187e-58	4.31714372037158e-58	4.79474119253631	7.03887851379973	1.53740409075425e-21	1	4	9	3.51082198122245e-07	1	0	7.7539223096356	4.20001468766753
S100B	APP	R-HSA-76005	REACTOME_RESPONSE_TO_ELEVATED_PLATELET_CYTOSOLIC_CA2	2.45996620592708e-58	4.38915132177861e-58	2.91530553230702	1.07409823105059	4.17732978317162e-10	1	7	14	3.44000822048644e-07	1	0	5.98997946985497	-6.19605749258721
NCAM1	FGFR2	R-HSA-112399	REACTOME_IRS_MEDIATED_SIGNALLING	2.60992414975377e-58	4.65429708406064e-58	2.9320508687129	12.4089683634966	4.70208501851753e-29	1	11	20	0.000353112685666113	1	0	5.86615048162456	5.89402827446816
L1CAM	ERBB3	R-HSA-8863795	REACTOME_DOWNREGULATION_OF_ERBB2_SIGNALING	2.88922665008826e-58	5.14970967684124e-58	5.38418252448028	8.31277667281055	8.52956978498308e-29	1	8	15	6.92128322728481e-05	1	0	4.78903995096595	5.83982229038879
SERPING1	LRP1	R-HSA-2187338	REACTOME_VISUAL_PHOTOTRANSDUCTION	2.9575321474981e-58	5.26599926883719e-58	5.48965018721239	2.87280836263334	1.47254384725592e-12	1	5	10	9.92598600102872e-09	1	0	7.07380047492999	6.88612338562861
SERPING1	LRP1	R-HSA-6806667	REACTOME_METABOLISM_OF_FAT_SOLUBLE_VITAMINS	2.9575321474981e-58	5.26599926883719e-58	5.48965018721239	2.87280836263334	1.47254384725592e-12	1	5	10	9.92598600102872e-09	1	0	7.07380047492999	6.88612338562861
AGRN	ITGB1	R-HSA-6806834	REACTOME_SIGNALING_BY_MET	3.44053141886154e-58	6.12282880542353e-58	1.11546551296964	1.64273129306188	7.18677590333947e-09	1	18	34	0.000353112685666113	1	0	5.51142825962013	-1.65313439362914
NCAM1	FGFR2	R-HSA-1226099	REACTOME_SIGNALING_BY_FGFR_IN_DISEASE	3.7874950147241e-58	6.73680602412147e-58	2.9320508687129	12.4089683634966	4.70208501851753e-29	1	13	25	0.00176215311281107	1	0	5.86615048162456	5.89402827446816
TNC	SDC4	R-HSA-3656237	REACTOME_DEFECTIVE_EXT2_CAUSES_EXOSTOSES_2	4.05857630163078e-58	7.20779683924104e-58	8.5066015717972	1.20804741852566	7.32097937129289e-15	1	4	8	9.97983415291508e-10	1	0	7.35469947673216	-4.21601081838777
TNC	SDC4	R-HSA-9694614	REACTOME_ATTACHMENT_AND_ENTRY	4.05857630163078e-58	7.20779683924104e-58	8.5066015717972	1.20804741852566	7.32097937129289e-15	1	4	8	9.97983415291508e-10	1	0	7.35469947673216	-4.21601081838777
TNC	SDC4	R-HSA-9772572	REACTOME_EARLY_SARS_COV_2_INFECTION_EVENTS	4.05857630163078e-58	7.20779683924104e-58	8.5066015717972	1.20804741852566	7.32097937129289e-15	1	4	8	9.97983415291508e-10	1	0	7.35469947673216	-4.21601081838777
L1CAM	FGFR2	R-HSA-5654727	REACTOME_NEGATIVE_REGULATION_OF_FGFR2_SIGNALING	4.14081763468e-58	7.35005813379731e-58	5.38418252448028	12.4089683634966	8.28663999565782e-34	1	8	15	0.000306459730668725	1	0	4.78903995096595	5.89402827446816
COL4A5	CD47	R-HSA-216083	REACTOME_INTEGRIN_CELL_SURFACE_INTERACTIONS	4.26831680323105e-58	7.57246508670181e-58	5.4186994542932	1.62548017274011	4.29263455483739e-19	1	5	10	1.29584265478373e-07	1	0	6.18599343361014	3.47290191585887
LTBP1	ITGB1	R-HSA-1566948	REACTOME_ELASTIC_FIBRE_FORMATION	4.68809823326743e-58	8.31291645486596e-58	2.6298897401509	1.64273129306188	6.72615899496749e-11	1	5	10	5.66893812322771e-09	1	0	7.03079313325193	-1.65313439362914
FN1	ITGA2B	R-HSA-354192	REACTOME_INTEGRIN_SIGNALING	5.51763686804592e-58	9.77377488469514e-58	4.37912027588558	4.02018928876498	1.64999075327052e-16	1	8	15	2.18507385059052e-06	1	0	3.43264151330902	-1.22574277327969
FN1	ITGA2B	R-HSA-76009	REACTOME_PLATELET_AGGREGATION_PLUG_FORMATION	5.51763686804592e-58	9.77377488469514e-58	4.37912027588558	4.02018928876498	1.64999075327052e-16	1	8	15	2.18507385059052e-06	1	0	3.43264151330902	-1.22574277327969
BMP7	BMPR1B	R-HSA-201451	REACTOME_SIGNALING_BY_BMP	5.79165382135558e-58	1.02538801572122e-57	16.7259702284989	9.63810071680077	2.52713443953773e-24	1	9	17	5.95597460084578e-05	1	0	-6.34615646135939	6.65837206792133
FN1	ITGB1	R-HSA-1566948	REACTOME_ELASTIC_FIBRE_FORMATION	6.09605104457635e-58	1.07872508196207e-57	4.37912027588558	1.64273129306188	8.74619227820244e-11	1	5	10	5.66893812322771e-09	1	0	3.43264151330902	-1.65313439362914
SERPINE1	LRP2	R-HSA-2187338	REACTOME_VISUAL_PHOTOTRANSDUCTION	7.2576319096046e-58	1.28295240334223e-57	6.46482832857906	7.99094933267061	5.94605477232513e-13	1	4	9	1.56212024039281e-08	1	0	0.117067438958844	8.87156702386971
SERPINE1	LRP2	R-HSA-6806667	REACTOME_METABOLISM_OF_FAT_SOLUBLE_VITAMINS	7.2576319096046e-58	1.28295240334223e-57	6.46482832857906	7.99094933267061	5.94605477232513e-13	1	4	9	1.56212024039281e-08	1	0	0.117067438958844	8.87156702386971
COL4A3	CD47	R-HSA-216083	REACTOME_INTEGRIN_CELL_SURFACE_INTERACTIONS	9.44765364592583e-58	1.66923104992218e-57	10.9133221434925	1.62548017274011	9.5014794759229e-19	1	5	10	1.29584265478373e-07	1	0	4.45925716993137	3.47290191585887
LAMA5	ITGA7	R-HSA-3000178	REACTOME_ECM_PROTEOGLYCANS	9.761274741865e-58	1.72375693593509e-57	4.79474119253631	2.14467390235839	4.46222202099292e-19	1	6	11	1.29584265478373e-07	1	0	7.7539223096356	-6.34615646135939
L1CAM	ITGB3	R-HSA-6802946	REACTOME_SIGNALING_BY_MODERATE_KINASE_ACTIVITY_BRAF_MUTANTS	1.01112505521618e-57	1.78464350433231e-57	5.38418252448028	2.33558859980003	4.19060722943674e-18	1	12	23	0.000154057837573892	1	0	4.78903995096595	5.81058030327552
NCAM1	FGFR2	R-HSA-74751	REACTOME_INSULIN_RECEPTOR_SIGNALLING_CASCADE	1.19097385936398e-57	2.09992315541369e-57	2.9320508687129	12.4089683634966	4.70208501851753e-29	1	13	25	0.00192476343881898	1	0	5.86615048162456	5.89402827446816
NCAM1	FGFR2	R-HSA-74752	REACTOME_SIGNALING_BY_INSULIN_RECEPTOR	1.19097385936398e-57	2.09992315541369e-57	2.9320508687129	12.4089683634966	4.70208501851753e-29	1	13	25	0.00192476343881898	1	0	5.86615048162456	5.89402827446816
COL18A1	GPC1	R-HSA-9833110	REACTOME_RSV_HOST_INTERACTIONS	1.22353403588806e-57	2.15622801406503e-57	6.26939471434587	4.39143398803966	3.71512767925756e-22	1	1	3	1.48780249661377e-12	1	0	0.323040890532106	-6.34615646135939
NID1	ITGA3	R-HSA-6806834	REACTOME_SIGNALING_BY_MET	1.29751413575628e-57	2.28543196467056e-57	1.19124771367259	4.13720289413487	3.71429271673218e-11	1	17	32	0.000353112685666113	1	0	6.87787345437884	4.28443713596128
LAMA5	SDC1	R-HSA-2024096	REACTOME_HS_GAG_DEGRADATION	1.33009360995144e-57	2.34161822836897e-57	4.79474119253631	7.03887851379973	1.53740409075425e-21	1	6	11	3.51082198122245e-07	1	0	7.7539223096356	4.20001468766753
SEMA4D	MET	R-HSA-8875878	REACTOME_MET_PROMOTES_CELL_MOTILITY	1.4259182555716e-57	2.50903263384466e-57	1.01462714481266	2.64032224114379	1.77060688597618e-07	1	7	14	2.01164898238392e-07	1	0	7.0765425972243	11.2515502894158
COL4A4	ITGB3	R-HSA-76005	REACTOME_RESPONSE_TO_ELEVATED_PLATELET_CYTOSOLIC_CA2	1.57938384817166e-57	2.77764848553707e-57	4.75297522418188	2.33558859980003	1.25159617577315e-09	1	8	15	3.44000822048644e-07	1	0	-5.54509567223867	5.81058030327552
NID1	ITGB3	R-HSA-3000171	REACTOME_NON_INTEGRIN_MEMBRANE_ECM_INTERACTIONS	1.62833186209376e-57	2.86226959918371e-57	1.19124771367259	2.33558859980003	4.19104811461619e-06	1	6	11	9.71545273620943e-10	1	0	6.87787345437884	5.81058030327552
COL2A1	ITGA2B	R-HSA-8936459	REACTOME_RUNX1_REGULATES_GENES_INVOLVED_IN_MEGAKARYOCYTE_DIFFERENTIATION_AND_PLATELET_FUNCTION	1.64257274963076e-57	2.88582750701216e-57	12.5798279320328	4.02018928876498	1.26190417839797e-24	1	14	26	0.000852935891251508	1	0	5.28155360459047	-1.22574277327969
NTN1	NEO1	R-HSA-373752	REACTOME_NETRIN_1_SIGNALING	1.96311510637935e-57	3.44722611839967e-57	2.89028928982954	4.26582206811744	1.13152821413044e-20	1	8	15	8.48876177088814e-06	1	0	4.34169216289785	4.40407874938491
LAMA3	ITGB1	R-HSA-1566948	REACTOME_ELASTIC_FIBRE_FORMATION	2.13425228317308e-57	3.74583053781397e-57	1.52751187044421	1.64273129306188	3.06207751580951e-10	1	5	10	5.66893812322771e-09	1	0	-6.34615646135939	-1.65313439362914
L1CAM	ERBB2	R-HSA-1227990	REACTOME_SIGNALING_BY_ERBB2_IN_CANCER	2.62567566486905e-57	4.6059787287861e-57	5.38418252448028	5.2615892882842	1.99602461250152e-27	1	9	18	0.000353112685666113	1	0	4.78903995096595	-6.34615646135939
COL4A2	ITGB3	R-HSA-1566948	REACTOME_ELASTIC_FIBRE_FORMATION	2.66725435335756e-57	4.67653158794598e-57	10.9035066930124	2.33558859980003	4.25167600396513e-16	1	4	8	2.56958654423585e-09	1	0	6.44091966949719	5.81058030327552
COL4A3	ITGB3	R-HSA-1566948	REACTOME_ELASTIC_FIBRE_FORMATION	3.23431654306973e-57	5.66788023849204e-57	10.9133221434925	2.33558859980003	5.15558856173085e-16	1	4	8	2.56958654423585e-09	1	0	4.45925716993137	5.81058030327552
FST	BMPR1B	R-HSA-201451	REACTOME_SIGNALING_BY_BMP	3.87133743833641e-57	6.78075396531429e-57	8.11480049045202	9.63810071680077	1.68922219270382e-23	1	9	17	5.95597460084578e-05	1	0	-5.47012304653252	6.65837206792133
COL4A4	ITGB3	R-HSA-354192	REACTOME_INTEGRIN_SIGNALING	4.15216408207103e-57	7.26523115072449e-57	4.75297522418188	2.33558859980003	1.25159617577315e-09	1	8	15	3.88179724255606e-07	1	0	-5.54509567223867	5.81058030327552
COL4A4	ITGB3	R-HSA-76009	REACTOME_PLATELET_AGGREGATION_PLUG_FORMATION	4.15216408207103e-57	7.26523115072449e-57	4.75297522418188	2.33558859980003	1.25159617577315e-09	1	8	15	3.88179724255606e-07	1	0	-5.54509567223867	5.81058030327552
ANXA1	EGFR	R-HSA-182971	REACTOME_EGFR_DOWNREGULATION	4.77152495754748e-57	8.34471065275207e-57	3.78540835500689	2.93967772399715	1.45445490355854e-15	1	9	18	2.44060589717285e-05	1	0	5.66002539089596	-4.97288082913192
BMP4	BMPR1B	R-HSA-201451	REACTOME_SIGNALING_BY_BMP	4.86738876129292e-57	8.50803726567461e-57	3.67403218806065	9.63810071680077	2.12383995119432e-23	1	9	17	5.95597460084578e-05	1	0	6.58780870650893	6.65837206792133
LAMB1	ITGA7	R-HSA-3000178	REACTOME_ECM_PROTEOGLYCANS	5.03661507481818e-57	8.79936813477631e-57	6.55387519617198	2.14467390235839	2.30241390519704e-18	1	6	11	1.29584265478373e-07	1	0	0.951831469888455	-6.34615646135939
LAMA5	SDC1	R-HSA-9833110	REACTOME_RSV_HOST_INTERACTIONS	5.06326133137711e-57	8.84143095428287e-57	4.79474119253631	7.03887851379973	1.53740409075425e-21	1	1	3	1.48780249661377e-12	1	0	7.7539223096356	4.20001468766753
FGF2	FGFR2	R-HSA-2404192	REACTOME_SIGNALING_BY_TYPE_1_INSULIN_LIKE_GROWTH_FACTOR_1_RECEPTOR_IGF1R	6.626206947288e-57	1.15647650424509e-56	1.22084110229944	12.4089683634966	1.30876234129358e-21	1	12	23	0.000353112685666113	1	0	5.86272009779499	5.89402827446816
L1CAM	ERBB2	R-HSA-8863795	REACTOME_DOWNREGULATION_OF_ERBB2_SIGNALING	6.76114698636342e-57	1.17942929173885e-56	5.38418252448028	5.2615892882842	1.99602461250152e-27	1	8	15	6.92128322728481e-05	1	0	4.78903995096595	-6.34615646135939
LAMA1	ITGB4	R-HSA-3000170	REACTOME_SYNDECAN_INTERACTIONS	6.9102306546954e-57	1.20482480750898e-56	17.5342897380052	6.44412418959411	3.37709518445822e-24	1	4	8	1.29584265478373e-07	1	0	-6.27074375530701	5.77953524166907
FBLN2	ITGB3	R-HSA-1566948	REACTOME_ELASTIC_FIBRE_FORMATION	6.91431984807102e-57	1.20492706572261e-56	20.4800687975369	2.33558859980003	1.10216139472329e-15	1	4	8	2.56958654423585e-09	1	0	-1.12341971762222	5.81058030327552
L1CAM	EPHB2	R-HSA-3928665	REACTOME_EPH_EPHRIN_MEDIATED_REPULSION_OF_CELLS	7.11308454646481e-57	1.23893725771336e-56	5.38418252448028	1.69666351620937	1.56657891349166e-21	1	7	13	3.08277767799156e-06	1	0	4.78903995096595	-2.98694876026066
CDH1	EGFR	R-HSA-1227990	REACTOME_SIGNALING_BY_ERBB2_IN_CANCER	7.5319493061212e-57	1.31123004114661e-56	14.3704771513226	2.93967772399715	5.72574762232922e-27	1	9	18	0.000353112685666113	1	0	5.40152618533464	-4.97288082913192
TNC	EGFR	R-HSA-182971	REACTOME_EGFR_DOWNREGULATION	7.67593855504224e-57	1.33562107381615e-56	8.5066015717972	2.93967772399715	2.33977744434425e-15	1	9	18	2.44060589717285e-05	1	0	7.35469947673216	-4.97288082913192
CDH1	CDH2	R-HSA-525793	REACTOME_MYOGENESIS	9.09091218624933e-57	1.58102820630423e-56	14.3704771513226	3.27975857038839	1.24864382172691e-28	1	8	16	0.00026467844169681	1	0	5.40152618533464	-2.89083519819065
CDH1	ERBB3	R-HSA-8847993	REACTOME_ERBB2_ACTIVATES_PTK6_SIGNALING	1.16305985978207e-56	2.02169071129374e-56	14.3704771513226	8.31277667281055	3.75150472033015e-34	1	2	5	1.57799919931014e-06	1	0	5.40152618533464	5.83982229038879
COMP	ITGB3	R-HSA-5674135	REACTOME_MAP2K_AND_MAPK_ACTIVATION	1.30075905776517e-56	2.25990462561221e-56	10.1255608464429	2.33558859980003	1.40626030864776e-20	1	12	23	0.000306459730668725	1	0	4.50469248937221	5.81058030327552
COL1A2	ITGB3	R-HSA-5674135	REACTOME_MAP2K_AND_MAPK_ACTIVATION	1.3623619036168e-56	2.36573697548803e-56	14.0547056107493	2.33558859980003	1.47285960426961e-20	1	12	23	0.000306459730668725	1	0	-0.973544102787729	5.81058030327552
COL4A4	ITGB1	R-HSA-1566948	REACTOME_ELASTIC_FIBRE_FORMATION	1.63013378478529e-56	2.82929375361321e-56	4.75297522418188	1.64273129306188	2.33880317219634e-09	1	5	10	5.66893812322771e-09	1	0	-5.54509567223867	-1.65313439362914
CDH1	ERBB3	R-HSA-6785631	REACTOME_ERBB2_REGULATES_CELL_MOTILITY	1.78294634599706e-56	3.09295785689858e-56	14.3704771513226	8.31277667281055	3.75150472033015e-34	1	3	6	1.33416828061349e-06	1	0	5.40152618533464	5.83982229038879
CDH1	ERBB3	R-HSA-1250196	REACTOME_SHC1_EVENTS_IN_ERBB2_SIGNALING	1.90475172183776e-56	3.30259371125095e-56	14.3704771513226	8.31277667281055	3.75150472033015e-34	1	6	11	6.92128322728481e-05	1	0	5.40152618533464	5.83982229038879
L1CAM	ITGA2B	R-HSA-8936459	REACTOME_RUNX1_REGULATES_GENES_INVOLVED_IN_MEGAKARYOCYTE_DIFFERENTIATION_AND_PLATELET_FUNCTION	1.92294618087727e-56	3.33246088776716e-56	5.38418252448028	4.02018928876498	1.47730066813109e-23	1	14	26	0.000852935891251508	1	0	4.78903995096595	-1.22574277327969
CDH1	EGFR	R-HSA-8863795	REACTOME_DOWNREGULATION_OF_ERBB2_SIGNALING	1.9394861686035e-56	3.35943223564756e-56	14.3704771513226	2.93967772399715	5.72574762232922e-27	1	8	15	6.92128322728481e-05	1	0	5.40152618533464	-4.97288082913192
DCN	MET	R-HSA-8986944	REACTOME_TRANSCRIPTIONAL_REGULATION_BY_MECP2	1.97190886550574e-56	3.41387342593847e-56	12.4299900158892	2.64032224114379	8.8202129025133e-15	1	15	28	0.000303379413040266	1	0	-3.32916132851479	11.2515502894158
EFNA5	EPHB2	R-HSA-3928665	REACTOME_EPH_EPHRIN_MEDIATED_REPULSION_OF_CELLS	2.89917207395359e-56	5.01667602334022e-56	6.41959189310427	1.69666351620937	6.38510874989786e-21	1	7	13	3.08277767799156e-06	1	0	6.41274743637436	-2.98694876026066
COL18A1	ITGB3	R-HSA-1566948	REACTOME_ELASTIC_FIBRE_FORMATION	3.16053397524409e-56	5.46618244084447e-56	6.26939471434587	2.33558859980003	5.03797714130507e-15	1	4	8	2.56958654423585e-09	1	0	0.323040890532106	5.81058030327552
RND1	ERBB2	R-HSA-1963642	REACTOME_PI3K_EVENTS_IN_ERBB2_SIGNALING	3.64616511889622e-56	6.30291859748895e-56	4.60833105105072	5.2615892882842	2.81137084807974e-23	1	4	9	1.57799919931014e-06	1	0	-6.26577098121408	-6.34615646135939
L1CAM	ERBB2	R-HSA-400685	REACTOME_SEMA4D_IN_SEMAPHORIN_SIGNALING	4.26964527077966e-56	7.3769863041095e-56	5.38418252448028	5.2615892882842	1.99602461250152e-27	1	9	17	0.000212438839452866	1	0	4.78903995096595	-6.34615646135939
SEMA5A	MET	R-HSA-8986944	REACTOME_TRANSCRIPTIONAL_REGULATION_BY_MECP2	4.57551158203897e-56	7.90148586456529e-56	16.1408444326762	2.64032224114379	2.04659490088295e-14	1	15	28	0.000303379413040266	1	0	-4.27209030279128	11.2515502894158
AGRN	ITGB1	R-HSA-1566948	REACTOME_ELASTIC_FIBRE_FORMATION	5.00914584988897e-56	8.64599183322531e-56	1.11546551296964	1.64273129306188	7.18677590333947e-09	1	5	10	5.66893812322771e-09	1	0	5.51142825962013	-1.65313439362914
FGF2	SDC1	R-HSA-2187338	REACTOME_VISUAL_PHOTOTRANSDUCTION	5.58022015031241e-56	9.62203374289458e-56	1.22084110229944	7.03887851379973	1.82871192768819e-11	1	5	10	1.56212024039281e-08	1	0	5.86272009779499	4.20001468766753
FGF2	SDC1	R-HSA-6806667	REACTOME_METABOLISM_OF_FAT_SOLUBLE_VITAMINS	5.58022015031241e-56	9.62203374289458e-56	1.22084110229944	7.03887851379973	1.82871192768819e-11	1	5	10	1.56212024039281e-08	1	0	5.86272009779499	4.20001468766753
LAMA5	ITGB4	R-HSA-3000170	REACTOME_SYNDECAN_INTERACTIONS	5.97329310633501e-56	1.02946534497958e-55	4.79474119253631	6.44412418959411	2.91920492857277e-23	1	4	8	1.29584265478373e-07	1	0	7.7539223096356	5.77953524166907
SLIT2	GPC1	R-HSA-9833110	REACTOME_RSV_HOST_INTERACTIONS	7.7026172318539e-56	1.32684042451565e-55	6.43545090641173	4.39143398803966	2.33881572898105e-20	1	1	3	1.48780249661377e-12	1	0	2.55777934270203	-6.34615646135939
COL16A1	ITGB1	R-HSA-9634597	REACTOME_GPER1_SIGNALING	8.41149242288558e-56	1.44822492165798e-55	12.9334956641832	1.64273129306188	1.41417537656979e-24	1	9	18	0.000259067579825834	1	0	5.80814713736568	-1.65313439362914
CDH1	EGFR	R-HSA-9012852	REACTOME_SIGNALING_BY_NOTCH3	9.23212275453395e-56	1.5887194735166e-55	14.3704771513226	2.93967772399715	5.72574762232922e-27	1	14	27	0.0026472551084164	1	0	5.40152618533464	-4.97288082913192
COL4A2	ITGB3	R-HSA-6802946	REACTOME_SIGNALING_BY_MODERATE_KINASE_ACTIVITY_BRAF_MUTANTS	1.02585995272298e-55	1.76447911868353e-55	10.9035066930124	2.33558859980003	4.25167600396513e-16	1	12	23	0.000154057837573892	1	0	6.44091966949719	5.81058030327552
FBN1	ITGB3	R-HSA-1566948	REACTOME_ELASTIC_FIBRE_FORMATION	1.07245530028504e-55	1.84370126585734e-55	6.40013831890023	2.33558859980003	1.70952292562848e-14	1	4	8	2.56958654423585e-09	1	0	1.72756032766282	5.81058030327552
WNT5A	FZD2	R-HSA-3858494	REACTOME_BETA_CATENIN_INDEPENDENT_WNT_SIGNALING	1.18762208343156e-55	2.04066931418809e-55	4.8259126929938	3.28789458091362	2.12104589349805e-11	1	26	48	0.00309637232388887	1	0	-0.0541399739889715	0.665354155033911
RND1	MET	R-HSA-8986944	REACTOME_TRANSCRIPTIONAL_REGULATION_BY_MECP2	1.19733489685776e-55	2.05633152530739e-55	4.60833105105072	2.64032224114379	5.35559674720856e-14	1	15	28	0.000303379413040266	1	0	-6.26577098121408	11.2515502894158
COL4A3	ITGB3	R-HSA-6802946	REACTOME_SIGNALING_BY_MODERATE_KINASE_ACTIVITY_BRAF_MUTANTS	1.24395928411852e-55	2.13533929010365e-55	10.9133221434925	2.33558859980003	5.15558856173085e-16	1	12	23	0.000154057837573892	1	0	4.45925716993137	5.81058030327552
APP	LRP1	R-HSA-2187338	REACTOME_VISUAL_PHOTOTRANSDUCTION	1.2916484473711e-55	2.21499035840309e-55	1.07409823105059	2.87280836263334	6.43106779279801e-10	1	5	10	9.92598600102872e-09	1	0	-6.19605749258721	6.88612338562861
APP	LRP1	R-HSA-6806667	REACTOME_METABOLISM_OF_FAT_SOLUBLE_VITAMINS	1.2916484473711e-55	2.21499035840309e-55	1.07409823105059	2.87280836263334	6.43106779279801e-10	1	5	10	9.92598600102872e-09	1	0	-6.19605749258721	6.88612338562861
SLIT2	SDC1	R-HSA-9820960	REACTOME_RESPIRATORY_SYNCYTIAL_VIRUS_RSV_ATTACHMENT_AND_ENTRY	1.37846652066721e-55	2.36269299008231e-55	6.43545090641173	7.03887851379973	8.76323536233891e-19	1	4	9	3.51082198122245e-07	1	0	2.55777934270203	4.20001468766753
FGF2	SDC1	R-HSA-2022928	REACTOME_HS_GAG_BIOSYNTHESIS	1.67652024853096e-55	2.87212632218451e-55	1.22084110229944	7.03887851379973	1.82871192768819e-11	1	4	9	2.18606988203969e-08	1	0	5.86272009779499	4.20001468766753
LAMA1	SDC4	R-HSA-9833110	REACTOME_RSV_HOST_INTERACTIONS	2.06060403503742e-55	3.52836131434979e-55	17.5342897380052	1.20804741852566	6.25679945307032e-20	1	1	3	1.48780249661377e-12	1	0	-6.27074375530701	-4.21601081838777
APP	GPC1	R-HSA-3656237	REACTOME_DEFECTIVE_EXT2_CAUSES_EXOSTOSES_2	2.14121921816061e-55	3.66093146643762e-55	1.07409823105059	4.39143398803966	1.23588557633147e-16	1	4	8	7.90858838535787e-09	1	0	-6.19605749258721	-6.34615646135939
APP	GPC1	R-HSA-9694614	REACTOME_ATTACHMENT_AND_ENTRY	2.14121921816061e-55	3.66093146643762e-55	1.07409823105059	4.39143398803966	1.23588557633147e-16	1	4	8	7.90858838535787e-09	1	0	-6.19605749258721	-6.34615646135939
APP	GPC1	R-HSA-9772572	REACTOME_EARLY_SARS_COV_2_INFECTION_EVENTS	2.14121921816061e-55	3.66093146643762e-55	1.07409823105059	4.39143398803966	1.23588557633147e-16	1	4	8	7.90858838535787e-09	1	0	-6.19605749258721	-6.34615646135939
PTN	SDC1	R-HSA-3656237	REACTOME_DEFECTIVE_EXT2_CAUSES_EXOSTOSES_2	2.16027782324859e-55	3.6880177230646e-55	12.0614597856604	7.03887851379973	1.92861936383569e-24	1	3	7	3.51082198122245e-07	1	0	-6.04447813954024	4.20001468766753
PTN	SDC1	R-HSA-9694614	REACTOME_ATTACHMENT_AND_ENTRY	2.16027782324859e-55	3.6880177230646e-55	12.0614597856604	7.03887851379973	1.92861936383569e-24	1	3	7	3.51082198122245e-07	1	0	-6.04447813954024	4.20001468766753
PTN	SDC1	R-HSA-9772572	REACTOME_EARLY_SARS_COV_2_INFECTION_EVENTS	2.16027782324859e-55	3.6880177230646e-55	12.0614597856604	7.03887851379973	1.92861936383569e-24	1	3	7	3.51082198122245e-07	1	0	-6.04447813954024	4.20001468766753
TGFB2	TGFBR3	R-HSA-190236	REACTOME_SIGNALING_BY_FGFR	2.56683098854194e-55	4.3799100201311e-55	6.5137576516326	1.231627940706	8.29055262965906e-14	1	25	47	0.00419605243373027	1	0	5.93110784303411	5.3195988464643
FBLN2	ITGB3	R-HSA-6802946	REACTOME_SIGNALING_BY_MODERATE_KINASE_ACTIVITY_BRAF_MUTANTS	2.65933536616965e-55	4.53550503699733e-55	20.4800687975369	2.33558859980003	1.10216139472329e-15	1	12	23	0.000154057837573892	1	0	-1.12341971762222	5.81058030327552
AGRN	LRP1	R-HSA-2187338	REACTOME_VISUAL_PHOTOTRANSDUCTION	2.96406873215043e-55	5.05022111867136e-55	1.11546551296964	2.87280836263334	1.47579838753877e-09	1	5	10	9.92598600102872e-09	1	0	5.51142825962013	6.88612338562861
AGRN	LRP1	R-HSA-6806667	REACTOME_METABOLISM_OF_FAT_SOLUBLE_VITAMINS	2.96406873215043e-55	5.05022111867136e-55	1.11546551296964	2.87280836263334	1.47579838753877e-09	1	5	10	9.92598600102872e-09	1	0	5.51142825962013	6.88612338562861
LAMB1	ITGB4	R-HSA-3000170	REACTOME_SYNDECAN_INTERACTIONS	3.0820952079796e-55	5.24871659180685e-55	6.55387519617198	6.44412418959411	1.50624912611813e-22	1	4	8	1.29584265478373e-07	1	0	0.951831469888455	5.77953524166907
WNT5A	FZD6	R-HSA-4641263	REACTOME_REGULATION_OF_FZD_BY_UBIQUITINATION	3.61471437338163e-55	6.15270531639427e-55	4.8259126929938	3.88259018375091	1.99731326840687e-16	1	6	11	1.25554131894726e-07	1	0	-0.0541399739889715	-5.2745376762407
NID1	ITGB1	R-HSA-6806834	REACTOME_SIGNALING_BY_MET	3.74924238974817e-55	6.37853304685149e-55	1.19124771367259	1.64273129306188	7.83162877534108e-06	1	18	34	0.000353112685666113	1	0	6.87787345437884	-1.65313439362914
BMP6	BMPR1B	R-HSA-201451	REACTOME_SIGNALING_BY_BMP	5.80319675293544e-55	9.8680162284221e-55	2.78731445044904	9.63810071680077	2.53217109069618e-21	1	9	17	5.95597460084578e-05	1	0	5.32320895715059	6.65837206792133
BMP7	BMPR1A	R-HSA-201451	REACTOME_SIGNALING_BY_BMP	6.62455345349751e-55	1.12591224703713e-54	16.7259702284989	3.4042348902694	2.89056247063016e-21	1	9	17	5.95597460084578e-05	1	0	-6.34615646135939	3.65257893153054
FGF2	SDC4	R-HSA-2187338	REACTOME_VISUAL_PHOTOTRANSDUCTION	7.27221254743787e-55	1.23476856679103e-54	1.22084110229944	1.20804741852566	6.4332552371885e-09	1	6	11	7.90858838535787e-09	1	0	5.86272009779499	-4.21601081838777
FGF2	SDC4	R-HSA-6806667	REACTOME_METABOLISM_OF_FAT_SOLUBLE_VITAMINS	7.27221254743787e-55	1.23476856679103e-54	1.22084110229944	1.20804741852566	6.4332552371885e-09	1	6	11	7.90858838535787e-09	1	0	5.86272009779499	-4.21601081838777
SLIT2	SDC1	R-HSA-2024096	REACTOME_HS_GAG_DEGRADATION	7.58156130066568e-55	1.28665865191366e-54	6.43545090641173	7.03887851379973	8.76323536233891e-19	1	6	11	3.51082198122245e-07	1	0	2.55777934270203	4.20001468766753
THBS1	SDC1	R-HSA-9820960	REACTOME_RESPIRATORY_SYNCYTIAL_VIRUS_RSV_ATTACHMENT_AND_ENTRY	9.29029740240308e-55	1.57586898738987e-54	10.1171572475629	7.03887851379973	5.90606021276296e-18	1	4	9	3.51082198122245e-07	1	0	3.36324076136934	4.20001468766753
COL18A1	ITGB3	R-HSA-6802946	REACTOME_SIGNALING_BY_MODERATE_KINASE_ACTIVITY_BRAF_MUTANTS	1.21558156999234e-54	2.06091700383127e-54	6.26939471434587	2.33558859980003	5.03797714130507e-15	1	12	23	0.000154057837573892	1	0	0.323040890532106	5.81058030327552
HSPG2	SDC1	R-HSA-9820960	REACTOME_RESPIRATORY_SYNCYTIAL_VIRUS_RSV_ATTACHMENT_AND_ENTRY	1.24152092401406e-54	2.10385811754106e-54	3.51948105940521	7.03887851379973	7.8926400469542e-18	1	4	9	3.51082198122245e-07	1	0	4.65016389182664	4.20001468766753
COL17A1	ITGB4	R-HSA-3000170	REACTOME_SYNDECAN_INTERACTIONS	1.37557310851631e-54	2.32987271949587e-54	8.8967105526396	6.44412418959411	6.72255609511986e-22	1	4	8	1.29584265478373e-07	1	0	-0.580402338253546	5.77953524166907
SERPINE1	LRP1	R-HSA-2187338	REACTOME_VISUAL_PHOTOTRANSDUCTION	1.6675396281787e-54	2.82161156956947e-54	6.46482832857906	2.87280836263334	8.3026154816515e-09	1	5	10	9.92598600102872e-09	1	0	0.117067438958844	6.88612338562861
SERPINE1	LRP1	R-HSA-6806667	REACTOME_METABOLISM_OF_FAT_SOLUBLE_VITAMINS	1.6675396281787e-54	2.82161156956947e-54	6.46482832857906	2.87280836263334	8.3026154816515e-09	1	5	10	9.92598600102872e-09	1	0	0.117067438958844	6.88612338562861
L1CAM	EGFR	R-HSA-1963642	REACTOME_PI3K_EVENTS_IN_ERBB2_SIGNALING	1.68838710191757e-54	2.85548261091271e-54	5.38418252448028	2.93967772399715	1.30182866760621e-21	1	4	9	1.57799919931014e-06	1	0	4.78903995096595	-4.97288082913192
SLIT2	SDC1	R-HSA-9833110	REACTOME_RSV_HOST_INTERACTIONS	2.88606951254559e-54	4.87866295978223e-54	6.43545090641173	7.03887851379973	8.76323536233891e-19	1	1	3	1.48780249661377e-12	1	0	2.55777934270203	4.20001468766753
LUM	ITGB1	R-HSA-9634597	REACTOME_GPER1_SIGNALING	3.22323535966547e-54	5.44593793578056e-54	11.828176566468	1.64273129306188	5.41903844093848e-23	1	9	18	0.000259067579825834	1	0	4.04840561928604	-1.65313439362914
TNC	SDC1	R-HSA-9820960	REACTOME_RESPIRATORY_SYNCYTIAL_VIRUS_RSV_ATTACHMENT_AND_ENTRY	3.2735233648615e-54	5.52818869667333e-54	8.5066015717972	7.03887851379973	2.08105567166854e-17	1	4	9	3.51082198122245e-07	1	0	7.35469947673216	4.20001468766753
L1CAM	ITGB3	R-HSA-5674135	REACTOME_MAP2K_AND_MAPK_ACTIVATION	3.87621713967565e-54	6.54278064793142e-54	5.38418252448028	2.33558859980003	4.19060722943674e-18	1	12	23	0.000306459730668725	1	0	4.78903995096595	5.81058030327552
THBS1	CD47	R-HSA-216083	REACTOME_INTEGRIN_CELL_SURFACE_INTERACTIONS	3.9170359807713e-54	6.60843735843711e-54	10.1171572475629	1.62548017274011	3.93935239082347e-15	1	5	10	1.29584265478373e-07	1	0	3.36324076136934	3.47290191585887
EFEMP1	EGFR	R-HSA-1963642	REACTOME_PI3K_EVENTS_IN_ERBB2_SIGNALING	4.08507562476552e-54	6.88855889666342e-54	11.9073822111131	2.93967772399715	3.14979221981685e-21	1	4	9	1.57799919931014e-06	1	0	3.20088563659098	-4.97288082913192
FBN1	ITGB3	R-HSA-6802946	REACTOME_SIGNALING_BY_MODERATE_KINASE_ACTIVITY_BRAF_MUTANTS	4.12479950501532e-54	6.95213635338203e-54	6.40013831890023	2.33558859980003	1.70952292562848e-14	1	12	23	0.000154057837573892	1	0	1.72756032766282	5.81058030327552
EFNB1	ERBB2	R-HSA-1963642	REACTOME_PI3K_EVENTS_IN_ERBB2_SIGNALING	4.19012054396802e-54	7.05877310051419e-54	2.06677780171612	5.2615892882842	3.23078696743656e-21	1	4	9	1.57799919931014e-06	1	0	-1.46243435061172	-6.34615646135939
L1CAM	ERBB2	R-HSA-416572	REACTOME_SEMA4D_INDUCED_CELL_MIGRATION_AND_GROWTH_CONE_COLLAPSE	4.84644250463423e-54	8.16043182376004e-54	5.38418252448028	5.2615892882842	1.99602461250152e-27	1	7	13	5.44299221961187e-05	1	0	4.78903995096595	-6.34615646135939
THBS1	SDC1	R-HSA-2024096	REACTOME_HS_GAG_DEGRADATION	5.10966049604469e-54	8.59942862348029e-54	10.1171572475629	7.03887851379973	5.90606021276296e-18	1	6	11	3.51082198122245e-07	1	0	3.36324076136934	4.20001468766753
NID1	ITGB3	R-HSA-76005	REACTOME_RESPONSE_TO_ELEVATED_PLATELET_CYTOSOLIC_CA2	5.28866564732523e-54	8.896337323618e-54	1.19124771367259	2.33558859980003	4.19104811461619e-06	1	8	15	3.44000822048644e-07	1	0	6.87787345437884	5.81058030327552
BMP4	BMPR1A	R-HSA-201451	REACTOME_SIGNALING_BY_BMP	5.56736953255796e-54	9.36058220527829e-54	3.67403218806065	3.4042348902694	2.42927006988605e-20	1	9	17	5.95597460084578e-05	1	0	6.58780870650893	3.65257893153054
LAMA1	ITGA6	R-HSA-3000170	REACTOME_SYNDECAN_INTERACTIONS	5.82461716907228e-54	9.78831610239796e-54	17.5342897380052	1.21558443268924	2.63801652467377e-17	1	4	8	2.08526077666398e-08	1	0	-6.27074375530701	-4.68122835464662
COL16A1	ITGB1	R-HSA-3000178	REACTOME_ECM_PROTEOGLYCANS	6.52044249485023e-54	1.09523057530688e-53	12.9334956641832	1.64273129306188	1.41417537656979e-24	1	6	11	4.64005800644495e-06	1	0	5.80814713736568	-1.65313439362914
HSPG2	SDC1	R-HSA-2024096	REACTOME_HS_GAG_DEGRADATION	6.82836097239105e-54	1.14639149560884e-53	3.51948105940521	7.03887851379973	7.8926400469542e-18	1	6	11	3.51082198122245e-07	1	0	4.65016389182664	4.20001468766753
THBS1	ITGA2B	R-HSA-6802946	REACTOME_SIGNALING_BY_MODERATE_KINASE_ACTIVITY_BRAF_MUTANTS	6.97003445391618e-54	1.1696057815352e-53	10.1171572475629	4.02018928876498	7.53535617833019e-18	1	12	23	0.000306459730668725	1	0	3.36324076136934	-1.22574277327969
LAMC1	ITGA7	R-HSA-3000178	REACTOME_ECM_PROTEOGLYCANS	7.55447551949028e-54	1.26705976533625e-53	3.23766986137765	2.14467390235839	3.45341647597974e-15	1	6	11	1.29584265478373e-07	1	0	5.42501182058629	-6.34615646135939
TNC	ITGA7	R-HSA-3000178	REACTOME_ECM_PROTEOGLYCANS	1.32130233595952e-53	2.21504875034149e-53	8.5066015717972	2.14467390235839	6.04013772363245e-15	1	6	11	1.29584265478373e-07	1	0	7.35469947673216	-6.34615646135939
THBS1	ITGB3	R-HSA-1566948	REACTOME_ELASTIC_FIBRE_FORMATION	1.34096091444581e-53	2.24690966667978e-53	10.1171572475629	2.33558859980003	2.13752817950321e-12	1	4	8	2.56958654423585e-09	1	0	3.36324076136934	5.81058030327552
NID1	ITGB3	R-HSA-354192	REACTOME_INTEGRIN_SIGNALING	1.3903781255157e-53	2.32744562130121e-53	1.19124771367259	2.33558859980003	4.19104811461619e-06	1	8	15	3.88179724255606e-07	1	0	6.87787345437884	5.81058030327552
NID1	ITGB3	R-HSA-76009	REACTOME_PLATELET_AGGREGATION_PLUG_FORMATION	1.3903781255157e-53	2.32744562130121e-53	1.19124771367259	2.33558859980003	4.19104811461619e-06	1	8	15	3.88179724255606e-07	1	0	6.87787345437884	5.81058030327552
CDH1	EGFR	R-HSA-9634638	REACTOME_ESTROGEN_DEPENDENT_NUCLEAR_EVENTS_DOWNSTREAM_OF_ESR_MEMBRANE_SIGNALING	1.68403995625512e-53	2.81765440151634e-53	14.3704771513226	2.93967772399715	5.72574762232922e-27	1	7	13	5.59413474085958e-05	1	0	5.40152618533464	-4.97288082913192
TNC	SDC1	R-HSA-2024096	REACTOME_HS_GAG_DEGRADATION	1.80043676707115e-53	3.01093946462069e-53	8.5066015717972	7.03887851379973	2.08105567166854e-17	1	6	11	3.51082198122245e-07	1	0	7.35469947673216	4.20001468766753
THBS1	SDC1	R-HSA-9833110	REACTOME_RSV_HOST_INTERACTIONS	1.94509215084739e-53	3.25127162240769e-53	10.1171572475629	7.03887851379973	5.90606021276296e-18	1	1	3	1.48780249661377e-12	1	0	3.36324076136934	4.20001468766753
NCAM1	FGFR2	R-HSA-5654727	REACTOME_NEGATIVE_REGULATION_OF_FGFR2_SIGNALING	2.3496225942776e-53	3.92554721919133e-53	2.9320508687129	12.4089683634966	4.70208501851753e-29	1	8	15	0.000306459730668725	1	0	5.86615048162456	5.89402827446816
RND1	PLXNB1	R-HSA-416482	REACTOME_G_ALPHA_12_13_SIGNALLING_EVENTS	2.48440113671747e-53	4.14870869432432e-53	4.60833105105072	1.13851846452977	2.20349926659905e-15	1	8	15	6.03180189901969e-06	1	0	-6.26577098121408	0.76015544151647
HSPG2	SDC1	R-HSA-9833110	REACTOME_RSV_HOST_INTERACTIONS	2.59934908411855e-53	4.3385545120659e-53	3.51948105940521	7.03887851379973	7.8926400469542e-18	1	1	3	1.48780249661377e-12	1	0	4.65016389182664	4.20001468766753
THBS1	ITGA2B	R-HSA-5674135	REACTOME_MAP2K_AND_MAPK_ACTIVATION	2.61241540392004e-53	4.35824878248543e-53	10.1171572475629	4.02018928876498	7.53535617833019e-18	1	12	23	0.000342139965259519	1	0	3.36324076136934	-1.22574277327969
RND1	ERBB2	R-HSA-1227990	REACTOME_SIGNALING_BY_ERBB2_IN_CANCER	3.69822494897698e-53	6.16669598859953e-53	4.60833105105072	5.2615892882842	2.81137084807974e-23	1	9	18	0.000353112685666113	1	0	-6.26577098121408	-6.34615646135939
TNC	ITGB3	R-HSA-1566948	REACTOME_ELASTIC_FIBRE_FORMATION	4.72500146622749e-53	7.87500244371249e-53	8.5066015717972	2.33558859980003	7.53178088447811e-12	1	4	8	2.56958654423585e-09	1	0	7.35469947673216	5.81058030327552
LAMA5	ITGA6	R-HSA-3000170	REACTOME_SYNDECAN_INTERACTIONS	5.03487471281719e-53	8.38739419471725e-53	4.79474119253631	1.21558443268924	2.28033573821803e-16	1	4	8	2.08526077666398e-08	1	0	7.7539223096356	-4.68122835464662
HSPG2	PTPRS	R-HSA-6794362	REACTOME_PROTEIN_PROTEIN_INTERACTIONS_AT_SYNAPSES	5.11583275328062e-53	8.51813391640143e-53	3.51948105940521	1.78074089539144	1.00131927312496e-14	1	7	13	1.16866456943474e-06	1	0	4.65016389182664	-1.72999426532377
NID1	ITGB1	R-HSA-1566948	REACTOME_ELASTIC_FIBRE_FORMATION	5.45860498581039e-53	9.08447080367089e-53	1.19124771367259	1.64273129306188	7.83162877534108e-06	1	5	10	5.66893812322771e-09	1	0	6.87787345437884	-1.65313439362914
THBS1	ITGA2B	R-HSA-76005	REACTOME_RESPONSE_TO_ELEVATED_PLATELET_CYTOSOLIC_CA2	5.75573758307932e-53	9.57434104728862e-53	10.1171572475629	4.02018928876498	7.53535617833019e-18	1	7	13	3.32056891668759e-06	1	0	3.36324076136934	-1.22574277327969
TNC	SDC1	R-HSA-9833110	REACTOME_RSV_HOST_INTERACTIONS	6.85371450106715e-53	1.13952527228956e-52	8.5066015717972	7.03887851379973	2.08105567166854e-17	1	1	3	1.48780249661377e-12	1	0	7.35469947673216	4.20001468766753
EFNB1	EPHB4	R-HSA-3928665	REACTOME_EPH_EPHRIN_MEDIATED_REPULSION_OF_CELLS	8.80773129592543e-53	1.46370027333254e-52	2.06677780171612	2.4376419275341	1.93980628709874e-17	1	7	13	3.08277767799156e-06	1	0	-1.46243435061172	5.37305011989846
RND1	ERBB2	R-HSA-8863795	REACTOME_DOWNREGULATION_OF_ERBB2_SIGNALING	9.52297452546057e-53	1.58179779659992e-52	4.60833105105072	5.2615892882842	2.81137084807974e-23	1	8	15	6.92128322728481e-05	1	0	-6.26577098121408	-6.34615646135939
FN1	ITGA2B	R-HSA-6802946	REACTOME_SIGNALING_BY_MODERATE_KINASE_ACTIVITY_BRAF_MUTANTS	1.52620422004884e-52	2.53385256610426e-52	4.37912027588558	4.02018928876498	1.64999075327052e-16	1	12	23	0.000306459730668725	1	0	3.43264151330902	-1.22574277327969
LAMA5	SDC1	R-HSA-3656237	REACTOME_DEFECTIVE_EXT2_CAUSES_EXOSTOSES_2	1.7220712520602e-52	2.85490366606606e-52	4.79474119253631	7.03887851379973	1.53740409075425e-21	1	3	7	3.51082198122245e-07	1	0	7.7539223096356	4.20001468766753
LAMA5	SDC1	R-HSA-9694614	REACTOME_ATTACHMENT_AND_ENTRY	1.7220712520602e-52	2.85490366606606e-52	4.79474119253631	7.03887851379973	1.53740409075425e-21	1	3	7	3.51082198122245e-07	1	0	7.7539223096356	4.20001468766753
LAMA5	SDC1	R-HSA-9772572	REACTOME_EARLY_SARS_COV_2_INFECTION_EVENTS	1.7220712520602e-52	2.85490366606606e-52	4.79474119253631	7.03887851379973	1.53740409075425e-21	1	3	7	3.51082198122245e-07	1	0	7.7539223096356	4.20001468766753
LTBP1	ITGB3	R-HSA-1566948	REACTOME_ELASTIC_FIBRE_FORMATION	2.25809366834661e-52	3.74173517298281e-52	2.6298897401509	2.33558859980003	3.59946274052546e-11	1	4	8	2.56958654423585e-09	1	0	7.03079313325193	5.81058030327552
LUM	ITGB1	R-HSA-3000178	REACTOME_ECM_PROTEOGLYCANS	2.49859593915638e-52	4.13747582531638e-52	11.828176566468	1.64273129306188	5.41903844093848e-23	1	6	11	4.64005800644495e-06	1	0	4.04840561928604	-1.65313439362914
MFGE8	ITGB3	R-HSA-1566948	REACTOME_ELASTIC_FIBRE_FORMATION	2.49932405959519e-52	4.13747582531638e-52	2.73317240377774	2.33558859980003	3.98399054703467e-11	1	4	8	2.56958654423585e-09	1	0	7.14954233744459	5.81058030327552
LAMB1	ITGA6	R-HSA-3000170	REACTOME_SYNDECAN_INTERACTIONS	2.59789080309718e-52	4.29857833701506e-52	6.55387519617198	1.21558443268924	1.17660588995585e-15	1	4	8	2.08526077666398e-08	1	0	0.951831469888455	-4.68122835464662
EFNB1	EPHB3	R-HSA-3928665	REACTOME_EPH_EPHRIN_MEDIATED_REPULSION_OF_CELLS	2.81550775432843e-52	4.65641667062009e-52	2.06677780171612	2.66398278170484	6.2008472553518e-17	1	7	13	3.08277767799156e-06	1	0	-1.46243435061172	5.2668835215113
FN1	ITGB3	R-HSA-1566948	REACTOME_ELASTIC_FIBRE_FORMATION	2.93625550932228e-52	4.85378133208489e-52	4.37912027588558	2.33558859980003	4.68047116495695e-11	1	4	8	2.56958654423585e-09	1	0	3.43264151330902	5.81058030327552
IGF2	IGF1R	R-HSA-2404192	REACTOME_SIGNALING_BY_TYPE_1_INSULIN_LIKE_GROWTH_FACTOR_1_RECEPTOR_IGF1R	2.96039194084297e-52	4.89132962367907e-52	18.1080643189009	6.39079791705591	6.35679324414563e-20	1	12	23	0.000623718148537979	1	0	-4.40934983275098	5.51394539218302
FGF2	SDC4	R-HSA-3656237	REACTOME_DEFECTIVE_EXT2_CAUSES_EXOSTOSES_2	3.56644322074963e-52	5.88420368315526e-52	1.22084110229944	1.20804741852566	6.4332552371885e-09	1	4	8	9.97983415291508e-10	1	0	5.86272009779499	-4.21601081838777
FGF2	SDC4	R-HSA-9694614	REACTOME_ATTACHMENT_AND_ENTRY	3.56644322074963e-52	5.88420368315526e-52	1.22084110229944	1.20804741852566	6.4332552371885e-09	1	4	8	9.97983415291508e-10	1	0	5.86272009779499	-4.21601081838777
FGF2	SDC4	R-HSA-9772572	REACTOME_EARLY_SARS_COV_2_INFECTION_EVENTS	3.56644322074963e-52	5.88420368315526e-52	1.22084110229944	1.20804741852566	6.4332552371885e-09	1	4	8	9.97983415291508e-10	1	0	5.86272009779499	-4.21601081838777
COL4A2	ITGB3	R-HSA-5674135	REACTOME_MAP2K_AND_MAPK_ACTIVATION	3.93270437829423e-52	6.48538018280544e-52	10.9035066930124	2.33558859980003	4.25167600396513e-16	1	12	23	0.000306459730668725	1	0	6.44091966949719	5.81058030327552
APP	GPC1	R-HSA-9833110	REACTOME_RSV_HOST_INTERACTIONS	4.07024521807789e-52	6.70898109735887e-52	1.07409823105059	4.39143398803966	1.23588557633147e-16	1	1	3	1.48780249661377e-12	1	0	-6.19605749258721	-6.34615646135939
COL5A1	ITGB1	R-HSA-9634597	REACTOME_GPER1_SIGNALING	4.12420263239256e-52	6.79466334072337e-52	17.6910136130676	1.64273129306188	6.93378239852596e-21	1	9	18	0.000259067579825834	1	0	5.13171509336827	-1.65313439362914
LAMC1	ITGB4	R-HSA-3000170	REACTOME_SYNDECAN_INTERACTIONS	4.62286921901824e-52	7.61257544922103e-52	3.23766986137765	6.44412418959411	2.2592399817101e-19	1	4	8	1.29584265478373e-07	1	0	5.42501182058629	5.77953524166907
COL4A3	ITGB3	R-HSA-5674135	REACTOME_MAP2K_AND_MAPK_ACTIVATION	4.76880310035234e-52	7.84913046182394e-52	10.9133221434925	2.33558859980003	5.15558856173085e-16	1	12	23	0.000306459730668725	1	0	4.45925716993137	5.81058030327552
THBS1	ITGB3	R-HSA-6802946	REACTOME_SIGNALING_BY_MODERATE_KINASE_ACTIVITY_BRAF_MUTANTS	5.15750625194437e-52	8.48485007493479e-52	10.1171572475629	2.33558859980003	2.13752817950321e-12	1	12	23	0.000154057837573892	1	0	3.36324076136934	5.81058030327552
FN1	ITGA2B	R-HSA-5674135	REACTOME_MAP2K_AND_MAPK_ACTIVATION	5.72031521557716e-52	9.40625446538501e-52	4.37912027588558	4.02018928876498	1.64999075327052e-16	1	12	23	0.000342139965259519	1	0	3.43264151330902	-1.22574277327969
RND1	ERBB2	R-HSA-400685	REACTOME_SEMA4D_IN_SEMAPHORIN_SIGNALING	6.01373157962616e-52	9.88401176966745e-52	4.60833105105072	5.2615892882842	2.81137084807974e-23	1	9	17	0.000212438839452866	1	0	-6.26577098121408	-6.34615646135939
COL1A1	ITGB1	R-HSA-9634597	REACTOME_GPER1_SIGNALING	6.10223074551272e-52	1.00246770604411e-51	11.8865981117298	1.64273129306188	1.02593262034834e-20	1	9	18	0.000259067579825834	1	0	-1.97991822679722	-1.65313439362914
BMP6	BMPR1A	R-HSA-201451	REACTOME_SIGNALING_BY_BMP	6.63775637784683e-52	1.08992276562258e-51	2.78731445044904	3.4042348902694	2.89632344424062e-18	1	9	17	5.95597460084578e-05	1	0	5.32320895715059	3.65257893153054
FGF2	FGFR3	R-HSA-190236	REACTOME_SIGNALING_BY_FGFR	7.75369261231981e-52	1.27255260431203e-51	1.22084110229944	4.05722087136925	4.09851165565448e-12	1	24	45	0.00419605243373027	1	0	5.86272009779499	-0.41857284145358
FBLN2	ITGB3	R-HSA-5674135	REACTOME_MAP2K_AND_MAPK_ACTIVATION	1.01947442339746e-51	1.67238532021329e-51	20.4800687975369	2.33558859980003	1.10216139472329e-15	1	12	23	0.000306459730668725	1	0	-1.12341971762222	5.81058030327552
COL17A1	ITGA6	R-HSA-3000170	REACTOME_SYNDECAN_INTERACTIONS	1.15946733843596e-51	1.90112852441358e-51	8.8967105526396	1.21558443268924	5.25132194928573e-15	1	4	8	2.08526077666398e-08	1	0	-0.580402338253546	-4.68122835464662
FN1	ITGA2B	R-HSA-76005	REACTOME_RESPONSE_TO_ELEVATED_PLATELET_CYTOSOLIC_CA2	1.26031385452532e-51	2.06549769393383e-51	4.37912027588558	4.02018928876498	1.64999075327052e-16	1	7	13	3.32056891668759e-06	1	0	3.43264151330902	-1.22574277327969
COMP	ITGB1	R-HSA-9634597	REACTOME_GPER1_SIGNALING	1.56302150283572e-51	2.56037808083566e-51	10.1255608464429	1.64273129306188	2.6278172900037e-20	1	9	18	0.000259067579825834	1	0	4.50469248937221	-1.65313439362914
COL1A2	ITGB1	R-HSA-9634597	REACTOME_GPER1_SIGNALING	1.63704487567112e-51	2.68035905393082e-51	14.0547056107493	1.64273129306188	2.75226848830669e-20	1	9	18	0.000259067579825834	1	0	-0.973544102787729	-1.65313439362914
L1CAM	EGFR	R-HSA-1227990	REACTOME_SIGNALING_BY_ERBB2_IN_CANCER	1.71249383948161e-51	2.80255890000796e-51	5.38418252448028	2.93967772399715	1.30182866760621e-21	1	9	18	0.000353112685666113	1	0	4.78903995096595	-4.97288082913192
TNC	ITGB3	R-HSA-6802946	REACTOME_SIGNALING_BY_MODERATE_KINASE_ACTIVITY_BRAF_MUTANTS	1.81729566760609e-51	2.97265672684971e-51	8.5066015717972	2.33558859980003	7.53178088447811e-12	1	12	23	0.000154057837573892	1	0	7.35469947673216	5.81058030327552
TGFB2	TGFBR3	R-HSA-201451	REACTOME_SIGNALING_BY_BMP	2.0369538539525e-51	3.3303808258539e-51	6.5137576516326	1.231627940706	8.29055262965906e-14	1	9	18	5.95597460084578e-05	1	0	5.93110784303411	5.3195988464643
COL4A4	CD47	R-HSA-216083	REACTOME_INTEGRIN_CELL_SURFACE_INTERACTIONS	2.29355912165734e-51	3.74814412280345e-51	4.75297522418188	1.62548017274011	2.30662614633852e-12	1	5	10	1.29584265478373e-07	1	0	-5.54509567223867	3.47290191585887
L1CAM	ERBB3	R-HSA-8847993	REACTOME_ERBB2_ACTIVATES_PTK6_SIGNALING	2.64437898328187e-51	4.31940346746896e-51	5.38418252448028	8.31277667281055	8.52956978498308e-29	1	2	5	1.57799919931014e-06	1	0	4.78903995096595	5.83982229038879
COL16A1	ITGB1	R-HSA-445144	REACTOME_SIGNAL_TRANSDUCTION_BY_L1	2.88473464238055e-51	4.70977084470293e-51	12.9334956641832	1.64273129306188	1.41417537656979e-24	1	8	15	0.000154057837573892	1	0	5.80814713736568	-1.65313439362914
IL6ST	CNTFR	R-HSA-6783589	REACTOME_INTERLEUKIN_6_FAMILY_SIGNALING	3.11771496450747e-51	5.08773220014502e-51	3.9101638262986	9.80289671720612	4.27751197822788e-20	1	6	12	1.37311396176932e-05	1	0	5.79722245224878	5.20535288616514
DCN	EGFR	R-HSA-1963642	REACTOME_PI3K_EVENTS_IN_ERBB2_SIGNALING	3.91647600386336e-51	6.38818276590325e-51	12.4299900158892	2.93967772399715	3.0197937025404e-18	1	4	9	1.57799919931014e-06	1	0	-3.32916132851479	-4.97288082913192
L1CAM	ERBB3	R-HSA-6785631	REACTOME_ERBB2_REGULATES_CELL_MOTILITY	4.05377746125404e-51	6.60900211692601e-51	5.38418252448028	8.31277667281055	8.52956978498308e-29	1	3	6	1.33416828061349e-06	1	0	4.78903995096595	5.83982229038879
EFEMP1	EGFR	R-HSA-1227990	REACTOME_SIGNALING_BY_ERBB2_IN_CANCER	4.14340220514724e-51	6.75192022060943e-51	11.9073822111131	2.93967772399715	3.14979221981685e-21	1	9	18	0.000353112685666113	1	0	3.20088563659098	-4.97288082913192
EFNB1	ERBB2	R-HSA-1227990	REACTOME_SIGNALING_BY_ERBB2_IN_CANCER	4.24994695237897e-51	6.92226208152636e-51	2.06677780171612	5.2615892882842	3.23078696743656e-21	1	9	18	0.000353112685666113	1	0	-1.46243435061172	-6.34615646135939
L1CAM	ERBB3	R-HSA-1250196	REACTOME_SHC1_EVENTS_IN_ERBB2_SIGNALING	4.33071899028613e-51	7.05048430032384e-51	5.38418252448028	8.31277667281055	8.52956978498308e-29	1	6	11	6.92128322728481e-05	1	0	4.78903995096595	5.83982229038879
L1CAM	EGFR	R-HSA-8863795	REACTOME_DOWNREGULATION_OF_ERBB2_SIGNALING	4.40969260480023e-51	7.17565873250369e-51	5.38418252448028	2.93967772399715	1.30182866760621e-21	1	8	15	6.92128322728481e-05	1	0	4.78903995096595	-4.97288082913192
COL18A1	ITGB3	R-HSA-5674135	REACTOME_MAP2K_AND_MAPK_ACTIVATION	4.66001518998135e-51	7.57941004895311e-51	6.26939471434587	2.33558859980003	5.03797714130507e-15	1	12	23	0.000306459730668725	1	0	0.323040890532106	5.81058030327552
THBS1	SDC4	R-HSA-9833110	REACTOME_RSV_HOST_INTERACTIONS	6.84267110461307e-51	1.11241912097679e-50	10.1171572475629	1.20804741852566	2.07770246475838e-15	1	1	3	1.48780249661377e-12	1	0	3.36324076136934	-4.21601081838777
WNT2	FZD3	R-HSA-4086400	REACTOME_PCP_CE_PATHWAY	7.08082677826143e-51	1.15059254214546e-50	14.5622583700428	2.55657213646914	2.55964198728179e-17	1	13	25	0.000798523762838564	1	0	-3.11640413984048	6.97633115708027
FGF2	FGFR2	R-HSA-112399	REACTOME_IRS_MEDIATED_SIGNALLING	7.26437405401766e-51	1.1798605640142e-50	1.22084110229944	12.4089683634966	1.30876234129358e-21	1	11	20	0.000353112685666113	1	0	5.86272009779499	5.89402827446816
COL4A4	ITGB3	R-HSA-1566948	REACTOME_ELASTIC_FIBRE_FORMATION	7.85178679034638e-51	1.27466477389295e-50	4.75297522418188	2.33558859980003	1.25159617577315e-09	1	4	8	2.56958654423585e-09	1	0	-5.54509567223867	5.81058030327552
LTBP1	ITGB3	R-HSA-6802946	REACTOME_SIGNALING_BY_MODERATE_KINASE_ACTIVITY_BRAF_MUTANTS	8.68491548598695e-51	1.40925043734883e-50	2.6298897401509	2.33558859980003	3.59946274052546e-11	1	12	23	0.000154057837573892	1	0	7.03079313325193	5.81058030327552
MFGE8	ITGB3	R-HSA-6802946	REACTOME_SIGNALING_BY_MODERATE_KINASE_ACTIVITY_BRAF_MUTANTS	9.61271825609061e-51	1.55906415846071e-50	2.73317240377774	2.33558859980003	3.98399054703467e-11	1	12	23	0.000154057837573892	1	0	7.14954233744459	5.81058030327552
THBS1	ITGA2B	R-HSA-8936459	REACTOME_RUNX1_REGULATES_GENES_INVOLVED_IN_MEGAKARYOCYTE_DIFFERENTIATION_AND_PLATELET_FUNCTION	9.80848699066867e-51	1.59006575155043e-50	10.1171572475629	4.02018928876498	7.53535617833019e-18	1	14	26	0.000852935891251508	1	0	3.36324076136934	-1.22574277327969
FGF2	FGFR2	R-HSA-1226099	REACTOME_SIGNALING_BY_FGFR_IN_DISEASE	1.05419847229195e-50	1.70816898006798e-50	1.22084110229944	12.4089683634966	1.30876234129358e-21	1	13	25	0.00176215311281107	1	0	5.86272009779499	5.89402827446816
EFEMP1	EGFR	R-HSA-8863795	REACTOME_DOWNREGULATION_OF_ERBB2_SIGNALING	1.0669311410943e-50	1.7279864055388e-50	11.9073822111131	2.93967772399715	3.14979221981685e-21	1	8	15	6.92128322728481e-05	1	0	3.20088563659098	-4.97288082913192
EFNB1	ERBB2	R-HSA-8863795	REACTOME_DOWNREGULATION_OF_ERBB2_SIGNALING	1.09436654396211e-50	1.77158631116689e-50	2.06677780171612	5.2615892882842	3.23078696743656e-21	1	8	15	6.92128322728481e-05	1	0	-1.46243435061172	-6.34615646135939
FN1	ITGB3	R-HSA-6802946	REACTOME_SIGNALING_BY_MODERATE_KINASE_ACTIVITY_BRAF_MUTANTS	1.12932121909716e-50	1.8273118502795e-50	4.37912027588558	2.33558859980003	4.68047116495695e-11	1	12	23	0.000154057837573892	1	0	3.43264151330902	5.81058030327552
EFNB1	EPHB2	R-HSA-3928665	REACTOME_EPH_EPHRIN_MEDIATED_REPULSION_OF_CELLS	1.15133153704914e-50	1.86205006462108e-50	2.06677780171612	1.69666351620937	2.53568152690598e-15	1	7	13	3.08277767799156e-06	1	0	-1.46243435061172	-2.98694876026066
CDH1	ERBB3	R-HSA-1358803	REACTOME_DOWNREGULATION_OF_ERBB2_ERBB3_SIGNALING	1.39331236153814e-50	2.25234705060677e-50	14.3704771513226	8.31277667281055	3.75150472033015e-34	1	3	7	0.000281556464908479	1	0	5.40152618533464	5.83982229038879
FBN1	ITGB3	R-HSA-5674135	REACTOME_MAP2K_AND_MAPK_ACTIVATION	1.58127013632825e-50	2.55498791402968e-50	6.40013831890023	2.33558859980003	1.70952292562848e-14	1	12	23	0.000306459730668725	1	0	1.72756032766282	5.81058030327552
LAMA3	ITGB4	R-HSA-3000170	REACTOME_SYNDECAN_INTERACTIONS	1.7591324862851e-50	2.84104025954025e-50	1.52751187044421	6.44412418959411	8.59704711046187e-18	1	4	8	1.29584265478373e-07	1	0	-6.34615646135939	5.77953524166907
CDH1	EGFR	R-HSA-445144	REACTOME_SIGNAL_TRANSDUCTION_BY_L1	2.02201692959632e-50	3.26407237813765e-50	14.3704771513226	2.93967772399715	5.72574762232922e-27	1	7	13	0.000154057837573892	1	0	5.40152618533464	-4.97288082913192
L1CAM	EGFR	R-HSA-9012852	REACTOME_SIGNALING_BY_NOTCH3	2.09905201162582e-50	3.38683814258574e-50	5.38418252448028	2.93967772399715	1.30182866760621e-21	1	14	27	0.0026472551084164	1	0	4.78903995096595	-4.97288082913192
TNC	SDC4	R-HSA-9833110	REACTOME_RSV_HOST_INTERACTIONS	2.41107929798023e-50	3.88847294189029e-50	8.5066015717972	1.20804741852566	7.32097937129289e-15	1	1	3	1.48780249661377e-12	1	0	7.35469947673216	-4.21601081838777
LAMB2	ITGB1	R-HSA-9634597	REACTOME_GPER1_SIGNALING	2.77948051720571e-50	4.48051217393986e-50	11.7077824357821	1.64273129306188	4.67297919260249e-19	1	9	18	0.000259067579825834	1	0	-5.4770692126764	-1.65313439362914
COL5A1	ITGB1	R-HSA-3000178	REACTOME_ECM_PROTEOGLYCANS	3.19701008449585e-50	5.15115442185748e-50	17.6910136130676	1.64273129306188	6.93378239852596e-21	1	6	11	4.64005800644495e-06	1	0	5.13171509336827	-1.65313439362914
FGF2	FGFR2	R-HSA-74751	REACTOME_INSULIN_RECEPTOR_SIGNALLING_CASCADE	3.31491610734865e-50	5.33613074837593e-50	1.22084110229944	12.4089683634966	1.30876234129358e-21	1	13	25	0.00192476343881898	1	0	5.86272009779499	5.89402827446816
FGF2	FGFR2	R-HSA-74752	REACTOME_SIGNALING_BY_INSULIN_RECEPTOR	3.31491610734865e-50	5.33613074837593e-50	1.22084110229944	12.4089683634966	1.30876234129358e-21	1	13	25	0.00192476343881898	1	0	5.86272009779499	5.89402827446816
COL2A1	ITGB1	R-HSA-9634597	REACTOME_GPER1_SIGNALING	3.97863112384374e-50	6.40153931993567e-50	12.5798279320328	1.64273129306188	6.68904147435922e-19	1	9	18	0.000259067579825834	1	0	5.28155360459047	-1.65313439362914
COL1A1	ITGB1	R-HSA-3000178	REACTOME_ECM_PROTEOGLYCANS	4.73034304330657e-50	7.60747081298486e-50	11.8865981117298	1.64273129306188	1.02593262034834e-20	1	6	11	4.64005800644495e-06	1	0	-1.97991822679722	-1.65313439362914
EFEMP1	EGFR	R-HSA-9012852	REACTOME_SIGNALING_BY_NOTCH3	5.07868497577889e-50	8.16386743770065e-50	11.9073822111131	2.93967772399715	3.14979221981685e-21	1	14	27	0.0026472551084164	1	0	3.20088563659098	-4.97288082913192
L1CAM	ERBB2	R-HSA-8847993	REACTOME_ERBB2_ACTIVATES_PTK6_SIGNALING	6.1881732238185e-50	9.9426977533562e-50	5.38418252448028	5.2615892882842	1.99602461250152e-27	1	2	5	1.57799919931014e-06	1	0	4.78903995096595	-6.34615646135939
RND1	ERBB2	R-HSA-416572	REACTOME_SEMA4D_INDUCED_CELL_MIGRATION_AND_GROWTH_CONE_COLLAPSE	6.82614186673155e-50	1.0962618123976e-49	4.60833105105072	5.2615892882842	2.81137084807974e-23	1	7	13	5.44299221961187e-05	1	0	-6.26577098121408	-6.34615646135939
AGRN	PTPRS	R-HSA-6794362	REACTOME_PROTEIN_PROTEIN_INTERACTIONS_AT_SYNAPSES	6.88786646852886e-50	1.10565845318429e-49	1.11546551296964	1.78074089539144	1.34815850678979e-11	1	7	13	1.16866456943474e-06	1	0	5.51142825962013	-1.72999426532377
EFNB1	ERBB2	R-HSA-400685	REACTOME_SEMA4D_IN_SEMAPHORIN_SIGNALING	6.91089388879044e-50	1.10883745230593e-49	2.06677780171612	5.2615892882842	3.23078696743656e-21	1	9	17	0.000212438839452866	1	0	-1.46243435061172	-6.34615646135939
COMP	CD47	R-HSA-391160	REACTOME_SIGNAL_REGULATORY_PROTEIN_FAMILY_INTERACTIONS	7.22927849469786e-50	1.15938079355528e-49	10.1255608464429	1.62548017274011	2.59166403611074e-23	1	4	8	2.18507385059052e-06	1	0	4.50469248937221	3.47290191585887
L1CAM	ERBB2	R-HSA-6785631	REACTOME_ERBB2_REGULATES_CELL_MOTILITY	9.48633962818683e-50	1.52064344459286e-49	5.38418252448028	5.2615892882842	1.99602461250152e-27	1	3	6	1.33416828061349e-06	1	0	4.78903995096595	-6.34615646135939
SLIT2	SDC1	R-HSA-3656237	REACTOME_DEFECTIVE_EXT2_CAUSES_EXOSTOSES_2	9.81584203091173e-50	1.57126554613012e-49	6.43545090641173	7.03887851379973	8.76323536233891e-19	1	3	7	3.51082198122245e-07	1	0	2.55777934270203	4.20001468766753
SLIT2	SDC1	R-HSA-9694614	REACTOME_ATTACHMENT_AND_ENTRY	9.81584203091173e-50	1.57126554613012e-49	6.43545090641173	7.03887851379973	8.76323536233891e-19	1	3	7	3.51082198122245e-07	1	0	2.55777934270203	4.20001468766753
SLIT2	SDC1	R-HSA-9772572	REACTOME_EARLY_SARS_COV_2_INFECTION_EVENTS	9.81584203091173e-50	1.57126554613012e-49	6.43545090641173	7.03887851379973	8.76323536233891e-19	1	3	7	3.51082198122245e-07	1	0	2.55777934270203	4.20001468766753
L1CAM	ERBB2	R-HSA-1250196	REACTOME_SHC1_EVENTS_IN_ERBB2_SIGNALING	1.01344169897732e-49	1.62150671836371e-49	5.38418252448028	5.2615892882842	1.99602461250152e-27	1	6	11	6.92128322728481e-05	1	0	4.78903995096595	-6.34615646135939
LUM	ITGB1	R-HSA-445144	REACTOME_SIGNAL_TRANSDUCTION_BY_L1	1.10541366919322e-49	1.76783961972323e-49	11.828176566468	1.64273129306188	5.41903844093848e-23	1	8	15	0.000154057837573892	1	0	4.04840561928604	-1.65313439362914
SEMA4D	ERBB2	R-HSA-1963642	REACTOME_PI3K_EVENTS_IN_ERBB2_SIGNALING	1.20545391515684e-49	1.92693376772283e-49	1.01462714481266	5.2615892882842	9.29463665321184e-17	1	4	9	1.57799919931014e-06	1	0	7.0765425972243	-6.34615646135939
COMP	ITGB1	R-HSA-3000178	REACTOME_ECM_PROTEOGLYCANS	1.21162705915611e-49	1.93590203599489e-49	10.1255608464429	1.64273129306188	2.6278172900037e-20	1	6	11	4.64005800644495e-06	1	0	4.50469248937221	-1.65313439362914
COL1A2	ITGB1	R-HSA-3000178	REACTOME_ECM_PROTEOGLYCANS	1.26900868914306e-49	2.02664340327396e-49	14.0547056107493	1.64273129306188	2.75226848830669e-20	1	6	11	4.64005800644495e-06	1	0	-0.973544102787729	-1.65313439362914
CDH1	EGFR	R-HSA-8847993	REACTOME_ERBB2_ACTIVATES_PTK6_SIGNALING	1.77512430963639e-49	2.83360910679777e-49	14.3704771513226	2.93967772399715	5.72574762232922e-27	1	2	5	1.57799919931014e-06	1	0	5.40152618533464	-4.97288082913192
CLCF1	CNTFR	R-HSA-6783589	REACTOME_INTERLEUKIN_6_FAMILY_SIGNALING	1.79869575840566e-49	2.86990417853223e-49	1.99763232565619	9.80289671720612	2.46781464609718e-18	1	6	12	1.37311396176932e-05	1	0	6.19877985208826	5.20535288616514
THBS1	ITGA6	R-HSA-3000170	REACTOME_SYNDECAN_INTERACTIONS	1.93418720533177e-49	3.08465646098345e-49	10.1171572475629	1.21558443268924	8.7600912838886e-13	1	4	8	2.08526077666398e-08	1	0	3.36324076136934	-4.68122835464662
COL3A1	ITGB1	R-HSA-9634597	REACTOME_GPER1_SIGNALING	1.9598486190912e-49	3.12413310920933e-49	15.038080980152	1.64273129306188	3.29497967730712e-18	1	9	18	0.000259067579825834	1	0	-4.39983829722896	-1.65313439362914
FN1	ITGA2B	R-HSA-8936459	REACTOME_RUNX1_REGULATES_GENES_INVOLVED_IN_MEGAKARYOCYTE_DIFFERENTIATION_AND_PLATELET_FUNCTION	2.14773030699179e-49	3.42204365727269e-49	4.37912027588558	4.02018928876498	1.64999075327052e-16	1	14	26	0.000852935891251508	1	0	3.43264151330902	-1.22574277327969
CDH1	EGFR	R-HSA-6785631	REACTOME_ERBB2_REGULATES_CELL_MOTILITY	2.72122829701113e-49	4.33380802857328e-49	14.3704771513226	2.93967772399715	5.72574762232922e-27	1	3	6	1.33416828061349e-06	1	0	5.40152618533464	-4.97288082913192
CDH1	EGFR	R-HSA-1250196	REACTOME_SHC1_EVENTS_IN_ERBB2_SIGNALING	2.90713419160518e-49	4.62773790796938e-49	14.3704771513226	2.93967772399715	5.72574762232922e-27	1	6	11	6.92128322728481e-05	1	0	5.40152618533464	-4.97288082913192
COL4A4	ITGB3	R-HSA-6802946	REACTOME_SIGNALING_BY_MODERATE_KINASE_ACTIVITY_BRAF_MUTANTS	3.01989707708086e-49	4.80501662588258e-49	4.75297522418188	2.33558859980003	1.25159617577315e-09	1	12	23	0.000154057837573892	1	0	-5.54509567223867	5.81058030327552
LAMC1	ITGA6	R-HSA-3000170	REACTOME_SYNDECAN_INTERACTIONS	3.8966055937906e-49	6.19709812419772e-49	3.23766986137765	1.21558443268924	1.76480438940043e-12	1	4	8	2.08526077666398e-08	1	0	5.42501182058629	-4.68122835464662
SEMA4D	MET	R-HSA-8986944	REACTOME_TRANSCRIPTIONAL_REGULATION_BY_MECP2	3.95849335426705e-49	6.29261420456499e-49	1.01462714481266	2.64032224114379	1.77060688597618e-07	1	15	28	0.000303379413040266	1	0	7.0765425972243	11.2515502894158
L1CAM	ITGB1	R-HSA-9634597	REACTOME_GPER1_SIGNALING	4.65775018271463e-49	7.4007670339669e-49	5.38418252448028	1.64273129306188	7.83080491244005e-18	1	9	18	0.000259067579825834	1	0	4.78903995096595	-1.65313439362914
THBS1	SDC1	R-HSA-3656237	REACTOME_DEFECTIVE_EXT2_CAUSES_EXOSTOSES_2	6.61547381492001e-49	1.04968772709063e-48	10.1171572475629	7.03887851379973	5.90606021276296e-18	1	3	7	3.51082198122245e-07	1	0	3.36324076136934	4.20001468766753
THBS1	SDC1	R-HSA-9694614	REACTOME_ATTACHMENT_AND_ENTRY	6.61547381492001e-49	1.04968772709063e-48	10.1171572475629	7.03887851379973	5.90606021276296e-18	1	3	7	3.51082198122245e-07	1	0	3.36324076136934	4.20001468766753
THBS1	SDC1	R-HSA-9772572	REACTOME_EARLY_SARS_COV_2_INFECTION_EVENTS	6.61547381492001e-49	1.04968772709063e-48	10.1171572475629	7.03887851379973	5.90606021276296e-18	1	3	7	3.51082198122245e-07	1	0	3.36324076136934	4.20001468766753
COL4A1	ITGB1	R-HSA-9634597	REACTOME_GPER1_SIGNALING	6.7570882307491e-49	1.07166360137284e-48	11.3294445506569	1.64273129306188	1.13603000666519e-17	1	9	18	0.000259067579825834	1	0	4.78373488091513	-1.65313439362914
WNT7A	LRP6	R-HSA-5340588	REACTOME_SIGNALING_BY_RNF43_MUTANTS	7.45636811847267e-49	1.18202333306664e-48	11.792973304359	1.83737033179993	3.44317276789683e-19	1	1	3	1.29376718826169e-10	1	0	-2.56298607630723	-0.192774737109088
TGFB2	TGFBR2	R-HSA-2173791	REACTOME_TGF_BETA_RECEPTOR_SIGNALING_IN_EMT_EPITHELIAL_TO_MESENCHYMAL_TRANSITION	7.98323475615407e-49	1.26496211705067e-48	6.5137576516326	1.28180263600969	6.7405902021547e-16	1	5	10	1.33416828061349e-06	1	0	5.93110784303411	2.03987526573383
CTF1	IL6ST	R-HSA-6783589	REACTOME_INTERLEUKIN_6_FAMILY_SIGNALING	8.47330044047491e-49	1.34199601819676e-48	6.88834092018875	3.9101638262986	1.10250275720028e-15	1	7	13	6.41667492862728e-06	1	0	-6.34615646135939	5.79722245224878
CTF1	LIFR	R-HSA-6783589	REACTOME_INTERLEUKIN_6_FAMILY_SIGNALING	8.67980566854286e-49	1.37406955820467e-48	6.88834092018875	4.22297917264392	4.6171873443334e-15	1	6	11	8.60825959503123e-07	1	0	-6.34615646135939	-5.27350647587817
HSPG2	SDC1	R-HSA-3656237	REACTOME_DEFECTIVE_EXT2_CAUSES_EXOSTOSES_2	8.84067410088056e-49	1.39760656741862e-48	3.51948105940521	7.03887851379973	7.8926400469542e-18	1	3	7	3.51082198122245e-07	1	0	4.65016389182664	4.20001468766753
HSPG2	SDC1	R-HSA-9694614	REACTOME_ATTACHMENT_AND_ENTRY	8.84067410088056e-49	1.39760656741862e-48	3.51948105940521	7.03887851379973	7.8926400469542e-18	1	3	7	3.51082198122245e-07	1	0	4.65016389182664	4.20001468766753
HSPG2	SDC1	R-HSA-9772572	REACTOME_EARLY_SARS_COV_2_INFECTION_EVENTS	8.84067410088056e-49	1.39760656741862e-48	3.51948105940521	7.03887851379973	7.8926400469542e-18	1	3	7	3.51082198122245e-07	1	0	4.65016389182664	4.20001468766753
S100B	APP	R-HSA-168643	REACTOME_NUCLEOTIDE_BINDING_DOMAIN_LEUCINE_RICH_REPEAT_CONTAINING_RECEPTOR_NLR_SIGNALING_PATHWAYS	9.59373271599838e-49	1.51595960234426e-48	2.91530553230702	1.07409823105059	4.17732978317162e-10	1	19	35	0.00144444888212579	1	0	5.98997946985497	-6.19605749258721
TCN2	LRP2	R-HSA-196849	REACTOME_METABOLISM_OF_WATER_SOLUBLE_VITAMINS_AND_COFACTORS	1.14141363255979e-48	1.80278369880885e-48	6.65623901091562	7.99094933267061	7.1274405683323e-17	1	9	18	0.000227204520705431	1	0	6.17196521483511	8.87156702386971
HSPG2	LRP2	R-HSA-196849	REACTOME_METABOLISM_OF_WATER_SOLUBLE_VITAMINS_AND_COFACTORS	1.25713547411555e-48	1.98464710002639e-48	3.51948105940521	7.99094933267061	7.85005376009606e-17	1	9	18	0.000227204520705431	1	0	4.65016389182664	8.87156702386971
COL5A2	ITGB1	R-HSA-9634597	REACTOME_GPER1_SIGNALING	1.30282102653186e-48	2.05582767489431e-48	9.21695136128872	1.64273129306188	2.19035733871194e-17	1	9	18	0.000259067579825834	1	0	4.91888270579576	-1.65313439362914
CDH1	EGFR	R-HSA-180292	REACTOME_GAB1_SIGNALOSOME	1.53952645287264e-48	2.42823062718105e-48	14.3704771513226	2.93967772399715	5.72574762232922e-27	1	6	11	9.13791633757528e-05	1	0	5.40152618533464	-4.97288082913192
EFNA5	EPHA2	R-HSA-2682334	REACTOME_EPH_EPHRIN_SIGNALING	1.80933654011991e-48	2.85248290468033e-48	6.41959189310427	9.04308235587877	3.02202970159908e-30	1	2	5	1.86021983612035e-05	1	0	6.41274743637436	-0.48536062889553
FGF2	TGFBR3	R-HSA-190236	REACTOME_SIGNALING_BY_FGFR	1.83044210762689e-48	2.884434654254e-48	1.22084110229944	1.231627940706	5.91210589889478e-07	1	25	47	0.00419605243373027	1	0	5.86272009779499	5.3195988464643
ANXA1	EGFR	R-HSA-1963642	REACTOME_PI3K_EVENTS_IN_ERBB2_SIGNALING	1.88633340207856e-48	2.97114784942776e-48	3.78540835500689	2.93967772399715	1.45445490355854e-15	1	4	9	1.57799919931014e-06	1	0	5.66002539089596	-4.97288082913192
S100B	APP	R-HSA-9660826	REACTOME_PURINERGIC_SIGNALING_IN_LEISHMANIASIS_INFECTION	1.92589886433601e-48	3.03207876124296e-48	2.91530553230702	1.07409823105059	4.17732978317162e-10	1	6	12	1.28613757135931e-06	1	0	5.98997946985497	-6.19605749258721
THBS1	ITGB3	R-HSA-5674135	REACTOME_MAP2K_AND_MAPK_ACTIVATION	1.97716533960251e-48	3.11136723157943e-48	10.1171572475629	2.33558859980003	2.13752817950321e-12	1	12	23	0.000306459730668725	1	0	3.36324076136934	5.81058030327552
LAMB2	ITGB1	R-HSA-3000178	REACTOME_ECM_PROTEOGLYCANS	2.15460491038273e-48	3.38904476073004e-48	11.7077824357821	1.64273129306188	4.67297919260249e-19	1	6	11	4.64005800644495e-06	1	0	-5.4770692126764	-1.65313439362914
TNC	SDC1	R-HSA-3656237	REACTOME_DEFECTIVE_EXT2_CAUSES_EXOSTOSES_2	2.33102420350596e-48	3.66151747034726e-48	8.5066015717972	7.03887851379973	2.08105567166854e-17	1	3	7	3.51082198122245e-07	1	0	7.35469947673216	4.20001468766753
TNC	SDC1	R-HSA-9694614	REACTOME_ATTACHMENT_AND_ENTRY	2.33102420350596e-48	3.66151747034726e-48	8.5066015717972	7.03887851379973	2.08105567166854e-17	1	3	7	3.51082198122245e-07	1	0	7.35469947673216	4.20001468766753
TNC	SDC1	R-HSA-9772572	REACTOME_EARLY_SARS_COV_2_INFECTION_EVENTS	2.33102420350596e-48	3.66151747034726e-48	8.5066015717972	7.03887851379973	2.08105567166854e-17	1	3	7	3.51082198122245e-07	1	0	7.35469947673216	4.20001468766753
FGF2	SDC1	R-HSA-9820960	REACTOME_RESPIRATORY_SYNCYTIAL_VIRUS_RSV_ATTACHMENT_AND_ENTRY	2.87658389171709e-48	4.51640738818201e-48	1.22084110229944	7.03887851379973	1.82871192768819e-11	1	4	9	3.51082198122245e-07	1	0	5.86272009779499	4.20001468766753
TNC	EGFR	R-HSA-1963642	REACTOME_PI3K_EVENTS_IN_ERBB2_SIGNALING	3.03453914995785e-48	4.76223297256158e-48	8.5066015717972	2.93967772399715	2.33977744434425e-15	1	4	9	1.57799919931014e-06	1	0	7.35469947673216	-4.97288082913192
COL2A1	ITGB1	R-HSA-3000178	REACTOME_ECM_PROTEOGLYCANS	3.08416558524876e-48	4.83790680039022e-48	12.5798279320328	1.64273129306188	6.68904147435922e-19	1	6	11	4.64005800644495e-06	1	0	5.28155360459047	-1.65313439362914
L1CAM	EGFR	R-HSA-9634638	REACTOME_ESTROGEN_DEPENDENT_NUCLEAR_EVENTS_DOWNSTREAM_OF_ESR_MEMBRANE_SIGNALING	3.82889997438514e-48	6.00338008745893e-48	5.38418252448028	2.93967772399715	1.30182866760621e-21	1	7	13	5.59413474085958e-05	1	0	4.78903995096595	-4.97288082913192
DCN	EGFR	R-HSA-1227990	REACTOME_SIGNALING_BY_ERBB2_IN_CANCER	3.97239532419798e-48	6.22553071309388e-48	12.4299900158892	2.93967772399715	3.0197937025404e-18	1	9	18	0.000353112685666113	1	0	-3.32916132851479	-4.97288082913192
FN1	ITGA6	R-HSA-3000170	REACTOME_SYNDECAN_INTERACTIONS	4.2352225009207e-48	6.6344104750306e-48	4.37912027588558	1.21558443268924	1.91816674277299e-11	1	4	8	2.08526077666398e-08	1	0	3.43264151330902	-4.68122835464662
EFNA1	EPHA2	R-HSA-2682334	REACTOME_EPH_EPHRIN_SIGNALING	4.57087240570241e-48	7.15694177315261e-48	10.3907137966184	9.04308235587877	7.63446261431104e-30	1	2	5	1.86021983612035e-05	1	0	3.18210303018874	-0.48536062889553
COL1A2	ITGA2B	R-HSA-372708	REACTOME_P130CAS_LINKAGE_TO_MAPK_SIGNALING_FOR_INTEGRINS	4.92918233170822e-48	7.71446188402015e-48	14.0547056107493	4.02018928876498	5.19222241150777e-26	1	4	8	1.76136977065251e-05	1	0	-0.973544102787729	-1.22574277327969
COL4A6	ITGB1	R-HSA-9634597	REACTOME_GPER1_SIGNALING	4.9965636456063e-48	7.81636150108489e-48	9.53524221853406	1.64273129306188	8.40043231312356e-17	1	9	18	0.000259067579825834	1	0	1.77832375144824	-1.65313439362914
TNC	ITGB3	R-HSA-5674135	REACTOME_MAP2K_AND_MAPK_ACTIVATION	6.966727387768e-48	1.08934282790554e-47	8.5066015717972	2.33558859980003	7.53178088447811e-12	1	12	23	0.000306459730668725	1	0	7.35469947673216	5.81058030327552
LAMA1	ITGB1	R-HSA-9634597	REACTOME_GPER1_SIGNALING	7.15451111038915e-48	1.11819710221439e-47	17.5342897380052	1.64273129306188	1.20284640763385e-16	1	9	18	0.000259067579825834	1	0	-6.27074375530701	-1.65313439362914
WNT5A	RYK	R-HSA-4086400	REACTOME_PCP_CE_PATHWAY	7.70802880718107e-48	1.20416072192111e-47	4.8259126929938	1.92217067020479	2.78636870974021e-14	1	13	25	0.000798523762838564	1	0	-0.0541399739889715	3.31430552196655
EFNB1	ERBB2	R-HSA-416572	REACTOME_SEMA4D_INDUCED_CELL_MIGRATION_AND_GROWTH_CONE_COLLAPSE	7.84450411299272e-48	1.22492483652723e-47	2.06677780171612	5.2615892882842	3.23078696743656e-21	1	7	13	5.44299221961187e-05	1	0	-1.46243435061172	-6.34615646135939
EFEMP1	EGFR	R-HSA-9634638	REACTOME_ESTROGEN_DEPENDENT_NUCLEAR_EVENTS_DOWNSTREAM_OF_ESR_MEMBRANE_SIGNALING	9.26407571892815e-48	1.44593559315394e-47	11.9073822111131	2.93967772399715	3.14979221981685e-21	1	7	13	5.59413474085958e-05	1	0	3.20088563659098	-4.97288082913192
DCN	EGFR	R-HSA-8863795	REACTOME_DOWNREGULATION_OF_ERBB2_SIGNALING	1.02289665986544e-47	1.59581156913248e-47	12.4299900158892	2.93967772399715	3.0197937025404e-18	1	8	15	6.92128322728481e-05	1	0	-3.32916132851479	-4.97288082913192
COL5A1	ITGB1	R-HSA-445144	REACTOME_SIGNAL_TRANSDUCTION_BY_L1	1.41440182166609e-47	2.20559486243488e-47	17.6910136130676	1.64273129306188	6.93378239852596e-21	1	8	15	0.000154057837573892	1	0	5.13171509336827	-1.65313439362914
LAMA3	ITGA6	R-HSA-3000170	REACTOME_SYNDECAN_INTERACTIONS	1.48276863599723e-47	2.31115727586338e-47	1.52751187044421	1.21558443268924	6.71557984067769e-11	1	4	8	2.08526077666398e-08	1	0	-6.34615646135939	-4.68122835464662
COL3A1	ITGB1	R-HSA-3000178	REACTOME_ECM_PROTEOGLYCANS	1.51924053151699e-47	2.36693271214604e-47	15.038080980152	1.64273129306188	3.29497967730712e-18	1	6	11	4.64005800644495e-06	1	0	-4.39983829722896	-1.65313439362914
FGF2	SDC1	R-HSA-2024096	REACTOME_HS_GAG_DEGRADATION	1.58212018823674e-47	2.46378155162263e-47	1.22084110229944	7.03887851379973	1.82871192768819e-11	1	6	11	3.51082198122245e-07	1	0	5.86272009779499	4.20001468766753
FGF2	FGFR3	R-HSA-2404192	REACTOME_SIGNALING_BY_TYPE_1_INSULIN_LIKE_GROWTH_FACTOR_1_RECEPTOR_IGF1R	2.07505866797757e-47	3.22995557368454e-47	1.22084110229944	4.05722087136925	4.09851165565448e-12	1	12	23	0.000353112685666113	1	0	5.86272009779499	-0.41857284145358
COL1A1	ITGB1	R-HSA-445144	REACTOME_SIGNAL_TRANSDUCTION_BY_L1	2.0927696944107e-47	3.25605054218581e-47	11.8865981117298	1.64273129306188	1.02593262034834e-20	1	8	15	0.000154057837573892	1	0	-1.97991822679722	-1.65313439362914
COL4A5	ITGB1	R-HSA-9634597	REACTOME_GPER1_SIGNALING	2.58886955235729e-47	4.02609008142363e-47	5.4186994542932	1.64273129306188	4.3525160459444e-16	1	9	18	0.000259067579825834	1	0	6.18599343361014	-1.65313439362914
L1CAM	EZR	R-HSA-437239	REACTOME_RECYCLING_PATHWAY_OF_L1	2.60843238790056e-47	4.05468025954719e-47	5.38418252448028	1.64505654712529	1.78453455171239e-21	1	9	17	0.00043880476600066	1	0	4.78903995096595	-0.525574205968334
NID1	ITGB3	R-HSA-1566948	REACTOME_ELASTIC_FIBRE_FORMATION	2.62921994018731e-47	4.08514751320883e-47	1.19124771367259	2.33558859980003	4.19104811461619e-06	1	4	8	2.56958654423585e-09	1	0	6.87787345437884	5.81058030327552
COL4A1	CD47	R-HSA-391160	REACTOME_SIGNAL_REGULATORY_PROTEIN_FAMILY_INTERACTIONS	3.12528474782375e-47	4.85371536456601e-47	11.3294445506569	1.62548017274011	1.12040061667022e-20	1	4	8	2.18507385059052e-06	1	0	4.78373488091513	3.47290191585887
COL1A2	ITGA2B	R-HSA-445144	REACTOME_SIGNAL_TRANSDUCTION_BY_L1	3.29270792329894e-47	5.11142385205251e-47	14.0547056107493	4.02018928876498	5.19222241150777e-26	1	6	12	0.000361191318072339	1	0	-0.973544102787729	-1.22574277327969
LTBP1	ITGB3	R-HSA-5674135	REACTOME_MAP2K_AND_MAPK_ACTIVATION	3.32942182470391e-47	5.16608528506155e-47	2.6298897401509	2.33558859980003	3.59946274052546e-11	1	12	23	0.000306459730668725	1	0	7.03079313325193	5.81058030327552
L1CAM	ITGB1	R-HSA-3000178	REACTOME_ECM_PROTEOGLYCANS	3.61060685724903e-47	5.59985914740156e-47	5.38418252448028	1.64273129306188	7.83080491244005e-18	1	6	11	4.64005800644495e-06	1	0	4.78903995096595	-1.65313439362914
MFGE8	ITGB3	R-HSA-5674135	REACTOME_MAP2K_AND_MAPK_ACTIVATION	3.68510137009362e-47	5.71282051064536e-47	2.73317240377774	2.33558859980003	3.98399054703467e-11	1	12	23	0.000306459730668725	1	0	7.14954233744459	5.81058030327552
COMP	ITGB3	R-HSA-354194	REACTOME_GRB2_SOS_PROVIDES_LINKAGE_TO_MAPK_SIGNALING_FOR_INTEGRINS	3.92267179140655e-47	6.0756375337409e-47	10.1255608464429	2.33558859980003	1.40626030864776e-20	1	4	8	2.18507385059052e-06	1	0	4.50469248937221	5.81058030327552
COMP	ITGB3	R-HSA-372708	REACTOME_P130CAS_LINKAGE_TO_MAPK_SIGNALING_FOR_INTEGRINS	3.92267179140655e-47	6.0756375337409e-47	10.1255608464429	2.33558859980003	1.40626030864776e-20	1	4	8	2.18507385059052e-06	1	0	4.50469248937221	5.81058030327552
COL1A2	ITGB3	R-HSA-354194	REACTOME_GRB2_SOS_PROVIDES_LINKAGE_TO_MAPK_SIGNALING_FOR_INTEGRINS	4.10844620077928e-47	6.35764954146682e-47	14.0547056107493	2.33558859980003	1.47285960426961e-20	1	4	8	2.18507385059052e-06	1	0	-0.973544102787729	5.81058030327552
COL1A2	ITGB3	R-HSA-372708	REACTOME_P130CAS_LINKAGE_TO_MAPK_SIGNALING_FOR_INTEGRINS	4.10844620077928e-47	6.35764954146682e-47	14.0547056107493	2.33558859980003	1.47285960426961e-20	1	4	8	2.18507385059052e-06	1	0	-0.973544102787729	5.81058030327552
FN1	ITGB3	R-HSA-5674135	REACTOME_MAP2K_AND_MAPK_ACTIVATION	4.3293302278301e-47	6.69644603585231e-47	4.37912027588558	2.33558859980003	4.68047116495695e-11	1	12	23	0.000306459730668725	1	0	3.43264151330902	5.81058030327552
WNT5A	FZD3	R-HSA-4086400	REACTOME_PCP_CE_PATHWAY	4.67257223074537e-47	7.22411167360183e-47	4.8259126929938	2.55657213646914	1.68908412039411e-13	1	13	25	0.000798523762838564	1	0	-0.0541399739889715	6.97633115708027
DCN	EGFR	R-HSA-9012852	REACTOME_SIGNALING_BY_NOTCH3	4.86907701738352e-47	7.52453950574991e-47	12.4299900158892	2.93967772399715	3.0197937025404e-18	1	14	27	0.0026472551084164	1	0	-3.32916132851479	-4.97288082913192
COL4A1	ITGB1	R-HSA-3000178	REACTOME_ECM_PROTEOGLYCANS	5.23797716578269e-47	8.09099301764367e-47	11.3294445506569	1.64273129306188	1.13603000666519e-17	1	6	11	4.64005800644495e-06	1	0	4.78373488091513	-1.65313439362914
COMP	ITGB1	R-HSA-445144	REACTOME_SIGNAL_TRANSDUCTION_BY_L1	5.36040698764504e-47	8.2763913992365e-47	10.1255608464429	1.64273129306188	2.6278172900037e-20	1	8	15	0.000154057837573892	1	0	4.50469248937221	-1.65313439362914
COL1A2	ITGB1	R-HSA-445144	REACTOME_SIGNAL_TRANSDUCTION_BY_L1	5.61427131662326e-47	8.66446537872768e-47	14.0547056107493	1.64273129306188	2.75226848830669e-20	1	8	15	0.000154057837573892	1	0	-0.973544102787729	-1.65313439362914
COL4A3	ITGB1	R-HSA-9634597	REACTOME_GPER1_SIGNALING	5.730301660514e-47	8.8395684807929e-47	10.9133221434925	1.64273129306188	9.63402343033426e-16	1	9	18	0.000259067579825834	1	0	4.45925716993137	-1.65313439362914
FGF2	SDC1	R-HSA-9833110	REACTOME_RSV_HOST_INTERACTIONS	6.02264976747209e-47	9.28638063653249e-47	1.22084110229944	7.03887851379973	1.82871192768819e-11	1	1	3	1.48780249661377e-12	1	0	5.86272009779499	4.20001468766753
LAMA5	ITGB1	R-HSA-9634597	REACTOME_GPER1_SIGNALING	6.18445230418558e-47	9.53159315698853e-47	4.79474119253631	1.64273129306188	1.03975605355764e-15	1	9	18	0.000259067579825834	1	0	7.7539223096356	-1.65313439362914
NTN1	NEO1	R-HSA-525793	REACTOME_MYOGENESIS	7.82666292864179e-47	1.20571968090138e-46	2.89028928982954	4.26582206811744	1.13152821413044e-20	1	6	12	7.05927381701978e-05	1	0	4.34169216289785	4.40407874938491
SEMA4D	PLXNB1	R-HSA-416482	REACTOME_G_ALPHA_12_13_SIGNALLING_EVENTS	8.21364633640835e-47	1.26476917624193e-46	1.01462714481266	1.13851846452977	7.28496031131786e-09	1	8	15	6.03180189901969e-06	1	0	7.0765425972243	0.76015544151647
COL5A2	ITGB1	R-HSA-3000178	REACTOME_ECM_PROTEOGLYCANS	1.0099241796224e-46	1.5544246880989e-46	9.21695136128872	1.64273129306188	2.19035733871194e-17	1	6	11	4.64005800644495e-06	1	0	4.91888270579576	-1.65313439362914
COL2A1	ITGA2B	R-HSA-372708	REACTOME_P130CAS_LINKAGE_TO_MAPK_SIGNALING_FOR_INTEGRINS	1.19797560418099e-46	1.84303939104767e-46	12.5798279320328	4.02018928876498	1.26190417839797e-24	1	4	8	1.76136977065251e-05	1	0	5.28155360459047	-1.22574277327969
SEMA4D	ERBB2	R-HSA-1227990	REACTOME_SIGNALING_BY_ERBB2_IN_CANCER	1.2226653479765e-46	1.88018274342385e-46	1.01462714481266	5.2615892882842	9.29463665321184e-17	1	9	18	0.000353112685666113	1	0	7.0765425972243	-6.34615646135939
L1CAM	FGFR2	R-HSA-5654695	REACTOME_PI_3K_CASCADE_FGFR2	1.93142393805856e-46	2.96876601739118e-46	5.38418252448028	12.4089683634966	8.28663999565782e-34	1	3	6	0.000353112685666113	1	0	4.78903995096595	5.89402827446816
COL4A6	CD47	R-HSA-391160	REACTOME_SIGNAL_REGULATORY_PROTEIN_FAMILY_INTERACTIONS	2.31100788089204e-46	3.55063292106682e-46	9.53524221853406	1.62548017274011	8.28485998494752e-20	1	4	8	2.18507385059052e-06	1	0	1.77832375144824	3.47290191585887
WNT5A	LRP2	R-HSA-196849	REACTOME_METABOLISM_OF_WATER_SOLUBLE_VITAMINS_AND_COFACTORS	2.45399211772201e-46	3.76863075221594e-46	4.8259126929938	7.99094933267061	1.5323702534544e-14	1	9	18	0.000227204520705431	1	0	-0.0541399739889715	8.87156702386971
COL16A1	ITGB1	R-HSA-8875878	REACTOME_MET_PROMOTES_CELL_MOTILITY	2.83961854165203e-46	4.35889682431191e-46	12.9334956641832	1.64273129306188	1.41417537656979e-24	1	6	12	0.000306459730668725	1	0	5.80814713736568	-1.65313439362914
SEMA4D	ERBB2	R-HSA-8863795	REACTOME_DOWNREGULATION_OF_ERBB2_SIGNALING	3.1483782416114e-46	4.83069632075969e-46	1.01462714481266	5.2615892882842	9.29463665321184e-17	1	8	15	6.92128322728481e-05	1	0	7.0765425972243	-6.34615646135939
LAMB1	ITGB1	R-HSA-9634597	REACTOME_GPER1_SIGNALING	3.19104896936892e-46	4.89398504441778e-46	6.55387519617198	1.64273129306188	5.36492533195653e-15	1	9	18	0.000259067579825834	1	0	0.951831469888455	-1.65313439362914
DCN	MET	R-HSA-6807004	REACTOME_NEGATIVE_REGULATION_OF_MET_ACTIVITY	3.49649353859046e-46	5.36004357074474e-46	12.4299900158892	2.64032224114379	8.8202129025133e-15	1	6	12	1.25869866293411e-05	1	0	-3.32916132851479	11.2515502894158
L1CAM	EPHB2	R-HSA-3928664	REACTOME_EPHRIN_SIGNALING	3.65413854319034e-46	5.59921451606894e-46	5.38418252448028	1.69666351620937	1.56657891349166e-21	1	7	14	0.000306459730668725	1	0	4.78903995096595	-2.98694876026066
COL4A6	ITGB1	R-HSA-3000178	REACTOME_ECM_PROTEOGLYCANS	3.87324915545231e-46	5.93231393355118e-46	9.53524221853406	1.64273129306188	8.40043231312356e-17	1	6	11	4.64005800644495e-06	1	0	1.77832375144824	-1.65313439362914
CDH1	EGFR	R-HSA-1643713	REACTOME_SIGNALING_BY_EGFR_IN_CANCER	4.11170190693096e-46	6.29472833103806e-46	14.3704771513226	2.93967772399715	5.72574762232922e-27	1	9	18	0.00419605243373027	1	0	5.40152618533464	-4.97288082913192
FBLN1	ITGB1	R-HSA-9634597	REACTOME_GPER1_SIGNALING	5.01760573730152e-46	7.6781867154436e-46	8.92010857076818	1.64273129306188	8.43580916000264e-15	1	9	18	0.000259067579825834	1	0	6.20654076664142	-1.65313439362914
LAMA1	ITGB1	R-HSA-3000178	REACTOME_ECM_PROTEOGLYCANS	5.54605246354796e-46	8.48306824126499e-46	17.5342897380052	1.64273129306188	1.20284640763385e-16	1	6	11	4.64005800644495e-06	1	0	-6.27074375530701	-1.65313439362914
COL18A1	ITGB1	R-HSA-9634597	REACTOME_GPER1_SIGNALING	5.59957964697633e-46	8.56113510471048e-46	6.26939471434587	1.64273129306188	9.41424809983805e-15	1	9	18	0.000259067579825834	1	0	0.323040890532106	-1.65313439362914
FGF2	FGFR2	R-HSA-5654727	REACTOME_NEGATIVE_REGULATION_OF_FGFR2_SIGNALING	6.53985956343373e-46	9.99427672066283e-46	1.22084110229944	12.4089683634966	1.30876234129358e-21	1	8	15	0.000306459730668725	1	0	5.86272009779499	5.89402827446816
RND1	SEMA4D	R-HSA-400685	REACTOME_SEMA4D_IN_SEMAPHORIN_SIGNALING	7.22143815277606e-46	1.10309712458036e-45	4.60833105105072	1.01462714481266	8.82872684525134e-14	1	9	18	0.000212438839452866	1	0	-6.26577098121408	7.0765425972243
COL2A1	ITGA2B	R-HSA-445144	REACTOME_SIGNAL_TRANSDUCTION_BY_L1	8.00251136670482e-46	1.22186591662071e-45	12.5798279320328	4.02018928876498	1.26190417839797e-24	1	6	12	0.000361191318072339	1	0	5.28155360459047	-1.22574277327969
SEMA5A	MET	R-HSA-6807004	REACTOME_NEGATIVE_REGULATION_OF_MET_ACTIVITY	8.1130760970751e-46	1.23819794915432e-45	16.1408444326762	2.64032224114379	2.04659490088295e-14	1	6	12	1.25869866293411e-05	1	0	-4.27209030279128	11.2515502894158
RND1	ERBB2	R-HSA-8847993	REACTOME_ERBB2_ACTIVATES_PTK6_SIGNALING	8.71594954057596e-46	1.32961713612334e-45	4.60833105105072	5.2615892882842	2.81137084807974e-23	1	2	5	1.57799919931014e-06	1	0	-6.26577098121408	-6.34615646135939
CDH1	ERBB3	R-HSA-1306955	REACTOME_GRB7_EVENTS_IN_ERBB2_SIGNALING	9.34155240004334e-46	1.42442111064491e-45	14.3704771513226	8.31277667281055	3.75150472033015e-34	1	1	2	1.57799919931014e-06	1	0	5.40152618533464	5.83982229038879
L1CAM	FGFR2	R-HSA-5655253	REACTOME_SIGNALING_BY_FGFR2_IN_DISEASE	9.36234601280429e-46	1.4269592505116e-45	5.38418252448028	12.4089683634966	8.28663999565782e-34	1	5	10	0.00419605243373027	1	0	4.78903995096595	5.89402827446816
LAMB2	ITGB1	R-HSA-445144	REACTOME_SIGNAL_TRANSDUCTION_BY_L1	9.53227243478216e-46	1.45221510963909e-45	11.7077824357821	1.64273129306188	4.67297919260249e-19	1	8	15	0.000154057837573892	1	0	-5.4770692126764	-1.65313439362914
IL6ST	CRLF1	R-HSA-6783589	REACTOME_INTERLEUKIN_6_FAMILY_SIGNALING	9.96888795063073e-46	1.51805996238024e-45	3.9101638262986	3.98772688770013	1.36773368007909e-14	1	6	12	1.37311396176932e-05	1	0	5.79722245224878	5.55926607370387
NID1	ITGB3	R-HSA-6802946	REACTOME_SIGNALING_BY_MODERATE_KINASE_ACTIVITY_BRAF_MUTANTS	1.01123143360648e-45	1.53921952725942e-45	1.19124771367259	2.33558859980003	4.19104811461619e-06	1	12	23	0.000154057837573892	1	0	6.87787345437884	5.81058030327552
COL4A4	ITGB3	R-HSA-5674135	REACTOME_MAP2K_AND_MAPK_ACTIVATION	1.1576982243541e-45	1.76138075708895e-45	4.75297522418188	2.33558859980003	1.25159617577315e-09	1	12	23	0.000306459730668725	1	0	-5.54509567223867	5.81058030327552
JAM3	ITGB1	R-HSA-9634597	REACTOME_GPER1_SIGNALING	1.16687953141919e-45	1.77456480463396e-45	7.72682422564567	1.64273129306188	1.96180679693249e-14	1	9	18	0.000259067579825834	1	0	4.56577146203116	-1.65313439362914
COL4A5	CD47	R-HSA-391160	REACTOME_SIGNAL_REGULATORY_PROTEIN_FAMILY_INTERACTIONS	1.19740252750711e-45	1.82017883103158e-45	5.4186994542932	1.62548017274011	4.29263455483739e-19	1	4	8	2.18507385059052e-06	1	0	6.18599343361014	3.47290191585887
TGFB2	TGFBR2	R-HSA-2173788	REACTOME_DOWNREGULATION_OF_TGF_BETA_RECEPTOR_SIGNALING	1.25643500512926e-45	1.90907085585012e-45	6.5137576516326	1.28180263600969	6.7405902021547e-16	1	12	23	0.00102801149762615	1	0	5.93110784303411	2.03987526573383
RND1	ERBB2	R-HSA-6785631	REACTOME_ERBB2_REGULATES_CELL_MOTILITY	1.33613676497928e-45	2.0292761463703e-45	4.60833105105072	5.2615892882842	2.81137084807974e-23	1	3	6	1.33416828061349e-06	1	0	-6.26577098121408	-6.34615646135939
COL2A1	ITGB1	R-HSA-445144	REACTOME_SIGNAL_TRANSDUCTION_BY_L1	1.36447784235989e-45	2.07140502105826e-45	12.5798279320328	1.64273129306188	6.68904147435922e-19	1	8	15	0.000154057837573892	1	0	5.28155360459047	-1.65313439362914
EFNA3	EPHA2	R-HSA-2682334	REACTOME_EPH_EPHRIN_SIGNALING	1.38283447130057e-45	2.09834608790205e-45	4.01323569300597	9.04308235587877	2.30966807556345e-27	1	2	5	1.86021983612035e-05	1	0	4.72646934379839	-0.48536062889553
L1CAM	ITGA2B	R-HSA-372708	REACTOME_P130CAS_LINKAGE_TO_MAPK_SIGNALING_FOR_INTEGRINS	1.40246002094081e-45	2.12718803881675e-45	5.38418252448028	4.02018928876498	1.47730066813109e-23	1	4	8	1.76136977065251e-05	1	0	4.78903995096595	-1.22574277327969
RND1	ERBB2	R-HSA-1250196	REACTOME_SHC1_EVENTS_IN_ERBB2_SIGNALING	1.4274174931954e-45	2.16408822238526e-45	4.60833105105072	5.2615892882842	2.81137084807974e-23	1	6	11	6.92128322728481e-05	1	0	-6.26577098121408	-6.34615646135939
EFNA5	EPHB2	R-HSA-3928664	REACTOME_EPHRIN_SIGNALING	1.48936461384254e-45	2.25701069234288e-45	6.41959189310427	1.69666351620937	6.38510874989786e-21	1	7	14	0.000306459730668725	1	0	6.41274743637436	-2.98694876026066
AGRN	LRP2	R-HSA-196849	REACTOME_METABOLISM_OF_WATER_SOLUBLE_VITAMINS_AND_COFACTORS	1.69258490184338e-45	2.56384502965268e-45	1.11546551296964	7.99094933267061	1.0569173129368e-13	1	9	18	0.000227204520705431	1	0	5.51142825962013	8.87156702386971
FBN1	ITGB1	R-HSA-9634597	REACTOME_GPER1_SIGNALING	1.90008995910389e-45	2.87689676906575e-45	6.40013831890023	1.64273129306188	3.19451091238149e-14	1	9	18	0.000259067579825834	1	0	1.72756032766282	-1.65313439362914
ANXA1	EGFR	R-HSA-1227990	REACTOME_SIGNALING_BY_ERBB2_IN_CANCER	1.91326641064664e-45	2.8955725704463e-45	3.78540835500689	2.93967772399715	1.45445490355854e-15	1	9	18	0.000353112685666113	1	0	5.66002539089596	-4.97288082913192
SEMA4D	ERBB2	R-HSA-400685	REACTOME_SEMA4D_IN_SEMAPHORIN_SIGNALING	1.98819198828747e-45	3.00764311332845e-45	1.01462714481266	5.2615892882842	9.29463665321184e-17	1	9	17	0.000212438839452866	1	0	7.0765425972243	-6.34615646135939
COL4A5	ITGB1	R-HSA-3000178	REACTOME_ECM_PROTEOGLYCANS	2.00684660868106e-45	3.03452849840125e-45	5.4186994542932	1.64273129306188	4.3525160459444e-16	1	6	11	4.64005800644495e-06	1	0	6.18599343361014	-1.65313439362914
RND1	MET	R-HSA-6807004	REACTOME_NEGATIVE_REGULATION_OF_MET_ACTIVITY	2.12305639658369e-45	3.20883743596128e-45	4.60833105105072	2.64032224114379	5.35559674720856e-14	1	6	12	1.25869866293411e-05	1	0	-6.26577098121408	11.2515502894158
RND1	PLXNA2	R-HSA-399956	REACTOME_CRMPS_IN_SEMA3A_SIGNALING	2.28180489090703e-45	3.44725903588941e-45	4.60833105105072	7.07489410790799	1.66894790684717e-23	1	5	10	9.31020358251605e-05	1	0	-6.26577098121408	-3.0282877715324
COL4A3	CD47	R-HSA-391160	REACTOME_SIGNAL_REGULATORY_PROTEIN_FAMILY_INTERACTIONS	2.6503759857e-45	4.00232370096928e-45	10.9133221434925	1.62548017274011	9.5014794759229e-19	1	4	8	2.18507385059052e-06	1	0	4.45925716993137	3.47290191585887
WNT2	FZD3	R-HSA-4086398	REACTOME_CA2_PATHWAY	2.83841434228829e-45	4.28439900722761e-45	14.5622583700428	2.55657213646914	2.55964198728179e-17	1	10	19	0.000510639359764283	1	0	-3.11640413984048	6.97633115708027
TNC	EGFR	R-HSA-1227990	REACTOME_SIGNALING_BY_ERBB2_IN_CANCER	3.07786620382644e-45	4.64379813208902e-45	8.5066015717972	2.93967772399715	2.33977744434425e-15	1	9	18	0.000353112685666113	1	0	7.35469947673216	-4.97288082913192
L1CAM	ERBB3	R-HSA-1358803	REACTOME_DOWNREGULATION_OF_ERBB2_ERBB3_SIGNALING	3.16789019499707e-45	4.77752839578691e-45	5.38418252448028	8.31277667281055	8.52956978498308e-29	1	3	7	0.000281556464908479	1	0	4.78903995096595	5.83982229038879
WNT5A	ROR2	R-HSA-4086400	REACTOME_PCP_CE_PATHWAY	3.99020790550843e-45	6.01503733345706e-45	4.8259126929938	3.06239364905993	2.21489114408768e-14	1	13	24	0.000798523762838564	1	0	-0.0541399739889715	-6.34615646135939
DCN	MET	R-HSA-400685	REACTOME_SEMA4D_IN_SEMAPHORIN_SIGNALING	4.37101442455196e-45	6.5861978188606e-45	12.4299900158892	2.64032224114379	8.8202129025133e-15	1	8	15	5.44299221961187e-05	1	0	-3.32916132851479	11.2515502894158
COL4A3	ITGB1	R-HSA-3000178	REACTOME_ECM_PROTEOGLYCANS	4.44203009133884e-45	6.6902729922091e-45	10.9133221434925	1.64273129306188	9.63402343033426e-16	1	6	11	4.64005800644495e-06	1	0	4.45925716993137	-1.65313439362914
L1CAM	EGFR	R-HSA-445144	REACTOME_SIGNAL_TRANSDUCTION_BY_L1	4.59733781326314e-45	6.9211562702955e-45	5.38418252448028	2.93967772399715	1.30182866760621e-21	1	7	13	0.000154057837573892	1	0	4.78903995096595	-4.97288082913192
LAMA5	ITGB1	R-HSA-3000178	REACTOME_ECM_PROTEOGLYCANS	4.7940797642367e-45	7.21418827164228e-45	4.79474119253631	1.64273129306188	1.03975605355764e-15	1	6	11	4.64005800644495e-06	1	0	7.7539223096356	-1.65313439362914
ANXA1	EGFR	R-HSA-8863795	REACTOME_DOWNREGULATION_OF_ERBB2_SIGNALING	4.92668443385181e-45	7.41049167138182e-45	3.78540835500689	2.93967772399715	1.45445490355854e-15	1	8	15	6.92128322728481e-05	1	0	5.66002539089596	-4.97288082913192
COL3A1	ITGB1	R-HSA-445144	REACTOME_SIGNAL_TRANSDUCTION_BY_L1	6.72133186488038e-45	1.01054989576873e-44	15.038080980152	1.64273129306188	3.29497967730712e-18	1	8	15	0.000154057837573892	1	0	-4.39983829722896	-1.65313439362914
EFNA5	EPHA5	R-HSA-2682334	REACTOME_EPH_EPHRIN_SIGNALING	7.24923794687661e-45	1.08944423491724e-44	6.41959189310427	9.19640517957698	1.21079809663096e-26	1	2	5	1.86021983612035e-05	1	0	6.41274743637436	4.91463643915273
COL6A2	ITGB1	R-HSA-9634597	REACTOME_GPER1_SIGNALING	7.75697859496849e-45	1.16524045269396e-44	2.61520749325399	1.64273129306188	1.30413576736245e-13	1	9	18	0.000259067579825834	1	0	-3.31955637394197	-1.65313439362914
TNC	EGFR	R-HSA-8863795	REACTOME_DOWNREGULATION_OF_ERBB2_SIGNALING	7.92554316089486e-45	1.19004227295846e-44	8.5066015717972	2.93967772399715	2.33977744434425e-15	1	8	15	6.92128322728481e-05	1	0	7.35469947673216	-4.97288082913192
DCN	EGFR	R-HSA-9634638	REACTOME_ESTROGEN_DEPENDENT_NUCLEAR_EVENTS_DOWNSTREAM_OF_ESR_MEMBRANE_SIGNALING	8.88172792474017e-45	1.33303420859975e-44	12.4299900158892	2.93967772399715	3.0197937025404e-18	1	7	13	5.59413474085958e-05	1	0	-3.32916132851479	-4.97288082913192
L1CAM	ITGA2B	R-HSA-445144	REACTOME_SIGNAL_TRANSDUCTION_BY_L1	9.36847313063679e-45	1.40547525378938e-44	5.38418252448028	4.02018928876498	1.47730066813109e-23	1	6	12	0.000361191318072339	1	0	4.78903995096595	-1.22574277327969
SERPINE1	LRP2	R-HSA-196849	REACTOME_METABOLISM_OF_WATER_SOLUBLE_VITAMINS_AND_COFACTORS	9.52222317676526e-45	1.42791838396131e-44	6.46482832857906	7.99094933267061	5.94605477232513e-13	1	9	18	0.000227204520705431	1	0	0.117067438958844	8.87156702386971
SEMA5A	MET	R-HSA-400685	REACTOME_SEMA4D_IN_SEMAPHORIN_SIGNALING	1.01422674620754e-44	1.52023529714769e-44	16.1408444326762	2.64032224114379	2.04659490088295e-14	1	8	15	5.44299221961187e-05	1	0	-4.27209030279128	11.2515502894158
LUM	ITGB1	R-HSA-8875878	REACTOME_MET_PROMOTES_CELL_MOTILITY	1.08812543972722e-44	1.63029247067144e-44	11.828176566468	1.64273129306188	5.41903844093848e-23	1	6	12	0.000306459730668725	1	0	4.04840561928604	-1.65313439362914
EFEMP1	EGFR	R-HSA-445144	REACTOME_SIGNAL_TRANSDUCTION_BY_L1	1.11233215525304e-44	1.66583483416215e-44	11.9073822111131	2.93967772399715	3.14979221981685e-21	1	7	13	0.000154057837573892	1	0	3.20088563659098	-4.97288082913192
L1CAM	ITGB3	R-HSA-354194	REACTOME_GRB2_SOS_PROVIDES_LINKAGE_TO_MAPK_SIGNALING_FOR_INTEGRINS	1.16894266777555e-44	1.74909211707172e-44	5.38418252448028	2.33558859980003	4.19060722943674e-18	1	4	8	2.18507385059052e-06	1	0	4.78903995096595	5.81058030327552
L1CAM	ITGB3	R-HSA-372708	REACTOME_P130CAS_LINKAGE_TO_MAPK_SIGNALING_FOR_INTEGRINS	1.16894266777555e-44	1.74909211707172e-44	5.38418252448028	2.33558859980003	4.19060722943674e-18	1	4	8	2.18507385059052e-06	1	0	4.78903995096595	5.81058030327552
FGF2	TGFBR3	R-HSA-201451	REACTOME_SIGNALING_BY_BMP	1.45257951232912e-44	2.17255370539659e-44	1.22084110229944	1.231627940706	5.91210589889478e-07	1	9	18	5.95597460084578e-05	1	0	5.86272009779499	5.3195988464643
L1CAM	ITGB1	R-HSA-445144	REACTOME_SIGNAL_TRANSDUCTION_BY_L1	1.5973827986903e-44	2.38809075510414e-44	5.38418252448028	1.64273129306188	7.83080491244005e-18	1	8	15	0.000154057837573892	1	0	4.78903995096595	-1.65313439362914
EFNA1	EPHA5	R-HSA-2682334	REACTOME_EPH_EPHRIN_SIGNALING	1.83135314846143e-44	2.73668758936026e-44	10.3907137966184	9.19640517957698	3.05880276336024e-26	1	2	5	1.86021983612035e-05	1	0	3.18210303018874	4.91463643915273
WNT5A	FZD2	R-HSA-373080	REACTOME_CLASS_B_2_SECRETIN_FAMILY_RECEPTORS	1.86227621779171e-44	2.7816891833276e-44	4.8259126929938	3.28789458091362	2.12104589349805e-11	1	4	8	1.09411059734401e-07	1	0	-0.0541399739889715	0.665354155033911
EFNA5	EPHA2	R-HSA-3928663	REACTOME_EPHA_MEDIATED_GROWTH_CONE_COLLAPSE	1.94532219417616e-44	2.90447410936024e-44	6.41959189310427	9.04308235587877	3.02202970159908e-30	1	1	3	1.86021983612035e-05	1	0	6.41274743637436	-0.48536062889553
RND1	SEMA4D	R-HSA-416572	REACTOME_SEMA4D_INDUCED_CELL_MIGRATION_AND_GROWTH_CONE_COLLAPSE	2.04187449853874e-44	3.04730944684306e-44	4.60833105105072	1.01462714481266	8.82872684525134e-14	1	7	14	5.44299221961187e-05	1	0	-6.26577098121408	7.0765425972243
SEMA3A	PLXNA2	R-HSA-399956	REACTOME_CRMPS_IN_SEMA3A_SIGNALING	2.1086481244866e-44	3.14559824294619e-44	4.20253760071897	7.07489410790799	1.54229833044148e-22	1	5	10	9.31020358251605e-05	1	0	5.0148145673612	-3.0282877715324
FGF2	SDC4	R-HSA-9833110	REACTOME_RSV_HOST_INTERACTIONS	2.118717692585e-44	3.15924961529797e-44	1.22084110229944	1.20804741852566	6.4332552371885e-09	1	1	3	1.48780249661377e-12	1	0	5.86272009779499	-4.21601081838777
WNT5A	FZD6	R-HSA-4086398	REACTOME_CA2_PATHWAY	2.2148420190236e-44	3.30115101622235e-44	4.8259126929938	3.88259018375091	1.99731326840687e-16	1	10	19	0.000510639359764283	1	0	-0.0541399739889715	-5.2745376762407
IL6ST	LIFR	R-HSA-6783589	REACTOME_INTERLEUKIN_6_FAMILY_SIGNALING	2.28829030570302e-44	3.40914623283603e-44	3.9101638262986	4.22297917264392	1.21724672684135e-10	1	6	11	8.60825959503123e-07	1	0	5.79722245224878	-5.27350647587817
COL4A1	ITGB1	R-HSA-445144	REACTOME_SIGNAL_TRANSDUCTION_BY_L1	2.31735410565547e-44	3.45095156859516e-44	11.3294445506569	1.64273129306188	1.13603000666519e-17	1	8	15	0.000154057837573892	1	0	4.78373488091513	-1.65313439362914
ANXA1	EGFR	R-HSA-9012852	REACTOME_SIGNALING_BY_NOTCH3	2.34514461626305e-44	3.49082539158151e-44	3.78540835500689	2.93967772399715	1.45445490355854e-15	1	14	27	0.0026472551084164	1	0	5.66002539089596	-4.97288082913192
LAMB1	ITGB1	R-HSA-3000178	REACTOME_ECM_PROTEOGLYCANS	2.47364560971491e-44	3.68051076877997e-44	6.55387519617198	1.64273129306188	5.36492533195653e-15	1	6	11	4.64005800644495e-06	1	0	0.951831469888455	-1.65313439362914
RND1	MET	R-HSA-400685	REACTOME_SEMA4D_IN_SEMAPHORIN_SIGNALING	2.65406185688122e-44	3.94724288269408e-44	4.60833105105072	2.64032224114379	5.35559674720856e-14	1	8	15	5.44299221961187e-05	1	0	-6.26577098121408	11.2515502894158
WNT2	LRP6	R-HSA-5340588	REACTOME_SIGNALING_BY_RNF43_MUTANTS	3.66981447182319e-44	5.45555824678988e-44	14.5622583700428	1.83737033179993	1.69463270212088e-14	1	1	3	1.29376718826169e-10	1	0	-3.11640413984048	-0.192774737109088
TNC	EGFR	R-HSA-9012852	REACTOME_SIGNALING_BY_NOTCH3	3.77262743824685e-44	5.60597770521346e-44	8.5066015717972	2.93967772399715	2.33977744434425e-15	1	14	27	0.0026472551084164	1	0	7.35469947673216	-4.97288082913192
FBLN1	ITGB1	R-HSA-3000178	REACTOME_ECM_PROTEOGLYCANS	3.88956061862343e-44	5.7772402970918e-44	8.92010857076818	1.64273129306188	8.43580916000264e-15	1	6	11	4.64005800644495e-06	1	0	6.20654076664142	-1.65313439362914
L1CAM	EGFR	R-HSA-8847993	REACTOME_ERBB2_ACTIVATES_PTK6_SIGNALING	4.03599296943734e-44	5.99215184068384e-44	5.38418252448028	2.93967772399715	1.30182866760621e-21	1	2	5	1.57799919931014e-06	1	0	4.78903995096595	-4.97288082913192
COL18A1	ITGB1	R-HSA-3000178	REACTOME_ECM_PROTEOGLYCANS	4.34069666211713e-44	6.44175863575622e-44	6.26939471434587	1.64273129306188	9.41424809983805e-15	1	6	11	4.64005800644495e-06	1	0	0.323040890532106	-1.65313439362914
COL5A2	ITGB1	R-HSA-445144	REACTOME_SIGNAL_TRANSDUCTION_BY_L1	4.46804533501434e-44	6.62788958708466e-44	9.21695136128872	1.64273129306188	2.19035733871194e-17	1	8	15	0.000154057837573892	1	0	4.91888270579576	-1.65313439362914
RND1	PLXNB1	R-HSA-400685	REACTOME_SEMA4D_IN_SEMAPHORIN_SIGNALING	4.71344900452419e-44	6.98890714463932e-44	4.60833105105072	1.13851846452977	2.20349926659905e-15	1	9	17	0.000212438839452866	1	0	-6.26577098121408	0.76015544151647
EFNA1	EPHA2	R-HSA-3928663	REACTOME_EPHA_MEDIATED_GROWTH_CONE_COLLAPSE	4.91440886777812e-44	7.28374257008046e-44	10.3907137966184	9.04308235587877	7.63446261431104e-30	1	1	3	1.86021983612035e-05	1	0	3.18210303018874	-0.48536062889553
COMP	ITGB3	R-HSA-445144	REACTOME_SIGNAL_TRANSDUCTION_BY_L1	4.96613252811935e-44	7.35723337499163e-44	10.1255608464429	2.33558859980003	1.40626030864776e-20	1	7	13	0.000154057837573892	1	0	4.50469248937221	5.81058030327552
LAMB2	ITGA3	R-HSA-216083	REACTOME_INTEGRIN_CELL_SURFACE_INTERACTIONS	5.16101548522882e-44	7.6426574555261e-44	11.7077824357821	4.13720289413487	2.21624557016475e-24	1	5	10	0.000219215237415202	1	0	-5.4770692126764	4.28443713596128
COL1A2	ITGB3	R-HSA-445144	REACTOME_SIGNAL_TRANSDUCTION_BY_L1	5.20132435306356e-44	7.69903432639357e-44	14.0547056107493	2.33558859980003	1.47285960426961e-20	1	7	13	0.000154057837573892	1	0	-0.973544102787729	5.81058030327552
LIF	IL6ST	R-HSA-6783589	REACTOME_INTERLEUKIN_6_FAMILY_SIGNALING	5.68944503268102e-44	8.41793157523557e-44	4.9622342686641	3.9101638262986	7.40281650525152e-11	1	7	13	6.41667492862728e-06	1	0	-6.20163825687765	5.79722245224878
CLCF1	CRLF1	R-HSA-6783589	REACTOME_INTERLEUKIN_6_FAMILY_SIGNALING	5.75132642879478e-44	8.50583100389254e-44	1.99763232565619	3.98772688770013	7.89083285994193e-13	1	6	12	1.37311396176932e-05	1	0	6.19877985208826	5.55926607370387
LIF	LIFR	R-HSA-6783589	REACTOME_INTERLEUKIN_6_FAMILY_SIGNALING	5.82810412453166e-44	8.61567605861147e-44	4.9622342686641	4.22297917264392	3.10023629938737e-10	1	6	11	8.60825959503123e-07	1	0	-6.20163825687765	-5.27350647587817
L1CAM	EGFR	R-HSA-6785631	REACTOME_ERBB2_REGULATES_CELL_MOTILITY	6.18709248436835e-44	9.14243906624877e-44	5.38418252448028	2.93967772399715	1.30182866760621e-21	1	3	6	1.33416828061349e-06	1	0	4.78903995096595	-4.97288082913192
LGALS3BP	ITGB1	R-HSA-9634597	REACTOME_GPER1_SIGNALING	6.49372798526548e-44	9.59142304393013e-44	5.08385796896564	1.64273129306188	1.09175277789221e-12	1	9	18	0.000259067579825834	1	0	5.6845059272368	-1.65313439362914
L1CAM	EGFR	R-HSA-1250196	REACTOME_SHC1_EVENTS_IN_ERBB2_SIGNALING	6.609775492812e-44	9.75863849582544e-44	5.38418252448028	2.93967772399715	1.30182866760621e-21	1	6	11	6.92128322728481e-05	1	0	4.78903995096595	-4.97288082913192
L1CAM	ERBB2	R-HSA-1358803	REACTOME_DOWNREGULATION_OF_ERBB2_ERBB3_SIGNALING	7.41325407765446e-44	1.09401947778341e-43	5.38418252448028	5.2615892882842	1.99602461250152e-27	1	3	7	0.000281556464908479	1	0	4.78903995096595	-6.34615646135939
EFNA5	EPHA2	R-HSA-3928665	REACTOME_EPH_EPHRIN_MEDIATED_REPULSION_OF_CELLS	7.78118021489664e-44	1.14782418264341e-43	6.41959189310427	9.04308235587877	3.02202970159908e-30	1	2	4	1.86021983612035e-05	1	0	6.41274743637436	-0.48536062889553
JAM3	ITGB1	R-HSA-3000178	REACTOME_ECM_PROTEOGLYCANS	9.04544699147036e-44	1.33374786329439e-43	7.72682422564567	1.64273129306188	1.96180679693249e-14	1	6	11	4.64005800644495e-06	1	0	4.56577146203116	-1.65313439362914
EFEMP1	EGFR	R-HSA-8847993	REACTOME_ERBB2_ACTIVATES_PTK6_SIGNALING	9.76514004546003e-44	1.43924943257851e-43	11.9073822111131	2.93967772399715	3.14979221981685e-21	1	2	5	1.57799919931014e-06	1	0	3.20088563659098	-4.97288082913192
EFNB1	ERBB2	R-HSA-8847993	REACTOME_ERBB2_ACTIVATES_PTK6_SIGNALING	1.00162439273215e-43	1.4756265143463e-43	2.06677780171612	5.2615892882842	3.23078696743656e-21	1	2	5	1.57799919931014e-06	1	0	-1.46243435061172	-6.34615646135939
S100B	APP	R-HSA-9645723	REACTOME_DISEASES_OF_PROGRAMMED_CELL_DEATH	1.40878478661302e-43	2.07458033645068e-43	2.91530553230702	1.07409823105059	4.17732978317162e-10	1	15	29	0.00175073392146078	1	0	5.98997946985497	-6.19605749258721
FBN1	ITGB1	R-HSA-3000178	REACTOME_ECM_PROTEOGLYCANS	1.47291665860278e-43	2.16809298484962e-43	6.40013831890023	1.64273129306188	3.19451091238149e-14	1	6	11	4.64005800644495e-06	1	0	1.72756032766282	-1.65313439362914
EFEMP1	EGFR	R-HSA-6785631	REACTOME_ERBB2_REGULATES_CELL_MOTILITY	1.49697546654778e-43	2.20256441613531e-43	11.9073822111131	2.93967772399715	3.14979221981685e-21	1	3	6	1.33416828061349e-06	1	0	3.20088563659098	-4.97288082913192
EFNB1	ERBB2	R-HSA-6785631	REACTOME_ERBB2_REGULATES_CELL_MOTILITY	1.53546916443144e-43	2.25823596650028e-43	2.06677780171612	5.2615892882842	3.23078696743656e-21	1	3	6	1.33416828061349e-06	1	0	-1.46243435061172	-6.34615646135939
EFEMP1	EGFR	R-HSA-1250196	REACTOME_SHC1_EVENTS_IN_ERBB2_SIGNALING	1.59924419703231e-43	2.35102565717571e-43	11.9073822111131	2.93967772399715	3.14979221981685e-21	1	6	11	6.92128322728481e-05	1	0	3.20088563659098	-4.97288082913192
EFNB1	ERBB2	R-HSA-1250196	REACTOME_SHC1_EVENTS_IN_ERBB2_SIGNALING	1.64036766521094e-43	2.41045056314636e-43	2.06677780171612	5.2615892882842	3.23078696743656e-21	1	6	11	6.92128322728481e-05	1	0	-1.46243435061172	-6.34615646135939
COL4A6	ITGB1	R-HSA-445144	REACTOME_SIGNAL_TRANSDUCTION_BY_L1	1.71357941215324e-43	2.51695695038734e-43	9.53524221853406	1.64273129306188	8.40043231312356e-17	1	8	15	0.000154057837573892	1	0	1.77832375144824	-1.65313439362914
S100B	APP	R-HSA-445989	REACTOME_TAK1_DEPENDENT_IKK_AND_NF_KAPPA_B_ACTIVATION	1.96126658008982e-43	2.87953778724241e-43	2.91530553230702	1.07409823105059	4.17732978317162e-10	1	17	31	0.0016354092464349	1	0	5.98997946985497	-6.19605749258721
EFNA1	EPHA2	R-HSA-3928665	REACTOME_EPH_EPHRIN_MEDIATED_REPULSION_OF_CELLS	1.96573612146867e-43	2.88486871068781e-43	10.3907137966184	9.04308235587877	7.63446261431104e-30	1	2	4	1.86021983612035e-05	1	0	3.18210303018874	-0.48536062889553
CTF1	IL6ST	R-HSA-447115	REACTOME_INTERLEUKIN_12_FAMILY_SIGNALING	2.14011975225042e-43	3.13945072398357e-43	6.88834092018875	3.9101638262986	1.10250275720028e-15	1	5	10	9.86981393474104e-06	1	0	-6.34615646135939	5.79722245224878
SEMA4D	ERBB2	R-HSA-416572	REACTOME_SEMA4D_INDUCED_CELL_MIGRATION_AND_GROWTH_CONE_COLLAPSE	2.25678189833557e-43	3.3091772081306e-43	1.01462714481266	5.2615892882842	9.29463665321184e-17	1	7	13	5.44299221961187e-05	1	0	7.0765425972243	-6.34615646135939
COL11A1	ITGB1	R-HSA-9634597	REACTOME_GPER1_SIGNALING	2.30099133711702e-43	3.37256506164573e-43	8.7209722535565	1.64273129306188	3.86852311939072e-12	1	9	18	0.000259067579825834	1	0	5.2194090555208	-1.65313439362914
THBS1	ITGB1	R-HSA-9634597	REACTOME_GPER1_SIGNALING	2.37580658924624e-43	3.48073878492635e-43	10.1171572475629	1.64273129306188	3.99430565836698e-12	1	9	18	0.000259067579825834	1	0	3.36324076136934	-1.65313439362914
LAMA1	ITGB1	R-HSA-445144	REACTOME_SIGNAL_TRANSDUCTION_BY_L1	2.45365091137488e-43	3.5932563367942e-43	17.5342897380052	1.64273129306188	1.20284640763385e-16	1	8	15	0.000154057837573892	1	0	-6.27074375530701	-1.65313439362914
HSPG2	ITGB1	R-HSA-9634597	REACTOME_GPER1_SIGNALING	3.17493990148982e-43	4.64757160047871e-43	3.51948105940521	1.64273129306188	5.33784209156493e-12	1	9	18	0.000259067579825834	1	0	4.65016389182664	-1.65313439362914
L1CAM	EGFR	R-HSA-180292	REACTOME_GAB1_SIGNALOSOME	3.50032834676774e-43	5.12170544997067e-43	5.38418252448028	2.93967772399715	1.30182866760621e-21	1	6	11	9.13791633757528e-05	1	0	4.78903995096595	-4.97288082913192
PTN	SDC1	R-HSA-3000170	REACTOME_SYNDECAN_INTERACTIONS	3.59373626384315e-43	5.25614487568896e-43	12.0614597856604	7.03887851379973	1.92861936383569e-24	1	4	9	0.000361191318072339	1	0	-6.04447813954024	4.20001468766753
LAMB2	ITGA3	R-HSA-8875878	REACTOME_MET_PROMOTES_CELL_MOTILITY	3.8514236330633e-43	5.6306405855239e-43	11.7077824357821	4.13720289413487	2.21624557016475e-24	1	5	10	0.000306459730668725	1	0	-5.4770692126764	4.28443713596128
CDH1	EGFR	R-HSA-881907	REACTOME_GASTRIN_CREB_SIGNALLING_PATHWAY_VIA_PKC_AND_MAPK	4.40087360786575e-43	6.43118318226771e-43	14.3704771513226	2.93967772399715	5.72574762232922e-27	1	6	12	0.00192476343881898	1	0	5.40152618533464	-4.97288082913192
LAMC1	ITGB1	R-HSA-9634597	REACTOME_GPER1_SIGNALING	4.78629018944085e-43	6.99143874805798e-43	3.23766986137765	1.64273129306188	8.04691176159058e-12	1	9	18	0.000259067579825834	1	0	5.42501182058629	-1.65313439362914
COL6A2	ITGB1	R-HSA-3000178	REACTOME_ECM_PROTEOGLYCANS	6.01307476954547e-43	8.77970170086435e-43	2.61520749325399	1.64273129306188	1.30413576736245e-13	1	6	11	4.64005800644495e-06	1	0	-3.31955637394197	-1.65313439362914
COL16A1	ITGB1	R-HSA-3000171	REACTOME_NON_INTEGRIN_MEMBRANE_ECM_INTERACTIONS	6.5857992210549e-43	9.6118580061217e-43	12.9334956641832	1.64273129306188	1.41417537656979e-24	1	5	10	0.000361191318072339	1	0	5.80814713736568	-1.65313439362914
TNC	ITGB1	R-HSA-9634597	REACTOME_GPER1_SIGNALING	8.37137719431649e-43	1.22126961613438e-42	8.5066015717972	1.64273129306188	1.40743103613461e-11	1	9	18	0.000259067579825834	1	0	7.35469947673216	-1.65313439362914
EFEMP1	EGFR	R-HSA-180292	REACTOME_GAB1_SIGNALOSOME	8.46909218378688e-43	1.23500114931017e-42	11.9073822111131	2.93967772399715	3.14979221981685e-21	1	6	11	9.13791633757528e-05	1	0	3.20088563659098	-4.97288082913192
NPNT	ITGB1	R-HSA-9634597	REACTOME_GPER1_SIGNALING	8.6199128006636e-43	1.25646186585944e-42	8.21361350158779	1.64273129306188	1.4492158844144e-11	1	9	18	0.000259067579825834	1	0	-1.10868581470011	-1.65313439362914
COL4A5	ITGB1	R-HSA-445144	REACTOME_SIGNAL_TRANSDUCTION_BY_L1	8.87856911333613e-43	1.29361616899095e-42	5.4186994542932	1.64273129306188	4.3525160459444e-16	1	8	15	0.000154057837573892	1	0	6.18599343361014	-1.65313439362914
COL4A2	ITGB3	R-HSA-354194	REACTOME_GRB2_SOS_PROVIDES_LINKAGE_TO_MAPK_SIGNALING_FOR_INTEGRINS	1.1859774057757e-42	1.7265181023565e-42	10.9035066930124	2.33558859980003	4.25167600396513e-16	1	4	8	2.18507385059052e-06	1	0	6.44091966949719	5.81058030327552
COL4A2	ITGB3	R-HSA-372708	REACTOME_P130CAS_LINKAGE_TO_MAPK_SIGNALING_FOR_INTEGRINS	1.1859774057757e-42	1.7265181023565e-42	10.9035066930124	2.33558859980003	4.25167600396513e-16	1	4	8	2.18507385059052e-06	1	0	6.44091966949719	5.81058030327552
CLCF1	IL6ST	R-HSA-6783589	REACTOME_INTERLEUKIN_6_FAMILY_SIGNALING	1.28876884090813e-42	1.87536582602537e-42	1.99763232565619	3.9101638262986	1.67688046762495e-09	1	7	13	6.41667492862728e-06	1	0	6.19877985208826	5.79722245224878
CLCF1	LIFR	R-HSA-6783589	REACTOME_INTERLEUKIN_6_FAMILY_SIGNALING	1.32017779486748e-42	1.92025861071634e-42	1.99763232565619	4.22297917264392	7.02263211816285e-09	1	6	11	8.60825959503123e-07	1	0	6.19877985208826	-5.27350647587817
COL5A1	ITGB1	R-HSA-8875878	REACTOME_MET_PROMOTES_CELL_MOTILITY	1.39228114057487e-42	2.0242802720108e-42	17.6910136130676	1.64273129306188	6.93378239852596e-21	1	6	12	0.000306459730668725	1	0	5.13171509336827	-1.65313439362914
COL4A3	ITGB3	R-HSA-354194	REACTOME_GRB2_SOS_PROVIDES_LINKAGE_TO_MAPK_SIGNALING_FOR_INTEGRINS	1.43811794266217e-42	2.08915782211058e-42	10.9133221434925	2.33558859980003	5.15558856173085e-16	1	4	8	2.18507385059052e-06	1	0	4.45925716993137	5.81058030327552
COL4A3	ITGB3	R-HSA-372708	REACTOME_P130CAS_LINKAGE_TO_MAPK_SIGNALING_FOR_INTEGRINS	1.43811794266217e-42	2.08915782211058e-42	10.9133221434925	2.33558859980003	5.15558856173085e-16	1	4	8	2.18507385059052e-06	1	0	4.45925716993137	5.81058030327552
COL1A2	ITGA2B	R-HSA-216083	REACTOME_INTEGRIN_CELL_SURFACE_INTERACTIONS	1.47115006407239e-42	2.13624154512833e-42	14.0547056107493	4.02018928876498	5.19222241150777e-26	1	4	8	0.000219215237415202	1	0	-0.973544102787729	-1.22574277327969
LAMB2	ITGA7	R-HSA-216083	REACTOME_INTEGRIN_CELL_SURFACE_INTERACTIONS	1.86841113928114e-42	2.7119554089144e-42	11.7077824357821	2.14467390235839	2.00545797117752e-22	1	4	9	0.000219215237415202	1	0	-5.4770692126764	-6.34615646135939
COL4A3	ITGB1	R-HSA-445144	REACTOME_SIGNAL_TRANSDUCTION_BY_L1	1.96521602592192e-42	2.85126239104656e-42	10.9133221434925	1.64273129306188	9.63402343033426e-16	1	8	15	0.000154057837573892	1	0	4.45925716993137	-1.65313439362914
FGF2	SDC1	R-HSA-3656237	REACTOME_DEFECTIVE_EXT2_CAUSES_EXOSTOSES_2	2.04836988395578e-42	2.96815181162927e-42	1.22084110229944	7.03887851379973	1.82871192768819e-11	1	3	7	3.51082198122245e-07	1	0	5.86272009779499	4.20001468766753
FGF2	SDC1	R-HSA-9694614	REACTOME_ATTACHMENT_AND_ENTRY	2.04836988395578e-42	2.96815181162927e-42	1.22084110229944	7.03887851379973	1.82871192768819e-11	1	3	7	3.51082198122245e-07	1	0	5.86272009779499	4.20001468766753
FGF2	SDC1	R-HSA-9772572	REACTOME_EARLY_SARS_COV_2_INFECTION_EVENTS	2.04836988395578e-42	2.96815181162927e-42	1.22084110229944	7.03887851379973	1.82871192768819e-11	1	3	7	3.51082198122245e-07	1	0	5.86272009779499	4.20001468766753
COL1A1	ITGB1	R-HSA-8875878	REACTOME_MET_PROMOTES_CELL_MOTILITY	2.0600396100045e-42	2.98380474038546e-42	11.8865981117298	1.64273129306188	1.02593262034834e-20	1	6	12	0.000306459730668725	1	0	-1.97991822679722	-1.65313439362914
LAMA5	ITGB1	R-HSA-445144	REACTOME_SIGNAL_TRANSDUCTION_BY_L1	2.12096770811976e-42	3.07076132825419e-42	4.79474119253631	1.64273129306188	1.03975605355764e-15	1	8	15	0.000154057837573892	1	0	7.7539223096356	-1.65313439362914
NTN1	UNC5C	R-HSA-373752	REACTOME_NETRIN_1_SIGNALING	2.16073331387032e-42	3.1270183423281e-42	2.89028928982954	4.04516208070401	9.26335771668051e-18	1	7	14	0.000306459730668725	1	0	4.34169216289785	8.01189454046096
FBLN2	ITGB3	R-HSA-354194	REACTOME_GRB2_SOS_PROVIDES_LINKAGE_TO_MAPK_SIGNALING_FOR_INTEGRINS	3.07440762287865e-42	4.44554948411204e-42	20.4800687975369	2.33558859980003	1.10216139472329e-15	1	4	8	2.18507385059052e-06	1	0	-1.12341971762222	5.81058030327552
FBLN2	ITGB3	R-HSA-372708	REACTOME_P130CAS_LINKAGE_TO_MAPK_SIGNALING_FOR_INTEGRINS	3.07440762287865e-42	4.44554948411204e-42	20.4800687975369	2.33558859980003	1.10216139472329e-15	1	4	8	2.18507385059052e-06	1	0	-1.12341971762222	5.81058030327552
NID1	ITGB3	R-HSA-5674135	REACTOME_MAP2K_AND_MAPK_ACTIVATION	3.87662494851949e-42	5.60318900122145e-42	1.19124771367259	2.33558859980003	4.19104811461619e-06	1	12	23	0.000306459730668725	1	0	6.87787345437884	5.81058030327552
LTBP1	ITGB1	R-HSA-9634597	REACTOME_GPER1_SIGNALING	4.0007085654769e-42	5.78010813323836e-42	2.6298897401509	1.64273129306188	6.72615899496749e-11	1	9	18	0.000259067579825834	1	0	7.03079313325193	-1.65313439362914
ANXA1	EGFR	R-HSA-9634638	REACTOME_ESTROGEN_DEPENDENT_NUCLEAR_EVENTS_DOWNSTREAM_OF_ESR_MEMBRANE_SIGNALING	4.27779974550708e-42	6.17784681970795e-42	3.78540835500689	2.93967772399715	1.45445490355854e-15	1	7	13	5.59413474085958e-05	1	0	5.66002539089596	-4.97288082913192
EFNB1	EPHB4	R-HSA-3928664	REACTOME_EPHRIN_SIGNALING	4.52471360297561e-42	6.53168896107264e-42	2.06677780171612	2.4376419275341	1.93980628709874e-17	1	7	14	0.000306459730668725	1	0	-1.46243435061172	5.37305011989846
EFNA2	EPHA2	R-HSA-2682334	REACTOME_EPH_EPHRIN_SIGNALING	4.59871413578405e-42	6.63572845096356e-42	3.98137602912679	9.04308235587877	7.68096503847864e-24	1	2	5	1.86021983612035e-05	1	0	0.0248621100849193	-0.48536062889553
LGALS3BP	ITGB1	R-HSA-3000178	REACTOME_ECM_PROTEOGLYCANS	5.03382488818765e-42	7.26052730204004e-42	5.08385796896564	1.64273129306188	1.09175277789221e-12	1	6	11	4.64005800644495e-06	1	0	5.6845059272368	-1.65313439362914
FN1	ITGB1	R-HSA-9634597	REACTOME_GPER1_SIGNALING	5.20222111741526e-42	7.50026850121898e-42	4.37912027588558	1.64273129306188	8.74619227820244e-11	1	9	18	0.000259067579825834	1	0	3.43264151330902	-1.65313439362914
COMP	ITGB1	R-HSA-8875878	REACTOME_MET_PROMOTES_CELL_MOTILITY	5.27657235757284e-42	7.60427687894871e-42	10.1255608464429	1.64273129306188	2.6278172900037e-20	1	6	12	0.000306459730668725	1	0	4.50469248937221	-1.65313439362914
RND1	PLXNB1	R-HSA-416572	REACTOME_SEMA4D_INDUCED_CELL_MIGRATION_AND_GROWTH_CONE_COLLAPSE	5.35020081300118e-42	7.70715695005195e-42	4.60833105105072	1.13851846452977	2.20349926659905e-15	1	7	13	5.44299221961187e-05	1	0	-6.26577098121408	0.76015544151647
COL1A2	ITGB1	R-HSA-8875878	REACTOME_MET_PROMOTES_CELL_MOTILITY	5.52646634956779e-42	7.9577414158699e-42	14.0547056107493	1.64273129306188	2.75226848830669e-20	1	6	12	0.000306459730668725	1	0	-0.973544102787729	-1.65313439362914
EFNA3	EPHA5	R-HSA-2682334	REACTOME_EPH_EPHRIN_SIGNALING	5.54042650514137e-42	7.97450509526625e-42	4.01323569300597	9.19640517957698	9.25385249609473e-24	1	2	5	1.86021983612035e-05	1	0	4.72646934379839	4.91463643915273
SPTBN2	PTPRA	R-HSA-375165	REACTOME_NCAM_SIGNALING_FOR_NEURITE_OUT_GROWTH	6.63445591263181e-42	9.54518123774715e-42	4.69787930694478	1.85002176402805	7.63216127922112e-22	1	9	17	0.00192476343881898	1	0	6.4267948338918	4.30438468981155
TNC	EGFR	R-HSA-9634638	REACTOME_ESTROGEN_DEPENDENT_NUCLEAR_EVENTS_DOWNSTREAM_OF_ESR_MEMBRANE_SIGNALING	6.88168421823893e-42	9.89673650114628e-42	8.5066015717972	2.93967772399715	2.33977744434425e-15	1	7	13	5.59413474085958e-05	1	0	7.35469947673216	-4.97288082913192
DCN	MET	R-HSA-8875360	REACTOME_INLB_MEDIATED_ENTRY_OF_LISTERIA_MONOCYTOGENES_INTO_HOST_CELL	7.36563588379475e-42	1.05882939574818e-41	12.4299900158892	2.64032224114379	8.8202129025133e-15	1	5	10	1.25869866293411e-05	1	0	-3.32916132851479	11.2515502894158
COL1A2	ITGA2B	R-HSA-354194	REACTOME_GRB2_SOS_PROVIDES_LINKAGE_TO_MAPK_SIGNALING_FOR_INTEGRINS	7.85372368880047e-42	1.12852169964384e-41	14.0547056107493	4.02018928876498	5.19222241150777e-26	1	4	8	0.000306459730668725	1	0	-0.973544102787729	-1.22574277327969
DCN	MET	R-HSA-8874081	REACTOME_MET_ACTIVATES_PTK2_SIGNALING	9.22629592517755e-42	1.32519657547435e-41	12.4299900158892	2.64032224114379	8.8202129025133e-15	1	3	7	2.18507385059052e-06	1	0	-3.32916132851479	11.2515502894158
DCN	EGFR	R-HSA-445144	REACTOME_SIGNAL_TRANSDUCTION_BY_L1	1.0664238791477e-41	1.53109271463609e-41	12.4299900158892	2.93967772399715	3.0197937025404e-18	1	7	13	0.000154057837573892	1	0	-3.32916132851479	-4.97288082913192
LAMB1	ITGB1	R-HSA-445144	REACTOME_SIGNAL_TRANSDUCTION_BY_L1	1.09437529568782e-41	1.57056780023617e-41	6.55387519617198	1.64273129306188	5.36492533195653e-15	1	8	15	0.000154057837573892	1	0	0.951831469888455	-1.65313439362914
NCAM1	FGFR2	R-HSA-5654695	REACTOME_PI_3K_CASCADE_FGFR2	1.09594715932032e-41	1.57216773480479e-41	2.9320508687129	12.4089683634966	4.70208501851753e-29	1	3	6	0.000353112685666113	1	0	5.86615048162456	5.89402827446816
THBS1	CD47	R-HSA-391160	REACTOME_SIGNAL_REGULATORY_PROTEIN_FAMILY_INTERACTIONS	1.09885676249743e-41	1.57568456148027e-41	10.1171572475629	1.62548017274011	3.93935239082347e-15	1	4	8	2.18507385059052e-06	1	0	3.36324076136934	3.47290191585887
LAMA1	ITGA3	R-HSA-216083	REACTOME_INTEGRIN_CELL_SURFACE_INTERACTIONS	1.32846920139887e-41	1.90413918867172e-41	17.5342897380052	4.13720289413487	5.70471836623451e-22	1	5	10	0.000219215237415202	1	0	-6.27074375530701	4.28443713596128
COL18A1	ITGB3	R-HSA-354194	REACTOME_GRB2_SOS_PROVIDES_LINKAGE_TO_MAPK_SIGNALING_FOR_INTEGRINS	1.40531100084532e-41	2.01260193293418e-41	6.26939471434587	2.33558859980003	5.03797714130507e-15	1	4	8	2.18507385059052e-06	1	0	0.323040890532106	5.81058030327552
COL18A1	ITGB3	R-HSA-372708	REACTOME_P130CAS_LINKAGE_TO_MAPK_SIGNALING_FOR_INTEGRINS	1.40531100084532e-41	2.01260193293418e-41	6.26939471434587	2.33558859980003	5.03797714130507e-15	1	4	8	2.18507385059052e-06	1	0	0.323040890532106	5.81058030327552
EFNB1	EPHB3	R-HSA-3928664	REACTOME_EPHRIN_SIGNALING	1.44638452369528e-41	2.07056294694622e-41	2.06677780171612	2.66398278170484	6.2008472553518e-17	1	7	14	0.000306459730668725	1	0	-1.46243435061172	5.2668835215113
L1CAM	ITGB3	R-HSA-445144	REACTOME_SIGNAL_TRANSDUCTION_BY_L1	1.47989036927946e-41	2.11764678465946e-41	5.38418252448028	2.33558859980003	4.19060722943674e-18	1	7	13	0.000154057837573892	1	0	4.78903995096595	5.81058030327552
EFNA3	EPHA2	R-HSA-3928663	REACTOME_EPHA_MEDIATED_GROWTH_CONE_COLLAPSE	1.48676519168434e-41	2.12659969205576e-41	4.01323569300597	9.04308235587877	2.30966807556345e-27	1	1	3	1.86021983612035e-05	1	0	4.72646934379839	-0.48536062889553
S100B	APP	R-HSA-432720	REACTOME_LYSOSOME_VESICLE_BIOGENESIS	1.59298723341177e-41	2.2775877318938e-41	2.91530553230702	1.07409823105059	4.17732978317162e-10	1	11	21	0.00043611624365127	1	0	5.98997946985497	-6.19605749258721
EFNA5	EPHA4	R-HSA-2682334	REACTOME_EPH_EPHRIN_SIGNALING	1.66684980221447e-41	2.3822032902442e-41	6.41959189310427	16.6159103861779	2.78404238166928e-23	1	2	5	1.86021983612035e-05	1	0	6.41274743637436	5.97922360248212
SEMA5A	MET	R-HSA-8875360	REACTOME_INLB_MEDIATED_ENTRY_OF_LISTERIA_MONOCYTOGENES_INTO_HOST_CELL	1.70908265006158e-41	2.44154664294512e-41	16.1408444326762	2.64032224114379	2.04659490088295e-14	1	5	10	1.25869866293411e-05	1	0	-4.27209030279128	11.2515502894158
FBLN1	ITGB1	R-HSA-445144	REACTOME_SIGNAL_TRANSDUCTION_BY_L1	1.72079583081115e-41	2.45725930178097e-41	8.92010857076818	1.64273129306188	8.43580916000264e-15	1	8	15	0.000154057837573892	1	0	6.20654076664142	-1.65313439362914
RND1	PLXNA2	R-HSA-399954	REACTOME_SEMA3A_PAK_DEPENDENT_AXON_REPULSION	1.77763140234396e-41	2.53736598508848e-41	4.60833105105072	7.07489410790799	1.66894790684717e-23	1	6	11	0.000363556813279895	1	0	-6.26577098121408	-3.0282877715324
COL11A1	ITGB1	R-HSA-3000178	REACTOME_ECM_PROTEOGLYCANS	1.78368842775145e-41	2.54495569948776e-41	8.7209722535565	1.64273129306188	3.86852311939072e-12	1	6	11	4.64005800644495e-06	1	0	5.2194090555208	-1.65313439362914
LAMA3	ITGB1	R-HSA-9634597	REACTOME_GPER1_SIGNALING	1.8213187875605e-41	2.59756908341962e-41	1.52751187044421	1.64273129306188	3.06207751580951e-10	1	9	18	0.000259067579825834	1	0	-6.34615646135939	-1.65313439362914
THBS1	ITGB1	R-HSA-3000178	REACTOME_ECM_PROTEOGLYCANS	1.84168390878156e-41	2.6255253403268e-41	10.1171572475629	1.64273129306188	3.99430565836698e-12	1	6	11	4.64005800644495e-06	1	0	3.36324076136934	-1.65313439362914
WNT5A	FZD3	R-HSA-4086398	REACTOME_CA2_PATHWAY	1.87304342422879e-41	2.66912567495734e-41	4.8259126929938	2.55657213646914	1.68908412039411e-13	1	10	19	0.000510639359764283	1	0	-0.0541399739889715	6.97633115708027
COL18A1	ITGB1	R-HSA-445144	REACTOME_SIGNAL_TRANSDUCTION_BY_L1	1.92038470443753e-41	2.735454817087e-41	6.26939471434587	1.64273129306188	9.41424809983805e-15	1	8	15	0.000154057837573892	1	0	0.323040890532106	-1.65313439362914
SEMA5A	MET	R-HSA-8874081	REACTOME_MET_ACTIVATES_PTK2_SIGNALING	2.14082022772091e-41	3.04818774145693e-41	16.1408444326762	2.64032224114379	2.04659490088295e-14	1	3	7	2.18507385059052e-06	1	0	-4.27209030279128	11.2515502894158
FGF2	FGFR3	R-HSA-112399	REACTOME_IRS_MEDIATED_SIGNALLING	2.27490666502504e-41	3.23776538174851e-41	1.22084110229944	4.05722087136925	4.09851165565448e-12	1	11	20	0.000353112685666113	1	0	5.86272009779499	-0.41857284145358
HSPG2	ITGB1	R-HSA-3000178	REACTOME_ECM_PROTEOGLYCANS	2.46115814072956e-41	3.5013995054217e-41	3.51948105940521	1.64273129306188	5.33784209156493e-12	1	6	11	4.64005800644495e-06	1	0	4.65016389182664	-1.65313439362914
LUM	ITGB1	R-HSA-3000171	REACTOME_NON_INTEGRIN_MEMBRANE_ECM_INTERACTIONS	2.52364025951048e-41	3.58880632191652e-41	11.828176566468	1.64273129306188	5.41903844093848e-23	1	5	10	0.000361191318072339	1	0	4.04840561928604	-1.65313439362914
L1CAM	FGFR2	R-HSA-5654696	REACTOME_DOWNSTREAM_SIGNALING_OF_ACTIVATED_FGFR2	2.66227153178897e-41	3.78438597907192e-41	5.38418252448028	12.4089683634966	8.28663999565782e-34	1	6	12	0.0334704470619978	1	0	4.78903995096595	5.89402827446816
FGF2	FGFR3	R-HSA-1226099	REACTOME_SIGNALING_BY_FGFR_IN_DISEASE	3.30132109531147e-41	4.69084864430874e-41	1.22084110229944	4.05722087136925	4.09851165565448e-12	1	13	25	0.00176215311281107	1	0	5.86272009779499	-0.41857284145358
COL2A1	ITGA2B	R-HSA-216083	REACTOME_INTEGRIN_CELL_SURFACE_INTERACTIONS	3.57544470512059e-41	5.07825342098052e-41	12.5798279320328	4.02018928876498	1.26190417839797e-24	1	4	8	0.000219215237415202	1	0	5.28155360459047	-1.22574277327969
LAMC1	ITGB1	R-HSA-3000178	REACTOME_ECM_PROTEOGLYCANS	3.71024883277594e-41	5.2675427093476e-41	3.23766986137765	1.64273129306188	8.04691176159058e-12	1	6	11	4.64005800644495e-06	1	0	5.42501182058629	-1.65313439362914
JAM3	ITGB1	R-HSA-445144	REACTOME_SIGNAL_TRANSDUCTION_BY_L1	4.00183182548116e-41	5.67916727708547e-41	7.72682422564567	1.64273129306188	1.96180679693249e-14	1	8	15	0.000154057837573892	1	0	4.56577146203116	-1.65313439362914
EFNA1	EPHA4	R-HSA-2682334	REACTOME_EPH_EPHRIN_SIGNALING	4.21091245130534e-41	5.97341807525376e-41	10.3907137966184	16.6159103861779	7.03324241593815e-23	1	2	5	1.86021983612035e-05	1	0	3.18210303018874	5.97922360248212
RND1	MET	R-HSA-8875360	REACTOME_INLB_MEDIATED_ENTRY_OF_LISTERIA_MONOCYTOGENES_INTO_HOST_CELL	4.47238360529068e-41	6.34171459282768e-41	4.60833105105072	2.64032224114379	5.35559674720856e-14	1	5	10	1.25869866293411e-05	1	0	-6.26577098121408	11.2515502894158
FBN1	ITGB3	R-HSA-354194	REACTOME_GRB2_SOS_PROVIDES_LINKAGE_TO_MAPK_SIGNALING_FOR_INTEGRINS	4.7686031639291e-41	6.7561758170989e-41	6.40013831890023	2.33558859980003	1.70952292562848e-14	1	4	8	2.18507385059052e-06	1	0	1.72756032766282	5.81058030327552
FBN1	ITGB3	R-HSA-372708	REACTOME_P130CAS_LINKAGE_TO_MAPK_SIGNALING_FOR_INTEGRINS	4.7686031639291e-41	6.7561758170989e-41	6.40013831890023	2.33558859980003	1.70952292562848e-14	1	4	8	2.18507385059052e-06	1	0	1.72756032766282	5.81058030327552
NCAM1	FGFR2	R-HSA-5655253	REACTOME_SIGNALING_BY_FGFR2_IN_DISEASE	5.31247247956375e-41	7.52363331811416e-41	2.9320508687129	12.4089683634966	4.70208501851753e-29	1	5	10	0.00419605243373027	1	0	5.86615048162456	5.89402827446816
RND1	MET	R-HSA-8874081	REACTOME_MET_ACTIVATES_PTK2_SIGNALING	5.60216867685638e-41	7.93064207752508e-41	4.60833105105072	2.64032224114379	5.35559674720856e-14	1	3	7	2.18507385059052e-06	1	0	-6.26577098121408	11.2515502894158
EFNA3	EPHA2	R-HSA-3928665	REACTOME_EPH_EPHRIN_MEDIATED_REPULSION_OF_CELLS	5.9469777954343e-41	8.41530383228877e-41	4.01323569300597	9.04308235587877	2.30966807556345e-27	1	2	4	1.86021983612035e-05	1	0	4.72646934379839	-0.48536062889553
TNC	ITGB1	R-HSA-3000178	REACTOME_ECM_PROTEOGLYCANS	6.48934586800898e-41	9.17900895803901e-41	8.5066015717972	1.64273129306188	1.40743103613461e-11	1	6	11	4.64005800644495e-06	1	0	7.35469947673216	-1.65313439362914
FBN1	ITGB1	R-HSA-445144	REACTOME_SIGNAL_TRANSDUCTION_BY_L1	6.51638859443455e-41	9.21347174881005e-41	6.40013831890023	1.64273129306188	3.19451091238149e-14	1	8	15	0.000154057837573892	1	0	1.72756032766282	-1.65313439362914
NPNT	ITGB1	R-HSA-3000178	REACTOME_ECM_PROTEOGLYCANS	6.68200634341996e-41	9.44375588388031e-41	8.21361350158779	1.64273129306188	1.4492158844144e-11	1	6	11	4.64005800644495e-06	1	0	-1.10868581470011	-1.65313439362914
EFNA5	EPHA5	R-HSA-3928663	REACTOME_EPHA_MEDIATED_GROWTH_CONE_COLLAPSE	7.79407432294962e-41	1.10109304603477e-40	6.41959189310427	9.19640517957698	1.21079809663096e-26	1	1	3	1.86021983612035e-05	1	0	6.41274743637436	4.91463643915273
L1CAM	EGFR	R-HSA-1643713	REACTOME_SIGNALING_BY_EGFR_IN_CANCER	9.34852838120092e-41	1.32015343314167e-40	5.38418252448028	2.93967772399715	1.30182866760621e-21	1	9	18	0.00419605243373027	1	0	4.78903995096595	-4.97288082913192
DCN	EGFR	R-HSA-8847993	REACTOME_ERBB2_ACTIVATES_PTK6_SIGNALING	9.36211227781238e-41	1.32152918488611e-40	12.4299900158892	2.93967772399715	3.0197937025404e-18	1	2	5	1.57799919931014e-06	1	0	-3.32916132851479	-4.97288082913192
LAMB2	ITGB1	R-HSA-8875878	REACTOME_MET_PROMOTES_CELL_MOTILITY	9.38319149089874e-41	1.32396139166086e-40	11.7077824357821	1.64273129306188	4.67297919260249e-19	1	6	12	0.000306459730668725	1	0	-5.4770692126764	-1.65313439362914
LAMA1	ITGA3	R-HSA-8875878	REACTOME_MET_PROMOTES_CELL_MOTILITY	9.91374215541131e-41	1.39824817608097e-40	17.5342897380052	4.13720289413487	5.70471836623451e-22	1	5	10	0.000306459730668725	1	0	-6.27074375530701	4.28443713596128
FGF2	FGFR3	R-HSA-74751	REACTOME_INSULIN_RECEPTOR_SIGNALLING_CASCADE	1.03809697718355e-40	1.46294698955813e-40	1.22084110229944	4.05722087136925	4.09851165565448e-12	1	13	25	0.00192476343881898	1	0	5.86272009779499	-0.41857284145358
FGF2	FGFR3	R-HSA-74752	REACTOME_SIGNALING_BY_INSULIN_RECEPTOR	1.03809697718355e-40	1.46294698955813e-40	1.22084110229944	4.05722087136925	4.09851165565448e-12	1	13	25	0.00192476343881898	1	0	5.86272009779499	-0.41857284145358
COL4A3	ITGA3	R-HSA-216083	REACTOME_INTEGRIN_CELL_SURFACE_INTERACTIONS	1.06401809337656e-40	1.4988625066402e-40	10.9133221434925	4.13720289413487	4.56911123938702e-21	1	5	10	0.000219215237415202	1	0	4.45925716993137	4.28443713596128
LAMA5	ITGA3	R-HSA-216083	REACTOME_INTEGRIN_CELL_SURFACE_INTERACTIONS	1.14834602768322e-40	1.6169915412322e-40	4.79474119253631	4.13720289413487	4.93123263077438e-21	1	5	10	0.000219215237415202	1	0	7.7539223096356	4.28443713596128
COL2A1	ITGB1	R-HSA-8875878	REACTOME_MET_PROMOTES_CELL_MOTILITY	1.34313795241877e-40	1.89050513761071e-40	12.5798279320328	1.64273129306188	6.68904147435922e-19	1	6	12	0.000306459730668725	1	0	5.28155360459047	-1.65313439362914
SPTAN1	PTPRA	R-HSA-375165	REACTOME_NCAM_SIGNALING_FOR_NEURITE_OUT_GROWTH	1.38546733720567e-40	1.949287378318e-40	2.44170796643092	1.85002176402805	1.59381723292695e-20	1	9	17	0.00192476343881898	1	0	4.25140233850786	4.30438468981155
COL4A4	ITGB1	R-HSA-9634597	REACTOME_GPER1_SIGNALING	1.39111636982879e-40	1.95643512355317e-40	4.75297522418188	1.64273129306188	2.33880317219634e-09	1	9	18	0.000259067579825834	1	0	-5.54509567223867	-1.65313439362914
DCN	EGFR	R-HSA-6785631	REACTOME_ERBB2_REGULATES_CELL_MOTILITY	1.43519215594523e-40	2.01759747300841e-40	12.4299900158892	2.93967772399715	3.0197937025404e-18	1	3	6	1.33416828061349e-06	1	0	-3.32916132851479	-4.97288082913192
ADM	RAMP2	R-HSA-373080	REACTOME_CLASS_B_2_SECRETIN_FAMILY_RECEPTORS	1.47490767499777e-40	2.07258268055242e-40	1.14809634100681	9.0647970524953	1.4346812755398e-17	1	3	7	1.37391546194143e-05	1	0	5.0449776747425	1.74396808127619
DCN	EGFR	R-HSA-1250196	REACTOME_SHC1_EVENTS_IN_ERBB2_SIGNALING	1.5332400418791e-40	2.15367323154925e-40	12.4299900158892	2.93967772399715	3.0197937025404e-18	1	6	11	6.92128322728481e-05	1	0	-3.32916132851479	-4.97288082913192
SEMA3A	PLXNA2	R-HSA-399954	REACTOME_SEMA3A_PAK_DEPENDENT_AXON_REPULSION	1.6427342835132e-40	2.30653303481037e-40	4.20253760071897	7.07489410790799	1.54229833044148e-22	1	6	11	0.000363556813279895	1	0	5.0148145673612	-3.0282877715324
COL16A1	ITGB1	R-HSA-3000170	REACTOME_SYNDECAN_INTERACTIONS	1.82451568781033e-40	2.56072377236537e-40	12.9334956641832	1.64273129306188	1.41417537656979e-24	1	3	7	0.000361191318072339	1	0	5.80814713736568	-1.65313439362914
IL6ST	CRLF1	R-HSA-447115	REACTOME_INTERLEUKIN_12_FAMILY_SIGNALING	1.89039006223934e-40	2.65209698780723e-40	3.9101638262986	3.98772688770013	1.36773368007909e-14	1	4	9	2.34089961429915e-05	1	0	5.79722245224878	5.55926607370387
COL2A1	ITGA2B	R-HSA-354194	REACTOME_GRB2_SOS_PROVIDES_LINKAGE_TO_MAPK_SIGNALING_FOR_INTEGRINS	1.90874849985529e-40	2.67676104341712e-40	12.5798279320328	4.02018928876498	1.26190417839797e-24	1	4	8	0.000306459730668725	1	0	5.28155360459047	-1.22574277327969
EFNA1	EPHA5	R-HSA-3928663	REACTOME_EPHA_MEDIATED_GROWTH_CONE_COLLAPSE	1.96899352115019e-40	2.76012131734176e-40	10.3907137966184	9.19640517957698	3.05880276336024e-26	1	1	3	1.86021983612035e-05	1	0	3.18210303018874	4.91463643915273
NCAM1	PTPRA	R-HSA-375165	REACTOME_NCAM_SIGNALING_FOR_NEURITE_OUT_GROWTH	2.03746064326566e-40	2.85493466917877e-40	2.9320508687129	1.85002176402805	2.3438588535741e-20	1	9	17	0.00192476343881898	1	0	5.86615048162456	4.30438468981155
L1CAM	ERBB3	R-HSA-1306955	REACTOME_GRB7_EVENTS_IN_ERBB2_SIGNALING	2.12393236944224e-40	2.97488898651519e-40	5.38418252448028	8.31277667281055	8.52956978498308e-29	1	1	2	1.57799919931014e-06	1	0	4.78903995096595	5.83982229038879
CDH1	EGFR	R-HSA-5637810	REACTOME_CONSTITUTIVE_SIGNALING_BY_EGFRVIII	2.20116417934514e-40	3.08180902602656e-40	14.3704771513226	2.93967772399715	5.72574762232922e-27	1	7	13	0.00419605243373027	1	0	5.40152618533464	-4.97288082913192
EFEMP1	EGFR	R-HSA-1643713	REACTOME_SIGNALING_BY_EGFR_IN_CANCER	2.26188919437368e-40	3.16554061376951e-40	11.9073822111131	2.93967772399715	3.14979221981685e-21	1	9	18	0.00419605243373027	1	0	3.20088563659098	-4.97288082913192
DCN	MET	R-HSA-9825892	REACTOME_REGULATION_OF_MITF_M_DEPENDENT_GENES_INVOLVED_IN_CELL_CYCLE_AND_PROLIFERATION	2.49201550271281e-40	3.48618679517367e-40	12.4299900158892	2.64032224114379	8.8202129025133e-15	1	7	14	0.00023537357120351	1	0	-3.32916132851479	11.2515502894158
COL6A2	ITGB1	R-HSA-445144	REACTOME_SIGNAL_TRANSDUCTION_BY_L1	2.66026808895746e-40	3.72004968537141e-40	2.61520749325399	1.64273129306188	1.30413576736245e-13	1	8	15	0.000154057837573892	1	0	-3.31955637394197	-1.65313439362914
LAMA5	SDC1	R-HSA-3000170	REACTOME_SYNDECAN_INTERACTIONS	2.86475648680413e-40	4.00437314693467e-40	4.79474119253631	7.03887851379973	1.53740409075425e-21	1	4	9	0.000361191318072339	1	0	7.7539223096356	4.20001468766753
LTBP1	ITGB1	R-HSA-3000178	REACTOME_ECM_PROTEOGLYCANS	3.1012796336679e-40	4.33322580821185e-40	2.6298897401509	1.64273129306188	6.72615899496749e-11	1	6	11	4.64005800644495e-06	1	0	7.03079313325193	-1.65313439362914
EFNA5	EPHA5	R-HSA-3928665	REACTOME_EPH_EPHRIN_MEDIATED_REPULSION_OF_CELLS	3.11758623310487e-40	4.35424142991504e-40	6.41959189310427	9.19640517957698	1.21079809663096e-26	1	2	4	1.86021983612035e-05	1	0	6.41274743637436	4.91463643915273
FN1	ITGB1	R-HSA-3000178	REACTOME_ECM_PROTEOGLYCANS	4.03267124741285e-40	5.63002804021923e-40	4.37912027588558	1.64273129306188	8.74619227820244e-11	1	6	11	4.64005800644495e-06	1	0	3.43264151330902	-1.65313439362914
L1CAM	ITGA2B	R-HSA-216083	REACTOME_INTEGRIN_CELL_SURFACE_INTERACTIONS	4.18574321423208e-40	5.8413617269608e-40	5.38418252448028	4.02018928876498	1.47730066813109e-23	1	4	8	0.000219215237415202	1	0	4.78903995096595	-1.22574277327969
AGRN	ITGB1	R-HSA-9634597	REACTOME_GPER1_SIGNALING	4.27468276265334e-40	5.96306111254156e-40	1.11546551296964	1.64273129306188	7.18677590333947e-09	1	9	18	0.000259067579825834	1	0	5.51142825962013	-1.65313439362914
LAMA1	ITGA7	R-HSA-216083	REACTOME_INTEGRIN_CELL_SURFACE_INTERACTIONS	4.80937649032365e-40	6.70622421026079e-40	17.5342897380052	2.14467390235839	5.16214135964965e-20	1	4	9	0.000219215237415202	1	0	-6.27074375530701	-6.34615646135939
COL16A1	ITGB1	R-HSA-2129379	REACTOME_MOLECULES_ASSOCIATED_WITH_ELASTIC_FIBRES	4.86391074996565e-40	6.77951903560852e-40	12.9334956641832	1.64273129306188	1.41417537656979e-24	1	4	8	0.000361191318072339	1	0	5.80814713736568	-1.65313439362914
SEMA5A	MET	R-HSA-9825892	REACTOME_REGULATION_OF_MITF_M_DEPENDENT_GENES_INVOLVED_IN_CELL_CYCLE_AND_PROLIFERATION	5.7823391307482e-40	8.05639797884723e-40	16.1408444326762	2.64032224114379	2.04659490088295e-14	1	7	14	0.00023537357120351	1	0	-4.27209030279128	11.2515502894158
EFNB1	EPHB2	R-HSA-3928664	REACTOME_EPHRIN_SIGNALING	5.91462806049841e-40	8.23737673203018e-40	2.06677780171612	1.69666351620937	2.53568152690598e-15	1	7	14	0.000306459730668725	1	0	-1.46243435061172	-2.98694876026066
LAMB1	ITGA3	R-HSA-216083	REACTOME_INTEGRIN_CELL_SURFACE_INTERACTIONS	5.92522704983491e-40	8.24879848297536e-40	6.55387519617198	4.13720289413487	2.54441364088152e-20	1	5	10	0.000219215237415202	1	0	0.951831469888455	4.28443713596128
COL3A1	ITGB1	R-HSA-8875878	REACTOME_MET_PROMOTES_CELL_MOTILITY	6.61621291182635e-40	9.20702767665156e-40	15.038080980152	1.64273129306188	3.29497967730712e-18	1	6	12	0.000306459730668725	1	0	-4.39983829722896	-1.65313439362914
WNT2	FZD3	R-HSA-373080	REACTOME_CLASS_B_2_SECRETIN_FAMILY_RECEPTORS	7.0170147714202e-40	9.76082928171673e-40	14.5622583700428	2.55657213646914	2.55964198728179e-17	1	4	8	1.37391546194143e-05	1	0	-3.11640413984048	6.97633115708027
THBS1	ITGA2B	R-HSA-372708	REACTOME_P130CAS_LINKAGE_TO_MAPK_SIGNALING_FOR_INTEGRINS	7.15361199763544e-40	9.94681700560465e-40	10.1171572475629	4.02018928876498	7.53535617833019e-18	1	4	8	1.76136977065251e-05	1	0	3.36324076136934	-1.22574277327969
EFNA1	EPHA5	R-HSA-3928665	REACTOME_EPH_EPHRIN_MEDIATED_REPULSION_OF_CELLS	7.87586420177662e-40	1.09466556986309e-39	10.3907137966184	9.19640517957698	3.05880276336024e-26	1	2	4	1.86021983612035e-05	1	0	3.18210303018874	4.91463643915273
COL4A3	ITGA3	R-HSA-8875878	REACTOME_MET_PROMOTES_CELL_MOTILITY	7.94026765191104e-40	1.10317127312496e-39	10.9133221434925	4.13720289413487	4.56911123938702e-21	1	5	10	0.000306459730668725	1	0	4.45925716993137	4.28443713596128
DCN	EGFR	R-HSA-180292	REACTOME_GAB1_SIGNALOSOME	8.11955502395673e-40	1.12762492056565e-39	12.4299900158892	2.93967772399715	3.0197937025404e-18	1	6	11	9.13791633757528e-05	1	0	-3.32916132851479	-4.97288082913192
LAMA5	ITGA3	R-HSA-8875878	REACTOME_MET_PROMOTES_CELL_MOTILITY	8.56956744774701e-40	1.18964132446528e-39	4.79474119253631	4.13720289413487	4.93123263077438e-21	1	5	10	0.000306459730668725	1	0	7.7539223096356	4.28443713596128
WNT5A	FZD6	R-HSA-4086400	REACTOME_PCP_CE_PATHWAY	8.62837346817121e-40	1.19732169142836e-39	4.8259126929938	3.88259018375091	1.99731326840687e-16	1	12	23	0.00349402508351075	1	0	-0.0541399739889715	-5.2745376762407
COMP	ITGB3	R-HSA-210990	REACTOME_PECAM1_INTERACTIONS	9.77784648295249e-40	1.35628193150631e-39	10.1255608464429	2.33558859980003	1.40626030864776e-20	1	4	9	0.000306459730668725	1	0	4.50469248937221	5.81058030327552
COL1A2	ITGB3	R-HSA-210990	REACTOME_PECAM1_INTERACTIONS	1.02409170001666e-39	1.41994173641971e-39	14.0547056107493	2.33558859980003	1.47285960426961e-20	1	4	9	0.000306459730668725	1	0	-0.973544102787729	5.81058030327552
COL18A1	ITGA3	R-HSA-216083	REACTOME_INTEGRIN_CELL_SURFACE_INTERACTIONS	1.03974527218023e-39	1.44106516369862e-39	6.26939471434587	4.13720289413487	4.4648787824108e-20	1	5	10	0.000219215237415202	1	0	0.323040890532106	4.28443713596128
RND1	ERBB2	R-HSA-1358803	REACTOME_DOWNREGULATION_OF_ERBB2_ERBB3_SIGNALING	1.04414576217106e-39	1.44658132173518e-39	4.60833105105072	5.2615892882842	2.81137084807974e-23	1	3	7	0.000281556464908479	1	0	-6.26577098121408	-6.34615646135939
LAMA3	ITGB1	R-HSA-3000178	REACTOME_ECM_PROTEOGLYCANS	1.41185461770939e-39	1.95522539650576e-39	1.52751187044421	1.64273129306188	3.06207751580951e-10	1	6	11	4.64005800644495e-06	1	0	-6.34615646135939	-1.65313439362914
COL4A2	ITGB3	R-HSA-445144	REACTOME_SIGNAL_TRANSDUCTION_BY_L1	1.50145647804132e-39	2.07847496356626e-39	10.9035066930124	2.33558859980003	4.25167600396513e-16	1	7	13	0.000154057837573892	1	0	6.44091966949719	5.81058030327552
RND1	MET	R-HSA-9825892	REACTOME_REGULATION_OF_MITF_M_DEPENDENT_GENES_INVOLVED_IN_CELL_CYCLE_AND_PROLIFERATION	1.51314149304934e-39	2.09380801934422e-39	4.60833105105072	2.64032224114379	5.35559674720856e-14	1	7	14	0.00023537357120351	1	0	-6.26577098121408	11.2515502894158
L1CAM	ITGB1	R-HSA-8875878	REACTOME_MET_PROMOTES_CELL_MOTILITY	1.57240036800536e-39	2.17493255566484e-39	5.38418252448028	1.64273129306188	7.83080491244005e-18	1	6	12	0.000306459730668725	1	0	4.78903995096595	-1.65313439362914
COL4A3	ITGB3	R-HSA-445144	REACTOME_SIGNAL_TRANSDUCTION_BY_L1	1.82066832865612e-39	2.51732276952454e-39	10.9133221434925	2.33558859980003	5.15558856173085e-16	1	7	13	0.000154057837573892	1	0	4.45925716993137	5.81058030327552
LGALS3BP	ITGB1	R-HSA-445144	REACTOME_SIGNAL_TRANSDUCTION_BY_L1	2.22703429255008e-39	3.0779421319294e-39	5.08385796896564	1.64273129306188	1.09175277789221e-12	1	8	15	0.000154057837573892	1	0	5.6845059272368	-1.65313439362914
L1CAM	ITGA2B	R-HSA-354194	REACTOME_GRB2_SOS_PROVIDES_LINKAGE_TO_MAPK_SIGNALING_FOR_INTEGRINS	2.23455590559202e-39	3.08709731535605e-39	5.38418252448028	4.02018928876498	1.47730066813109e-23	1	4	8	0.000306459730668725	1	0	4.78903995096595	-1.22574277327969
COL4A1	ITGB1	R-HSA-8875878	REACTOME_MET_PROMOTES_CELL_MOTILITY	2.28111161051626e-39	3.15015011648974e-39	11.3294445506569	1.64273129306188	1.13603000666519e-17	1	6	12	0.000306459730668725	1	0	4.78373488091513	-1.65313439362914
WNT5A	FZD2	R-HSA-4086398	REACTOME_CA2_PATHWAY	2.35205044872308e-39	3.2468112133256e-39	4.8259126929938	3.28789458091362	2.12104589349805e-11	1	10	19	0.000510639359764283	1	0	-0.0541399739889715	0.665354155033911
DCN	MET	R-HSA-8875555	REACTOME_MET_ACTIVATES_RAP1_AND_RAC1	2.35884547484742e-39	3.25488505153434e-39	12.4299900158892	2.64032224114379	8.8202129025133e-15	1	3	6	3.65411620714745e-07	1	0	-3.32916132851479	11.2515502894158
SEMA4D	ERBB2	R-HSA-8847993	REACTOME_ERBB2_ACTIVATES_PTK6_SIGNALING	2.88156875933731e-39	3.97457759908595e-39	1.01462714481266	5.2615892882842	9.29463665321184e-17	1	2	5	1.57799919931014e-06	1	0	7.0765425972243	-6.34615646135939
COL5A1	ITGB1	R-HSA-3000171	REACTOME_NON_INTEGRIN_MEMBRANE_ECM_INTERACTIONS	3.22905485951395e-39	4.45208365399919e-39	17.6910136130676	1.64273129306188	6.93378239852596e-21	1	5	10	0.000361191318072339	1	0	5.13171509336827	-1.65313439362914
FBLN2	ITGB3	R-HSA-445144	REACTOME_SIGNAL_TRANSDUCTION_BY_L1	3.89222359467426e-39	5.36428251830107e-39	20.4800687975369	2.33558859980003	1.10216139472329e-15	1	7	13	0.000154057837573892	1	0	-1.12341971762222	5.81058030327552
LAMA5	ITGA7	R-HSA-216083	REACTOME_INTEGRIN_CELL_SURFACE_INTERACTIONS	4.15728748734311e-39	5.72730034299572e-39	4.79474119253631	2.14467390235839	4.46222202099292e-19	1	4	9	0.000219215237415202	1	0	7.7539223096356	-6.34615646135939
CDH1	EGFR	R-HSA-212718	REACTOME_EGFR_INTERACTS_WITH_PHOSPHOLIPASE_C_GAMMA	4.36891639556849e-39	6.01644211399344e-39	14.3704771513226	2.93967772399715	5.72574762232922e-27	1	1	3	9.13791633757528e-05	1	0	5.40152618533464	-4.97288082913192
COL5A2	ITGB1	R-HSA-8875878	REACTOME_MET_PROMOTES_CELL_MOTILITY	4.39816688573426e-39	6.05429935451215e-39	9.21695136128872	1.64273129306188	2.19035733871194e-17	1	6	12	0.000306459730668725	1	0	4.91888270579576	-1.65313439362914
SEMA4D	ERBB2	R-HSA-6785631	REACTOME_ERBB2_REGULATES_CELL_MOTILITY	4.41738440802388e-39	6.07832094544086e-39	1.01462714481266	5.2615892882842	9.29463665321184e-17	1	3	6	1.33416828061349e-06	1	0	7.0765425972243	-6.34615646135939
LAMB1	ITGA3	R-HSA-8875878	REACTOME_MET_PROMOTES_CELL_MOTILITY	4.42171885674711e-39	6.08185240592166e-39	6.55387519617198	4.13720289413487	2.54441364088152e-20	1	5	10	0.000306459730668725	1	0	0.951831469888455	4.28443713596128
SEMA4D	ERBB2	R-HSA-1250196	REACTOME_SHC1_EVENTS_IN_ERBB2_SIGNALING	4.71916643823483e-39	6.4883823131606e-39	1.01462714481266	5.2615892882842	9.29463665321184e-17	1	6	11	6.92128322728481e-05	1	0	7.0765425972243	-6.34615646135939
COL1A1	ITGB1	R-HSA-3000171	REACTOME_NON_INTEGRIN_MEMBRANE_ECM_INTERACTIONS	4.7777569627422e-39	6.56489560813486e-39	11.8865981117298	1.64273129306188	1.02593262034834e-20	1	5	10	0.000361191318072339	1	0	-1.97991822679722	-1.65313439362914
THBS1	ITGA2B	R-HSA-445144	REACTOME_SIGNAL_TRANSDUCTION_BY_L1	4.77863331475863e-39	6.56489560813486e-39	10.1171572475629	4.02018928876498	7.53535617833019e-18	1	6	12	0.000361191318072339	1	0	3.36324076136934	-1.22574277327969
L1CAM	ERBB2	R-HSA-1306955	REACTOME_GRB7_EVENTS_IN_ERBB2_SIGNALING	4.97026390728311e-39	6.8254322718778e-39	5.38418252448028	5.2615892882842	1.99602461250152e-27	1	1	2	1.57799919931014e-06	1	0	4.78903995096595	-6.34615646135939
ANXA1	EGFR	R-HSA-445144	REACTOME_SIGNAL_TRANSDUCTION_BY_L1	5.13632914391953e-39	7.05066730051204e-39	3.78540835500689	2.93967772399715	1.45445490355854e-15	1	7	13	0.000154057837573892	1	0	5.66002539089596	-4.97288082913192
SEMA5A	MET	R-HSA-8875555	REACTOME_MET_ACTIVATES_RAP1_AND_RAC1	5.47333853972835e-39	7.51017855869621e-39	16.1408444326762	2.64032224114379	2.04659490088295e-14	1	3	6	3.65411620714745e-07	1	0	-4.27209030279128	11.2515502894158
WNT5A	FZD6	R-HSA-373080	REACTOME_CLASS_B_2_SECRETIN_FAMILY_RECEPTORS	5.47544413523549e-39	7.51017855869621e-39	4.8259126929938	3.88259018375091	1.99731326840687e-16	1	4	8	1.37391546194143e-05	1	0	-0.0541399739889715	-5.2745376762407
TGFB2	TGFBR3	R-HSA-9839389	REACTOME_TGFBR3_REGULATES_TGF_BETA_SIGNALING	5.88861632612064e-39	8.07367084968315e-39	6.5137576516326	1.231627940706	8.29055262965906e-14	1	3	6	2.62321976166763e-07	1	0	5.93110784303411	5.3195988464643
THBS1	ITGB3	R-HSA-354194	REACTOME_GRB2_SOS_PROVIDES_LINKAGE_TO_MAPK_SIGNALING_FOR_INTEGRINS	5.96249601977071e-39	8.16845332855884e-39	10.1171572475629	2.33558859980003	2.13752817950321e-12	1	4	8	2.18507385059052e-06	1	0	3.36324076136934	5.81058030327552
THBS1	ITGB3	R-HSA-372708	REACTOME_P130CAS_LINKAGE_TO_MAPK_SIGNALING_FOR_INTEGRINS	5.96249601977071e-39	8.16845332855884e-39	10.1171572475629	2.33558859980003	2.13752817950321e-12	1	4	8	2.18507385059052e-06	1	0	3.36324076136934	5.81058030327552
COL4A4	CD47	R-HSA-391160	REACTOME_SIGNAL_REGULATORY_PROTEIN_FAMILY_INTERACTIONS	6.43418381498904e-39	8.81114344090855e-39	4.75297522418188	1.62548017274011	2.30662614633852e-12	1	4	8	2.18507385059052e-06	1	0	-5.54509567223867	3.47290191585887
IL6ST	OSMR	R-HSA-6783589	REACTOME_INTERLEUKIN_6_FAMILY_SIGNALING	6.53196883561264e-39	8.94149335237067e-39	3.9101638262986	2.866615816183	4.64093789633264e-12	1	5	10	1.37311396176932e-05	1	0	5.79722245224878	8.56321197074903
LUM	ITGB1	R-HSA-3000170	REACTOME_SYNDECAN_INTERACTIONS	6.99143883576986e-39	9.56664661696433e-39	11.828176566468	1.64273129306188	5.41903844093848e-23	1	3	7	0.000361191318072339	1	0	4.04840561928604	-1.65313439362914
SEMA4D	MET	R-HSA-6807004	REACTOME_NEGATIVE_REGULATION_OF_MET_ACTIVITY	7.01900918336722e-39	9.6005533164148e-39	1.01462714481266	2.64032224114379	1.77060688597618e-07	1	6	12	1.25869866293411e-05	1	0	7.0765425972243	11.2515502894158
COL18A1	ITGA3	R-HSA-8875878	REACTOME_MET_PROMOTES_CELL_MOTILITY	7.75913097936233e-39	1.06086687476178e-38	6.26939471434587	4.13720289413487	4.4648787824108e-20	1	5	10	0.000306459730668725	1	0	0.323040890532106	4.28443713596128
COL11A1	ITGB1	R-HSA-445144	REACTOME_SIGNAL_TRANSDUCTION_BY_L1	7.89128621686601e-39	1.07850713492328e-38	8.7209722535565	1.64273129306188	3.86852311939072e-12	1	8	15	0.000154057837573892	1	0	5.2194090555208	-1.65313439362914
THBS1	ITGB1	R-HSA-445144	REACTOME_SIGNAL_TRANSDUCTION_BY_L1	8.14786630841839e-39	1.11313185468464e-38	10.1171572475629	1.64273129306188	3.99430565836698e-12	1	8	15	0.000154057837573892	1	0	3.36324076136934	-1.65313439362914
TNC	EGFR	R-HSA-445144	REACTOME_SIGNAL_TRANSDUCTION_BY_L1	8.26279800650224e-39	1.12838527758506e-38	8.5066015717972	2.93967772399715	2.33977744434425e-15	1	7	13	0.000154057837573892	1	0	7.35469947673216	-4.97288082913192
COL4A4	ITGB1	R-HSA-3000178	REACTOME_ECM_PROTEOGLYCANS	1.0783691926577e-38	1.47205953283432e-38	4.75297522418188	1.64273129306188	2.33880317219634e-09	1	6	11	4.64005800644495e-06	1	0	-5.54509567223867	-1.65313439362914
HSPG2	ITGB1	R-HSA-445144	REACTOME_SIGNAL_TRANSDUCTION_BY_L1	1.08885066535696e-38	1.48577798049501e-38	3.51948105940521	1.64273129306188	5.33784209156493e-12	1	8	15	0.000154057837573892	1	0	4.65016389182664	-1.65313439362914
CLCF1	CRLF1	R-HSA-447115	REACTOME_INTERLEUKIN_12_FAMILY_SIGNALING	1.09061816920113e-38	1.48759972325611e-38	1.99763232565619	3.98772688770013	7.89083285994193e-13	1	4	9	2.34089961429915e-05	1	0	6.19877985208826	5.55926607370387
COMP	ITGB1	R-HSA-3000171	REACTOME_NON_INTEGRIN_MEMBRANE_ECM_INTERACTIONS	1.22377163033053e-38	1.66855902034761e-38	10.1255608464429	1.64273129306188	2.6278172900037e-20	1	5	10	0.000361191318072339	1	0	4.50469248937221	-1.65313439362914
EFNA3	EPHA4	R-HSA-2682334	REACTOME_EPH_EPHRIN_SIGNALING	1.27393512145062e-38	1.73626656806265e-38	4.01323569300597	16.6159103861779	2.12777981849572e-20	1	2	5	1.86021983612035e-05	1	0	4.72646934379839	5.97922360248212
COL1A2	ITGB1	R-HSA-3000171	REACTOME_NON_INTEGRIN_MEMBRANE_ECM_INTERACTIONS	1.28172841690895e-38	1.74619633828388e-38	14.0547056107493	1.64273129306188	2.75226848830669e-20	1	5	10	0.000361191318072339	1	0	-0.973544102787729	-1.65313439362914
COL16A1	ITGB1	R-HSA-416700	REACTOME_OTHER_SEMAPHORIN_INTERACTIONS	1.31028278264267e-38	1.78439143796152e-38	12.9334956641832	1.64273129306188	1.41417537656979e-24	1	1	2	9.62566807726242e-08	1	0	5.80814713736568	-1.65313439362914
RND1	MET	R-HSA-8875555	REACTOME_MET_ACTIVATES_RAP1_AND_RAC1	1.43228120362726e-38	1.94976151186299e-38	4.60833105105072	2.64032224114379	5.35559674720856e-14	1	3	6	3.65411620714745e-07	1	0	-6.26577098121408	11.2515502894158
LIF	IL6ST	R-HSA-447115	REACTOME_INTERLEUKIN_12_FAMILY_SIGNALING	1.43699539268329e-38	1.9554051229551e-38	4.9622342686641	3.9101638262986	7.40281650525152e-11	1	5	10	9.86981393474104e-06	1	0	-6.20163825687765	5.79722245224878
FN1	ITGA2B	R-HSA-372708	REACTOME_P130CAS_LINKAGE_TO_MAPK_SIGNALING_FOR_INTEGRINS	1.56640155677408e-38	2.13065296769586e-38	4.37912027588558	4.02018928876498	1.64999075327052e-16	1	4	8	1.76136977065251e-05	1	0	3.43264151330902	-1.22574277327969
LAMC1	ITGB1	R-HSA-445144	REACTOME_SIGNAL_TRANSDUCTION_BY_L1	1.64146579748444e-38	2.23187444401046e-38	3.23766986137765	1.64273129306188	8.04691176159058e-12	1	8	15	0.000154057837573892	1	0	5.42501182058629	-1.65313439362914
COL4A6	ITGB1	R-HSA-8875878	REACTOME_MET_PROMOTES_CELL_MOTILITY	1.68677971271842e-38	2.29258088176664e-38	9.53524221853406	1.64273129306188	8.40043231312356e-17	1	6	12	0.000306459730668725	1	0	1.77832375144824	-1.65313439362914
COL18A1	ITGB3	R-HSA-445144	REACTOME_SIGNAL_TRANSDUCTION_BY_L1	1.77913448907727e-38	2.4171495428222e-38	6.26939471434587	2.33558859980003	5.03797714130507e-15	1	7	13	0.000154057837573892	1	0	0.323040890532106	5.81058030327552
EFNA2	EPHA5	R-HSA-2682334	REACTOME_EPH_EPHRIN_SIGNALING	1.84250813935114e-38	2.50226134992811e-38	3.98137602912679	9.19640517957698	3.07743429654507e-20	1	2	5	1.86021983612035e-05	1	0	0.0248621100849193	4.91463643915273
LUM	ITGB1	R-HSA-2129379	REACTOME_MOLECULES_ASSOCIATED_WITH_ELASTIC_FIBRES	1.8638225331918e-38	2.53020896376472e-38	11.828176566468	1.64273129306188	5.41903844093848e-23	1	4	8	0.000361191318072339	1	0	4.04840561928604	-1.65313439362914
TNC	ITGB3	R-HSA-354194	REACTOME_GRB2_SOS_PROVIDES_LINKAGE_TO_MAPK_SIGNALING_FOR_INTEGRINS	2.10094135722333e-38	2.84985736153323e-38	8.5066015717972	2.33558859980003	7.53178088447811e-12	1	4	8	2.18507385059052e-06	1	0	7.35469947673216	5.81058030327552
TNC	ITGB3	R-HSA-372708	REACTOME_P130CAS_LINKAGE_TO_MAPK_SIGNALING_FOR_INTEGRINS	2.10094135722333e-38	2.84985736153323e-38	8.5066015717972	2.33558859980003	7.53178088447811e-12	1	4	8	2.18507385059052e-06	1	0	7.35469947673216	5.81058030327552
LAMB1	ITGA7	R-HSA-216083	REACTOME_INTEGRIN_CELL_SURFACE_INTERACTIONS	2.14507401777165e-38	2.9085749393514e-38	6.55387519617198	2.14467390235839	2.30241390519704e-18	1	4	9	0.000219215237415202	1	0	0.951831469888455	-6.34615646135939
RND1	PLXNA2	R-HSA-399955	REACTOME_SEMA3A_PLEXIN_REPULSION_SIGNALING_BY_INHIBITING_INTEGRIN_ADHESION	2.35951894261614e-38	3.19808714050415e-38	4.60833105105072	7.07489410790799	1.66894790684717e-23	1	4	8	0.000479228474464646	1	0	-6.26577098121408	-3.0282877715324
LAMA1	ITGB1	R-HSA-8875878	REACTOME_MET_PROMOTES_CELL_MOTILITY	2.41527678848542e-38	3.27237185994085e-38	17.5342897380052	1.64273129306188	1.20284640763385e-16	1	6	12	0.000306459730668725	1	0	-6.27074375530701	-1.65313439362914
FGF2	FGFR3	R-HSA-5654741	REACTOME_SIGNALING_BY_FGFR3	2.8049116898104e-38	3.79877803659361e-38	1.22084110229944	4.05722087136925	4.09851165565448e-12	1	13	24	0.00192476343881898	1	0	5.86272009779499	-0.41857284145358
TNC	ITGB1	R-HSA-445144	REACTOME_SIGNAL_TRANSDUCTION_BY_L1	2.8709770612377e-38	3.88672219230921e-38	8.5066015717972	1.64273129306188	1.40743103613461e-11	1	8	15	0.000154057837573892	1	0	7.35469947673216	-1.65313439362914
NPNT	ITGB1	R-HSA-445144	REACTOME_SIGNAL_TRANSDUCTION_BY_L1	2.95621274088284e-38	4.00053966508142e-38	8.21361350158779	1.64273129306188	1.4492158844144e-11	1	8	15	0.000154057837573892	1	0	-1.10868581470011	-1.65313439362914
AGRN	ITGB1	R-HSA-3000178	REACTOME_ECM_PROTEOGLYCANS	3.31365966184236e-38	4.48249675058503e-38	1.11546551296964	1.64273129306188	7.18677590333947e-09	1	6	11	4.64005800644495e-06	1	0	5.51142825962013	-1.65313439362914
CTF1	IL6ST	R-HSA-6788467	REACTOME_IL_6_TYPE_CYTOKINE_RECEPTOR_LIGAND_INTERACTIONS	3.92190311867426e-38	5.3032023302828e-38	6.88834092018875	3.9101638262986	1.10250275720028e-15	1	4	8	1.447401348828e-05	1	0	-6.34615646135939	5.79722245224878
ANXA1	EGFR	R-HSA-8847993	REACTOME_ERBB2_ACTIVATES_PTK6_SIGNALING	4.50917229831785e-38	6.09491265470075e-38	3.78540835500689	2.93967772399715	1.45445490355854e-15	1	2	5	1.57799919931014e-06	1	0	5.66002539089596	-4.97288082913192
EFNA2	EPHA2	R-HSA-3928663	REACTOME_EPHA_MEDIATED_GROWTH_CONE_COLLAPSE	4.94434311950582e-38	6.68049502399843e-38	3.98137602912679	9.04308235587877	7.68096503847864e-24	1	1	3	1.86021983612035e-05	1	0	0.0248621100849193	-0.48536062889553
EFNA3	EPHA5	R-HSA-3928663	REACTOME_EPHA_MEDIATED_GROWTH_CONE_COLLAPSE	5.956832466855e-38	8.04534891479434e-38	4.01323569300597	9.19640517957698	9.25385249609473e-24	1	1	3	1.86021983612035e-05	1	0	4.72646934379839	4.91463643915273
FBN1	ITGB3	R-HSA-445144	REACTOME_SIGNAL_TRANSDUCTION_BY_L1	6.03708812395689e-38	8.15054283611134e-38	6.40013831890023	2.33558859980003	1.70952292562848e-14	1	7	13	0.000154057837573892	1	0	1.72756032766282	5.81058030327552
IL6ST	CNTFR	R-HSA-6788467	REACTOME_IL_6_TYPE_CYTOKINE_RECEPTOR_LIGAND_INTERACTIONS	6.42220650039812e-38	8.66708135008613e-38	3.9101638262986	9.80289671720612	4.27751197822788e-20	1	2	5	2.34089961429915e-05	1	0	5.79722245224878	5.20535288616514
ANXA1	EGFR	R-HSA-6785631	REACTOME_ERBB2_REGULATES_CELL_MOTILITY	6.91246646089517e-38	9.32505279430565e-38	3.78540835500689	2.93967772399715	1.45445490355854e-15	1	3	6	1.33416828061349e-06	1	0	5.66002539089596	-4.97288082913192
TNC	EGFR	R-HSA-8847993	REACTOME_ERBB2_ACTIVATES_PTK6_SIGNALING	7.25389258233635e-38	9.78180732388751e-38	8.5066015717972	2.93967772399715	2.33977744434425e-15	1	2	5	1.57799919931014e-06	1	0	7.35469947673216	-4.97288082913192
ANXA1	EGFR	R-HSA-1250196	REACTOME_SHC1_EVENTS_IN_ERBB2_SIGNALING	7.38470477426108e-38	9.95430424116697e-38	3.78540835500689	2.93967772399715	1.45445490355854e-15	1	6	11	6.92128322728481e-05	1	0	5.66002539089596	-4.97288082913192
COL4A5	ITGB1	R-HSA-8875878	REACTOME_MET_PROMOTES_CELL_MOTILITY	8.73971182901004e-38	1.17761882850742e-37	5.4186994542932	1.64273129306188	4.3525160459444e-16	1	6	12	0.000306459730668725	1	0	6.18599343361014	-1.65313439362914
SEMA4D	MET	R-HSA-400685	REACTOME_SEMA4D_IN_SEMAPHORIN_SIGNALING	8.77455944017813e-38	1.18185138896683e-37	1.01462714481266	2.64032224114379	1.77060688597618e-07	1	8	15	5.44299221961187e-05	1	0	7.0765425972243	11.2515502894158
L1CAM	EGFR	R-HSA-881907	REACTOME_GASTRIN_CREB_SIGNALLING_PATHWAY_VIA_PKC_AND_MAPK	1.00060006188337e-37	1.34718755885667e-37	5.38418252448028	2.93967772399715	1.30182866760621e-21	1	6	12	0.00192476343881898	1	0	4.78903995096595	-4.97288082913192
LTBP1	ITGB3	R-HSA-354194	REACTOME_GRB2_SOS_PROVIDES_LINKAGE_TO_MAPK_SIGNALING_FOR_INTEGRINS	1.00404675220161e-37	1.35077075775265e-37	2.6298897401509	2.33558859980003	3.59946274052546e-11	1	4	8	2.18507385059052e-06	1	0	7.03079313325193	5.81058030327552
LTBP1	ITGB3	R-HSA-372708	REACTOME_P130CAS_LINKAGE_TO_MAPK_SIGNALING_FOR_INTEGRINS	1.00404675220161e-37	1.35077075775265e-37	2.6298897401509	2.33558859980003	3.59946274052546e-11	1	4	8	2.18507385059052e-06	1	0	7.03079313325193	5.81058030327552
FN1	ITGA2B	R-HSA-445144	REACTOME_SIGNAL_TRANSDUCTION_BY_L1	1.04636072881288e-37	1.40714656259434e-37	4.37912027588558	4.02018928876498	1.64999075327052e-16	1	6	12	0.000361191318072339	1	0	3.43264151330902	-1.22574277327969
IL6ST	IL11RA	R-HSA-6783589	REACTOME_INTERLEUKIN_6_FAMILY_SIGNALING	1.09829175093946e-37	1.4764062615208e-37	3.9101638262986	1.73888385641276	7.80331923871831e-11	1	5	10	1.37311396176932e-05	1	0	5.79722245224878	-1.09954402805651
MFGE8	ITGB3	R-HSA-354194	REACTOME_GRB2_SOS_PROVIDES_LINKAGE_TO_MAPK_SIGNALING_FOR_INTEGRINS	1.11130828623833e-37	1.49273740908233e-37	2.73317240377774	2.33558859980003	3.98399054703467e-11	1	4	8	2.18507385059052e-06	1	0	7.14954233744459	5.81058030327552
MFGE8	ITGB3	R-HSA-372708	REACTOME_P130CAS_LINKAGE_TO_MAPK_SIGNALING_FOR_INTEGRINS	1.11130828623833e-37	1.49273740908233e-37	2.73317240377774	2.33558859980003	3.98399054703467e-11	1	4	8	2.18507385059052e-06	1	0	7.14954233744459	5.81058030327552
TNC	EGFR	R-HSA-6785631	REACTOME_ERBB2_REGULATES_CELL_MOTILITY	1.11200650294605e-37	1.49309226000562e-37	8.5066015717972	2.93967772399715	2.33977744434425e-15	1	3	6	1.33416828061349e-06	1	0	7.35469947673216	-4.97288082913192
TNC	EGFR	R-HSA-1250196	REACTOME_SHC1_EVENTS_IN_ERBB2_SIGNALING	1.18797534538079e-37	1.59447334690203e-37	8.5066015717972	2.93967772399715	2.33977744434425e-15	1	6	11	6.92128322728481e-05	1	0	7.35469947673216	-4.97288082913192
EFNB1	ERBB2	R-HSA-1358803	REACTOME_DOWNREGULATION_OF_ERBB2_ERBB3_SIGNALING	1.19991730113817e-37	1.60987344614482e-37	2.06677780171612	5.2615892882842	3.23078696743656e-21	1	3	7	0.000281556464908479	1	0	-1.46243435061172	-6.34615646135939
FN1	ITGB3	R-HSA-354194	REACTOME_GRB2_SOS_PROVIDES_LINKAGE_TO_MAPK_SIGNALING_FOR_INTEGRINS	1.30558703081957e-37	1.75028035308625e-37	4.37912027588558	2.33558859980003	4.68047116495695e-11	1	4	8	2.18507385059052e-06	1	0	3.43264151330902	5.81058030327552
FN1	ITGB3	R-HSA-372708	REACTOME_P130CAS_LINKAGE_TO_MAPK_SIGNALING_FOR_INTEGRINS	1.30558703081957e-37	1.75028035308625e-37	4.37912027588558	2.33558859980003	4.68047116495695e-11	1	4	8	2.18507385059052e-06	1	0	3.43264151330902	5.81058030327552
LTBP1	ITGB1	R-HSA-445144	REACTOME_SIGNAL_TRANSDUCTION_BY_L1	1.37204933591804e-37	1.83866369908767e-37	2.6298897401509	1.64273129306188	6.72615899496749e-11	1	8	15	0.000154057837573892	1	0	7.03079313325193	-1.65313439362914
SEMA4D	PLXNB1	R-HSA-400685	REACTOME_SEMA4D_IN_SEMAPHORIN_SIGNALING	1.55830725464124e-37	2.08745208565648e-37	1.01462714481266	1.13851846452977	7.28496031131786e-09	1	9	17	0.000212438839452866	1	0	7.0765425972243	0.76015544151647
SLIT2	SDC1	R-HSA-3000170	REACTOME_SYNDECAN_INTERACTIONS	1.63291716866289e-37	2.18654537181796e-37	6.43545090641173	7.03887851379973	8.76323536233891e-19	1	4	9	0.000361191318072339	1	0	2.55777934270203	4.20001468766753
FN1	ITGB1	R-HSA-445144	REACTOME_SIGNAL_TRANSDUCTION_BY_L1	1.78410996767958e-37	2.38806937308084e-37	4.37912027588558	1.64273129306188	8.74619227820244e-11	1	8	15	0.000154057837573892	1	0	3.43264151330902	-1.65313439362914
EFNA5	EPHA4	R-HSA-3928663	REACTOME_EPHA_MEDIATED_GROWTH_CONE_COLLAPSE	1.79212647437666e-37	2.39786661682446e-37	6.41959189310427	16.6159103861779	2.78404238166928e-23	1	1	3	1.86021983612035e-05	1	0	6.41274743637436	5.97922360248212
COL4A3	ITGB1	R-HSA-8875878	REACTOME_MET_PROMOTES_CELL_MOTILITY	1.93448083008234e-37	2.58733050368711e-37	10.9133221434925	1.64273129306188	9.63402343033426e-16	1	6	12	0.000306459730668725	1	0	4.45925716993137	-1.65313439362914
EFNA2	EPHA2	R-HSA-3928665	REACTOME_EPH_EPHRIN_MEDIATED_REPULSION_OF_CELLS	1.97770965510688e-37	2.64412017627971e-37	3.98137602912679	9.04308235587877	7.68096503847864e-24	1	2	4	1.86021983612035e-05	1	0	0.0248621100849193	-0.48536062889553
LAMA5	ITGB1	R-HSA-8875878	REACTOME_MET_PROMOTES_CELL_MOTILITY	2.08779661801128e-37	2.79021770239269e-37	4.79474119253631	1.64273129306188	1.03975605355764e-15	1	6	12	0.000306459730668725	1	0	7.7539223096356	-1.65313439362914
DCN	EGFR	R-HSA-1643713	REACTOME_SIGNALING_BY_EGFR_IN_CANCER	2.16853629329587e-37	2.89699605783992e-37	12.4299900158892	2.93967772399715	3.0197937025404e-18	1	9	18	0.00419605243373027	1	0	-3.32916132851479	-4.97288082913192
LAMB2	ITGB1	R-HSA-3000171	REACTOME_NON_INTEGRIN_MEMBRANE_ECM_INTERACTIONS	2.17620128567756e-37	2.90610730696071e-37	11.7077824357821	1.64273129306188	4.67297919260249e-19	1	5	10	0.000361191318072339	1	0	-5.4770692126764	-1.65313439362914
SEMA3A	PLXNA2	R-HSA-399955	REACTOME_SEMA3A_PLEXIN_REPULSION_SIGNALING_BY_INHIBITING_INTEGRIN_ADHESION	2.18046477718802e-37	2.91067087059635e-37	4.20253760071897	7.07489410790799	1.54229833044148e-22	1	4	8	0.000479228474464646	1	0	5.0148145673612	-3.0282877715324
LAMB2	ITGB4	R-HSA-446107	REACTOME_TYPE_I_HEMIDESMOSOME_ASSEMBLY	2.18233851846853e-37	2.91204208825902e-37	11.7077824357821	6.44412418959411	1.31197927085759e-26	1	2	5	0.00135090150767073	1	0	-5.4770692126764	5.77953524166907
EFNA3	EPHA5	R-HSA-3928665	REACTOME_EPH_EPHRIN_MEDIATED_REPULSION_OF_CELLS	2.38269974368825e-37	3.17816483842093e-37	4.01323569300597	9.19640517957698	9.25385249609473e-24	1	2	4	1.86021983612035e-05	1	0	4.72646934379839	4.91463643915273
EFEMP1	EGFR	R-HSA-881907	REACTOME_GASTRIN_CREB_SIGNALLING_PATHWAY_VIA_PKC_AND_MAPK	2.42096549914191e-37	3.22795399885588e-37	11.9073822111131	2.93967772399715	3.14979221981685e-21	1	6	12	0.00192476343881898	1	0	3.20088563659098	-4.97288082913192
COL16A1	ITGB1	R-HSA-8874081	REACTOME_MET_ACTIVATES_PTK2_SIGNALING	2.44585466348165e-37	3.25987603346644e-37	12.9334956641832	1.64273129306188	1.41417537656979e-24	1	3	6	0.000327729827104814	1	0	5.80814713736568	-1.65313439362914
L1CAM	ITGB3	R-HSA-210990	REACTOME_PECAM1_INTERACTIONS	2.91376453618209e-37	3.88201007144321e-37	5.38418252448028	2.33558859980003	4.19060722943674e-18	1	4	9	0.000306459730668725	1	0	4.78903995096595	5.81058030327552
S100B	APP	R-HSA-977225	REACTOME_AMYLOID_FIBER_FORMATION	3.03507525152571e-37	4.04206692421543e-37	2.91530553230702	1.07409823105059	4.17732978317162e-10	1	7	13	4.58120468461555e-05	1	0	5.98997946985497	-6.19605749258721
COL2A1	ITGB1	R-HSA-3000171	REACTOME_NON_INTEGRIN_MEMBRANE_ECM_INTERACTIONS	3.11507927950865e-37	4.14700956714773e-37	12.5798279320328	1.64273129306188	6.68904147435922e-19	1	5	10	0.000361191318072339	1	0	5.28155360459047	-1.65313439362914
CLCF1	IL6ST	R-HSA-447115	REACTOME_INTERLEUKIN_12_FAMILY_SIGNALING	3.25507123450681e-37	4.33170021149069e-37	1.99763232565619	3.9101638262986	1.67688046762495e-09	1	5	10	9.86981393474104e-06	1	0	6.19877985208826	5.79722245224878
ANXA1	EGFR	R-HSA-180292	REACTOME_GAB1_SIGNALOSOME	3.91070641990296e-37	5.20217714016481e-37	3.78540835500689	2.93967772399715	1.45445490355854e-15	1	6	11	9.13791633757528e-05	1	0	5.66002539089596	-4.97288082913192
COMP	ITGB3	R-HSA-216083	REACTOME_INTEGRIN_CELL_SURFACE_INTERACTIONS	3.98445940717868e-37	5.29823747997475e-37	10.1255608464429	2.33558859980003	1.40626030864776e-20	1	4	8	0.000219215237415202	1	0	4.50469248937221	5.81058030327552
COL1A2	ITGB3	R-HSA-216083	REACTOME_INTEGRIN_CELL_SURFACE_INTERACTIONS	4.17316002563466e-37	5.54701332619136e-37	14.0547056107493	2.33558859980003	1.47285960426961e-20	1	4	8	0.000219215237415202	1	0	-0.973544102787729	5.81058030327552
CTF1	IL6ST	R-HSA-9020956	REACTOME_INTERLEUKIN_27_SIGNALING	4.33966539895865e-37	5.76387991213041e-37	6.88834092018875	3.9101638262986	1.10250275720028e-15	1	4	8	2.34089961429915e-05	1	0	-6.34615646135939	5.79722245224878
CTF1	IL6ST	R-HSA-1059683	REACTOME_INTERLEUKIN_6_SIGNALING	4.33966539895865e-37	5.76387991213041e-37	6.88834092018875	3.9101638262986	1.10250275720028e-15	1	4	8	2.34089961429915e-05	1	0	-6.34615646135939	5.79722245224878
THBS1	ITGA3	R-HSA-216083	REACTOME_INTEGRIN_CELL_SURFACE_INTERACTIONS	4.41146268919899e-37	5.8569786379176e-37	10.1171572475629	4.13720289413487	1.89437227438407e-17	1	5	10	0.000219215237415202	1	0	3.36324076136934	4.28443713596128
EFNA1	EPHA4	R-HSA-3928663	REACTOME_EPHA_MEDIATED_GROWTH_CONE_COLLAPSE	4.52739513496706e-37	6.00857996307356e-37	10.3907137966184	16.6159103861779	7.03324241593815e-23	1	1	3	1.86021983612035e-05	1	0	3.18210303018874	5.97922360248212
NID1	ITGB1	R-HSA-9634597	REACTOME_GPER1_SIGNALING	4.65824021504473e-37	6.17984818347624e-37	1.19124771367259	1.64273129306188	7.83162877534108e-06	1	9	18	0.000259067579825834	1	0	6.87787345437884	-1.65313439362914
LUM	ITGB1	R-HSA-416700	REACTOME_OTHER_SEMAPHORIN_INTERACTIONS	5.02092801591788e-37	6.65843962018409e-37	11.828176566468	1.64273129306188	5.41903844093848e-23	1	1	2	9.62566807726242e-08	1	0	4.04840561928604	-1.65313439362914
LAMA1	ITGA6	R-HSA-216083	REACTOME_INTEGRIN_CELL_SURFACE_INTERACTIONS	6.14320196164847e-37	8.14358949829316e-37	17.5342897380052	1.21558443268924	2.63801652467377e-17	1	5	10	0.000219215237415202	1	0	-6.27074375530701	-4.68122835464662
LAMA3	ITGB1	R-HSA-445144	REACTOME_SIGNAL_TRANSDUCTION_BY_L1	6.24624161462646e-37	8.27699197007512e-37	1.52751187044421	1.64273129306188	3.06207751580951e-10	1	8	15	0.000154057837573892	1	0	-6.34615646135939	-1.65313439362914
TNC	EGFR	R-HSA-180292	REACTOME_GAB1_SIGNALOSOME	6.29114223504209e-37	8.3332804345571e-37	8.5066015717972	2.93967772399715	2.33977744434425e-15	1	6	11	9.13791633757528e-05	1	0	7.35469947673216	-4.97288082913192
EFNA5	EPHA4	R-HSA-3928665	REACTOME_EPH_EPHRIN_MEDIATED_REPULSION_OF_CELLS	7.16840588503013e-37	9.49165367378893e-37	6.41959189310427	16.6159103861779	2.78404238166928e-23	1	2	4	1.86021983612035e-05	1	0	6.41274743637436	5.97922360248212
L1CAM	ERBB2	R-HSA-8864260	REACTOME_TRANSCRIPTIONAL_REGULATION_BY_THE_AP_2_TFAP2_FAMILY_OF_TRANSCRIPTION_FACTORS	7.98649390028711e-37	1.05708114724847e-36	5.38418252448028	5.2615892882842	1.99602461250152e-27	1	7	13	0.0158702739459816	1	0	4.78903995096595	-6.34615646135939
LAMC1	ITGA3	R-HSA-216083	REACTOME_INTEGRIN_CELL_SURFACE_INTERACTIONS	8.88731460126826e-37	1.17586008570626e-36	3.23766986137765	4.13720289413487	3.81639459755429e-17	1	5	10	0.000219215237415202	1	0	5.42501182058629	4.28443713596128
COL5A1	ITGB1	R-HSA-3000170	REACTOME_SYNDECAN_INTERACTIONS	8.94570431049324e-37	1.18313044321787e-36	17.6910136130676	1.64273129306188	6.93378239852596e-21	1	3	7	0.000361191318072339	1	0	5.13171509336827	-1.65313439362914
LAMB1	ITGB1	R-HSA-8875878	REACTOME_MET_PROMOTES_CELL_MOTILITY	1.07725970198652e-36	1.42420191192683e-36	6.55387519617198	1.64273129306188	5.36492533195653e-15	1	6	12	0.000306459730668725	1	0	0.951831469888455	-1.65313439362914
THBS1	SDC1	R-HSA-3000170	REACTOME_SYNDECAN_INTERACTIONS	1.10051901173672e-36	1.45439316188025e-36	10.1171572475629	7.03887851379973	5.90606021276296e-18	1	4	9	0.000361191318072339	1	0	3.36324076136934	4.20001468766753
WNT2	FZD3	R-HSA-4608870	REACTOME_ASYMMETRIC_LOCALIZATION_OF_PCP_PROTEINS	1.1175164894628e-36	1.4762890644209e-36	14.5622583700428	2.55657213646914	2.55964198728179e-17	1	6	12	0.000661260113894464	1	0	-3.11640413984048	6.97633115708027
COL1A1	ITGB1	R-HSA-3000170	REACTOME_SYNDECAN_INTERACTIONS	1.3236195393263e-36	1.74788914214298e-36	11.8865981117298	1.64273129306188	1.02593262034834e-20	1	3	7	0.000361191318072339	1	0	-1.97991822679722	-1.65313439362914
HSPG2	SDC1	R-HSA-3000170	REACTOME_SYNDECAN_INTERACTIONS	1.47069283271059e-36	1.94135968707768e-36	3.51948105940521	7.03887851379973	7.8926400469542e-18	1	4	9	0.000361191318072339	1	0	4.65016389182664	4.20001468766753
NCAM1	FGFR2	R-HSA-5654696	REACTOME_DOWNSTREAM_SIGNALING_OF_ACTIVATED_FGFR2	1.51065173476948e-36	1.99334175972651e-36	2.9320508687129	12.4089683634966	4.70208501851753e-29	1	6	12	0.0334704470619978	1	0	5.86615048162456	5.89402827446816
COL3A1	ITGB1	R-HSA-3000171	REACTOME_NON_INTEGRIN_MEMBRANE_ECM_INTERACTIONS	1.53446842249767e-36	2.02326324321788e-36	15.038080980152	1.64273129306188	3.29497967730712e-18	1	5	10	0.000361191318072339	1	0	-4.39983829722896	-1.65313439362914
CTF1	IL6ST	R-HSA-8984722	REACTOME_INTERLEUKIN_35_SIGNALLING	1.53450401208007e-36	2.02326324321788e-36	6.88834092018875	3.9101638262986	1.10250275720028e-15	1	3	7	3.66673157249299e-05	1	0	-6.34615646135939	5.79722245224878
FBLN1	ITGB1	R-HSA-8875878	REACTOME_MET_PROMOTES_CELL_MOTILITY	1.69388326946304e-36	2.23255112910071e-36	8.92010857076818	1.64273129306188	8.43580916000264e-15	1	6	12	0.000306459730668725	1	0	6.20654076664142	-1.65313439362914
EFNA1	EPHA4	R-HSA-3928665	REACTOME_EPH_EPHRIN_MEDIATED_REPULSION_OF_CELLS	1.81093278813611e-36	2.38590915020614e-36	10.3907137966184	16.6159103861779	7.03324241593815e-23	1	2	4	1.86021983612035e-05	1	0	3.18210303018874	5.97922360248212
COL18A1	ITGB1	R-HSA-8875878	REACTOME_MET_PROMOTES_CELL_MOTILITY	1.89035065260828e-36	2.48958891461427e-36	6.26939471434587	1.64273129306188	9.41424809983805e-15	1	6	12	0.000306459730668725	1	0	0.323040890532106	-1.65313439362914
FGF2	FGFR3	R-HSA-5654732	REACTOME_NEGATIVE_REGULATION_OF_FGFR3_SIGNALING	2.04801817727914e-36	2.69620456557224e-36	1.22084110229944	4.05722087136925	4.09851165565448e-12	1	8	15	0.000306459730668725	1	0	5.86272009779499	-0.41857284145358
CDH1	EGFR	R-HSA-8864260	REACTOME_TRANSCRIPTIONAL_REGULATION_BY_THE_AP_2_TFAP2_FAMILY_OF_TRANSCRIPTION_FACTORS	2.29098620196903e-36	3.01491680748794e-36	14.3704771513226	2.93967772399715	5.72574762232922e-27	1	7	13	0.0158702739459816	1	0	5.40152618533464	-4.97288082913192
COL5A1	ITGB1	R-HSA-2129379	REACTOME_MOLECULES_ASSOCIATED_WITH_ELASTIC_FIBRES	2.3848031372118e-36	3.13717888795739e-36	17.6910136130676	1.64273129306188	6.93378239852596e-21	1	4	8	0.000361191318072339	1	0	5.13171509336827	-1.65313439362914
CDH1	EGFR	R-HSA-1236382	REACTOME_CONSTITUTIVE_SIGNALING_BY_LIGAND_RESPONSIVE_EGFR_CANCER_VARIANTS	2.78815398114803e-36	3.66637985288579e-36	14.3704771513226	2.93967772399715	5.72574762232922e-27	1	8	16	0.0334704470619978	1	0	5.40152618533464	-4.97288082913192
THBS1	ITGA3	R-HSA-8875878	REACTOME_MET_PROMOTES_CELL_MOTILITY	3.29206756038336e-36	4.32736431322841e-36	10.1171572475629	4.13720289413487	1.89437227438407e-17	1	5	10	0.000306459730668725	1	0	3.36324076136934	4.28443713596128
COMP	ITGB1	R-HSA-3000170	REACTOME_SYNDECAN_INTERACTIONS	3.39031067132597e-36	4.45480088210899e-36	10.1255608464429	1.64273129306188	2.6278172900037e-20	1	3	7	0.000361191318072339	1	0	4.50469248937221	-1.65313439362914
COL4A4	ITGB3	R-HSA-354194	REACTOME_GRB2_SOS_PROVIDES_LINKAGE_TO_MAPK_SIGNALING_FOR_INTEGRINS	3.49124623851373e-36	4.58392635896459e-36	4.75297522418188	2.33558859980003	1.25159617577315e-09	1	4	8	2.18507385059052e-06	1	0	-5.54509567223867	5.81058030327552
COL4A4	ITGB3	R-HSA-372708	REACTOME_P130CAS_LINKAGE_TO_MAPK_SIGNALING_FOR_INTEGRINS	3.49124623851373e-36	4.58392635896459e-36	4.75297522418188	2.33558859980003	1.25159617577315e-09	1	4	8	2.18507385059052e-06	1	0	-5.54509567223867	5.81058030327552
COL1A1	ITGB1	R-HSA-2129379	REACTOME_MOLECULES_ASSOCIATED_WITH_ELASTIC_FIBRES	3.52858972340228e-36	4.63118986970768e-36	11.8865981117298	1.64273129306188	1.02593262034834e-20	1	4	8	0.000361191318072339	1	0	-1.97991822679722	-1.65313439362914
COL1A2	ITGB1	R-HSA-3000170	REACTOME_SYNDECAN_INTERACTIONS	3.55087290952684e-36	4.65865858458137e-36	14.0547056107493	1.64273129306188	2.75226848830669e-20	1	3	7	0.000361191318072339	1	0	-0.973544102787729	-1.65313439362914
L1CAM	ITGB1	R-HSA-3000171	REACTOME_NON_INTEGRIN_MEMBRANE_ECM_INTERACTIONS	3.64679726058259e-36	4.78268493191159e-36	5.38418252448028	1.64273129306188	7.83080491244005e-18	1	5	10	0.000361191318072339	1	0	4.78903995096595	-1.65313439362914
CLCF1	CNTFR	R-HSA-6788467	REACTOME_IL_6_TYPE_CYTOKINE_RECEPTOR_LIGAND_INTERACTIONS	3.70514807266747e-36	4.85735875380186e-36	1.99763232565619	9.80289671720612	2.46781464609718e-18	1	2	5	2.34089961429915e-05	1	0	6.19877985208826	5.20535288616514
TNC	SDC1	R-HSA-3000170	REACTOME_SYNDECAN_INTERACTIONS	3.87778188614561e-36	5.08174083365368e-36	8.5066015717972	7.03887851379973	2.08105567166854e-17	1	4	9	0.000361191318072339	1	0	7.35469947673216	4.20001468766753
JAM3	ITGB1	R-HSA-8875878	REACTOME_MET_PROMOTES_CELL_MOTILITY	3.93924476978303e-36	5.16032064282317e-36	7.72682422564567	1.64273129306188	1.96180679693249e-14	1	6	12	0.000306459730668725	1	0	4.56577146203116	-1.65313439362914
DKK2	LRP6	R-HSA-5340588	REACTOME_SIGNALING_BY_RNF43_MUTANTS	4.19785909761154e-36	5.49700620319136e-36	1.22361675647185	1.83737033179993	1.93847110264785e-06	1	1	3	1.29376718826169e-10	1	0	-2.62395562712841	-0.192774737109088
WNT5A	FZD3	R-HSA-373080	REACTOME_CLASS_B_2_SECRETIN_FAMILY_RECEPTORS	4.6304632764535e-36	6.06118480631661e-36	4.8259126929938	2.55657213646914	1.68908412039411e-13	1	4	8	1.37391546194143e-05	1	0	-0.0541399739889715	6.97633115708027
COL4A4	ITGB1	R-HSA-445144	REACTOME_SIGNAL_TRANSDUCTION_BY_L1	4.77085561262518e-36	6.24258018540534e-36	4.75297522418188	1.64273129306188	2.33880317219634e-09	1	8	15	0.000154057837573892	1	0	-5.54509567223867	-1.65313439362914
COL4A1	ITGB1	R-HSA-3000171	REACTOME_NON_INTEGRIN_MEMBRANE_ECM_INTERACTIONS	5.2904792835087e-36	6.91986643926613e-36	11.3294445506569	1.64273129306188	1.13603000666519e-17	1	5	10	0.000361191318072339	1	0	4.78373488091513	-1.65313439362914
LAMA5	ITGA6	R-HSA-216083	REACTOME_INTEGRIN_CELL_SURFACE_INTERACTIONS	5.31026354430077e-36	6.94310398798732e-36	4.79474119253631	1.21558443268924	2.28033573821803e-16	1	5	10	0.000219215237415202	1	0	7.7539223096356	-4.68122835464662
CDH1	EGFR	R-HSA-9013507	REACTOME_NOTCH3_ACTIVATION_AND_TRANSMISSION_OF_SIGNAL_TO_THE_NUCLEUS	5.93325832413917e-36	7.7547145269904e-36	14.3704771513226	2.93967772399715	5.72574762232922e-27	1	5	10	0.0131468061354451	1	0	5.40152618533464	-4.97288082913192
FBN1	ITGB1	R-HSA-8875878	REACTOME_MET_PROMOTES_CELL_MOTILITY	6.4144748724951e-36	8.38047609623364e-36	6.40013831890023	1.64273129306188	3.19451091238149e-14	1	6	12	0.000306459730668725	1	0	1.72756032766282	-1.65313439362914
LAMC1	ITGA3	R-HSA-8875878	REACTOME_MET_PROMOTES_CELL_MOTILITY	6.63218577579516e-36	8.66162455153202e-36	3.23766986137765	4.13720289413487	3.81639459755429e-17	1	5	10	0.000306459730668725	1	0	5.42501182058629	4.28443713596128
L1CAM	FGFR2	R-HSA-5654700	REACTOME_FRS_MEDIATED_FGFR2_SIGNALING	6.80369660832997e-36	8.88224528753514e-36	5.38418252448028	12.4089683634966	8.28663999565782e-34	1	3	7	0.226250277502737	1	0	4.78903995096595	5.89402827446816
THBS1	ITGB3	R-HSA-445144	REACTOME_SIGNAL_TRANSDUCTION_BY_L1	7.54856562239892e-36	9.85093541011089e-36	10.1171572475629	2.33558859980003	2.13752817950321e-12	1	7	13	0.000154057837573892	1	0	3.36324076136934	5.81058030327552
L1CAM	ERBB2	R-HSA-9665348	REACTOME_SIGNALING_BY_ERBB2_ECD_MUTANTS	7.87749705738315e-36	1.02762949857406e-35	5.38418252448028	5.2615892882842	1.99602461250152e-27	1	7	14	0.0334704470619978	1	0	4.78903995096595	-6.34615646135939
LAMA1	SDC4	R-HSA-3000170	REACTOME_SYNDECAN_INTERACTIONS	8.07228646937661e-36	1.05264084361848e-35	17.5342897380052	1.20804741852566	6.25679945307032e-20	1	3	7	0.000361191318072339	1	0	-6.27074375530701	-4.21601081838777
COMP	ITGB1	R-HSA-2129379	REACTOME_MOLECULES_ASSOCIATED_WITH_ELASTIC_FIBRES	9.03810727973303e-36	1.17813903153777e-35	10.1255608464429	1.64273129306188	2.6278172900037e-20	1	4	8	0.000361191318072339	1	0	4.50469248937221	-1.65313439362914
LUM	ITGB1	R-HSA-8874081	REACTOME_MET_ACTIVATES_PTK2_SIGNALING	9.37237393745672e-36	1.22124872518375e-35	11.828176566468	1.64273129306188	5.41903844093848e-23	1	3	6	0.000327729827104814	1	0	4.04840561928604	-1.65313439362914
COL1A2	ITGB1	R-HSA-2129379	REACTOME_MOLECULES_ASSOCIATED_WITH_ELASTIC_FIBRES	9.46614437562724e-36	1.23300025188026e-35	14.0547056107493	1.64273129306188	2.75226848830669e-20	1	4	8	0.000361191318072339	1	0	-0.973544102787729	-1.65313439362914
FN1	ITGA3	R-HSA-216083	REACTOME_INTEGRIN_CELL_SURFACE_INTERACTIONS	9.65962653034037e-36	1.2577257859338e-35	4.37912027588558	4.13720289413487	4.14804113039076e-16	1	5	10	0.000219215237415202	1	0	3.43264151330902	4.28443713596128
COL5A2	ITGB1	R-HSA-3000171	REACTOME_NON_INTEGRIN_MEMBRANE_ECM_INTERACTIONS	1.02004701072584e-35	1.32764347971883e-35	9.21695136128872	1.64273129306188	2.19035733871194e-17	1	5	10	0.000361191318072339	1	0	4.91888270579576	-1.65313439362914
AGRN	ITGB1	R-HSA-445144	REACTOME_SIGNAL_TRANSDUCTION_BY_L1	1.46600922055908e-35	1.90736449270924e-35	1.11546551296964	1.64273129306188	7.18677590333947e-09	1	8	15	0.000154057837573892	1	0	5.51142825962013	-1.65313439362914
SEMA4D	PLXNB1	R-HSA-416572	REACTOME_SEMA4D_INDUCED_CELL_MIGRATION_AND_GROWTH_CONE_COLLAPSE	1.76882294317488e-35	2.30047293932763e-35	1.01462714481266	1.13851846452977	7.28496031131786e-09	1	7	13	5.44299221961187e-05	1	0	7.0765425972243	0.76015544151647
COL16A1	ITGB1	R-HSA-210991	REACTOME_BASIGIN_INTERACTIONS	1.83449824950325e-35	2.38498638635344e-35	12.9334956641832	1.64273129306188	1.41417537656979e-24	1	2	4	0.000148024664544872	1	0	5.80814713736568	-1.65313439362914
IL6ST	CRLF1	R-HSA-9020956	REACTOME_INTERLEUKIN_27_SIGNALING	1.9036621957011e-35	2.47396975943022e-35	3.9101638262986	3.98772688770013	1.36773368007909e-14	1	3	7	3.66673157249299e-05	1	0	5.79722245224878	5.55926607370387
CDH1	EGFR	R-HSA-9665348	REACTOME_SIGNALING_BY_ERBB2_ECD_MUTANTS	2.2597196329002e-35	2.93558743851083e-35	14.3704771513226	2.93967772399715	5.72574762232922e-27	1	7	14	0.0334704470619978	1	0	5.40152618533464	-4.97288082913192
COL6A2	ITGB1	R-HSA-8875878	REACTOME_MET_PROMOTES_CELL_MOTILITY	2.61866255571257e-35	3.40060369635758e-35	2.61520749325399	1.64273129306188	1.30413576736245e-13	1	6	12	0.000306459730668725	1	0	-3.31955637394197	-1.65313439362914
TNC	ITGB3	R-HSA-445144	REACTOME_SIGNAL_TRANSDUCTION_BY_L1	2.65980784745615e-35	3.45273169632044e-35	8.5066015717972	2.33558859980003	7.53178088447811e-12	1	7	13	0.000154057837573892	1	0	7.35469947673216	5.81058030327552
LAMB1	ITGA6	R-HSA-216083	REACTOME_INTEGRIN_CELL_SURFACE_INTERACTIONS	2.73998572171862e-35	3.55546996707357e-35	6.55387519617198	1.21558443268924	1.17660588995585e-15	1	5	10	0.000219215237415202	1	0	0.951831469888455	-4.68122835464662
PTN	SDC1	R-HSA-449836	REACTOME_OTHER_INTERLEUKIN_SIGNALING	2.78306905896692e-35	3.61001416396916e-35	12.0614597856604	7.03887851379973	1.92861936383569e-24	1	1	2	3.79873265481635e-06	1	0	-6.04447813954024	4.20001468766753
COL4A2	ITGB3	R-HSA-210990	REACTOME_PECAM1_INTERACTIONS	2.95622616996132e-35	3.83317679030039e-35	10.9035066930124	2.33558859980003	4.25167600396513e-16	1	4	9	0.000306459730668725	1	0	6.44091966949719	5.81058030327552
LAMC1	ITGA7	R-HSA-216083	REACTOME_INTEGRIN_CELL_SURFACE_INTERACTIONS	3.21742061166658e-35	4.17028142582254e-35	3.23766986137765	2.14467390235839	3.45341647597974e-15	1	4	9	0.000219215237415202	1	0	5.42501182058629	-6.34615646135939
LAMA3	ITGA3	R-HSA-216083	REACTOME_INTEGRIN_CELL_SURFACE_INTERACTIONS	3.38187456539103e-35	4.38178851410363e-35	1.52751187044421	4.13720289413487	1.45224608332451e-15	1	5	10	0.000219215237415202	1	0	-6.34615646135939	4.28443713596128
COL4A3	ITGB3	R-HSA-210990	REACTOME_PECAM1_INTERACTIONS	3.58472419194879e-35	4.64286567029511e-35	10.9133221434925	2.33558859980003	5.15558856173085e-16	1	4	9	0.000306459730668725	1	0	4.45925716993137	5.81058030327552
NID1	ITGB1	R-HSA-3000178	REACTOME_ECM_PROTEOGLYCANS	3.6109867217806e-35	4.67512018175584e-35	1.19124771367259	1.64273129306188	7.83162877534108e-06	1	6	11	4.64005800644495e-06	1	0	6.87787345437884	-1.65313439362914
COL4A6	ITGB1	R-HSA-3000171	REACTOME_NON_INTEGRIN_MEMBRANE_ECM_INTERACTIONS	3.91207211643621e-35	5.06302787078276e-35	9.53524221853406	1.64273129306188	8.40043231312356e-17	1	5	10	0.000361191318072339	1	0	1.77832375144824	-1.65313439362914
EFNA2	EPHA4	R-HSA-2682334	REACTOME_EPH_EPHRIN_SIGNALING	4.23656162228644e-35	5.48092214391325e-35	3.98137602912679	16.6159103861779	7.07608273602649e-17	1	2	5	1.86021983612035e-05	1	0	0.0248621100849193	5.97922360248212
CDH1	LRP5	R-HSA-4791275	REACTOME_SIGNALING_BY_WNT_IN_CANCER	4.23926136544312e-35	5.4823530440317e-35	14.3704771513226	1.62670790509351	1.78614933128002e-24	1	6	12	0.0117843784167109	1	0	5.40152618533464	-5.92859293684736
L1CAM	EGFR	R-HSA-5637810	REACTOME_CONSTITUTIVE_SIGNALING_BY_EGFRVIII	5.00465409897633e-35	6.4697520107022e-35	5.38418252448028	2.93967772399715	1.30182866760621e-21	1	7	13	0.00419605243373027	1	0	4.78903995096595	-4.97288082913192
TGFB2	TGFBR3	R-HSA-5654736	REACTOME_SIGNALING_BY_FGFR1	5.44314670289228e-35	7.03396869194194e-35	6.5137576516326	1.231627940706	8.29055262965906e-14	1	14	27	0.00930836082512228	1	0	5.93110784303411	5.3195988464643
LAMA1	ITGB1	R-HSA-3000171	REACTOME_NON_INTEGRIN_MEMBRANE_ECM_INTERACTIONS	5.60164253012136e-35	7.23606845798629e-35	17.5342897380052	1.64273129306188	1.20284640763385e-16	1	5	10	0.000361191318072339	1	0	-6.27074375530701	-1.65313439362914
LAMA1	ITGB4	R-HSA-446107	REACTOME_TYPE_I_HEMIDESMOSOME_ASSEMBLY	5.61744005052787e-35	7.25375141659755e-35	17.5342897380052	6.44412418959411	3.37709518445822e-24	1	2	5	0.00135090150767073	1	0	-6.27074375530701	5.77953524166907
TNC	ITGA7	R-HSA-216083	REACTOME_INTEGRIN_CELL_SURFACE_INTERACTIONS	5.62737328222381e-35	7.26385144121948e-35	8.5066015717972	2.14467390235839	6.04013772363245e-15	1	4	9	0.000219215237415202	1	0	7.35469947673216	-6.34615646135939
LAMB2	ITGB1	R-HSA-3000170	REACTOME_SYNDECAN_INTERACTIONS	6.02890135620583e-35	7.77922755639462e-35	11.7077824357821	1.64273129306188	4.67297919260249e-19	1	3	7	0.000361191318072339	1	0	-5.4770692126764	-1.65313439362914
COL5A1	ITGB1	R-HSA-416700	REACTOME_OTHER_SEMAPHORIN_INTERACTIONS	6.42439109455886e-35	8.28642870839238e-35	17.6910136130676	1.64273129306188	6.93378239852596e-21	1	1	2	9.62566807726242e-08	1	0	5.13171509336827	-1.65313439362914
RND1	ERBB2	R-HSA-1306955	REACTOME_GRB7_EVENTS_IN_ERBB2_SIGNALING	7.0005424625935e-35	9.02618668340391e-35	4.60833105105072	5.2615892882842	2.81137084807974e-23	1	1	2	1.57799919931014e-06	1	0	-6.26577098121408	-6.34615646135939
FN1	ITGA3	R-HSA-8875878	REACTOME_MET_PROMOTES_CELL_MOTILITY	7.20852592130301e-35	9.29086892816873e-35	4.37912027588558	4.13720289413487	4.14804113039076e-16	1	5	10	0.000306459730668725	1	0	3.43264151330902	4.28443713596128
FBLN2	ITGB3	R-HSA-210990	REACTOME_PECAM1_INTERACTIONS	7.66342109691193e-35	9.87347137579665e-35	20.4800687975369	2.33558859980003	1.10216139472329e-15	1	4	9	0.000306459730668725	1	0	-1.12341971762222	5.81058030327552
COL2A1	ITGB1	R-HSA-3000170	REACTOME_SYNDECAN_INTERACTIONS	8.62994880874314e-35	1.11145727825071e-34	12.5798279320328	1.64273129306188	6.68904147435922e-19	1	3	7	0.000361191318072339	1	0	5.28155360459047	-1.65313439362914
PTN	PTPRS	R-HSA-8849932	REACTOME_SYNAPTIC_ADHESION_LIKE_MOLECULES	9.08673048010458e-35	1.16984853486376e-34	12.0614597856604	1.78074089539144	2.44679058976713e-21	1	2	4	2.10177344171161e-05	1	0	-6.04447813954024	-1.72999426532377
WNT5A	FZD2	R-HSA-4086400	REACTOME_PCP_CE_PATHWAY	9.16289717878346e-35	1.17921310493884e-34	4.8259126929938	3.28789458091362	2.12104589349805e-11	1	12	23	0.00349402508351075	1	0	-0.0541399739889715	0.665354155033911
COL16A1	ITGA1	R-HSA-3000157	REACTOME_LAMININ_INTERACTIONS	9.18757510416084e-35	1.18150498535751e-34	12.9334956641832	4.23950504367085	2.01682122639883e-28	1	1	2	0.000674942458940906	1	0	5.80814713736568	-3.47079627706584
COL16A1	ITGA1	R-HSA-416700	REACTOME_OTHER_SEMAPHORIN_INTERACTIONS	9.18757510416084e-35	1.18150498535751e-34	12.9334956641832	4.23950504367085	2.01682122639883e-28	1	1	2	0.000674942458940906	1	0	5.80814713736568	-3.47079627706584
COL1A1	ITGB1	R-HSA-416700	REACTOME_OTHER_SEMAPHORIN_INTERACTIONS	9.5056233538342e-35	1.22194859257062e-34	11.8865981117298	1.64273129306188	1.02593262034834e-20	1	1	2	9.62566807726242e-08	1	0	-1.97991822679722	-1.65313439362914
ANXA1	EGFR	R-HSA-1643713	REACTOME_SIGNALING_BY_EGFR_IN_CANCER	1.04445487209127e-34	1.34214596936644e-34	3.78540835500689	2.93967772399715	1.45445490355854e-15	1	9	18	0.00419605243373027	1	0	5.66002539089596	-4.97288082913192
L1CAM	ITGB3	R-HSA-216083	REACTOME_INTEGRIN_CELL_SURFACE_INTERACTIONS	1.18735516422106e-34	1.52520603619135e-34	5.38418252448028	2.33558859980003	4.19060722943674e-18	1	4	8	0.000219215237415202	1	0	4.78903995096595	5.81058030327552
EFEMP1	EGFR	R-HSA-5637810	REACTOME_CONSTITUTIVE_SIGNALING_BY_EGFRVIII	1.21088288621084e-34	1.55484775235733e-34	11.9073822111131	2.93967772399715	3.14979221981685e-21	1	7	13	0.00419605243373027	1	0	3.20088563659098	-4.97288082913192
COL17A1	ITGA6	R-HSA-216083	REACTOME_INTEGRIN_CELL_SURFACE_INTERACTIONS	1.2228858689234e-34	1.5696743989166e-34	8.8967105526396	1.21558443268924	5.25132194928573e-15	1	5	10	0.000219215237415202	1	0	-0.580402338253546	-4.68122835464662
LTBP1	ITGB3	R-HSA-445144	REACTOME_SIGNAL_TRANSDUCTION_BY_L1	1.27113087737403e-34	1.63099224847694e-34	2.6298897401509	2.33558859980003	3.59946274052546e-11	1	7	13	0.000154057837573892	1	0	7.03079313325193	5.81058030327552
EFNA3	EPHA4	R-HSA-3928663	REACTOME_EPHA_MEDIATED_GROWTH_CONE_COLLAPSE	1.36968121228246e-34	1.7567872372303e-34	4.01323569300597	16.6159103861779	2.12777981849572e-20	1	1	3	1.86021983612035e-05	1	0	4.72646934379839	5.97922360248212
MFGE8	ITGB3	R-HSA-445144	REACTOME_SIGNAL_TRANSDUCTION_BY_L1	1.40692480088369e-34	1.80388420240025e-34	2.73317240377774	2.33558859980003	3.98399054703467e-11	1	7	13	0.000154057837573892	1	0	7.14954233744459	5.81058030327552
SEMA4D	MET	R-HSA-8875360	REACTOME_INLB_MEDIATED_ENTRY_OF_LISTERIA_MONOCYTOGENES_INTO_HOST_CELL	1.47860893604099e-34	1.89508745900932e-34	1.01462714481266	2.64032224114379	1.77060688597618e-07	1	5	10	1.25869866293411e-05	1	0	7.0765425972243	11.2515502894158
LAMB2	ITGB1	R-HSA-2129379	REACTOME_MOLECULES_ASSOCIATED_WITH_ELASTIC_FIBRES	1.60722312846347e-34	2.05916110313383e-34	11.7077824357821	1.64273129306188	4.67297919260249e-19	1	4	8	0.000361191318072339	1	0	-5.4770692126764	-1.65313439362914
FN1	ITGB3	R-HSA-445144	REACTOME_SIGNAL_TRANSDUCTION_BY_L1	1.65288317932889e-34	2.11687197948302e-34	4.37912027588558	2.33558859980003	4.68047116495695e-11	1	7	13	0.000154057837573892	1	0	3.43264151330902	5.81058030327552
TNC	EGFR	R-HSA-1643713	REACTOME_SIGNALING_BY_EGFR_IN_CANCER	1.68021156611698e-34	2.15107100388627e-34	8.5066015717972	2.93967772399715	2.33977744434425e-15	1	9	18	0.00419605243373027	1	0	7.35469947673216	-4.97288082913192
SEMA4D	MET	R-HSA-8874081	REACTOME_MET_ACTIVATES_PTK2_SIGNALING	1.85212571144608e-34	2.37027992833873e-34	1.01462714481266	2.64032224114379	1.77060688597618e-07	1	3	7	2.18507385059052e-06	1	0	7.0765425972243	11.2515502894158
WNT5A	LDLR	R-HSA-174824	REACTOME_PLASMA_LIPOPROTEIN_ASSEMBLY_REMODELING_AND_CLEARANCE	1.90783763612e-34	2.44066993984857e-34	4.8259126929938	2.81792410946131	2.41159577340618e-14	1	13	24	0.00618495485576891	1	0	-0.0541399739889715	5.40487362281668
EFNA2	EPHA5	R-HSA-3928663	REACTOME_EPHA_MEDIATED_GROWTH_CONE_COLLAPSE	1.98098689599915e-34	2.53330666254167e-34	3.98137602912679	9.19640517957698	3.07743429654507e-20	1	1	3	1.86021983612035e-05	1	0	0.0248621100849193	4.91463643915273
COL4A5	ITGB1	R-HSA-3000171	REACTOME_NON_INTEGRIN_MEMBRANE_ECM_INTERACTIONS	2.02696194969387e-34	2.59113679187919e-34	5.4186994542932	1.64273129306188	4.3525160459444e-16	1	5	10	0.000361191318072339	1	0	6.18599343361014	-1.65313439362914
THBS1	ITGA2B	R-HSA-216083	REACTOME_INTEGRIN_CELL_SURFACE_INTERACTIONS	2.13504716207632e-34	2.72829206446602e-34	10.1171572475629	4.02018928876498	7.53535617833019e-18	1	4	8	0.000219215237415202	1	0	3.36324076136934	-1.22574277327969
L1CAM	ERBB2	R-HSA-1963640	REACTOME_GRB2_EVENTS_IN_ERBB2_SIGNALING	2.16029451057775e-34	2.75952956419884e-34	5.38418252448028	5.2615892882842	1.99602461250152e-27	1	4	9	0.0334704470619978	1	0	4.78903995096595	-6.34615646135939
LGALS3BP	ITGB1	R-HSA-8875878	REACTOME_MET_PROMOTES_CELL_MOTILITY	2.19220436331069e-34	2.79925130281691e-34	5.08385796896564	1.64273129306188	1.09175277789221e-12	1	6	12	0.000306459730668725	1	0	5.6845059272368	-1.65313439362914
COL2A1	ITGB1	R-HSA-2129379	REACTOME_MOLECULES_ASSOCIATED_WITH_ELASTIC_FIBRES	2.3006270136748e-34	2.93660739407841e-34	12.5798279320328	1.64273129306188	6.68904147435922e-19	1	4	8	0.000361191318072339	1	0	5.28155360459047	-1.65313439362914
DCN	EGFR	R-HSA-881907	REACTOME_GASTRIN_CREB_SIGNALLING_PATHWAY_VIA_PKC_AND_MAPK	2.32104718602721e-34	2.96157356080624e-34	12.4299900158892	2.93967772399715	3.0197937025404e-18	1	6	12	0.00192476343881898	1	0	-3.32916132851479	-4.97288082913192
COMP	ITGB1	R-HSA-416700	REACTOME_OTHER_SEMAPHORIN_INTERACTIONS	2.43476432136326e-34	3.10552067685933e-34	10.1255608464429	1.64273129306188	2.6278172900037e-20	1	1	2	9.62566807726242e-08	1	0	4.50469248937221	-1.65313439362914
TNFSF12	TNFRSF12A	R-HSA-5668541	REACTOME_TNFR2_NON_CANONICAL_NF_KB_PATHWAY	2.47462150229989e-34	3.15518827572707e-34	8.10576853187592	1.58850814282306	2.17138439090661e-13	1	12	23	0.00557013949581816	1	0	-5.39256126106354	6.76888119241154
LAMA3	ITGA3	R-HSA-8875878	REACTOME_MET_PROMOTES_CELL_MOTILITY	2.52373426556871e-34	3.21661573677523e-34	1.52751187044421	4.13720289413487	1.45224608332451e-15	1	5	10	0.000306459730668725	1	0	-6.34615646135939	4.28443713596128
COL1A2	ITGB1	R-HSA-416700	REACTOME_OTHER_SEMAPHORIN_INTERACTIONS	2.5500726947923e-34	3.24898150743907e-34	14.0547056107493	1.64273129306188	2.75226848830669e-20	1	1	2	9.62566807726242e-08	1	0	-0.973544102787729	-1.65313439362914
DCN	MET	R-HSA-8875656	REACTOME_MET_RECEPTOR_RECYCLING	2.87207382724415e-34	3.65788003173635e-34	12.4299900158892	2.64032224114379	8.8202129025133e-15	1	2	4	2.01164898238392e-07	1	0	-3.32916132851479	11.2515502894158
FGF2	FGFR2	R-HSA-5654695	REACTOME_PI_3K_CASCADE_FGFR2	3.05042202452204e-34	3.88358688540186e-34	1.22084110229944	12.4089683634966	1.30876234129358e-21	1	3	6	0.000353112685666113	1	0	5.86272009779499	5.89402827446816
LAMB2	ITGA3	R-HSA-8874081	REACTOME_MET_ACTIVATES_PTK2_SIGNALING	3.11974442222734e-34	3.97037395947542e-34	11.7077824357821	4.13720289413487	2.21624557016475e-24	1	2	4	0.000327729827104814	1	0	-5.4770692126764	4.28443713596128
COL18A1	ITGB3	R-HSA-210990	REACTOME_PECAM1_INTERACTIONS	3.50294797978569e-34	4.45641311037824e-34	6.26939471434587	2.33558859980003	5.03797714130507e-15	1	4	9	0.000306459730668725	1	0	0.323040890532106	5.81058030327552
COL3A1	ITGB1	R-HSA-3000170	REACTOME_SYNDECAN_INTERACTIONS	4.25105839902622e-34	5.40615190116458e-34	15.038080980152	1.64273129306188	3.29497967730712e-18	1	3	7	0.000361191318072339	1	0	-4.39983829722896	-1.65313439362914
COL4A3	ITGB1	R-HSA-3000171	REACTOME_NON_INTEGRIN_MEMBRANE_ECM_INTERACTIONS	4.48655414698411e-34	5.70352781434787e-34	10.9133221434925	1.64273129306188	9.63402343033426e-16	1	5	10	0.000361191318072339	1	0	4.45925716993137	-1.65313439362914
LAMA5	ITGB1	R-HSA-3000171	REACTOME_NON_INTEGRIN_MEMBRANE_ECM_INTERACTIONS	4.8421325396123e-34	6.15328257712091e-34	4.79474119253631	1.64273129306188	1.03975605355764e-15	1	5	10	0.000361191318072339	1	0	7.7539223096356	-1.65313439362914
LAMA5	ITGB4	R-HSA-446107	REACTOME_TYPE_I_HEMIDESMOSOME_ASSEMBLY	4.85578812138036e-34	6.16835714089677e-34	4.79474119253631	6.44412418959411	2.91920492857277e-23	1	2	5	0.00135090150767073	1	0	7.7539223096356	5.77953524166907
EFNA3	EPHA4	R-HSA-3928665	REACTOME_EPH_EPHRIN_MEDIATED_REPULSION_OF_CELLS	5.47864841188504e-34	6.95701385636196e-34	4.01323569300597	16.6159103861779	2.12777981849572e-20	1	2	4	1.86021983612035e-05	1	0	4.72646934379839	5.97922360248212
CDH1	EGFR	R-HSA-1963640	REACTOME_GRB2_EVENTS_IN_ERBB2_SIGNALING	6.19696825379802e-34	7.86626228526391e-34	14.3704771513226	2.93967772399715	5.72574762232922e-27	1	4	9	0.0334704470619978	1	0	5.40152618533464	-4.97288082913192
SEMA5A	MET	R-HSA-8875656	REACTOME_MET_RECEPTOR_RECYCLING	6.66420608523216e-34	8.45624084588662e-34	16.1408444326762	2.64032224114379	2.04659490088295e-14	1	2	4	2.01164898238392e-07	1	0	-4.27209030279128	11.2515502894158
LUM	ITGB1	R-HSA-210991	REACTOME_BASIGIN_INTERACTIONS	7.02969143615399e-34	8.91671775087379e-34	11.828176566468	1.64273129306188	5.41903844093848e-23	1	2	4	0.000148024664544872	1	0	4.04840561928604	-1.65313439362914
COL11A1	ITGB1	R-HSA-8875878	REACTOME_MET_PROMOTES_CELL_MOTILITY	7.76786964377565e-34	9.84941819925847e-34	8.7209722535565	1.64273129306188	3.86852311939072e-12	1	6	12	0.000306459730668725	1	0	5.2194090555208	-1.65313439362914
EFNA2	EPHA5	R-HSA-3928665	REACTOME_EPH_EPHRIN_MEDIATED_REPULSION_OF_CELLS	7.92383703186304e-34	1.0043478035965e-33	3.98137602912679	9.19640517957698	3.07743429654507e-20	1	2	4	1.86021983612035e-05	1	0	0.0248621100849193	4.91463643915273
THBS1	ITGB1	R-HSA-8875878	REACTOME_MET_PROMOTES_CELL_MOTILITY	8.02043692489987e-34	1.01621742252875e-33	10.1171572475629	1.64273129306188	3.99430565836698e-12	1	6	12	0.000306459730668725	1	0	3.36324076136934	-1.65313439362914
L1CAM	EGFR	R-HSA-212718	REACTOME_EGFR_INTERACTS_WITH_PHOSPHOLIPASE_C_GAMMA	9.93334143465469e-34	1.25812571926407e-33	5.38418252448028	2.93967772399715	1.30182866760621e-21	1	1	3	9.13791633757528e-05	1	0	4.78903995096595	-4.97288082913192
L1CAM	ITGB1	R-HSA-3000170	REACTOME_SYNDECAN_INTERACTIONS	1.01030088966649e-33	1.27914429902567e-33	5.38418252448028	1.64273129306188	7.83080491244005e-18	1	3	7	0.000361191318072339	1	0	4.78903995096595	-1.65313439362914
IL6ST	IL27RA	R-HSA-447115	REACTOME_INTERLEUKIN_12_FAMILY_SIGNALING	1.03679204848607e-33	1.31220185680356e-33	3.9101638262986	1.48456103851326	1.97683089393407e-10	1	4	8	9.86981393474104e-06	1	0	5.79722245224878	0.70610543655146
HSPG2	ITGB1	R-HSA-8875878	REACTOME_MET_PROMOTES_CELL_MOTILITY	1.0718214746734e-33	1.35603746703806e-33	3.51948105940521	1.64273129306188	5.33784209156493e-12	1	6	12	0.000306459730668725	1	0	4.65016389182664	-1.65313439362914
CLCF1	CRLF1	R-HSA-9020956	REACTOME_INTERLEUKIN_27_SIGNALING	1.09827522907814e-33	1.38899514265765e-33	1.99763232565619	3.98772688770013	7.89083285994193e-13	1	3	7	3.66673157249299e-05	1	0	6.19877985208826	5.55926607370387
COL3A1	ITGB1	R-HSA-2129379	REACTOME_MOLECULES_ASSOCIATED_WITH_ELASTIC_FIBRES	1.13327436885842e-33	1.43273202090149e-33	15.038080980152	1.64273129306188	3.29497967730712e-18	1	4	8	0.000361191318072339	1	0	-4.39983829722896	-1.65313439362914
THBS1	ITGA2B	R-HSA-354194	REACTOME_GRB2_SOS_PROVIDES_LINKAGE_TO_MAPK_SIGNALING_FOR_INTEGRINS	1.13979334148198e-33	1.4404441934967e-33	10.1171572475629	4.02018928876498	7.53535617833019e-18	1	4	8	0.000306459730668725	1	0	3.36324076136934	-1.22574277327969
FBN1	ITGB3	R-HSA-210990	REACTOME_PECAM1_INTERACTIONS	1.18864570258378e-33	1.50163100142792e-33	6.40013831890023	2.33558859980003	1.70952292562848e-14	1	4	9	0.000306459730668725	1	0	1.72756032766282	5.81058030327552
CDH1	IGF1R	R-HSA-2428933	REACTOME_SHC_RELATED_EVENTS_TRIGGERED_BY_IGF1R	1.19627812395745e-33	1.51071833568782e-33	14.3704771513226	6.39079791705591	4.06196171585687e-31	1	3	6	0.124745628956051	1	0	5.40152618533464	5.51394539218302
COL5A1	ITGB1	R-HSA-8874081	REACTOME_MET_ACTIVATES_PTK2_SIGNALING	1.19921646890341e-33	1.51387326716614e-33	17.6910136130676	1.64273129306188	6.93378239852596e-21	1	3	6	0.000327729827104814	1	0	5.13171509336827	-1.65313439362914
COL16A1	ITGB1	R-HSA-9830369	REACTOME_KIDNEY_DEVELOPMENT	1.29623988666765e-33	1.6357539288836e-33	12.9334956641832	1.64273129306188	1.41417537656979e-24	1	2	5	0.00368233539143385	1	0	5.80814713736568	-1.65313439362914
COL4A1	ITGB1	R-HSA-3000170	REACTOME_SYNDECAN_INTERACTIONS	1.46566303113794e-33	1.84887452406106e-33	11.3294445506569	1.64273129306188	1.13603000666519e-17	1	3	7	0.000361191318072339	1	0	4.78373488091513	-1.65313439362914
FGF2	FGFR2	R-HSA-5655253	REACTOME_SIGNALING_BY_FGFR2_IN_DISEASE	1.47865550984946e-33	1.864580261687e-33	1.22084110229944	12.4089683634966	1.30876234129358e-21	1	5	10	0.00419605243373027	1	0	5.86272009779499	5.89402827446816
LAMC1	ITGB1	R-HSA-8875878	REACTOME_MET_PROMOTES_CELL_MOTILITY	1.61579392625797e-33	2.03676478795435e-33	3.23766986137765	1.64273129306188	8.04691176159058e-12	1	6	12	0.000306459730668725	1	0	5.42501182058629	-1.65313439362914
RND1	MET	R-HSA-8875656	REACTOME_MET_RECEPTOR_RECYCLING	1.74391133376708e-33	2.1974560396186e-33	4.60833105105072	2.64032224114379	5.35559674720856e-14	1	2	4	2.01164898238392e-07	1	0	-6.26577098121408	11.2515502894158
COL1A1	ITGB1	R-HSA-8874081	REACTOME_MET_ACTIVATES_PTK2_SIGNALING	1.77437828820314e-33	2.23502794266525e-33	11.8865981117298	1.64273129306188	1.02593262034834e-20	1	3	6	0.000327729827104814	1	0	-1.97991822679722	-1.65313439362914
CDH1	EGFR	R-HSA-8857538	REACTOME_PTK6_PROMOTES_HIF1A_STABILIZATION	1.88188651828706e-33	2.36957892492954e-33	14.3704771513226	2.93967772399715	5.72574762232922e-27	1	2	4	0.00435218202700177	1	0	5.40152618533464	-4.97288082913192
EFEMP1	EGFR	R-HSA-212718	REACTOME_EGFR_INTERACTS_WITH_PHOSPHOLIPASE_C_GAMMA	2.40338551041373e-33	3.02511751036342e-33	11.9073822111131	2.93967772399715	3.14979221981685e-21	1	1	3	9.13791633757528e-05	1	0	3.20088563659098	-4.97288082913192
L1CAM	ERBB2	R-HSA-8866910	REACTOME_TFAP2_AP_2_FAMILY_REGULATES_TRANSCRIPTION_OF_GROWTH_FACTORS_AND_THEIR_RECEPTORS	2.43088124456601e-33	3.05860697926374e-33	5.38418252448028	5.2615892882842	1.99602461250152e-27	1	2	5	0.0223158174310419	1	0	4.78903995096595	-6.34615646135939
LAMB1	ITGB1	R-HSA-3000171	REACTOME_NON_INTEGRIN_MEMBRANE_ECM_INTERACTIONS	2.4984398439972e-33	3.14246181475333e-33	6.55387519617198	1.64273129306188	5.36492533195653e-15	1	5	10	0.000361191318072339	1	0	0.951831469888455	-1.65313439362914
LAMB1	ITGB4	R-HSA-446107	REACTOME_TYPE_I_HEMIDESMOSOME_ASSEMBLY	2.5054858406326e-33	3.15017225576614e-33	6.55387519617198	6.44412418959411	1.50624912611813e-22	1	2	5	0.00135090150767073	1	0	0.951831469888455	5.77953524166907
LIF	IL6ST	R-HSA-6788467	REACTOME_IL_6_TYPE_CYTOKINE_RECEPTOR_LIGAND_INTERACTIONS	2.63338381235858e-33	3.30976993588363e-33	4.9622342686641	3.9101638262986	7.40281650525152e-11	1	4	8	1.447401348828e-05	1	0	-6.20163825687765	5.79722245224878
L1CAM	ITGB1	R-HSA-2129379	REACTOME_MOLECULES_ASSOCIATED_WITH_ELASTIC_FIBRES	2.69332480437382e-33	3.38387046276331e-33	5.38418252448028	1.64273129306188	7.83080491244005e-18	1	4	8	0.000361191318072339	1	0	4.78903995096595	-1.65313439362914
COL5A2	ITGB1	R-HSA-3000170	REACTOME_SYNDECAN_INTERACTIONS	2.82591635563894e-33	3.54806637415248e-33	9.21695136128872	1.64273129306188	2.19035733871194e-17	1	3	7	0.000361191318072339	1	0	4.91888270579576	-1.65313439362914
TNC	ITGB1	R-HSA-8875878	REACTOME_MET_PROMOTES_CELL_MOTILITY	2.82607612359819e-33	3.54806637415248e-33	8.5066015717972	1.64273129306188	1.40743103613461e-11	1	6	12	0.000306459730668725	1	0	7.35469947673216	-1.65313439362914
NPNT	ITGB1	R-HSA-8875878	REACTOME_MET_PROMOTES_CELL_MOTILITY	2.90997875116567e-33	3.6520711068989e-33	8.21361350158779	1.64273129306188	1.4492158844144e-11	1	6	12	0.000306459730668725	1	0	-1.10868581470011	-1.65313439362914
SEMA4D	ERBB2	R-HSA-1358803	REACTOME_DOWNREGULATION_OF_ERBB2_ERBB3_SIGNALING	3.45203674534783e-33	4.33078278774491e-33	1.01462714481266	5.2615892882842	9.29463665321184e-17	1	3	7	0.000281556464908479	1	0	7.0765425972243	-6.34615646135939
TGFB2	TGFBR2	R-HSA-9839389	REACTOME_TGFBR3_REGULATES_TGF_BETA_SIGNALING	3.65205781458522e-33	4.58005063148857e-33	6.5137576516326	1.28180263600969	6.7405902021547e-16	1	2	5	3.2264150231704e-05	1	0	5.93110784303411	2.03987526573383
COL4A1	ITGB1	R-HSA-2129379	REACTOME_MOLECULES_ASSOCIATED_WITH_ELASTIC_FIBRES	3.90725835935927e-33	4.89831222893437e-33	11.3294445506569	1.64273129306188	1.13603000666519e-17	1	4	8	0.000361191318072339	1	0	4.78373488091513	-1.65313439362914
FBLN1	ITGB1	R-HSA-3000171	REACTOME_NON_INTEGRIN_MEMBRANE_ECM_INTERACTIONS	3.92854707523409e-33	4.92320653508389e-33	8.92010857076818	1.64273129306188	8.43580916000264e-15	1	5	10	0.000361191318072339	1	0	6.20654076664142	-1.65313439362914
LAMB2	ITGB1	R-HSA-416700	REACTOME_OTHER_SEMAPHORIN_INTERACTIONS	4.32967811571306e-33	5.42392305828584e-33	11.7077824357821	1.64273129306188	4.67297919260249e-19	1	1	2	9.62566807726242e-08	1	0	-5.4770692126764	-1.65313439362914
COL18A1	ITGB1	R-HSA-3000171	REACTOME_NON_INTEGRIN_MEMBRANE_ECM_INTERACTIONS	4.38420501657429e-33	5.4902312548291e-33	6.26939471434587	1.64273129306188	9.41424809983805e-15	1	5	10	0.000361191318072339	1	0	0.323040890532106	-1.65313439362914
COL4A4	ITGB3	R-HSA-445144	REACTOME_SIGNAL_TRANSDUCTION_BY_L1	4.41994447425857e-33	5.53297270431204e-33	4.75297522418188	2.33558859980003	1.25159617577315e-09	1	7	13	0.000154057837573892	1	0	-5.54509567223867	5.81058030327552
COMP	ITGB1	R-HSA-8874081	REACTOME_MET_ACTIVATES_PTK2_SIGNALING	4.5448812643897e-33	5.68730140032759e-33	10.1255608464429	1.64273129306188	2.6278172900037e-20	1	3	6	0.000327729827104814	1	0	4.50469248937221	-1.65313439362914
FN1	ITGA2B	R-HSA-216083	REACTOME_INTEGRIN_CELL_SURFACE_INTERACTIONS	4.67503856732495e-33	5.84804824421739e-33	4.37912027588558	4.02018928876498	1.64999075327052e-16	1	4	8	0.000219215237415202	1	0	3.43264151330902	-1.22574277327969
COL1A2	ITGB1	R-HSA-8874081	REACTOME_MET_ACTIVATES_PTK2_SIGNALING	4.76012298673079e-33	5.95231663916901e-33	14.0547056107493	1.64273129306188	2.75226848830669e-20	1	3	6	0.000327729827104814	1	0	-0.973544102787729	-1.65313439362914
SEMA4D	MET	R-HSA-9825892	REACTOME_REGULATION_OF_MITF_M_DEPENDENT_GENES_INVOLVED_IN_CELL_CYCLE_AND_PROLIFERATION	5.00257744096562e-33	6.25322180120702e-33	1.01462714481266	2.64032224114379	1.77060688597618e-07	1	7	14	0.00023537357120351	1	0	7.0765425972243	11.2515502894158
COL2A1	ITGB1	R-HSA-416700	REACTOME_OTHER_SEMAPHORIN_INTERACTIONS	6.19763009697907e-33	7.74422358649038e-33	12.5798279320328	1.64273129306188	6.68904147435922e-19	1	1	2	9.62566807726242e-08	1	0	5.28155360459047	-1.65313439362914
TGFB2	TGFBR2	R-HSA-5689603	REACTOME_UCH_PROTEINASES	6.35237738922116e-33	7.93470523562846e-33	6.5137576516326	1.28180263600969	6.7405902021547e-16	1	10	19	0.00635523047062336	1	0	5.93110784303411	2.03987526573383
CTF1	LIFR	R-HSA-6788467	REACTOME_IL_6_TYPE_CYTOKINE_RECEPTOR_LIGAND_INTERACTIONS	6.93219112588402e-33	8.65580307551398e-33	6.88834092018875	4.22297917264392	4.6171873443334e-15	1	2	5	2.34089961429915e-05	1	0	-6.34615646135939	-5.27350647587817
CDH1	EGFR	R-HSA-8866910	REACTOME_TFAP2_AP_2_FAMILY_REGULATES_TRANSCRIPTION_OF_GROWTH_FACTORS_AND_THEIR_RECEPTORS	6.9731667731266e-33	8.703807583293e-33	14.3704771513226	2.93967772399715	5.72574762232922e-27	1	2	5	0.0223158174310419	1	0	5.40152618533464	-4.97288082913192
WNT5A	FZD3	R-HSA-4608870	REACTOME_ASYMMETRIC_LOCALIZATION_OF_PCP_PROTEINS	7.37438816056734e-33	9.20126778104884e-33	4.8259126929938	2.55657213646914	1.68908412039411e-13	1	6	12	0.000661260113894464	1	0	-0.0541399739889715	6.97633115708027
COL5A2	ITGB1	R-HSA-2129379	REACTOME_MOLECULES_ASSOCIATED_WITH_ELASTIC_FIBRES	7.5335087730552e-33	9.39639962991657e-33	9.21695136128872	1.64273129306188	2.19035733871194e-17	1	4	8	0.000361191318072339	1	0	4.91888270579576	-1.65313439362914
CDH1	LRP5	R-HSA-4641262	REACTOME_DISASSEMBLY_OF_THE_DESTRUCTION_COMPLEX_AND_RECRUITMENT_OF_AXIN_TO_THE_MEMBRANE	8.04379974469701e-33	1.00270051927036e-32	14.3704771513226	1.62670790509351	1.78614933128002e-24	1	6	12	0.0251444257851206	1	0	5.40152618533464	-5.92859293684736
EFNB1	ERBB2	R-HSA-1306955	REACTOME_GRB7_EVENTS_IN_ERBB2_SIGNALING	8.0449227708901e-33	1.00270051927036e-32	2.06677780171612	5.2615892882842	3.23078696743656e-21	1	1	2	1.57799919931014e-06	1	0	-1.46243435061172	-6.34615646135939
JAM3	ITGB1	R-HSA-3000171	REACTOME_NON_INTEGRIN_MEMBRANE_ECM_INTERACTIONS	9.13611274044173e-33	1.13829148232957e-32	7.72682422564567	1.64273129306188	1.96180679693249e-14	1	5	10	0.000361191318072339	1	0	4.56577146203116	-1.65313439362914
COL4A6	ITGB1	R-HSA-3000170	REACTOME_SYNDECAN_INTERACTIONS	1.08379206664304e-32	1.34983515903406e-32	9.53524221853406	1.64273129306188	8.40043231312356e-17	1	3	7	0.000361191318072339	1	0	1.77832375144824	-1.65313439362914
COL17A1	ITGB4	R-HSA-446107	REACTOME_TYPE_I_HEMIDESMOSOME_ASSEMBLY	1.11822598381114e-32	1.39221765628314e-32	8.8967105526396	6.44412418959411	6.72255609511986e-22	1	2	5	0.00135090150767073	1	0	-0.580402338253546	5.77953524166907
RND1	ERBB2	R-HSA-8864260	REACTOME_TRANSCRIPTIONAL_REGULATION_BY_THE_AP_2_TFAP2_FAMILY_OF_TRANSCRIPTION_FACTORS	1.12488573482541e-32	1.40000250643973e-32	4.60833105105072	5.2615892882842	2.81137084807974e-23	1	7	13	0.0158702739459816	1	0	-6.26577098121408	-6.34615646135939
NID1	ITGB3	R-HSA-354194	REACTOME_GRB2_SOS_PROVIDES_LINKAGE_TO_MAPK_SIGNALING_FOR_INTEGRINS	1.16906564983272e-32	1.45393558764445e-32	1.19124771367259	2.33558859980003	4.19104811461619e-06	1	4	8	2.18507385059052e-06	1	0	6.87787345437884	5.81058030327552
NID1	ITGB3	R-HSA-372708	REACTOME_P130CAS_LINKAGE_TO_MAPK_SIGNALING_FOR_INTEGRINS	1.16906564983272e-32	1.45393558764445e-32	1.19124771367259	2.33558859980003	4.19104811461619e-06	1	4	8	2.18507385059052e-06	1	0	6.87787345437884	5.81058030327552
COL4A2	ITGB3	R-HSA-216083	REACTOME_INTEGRIN_CELL_SURFACE_INTERACTIONS	1.20465822338146e-32	1.49765966332931e-32	10.9035066930124	2.33558859980003	4.25167600396513e-16	1	4	8	0.000219215237415202	1	0	6.44091966949719	5.81058030327552
LTBP1	ITGB1	R-HSA-8875878	REACTOME_MET_PROMOTES_CELL_MOTILITY	1.35059103083363e-32	1.67848018282792e-32	2.6298897401509	1.64273129306188	6.72615899496749e-11	1	6	12	0.000306459730668725	1	0	7.03079313325193	-1.65313439362914
COL4A3	ITGB3	R-HSA-216083	REACTOME_INTEGRIN_CELL_SURFACE_INTERACTIONS	1.46077032950495e-32	1.81475259425678e-32	10.9133221434925	2.33558859980003	5.15558856173085e-16	1	4	8	0.000219215237415202	1	0	4.45925716993137	5.81058030327552
FBN1	ITGB1	R-HSA-3000171	REACTOME_NON_INTEGRIN_MEMBRANE_ECM_INTERACTIONS	1.48768022884431e-32	1.84751624087525e-32	6.40013831890023	1.64273129306188	3.19451091238149e-14	1	5	10	0.000361191318072339	1	0	1.72756032766282	-1.65313439362914
LAMA1	ITGB1	R-HSA-3000170	REACTOME_SYNDECAN_INTERACTIONS	1.55186702944687e-32	1.92653286946851e-32	17.5342897380052	1.64273129306188	1.20284640763385e-16	1	3	7	0.000361191318072339	1	0	-6.27074375530701	-1.65313439362914
NID1	ITGB1	R-HSA-445144	REACTOME_SIGNAL_TRANSDUCTION_BY_L1	1.59755085605366e-32	1.98253064387612e-32	1.19124771367259	1.64273129306188	7.83162877534108e-06	1	8	15	0.000154057837573892	1	0	6.87787345437884	-1.65313439362914
FN1	ITGB1	R-HSA-8875878	REACTOME_MET_PROMOTES_CELL_MOTILITY	1.75620719845081e-32	2.17863424546368e-32	4.37912027588558	1.64273129306188	8.74619227820244e-11	1	6	12	0.000306459730668725	1	0	3.43264151330902	-1.65313439362914
THBS1	ITGA6	R-HSA-216083	REACTOME_INTEGRIN_CELL_SURFACE_INTERACTIONS	2.03998001741324e-32	2.52975171589818e-32	10.1171572475629	1.21558443268924	8.7600912838886e-13	1	5	10	0.000219215237415202	1	0	3.36324076136934	-4.68122835464662
IL6ST	CRLF1	R-HSA-6788467	REACTOME_IL_6_TYPE_CYTOKINE_RECEPTOR_LIGAND_INTERACTIONS	2.0534993649875e-32	2.54559921281333e-32	3.9101638262986	3.98772688770013	1.36773368007909e-14	1	2	5	2.34089961429915e-05	1	0	5.79722245224878	5.55926607370387
LAMA5	SDC1	R-HSA-449836	REACTOME_OTHER_INTERLEUKIN_SIGNALING	2.21853095345767e-32	2.74918821321844e-32	4.79474119253631	7.03887851379973	1.53740409075425e-21	1	1	2	3.79873265481635e-06	1	0	7.7539223096356	4.20001468766753
S100B	APP	R-HSA-9609523	REACTOME_INSERTION_OF_TAIL_ANCHORED_PROTEINS_INTO_THE_ENDOPLASMIC_RETICULUM_MEMBRANE	2.45738854521564e-32	3.04408231744393e-32	2.91530553230702	1.07409823105059	4.17732978317162e-10	1	8	16	0.00120055406185583	1	0	5.98997946985497	-6.19605749258721
FN1	ITGA2B	R-HSA-354194	REACTOME_GRB2_SOS_PROVIDES_LINKAGE_TO_MAPK_SIGNALING_FOR_INTEGRINS	2.49576586637386e-32	3.09050920818073e-32	4.37912027588558	4.02018928876498	1.64999075327052e-16	1	4	8	0.000306459730668725	1	0	3.43264151330902	-1.22574277327969
COL4A6	ITGB1	R-HSA-2129379	REACTOME_MOLECULES_ASSOCIATED_WITH_ELASTIC_FIBRES	2.889242289826e-32	3.5764640075572e-32	9.53524221853406	1.64273129306188	8.40043231312356e-17	1	4	8	0.000361191318072339	1	0	1.77832375144824	-1.65313439362914
LIF	IL6ST	R-HSA-9020956	REACTOME_INTERLEUKIN_27_SIGNALING	2.91389263499539e-32	3.60438355425535e-32	4.9622342686641	3.9101638262986	7.40281650525152e-11	1	4	8	2.34089961429915e-05	1	0	-6.20163825687765	5.79722245224878
LIF	IL6ST	R-HSA-1059683	REACTOME_INTERLEUKIN_6_SIGNALING	2.91389263499539e-32	3.60438355425535e-32	4.9622342686641	3.9101638262986	7.40281650525152e-11	1	4	8	2.34089961429915e-05	1	0	-6.20163825687765	5.79722245224878
COL3A1	ITGB1	R-HSA-416700	REACTOME_OTHER_SEMAPHORIN_INTERACTIONS	3.05291352958299e-32	3.77499013003792e-32	15.038080980152	1.64273129306188	3.29497967730712e-18	1	1	2	9.62566807726242e-08	1	0	-4.39983829722896	-1.65313439362914
FBLN2	ITGB3	R-HSA-216083	REACTOME_INTEGRIN_CELL_SURFACE_INTERACTIONS	3.12283388105948e-32	3.86006056444291e-32	20.4800687975369	2.33558859980003	1.10216139472329e-15	1	4	8	0.000219215237415202	1	0	-1.12341971762222	5.81058030327552
S100B	APP	R-HSA-9734009	REACTOME_DEFECTIVE_INTRINSIC_PATHWAY_FOR_APOPTOSIS	4.02865937234614e-32	4.97794117847367e-32	2.91530553230702	1.07409823105059	4.17732978317162e-10	1	7	14	0.000650918804622348	1	0	5.98997946985497	-6.19605749258721
LAMC1	ITGA6	R-HSA-216083	REACTOME_INTEGRIN_CELL_SURFACE_INTERACTIONS	4.10973535817077e-32	5.07629789303678e-32	3.23766986137765	1.21558443268924	1.76480438940043e-12	1	5	10	0.000219215237415202	1	0	5.42501182058629	-4.68122835464662
LAMA1	ITGB1	R-HSA-2129379	REACTOME_MOLECULES_ASSOCIATED_WITH_ELASTIC_FIBRES	4.13706649796073e-32	5.10822281155237e-32	17.5342897380052	1.64273129306188	1.20284640763385e-16	1	4	8	0.000361191318072339	1	0	-6.27074375530701	-1.65313439362914
FGF2	TGFBR3	R-HSA-9839389	REACTOME_TGFBR3_REGULATES_TGF_BETA_SIGNALING	4.19925243504758e-32	5.18314617027761e-32	1.22084110229944	1.231627940706	5.91210589889478e-07	1	3	6	2.62321976166763e-07	1	0	5.86272009779499	5.3195988464643
SEMA4D	MET	R-HSA-8875555	REACTOME_MET_ACTIVATES_RAP1_AND_RAC1	4.73524628813492e-32	5.84262813170163e-32	1.01462714481266	2.64032224114379	1.77060688597618e-07	1	3	6	3.65411620714745e-07	1	0	7.0765425972243	11.2515502894158
LUM	ITGB1	R-HSA-9830369	REACTOME_KIDNEY_DEVELOPMENT	4.96711644885797e-32	6.12652584584849e-32	11.828176566468	1.64273129306188	5.41903844093848e-23	1	2	5	0.00368233539143385	1	0	4.04840561928604	-1.65313439362914
COL4A5	ITGB1	R-HSA-3000170	REACTOME_SYNDECAN_INTERACTIONS	5.6154519013999e-32	6.92371130495185e-32	5.4186994542932	1.64273129306188	4.3525160459444e-16	1	3	7	0.000361191318072339	1	0	6.18599343361014	-1.65313439362914
CLCF1	IL6ST	R-HSA-6788467	REACTOME_IL_6_TYPE_CYTOKINE_RECEPTOR_LIGAND_INTERACTIONS	5.96512135019317e-32	7.35220976161395e-32	1.99763232565619	3.9101638262986	1.67688046762495e-09	1	4	8	1.447401348828e-05	1	0	6.19877985208826	5.79722245224878
COL6A2	ITGB1	R-HSA-3000171	REACTOME_NON_INTEGRIN_MEMBRANE_ECM_INTERACTIONS	6.07334596765384e-32	7.48291910054771e-32	2.61520749325399	1.64273129306188	1.30413576736245e-13	1	5	10	0.000361191318072339	1	0	-3.31955637394197	-1.65313439362914
LAMA3	ITGB1	R-HSA-8875878	REACTOME_MET_PROMOTES_CELL_MOTILITY	6.14855288384338e-32	7.57286857157939e-32	1.52751187044421	1.64273129306188	3.06207751580951e-10	1	6	12	0.000306459730668725	1	0	-6.34615646135939	-1.65313439362914
L1CAM	ITGB1	R-HSA-416700	REACTOME_OTHER_SEMAPHORIN_INTERACTIONS	7.25551372269809e-32	8.93305912887668e-32	5.38418252448028	1.64273129306188	7.83080491244005e-18	1	1	2	9.62566807726242e-08	1	0	4.78903995096595	-1.65313439362914
LAMA1	ITGA3	R-HSA-8874081	REACTOME_MET_ACTIVATES_PTK2_SIGNALING	8.03036610338943e-32	9.88352751186392e-32	17.5342897380052	4.13720289413487	5.70471836623451e-22	1	2	4	0.000327729827104814	1	0	-6.27074375530701	4.28443713596128
LAMB2	ITGB1	R-HSA-8874081	REACTOME_MET_ACTIVATES_PTK2_SIGNALING	8.0820442357741e-32	9.94357373786227e-32	11.7077824357821	1.64273129306188	4.67297919260249e-19	1	3	6	0.000327729827104814	1	0	-5.4770692126764	-1.65313439362914
COL5A1	ITGB1	R-HSA-210991	REACTOME_BASIGIN_INTERACTIONS	8.99464937890936e-32	1.10624218317655e-31	17.6910136130676	1.64273129306188	6.93378239852596e-21	1	2	4	0.000148024664544872	1	0	5.13171509336827	-1.65313439362914
LIF	IL6ST	R-HSA-8984722	REACTOME_INTERLEUKIN_35_SIGNALLING	1.03035131239472e-31	1.26676501595348e-31	4.9622342686641	3.9101638262986	7.40281650525152e-11	1	3	7	3.66673157249299e-05	1	0	-6.20163825687765	5.79722245224878
COL4A1	ITGB1	R-HSA-416700	REACTOME_OTHER_SEMAPHORIN_INTERACTIONS	1.05257140165273e-31	1.29362115815841e-31	11.3294445506569	1.64273129306188	1.13603000666519e-17	1	1	2	9.62566807726242e-08	1	0	4.78373488091513	-1.65313439362914
RND1	ERBB2	R-HSA-9665348	REACTOME_SIGNALING_BY_ERBB2_ECD_MUTANTS	1.10953369233287e-31	1.36314139343752e-31	4.60833105105072	5.2615892882842	2.81137084807974e-23	1	7	14	0.0334704470619978	1	0	-6.26577098121408	-6.34615646135939
ANXA1	EGFR	R-HSA-881907	REACTOME_GASTRIN_CREB_SIGNALLING_PATHWAY_VIA_PKC_AND_MAPK	1.11791029243756e-31	1.37294230845598e-31	3.78540835500689	2.93967772399715	1.45445490355854e-15	1	6	12	0.00192476343881898	1	0	5.66002539089596	-4.97288082913192
COL2A1	ITGB1	R-HSA-8874081	REACTOME_MET_ACTIVATES_PTK2_SIGNALING	1.15688786237867e-31	1.42030487030072e-31	12.5798279320328	1.64273129306188	6.68904147435922e-19	1	3	6	0.000327729827104814	1	0	5.28155360459047	-1.65313439362914
DCN	EGFR	R-HSA-5637810	REACTOME_CONSTITUTIVE_SIGNALING_BY_EGFRVIII	1.1609072151769e-31	1.42473093835481e-31	12.4299900158892	2.93967772399715	3.0197937025404e-18	1	7	13	0.00419605243373027	1	0	-3.32916132851479	-4.97288082913192
COL4A3	ITGB1	R-HSA-3000170	REACTOME_SYNDECAN_INTERACTIONS	1.24294533596058e-31	1.52486874311854e-31	10.9133221434925	1.64273129306188	9.63402343033426e-16	1	3	7	0.000361191318072339	1	0	4.45925716993137	-1.65313439362914
COL1A1	ITGB1	R-HSA-210991	REACTOME_BASIGIN_INTERACTIONS	1.33086152348547e-31	1.6321439004599e-31	11.8865981117298	1.64273129306188	1.02593262034834e-20	1	2	4	0.000148024664544872	1	0	-1.97991822679722	-1.65313439362914
LAMA5	ITGB1	R-HSA-3000170	REACTOME_SYNDECAN_INTERACTIONS	1.34145401103868e-31	1.64454803919211e-31	4.79474119253631	1.64273129306188	1.03975605355764e-15	1	3	7	0.000361191318072339	1	0	7.7539223096356	-1.65313439362914
COL18A1	ITGB3	R-HSA-216083	REACTOME_INTEGRIN_CELL_SURFACE_INTERACTIONS	1.4274466320625e-31	1.74934678100997e-31	6.26939471434587	2.33558859980003	5.03797714130507e-15	1	4	8	0.000219215237415202	1	0	0.323040890532106	5.81058030327552
THBS1	ITGB3	R-HSA-210990	REACTOME_PECAM1_INTERACTIONS	1.48624136396659e-31	1.82075152850608e-31	10.1171572475629	2.33558859980003	2.13752817950321e-12	1	4	9	0.000306459730668725	1	0	3.36324076136934	5.81058030327552
COL4A5	ITGB1	R-HSA-2129379	REACTOME_MOLECULES_ASSOCIATED_WITH_ELASTIC_FIBRES	1.49700312535616e-31	1.83328257430587e-31	5.4186994542932	1.64273129306188	4.3525160459444e-16	1	4	8	0.000361191318072339	1	0	6.18599343361014	-1.65313439362914
TNC	EGFR	R-HSA-881907	REACTOME_GASTRIN_CREB_SIGNALLING_PATHWAY_VIA_PKC_AND_MAPK	1.79837909078245e-31	2.20157440295076e-31	8.5066015717972	2.93967772399715	2.33977744434425e-15	1	6	12	0.00192476343881898	1	0	7.35469947673216	-4.97288082913192
COL5A2	ITGB1	R-HSA-416700	REACTOME_OTHER_SEMAPHORIN_INTERACTIONS	2.02944242722617e-31	2.4835581464454e-31	9.21695136128872	1.64273129306188	2.19035733871194e-17	1	1	2	9.62566807726242e-08	1	0	4.91888270579576	-1.65313439362914
CTNND1	AMOT	R-HSA-9759476	REACTOME_REGULATION_OF_HOMOTYPIC_CELL_CELL_ADHESION	2.41918065262803e-31	2.95945286096743e-31	5.90259123188141	3.86072235799454	1.23336773095862e-23	1	3	7	0.0157166905649005	1	0	4.61019086615155	3.634392783995
THBS1	SDC4	R-HSA-3000170	REACTOME_SYNDECAN_INTERACTIONS	2.68057328981981e-31	3.27805620937794e-31	10.1171572475629	1.20804741852566	2.07770246475838e-15	1	3	7	0.000361191318072339	1	0	3.36324076136934	-4.21601081838777
COL4A3	ITGB1	R-HSA-2129379	REACTOME_MOLECULES_ASSOCIATED_WITH_ELASTIC_FIBRES	3.31352326625037e-31	4.05064677892725e-31	10.9133221434925	1.64273129306188	9.63402343033426e-16	1	4	8	0.000361191318072339	1	0	4.45925716993137	-1.65313439362914
COMP	ITGB1	R-HSA-210991	REACTOME_BASIGIN_INTERACTIONS	3.40886024350055e-31	4.16571198495272e-31	10.1255608464429	1.64273129306188	2.6278172900037e-20	1	2	4	0.000148024664544872	1	0	4.50469248937221	-1.65313439362914
COL1A2	ITGB1	R-HSA-210991	REACTOME_BASIGIN_INTERACTIONS	3.57030097370843e-31	4.36144721220064e-31	14.0547056107493	1.64273129306188	2.75226848830669e-20	1	2	4	0.000148024664544872	1	0	-0.973544102787729	-1.65313439362914
LAMA5	ITGB1	R-HSA-2129379	REACTOME_MOLECULES_ASSOCIATED_WITH_ELASTIC_FIBRES	3.57613400008971e-31	4.36702199513972e-31	4.79474119253631	1.64273129306188	1.03975605355764e-15	1	4	8	0.000361191318072339	1	0	7.7539223096356	-1.65313439362914
NCAM1	FGFR2	R-HSA-5654700	REACTOME_FRS_MEDIATED_FGFR2_SIGNALING	3.86061900955398e-31	4.71274996198215e-31	2.9320508687129	12.4089683634966	4.70208501851753e-29	1	3	7	0.226250277502737	1	0	5.86615048162456	5.89402827446816
FN1	ITGA6	R-HSA-216083	REACTOME_INTEGRIN_CELL_SURFACE_INTERACTIONS	4.46687334471079e-31	5.45088481937039e-31	4.37912027588558	1.21558443268924	1.91816674277299e-11	1	5	10	0.000219215237415202	1	0	3.43264151330902	-4.68122835464662
COL5A1	ITGA1	R-HSA-3000157	REACTOME_LAMININ_INTERACTIONS	4.50472039025932e-31	5.49122542256983e-31	17.6910136130676	4.23950504367085	9.88858931662188e-25	1	1	2	0.000674942458940906	1	0	5.13171509336827	-3.47079627706584
COL5A1	ITGA1	R-HSA-416700	REACTOME_OTHER_SEMAPHORIN_INTERACTIONS	4.50472039025932e-31	5.49122542256983e-31	17.6910136130676	4.23950504367085	9.88858931662188e-25	1	1	2	0.000674942458940906	1	0	5.13171509336827	-3.47079627706584
L1CAM	ERBB2	R-HSA-9634285	REACTOME_CONSTITUTIVE_SIGNALING_BY_OVEREXPRESSED_ERBB2	4.50456685933814e-31	5.49122542256983e-31	5.38418252448028	5.2615892882842	1.99602461250152e-27	1	4	9	0.124745628956051	1	0	4.78903995096595	-6.34615646135939
EFNA2	EPHA4	R-HSA-3928663	REACTOME_EPHA_MEDIATED_GROWTH_CONE_COLLAPSE	4.55497203979674e-31	5.55051499004633e-31	3.98137602912679	16.6159103861779	7.07608273602649e-17	1	1	3	1.86021983612035e-05	1	0	0.0248621100849193	5.97922360248212
COL4A4	ITGB1	R-HSA-8875878	REACTOME_MET_PROMOTES_CELL_MOTILITY	4.69624133122189e-31	5.7206339162193e-31	4.75297522418188	1.64273129306188	2.33880317219634e-09	1	6	12	0.000306459730668725	1	0	-5.54509567223867	-1.65313439362914
FBN1	ITGB3	R-HSA-216083	REACTOME_INTEGRIN_CELL_SURFACE_INTERACTIONS	4.84371539246377e-31	5.89818794692934e-31	6.40013831890023	2.33558859980003	1.70952292562848e-14	1	4	8	0.000219215237415202	1	0	1.72756032766282	5.81058030327552
LGALS3BP	ITGB1	R-HSA-3000171	REACTOME_NON_INTEGRIN_MEMBRANE_ECM_INTERACTIONS	5.08428071465024e-31	6.18893335399746e-31	5.08385796896564	1.64273129306188	1.09175277789221e-12	1	5	10	0.000361191318072339	1	0	5.6845059272368	-1.65313439362914
L1CAM	EGFR	R-HSA-8864260	REACTOME_TRANSCRIPTIONAL_REGULATION_BY_THE_AP_2_TFAP2_FAMILY_OF_TRANSCRIPTION_FACTORS	5.20887700879888e-31	6.33835759118081e-31	5.38418252448028	2.93967772399715	1.30182866760621e-21	1	7	13	0.0158702739459816	1	0	4.78903995096595	-4.97288082913192
TNC	ITGB3	R-HSA-210990	REACTOME_PECAM1_INTERACTIONS	5.2369107468075e-31	6.3702167500063e-31	8.5066015717972	2.33558859980003	7.53178088447811e-12	1	4	9	0.000306459730668725	1	0	7.35469947673216	5.81058030327552
COL3A1	ITGB1	R-HSA-8874081	REACTOME_MET_ACTIVATES_PTK2_SIGNALING	5.69875670538603e-31	6.9295592317172e-31	15.038080980152	1.64273129306188	3.29497967730712e-18	1	3	6	0.000327729827104814	1	0	-4.39983829722896	-1.65313439362914
L1CAM	EGFR	R-HSA-1236382	REACTOME_CONSTITUTIVE_SIGNALING_BY_LIGAND_RESPONSIVE_EGFR_CANCER_VARIANTS	6.33925737174272e-31	7.70566973809009e-31	5.38418252448028	2.93967772399715	1.30182866760621e-21	1	8	16	0.0334704470619978	1	0	4.78903995096595	-4.97288082913192
COL4A3	ITGA3	R-HSA-8874081	REACTOME_MET_ACTIVATES_PTK2_SIGNALING	6.43180498384674e-31	7.81540414851035e-31	10.9133221434925	4.13720289413487	4.56911123938702e-21	1	2	4	0.000327729827104814	1	0	4.45925716993137	4.28443713596128
CLCF1	IL6ST	R-HSA-9020956	REACTOME_INTERLEUKIN_27_SIGNALING	6.60052784087473e-31	8.01476024447902e-31	1.99763232565619	3.9101638262986	1.67688046762495e-09	1	4	8	2.34089961429915e-05	1	0	6.19877985208826	5.79722245224878
CLCF1	IL6ST	R-HSA-1059683	REACTOME_INTERLEUKIN_6_SIGNALING	6.60052784087473e-31	8.01476024447902e-31	1.99763232565619	3.9101638262986	1.67688046762495e-09	1	4	8	2.34089961429915e-05	1	0	6.19877985208826	5.79722245224878
COL1A1	ITGA1	R-HSA-3000157	REACTOME_LAMININ_INTERACTIONS	6.66525040488408e-31	8.08764070292812e-31	11.8865981117298	4.23950504367085	1.46313018869862e-24	1	1	2	0.000674942458940906	1	0	-1.97991822679722	-3.47079627706584
COL1A1	ITGA1	R-HSA-416700	REACTOME_OTHER_SEMAPHORIN_INTERACTIONS	6.66525040488408e-31	8.08764070292812e-31	11.8865981117298	4.23950504367085	1.46313018869862e-24	1	1	2	0.000674942458940906	1	0	-1.97991822679722	-3.47079627706584
LAMB1	ITGB1	R-HSA-3000170	REACTOME_SYNDECAN_INTERACTIONS	6.9216241452516e-31	8.39576412541097e-31	6.55387519617198	1.64273129306188	5.36492533195653e-15	1	3	7	0.000361191318072339	1	0	0.951831469888455	-1.65313439362914
LAMA5	ITGA3	R-HSA-8874081	REACTOME_MET_ACTIVATES_PTK2_SIGNALING	6.9415527329944e-31	8.41696912284128e-31	4.79474119253631	4.13720289413487	4.93123263077438e-21	1	2	4	0.000327729827104814	1	0	7.7539223096356	4.28443713596128
CDH1	EGFR	R-HSA-180336	REACTOME_SHC1_EVENTS_IN_EGFR_SIGNALING	7.37159430131206e-31	8.9352658197722e-31	14.3704771513226	2.93967772399715	5.72574762232922e-27	1	4	8	0.0775684949930508	1	0	5.40152618533464	-4.97288082913192
COL4A6	ITGB1	R-HSA-416700	REACTOME_OTHER_SEMAPHORIN_INTERACTIONS	7.78329336587608e-31	9.43097188397806e-31	9.53524221853406	1.64273129306188	8.40043231312356e-17	1	1	2	9.62566807726242e-08	1	0	1.77832375144824	-1.65313439362914
NID1	ITGA3	R-HSA-216083	REACTOME_INTEGRIN_CELL_SURFACE_INTERACTIONS	8.64954790470371e-31	1.04769171803453e-30	1.19124771367259	4.13720289413487	3.71429271673218e-11	1	5	10	0.000219215237415202	1	0	6.87787345437884	4.28443713596128
TNC	SDC4	R-HSA-3000170	REACTOME_SYNDECAN_INTERACTIONS	9.44525122864102e-31	1.14366998333422e-30	8.5066015717972	1.20804741852566	7.32097937129289e-15	1	3	7	0.000361191318072339	1	0	7.35469947673216	-4.21601081838777
FBLN1	ITGB1	R-HSA-3000170	REACTOME_SYNDECAN_INTERACTIONS	1.08835625388499e-30	1.31736295333018e-30	8.92010857076818	1.64273129306188	8.43580916000264e-15	1	3	7	0.000361191318072339	1	0	6.20654076664142	-1.65313439362914
LAMA1	ITGB1	R-HSA-416700	REACTOME_OTHER_SEMAPHORIN_INTERACTIONS	1.11447912628003e-30	1.3485079825548e-30	17.5342897380052	1.64273129306188	1.20284640763385e-16	1	1	2	9.62566807726242e-08	1	0	-6.27074375530701	-1.65313439362914
CLCF1	CRLF1	R-HSA-6788467	REACTOME_IL_6_TYPE_CYTOKINE_RECEPTOR_LIGAND_INTERACTIONS	1.18472042497164e-30	1.4329951694453e-30	1.99763232565619	3.98772688770013	7.89083285994193e-13	1	2	5	2.34089961429915e-05	1	0	6.19877985208826	5.55926607370387
COL18A1	ITGB1	R-HSA-3000170	REACTOME_SYNDECAN_INTERACTIONS	1.2145907524395e-30	1.46860885356481e-30	6.26939471434587	1.64273129306188	9.41424809983805e-15	1	3	7	0.000361191318072339	1	0	0.323040890532106	-1.65313439362914
EFEMP1	EGFR	R-HSA-8864260	REACTOME_TRANSCRIPTIONAL_REGULATION_BY_THE_AP_2_TFAP2_FAMILY_OF_TRANSCRIPTION_FACTORS	1.26029489782756e-30	1.52333606764821e-30	11.9073822111131	2.93967772399715	3.14979221981685e-21	1	7	13	0.0158702739459816	1	0	3.20088563659098	-4.97288082913192
EFNB1	ERBB2	R-HSA-8864260	REACTOME_TRANSCRIPTIONAL_REGULATION_BY_THE_AP_2_TFAP2_FAMILY_OF_TRANSCRIPTION_FACTORS	1.29270251714091e-30	1.56195878432199e-30	2.06677780171612	5.2615892882842	3.23078696743656e-21	1	7	13	0.0158702739459816	1	0	-1.46243435061172	-6.34615646135939
L1CAM	EGFR	R-HSA-9013507	REACTOME_NOTCH3_ACTIVATION_AND_TRANSMISSION_OF_SIGNAL_TO_THE_NUCLEUS	1.34900912302792e-30	1.6294211317472e-30	5.38418252448028	2.93967772399715	1.30182866760621e-21	1	5	10	0.0131468061354451	1	0	4.78903995096595	-4.97288082913192
L1CAM	ITGB1	R-HSA-8874081	REACTOME_MET_ACTIVATES_PTK2_SIGNALING	1.35435894523662e-30	1.6353088001453e-30	5.38418252448028	1.64273129306188	7.83080491244005e-18	1	3	6	0.000327729827104814	1	0	4.78903995096595	-1.65313439362914
COL17A1	CD151	R-HSA-446107	REACTOME_TYPE_I_HEMIDESMOSOME_ASSEMBLY	1.40917425408827e-30	1.70089804703988e-30	8.8967105526396	1.66198423914077	8.47168023999971e-20	1	2	5	0.00135090150767073	1	0	-0.580402338253546	4.41472398449643
AGRN	ITGB1	R-HSA-8875878	REACTOME_MET_PROMOTES_CELL_MOTILITY	1.44308142030598e-30	1.74121363937306e-30	1.11546551296964	1.64273129306188	7.18677590333947e-09	1	6	12	0.000306459730668725	1	0	5.51142825962013	-1.65313439362914
EFEMP1	EGFR	R-HSA-1236382	REACTOME_CONSTITUTIVE_SIGNALING_BY_LIGAND_RESPONSIVE_EGFR_CANCER_VARIANTS	1.53379196861962e-30	1.85001555822282e-30	11.9073822111131	2.93967772399715	3.14979221981685e-21	1	8	16	0.0334704470619978	1	0	3.20088563659098	-4.97288082913192
LAMA3	ITGA6	R-HSA-216083	REACTOME_INTEGRIN_CELL_SURFACE_INTERACTIONS	1.56387053928557e-30	1.88563429903342e-30	1.52751187044421	1.21558443268924	6.71557984067769e-11	1	5	10	0.000219215237415202	1	0	-6.34615646135939	-4.68122835464662
COL1A2	ITGA1	R-HSA-3000157	REACTOME_LAMININ_INTERACTIONS	1.78808610742948e-30	2.15447152699034e-30	14.0547056107493	4.23950504367085	3.92513799909995e-24	1	1	2	0.000674942458940906	1	0	-0.973544102787729	-3.47079627706584
COL1A2	ITGA1	R-HSA-416700	REACTOME_OTHER_SEMAPHORIN_INTERACTIONS	1.78808610742948e-30	2.15447152699034e-30	14.0547056107493	4.23950504367085	3.92513799909995e-24	1	1	2	0.000674942458940906	1	0	-0.973544102787729	-3.47079627706584
COL11A1	ITGB1	R-HSA-3000171	REACTOME_NON_INTEGRIN_MEMBRANE_ECM_INTERACTIONS	1.80156697453705e-30	2.16995461919029e-30	8.7209722535565	1.64273129306188	3.86852311939072e-12	1	5	10	0.000361191318072339	1	0	5.2194090555208	-1.65313439362914
EFNA2	EPHA4	R-HSA-3928665	REACTOME_EPH_EPHRIN_MEDIATED_REPULSION_OF_CELLS	1.82196339617067e-30	2.19375361667032e-30	3.98137602912679	16.6159103861779	7.07608273602649e-17	1	2	4	1.86021983612035e-05	1	0	0.0248621100849193	5.97922360248212
LAMB1	ITGB1	R-HSA-2129379	REACTOME_MOLECULES_ASSOCIATED_WITH_ELASTIC_FIBRES	1.84521088594832e-30	2.22096761639686e-30	6.55387519617198	1.64273129306188	5.36492533195653e-15	1	4	8	0.000361191318072339	1	0	0.951831469888455	-1.65313439362914
PTN	PTPRS	R-HSA-388844	REACTOME_RECEPTOR_TYPE_TYROSINE_PROTEIN_PHOSPHATASES	1.84938965080326e-30	2.22521874738132e-30	12.0614597856604	1.78074089539144	2.44679058976713e-21	1	2	5	0.00350889693232256	1	0	-6.04447813954024	-1.72999426532377
THBS1	ITGB1	R-HSA-3000171	REACTOME_NON_INTEGRIN_MEMBRANE_ECM_INTERACTIONS	1.86014376500709e-30	2.23737571735118e-30	10.1171572475629	1.64273129306188	3.99430565836698e-12	1	5	10	0.000361191318072339	1	0	3.36324076136934	-1.65313439362914
COL4A1	ITGB1	R-HSA-8874081	REACTOME_MET_ACTIVATES_PTK2_SIGNALING	1.96479470346656e-30	2.36242355117964e-30	11.3294445506569	1.64273129306188	1.13603000666519e-17	1	3	6	0.000327729827104814	1	0	4.78373488091513	-1.65313439362914
DCN	EGFR	R-HSA-212718	REACTOME_EGFR_INTERACTS_WITH_PHOSPHOLIPASE_C_GAMMA	2.30419276022792e-30	2.76953986554299e-30	12.4299900158892	2.93967772399715	3.0197937025404e-18	1	1	3	9.13791633757528e-05	1	0	-3.32916132851479	-4.97288082913192
CLCF1	IL6ST	R-HSA-8984722	REACTOME_INTERLEUKIN_35_SIGNALLING	2.33394409995271e-30	2.8043198406697e-30	1.99763232565619	3.9101638262986	1.67688046762495e-09	1	3	7	3.66673157249299e-05	1	0	6.19877985208826	5.79722245224878
HSPG2	ITGB1	R-HSA-3000171	REACTOME_NON_INTEGRIN_MEMBRANE_ECM_INTERACTIONS	2.48582720864589e-30	2.98577011094339e-30	3.51948105940521	1.64273129306188	5.33784209156493e-12	1	5	10	0.000361191318072339	1	0	4.65016389182664	-1.65313439362914
LTBP1	ITGB3	R-HSA-210990	REACTOME_PECAM1_INTERACTIONS	2.50273678930811e-30	3.00503125836646e-30	2.6298897401509	2.33558859980003	3.59946274052546e-11	1	4	9	0.000306459730668725	1	0	7.03079313325193	5.81058030327552
JAM3	ITGB1	R-HSA-3000170	REACTOME_SYNDECAN_INTERACTIONS	2.53104907408182e-30	3.03796539247783e-30	7.72682422564567	1.64273129306188	1.96180679693249e-14	1	3	7	0.000361191318072339	1	0	4.56577146203116	-1.65313439362914
COL16A1	ITGB1	R-HSA-3000157	REACTOME_LAMININ_INTERACTIONS	2.76903754706229e-30	3.32245872406498e-30	12.9334956641832	1.64273129306188	1.41417537656979e-24	1	3	7	0.0397902094200085	1	0	5.80814713736568	-1.65313439362914
MFGE8	ITGB3	R-HSA-210990	REACTOME_PECAM1_INTERACTIONS	2.77010221499441e-30	3.32257727321505e-30	2.73317240377774	2.33558859980003	3.98399054703467e-11	1	4	9	0.000306459730668725	1	0	7.14954233744459	5.81058030327552
FBLN1	ITGB1	R-HSA-2129379	REACTOME_MOLECULES_ASSOCIATED_WITH_ELASTIC_FIBRES	2.90140979243466e-30	3.47886012059088e-30	8.92010857076818	1.64273129306188	8.43580916000264e-15	1	4	8	0.000361191318072339	1	0	6.20654076664142	-1.65313439362914
RND1	ERBB2	R-HSA-1963640	REACTOME_GRB2_EVENTS_IN_ERBB2_SIGNALING	3.04274254549071e-30	3.64705029842789e-30	4.60833105105072	5.2615892882842	2.81137084807974e-23	1	4	9	0.0334704470619978	1	0	-6.26577098121408	-6.34615646135939
COL18A1	ITGB1	R-HSA-2129379	REACTOME_MOLECULES_ASSOCIATED_WITH_ELASTIC_FIBRES	3.23793380186791e-30	3.8796559660138e-30	6.26939471434587	1.64273129306188	9.41424809983805e-15	1	4	8	0.000361191318072339	1	0	0.323040890532106	-1.65313439362914
FN1	ITGB3	R-HSA-210990	REACTOME_PECAM1_INTERACTIONS	3.25437106042207e-30	3.897993192149e-30	4.37912027588558	2.33558859980003	4.68047116495695e-11	1	4	9	0.000306459730668725	1	0	3.43264151330902	5.81058030327552
EFEMP1	EGFR	R-HSA-9013507	REACTOME_NOTCH3_ACTIVATION_AND_TRANSMISSION_OF_SIGNAL_TO_THE_NUCLEUS	3.2639459753091e-30	3.90810099375681e-30	11.9073822111131	2.93967772399715	3.14979221981685e-21	1	5	10	0.0131468061354451	1	0	3.20088563659098	-4.97288082913192
FGF2	SDC1	R-HSA-3000170	REACTOME_SYNDECAN_INTERACTIONS	3.40757149590429e-30	4.07865203406777e-30	1.22084110229944	7.03887851379973	1.82871192768819e-11	1	4	9	0.000361191318072339	1	0	5.86272009779499	4.20001468766753
LAMB1	ITGA3	R-HSA-8874081	REACTOME_MET_ACTIVATES_PTK2_SIGNALING	3.58169706951257e-30	4.28557840665156e-30	6.55387519617198	4.13720289413487	2.54441364088152e-20	1	2	4	0.000327729827104814	1	0	0.951831469888455	4.28443713596128
LAMC1	ITGB1	R-HSA-3000171	REACTOME_NON_INTEGRIN_MEMBRANE_ECM_INTERACTIONS	3.74743798325253e-30	4.48233194102527e-30	3.23766986137765	1.64273129306188	8.04691176159058e-12	1	5	10	0.000361191318072339	1	0	5.42501182058629	-1.65313439362914
LAMC1	ITGB4	R-HSA-446107	REACTOME_TYPE_I_HEMIDESMOSOME_ASSEMBLY	3.75800635274312e-30	4.49341044610231e-30	3.23766986137765	6.44412418959411	2.2592399817101e-19	1	2	5	0.00135090150767073	1	0	5.42501182058629	5.77953524166907
COL5A2	ITGB1	R-HSA-8874081	REACTOME_MET_ACTIVATES_PTK2_SIGNALING	3.78828241556183e-30	4.52803735564027e-30	9.21695136128872	1.64273129306188	2.19035733871194e-17	1	3	6	0.000327729827104814	1	0	4.91888270579576	-1.65313439362914
COL4A5	ITGB1	R-HSA-416700	REACTOME_OTHER_SEMAPHORIN_INTERACTIONS	4.03275783942025e-30	4.81857831455564e-30	5.4186994542932	1.64273129306188	4.3525160459444e-16	1	1	2	9.62566807726242e-08	1	0	6.18599343361014	-1.65313439362914
FBN1	ITGB1	R-HSA-3000170	REACTOME_SYNDECAN_INTERACTIONS	4.12143739106723e-30	4.92282799488586e-30	6.40013831890023	1.64273129306188	3.19451091238149e-14	1	3	7	0.000361191318072339	1	0	1.72756032766282	-1.65313439362914
L1CAM	EGFR	R-HSA-9665348	REACTOME_SIGNALING_BY_ERBB2_ECD_MUTANTS	5.13778809843063e-30	6.13467235633508e-30	5.38418252448028	2.93967772399715	1.30182866760621e-21	1	7	14	0.0334704470619978	1	0	4.78903995096595	-4.97288082913192
TGFB2	TGFBR3	R-HSA-1502540	REACTOME_SIGNALING_BY_ACTIVIN	5.95803269335653e-30	7.11160043898212e-30	6.5137576516326	1.231627940706	8.29055262965906e-14	1	6	12	0.00190635045105705	1	0	5.93110784303411	5.3195988464643
LAMB2	ITGB1	R-HSA-210991	REACTOME_BASIGIN_INTERACTIONS	6.06188757831999e-30	7.23305351003148e-30	11.7077824357821	1.64273129306188	4.67297919260249e-19	1	2	4	0.000148024664544872	1	0	-5.4770692126764	-1.65313439362914
COL18A1	ITGA3	R-HSA-8874081	REACTOME_MET_ACTIVATES_PTK2_SIGNALING	6.28507998610995e-30	7.49676669633087e-30	6.26939471434587	4.13720289413487	4.4648787824108e-20	1	2	4	0.000327729827104814	1	0	0.323040890532106	4.28443713596128
COL5A1	ITGB1	R-HSA-9830369	REACTOME_KIDNEY_DEVELOPMENT	6.35553797595052e-30	7.57818046352505e-30	17.6910136130676	1.64273129306188	6.93378239852596e-21	1	2	5	0.00368233539143385	1	0	5.13171509336827	-1.65313439362914
NID1	ITGA3	R-HSA-8875878	REACTOME_MET_PROMOTES_CELL_MOTILITY	6.45475164932819e-30	7.6938134697467e-30	1.19124771367259	4.13720289413487	3.71429271673218e-11	1	5	10	0.000306459730668725	1	0	6.87787345437884	4.28443713596128
TNC	ITGB1	R-HSA-3000171	REACTOME_NON_INTEGRIN_MEMBRANE_ECM_INTERACTIONS	6.55439090160567e-30	7.80987346779477e-30	8.5066015717972	1.64273129306188	1.40743103613461e-11	1	5	10	0.000361191318072339	1	0	7.35469947673216	-1.65313439362914
JAM3	ITGB1	R-HSA-2129379	REACTOME_MOLECULES_ASSOCIATED_WITH_ELASTIC_FIBRES	6.74743269261324e-30	8.03617159485088e-30	7.72682422564567	1.64273129306188	1.96180679693249e-14	1	4	8	0.000361191318072339	1	0	4.56577146203116	-1.65313439362914
NPNT	ITGB1	R-HSA-3000171	REACTOME_NON_INTEGRIN_MEMBRANE_ECM_INTERACTIONS	6.74898248183843e-30	8.03617159485088e-30	8.21361350158779	1.64273129306188	1.4492158844144e-11	1	5	10	0.000361191318072339	1	0	-1.10868581470011	-1.65313439362914
WNT7A	LRP6	R-HSA-4791275	REACTOME_SIGNALING_BY_WNT_IN_CANCER	8.17205428116722e-30	9.72728952498797e-30	11.792973304359	1.83737033179993	3.44317276789683e-19	1	6	12	0.0117843784167109	1	0	-2.56298607630723	-0.192774737109088
COL2A1	ITGB1	R-HSA-210991	REACTOME_BASIGIN_INTERACTIONS	8.6771662686782e-30	1.03249574418032e-29	12.5798279320328	1.64273129306188	6.68904147435922e-19	1	2	4	0.000148024664544872	1	0	5.28155360459047	-1.65313439362914
COL4A3	ITGB1	R-HSA-416700	REACTOME_OTHER_SEMAPHORIN_INTERACTIONS	8.92625853729826e-30	1.06176795879343e-29	10.9133221434925	1.64273129306188	9.63402343033426e-16	1	1	2	9.62566807726242e-08	1	0	4.45925716993137	-1.65313439362914
COL1A1	ITGB1	R-HSA-9830369	REACTOME_KIDNEY_DEVELOPMENT	9.40374726898904e-30	1.11817803682414e-29	11.8865981117298	1.64273129306188	1.02593262034834e-20	1	2	5	0.00368233539143385	1	0	-1.97991822679722	-1.65313439362914
LAMA5	ITGB1	R-HSA-416700	REACTOME_OTHER_SEMAPHORIN_INTERACTIONS	9.63370228118125e-30	1.14512563397593e-29	4.79474119253631	1.64273129306188	1.03975605355764e-15	1	1	2	9.62566807726242e-08	1	0	7.7539223096356	-1.65313439362914
FBN1	ITGB1	R-HSA-2129379	REACTOME_MOLECULES_ASSOCIATED_WITH_ELASTIC_FIBRES	1.09871917055318e-29	1.30555922165905e-29	6.40013831890023	1.64273129306188	3.19451091238149e-14	1	4	8	0.000361191318072339	1	0	1.72756032766282	-1.65313439362914
EFEMP1	EGFR	R-HSA-9665348	REACTOME_SIGNALING_BY_ERBB2_ECD_MUTANTS	1.24309483898995e-29	1.47660436675602e-29	11.9073822111131	2.93967772399715	3.14979221981685e-21	1	7	14	0.0334704470619978	1	0	3.20088563659098	-4.97288082913192
SLIT2	SDC1	R-HSA-449836	REACTOME_OTHER_INTERLEUKIN_SIGNALING	1.2645672676886e-29	1.50159178489775e-29	6.43545090641173	7.03887851379973	8.76323536233891e-19	1	1	2	3.79873265481635e-06	1	0	2.55777934270203	4.20001468766753
EFNB1	ERBB2	R-HSA-9665348	REACTOME_SIGNALING_BY_ERBB2_ECD_MUTANTS	1.27506017058164e-29	1.51352898095267e-29	2.06677780171612	5.2615892882842	3.23078696743656e-21	1	7	14	0.0334704470619978	1	0	-1.46243435061172	-6.34615646135939
COL4A6	ITGB1	R-HSA-8874081	REACTOME_MET_ACTIVATES_PTK2_SIGNALING	1.4528775489043e-29	1.72400785382228e-29	9.53524221853406	1.64273129306188	8.40043231312356e-17	1	3	6	0.000327729827104814	1	0	1.77832375144824	-1.65313439362914
NID1	ITGB3	R-HSA-445144	REACTOME_SIGNAL_TRANSDUCTION_BY_L1	1.48004606550564e-29	1.75564085011704e-29	1.19124771367259	2.33558859980003	4.19104811461619e-06	1	7	13	0.000154057837573892	1	0	6.87787345437884	5.81058030327552
COL6A2	ITGB1	R-HSA-3000170	REACTOME_SYNDECAN_INTERACTIONS	1.68254673784439e-29	1.99516055780238e-29	2.61520749325399	1.64273129306188	1.30413576736245e-13	1	3	7	0.000361191318072339	1	0	-3.31955637394197	-1.65313439362914
CDH1	EGFR	R-HSA-2179392	REACTOME_EGFR_TRANSACTIVATION_BY_GASTRIN	1.68627552474332e-29	1.99889310996452e-29	14.3704771513226	2.93967772399715	5.72574762232922e-27	1	3	6	0.124745628956051	1	0	5.40152618533464	-4.97288082913192
LAMB2	ITGB4	R-HSA-3000157	REACTOME_LAMININ_INTERACTIONS	2.07720530494495e-29	2.46144893179835e-29	11.7077824357821	6.44412418959411	1.31197927085759e-26	1	1	2	0.0397902094200085	1	0	-5.4770692126764	5.77953524166907
LAMA1	ITGB1	R-HSA-8874081	REACTOME_MET_ACTIVATES_PTK2_SIGNALING	2.08035548087358e-29	2.46433293877587e-29	17.5342897380052	1.64273129306188	1.20284640763385e-16	1	3	6	0.000327729827104814	1	0	-6.27074375530701	-1.65313439362914
COMP	ITGB1	R-HSA-9830369	REACTOME_KIDNEY_DEVELOPMENT	2.40866984577254e-29	2.85226308759296e-29	10.1255608464429	1.64273129306188	2.6278172900037e-20	1	2	5	0.00368233539143385	1	0	4.50469248937221	-1.65313439362914
COL1A2	ITGB1	R-HSA-9830369	REACTOME_KIDNEY_DEVELOPMENT	2.52274240696733e-29	2.98631585683676e-29	14.0547056107493	1.64273129306188	2.75226848830669e-20	1	2	5	0.00368233539143385	1	0	-0.973544102787729	-1.65313439362914
LTBP1	ITGB1	R-HSA-3000171	REACTOME_NON_INTEGRIN_MEMBRANE_ECM_INTERACTIONS	3.13236486815341e-29	3.70668563689293e-29	2.6298897401509	1.64273129306188	6.72615899496749e-11	1	5	10	0.000361191318072339	1	0	7.03079313325193	-1.65313439362914
RND1	ERBB2	R-HSA-8866910	REACTOME_TFAP2_AP_2_FAMILY_REGULATES_TRANSCRIPTION_OF_GROWTH_FACTORS_AND_THEIR_RECEPTORS	3.42385991801565e-29	4.05023319049994e-29	4.60833105105072	5.2615892882842	2.81137084807974e-23	1	2	5	0.0223158174310419	1	0	-6.26577098121408	-6.34615646135939
S100B	APP	R-HSA-933542	REACTOME_TRAF6_MEDIATED_NF_KB_ACTIVATION	3.61790455792127e-29	4.2783058367993e-29	2.91530553230702	1.07409823105059	4.17732978317162e-10	1	9	17	0.00248602860245463	1	0	5.98997946985497	-6.19605749258721
FN1	ITGB1	R-HSA-3000171	REACTOME_NON_INTEGRIN_MEMBRANE_ECM_INTERACTIONS	4.07309215301837e-29	4.81492680631725e-29	4.37912027588558	1.64273129306188	8.74619227820244e-11	1	5	10	0.000361191318072339	1	0	3.43264151330902	-1.65313439362914
FGF2	FGFR2	R-HSA-5654696	REACTOME_DOWNSTREAM_SIGNALING_OF_ACTIVATED_FGFR2	4.20469662605003e-29	4.96879298990453e-29	1.22084110229944	12.4089683634966	1.30876234129358e-21	1	6	12	0.0334704470619978	1	0	5.86272009779499	5.89402827446816
COL3A1	ITGB1	R-HSA-210991	REACTOME_BASIGIN_INTERACTIONS	4.27431742223551e-29	5.04933102077272e-29	15.038080980152	1.64273129306188	3.29497967730712e-18	1	2	4	0.000148024664544872	1	0	-4.39983829722896	-1.65313439362914
COL2A1	ITGA1	R-HSA-3000157	REACTOME_LAMININ_INTERACTIONS	4.34571778993843e-29	5.1283942358107e-29	12.5798279320328	4.23950504367085	9.5395529106669e-23	1	1	2	0.000674942458940906	1	0	5.28155360459047	-3.47079627706584
COL2A1	ITGA1	R-HSA-416700	REACTOME_OTHER_SEMAPHORIN_INTERACTIONS	4.34571778993843e-29	5.1283942358107e-29	12.5798279320328	4.23950504367085	9.5395529106669e-23	1	1	2	0.000674942458940906	1	0	5.28155360459047	-3.47079627706584
DCN	MET	R-HSA-9022699	REACTOME_MECP2_REGULATES_NEURONAL_RECEPTORS_AND_CHANNELS	4.34338710820324e-29	5.1283942358107e-29	12.4299900158892	2.64032224114379	8.8202129025133e-15	1	4	8	0.000615128563977824	1	0	-3.32916132851479	11.2515502894158
COL6A2	ITGB1	R-HSA-2129379	REACTOME_MOLECULES_ASSOCIATED_WITH_ELASTIC_FIBRES	4.48544083243406e-29	5.29146655129395e-29	2.61520749325399	1.64273129306188	1.30413576736245e-13	1	4	8	0.000361191318072339	1	0	-3.31955637394197	-1.65313439362914
LAMB1	ITGB1	R-HSA-416700	REACTOME_OTHER_SEMAPHORIN_INTERACTIONS	4.97079033413594e-29	5.86202219726692e-29	6.55387519617198	1.64273129306188	5.36492533195653e-15	1	1	2	9.62566807726242e-08	1	0	0.951831469888455	-1.65313439362914
ANXA1	EGFR	R-HSA-5637810	REACTOME_CONSTITUTIVE_SIGNALING_BY_EGFRVIII	5.59139914183572e-29	6.59164257982003e-29	3.78540835500689	2.93967772399715	1.45445490355854e-15	1	7	13	0.00419605243373027	1	0	5.66002539089596	-4.97288082913192
THBS1	ITGB3	R-HSA-216083	REACTOME_INTEGRIN_CELL_SURFACE_INTERACTIONS	6.05641374541871e-29	7.13739749374456e-29	10.1171572475629	2.33558859980003	2.13752817950321e-12	1	4	8	0.000219215237415202	1	0	3.36324076136934	5.81058030327552
COL4A5	ITGB1	R-HSA-8874081	REACTOME_MET_ACTIVATES_PTK2_SIGNALING	7.5277945332875e-29	8.86836068305102e-29	5.4186994542932	1.64273129306188	4.3525160459444e-16	1	3	6	0.000327729827104814	1	0	6.18599343361014	-1.65313439362914
WNT5A	FZD6	R-HSA-5340588	REACTOME_SIGNALING_BY_RNF43_MUTANTS	7.59134856389038e-29	8.94017085237346e-29	4.8259126929938	3.88259018375091	1.99731326840687e-16	1	1	3	7.24365207012853e-05	1	0	-0.0541399739889715	-5.2745376762407
FBLN1	ITGB1	R-HSA-416700	REACTOME_OTHER_SEMAPHORIN_INTERACTIONS	7.81607124769883e-29	9.20167183165092e-29	8.92010857076818	1.64273129306188	8.43580916000264e-15	1	1	2	9.62566807726242e-08	1	0	6.20654076664142	-1.65313439362914
THBS1	SDC1	R-HSA-449836	REACTOME_OTHER_INTERLEUKIN_SIGNALING	8.52266328273605e-29	1.00300929499186e-28	10.1171572475629	7.03887851379973	5.90606021276296e-18	1	1	2	3.79873265481635e-06	1	0	3.36324076136934	4.20001468766753
COL4A4	ITGB3	R-HSA-210990	REACTOME_PECAM1_INTERACTIONS	8.7024537278792e-29	1.02381808563285e-28	4.75297522418188	2.33558859980003	1.25159617577315e-09	1	4	9	0.000306459730668725	1	0	-5.54509567223867	5.81058030327552
COL18A1	ITGB1	R-HSA-416700	REACTOME_OTHER_SEMAPHORIN_INTERACTIONS	8.72262903252123e-29	1.02584081613241e-28	6.26939471434587	1.64273129306188	9.41424809983805e-15	1	1	2	9.62566807726242e-08	1	0	0.323040890532106	-1.65313439362914
TNC	EGFR	R-HSA-5637810	REACTOME_CONSTITUTIVE_SIGNALING_BY_EGFRVIII	8.99486781087842e-29	1.05749642069111e-28	8.5066015717972	2.93967772399715	2.33977744434425e-15	1	7	13	0.00419605243373027	1	0	7.35469947673216	-4.97288082913192
SEMA5A	MET	R-HSA-9022699	REACTOME_MECP2_REGULATES_NEURONAL_RECEPTORS_AND_CHANNELS	1.00781625188169e-28	1.18445094174001e-28	16.1408444326762	2.64032224114379	2.04659490088295e-14	1	4	8	0.000615128563977824	1	0	-4.27209030279128	11.2515502894158
L1CAM	ITGB1	R-HSA-210991	REACTOME_BASIGIN_INTERACTIONS	1.01582859821233e-28	1.19345982850082e-28	5.38418252448028	1.64273129306188	7.83080491244005e-18	1	2	4	0.000148024664544872	1	0	4.78903995096595	-1.65313439362914
LUM	ITGB1	R-HSA-3000157	REACTOME_LAMININ_INTERACTIONS	1.06107920987352e-28	1.24619750152438e-28	11.828176566468	1.64273129306188	5.41903844093848e-23	1	3	7	0.0397902094200085	1	0	4.04840561928604	-1.65313439362914
HSPG2	SDC1	R-HSA-449836	REACTOME_OTHER_INTERLEUKIN_SIGNALING	1.13893714437023e-28	1.33718217632546e-28	3.51948105940521	7.03887851379973	7.8926400469542e-18	1	1	2	3.79873265481635e-06	1	0	4.65016389182664	4.20001468766753
RND1	PLXNB1	R-HSA-416550	REACTOME_SEMA4D_MEDIATED_INHIBITION_OF_CELL_ATTACHMENT_AND_MIGRATION	1.27067039103842e-28	1.49133611230712e-28	4.60833105105072	1.13851846452977	2.20349926659905e-15	1	2	5	0.000327729827104814	1	0	-6.26577098121408	0.76015544151647
L1CAM	EGFR	R-HSA-1963640	REACTOME_GRB2_EVENTS_IN_ERBB2_SIGNALING	1.408967257582e-28	1.65252211595025e-28	5.38418252448028	2.93967772399715	1.30182866760621e-21	1	4	9	0.0334704470619978	1	0	4.78903995096595	-4.97288082913192
LGALS3BP	ITGB1	R-HSA-3000170	REACTOME_SYNDECAN_INTERACTIONS	1.40853822197528e-28	1.65252211595025e-28	5.08385796896564	1.64273129306188	1.09175277789221e-12	1	3	7	0.000361191318072339	1	0	5.6845059272368	-1.65313439362914
LAMA3	ITGB1	R-HSA-3000171	REACTOME_NON_INTEGRIN_MEMBRANE_ECM_INTERACTIONS	1.42600614128518e-28	1.67193630743729e-28	1.52751187044421	1.64273129306188	3.06207751580951e-10	1	5	10	0.000361191318072339	1	0	-6.34615646135939	-1.65313439362914
LAMA3	ITGB4	R-HSA-446107	REACTOME_TYPE_I_HEMIDESMOSOME_ASSEMBLY	1.43002770478117e-28	1.676080171873e-28	1.52751187044421	6.44412418959411	8.59704711046187e-18	1	2	5	0.00135090150767073	1	0	-6.34615646135939	5.77953524166907
COL4A1	ITGB1	R-HSA-210991	REACTOME_BASIGIN_INTERACTIONS	1.47368218478354e-28	1.72665760070007e-28	11.3294445506569	1.64273129306188	1.13603000666519e-17	1	2	4	0.000148024664544872	1	0	4.78373488091513	-1.65313439362914
COL4A3	ITGB1	R-HSA-8874081	REACTOME_MET_ACTIVATES_PTK2_SIGNALING	1.66623047788668e-28	1.95159443102832e-28	10.9133221434925	1.64273129306188	9.63402343033426e-16	1	3	6	0.000327729827104814	1	0	4.45925716993137	-1.65313439362914
DCN	MET	R-HSA-416550	REACTOME_SEMA4D_MEDIATED_INHIBITION_OF_CELL_ATTACHMENT_AND_MIGRATION	1.73255262256072e-28	2.02858441851902e-28	12.4299900158892	2.64032224114379	8.8202129025133e-15	1	2	5	0.00025036930823499	1	0	-3.32916132851479	11.2515502894158
LAMA5	ITGB1	R-HSA-8874081	REACTOME_MET_ACTIVATES_PTK2_SIGNALING	1.79828629080344e-28	2.10483322230821e-28	4.79474119253631	1.64273129306188	1.03975605355764e-15	1	3	6	0.000327729827104814	1	0	7.7539223096356	-1.65313439362914
JAM3	ITGB1	R-HSA-416700	REACTOME_OTHER_SEMAPHORIN_INTERACTIONS	1.81768238330316e-28	2.1268120403275e-28	7.72682422564567	1.64273129306188	1.96180679693249e-14	1	1	2	9.62566807726242e-08	1	0	4.56577146203116	-1.65313439362914
IL6ST	LIFR	R-HSA-6788467	REACTOME_IL_6_TYPE_CYTOKINE_RECEPTOR_LIGAND_INTERACTIONS	1.82756001187108e-28	2.13764244843133e-28	3.9101638262986	4.22297917264392	1.21724672684135e-10	1	2	5	2.34089961429915e-05	1	0	5.79722245224878	-5.27350647587817
TNC	ITGB3	R-HSA-216083	REACTOME_INTEGRIN_CELL_SURFACE_INTERACTIONS	2.13403414811761e-28	2.49526766469224e-28	8.5066015717972	2.33558859980003	7.53178088447811e-12	1	4	8	0.000219215237415202	1	0	7.35469947673216	5.81058030327552
SEMA4D	ERBB2	R-HSA-1306955	REACTOME_GRB7_EVENTS_IN_ERBB2_SIGNALING	2.31444025286207e-28	2.7052920386835e-28	1.01462714481266	5.2615892882842	9.29463665321184e-17	1	1	2	1.57799919931014e-06	1	0	7.0765425972243	-6.34615646135939
RND1	MET	R-HSA-9022699	REACTOME_MECP2_REGULATES_NEURONAL_RECEPTORS_AND_CHANNELS	2.63728666480744e-28	3.0816121355087e-28	4.60833105105072	2.64032224114379	5.35559674720856e-14	1	4	8	0.000615128563977824	1	0	-6.26577098121408	11.2515502894158
LAMA3	COL17A1	R-HSA-446107	REACTOME_TYPE_I_HEMIDESMOSOME_ASSEMBLY	2.67718963765689e-28	3.12717567183012e-28	1.52751187044421	8.8967105526396	1.60947409351755e-17	1	2	5	0.00135090150767073	1	0	-6.34615646135939	-0.580402338253546
COL5A2	ITGB1	R-HSA-210991	REACTOME_BASIGIN_INTERACTIONS	2.84137792965975e-28	3.31783437814987e-28	9.21695136128872	1.64273129306188	2.19035733871194e-17	1	2	4	0.000148024664544872	1	0	4.91888270579576	-1.65313439362914
FBN1	ITGB1	R-HSA-416700	REACTOME_OTHER_SEMAPHORIN_INTERACTIONS	2.95982571667343e-28	3.45497131501751e-28	6.40013831890023	1.64273129306188	3.19451091238149e-14	1	1	2	9.62566807726242e-08	1	0	1.72756032766282	-1.65313439362914
TNC	SDC1	R-HSA-449836	REACTOME_OTHER_INTERLEUKIN_SIGNALING	3.00304028799629e-28	3.50422611625076e-28	8.5066015717972	7.03887851379973	2.08105567166854e-17	1	1	2	3.79873265481635e-06	1	0	7.35469947673216	4.20001468766753
EFEMP1	EGFR	R-HSA-1963640	REACTOME_GRB2_EVENTS_IN_ERBB2_SIGNALING	3.40901549976537e-28	3.97660675455845e-28	11.9073822111131	2.93967772399715	3.14979221981685e-21	1	4	9	0.0334704470619978	1	0	3.20088563659098	-4.97288082913192
EFNB1	ERBB2	R-HSA-1963640	REACTOME_GRB2_EVENTS_IN_ERBB2_SIGNALING	3.49667599632067e-28	4.07747980587902e-28	2.06677780171612	5.2615892882842	3.23078696743656e-21	1	4	9	0.0334704470619978	1	0	-1.46243435061172	-6.34615646135939
HSPG2	PTPRS	R-HSA-8849932	REACTOME_SYNAPTIC_ADHESION_LIKE_MOLECULES	3.71863386980195e-28	4.3348358224733e-28	3.51948105940521	1.78074089539144	1.00131927312496e-14	1	2	4	2.10177344171161e-05	1	0	4.65016389182664	-1.72999426532377
LGALS3BP	ITGB1	R-HSA-2129379	REACTOME_MOLECULES_ASSOCIATED_WITH_ELASTIC_FIBRES	3.75497138521469e-28	4.3757119123098e-28	5.08385796896564	1.64273129306188	1.09175277789221e-12	1	4	8	0.000361191318072339	1	0	5.6845059272368	-1.65313439362914
FGF2	TGFBR3	R-HSA-5654736	REACTOME_SIGNALING_BY_FGFR1	3.88158198472742e-28	4.52172097103363e-28	1.22084110229944	1.231627940706	5.91210589889478e-07	1	14	27	0.00930836082512228	1	0	5.86272009779499	5.3195988464643
SEMA5A	MET	R-HSA-416550	REACTOME_SEMA4D_MEDIATED_INHIBITION_OF_CELL_ATTACHMENT_AND_MIGRATION	4.0201221921001e-28	4.68152347353566e-28	16.1408444326762	2.64032224114379	2.04659490088295e-14	1	2	5	0.00025036930823499	1	0	-4.27209030279128	11.2515502894158
L1CAM	EGFR	R-HSA-8857538	REACTOME_PTK6_PROMOTES_HIF1A_STABILIZATION	4.27873175746283e-28	4.98099399176722e-28	5.38418252448028	2.93967772399715	1.30182866760621e-21	1	2	4	0.00435218202700177	1	0	4.78903995096595	-4.97288082913192
LAMB2	ITGB1	R-HSA-9830369	REACTOME_KIDNEY_DEVELOPMENT	4.2832749879381e-28	4.98459606174122e-28	11.7077824357821	1.64273129306188	4.67297919260249e-19	1	2	5	0.00368233539143385	1	0	-5.4770692126764	-1.65313439362914
LAMA1	ITGA6	R-HSA-446107	REACTOME_TYPE_I_HEMIDESMOSOME_ASSEMBLY	4.38806100220541e-28	5.10481225823017e-28	17.5342897380052	1.21558443268924	2.63801652467377e-17	1	2	5	0.00135090150767073	1	0	-6.27074375530701	-4.68122835464662
LIF	LIFR	R-HSA-6788467	REACTOME_IL_6_TYPE_CYTOKINE_RECEPTOR_LIGAND_INTERACTIONS	4.65465855292459e-28	5.41312556526727e-28	4.9622342686641	4.22297917264392	3.10023629938737e-10	1	2	5	2.34089961429915e-05	1	0	-6.20163825687765	-5.27350647587817
COL11A1	ITGB1	R-HSA-3000170	REACTOME_SYNDECAN_INTERACTIONS	4.9910224975813e-28	5.80233774642774e-28	8.7209722535565	1.64273129306188	3.86852311939072e-12	1	3	7	0.000361191318072339	1	0	5.2194090555208	-1.65313439362914
THBS1	ITGB1	R-HSA-3000170	REACTOME_SYNDECAN_INTERACTIONS	5.15330238126267e-28	5.98897303768364e-28	10.1171572475629	1.64273129306188	3.99430565836698e-12	1	3	7	0.000361191318072339	1	0	3.36324076136934	-1.65313439362914
COL2A1	ITGB1	R-HSA-9830369	REACTOME_KIDNEY_DEVELOPMENT	6.13120727902215e-28	7.12305067201493e-28	12.5798279320328	1.64273129306188	6.68904147435922e-19	1	2	5	0.00368233539143385	1	0	5.28155360459047	-1.65313439362914
HSPG2	ITGB1	R-HSA-3000170	REACTOME_SYNDECAN_INTERACTIONS	6.88668237085084e-28	7.99803759477613e-28	3.51948105940521	1.64273129306188	5.33784209156493e-12	1	3	7	0.000361191318072339	1	0	4.65016389182664	-1.65313439362914
COL4A1	ITGA1	R-HSA-3000157	REACTOME_LAMININ_INTERACTIONS	7.38052803050038e-28	8.56579501515563e-28	11.3294445506569	4.23950504367085	1.62014518795101e-21	1	1	2	0.000674942458940906	1	0	4.78373488091513	-3.47079627706584
COL4A1	ITGA1	R-HSA-416700	REACTOME_OTHER_SEMAPHORIN_INTERACTIONS	7.38052803050038e-28	8.56579501515563e-28	11.3294445506569	4.23950504367085	1.62014518795101e-21	1	1	2	0.000674942458940906	1	0	4.78373488091513	-3.47079627706584
IL6ST	IL27RA	R-HSA-8984722	REACTOME_INTERLEUKIN_35_SIGNALLING	8.90380566696957e-28	1.03267334775372e-27	3.9101638262986	1.48456103851326	1.97683089393407e-10	1	3	6	2.34089961429915e-05	1	0	5.79722245224878	0.70610543655146
IL6ST	IL27RA	R-HSA-9020956	REACTOME_INTERLEUKIN_27_SIGNALING	8.90380566696957e-28	1.03267334775372e-27	3.9101638262986	1.48456103851326	1.97683089393407e-10	1	3	6	2.34089961429915e-05	1	0	5.79722245224878	0.70610543655146
LAMB1	ITGB1	R-HSA-8874081	REACTOME_MET_ACTIVATES_PTK2_SIGNALING	9.27878384802946e-28	1.07580102585849e-27	6.55387519617198	1.64273129306188	5.36492533195653e-15	1	3	6	0.000327729827104814	1	0	0.951831469888455	-1.65313439362914
LTBP1	ITGB3	R-HSA-216083	REACTOME_INTEGRIN_CELL_SURFACE_INTERACTIONS	1.01986190530164e-27	1.18205018673775e-27	2.6298897401509	2.33558859980003	3.59946274052546e-11	1	4	8	0.000219215237415202	1	0	7.03079313325193	5.81058030327552
EFEMP1	EGFR	R-HSA-8857538	REACTOME_PTK6_PROMOTES_HIF1A_STABILIZATION	1.03524498543432e-27	1.19947549676459e-27	11.9073822111131	2.93967772399715	3.14979221981685e-21	1	2	4	0.00435218202700177	1	0	3.20088563659098	-4.97288082913192
LAMC1	ITGB1	R-HSA-3000170	REACTOME_SYNDECAN_INTERACTIONS	1.03818217957233e-27	1.20247363559893e-27	3.23766986137765	1.64273129306188	8.04691176159058e-12	1	3	7	0.000361191318072339	1	0	5.42501182058629	-1.65313439362914
RND1	MET	R-HSA-416550	REACTOME_SEMA4D_MEDIATED_INHIBITION_OF_CELL_ATTACHMENT_AND_MIGRATION	1.05199877738891e-27	1.21806657496393e-27	4.60833105105072	2.64032224114379	5.35559674720856e-14	1	2	5	0.00025036930823499	1	0	-6.26577098121408	11.2515502894158
TCN2	LRP2	R-HSA-196741	REACTOME_COBALAMIN_CBL_VITAMIN_B12_TRANSPORT_AND_METABOLISM	1.07985833062169e-27	1.24990331673574e-27	6.65623901091562	7.99094933267061	7.1274405683323e-17	1	5	10	0.00647610187641329	1	0	6.17196521483511	8.87156702386971
COL4A4	ITGB1	R-HSA-3000171	REACTOME_NON_INTEGRIN_MEMBRANE_ECM_INTERACTIONS	1.0891780725961e-27	1.26026658921311e-27	4.75297522418188	1.64273129306188	2.33880317219634e-09	1	5	10	0.000361191318072339	1	0	-5.54509567223867	-1.65313439362914
COL4A6	ITGB1	R-HSA-210991	REACTOME_BASIGIN_INTERACTIONS	1.08972187105078e-27	1.26047183470568e-27	9.53524221853406	1.64273129306188	8.40043231312356e-17	1	2	4	0.000148024664544872	1	0	1.77832375144824	-1.65313439362914
ANXA1	EGFR	R-HSA-212718	REACTOME_EGFR_INTERACTS_WITH_PHOSPHOLIPASE_C_GAMMA	1.10979251862082e-27	1.28325588707752e-27	3.78540835500689	2.93967772399715	1.45445490355854e-15	1	1	3	9.13791633757528e-05	1	0	5.66002539089596	-4.97288082913192
MFGE8	ITGB3	R-HSA-216083	REACTOME_INTEGRIN_CELL_SURFACE_INTERACTIONS	1.12881295985005e-27	1.30481067939656e-27	2.73317240377774	2.33558859980003	3.98399054703467e-11	1	4	8	0.000219215237415202	1	0	7.14954233744459	5.81058030327552
LAMB2	ITGA3	R-HSA-210991	REACTOME_BASIGIN_INTERACTIONS	1.1350268499476e-27	1.31155269191124e-27	11.7077824357821	4.13720289413487	2.21624557016475e-24	1	1	3	0.0800072638319114	1	0	-5.4770692126764	4.28443713596128
HSPG2	LRP2	R-HSA-196741	REACTOME_COBALAMIN_CBL_VITAMIN_B12_TRANSPORT_AND_METABOLISM	1.18933940836091e-27	1.37385076049749e-27	3.51948105940521	7.99094933267061	7.85005376009606e-17	1	5	10	0.00647610187641329	1	0	4.65016389182664	8.87156702386971
COL6A2	ITGB1	R-HSA-416700	REACTOME_OTHER_SEMAPHORIN_INTERACTIONS	1.20832724887936e-27	1.39484756246477e-27	2.61520749325399	1.64273129306188	1.30413576736245e-13	1	1	2	9.62566807726242e-08	1	0	-3.31955637394197	-1.65313439362914
DCN	EGFR	R-HSA-8864260	REACTOME_TRANSCRIPTIONAL_REGULATION_BY_THE_AP_2_TFAP2_FAMILY_OF_TRANSCRIPTION_FACTORS	1.20827988965722e-27	1.39484756246477e-27	12.4299900158892	2.93967772399715	3.0197937025404e-18	1	7	13	0.0158702739459816	1	0	-3.32916132851479	-4.97288082913192
FN1	ITGB3	R-HSA-216083	REACTOME_INTEGRIN_CELL_SURFACE_INTERACTIONS	1.32615186879405e-27	1.53034633634738e-27	4.37912027588558	2.33558859980003	4.68047116495695e-11	1	4	8	0.000219215237415202	1	0	3.43264151330902	5.81058030327552
COL11A1	ITGB1	R-HSA-2129379	REACTOME_MOLECULES_ASSOCIATED_WITH_ELASTIC_FIBRES	1.33053873647097e-27	1.53489378050306e-27	8.7209722535565	1.64273129306188	3.86852311939072e-12	1	4	8	0.000361191318072339	1	0	5.2194090555208	-1.65313439362914
THBS1	ITGB1	R-HSA-2129379	REACTOME_MOLECULES_ASSOCIATED_WITH_ELASTIC_FIBRES	1.37380034699119e-27	1.5842685865403e-27	10.1171572475629	1.64273129306188	3.99430565836698e-12	1	4	8	0.000361191318072339	1	0	3.36324076136934	-1.65313439362914
COL5A2	ITGA1	R-HSA-3000157	REACTOME_LAMININ_INTERACTIONS	1.42302524055952e-27	1.63993528560294e-27	9.21695136128872	4.23950504367085	3.12377039460825e-21	1	1	2	0.000674942458940906	1	0	4.91888270579576	-3.47079627706584
COL5A2	ITGA1	R-HSA-416700	REACTOME_OTHER_SEMAPHORIN_INTERACTIONS	1.42302524055952e-27	1.63993528560294e-27	9.21695136128872	4.23950504367085	3.12377039460825e-21	1	1	2	0.000674942458940906	1	0	4.91888270579576	-3.47079627706584
FBLN1	ITGB1	R-HSA-8874081	REACTOME_MET_ACTIVATES_PTK2_SIGNALING	1.45899607050721e-27	1.68082601558767e-27	8.92010857076818	1.64273129306188	8.43580916000264e-15	1	3	6	0.000327729827104814	1	0	6.20654076664142	-1.65313439362914
DCN	EGFR	R-HSA-1236382	REACTOME_CONSTITUTIVE_SIGNALING_BY_LIGAND_RESPONSIVE_EGFR_CANCER_VARIANTS	1.47048916392139e-27	1.69349940538653e-27	12.4299900158892	2.93967772399715	3.0197937025404e-18	1	8	16	0.0334704470619978	1	0	-3.32916132851479	-4.97288082913192
WNT7A	LRP6	R-HSA-4641262	REACTOME_DISASSEMBLY_OF_THE_DESTRUCTION_COMPLEX_AND_RECRUITMENT_OF_AXIN_TO_THE_MEMBRANE	1.55060899703767e-27	1.7851723392937e-27	11.792973304359	1.83737033179993	3.44317276789683e-19	1	6	12	0.0251444257851206	1	0	-2.56298607630723	-0.192774737109088
LAMA1	ITGB1	R-HSA-210991	REACTOME_BASIGIN_INTERACTIONS	1.56035783523395e-27	1.79579489903137e-27	17.5342897380052	1.64273129306188	1.20284640763385e-16	1	2	4	0.000148024664544872	1	0	-6.27074375530701	-1.65313439362914
NID1	ITGB1	R-HSA-8875878	REACTOME_MET_PROMOTES_CELL_MOTILITY	1.5725657970185e-27	1.80923957917848e-27	1.19124771367259	1.64273129306188	7.83162877534108e-06	1	6	12	0.000306459730668725	1	0	6.87787345437884	-1.65313439362914
L1CAM	EGFR	R-HSA-8866910	REACTOME_TFAP2_AP_2_FAMILY_REGULATES_TRANSCRIPTION_OF_GROWTH_FACTORS_AND_THEIR_RECEPTORS	1.58544682861213e-27	1.82344937827673e-27	5.38418252448028	2.93967772399715	1.30182866760621e-21	1	2	5	0.0223158174310419	1	0	4.78903995096595	-4.97288082913192
COL18A1	ITGB1	R-HSA-8874081	REACTOME_MET_ACTIVATES_PTK2_SIGNALING	1.62821973848912e-27	1.87201734639124e-27	6.26939471434587	1.64273129306188	9.41424809983805e-15	1	3	6	0.000327729827104814	1	0	0.323040890532106	-1.65313439362914
TNC	EGFR	R-HSA-212718	REACTOME_EGFR_INTERACTS_WITH_PHOSPHOLIPASE_C_GAMMA	1.78532005125621e-27	2.05195488684309e-27	8.5066015717972	2.93967772399715	2.33977744434425e-15	1	1	3	9.13791633757528e-05	1	0	7.35469947673216	-4.97288082913192
TNC	ITGB1	R-HSA-3000170	REACTOME_SYNDECAN_INTERACTIONS	1.81581439436979e-27	2.08630645178092e-27	8.5066015717972	1.64273129306188	1.40743103613461e-11	1	3	7	0.000361191318072339	1	0	7.35469947673216	-1.65313439362914
HSPG2	ITGB1	R-HSA-2129379	REACTOME_MOLECULES_ASSOCIATED_WITH_ELASTIC_FIBRES	1.83589588398554e-27	2.10867507209024e-27	3.51948105940521	1.64273129306188	5.33784209156493e-12	1	4	8	0.000361191318072339	1	0	4.65016389182664	-1.65313439362914
NPNT	ITGB1	R-HSA-3000170	REACTOME_SYNDECAN_INTERACTIONS	1.86972362830383e-27	2.14681217669065e-27	8.21361350158779	1.64273129306188	1.4492158844144e-11	1	3	7	0.000361191318072339	1	0	-1.10868581470011	-1.65313439362914
THBS1	ITGA3	R-HSA-8874081	REACTOME_MET_ACTIVATES_PTK2_SIGNALING	2.66665274651514e-27	3.06082263864267e-27	10.1171572475629	4.13720289413487	1.89437227438407e-17	1	2	4	0.000327729827104814	1	0	3.36324076136934	4.28443713596128
LAMC1	ITGB1	R-HSA-2129379	REACTOME_MOLECULES_ASSOCIATED_WITH_ELASTIC_FIBRES	2.76765253233031e-27	3.17569203175993e-27	3.23766986137765	1.64273129306188	8.04691176159058e-12	1	4	8	0.000361191318072339	1	0	5.42501182058629	-1.65313439362914
COL3A1	ITGB1	R-HSA-9830369	REACTOME_KIDNEY_DEVELOPMENT	3.02019406804033e-27	3.46431063489788e-27	15.038080980152	1.64273129306188	3.29497967730712e-18	1	2	5	0.00368233539143385	1	0	-4.39983829722896	-1.65313439362914
DCN	EGFR	R-HSA-9013507	REACTOME_NOTCH3_ACTIVATION_AND_TRANSMISSION_OF_SIGNAL_TO_THE_NUCLEUS	3.12923609362513e-27	3.58819072069015e-27	12.4299900158892	2.93967772399715	3.0197937025404e-18	1	5	10	0.0131468061354451	1	0	-3.32916132851479	-4.97288082913192
AGRN	ITGB1	R-HSA-3000171	REACTOME_NON_INTEGRIN_MEMBRANE_ECM_INTERACTIONS	3.3468736572768e-27	3.83646963713168e-27	1.11546551296964	1.64273129306188	7.18677590333947e-09	1	5	10	0.000361191318072339	1	0	5.51142825962013	-1.65313439362914
JAM3	ITGB1	R-HSA-8874081	REACTOME_MET_ACTIVATES_PTK2_SIGNALING	3.39299805570512e-27	3.8880457400485e-27	7.72682422564567	1.64273129306188	1.96180679693249e-14	1	3	6	0.000327729827104814	1	0	4.56577146203116	-1.65313439362914
LAMA5	ITGA6	R-HSA-446107	REACTOME_TYPE_I_HEMIDESMOSOME_ASSEMBLY	3.79309690868871e-27	4.34507271591381e-27	4.79474119253631	1.21558443268924	2.28033573821803e-16	1	2	5	0.00135090150767073	1	0	7.7539223096356	-4.68122835464662
EFEMP1	EGFR	R-HSA-8866910	REACTOME_TFAP2_AP_2_FAMILY_REGULATES_TRANSCRIPTION_OF_GROWTH_FACTORS_AND_THEIR_RECEPTORS	3.8360102292711e-27	4.39276803884573e-27	11.9073822111131	2.93967772399715	3.14979221981685e-21	1	2	5	0.0223158174310419	1	0	3.20088563659098	-4.97288082913192
EFNB1	ERBB2	R-HSA-8866910	REACTOME_TFAP2_AP_2_FAMILY_REGULATES_TRANSCRIPTION_OF_GROWTH_FACTORS_AND_THEIR_RECEPTORS	3.93465060257309e-27	4.50422564820347e-27	2.06677780171612	5.2615892882842	3.23078696743656e-21	1	2	5	0.0223158174310419	1	0	-1.46243435061172	-6.34615646135939
CTNND1	AMOT	R-HSA-9762292	REACTOME_REGULATION_OF_CDH11_FUNCTION	3.96954526501168e-27	4.54265991737863e-27	5.90259123188141	3.86072235799454	1.23336773095862e-23	1	1	2	0.0179400681495927	1	0	4.61019086615155	3.634392783995
WNT5A	FZD6	R-HSA-4791275	REACTOME_SIGNALING_BY_WNT_IN_CANCER	4.74043957308783e-27	5.42305025986768e-27	4.8259126929938	3.88259018375091	1.99731326840687e-16	1	6	12	0.0117843784167109	1	0	-0.0541399739889715	-5.2745376762407
TNC	ITGB1	R-HSA-2129379	REACTOME_MOLECULES_ASSOCIATED_WITH_ELASTIC_FIBRES	4.84071428474104e-27	5.53592325116661e-27	8.5066015717972	1.64273129306188	1.40743103613461e-11	1	4	8	0.000361191318072339	1	0	7.35469947673216	-1.65313439362914
NPNT	ITGB1	R-HSA-2129379	REACTOME_MOLECULES_ASSOCIATED_WITH_ELASTIC_FIBRES	4.98442897253793e-27	5.69838340496194e-27	8.21361350158779	1.64273129306188	1.4492158844144e-11	1	4	8	0.000361191318072339	1	0	-1.10868581470011	-1.65313439362914
RND1	SEMA4D	R-HSA-416550	REACTOME_SEMA4D_MEDIATED_INHIBITION_OF_CELL_ATTACHMENT_AND_MIGRATION	5.20163298036906e-27	5.94472340613607e-27	4.60833105105072	1.01462714481266	8.82872684525134e-14	1	3	6	0.00025036930823499	1	0	-6.26577098121408	7.0765425972243
LAMA1	ITGB4	R-HSA-3000157	REACTOME_LAMININ_INTERACTIONS	5.34682230754704e-27	6.10862462237191e-27	17.5342897380052	6.44412418959411	3.37709518445822e-24	1	1	2	0.0397902094200085	1	0	-6.27074375530701	5.77953524166907
LAMC1	ITGA3	R-HSA-8874081	REACTOME_MET_ACTIVATES_PTK2_SIGNALING	5.37222766241265e-27	6.13561193847925e-27	3.23766986137765	4.13720289413487	3.81639459755429e-17	1	2	4	0.000327729827104814	1	0	5.42501182058629	4.28443713596128
COL4A6	ITGA1	R-HSA-3000157	REACTOME_LAMININ_INTERACTIONS	5.45756941203774e-27	6.22894451805236e-27	9.53524221853406	4.23950504367085	1.19802469203848e-20	1	1	2	0.000674942458940906	1	0	1.77832375144824	-3.47079627706584
COL4A6	ITGA1	R-HSA-416700	REACTOME_OTHER_SEMAPHORIN_INTERACTIONS	5.45756941203774e-27	6.22894451805236e-27	9.53524221853406	4.23950504367085	1.19802469203848e-20	1	1	2	0.000674942458940906	1	0	1.77832375144824	-3.47079627706584
FBN1	ITGB1	R-HSA-8874081	REACTOME_MET_ACTIVATES_PTK2_SIGNALING	5.52499325192833e-27	6.30380656273083e-27	6.40013831890023	1.64273129306188	3.19451091238149e-14	1	3	6	0.000327729827104814	1	0	1.72756032766282	-1.65313439362914
COL4A5	ITGB1	R-HSA-210991	REACTOME_BASIGIN_INTERACTIONS	5.64617599734158e-27	6.43993548768403e-27	5.4186994542932	1.64273129306188	4.3525160459444e-16	1	2	4	0.000148024664544872	1	0	6.18599343361014	-1.65313439362914
SEMA4D	MET	R-HSA-8875656	REACTOME_MET_RECEPTOR_RECYCLING	5.76552261465412e-27	6.57388060802459e-27	1.01462714481266	2.64032224114379	1.77060688597618e-07	1	2	4	2.01164898238392e-07	1	0	7.0765425972243	11.2515502894158
RND1	ERBB2	R-HSA-9634285	REACTOME_CONSTITUTIVE_SIGNALING_BY_OVEREXPRESSED_ERBB2	6.34461512761517e-27	7.23176807123797e-27	4.60833105105072	5.2615892882842	2.81137084807974e-23	1	4	9	0.124745628956051	1	0	-6.26577098121408	-6.34615646135939
L1CAM	ITGB1	R-HSA-9830369	REACTOME_KIDNEY_DEVELOPMENT	7.17775308522126e-27	8.17869182284237e-27	5.38418252448028	1.64273129306188	7.83080491244005e-18	1	2	5	0.00368233539143385	1	0	4.78903995096595	-1.65313439362914
LAMA1	ITGA1	R-HSA-3000157	REACTOME_LAMININ_INTERACTIONS	7.81461895886767e-27	8.89847375653916e-27	17.5342897380052	4.23950504367085	1.71543516257357e-20	1	1	2	0.000674942458940906	1	0	-6.27074375530701	-3.47079627706584
LAMA1	ITGA1	R-HSA-416700	REACTOME_OTHER_SEMAPHORIN_INTERACTIONS	7.81461895886767e-27	8.89847375653916e-27	17.5342897380052	4.23950504367085	1.71543516257357e-20	1	1	2	0.000674942458940906	1	0	-6.27074375530701	-3.47079627706584
LTBP1	ITGB1	R-HSA-3000170	REACTOME_SYNDECAN_INTERACTIONS	8.67783643270013e-27	9.87814603854681e-27	2.6298897401509	1.64273129306188	6.72615899496749e-11	1	3	7	0.000361191318072339	1	0	7.03079313325193	-1.65313439362914
COMP	ITGB3	R-HSA-2129379	REACTOME_MOLECULES_ASSOCIATED_WITH_ELASTIC_FIBRES	9.40896128317742e-27	1.07068563725208e-26	10.1255608464429	2.33558859980003	1.40626030864776e-20	1	3	7	0.0320145196412365	1	0	4.50469248937221	5.81058030327552
COL1A2	ITGB3	R-HSA-2129379	REACTOME_MOLECULES_ASSOCIATED_WITH_ELASTIC_FIBRES	9.85456171016763e-27	1.12102157020425e-26	14.0547056107493	2.33558859980003	1.47285960426961e-20	1	3	7	0.0320145196412365	1	0	-0.973544102787729	5.81058030327552
LGALS3BP	ITGB1	R-HSA-416700	REACTOME_OTHER_SEMAPHORIN_INTERACTIONS	1.01154700574994e-26	1.1503212230677e-26	5.08385796896564	1.64273129306188	1.09175277789221e-12	1	1	2	9.62566807726242e-08	1	0	5.6845059272368	-1.65313439362914
COL4A1	ITGB1	R-HSA-9830369	REACTOME_KIDNEY_DEVELOPMENT	1.04129051565201e-26	1.18375392394015e-26	11.3294445506569	1.64273129306188	1.13603000666519e-17	1	2	5	0.00368233539143385	1	0	4.78373488091513	-1.65313439362914
CLCF1	LIFR	R-HSA-6788467	REACTOME_IL_6_TYPE_CYTOKINE_RECEPTOR_LIGAND_INTERACTIONS	1.0543697801135e-26	1.198226641424e-26	1.99763232565619	4.22297917264392	7.02263211816285e-09	1	2	5	2.34089961429915e-05	1	0	6.19877985208826	-5.27350647587817
FN1	ITGB1	R-HSA-3000170	REACTOME_SYNDECAN_INTERACTIONS	1.12840071214452e-26	1.28193475884318e-26	4.37912027588558	1.64273129306188	8.74619227820244e-11	1	3	7	0.000361191318072339	1	0	3.43264151330902	-1.65313439362914
DCN	EGFR	R-HSA-9665348	REACTOME_SIGNALING_BY_ERBB2_ECD_MUTANTS	1.19178971324674e-26	1.35350168820362e-26	12.4299900158892	2.93967772399715	3.0197937025404e-18	1	7	14	0.0334704470619978	1	0	-3.32916132851479	-4.97288082913192
COL4A3	ITGB1	R-HSA-210991	REACTOME_BASIGIN_INTERACTIONS	1.24974592341513e-26	1.41885345760662e-26	10.9133221434925	1.64273129306188	9.63402343033426e-16	1	2	4	0.000148024664544872	1	0	4.45925716993137	-1.65313439362914
LAMA5	ITGB1	R-HSA-210991	REACTOME_BASIGIN_INTERACTIONS	1.348793573813e-26	1.5307983813648e-26	4.79474119253631	1.64273129306188	1.03975605355764e-15	1	2	4	0.000148024664544872	1	0	7.7539223096356	-1.65313439362914
RND1	PLXNA2	R-HSA-416700	REACTOME_OTHER_SEMAPHORIN_INTERACTIONS	1.35123073100915e-26	1.5330586130183e-26	4.60833105105072	7.07489410790799	1.66894790684717e-23	1	1	3	0.093202789537583	1	0	-6.26577098121408	-3.0282877715324
COL5A1	ITGB1	R-HSA-3000157	REACTOME_LAMININ_INTERACTIONS	1.35767487701908e-26	1.53986204317364e-26	17.6910136130676	1.64273129306188	6.93378239852596e-21	1	3	7	0.0397902094200085	1	0	5.13171509336827	-1.65313439362914
LAMA3	CD151	R-HSA-446107	REACTOME_TYPE_I_HEMIDESMOSOME_ASSEMBLY	1.80210284270314e-26	2.04325437669703e-26	1.52751187044421	1.66198423914077	1.08338901301125e-15	1	2	5	0.00135090150767073	1	0	-6.34615646135939	4.41472398449643
LAMB1	ITGA6	R-HSA-446107	REACTOME_TYPE_I_HEMIDESMOSOME_ASSEMBLY	1.9571592415703e-26	2.21832876145036e-26	6.55387519617198	1.21558443268924	1.17660588995585e-15	1	2	5	0.00135090150767073	1	0	0.951831469888455	-4.68122835464662
COL5A2	ITGB1	R-HSA-9830369	REACTOME_KIDNEY_DEVELOPMENT	2.00769197055348e-26	2.27485519720157e-26	9.21695136128872	1.64273129306188	2.19035733871194e-17	1	2	5	0.00368233539143385	1	0	4.91888270579576	-1.65313439362914
COL1A1	ITGB1	R-HSA-3000157	REACTOME_LAMININ_INTERACTIONS	2.00883567453372e-26	2.27540162015015e-26	11.8865981117298	1.64273129306188	1.02593262034834e-20	1	3	7	0.0397902094200085	1	0	-1.97991822679722	-1.65313439362914
COL6A2	ITGB1	R-HSA-8874081	REACTOME_MET_ACTIVATES_PTK2_SIGNALING	2.25553817529595e-26	2.55399977716197e-26	2.61520749325399	1.64273129306188	1.30413576736245e-13	1	3	6	0.000327729827104814	1	0	-3.31955637394197	-1.65313439362914
LTBP1	ITGB1	R-HSA-2129379	REACTOME_MOLECULES_ASSOCIATED_WITH_ELASTIC_FIBRES	2.31339320310857e-26	2.61864844313704e-26	2.6298897401509	1.64273129306188	6.72615899496749e-11	1	4	8	0.000361191318072339	1	0	7.03079313325193	-1.65313439362914
COL4A5	ITGA1	R-HSA-3000157	REACTOME_LAMININ_INTERACTIONS	2.82773047294717e-26	3.19874805226514e-26	5.4186994542932	4.23950504367085	6.20732541037067e-20	1	1	2	0.000674942458940906	1	0	6.18599343361014	-3.47079627706584
COL4A5	ITGA1	R-HSA-416700	REACTOME_OTHER_SEMAPHORIN_INTERACTIONS	2.82773047294717e-26	3.19874805226514e-26	5.4186994542932	4.23950504367085	6.20732541037067e-20	1	1	2	0.000674942458940906	1	0	6.18599343361014	-3.47079627706584
FN1	ITGB1	R-HSA-2129379	REACTOME_MOLECULES_ASSOCIATED_WITH_ELASTIC_FIBRES	3.00816287343383e-26	3.40173579375818e-26	4.37912027588558	1.64273129306188	8.74619227820244e-11	1	4	8	0.000361191318072339	1	0	3.43264151330902	-1.65313439362914
LAMA1	ITGA6	R-HSA-3000157	REACTOME_LAMININ_INTERACTIONS	3.24278273886639e-26	3.66584706595478e-26	17.5342897380052	1.21558443268924	2.63801652467377e-17	1	2	4	0.000674942458940906	1	0	-6.27074375530701	-4.68122835464662
COL4A4	ITGB3	R-HSA-216083	REACTOME_INTEGRIN_CELL_SURFACE_INTERACTIONS	3.54623829306791e-26	4.00757546917004e-26	4.75297522418188	2.33558859980003	1.25159617577315e-09	1	4	8	0.000219215237415202	1	0	-5.54509567223867	5.81058030327552
COL11A1	ITGB1	R-HSA-416700	REACTOME_OTHER_SEMAPHORIN_INTERACTIONS	3.5843215216261e-26	4.04928276991585e-26	8.7209722535565	1.64273129306188	3.86852311939072e-12	1	1	2	9.62566807726242e-08	1	0	5.2194090555208	-1.65313439362914
THBS1	ITGB1	R-HSA-416700	REACTOME_OTHER_SEMAPHORIN_INTERACTIONS	3.70086342859766e-26	4.17956999158764e-26	10.1171572475629	1.64273129306188	3.99430565836698e-12	1	1	2	9.62566807726242e-08	1	0	3.36324076136934	-1.65313439362914
SEMA4D	ERBB2	R-HSA-8864260	REACTOME_TRANSCRIPTIONAL_REGULATION_BY_THE_AP_2_TFAP2_FAMILY_OF_TRANSCRIPTION_FACTORS	3.71897012047514e-26	4.19864037231194e-26	1.01462714481266	5.2615892882842	9.29463665321184e-17	1	7	13	0.0158702739459816	1	0	7.0765425972243	-6.34615646135939
LAMA3	ITGB1	R-HSA-3000170	REACTOME_SYNDECAN_INTERACTIONS	3.95057682197596e-26	4.45865625577339e-26	1.52751187044421	1.64273129306188	3.06207751580951e-10	1	3	7	0.000361191318072339	1	0	-6.34615646135939	-1.65313439362914
LAMA5	ITGB4	R-HSA-3000157	REACTOME_LAMININ_INTERACTIONS	4.62186263041271e-26	5.21456459449647e-26	4.79474119253631	6.44412418959411	2.91920492857277e-23	1	1	2	0.0397902094200085	1	0	7.7539223096356	5.77953524166907
HSPG2	ITGB1	R-HSA-416700	REACTOME_OTHER_SEMAPHORIN_INTERACTIONS	4.9456967678278e-26	5.57809733814021e-26	3.51948105940521	1.64273129306188	5.33784209156493e-12	1	1	2	9.62566807726242e-08	1	0	4.65016389182664	-1.65313439362914
COMP	ITGB1	R-HSA-3000157	REACTOME_LAMININ_INTERACTIONS	5.14541892285638e-26	5.80145561934642e-26	10.1255608464429	1.64273129306188	2.6278172900037e-20	1	3	7	0.0397902094200085	1	0	4.50469248937221	-1.65313439362914
COL1A2	ITGB1	R-HSA-3000157	REACTOME_LAMININ_INTERACTIONS	5.38910159940938e-26	6.07421674376418e-26	14.0547056107493	1.64273129306188	2.75226848830669e-20	1	3	7	0.0397902094200085	1	0	-0.973544102787729	-1.65313439362914
FN1	ITGA3	R-HSA-8874081	REACTOME_MET_ACTIVATES_PTK2_SIGNALING	5.8390768396411e-26	6.57924150945475e-26	4.37912027588558	4.13720289413487	4.14804113039076e-16	1	2	4	0.000327729827104814	1	0	3.43264151330902	4.28443713596128
COL16A1	ITGB1	R-HSA-447041	REACTOME_CHL1_INTERACTIONS	6.17446579840238e-26	6.95258996612248e-26	12.9334956641832	1.64273129306188	1.41417537656979e-24	1	1	3	0.352126496802676	1	0	5.80814713736568	-1.65313439362914
COL16A1	ITGB1	R-HSA-75892	REACTOME_PLATELET_ADHESION_TO_EXPOSED_COLLAGEN	6.17446579840238e-26	6.95258996612248e-26	12.9334956641832	1.64273129306188	1.41417537656979e-24	1	1	3	0.352126496802676	1	0	5.80814713736568	-1.65313439362914
COL4A3	ITGA1	R-HSA-3000157	REACTOME_LAMININ_INTERACTIONS	6.25900544500628e-26	7.04317263029821e-26	10.9133221434925	4.23950504367085	1.37395285421043e-19	1	1	2	0.000674942458940906	1	0	4.45925716993137	-3.47079627706584
COL4A3	ITGA1	R-HSA-416700	REACTOME_OTHER_SEMAPHORIN_INTERACTIONS	6.25900544500628e-26	7.04317263029821e-26	10.9133221434925	4.23950504367085	1.37395285421043e-19	1	1	2	0.000674942458940906	1	0	4.45925716993137	-3.47079627706584
LAMB1	ITGB1	R-HSA-210991	REACTOME_BASIGIN_INTERACTIONS	6.95949476511354e-26	7.82886265271111e-26	6.55387519617198	1.64273129306188	5.36492533195653e-15	1	2	4	0.000148024664544872	1	0	0.951831469888455	-1.65313439362914
LAMC1	ITGB1	R-HSA-416700	REACTOME_OTHER_SEMAPHORIN_INTERACTIONS	7.45574425163003e-26	8.38436097600762e-26	3.23766986137765	1.64273129306188	8.04691176159058e-12	1	1	2	9.62566807726242e-08	1	0	5.42501182058629	-1.65313439362914
COL4A6	ITGB1	R-HSA-9830369	REACTOME_KIDNEY_DEVELOPMENT	7.69987627413986e-26	8.65607005981736e-26	9.53524221853406	1.64273129306188	8.40043231312356e-17	1	2	5	0.00368233539143385	1	0	1.77832375144824	-1.65313439362914
RND1	PLXNB1	R-HSA-9013405	REACTOME_RHOD_GTPASE_CYCLE	8.12792466911143e-26	9.13428972941631e-26	4.60833105105072	1.13851846452977	2.20349926659905e-15	1	1	2	6.0734209020726e-06	1	0	-6.26577098121408	0.76015544151647
COL17A1	ITGA6	R-HSA-446107	REACTOME_TYPE_I_HEMIDESMOSOME_ASSEMBLY	8.73501770749355e-26	9.81334451788955e-26	8.8967105526396	1.21558443268924	5.25132194928573e-15	1	2	5	0.00135090150767073	1	0	-0.580402338253546	-4.68122835464662
LAMA3	ITGB1	R-HSA-2129379	REACTOME_MOLECULES_ASSOCIATED_WITH_ELASTIC_FIBRES	1.05317006597159e-25	1.1827962869547e-25	1.52751187044421	1.64273129306188	3.06207751580951e-10	1	4	8	0.000361191318072339	1	0	-6.34615646135939	-1.65313439362914
FBLN1	ITGB1	R-HSA-210991	REACTOME_BASIGIN_INTERACTIONS	1.09431103055305e-25	1.22859985153476e-25	8.92010857076818	1.64273129306188	8.43580916000264e-15	1	2	4	0.000148024664544872	1	0	6.20654076664142	-1.65313439362914
LAMA1	ITGB1	R-HSA-9830369	REACTOME_KIDNEY_DEVELOPMENT	1.10253474706356e-25	1.23742888414312e-25	17.5342897380052	1.64273129306188	1.20284640763385e-16	1	2	5	0.00368233539143385	1	0	-6.27074375530701	-1.65313439362914
COL18A1	ITGB1	R-HSA-210991	REACTOME_BASIGIN_INTERACTIONS	1.22123620207794e-25	1.37020630631054e-25	6.26939471434587	1.64273129306188	9.41424809983805e-15	1	2	4	0.000148024664544872	1	0	0.323040890532106	-1.65313439362914
SEMA3A	PLXNA2	R-HSA-416700	REACTOME_OTHER_SEMAPHORIN_INTERACTIONS	1.24869140128739e-25	1.40055377255579e-25	4.20253760071897	7.07489410790799	1.54229833044148e-22	1	1	3	0.093202789537583	1	0	5.0148145673612	-3.0282877715324
TNC	ITGB1	R-HSA-416700	REACTOME_OTHER_SEMAPHORIN_INTERACTIONS	1.30403391613084e-25	1.46215015367996e-25	8.5066015717972	1.64273129306188	1.40743103613461e-11	1	1	2	9.62566807726242e-08	1	0	7.35469947673216	-1.65313439362914
TGFB2	TGFBR2	R-HSA-3304349	REACTOME_LOSS_OF_FUNCTION_OF_SMAD2_3_IN_CANCER	1.3312956500843e-25	1.4917449629609e-25	6.5137576516326	1.28180263600969	6.7405902021547e-16	1	3	6	0.00190635045105705	1	0	5.93110784303411	2.03987526573383
TGFB2	TGFBR2	R-HSA-3304351	REACTOME_SIGNALING_BY_TGF_BETA_RECEPTOR_COMPLEX_IN_CANCER	1.3312956500843e-25	1.4917449629609e-25	6.5137576516326	1.28180263600969	6.7405902021547e-16	1	3	6	0.00190635045105705	1	0	5.93110784303411	2.03987526573383
NPNT	ITGB1	R-HSA-416700	REACTOME_OTHER_SEMAPHORIN_INTERACTIONS	1.34274903462566e-25	1.50408879163539e-25	8.21361350158779	1.64273129306188	1.4492158844144e-11	1	1	2	9.62566807726242e-08	1	0	-1.10868581470011	-1.65313439362914
L1CAM	EGFR	R-HSA-180336	REACTOME_SHC1_EVENTS_IN_EGFR_SIGNALING	1.67603489018378e-25	1.87680990307038e-25	5.38418252448028	2.93967772399715	1.30182866760621e-21	1	4	8	0.0775684949930508	1	0	4.78903995096595	-4.97288082913192
LGALS3BP	ITGB1	R-HSA-8874081	REACTOME_MET_ACTIVATES_PTK2_SIGNALING	1.88821603559078e-25	2.11372052145535e-25	5.08385796896564	1.64273129306188	1.09175277789221e-12	1	3	6	0.000327729827104814	1	0	5.6845059272368	-1.65313439362914
LAMA3	ITGA3	R-HSA-8874081	REACTOME_MET_ACTIVATES_PTK2_SIGNALING	2.04428456807535e-25	2.2876834463823e-25	1.52751187044421	4.13720289413487	1.45224608332451e-15	1	2	4	0.000327729827104814	1	0	-6.34615646135939	4.28443713596128
WNT5A	LRP2	R-HSA-196741	REACTOME_COBALAMIN_CBL_VITAMIN_B12_TRANSPORT_AND_METABOLISM	2.32165076358791e-25	2.59722882170484e-25	4.8259126929938	7.99094933267061	1.5323702534544e-14	1	5	10	0.00647610187641329	1	0	-0.0541399739889715	8.87156702386971
IL6ST	OSMR	R-HSA-6788467	REACTOME_IL_6_TYPE_CYTOKINE_RECEPTOR_LIGAND_INTERACTIONS	2.38125822747689e-25	2.66304561200277e-25	3.9101638262986	2.866615816183	4.64093789633264e-12	1	2	4	2.34089961429915e-05	1	0	5.79722245224878	8.56321197074903
LAMB1	ITGB4	R-HSA-3000157	REACTOME_LAMININ_INTERACTIONS	2.38478514473488e-25	2.66612313873513e-25	6.55387519617198	6.44412418959411	1.50624912611813e-22	1	1	2	0.0397902094200085	1	0	0.951831469888455	5.77953524166907
JAM3	ITGB1	R-HSA-210991	REACTOME_BASIGIN_INTERACTIONS	2.54489732635975e-25	2.84419974096086e-25	7.72682422564567	1.64273129306188	1.96180679693249e-14	1	2	4	0.000148024664544872	1	0	4.56577146203116	-1.65313439362914
LAMA5	ITGA6	R-HSA-3000157	REACTOME_LAMININ_INTERACTIONS	2.80310350657414e-25	3.13175578519489e-25	4.79474119253631	1.21558443268924	2.28033573821803e-16	1	2	4	0.000674942458940906	1	0	7.7539223096356	-4.68122835464662
NID1	ITGB3	R-HSA-210990	REACTOME_PECAM1_INTERACTIONS	2.91407108736431e-25	3.25467679887443e-25	1.19124771367259	2.33558859980003	4.19104811461619e-06	1	4	9	0.000306459730668725	1	0	6.87787345437884	5.81058030327552
LAMA1	ITGA3	R-HSA-210991	REACTOME_BASIGIN_INTERACTIONS	2.92161148756817e-25	3.2620394408421e-25	17.5342897380052	4.13720289413487	5.70471836623451e-22	1	1	3	0.0800072638319114	1	0	-6.27074375530701	4.28443713596128
COL4A4	ITGB1	R-HSA-3000170	REACTOME_SYNDECAN_INTERACTIONS	3.01743556638869e-25	3.36793586903864e-25	4.75297522418188	1.64273129306188	2.33880317219634e-09	1	3	7	0.000361191318072339	1	0	-5.54509567223867	-1.65313439362914
S100B	APP	R-HSA-622312	REACTOME_INFLAMMASOMES	3.17524363959348e-25	3.54292511196937e-25	2.91530553230702	1.07409823105059	4.17732978317162e-10	1	4	9	0.00144444888212579	1	0	5.98997946985497	-6.19605749258721
DCN	EGFR	R-HSA-1963640	REACTOME_GRB2_EVENTS_IN_ERBB2_SIGNALING	3.2683182951835e-25	3.6455949855484e-25	12.4299900158892	2.93967772399715	3.0197937025404e-18	1	4	9	0.0334704470619978	1	0	-3.32916132851479	-4.97288082913192
LAMB1	ITGA1	R-HSA-3000157	REACTOME_LAMININ_INTERACTIONS	3.4854697113398e-25	3.8852935213898e-25	6.55387519617198	4.23950504367085	7.65116934349389e-19	1	1	2	0.000674942458940906	1	0	0.951831469888455	-3.47079627706584
LAMB1	ITGA1	R-HSA-416700	REACTOME_OTHER_SEMAPHORIN_INTERACTIONS	3.4854697113398e-25	3.8852935213898e-25	6.55387519617198	4.23950504367085	7.65116934349389e-19	1	1	2	0.000674942458940906	1	0	0.951831469888455	-3.47079627706584
SEMA4D	ERBB2	R-HSA-9665348	REACTOME_SIGNALING_BY_ERBB2_ECD_MUTANTS	3.66821493214759e-25	4.08767715146994e-25	1.01462714481266	5.2615892882842	9.29463665321184e-17	1	7	14	0.0334704470619978	1	0	7.0765425972243	-6.34615646135939
COL4A5	ITGB1	R-HSA-9830369	REACTOME_KIDNEY_DEVELOPMENT	3.98953694116711e-25	4.44430281010844e-25	5.4186994542932	1.64273129306188	4.3525160459444e-16	1	2	5	0.00368233539143385	1	0	6.18599343361014	-1.65313439362914
WNT2	LRP6	R-HSA-4791275	REACTOME_SIGNALING_BY_WNT_IN_CANCER	4.02205505268095e-25	4.47907717100112e-25	14.5622583700428	1.83737033179993	1.69463270212088e-14	1	6	12	0.0117843784167109	1	0	-3.11640413984048	-0.192774737109088
EFEMP1	EGFR	R-HSA-180336	REACTOME_SHC1_EVENTS_IN_EGFR_SIGNALING	4.05518927997625e-25	4.5145149265755e-25	11.9073822111131	2.93967772399715	3.14979221981685e-21	1	4	8	0.0775684949930508	1	0	3.20088563659098	-4.97288082913192
FBN1	ITGB1	R-HSA-210991	REACTOME_BASIGIN_INTERACTIONS	4.14398721253203e-25	4.6118783601133e-25	6.40013831890023	1.64273129306188	3.19451091238149e-14	1	2	4	0.000148024664544872	1	0	1.72756032766282	-1.65313439362914
AGRN	PTPRS	R-HSA-8849932	REACTOME_SYNAPTIC_ADHESION_LIKE_MOLECULES	5.00670267692381e-25	5.57019961468884e-25	1.11546551296964	1.78074089539144	1.34815850678979e-11	1	2	4	2.10177344171161e-05	1	0	5.51142825962013	-1.72999426532377
ANXA1	EGFR	R-HSA-8864260	REACTOME_TRANSCRIPTIONAL_REGULATION_BY_THE_AP_2_TFAP2_FAMILY_OF_TRANSCRIPTION_FACTORS	5.81956512097073e-25	6.47245522668585e-25	3.78540835500689	2.93967772399715	1.45445490355854e-15	1	7	13	0.0158702739459816	1	0	5.66002539089596	-4.97288082913192
LTBP1	ITGB1	R-HSA-416700	REACTOME_OTHER_SEMAPHORIN_INTERACTIONS	6.23202077368946e-25	6.92894358807102e-25	2.6298897401509	1.64273129306188	6.72615899496749e-11	1	1	2	9.62566807726242e-08	1	0	7.03079313325193	-1.65313439362914
COL11A1	ITGB1	R-HSA-8874081	REACTOME_MET_ACTIVATES_PTK2_SIGNALING	6.69071564185976e-25	7.4365304710816e-25	8.7209722535565	1.64273129306188	3.86852311939072e-12	1	3	6	0.000327729827104814	1	0	5.2194090555208	-1.65313439362914
THBS1	ITGB1	R-HSA-8874081	REACTOME_MET_ACTIVATES_PTK2_SIGNALING	6.90825995399866e-25	7.67584439333184e-25	10.1171572475629	1.64273129306188	3.99430565836698e-12	1	3	6	0.000327729827104814	1	0	3.36324076136934	-1.65313439362914
ANXA1	EGFR	R-HSA-1236382	REACTOME_CONSTITUTIVE_SIGNALING_BY_LIGAND_RESPONSIVE_EGFR_CANCER_VARIANTS	7.08247114130987e-25	7.86687140009879e-25	3.78540835500689	2.93967772399715	1.45445490355854e-15	1	8	16	0.0334704470619978	1	0	5.66002539089596	-4.97288082913192
EFNB1	ERBB2	R-HSA-9634285	REACTOME_CONSTITUTIVE_SIGNALING_BY_OVEREXPRESSED_ERBB2	7.29114050595667e-25	8.09603723062974e-25	2.06677780171612	5.2615892882842	3.23078696743656e-21	1	4	9	0.124745628956051	1	0	-1.46243435061172	-6.34615646135939
COL4A4	ITGB1	R-HSA-2129379	REACTOME_MOLECULES_ASSOCIATED_WITH_ELASTIC_FIBRES	8.04407294864123e-25	8.9292064999438e-25	4.75297522418188	1.64273129306188	2.33880317219634e-09	1	4	8	0.000361191318072339	1	0	-5.54509567223867	-1.65313439362914
FN1	ITGB1	R-HSA-416700	REACTOME_OTHER_SEMAPHORIN_INTERACTIONS	8.10365202624881e-25	8.99243966783739e-25	4.37912027588558	1.64273129306188	8.74619227820244e-11	1	1	2	9.62566807726242e-08	1	0	3.43264151330902	-1.65313439362914
FGF2	SDC4	R-HSA-3000170	REACTOME_SYNDECAN_INTERACTIONS	8.29994306109964e-25	9.20728930350944e-25	1.22084110229944	1.20804741852566	6.4332552371885e-09	1	3	7	0.000361191318072339	1	0	5.86272009779499	-4.21601081838777
COL4A3	ITGB1	R-HSA-9830369	REACTOME_KIDNEY_DEVELOPMENT	8.83059176845571e-25	9.79279035573424e-25	10.9133221434925	1.64273129306188	9.63402343033426e-16	1	2	5	0.00368233539143385	1	0	4.45925716993137	-1.65313439362914
LAMB2	ITGB1	R-HSA-3000157	REACTOME_LAMININ_INTERACTIONS	9.14996474648246e-25	1.01436927901707e-24	11.7077824357821	1.64273129306188	4.67297919260249e-19	1	3	7	0.0397902094200085	1	0	-5.4770692126764	-1.65313439362914
HSPG2	ITGB1	R-HSA-8874081	REACTOME_MET_ACTIVATES_PTK2_SIGNALING	9.23194264932703e-25	1.02312766474501e-24	3.51948105940521	1.64273129306188	5.33784209156493e-12	1	3	6	0.000327729827104814	1	0	4.65016389182664	-1.65313439362914
AGRN	ITGB1	R-HSA-3000170	REACTOME_SYNDECAN_INTERACTIONS	9.27210698027101e-25	1.02724792309605e-24	1.11546551296964	1.64273129306188	7.18677590333947e-09	1	3	7	0.000361191318072339	1	0	5.51142825962013	-1.65313439362914
TNC	EGFR	R-HSA-8864260	REACTOME_TRANSCRIPTIONAL_REGULATION_BY_THE_AP_2_TFAP2_FAMILY_OF_TRANSCRIPTION_FACTORS	9.36191776907285e-25	1.0368640413912e-24	8.5066015717972	2.93967772399715	2.33977744434425e-15	1	7	13	0.0158702739459816	1	0	7.35469947673216	-4.97288082913192
LAMA5	ITGB1	R-HSA-9830369	REACTOME_KIDNEY_DEVELOPMENT	9.53045351627255e-25	1.05519021873117e-24	4.79474119253631	1.64273129306188	1.03975605355764e-15	1	2	5	0.00368233539143385	1	0	7.7539223096356	-1.65313439362914
FGF2	FGFR3	R-HSA-5654710	REACTOME_PI_3K_CASCADE_FGFR3	9.55268181831363e-25	1.05731098632558e-24	1.22084110229944	4.05722087136925	4.09851165565448e-12	1	3	6	0.000353112685666113	1	0	5.86272009779499	-0.41857284145358
DCN	EGFR	R-HSA-8857538	REACTOME_PTK6_PROMOTES_HIF1A_STABILIZATION	9.92518258167158e-25	1.09818681508364e-24	12.4299900158892	2.93967772399715	3.0197937025404e-18	1	2	4	0.00435218202700177	1	0	-3.32916132851479	-4.97288082913192
COL17A1	ITGB4	R-HSA-3000157	REACTOME_LAMININ_INTERACTIONS	1.06435593105409e-24	1.17729402020131e-24	8.8967105526396	6.44412418959411	6.72255609511986e-22	1	1	2	0.0397902094200085	1	0	-0.580402338253546	5.77953524166907
TNC	EGFR	R-HSA-1236382	REACTOME_CONSTITUTIVE_SIGNALING_BY_LIGAND_RESPONSIVE_EGFR_CANCER_VARIANTS	1.13935510727156e-24	1.25984621311931e-24	8.5066015717972	2.93967772399715	2.33977744434425e-15	1	8	16	0.0334704470619978	1	0	7.35469947673216	-4.97288082913192
COL2A1	ITGB1	R-HSA-3000157	REACTOME_LAMININ_INTERACTIONS	1.30975318218911e-24	1.44779914740698e-24	12.5798279320328	1.64273129306188	6.68904147435922e-19	1	3	7	0.0397902094200085	1	0	5.28155360459047	-1.65313439362914
LAMC1	ITGB1	R-HSA-8874081	REACTOME_MET_ACTIVATES_PTK2_SIGNALING	1.39173521083723e-24	1.53792776269838e-24	3.23766986137765	1.64273129306188	8.04691176159058e-12	1	3	6	0.000327729827104814	1	0	5.42501182058629	-1.65313439362914
LAMB1	ITGA6	R-HSA-3000157	REACTOME_LAMININ_INTERACTIONS	1.44634320320233e-24	1.59775870873989e-24	6.55387519617198	1.21558443268924	1.17660588995585e-15	1	2	4	0.000674942458940906	1	0	0.951831469888455	-4.68122835464662
ANXA1	EGFR	R-HSA-9013507	REACTOME_NOTCH3_ACTIVATION_AND_TRANSMISSION_OF_SIGNAL_TO_THE_NUCLEUS	1.50716678988258e-24	1.66441533136311e-24	3.78540835500689	2.93967772399715	1.45445490355854e-15	1	5	10	0.0131468061354451	1	0	5.66002539089596	-4.97288082913192
DCN	MET	R-HSA-8851907	REACTOME_MET_ACTIVATES_PI3K_AKT_SIGNALING	1.55297329682922e-24	1.71445062294368e-24	12.4299900158892	2.64032224114379	8.8202129025133e-15	1	2	4	0.000353112685666113	1	0	-3.32916132851479	11.2515502894158
AGRN	LRP2	R-HSA-196741	REACTOME_COBALAMIN_CBL_VITAMIN_B12_TRANSPORT_AND_METABOLISM	1.60130548155542e-24	1.7672412115979e-24	1.11546551296964	7.99094933267061	1.0569173129368e-13	1	5	10	0.00647610187641329	1	0	5.51142825962013	8.87156702386971
COL6A2	ITGB1	R-HSA-210991	REACTOME_BASIGIN_INTERACTIONS	1.69175253789532e-24	1.86646206874916e-24	2.61520749325399	1.64273129306188	1.30413576736245e-13	1	2	4	0.000148024664544872	1	0	-3.31955637394197	-1.65313439362914
COL4A3	ITGA3	R-HSA-210991	REACTOME_BASIGIN_INTERACTIONS	2.34002224614311e-24	2.58085172386416e-24	10.9133221434925	4.13720289413487	4.56911123938702e-21	1	1	3	0.0800072638319114	1	0	4.45925716993137	4.28443713596128
LUM	ITGB1	R-HSA-447041	REACTOME_CHL1_INTERACTIONS	2.36601966546482e-24	2.60785249894232e-24	11.828176566468	1.64273129306188	5.41903844093848e-23	1	1	3	0.352126496802676	1	0	4.04840561928604	-1.65313439362914
LUM	ITGB1	R-HSA-75892	REACTOME_PLATELET_ADHESION_TO_EXPOSED_COLLAGEN	2.36601966546482e-24	2.60785249894232e-24	11.828176566468	1.64273129306188	5.41903844093848e-23	1	1	3	0.352126496802676	1	0	4.04840561928604	-1.65313439362914
TNC	EGFR	R-HSA-9013507	REACTOME_NOTCH3_ACTIVATION_AND_TRANSMISSION_OF_SIGNAL_TO_THE_NUCLEUS	2.42457490514422e-24	2.67153673084437e-24	8.5066015717972	2.93967772399715	2.33977744434425e-15	1	5	10	0.0131468061354451	1	0	7.35469947673216	-4.97288082913192
TNC	ITGB1	R-HSA-8874081	REACTOME_MET_ACTIVATES_PTK2_SIGNALING	2.43419014380553e-24	2.68127252471694e-24	8.5066015717972	1.64273129306188	1.40743103613461e-11	1	3	6	0.000327729827104814	1	0	7.35469947673216	-1.65313439362914
AGRN	ITGB1	R-HSA-2129379	REACTOME_MOLECULES_ASSOCIATED_WITH_ELASTIC_FIBRES	2.47181765097873e-24	2.72184786151307e-24	1.11546551296964	1.64273129306188	7.18677590333947e-09	1	4	8	0.000361191318072339	1	0	5.51142825962013	-1.65313439362914
NPNT	ITGB1	R-HSA-8874081	REACTOME_MET_ACTIVATES_PTK2_SIGNALING	2.50645817202979e-24	2.7591091557704e-24	8.21361350158779	1.64273129306188	1.4492158844144e-11	1	3	6	0.000327729827104814	1	0	-1.10868581470011	-1.65313439362914
LAMA5	ITGA3	R-HSA-210991	REACTOME_BASIGIN_INTERACTIONS	2.52547890658643e-24	2.77915784985839e-24	4.79474119253631	4.13720289413487	4.93123263077438e-21	1	1	3	0.0800072638319114	1	0	7.7539223096356	4.28443713596128
L1CAM	ITGB3	R-HSA-2129379	REACTOME_MOLECULES_ASSOCIATED_WITH_ELASTIC_FIBRES	2.80383801863029e-24	3.08449081678548e-24	5.38418252448028	2.33558859980003	4.19060722943674e-18	1	3	7	0.0320145196412365	1	0	4.78903995096595	5.81058030327552
LAMA3	ITGB1	R-HSA-416700	REACTOME_OTHER_SEMAPHORIN_INTERACTIONS	2.83712155829948e-24	3.12010810759278e-24	1.52751187044421	1.64273129306188	3.06207751580951e-10	1	1	2	9.62566807726242e-08	1	0	-6.34615646135939	-1.65313439362914
SEMA5A	MET	R-HSA-8851907	REACTOME_MET_ACTIVATES_PI3K_AKT_SIGNALING	3.60343595514843e-24	3.96159146235558e-24	16.1408444326762	2.64032224114379	2.04659490088295e-14	1	2	4	0.000353112685666113	1	0	-4.27209030279128	11.2515502894158
NID1	ITGB1	R-HSA-3000171	REACTOME_NON_INTEGRIN_MEMBRANE_ECM_INTERACTIONS	3.64718093263216e-24	4.00840332532097e-24	1.19124771367259	1.64273129306188	7.83162877534108e-06	1	5	10	0.000361191318072339	1	0	6.87787345437884	-1.65313439362914
DCN	EGFR	R-HSA-8866910	REACTOME_TFAP2_AP_2_FAMILY_REGULATES_TRANSCRIPTION_OF_GROWTH_FACTORS_AND_THEIR_RECEPTORS	3.67769005852296e-24	4.04064318151357e-24	12.4299900158892	2.93967772399715	3.0197937025404e-18	1	2	5	0.0223158174310419	1	0	-3.32916132851479	-4.97288082913192
L1CAM	EGFR	R-HSA-2179392	REACTOME_EGFR_TRANSACTIVATION_BY_GASTRIN	3.83398285148401e-24	4.21101564786238e-24	5.38418252448028	2.93967772399715	1.30182866760621e-21	1	3	6	0.124745628956051	1	0	4.78903995096595	-4.97288082913192
LAMB1	ITGB1	R-HSA-9830369	REACTOME_KIDNEY_DEVELOPMENT	4.91751611539428e-24	5.39765648913731e-24	6.55387519617198	1.64273129306188	5.36492533195653e-15	1	2	5	0.00368233539143385	1	0	0.951831469888455	-1.65313439362914
THBS1	LRP5	R-HSA-4791275	REACTOME_SIGNALING_BY_WNT_IN_CANCER	4.91639438108954e-24	5.39765648913731e-24	10.1171572475629	1.62670790509351	2.07144919340779e-13	1	6	12	0.0117843784167109	1	0	3.36324076136934	-5.92859293684736
ANXA1	EGFR	R-HSA-9665348	REACTOME_SIGNALING_BY_ERBB2_ECD_MUTANTS	5.74014175532627e-24	6.2985925481092e-24	3.78540835500689	2.93967772399715	1.45445490355854e-15	1	7	14	0.0334704470619978	1	0	5.66002539089596	-4.97288082913192
COL3A1	ITGB1	R-HSA-3000157	REACTOME_LAMININ_INTERACTIONS	6.45176163751453e-24	7.07718751053889e-24	15.038080980152	1.64273129306188	3.29497967730712e-18	1	3	7	0.0397902094200085	1	0	-4.39983829722896	-1.65313439362914
COL17A1	ITGA6	R-HSA-3000157	REACTOME_LAMININ_INTERACTIONS	6.45518934930851e-24	7.07869026510082e-24	8.8967105526396	1.21558443268924	5.25132194928573e-15	1	2	4	0.000674942458940906	1	0	-0.580402338253546	-4.68122835464662
HSPG2	PTPRS	R-HSA-388844	REACTOME_RECEPTOR_TYPE_TYROSINE_PROTEIN_PHOSPHATASES	7.56840208807321e-24	8.29678240375139e-24	3.51948105940521	1.78074089539144	1.00131927312496e-14	1	2	5	0.00350889693232256	1	0	4.65016389182664	-1.72999426532377
FBLN1	ITGB1	R-HSA-9830369	REACTOME_KIDNEY_DEVELOPMENT	7.73230286050882e-24	8.47375655946172e-24	8.92010857076818	1.64273129306188	8.43580916000264e-15	1	2	5	0.00368233539143385	1	0	6.20654076664142	-1.65313439362914
COL6A2	ITGA1	R-HSA-3000157	REACTOME_LAMININ_INTERACTIONS	8.47267284325656e-24	9.27920871722463e-24	2.61520749325399	4.23950504367085	1.85988862576743e-17	1	1	2	0.000674942458940906	1	0	-3.31955637394197	-3.47079627706584
COL6A2	ITGA1	R-HSA-416700	REACTOME_OTHER_SEMAPHORIN_INTERACTIONS	8.47267284325656e-24	9.27920871722463e-24	2.61520749325399	4.23950504367085	1.85988862576743e-17	1	1	2	0.000674942458940906	1	0	-3.31955637394197	-3.47079627706584
COL18A1	ITGB1	R-HSA-9830369	REACTOME_KIDNEY_DEVELOPMENT	8.62914465361077e-24	9.44756766658849e-24	6.26939471434587	1.64273129306188	9.41424809983805e-15	1	2	5	0.00368233539143385	1	0	0.323040890532106	-1.65313439362914
SERPINE1	LRP2	R-HSA-196741	REACTOME_COBALAMIN_CBL_VITAMIN_B12_TRANSPORT_AND_METABOLISM	9.00869915177775e-24	9.85998252692187e-24	6.46482832857906	7.99094933267061	5.94605477232513e-13	1	5	10	0.00647610187641329	1	0	0.117067438958844	8.87156702386971
TNC	EGFR	R-HSA-9665348	REACTOME_SIGNALING_BY_ERBB2_ECD_MUTANTS	9.23414962787152e-24	1.01035224935999e-23	8.5066015717972	2.93967772399715	2.33977744434425e-15	1	7	14	0.0334704470619978	1	0	7.35469947673216	-4.97288082913192
EFEMP1	EGFR	R-HSA-2179392	REACTOME_EGFR_TRANSACTIVATION_BY_GASTRIN	9.27637380940555e-24	1.01464947231654e-23	11.9073822111131	2.93967772399715	3.14979221981685e-21	1	3	6	0.124745628956051	1	0	3.20088563659098	-4.97288082913192
RND1	MET	R-HSA-8851907	REACTOME_MET_ACTIVATES_PI3K_AKT_SIGNALING	9.42958954497615e-24	1.03108035711119e-23	4.60833105105072	2.64032224114379	5.35559674720856e-14	1	2	4	0.000353112685666113	1	0	-6.26577098121408	11.2515502894158
SEMA4D	ERBB2	R-HSA-1963640	REACTOME_GRB2_EVENTS_IN_ERBB2_SIGNALING	1.00595716174983e-23	1.09961634458831e-23	1.01462714481266	5.2615892882842	9.29463665321184e-17	1	4	9	0.0334704470619978	1	0	7.0765425972243	-6.34615646135939
FGF2	FGFR2	R-HSA-5654700	REACTOME_FRS_MEDIATED_FGFR2_SIGNALING	1.07455155614761e-23	1.174224063897e-23	1.22084110229944	12.4089683634966	1.30876234129358e-21	1	3	7	0.226250277502737	1	0	5.86272009779499	5.89402827446816
LTBP1	ITGB1	R-HSA-8874081	REACTOME_MET_ACTIVATES_PTK2_SIGNALING	1.16330743822341e-23	1.27080901476295e-23	2.6298897401509	1.64273129306188	6.72615899496749e-11	1	3	6	0.000327729827104814	1	0	7.03079313325193	-1.65313439362914
LAMA1	ITGA6	R-HSA-9725554	REACTOME_DIFFERENTIATION_OF_KERATINOCYTES_IN_INTERFOLLICULAR_EPIDERMIS_IN_MAMMALIAN_SKIN	1.20174136553166e-23	1.31237787219965e-23	17.5342897380052	1.21558443268924	2.63801652467377e-17	1	1	2	0.000674942458940906	1	0	-6.27074375530701	-4.68122835464662
LAMB1	ITGA3	R-HSA-210991	REACTOME_BASIGIN_INTERACTIONS	1.30309467445829e-23	1.42261049829785e-23	6.55387519617198	4.13720289413487	2.54441364088152e-20	1	1	3	0.0800072638319114	1	0	0.951831469888455	4.28443713596128
LGALS3BP	ITGB1	R-HSA-210991	REACTOME_BASIGIN_INTERACTIONS	1.41624482586565e-23	1.5456479064016e-23	5.08385796896564	1.64273129306188	1.09175277789221e-12	1	2	4	0.000148024664544872	1	0	5.6845059272368	-1.65313439362914
THBS1	ITGA6	R-HSA-446107	REACTOME_TYPE_I_HEMIDESMOSOME_ASSEMBLY	1.4571483756473e-23	1.58978446312296e-23	10.1171572475629	1.21558443268924	8.7600912838886e-13	1	2	5	0.00135090150767073	1	0	3.36324076136934	-4.68122835464662
FN1	ITGB1	R-HSA-8874081	REACTOME_MET_ACTIVATES_PTK2_SIGNALING	1.51267767249892e-23	1.64984502010028e-23	4.37912027588558	1.64273129306188	8.74619227820244e-11	1	3	6	0.000327729827104814	1	0	3.43264151330902	-1.65313439362914
L1CAM	ITGB1	R-HSA-3000157	REACTOME_LAMININ_INTERACTIONS	1.53331709670001e-23	1.67182593110873e-23	5.38418252448028	1.64273129306188	7.83080491244005e-18	1	3	7	0.0397902094200085	1	0	4.78903995096595	-1.65313439362914
JAM3	ITGB1	R-HSA-9830369	REACTOME_KIDNEY_DEVELOPMENT	1.79820145524511e-23	1.9600167953242e-23	7.72682422564567	1.64273129306188	1.96180679693249e-14	1	2	5	0.00368233539143385	1	0	4.56577146203116	-1.65313439362914
COL4A4	ITGB1	R-HSA-416700	REACTOME_OTHER_SEMAPHORIN_INTERACTIONS	2.16698266657148e-23	2.36123546816785e-23	4.75297522418188	1.64273129306188	2.33880317219634e-09	1	1	2	9.62566807726242e-08	1	0	-5.54509567223867	-1.65313439362914
COL4A1	ITGB1	R-HSA-3000157	REACTOME_LAMININ_INTERACTIONS	2.22441275330047e-23	2.42304619105561e-23	11.3294445506569	1.64273129306188	1.13603000666519e-17	1	3	7	0.0397902094200085	1	0	4.78373488091513	-1.65313439362914
COL18A1	ITGA3	R-HSA-210991	REACTOME_BASIGIN_INTERACTIONS	2.28664069001203e-23	2.49004241014289e-23	6.26939471434587	4.13720289413487	4.4648787824108e-20	1	1	3	0.0800072638319114	1	0	0.323040890532106	4.28443713596128
WNT5A	ROR2	R-HSA-5140745	REACTOME_WNT5A_DEPENDENT_INTERNALIZATION_OF_FZD2_FZD5_AND_ROR2	2.54405907527616e-23	2.76948203131329e-23	4.8259126929938	3.06239364905993	2.21489114408768e-14	1	5	10	0.013376117359174	1	0	-0.0541399739889715	-6.34615646135939
FBN1	ITGB1	R-HSA-9830369	REACTOME_KIDNEY_DEVELOPMENT	2.92810391952089e-23	3.18654776436314e-23	6.40013831890023	1.64273129306188	3.19451091238149e-14	1	2	5	0.00368233539143385	1	0	1.72756032766282	-1.65313439362914
LAMC1	ITGA6	R-HSA-446107	REACTOME_TYPE_I_HEMIDESMOSOME_ASSEMBLY	2.9355651282763e-23	3.19365719205265e-23	3.23766986137765	1.21558443268924	1.76480438940043e-12	1	2	5	0.00135090150767073	1	0	5.42501182058629	-4.68122835464662
FGF2	TGFBR3	R-HSA-1502540	REACTOME_SIGNALING_BY_ACTIVIN	4.24875419114849e-23	4.62083920883681e-23	1.22084110229944	1.231627940706	5.91210589889478e-07	1	6	12	0.00190635045105705	1	0	5.86272009779499	5.3195988464643
COL5A2	ITGB1	R-HSA-3000157	REACTOME_LAMININ_INTERACTIONS	4.28884692299512e-23	4.66296884168875e-23	9.21695136128872	1.64273129306188	2.19035733871194e-17	1	3	7	0.0397902094200085	1	0	4.91888270579576	-1.65313439362914
COL11A1	ITGB1	R-HSA-210991	REACTOME_BASIGIN_INTERACTIONS	5.01833012246266e-23	5.45436196564662e-23	8.7209722535565	1.64273129306188	3.86852311939072e-12	1	2	4	0.000148024664544872	1	0	5.2194090555208	-1.65313439362914
THBS1	ITGB1	R-HSA-210991	REACTOME_BASIGIN_INTERACTIONS	5.18149789598855e-23	5.62992822558452e-23	10.1171572475629	1.64273129306188	3.99430565836698e-12	1	2	4	0.000148024664544872	1	0	3.36324076136934	-1.65313439362914
LAMA3	ITGB1	R-HSA-8874081	REACTOME_MET_ACTIVATES_PTK2_SIGNALING	5.29594610121923e-23	5.75246434739316e-23	1.52751187044421	1.64273129306188	3.06207751580951e-10	1	3	6	0.000327729827104814	1	0	-6.34615646135939	-1.65313439362914
TNFSF12	TNFRSF12A	R-HSA-5676594	REACTOME_TNF_RECEPTOR_SUPERFAMILY_TNFSF_MEMBERS_MEDIATING_NON_CANONICAL_NF_KB_PATHWAY	6.42975055256499e-23	6.98179984243168e-23	8.10576853187592	1.58850814282306	2.17138439090661e-13	1	4	8	0.00557013949581816	1	0	-5.39256126106354	6.76888119241154
AGRN	ITGB1	R-HSA-416700	REACTOME_OTHER_SEMAPHORIN_INTERACTIONS	6.65879839578174e-23	7.22823177074445e-23	1.11546551296964	1.64273129306188	7.18677590333947e-09	1	1	2	9.62566807726242e-08	1	0	5.51142825962013	-1.65313439362914
HSPG2	ITGB1	R-HSA-210991	REACTOME_BASIGIN_INTERACTIONS	6.92436181207784e-23	7.51413395380056e-23	3.51948105940521	1.64273129306188	5.33784209156493e-12	1	2	4	0.000148024664544872	1	0	4.65016389182664	-1.65313439362914
WNT2	LRP6	R-HSA-4641262	REACTOME_DISASSEMBLY_OF_THE_DESTRUCTION_COMPLEX_AND_RECRUITMENT_OF_AXIN_TO_THE_MEMBRANE	7.63166094679576e-23	8.27906454020102e-23	14.5622583700428	1.83737033179993	1.69463270212088e-14	1	6	12	0.0251444257851206	1	0	-3.11640413984048	-0.192774737109088
LAMA5	ITGA6	R-HSA-9725554	REACTOME_DIFFERENTIATION_OF_KERATINOCYTES_IN_INTERFOLLICULAR_EPIDERMIS_IN_MAMMALIAN_SKIN	1.03880084081568e-22	1.12656837717716e-22	4.79474119253631	1.21558443268924	2.28033573821803e-16	1	1	2	0.000674942458940906	1	0	7.7539223096356	-4.68122835464662
LAMC1	ITGB1	R-HSA-210991	REACTOME_BASIGIN_INTERACTIONS	1.04386243637983e-22	1.1317008449879e-22	3.23766986137765	1.64273129306188	8.04691176159058e-12	1	2	4	0.000148024664544872	1	0	5.42501182058629	-1.65313439362914
SEMA4D	ERBB2	R-HSA-8866910	REACTOME_TFAP2_AP_2_FAMILY_REGULATES_TRANSCRIPTION_OF_GROWTH_FACTORS_AND_THEIR_RECEPTORS	1.13195788137263e-22	1.22682265656013e-22	1.01462714481266	5.2615892882842	9.29463665321184e-17	1	2	5	0.0223158174310419	1	0	7.0765425972243	-6.34615646135939
NID1	ITGB3	R-HSA-216083	REACTOME_INTEGRIN_CELL_SURFACE_INTERACTIONS	1.18748008341916e-22	1.28659259431871e-22	1.19124771367259	2.33558859980003	4.19104811461619e-06	1	4	8	0.000219215237415202	1	0	6.87787345437884	5.81058030327552
COL6A2	ITGB1	R-HSA-9830369	REACTOME_KIDNEY_DEVELOPMENT	1.19537705668835e-22	1.29474089263473e-22	2.61520749325399	1.64273129306188	1.30413576736245e-13	1	2	5	0.00368233539143385	1	0	-3.31955637394197	-1.65313439362914
S100B	APP	R-HSA-844456	REACTOME_THE_NLRP3_INFLAMMASOME	1.46564399850737e-22	1.58697367166048e-22	2.91530553230702	1.07409823105059	4.17732978317162e-10	1	4	8	0.00144444888212579	1	0	5.98997946985497	-6.19605749258721
ANXA1	EGFR	R-HSA-1963640	REACTOME_GRB2_EVENTS_IN_ERBB2_SIGNALING	1.57415440889911e-22	1.70393051183541e-22	3.78540835500689	2.93967772399715	1.45445490355854e-15	1	4	9	0.0334704470619978	1	0	5.66002539089596	-4.97288082913192
COL4A6	ITGB1	R-HSA-3000157	REACTOME_LAMININ_INTERACTIONS	1.64485345113394e-22	1.77989804086214e-22	9.53524221853406	1.64273129306188	8.40043231312356e-17	1	3	7	0.0397902094200085	1	0	1.77832375144824	-1.65313439362914
TNC	ITGB1	R-HSA-210991	REACTOME_BASIGIN_INTERACTIONS	1.82574934825141e-22	1.9750244521965e-22	8.5066015717972	1.64273129306188	1.40743103613461e-11	1	2	4	0.000148024664544872	1	0	7.35469947673216	-1.65313439362914
IGF2	IGF1R	R-HSA-2428933	REACTOME_SHC_RELATED_EVENTS_TRIGGERED_BY_IGF1R	1.8721231829453e-22	2.02455320632878e-22	18.1080643189009	6.39079791705591	6.35679324414563e-20	1	3	6	0.124745628956051	1	0	-4.40934983275098	5.51394539218302
NPNT	ITGB1	R-HSA-210991	REACTOME_BASIGIN_INTERACTIONS	1.87995353840708e-22	2.03238220368333e-22	8.21361350158779	1.64273129306188	1.4492158844144e-11	1	2	4	0.000148024664544872	1	0	-1.10868581470011	-1.65313439362914
LAMA1	ITGB1	R-HSA-3000157	REACTOME_LAMININ_INTERACTIONS	2.35524314824808e-22	2.54540886898316e-22	17.5342897380052	1.64273129306188	1.20284640763385e-16	1	3	7	0.0397902094200085	1	0	-6.27074375530701	-1.65313439362914
TNC	EGFR	R-HSA-1963640	REACTOME_GRB2_EVENTS_IN_ERBB2_SIGNALING	2.53233769630517e-22	2.73594273721413e-22	8.5066015717972	2.93967772399715	2.33977744434425e-15	1	4	9	0.0334704470619978	1	0	7.35469947673216	-4.97288082913192
FGF2	SDC1	R-HSA-449836	REACTOME_OTHER_INTERLEUKIN_SIGNALING	2.63889893420481e-22	2.85017655688055e-22	1.22084110229944	7.03887851379973	1.82871192768819e-11	1	1	2	3.79873265481635e-06	1	0	5.86272009779499	4.20001468766753
COL4A2	ITGB3	R-HSA-2129379	REACTOME_MOLECULES_ASSOCIATED_WITH_ELASTIC_FIBRES	2.84469771804834e-22	3.07148780605345e-22	10.9035066930124	2.33558859980003	4.25167600396513e-16	1	3	7	0.0320145196412365	1	0	6.44091966949719	5.81058030327552
COL5A1	ITGB1	R-HSA-447041	REACTOME_CHL1_INTERACTIONS	3.02737574013687e-22	3.26667896677253e-22	17.6910136130676	1.64273129306188	6.93378239852596e-21	1	1	3	0.352126496802676	1	0	5.13171509336827	-1.65313439362914
COL5A1	ITGB1	R-HSA-75892	REACTOME_PLATELET_ADHESION_TO_EXPOSED_COLLAGEN	3.02737574013687e-22	3.26667896677253e-22	17.6910136130676	1.64273129306188	6.93378239852596e-21	1	1	3	0.352126496802676	1	0	5.13171509336827	-1.65313439362914
COL8A1	ITGA1	R-HSA-3000157	REACTOME_LAMININ_INTERACTIONS	3.09116918756988e-22	3.33342382609417e-22	7.95372452427371	4.23950504367085	6.78561596634739e-16	1	1	2	0.000674942458940906	1	0	-5.06654949952829	-3.47079627706584
COL8A1	ITGA1	R-HSA-416700	REACTOME_OTHER_SEMAPHORIN_INTERACTIONS	3.09116918756988e-22	3.33342382609417e-22	7.95372452427371	4.23950504367085	6.78561596634739e-16	1	1	2	0.000674942458940906	1	0	-5.06654949952829	-3.47079627706584
FN1	ITGA6	R-HSA-446107	REACTOME_TYPE_I_HEMIDESMOSOME_ASSEMBLY	3.19066715502489e-22	3.43964118247748e-22	4.37912027588558	1.21558443268924	1.91816674277299e-11	1	2	5	0.00135090150767073	1	0	3.43264151330902	-4.68122835464662
COL4A3	ITGB3	R-HSA-2129379	REACTOME_MOLECULES_ASSOCIATED_WITH_ELASTIC_FIBRES	3.44948462749141e-22	3.71748969880027e-22	10.9133221434925	2.33558859980003	5.15558856173085e-16	1	3	7	0.0320145196412365	1	0	4.45925716993137	5.81058030327552
LAMC1	ITGB4	R-HSA-3000157	REACTOME_LAMININ_INTERACTIONS	3.57696602331559e-22	3.85366837463377e-22	3.23766986137765	6.44412418959411	2.2592399817101e-19	1	1	2	0.0397902094200085	1	0	5.42501182058629	5.77953524166907
DCN	EGFR	R-HSA-180336	REACTOME_SHC1_EVENTS_IN_EGFR_SIGNALING	3.88782313107424e-22	4.18726098024276e-22	12.4299900158892	2.93967772399715	3.0197937025404e-18	1	4	8	0.0775684949930508	1	0	-3.32916132851479	-4.97288082913192
COL4A4	ITGB1	R-HSA-8874081	REACTOME_MET_ACTIVATES_PTK2_SIGNALING	4.04502351013733e-22	4.35520528165021e-22	4.75297522418188	1.64273129306188	2.33880317219634e-09	1	3	6	0.000327729827104814	1	0	-5.54509567223867	-1.65313439362914
SEMA4D	PLXNB1	R-HSA-416550	REACTOME_SEMA4D_MEDIATED_INHIBITION_OF_CELL_ATTACHMENT_AND_MIGRATION	4.20094687926485e-22	4.52166998268807e-22	1.01462714481266	1.13851846452977	7.28496031131786e-09	1	2	5	0.000327729827104814	1	0	7.0765425972243	0.76015544151647
COL1A1	ITGB1	R-HSA-447041	REACTOME_CHL1_INTERACTIONS	4.47934957768198e-22	4.81831224115885e-22	11.8865981117298	1.64273129306188	1.02593262034834e-20	1	1	3	0.352126496802676	1	0	-1.97991822679722	-1.65313439362914
COL1A1	ITGB1	R-HSA-75892	REACTOME_PLATELET_ADHESION_TO_EXPOSED_COLLAGEN	4.47934957768198e-22	4.81831224115885e-22	11.8865981117298	1.64273129306188	1.02593262034834e-20	1	1	3	0.352126496802676	1	0	-1.97991822679722	-1.65313439362914
ANXA1	EGFR	R-HSA-8857538	REACTOME_PTK6_PROMOTES_HIF1A_STABILIZATION	4.7803697525702e-22	5.14050389147905e-22	3.78540835500689	2.93967772399715	1.45445490355854e-15	1	2	4	0.00435218202700177	1	0	5.66002539089596	-4.97288082913192
SORBS1	ITGA1	R-HSA-3000157	REACTOME_LAMININ_INTERACTIONS	4.97000415990897e-22	5.34108538272004e-22	3.00010852256686	4.23950504367085	1.09099623908984e-15	1	1	2	0.000674942458940906	1	0	6.07754751096769	-3.47079627706584
SORBS1	ITGA1	R-HSA-416700	REACTOME_OTHER_SEMAPHORIN_INTERACTIONS	4.97000415990897e-22	5.34108538272004e-22	3.00010852256686	4.23950504367085	1.09099623908984e-15	1	1	2	0.000674942458940906	1	0	6.07754751096769	-3.47079627706584
COMP	ITGB3	R-HSA-3000170	REACTOME_SYNDECAN_INTERACTIONS	5.15723103882902e-22	5.54056051641844e-22	10.1255608464429	2.33558859980003	1.40626030864776e-20	1	2	5	0.314651143537348	1	0	4.50469248937221	5.81058030327552
LAMC1	ITGA1	R-HSA-3000157	REACTOME_LAMININ_INTERACTIONS	5.2278951671112e-22	5.61297109078106e-22	3.23766986137765	4.23950504367085	1.14760748324579e-15	1	1	2	0.000674942458940906	1	0	5.42501182058629	-3.47079627706584
LAMC1	ITGA1	R-HSA-416700	REACTOME_OTHER_SEMAPHORIN_INTERACTIONS	5.2278951671112e-22	5.61297109078106e-22	3.23766986137765	4.23950504367085	1.14760748324579e-15	1	1	2	0.000674942458940906	1	0	5.42501182058629	-3.47079627706584
LAMB1	ITGA6	R-HSA-9725554	REACTOME_DIFFERENTIATION_OF_KERATINOCYTES_IN_INTERFOLLICULAR_EPIDERMIS_IN_MAMMALIAN_SKIN	5.35999663255707e-22	5.75300730608309e-22	6.55387519617198	1.21558443268924	1.17660588995585e-15	1	1	2	0.000674942458940906	1	0	0.951831469888455	-4.68122835464662
COL1A2	ITGB3	R-HSA-3000170	REACTOME_SYNDECAN_INTERACTIONS	5.40147312717709e-22	5.79571664300973e-22	14.0547056107493	2.33558859980003	1.47285960426961e-20	1	2	5	0.314651143537348	1	0	-0.973544102787729	5.81058030327552
FBLN2	ITGB3	R-HSA-2129379	REACTOME_MOLECULES_ASSOCIATED_WITH_ELASTIC_FIBRES	7.37430604205568e-22	7.91007570460603e-22	20.4800687975369	2.33558859980003	1.10216139472329e-15	1	3	7	0.0320145196412365	1	0	-1.12341971762222	5.81058030327552
TNC	EGFR	R-HSA-8857538	REACTOME_PTK6_PROMOTES_HIF1A_STABILIZATION	7.69016715150361e-22	8.24631390310861e-22	8.5066015717972	2.93967772399715	2.33977744434425e-15	1	2	4	0.00435218202700177	1	0	7.35469947673216	-4.97288082913192
COL4A5	ITGB1	R-HSA-3000157	REACTOME_LAMININ_INTERACTIONS	8.52247928728972e-22	9.13597031731898e-22	5.4186994542932	1.64273129306188	4.3525160459444e-16	1	3	7	0.0397902094200085	1	0	6.18599343361014	-1.65313439362914
SEMA4D	MET	R-HSA-9022699	REACTOME_MECP2_REGULATES_NEURONAL_RECEPTORS_AND_CHANNELS	8.71909919550065e-22	9.34383215966425e-22	1.01462714481266	2.64032224114379	1.77060688597618e-07	1	4	8	0.000615128563977824	1	0	7.0765425972243	11.2515502894158
LTBP1	ITGB1	R-HSA-210991	REACTOME_BASIGIN_INTERACTIONS	8.72531590252837e-22	9.34758228112663e-22	2.6298897401509	1.64273129306188	6.72615899496749e-11	1	2	4	0.000148024664544872	1	0	7.03079313325193	-1.65313439362914
THBS1	LRP5	R-HSA-4641262	REACTOME_DISASSEMBLY_OF_THE_DESTRUCTION_COMPLEX_AND_RECRUITMENT_OF_AXIN_TO_THE_MEMBRANE	9.32862790433403e-22	9.9908094616778e-22	10.1171572475629	1.62670790509351	2.07144919340779e-13	1	6	12	0.0251444257851206	1	0	3.36324076136934	-5.92859293684736
LGALS3BP	ITGB1	R-HSA-9830369	REACTOME_KIDNEY_DEVELOPMENT	1.00070579684163e-21	1.07140614414417e-21	5.08385796896564	1.64273129306188	1.09175277789221e-12	1	2	5	0.00368233539143385	1	0	5.6845059272368	-1.65313439362914
NID1	ITGB1	R-HSA-3000170	REACTOME_SYNDECAN_INTERACTIONS	1.01040718134802e-21	1.08145634842477e-21	1.19124771367259	1.64273129306188	7.83162877534108e-06	1	3	7	0.000361191318072339	1	0	6.87787345437884	-1.65313439362914
THBS1	ITGA6	R-HSA-3000157	REACTOME_LAMININ_INTERACTIONS	1.07683452854037e-21	1.15219619850043e-21	10.1171572475629	1.21558443268924	8.7600912838886e-13	1	2	4	0.000674942458940906	1	0	3.36324076136934	-4.68122835464662
LAMA3	ITGA6	R-HSA-446107	REACTOME_TYPE_I_HEMIDESMOSOME_ASSEMBLY	1.11706555779512e-21	1.19487111903458e-21	1.52751187044421	1.21558443268924	6.71557984067769e-11	1	2	5	0.00135090150767073	1	0	-6.34615646135939	-4.68122835464662
FN1	ITGB1	R-HSA-210991	REACTOME_BASIGIN_INTERACTIONS	1.13457458601065e-21	1.21322243577142e-21	4.37912027588558	1.64273129306188	8.74619227820244e-11	1	2	4	0.000148024664544872	1	0	3.43264151330902	-1.65313439362914
COMP	ITGB1	R-HSA-447041	REACTOME_CHL1_INTERACTIONS	1.14733775247412e-21	1.22610806726032e-21	10.1255608464429	1.64273129306188	2.6278172900037e-20	1	1	3	0.352126496802676	1	0	4.50469248937221	-1.65313439362914
COMP	ITGB1	R-HSA-75892	REACTOME_PLATELET_ADHESION_TO_EXPOSED_COLLAGEN	1.14733775247412e-21	1.22610806726032e-21	10.1255608464429	1.64273129306188	2.6278172900037e-20	1	1	3	0.352126496802676	1	0	4.50469248937221	-1.65313439362914
COL1A2	ITGB1	R-HSA-447041	REACTOME_CHL1_INTERACTIONS	1.20167469541792e-21	1.2833781286053e-21	14.0547056107493	1.64273129306188	2.75226848830669e-20	1	1	3	0.352126496802676	1	0	-0.973544102787729	-1.65313439362914
COL1A2	ITGB1	R-HSA-75892	REACTOME_PLATELET_ADHESION_TO_EXPOSED_COLLAGEN	1.20167469541792e-21	1.2833781286053e-21	14.0547056107493	1.64273129306188	2.75226848830669e-20	1	1	3	0.352126496802676	1	0	-0.973544102787729	-1.65313439362914
AGRN	ITGB1	R-HSA-8874081	REACTOME_MET_ACTIVATES_PTK2_SIGNALING	1.24297238163042e-21	1.32707169236767e-21	1.11546551296964	1.64273129306188	7.18677590333947e-09	1	3	6	0.000327729827104814	1	0	5.51142825962013	-1.65313439362914
WNT5A	LRP5	R-HSA-4791275	REACTOME_SIGNALING_BY_WNT_IN_CANCER	1.28251431698461e-21	1.36886417946852e-21	4.8259126929938	1.62670790509351	5.40368213272376e-11	1	6	12	0.0117843784167109	1	0	-0.0541399739889715	-5.92859293684736
VCL	ITGA1	R-HSA-3000157	REACTOME_LAMININ_INTERACTIONS	1.65297494205053e-21	1.76317327152056e-21	1.50547573342494	4.23950504367085	3.62854715421385e-15	1	1	2	0.000674942458940906	1	0	4.67617778855706	-3.47079627706584
VCL	ITGA1	R-HSA-416700	REACTOME_OTHER_SEMAPHORIN_INTERACTIONS	1.65297494205053e-21	1.76317327152056e-21	1.50547573342494	4.23950504367085	3.62854715421385e-15	1	1	2	0.000674942458940906	1	0	4.67617778855706	-3.47079627706584
ANXA1	EGFR	R-HSA-8866910	REACTOME_TFAP2_AP_2_FAMILY_REGULATES_TRANSCRIPTION_OF_GROWTH_FACTORS_AND_THEIR_RECEPTORS	1.77132442354832e-21	1.88882703564979e-21	3.78540835500689	2.93967772399715	1.45445490355854e-15	1	2	5	0.0223158174310419	1	0	5.66002539089596	-4.97288082913192
COL4A3	ITGB1	R-HSA-3000157	REACTOME_LAMININ_INTERACTIONS	1.88639775871228e-21	2.01091053299357e-21	10.9133221434925	1.64273129306188	9.63402343033426e-16	1	3	7	0.0397902094200085	1	0	4.45925716993137	-1.65313439362914
LAMA5	ITGB1	R-HSA-3000157	REACTOME_LAMININ_INTERACTIONS	2.03590275986137e-21	2.16961136738635e-21	4.79474119253631	1.64273129306188	1.03975605355764e-15	1	3	7	0.0397902094200085	1	0	7.7539223096356	-1.65313439362914
LAMC1	ITGA6	R-HSA-3000157	REACTOME_LAMININ_INTERACTIONS	2.16938641509498e-21	2.3111456388748e-21	3.23766986137765	1.21558443268924	1.76480438940043e-12	1	2	4	0.000674942458940906	1	0	5.42501182058629	-4.68122835464662
COL17A1	ITGA6	R-HSA-9725554	REACTOME_DIFFERENTIATION_OF_KERATINOCYTES_IN_INTERFOLLICULAR_EPIDERMIS_IN_MAMMALIAN_SKIN	2.39222565558471e-21	2.54775735455461e-21	8.8967105526396	1.21558443268924	5.25132194928573e-15	1	1	2	0.000674942458940906	1	0	-0.580402338253546	-4.68122835464662
NID1	ITGB1	R-HSA-2129379	REACTOME_MOLECULES_ASSOCIATED_WITH_ELASTIC_FIBRES	2.69360816354463e-21	2.86784651271851e-21	1.19124771367259	1.64273129306188	7.83162877534108e-06	1	4	8	0.000361191318072339	1	0	6.87787345437884	-1.65313439362914
TNC	EGFR	R-HSA-8866910	REACTOME_TFAP2_AP_2_FAMILY_REGULATES_TRANSCRIPTION_OF_GROWTH_FACTORS_AND_THEIR_RECEPTORS	2.84952453506417e-21	3.03290977741978e-21	8.5066015717972	2.93967772399715	2.33977744434425e-15	1	2	5	0.0223158174310419	1	0	7.35469947673216	-4.97288082913192
COL18A1	ITGB3	R-HSA-2129379	REACTOME_MOLECULES_ASSOCIATED_WITH_ELASTIC_FIBRES	3.37079355625513e-21	3.58661609449973e-21	6.26939471434587	2.33558859980003	5.03797714130507e-15	1	3	7	0.0320145196412365	1	0	0.323040890532106	5.81058030327552
SEMA4D	MET	R-HSA-416550	REACTOME_SEMA4D_MEDIATED_INHIBITION_OF_CELL_ATTACHMENT_AND_MIGRATION	3.47799949698263e-21	3.69954182734083e-21	1.01462714481266	2.64032224114379	1.77060688597618e-07	1	2	5	0.00025036930823499	1	0	7.0765425972243	11.2515502894158
COL11A1	ITGB1	R-HSA-9830369	REACTOME_KIDNEY_DEVELOPMENT	3.54590671916054e-21	3.77060869054475e-21	8.7209722535565	1.64273129306188	3.86852311939072e-12	1	2	5	0.00368233539143385	1	0	5.2194090555208	-1.65313439362914
THBS1	ITGB1	R-HSA-9830369	REACTOME_KIDNEY_DEVELOPMENT	3.66119959355836e-21	3.89200451231173e-21	10.1171572475629	1.64273129306188	3.99430565836698e-12	1	2	5	0.00368233539143385	1	0	3.36324076136934	-1.65313439362914
CTF1	IL6ST	R-HSA-112409	REACTOME_RAF_INDEPENDENT_MAPK1_3_ACTIVATION	3.79854535641292e-21	4.03676120669151e-21	6.88834092018875	3.9101638262986	1.10250275720028e-15	1	4	9	0.0603027760843575	1	0	-6.34615646135939	5.79722245224878
LAMA3	ITGB1	R-HSA-210991	REACTOME_BASIGIN_INTERACTIONS	3.97219180567355e-21	4.21999376513805e-21	1.52751187044421	1.64273129306188	3.06207751580951e-10	1	2	4	0.000148024664544872	1	0	-6.34615646135939	-1.65313439362914
DCN	MET	R-HSA-8875513	REACTOME_MET_INTERACTS_WITH_TNS_PROTEINS	4.01802437498268e-21	4.26736765975314e-21	12.4299900158892	2.64032224114379	8.8202129025133e-15	1	1	2	0.000674942458940906	1	0	-3.32916132851479	11.2515502894158
WNT5A	LDLR	R-HSA-8964043	REACTOME_PLASMA_LIPOPROTEIN_CLEARANCE	4.17159419721646e-21	4.42910001185945e-21	4.8259126929938	2.81792410946131	2.41159577340618e-14	1	8	16	0.0658132966584324	1	0	-0.0541399739889715	5.40487362281668
HSPG2	ITGB1	R-HSA-9830369	REACTOME_KIDNEY_DEVELOPMENT	4.8926914882388e-21	5.19310667063915e-21	3.51948105940521	1.64273129306188	5.33784209156493e-12	1	2	5	0.00368233539143385	1	0	4.65016389182664	-1.65313439362914
NID1	ITGA3	R-HSA-8874081	REACTOME_MET_ACTIVATES_PTK2_SIGNALING	5.22850181475308e-21	5.54782425748013e-21	1.19124771367259	4.13720289413487	3.71429271673218e-11	1	2	4	0.000327729827104814	1	0	6.87787345437884	4.28443713596128
LAMC1	ITGB1	R-HSA-9830369	REACTOME_KIDNEY_DEVELOPMENT	7.37583765258974e-21	7.8238919287415e-21	3.23766986137765	1.64273129306188	8.04691176159058e-12	1	2	5	0.00368233539143385	1	0	5.42501182058629	-1.65313439362914
DCN	EGFR	R-HSA-2179392	REACTOME_EGFR_TRANSACTIVATION_BY_GASTRIN	8.89351844728425e-21	9.43085803287849e-21	12.4299900158892	2.93967772399715	3.0197937025404e-18	1	3	6	0.124745628956051	1	0	-3.32916132851479	-4.97288082913192
SEMA5A	MET	R-HSA-8875513	REACTOME_MET_INTERACTS_WITH_TNS_PROTEINS	9.32320828119662e-21	9.88346270795574e-21	16.1408444326762	2.64032224114379	2.04659490088295e-14	1	1	2	0.000674942458940906	1	0	-4.27209030279128	11.2515502894158
THBS1	ITGA3	R-HSA-210991	REACTOME_BASIGIN_INTERACTIONS	9.70182828188302e-21	1.02816664478366e-20	10.1171572475629	4.13720289413487	1.89437227438407e-17	1	1	3	0.0800072638319114	1	0	3.36324076136934	4.28443713596128
AGRN	PTPRS	R-HSA-388844	REACTOME_RECEPTOR_TYPE_TYROSINE_PROTEIN_PHOSPHATASES	1.01899623144157e-20	1.07956484020912e-20	1.11546551296964	1.78074089539144	1.34815850678979e-11	1	2	5	0.00350889693232256	1	0	5.51142825962013	-1.72999426532377
LAMB1	ITGB1	R-HSA-3000157	REACTOME_LAMININ_INTERACTIONS	1.05048354875242e-20	1.11258109843237e-20	6.55387519617198	1.64273129306188	5.36492533195653e-15	1	3	7	0.0397902094200085	1	0	0.951831469888455	-1.65313439362914
FBN1	ITGB3	R-HSA-2129379	REACTOME_MOLECULES_ASSOCIATED_WITH_ELASTIC_FIBRES	1.14380210555822e-20	1.21104316501085e-20	6.40013831890023	2.33558859980003	1.70952292562848e-14	1	3	7	0.0320145196412365	1	0	1.72756032766282	5.81058030327552
TNC	ITGB1	R-HSA-9830369	REACTOME_KIDNEY_DEVELOPMENT	1.29005799209772e-20	1.36547676702035e-20	8.5066015717972	1.64273129306188	1.40743103613461e-11	1	2	5	0.00368233539143385	1	0	7.35469947673216	-1.65313439362914
NPNT	ITGB1	R-HSA-9830369	REACTOME_KIDNEY_DEVELOPMENT	1.32835818307545e-20	1.40558355883714e-20	8.21361350158779	1.64273129306188	1.4492158844144e-11	1	2	5	0.00368233539143385	1	0	-1.10868581470011	-1.65313439362914
LAMA1	ITGA6	R-HSA-210991	REACTOME_BASIGIN_INTERACTIONS	1.35103240652506e-20	1.42913637098592e-20	17.5342897380052	1.21558443268924	2.63801652467377e-17	1	1	3	0.0800072638319114	1	0	-6.27074375530701	-4.68122835464662
LAMA3	ITGB4	R-HSA-3000157	REACTOME_LAMININ_INTERACTIONS	1.36113673907669e-20	1.43938222638297e-20	1.52751187044421	6.44412418959411	8.59704711046187e-18	1	1	2	0.0397902094200085	1	0	-6.34615646135939	5.77953524166907
FBLN1	ITGB1	R-HSA-3000157	REACTOME_LAMININ_INTERACTIONS	1.65178044328271e-20	1.74619690377766e-20	8.92010857076818	1.64273129306188	8.43580916000264e-15	1	3	7	0.0397902094200085	1	0	6.20654076664142	-1.65313439362914
CTF1	IL6ST	R-HSA-112411	REACTOME_MAPK1_ERK2_ACTIVATION	1.66546968980686e-20	1.76012772133198e-20	6.88834092018875	3.9101638262986	1.10250275720028e-15	1	3	7	0.0603027760843575	1	0	-6.34615646135939	5.79722245224878
COL18A1	ITGB1	R-HSA-3000157	REACTOME_LAMININ_INTERACTIONS	1.8433644721663e-20	1.94753494602336e-20	6.26939471434587	1.64273129306188	9.41424809983805e-15	1	3	7	0.0397902094200085	1	0	0.323040890532106	-1.65313439362914
LAMC1	ITGA3	R-HSA-210991	REACTOME_BASIGIN_INTERACTIONS	1.95452633793515e-20	2.0643446737786e-20	3.23766986137765	4.13720289413487	3.81639459755429e-17	1	1	3	0.0800072638319114	1	0	5.42501182058629	4.28443713596128
LAMB2	ITGB1	R-HSA-447041	REACTOME_CHL1_INTERACTIONS	2.04028090712171e-20	2.15359506612418e-20	11.7077824357821	1.64273129306188	4.67297919260249e-19	1	1	3	0.352126496802676	1	0	-5.4770692126764	-1.65313439362914
LAMB2	ITGB1	R-HSA-75892	REACTOME_PLATELET_ADHESION_TO_EXPOSED_COLLAGEN	2.04028090712171e-20	2.15359506612418e-20	11.7077824357821	1.64273129306188	4.67297919260249e-19	1	1	3	0.352126496802676	1	0	-5.4770692126764	-1.65313439362914
SEMA4D	ERBB2	R-HSA-9634285	REACTOME_CONSTITUTIVE_SIGNALING_BY_OVEREXPRESSED_ERBB2	2.09758496841259e-20	2.21340254335562e-20	1.01462714481266	5.2615892882842	9.29463665321184e-17	1	4	9	0.124745628956051	1	0	7.0765425972243	-6.34615646135939
FN1	ITGA6	R-HSA-3000157	REACTOME_LAMININ_INTERACTIONS	2.35790714180649e-20	2.48733534738249e-20	4.37912027588558	1.21558443268924	1.91816674277299e-11	1	2	4	0.000674942458940906	1	0	3.43264151330902	-4.68122835464662
WNT5A	FZD2	R-HSA-5140745	REACTOME_WNT5A_DEPENDENT_INTERNALIZATION_OF_FZD2_FZD5_AND_ROR2	2.43626693295286e-20	2.56920853751007e-20	4.8259126929938	3.28789458091362	2.12104589349805e-11	1	5	10	0.013376117359174	1	0	-0.0541399739889715	0.665354155033911
RND1	MET	R-HSA-8875513	REACTOME_MET_INTERACTS_WITH_TNS_PROTEINS	2.43972776062244e-20	2.57206972005553e-20	4.60833105105072	2.64032224114379	5.35559674720856e-14	1	1	2	0.000674942458940906	1	0	-6.26577098121408	11.2515502894158
COL2A1	ITGB1	R-HSA-447041	REACTOME_CHL1_INTERACTIONS	2.92051880493818e-20	3.0770550349119e-20	12.5798279320328	1.64273129306188	6.68904147435922e-19	1	1	3	0.352126496802676	1	0	5.28155360459047	-1.65313439362914
COL2A1	ITGB1	R-HSA-75892	REACTOME_PLATELET_ADHESION_TO_EXPOSED_COLLAGEN	2.92051880493818e-20	3.0770550349119e-20	12.5798279320328	1.64273129306188	6.68904147435922e-19	1	1	3	0.352126496802676	1	0	5.28155360459047	-1.65313439362914
COL4A4	ITGB1	R-HSA-210991	REACTOME_BASIGIN_INTERACTIONS	3.03394500881066e-20	3.19558200560584e-20	4.75297522418188	1.64273129306188	2.33880317219634e-09	1	2	4	0.000148024664544872	1	0	-5.54509567223867	-1.65313439362914
JAM3	ITGB1	R-HSA-3000157	REACTOME_LAMININ_INTERACTIONS	3.84133168402682e-20	4.0447447177999e-20	7.72682422564567	1.64273129306188	1.96180679693249e-14	1	3	7	0.0397902094200085	1	0	4.56577146203116	-1.65313439362914
LTBP1	ITGB1	R-HSA-9830369	REACTOME_KIDNEY_DEVELOPMENT	6.16522937522308e-20	6.48971513181377e-20	2.6298897401509	1.64273129306188	6.72615899496749e-11	1	2	5	0.00368233539143385	1	0	7.03079313325193	-1.65313439362914
FBN1	ITGB1	R-HSA-3000157	REACTOME_LAMININ_INTERACTIONS	6.25503795882846e-20	6.58223633477207e-20	6.40013831890023	1.64273129306188	3.19451091238149e-14	1	3	7	0.0397902094200085	1	0	1.72756032766282	-1.65313439362914
NID1	ITGB1	R-HSA-416700	REACTOME_OTHER_SEMAPHORIN_INTERACTIONS	7.25627706039465e-20	7.63351470573627e-20	1.19124771367259	1.64273129306188	7.83162877534108e-06	1	1	2	9.62566807726242e-08	1	0	6.87787345437884	-1.65313439362914
FN1	ITGB1	R-HSA-9830369	REACTOME_KIDNEY_DEVELOPMENT	8.01680150517816e-20	8.43099883149278e-20	4.37912027588558	1.64273129306188	8.74619227820244e-11	1	2	5	0.00368233539143385	1	0	3.43264151330902	-1.65313439362914
LAMA3	ITGA6	R-HSA-3000157	REACTOME_LAMININ_INTERACTIONS	8.25512887623848e-20	8.67898634910158e-20	1.52751187044421	1.21558443268924	6.71557984067769e-11	1	2	4	0.000674942458940906	1	0	-6.34615646135939	-4.68122835464662
AGRN	ITGB1	R-HSA-210991	REACTOME_BASIGIN_INTERACTIONS	9.32283791153806e-20	9.79852197240786e-20	1.11546551296964	1.64273129306188	7.18677590333947e-09	1	2	4	0.000148024664544872	1	0	5.51142825962013	-1.65313439362914
WNT5A	FZD2	R-HSA-4641262	REACTOME_DISASSEMBLY_OF_THE_DESTRUCTION_COMPLEX_AND_RECRUITMENT_OF_AXIN_TO_THE_MEMBRANE	9.5519832064565e-20	1.00362926787448e-19	4.8259126929938	3.28789458091362	2.12104589349805e-11	1	6	12	0.0251444257851206	1	0	-0.0541399739889715	0.665354155033911
NTN1	UNC5C	R-HSA-418886	REACTOME_NETRIN_MEDIATED_REPULSION_SIGNALS	1.07284207359567e-19	1.12689365898293e-19	2.89028928982954	4.04516208070401	9.26335771668051e-18	1	1	3	0.226250277502737	1	0	4.34169216289785	8.01189454046096
CTF1	IL6ST	R-HSA-110056	REACTOME_MAPK3_ERK1_ACTIVATION	1.08587925599427e-19	1.14023951178885e-19	6.88834092018875	3.9101638262986	1.10250275720028e-15	1	3	7	0.0886234682815491	1	0	-6.34615646135939	5.79722245224878
LAMA5	ITGA6	R-HSA-210991	REACTOME_BASIGIN_INTERACTIONS	1.16784995517449e-19	1.22593953182796e-19	4.79474119253631	1.21558443268924	2.28033573821803e-16	1	1	3	0.0800072638319114	1	0	7.7539223096356	-4.68122835464662
FGF2	FGFR3	R-HSA-5654708	REACTOME_DOWNSTREAM_SIGNALING_OF_ACTIVATED_FGFR3	1.31674006705633e-19	1.38181385926595e-19	1.22084110229944	4.05722087136925	4.09851165565448e-12	1	6	12	0.0334704470619978	1	0	5.86272009779499	-0.41857284145358
COL3A1	ITGB1	R-HSA-447041	REACTOME_CHL1_INTERACTIONS	1.43862915880432e-19	1.50880619094111e-19	15.038080980152	1.64273129306188	3.29497967730712e-18	1	1	3	0.352126496802676	1	0	-4.39983829722896	-1.65313439362914
COL3A1	ITGB1	R-HSA-75892	REACTOME_PLATELET_ADHESION_TO_EXPOSED_COLLAGEN	1.43862915880432e-19	1.50880619094111e-19	15.038080980152	1.64273129306188	3.29497967730712e-18	1	1	3	0.352126496802676	1	0	-4.39983829722896	-1.65313439362914
COL4A4	ITGA1	R-HSA-3000157	REACTOME_LAMININ_INTERACTIONS	1.51946711521201e-19	1.59261635476213e-19	4.75297522418188	4.23950504367085	3.3354758965581e-13	1	1	2	0.000674942458940906	1	0	-5.54509567223867	-3.47079627706584
COL4A4	ITGA1	R-HSA-416700	REACTOME_OTHER_SEMAPHORIN_INTERACTIONS	1.51946711521201e-19	1.59261635476213e-19	4.75297522418188	4.23950504367085	3.3354758965581e-13	1	1	2	0.000674942458940906	1	0	-5.54509567223867	-3.47079627706584
L1CAM	ITGB3	R-HSA-3000170	REACTOME_SYNDECAN_INTERACTIONS	1.5368370665296e-19	1.61033186380196e-19	5.38418252448028	2.33558859980003	4.19060722943674e-18	1	2	5	0.314651143537348	1	0	4.78903995096595	5.81058030327552
ANXA1	EGFR	R-HSA-180336	REACTOME_SHC1_EVENTS_IN_EGFR_SIGNALING	1.87253301853112e-19	1.96148403889984e-19	3.78540835500689	2.93967772399715	1.45445490355854e-15	1	4	8	0.0775684949930508	1	0	5.66002539089596	-4.97288082913192
FN1	ITGA3	R-HSA-210991	REACTOME_BASIGIN_INTERACTIONS	2.12437562022088e-19	2.22461252163161e-19	4.37912027588558	4.13720289413487	4.14804113039076e-16	1	1	3	0.0800072638319114	1	0	3.43264151330902	4.28443713596128
WNT5A	LRP5	R-HSA-4641262	REACTOME_DISASSEMBLY_OF_THE_DESTRUCTION_COMPLEX_AND_RECRUITMENT_OF_AXIN_TO_THE_MEMBRANE	2.43351080441173e-19	2.5475584805771e-19	4.8259126929938	1.62670790509351	5.40368213272376e-11	1	6	12	0.0251444257851206	1	0	-0.0541399739889715	-5.92859293684736
COL6A2	ITGB1	R-HSA-3000157	REACTOME_LAMININ_INTERACTIONS	2.55357359923267e-19	2.67243479810173e-19	2.61520749325399	1.64273129306188	1.30413576736245e-13	1	3	7	0.0397902094200085	1	0	-3.31955637394197	-1.65313439362914
SEMA4D	PLXNB1	R-HSA-9013405	REACTOME_RHOD_GTPASE_CYCLE	2.68716262017401e-19	2.81138668290711e-19	1.01462714481266	1.13851846452977	7.28496031131786e-09	1	1	2	6.0734209020726e-06	1	0	7.0765425972243	0.76015544151647
LAMA3	ITGB1	R-HSA-9830369	REACTOME_KIDNEY_DEVELOPMENT	2.8067148373691e-19	2.93557283081475e-19	1.52751187044421	1.64273129306188	3.06207751580951e-10	1	2	5	0.00368233539143385	1	0	-6.34615646135939	-1.65313439362914
TNC	EGFR	R-HSA-180336	REACTOME_SHC1_EVENTS_IN_EGFR_SIGNALING	3.01233851240726e-19	3.14967917406716e-19	8.5066015717972	2.93967772399715	2.33977744434425e-15	1	4	8	0.0775684949930508	1	0	7.35469947673216	-4.97288082913192
L1CAM	ITGB1	R-HSA-447041	REACTOME_CHL1_INTERACTIONS	3.41902694014531e-19	3.5727377503341e-19	5.38418252448028	1.64273129306188	7.83080491244005e-18	1	1	3	0.352126496802676	1	0	4.78903995096595	-1.65313439362914
L1CAM	ITGB1	R-HSA-75892	REACTOME_PLATELET_ADHESION_TO_EXPOSED_COLLAGEN	3.41902694014531e-19	3.5727377503341e-19	5.38418252448028	1.64273129306188	7.83080491244005e-18	1	1	3	0.352126496802676	1	0	4.78903995096595	-1.65313439362914
THBS1	ITGA6	R-HSA-9725554	REACTOME_DIFFERENTIATION_OF_KERATINOCYTES_IN_INTERFOLLICULAR_EPIDERMIS_IN_MAMMALIAN_SKIN	3.9906361325709e-19	4.16877871121892e-19	10.1171572475629	1.21558443268924	8.7600912838886e-13	1	1	2	0.000674942458940906	1	0	3.36324076136934	-4.68122835464662
COL4A1	ITGB1	R-HSA-447041	REACTOME_CHL1_INTERACTIONS	4.96004847653835e-19	5.17832071602183e-19	11.3294445506569	1.64273129306188	1.13603000666519e-17	1	1	3	0.352126496802676	1	0	4.78373488091513	-1.65313439362914
COL4A1	ITGB1	R-HSA-75892	REACTOME_PLATELET_ADHESION_TO_EXPOSED_COLLAGEN	4.96004847653835e-19	5.17832071602183e-19	11.3294445506569	1.64273129306188	1.13603000666519e-17	1	1	3	0.352126496802676	1	0	4.78373488091513	-1.65313439362914
LAMB1	ITGA6	R-HSA-210991	REACTOME_BASIGIN_INTERACTIONS	6.02586326571701e-19	6.2891291365493e-19	6.55387519617198	1.21558443268924	1.17660588995585e-15	1	1	3	0.0800072638319114	1	0	0.951831469888455	-4.68122835464662
LAMA3	ITGA3	R-HSA-210991	REACTOME_BASIGIN_INTERACTIONS	7.43752551384472e-19	7.76011154614069e-19	1.52751187044421	4.13720289413487	1.45224608332451e-15	1	1	3	0.0800072638319114	1	0	-6.34615646135939	4.28443713596128
LAMC1	ITGA6	R-HSA-9725554	REACTOME_DIFFERENTIATION_OF_KERATINOCYTES_IN_INTERFOLLICULAR_EPIDERMIS_IN_MAMMALIAN_SKIN	8.03951915000461e-19	8.38567188478346e-19	3.23766986137765	1.21558443268924	1.76480438940043e-12	1	1	2	0.000674942458940906	1	0	5.42501182058629	-4.68122835464662
COL5A2	ITGB1	R-HSA-447041	REACTOME_CHL1_INTERACTIONS	9.5633729014296e-19	9.96909175179328e-19	9.21695136128872	1.64273129306188	2.19035733871194e-17	1	1	3	0.352126496802676	1	0	4.91888270579576	-1.65313439362914
COL5A2	ITGB1	R-HSA-75892	REACTOME_PLATELET_ADHESION_TO_EXPOSED_COLLAGEN	9.5633729014296e-19	9.96909175179328e-19	9.21695136128872	1.64273129306188	2.19035733871194e-17	1	1	3	0.352126496802676	1	0	4.91888270579576	-1.65313439362914
DCN	MET	R-HSA-8851805	REACTOME_MET_ACTIVATES_RAS_SIGNALING	1.13555531010423e-18	1.18337178635521e-18	12.4299900158892	2.64032224114379	8.8202129025133e-15	1	4	8	0.0775684949930508	1	0	-3.32916132851479	11.2515502894158
NID1	ITGB1	R-HSA-8874081	REACTOME_MET_ACTIVATES_PTK2_SIGNALING	1.35450143455951e-18	1.41110991365376e-18	1.19124771367259	1.64273129306188	7.83162877534108e-06	1	3	6	0.000327729827104814	1	0	6.87787345437884	-1.65313439362914
WNT5A	LDLR	R-HSA-8964038	REACTOME_LDL_CLEARANCE	1.40830426314779e-18	1.46671712540975e-18	4.8259126929938	2.81792410946131	2.41159577340618e-14	1	4	8	0.0658132966584324	1	0	-0.0541399739889715	5.40487362281668
THBS1	ITGB3	R-HSA-2129379	REACTOME_MOLECULES_ASSOCIATED_WITH_ELASTIC_FIBRES	1.4301704854335e-18	1.48903948846587e-18	10.1171572475629	2.33558859980003	2.13752817950321e-12	1	3	7	0.0320145196412365	1	0	3.36324076136934	5.81058030327552
LGALS3BP	ITGB1	R-HSA-3000157	REACTOME_LAMININ_INTERACTIONS	2.13771536697655e-18	2.22503505670176e-18	5.08385796896564	1.64273129306188	1.09175277789221e-12	1	3	7	0.0397902094200085	1	0	5.6845059272368	-1.65313439362914
COL4A4	ITGB1	R-HSA-9830369	REACTOME_KIDNEY_DEVELOPMENT	2.14375812865535e-18	2.23064971644718e-18	4.75297522418188	1.64273129306188	2.33880317219634e-09	1	2	5	0.00368233539143385	1	0	-5.54509567223867	-1.65313439362914
SEMA5A	MET	R-HSA-8851805	REACTOME_MET_ACTIVATES_RAS_SIGNALING	2.63488164403338e-18	2.74085057619439e-18	16.1408444326762	2.64032224114379	2.04659490088295e-14	1	4	8	0.0775684949930508	1	0	-4.27209030279128	11.2515502894158
COL17A1	ITGA6	R-HSA-210991	REACTOME_BASIGIN_INTERACTIONS	2.68940928315783e-18	2.79672549397307e-18	8.8967105526396	1.21558443268924	5.25132194928573e-15	1	1	3	0.0800072638319114	1	0	-0.580402338253546	-4.68122835464662
COL4A6	ITGB1	R-HSA-447041	REACTOME_CHL1_INTERACTIONS	3.66773335673448e-18	3.81178330730109e-18	9.53524221853406	1.64273129306188	8.40043231312356e-17	1	1	3	0.352126496802676	1	0	1.77832375144824	-1.65313439362914
COL4A6	ITGB1	R-HSA-75892	REACTOME_PLATELET_ADHESION_TO_EXPOSED_COLLAGEN	3.66773335673448e-18	3.81178330730109e-18	9.53524221853406	1.64273129306188	8.40043231312356e-17	1	1	3	0.352126496802676	1	0	1.77832375144824	-1.65313439362914
ANXA1	EGFR	R-HSA-2179392	REACTOME_EGFR_TRANSACTIVATION_BY_GASTRIN	4.28347853850387e-18	4.45036731273129e-18	3.78540835500689	2.93967772399715	1.45445490355854e-15	1	3	6	0.124745628956051	1	0	5.66002539089596	-4.97288082913192
TNC	ITGB3	R-HSA-2129379	REACTOME_MOLECULES_ASSOCIATED_WITH_ELASTIC_FIBRES	5.03933975094371e-18	5.23409684276762e-18	8.5066015717972	2.33558859980003	7.53178088447811e-12	1	3	7	0.0320145196412365	1	0	7.35469947673216	5.81058030327552
LAMA1	ITGB1	R-HSA-447041	REACTOME_CHL1_INTERACTIONS	5.25177720367406e-18	5.451452498684e-18	17.5342897380052	1.64273129306188	1.20284640763385e-16	1	1	3	0.352126496802676	1	0	-6.27074375530701	-1.65313439362914
LAMA1	ITGB1	R-HSA-75892	REACTOME_PLATELET_ADHESION_TO_EXPOSED_COLLAGEN	5.25177720367406e-18	5.451452498684e-18	17.5342897380052	1.64273129306188	1.20284640763385e-16	1	1	3	0.352126496802676	1	0	-6.27074375530701	-1.65313439362914
AGRN	ITGB1	R-HSA-9830369	REACTOME_KIDNEY_DEVELOPMENT	6.58743302761134e-18	6.83582793815476e-18	1.11546551296964	1.64273129306188	7.18677590333947e-09	1	2	5	0.00368233539143385	1	0	5.51142825962013	-1.65313439362914
TNC	EGFR	R-HSA-2179392	REACTOME_EGFR_TRANSACTIVATION_BY_GASTRIN	6.89081967629438e-18	7.14849809603518e-18	8.5066015717972	2.93967772399715	2.33977744434425e-15	1	3	6	0.124745628956051	1	0	7.35469947673216	-4.97288082913192
RND1	MET	R-HSA-8851805	REACTOME_MET_ACTIVATES_RAS_SIGNALING	6.89504481613669e-18	7.15072480178179e-18	4.60833105105072	2.64032224114379	5.35559674720856e-14	1	4	8	0.0775684949930508	1	0	-6.26577098121408	11.2515502894158
COL11A1	ITGB1	R-HSA-3000157	REACTOME_LAMININ_INTERACTIONS	7.57479301842647e-18	7.85331162850725e-18	8.7209722535565	1.64273129306188	3.86852311939072e-12	1	3	7	0.0397902094200085	1	0	5.2194090555208	-1.65313439362914
THBS1	ITGB1	R-HSA-3000157	REACTOME_LAMININ_INTERACTIONS	7.821082537365e-18	8.10621389832347e-18	10.1171572475629	1.64273129306188	3.99430565836698e-12	1	3	7	0.0397902094200085	1	0	3.36324076136934	-1.65313439362914
FN1	ITGA6	R-HSA-9725554	REACTOME_DIFFERENTIATION_OF_KERATINOCYTES_IN_INTERFOLLICULAR_EPIDERMIS_IN_MAMMALIAN_SKIN	8.73815724510098e-18	9.05399425396005e-18	4.37912027588558	1.21558443268924	1.91816674277299e-11	1	1	2	0.000674942458940906	1	0	3.43264151330902	-4.68122835464662
HSPG2	ITGB1	R-HSA-3000157	REACTOME_LAMININ_INTERACTIONS	1.0451804929375e-17	1.08263200713791e-17	3.51948105940521	1.64273129306188	5.33784209156493e-12	1	3	7	0.0397902094200085	1	0	4.65016389182664	-1.65313439362914
TCN2	LRP2	R-HSA-9758890	REACTOME_TRANSPORT_OF_RCBL_WITHIN_THE_BODY	1.04989021032077e-17	1.08718311965787e-17	6.65623901091562	7.99094933267061	7.1274405683323e-17	1	1	3	0.528125041599765	1	0	6.17196521483511	8.87156702386971
HSPG2	LRP2	R-HSA-9758890	REACTOME_TRANSPORT_OF_RCBL_WITHIN_THE_BODY	1.15633298014929e-17	1.19704647960083e-17	3.51948105940521	7.99094933267061	7.85005376009606e-17	1	1	3	0.528125041599765	1	0	4.65016389182664	8.87156702386971
PLAT	LRP1	R-HSA-2173782	REACTOME_BINDING_AND_UPTAKE_OF_LIGANDS_BY_SCAVENGER_RECEPTORS	1.15695123201221e-17	1.19732618475391e-17	12.2190854625425	2.87280836263334	3.14463568975165e-17	1	1	2	0.606558030456523	1	0	5.94483794685449	6.88612338562861
COL4A2	ITGB3	R-HSA-3000170	REACTOME_SYNDECAN_INTERACTIONS	1.55923304667384e-17	1.61316140768662e-17	10.9035066930124	2.33558859980003	4.25167600396513e-16	1	2	5	0.314651143537348	1	0	6.44091966949719	5.81058030327552
LAMC1	ITGB1	R-HSA-3000157	REACTOME_LAMININ_INTERACTIONS	1.57563207328563e-17	1.62963750213547e-17	3.23766986137765	1.64273129306188	8.04691176159058e-12	1	3	7	0.0397902094200085	1	0	5.42501182058629	-1.65313439362914
WNT5A	FZD2	R-HSA-4608870	REACTOME_ASYMMETRIC_LOCALIZATION_OF_PCP_PROTEINS	1.8823277577772e-17	1.94626014029262e-17	4.8259126929938	3.28789458091362	2.12104589349805e-11	1	5	10	0.0411826010026004	1	0	-0.0541399739889715	0.665354155033911
COL4A3	ITGB3	R-HSA-3000170	REACTOME_SYNDECAN_INTERACTIONS	1.89072828056687e-17	1.95435855923979e-17	10.9133221434925	2.33558859980003	5.15558856173085e-16	1	2	5	0.314651143537348	1	0	4.45925716993137	5.81058030327552
COL4A5	ITGB1	R-HSA-447041	REACTOME_CHL1_INTERACTIONS	1.90036270663033e-17	1.96313745069319e-17	5.4186994542932	1.64273129306188	4.3525160459444e-16	1	1	3	0.352126496802676	1	0	6.18599343361014	-1.65313439362914
COL4A5	ITGB1	R-HSA-75892	REACTOME_PLATELET_ADHESION_TO_EXPOSED_COLLAGEN	1.90036270663033e-17	1.96313745069319e-17	5.4186994542932	1.64273129306188	4.3525160459444e-16	1	1	3	0.352126496802676	1	0	6.18599343361014	-1.65313439362914
LTBP1	ITGB3	R-HSA-2129379	REACTOME_MOLECULES_ASSOCIATED_WITH_ELASTIC_FIBRES	2.40831696362176e-17	2.48712409332298e-17	2.6298897401509	2.33558859980003	3.59946274052546e-11	1	3	7	0.0320145196412365	1	0	7.03079313325193	5.81058030327552
MFGE8	ITGB3	R-HSA-2129379	REACTOME_MOLECULES_ASSOCIATED_WITH_ELASTIC_FIBRES	2.66559559272772e-17	2.75199544987496e-17	2.73317240377774	2.33558859980003	3.98399054703467e-11	1	3	7	0.0320145196412365	1	0	7.14954233744459	5.81058030327552
TNC	ITGB1	R-HSA-3000157	REACTOME_LAMININ_INTERACTIONS	2.7558317366624e-17	2.84430278251384e-17	8.5066015717972	1.64273129306188	1.40743103613461e-11	1	3	7	0.0397902094200085	1	0	7.35469947673216	-1.65313439362914
NPNT	ITGB1	R-HSA-3000157	REACTOME_LAMININ_INTERACTIONS	2.83764889718014e-17	2.92786808827225e-17	8.21361350158779	1.64273129306188	1.4492158844144e-11	1	3	7	0.0397902094200085	1	0	-1.10868581470011	-1.65313439362914
LAMA3	ITGA6	R-HSA-9725554	REACTOME_DIFFERENTIATION_OF_KERATINOCYTES_IN_INTERFOLLICULAR_EPIDERMIS_IN_MAMMALIAN_SKIN	3.05926441801607e-17	3.15558308784866e-17	1.52751187044421	1.21558443268924	6.71557984067769e-11	1	1	2	0.000674942458940906	1	0	-6.34615646135939	-4.68122835464662
SEMA4D	MET	R-HSA-8851907	REACTOME_MET_ACTIVATES_PI3K_AKT_SIGNALING	3.1175043544804e-17	3.21469273963207e-17	1.01462714481266	2.64032224114379	1.77060688597618e-07	1	2	4	0.000353112685666113	1	0	7.0765425972243	11.2515502894158
FN1	ITGB3	R-HSA-2129379	REACTOME_MOLECULES_ASSOCIATED_WITH_ELASTIC_FIBRES	3.13159460643918e-17	3.22825455383601e-17	4.37912027588558	2.33558859980003	4.68047116495695e-11	1	3	7	0.0320145196412365	1	0	3.43264151330902	5.81058030327552
FBLN2	ITGB3	R-HSA-3000170	REACTOME_SYNDECAN_INTERACTIONS	4.04199771529625e-17	4.16550992828613e-17	20.4800687975369	2.33558859980003	1.10216139472329e-15	1	2	5	0.314651143537348	1	0	-1.12341971762222	5.81058030327552
COL4A3	ITGB1	R-HSA-447041	REACTOME_CHL1_INTERACTIONS	4.20633460016057e-17	4.33227276184202e-17	10.9133221434925	1.64273129306188	9.63402343033426e-16	1	1	3	0.352126496802676	1	0	4.45925716993137	-1.65313439362914
COL4A3	ITGB1	R-HSA-75892	REACTOME_PLATELET_ADHESION_TO_EXPOSED_COLLAGEN	4.20633460016057e-17	4.33227276184202e-17	10.9133221434925	1.64273129306188	9.63402343033426e-16	1	1	3	0.352126496802676	1	0	4.45925716993137	-1.65313439362914
LAMA5	ITGB1	R-HSA-447041	REACTOME_CHL1_INTERACTIONS	4.53970440847701e-17	4.67282560298053e-17	4.79474119253631	1.64273129306188	1.03975605355764e-15	1	1	3	0.352126496802676	1	0	7.7539223096356	-1.65313439362914
LAMA5	ITGB1	R-HSA-75892	REACTOME_PLATELET_ADHESION_TO_EXPOSED_COLLAGEN	4.53970440847701e-17	4.67282560298053e-17	4.79474119253631	1.64273129306188	1.03975605355764e-15	1	1	3	0.352126496802676	1	0	7.7539223096356	-1.65313439362914
DKK2	LRP6	R-HSA-4791275	REACTOME_SIGNALING_BY_WNT_IN_CANCER	4.60078309779052e-17	4.73427874854902e-17	1.22361675647185	1.83737033179993	1.93847110264785e-06	1	6	12	0.0117843784167109	1	0	-2.62395562712841	-0.192774737109088
NID1	ITGB1	R-HSA-210991	REACTOME_BASIGIN_INTERACTIONS	1.01593547145272e-16	1.04510108307337e-16	1.19124771367259	1.64273129306188	7.83162877534108e-06	1	2	4	0.000148024664544872	1	0	6.87787345437884	-1.65313439362914
DCN	MET	R-HSA-8865999	REACTOME_MET_ACTIVATES_PTPN11	1.02151895557787e-16	1.05053070468995e-16	12.4299900158892	2.64032224114379	8.8202129025133e-15	1	1	3	0.226250277502737	1	0	-3.32916132851479	11.2515502894158
LTBP1	ITGB1	R-HSA-3000157	REACTOME_LAMININ_INTERACTIONS	1.31702100836689e-16	1.35402040310284e-16	2.6298897401509	1.64273129306188	6.72615899496749e-11	1	3	7	0.0397902094200085	1	0	7.03079313325193	-1.65313439362914
FN1	ITGB1	R-HSA-3000157	REACTOME_LAMININ_INTERACTIONS	1.71255526106763e-16	1.76014045356219e-16	4.37912027588558	1.64273129306188	8.74619227820244e-11	1	3	7	0.0397902094200085	1	0	3.43264151330902	-1.65313439362914
COL18A1	ITGB3	R-HSA-3000170	REACTOME_SYNDECAN_INTERACTIONS	1.84759620436372e-16	1.89836647043345e-16	6.26939471434587	2.33558859980003	5.03797714130507e-15	1	2	5	0.314651143537348	1	0	0.323040890532106	5.81058030327552
LAMB1	ITGB1	R-HSA-447041	REACTOME_CHL1_INTERACTIONS	2.34239320822408e-16	2.40532317501219e-16	6.55387519617198	1.64273129306188	5.36492533195653e-15	1	1	3	0.352126496802676	1	0	0.951831469888455	-1.65313439362914
LAMB1	ITGB1	R-HSA-75892	REACTOME_PLATELET_ADHESION_TO_EXPOSED_COLLAGEN	2.34239320822408e-16	2.40532317501219e-16	6.55387519617198	1.64273129306188	5.36492533195653e-15	1	1	3	0.352126496802676	1	0	0.951831469888455	-1.65313439362914
SEMA5A	MET	R-HSA-8865999	REACTOME_MET_ACTIVATES_PTPN11	2.37027780252925e-16	2.43323057018819e-16	16.1408444326762	2.64032224114379	2.04659490088295e-14	1	1	3	0.226250277502737	1	0	-4.27209030279128	11.2515502894158
LIF	IL6ST	R-HSA-112409	REACTOME_RAF_INDEPENDENT_MAPK1_3_ACTIVATION	2.55055455206374e-16	2.61751421810838e-16	4.9622342686641	3.9101638262986	7.40281650525152e-11	1	4	9	0.0603027760843575	1	0	-6.20163825687765	5.79722245224878
FBLN1	ITGB1	R-HSA-447041	REACTOME_CHL1_INTERACTIONS	3.68317932862235e-16	3.77761982422806e-16	8.92010857076818	1.64273129306188	8.43580916000264e-15	1	1	3	0.352126496802676	1	0	6.20654076664142	-1.65313439362914
FBLN1	ITGB1	R-HSA-75892	REACTOME_PLATELET_ADHESION_TO_EXPOSED_COLLAGEN	3.68317932862235e-16	3.77761982422806e-16	8.92010857076818	1.64273129306188	8.43580916000264e-15	1	1	3	0.352126496802676	1	0	6.20654076664142	-1.65313439362914
COL18A1	ITGB1	R-HSA-447041	REACTOME_CHL1_INTERACTIONS	4.11037795404975e-16	4.21325988138592e-16	6.26939471434587	1.64273129306188	9.41424809983805e-15	1	1	3	0.352126496802676	1	0	0.323040890532106	-1.65313439362914
COL18A1	ITGB1	R-HSA-75892	REACTOME_PLATELET_ADHESION_TO_EXPOSED_COLLAGEN	4.11037795404975e-16	4.21325988138592e-16	6.26939471434587	1.64273129306188	9.41424809983805e-15	1	1	3	0.352126496802676	1	0	0.323040890532106	-1.65313439362914
THBS1	ITGA6	R-HSA-210991	REACTOME_BASIGIN_INTERACTIONS	4.48638857943274e-16	4.59731209807824e-16	10.1171572475629	1.21558443268924	8.7600912838886e-13	1	1	3	0.0800072638319114	1	0	3.36324076136934	-4.68122835464662
LAMA3	ITGB1	R-HSA-3000157	REACTOME_LAMININ_INTERACTIONS	5.9957256743208e-16	6.14213708149599e-16	1.52751187044421	1.64273129306188	3.06207751580951e-10	1	3	7	0.0397902094200085	1	0	-6.34615646135939	-1.65313439362914
RND1	MET	R-HSA-8865999	REACTOME_MET_ACTIVATES_PTPN11	6.20262079404661e-16	6.35219277508793e-16	4.60833105105072	2.64032224114379	5.35559674720856e-14	1	1	3	0.226250277502737	1	0	-6.26577098121408	11.2515502894158
FBN1	ITGB3	R-HSA-3000170	REACTOME_SYNDECAN_INTERACTIONS	6.26939737929368e-16	6.41866874546734e-16	6.40013831890023	2.33558859980003	1.70952292562848e-14	1	2	5	0.314651143537348	1	0	1.72756032766282	5.81058030327552
COL4A4	ITGB3	R-HSA-2129379	REACTOME_MOLECULES_ASSOCIATED_WITH_ELASTIC_FIBRES	8.37413947304416e-16	8.57097286143169e-16	4.75297522418188	2.33558859980003	1.25159617577315e-09	1	3	7	0.0320145196412365	1	0	-5.54509567223867	5.81058030327552
JAM3	ITGB1	R-HSA-447041	REACTOME_CHL1_INTERACTIONS	8.56549277510011e-16	8.76161021300755e-16	7.72682422564567	1.64273129306188	1.96180679693249e-14	1	1	3	0.352126496802676	1	0	4.56577146203116	-1.65313439362914
JAM3	ITGB1	R-HSA-75892	REACTOME_PLATELET_ADHESION_TO_EXPOSED_COLLAGEN	8.56549277510011e-16	8.76161021300755e-16	7.72682422564567	1.64273129306188	1.96180679693249e-14	1	1	3	0.352126496802676	1	0	4.56577146203116	-1.65313439362914
LAMC1	ITGA6	R-HSA-210991	REACTOME_BASIGIN_INTERACTIONS	9.03825999176603e-16	9.24245373712103e-16	3.23766986137765	1.21558443268924	1.76480438940043e-12	1	1	3	0.0800072638319114	1	0	5.42501182058629	-4.68122835464662
LIF	IL6ST	R-HSA-112411	REACTOME_MAPK1_ERK2_ACTIVATION	1.11828895013445e-15	1.14321366670505e-15	4.9622342686641	3.9101638262986	7.40281650525152e-11	1	3	7	0.0603027760843575	1	0	-6.20163825687765	5.79722245224878
FBN1	ITGB1	R-HSA-447041	REACTOME_CHL1_INTERACTIONS	1.39476324492129e-15	1.42500313707432e-15	6.40013831890023	1.64273129306188	3.19451091238149e-14	1	1	3	0.352126496802676	1	0	1.72756032766282	-1.65313439362914
FBN1	ITGB1	R-HSA-75892	REACTOME_PLATELET_ADHESION_TO_EXPOSED_COLLAGEN	1.39476324492129e-15	1.42500313707432e-15	6.40013831890023	1.64273129306188	3.19451091238149e-14	1	1	3	0.352126496802676	1	0	1.72756032766282	-1.65313439362914
PDGFB	LRP1	R-HSA-2173782	REACTOME_BINDING_AND_UPTAKE_OF_LIGANDS_BY_SCAVENGER_RECEPTORS	1.45218925642538e-15	1.48323368233471e-15	7.89264021577158	2.87280836263334	3.9471034194646e-15	1	1	2	0.606558030456523	1	0	-3.6504245046412	6.88612338562861
WNT5A	LRP2	R-HSA-9758890	REACTOME_TRANSPORT_OF_RCBL_WITHIN_THE_BODY	2.25722054398691e-15	2.30479034470614e-15	4.8259126929938	7.99094933267061	1.5323702534544e-14	1	1	3	0.528125041599765	1	0	-0.0541399739889715	8.87156702386971
COL4A4	ITGB1	R-HSA-3000157	REACTOME_LAMININ_INTERACTIONS	4.5795124892563e-15	4.67463589407764e-15	4.75297522418188	1.64273129306188	2.33880317219634e-09	1	3	7	0.0397902094200085	1	0	-5.54509567223867	-1.65313439362914
COL6A2	ITGB1	R-HSA-447041	REACTOME_CHL1_INTERACTIONS	5.69401916160102e-15	5.80884517079107e-15	2.61520749325399	1.64273129306188	1.30413576736245e-13	1	1	3	0.352126496802676	1	0	-3.31955637394197	-1.65313439362914
COL6A2	ITGB1	R-HSA-75892	REACTOME_PLATELET_ADHESION_TO_EXPOSED_COLLAGEN	5.69401916160102e-15	5.80884517079107e-15	2.61520749325399	1.64273129306188	1.30413576736245e-13	1	1	3	0.352126496802676	1	0	-3.31955637394197	-1.65313439362914
CLCF1	IL6ST	R-HSA-112409	REACTOME_RAF_INDEPENDENT_MAPK1_3_ACTIVATION	5.77749712819915e-15	5.89225915238811e-15	1.99763232565619	3.9101638262986	1.67688046762495e-09	1	4	9	0.0603027760843575	1	0	6.19877985208826	5.79722245224878
NID1	ITGB1	R-HSA-9830369	REACTOME_KIDNEY_DEVELOPMENT	7.17850824188086e-15	7.31892956492891e-15	1.19124771367259	1.64273129306188	7.83162877534108e-06	1	2	5	0.00368233539143385	1	0	6.87787345437884	-1.65313439362914
LIF	IL6ST	R-HSA-110056	REACTOME_MAPK3_ERK1_ACTIVATION	7.29119707545939e-15	7.43162013024602e-15	4.9622342686641	3.9101638262986	7.40281650525152e-11	1	3	7	0.0886234682815491	1	0	-6.20163825687765	5.79722245224878
DKK2	LRP6	R-HSA-4641262	REACTOME_DISASSEMBLY_OF_THE_DESTRUCTION_COMPLEX_AND_RECRUITMENT_OF_AXIN_TO_THE_MEMBRANE	8.72977028712768e-15	8.89526356271304e-15	1.22361675647185	1.83737033179993	1.93847110264785e-06	1	6	12	0.0251444257851206	1	0	-2.62395562712841	-0.192774737109088
WNT5A	LDLR	R-HSA-8964026	REACTOME_CHYLOMICRON_CLEARANCE	8.87256578003814e-15	9.03808892014546e-15	4.8259126929938	2.81792410946131	2.41159577340618e-14	1	1	2	0.606558030456523	1	0	-0.0541399739889715	5.40487362281668
FN1	ITGA6	R-HSA-210991	REACTOME_BASIGIN_INTERACTIONS	9.82368914813909e-15	1.00039936854939e-14	4.37912027588558	1.21558443268924	1.91816674277299e-11	1	1	3	0.0800072638319114	1	0	3.43264151330902	-4.68122835464662
FGF2	FGFR3	R-HSA-5654704	REACTOME_SHC_MEDIATED_CASCADE_FGFR3	1.20704235475784e-14	1.22883270209144e-14	1.22084110229944	4.05722087136925	4.09851165565448e-12	1	3	6	0.124745628956051	1	0	5.86272009779499	-0.41857284145358
AGRN	ITGB1	R-HSA-3000157	REACTOME_LAMININ_INTERACTIONS	1.40721247508494e-14	1.43219257819296e-14	1.11546551296964	1.64273129306188	7.18677590333947e-09	1	3	7	0.0397902094200085	1	0	5.51142825962013	-1.65313439362914
AGRN	LRP2	R-HSA-9758890	REACTOME_TRANSPORT_OF_RCBL_WITHIN_THE_BODY	1.55686621211705e-14	1.58403424125485e-14	1.11546551296964	7.99094933267061	1.0569173129368e-13	1	1	3	0.528125041599765	1	0	5.51142825962013	8.87156702386971
NID1	ITGA3	R-HSA-210991	REACTOME_BASIGIN_INTERACTIONS	1.90223593396397e-14	1.93485854903491e-14	1.19124771367259	4.13720289413487	3.71429271673218e-11	1	1	3	0.0800072638319114	1	0	6.87787345437884	4.28443713596128
CLCF1	IL6ST	R-HSA-112411	REACTOME_MAPK1_ERK2_ACTIVATION	2.53313978039437e-14	2.57582052750713e-14	1.99763232565619	3.9101638262986	1.67688046762495e-09	1	3	7	0.0603027760843575	1	0	6.19877985208826	5.79722245224878
FGF2	FGFR3	R-HSA-5654706	REACTOME_FRS_MEDIATED_FGFR3_SIGNALING	3.36505868064607e-14	3.4207452309168e-14	1.22084110229944	4.05722087136925	4.09851165565448e-12	1	3	7	0.226250277502737	1	0	5.86272009779499	-0.41857284145358
LAMA3	ITGA6	R-HSA-210991	REACTOME_BASIGIN_INTERACTIONS	3.43931355565864e-14	3.49519605065457e-14	1.52751187044421	1.21558443268924	6.71557984067769e-11	1	1	3	0.0800072638319114	1	0	-6.34615646135939	-4.68122835464662
LGALS3BP	ITGB1	R-HSA-447041	REACTOME_CHL1_INTERACTIONS	4.76672858196492e-14	4.84131866606417e-14	5.08385796896564	1.64273129306188	1.09175277789221e-12	1	1	3	0.352126496802676	1	0	5.6845059272368	-1.65313439362914
LGALS3BP	ITGB1	R-HSA-75892	REACTOME_PLATELET_ADHESION_TO_EXPOSED_COLLAGEN	4.76672858196492e-14	4.84131866606417e-14	5.08385796896564	1.64273129306188	1.09175277789221e-12	1	1	3	0.352126496802676	1	0	5.6845059272368	-1.65313439362914
IL6ST	IL11RA	R-HSA-6788467	REACTOME_IL_6_TYPE_CYTOKINE_RECEPTOR_LIGAND_INTERACTIONS	5.43157275233493e-14	5.51493809564114e-14	3.9101638262986	1.73888385641276	7.80331923871831e-11	1	1	3	0.0886234682815491	1	0	5.79722245224878	-1.09954402805651
TGFB2	TGFBR3	R-HSA-190242	REACTOME_FGFR1_LIGAND_BINDING_AND_ACTIVATION	5.94480060327297e-14	6.03070305964583e-14	6.5137576516326	1.231627940706	8.29055262965906e-14	1	1	2	0.846792310944902	1	0	5.93110784303411	5.3195988464643
TGFB2	TGFBR3	R-HSA-190370	REACTOME_FGFR1B_LIGAND_BINDING_AND_ACTIVATION	5.94480060327297e-14	6.03070305964583e-14	6.5137576516326	1.231627940706	8.29055262965906e-14	1	1	2	0.846792310944902	1	0	5.93110784303411	5.3195988464643
TGFB2	TGFBR3	R-HSA-190373	REACTOME_FGFR1C_LIGAND_BINDING_AND_ACTIVATION	5.94480060327297e-14	6.03070305964583e-14	6.5137576516326	1.231627940706	8.29055262965906e-14	1	1	2	0.846792310944902	1	0	5.93110784303411	5.3195988464643
THBS1	ITGB3	R-HSA-3000170	REACTOME_SYNDECAN_INTERACTIONS	7.83903705872625e-14	7.9499668284252e-14	10.1171572475629	2.33558859980003	2.13752817950321e-12	1	2	5	0.314651143537348	1	0	3.36324076136934	5.81058030327552
SEMA4D	MET	R-HSA-8875513	REACTOME_MET_INTERACTS_WITH_TNS_PROTEINS	8.06595226781572e-14	8.17768222849574e-14	1.01462714481266	2.64032224114379	1.77060688597618e-07	1	1	2	0.000674942458940906	1	0	7.0765425972243	11.2515502894158
SERPINE1	LRP2	R-HSA-9758890	REACTOME_TRANSPORT_OF_RCBL_WITHIN_THE_BODY	8.75869063466067e-14	8.87740005398724e-14	6.46482832857906	7.99094933267061	5.94605477232513e-13	1	1	3	0.528125041599765	1	0	0.117067438958844	8.87156702386971
CLCF1	IL6ST	R-HSA-110056	REACTOME_MAPK3_ERK1_ACTIVATION	1.65159651772655e-13	1.67348807687167e-13	1.99763232565619	3.9101638262986	1.67688046762495e-09	1	3	7	0.0886234682815491	1	0	6.19877985208826	5.79722245224878
COL11A1	ITGB1	R-HSA-447041	REACTOME_CHL1_INTERACTIONS	1.68904536783441e-13	1.71042568894624e-13	8.7209722535565	1.64273129306188	3.86852311939072e-12	1	1	3	0.352126496802676	1	0	5.2194090555208	-1.65313439362914
COL11A1	ITGB1	R-HSA-75892	REACTOME_PLATELET_ADHESION_TO_EXPOSED_COLLAGEN	1.68904536783441e-13	1.71042568894624e-13	8.7209722535565	1.64273129306188	3.86852311939072e-12	1	1	3	0.352126496802676	1	0	5.2194090555208	-1.65313439362914
THBS1	ITGB1	R-HSA-447041	REACTOME_CHL1_INTERACTIONS	1.74396359069507e-13	1.76499992703473e-13	10.1171572475629	1.64273129306188	3.99430565836698e-12	1	1	3	0.352126496802676	1	0	3.36324076136934	-1.65313439362914
THBS1	ITGB1	R-HSA-75892	REACTOME_PLATELET_ADHESION_TO_EXPOSED_COLLAGEN	1.74396359069507e-13	1.76499992703473e-13	10.1171572475629	1.64273129306188	3.99430565836698e-12	1	1	3	0.352126496802676	1	0	3.36324076136934	-1.65313439362914
HSPG2	ITGB1	R-HSA-447041	REACTOME_CHL1_INTERACTIONS	2.33056832820719e-13	2.35729345752212e-13	3.51948105940521	1.64273129306188	5.33784209156493e-12	1	1	3	0.352126496802676	1	0	4.65016389182664	-1.65313439362914
HSPG2	ITGB1	R-HSA-75892	REACTOME_PLATELET_ADHESION_TO_EXPOSED_COLLAGEN	2.33056832820719e-13	2.35729345752212e-13	3.51948105940521	1.64273129306188	5.33784209156493e-12	1	1	3	0.352126496802676	1	0	4.65016389182664	-1.65313439362914
TNC	ITGB3	R-HSA-3000170	REACTOME_SYNDECAN_INTERACTIONS	2.76215818054629e-13	2.79301121136955e-13	8.5066015717972	2.33558859980003	7.53178088447811e-12	1	2	5	0.314651143537348	1	0	7.35469947673216	5.81058030327552
THBS1	LRP1	R-HSA-2173782	REACTOME_BINDING_AND_UPTAKE_OF_LIGANDS_BY_SCAVENGER_RECEPTORS	3.01771997697683e-13	3.05053092001184e-13	10.1171572475629	2.87280836263334	8.20227307660427e-13	1	1	2	0.606558030456523	1	0	3.36324076136934	6.88612338562861
S100B	APP	R-HSA-879415	REACTOME_ADVANCED_GLYCOSYLATION_ENDPRODUCT_RECEPTOR_SIGNALING	3.49841045752378e-13	3.535408922997e-13	2.91530553230702	1.07409823105059	4.17732978317162e-10	1	2	4	0.0603027760843575	1	0	5.98997946985497	-6.19605749258721
LAMC1	ITGB1	R-HSA-447041	REACTOME_CHL1_INTERACTIONS	3.51338188161777e-13	3.54845380879775e-13	3.23766986137765	1.64273129306188	8.04691176159058e-12	1	1	3	0.352126496802676	1	0	5.42501182058629	-1.65313439362914
LAMC1	ITGB1	R-HSA-75892	REACTOME_PLATELET_ADHESION_TO_EXPOSED_COLLAGEN	3.51338188161777e-13	3.54845380879775e-13	3.23766986137765	1.64273129306188	8.04691176159058e-12	1	1	3	0.352126496802676	1	0	5.42501182058629	-1.65313439362914
HSPG2	LRP1	R-HSA-2173782	REACTOME_BINDING_AND_UPTAKE_OF_LIGANDS_BY_SCAVENGER_RECEPTORS	4.03276916976074e-13	4.07183033283738e-13	3.51948105940521	2.87280836263334	1.09612138427853e-12	1	1	2	0.606558030456523	1	0	4.65016389182664	6.88612338562861
SERPING1	LRP1	R-HSA-2173782	REACTOME_BINDING_AND_UPTAKE_OF_LIGANDS_BY_SCAVENGER_RECEPTORS	5.41767500708254e-13	5.46854519494247e-13	5.48965018721239	2.87280836263334	1.47254384725592e-12	1	1	2	0.606558030456523	1	0	7.07380047492999	6.88612338562861
TNC	ITGB1	R-HSA-447041	REACTOME_CHL1_INTERACTIONS	6.14501916820379e-13	6.19908092041672e-13	8.5066015717972	1.64273129306188	1.40743103613461e-11	1	1	3	0.352126496802676	1	0	7.35469947673216	-1.65313439362914
TNC	ITGB1	R-HSA-75892	REACTOME_PLATELET_ADHESION_TO_EXPOSED_COLLAGEN	6.14501916820379e-13	6.19908092041672e-13	8.5066015717972	1.64273129306188	1.40743103613461e-11	1	1	3	0.352126496802676	1	0	7.35469947673216	-1.65313439362914
NPNT	ITGB1	R-HSA-447041	REACTOME_CHL1_INTERACTIONS	6.32745701917304e-13	6.37938222331631e-13	8.21361350158779	1.64273129306188	1.4492158844144e-11	1	1	3	0.352126496802676	1	0	-1.10868581470011	-1.65313439362914
NPNT	ITGB1	R-HSA-75892	REACTOME_PLATELET_ADHESION_TO_EXPOSED_COLLAGEN	6.32745701917304e-13	6.37938222331631e-13	8.21361350158779	1.64273129306188	1.4492158844144e-11	1	1	3	0.352126496802676	1	0	-1.10868581470011	-1.65313439362914
LTBP1	ITGB3	R-HSA-3000170	REACTOME_SYNDECAN_INTERACTIONS	1.32004443660908e-12	1.3304872141621e-12	2.6298897401509	2.33558859980003	3.59946274052546e-11	1	2	5	0.314651143537348	1	0	7.03079313325193	5.81058030327552
MFGE8	ITGB3	R-HSA-3000170	REACTOME_SYNDECAN_INTERACTIONS	1.4610637576286e-12	1.47219078097317e-12	2.73317240377774	2.33558859980003	3.98399054703467e-11	1	2	5	0.314651143537348	1	0	7.14954233744459	5.81058030327552
FN1	ITGB3	R-HSA-3000170	REACTOME_SYNDECAN_INTERACTIONS	1.71648670020924e-12	1.72905248864415e-12	4.37912027588558	2.33558859980003	4.68047116495695e-11	1	2	5	0.314651143537348	1	0	3.43264151330902	5.81058030327552
NID1	ITGB3	R-HSA-2129379	REACTOME_MOLECULES_ASSOCIATED_WITH_ELASTIC_FIBRES	2.80413300466939e-12	2.82383417332046e-12	1.19124771367259	2.33558859980003	4.19104811461619e-06	1	3	7	0.0320145196412365	1	0	6.87787345437884	5.81058030327552
LTBP1	ITGB1	R-HSA-447041	REACTOME_CHL1_INTERACTIONS	2.93672477665246e-12	2.95562704262273e-12	2.6298897401509	1.64273129306188	6.72615899496749e-11	1	1	3	0.352126496802676	1	0	7.03079313325193	-1.65313439362914
LTBP1	ITGB1	R-HSA-75892	REACTOME_PLATELET_ADHESION_TO_EXPOSED_COLLAGEN	2.93672477665246e-12	2.95562704262273e-12	2.6298897401509	1.64273129306188	6.72615899496749e-11	1	1	3	0.352126496802676	1	0	7.03079313325193	-1.65313439362914
FN1	ITGB1	R-HSA-447041	REACTOME_CHL1_INTERACTIONS	3.81869646316437e-12	3.84102802142849e-12	4.37912027588558	1.64273129306188	8.74619227820244e-11	1	1	3	0.352126496802676	1	0	3.43264151330902	-1.65313439362914
FN1	ITGB1	R-HSA-75892	REACTOME_PLATELET_ADHESION_TO_EXPOSED_COLLAGEN	3.81869646316437e-12	3.84102802142849e-12	4.37912027588558	1.64273129306188	8.74619227820244e-11	1	1	3	0.352126496802676	1	0	3.43264151330902	-1.65313439362914
LAMA3	ITGB1	R-HSA-447041	REACTOME_CHL1_INTERACTIONS	1.33694117481261e-11	1.34397359478532e-11	1.52751187044421	1.64273129306188	3.06207751580951e-10	1	1	3	0.352126496802676	1	0	-6.34615646135939	-1.65313439362914
LAMA3	ITGB1	R-HSA-75892	REACTOME_PLATELET_ADHESION_TO_EXPOSED_COLLAGEN	1.33694117481261e-11	1.34397359478532e-11	1.52751187044421	1.64273129306188	3.06207751580951e-10	1	1	3	0.352126496802676	1	0	-6.34615646135939	-1.65313439362914
NID1	ITGB1	R-HSA-3000157	REACTOME_LAMININ_INTERACTIONS	1.53347841384245e-11	1.54109428677126e-11	1.19124771367259	1.64273129306188	7.83162877534108e-06	1	3	7	0.0397902094200085	1	0	6.87787345437884	-1.65313439362914
SEMA4D	MET	R-HSA-8851805	REACTOME_MET_ACTIVATES_RAS_SIGNALING	2.27956181296309e-11	2.29021397096759e-11	1.01462714481266	2.64032224114379	1.77060688597618e-07	1	4	8	0.0775684949930508	1	0	7.0765425972243	11.2515502894158
COL4A4	ITGB3	R-HSA-3000170	REACTOME_SYNDECAN_INTERACTIONS	4.5900254782728e-11	4.6101277796375e-11	4.75297522418188	2.33558859980003	1.25159617577315e-09	1	2	5	0.314651143537348	1	0	-5.54509567223867	5.81058030327552
NECTIN1	NECTIN3	R-HSA-420597	REACTOME_NECTIN_NECL_TRANS_HETERODIMERIZATION	8.91650361094293e-11	8.95293999464205e-11	1.43588676237718	2.34403457333785	7.33328069013891e-09	1	2	5	0.233868422107236	1	0	3.7522277291151	4.33763175772398
COL4A4	ITGB1	R-HSA-447041	REACTOME_CHL1_INTERACTIONS	1.02115058960713e-10	1.02472521244123e-10	4.75297522418188	1.64273129306188	2.33880317219634e-09	1	1	3	0.352126496802676	1	0	-5.54509567223867	-1.65313439362914
COL4A4	ITGB1	R-HSA-75892	REACTOME_PLATELET_ADHESION_TO_EXPOSED_COLLAGEN	1.02115058960713e-10	1.02472521244123e-10	4.75297522418188	1.64273129306188	2.33880317219634e-09	1	1	3	0.352126496802676	1	0	-5.54509567223867	-1.65313439362914
APP	LRP1	R-HSA-2173782	REACTOME_BINDING_AND_UPTAKE_OF_LIGANDS_BY_SCAVENGER_RECEPTORS	2.36607115739353e-10	2.37366135358231e-10	1.07409823105059	2.87280836263334	6.43106779279801e-10	1	1	2	0.606558030456523	1	0	-6.19605749258721	6.88612338562861
AGRN	ITGB1	R-HSA-447041	REACTOME_CHL1_INTERACTIONS	3.13783585481359e-10	3.14606684364872e-10	1.11546551296964	1.64273129306188	7.18677590333947e-09	1	1	3	0.352126496802676	1	0	5.51142825962013	-1.65313439362914
AGRN	ITGB1	R-HSA-75892	REACTOME_PLATELET_ADHESION_TO_EXPOSED_COLLAGEN	3.13783585481359e-10	3.14606684364872e-10	1.11546551296964	1.64273129306188	7.18677590333947e-09	1	1	3	0.352126496802676	1	0	5.51142825962013	-1.65313439362914
AGRN	LRP1	R-HSA-2173782	REACTOME_BINDING_AND_UPTAKE_OF_LIGANDS_BY_SCAVENGER_RECEPTORS	5.42964887229735e-10	5.4423053964752e-10	1.11546551296964	2.87280836263334	1.47579838753877e-09	1	1	2	0.606558030456523	1	0	5.51142825962013	6.88612338562861
SEMA4D	MET	R-HSA-8865999	REACTOME_MET_ACTIVATES_PTPN11	2.05064040618111e-09	2.05482172946781e-09	1.01462714481266	2.64032224114379	1.77060688597618e-07	1	1	3	0.226250277502737	1	0	7.0765425972243	11.2515502894158
SERPINE1	LRP1	R-HSA-2173782	REACTOME_BINDING_AND_UPTAKE_OF_LIGANDS_BY_SCAVENGER_RECEPTORS	3.05463721655431e-09	3.05997438117263e-09	6.46482832857906	2.87280836263334	8.3026154816515e-09	1	1	2	0.606558030456523	1	0	0.117067438958844	6.88612338562861
NID1	ITGB3	R-HSA-3000170	REACTOME_SYNDECAN_INTERACTIONS	1.53699875400084e-07	1.5392360156515e-07	1.19124771367259	2.33558859980003	4.19104811461619e-06	1	2	5	0.314651143537348	1	0	6.87787345437884	5.81058030327552
NID1	ITGB1	R-HSA-447041	REACTOME_CHL1_INTERACTIONS	3.41938664894729e-07	3.42237127505926e-07	1.19124771367259	1.64273129306188	7.83162877534108e-06	1	1	3	0.352126496802676	1	0	6.87787345437884	-1.65313439362914
NID1	ITGB1	R-HSA-75892	REACTOME_PLATELET_ADHESION_TO_EXPOSED_COLLAGEN	3.41938664894729e-07	3.42237127505926e-07	1.19124771367259	1.64273129306188	7.83162877534108e-06	1	1	3	0.352126496802676	1	0	6.87787345437884	-1.65313439362914
FGF2	TGFBR3	R-HSA-190242	REACTOME_FGFR1_LIGAND_BINDING_AND_ACTIVATION	4.23931820764628e-07	4.23931820764628e-07	1.22084110229944	1.231627940706	5.91210589889478e-07	1	1	2	0.846792310944902	1	0	5.86272009779499	5.3195988464643
FGF2	TGFBR3	R-HSA-190370	REACTOME_FGFR1B_LIGAND_BINDING_AND_ACTIVATION	4.23931820764628e-07	4.23931820764628e-07	1.22084110229944	1.231627940706	5.91210589889478e-07	1	1	2	0.846792310944902	1	0	5.86272009779499	5.3195988464643
FGF2	TGFBR3	R-HSA-190373	REACTOME_FGFR1C_LIGAND_BINDING_AND_ACTIVATION	4.23931820764628e-07	4.23931820764628e-07	1.22084110229944	1.231627940706	5.91210589889478e-07	1	1	2	0.846792310944902	1	0	5.86272009779499	5.3195988464643
