L	R	pw.id	pw.name	pval	qval	L.logFC	R.logFC	LR.pval	LR.corr	rank	len	rank.pval	rank.corr	LR.score	L.expr	R.expr
ADAM17	ITGA5	R-HSA-1474244	REACTOME_EXTRACELLULAR_MATRIX_ORGANIZATION	0	0	1.42524963251102	2.74810201241895	9.38448394057236e-16	1	45	82	4.57553744549397e-11	1	0	2.96638487459486	6.53408538253178
ADAM28	ITGA4	R-HSA-1474244	REACTOME_EXTRACELLULAR_MATRIX_ORGANIZATION	0	0	11.5320715366163	10.6187798350275	9.52637765582395e-25	1	45	83	6.37125497453522e-11	1	0	0.461161341739883	5.59109838736174
ARTN	RET	R-HSA-5683057	REACTOME_MAPK_FAMILY_SIGNALING_CASCADES	0	0	4.5408222922158	4.56197317355752	2.54589907585647e-20	1	73	134	1.91565307106005e-06	1	0	5.40240954328139	-5.28208294360426
C3	ITGAM	R-HSA-1474244	REACTOME_EXTRACELLULAR_MATRIX_ORGANIZATION	0	0	2.06974471005659	16.5987336946007	4.80734743031271e-12	1	45	82	1.04684150608523e-10	1	0	-4.34700572545328	4.27291395610315
C3	ITGB2	R-HSA-1474244	REACTOME_EXTRACELLULAR_MATRIX_ORGANIZATION	0	0	2.06974471005659	11.7657488855183	1.08498975906816e-15	1	46	84	1.04684150608523e-10	1	0	-4.34700572545328	3.11933369749473
COL5A3	SDC3	R-HSA-1474244	REACTOME_EXTRACELLULAR_MATRIX_ORGANIZATION	0	0	7.48429256741402	1.78001145544524	1.37748912171173e-17	1	44	81	1.04684150608523e-10	1	0	5.23008582373401	-6.17446797844773
COL7A1	ITGA2	R-HSA-1474244	REACTOME_EXTRACELLULAR_MATRIX_ORGANIZATION	0	0	3.44838036292359	1.17069959486867	2.83570303465653e-14	1	45	82	1.04684150608523e-10	1	0	4.66528042282581	6.16766331304428
EFNB2	PECAM1	R-HSA-1474244	REACTOME_EXTRACELLULAR_MATRIX_ORGANIZATION	0	0	3.17036233575557	11.540114414625	1.50165490900004e-22	1	46	84	1.04684150608523e-10	1	0	7.38943307846952	-2.02791181435216
GNAS	ADCY1	R-HSA-9006925	REACTOME_INTRACELLULAR_SIGNALING_BY_SECOND_MESSENGERS	0	0	3.88430684035025	9.34697466792488	1.25259528852758e-25	1	88	160	1.59505553991904e-05	1	0	-3.32529683538792	-5.37265018819338
GNAS	ADCY8	R-HSA-9006925	REACTOME_INTRACELLULAR_SIGNALING_BY_SECOND_MESSENGERS	0	0	3.88430684035025	10.8719897892569	4.0294972897434e-25	1	88	160	1.59505553991904e-05	1	0	-3.32529683538792	-6.34659258778807
ICAM2	ITGAL	R-HSA-1474244	REACTOME_EXTRACELLULAR_MATRIX_ORGANIZATION	0	0	5.12198886570994	8.86460768862375	1.74068384106345e-23	1	46	84	1.04684150608523e-10	1	0	0.512202975043444	5.0510565510483
ICAM2	ITGAM	R-HSA-1474244	REACTOME_EXTRACELLULAR_MATRIX_ORGANIZATION	0	0	5.12198886570994	16.5987336946007	5.46611241565394e-20	1	45	82	1.04684150608523e-10	1	0	0.512202975043444	4.27291395610315
ICAM2	ITGB2	R-HSA-1474244	REACTOME_EXTRACELLULAR_MATRIX_ORGANIZATION	0	0	5.12198886570994	11.7657488855183	1.23366910315322e-23	1	46	84	1.04684150608523e-10	1	0	0.512202975043444	3.11933369749473
ICAM3	ITGAL	R-HSA-1474244	REACTOME_EXTRACELLULAR_MATRIX_ORGANIZATION	0	0	7.46920273925744	8.86460768862375	9.91890956726284e-27	1	46	84	1.04684150608523e-10	1	0	3.8173670725711	5.0510565510483
ICAM3	ITGB2	R-HSA-1474244	REACTOME_EXTRACELLULAR_MATRIX_ORGANIZATION	0	0	7.46920273925744	11.7657488855183	7.02979598100206e-27	1	46	84	1.04684150608523e-10	1	0	3.8173670725711	3.11933369749473
ICAM5	ITGAL	R-HSA-1474244	REACTOME_EXTRACELLULAR_MATRIX_ORGANIZATION	0	0	6.42341049535512	8.86460768862375	5.82683203250197e-25	1	46	84	1.04684150608523e-10	1	0	6.05285420341475	5.0510565510483
ICAM5	ITGB2	R-HSA-1474244	REACTOME_EXTRACELLULAR_MATRIX_ORGANIZATION	0	0	6.42341049535512	11.7657488855183	4.12963140013382e-25	1	46	84	1.04684150608523e-10	1	0	6.05285420341475	3.11933369749473
IL16	GRIN2D	R-HSA-5683057	REACTOME_MAPK_FAMILY_SIGNALING_CASCADES	0	0	7.98036826906699	5.28045775920675	3.29737103943083e-25	1	74	136	8.20151745614629e-07	1	0	1.73597408860322	5.06833043023276
MMP9	ITGAM	R-HSA-1474244	REACTOME_EXTRACELLULAR_MATRIX_ORGANIZATION	0	0	15.6513939360376	16.5987336946007	2.74865971288648e-23	1	45	82	1.04684150608523e-10	1	0	-5.5696818702827	4.27291395610315
MMP9	ITGB2	R-HSA-1474244	REACTOME_EXTRACELLULAR_MATRIX_ORGANIZATION	0	0	15.6513939360376	11.7657488855183	6.20356169982717e-27	1	46	84	1.04684150608523e-10	1	0	-5.5696818702827	3.11933369749473
SEMA7A	ITGA1	R-HSA-1474244	REACTOME_EXTRACELLULAR_MATRIX_ORGANIZATION	0	0	9.33656227194617	1.60026193912907	7.07223124838554e-19	1	46	84	1.04684150608523e-10	1	0	0.941839880249284	-0.505142629525767
SPP1	ITGA4	R-HSA-1474244	REACTOME_EXTRACELLULAR_MATRIX_ORGANIZATION	0	0	4.04507551954381	10.6187798350275	1.77555642263894e-24	1	45	83	6.37125497453522e-11	1	0	-6.09446023835351	5.59109838736174
SPP1	ITGA5	R-HSA-1474244	REACTOME_EXTRACELLULAR_MATRIX_ORGANIZATION	0	0	4.04507551954381	2.74810201241895	4.11291008069406e-18	1	45	82	4.57553744549397e-11	1	0	-6.09446023835351	6.53408538253178
TGFB1	ITGB8	R-HSA-1474244	REACTOME_EXTRACELLULAR_MATRIX_ORGANIZATION	0	0	2.95574401322572	1.87835816240454	1.07951475118054e-13	1	46	84	1.08575433623011e-10	1	0	-6.34659258778807	8.06019313722854
TGFB1	SDC2	R-HSA-1474244	REACTOME_EXTRACELLULAR_MATRIX_ORGANIZATION	0	0	2.95574401322572	6.61829755285028	5.71429836725996e-25	1	45	83	1.08575433623011e-10	1	0	-6.34659258778807	4.69450721033713
TGM2	ITGA4	R-HSA-1474244	REACTOME_EXTRACELLULAR_MATRIX_ORGANIZATION	0	0	1.06110734062368	10.6187798350275	1.01995112177686e-17	1	45	83	6.37125497453522e-11	1	0	6.77555597113589	5.59109838736174
VEGFA	RET	R-HSA-5683057	REACTOME_MAPK_FAMILY_SIGNALING_CASCADES	0	0	3.93628329851797	4.56197317355752	6.00327632161932e-25	1	73	134	1.91565307106005e-06	1	0	6.68732567798344	-5.28208294360426
VEGFB	RET	R-HSA-5683057	REACTOME_MAPK_FAMILY_SIGNALING_CASCADES	0	0	1.18087730176445	4.56197317355752	4.00121862793146e-18	1	73	134	1.91565307106005e-06	1	0	2.65759682446539	-5.28208294360426
TIMP3	ADAM17	R-HSA-1474244	REACTOME_EXTRACELLULAR_MATRIX_ORGANIZATION	0	0	1.65750776490791	1.42524963251102	5.05229467937204e-11	1	45	82	6.37125497453522e-11	1	0	3.08566526662408	2.96638487459486
TLN1	ITGA1	R-HSA-1474244	REACTOME_EXTRACELLULAR_MATRIX_ORGANIZATION	0	0	1.25707627841883	1.60026193912907	1.8237208997098e-11	1	46	84	1.04684150608523e-10	1	0	1.82527395686905	-0.505142629525767
YWHAZ	CSF2RB	R-HSA-5683057	REACTOME_MAPK_FAMILY_SIGNALING_CASCADES	0	0	2.33464854280851	8.46960551114868	8.97147586249733e-23	1	74	135	8.20151745614629e-07	1	0	6.22924882001352	4.48554323395549
YWHAZ	IL3RA	R-HSA-5683057	REACTOME_MAPK_FAMILY_SIGNALING_CASCADES	0	0	2.33464854280851	9.18897469246178	1.39305636386242e-22	1	74	135	8.20151745614629e-07	1	0	6.22924882001352	5.63048851253718
YWHAZ	CSF2RA	R-HSA-5683057	REACTOME_MAPK_FAMILY_SIGNALING_CASCADES	0	0	2.33464854280851	4.72463681714405	2.3411347851859e-21	1	74	135	8.20151745614629e-07	1	0	6.22924882001352	6.10264658434416
ITGAM	ITGB2	R-HSA-1474244	REACTOME_EXTRACELLULAR_MATRIX_ORGANIZATION	0	0	16.5987336946007	11.7657488855183	7.64811877566845e-22	1	46	84	1.04684150608523e-10	1	0	4.27291395610315	3.11933369749473
ITGB2	ITGAM	R-HSA-1474244	REACTOME_EXTRACELLULAR_MATRIX_ORGANIZATION	0	0	11.7657488855183	16.5987336946007	7.64811877566845e-22	1	45	82	1.04684150608523e-10	1	0	3.11933369749473	4.27291395610315
COL9A2	ITGA2	R-HSA-1474244	REACTOME_EXTRACELLULAR_MATRIX_ORGANIZATION	0	0	7.97165942920147	1.17069959486867	1.04853974818801e-18	1	45	82	1.04684150608523e-10	1	0	3.61047951196797	6.16766331304428
COL9A2	ITGA1	R-HSA-1474244	REACTOME_EXTRACELLULAR_MATRIX_ORGANIZATION	0	0	7.97165942920147	1.60026193912907	2.33911588881011e-21	1	46	84	1.04684150608523e-10	1	0	3.61047951196797	-0.505142629525767
ITGB2	ITGAL	R-HSA-1474244	REACTOME_EXTRACELLULAR_MATRIX_ORGANIZATION	0	0	11.7657488855183	8.86460768862375	2.4355439030515e-25	1	46	84	1.04684150608523e-10	1	0	3.11933369749473	5.0510565510483
NAMPT	INSR	R-HSA-9006925	REACTOME_INTRACELLULAR_SIGNALING_BY_SECOND_MESSENGERS	6.4228533959362e-323	1.22034214522788e-321	4.93248461675253	1.33894977131172	2.05847117159308e-19	1	88	160	1.59505553991904e-05	1	0	5.06835275159893	3.85998171650034
IL1B	IL1RAP	R-HSA-9006925	REACTOME_INTRACELLULAR_SIGNALING_BY_SECOND_MESSENGERS	2.72457441055614e-319	5.04046265952886e-318	20.588790784624	1.64529544224803	8.58904776829129e-16	1	88	160	1.59505553991904e-05	1	0	-4.94418235727288	-1.71122088814698
IL33	IL1RAP	R-HSA-9006925	REACTOME_INTRACELLULAR_SIGNALING_BY_SECOND_MESSENGERS	2.0958343747089e-317	3.78272547607229e-316	4.50868194793462	1.64529544224803	6.60694187720017e-14	1	88	160	1.59505553991904e-05	1	0	-0.360272512070468	-1.71122088814698
IL36G	IL1RAP	R-HSA-9006925	REACTOME_INTRACELLULAR_SIGNALING_BY_SECOND_MESSENGERS	4.52677588825493e-316	7.97574799500363e-315	14.6411919060158	1.64529544224803	1.42702805063197e-12	1	88	160	1.59505553991904e-05	1	0	-4.85250246115039	-1.71122088814698
TGFB1	SDC2	R-HSA-9694516	REACTOME_SARS_COV_2_INFECTION	7.27428703415438e-312	1.2518540477382e-310	2.95574401322572	6.61829755285028	5.71429836725996e-25	1	78	142	8.91337763047357e-06	1	0	-6.34659258778807	4.69450721033713
COL5A3	SDC3	R-HSA-9694516	REACTOME_SARS_COV_2_INFECTION	3.22789001876716e-310	5.42872412247204e-309	7.48429256741402	1.78001145544524	1.37748912171173e-17	1	78	142	7.27462739258307e-06	1	0	5.23008582373401	-6.17446797844773
VEGFA	NRP1	R-HSA-9694516	REACTOME_SARS_COV_2_INFECTION	1.40583617589411e-305	2.31181948924809e-304	3.93628329851797	2.24099444318722	1.10435116552692e-18	1	78	142	8.91337763047357e-06	1	0	6.68732567798344	6.62334531859917
RPS19	C5AR1	R-HSA-418594	REACTOME_G_ALPHA_I_SIGNALLING_EVENTS	7.78115887227827e-305	1.25175164467085e-303	7.37170916561616	13.6285675523096	3.68106139265792e-29	1	43	79	8.6447545653681e-09	1	0	2.10315066371937	5.50989368890511
FYN	NRP1	R-HSA-9694516	REACTOME_SARS_COV_2_INFECTION	1.373752956333e-302	2.16293018656685e-301	1.99261108018638	2.24099444318722	1.07914827096232e-15	1	78	142	8.91337763047357e-06	1	0	4.45075339212144	6.62334531859917
TGFB1	CXCR4	R-HSA-418594	REACTOME_G_ALPHA_I_SIGNALLING_EVENTS	3.39518538743041e-302	5.23424413895521e-301	2.95574401322572	5.53945066606859	1.60617281509471e-26	1	43	79	8.6447545653681e-09	1	0	-6.34659258778807	-0.687031617827566
VEGFB	NRP1	R-HSA-9694516	REACTOME_SARS_COV_2_INFECTION	9.36997998001552e-299	1.41505820106357e-297	1.18087730176445	2.24099444318722	7.36056482919352e-12	1	78	142	8.91337763047357e-06	1	0	2.65759682446539	6.62334531859917
GNAS	ADCY1	R-HSA-418594	REACTOME_G_ALPHA_I_SIGNALLING_EVENTS	5.24025821729993e-295	7.7555821616039e-294	3.88430684035025	9.34697466792488	1.25259528852758e-25	1	42	78	1.30119734878587e-08	1	0	-3.32529683538792	-5.37265018819338
GNAS	ADCY8	R-HSA-418594	REACTOME_G_ALPHA_I_SIGNALLING_EVENTS	1.68574849973984e-294	2.44598801923035e-293	3.88430684035025	10.8719897892569	4.0294972897434e-25	1	42	78	1.30119734878587e-08	1	0	-3.32529683538792	-6.34659258778807
FYN	CD86	R-HSA-9006925	REACTOME_INTRACELLULAR_SIGNALING_BY_SECOND_MESSENGERS	1.62182527715434e-293	2.30798212518117e-292	1.99261108018638	6.32812731458128	2.72100845960103e-17	1	86	158	3.83427199720874e-05	1	0	4.45075339212144	5.18392620087655
CXCL13	CXCR5	R-HSA-418594	REACTOME_G_ALPHA_I_SIGNALLING_EVENTS	5.94038160866005e-293	8.29411771775177e-292	18.5103705619622	10.109125727844	1.41994796945282e-23	1	42	78	1.30119734878587e-08	1	0	-2.05650937010322	5.16362313197626
EFNB2	PECAM1	R-HSA-76002	REACTOME_PLATELET_ACTIVATION_SIGNALING_AND_AGGREGATION	1.11102704008798e-292	1.52251853641687e-291	3.17036233575557	11.540114414625	1.50165490900004e-22	1	42	78	1.24167625590174e-08	1	0	7.38943307846952	-2.02791181435216
FYN	CD80	R-HSA-9006925	REACTOME_INTRACELLULAR_SIGNALING_BY_SECOND_MESSENGERS	2.51744953592705e-292	3.38711392106549e-291	1.99261108018638	7.66483786347716	4.22363714536207e-16	1	86	158	3.83427199720874e-05	1	0	4.45075339212144	2.18074259789645
C3	C3AR1	R-HSA-418594	REACTOME_G_ALPHA_I_SIGNALLING_EVENTS	1.72740334260868e-291	2.28264013130433e-290	2.06974471005659	6.18952170168114	1.53709365877081e-15	1	42	78	8.6447545653681e-09	1	0	-4.34700572545328	1.37130290962593
CD86	CD80	R-HSA-9006925	REACTOME_INTRACELLULAR_SIGNALING_BY_SECOND_MESSENGERS	3.3500984429145e-291	4.27426353061505e-290	6.32812731458128	7.66483786347716	5.62060928021849e-15	1	86	158	3.83427199720874e-05	1	0	5.18392620087655	2.18074259789645
CD80	CD86	R-HSA-9006925	REACTOME_INTRACELLULAR_SIGNALING_BY_SECOND_MESSENGERS	3.3500984429145e-291	4.27426353061505e-290	7.66483786347716	6.32812731458128	5.62060928021849e-15	1	86	158	3.83427199720874e-05	1	0	2.18074259789645	5.18392620087655
CD274	CD80	R-HSA-9006925	REACTOME_INTRACELLULAR_SIGNALING_BY_SECOND_MESSENGERS	1.5528722433884e-290	1.9476702713685e-289	6.76425271947831	7.66483786347716	2.60532288555357e-14	1	86	158	3.83427199720874e-05	1	0	-5.83475328313249	2.18074259789645
TGM2	TBXA2R	R-HSA-76002	REACTOME_PLATELET_ACTIVATION_SIGNALING_AND_AGGREGATION	6.88130263006661e-285	8.48693991041548e-284	1.06110734062368	7.00639664415282	4.94468207818624e-15	1	43	79	1.24167625590174e-08	1	0	6.77555597113589	0.498140480524214
FABP5	RXRA	R-HSA-1852241	REACTOME_ORGANELLE_BIOGENESIS_AND_MAINTENANCE	7.18291389818316e-280	8.71369882730416e-279	8.47694168272266	1.83020235263626	7.76831335413457e-20	1	80	146	3.04606807697333e-05	1	0	8.73484354360591	4.21333417815457
ABCA1	RXRA	R-HSA-1852241	REACTOME_ORGANELLE_BIOGENESIS_AND_MAINTENANCE	2.2740268292052e-278	2.71416105421266e-277	6.4343069730884	1.83020235263626	2.45935747460975e-18	1	80	146	3.04606807697333e-05	1	0	-3.90187549381722	4.21333417815457
FABP5	RXRA	R-HSA-2990846	REACTOME_SUMOYLATION	1.29266973461888e-266	1.51837397399678e-265	8.47694168272266	1.83020235263626	7.76831335413457e-20	1	70	128	1.53682161829918e-05	1	0	8.73484354360591	4.21333417815457
ABCA1	RXRA	R-HSA-2990846	REACTOME_SUMOYLATION	4.09244172976712e-265	4.73188575004323e-264	6.4343069730884	1.83020235263626	2.45935747460975e-18	1	70	128	1.53682161829918e-05	1	0	-3.90187549381722	4.21333417815457
UBC	TLR4	R-HSA-983169	REACTOME_CLASS_I_MHC_MEDIATED_ANTIGEN_PROCESSING_PRESENTATION	4.46262031309224e-259	5.08052158721271e-258	4.18244461339545	4.6419560817631	1.31737143416855e-23	1	90	164	0.000166631150910981	1	0	2.53574873778906	2.9568382202823
COL5A3	SDC3	R-HSA-71387	REACTOME_METABOLISM_OF_CARBOHYDRATES	8.05403330518963e-259	9.03027976642474e-258	7.48429256741402	1.78001145544524	1.37748912171173e-17	1	44	80	7.24980876988648e-08	1	0	5.23008582373401	-6.17446797844773
FABP5	RXRA	R-HSA-9006936	REACTOME_SIGNALING_BY_TGFB_FAMILY_MEMBERS	8.21848127182539e-259	9.07712856888177e-258	8.47694168272266	1.83020235263626	7.76831335413457e-20	1	58	106	3.14111360812095e-06	1	0	8.73484354360591	4.21333417815457
ABCA1	RXRA	R-HSA-9006936	REACTOME_SIGNALING_BY_TGFB_FAMILY_MEMBERS	2.60187539101347e-257	2.83145263139701e-256	6.4343069730884	1.83020235263626	2.45935747460975e-18	1	58	106	3.14111360812095e-06	1	0	-3.90187549381722	4.21333417815457
TGFB1	SDC2	R-HSA-71387	REACTOME_METABOLISM_OF_CARBOHYDRATES	3.4253352920617e-257	3.67354799438501e-256	2.95574401322572	6.61829755285028	5.71429836725996e-25	1	44	80	1.27017077620466e-07	1	0	-6.34659258778807	4.69450721033713
GNAS	ADCY1	R-HSA-9658195	REACTOME_LEISHMANIA_INFECTION	4.17406087232267e-250	4.41257863645539e-249	3.88430684035025	9.34697466792488	1.25259528852758e-25	1	47	86	5.88527583095732e-07	1	0	-3.32529683538792	-5.37265018819338
GNAS	ADCY8	R-HSA-9658195	REACTOME_LEISHMANIA_INFECTION	1.34276147501873e-249	1.39949787537164e-248	3.88430684035025	10.8719897892569	4.0294972897434e-25	1	47	86	5.88527583095732e-07	1	0	-3.32529683538792	-6.34659258778807
GDF11	ACVR2B	R-HSA-9006936	REACTOME_SIGNALING_BY_TGFB_FAMILY_MEMBERS	7.69541891156233e-249	7.90918054799461e-248	1.98849294001115	1.19660319900612	1.35268634122123e-09	1	57	105	3.14111360812095e-06	1	0	5.27595393044558	4.534513414725
IL16	CD4	R-HSA-162906	REACTOME_HIV_INFECTION	2.87982824637034e-248	2.91927794837541e-247	7.98036826906699	12.7109117600822	6.71293714986327e-27	1	63	116	1.89279320051955e-05	1	0	1.73597408860322	6.96033734757578
TGFB1	CXCR4	R-HSA-162906	REACTOME_HIV_INFECTION	6.89042923864724e-248	6.89042923864724e-247	2.95574401322572	5.53945066606859	1.60617281509471e-26	1	63	116	1.89279320051955e-05	1	0	-6.34659258778807	-0.687031617827566
SHANK1	ABCA1	R-HSA-9006931	REACTOME_SIGNALING_BY_NUCLEAR_RECEPTORS	2.13743255379947e-245	2.10893345308215e-244	1.06706458146297	6.4343069730884	6.61278884149668e-13	1	73	133	3.58593152556402e-05	1	0	3.25003896762908	-3.90187549381722
FABP5	RXRA	R-HSA-9006931	REACTOME_SIGNALING_BY_NUCLEAR_RECEPTORS	5.29603852631977e-244	5.15666909141662e-243	8.47694168272266	1.83020235263626	7.76831335413457e-20	1	72	132	4.95950882610247e-05	1	0	8.73484354360591	4.21333417815457
MMP9	ITGB2	R-HSA-168898	REACTOME_TOLL_LIKE_RECEPTOR_CASCADES	4.06584586962316e-243	3.90743629028719e-242	15.6513939360376	11.7657488855183	6.20356169982717e-27	1	54	99	4.77149543843287e-06	1	0	-5.5696818702827	3.11933369749473
ICAM3	ITGB2	R-HSA-168898	REACTOME_TOLL_LIKE_RECEPTOR_CASCADES	4.60736401710117e-243	4.37108893930111e-242	7.46920273925744	11.7657488855183	7.02979598100206e-27	1	54	99	4.77149543843287e-06	1	0	3.8173670725711	3.11933369749473
ABCA1	RXRA	R-HSA-9006931	REACTOME_SIGNALING_BY_NUCLEAR_RECEPTORS	1.67666407645534e-242	1.57054609693285e-241	6.4343069730884	1.83020235263626	2.45935747460975e-18	1	72	132	4.95950882610247e-05	1	0	-3.90187549381722	4.21333417815457
TIMP3	ADAM17	R-HSA-9658195	REACTOME_LEISHMANIA_INFECTION	2.10251396425568e-241	1.9448254169365e-240	1.65750776490791	1.42524963251102	5.05229467937204e-11	1	47	87	5.88527583095732e-07	1	0	3.08566526662408	2.96638487459486
ICAM5	ITGB2	R-HSA-168898	REACTOME_TOLL_LIKE_RECEPTOR_CASCADES	2.70658140980011e-241	2.47267931265689e-240	6.42341049535512	11.7657488855183	4.12963140013382e-25	1	54	99	4.77149543843287e-06	1	0	6.05285420341475	3.11933369749473
C3	C3AR1	R-HSA-9658195	REACTOME_LEISHMANIA_INFECTION	5.8665507889833e-241	5.29420437054591e-240	2.06974471005659	6.18952170168114	1.53709365877081e-15	1	47	86	5.57493963849204e-07	1	0	-4.34700572545328	1.37130290962593
ICAM2	ITGB2	R-HSA-168898	REACTOME_TOLL_LIKE_RECEPTOR_CASCADES	8.08553000718439e-240	7.20878578953789e-239	5.12198886570994	11.7657488855183	1.23366910315322e-23	1	54	99	4.77149543843287e-06	1	0	0.512202975043444	3.11933369749473
MMP9	ITGAM	R-HSA-168898	REACTOME_TOLL_LIKE_RECEPTOR_CASCADES	1.8014855467546e-239	1.58702298166477e-238	15.6513939360376	16.5987336946007	2.74865971288648e-23	1	54	99	4.77149543843287e-06	1	0	-5.5696818702827	4.27291395610315
ITGAM	ITGB2	R-HSA-168898	REACTOME_TOLL_LIKE_RECEPTOR_CASCADES	5.0126159195459e-238	4.31318114007438e-237	16.5987336946007	11.7657488855183	7.64811877566845e-22	1	54	99	4.77149543843287e-06	1	0	4.27291395610315	3.11933369749473
ITGB2	ITGAM	R-HSA-168898	REACTOME_TOLL_LIKE_RECEPTOR_CASCADES	5.0126159195459e-238	4.31318114007438e-237	11.7657488855183	16.5987336946007	7.64811877566845e-22	1	54	99	4.77149543843287e-06	1	0	3.11933369749473	4.27291395610315
UBC	TLR4	R-HSA-168898	REACTOME_TOLL_LIKE_RECEPTOR_CASCADES	6.90613150958096e-238	5.87418082424127e-237	4.18244461339545	4.6419560817631	1.31737143416855e-23	1	53	98	5.32014879185341e-06	1	0	2.53574873778906	2.9568382202823
UBC	TGFBR1	R-HSA-5688426	REACTOME_DEUBIQUITINATION	6.38009700253777e-237	5.36508157031585e-236	4.18244461339545	1.50370646210998	6.70184720346193e-18	1	80	146	0.000124714342266089	1	0	2.53574873778906	-3.75182083960181
TGFB1	TGFBR1	R-HSA-5688426	REACTOME_DEUBIQUITINATION	1.66779101489657e-236	1.38670264159939e-235	2.95574401322572	1.50370646210998	1.751898214823e-17	1	80	146	0.000124714342266089	1	0	-6.34659258778807	-3.75182083960181
ICAM2	ITGAM	R-HSA-168898	REACTOME_TOLL_LIKE_RECEPTOR_CASCADES	3.58251786045774e-236	2.94562579637637e-235	5.12198886570994	16.5987336946007	5.46611241565394e-20	1	54	99	4.77149543843287e-06	1	0	0.512202975043444	4.27291395610315
C3	ITGB2	R-HSA-168898	REACTOME_TOLL_LIKE_RECEPTOR_CASCADES	7.11107802895487e-232	5.78263488068858e-231	2.06974471005659	11.7657488855183	1.08498975906816e-15	1	54	99	4.77149543843287e-06	1	0	-4.34700572545328	3.11933369749473
TGFB1	ACVRL1	R-HSA-9006936	REACTOME_SIGNALING_BY_TGFB_FAMILY_MEMBERS	1.20845215597274e-231	9.7201586458677e-231	2.95574401322572	6.30632297208493	5.48906308982868e-22	1	57	104	1.0133256836449e-05	1	0	-6.34659258778807	-3.40449327966533
UBC	TGFBR1	R-HSA-9006936	REACTOME_SIGNALING_BY_TGFB_FAMILY_MEMBERS	1.53664467706407e-229	1.22270651723378e-228	4.18244461339545	1.50370646210998	6.70184720346193e-18	1	58	107	1.40364494849464e-05	1	0	2.53574873778906	-3.75182083960181
TGFB1	TGFBR1	R-HSA-9006936	REACTOME_SIGNALING_BY_TGFB_FAMILY_MEMBERS	4.01687025209289e-229	3.16221700696675e-228	2.95574401322572	1.50370646210998	1.751898214823e-17	1	58	107	1.40364494849464e-05	1	0	-6.34659258778807	-3.75182083960181
GDF11	ACVR1B	R-HSA-9006936	REACTOME_SIGNALING_BY_TGFB_FAMILY_MEMBERS	1.78153816902064e-228	1.38772446850029e-227	1.98849294001115	2.21047344294155	3.72667675278746e-14	1	57	105	1.0133256836449e-05	1	0	5.27595393044558	4.82203236243561
C3	ITGAM	R-HSA-168898	REACTOME_TOLL_LIKE_RECEPTOR_CASCADES	3.15075994068456e-228	2.42871078761101e-227	2.06974471005659	16.5987336946007	4.80734743031271e-12	1	54	99	4.77149543843287e-06	1	0	-4.34700572545328	4.27291395610315
TGFB1	ITGB8	R-HSA-9006936	REACTOME_SIGNALING_BY_TGFB_FAMILY_MEMBERS	5.16062127419678e-228	3.93696880711919e-227	2.95574401322572	1.87835816240454	1.07951475118054e-13	1	57	105	1.0133256836449e-05	1	0	-6.34659258778807	8.06019313722854
TGFB1	SDC2	R-HSA-381426	REACTOME_REGULATION_OF_INSULIN_LIKE_GROWTH_FACTOR_IGF_TRANSPORT_AND_UPTAKE_BY_INSULIN_LIKE_GROWTH_FACTOR_BINDING_PROTEINS_IGFBPS	5.84187596145664e-228	4.41121246069175e-227	2.95574401322572	6.61829755285028	5.71429836725996e-25	1	35	65	7.1473234665782e-08	1	0	-6.34659258778807	4.69450721033713
IL16	CD4	R-HSA-8856828	REACTOME_CLATHRIN_MEDIATED_ENDOCYTOSIS	1.63457666519228e-226	1.22180478004271e-225	7.98036826906699	12.7109117600822	6.71293714986327e-27	1	48	88	3.2624596155649e-06	1	0	1.73597408860322	6.96033734757578
TNF	TNFRSF1B	R-HSA-6785807	REACTOME_INTERLEUKIN_4_AND_INTERLEUKIN_13_SIGNALING	7.784718340319e-220	5.76069157183606e-219	11.747009757752	6.65806785318676	2.90110676039521e-25	1	31	57	1.56896777903073e-08	1	0	2.38887497808781	-6.25500790535502
IL16	CD4	R-HSA-162587	REACTOME_HIV_LIFE_CYCLE	9.92821465727136e-217	7.27413747166416e-216	7.98036826906699	12.7109117600822	6.71293714986327e-27	1	54	99	1.78468665737061e-05	1	0	1.73597408860322	6.96033734757578
TGFB1	CXCR4	R-HSA-162587	REACTOME_HIV_LIFE_CYCLE	2.37547710174211e-216	1.72338534832271e-215	2.95574401322572	5.53945066606859	1.60617281509471e-26	1	54	99	1.78468665737061e-05	1	0	-6.34659258778807	-0.687031617827566
GNAS	PTGIR	R-HSA-373076	REACTOME_CLASS_A_1_RHODOPSIN_LIKE_RECEPTORS	1.49224365857332e-211	1.07209738577113e-210	3.88430684035025	8.85468768170731	6.26425657678517e-24	1	22	40	3.46684928909846e-11	1	0	-3.32529683538792	-5.10806515185449
B2M	TFRC	R-HSA-8856828	REACTOME_CLATHRIN_MEDIATED_ENDOCYTOSIS	7.55143153553694e-211	5.37313397720898e-210	3.48897009470868	1.51649907683841	3.13951159326019e-11	1	48	88	3.26148400775566e-06	1	0	6.49658574196446	4.0475042497672
IL16	GRIN2D	R-HSA-112315	REACTOME_TRANSMISSION_ACROSS_CHEMICAL_SYNAPSES	4.70021374644911e-210	3.31253159273557e-209	7.98036826906699	5.28045775920675	3.29737103943083e-25	1	40	74	1.29745566392179e-06	1	0	1.73597408860322	5.06833043023276
MMP9	ITGB2	R-HSA-6785807	REACTOME_INTERLEUKIN_4_AND_INTERLEUKIN_13_SIGNALING	7.81482330325906e-209	5.45563136265255e-208	15.6513939360376	11.7657488855183	6.20356169982717e-27	1	30	56	4.73431033403794e-08	1	0	-5.5696818702827	3.11933369749473
ICAM3	ITGB2	R-HSA-6785807	REACTOME_INTERLEUKIN_4_AND_INTERLEUKIN_13_SIGNALING	8.85565681582924e-209	6.12447293805013e-208	7.46920273925744	11.7657488855183	7.02979598100206e-27	1	30	56	4.73431033403794e-08	1	0	3.8173670725711	3.11933369749473
ICAM5	ITGB2	R-HSA-6785807	REACTOME_INTERLEUKIN_4_AND_INTERLEUKIN_13_SIGNALING	5.20222756880699e-207	3.5644892601085e-206	6.42341049535512	11.7657488855183	4.12963140013382e-25	1	30	56	4.73431033403794e-08	1	0	6.05285420341475	3.11933369749473
RPS19	C5AR1	R-HSA-373076	REACTOME_CLASS_A_1_RHODOPSIN_LIKE_RECEPTORS	1.29333270772899e-206	8.7804238873344e-206	7.37170916561616	13.6285675523096	3.68106139265792e-29	1	22	40	1.1888667714682e-10	1	0	2.10315066371937	5.50989368890511
ICAM2	ITGB2	R-HSA-6785807	REACTOME_INTERLEUKIN_4_AND_INTERLEUKIN_13_SIGNALING	1.55409207199488e-205	1.04548012116019e-204	5.12198886570994	11.7657488855183	1.23366910315322e-23	1	30	56	4.73431033403794e-08	1	0	0.512202975043444	3.11933369749473
MMP9	ITGAM	R-HSA-6785807	REACTOME_INTERLEUKIN_4_AND_INTERLEUKIN_13_SIGNALING	3.46257376268105e-205	2.30838250845403e-204	15.6513939360376	16.5987336946007	2.74865971288648e-23	1	30	56	4.73431033403794e-08	1	0	-5.5696818702827	4.27291395610315
GNAS	ADCY1	R-HSA-112315	REACTOME_TRANSMISSION_ACROSS_CHEMICAL_SYNAPSES	6.5088517326239e-205	4.30049132334079e-204	3.88430684035025	9.34697466792488	1.25259528852758e-25	1	40	73	1.29745566392179e-06	1	0	-3.32529683538792	-5.37265018819338
GNAS	ADCY8	R-HSA-112315	REACTOME_TRANSMISSION_ACROSS_CHEMICAL_SYNAPSES	2.09384472831442e-204	1.37119035305546e-203	3.88430684035025	10.8719897892569	4.0294972897434e-25	1	40	73	1.29745566392179e-06	1	0	-3.32529683538792	-6.34659258778807
TGFB1	CXCR4	R-HSA-373076	REACTOME_CLASS_A_1_RHODOPSIN_LIKE_RECEPTORS	5.64325235153767e-204	3.66316380713849e-203	2.95574401322572	5.53945066606859	1.60617281509471e-26	1	22	40	1.1888667714682e-10	1	0	-6.34659258778807	-0.687031617827566
ITGAM	ITGB2	R-HSA-6785807	REACTOME_INTERLEUKIN_4_AND_INTERLEUKIN_13_SIGNALING	9.63457763881869e-204	6.14619607993606e-203	16.5987336946007	11.7657488855183	7.64811877566845e-22	1	30	56	4.73431033403794e-08	1	0	4.27291395610315	3.11933369749473
ITGB2	ITGAM	R-HSA-6785807	REACTOME_INTERLEUKIN_4_AND_INTERLEUKIN_13_SIGNALING	9.63457763881869e-204	6.14619607993606e-203	11.7657488855183	16.5987336946007	7.64811877566845e-22	1	30	56	4.73431033403794e-08	1	0	3.11933369749473	4.27291395610315
UBC	TLR4	R-HSA-5357801	REACTOME_PROGRAMMED_CELL_DEATH	5.80923146894876e-203	3.67421477523255e-202	4.18244461339545	4.6419560817631	1.31737143416855e-23	1	55	101	3.65342512894223e-05	1	0	2.53574873778906	2.9568382202823
ICAM2	ITGAM	R-HSA-6785807	REACTOME_INTERLEUKIN_4_AND_INTERLEUKIN_13_SIGNALING	6.88583506556824e-202	4.31823554959365e-201	5.12198886570994	16.5987336946007	5.46611241565394e-20	1	30	56	4.73431033403794e-08	1	0	0.512202975043444	4.27291395610315
CXCL13	CXCR5	R-HSA-373076	REACTOME_CLASS_A_1_RHODOPSIN_LIKE_RECEPTORS	2.61920164363308e-201	1.62874724057855e-200	18.5103705619622	10.109125727844	1.41994796945282e-23	1	21	39	1.1888667714682e-10	1	0	-2.05650937010322	5.16362313197626
FABP5	RXRA	R-HSA-9711123	REACTOME_CELLULAR_RESPONSE_TO_CHEMICAL_STRESS	1.87148019129191e-198	1.15407945129667e-197	8.47694168272266	1.83020235263626	7.76831335413457e-20	1	56	103	4.55004435387006e-05	1	0	8.73484354360591	4.21333417815457
POMC	MC1R	R-HSA-373076	REACTOME_CLASS_A_1_RHODOPSIN_LIKE_RECEPTORS	3.2031372244976e-198	1.95894342655225e-197	1.0101302468359	2.42501247374981	2.56121500048267e-10	1	21	39	3.46684928909846e-11	1	0	6.47834596376331	-2.60033194044956
C3	ITGB2	R-HSA-6785807	REACTOME_INTERLEUKIN_4_AND_INTERLEUKIN_13_SIGNALING	1.36679598966502e-197	8.29040190452551e-197	2.06974471005659	11.7657488855183	1.08498975906816e-15	1	30	56	4.73431033403794e-08	1	0	-4.34700572545328	3.11933369749473
ABCA1	RXRA	R-HSA-9711123	REACTOME_CELLULAR_RESPONSE_TO_CHEMICAL_STRESS	5.92488817999103e-197	3.56456687251493e-196	6.4343069730884	1.83020235263626	2.45935747460975e-18	1	56	103	4.55004435387006e-05	1	0	-3.90187549381722	4.21333417815457
C3	ITGAM	R-HSA-6785807	REACTOME_INTERLEUKIN_4_AND_INTERLEUKIN_13_SIGNALING	6.05596793311768e-194	3.61404537944119e-193	2.06974471005659	16.5987336946007	4.80734743031271e-12	1	30	56	4.73431033403794e-08	1	0	-4.34700572545328	4.27291395610315
C3	C3AR1	R-HSA-373076	REACTOME_CLASS_A_1_RHODOPSIN_LIKE_RECEPTORS	2.83528574573186e-193	1.67848916147326e-192	2.06974471005659	6.18952170168114	1.53709365877081e-15	1	21	39	1.1888667714682e-10	1	0	-4.34700572545328	1.37130290962593
TGFB1	SDC2	R-HSA-1630316	REACTOME_GLYCOSAMINOGLYCAN_METABOLISM	3.72762739784653e-181	2.18924148762415e-180	2.95574401322572	6.61829755285028	5.71429836725996e-25	1	19	36	5.88588813030983e-10	1	0	-6.34659258778807	4.69450721033713
IL16	GRIN2D	R-HSA-112314	REACTOME_NEUROTRANSMITTER_RECEPTORS_AND_POSTSYNAPTIC_SIGNAL_TRANSMISSION	3.07043824658754e-179	1.78907425391715e-178	7.98036826906699	5.28045775920675	3.29737103943083e-25	1	33	61	1.23224892441117e-06	1	0	1.73597408860322	5.06833043023276
UBC	TLR4	R-HSA-166166	REACTOME_MYD88_INDEPENDENT_TLR4_CASCADE	5.6100047606103e-179	3.24328400222783e-178	4.18244461339545	4.6419560817631	1.31737143416855e-23	1	43	79	1.54249759113621e-05	1	0	2.53574873778906	2.9568382202823
TIMP3	ADAM17	R-HSA-1474228	REACTOME_DEGRADATION_OF_THE_EXTRACELLULAR_MATRIX	3.87107653992149e-177	2.22061755003248e-176	1.65750776490791	1.42524963251102	5.05229467937204e-11	1	19	35	4.57553744549397e-11	1	0	3.08566526662408	2.96638487459486
COL5A3	SDC3	R-HSA-1630316	REACTOME_GLYCOSAMINOGLYCAN_METABOLISM	1.02175505271398e-176	5.81614414621805e-176	7.48429256741402	1.78001145544524	1.37748912171173e-17	1	19	36	4.03872915254485e-10	1	0	5.23008582373401	-6.17446797844773
GNAS	ADCY1	R-HSA-112314	REACTOME_NEUROTRANSMITTER_RECEPTORS_AND_POSTSYNAPTIC_SIGNAL_TRANSMISSION	4.50000562417917e-174	2.54198790984167e-173	3.88430684035025	9.34697466792488	1.25259528852758e-25	1	33	60	1.23224892441117e-06	1	0	-3.32529683538792	-5.37265018819338
GNAS	ADCY8	R-HSA-112314	REACTOME_NEUROTRANSMITTER_RECEPTORS_AND_POSTSYNAPTIC_SIGNAL_TRANSMISSION	1.44761525390814e-173	8.11541884766685e-173	3.88430684035025	10.8719897892569	4.0294972897434e-25	1	33	60	1.23224892441117e-06	1	0	-3.32529683538792	-6.34659258778807
UBC	TLR4	R-HSA-109581	REACTOME_APOPTOSIS	8.43832147515862e-173	4.6950059335469e-172	4.18244461339545	4.6419560817631	1.31737143416855e-23	1	45	83	3.65342512894223e-05	1	0	2.53574873778906	2.9568382202823
TGM2	TBXA2R	R-HSA-416476	REACTOME_G_ALPHA_Q_SIGNALLING_EVENTS	2.48970069628165e-171	1.37490933973763e-170	1.06110734062368	7.00639664415282	4.94468207818624e-15	1	23	42	3.9770503535909e-09	1	0	6.77555597113589	0.498140480524214
UBC	TLR4	R-HSA-168179	REACTOME_TOLL_LIKE_RECEPTOR_TLR1_TLR2_CASCADE	2.94952683538066e-169	1.61677767272718e-168	4.18244461339545	4.6419560817631	1.31737143416855e-23	1	40	74	1.70996952391418e-05	1	0	2.53574873778906	2.9568382202823
IL16	GRIN2D	R-HSA-442755	REACTOME_ACTIVATION_OF_NMDA_RECEPTORS_AND_POSTSYNAPTIC_EVENTS	4.44313919721897e-169	2.41759044554561e-168	7.98036826906699	5.28045775920675	3.29737103943083e-25	1	23	43	3.77178531542292e-08	1	0	1.73597408860322	5.06833043023276
UBC	NOTCH2	R-HSA-157118	REACTOME_SIGNALING_BY_NOTCH	4.65761857079879e-165	2.51579397254825e-164	4.18244461339545	1.2483376436639	6.13116952019377e-15	1	50	92	7.79693517041639e-05	1	0	2.53574873778906	4.33939527114012
TIMP3	ADAM17	R-HSA-157118	REACTOME_SIGNALING_BY_NOTCH	1.18901508594226e-164	6.3758779970817e-164	1.65750776490791	1.42524963251102	5.05229467937204e-11	1	51	94	7.79693517041639e-05	1	0	3.08566526662408	2.96638487459486
GNAS	ADCY1	R-HSA-442755	REACTOME_ACTIVATION_OF_NMDA_RECEPTORS_AND_POSTSYNAPTIC_EVENTS	2.18542923388864e-162	1.1634659230774e-161	3.88430684035025	9.34697466792488	1.25259528852758e-25	1	23	42	3.77178531542292e-08	1	0	-3.32529683538792	-5.37265018819338
NAMPT	INSR	R-HSA-199418	REACTOME_NEGATIVE_REGULATION_OF_THE_PI3K_AKT_NETWORK	2.53032604336142e-162	1.33745805149104e-161	4.93248461675253	1.33894977131172	2.05847117159308e-19	1	26	49	2.95372495624707e-07	1	0	5.06835275159893	3.85998171650034
GNAS	ADCY8	R-HSA-442755	REACTOME_ACTIVATION_OF_NMDA_RECEPTORS_AND_POSTSYNAPTIC_EVENTS	7.03034831404472e-162	3.68968634921496e-161	3.88430684035025	10.8719897892569	4.0294972897434e-25	1	23	42	3.77178531542292e-08	1	0	-3.32529683538792	-6.34659258778807
DLL4	NOTCH2	R-HSA-157118	REACTOME_SIGNALING_BY_NOTCH	9.50385975201003e-159	4.95271564541368e-158	5.25296718302752	1.2483376436639	1.2510637002576e-08	1	50	92	7.79693517041639e-05	1	0	-6.34659258778807	4.33939527114012
UBC	TGFBR1	R-HSA-5689880	REACTOME_UB_SPECIFIC_PROCESSING_PROTEASES	1.07560871459748e-155	5.56608705456037e-155	4.18244461339545	1.50370646210998	6.70184720346193e-18	1	57	104	0.000318450754247337	1	0	2.53574873778906	-3.75182083960181
UBC	TLR4	R-HSA-168138	REACTOME_TOLL_LIKE_RECEPTOR_9_TLR9_CASCADE	1.339768950798e-155	6.88492377493415e-155	4.18244461339545	4.6419560817631	1.31737143416855e-23	1	40	74	4.19960084170768e-05	1	0	2.53574873778906	2.9568382202823
TGFB1	TGFBR1	R-HSA-5689880	REACTOME_UB_SPECIFIC_PROCESSING_PROTEASES	2.81169792408575e-155	1.43493549229204e-154	2.95574401322572	1.50370646210998	1.751898214823e-17	1	57	104	0.000318450754247337	1	0	-6.34659258778807	-3.75182083960181
POMC	MC1R	R-HSA-418555	REACTOME_G_ALPHA_S_SIGNALLING_EVENTS	2.11326127884493e-152	1.07110503174332e-151	1.0101302468359	2.42501247374981	2.56121500048267e-10	1	22	40	8.6447545653681e-09	1	0	6.47834596376331	-2.60033194044956
FYN	CD86	R-HSA-199418	REACTOME_NEGATIVE_REGULATION_OF_THE_PI3K_AKT_NETWORK	7.71165819034237e-151	3.88205922507031e-150	1.99261108018638	6.32812731458128	2.72100845960103e-17	1	25	47	4.16241953937572e-07	1	0	4.45075339212144	5.18392620087655
ST6GAL1	CD22	R-HSA-983705	REACTOME_SIGNALING_BY_THE_B_CELL_RECEPTOR_BCR	2.7847112213225e-150	1.39235561066125e-149	3.84084591977752	15.1377572349928	9.64718281395158e-15	1	26	49	5.99079808906524e-07	1	0	6.55524682835328	0.522914629292678
FYN	CD80	R-HSA-199418	REACTOME_NEGATIVE_REGULATION_OF_THE_PI3K_AKT_NETWORK	1.19702847193064e-149	5.94497361898439e-149	1.99261108018638	7.66483786347716	4.22363714536207e-16	1	25	47	4.16241953937572e-07	1	0	4.45075339212144	2.18074259789645
IL16	CD4	R-HSA-8856825	REACTOME_CARGO_RECOGNITION_FOR_CLATHRIN_MEDIATED_ENDOCYTOSIS	2.19420431289238e-149	1.08247412769357e-148	7.98036826906699	12.7109117600822	6.71293714986327e-27	1	28	52	3.26148400775566e-06	1	0	1.73597408860322	6.96033734757578
CD86	CD80	R-HSA-199418	REACTOME_NEGATIVE_REGULATION_OF_THE_PI3K_AKT_NETWORK	1.59294681490504e-148	7.75513580940611e-148	6.32812731458128	7.66483786347716	5.62060928021849e-15	1	25	47	4.16241953937572e-07	1	0	5.18392620087655	2.18074259789645
CD80	CD86	R-HSA-199418	REACTOME_NEGATIVE_REGULATION_OF_THE_PI3K_AKT_NETWORK	1.59294681490504e-148	7.75513580940611e-148	7.66483786347716	6.32812731458128	5.62060928021849e-15	1	25	47	4.16241953937572e-07	1	0	2.18074259789645	5.18392620087655
CD274	CD80	R-HSA-199418	REACTOME_NEGATIVE_REGULATION_OF_THE_PI3K_AKT_NETWORK	7.38379165929221e-148	3.57124563913479e-147	6.76425271947831	7.66483786347716	2.60532288555357e-14	1	25	47	4.16241953937572e-07	1	0	-5.83475328313249	2.18074259789645
COL9A2	ITGA1	R-HSA-373760	REACTOME_L1CAM_INTERACTIONS	7.5749330506666e-148	3.63990289447616e-147	7.97165942920147	1.60026193912907	2.33911588881011e-21	1	26	48	8.20151745614629e-07	1	0	3.61047951196797	-0.505142629525767
FABP5	RXRA	R-HSA-8957322	REACTOME_METABOLISM_OF_STEROIDS	1.83137456073244e-147	8.74333661252905e-147	8.47694168272266	1.83020235263626	7.76831335413457e-20	1	35	65	1.9284675532328e-05	1	0	8.73484354360591	4.21333417815457
ABCA1	RXRA	R-HSA-8957322	REACTOME_METABOLISM_OF_STEROIDS	5.79791842762146e-146	2.75029463874351e-145	6.4343069730884	1.83020235263626	2.45935747460975e-18	1	35	65	1.9284675532328e-05	1	0	-3.90187549381722	4.21333417815457
SEMA7A	ITGA1	R-HSA-373760	REACTOME_L1CAM_INTERACTIONS	2.29025327396687e-145	1.07948243486336e-144	9.33656227194617	1.60026193912907	7.07223124838554e-19	1	26	48	8.20151745614629e-07	1	0	0.941839880249284	-0.505142629525767
SPP1	ITGA5	R-HSA-418555	REACTOME_G_ALPHA_S_SIGNALLING_EVENTS	2.55194771083593e-145	1.19521601646746e-144	4.04507551954381	2.74810201241895	4.11291008069406e-18	1	23	43	2.34440579940865e-07	1	0	-6.09446023835351	6.53408538253178
COL9A2	ITGA2	R-HSA-373760	REACTOME_L1CAM_INTERACTIONS	3.39556429481881e-145	1.58032552085907e-144	7.97165942920147	1.17069959486867	1.04853974818801e-18	1	26	48	8.20151745614629e-07	1	0	3.61047951196797	6.16766331304428
TGFB1	CXCR4	R-HSA-9758941	REACTOME_GASTRULATION	4.67417848733539e-145	2.16180755039262e-144	2.95574401322572	5.53945066606859	1.60617281509471e-26	1	22	41	3.17466401381062e-07	1	0	-6.34659258778807	-0.687031617827566
POMC	MC1R	R-HSA-9730414	REACTOME_MITF_M_REGULATED_MELANOCYTE_DEVELOPMENT	2.04831829652263e-144	9.41463067966922e-144	1.0101302468359	2.42501247374981	2.56121500048267e-10	1	38	70	2.13979815150298e-05	1	0	6.47834596376331	-2.60033194044956
COL9A2	ITGA1	R-HSA-397014	REACTOME_MUSCLE_CONTRACTION	2.1436287456406e-144	9.79188439366694e-144	7.97165942920147	1.60026193912907	2.33911588881011e-21	1	14	27	4.89763048482949e-10	1	0	3.61047951196797	-0.505142629525767
ADAM17	ITGA5	R-HSA-418555	REACTOME_G_ALPHA_S_SIGNALLING_EVENTS	5.82281446461354e-143	2.6434863213583e-142	1.42524963251102	2.74810201241895	9.38448394057236e-16	1	23	43	2.34440579940865e-07	1	0	2.96638487459486	6.53408538253178
IL16	CD4	R-HSA-162909	REACTOME_HOST_INTERACTIONS_OF_HIV_FACTORS	6.3309130479267e-143	2.85663149723522e-142	7.98036826906699	12.7109117600822	6.71293714986327e-27	1	29	54	8.91337763047357e-06	1	0	1.73597408860322	6.96033734757578
SEMA7A	ITGA1	R-HSA-397014	REACTOME_MUSCLE_CONTRACTION	6.48118302833164e-142	2.90671238846388e-141	9.33656227194617	1.60026193912907	7.07223124838554e-19	1	14	27	4.89763048482949e-10	1	0	0.941839880249284	-0.505142629525767
RPS19	C5AR1	R-HSA-375276	REACTOME_PEPTIDE_LIGAND_BINDING_RECEPTORS	7.93602664631922e-142	3.53774681823869e-141	7.37170916561616	13.6285675523096	3.68106139265792e-29	1	13	24	1.1888667714682e-10	1	0	2.10315066371937	5.50989368890511
SPP1	ITGA5	R-HSA-373760	REACTOME_L1CAM_INTERACTIONS	8.08478838047902e-141	3.58248107877513e-140	4.04507551954381	2.74810201241895	4.11291008069406e-18	1	25	47	1.23224892441117e-06	1	0	-6.09446023835351	6.53408538253178
COL7A1	ITGA2	R-HSA-373760	REACTOME_L1CAM_INTERACTIONS	9.18306815915059e-141	4.04492287962585e-140	3.44838036292359	1.17069959486867	2.83570303465653e-14	1	26	48	8.20151745614629e-07	1	0	4.66528042282581	6.16766331304428
GNAS	ADCY1	R-HSA-418555	REACTOME_G_ALPHA_S_SIGNALLING_EVENTS	1.76456732040913e-140	7.72650779350744e-140	3.88430684035025	9.34697466792488	1.25259528852758e-25	1	22	40	2.34440579940865e-07	1	0	-3.32529683538792	-5.37265018819338
FYN	TYROBP	R-HSA-1500931	REACTOME_CELL_CELL_COMMUNICATION	4.59107772644227e-140	1.99846912798075e-139	1.99261108018638	11.6750697511561	1.22389269756093e-25	1	22	40	2.4684214449423e-07	1	0	4.45075339212144	7.94325558059011
GNAS	ADCY8	R-HSA-418555	REACTOME_G_ALPHA_S_SIGNALLING_EVENTS	5.67646972671955e-140	2.45648397530554e-139	3.88430684035025	10.8719897892569	4.0294972897434e-25	1	22	40	2.34440579940865e-07	1	0	-3.32529683538792	-6.34659258778807
TGFB1	CXCR4	R-HSA-375276	REACTOME_PEPTIDE_LIGAND_BINDING_RECEPTORS	3.4627594868722e-139	1.48979187225897e-138	2.95574401322572	5.53945066606859	1.60617281509471e-26	1	13	24	1.1888667714682e-10	1	0	-6.34659258778807	-0.687031617827566
CD6	ALCAM	R-HSA-373760	REACTOME_L1CAM_INTERACTIONS	3.66308606709213e-139	1.56686918476773e-138	7.46101357611398	2.20764993645312	3.63986411301797e-18	1	25	46	8.20151745614629e-07	1	0	5.6712981689135	4.5346436739146
GNAS	PTGIR	R-HSA-418555	REACTOME_G_ALPHA_S_SIGNALLING_EVENTS	8.82463996415525e-139	3.75300780084763e-138	3.88430684035025	8.85468768170731	6.26425657678517e-24	1	22	40	2.34440579940865e-07	1	0	-3.32529683538792	-5.10806515185449
ADAM17	ITGA5	R-HSA-373760	REACTOME_L1CAM_INTERACTIONS	1.8447173711789e-138	7.80051916955649e-138	1.42524963251102	2.74810201241895	9.38448394057236e-16	1	25	47	1.23224892441117e-06	1	0	2.96638487459486	6.53408538253178
TLN1	ITGA1	R-HSA-373760	REACTOME_L1CAM_INTERACTIONS	5.90589110376679e-138	2.48315875953831e-137	1.25707627841883	1.60026193912907	1.8237208997098e-11	1	26	48	8.20151745614629e-07	1	0	1.82527395686905	-0.505142629525767
B2M	TYROBP	R-HSA-1500931	REACTOME_CELL_CELL_COMMUNICATION	7.57440966246028e-138	3.1667023447574e-137	3.48897009470868	11.6750697511561	2.0191914026696e-23	1	22	40	2.4684214449423e-07	1	0	6.49658574196446	7.94325558059011
CXCL13	CXCR5	R-HSA-375276	REACTOME_PEPTIDE_LIGAND_BINDING_RECEPTORS	1.53063800371236e-136	6.36332653228732e-136	18.5103705619622	10.109125727844	1.41994796945282e-23	1	12	23	1.1888667714682e-10	1	0	-2.05650937010322	5.16362313197626
SHANK1	ABCA1	R-HSA-400206	REACTOME_REGULATION_OF_LIPID_METABOLISM_BY_PPARALPHA	2.78356446122241e-136	1.15074731916457e-135	1.06706458146297	6.4343069730884	6.61278884149668e-13	1	31	58	1.0133256836449e-05	1	0	3.25003896762908	-3.90187549381722
VEGFA	NRP1	R-HSA-373760	REACTOME_L1CAM_INTERACTIONS	4.49792398247988e-136	1.84914652613062e-135	3.93628329851797	2.24099444318722	1.10435116552692e-18	1	24	45	1.23224892441117e-06	1	0	6.68732567798344	6.62334531859917
TGFB1	ITGB8	R-HSA-170834	REACTOME_SIGNALING_BY_TGF_BETA_RECEPTOR_COMPLEX	6.73111836703261e-136	2.75194894563764e-135	2.95574401322572	1.87835816240454	1.07951475118054e-13	1	36	67	3.83152102420025e-05	1	0	-6.34659258778807	8.06019313722854
B2M	TFRC	R-HSA-8856825	REACTOME_CARGO_RECOGNITION_FOR_CLATHRIN_MEDIATED_ENDOCYTOSIS	3.17259504952505e-135	1.28995622892777e-134	3.48897009470868	1.51649907683841	3.13951159326019e-11	1	28	52	2.8380666158316e-06	1	0	6.49658574196446	4.0475042497672
IL1B	IL1RAP	R-HSA-446652	REACTOME_INTERLEUKIN_1_FAMILY_SIGNALING	8.09604369234868e-135	3.27381001767105e-134	20.588790784624	1.64529544224803	8.58904776829129e-16	1	35	65	3.65342512894223e-05	1	0	-4.94418235727288	-1.71122088814698
TLN1	ITGA1	R-HSA-397014	REACTOME_MUSCLE_CONTRACTION	1.67130690845426e-134	6.72156039269648e-134	1.25707627841883	1.60026193912907	1.8237208997098e-11	1	14	27	4.89763048482949e-10	1	0	1.82527395686905	-0.505142629525767
FABP5	RXRA	R-HSA-400206	REACTOME_REGULATION_OF_LIPID_METABOLISM_BY_PPARALPHA	3.90123410194968e-134	1.56049364077987e-133	8.47694168272266	1.83020235263626	7.76831335413457e-20	1	30	55	1.0133256836449e-05	1	0	8.73484354360591	4.21333417815457
UBC	TGFBR1	R-HSA-170834	REACTOME_SIGNALING_BY_TGF_BETA_RECEPTOR_COMPLEX	2.7105293483691e-133	1.0783826439748e-132	4.18244461339545	1.50370646210998	6.70184720346193e-18	1	37	69	8.0459177510296e-05	1	0	2.53574873778906	-3.75182083960181
FYN	NRP1	R-HSA-373760	REACTOME_L1CAM_INTERACTIONS	4.39527483660248e-133	1.739306619832e-132	1.99261108018638	2.24099444318722	1.07914827096232e-15	1	24	45	1.23224892441117e-06	1	0	4.45075339212144	6.62334531859917
IL33	IL1RAP	R-HSA-446652	REACTOME_INTERLEUKIN_1_FAMILY_SIGNALING	6.22770900263163e-133	2.4513322669933e-132	4.50868194793462	1.64529544224803	6.60694187720017e-14	1	35	65	3.65342512894223e-05	1	0	-0.360272512070468	-1.71122088814698
TGFB1	TGFBR1	R-HSA-170834	REACTOME_SIGNALING_BY_TGF_BETA_RECEPTOR_COMPLEX	7.08546671159593e-133	2.7742038976619e-132	2.95574401322572	1.50370646210998	1.751898214823e-17	1	37	69	8.0459177510296e-05	1	0	-6.34659258778807	-3.75182083960181
ABCA1	RXRA	R-HSA-400206	REACTOME_REGULATION_OF_LIPID_METABOLISM_BY_PPARALPHA	1.23508525099929e-132	4.81033203020774e-132	6.4343069730884	1.83020235263626	2.45935747460975e-18	1	30	55	1.0133256836449e-05	1	0	-3.90187549381722	4.21333417815457
FYN	CD86	R-HSA-2219528	REACTOME_PI3K_AKT_SIGNALING_IN_CANCER	5.5409058806483e-132	2.14673840402081e-131	1.99261108018638	6.32812731458128	2.72100845960103e-17	1	28	52	6.68646004681723e-06	1	0	4.45075339212144	5.18392620087655
IL36G	IL1RAP	R-HSA-446652	REACTOME_INTERLEUKIN_1_FAMILY_SIGNALING	1.34511784772877e-131	5.18430837145465e-131	14.6411919060158	1.64529544224803	1.42702805063197e-12	1	35	65	3.65342512894223e-05	1	0	-4.85250246115039	-1.71122088814698
FABP5	RXRA	R-HSA-8978868	REACTOME_FATTY_ACID_METABOLISM	5.40794618420134e-131	2.07351304471969e-130	8.47694168272266	1.83020235263626	7.76831335413457e-20	1	26	49	6.2146599490566e-06	1	0	8.73484354360591	4.21333417815457
FYN	CD80	R-HSA-2219528	REACTOME_PI3K_AKT_SIGNALING_IN_CANCER	8.60077292809768e-131	3.28070719937747e-130	1.99261108018638	7.66483786347716	4.22363714536207e-16	1	28	52	6.68646004681723e-06	1	0	4.45075339212144	2.18074259789645
POMC	MC1R	R-HSA-375276	REACTOME_PEPTIDE_LIGAND_BINDING_RECEPTORS	1.04391933747492e-129	3.96154004990481e-129	1.0101302468359	2.42501247374981	2.56121500048267e-10	1	12	23	3.46684928909846e-11	1	0	6.47834596376331	-2.60033194044956
CD86	CD80	R-HSA-2219528	REACTOME_PI3K_AKT_SIGNALING_IN_CANCER	1.1445487022909e-129	4.29931999845311e-129	6.32812731458128	7.66483786347716	5.62060928021849e-15	1	28	52	6.68646004681723e-06	1	0	5.18392620087655	2.18074259789645
CD80	CD86	R-HSA-2219528	REACTOME_PI3K_AKT_SIGNALING_IN_CANCER	1.1445487022909e-129	4.29931999845311e-129	7.66483786347716	6.32812731458128	5.62060928021849e-15	1	28	52	6.68646004681723e-06	1	0	2.18074259789645	5.18392620087655
ABCA1	RXRA	R-HSA-8978868	REACTOME_FATTY_ACID_METABOLISM	1.71209273674885e-129	6.39873043027346e-129	6.4343069730884	1.83020235263626	2.45935747460975e-18	1	26	49	6.2146599490566e-06	1	0	-3.90187549381722	4.21333417815457
VEGFB	NRP1	R-HSA-373760	REACTOME_L1CAM_INTERACTIONS	2.99789252760293e-129	1.1147942062443e-128	1.18087730176445	2.24099444318722	7.36056482919352e-12	1	24	45	1.23224892441117e-06	1	0	2.65759682446539	6.62334531859917
CD274	CD80	R-HSA-2219528	REACTOME_PI3K_AKT_SIGNALING_IN_CANCER	5.30533039932851e-129	1.96297224775155e-128	6.76425271947831	7.66483786347716	2.60532288555357e-14	1	28	52	6.68646004681723e-06	1	0	-5.83475328313249	2.18074259789645
C3	C3AR1	R-HSA-375276	REACTOME_PEPTIDE_LIGAND_BINDING_RECEPTORS	1.65691561944097e-128	6.10008735515582e-128	2.06974471005659	6.18952170168114	1.53709365877081e-15	1	12	23	1.1888667714682e-10	1	0	-4.34700572545328	1.37130290962593
MMP9	ITGB2	R-HSA-202733	REACTOME_CELL_SURFACE_INTERACTIONS_AT_THE_VASCULAR_WALL	1.8387283552877e-127	6.73593555897474e-127	15.6513939360376	11.7657488855183	6.20356169982717e-27	1	19	35	3.30014250409475e-07	1	0	-5.5696818702827	3.11933369749473
ICAM3	ITGB2	R-HSA-202733	REACTOME_CELL_SURFACE_INTERACTIONS_AT_THE_VASCULAR_WALL	2.08362321962818e-127	7.59547380554116e-127	7.46920273925744	11.7657488855183	7.02979598100206e-27	1	19	35	3.30014250409475e-07	1	0	3.8173670725711	3.11933369749473
GNAS	ADCY1	R-HSA-5358351	REACTOME_SIGNALING_BY_HEDGEHOG	5.61476534420001e-127	2.03672860524902e-126	3.88430684035025	9.34697466792488	1.25259528852758e-25	1	25	46	6.41242283109855e-06	1	0	-3.32529683538792	-5.37265018819338
FYN	CD86	R-HSA-2219530	REACTOME_CONSTITUTIVE_SIGNALING_BY_ABERRANT_PI3K_IN_CANCER	1.39444584678287e-126	5.03360939814305e-126	1.99261108018638	6.32812731458128	2.72100845960103e-17	1	17	32	4.17514167764369e-08	1	0	4.45075339212144	5.18392620087655
GNAS	ADCY8	R-HSA-5358351	REACTOME_SIGNALING_BY_HEDGEHOG	1.80622440018869e-126	6.48837891329917e-126	3.88430684035025	10.8719897892569	4.0294972897434e-25	1	25	46	6.41242283109855e-06	1	0	-3.32529683538792	-6.34659258778807
ICAM3	ITGAL	R-HSA-202733	REACTOME_CELL_SURFACE_INTERACTIONS_AT_THE_VASCULAR_WALL	8.68768314860576e-126	3.10574180191704e-125	7.46920273925744	8.86460768862375	9.91890956726284e-27	1	18	34	4.18817128256002e-07	1	0	3.8173670725711	5.0510565510483
ICAM5	ITGB2	R-HSA-202733	REACTOME_CELL_SURFACE_INTERACTIONS_AT_THE_VASCULAR_WALL	1.22401786582118e-125	4.35467894570998e-125	6.42341049535512	11.7657488855183	4.12963140013382e-25	1	19	35	3.30014250409475e-07	1	0	6.05285420341475	3.11933369749473
FYN	CD80	R-HSA-2219530	REACTOME_CONSTITUTIVE_SIGNALING_BY_ABERRANT_PI3K_IN_CANCER	2.16450384594967e-125	7.66379352154427e-125	1.99261108018638	7.66483786347716	4.22363714536207e-16	1	17	32	4.17514167764369e-08	1	0	4.45075339212144	2.18074259789645
ITGB2	ITGAL	R-HSA-202733	REACTOME_CELL_SURFACE_INTERACTIONS_AT_THE_VASCULAR_WALL	2.13322175998717e-124	7.5170671542405e-124	11.7657488855183	8.86460768862375	2.4355439030515e-25	1	18	34	4.18817128256002e-07	1	0	3.11933369749473	5.0510565510483
CD86	CD80	R-HSA-2219530	REACTOME_CONSTITUTIVE_SIGNALING_BY_ABERRANT_PI3K_IN_CANCER	2.88041561926608e-124	1.00542809351741e-123	6.32812731458128	7.66483786347716	5.62060928021849e-15	1	17	32	4.17514167764369e-08	1	0	5.18392620087655	2.18074259789645
CD80	CD86	R-HSA-2219530	REACTOME_CONSTITUTIVE_SIGNALING_BY_ABERRANT_PI3K_IN_CANCER	2.88041561926608e-124	1.00542809351741e-123	7.66483786347716	6.32812731458128	5.62060928021849e-15	1	17	32	4.17514167764369e-08	1	0	2.18074259789645	5.18392620087655
ICAM2	ITGB2	R-HSA-202733	REACTOME_CELL_SURFACE_INTERACTIONS_AT_THE_VASCULAR_WALL	3.65658063991428e-124	1.2703613490782e-123	5.12198886570994	11.7657488855183	1.23366910315322e-23	1	19	35	3.30014250409475e-07	1	0	0.512202975043444	3.11933369749473
ICAM5	ITGAL	R-HSA-202733	REACTOME_CELL_SURFACE_INTERACTIONS_AT_THE_VASCULAR_WALL	5.1035519696237e-124	1.76477965304745e-123	6.42341049535512	8.86460768862375	5.82683203250197e-25	1	18	34	4.18817128256002e-07	1	0	6.05285420341475	5.0510565510483
CD274	CD80	R-HSA-2219530	REACTOME_CONSTITUTIVE_SIGNALING_BY_ABERRANT_PI3K_IN_CANCER	1.33516000822035e-123	4.59543444689794e-123	6.76425271947831	7.66483786347716	2.60532288555357e-14	1	17	32	4.17514167764369e-08	1	0	-5.83475328313249	2.18074259789645
ICAM2	ITGAL	R-HSA-202733	REACTOME_CELL_SURFACE_INTERACTIONS_AT_THE_VASCULAR_WALL	1.52461412925558e-122	5.22321507244968e-122	5.12198886570994	8.86460768862375	1.74068384106345e-23	1	18	34	4.18817128256002e-07	1	0	0.512202975043444	5.0510565510483
ITGAM	ITGB2	R-HSA-202733	REACTOME_CELL_SURFACE_INTERACTIONS_AT_THE_VASCULAR_WALL	2.26689336511662e-122	7.73041977044378e-122	16.5987336946007	11.7657488855183	7.64811877566845e-22	1	19	35	3.30014250409475e-07	1	0	4.27291395610315	3.11933369749473
FABP5	RXRA	R-HSA-400253	REACTOME_CIRCADIAN_CLOCK	1.44418640139096e-118	4.90228411481336e-118	8.47694168272266	1.83020235263626	7.76831335413457e-20	1	24	44	5.15996660409307e-06	1	0	8.73484354360591	4.21333417815457
TGFB1	SDC2	R-HSA-202733	REACTOME_CELL_SURFACE_INTERACTIONS_AT_THE_VASCULAR_WALL	3.07810682564768e-118	1.04009089085812e-117	2.95574401322572	6.61829755285028	5.71429836725996e-25	1	17	32	4.18817128256002e-07	1	0	-6.34659258778807	4.69450721033713
ADAM28	ITGA4	R-HSA-202733	REACTOME_CELL_SURFACE_INTERACTIONS_AT_THE_VASCULAR_WALL	5.13155005242575e-118	1.72606683581593e-117	11.5320715366163	10.6187798350275	9.52637765582395e-25	1	17	32	4.18817128256002e-07	1	0	0.461161341739883	5.59109838736174
MMP9	ITGAM	R-HSA-202733	REACTOME_CELL_SURFACE_INTERACTIONS_AT_THE_VASCULAR_WALL	6.3480356825608e-118	2.12558660864027e-117	15.6513939360376	16.5987336946007	2.74865971288648e-23	1	18	33	3.30014250409475e-07	1	0	-5.5696818702827	4.27291395610315
SPP1	ITGA4	R-HSA-202733	REACTOME_CELL_SURFACE_INTERACTIONS_AT_THE_VASCULAR_WALL	9.56434542368523e-118	3.18811514122841e-117	4.04507551954381	10.6187798350275	1.77555642263894e-24	1	17	32	4.18817128256002e-07	1	0	-6.09446023835351	5.59109838736174
EFNB2	PECAM1	R-HSA-202733	REACTOME_CELL_SURFACE_INTERACTIONS_AT_THE_VASCULAR_WALL	3.46807533160018e-117	1.15084114142786e-116	3.17036233575557	11.540114414625	1.50165490900004e-22	1	18	33	3.30014250409475e-07	1	0	7.38943307846952	-2.02791181435216
ABCA1	RXRA	R-HSA-400253	REACTOME_CIRCADIAN_CLOCK	4.57212583874497e-117	1.51043442887111e-116	6.4343069730884	1.83020235263626	2.45935747460975e-18	1	24	44	5.15996660409307e-06	1	0	-3.90187549381722	4.21333417815457
YWHAZ	CSF2RB	R-HSA-512988	REACTOME_INTERLEUKIN_3_INTERLEUKIN_5_AND_GM_CSF_SIGNALING	5.91001529016864e-117	1.94373836209991e-116	2.33464854280851	8.46960551114868	8.97147586249733e-23	1	15	28	5.36625730887397e-08	1	0	6.22924882001352	4.48554323395549
YWHAZ	IL3RA	R-HSA-512988	REACTOME_INTERLEUKIN_3_INTERLEUKIN_5_AND_GM_CSF_SIGNALING	9.17684507730693e-117	3.00480768018015e-116	2.33464854280851	9.18897469246178	1.39305636386242e-22	1	15	28	5.36625730887397e-08	1	0	6.22924882001352	5.63048851253718
TIMP3	ADAM17	R-HSA-73887	REACTOME_DEATH_RECEPTOR_SIGNALING	1.47438813023852e-116	4.80637540253966e-116	1.65750776490791	1.42524963251102	5.05229467937204e-11	1	33	60	4.19960084170768e-05	1	0	3.08566526662408	2.96638487459486
ITGB2	ITGAM	R-HSA-202733	REACTOME_CELL_SURFACE_INTERACTIONS_AT_THE_VASCULAR_WALL	1.76633472178416e-116	5.73284076368542e-116	11.7657488855183	16.5987336946007	7.64811877566845e-22	1	18	33	3.30014250409475e-07	1	0	3.11933369749473	4.27291395610315
ICAM3	ITGAL	R-HSA-8878159	REACTOME_TRANSCRIPTIONAL_REGULATION_BY_RUNX3	2.2146352307991e-116	7.15646319122854e-116	7.46920273925744	8.86460768862375	9.91890956726284e-27	1	30	56	0.000123573580299745	1	0	3.8173670725711	5.0510565510483
C3	ITGB2	R-HSA-202733	REACTOME_CELL_SURFACE_INTERACTIONS_AT_THE_VASCULAR_WALL	3.21589682141949e-116	1.03467984689149e-115	2.06974471005659	11.7657488855183	1.08498975906816e-15	1	19	35	3.30014250409475e-07	1	0	-4.34700572545328	3.11933369749473
CAP1	ROBO1	R-HSA-376176	REACTOME_SIGNALING_BY_ROBO_RECEPTORS	1.35704136846635e-115	4.34723208945929e-115	4.51527385485877	7.91019797265458	3.99962760705683e-26	1	50	92	0.00201059029038355	1	0	4.51105899949935	-5.27932237965878
YWHAZ	CSF2RA	R-HSA-512988	REACTOME_INTERLEUKIN_3_INTERLEUKIN_5_AND_GM_CSF_SIGNALING	1.54223703979769e-115	4.91920435107884e-115	2.33464854280851	4.72463681714405	2.3411347851859e-21	1	15	28	5.36625730887397e-08	1	0	6.22924882001352	6.10264658434416
ITGB2	ITGAL	R-HSA-8878159	REACTOME_TRANSCRIPTIONAL_REGULATION_BY_RUNX3	5.43793780685134e-115	1.72707037642489e-114	11.7657488855183	8.86460768862375	2.4355439030515e-25	1	30	56	0.000123573580299745	1	0	3.11933369749473	5.0510565510483
FYN	SPN	R-HSA-202733	REACTOME_CELL_SURFACE_INTERACTIONS_AT_THE_VASCULAR_WALL	1.2212992148878e-114	3.86222828639731e-114	1.99261108018638	3.55580496353386	2.26725987916315e-21	1	17	32	4.18817128256002e-07	1	0	4.45075339212144	5.12824370958139
ICAM2	ITGAM	R-HSA-202733	REACTOME_CELL_SURFACE_INTERACTIONS_AT_THE_VASCULAR_WALL	1.26239987062716e-114	3.97521661388979e-114	5.12198886570994	16.5987336946007	5.46611241565394e-20	1	18	33	3.30014250409475e-07	1	0	0.512202975043444	4.27291395610315
ICAM5	ITGAL	R-HSA-8878159	REACTOME_TRANSCRIPTIONAL_REGULATION_BY_RUNX3	1.30098045713795e-114	4.07934550119527e-114	6.42341049535512	8.86460768862375	5.82683203250197e-25	1	30	56	0.000123573580299745	1	0	6.05285420341475	5.0510565510483
ICAM2	ITGAL	R-HSA-8878159	REACTOME_TRANSCRIPTIONAL_REGULATION_BY_RUNX3	3.88649552046034e-113	1.21350493043909e-112	5.12198886570994	8.86460768862375	1.74068384106345e-23	1	30	56	0.000123573580299745	1	0	0.512202975043444	5.0510565510483
SPP1	ITGA5	R-HSA-202733	REACTOME_CELL_SURFACE_INTERACTIONS_AT_THE_VASCULAR_WALL	9.49877492255741e-113	2.95340060617331e-112	4.04507551954381	2.74810201241895	4.11291008069406e-18	1	18	33	3.30014250409475e-07	1	0	-6.09446023835351	6.53408538253178
VEGFA	FLT1	R-HSA-194138	REACTOME_SIGNALING_BY_VEGF	1.25441751228619e-112	3.88397054013298e-112	3.93628329851797	1.44365942568074	1.03372073753819e-17	1	33	61	0.000134650742215522	1	0	6.68732567798344	8.01005896135164
TGM2	ITGA4	R-HSA-202733	REACTOME_CELL_SURFACE_INTERACTIONS_AT_THE_VASCULAR_WALL	5.49414522657096e-111	1.69402811152605e-110	1.06110734062368	10.6187798350275	1.01995112177686e-17	1	17	32	4.18817128256002e-07	1	0	6.77555597113589	5.59109838736174
SEMA7A	PLXNC1	R-HSA-373755	REACTOME_SEMAPHORIN_INTERACTIONS	6.58139717084395e-111	2.02084394457449e-110	9.33656227194617	6.66098543880929	1.0101985828838e-22	1	20	37	3.40000703967604e-06	1	0	0.941839880249284	1.40092930550241
ADAM28	ITGA4	R-HSA-8878159	REACTOME_TRANSCRIPTIONAL_REGULATION_BY_RUNX3	8.29885611112685e-111	2.53766674472474e-110	11.5320715366163	10.6187798350275	9.52637765582395e-25	1	30	55	0.000123573580299745	1	0	0.461161341739883	5.59109838736174
COL5A3	SDC3	R-HSA-3781865	REACTOME_DISEASES_OF_GLYCOSYLATION	1.41708173430877e-110	4.29770689913315e-110	7.48429256741402	1.78001145544524	1.37748912171173e-17	1	13	25	2.14034092625772e-08	1	0	5.23008582373401	-6.17446797844773
COL5A3	SDC3	R-HSA-5668914	REACTOME_DISEASES_OF_METABOLISM	1.41708173430877e-110	4.29770689913315e-110	7.48429256741402	1.78001145544524	1.37748912171173e-17	1	13	25	2.14034092625772e-08	1	0	5.23008582373401	-6.17446797844773
SPP1	ITGA4	R-HSA-8878159	REACTOME_TRANSCRIPTIONAL_REGULATION_BY_RUNX3	1.54676707149641e-110	4.67186788941773e-110	4.04507551954381	10.6187798350275	1.77555642263894e-24	1	30	55	0.000123573580299745	1	0	-6.09446023835351	5.59109838736174
ADAM17	ITGA5	R-HSA-202733	REACTOME_CELL_SURFACE_INTERACTIONS_AT_THE_VASCULAR_WALL	2.16734864042563e-110	6.51966664193077e-110	1.42524963251102	2.74810201241895	9.38448394057236e-16	1	18	33	3.30014250409475e-07	1	0	2.96638487459486	6.53408538253178
NRP1	ROBO1	R-HSA-376176	REACTOME_SIGNALING_BY_ROBO_RECEPTORS	3.84065298499279e-110	1.150640975261e-109	2.24099444318722	7.91019797265458	1.13196119623551e-20	1	50	92	0.00201059029038355	1	0	6.62334531859917	-5.27932237965878
VEGFA	NRP1	R-HSA-194138	REACTOME_SIGNALING_BY_VEGF	1.49319455988429e-109	4.45549989642893e-109	3.93628329851797	2.24099444318722	1.10435116552692e-18	1	31	58	0.000146813955324151	1	0	6.68732567798344	6.62334531859917
IL1B	IL1RAP	R-HSA-9020702	REACTOME_INTERLEUKIN_1_SIGNALING	3.15190602142836e-109	9.36711026448589e-109	20.588790784624	1.64529544224803	8.58904776829129e-16	1	29	53	4.61701423509223e-05	1	0	-4.94418235727288	-1.71122088814698
COL9A2	ITGA1	R-HSA-445355	REACTOME_SMOOTH_MUSCLE_CONTRACTION	3.43170607388623e-109	1.01578499787032e-108	7.97165942920147	1.60026193912907	2.33911588881011e-21	1	11	20	4.89763048482949e-10	1	0	3.61047951196797	-0.505142629525767
VEGFC	FLT1	R-HSA-194138	REACTOME_SIGNALING_BY_VEGF	5.13125440113526e-108	1.51280010232673e-107	2.67204191464565	1.44365942568074	4.22848376404639e-13	1	33	61	0.000134650742215522	1	0	5.4582268948089	8.01005896135164
VASP	ROBO1	R-HSA-376176	REACTOME_SIGNALING_BY_ROBO_RECEPTORS	1.23677327733947e-107	3.63179454456829e-107	1.11154276936781	7.91019797265458	3.64515972663937e-18	1	50	92	0.00201059029038355	1	0	4.76572714326974	-5.27932237965878
IL33	IL1RAP	R-HSA-9020702	REACTOME_INTERLEUKIN_1_SIGNALING	2.42453650832556e-107	7.0915297081459e-107	4.50868194793462	1.64529544224803	6.60694187720017e-14	1	29	53	4.61701423509223e-05	1	0	-0.360272512070468	-1.71122088814698
SEMA7A	ITGA1	R-HSA-445355	REACTOME_SMOOTH_MUSCLE_CONTRACTION	1.03756376702475e-106	3.02282357322171e-106	9.33656227194617	1.60026193912907	7.07223124838554e-19	1	11	20	4.89763048482949e-10	1	0	0.941839880249284	-0.505142629525767
C3	ITGAM	R-HSA-202733	REACTOME_CELL_SURFACE_INTERACTIONS_AT_THE_VASCULAR_WALL	1.11025795164891e-106	3.22192503615761e-106	2.06974471005659	16.5987336946007	4.80734743031271e-12	1	18	33	3.30014250409475e-07	1	0	-4.34700572545328	4.27291395610315
FYN	NRP1	R-HSA-194138	REACTOME_SIGNALING_BY_VEGF	1.45911769535792e-106	4.21776208814397e-106	1.99261108018638	2.24099444318722	1.07914827096232e-15	1	31	58	0.000146813955324151	1	0	4.45075339212144	6.62334531859917
IL36G	IL1RAP	R-HSA-9020702	REACTOME_INTERLEUKIN_1_SIGNALING	5.23673686172651e-106	1.50785419364888e-105	14.6411919060158	1.64529544224803	1.42702805063197e-12	1	29	53	4.61701423509223e-05	1	0	-4.85250246115039	-1.71122088814698
VEGFB	FLT1	R-HSA-194138	REACTOME_SIGNALING_BY_VEGF	8.36076576933089e-106	2.39804909662979e-105	1.18087730176445	1.44365942568074	6.88980891354535e-11	1	33	61	0.000134650742215522	1	0	2.65759682446539	8.01005896135164
TGFB1	CXCR4	R-HSA-376176	REACTOME_SIGNALING_BY_ROBO_RECEPTORS	1.31583084321151e-104	3.75951669489003e-104	2.95574401322572	5.53945066606859	1.60617281509471e-26	1	46	84	0.00239971097235904	1	0	-6.34659258778807	-0.687031617827566
CD22	PTPRC	R-HSA-373755	REACTOME_SEMAPHORIN_INTERACTIONS	2.42531551823331e-104	6.90282109035635e-104	15.1377572349928	15.2766369357555	3.72269023729378e-16	1	20	37	3.40000703967604e-06	1	0	0.522914629292678	-1.00794653850544
FYN	TYROBP	R-HSA-2172127	REACTOME_DAP12_INTERACTIONS	8.73901223565611e-104	2.47772760704426e-103	1.99261108018638	11.6750697511561	1.22389269756093e-25	1	11	21	2.4630955970506e-08	1	0	4.45075339212144	7.94325558059011
TGM2	ITGA4	R-HSA-8878159	REACTOME_TRANSCRIPTIONAL_REGULATION_BY_RUNX3	8.88525303721699e-104	2.50957528532083e-103	1.06110734062368	10.6187798350275	1.01995112177686e-17	1	30	55	0.000123573580299745	1	0	6.77555597113589	5.59109838736174
FABP5	RXRA	R-HSA-9843745	REACTOME_ADIPOGENESIS	1.31122563494273e-103	3.68938011352709e-103	8.47694168272266	1.83020235263626	7.76831335413457e-20	1	22	40	1.0133256836449e-05	1	0	8.73484354360591	4.21333417815457
TGFB1	SDC2	R-HSA-9820952	REACTOME_RESPIRATORY_SYNCYTIAL_VIRUS_INFECTION_PATHWAY	4.01673673478046e-103	1.12590347868846e-102	2.95574401322572	6.61829755285028	5.71429836725996e-25	1	23	42	3.21233469235109e-05	1	0	-6.34659258778807	4.69450721033713
VEGFB	NRP1	R-HSA-194138	REACTOME_SIGNALING_BY_VEGF	9.95222869655174e-103	2.77911291903709e-102	1.18087730176445	2.24099444318722	7.36056482919352e-12	1	31	58	0.000146813955324151	1	0	2.65759682446539	6.62334531859917
ABCA1	RXRA	R-HSA-9843745	REACTOME_ADIPOGENESIS	4.15118754765472e-102	1.15484164859567e-101	6.4343069730884	1.83020235263626	2.45935747460975e-18	1	22	40	1.0133256836449e-05	1	0	-3.90187549381722	4.21333417815457
LGALS1	PTPRC	R-HSA-373755	REACTOME_SEMAPHORIN_INTERACTIONS	4.59203853610191e-102	1.27269981899454e-101	1.03425168719921	15.2766369357555	7.04845901455158e-14	1	20	37	3.40000703967604e-06	1	0	6.22526415334056	-1.00794653850544
B2M	TYROBP	R-HSA-2172127	REACTOME_DAP12_INTERACTIONS	1.44177168547758e-101	3.98101137034853e-101	3.48897009470868	11.6750697511561	2.0191914026696e-23	1	11	21	2.4630955970506e-08	1	0	6.49658574196446	7.94325558059011
TGFB1	SDC2	R-HSA-3781865	REACTOME_DISEASES_OF_GLYCOSYLATION	4.20867908311704e-101	1.15348982278023e-100	2.95574401322572	6.61829755285028	5.71429836725996e-25	1	13	25	4.23654713220429e-07	1	0	-6.34659258778807	4.69450721033713
TGFB1	SDC2	R-HSA-5668914	REACTOME_DISEASES_OF_METABOLISM	4.20867908311704e-101	1.15348982278023e-100	2.95574401322572	6.61829755285028	5.71429836725996e-25	1	13	25	4.23654713220429e-07	1	0	-6.34659258778807	4.69450721033713
TYROBP	TREM2	R-HSA-373755	REACTOME_SEMAPHORIN_INTERACTIONS	1.32204649447625e-100	3.61001625797942e-100	11.6750697511561	14.5790458193867	3.21461947809738e-27	1	18	34	1.35559037594426e-05	1	0	7.94325558059011	-3.53296756398207
TLN1	ITGA1	R-HSA-445355	REACTOME_SMOOTH_MUSCLE_CONTRACTION	2.67557247528724e-99	7.27913099894322e-99	1.25707627841883	1.60026193912907	1.8237208997098e-11	1	11	20	4.89763048482949e-10	1	0	1.82527395686905	-0.505142629525767
COL9A2	ITGA1	R-HSA-373755	REACTOME_SEMAPHORIN_INTERACTIONS	5.07127355295634e-99	1.37463092644238e-98	7.97165942920147	1.60026193912907	2.33911588881011e-21	1	19	36	1.35559037594426e-05	1	0	3.61047951196797	-0.505142629525767
FYN	TYROBP	R-HSA-373755	REACTOME_SEMAPHORIN_INTERACTIONS	6.15330406463496e-99	1.66184124373353e-98	1.99261108018638	11.6750697511561	1.22389269756093e-25	1	19	35	1.31908536058508e-05	1	0	4.45075339212144	7.94325558059011
IL16	CD4	R-HSA-388841	REACTOME_COSTIMULATION_BY_THE_CD28_FAMILY	1.19062191566505e-98	3.20385533669868e-98	7.98036826906699	12.7109117600822	6.71293714986327e-27	1	12	22	8.82046542635381e-08	1	0	1.73597408860322	6.96033734757578
CD22	PTPRC	R-HSA-202403	REACTOME_TCR_SIGNALING	2.14138535801085e-98	5.74139552510154e-98	15.1377572349928	15.2766369357555	3.72269023729378e-16	1	20	37	7.27462739258307e-06	1	0	0.522914629292678	-1.00794653850544
TGFB1	ITGB8	R-HSA-2173789	REACTOME_TGF_BETA_RECEPTOR_SIGNALING_ACTIVATES_SMADS	1.38181676065939e-97	3.69149603930667e-97	2.95574401322572	1.87835816240454	1.07951475118054e-13	1	19	35	3.14111360812095e-06	1	0	-6.34659258778807	8.06019313722854
B2M	TYROBP	R-HSA-373755	REACTOME_SEMAPHORIN_INTERACTIONS	1.0151787562818e-96	2.70227438722492e-96	3.48897009470868	11.6750697511561	2.0191914026696e-23	1	19	35	1.31908536058508e-05	1	0	6.49658574196446	7.94325558059011
SEMA7A	ITGA1	R-HSA-373755	REACTOME_SEMAPHORIN_INTERACTIONS	1.53328099141652e-96	4.06676678726962e-96	9.33656227194617	1.60026193912907	7.07223124838554e-19	1	19	36	1.35559037594426e-05	1	0	0.941839880249284	-0.505142629525767
VEGFA	NRP1	R-HSA-373755	REACTOME_SEMAPHORIN_INTERACTIONS	2.8524465620532e-96	7.5386087711406e-96	3.93628329851797	2.24099444318722	1.10435116552692e-18	1	20	37	1.31908536058508e-05	1	0	6.68732567798344	6.62334531859917
LGALS1	PTPRC	R-HSA-202403	REACTOME_TCR_SIGNALING	4.05445147680956e-96	1.06772031773633e-95	1.03425168719921	15.2766369357555	7.04845901455158e-14	1	20	37	7.27462739258307e-06	1	0	6.22526415334056	-1.00794653850544
SPP1	ITGA5	R-HSA-8878166	REACTOME_TRANSCRIPTIONAL_REGULATION_BY_RUNX2	7.44970928967403e-96	1.95488825331872e-95	4.04507551954381	2.74810201241895	4.11291008069406e-18	1	26	48	0.000107995662271774	1	0	-6.09446023835351	6.53408538253178
COL5A3	SDC3	R-HSA-9820952	REACTOME_RESPIRATORY_SYNCYTIAL_VIRUS_INFECTION_PATHWAY	9.68274808442157e-96	2.5318846581173e-95	7.48429256741402	1.78001145544524	1.37748912171173e-17	1	23	42	3.21233469235109e-05	1	0	5.23008582373401	-6.17446797844773
IL16	CD4	R-HSA-202403	REACTOME_TCR_SIGNALING	1.00507604180407e-95	2.61886010892609e-95	7.98036826906699	12.7109117600822	6.71293714986327e-27	1	19	36	4.19960084170768e-05	1	0	1.73597408860322	6.96033734757578
TGFB1	SDC2	R-HSA-1638091	REACTOME_HEPARAN_SULFATE_HEPARIN_HS_GAG_METABOLISM	5.29672804386484e-95	1.37529079033684e-94	2.95574401322572	6.61829755285028	5.71429836725996e-25	1	8	15	5.88588813030983e-10	1	0	-6.34659258778807	4.69450721033713
VEGFA	NRP1	R-HSA-376176	REACTOME_SIGNALING_BY_ROBO_RECEPTORS	6.19966814594561e-95	1.60410993986005e-94	3.93628329851797	2.24099444318722	1.10435116552692e-18	1	45	83	0.00271837302852565	1	0	6.68732567798344	6.62334531859917
COL9A2	ITGA2	R-HSA-3000171	REACTOME_NON_INTEGRIN_MEMBRANE_ECM_INTERACTIONS	5.33385215514156e-94	1.37527895289364e-93	7.97165942920147	1.17069959486867	1.04853974818801e-18	1	9	18	1.01517254596794e-08	1	0	3.61047951196797	6.16766331304428
ADAM17	ITGA5	R-HSA-8878166	REACTOME_TRANSCRIPTIONAL_REGULATION_BY_RUNX2	1.69981049474053e-93	4.36756863231941e-93	1.42524963251102	2.74810201241895	9.38448394057236e-16	1	26	48	0.000107995662271774	1	0	2.96638487459486	6.53408538253178
FYN	TREM2	R-HSA-373755	REACTOME_SEMAPHORIN_INTERACTIONS	2.20869873253098e-93	5.65549156426617e-93	1.99261108018638	14.5790458193867	5.37055693314017e-20	1	18	34	1.35559037594426e-05	1	0	4.45075339212144	-3.53296756398207
FYN	NRP1	R-HSA-373755	REACTOME_SEMAPHORIN_INTERACTIONS	2.78734959634275e-93	7.11254724584013e-93	1.99261108018638	2.24099444318722	1.07914827096232e-15	1	20	37	1.31908536058508e-05	1	0	4.45075339212144	6.62334531859917
COL9A2	ITGA2	R-HSA-6806834	REACTOME_SIGNALING_BY_MET	7.59893892489719e-93	1.93237622145152e-92	7.97165942920147	1.17069959486867	1.04853974818801e-18	1	21	39	3.36882076527802e-05	1	0	3.61047951196797	6.16766331304428
TYROBP	CD300LB	R-HSA-2172127	REACTOME_DAP12_INTERACTIONS	4.25273747145949e-92	1.07774853728768e-91	11.6750697511561	16.1425375132295	9.57164820293585e-25	1	11	21	2.35912358902539e-07	1	0	7.94325558059011	3.98621533462436
FYN	NRP1	R-HSA-376176	REACTOME_SIGNALING_BY_ROBO_RECEPTORS	6.05818273125574e-92	1.53005297649462e-91	1.99261108018638	2.24099444318722	1.07914827096232e-15	1	45	83	0.00271837302852565	1	0	4.45075339212144	6.62334531859917
GNAS	ADCY1	R-HSA-9664323	REACTOME_FCGR3A_MEDIATED_IL10_SYNTHESIS	8.6017425321764e-92	2.16506444687433e-91	3.88430684035025	9.34697466792488	1.25259528852758e-25	1	12	23	9.45108147794226e-07	1	0	-3.32529683538792	-5.37265018819338
TYROBP	TREM1	R-HSA-2172127	REACTOME_DAP12_INTERACTIONS	9.3667711328911e-92	2.34963072486082e-91	11.6750697511561	14.5213651423109	2.10818181660952e-24	1	11	21	2.35912358902539e-07	1	0	7.94325558059011	-1.97306583949148
GNAS	ADCY8	R-HSA-9664323	REACTOME_FCGR3A_MEDIATED_IL10_SYNTHESIS	2.76711069712059e-91	6.91777674280149e-91	3.88430684035025	10.8719897892569	4.0294972897434e-25	1	12	23	9.45108147794226e-07	1	0	-3.32529683538792	-6.34659258778807
B2M	TREM2	R-HSA-373755	REACTOME_SEMAPHORIN_INTERACTIONS	3.643935044879e-91	9.07916475828439e-91	3.48897009470868	14.5790458193867	8.8604028838111e-18	1	18	34	1.35559037594426e-05	1	0	6.49658574196446	-3.53296756398207
GNAS	ADCY1	R-HSA-9662851	REACTOME_ANTI_INFLAMMATORY_RESPONSE_FAVOURING_LEISHMANIA_PARASITE_INFECTION	2.42571779141543e-90	6.02359451559535e-90	3.88430684035025	9.34697466792488	1.25259528852758e-25	1	15	29	1.44488095569246e-05	1	0	-3.32529683538792	-5.37265018819338
FABP5	RXRA	R-HSA-9839373	REACTOME_SIGNALING_BY_TGFBR3	4.29935184381408e-90	1.06405363358609e-89	8.47694168272266	1.83020235263626	7.76831335413457e-20	1	14	27	2.88440973105331e-06	1	0	8.73484354360591	4.21333417815457
GNAS	ADCY8	R-HSA-9662851	REACTOME_ANTI_INFLAMMATORY_RESPONSE_FAVOURING_LEISHMANIA_PARASITE_INFECTION	7.8033370839839e-90	1.9248231473827e-89	3.88430684035025	10.8719897892569	4.0294972897434e-25	1	15	29	1.44488095569246e-05	1	0	-3.32529683538792	-6.34659258778807
COL7A1	ITGA2	R-HSA-3000171	REACTOME_NON_INTEGRIN_MEMBRANE_ECM_INTERACTIONS	1.44250332606677e-89	3.54635369199141e-89	3.44838036292359	1.17069959486867	2.83570303465653e-14	1	9	18	1.01517254596794e-08	1	0	4.66528042282581	6.16766331304428
TNFSF9	TNFRSF9	R-HSA-5668541	REACTOME_TNFR2_NON_CANONICAL_NF_KB_PATHWAY	1.61498469999401e-89	3.95724727813102e-89	1.09338407222056	11.3256947487007	1.21286450282577e-15	1	14	26	5.99079808906524e-07	1	0	-4.16280886727227	6.40844288787938
VEGFB	NRP1	R-HSA-373755	REACTOME_SEMAPHORIN_INTERACTIONS	1.90117224458988e-89	4.6431269339819e-89	1.18087730176445	2.24099444318722	7.36056482919352e-12	1	20	37	1.31908536058508e-05	1	0	2.65759682446539	6.62334531859917
TLN1	ITGA1	R-HSA-373755	REACTOME_SEMAPHORIN_INTERACTIONS	3.9538817255338e-89	9.62458051610201e-89	1.25707627841883	1.60026193912907	1.8237208997098e-11	1	19	36	1.35559037594426e-05	1	0	1.82527395686905	-0.505142629525767
TGFB1	SDC2	R-HSA-196854	REACTOME_METABOLISM_OF_VITAMINS_AND_COFACTORS	6.04215206673871e-89	1.46596476373333e-88	2.95574401322572	6.61829755285028	5.71429836725996e-25	1	15	29	1.61800306760282e-05	1	0	-6.34659258778807	4.69450721033713
COL5A3	SDC3	R-HSA-1638091	REACTOME_HEPARAN_SULFATE_HEPARIN_HS_GAG_METABOLISM	6.27472551696276e-89	1.51741728187988e-88	7.48429256741402	1.78001145544524	1.37748912171173e-17	1	8	15	4.03872915254485e-10	1	0	5.23008582373401	-6.17446797844773
ABCA1	RXRA	R-HSA-9839373	REACTOME_SIGNALING_BY_TGFBR3	1.36112468833839e-88	3.28088687091339e-88	6.4343069730884	1.83020235263626	2.45935747460975e-18	1	14	27	2.88440973105331e-06	1	0	-3.90187549381722	4.21333417815457
COL5A3	SDC3	R-HSA-196854	REACTOME_METABOLISM_OF_VITAMINS_AND_COFACTORS	1.38680987479176e-88	3.33194580307111e-88	7.48429256741402	1.78001145544524	1.37748912171173e-17	1	15	29	5.50666451560768e-06	1	0	5.23008582373401	-6.17446797844773
UBC	TGFBR1	R-HSA-2173789	REACTOME_TGF_BETA_RECEPTOR_SIGNALING_ACTIVATES_SMADS	1.68611625509719e-88	4.03794831317775e-88	4.18244461339545	1.50370646210998	6.70184720346193e-18	1	17	32	1.09361509790494e-05	1	0	2.53574873778906	-3.75182083960181
COL7A1	ITGA2	R-HSA-6806834	REACTOME_SIGNALING_BY_MET	2.05508033498382e-88	4.90567563834847e-88	3.44838036292359	1.17069959486867	2.83570303465653e-14	1	21	39	3.36882076527802e-05	1	0	4.66528042282581	6.16766331304428
VEGFB	NRP1	R-HSA-376176	REACTOME_SIGNALING_BY_ROBO_RECEPTORS	4.13211492251611e-88	9.8320419378197e-88	1.18087730176445	2.24099444318722	7.36056482919352e-12	1	45	83	0.00271837302852565	1	0	2.65759682446539	6.62334531859917
TGFB1	TGFBR1	R-HSA-2173789	REACTOME_TGF_BETA_RECEPTOR_SIGNALING_ACTIVATES_SMADS	4.4075968424988e-88	1.04539155879779e-87	2.95574401322572	1.50370646210998	1.751898214823e-17	1	17	32	1.09361509790494e-05	1	0	-6.34659258778807	-3.75182083960181
GNAS	ADCY1	R-HSA-163685	REACTOME_INTEGRATION_OF_ENERGY_METABOLISM	2.07401751971774e-87	4.90342800188858e-87	3.88430684035025	9.34697466792488	1.25259528852758e-25	1	20	37	9.96485720278507e-05	1	0	-3.32529683538792	-5.37265018819338
GNAS	ADCY8	R-HSA-163685	REACTOME_INTEGRATION_OF_ENERGY_METABOLISM	6.67194587998717e-87	1.57236941120717e-86	3.88430684035025	10.8719897892569	4.0294972897434e-25	1	20	37	9.96485720278507e-05	1	0	-3.32529683538792	-6.34659258778807
FABP5	RXRA	R-HSA-381340	REACTOME_TRANSCRIPTIONAL_REGULATION_OF_WHITE_ADIPOCYTE_DIFFERENTIATION	1.46947247987471e-86	3.45209407970566e-86	8.47694168272266	1.83020235263626	7.76831335413457e-20	1	16	30	1.0133256836449e-05	1	0	8.73484354360591	4.21333417815457
TGFB1	SDC2	R-HSA-1793185	REACTOME_CHONDROITIN_SULFATE_DERMATAN_SULFATE_METABOLISM	2.39974105202901e-86	5.56679742476948e-86	2.95574401322572	6.61829755285028	5.71429836725996e-25	1	7	13	5.88588813030983e-10	1	0	-6.34659258778807	4.69450721033713
TGFB1	SDC2	R-HSA-1971475	REACTOME_A_TETRASACCHARIDE_LINKER_SEQUENCE_IS_REQUIRED_FOR_GAG_SYNTHESIS	2.39974105202901e-86	5.56679742476948e-86	2.95574401322572	6.61829755285028	5.71429836725996e-25	1	7	13	5.88588813030983e-10	1	0	-6.34659258778807	4.69450721033713
TGFB1	SDC2	R-HSA-3560782	REACTOME_DISEASES_ASSOCIATED_WITH_GLYCOSAMINOGLYCAN_METABOLISM	2.39974105202901e-86	5.56679742476948e-86	2.95574401322572	6.61829755285028	5.71429836725996e-25	1	7	13	5.88588813030983e-10	1	0	-6.34659258778807	4.69450721033713
TGFB1	SDC2	R-HSA-3560783	REACTOME_DEFECTIVE_B4GALT7_CAUSES_EDS_PROGEROID_TYPE	2.39974105202901e-86	5.56679742476948e-86	2.95574401322572	6.61829755285028	5.71429836725996e-25	1	7	13	5.88588813030983e-10	1	0	-6.34659258778807	4.69450721033713
COL9A2	ITGA2	R-HSA-3000178	REACTOME_ECM_PROTEOGLYCANS	2.91896309754261e-86	6.75010216306728e-86	7.97165942920147	1.17069959486867	1.04853974818801e-18	1	9	17	1.01517254596794e-08	1	0	3.61047951196797	6.16766331304428
ST6GAL1	CD22	R-HSA-983695	REACTOME_ANTIGEN_ACTIVATES_B_CELL_RECEPTOR_BCR_LEADING_TO_GENERATION_OF_SECOND_MESSENGERS	1.11736099712996e-85	2.57584778154569e-85	3.84084591977752	15.1377572349928	9.64718281395158e-15	1	7	14	4.99205884910754e-10	1	0	6.55524682835328	0.522914629292678
ABCA1	RXRA	R-HSA-381340	REACTOME_TRANSCRIPTIONAL_REGULATION_OF_WHITE_ADIPOCYTE_DIFFERENTIATION	4.65217861633982e-85	1.06913421617747e-84	6.4343069730884	1.83020235263626	2.45935747460975e-18	1	16	30	1.0133256836449e-05	1	0	-3.90187549381722	4.21333417815457
TIMP3	ADAM17	R-HSA-9662851	REACTOME_ANTI_INFLAMMATORY_RESPONSE_FAVOURING_LEISHMANIA_PARASITE_INFECTION	8.85029937670745e-85	2.02762276741904e-84	1.65750776490791	1.42524963251102	5.05229467937204e-11	1	16	30	3.44235215813836e-06	1	0	3.08566526662408	2.96638487459486
GNAS	ADCY1	R-HSA-111885	REACTOME_OPIOID_SIGNALLING	1.79375891921879e-83	4.09685679080836e-83	3.88430684035025	9.34697466792488	1.25259528852758e-25	1	18	34	0.000111274132037924	1	0	-3.32529683538792	-5.37265018819338
GNAS	ADCY8	R-HSA-111885	REACTOME_OPIOID_SIGNALLING	5.770376728737e-83	1.31387039362012e-82	3.88430684035025	10.8719897892569	4.0294972897434e-25	1	18	34	0.000111274132037924	1	0	-3.32529683538792	-6.34659258778807
FYN	CD86	R-HSA-388841	REACTOME_COSTIMULATION_BY_THE_CD28_FAMILY	1.43298984934592e-82	3.25279904452755e-82	1.99261108018638	6.32812731458128	2.72100845960103e-17	1	11	20	8.82046542635381e-08	1	0	4.45075339212144	5.18392620087655
COL7A1	ITGA2	R-HSA-3000178	REACTOME_ECM_PROTEOGLYCANS	7.89413327254032e-82	1.78643994546784e-81	3.44838036292359	1.17069959486867	2.83570303465653e-14	1	9	17	1.01517254596794e-08	1	0	4.66528042282581	6.16766331304428
FYN	CSF1R	R-HSA-8853884	REACTOME_TRANSCRIPTIONAL_REGULATION_BY_VENTX	9.64519194054137e-82	2.1760494012197e-81	1.99261108018638	11.899959284768	6.94242030481755e-24	1	14	26	1.02253116317164e-05	1	0	4.45075339212144	4.03846278055842
TNF	TNFRSF1B	R-HSA-5668541	REACTOME_TNFR2_NON_CANONICAL_NF_KB_PATHWAY	1.34414554802369e-81	3.02330609585876e-81	11.747009757752	6.65806785318676	2.90110676039521e-25	1	13	24	5.88152474094324e-06	1	0	2.38887497808781	-6.25500790535502
TYROBP	TREM2	R-HSA-2172127	REACTOME_DAP12_INTERACTIONS	2.96433195717913e-81	6.62720739671467e-81	11.6750697511561	14.5790458193867	3.21461947809738e-27	1	9	18	1.35635823475889e-06	1	0	7.94325558059011	-3.53296756398207
TYROBP	TREM2	R-HSA-2424491	REACTOME_DAP12_SIGNALING	2.96433195717913e-81	6.62720739671467e-81	11.6750697511561	14.5790458193867	3.21461947809738e-27	1	9	18	1.35635823475889e-06	1	0	7.94325558059011	-3.53296756398207
FYN	TYROBP	R-HSA-2424491	REACTOME_DAP12_SIGNALING	3.20040260084232e-81	7.13342748380517e-81	1.99261108018638	11.6750697511561	1.22389269756093e-25	1	10	19	8.81433565682306e-07	1	0	4.45075339212144	7.94325558059011
FABP5	RXRA	R-HSA-1592230	REACTOME_MITOCHONDRIAL_BIOGENESIS	1.54560311126341e-80	3.43467358058536e-80	8.47694168272266	1.83020235263626	7.76831335413457e-20	1	23	42	0.000239611821910958	1	0	8.73484354360591	4.21333417815457
TGFB1	SDC2	R-HSA-3000171	REACTOME_NON_INTEGRIN_MEMBRANE_ECM_INTERACTIONS	1.58448410108226e-80	3.51053363712837e-80	2.95574401322572	6.61829755285028	5.71429836725996e-25	1	7	14	4.17514167764369e-08	1	0	-6.34659258778807	4.69450721033713
FABP5	RXRA	R-HSA-1655829	REACTOME_REGULATION_OF_CHOLESTEROL_BIOSYNTHESIS_BY_SREBP_SREBF	1.78788479747663e-80	3.94935746308271e-80	8.47694168272266	1.83020235263626	7.76831335413457e-20	1	19	35	7.32897074597443e-05	1	0	8.73484354360591	4.21333417815457
CD80	CD86	R-HSA-388841	REACTOME_COSTIMULATION_BY_THE_CD28_FAMILY	2.96003344542103e-80	6.51912127860583e-80	7.66483786347716	6.32812731458128	5.62060928021849e-15	1	11	20	8.82046542635381e-08	1	0	2.18074259789645	5.18392620087655
COL5A3	SDC3	R-HSA-1793185	REACTOME_CHONDROITIN_SULFATE_DERMATAN_SULFATE_METABOLISM	4.14303607177616e-80	9.00812550290262e-80	7.48429256741402	1.78001145544524	1.37748912171173e-17	1	7	13	4.03872915254485e-10	1	0	5.23008582373401	-6.17446797844773
COL5A3	SDC3	R-HSA-1971475	REACTOME_A_TETRASACCHARIDE_LINKER_SEQUENCE_IS_REQUIRED_FOR_GAG_SYNTHESIS	4.14303607177616e-80	9.00812550290262e-80	7.48429256741402	1.78001145544524	1.37748912171173e-17	1	7	13	4.03872915254485e-10	1	0	5.23008582373401	-6.17446797844773
COL5A3	SDC3	R-HSA-2022928	REACTOME_HS_GAG_BIOSYNTHESIS	4.1510416168781e-80	9.00812550290262e-80	7.48429256741402	1.78001145544524	1.37748912171173e-17	1	5	10	1.55886407603568e-11	1	0	5.23008582373401	-6.17446797844773
COL5A3	SDC3	R-HSA-3560782	REACTOME_DISEASES_ASSOCIATED_WITH_GLYCOSAMINOGLYCAN_METABOLISM	4.14303607177616e-80	9.00812550290262e-80	7.48429256741402	1.78001145544524	1.37748912171173e-17	1	7	13	4.03872915254485e-10	1	0	5.23008582373401	-6.17446797844773
COL5A3	SDC3	R-HSA-3560783	REACTOME_DEFECTIVE_B4GALT7_CAUSES_EDS_PROGEROID_TYPE	4.14303607177616e-80	9.00812550290262e-80	7.48429256741402	1.78001145544524	1.37748912171173e-17	1	7	13	4.03872915254485e-10	1	0	5.23008582373401	-6.17446797844773
ABCA1	RXRA	R-HSA-1592230	REACTOME_MITOCHONDRIAL_BIOGENESIS	4.8931993229169e-79	1.05876242659605e-78	6.4343069730884	1.83020235263626	2.45935747460975e-18	1	23	42	0.000239611821910958	1	0	-3.90187549381722	4.21333417815457
B2M	TYROBP	R-HSA-2424491	REACTOME_DAP12_SIGNALING	5.2800588071002e-79	1.13913805167759e-78	3.48897009470868	11.6750697511561	2.0191914026696e-23	1	10	19	8.81433565682306e-07	1	0	6.49658574196446	7.94325558059011
ABCA1	RXRA	R-HSA-1655829	REACTOME_REGULATION_OF_CHOLESTEROL_BIOSYNTHESIS_BY_SREBP_SREBF	5.66023490552816e-79	1.21760867153803e-78	6.4343069730884	1.83020235263626	2.45935747460975e-18	1	19	35	7.32897074597443e-05	1	0	-3.90187549381722	4.21333417815457
UBC	TLR4	R-HSA-9820952	REACTOME_RESPIRATORY_SYNCYTIAL_VIRUS_INFECTION_PATHWAY	1.59892947450378e-78	3.42958785835593e-78	4.18244461339545	4.6419560817631	1.31737143416855e-23	1	22	41	0.00048185608394468	1	0	2.53574873778906	2.9568382202823
TNF	TNFRSF1B	R-HSA-6783783	REACTOME_INTERLEUKIN_10_SIGNALING	1.74102312067474e-78	3.72357546040263e-78	11.747009757752	6.65806785318676	2.90110676039521e-25	1	7	13	8.6063231823237e-09	1	0	2.38887497808781	-6.25500790535502
TGFB1	SDC2	R-HSA-2022928	REACTOME_HS_GAG_BIOSYNTHESIS	2.17837497104421e-77	4.64552587484933e-77	2.95574401322572	6.61829755285028	5.71429836725996e-25	1	5	10	7.52474363052555e-10	1	0	-6.34659258778807	4.69450721033713
IL16	GRIN2D	R-HSA-9609736	REACTOME_ASSEMBLY_AND_CELL_SURFACE_PRESENTATION_OF_NMDA_RECEPTORS	5.16722888335733e-77	1.09877855565644e-76	7.98036826906699	5.28045775920675	3.29737103943083e-25	1	3	7	2.36904696684755e-11	1	0	1.73597408860322	5.06833043023276
GNAS	ADCY1	R-HSA-112040	REACTOME_G_PROTEIN_MEDIATED_EVENTS	2.11109156586227e-76	4.47623999638417e-76	3.88430684035025	9.34697466792488	1.25259528852758e-25	1	14	26	3.58593152556402e-05	1	0	-3.32529683538792	-5.37265018819338
COL5A3	SDC3	R-HSA-2187338	REACTOME_VISUAL_PHOTOTRANSDUCTION	2.18287177999191e-76	4.6020658609516e-76	7.48429256741402	1.78001145544524	1.37748912171173e-17	1	6	11	5.70010195882379e-11	1	0	5.23008582373401	-6.17446797844773
COL5A3	SDC3	R-HSA-6806667	REACTOME_METABOLISM_OF_FAT_SOLUBLE_VITAMINS	2.18287177999191e-76	4.6020658609516e-76	7.48429256741402	1.78001145544524	1.37748912171173e-17	1	6	11	5.70010195882379e-11	1	0	5.23008582373401	-6.17446797844773
TIMP3	ADAM17	R-HSA-75893	REACTOME_TNF_SIGNALING	4.63190506474888e-76	9.73752769293798e-76	1.65750776490791	1.42524963251102	5.05229467937204e-11	1	18	34	4.19960084170768e-05	1	0	3.08566526662408	2.96638487459486
GNAS	ADCY8	R-HSA-112040	REACTOME_G_PROTEIN_MEDIATED_EVENTS	6.79121007475737e-76	1.42365310349021e-75	3.88430684035025	10.8719897892569	4.0294972897434e-25	1	14	26	3.58593152556402e-05	1	0	-3.32529683538792	-6.34659258778807
COL9A2	ITGA2	R-HSA-8875878	REACTOME_MET_PROMOTES_CELL_MOTILITY	1.84143641814281e-75	3.84933036560927e-75	7.97165942920147	1.17069959486867	1.04853974818801e-18	1	9	17	1.6089106647413e-07	1	0	3.61047951196797	6.16766331304428
GNAS	ADCY1	R-HSA-5610787	REACTOME_HEDGEHOG_OFF_STATE	2.86128530792134e-75	5.96436937425856e-75	3.88430684035025	9.34697466792488	1.25259528852758e-25	1	17	31	0.00013348972316545	1	0	-3.32529683538792	-5.37265018819338
SPP1	ITGA5	R-HSA-1566948	REACTOME_ELASTIC_FIBRE_FORMATION	3.11301909542708e-75	6.4708823893709e-75	4.04507551954381	2.74810201241895	4.11291008069406e-18	1	6	11	1.08575433623011e-10	1	0	-6.09446023835351	6.53408538253178
GNAS	ADCY8	R-HSA-5610787	REACTOME_HEDGEHOG_OFF_STATE	9.2045224016486e-75	1.90794021770867e-74	3.88430684035025	10.8719897892569	4.0294972897434e-25	1	17	31	0.00013348972316545	1	0	-3.32529683538792	-6.34659258778807
COL9A2	ITGA1	R-HSA-216083	REACTOME_INTEGRIN_CELL_SURFACE_INTERACTIONS	4.46013546712864e-74	9.21927442926031e-74	7.97165942920147	1.60026193912907	2.33911588881011e-21	1	7	13	1.01517254596794e-08	1	0	3.61047951196797	-0.505142629525767
FYN	TREM2	R-HSA-2172127	REACTOME_DAP12_INTERACTIONS	4.95240996740923e-74	1.01799538218968e-73	1.99261108018638	14.5790458193867	5.37055693314017e-20	1	9	18	1.35635823475889e-06	1	0	4.45075339212144	-3.53296756398207
FYN	TREM2	R-HSA-2424491	REACTOME_DAP12_SIGNALING	4.95240996740923e-74	1.01799538218968e-73	1.99261108018638	14.5790458193867	5.37055693314017e-20	1	9	18	1.35635823475889e-06	1	0	4.45075339212144	-3.53296756398207
UBC	NOTCH2	R-HSA-1912422	REACTOME_PRE_NOTCH_EXPRESSION_AND_PROCESSING	1.76227291228125e-73	3.61241538805575e-73	4.18244461339545	1.2483376436639	6.13116952019377e-15	1	14	27	1.98098613641136e-05	1	0	2.53574873778906	4.33939527114012
TIMP3	ADAM17	R-HSA-1442490	REACTOME_COLLAGEN_DEGRADATION	4.96114736254235e-73	1.01415719565783e-72	1.65750776490791	1.42524963251102	5.05229467937204e-11	1	5	10	1.89806751674673e-11	1	0	3.08566526662408	2.96638487459486
FABP5	RXRA	R-HSA-9707616	REACTOME_HEME_SIGNALING	5.62011191061198e-73	1.14569774486305e-72	8.47694168272266	1.83020235263626	7.76831335413457e-20	1	11	20	1.44305384864283e-06	1	0	8.73484354360591	4.21333417815457
COL5A3	SDC3	R-HSA-3000171	REACTOME_NON_INTEGRIN_MEMBRANE_ECM_INTERACTIONS	5.84578053385874e-73	1.18842791072952e-72	7.48429256741402	1.78001145544524	1.37748912171173e-17	1	7	13	4.24233824435985e-09	1	0	5.23008582373401	-6.17446797844773
ADAM17	ITGA5	R-HSA-1566948	REACTOME_ELASTIC_FIBRE_FORMATION	7.10301881990103e-73	1.44006408951418e-72	1.42524963251102	2.74810201241895	9.38448394057236e-16	1	6	11	1.08575433623011e-10	1	0	2.96638487459486	6.53408538253178
FABP5	RXRA	R-HSA-5617472	REACTOME_ACTIVATION_OF_ANTERIOR_HOX_GENES_IN_HINDBRAIN_DEVELOPMENT_DURING_EARLY_EMBRYOGENESIS	1.74121860241664e-72	3.52049662783692e-72	8.47694168272266	1.83020235263626	7.76831335413457e-20	1	22	40	0.00044056222579302	1	0	8.73484354360591	4.21333417815457
FABP5	RXRA	R-HSA-9616222	REACTOME_TRANSCRIPTIONAL_REGULATION_OF_GRANULOPOIESIS	2.20806401171313e-72	4.45222716258233e-72	8.47694168272266	1.83020235263626	7.76831335413457e-20	1	11	21	5.23302466182555e-06	1	0	8.73484354360591	4.21333417815457
UBC	TGFBR1	R-HSA-9839373	REACTOME_SIGNALING_BY_TGFBR3	2.52107476248841e-72	5.06955251152561e-72	4.18244461339545	1.50370646210998	6.70184720346193e-18	1	13	25	1.98098613641136e-05	1	0	2.53574873778906	-3.75182083960181
TGFB1	TGFBR1	R-HSA-9839373	REACTOME_SIGNALING_BY_TGFBR3	6.59022242935841e-72	1.32161642214776e-71	2.95574401322572	1.50370646210998	1.751898214823e-17	1	13	25	1.98098613641136e-05	1	0	-6.34659258778807	-3.75182083960181
B2M	TREM2	R-HSA-2172127	REACTOME_DAP12_INTERACTIONS	8.17053949959538e-72	1.62970329641525e-71	3.48897009470868	14.5790458193867	8.8604028838111e-18	1	9	18	1.35635823475889e-06	1	0	6.49658574196446	-3.53296756398207
B2M	TREM2	R-HSA-2424491	REACTOME_DAP12_SIGNALING	8.17053949959538e-72	1.62970329641525e-71	3.48897009470868	14.5790458193867	8.8604028838111e-18	1	9	18	1.35635823475889e-06	1	0	6.49658574196446	-3.53296756398207
SEMA7A	ITGA1	R-HSA-216083	REACTOME_INTEGRIN_CELL_SURFACE_INTERACTIONS	1.34850562871024e-71	2.68251119689671e-71	9.33656227194617	1.60026193912907	7.07223124838554e-19	1	7	13	1.01517254596794e-08	1	0	0.941839880249284	-0.505142629525767
ABCA1	RXRA	R-HSA-9707616	REACTOME_HEME_SIGNALING	1.77926193311324e-71	3.52990303084128e-71	6.4343069730884	1.83020235263626	2.45935747460975e-18	1	11	20	1.44305384864283e-06	1	0	-3.90187549381722	4.21333417815457
COL7A1	ITGA2	R-HSA-8875878	REACTOME_MET_PROMOTES_CELL_MOTILITY	4.98003709261229e-71	9.8535493276286e-71	3.44838036292359	1.17069959486867	2.83570303465653e-14	1	9	17	1.6089106647413e-07	1	0	4.66528042282581	6.16766331304428
ABCA1	RXRA	R-HSA-5617472	REACTOME_ACTIVATION_OF_ANTERIOR_HOX_GENES_IN_HINDBRAIN_DEVELOPMENT_DURING_EARLY_EMBRYOGENESIS	5.51249517052982e-71	1.08779904698455e-70	6.4343069730884	1.83020235263626	2.45935747460975e-18	1	22	40	0.00044056222579302	1	0	-3.90187549381722	4.21333417815457
TIMP3	ADAM17	R-HSA-177929	REACTOME_SIGNALING_BY_EGFR	6.7758454183092e-71	1.33354404509277e-70	1.65750776490791	1.42524963251102	5.05229467937204e-11	1	18	34	8.45397550464523e-05	1	0	3.08566526662408	2.96638487459486
ABCA1	RXRA	R-HSA-9616222	REACTOME_TRANSCRIPTIONAL_REGULATION_OF_GRANULOPOIESIS	6.99047332936591e-71	1.3721353484697e-70	6.4343069730884	1.83020235263626	2.45935747460975e-18	1	11	21	5.23302466182555e-06	1	0	-3.90187549381722	4.21333417815457
CAP1	ROBO1	R-HSA-373752	REACTOME_NETRIN_1_SIGNALING	9.37739920853361e-71	1.83578714664415e-70	4.51527385485877	7.91019797265458	3.99962760705683e-26	1	8	15	8.81433565682306e-07	1	0	4.51105899949935	-5.27932237965878
COL5A3	SDC3	R-HSA-3656237	REACTOME_DEFECTIVE_EXT2_CAUSES_EXOSTOSES_2	7.10096791937605e-70	1.37919061951136e-69	7.48429256741402	1.78001145544524	1.37748912171173e-17	1	4	8	1.55886407603568e-11	1	0	5.23008582373401	-6.17446797844773
COL5A3	SDC3	R-HSA-9694614	REACTOME_ATTACHMENT_AND_ENTRY	7.10096791937605e-70	1.37919061951136e-69	7.48429256741402	1.78001145544524	1.37748912171173e-17	1	4	8	1.55886407603568e-11	1	0	5.23008582373401	-6.17446797844773
COL5A3	SDC3	R-HSA-9772572	REACTOME_EARLY_SARS_COV_2_INFECTION_EVENTS	7.10096791937605e-70	1.37919061951136e-69	7.48429256741402	1.78001145544524	1.37748912171173e-17	1	4	8	1.55886407603568e-11	1	0	5.23008582373401	-6.17446797844773
FABP5	RXRA	R-HSA-383280	REACTOME_NUCLEAR_RECEPTOR_TRANSCRIPTION_PATHWAY	3.169210669607e-69	6.13930862698738e-69	8.47694168272266	1.83020235263626	7.76831335413457e-20	1	11	21	1.0133256836449e-05	1	0	8.73484354360591	4.21333417815457
IL16	GRIN2D	R-HSA-6794362	REACTOME_PROTEIN_PROTEIN_INTERACTIONS_AT_SYNAPSES	5.5126769397476e-69	1.06511251577369e-68	7.98036826906699	5.28045775920675	3.29737103943083e-25	1	7	14	1.23938228039998e-06	1	0	1.73597408860322	5.06833043023276
TGFB1	CXCR4	R-HSA-380108	REACTOME_CHEMOKINE_RECEPTORS_BIND_CHEMOKINES	1.31543343879808e-68	2.53494985601712e-68	2.95574401322572	5.53945066606859	1.60617281509471e-26	1	4	8	1.71008507663508e-09	1	0	-6.34659258778807	-0.687031617827566
GNAS	ADCY8	R-HSA-422356	REACTOME_REGULATION_OF_INSULIN_SECRETION	1.79124579931824e-68	3.44291400388441e-68	3.88430684035025	10.8719897892569	4.0294972897434e-25	1	11	21	3.58593152556402e-05	1	0	-3.32529683538792	-6.34659258778807
ABCA1	RXRA	R-HSA-383280	REACTOME_NUCLEAR_RECEPTOR_TRANSCRIPTION_PATHWAY	1.00333516345123e-67	1.92349228226401e-67	6.4343069730884	1.83020235263626	2.45935747460975e-18	1	11	21	1.0133256836449e-05	1	0	-3.90187549381722	4.21333417815457
VEGFA	RET	R-HSA-8853659	REACTOME_RET_SIGNALING	1.83468854353827e-67	3.5081899798923e-67	3.93628329851797	4.56197317355752	6.00327632161932e-25	1	8	16	6.68646004681723e-06	1	0	6.68732567798344	-5.28208294360426
DLL4	NOTCH2	R-HSA-1912422	REACTOME_PRE_NOTCH_EXPRESSION_AND_PROCESSING	3.59591373756802e-67	6.85818599433076e-67	5.25296718302752	1.2483376436639	1.2510637002576e-08	1	14	27	1.98098613641136e-05	1	0	-6.34659258778807	4.33939527114012
UBC	TLR4	R-HSA-9707616	REACTOME_HEME_SIGNALING	8.30422453660647e-67	1.57972394783773e-66	4.18244461339545	4.6419560817631	1.31737143416855e-23	1	9	17	5.15996660409307e-06	1	0	2.53574873778906	2.9568382202823
UBC	TLR4	R-HSA-5260271	REACTOME_DISEASES_OF_IMMUNE_SYSTEM	9.99732948344275e-67	1.89692918403785e-66	4.18244461339545	4.6419560817631	1.31737143416855e-23	1	8	16	5.72761653869248e-06	1	0	2.53574873778906	2.9568382202823
CXCL13	CXCR5	R-HSA-380108	REACTOME_CHEMOKINE_RECEPTORS_BIND_CHEMOKINES	4.36094195191721e-66	8.25344512639062e-66	18.5103705619622	10.109125727844	1.41994796945282e-23	1	3	7	1.71008507663508e-09	1	0	-2.05650937010322	5.16362313197626
NRP1	ROBO1	R-HSA-373752	REACTOME_NETRIN_1_SIGNALING	2.65396008541923e-65	5.01002669186283e-65	2.24099444318722	7.91019797265458	1.13196119623551e-20	1	8	15	8.81433565682306e-07	1	0	6.62334531859917	-5.27932237965878
TGFB1	SDC2	R-HSA-2682334	REACTOME_EPH_EPHRIN_SIGNALING	5.44276718641828e-65	1.02484674756985e-64	2.95574401322572	6.61829755285028	5.71429836725996e-25	1	4	8	4.4272471747076e-09	1	0	-6.34659258778807	4.69450721033713
FABP5	RXRA	R-HSA-211859	REACTOME_BIOLOGICAL_OXIDATIONS	1.14934931396911e-64	2.15321137300543e-64	8.47694168272266	1.83020235263626	7.76831335413457e-20	1	6	12	1.51924785009664e-07	1	0	8.73484354360591	4.21333417815457
FABP5	RXRA	R-HSA-211945	REACTOME_PHASE_I_FUNCTIONALIZATION_OF_COMPOUNDS	1.14934931396911e-64	2.15321137300543e-64	8.47694168272266	1.83020235263626	7.76831335413457e-20	1	6	12	1.51924785009664e-07	1	0	8.73484354360591	4.21333417815457
IL16	GRIN2D	R-HSA-442742	REACTOME_CREB1_PHOSPHORYLATION_THROUGH_NMDA_RECEPTOR_MEDIATED_ACTIVATION_OF_RAS_SIGNALING	1.41235128017636e-64	2.63924229123865e-64	7.98036826906699	5.28045775920675	3.29737103943083e-25	1	7	13	8.20151745614629e-07	1	0	1.73597408860322	5.06833043023276
B2M	TFRC	R-HSA-199992	REACTOME_TRANS_GOLGI_NETWORK_VESICLE_BUDDING	2.52142744951579e-64	4.69988995627629e-64	3.48897009470868	1.51649907683841	3.13951159326019e-11	1	17	32	0.000135806717777891	1	0	6.49658574196446	4.0475042497672
TLN1	ITGA1	R-HSA-216083	REACTOME_INTEGRIN_CELL_SURFACE_INTERACTIONS	3.47740028865228e-64	6.46551812462987e-64	1.25707627841883	1.60026193912907	1.8237208997098e-11	1	7	13	1.01517254596794e-08	1	0	1.82527395686905	-0.505142629525767
TGFB1	SDC2	R-HSA-2187338	REACTOME_VISUAL_PHOTOTRANSDUCTION	7.21080360480244e-64	1.33399866688845e-63	2.95574401322572	6.61829755285028	5.71429836725996e-25	1	6	11	1.18230583550744e-07	1	0	-6.34659258778807	4.69450721033713
TGFB1	SDC2	R-HSA-6806667	REACTOME_METABOLISM_OF_FAT_SOLUBLE_VITAMINS	7.21080360480244e-64	1.33399866688845e-63	2.95574401322572	6.61829755285028	5.71429836725996e-25	1	6	11	1.18230583550744e-07	1	0	-6.34659258778807	4.69450721033713
FABP5	RXRA	R-HSA-9024446	REACTOME_NR1H2_AND_NR1H3_MEDIATED_SIGNALING	9.23389114031484e-64	1.70400983636733e-63	8.47694168272266	1.83020235263626	7.76831335413457e-20	1	15	29	0.000351421807131446	1	0	8.73484354360591	4.21333417815457
SPP1	ITGA5	R-HSA-216083	REACTOME_INTEGRIN_CELL_SURFACE_INTERACTIONS	2.0798420642226e-63	3.8285649938426e-63	4.04507551954381	2.74810201241895	4.11291008069406e-18	1	6	11	1.01517254596794e-08	1	0	-6.09446023835351	6.53408538253178
EFNB2	PECAM1	R-HSA-76005	REACTOME_RESPONSE_TO_ELEVATED_PLATELET_CYTOSOLIC_CA2	3.39922468237823e-63	6.2417525185109e-63	3.17036233575557	11.540114414625	1.50165490900004e-22	1	8	15	2.77513161418308e-06	1	0	7.38943307846952	-2.02791181435216
ABCA1	RXRA	R-HSA-211859	REACTOME_BIOLOGICAL_OXIDATIONS	3.63870598080738e-63	6.64849981678386e-63	6.4343069730884	1.83020235263626	2.45935747460975e-18	1	6	12	1.51924785009664e-07	1	0	-3.90187549381722	4.21333417815457
ABCA1	RXRA	R-HSA-211945	REACTOME_PHASE_I_FUNCTIONALIZATION_OF_COMPOUNDS	3.63870598080738e-63	6.64849981678386e-63	6.4343069730884	1.83020235263626	2.45935747460975e-18	1	6	12	1.51924785009664e-07	1	0	-3.90187549381722	4.21333417815457
ARTN	RET	R-HSA-8853659	REACTOME_RET_SIGNALING	7.78063780049126e-63	1.41814580600087e-62	4.5408222922158	4.56197317355752	2.54589907585647e-20	1	8	16	6.68646004681723e-06	1	0	5.40240954328139	-5.28208294360426
VASP	ROBO1	R-HSA-373752	REACTOME_NETRIN_1_SIGNALING	8.54632513168392e-63	1.5538772966698e-62	1.11154276936781	7.91019797265458	3.64515972663937e-18	1	8	15	8.81433565682306e-07	1	0	4.76572714326974	-5.27932237965878
MMP9	ITGB2	R-HSA-216083	REACTOME_INTEGRIN_CELL_SURFACE_INTERACTIONS	1.07656835820126e-62	1.95259947320817e-62	15.6513939360376	11.7657488855183	6.20356169982717e-27	1	6	12	3.00082138751787e-06	1	0	-5.5696818702827	3.11933369749473
ICAM3	ITGB2	R-HSA-216083	REACTOME_INTEGRIN_CELL_SURFACE_INTERACTIONS	1.21995335646747e-62	2.20725057160374e-62	7.46920273925744	11.7657488855183	7.02979598100206e-27	1	6	12	3.00082138751787e-06	1	0	3.8173670725711	3.11933369749473
FABP5	RXRA	R-HSA-9707564	REACTOME_CYTOPROTECTION_BY_HMOX1	1.76463468799419e-62	3.18495041247732e-62	8.47694168272266	1.83020235263626	7.76831335413457e-20	1	11	20	1.61800306760282e-05	1	0	8.73484354360591	4.21333417815457
ABCA1	RXRA	R-HSA-9024446	REACTOME_NR1H2_AND_NR1H3_MEDIATED_SIGNALING	2.92334232160953e-62	5.26343872990524e-62	6.4343069730884	1.83020235263626	2.45935747460975e-18	1	15	29	0.000351421807131446	1	0	-3.90187549381722	4.21333417815457
ADAM17	ITGA5	R-HSA-216083	REACTOME_INTEGRIN_CELL_SURFACE_INTERACTIONS	4.74560446683292e-61	8.52365850838923e-61	1.42524963251102	2.74810201241895	9.38448394057236e-16	1	6	11	1.01517254596794e-08	1	0	2.96638487459486	6.53408538253178
ABCA1	RXRA	R-HSA-9707564	REACTOME_CYTOPROTECTION_BY_HMOX1	5.58662776851597e-61	1.00099383745807e-60	6.4343069730884	1.83020235263626	2.45935747460975e-18	1	11	20	1.61800306760282e-05	1	0	-3.90187549381722	4.21333417815457
UBC	TGFBR1	R-HSA-2173788	REACTOME_DOWNREGULATION_OF_TGF_BETA_RECEPTOR_SIGNALING	6.17377060381431e-61	1.10352421420836e-60	4.18244461339545	1.50370646210998	6.70184720346193e-18	1	11	21	3.83152102420025e-05	1	0	2.53574873778906	-3.75182083960181
ICAM5	ITGB2	R-HSA-216083	REACTOME_INTEGRIN_CELL_SURFACE_INTERACTIONS	7.16657738173589e-61	1.27789572589989e-60	6.42341049535512	11.7657488855183	4.12963140013382e-25	1	6	12	3.00082138751787e-06	1	0	6.05285420341475	3.11933369749473
SHANK1	ABCA1	R-HSA-9024446	REACTOME_NR1H2_AND_NR1H3_MEDIATED_SIGNALING	8.83195517709561e-61	1.57106894977181e-60	1.06706458146297	6.4343069730884	6.61278884149668e-13	1	14	26	5.99252485982052e-05	1	0	3.25003896762908	-3.90187549381722
VEGFB	RET	R-HSA-8853659	REACTOME_RET_SIGNALING	1.2228305984219e-60	2.17001113389018e-60	1.18087730176445	4.56197317355752	4.00121862793146e-18	1	8	16	6.68646004681723e-06	1	0	2.65759682446539	-5.28208294360426
FABP5	RXRA	R-HSA-2151201	REACTOME_TRANSCRIPTIONAL_ACTIVATION_OF_MITOCHONDRIAL_BIOGENESIS	1.61305882148924e-60	2.8502472369523e-60	8.47694168272266	1.83020235263626	7.76831335413457e-20	1	13	25	0.000225959131508227	1	0	8.73484354360591	4.21333417815457
TGFB1	TGFBR1	R-HSA-2173788	REACTOME_DOWNREGULATION_OF_TGF_BETA_RECEPTOR_SIGNALING	1.61385620578786e-60	2.8502472369523e-60	2.95574401322572	1.50370646210998	1.751898214823e-17	1	11	21	3.83152102420025e-05	1	0	-6.34659258778807	-3.75182083960181
FYN	CSF1R	R-HSA-9680350	REACTOME_SIGNALING_BY_CSF1_M_CSF_IN_MYELOID_CELLS	3.34013355037718e-60	5.88499720780741e-60	1.99261108018638	11.899959284768	6.94242030481755e-24	1	12	22	0.000146813955324151	1	0	4.45075339212144	4.03846278055842
COL9A2	ITGA2	R-HSA-216083	REACTOME_INTEGRIN_CELL_SURFACE_INTERACTIONS	2.07040091862547e-59	3.63918451254833e-59	7.97165942920147	1.17069959486867	1.04853974818801e-18	1	7	14	3.00082138751787e-06	1	0	3.61047951196797	6.16766331304428
ICAM2	ITGB2	R-HSA-216083	REACTOME_INTEGRIN_CELL_SURFACE_INTERACTIONS	2.14091385757039e-59	3.75420913412817e-59	5.12198886570994	11.7657488855183	1.23366910315322e-23	1	6	12	3.00082138751787e-06	1	0	0.512202975043444	3.11933369749473
GNAS	ADCY1	R-HSA-418597	REACTOME_G_ALPHA_Z_SIGNALLING_EVENTS	4.12420299792465e-59	7.21491777414715e-59	3.88430684035025	9.34697466792488	1.25259528852758e-25	1	6	11	9.45108147794226e-07	1	0	-3.32529683538792	-5.37265018819338
ABCA1	RXRA	R-HSA-2151201	REACTOME_TRANSCRIPTIONAL_ACTIVATION_OF_MITOCHONDRIAL_BIOGENESIS	5.1067562400831e-59	8.91273494731484e-59	6.4343069730884	1.83020235263626	2.45935747460975e-18	1	13	25	0.000225959131508227	1	0	-3.90187549381722	4.21333417815457
GNAS	ADCY8	R-HSA-418597	REACTOME_G_ALPHA_Z_SIGNALLING_EVENTS	1.32672260184084e-58	2.31005817732288e-58	3.88430684035025	10.8719897892569	4.0294972897434e-25	1	6	11	9.45108147794226e-07	1	0	-3.32529683538792	-6.34659258778807
NAMPT	INSR	R-HSA-74751	REACTOME_INSULIN_RECEPTOR_SIGNALLING_CASCADE	1.44448073032091e-58	2.50331555137582e-58	4.93248461675253	1.33894977131172	2.05847117159308e-19	1	13	25	0.000296250720160196	1	0	5.06835275159893	3.85998171650034
NAMPT	INSR	R-HSA-74752	REACTOME_SIGNALING_BY_INSULIN_RECEPTOR	1.44448073032091e-58	2.50331555137582e-58	4.93248461675253	1.33894977131172	2.05847117159308e-19	1	13	25	0.000296250720160196	1	0	5.06835275159893	3.85998171650034
YWHAZ	CSF2RB	R-HSA-451927	REACTOME_INTERLEUKIN_2_FAMILY_SIGNALING	1.47882032090654e-58	2.55683887259542e-58	2.33464854280851	8.46960551114868	8.97147586249733e-23	1	11	21	0.000174886627699049	1	0	6.22924882001352	4.48554323395549
FABP5	RXRA	R-HSA-9029569	REACTOME_NR1H3_NR1H2_REGULATE_GENE_EXPRESSION_LINKED_TO_CHOLESTEROL_TRANSPORT_AND_EFFLUX	1.78849132646789e-58	3.08504331372084e-58	8.47694168272266	1.83020235263626	7.76831335413457e-20	1	13	24	0.000175488119293465	1	0	8.73484354360591	4.21333417815457
FABP5	RXRA	R-HSA-211897	REACTOME_CYTOCHROME_P450_ARRANGED_BY_SUBSTRATE_TYPE	2.00593837211759e-58	3.45207998922561e-58	8.47694168272266	1.83020235263626	7.76831335413457e-20	1	5	10	1.51924785009664e-07	1	0	8.73484354360591	4.21333417815457
YWHAZ	IL3RA	R-HSA-451927	REACTOME_INTERLEUKIN_2_FAMILY_SIGNALING	2.29625547749563e-58	3.94252680590897e-58	2.33464854280851	9.18897469246178	1.39305636386242e-22	1	11	21	0.000174886627699049	1	0	6.22924882001352	5.63048851253718
FYN	CD86	R-HSA-389356	REACTOME_CD28_CO_STIMULATION	3.00193112585915e-58	5.14219683596244e-58	1.99261108018638	6.32812731458128	2.72100845960103e-17	1	6	11	5.36625730887397e-08	1	0	4.45075339212144	5.18392620087655
TIMP3	ADAM17	R-HSA-193704	REACTOME_P75_NTR_RECEPTOR_MEDIATED_SIGNALLING	5.4879510376875e-58	9.37894634616339e-58	1.65750776490791	1.42524963251102	5.05229467937204e-11	1	15	28	0.000126584258233742	1	0	3.08566526662408	2.96638487459486
FABP5	RXRA	R-HSA-2426168	REACTOME_ACTIVATION_OF_GENE_EXPRESSION_BY_SREBF_SREBP	8.94176096092861e-58	1.52463205324589e-57	8.47694168272266	1.83020235263626	7.76831335413457e-20	1	14	26	0.000348328944971377	1	0	8.73484354360591	4.21333417815457
ITGAM	ITGB2	R-HSA-216083	REACTOME_INTEGRIN_CELL_SURFACE_INTERACTIONS	1.32725731959417e-57	2.25786302643605e-57	16.5987336946007	11.7657488855183	7.64811877566845e-22	1	6	12	3.00082138751787e-06	1	0	4.27291395610315	3.11933369749473
B2M	TFRC	R-HSA-9013149	REACTOME_RAC1_GTPASE_CYCLE	3.09207280527435e-57	5.24801347684178e-57	3.48897009470868	1.51649907683841	3.13951159326019e-11	1	11	20	7.45902137718194e-06	1	0	6.49658574196446	4.0475042497672
ICAM3	ITGAL	R-HSA-216083	REACTOME_INTEGRIN_CELL_SURFACE_INTERACTIONS	3.34611759592918e-57	5.66619455603568e-57	7.46920273925744	8.86460768862375	9.91890956726284e-27	1	6	11	3.00082138751787e-06	1	0	3.8173670725711	5.0510565510483
YWHAZ	CSF2RA	R-HSA-451927	REACTOME_INTERLEUKIN_2_FAMILY_SIGNALING	3.85902804329716e-57	6.51981906858424e-57	2.33464854280851	4.72463681714405	2.3411347851859e-21	1	11	21	0.000174886627699049	1	0	6.22924882001352	6.10264658434416
B2M	TFRC	R-HSA-9013404	REACTOME_RAC2_GTPASE_CYCLE	4.27305595340135e-57	7.20287336108657e-57	3.48897009470868	1.51649907683841	3.13951159326019e-11	1	7	13	9.67437182077131e-08	1	0	6.49658574196446	4.0475042497672
FYN	CD80	R-HSA-389356	REACTOME_CD28_CO_STIMULATION	4.65969437406908e-57	7.83675872002528e-57	1.99261108018638	7.66483786347716	4.22363714536207e-16	1	6	11	5.36625730887397e-08	1	0	4.45075339212144	2.18074259789645
ABCA1	RXRA	R-HSA-9029569	REACTOME_NR1H3_NR1H2_REGULATE_GENE_EXPRESSION_LINKED_TO_CHOLESTEROL_TRANSPORT_AND_EFFLUX	5.66215510562851e-57	9.5011219459526e-57	6.4343069730884	1.83020235263626	2.45935747460975e-18	1	13	24	0.000175488119293465	1	0	-3.90187549381722	4.21333417815457
COL9A2	ITGA2	R-HSA-3000170	REACTOME_SYNDECAN_INTERACTIONS	6.33099887098846e-57	1.05994098745056e-56	7.97165942920147	1.17069959486867	1.04853974818801e-18	1	4	8	1.01517254596794e-08	1	0	3.61047951196797	6.16766331304428
ABCA1	RXRA	R-HSA-211897	REACTOME_CYTOCHROME_P450_ARRANGED_BY_SUBSTRATE_TYPE	6.35056711048894e-57	1.06081707940447e-56	6.4343069730884	1.83020235263626	2.45935747460975e-18	1	5	10	1.51924785009664e-07	1	0	-3.90187549381722	4.21333417815457
TGFB1	ACVRL1	R-HSA-201451	REACTOME_SIGNALING_BY_BMP	1.16606807234202e-56	1.9434467872367e-56	2.95574401322572	6.30632297208493	5.48906308982868e-22	1	9	17	4.57273430658053e-05	1	0	-6.34659258778807	-3.40449327966533
COL9A2	ITGA1	R-HSA-3000157	REACTOME_LAMININ_INTERACTIONS	1.20293837576961e-56	2.00039190577418e-56	7.97165942920147	1.60026193912907	2.33911588881011e-21	1	3	6	7.65200183188219e-10	1	0	3.61047951196797	-0.505142629525767
FYN	TYROBP	R-HSA-391160	REACTOME_SIGNAL_REGULATORY_PROTEIN_FAMILY_INTERACTIONS	1.42659790655286e-56	2.36700101087246e-56	1.99261108018638	11.6750697511561	1.22389269756093e-25	1	3	7	3.53889632729009e-07	1	0	4.45075339212144	7.94325558059011
UBC	TGFBR1	R-HSA-9839389	REACTOME_TGFBR3_REGULATES_TGF_BETA_SIGNALING	1.45458980204871e-56	2.40804575730659e-56	4.18244461339545	1.50370646210998	6.70184720346193e-18	1	2	5	1.44342373387219e-10	1	0	2.53574873778906	-3.75182083960181
EFNB2	PECAM1	R-HSA-210990	REACTOME_PECAM1_INTERACTIONS	1.47885512608606e-56	2.44275177076715e-56	3.17036233575557	11.540114414625	1.50165490900004e-22	1	5	10	8.81433565682306e-07	1	0	7.38943307846952	-2.02791181435216
ABCA1	RXRA	R-HSA-2426168	REACTOME_ACTIVATION_OF_GENE_EXPRESSION_BY_SREBF_SREBP	2.83085731135306e-56	4.66555547973555e-56	6.4343069730884	1.83020235263626	2.45935747460975e-18	1	14	26	0.000348328944971377	1	0	-3.90187549381722	4.21333417815457
TGFB1	TGFBR1	R-HSA-9839389	REACTOME_TGFBR3_REGULATES_TGF_BETA_SIGNALING	3.80237447996804e-56	6.25279358928077e-56	2.95574401322572	1.50370646210998	1.751898214823e-17	1	2	5	1.44342373387219e-10	1	0	-6.34659258778807	-3.75182083960181
CD86	CD80	R-HSA-389356	REACTOME_CD28_CO_STIMULATION	6.20089286567477e-56	1.01519042491136e-55	6.32812731458128	7.66483786347716	5.62060928021849e-15	1	6	11	5.36625730887397e-08	1	0	5.18392620087655	2.18074259789645
CD80	CD86	R-HSA-389356	REACTOME_CD28_CO_STIMULATION	6.20089286567477e-56	1.01519042491136e-55	7.66483786347716	6.32812731458128	5.62060928021849e-15	1	6	11	5.36625730887397e-08	1	0	2.18074259789645	5.18392620087655
IL16	CD4	R-HSA-202433	REACTOME_GENERATION_OF_SECOND_MESSENGER_MOLECULES	7.50030909880188e-56	1.22521605587492e-55	7.98036826906699	12.7109117600822	6.71293714986327e-27	1	3	7	8.81433565682306e-07	1	0	1.73597408860322	6.96033734757578
ITGB2	ITGAL	R-HSA-216083	REACTOME_INTEGRIN_CELL_SURFACE_INTERACTIONS	8.21624217298672e-56	1.3392112792974e-55	11.7657488855183	8.86460768862375	2.4355439030515e-25	1	6	11	3.00082138751787e-06	1	0	3.11933369749473	5.0510565510483
FYN	CD80	R-HSA-388841	REACTOME_COSTIMULATION_BY_THE_CD28_FAMILY	8.28596864127259e-56	1.34760808671247e-55	1.99261108018638	7.66483786347716	4.22363714536207e-16	1	10	19	3.40973736678719e-05	1	0	4.45075339212144	2.18074259789645
YWHAZ	CSF2RB	R-HSA-912526	REACTOME_INTERLEUKIN_RECEPTOR_SHC_SIGNALING	9.19898072014327e-56	1.49281704668992e-55	2.33464854280851	8.46960551114868	8.97147586249733e-23	1	7	13	6.68646004681723e-06	1	0	6.22924882001352	4.48554323395549
UBC	TLR4	R-HSA-937072	REACTOME_TRAF6_MEDIATED_INDUCTION_OF_TAK1_COMPLEX_WITHIN_TLR4_COMPLEX	1.15537233789736e-55	1.87084361059967e-55	4.18244461339545	4.6419560817631	1.31737143416855e-23	1	6	11	1.63328684686431e-06	1	0	2.53574873778906	2.9568382202823
YWHAZ	IL3RA	R-HSA-912526	REACTOME_INTERLEUKIN_RECEPTOR_SHC_SIGNALING	1.42838244561427e-55	2.30786683352524e-55	2.33464854280851	9.18897469246178	1.39305636386242e-22	1	7	13	6.68646004681723e-06	1	0	6.22924882001352	5.63048851253718
ADAM28	ITGA4	R-HSA-216083	REACTOME_INTEGRIN_CELL_SURFACE_INTERACTIONS	1.46077557829067e-55	2.35506302382373e-55	11.5320715366163	10.6187798350275	9.52637765582395e-25	1	5	10	3.00082138751787e-06	1	0	0.461161341739883	5.59109838736174
ICAM5	ITGAL	R-HSA-216083	REACTOME_INTEGRIN_CELL_SURFACE_INTERACTIONS	1.96566619145606e-55	3.16215865582061e-55	6.42341049535512	8.86460768862375	5.82683203250197e-25	1	6	11	3.00082138751787e-06	1	0	6.05285420341475	5.0510565510483
SPP1	ITGA4	R-HSA-216083	REACTOME_INTEGRIN_CELL_SURFACE_INTERACTIONS	2.72263976274597e-55	4.37039788380046e-55	4.04507551954381	10.6187798350275	1.77555642263894e-24	1	5	10	3.00082138751787e-06	1	0	-6.09446023835351	5.59109838736174
CD274	CD80	R-HSA-389356	REACTOME_CD28_CO_STIMULATION	2.87430192855895e-55	4.60386023189096e-55	6.76425271947831	7.66483786347716	2.60532288555357e-14	1	6	11	5.36625730887397e-08	1	0	-5.83475328313249	2.18074259789645
COL7A1	ITGA2	R-HSA-216083	REACTOME_INTEGRIN_CELL_SURFACE_INTERACTIONS	5.59925570589739e-55	8.94913438955522e-55	3.44838036292359	1.17069959486867	2.83570303465653e-14	1	7	14	3.00082138751787e-06	1	0	4.66528042282581	6.16766331304428
COL9A2	ITGA2	R-HSA-8874081	REACTOME_MET_ACTIVATES_PTK2_SIGNALING	9.51553597669159e-55	1.51756392731719e-54	7.97165942920147	1.17069959486867	1.04853974818801e-18	1	6	11	3.53889632729009e-07	1	0	3.61047951196797	6.16766331304428
CD86	CD80	R-HSA-388841	REACTOME_COSTIMULATION_BY_THE_CD28_FAMILY	1.10265609089731e-54	1.75476453175056e-54	6.32812731458128	7.66483786347716	5.62060928021849e-15	1	10	19	3.40973736678719e-05	1	0	5.18392620087655	2.18074259789645
FABP5	RXRA	R-HSA-1368108	REACTOME_BMAL1_CLOCK_NPAS2_ACTIVATES_CIRCADIAN_GENE_EXPRESSION	1.19645277337899e-54	1.89994646416405e-54	8.47694168272266	1.83020235263626	7.76831335413457e-20	1	6	11	5.67311147755243e-07	1	0	8.73484354360591	4.21333417815457
SPP1	ITGA5	R-HSA-445144	REACTOME_SIGNAL_TRANSDUCTION_BY_L1	1.58007020772139e-54	2.50375150688186e-54	4.04507551954381	2.74810201241895	4.11291008069406e-18	1	7	13	2.16628904580268e-06	1	0	-6.09446023835351	6.53408538253178
B2M	TYROBP	R-HSA-391160	REACTOME_SIGNAL_REGULATORY_PROTEIN_FAMILY_INTERACTIONS	2.35361664770009e-54	3.72153059679074e-54	3.48897009470868	11.6750697511561	2.0191914026696e-23	1	3	7	3.53889632729009e-07	1	0	6.49658574196446	7.94325558059011
YWHAZ	CSF2RA	R-HSA-912526	REACTOME_INTERLEUKIN_RECEPTOR_SHC_SIGNALING	2.40050289186053e-54	3.78757385922557e-54	2.33464854280851	4.72463681714405	2.3411347851859e-21	1	7	13	6.68646004681723e-06	1	0	6.22924882001352	6.10264658434416
UBC	TLR4	R-HSA-937041	REACTOME_IKK_COMPLEX_RECRUITMENT_MEDIATED_BY_RIP1	3.02884781029587e-54	4.7688242119552e-54	4.18244461339545	4.6419560817631	1.31737143416855e-23	1	7	14	5.43898025921031e-05	1	0	2.53574873778906	2.9568382202823
SEMA7A	ITGA1	R-HSA-3000157	REACTOME_LAMININ_INTERACTIONS	3.63704013627459e-54	5.71424564934861e-54	9.33656227194617	1.60026193912907	7.07223124838554e-19	1	3	6	7.65200183188219e-10	1	0	0.941839880249284	-0.505142629525767
MMP9	ITGAM	R-HSA-216083	REACTOME_INTEGRIN_CELL_SURFACE_INTERACTIONS	4.21479719435784e-54	6.60794475386611e-54	15.6513939360376	16.5987336946007	2.74865971288648e-23	1	5	10	3.00082138751787e-06	1	0	-5.5696818702827	4.27291395610315
ICAM3	ITGAL	R-HSA-8949275	REACTOME_RUNX3_REGULATES_IMMUNE_RESPONSE_AND_CELL_MIGRATION	4.72689552711594e-54	7.39514310796152e-54	7.46920273925744	8.86460768862375	9.91890956726284e-27	1	1	3	7.81095339480202e-10	1	0	3.8173670725711	5.0510565510483
CD274	CD80	R-HSA-388841	REACTOME_COSTIMULATION_BY_THE_CD28_FAMILY	5.11114543866342e-54	7.97942536837749e-54	6.76425271947831	7.66483786347716	2.60532288555357e-14	1	10	19	3.40973736678719e-05	1	0	-5.83475328313249	2.18074259789645
ICAM2	ITGAL	R-HSA-216083	REACTOME_INTEGRIN_CELL_SURFACE_INTERACTIONS	5.8721503508367e-54	9.14819212551402e-54	5.12198886570994	8.86460768862375	1.74068384106345e-23	1	6	11	3.00082138751787e-06	1	0	0.512202975043444	5.0510565510483
SHANK1	ABCA1	R-HSA-9029569	REACTOME_NR1H3_NR1H2_REGULATE_GENE_EXPRESSION_LINKED_TO_CHOLESTEROL_TRANSPORT_AND_EFFLUX	8.34217955647426e-54	1.29689346046028e-53	1.06706458146297	6.4343069730884	6.61278884149668e-13	1	11	21	5.99252485982052e-05	1	0	3.25003896762908	-3.90187549381722
UBC	TGFBR1	R-HSA-5689603	REACTOME_UCH_PROTEINASES	2.89868208818259e-53	4.49690722275706e-53	4.18244461339545	1.50370646210998	6.70184720346193e-18	1	9	17	3.83152102420025e-05	1	0	2.53574873778906	-3.75182083960181
ABCA1	RXRA	R-HSA-1368108	REACTOME_BMAL1_CLOCK_NPAS2_ACTIVATES_CIRCADIAN_GENE_EXPRESSION	3.78783004377787e-53	5.86400467028373e-53	6.4343069730884	1.83020235263626	2.45935747460975e-18	1	6	11	5.67311147755243e-07	1	0	-3.90187549381722	4.21333417815457
TGFB1	ITGB8	R-HSA-1566948	REACTOME_ELASTIC_FIBRE_FORMATION	4.75343906689464e-53	7.34351755637168e-53	2.95574401322572	1.87835816240454	1.07951475118054e-13	1	6	11	9.92025706594222e-08	1	0	-6.34659258778807	8.06019313722854
EFNB2	PECAM1	R-HSA-216083	REACTOME_INTEGRIN_CELL_SURFACE_INTERACTIONS	5.0657926457989e-53	7.8097636622733e-53	3.17036233575557	11.540114414625	1.50165490900004e-22	1	6	11	3.00082138751787e-06	1	0	7.38943307846952	-2.02791181435216
GNAS	ADCY1	R-HSA-9634597	REACTOME_GPER1_SIGNALING	5.34077150986502e-53	8.21657155363849e-53	3.88430684035025	9.34697466792488	1.25259528852758e-25	1	9	17	0.000296250720160196	1	0	-3.32529683538792	-5.37265018819338
TGFB1	TGFBR1	R-HSA-5689603	REACTOME_UCH_PROTEINASES	7.57730789953445e-53	1.16332112980404e-52	2.95574401322572	1.50370646210998	1.751898214823e-17	1	9	17	3.83152102420025e-05	1	0	-6.34659258778807	-3.75182083960181
ITGB2	ITGAL	R-HSA-8949275	REACTOME_RUNX3_REGULATES_IMMUNE_RESPONSE_AND_CELL_MIGRATION	1.16066806571416e-52	1.77824921041093e-52	11.7657488855183	8.86460768862375	2.4355439030515e-25	1	1	3	7.81095339480202e-10	1	0	3.11933369749473	5.0510565510483
ITGB2	ITGAM	R-HSA-216083	REACTOME_INTEGRIN_CELL_SURFACE_INTERACTIONS	1.17276319824804e-52	1.79306769980073e-52	11.7657488855183	16.5987336946007	7.64811877566845e-22	1	5	10	3.00082138751787e-06	1	0	3.11933369749473	4.27291395610315
UBC	TLR4	R-HSA-936964	REACTOME_ACTIVATION_OF_IRF3_IRF7_MEDIATED_BY_TBK1_IKK_IKBKE	1.38001239506526e-52	2.10558592236762e-52	4.18244461339545	4.6419560817631	1.31737143416855e-23	1	6	11	5.32014879185341e-06	1	0	2.53574873778906	2.9568382202823
COL7A1	ITGA2	R-HSA-3000170	REACTOME_SYNDECAN_INTERACTIONS	1.71217474033708e-52	2.60701503672724e-52	3.44838036292359	1.17069959486867	2.83570303465653e-14	1	4	8	1.01517254596794e-08	1	0	4.66528042282581	6.16766331304428
GNAS	ADCY8	R-HSA-9634597	REACTOME_GPER1_SIGNALING	1.71808280944735e-52	2.61063917657298e-52	3.88430684035025	10.8719897892569	4.0294972897434e-25	1	9	17	0.000296250720160196	1	0	-3.32529683538792	-6.34659258778807
ICAM5	ITGAL	R-HSA-8949275	REACTOME_RUNX3_REGULATES_IMMUNE_RESPONSE_AND_CELL_MIGRATION	2.77679981704783e-52	4.21072103404794e-52	6.42341049535512	8.86460768862375	5.82683203250197e-25	1	1	3	7.81095339480202e-10	1	0	6.05285420341475	5.0510565510483
ADAM17	ITGA5	R-HSA-445144	REACTOME_SIGNAL_TRANSDUCTION_BY_L1	3.60526809446706e-52	5.45582492823236e-52	1.42524963251102	2.74810201241895	9.38448394057236e-16	1	7	13	2.16628904580268e-06	1	0	2.96638487459486	6.53408538253178
UBC	TLR4	R-HSA-1236975	REACTOME_ANTIGEN_PROCESSING_CROSS_PRESENTATION	4.20058141786636e-52	6.34373520249205e-52	4.18244461339545	4.6419560817631	1.31737143416855e-23	1	9	18	0.000485744424810464	1	0	2.53574873778906	2.9568382202823
SPP1	ITGA5	R-HSA-9634597	REACTOME_GPER1_SIGNALING	1.36363778130545e-51	2.05517710420781e-51	4.04507551954381	2.74810201241895	4.11291008069406e-18	1	11	20	0.00013348972316545	1	0	-6.09446023835351	6.53408538253178
C3	ITGB2	R-HSA-216083	REACTOME_INTEGRIN_CELL_SURFACE_INTERACTIONS	1.88289518200122e-51	2.83199681845713e-51	2.06974471005659	11.7657488855183	1.08498975906816e-15	1	6	12	3.00082138751787e-06	1	0	-4.34700572545328	3.11933369749473
FABP5	RXRA	R-HSA-211976	REACTOME_ENDOGENOUS_STEROLS	3.85049858264265e-51	5.77965304494029e-51	8.47694168272266	1.83020235263626	7.76831335413457e-20	1	4	8	2.45132274134352e-07	1	0	8.73484354360591	4.21333417815457
B2M	TFRC	R-HSA-9013408	REACTOME_RHOG_GTPASE_CYCLE	5.4052762228101e-51	8.0969724795131e-51	3.48897009470868	1.51649907683841	3.13951159326019e-11	1	5	10	9.67437182077131e-08	1	0	6.49658574196446	4.0475042497672
COL9A2	ITGA2	R-HSA-3000157	REACTOME_LAMININ_INTERACTIONS	6.33041822211957e-51	9.46365552397673e-51	7.97165942920147	1.17069959486867	1.04853974818801e-18	1	4	8	1.6089106647413e-07	1	0	3.61047951196797	6.16766331304428
ICAM2	ITGAL	R-HSA-8949275	REACTOME_RUNX3_REGULATES_IMMUNE_RESPONSE_AND_CELL_MIGRATION	8.29529758956799e-51	1.23760488231458e-50	5.12198886570994	8.86460768862375	1.74068384106345e-23	1	1	3	7.81095339480202e-10	1	0	0.512202975043444	5.0510565510483
ICAM2	ITGAM	R-HSA-216083	REACTOME_INTEGRIN_CELL_SURFACE_INTERACTIONS	8.38174153225723e-51	1.2479856607385e-50	5.12198886570994	16.5987336946007	5.46611241565394e-20	1	5	10	3.00082138751787e-06	1	0	0.512202975043444	4.27291395610315
GNAS	ADCY1	R-HSA-1489509	REACTOME_DAG_AND_IP3_SIGNALING	1.04026303897971e-50	1.53958929768997e-50	3.88430684035025	9.34697466792488	1.25259528852758e-25	1	8	16	0.00057876054881807	1	0	-3.32529683538792	-5.37265018819338
GNAS	ADCY1	R-HSA-9660821	REACTOME_ADORA2B_MEDIATED_ANTI_INFLAMMATORY_CYTOKINES_PRODUCTION	1.04026303897971e-50	1.53958929768997e-50	3.88430684035025	9.34697466792488	1.25259528852758e-25	1	8	16	0.00057876054881807	1	0	-3.32529683538792	-5.37265018819338
VEGFA	RET	R-HSA-9634815	REACTOME_TRANSCRIPTIONAL_REGULATION_BY_NPAS4	1.03746599844966e-50	1.53958929768997e-50	3.93628329851797	4.56197317355752	6.00327632161932e-25	1	6	12	8.0458757113043e-05	1	0	6.68732567798344	-5.28208294360426
IL16	GRIN2D	R-HSA-9617324	REACTOME_NEGATIVE_REGULATION_OF_NMDA_RECEPTOR_MEDIATED_NEURONAL_TRANSMISSION	1.05247640272625e-50	1.55455596410664e-50	7.98036826906699	5.28045775920675	3.29737103943083e-25	1	2	5	2.82662802515471e-07	1	0	1.73597408860322	5.06833043023276
TGFB1	SDC2	R-HSA-9820960	REACTOME_RESPIRATORY_SYNCYTIAL_VIRUS_RSV_ATTACHMENT_AND_ENTRY	1.76308587410147e-50	2.59897120883483e-50	2.95574401322572	6.61829755285028	5.71429836725996e-25	1	4	9	2.67614839745849e-05	1	0	-6.34659258778807	4.69450721033713
GNAS	ADCY1	R-HSA-977443	REACTOME_GABA_RECEPTOR_ACTIVATION	2.23697930891947e-50	3.28445374722303e-50	3.88430684035025	9.34697466792488	1.25259528852758e-25	1	4	9	3.58593152556402e-05	1	0	-3.32529683538792	-5.37265018819338
GNAS	ADCY1	R-HSA-977444	REACTOME_GABA_B_RECEPTOR_ACTIVATION	2.23697930891947e-50	3.28445374722303e-50	3.88430684035025	9.34697466792488	1.25259528852758e-25	1	4	9	3.58593152556402e-05	1	0	-3.32529683538792	-5.37265018819338
COL7A1	ITGA2	R-HSA-8874081	REACTOME_MET_ACTIVATES_PTK2_SIGNALING	2.57341071639084e-50	3.77093847550341e-50	3.44838036292359	1.17069959486867	2.83570303465653e-14	1	6	11	3.53889632729009e-07	1	0	4.66528042282581	6.16766331304428
GNAS	ADCY8	R-HSA-1489509	REACTOME_DAG_AND_IP3_SIGNALING	3.34644169156689e-50	4.88435276481164e-50	3.88430684035025	10.8719897892569	4.0294972897434e-25	1	8	16	0.00057876054881807	1	0	-3.32529683538792	-6.34659258778807
GNAS	ADCY8	R-HSA-9660821	REACTOME_ADORA2B_MEDIATED_ANTI_INFLAMMATORY_CYTOKINES_PRODUCTION	3.34644169156689e-50	4.88435276481164e-50	3.88430684035025	10.8719897892569	4.0294972897434e-25	1	8	16	0.00057876054881807	1	0	-3.32529683538792	-6.34659258778807
VEGFA	NRP1	R-HSA-445144	REACTOME_SIGNAL_TRANSDUCTION_BY_L1	5.27282744612472e-50	7.68089037427617e-50	3.93628329851797	2.24099444318722	1.10435116552692e-18	1	6	11	2.16628904580268e-06	1	0	6.68732567798344	6.62334531859917
GNAS	ADCY8	R-HSA-977443	REACTOME_GABA_RECEPTOR_ACTIVATION	7.19618071779501e-50	1.04415171199379e-49	3.88430684035025	10.8719897892569	4.0294972897434e-25	1	4	9	3.58593152556402e-05	1	0	-3.32529683538792	-6.34659258778807
GNAS	ADCY8	R-HSA-977444	REACTOME_GABA_B_RECEPTOR_ACTIVATION	7.19618071779501e-50	1.04415171199379e-49	3.88430684035025	10.8719897892569	4.0294972897434e-25	1	4	9	3.58593152556402e-05	1	0	-3.32529683538792	-6.34659258778807
GDF11	ACVR2B	R-HSA-201451	REACTOME_SIGNALING_BY_BMP	7.35746732838421e-50	1.06546493600867e-49	1.98849294001115	1.19660319900612	1.35268634122123e-09	1	9	17	1.09361509790494e-05	1	0	5.27595393044558	4.534513414725
ABCA1	RXRA	R-HSA-211976	REACTOME_ENDOGENOUS_STEROLS	1.21902297686747e-49	1.76186914625377e-49	6.4343069730884	1.83020235263626	2.45935747460975e-18	1	4	8	2.45132274134352e-07	1	0	-3.90187549381722	4.21333417815457
FABP5	RXRA	R-HSA-9839394	REACTOME_TGFBR3_EXPRESSION	1.40120621905953e-49	2.02123314250303e-49	8.47694168272266	1.83020235263626	7.76831335413457e-20	1	8	16	0.000175488119293465	1	0	8.73484354360591	4.21333417815457
TGFB1	SDC2	R-HSA-3656237	REACTOME_DEFECTIVE_EXT2_CAUSES_EXOSTOSES_2	1.62027247473144e-49	2.32364657228927e-49	2.95574401322572	6.61829755285028	5.71429836725996e-25	1	4	8	5.50666451560768e-06	1	0	-6.34659258778807	4.69450721033713
TGFB1	SDC2	R-HSA-9694614	REACTOME_ATTACHMENT_AND_ENTRY	1.62027247473144e-49	2.32364657228927e-49	2.95574401322572	6.61829755285028	5.71429836725996e-25	1	4	8	5.50666451560768e-06	1	0	-6.34659258778807	4.69450721033713
TGFB1	SDC2	R-HSA-9772572	REACTOME_EARLY_SARS_COV_2_INFECTION_EVENTS	1.62027247473144e-49	2.32364657228927e-49	2.95574401322572	6.61829755285028	5.71429836725996e-25	1	4	8	5.50666451560768e-06	1	0	-6.34659258778807	4.69450721033713
ADAM17	ITGA5	R-HSA-9634597	REACTOME_GPER1_SIGNALING	3.11143122712258e-49	4.45349924191626e-49	1.42524963251102	2.74810201241895	9.38448394057236e-16	1	11	20	0.00013348972316545	1	0	2.96638487459486	6.53408538253178
ADAM28	ITGA4	R-HSA-8949275	REACTOME_RUNX3_REGULATES_IMMUNE_RESPONSE_AND_CELL_MIGRATION	3.27352829409761e-49	4.67646899156802e-49	11.5320715366163	10.6187798350275	9.52637765582395e-25	1	1	2	5.86217239577972e-13	1	0	0.461161341739883	5.59109838736174
SPP1	ITGA4	R-HSA-8949275	REACTOME_RUNX3_REGULATES_IMMUNE_RESPONSE_AND_CELL_MIGRATION	6.10130565600864e-49	8.69935681203544e-49	4.04507551954381	10.6187798350275	1.77555642263894e-24	1	1	2	5.86217239577972e-13	1	0	-6.09446023835351	5.59109838736174
TGM2	ITGA4	R-HSA-216083	REACTOME_INTEGRIN_CELL_SURFACE_INTERACTIONS	1.56399393722434e-48	2.22568367989617e-48	1.06110734062368	10.6187798350275	1.01995112177686e-17	1	5	10	3.00082138751787e-06	1	0	6.77555597113589	5.59109838736174
FYN	TYROBP	R-HSA-198933	REACTOME_IMMUNOREGULATORY_INTERACTIONS_BETWEEN_A_LYMPHOID_AND_A_NON_LYMPHOID_CELL	1.82888814881697e-48	2.59765303286863e-48	1.99261108018638	11.6750697511561	1.22389269756093e-25	1	1	3	2.4630955970506e-08	1	0	4.45075339212144	7.94325558059011
VEGFA	NRP1	R-HSA-9694614	REACTOME_ATTACHMENT_AND_ENTRY	2.58649737509775e-48	3.65967123818802e-48	3.93628329851797	2.24099444318722	1.10435116552692e-18	1	4	9	5.50666451560768e-06	1	0	6.68732567798344	6.62334531859917
VEGFA	NRP1	R-HSA-9772572	REACTOME_EARLY_SARS_COV_2_INFECTION_EVENTS	2.58649737509775e-48	3.65967123818802e-48	3.93628329851797	2.24099444318722	1.10435116552692e-18	1	4	9	5.50666451560768e-06	1	0	6.68732567798344	6.62334531859917
UBC	TLR4	R-HSA-9824878	REACTOME_REGULATION_OF_TBK1_IKK_IKBKE_MEDIATED_ACTIVATION_OF_IRF3_IRF7	3.14419437144026e-48	4.44027449401868e-48	4.18244461339545	4.6419560817631	1.31737143416855e-23	1	4	8	5.32014879185341e-06	1	0	2.53574873778906	2.9568382202823
GNAS	ADCY1	R-HSA-111996	REACTOME_CA_DEPENDENT_EVENTS	3.75971377428785e-48	5.29940608185335e-48	3.88430684035025	9.34697466792488	1.25259528852758e-25	1	8	15	0.000511413533146962	1	0	-3.32529683538792	-5.37265018819338
ABCA1	RXRA	R-HSA-9839394	REACTOME_TGFBR3_EXPRESSION	4.43605559047075e-48	6.24083866339992e-48	6.4343069730884	1.83020235263626	2.45935747460975e-18	1	8	16	0.000175488119293465	1	0	-3.90187549381722	4.21333417815457
B2M	TFRC	R-HSA-432722	REACTOME_GOLGI_ASSOCIATED_VESICLE_BIOGENESIS	1.15981514782586e-47	1.62858294002113e-47	3.48897009470868	1.51649907683841	3.13951159326019e-11	1	12	22	0.000143329733524526	1	0	6.49658574196446	4.0475042497672
GNAS	ADCY8	R-HSA-111996	REACTOME_CA_DEPENDENT_EVENTS	1.20946937949226e-47	1.69508966065203e-47	3.88430684035025	10.8719897892569	4.0294972897434e-25	1	8	15	0.000511413533146962	1	0	-3.32529683538792	-6.34659258778807
COL5A3	SDC3	R-HSA-9820960	REACTOME_RESPIRATORY_SYNCYTIAL_VIRUS_RSV_ATTACHMENT_AND_ENTRY	3.22621291917876e-47	4.51303886614798e-47	7.48429256741402	1.78001145544524	1.37748912171173e-17	1	4	9	5.50666451560768e-06	1	0	5.23008582373401	-6.17446797844773
FYN	NRP1	R-HSA-445144	REACTOME_SIGNAL_TRANSDUCTION_BY_L1	5.15249387983683e-47	7.1940480586401e-47	1.99261108018638	2.24099444318722	1.07914827096232e-15	1	6	11	2.16628904580268e-06	1	0	4.45075339212144	6.62334531859917
IL16	GRIN2D	R-HSA-438066	REACTOME_UNBLOCKING_OF_NMDA_RECEPTORS_GLUTAMATE_BINDING_AND_ACTIVATION	7.07731775797546e-47	9.84438936259744e-47	7.98036826906699	5.28045775920675	3.29737103943083e-25	1	2	4	3.77178531542292e-08	1	0	1.73597408860322	5.06833043023276
IL16	GRIN2D	R-HSA-9620244	REACTOME_LONG_TERM_POTENTIATION	7.07731775797546e-47	9.84438936259744e-47	7.98036826906699	5.28045775920675	3.29737103943083e-25	1	2	4	3.77178531542292e-08	1	0	1.73597408860322	5.06833043023276
TLN1	ITGA1	R-HSA-3000157	REACTOME_LAMININ_INTERACTIONS	9.37885919825023e-47	1.30213054534806e-46	1.25707627841883	1.60026193912907	1.8237208997098e-11	1	3	6	7.65200183188219e-10	1	0	1.82527395686905	-0.505142629525767
VEGFA	RET	R-HSA-9768919	REACTOME_NPAS4_REGULATES_EXPRESSION_OF_TARGET_GENES	1.10722786072575e-46	1.53436070587464e-46	3.93628329851797	4.56197317355752	6.00327632161932e-25	1	5	10	9.78654019516069e-05	1	0	6.68732567798344	-5.28208294360426
GNAS	ADCY1	R-HSA-170670	REACTOME_ADENYLATE_CYCLASE_INHIBITORY_PATHWAY	1.55960304325564e-46	2.1572079476807e-46	3.88430684035025	9.34697466792488	1.25259528852758e-25	1	3	7	3.58593152556402e-05	1	0	-3.32529683538792	-5.37265018819338
COL7A1	ITGA2	R-HSA-3000157	REACTOME_LAMININ_INTERACTIONS	1.71201770787718e-46	2.36360653699461e-46	3.44838036292359	1.17069959486867	2.83570303465653e-14	1	4	8	1.6089106647413e-07	1	0	4.66528042282581	6.16766331304428
TIMP3	ADAM17	R-HSA-1236394	REACTOME_SIGNALING_BY_ERBB4	2.69240724732112e-46	3.71020737992109e-46	1.65750776490791	1.42524963251102	5.05229467937204e-11	1	12	22	0.000182695143465026	1	0	3.08566526662408	2.96638487459486
B2M	TYROBP	R-HSA-198933	REACTOME_IMMUNOREGULATORY_INTERACTIONS_BETWEEN_A_LYMPHOID_AND_A_NON_LYMPHOID_CELL	3.01731943812965e-46	4.15021632753893e-46	3.48897009470868	11.6750697511561	2.0191914026696e-23	1	1	3	2.4630955970506e-08	1	0	6.49658574196446	7.94325558059011
GNAS	ADCY8	R-HSA-381676	REACTOME_GLUCAGON_LIKE_PEPTIDE_1_GLP1_REGULATES_INSULIN_SECRETION	3.36051199643183e-46	4.61368993944259e-46	3.88430684035025	10.8719897892569	4.0294972897434e-25	1	7	14	0.000852504773322754	1	0	-3.32529683538792	-6.34659258778807
FABP5	RXRA	R-HSA-9843743	REACTOME_TRANSCRIPTIONAL_REGULATION_OF_BROWN_AND_BEIGE_ADIPOCYTE_DIFFERENTIATION	4.34247489496813e-46	5.95079893014151e-46	8.47694168272266	1.83020235263626	7.76831335413457e-20	1	6	11	1.51518664755002e-05	1	0	8.73484354360591	4.21333417815457
ARTN	RET	R-HSA-9634815	REACTOME_TRANSCRIPTIONAL_REGULATION_BY_NPAS4	4.39973705220527e-46	6.01812461854325e-46	4.5408222922158	4.56197317355752	2.54589907585647e-20	1	6	12	8.0458757113043e-05	1	0	5.40240954328139	-5.28208294360426
GNAS	ADCY8	R-HSA-170670	REACTOME_ADENYLATE_CYCLASE_INHIBITORY_PATHWAY	5.01711629720518e-46	6.84993737994804e-46	3.88430684035025	10.8719897892569	4.0294972897434e-25	1	3	7	3.58593152556402e-05	1	0	-3.32529683538792	-6.34659258778807
GDF11	ACVR2B	R-HSA-1502540	REACTOME_SIGNALING_BY_ACTIVIN	1.22919971232783e-45	1.67515246247255e-45	1.98849294001115	1.19660319900612	1.35268634122123e-09	1	6	11	3.53968002290244e-07	1	0	5.27595393044558	4.534513414725
GNAS	ADCY1	R-HSA-111931	REACTOME_PKA_MEDIATED_PHOSPHORYLATION_OF_CREB	2.15242717204814e-45	2.92793402080078e-45	3.88430684035025	9.34697466792488	1.25259528852758e-25	1	6	12	0.00057876054881807	1	0	-3.32529683538792	-5.37265018819338
UBC	NOTCH2	R-HSA-5668914	REACTOME_DISEASES_OF_METABOLISM	2.47463959080792e-45	3.36006109577589e-45	4.18244461339545	1.2483376436639	6.13116952019377e-15	1	6	11	3.0918760034102e-06	1	0	2.53574873778906	4.33939527114012
FYN	NRP1	R-HSA-9694614	REACTOME_ATTACHMENT_AND_ENTRY	2.52746975537761e-45	3.41924610416714e-45	1.99261108018638	2.24099444318722	1.07914827096232e-15	1	4	9	5.50666451560768e-06	1	0	4.45075339212144	6.62334531859917
FYN	NRP1	R-HSA-9772572	REACTOME_EARLY_SARS_COV_2_INFECTION_EVENTS	2.52746975537761e-45	3.41924610416714e-45	1.99261108018638	2.24099444318722	1.07914827096232e-15	1	4	9	5.50666451560768e-06	1	0	4.45075339212144	6.62334531859917
C3	C3AR1	R-HSA-9660826	REACTOME_PURINERGIC_SIGNALING_IN_LEISHMANIASIS_INFECTION	3.80925107404201e-45	5.14387918757497e-45	2.06974471005659	6.18952170168114	1.53709365877081e-15	1	5	10	4.77149543843287e-06	1	0	-4.34700572545328	1.37130290962593
GNAS	ADCY1	R-HSA-163359	REACTOME_GLUCAGON_SIGNALING_IN_METABOLIC_REGULATION	6.34579012297981e-45	8.52247675318523e-45	3.88430684035025	9.34697466792488	1.25259528852758e-25	1	6	12	0.000675468014237981	1	0	-3.32529683538792	-5.37265018819338
GNAS	ADCY1	R-HSA-432040	REACTOME_VASOPRESSIN_REGULATES_RENAL_WATER_HOMEOSTASIS_VIA_AQUAPORINS	6.34579012297981e-45	8.52247675318523e-45	3.88430684035025	9.34697466792488	1.25259528852758e-25	1	6	12	0.000675468014237981	1	0	-3.32529683538792	-5.37265018819338
GNAS	ADCY1	R-HSA-445717	REACTOME_AQUAPORIN_MEDIATED_TRANSPORT	6.34579012297981e-45	8.52247675318523e-45	3.88430684035025	9.34697466792488	1.25259528852758e-25	1	6	12	0.000675468014237981	1	0	-3.32529683538792	-5.37265018819338
GNAS	ADCY8	R-HSA-111931	REACTOME_PKA_MEDIATED_PHOSPHORYLATION_OF_CREB	6.9241833619966e-45	9.28241972441573e-45	3.88430684035025	10.8719897892569	4.0294972897434e-25	1	6	12	0.00057876054881807	1	0	-3.32529683538792	-6.34659258778807
ABCA1	RXRA	R-HSA-9843743	REACTOME_TRANSCRIPTIONAL_REGULATION_OF_BROWN_AND_BEIGE_ADIPOCYTE_DIFFERENTIATION	1.37477694377003e-44	1.83966534971035e-44	6.4343069730884	1.83020235263626	2.45935747460975e-18	1	6	11	1.51518664755002e-05	1	0	-3.90187549381722	4.21333417815457
GNAS	ADCY8	R-HSA-163359	REACTOME_GLUCAGON_SIGNALING_IN_METABOLIC_REGULATION	2.04138913310822e-44	2.71695675989223e-44	3.88430684035025	10.8719897892569	4.0294972897434e-25	1	6	12	0.000675468014237981	1	0	-3.32529683538792	-6.34659258778807
GNAS	ADCY8	R-HSA-432040	REACTOME_VASOPRESSIN_REGULATES_RENAL_WATER_HOMEOSTASIS_VIA_AQUAPORINS	2.04138913310822e-44	2.71695675989223e-44	3.88430684035025	10.8719897892569	4.0294972897434e-25	1	6	12	0.000675468014237981	1	0	-3.32529683538792	-6.34659258778807
GNAS	ADCY8	R-HSA-445717	REACTOME_AQUAPORIN_MEDIATED_TRANSPORT	2.04138913310822e-44	2.71695675989223e-44	3.88430684035025	10.8719897892569	4.0294972897434e-25	1	6	12	0.000675468014237981	1	0	-3.32529683538792	-6.34659258778807
CAP1	ROBO1	R-HSA-428542	REACTOME_REGULATION_OF_COMMISSURAL_AXON_PATHFINDING_BY_SLIT_AND_ROBO	2.58946969197328e-44	3.44022903421944e-44	4.51527385485877	7.91019797265458	3.99962760705683e-26	1	1	2	8.04628894751044e-10	1	0	4.51105899949935	-5.27932237965878
UBC	TLR4	R-HSA-9833110	REACTOME_RSV_HOST_INTERACTIONS	3.53848028343633e-44	4.69260826118797e-44	4.18244461339545	4.6419560817631	1.31737143416855e-23	1	15	28	0.0098072795184824	1	0	2.53574873778906	2.9568382202823
TGFB1	ITGB8	R-HSA-216083	REACTOME_INTEGRIN_CELL_SURFACE_INTERACTIONS	3.64171412139117e-44	4.82087379218152e-44	2.95574401322572	1.87835816240454	1.07951475118054e-13	1	6	11	3.00082138751787e-06	1	0	-6.34659258778807	8.06019313722854
IL16	CD4	R-HSA-389948	REACTOME_PD_1_SIGNALING	4.53685035464739e-44	5.99512368292691e-44	7.98036826906699	12.7109117600822	6.71293714986327e-27	1	2	5	3.40973736678719e-05	1	0	1.73597408860322	6.96033734757578
VEGFB	RET	R-HSA-9634815	REACTOME_TRANSCRIPTIONAL_REGULATION_BY_NPAS4	6.91477129562241e-44	9.12108869654293e-44	1.18087730176445	4.56197317355752	4.00121862793146e-18	1	6	12	8.0458757113043e-05	1	0	2.65759682446539	-5.28208294360426
TGM2	TBXA2R	R-HSA-392518	REACTOME_SIGNAL_AMPLIFICATION	1.04646235012817e-43	1.37790416209048e-43	1.06110734062368	7.00639664415282	4.94468207818624e-15	1	7	13	2.76433161004612e-05	1	0	6.77555597113589	0.498140480524214
TGFB1	ITGB8	R-HSA-2129379	REACTOME_MOLECULES_ASSOCIATED_WITH_ELASTIC_FIBRES	1.20568676908273e-43	1.58473927019755e-43	2.95574401322572	1.87835816240454	1.07951475118054e-13	1	5	10	4.17797150245577e-06	1	0	-6.34659258778807	8.06019313722854
VEGFB	NRP1	R-HSA-445144	REACTOME_SIGNAL_TRANSDUCTION_BY_L1	3.51437019870703e-43	4.61105309759432e-43	1.18087730176445	2.24099444318722	7.36056482919352e-12	1	6	11	2.16628904580268e-06	1	0	2.65759682446539	6.62334531859917
COL5A3	SDC3	R-HSA-3000170	REACTOME_SYNDECAN_INTERACTIONS	3.68240723611318e-43	4.82297584906859e-43	7.48429256741402	1.78001145544524	1.37748912171173e-17	1	3	7	4.17797150245577e-06	1	0	5.23008582373401	-6.17446797844773
IL16	GRIN2D	R-HSA-8849932	REACTOME_SYNAPTIC_ADHESION_LIKE_MOLECULES	7.27629309050748e-43	9.51317471197091e-43	7.98036826906699	5.28045775920675	3.29737103943083e-25	1	2	4	8.20151745614629e-07	1	0	1.73597408860322	5.06833043023276
C3	ITGAM	R-HSA-216083	REACTOME_INTEGRIN_CELL_SURFACE_INTERACTIONS	7.3715907307811e-43	9.6207709713898e-43	2.06974471005659	16.5987336946007	4.80734743031271e-12	1	5	10	3.00082138751787e-06	1	0	-4.34700572545328	4.27291395610315
GNAS	ADCY1	R-HSA-164378	REACTOME_PKA_ACTIVATION_IN_GLUCAGON_SIGNALLING	2.16954567717739e-42	2.82652077660435e-42	3.88430684035025	9.34697466792488	1.25259528852758e-25	1	6	11	0.00057876054881807	1	0	-3.32529683538792	-5.37265018819338
TGM2	ITGA4	R-HSA-8949275	REACTOME_RUNX3_REGULATES_IMMUNE_RESPONSE_AND_CELL_MIGRATION	3.5048357060377e-42	4.55813431013691e-42	1.06110734062368	10.6187798350275	1.01995112177686e-17	1	1	2	5.86217239577972e-13	1	0	6.77555597113589	5.59109838736174
ARTN	RET	R-HSA-9768919	REACTOME_NPAS4_REGULATES_EXPRESSION_OF_TARGET_GENES	4.69558660365623e-42	6.09602471351861e-42	4.5408222922158	4.56197317355752	2.54589907585647e-20	1	5	10	9.78654019516069e-05	1	0	5.40240954328139	-5.28208294360426
GNAS	ADCY8	R-HSA-164378	REACTOME_PKA_ACTIVATION_IN_GLUCAGON_SIGNALLING	6.97925220239106e-42	9.04491528856285e-42	3.88430684035025	10.8719897892569	4.0294972897434e-25	1	6	11	0.00057876054881807	1	0	-3.32529683538792	-6.34659258778807
CAP1	ROBO1	R-HSA-9010553	REACTOME_REGULATION_OF_EXPRESSION_OF_SLITS_AND_ROBOS	7.43302702084797e-42	9.61615383815997e-42	4.51527385485877	7.91019797265458	3.99962760705683e-26	1	1	2	1.36324237065968e-08	1	0	4.51105899949935	-5.27932237965878
VEGFB	NRP1	R-HSA-9694614	REACTOME_ATTACHMENT_AND_ENTRY	1.72391556275147e-41	2.22246954082942e-41	1.18087730176445	2.24099444318722	7.36056482919352e-12	1	4	9	5.50666451560768e-06	1	0	2.65759682446539	6.62334531859917
VEGFB	NRP1	R-HSA-9772572	REACTOME_EARLY_SARS_COV_2_INFECTION_EVENTS	1.72391556275147e-41	2.22246954082942e-41	1.18087730176445	2.24099444318722	7.36056482919352e-12	1	4	9	5.50666451560768e-06	1	0	2.65759682446539	6.62334531859917
LPL	VLDLR	R-HSA-174824	REACTOME_PLASMA_LIPOPROTEIN_ASSEMBLY_REMODELING_AND_CLEARANCE	1.35796951845397e-40	1.74764772809729e-40	14.8404870804441	1.66253417425844	3.83390445339675e-20	1	12	22	0.0040812259036789	1	0	-1.29632532151529	5.10262141251769
GNAS	ADCY1	R-HSA-170660	REACTOME_ADENYLATE_CYCLASE_ACTIVATING_PATHWAY	1.98850059945272e-40	2.55467090901912e-40	3.88430684035025	9.34697466792488	1.25259528852758e-25	1	2	5	0.00013348972316545	1	0	-3.32529683538792	-5.37265018819338
RPS19	C5AR1	R-HSA-166658	REACTOME_COMPLEMENT_CASCADE	2.48750578388981e-40	3.19021539008398e-40	7.37170916561616	13.6285675523096	3.68106139265792e-29	1	4	8	0.00261148937095492	1	0	2.10315066371937	5.50989368890511
GNAS	PTGIR	R-HSA-418346	REACTOME_PLATELET_HOMEOSTASIS	4.31923357256113e-40	5.52981460846926e-40	3.88430684035025	8.85468768170731	6.26425657678517e-24	1	2	5	6.09392465462852e-05	1	0	-3.32529683538792	-5.10806515185449
TGFB1	SDC2	R-HSA-3000170	REACTOME_SYNDECAN_INTERACTIONS	5.18071062312693e-40	6.62128818845238e-40	2.95574401322572	6.61829755285028	5.71429836725996e-25	1	4	8	0.000438473053256057	1	0	-6.34659258778807	4.69450721033713
CAP1	ROBO1	R-HSA-428890	REACTOME_ROLE_OF_ABL_IN_ROBO_SLIT_SIGNALING	5.21647923237723e-40	6.65550798613646e-40	4.51527385485877	7.91019797265458	3.99962760705683e-26	1	2	5	0.000226004253325723	1	0	4.51105899949935	-5.27932237965878
UBC	TLR4	R-HSA-5357769	REACTOME_CASPASE_ACTIVATION_VIA_EXTRINSIC_APOPTOTIC_SIGNALLING_PATHWAY	5.39983421587633e-40	6.86576859063313e-40	4.18244461339545	4.6419560817631	1.31737143416855e-23	1	4	8	0.000236019609376733	1	0	2.53574873778906	2.9568382202823
UBC	TLR4	R-HSA-140534	REACTOME_CASPASE_ACTIVATION_VIA_DEATH_RECEPTORS_IN_THE_PRESENCE_OF_LIGAND	5.39983421587633e-40	6.86576859063313e-40	4.18244461339545	4.6419560817631	1.31737143416855e-23	1	4	8	0.000236019609376733	1	0	2.53574873778906	2.9568382202823
IL23A	IL12RB1	R-HSA-447115	REACTOME_INTERLEUKIN_12_FAMILY_SIGNALING	6.13450958740935e-40	7.78651302690038e-40	9.69291009126841	5.91159387009298	1.02160112010505e-19	1	5	10	0.000174886627699049	1	0	2.23669718506336	0.689629644456154
GNAS	ADCY8	R-HSA-170660	REACTOME_ADENYLATE_CYCLASE_ACTIVATING_PATHWAY	6.39684489438459e-40	8.10559113329554e-40	3.88430684035025	10.8719897892569	4.0294972897434e-25	1	2	5	0.00013348972316545	1	0	-3.32529683538792	-6.34659258778807
VEGFB	RET	R-HSA-9768919	REACTOME_NPAS4_REGULATES_EXPRESSION_OF_TARGET_GENES	7.37973817021563e-40	9.33505341189669e-40	1.18087730176445	4.56197317355752	4.00121862793146e-18	1	5	10	9.78654019516069e-05	1	0	2.65759682446539	-5.28208294360426
GNAS	ADCY1	R-HSA-442720	REACTOME_CREB1_PHOSPHORYLATION_THROUGH_THE_ACTIVATION_OF_ADENYLATE_CYCLASE	9.84666513103535e-40	1.24343552849252e-39	3.88430684035025	9.34697466792488	1.25259528852758e-25	1	4	8	0.000675468014237981	1	0	-3.32529683538792	-5.37265018819338
IL16	GRIN2D	R-HSA-442982	REACTOME_RAS_ACTIVATION_UPON_CA2_INFLUX_THROUGH_NMDA_RECEPTOR	2.29734602058267e-39	2.89614319460166e-39	7.98036826906699	5.28045775920675	3.29737103943083e-25	1	3	6	0.000146813955324151	1	0	1.73597408860322	5.06833043023276
UBC	TLR4	R-HSA-5686938	REACTOME_REGULATION_OF_TLR_BY_ENDOGENOUS_LIGAND	2.47531255920482e-39	3.11518927518974e-39	4.18244461339545	4.6419560817631	1.31737143416855e-23	1	1	3	5.72761653869248e-06	1	0	2.53574873778906	2.9568382202823
HBEGF	PRLR	R-HSA-982772	REACTOME_GROWTH_HORMONE_RECEPTOR_SIGNALING	2.49285758301001e-39	3.13194331311954e-39	4.55980492653241	11.9006566807871	7.74573510100154e-20	1	7	13	0.000566874852549185	1	0	-4.54857962123781	-1.64572718841568
TGM2	TBXA2R	R-HSA-416482	REACTOME_G_ALPHA_12_13_SIGNALLING_EVENTS	3.14100741052532e-39	3.93956861659108e-39	1.06110734062368	7.00639664415282	4.94468207818624e-15	1	6	12	0.000134650742215522	1	0	6.77555597113589	0.498140480524214
GNAS	ADCY8	R-HSA-442720	REACTOME_CREB1_PHOSPHORYLATION_THROUGH_THE_ACTIVATION_OF_ADENYLATE_CYCLASE	3.16759218415694e-39	3.96618987525573e-39	3.88430684035025	10.8719897892569	4.0294972897434e-25	1	4	8	0.000675468014237981	1	0	-3.32529683538792	-6.34659258778807
DLL4	NOTCH2	R-HSA-5668914	REACTOME_DISEASES_OF_METABOLISM	5.0494962716057e-39	6.31187033950713e-39	5.25296718302752	1.2483376436639	1.2510637002576e-08	1	6	11	3.0918760034102e-06	1	0	-6.34659258778807	4.33939527114012
NRP1	ROBO1	R-HSA-428542	REACTOME_REGULATION_OF_COMMISSURAL_AXON_PATHFINDING_BY_SLIT_AND_ROBO	7.32863030790664e-39	9.14533967597118e-39	2.24099444318722	7.91019797265458	1.13196119623551e-20	1	1	2	8.04628894751044e-10	1	0	6.62334531859917	-5.27932237965878
UBC	TLR4	R-HSA-5603041	REACTOME_IRAK4_DEFICIENCY_TLR2_4	7.47506540874805e-39	9.31237104793529e-39	4.18244461339545	4.6419560817631	1.31737143416855e-23	1	3	7	0.000485744424810464	1	0	2.53574873778906	2.9568382202823
TNF	TNFRSF1B	R-HSA-5669034	REACTOME_TNFS_BIND_THEIR_PHYSIOLOGICAL_RECEPTORS	1.83143040622951e-38	2.2777453791762e-38	11.747009757752	6.65806785318676	2.90110676039521e-25	1	1	2	2.51254214094561e-07	1	0	2.38887497808781	-6.25500790535502
TYROBP	CD300LB	R-HSA-198933	REACTOME_IMMUNOREGULATORY_INTERACTIONS_BETWEEN_A_LYMPHOID_AND_A_NON_LYMPHOID_CELL	5.32706645160781e-38	6.6141429097144e-38	11.6750697511561	16.1425375132295	9.57164820293585e-25	1	1	2	2.35912358902539e-07	1	0	7.94325558059011	3.98621533462436
TYROBP	TREM1	R-HSA-198933	REACTOME_IMMUNOREGULATORY_INTERACTIONS_BETWEEN_A_LYMPHOID_AND_A_NON_LYMPHOID_CELL	1.17330102308875e-37	1.45434297669292e-37	11.6750697511561	14.5213651423109	2.10818181660952e-24	1	1	2	2.35912358902539e-07	1	0	7.94325558059011	-1.97306583949148
SHANK1	ABCA1	R-HSA-174824	REACTOME_PLASMA_LIPOPROTEIN_ASSEMBLY_REMODELING_AND_CLEARANCE	2.86355621213977e-37	3.54353109863449e-37	1.06706458146297	6.4343069730884	6.61278884149668e-13	1	13	25	0.0040812259036789	1	0	3.25003896762908	-3.90187549381722
TGFB1	CXCR4	R-HSA-9823730	REACTOME_FORMATION_OF_DEFINITIVE_ENDODERM	3.9407567134701e-37	4.86838058091465e-37	2.95574401322572	5.53945066606859	1.60617281509471e-26	1	4	8	0.00338107678272291	1	0	-6.34659258778807	-0.687031617827566
B2M	TFRC	R-HSA-9013148	REACTOME_CDC42_GTPASE_CYCLE	1.05913755317142e-36	1.30626964891141e-36	3.48897009470868	1.51649907683841	3.13951159326019e-11	1	8	16	0.000523613458107278	1	0	6.49658574196446	4.0475042497672
TGM2	TBXA2R	R-HSA-428930	REACTOME_THROMBOXANE_SIGNALLING_THROUGH_TP_RECEPTOR	1.67605535822866e-36	2.06369544939968e-36	1.06110734062368	7.00639664415282	4.94468207818624e-15	1	3	7	2.76433161004612e-05	1	0	6.77555597113589	0.498140480524214
NRP1	ROBO1	R-HSA-9010553	REACTOME_REGULATION_OF_EXPRESSION_OF_SLITS_AND_ROBOS	2.10367038754426e-36	2.58590712090158e-36	2.24099444318722	7.91019797265458	1.13196119623551e-20	1	1	2	1.36324237065968e-08	1	0	6.62334531859917	-5.27932237965878
VASP	ROBO1	R-HSA-428542	REACTOME_REGULATION_OF_COMMISSURAL_AXON_PATHFINDING_BY_SLIT_AND_ROBO	2.35997736836307e-36	2.89615796449199e-36	1.11154276936781	7.91019797265458	3.64515972663937e-18	1	1	2	8.04628894751044e-10	1	0	4.76572714326974	-5.27932237965878
IL16	CD4	R-HSA-164938	REACTOME_NEF_MEDIATES_DOWN_MODULATION_OF_CELL_SURFACE_RECEPTORS_BY_RECRUITING_THEM_TO_CLATHRIN_ADAPTERS	5.43743419497254e-36	6.63977112917439e-36	7.98036826906699	12.7109117600822	6.71293714986327e-27	1	3	6	0.00271374765254901	1	0	1.73597408860322	6.96033734757578
IL16	CD4	R-HSA-164952	REACTOME_THE_ROLE_OF_NEF_IN_HIV_1_REPLICATION_AND_DISEASE_PATHOGENESIS	5.43743419497254e-36	6.63977112917439e-36	7.98036826906699	12.7109117600822	6.71293714986327e-27	1	3	6	0.00271374765254901	1	0	1.73597408860322	6.96033734757578
IL16	CD4	R-HSA-167590	REACTOME_NEF_MEDIATED_CD4_DOWN_REGULATION	5.43743419497254e-36	6.63977112917439e-36	7.98036826906699	12.7109117600822	6.71293714986327e-27	1	3	6	0.00271374765254901	1	0	1.73597408860322	6.96033734757578
IL16	CD4	R-HSA-449836	REACTOME_OTHER_INTERLEUKIN_SIGNALING	2.37139104667049e-35	2.89098743745661e-35	7.98036826906699	12.7109117600822	6.71293714986327e-27	1	2	5	0.00516094641217539	1	0	1.73597408860322	6.96033734757578
GDF11	ACVR1B	R-HSA-1502540	REACTOME_SIGNALING_BY_ACTIVIN	6.53824539571266e-35	7.95773288293975e-35	1.98849294001115	2.21047344294155	3.72667675278746e-14	1	6	11	0.000124917036311691	1	0	5.27595393044558	4.82203236243561
NRP1	ROBO1	R-HSA-428890	REACTOME_ROLE_OF_ABL_IN_ROBO_SLIT_SIGNALING	1.47635046362843e-34	1.79392338766016e-34	2.24099444318722	7.91019797265458	1.13196119623551e-20	1	2	5	0.000226004253325723	1	0	6.62334531859917	-5.27932237965878
B2M	TFRC	R-HSA-8980692	REACTOME_RHOA_GTPASE_CYCLE	3.33005696727445e-34	4.03974123898868e-34	3.48897009470868	1.51649907683841	3.13951159326019e-11	1	4	9	7.08323360584341e-05	1	0	6.49658574196446	4.0475042497672
FABP5	RXRA	R-HSA-4090294	REACTOME_SUMOYLATION_OF_INTRACELLULAR_RECEPTORS	4.34794865301345e-34	5.26592799219305e-34	8.47694168272266	1.83020235263626	7.76831335413457e-20	1	6	11	0.00151713255212047	1	0	8.73484354360591	4.21333417815457
POMC	MC1R	R-HSA-9856649	REACTOME_TRANSCRIPTIONAL_AND_POST_TRANSLATIONAL_REGULATION_OF_MITF_M_EXPRESSION_AND_ACTIVITY	6.27141579893991e-34	7.58308446277048e-34	1.0101302468359	2.42501247374981	2.56121500048267e-10	1	13	25	0.00466536606375699	1	0	6.47834596376331	-2.60033194044956
CAP1	ROBO1	R-HSA-428540	REACTOME_ACTIVATION_OF_RAC1	6.60907429142823e-34	7.97832785588399e-34	4.51527385485877	7.91019797265458	3.99962760705683e-26	1	4	8	0.0124943342049718	1	0	4.51105899949935	-5.27932237965878
VASP	ROBO1	R-HSA-9010553	REACTOME_REGULATION_OF_EXPRESSION_OF_SLITS_AND_ROBOS	6.77427335875279e-34	8.16443368970206e-34	1.11154276936781	7.91019797265458	3.64515972663937e-18	1	1	2	1.36324237065968e-08	1	0	4.76572714326974	-5.27932237965878
FABP5	RXRA	R-HSA-200425	REACTOME_CARNITINE_METABOLISM	1.13135505359873e-33	1.36130526774481e-33	8.47694168272266	1.83020235263626	7.76831335413457e-20	1	3	6	0.000176532999572351	1	0	8.73484354360591	4.21333417815457
NAMPT	INSR	R-HSA-74749	REACTOME_SIGNAL_ATTENUATION	1.99340277005748e-33	2.39467215883528e-33	4.93248461675253	1.33894977131172	2.05847117159308e-19	1	4	8	0.000704247665475704	1	0	5.06835275159893	3.85998171650034
APOE	VLDLR	R-HSA-174824	REACTOME_PLASMA_LIPOPROTEIN_ASSEMBLY_REMODELING_AND_CLEARANCE	3.55374929682327e-33	4.26219526685449e-33	2.79578904884067	1.66253417425844	1.00331672178164e-12	1	12	22	0.0040812259036789	1	0	7.37637112064735	5.10262141251769
TFPI	VLDLR	R-HSA-174824	REACTOME_PLASMA_LIPOPROTEIN_ASSEMBLY_REMODELING_AND_CLEARANCE	1.25731406245033e-32	1.50552169290169e-32	2.87185025772615	1.66253417425844	3.54972767638749e-12	1	12	22	0.0040812259036789	1	0	-6.34659258778807	5.10262141251769
ABCA1	RXRA	R-HSA-4090294	REACTOME_SUMOYLATION_OF_INTRACELLULAR_RECEPTORS	1.37650987177503e-32	1.64558530713009e-32	6.4343069730884	1.83020235263626	2.45935747460975e-18	1	6	11	0.00151713255212047	1	0	-3.90187549381722	4.21333417815457
ABCA1	RXRA	R-HSA-200425	REACTOME_CARNITINE_METABOLISM	3.58173824955793e-32	4.27497791076269e-32	6.4343069730884	1.83020235263626	2.45935747460975e-18	1	3	6	0.000176532999572351	1	0	-3.90187549381722	4.21333417815457
IL16	GRIN2D	R-HSA-6794361	REACTOME_NEUREXINS_AND_NEUROLIGINS	3.78657846838821e-32	4.51218690274924e-32	7.98036826906699	5.28045775920675	3.29737103943083e-25	1	2	4	0.00306435781332588	1	0	1.73597408860322	5.06833043023276
ADAM28	ITGA4	R-HSA-198933	REACTOME_IMMUNOREGULATORY_INTERACTIONS_BETWEEN_A_LYMPHOID_AND_A_NON_LYMPHOID_CELL	3.84739750536687e-32	4.5772896366101e-32	11.5320715366163	10.6187798350275	9.52637765582395e-25	1	1	2	0.000200964632097996	1	0	0.461161341739883	5.59109838736174
FABP5	RXRA	R-HSA-5362517	REACTOME_SIGNALING_BY_RETINOIC_ACID	4.08538322494361e-32	4.8526221291465e-32	8.47694168272266	1.83020235263626	7.76831335413457e-20	1	3	7	0.00190551959621533	1	0	8.73484354360591	4.21333417815457
VASP	ROBO1	R-HSA-428890	REACTOME_ROLE_OF_ABL_IN_ROBO_SLIT_SIGNALING	4.75416760779498e-32	5.63795517591071e-32	1.11154276936781	7.91019797265458	3.64515972663937e-18	1	2	5	0.000226004253325723	1	0	4.76572714326974	-5.27932237965878
ST6GAL1	CD22	R-HSA-5690714	REACTOME_CD22_MEDIATED_BCR_REGULATION	5.43281053273476e-32	6.43244767075796e-32	3.84084591977752	15.1377572349928	9.64718281395158e-15	1	1	2	2.37307801997488e-09	1	0	6.55524682835328	0.522914629292678
VEGFA	NRP1	R-HSA-399956	REACTOME_CRMPS_IN_SEMA3A_SIGNALING	6.78644745184282e-32	8.0223180740634e-32	3.93628329851797	2.24099444318722	1.10435116552692e-18	1	5	10	0.00258043970102855	1	0	6.68732567798344	6.62334531859917
SPP1	ITGA4	R-HSA-198933	REACTOME_IMMUNOREGULATORY_INTERACTIONS_BETWEEN_A_LYMPHOID_AND_A_NON_LYMPHOID_CELL	7.17090125743951e-32	8.46326464195413e-32	4.04507551954381	10.6187798350275	1.77555642263894e-24	1	1	2	0.000200964632097996	1	0	-6.09446023835351	5.59109838736174
VEGFA	NRP1	R-HSA-399954	REACTOME_SEMA3A_PAK_DEPENDENT_AXON_REPULSION	1.4897167834612e-31	1.75539875758167e-31	3.93628329851797	2.24099444318722	1.10435116552692e-18	1	6	11	0.00258043970102855	1	0	6.68732567798344	6.62334531859917
B2M	TFRC	R-HSA-9013406	REACTOME_RHOQ_GTPASE_CYCLE	2.67711961738204e-31	3.14955249103769e-31	3.48897009470868	1.51649907683841	3.13951159326019e-11	1	6	12	0.000523613458107278	1	0	6.49658574196446	4.0475042497672
B2M	TFRC	R-HSA-9013409	REACTOME_RHOJ_GTPASE_CYCLE	5.28809589837711e-31	6.21141422983978e-31	3.48897009470868	1.51649907683841	3.13951159326019e-11	1	6	11	0.00018211918938228	1	0	6.49658574196446	4.0475042497672
UBC	TLR4	R-HSA-2562578	REACTOME_TRIF_MEDIATED_PROGRAMMED_CELL_DEATH	7.97660463307463e-31	9.35449671707643e-31	4.18244461339545	4.6419560817631	1.31737143416855e-23	1	2	4	0.00247524926891142	1	0	2.53574873778906	2.9568382202823
FYN	CD86	R-HSA-389513	REACTOME_CTLA4_INHIBITORY_SIGNALING	1.08674846417095e-30	1.27245864475712e-30	1.99261108018638	6.32812731458128	2.72100845960103e-17	1	3	7	0.00113762920917816	1	0	4.45075339212144	5.18392620087655
ABCA1	RXRA	R-HSA-5362517	REACTOME_SIGNALING_BY_RETINOIC_ACID	1.29338471723244e-30	1.51201372946605e-30	6.4343069730884	1.83020235263626	2.45935747460975e-18	1	3	7	0.00190551959621533	1	0	-3.90187549381722	4.21333417815457
IL23A	IL12RB1	R-HSA-9020933	REACTOME_INTERLEUKIN_23_SIGNALING	2.1855170255824e-30	2.55091892575864e-30	9.69291009126841	5.91159387009298	1.02160112010505e-19	1	2	4	0.000174886627699049	1	0	2.23669718506336	0.689629644456154
FYN	CD80	R-HSA-389513	REACTOME_CTLA4_INHIBITORY_SIGNALING	1.68688603842511e-29	1.96581995029068e-29	1.99261108018638	7.66483786347716	4.22363714536207e-16	1	3	7	0.00113762920917816	1	0	4.45075339212144	2.18074259789645
GDF11	ACVR1B	R-HSA-1181150	REACTOME_SIGNALING_BY_NODAL	1.82527329498859e-29	2.12374565769113e-29	1.98849294001115	2.21047344294155	3.72667675278746e-14	1	5	10	0.00115234871627648	1	0	5.27595393044558	4.82203236243561
FYN	NRP1	R-HSA-399956	REACTOME_CRMPS_IN_SEMA3A_SIGNALING	6.63157088274406e-29	7.70386570365872e-29	1.99261108018638	2.24099444318722	1.07914827096232e-15	1	5	10	0.00258043970102855	1	0	4.45075339212144	6.62334531859917
NAMPT	INSR	R-HSA-74713	REACTOME_IRS_ACTIVATION	7.18986998729762e-29	8.33934763416966e-29	4.93248461675253	1.33894977131172	2.05847117159308e-19	1	1	3	0.000704247665475704	1	0	5.06835275159893	3.85998171650034
IL23A	IL12RB1	R-HSA-9020591	REACTOME_INTERLEUKIN_12_SIGNALING	7.44077622748704e-29	8.61686135890518e-29	9.69291009126841	5.91159387009298	1.02160112010505e-19	1	2	4	0.000566874852549185	1	0	2.23669718506336	0.689629644456154
UBC	TGFBR1	R-HSA-2173791	REACTOME_TGF_BETA_RECEPTOR_SIGNALING_IN_EMT_EPITHELIAL_TO_MESENCHYMAL_TRANSITION	1.02140826713365e-28	1.18100330887328e-28	4.18244461339545	1.50370646210998	6.70184720346193e-18	1	4	8	0.00307348834437486	1	0	2.53574873778906	-3.75182083960181
TYROBP	TREM2	R-HSA-416700	REACTOME_OTHER_SEMAPHORIN_INTERACTIONS	1.4161971498083e-28	1.63492338667417e-28	11.6750697511561	14.5790458193867	3.21461947809738e-27	1	1	2	0.209892573301922	1	0	7.94325558059011	-3.53296756398207
FYN	NRP1	R-HSA-399954	REACTOME_SEMA3A_PAK_DEPENDENT_AXON_REPULSION	1.4557192868345e-28	1.6779318882516e-28	1.99261108018638	2.24099444318722	1.07914827096232e-15	1	6	11	0.00258043970102855	1	0	4.45075339212144	6.62334531859917
NRP1	ROBO1	R-HSA-428540	REACTOME_ACTIVATION_OF_RAC1	1.87047804844001e-28	2.15264969804916e-28	2.24099444318722	7.91019797265458	1.13196119623551e-20	1	4	8	0.0124943342049718	1	0	6.62334531859917	-5.27932237965878
CD86	CD80	R-HSA-389513	REACTOME_CTLA4_INHIBITORY_SIGNALING	2.24482525272194e-28	2.57545842947943e-28	6.32812731458128	7.66483786347716	5.62060928021849e-15	1	3	7	0.00113762920917816	1	0	5.18392620087655	2.18074259789645
CD80	CD86	R-HSA-389513	REACTOME_CTLA4_INHIBITORY_SIGNALING	2.24482525272194e-28	2.57545842947943e-28	7.66483786347716	6.32812731458128	5.62060928021849e-15	1	3	7	0.00113762920917816	1	0	2.18074259789645	5.18392620087655
TGFB1	TGFBR1	R-HSA-2173791	REACTOME_TGF_BETA_RECEPTOR_SIGNALING_IN_EMT_EPITHELIAL_TO_MESENCHYMAL_TRANSITION	2.67001509505104e-28	3.05853122343308e-28	2.95574401322572	1.50370646210998	1.751898214823e-17	1	4	8	0.00307348834437486	1	0	-6.34659258778807	-3.75182083960181
CD274	CD80	R-HSA-389513	REACTOME_CTLA4_INHIBITORY_SIGNALING	1.04054459461692e-27	1.19011282846448e-27	6.76425271947831	7.66483786347716	2.60532288555357e-14	1	3	7	0.00113762920917816	1	0	-5.83475328313249	2.18074259789645
FYN	TYROBP	R-HSA-416700	REACTOME_OTHER_SEMAPHORIN_INTERACTIONS	1.13170845301241e-27	1.29238310992158e-27	1.99261108018638	11.6750697511561	1.22389269756093e-25	1	1	3	0.209892573301922	1	0	4.45075339212144	7.94325558059011
CAP1	ROBO1	R-HSA-428543	REACTOME_INACTIVATION_OF_CDC42_AND_RAC1	1.17840208296021e-27	1.34363257533213e-27	4.51527385485877	7.91019797265458	3.99962760705683e-26	1	2	5	0.2964619650641	1	0	4.51105899949935	-5.27932237965878
FABP5	RXRA	R-HSA-1368082	REACTOME_RORA_ACTIVATES_GENE_EXPRESSION	2.30807811885619e-27	2.62765816608243e-27	8.47694168272266	1.83020235263626	7.76831335413457e-20	1	3	7	0.0170856519662458	1	0	8.73484354360591	4.21333417815457
UBC	NOTCH2	R-HSA-9013694	REACTOME_SIGNALING_BY_NOTCH4	9.06178479452002e-27	1.03006463102071e-26	4.18244461339545	1.2483376436639	6.13116952019377e-15	1	11	21	0.0269191075033869	1	0	2.53574873778906	4.33939527114012
VASP	ROBO1	R-HSA-428540	REACTOME_ACTIVATION_OF_RAC1	6.02334362203523e-26	6.83631024586821e-26	1.11154276936781	7.91019797265458	3.64515972663937e-18	1	4	8	0.0124943342049718	1	0	4.76572714326974	-5.27932237965878
HBEGF	PRLR	R-HSA-1170546	REACTOME_PROLACTIN_RECEPTOR_SIGNALING	7.03057349174315e-26	7.96726551897386e-26	4.55980492653241	11.9006566807871	7.74573510100154e-20	1	4	9	0.0480167481386901	1	0	-4.54857962123781	-1.64572718841568
ABCA1	RXRA	R-HSA-1368082	REACTOME_RORA_ACTIVATES_GENE_EXPRESSION	7.30710633675843e-26	8.2679796470967e-26	6.4343069730884	1.83020235263626	2.45935747460975e-18	1	3	7	0.0170856519662458	1	0	-3.90187549381722	4.21333417815457
SPP1	ITGA5	R-HSA-8941332	REACTOME_RUNX2_REGULATES_GENES_INVOLVED_IN_CELL_MIGRATION	1.52284966961478e-25	1.72047138246555e-25	4.04507551954381	2.74810201241895	4.11291008069406e-18	1	1	2	0.000192421638905978	1	0	-6.09446023835351	6.53408538253178
EFNB2	PECAM1	R-HSA-418346	REACTOME_PLATELET_HOMEOSTASIS	1.53480435463021e-25	1.72869896868547e-25	3.17036233575557	11.540114414625	1.50165490900004e-22	1	2	5	0.122700372718764	1	0	7.38943307846952	-2.02791181435216
EFNB2	PECAM1	R-HSA-432142	REACTOME_PLATELET_SENSITIZATION_BY_LDL	1.53480435463021e-25	1.72869896868547e-25	3.17036233575557	11.540114414625	1.50165490900004e-22	1	2	5	0.122700372718764	1	0	7.38943307846952	-2.02791181435216
SPP1	ITGA5	R-HSA-1566977	REACTOME_FIBRONECTIN_MATRIX_FORMATION	1.6610720838457e-25	1.86807498791157e-25	4.04507551954381	2.74810201241895	4.11291008069406e-18	1	1	2	0.000200964632097996	1	0	-6.09446023835351	6.53408538253178
B2M	TYROBP	R-HSA-416700	REACTOME_OTHER_SEMAPHORIN_INTERACTIONS	1.86710483950526e-25	2.09659724011213e-25	3.48897009470868	11.6750697511561	2.0191914026696e-23	1	1	3	0.209892573301922	1	0	6.49658574196446	7.94325558059011
LPL	VLDLR	R-HSA-8964043	REACTOME_PLASMA_LIPOPROTEIN_CLEARANCE	2.19661545121699e-25	2.46287186954632e-25	14.8404870804441	1.66253417425844	3.83390445339675e-20	1	8	15	0.0787383687417189	1	0	-1.29632532151529	5.10262141251769
APOE	SORL1	R-HSA-977225	REACTOME_AMYLOID_FIBER_FORMATION	3.14722795586705e-25	3.52337169038066e-25	2.79578904884067	3.9515748713592	7.80411890770979e-14	1	6	12	0.00913300971994708	1	0	7.37637112064735	8.45404725666327
LPL	VLDLR	R-HSA-8866427	REACTOME_VLDLR_INTERNALISATION_AND_DEGRADATION	3.99065590652239e-25	4.46085403448122e-25	14.8404870804441	1.66253417425844	3.83390445339675e-20	1	6	12	0.0787383687417189	1	0	-1.29632532151529	5.10262141251769
TGM2	ITGA4	R-HSA-198933	REACTOME_IMMUNOREGULATORY_INTERACTIONS_BETWEEN_A_LYMPHOID_AND_A_NON_LYMPHOID_CELL	4.11925449871431e-25	4.59765962149109e-25	1.06110734062368	10.6187798350275	1.01995112177686e-17	1	1	2	0.000200964632097996	1	0	6.77555597113589	5.59109838736174
VEGFB	NRP1	R-HSA-399956	REACTOME_CRMPS_IN_SEMA3A_SIGNALING	4.52320674695629e-25	5.04092318184888e-25	1.18087730176445	2.24099444318722	7.36056482919352e-12	1	5	10	0.00258043970102855	1	0	2.65759682446539	6.62334531859917
GDF11	ACVR2B	R-HSA-1181150	REACTOME_SIGNALING_BY_NODAL	6.62526540108467e-25	7.37247578466565e-25	1.98849294001115	1.19660319900612	1.35268634122123e-09	1	5	10	0.00115234871627648	1	0	5.27595393044558	4.534513414725
FABP5	RXRA	R-HSA-9623433	REACTOME_NR1H2_NR1H3_REGULATE_GENE_EXPRESSION_TO_CONTROL_BILE_ACID_HOMEOSTASIS	8.22161174674046e-25	9.13512416304495e-25	8.47694168272266	1.83020235263626	7.76831335413457e-20	1	3	6	0.029328355318061	1	0	8.73484354360591	4.21333417815457
VEGFB	NRP1	R-HSA-399954	REACTOME_SEMA3A_PAK_DEPENDENT_AXON_REPULSION	9.92904911416646e-25	1.10157366484006e-24	1.18087730176445	2.24099444318722	7.36056482919352e-12	1	6	11	0.00258043970102855	1	0	2.65759682446539	6.62334531859917
FYN	SPN	R-HSA-210991	REACTOME_BASIGIN_INTERACTIONS	1.439699761453e-24	1.59487698125033e-24	1.99261108018638	3.55580496353386	2.26725987916315e-21	1	1	2	0.0251991165304052	1	0	4.45075339212144	5.12824370958139
FYN	CSF1R	R-HSA-449836	REACTOME_OTHER_INTERLEUKIN_SIGNALING	1.44326915394911e-24	1.59644121662532e-24	1.99261108018638	11.899959284768	6.94242030481755e-24	1	1	2	0.45595104291023	1	0	4.45075339212144	4.03846278055842
ABCA1	RXRA	R-HSA-9623433	REACTOME_NR1H2_NR1H3_REGULATE_GENE_EXPRESSION_TO_CONTROL_BILE_ACID_HOMEOSTASIS	2.60286646288847e-23	2.87480773513054e-23	6.4343069730884	1.83020235263626	2.45935747460975e-18	1	3	6	0.029328355318061	1	0	-3.90187549381722	4.21333417815457
ADAM17	ITGA5	R-HSA-8941332	REACTOME_RUNX2_REGULATES_GENES_INVOLVED_IN_CELL_MIGRATION	3.47470719952967e-23	3.83201688174658e-23	1.42524963251102	2.74810201241895	9.38448394057236e-16	1	1	2	0.000192421638905978	1	0	2.96638487459486	6.53408538253178
ADAM17	ITGA5	R-HSA-1566977	REACTOME_FIBRONECTIN_MATRIX_FORMATION	3.79009119799489e-23	4.17361233112533e-23	1.42524963251102	2.74810201241895	9.38448394057236e-16	1	1	2	0.000200964632097996	1	0	2.96638487459486	6.53408538253178
GDF11	ACVR1B	R-HSA-1433617	REACTOME_REGULATION_OF_SIGNALING_BY_NODAL	5.70260763603282e-23	6.27032637542984e-23	1.98849294001115	2.21047344294155	3.72667675278746e-14	1	1	3	0.00115234871627648	1	0	5.27595393044558	4.82203236243561
UBC	NOTCH2	R-HSA-350054	REACTOME_NOTCH_HLH_TRANSCRIPTION_PATHWAY	6.54573832476175e-23	7.18671566813605e-23	4.18244461339545	1.2483376436639	6.13116952019377e-15	1	6	11	0.0170856519662458	1	0	2.53574873778906	4.33939527114012
NRP1	ROBO1	R-HSA-428543	REACTOME_INACTIVATION_OF_CDC42_AND_RAC1	3.33507406819713e-22	3.65622934883833e-22	2.24099444318722	7.91019797265458	1.13196119623551e-20	1	2	5	0.2964619650641	1	0	6.62334531859917	-5.27932237965878
FABP5	RXRA	R-HSA-9029558	REACTOME_NR1H2_NR1H3_REGULATE_GENE_EXPRESSION_LINKED_TO_LIPOGENESIS	4.68287808700345e-22	5.12622749169017e-22	8.47694168272266	1.83020235263626	7.76831335413457e-20	1	3	7	0.211420869981043	1	0	8.73484354360591	4.21333417815457
FYN	TREM2	R-HSA-416700	REACTOME_OTHER_SEMAPHORIN_INTERACTIONS	2.36599307427139e-21	2.58616672815485e-21	1.99261108018638	14.5790458193867	5.37055693314017e-20	1	1	2	0.209892573301922	1	0	4.45075339212144	-3.53296756398207
FABP5	RXRA	R-HSA-9031525	REACTOME_NR1H2_NR1H3_REGULATE_GENE_EXPRESSION_TO_LIMIT_CHOLESTEROL_UPTAKE	2.93501695943873e-21	3.20341084068534e-21	8.47694168272266	1.83020235263626	7.76831335413457e-20	1	2	4	0.224804616526135	1	0	8.73484354360591	4.21333417815457
FABP5	RXRA	R-HSA-159418	REACTOME_RECYCLING_OF_BILE_ACIDS_AND_SALTS	5.51215463035988e-21	5.99852121539164e-21	8.47694168272266	1.83020235263626	7.76831335413457e-20	1	1	3	0.413997976914122	1	0	8.73484354360591	4.21333417815457
FABP5	RXRA	R-HSA-193807	REACTOME_SYNTHESIS_OF_BILE_ACIDS_AND_BILE_SALTS_VIA_27_HYDROXYCHOLESTEROL	5.51215463035988e-21	5.99852121539164e-21	8.47694168272266	1.83020235263626	7.76831335413457e-20	1	1	3	0.413997976914122	1	0	8.73484354360591	4.21333417815457
HSPH1	SCARF1	R-HSA-2173782	REACTOME_BINDING_AND_UPTAKE_OF_LIGANDS_BY_SCAVENGER_RECEPTORS	6.09756871120388e-21	6.62584558926706e-21	2.71870146817987	3.11604843617237	3.51730060533487e-20	1	2	5	0.488419309294226	1	0	-5.83986576102015	-5.9909432927313
UBC	TGFBR1	R-HSA-3304349	REACTOME_LOSS_OF_FUNCTION_OF_SMAD2_3_IN_CANCER	1.4448429747988e-20	1.56542284238816e-20	4.18244461339545	1.50370646210998	6.70184720346193e-18	1	2	5	0.148736913048259	1	0	2.53574873778906	-3.75182083960181
UBC	TGFBR1	R-HSA-3304351	REACTOME_SIGNALING_BY_TGF_BETA_RECEPTOR_COMPLEX_IN_CANCER	1.4448429747988e-20	1.56542284238816e-20	4.18244461339545	1.50370646210998	6.70184720346193e-18	1	2	5	0.148736913048259	1	0	2.53574873778906	-3.75182083960181
ABCA1	RXRA	R-HSA-9029558	REACTOME_NR1H2_NR1H3_REGULATE_GENE_EXPRESSION_LINKED_TO_LIPOGENESIS	1.48254462724891e-20	1.60392254994765e-20	6.4343069730884	1.83020235263626	2.45935747460975e-18	1	3	7	0.211420869981043	1	0	-3.90187549381722	4.21333417815457
DLL4	NOTCH2	R-HSA-9013694	REACTOME_SIGNALING_BY_NOTCH4	1.849055058522e-20	1.99751933329384e-20	5.25296718302752	1.2483376436639	1.2510637002576e-08	1	11	21	0.0269191075033869	1	0	-6.34659258778807	4.33939527114012
HSPH1	SCARF1	R-HSA-3000484	REACTOME_SCAVENGING_BY_CLASS_F_RECEPTORS	2.17433064651286e-20	2.3454878694162e-20	2.71870146817987	3.11604843617237	3.51730060533487e-20	1	1	3	0.851867468354515	1	0	-5.83986576102015	-5.9909432927313
FABP5	RXRA	R-HSA-194068	REACTOME_BILE_ACID_AND_BILE_SALT_METABOLISM	2.27711776080373e-20	2.45279060115686e-20	8.47694168272266	1.83020235263626	7.76831335413457e-20	1	3	7	0.537804139766896	1	0	8.73484354360591	4.21333417815457
UBC	NOTCH2	R-HSA-1980145	REACTOME_SIGNALING_BY_NOTCH2	2.35554918200452e-20	2.53358487599324e-20	4.18244461339545	1.2483376436639	6.13116952019377e-15	1	8	15	0.0746478142457591	1	0	2.53574873778906	4.33939527114012
VEGFA	NRP1	R-HSA-399955	REACTOME_SEMA3A_PLEXIN_REPULSION_SIGNALING_BY_INHIBITING_INTEGRIN_ADHESION	2.63286770288793e-20	2.82775341093915e-20	3.93628329851797	2.24099444318722	1.10435116552692e-18	1	4	9	0.2964619650641	1	0	6.68732567798344	6.62334531859917
FYN	CD86	R-HSA-389359	REACTOME_CD28_DEPENDENT_VAV1_PATHWAY	2.73493472122859e-20	2.93311839667993e-20	1.99261108018638	6.32812731458128	2.72100845960103e-17	1	3	6	0.0940789385408153	1	0	4.45075339212144	5.18392620087655
FABP5	RXRA	R-HSA-192105	REACTOME_SYNTHESIS_OF_BILE_ACIDS_AND_BILE_SALTS	3.239599973348e-20	3.46431211022763e-20	8.47694168272266	1.83020235263626	7.76831335413457e-20	1	3	6	0.537804139766896	1	0	8.73484354360591	4.21333417815457
FABP5	RXRA	R-HSA-193368	REACTOME_SYNTHESIS_OF_BILE_ACIDS_AND_BILE_SALTS_VIA_7ALPHA_HYDROXYCHOLESTEROL	3.239599973348e-20	3.46431211022763e-20	8.47694168272266	1.83020235263626	7.76831335413457e-20	1	3	6	0.537804139766896	1	0	8.73484354360591	4.21333417815457
C3	C3AR1	R-HSA-166658	REACTOME_COMPLEMENT_CASCADE	3.59377804995541e-20	3.8375119148153e-20	2.06974471005659	6.18952170168114	1.53709365877081e-15	1	3	7	0.06593799142625	1	0	-4.34700572545328	1.37130290962593
TGFB1	TGFBR1	R-HSA-3304349	REACTOME_LOSS_OF_FUNCTION_OF_SMAD2_3_IN_CANCER	3.77689575933936e-20	4.0214429667786e-20	2.95574401322572	1.50370646210998	1.751898214823e-17	1	2	5	0.148736913048259	1	0	-6.34659258778807	-3.75182083960181
TGFB1	TGFBR1	R-HSA-3304351	REACTOME_SIGNALING_BY_TGF_BETA_RECEPTOR_COMPLEX_IN_CANCER	3.77689575933936e-20	4.0214429667786e-20	2.95574401322572	1.50370646210998	1.751898214823e-17	1	2	5	0.148736913048259	1	0	-6.34659258778807	-3.75182083960181
FABP5	RXRA	R-HSA-9031528	REACTOME_NR1H2_NR1H3_REGULATE_GENE_EXPRESSION_LINKED_TO_TRIGLYCERIDE_LIPOLYSIS_IN_ADIPOSE	4.55979947382604e-20	4.84110704538203e-20	8.47694168272266	1.83020235263626	7.76831335413457e-20	1	1	3	0.837284406147292	1	0	8.73484354360591	4.21333417815457
FABP5	RXRA	R-HSA-9632974	REACTOME_NR1H2_NR1H3_REGULATE_GENE_EXPRESSION_LINKED_TO_GLUCONEOGENESIS	4.55979947382604e-20	4.84110704538203e-20	8.47694168272266	1.83020235263626	7.76831335413457e-20	1	1	3	0.837284406147292	1	0	8.73484354360591	4.21333417815457
ABCA1	RXRA	R-HSA-9031525	REACTOME_NR1H2_NR1H3_REGULATE_GENE_EXPRESSION_TO_LIMIT_CHOLESTEROL_UPTAKE	9.29192164147217e-20	9.85103440499915e-20	6.4343069730884	1.83020235263626	2.45935747460975e-18	1	2	4	0.224804616526135	1	0	-3.90187549381722	4.21333417815457
IL1B	IL1RAP	R-HSA-199418	REACTOME_NEGATIVE_REGULATION_OF_THE_PI3K_AKT_NETWORK	9.31007402430496e-20	9.85615848066619e-20	20.588790784624	1.64529544224803	8.58904776829129e-16	1	2	4	0.0302672857854398	1	0	-4.94418235727288	-1.71122088814698
VASP	ROBO1	R-HSA-428543	REACTOME_INACTIVATION_OF_CDC42_AND_RAC1	1.07396593798275e-19	1.1353354201532e-19	1.11154276936781	7.91019797265458	3.64515972663937e-18	1	2	5	0.2964619650641	1	0	4.76572714326974	-5.27932237965878
ABCA1	RXRA	R-HSA-159418	REACTOME_RECYCLING_OF_BILE_ACIDS_AND_SALTS	1.74508391633882e-19	1.83954714827739e-19	6.4343069730884	1.83020235263626	2.45935747460975e-18	1	1	3	0.413997976914122	1	0	-3.90187549381722	4.21333417815457
ABCA1	RXRA	R-HSA-193807	REACTOME_SYNTHESIS_OF_BILE_ACIDS_AND_BILE_SALTS_VIA_27_HYDROXYCHOLESTEROL	1.74508391633882e-19	1.83954714827739e-19	6.4343069730884	1.83020235263626	2.45935747460975e-18	1	1	3	0.413997976914122	1	0	-3.90187549381722	4.21333417815457
UBC	NOTCH2	R-HSA-2197563	REACTOME_NOTCH2_INTRACELLULAR_DOMAIN_REGULATES_TRANSCRIPTION	2.62492631707973e-19	2.76308033376814e-19	4.18244461339545	1.2483376436639	6.13116952019377e-15	1	3	7	0.0746478142457591	1	0	2.53574873778906	4.33939527114012
UBC	NOTCH2	R-HSA-9013695	REACTOME_NOTCH4_INTRACELLULAR_DOMAIN_REGULATES_TRANSCRIPTION	3.52478494586016e-19	3.70502963059165e-19	4.18244461339545	1.2483376436639	6.13116952019377e-15	1	6	11	0.0746478142457591	1	0	2.53574873778906	4.33939527114012
B2M	TREM2	R-HSA-416700	REACTOME_OTHER_SEMAPHORIN_INTERACTIONS	3.9034409502282e-19	4.09722879882109e-19	3.48897009470868	14.5790458193867	8.8604028838111e-18	1	1	2	0.209892573301922	1	0	6.49658574196446	-3.53296756398207
FYN	CD80	R-HSA-389359	REACTOME_CD28_DEPENDENT_VAV1_PATHWAY	4.24525393809883e-19	4.44969959517442e-19	1.99261108018638	7.66483786347716	4.22363714536207e-16	1	3	6	0.0940789385408153	1	0	4.45075339212144	2.18074259789645
ABCA1	RXRA	R-HSA-194068	REACTOME_BILE_ACID_AND_BILE_SALT_METABOLISM	7.20908945133969e-19	7.54558160394819e-19	6.4343069730884	1.83020235263626	2.45935747460975e-18	1	3	7	0.537804139766896	1	0	-3.90187549381722	4.21333417815457
ABCA1	RXRA	R-HSA-192105	REACTOME_SYNTHESIS_OF_BILE_ACIDS_AND_BILE_SALTS	1.02561959668613e-18	1.07046333081486e-18	6.4343069730884	1.83020235263626	2.45935747460975e-18	1	3	6	0.537804139766896	1	0	-3.90187549381722	4.21333417815457
ABCA1	RXRA	R-HSA-193368	REACTOME_SYNTHESIS_OF_BILE_ACIDS_AND_BILE_SALTS_VIA_7ALPHA_HYDROXYCHOLESTEROL	1.02561959668613e-18	1.07046333081486e-18	6.4343069730884	1.83020235263626	2.45935747460975e-18	1	3	6	0.537804139766896	1	0	-3.90187549381722	4.21333417815457
ABCA1	RXRA	R-HSA-9031528	REACTOME_NR1H2_NR1H3_REGULATE_GENE_EXPRESSION_LINKED_TO_TRIGLYCERIDE_LIPOLYSIS_IN_ADIPOSE	1.44357937269705e-18	1.50245954401662e-18	6.4343069730884	1.83020235263626	2.45935747460975e-18	1	1	3	0.837284406147292	1	0	-3.90187549381722	4.21333417815457
ABCA1	RXRA	R-HSA-9632974	REACTOME_NR1H2_NR1H3_REGULATE_GENE_EXPRESSION_LINKED_TO_GLUCONEOGENESIS	1.44357937269705e-18	1.50245954401662e-18	6.4343069730884	1.83020235263626	2.45935747460975e-18	1	1	3	0.837284406147292	1	0	-3.90187549381722	4.21333417815457
GDF11	ACVR2B	R-HSA-1433617	REACTOME_REGULATION_OF_SIGNALING_BY_NODAL	2.0698976515298e-18	2.15129812097199e-18	1.98849294001115	1.19660319900612	1.35268634122123e-09	1	1	3	0.00115234871627648	1	0	5.27595393044558	4.534513414725
CD86	CD80	R-HSA-389359	REACTOME_CD28_DEPENDENT_VAV1_PATHWAY	5.64937584838788e-18	5.85509541709669e-18	6.32812731458128	7.66483786347716	5.62060928021849e-15	1	3	6	0.0940789385408153	1	0	5.18392620087655	2.18074259789645
CD80	CD86	R-HSA-389359	REACTOME_CD28_DEPENDENT_VAV1_PATHWAY	5.64937584838788e-18	5.85509541709669e-18	7.66483786347716	6.32812731458128	5.62060928021849e-15	1	3	6	0.0940789385408153	1	0	2.18074259789645	5.18392620087655
APOE	VLDLR	R-HSA-8964043	REACTOME_PLASMA_LIPOPROTEIN_CLEARANCE	5.74845054257237e-18	5.94944531678819e-18	2.79578904884067	1.66253417425844	1.00331672178164e-12	1	8	15	0.0787383687417189	1	0	7.37637112064735	5.10262141251769
IL33	IL1RAP	R-HSA-199418	REACTOME_NEGATIVE_REGULATION_OF_THE_PI3K_AKT_NETWORK	7.16157595235391e-18	7.40162877757248e-18	4.50868194793462	1.64529544224803	6.60694187720017e-14	1	2	4	0.0302672857854398	1	0	-0.360272512070468	-1.71122088814698
APOE	VLDLR	R-HSA-8866427	REACTOME_VLDLR_INTERNALISATION_AND_DEGRADATION	1.04433791988301e-17	1.07783829946085e-17	2.79578904884067	1.66253417425844	1.00331672178164e-12	1	6	12	0.0787383687417189	1	0	7.37637112064735	5.10262141251769
SHANK1	ABCA1	R-HSA-8963896	REACTOME_HDL_ASSEMBLY	1.10145288309147e-17	1.13362327327912e-17	1.06706458146297	6.4343069730884	6.61278884149668e-13	1	1	2	0.0040812259036789	1	0	3.25003896762908	-3.90187549381722
SHANK1	ABCA1	R-HSA-8963898	REACTOME_PLASMA_LIPOPROTEIN_ASSEMBLY	1.10145288309147e-17	1.13362327327912e-17	1.06706458146297	6.4343069730884	6.61278884149668e-13	1	1	2	0.0040812259036789	1	0	3.25003896762908	-3.90187549381722
TIMP3	ADAM17	R-HSA-193692	REACTOME_REGULATED_PROTEOLYSIS_OF_P75NTR	1.48976165675777e-17	1.53114392500104e-17	1.65750776490791	1.42524963251102	5.05229467937204e-11	1	2	4	0.00419738835910225	1	0	3.08566526662408	2.96638487459486
B2M	TFRC	R-HSA-917937	REACTOME_IRON_UPTAKE_AND_TRANSPORT	1.79180787683155e-17	1.83902611491726e-17	3.48897009470868	1.51649907683841	3.13951159326019e-11	1	4	9	0.0443715340890701	1	0	6.49658574196446	4.0475042497672
TFPI	VLDLR	R-HSA-8964043	REACTOME_PLASMA_LIPOPROTEIN_CLEARANCE	2.03379785707936e-17	2.0845019587794e-17	2.87185025772615	1.66253417425844	3.54972767638749e-12	1	8	15	0.0787383687417189	1	0	-6.34659258778807	5.10262141251769
FYN	NRP1	R-HSA-399955	REACTOME_SEMA3A_PLEXIN_REPULSION_SIGNALING_BY_INHIBITING_INTEGRIN_ADHESION	2.572781845065e-17	2.63327602399461e-17	1.99261108018638	2.24099444318722	1.07914827096232e-15	1	4	9	0.2964619650641	1	0	4.45075339212144	6.62334531859917
CD274	CD80	R-HSA-389359	REACTOME_CD28_DEPENDENT_VAV1_PATHWAY	2.61865706244687e-17	2.67652793675509e-17	6.76425271947831	7.66483786347716	2.60532288555357e-14	1	3	6	0.0940789385408153	1	0	-5.83475328313249	2.18074259789645
FYN	CD86	R-HSA-389357	REACTOME_CD28_DEPENDENT_PI3K_AKT_SIGNALING	2.6740037388617e-17	2.72932795414849e-17	1.99261108018638	6.32812731458128	2.72100845960103e-17	1	1	2	0.99132500089762	1	0	4.45075339212144	5.18392620087655
UBC	NOTCH2	R-HSA-2979096	REACTOME_NOTCH2_ACTIVATION_AND_TRANSMISSION_OF_SIGNAL_TO_THE_NUCLEUS	2.87961528126097e-17	2.93514505252496e-17	4.18244461339545	1.2483376436639	6.13116952019377e-15	1	3	6	0.141215736314219	1	0	2.53574873778906	4.33939527114012
TFPI	VLDLR	R-HSA-8866427	REACTOME_VLDLR_INTERNALISATION_AND_DEGRADATION	3.69486039376156e-17	3.76093079970228e-17	2.87185025772615	1.66253417425844	3.54972767638749e-12	1	6	12	0.0787383687417189	1	0	-6.34659258778807	5.10262141251769
TIMP3	ADAM17	R-HSA-1251985	REACTOME_NUCLEAR_SIGNALING_BY_ERBB4	4.86426943567744e-17	4.94444970110069e-17	1.65750776490791	1.42524963251102	5.05229467937204e-11	1	2	5	0.0210369382490129	1	0	3.08566526662408	2.96638487459486
DLL4	NOTCH2	R-HSA-350054	REACTOME_NOTCH_HLH_TRANSCRIPTION_PATHWAY	1.33565636743894e-16	1.35581030439618e-16	5.25296718302752	1.2483376436639	1.2510637002576e-08	1	6	11	0.0170856519662458	1	0	-6.34659258778807	4.33939527114012
IL36G	IL1RAP	R-HSA-199418	REACTOME_NEGATIVE_REGULATION_OF_THE_PI3K_AKT_NETWORK	1.54682301747011e-16	1.56801237387381e-16	14.6411919060158	1.64529544224803	1.42702805063197e-12	1	2	4	0.0302672857854398	1	0	-4.85250246115039	-1.71122088814698
FYN	CD80	R-HSA-389357	REACTOME_CD28_DEPENDENT_PI3K_AKT_SIGNALING	4.15067490085985e-16	4.20177760141763e-16	1.99261108018638	7.66483786347716	4.22363714536207e-16	1	1	2	0.99132500089762	1	0	4.45075339212144	2.18074259789645
B2M	TFRC	R-HSA-9013423	REACTOME_RAC3_GTPASE_CYCLE	4.12780318091813e-15	4.17291578398828e-15	3.48897009470868	1.51649907683841	3.13951159326019e-11	1	3	7	0.0940789385408153	1	0	6.49658574196446	4.0475042497672
CD86	CD80	R-HSA-389357	REACTOME_CD28_DEPENDENT_PI3K_AKT_SIGNALING	5.52351470167378e-15	5.56866604800898e-15	6.32812731458128	7.66483786347716	5.62060928021849e-15	1	1	2	0.99132500089762	1	0	5.18392620087655	2.18074259789645
CD80	CD86	R-HSA-389357	REACTOME_CD28_DEPENDENT_PI3K_AKT_SIGNALING	5.52351470167378e-15	5.56866604800898e-15	7.66483786347716	6.32812731458128	5.62060928021849e-15	1	1	2	0.99132500089762	1	0	2.18074259789645	5.18392620087655
CD274	CD80	R-HSA-389357	REACTOME_CD28_DEPENDENT_PI3K_AKT_SIGNALING	2.5603166033279e-14	2.57773372307843e-14	6.76425271947831	7.66483786347716	2.60532288555357e-14	1	1	2	0.99132500089762	1	0	-5.83475328313249	2.18074259789645
DLL4	NOTCH2	R-HSA-1980145	REACTOME_SIGNALING_BY_NOTCH2	4.80649257221026e-14	4.83261481445053e-14	5.25296718302752	1.2483376436639	1.2510637002576e-08	1	8	15	0.0746478142457591	1	0	-6.34659258778807	4.33939527114012
VEGFB	NRP1	R-HSA-399955	REACTOME_SEMA3A_PLEXIN_REPULSION_SIGNALING_BY_INHIBITING_INTEGRIN_ADHESION	1.75482165625731e-13	1.76196475662199e-13	1.18087730176445	2.24099444318722	7.36056482919352e-12	1	4	9	0.2964619650641	1	0	2.65759682446539	6.62334531859917
DLL4	NOTCH2	R-HSA-2197563	REACTOME_NOTCH2_INTRACELLULAR_DOMAIN_REGULATES_TRANSCRIPTION	5.35615598350887e-13	5.37067131137746e-13	5.25296718302752	1.2483376436639	1.2510637002576e-08	1	3	7	0.0746478142457591	1	0	-6.34659258778807	4.33939527114012
DLL4	NOTCH2	R-HSA-9013695	REACTOME_NOTCH4_INTRACELLULAR_DOMAIN_REGULATES_TRANSCRIPTION	7.19231540158217e-13	7.20204789874264e-13	5.25296718302752	1.2483376436639	1.2510637002576e-08	1	6	11	0.0746478142457591	1	0	-6.34659258778807	4.33939527114012
DLL4	NOTCH2	R-HSA-2979096	REACTOME_NOTCH2_ACTIVATION_AND_TRANSMISSION_OF_SIGNAL_TO_THE_NUCLEUS	5.87584821660389e-11	5.87584821660389e-11	5.25296718302752	1.2483376436639	1.2510637002576e-08	1	3	6	0.141215736314219	1	0	-6.34659258778807	4.33939527114012
