L	R	pw.id	pw.name	pval	qval	L.logFC	R.logFC	LR.pval	LR.corr	rank	len	rank.pval	rank.corr	LR.score	L.expr	R.expr
ADAM15	ITGA5	R-HSA-1474244	REACTOME_EXTRACELLULAR_MATRIX_ORGANIZATION	0	0	1.35477312575793	2.42913888059818	4.2440668369718e-14	1	44	80	2.50413080078787e-10	1	0	-0.800247206289881	4.59678455148382
ADAM17	ITGA5	R-HSA-1474244	REACTOME_EXTRACELLULAR_MATRIX_ORGANIZATION	0	0	1.00899671615371	2.42913888059818	5.61700286823159e-11	1	44	80	2.50413080078787e-10	1	0	-4.9528261704907	4.59678455148382
ADAM28	ITGA4	R-HSA-1474244	REACTOME_EXTRACELLULAR_MATRIX_ORGANIZATION	0	0	12.5193705113967	13.5966335684701	1.22796034969975e-28	1	44	81	4.50896710903801e-10	1	0	3.02032024836281	1.2094421227754
C3	ITGAM	R-HSA-1474244	REACTOME_EXTRACELLULAR_MATRIX_ORGANIZATION	0	0	4.65899964743801	15.2376783139059	6.04125587852358e-18	1	44	80	6.27009173620949e-10	1	0	-5.04778764026622	-3.84308910612519
C3	ITGB2	R-HSA-1474244	REACTOME_EXTRACELLULAR_MATRIX_ORGANIZATION	0	0	4.65899964743801	12.0804768072287	3.41747786864468e-21	1	45	82	6.27009173620949e-10	1	0	-5.04778764026622	5.29998149639834
ICAM2	ITGAL	R-HSA-1474244	REACTOME_EXTRACELLULAR_MATRIX_ORGANIZATION	0	0	5.31892854746127	12.454693156539	1.247255160754e-22	1	45	82	6.27009173620949e-10	1	0	6.40545110870083	1.41515271199705
ICAM2	ITGAM	R-HSA-1474244	REACTOME_EXTRACELLULAR_MATRIX_ORGANIZATION	0	0	5.31892854746127	15.2376783139059	5.93461407955913e-23	1	44	80	6.27009173620949e-10	1	0	6.40545110870083	-3.84308910612519
ICAM2	ITGB2	R-HSA-1474244	REACTOME_EXTRACELLULAR_MATRIX_ORGANIZATION	0	0	5.31892854746127	12.0804768072287	3.3571516723766e-26	1	45	82	6.27009173620949e-10	1	0	6.40545110870083	5.29998149639834
ICAM3	ITGAL	R-HSA-1474244	REACTOME_EXTRACELLULAR_MATRIX_ORGANIZATION	0	0	6.69809789588698	12.454693156539	1.45687646765594e-21	1	45	82	6.27009173620949e-10	1	0	-5.34869632005948	1.41515271199705
ICAM3	ITGB2	R-HSA-1474244	REACTOME_EXTRACELLULAR_MATRIX_ORGANIZATION	0	0	6.69809789588698	12.0804768072287	3.92137505118083e-25	1	45	82	6.27009173620949e-10	1	0	-5.34869632005948	5.29998149639834
ICAM5	ITGAL	R-HSA-1474244	REACTOME_EXTRACELLULAR_MATRIX_ORGANIZATION	0	0	2.4805621658084	12.454693156539	3.16035794808364e-14	1	45	82	6.27009173620949e-10	1	0	5.71522648707572	1.41515271199705
ICAM5	ITGB2	R-HSA-1474244	REACTOME_EXTRACELLULAR_MATRIX_ORGANIZATION	0	0	2.4805621658084	12.0804768072287	8.50652000052964e-18	1	45	82	6.27009173620949e-10	1	0	5.71522648707572	5.29998149639834
MMP9	ITGAM	R-HSA-1474244	REACTOME_EXTRACELLULAR_MATRIX_ORGANIZATION	0	0	13.7658897941133	15.2376783139059	1.87431647808349e-22	1	44	80	6.27009173620949e-10	1	0	4.82203949290452	-3.84308910612519
MMP9	ITGB2	R-HSA-1474244	REACTOME_EXTRACELLULAR_MATRIX_ORGANIZATION	0	0	13.7658897941133	12.0804768072287	1.06028203596829e-25	1	45	82	6.27009173620949e-10	1	0	4.82203949290452	5.29998149639834
SPP1	ITGA4	R-HSA-1474244	REACTOME_EXTRACELLULAR_MATRIX_ORGANIZATION	0	0	2.07296362438893	13.5966335684701	5.57738746929744e-19	1	44	81	4.50896710903801e-10	1	0	-6.17078968245005	1.2094421227754
SPP1	ITGA5	R-HSA-1474244	REACTOME_EXTRACELLULAR_MATRIX_ORGANIZATION	0	0	2.07296362438893	2.42913888059818	5.22150353740892e-12	1	44	80	2.50413080078787e-10	1	0	-6.17078968245005	4.59678455148382
SPP1	ITGB5	R-HSA-1474244	REACTOME_EXTRACELLULAR_MATRIX_ORGANIZATION	0	0	2.07296362438893	1.00735704250141	1.83398243371863e-09	1	45	82	6.27009173620949e-10	1	0	-6.17078968245005	2.9125904202318
TGFB1	ITGB5	R-HSA-1474244	REACTOME_EXTRACELLULAR_MATRIX_ORGANIZATION	0	0	2.30705163465044	1.00735704250141	3.65844717184401e-15	1	45	82	6.27009173620949e-10	1	0	5.68415120557093	2.9125904202318
TGFB1	SDC2	R-HSA-1474244	REACTOME_EXTRACELLULAR_MATRIX_ORGANIZATION	0	0	2.30705163465044	7.13201886453031	1.7650261287609e-23	1	44	81	6.27009173620949e-10	1	0	5.68415120557093	-0.341519614916448
TLN1	ITGB5	R-HSA-1474244	REACTOME_EXTRACELLULAR_MATRIX_ORGANIZATION	0	0	1.7357699855989	1.00735704250141	2.23676015325624e-13	1	45	82	6.27009173620949e-10	1	0	4.40562580250577	2.9125904202318
ITGAM	ITGB2	R-HSA-1474244	REACTOME_EXTRACELLULAR_MATRIX_ORGANIZATION	0	0	15.2376783139059	12.0804768072287	2.41801349019444e-25	1	45	82	6.27009173620949e-10	1	0	-3.84308910612519	5.29998149639834
ITGB2	ITGAM	R-HSA-1474244	REACTOME_EXTRACELLULAR_MATRIX_ORGANIZATION	0	0	12.0804768072287	15.2376783139059	2.41801349019444e-25	1	44	80	6.27009173620949e-10	1	0	5.29998149639834	-3.84308910612519
ITGB2	ITGAL	R-HSA-1474244	REACTOME_EXTRACELLULAR_MATRIX_ORGANIZATION	0	0	12.0804768072287	12.454693156539	5.08184654298843e-25	1	45	82	6.27009173620949e-10	1	0	5.29998149639834	1.41515271199705
CALM3	MYLK	R-HSA-195258	REACTOME_RHO_GTPASE_EFFECTORS	5.25445009578594e-303	1.46905667261348e-301	1.16804541563908	4.71354488496319	1.46234047183085e-10	1	95	174	5.10515856214936e-05	1	0	2.64785868437011	1.20534079538768
RPS19	C5AR1	R-HSA-418594	REACTOME_G_ALPHA_I_SIGNALLING_EVENTS	1.93974843824337e-299	5.20628480824521e-298	7.11956176848905	14.2510379110322	1.44135112520279e-34	1	42	78	1.72252568203632e-08	1	0	3.46968437330769	5.7640327578343
C5	C5AR1	R-HSA-418594	REACTOME_G_ALPHA_I_SIGNALLING_EVENTS	7.60658165256209e-296	1.9630831880266e-294	8.45872682951383	14.2510379110322	5.65215303578025e-31	1	42	78	1.72252568203632e-08	1	0	5.5229420931512	5.7640327578343
YWHAZ	CSF2RB	R-HSA-5683057	REACTOME_MAPK_FAMILY_SIGNALING_CASCADES	2.67270093206496e-295	6.64215676079847e-294	1.86659735977977	8.22845450995784	5.13961324810341e-22	1	75	137	1.06929159009264e-05	1	0	3.53509749983189	5.1279636248526
ARTN	RET	R-HSA-5683057	REACTOME_MAPK_FAMILY_SIGNALING_CASCADES	2.11993626160173e-289	5.08027582690987e-288	3.86734999868736	6.40496106823211	7.53731300982716e-17	1	74	136	1.10911970582612e-05	1	0	1.25406619325863	4.50814232928115
GNAS	ADCY1	R-HSA-418594	REACTOME_G_ALPHA_I_SIGNALLING_EVENTS	8.12805529782232e-288	1.88066382925475e-286	3.76398475898122	10.1934443850419	6.03963968638949e-23	1	42	78	1.72252568203632e-08	1	0	1.25850542455686	-1.48387045560435
TGFB1	CXCR4	R-HSA-418594	REACTOME_G_ALPHA_I_SIGNALLING_EVENTS	1.40035930134104e-287	3.13213697066612e-286	2.30705163465044	2.81515252197528	1.00904758070442e-13	1	43	79	9.67982955949305e-09	1	0	5.68415120557093	-6.18026224855868
CXCL13	CXCR5	R-HSA-418594	REACTOME_G_ALPHA_I_SIGNALLING_EVENTS	2.03082261673444e-286	4.3957483091252e-285	15.7382632027543	8.67287924537401	2.75246593824622e-12	1	42	78	9.67982955949305e-09	1	0	7.37550173644415	7.02320411232455
VEGFA	RET	R-HSA-5683057	REACTOME_MAPK_FAMILY_SIGNALING_CASCADES	7.65622070536666e-286	1.60541377915657e-284	1.00775272930596	6.40496106823211	2.72212580037982e-13	1	74	136	1.10911970582612e-05	1	0	7.1257723153989	4.50814232928115
GNAS	ADCY9	R-HSA-9006925	REACTOME_INTRACELLULAR_SIGNALING_BY_SECOND_MESSENGERS	1.94785745918316e-285	3.96064350033909e-284	3.76398475898122	1.99678523810775	5.30234632318127e-16	1	87	159	4.71023506411314e-05	1	0	1.25850542455686	7.1741432008062
GNAS	ADCY1	R-HSA-9006925	REACTOME_INTRACELLULAR_SIGNALING_BY_SECOND_MESSENGERS	2.21921745276337e-285	4.37969091413007e-284	3.76398475898122	10.1934443850419	6.03963968638949e-23	1	87	159	5.87408508577458e-05	1	0	1.25850542455686	-1.48387045560435
UBC	ERBB4	R-HSA-5683057	REACTOME_MAPK_FAMILY_SIGNALING_CASCADES	2.5603576911597e-285	4.90857145933761e-284	3.52017670707888	4.88971725190951	4.0306700721696e-17	1	73	134	1.10911970582612e-05	1	0	-3.94473839238796	-6.13673360200089
HBEGF	ERBB4	R-HSA-5683057	REACTOME_MAPK_FAMILY_SIGNALING_CASCADES	2.79909584802887e-284	5.21720365007603e-283	2.99986575373671	4.88971725190951	4.40650613105309e-16	1	73	134	1.10911970582612e-05	1	0	-3.89320695131248	-6.13673360200089
CALM3	PDE1B	R-HSA-418594	REACTOME_G_ALPHA_I_SIGNALLING_EVENTS	1.84772369009839e-283	3.35087188123249e-282	1.16804541563908	6.3433165550445	2.38970509278663e-17	1	43	79	1.56753814824363e-08	1	0	2.64785868437011	2.83657575404197
PNOC	OPRL1	R-HSA-418594	REACTOME_G_ALPHA_I_SIGNALLING_EVENTS	1.57313663549339e-282	2.77782811162121e-281	15.0117692134331	5.28602411551717	3.82693883841769e-16	1	42	78	1.56753814824363e-08	1	0	-5.20738375864295	-6.01471403999041
C3	C3AR1	R-HSA-418594	REACTOME_G_ALPHA_I_SIGNALLING_EVENTS	1.98894840534719e-282	3.42201123073836e-281	4.65899964743801	3.99020458394895	4.83847602827255e-16	1	42	78	1.56753814824363e-08	1	0	-5.04778764026622	5.70723390651413
GNAS	ADCY9	R-HSA-418594	REACTOME_G_ALPHA_I_SIGNALLING_EVENTS	2.17963119016529e-282	3.65633132150227e-281	3.76398475898122	1.99678523810775	5.30234632318127e-16	1	42	78	1.56753814824363e-08	1	0	1.25850542455686	7.1741432008062
CALM3	PDE1B	R-HSA-9006925	REACTOME_INTRACELLULAR_SIGNALING_BY_SECOND_MESSENGERS	8.78078084826931e-280	1.43704974370456e-278	1.16804541563908	6.3433165550445	2.38970509278663e-17	1	87	159	5.87408508577458e-05	1	0	2.64785868437011	2.83657575404197
NRG1	ERBB4	R-HSA-5683057	REACTOME_MAPK_FAMILY_SIGNALING_CASCADES	4.55770459062133e-279	7.28147566739741e-278	9.11083190183876	4.88971725190951	7.17501447342168e-11	1	73	134	1.10911970582612e-05	1	0	1.77777902773622	-6.13673360200089
MMP7	ERBB4	R-HSA-5683057	REACTOME_MAPK_FAMILY_SIGNALING_CASCADES	8.99429945840849e-277	1.40352905502142e-275	3.74261492306019	4.88971725190951	1.41593706896155e-08	1	73	134	1.10911970582612e-05	1	0	4.66496561898362	-6.13673360200089
ADAM17	ERBB4	R-HSA-5683057	REACTOME_MAPK_FAMILY_SIGNALING_CASCADES	1.88712008072752e-275	2.87785812310946e-274	1.00899671615371	4.88971725190951	2.97081867046999e-07	1	73	134	1.10911970582612e-05	1	0	-4.9528261704907	-6.13673360200089
CALM3	INSR	R-HSA-9006925	REACTOME_INTRACELLULAR_SIGNALING_BY_SECOND_MESSENGERS	1.31589594738068e-272	1.96214706820542e-271	1.16804541563908	1.0907914649562	3.58123417651712e-10	1	87	159	5.87408508577458e-05	1	0	2.64785868437011	6.67262334454679
UBC	ERBB4	R-HSA-9006925	REACTOME_INTRACELLULAR_SIGNALING_BY_SECOND_MESSENGERS	2.13634487363468e-271	3.11627697871493e-270	3.52017670707888	4.88971725190951	4.0306700721696e-17	1	85	156	6.84803625020608e-05	1	0	-3.94473839238796	-6.13673360200089
HBEGF	ERBB4	R-HSA-9006925	REACTOME_INTRACELLULAR_SIGNALING_BY_SECOND_MESSENGERS	2.3355463521349e-270	3.3343651112394e-269	2.99986575373671	4.88971725190951	4.40650613105309e-16	1	85	156	6.84803625020608e-05	1	0	-3.89320695131248	-6.13673360200089
NAMPT	INSR	R-HSA-9006925	REACTOME_INTRACELLULAR_SIGNALING_BY_SECOND_MESSENGERS	3.76047505624158e-270	5.25683075570438e-269	1.99261120207834	1.0907914649562	1.02341996099001e-07	1	87	159	5.87408508577458e-05	1	0	7.20391528672853	6.67262334454679
NRG1	ERBB4	R-HSA-9006925	REACTOME_INTRACELLULAR_SIGNALING_BY_SECOND_MESSENGERS	3.80291740928779e-265	5.20766853394307e-264	9.11083190183876	4.88971725190951	7.17501447342168e-11	1	85	156	6.84803625020608e-05	1	0	1.77777902773622	-6.13673360200089
FABP5	RXRA	R-HSA-1852241	REACTOME_ORGANELLE_BIOGENESIS_AND_MAINTENANCE	7.62375077578076e-263	1.00304642559782e-261	12.4894381870585	1.31284069725308	1.92728480280641e-15	1	86	157	8.45922989394841e-05	1	0	5.44122530844092	-6.26133088253672
MMP7	ERBB4	R-HSA-9006925	REACTOME_INTRACELLULAR_SIGNALING_BY_SECOND_MESSENGERS	7.50478169759274e-263	1.00304642559782e-261	3.74261492306019	4.88971725190951	1.41593706896155e-08	1	85	156	6.84803625020608e-05	1	0	4.66496561898362	-6.13673360200089
ADAM17	ERBB4	R-HSA-9006925	REACTOME_INTRACELLULAR_SIGNALING_BY_SECOND_MESSENGERS	1.57460003511042e-261	2.03183966069056e-260	1.00899671615371	4.88971725190951	2.97081867046999e-07	1	85	156	6.84803625020608e-05	1	0	-4.9528261704907	-6.13673360200089
UBC	TLR4	R-HSA-983169	REACTOME_CLASS_I_MHC_MEDIATED_ANTIGEN_PROCESSING_PRESENTATION	7.03858303356121e-261	8.91111172739542e-260	3.52017670707888	4.91616438947607	3.60665486583381e-22	1	92	168	0.000182886370643017	1	0	-3.94473839238796	5.57081769910517
GNAS	ADCY9	R-HSA-9658195	REACTOME_LEISHMANIA_INFECTION	5.2378494023068e-260	6.50851286842196e-259	3.76398475898122	1.99678523810775	5.30234632318127e-16	1	49	90	3.74076620058265e-07	1	0	1.25850542455686	7.1741432008062
ABCA1	RXRA	R-HSA-1852241	REACTOME_ORGANELLE_BIOGENESIS_AND_MAINTENANCE	5.61429230645463e-258	6.84943661387465e-257	2.21371617309256	1.31284069725308	1.41929354185045e-10	1	86	157	8.45922989394841e-05	1	0	-3.59190427093961	-6.26133088253672
GNAS	ADCY1	R-HSA-9658195	REACTOME_LEISHMANIA_INFECTION	4.02143279588211e-257	4.81853822506588e-256	3.76398475898122	10.1934443850419	6.03963968638949e-23	1	49	90	6.41175621272051e-07	1	0	1.25850542455686	-1.48387045560435
TGFB1	SDC2	R-HSA-9694516	REACTOME_SARS_COV_2_INFECTION	2.23934809249692e-256	2.63614485976391e-255	2.30705163465044	7.13201886453031	1.7650261287609e-23	1	78	143	6.91287742166599e-05	1	0	5.68415120557093	-0.341519614916448
S100A9	TLR4	R-HSA-983169	REACTOME_CLASS_I_MHC_MEDIATED_ANTIGEN_PROCESSING_PRESENTATION	2.19317840034891e-252	2.53728052867951e-251	17.4391017476099	4.91616438947607	1.12381107270363e-13	1	92	168	0.000182886370643017	1	0	-0.709739665426797	5.57081769910517
C3	C3AR1	R-HSA-9658195	REACTOME_LEISHMANIA_INFECTION	3.22165016334218e-250	3.66394450780102e-249	4.65899964743801	3.99020458394895	4.83847602827255e-16	1	49	90	6.41175621272051e-07	1	0	-5.04778764026622	5.70723390651413
UBC	TLR4	R-HSA-5357801	REACTOME_PROGRAMMED_CELL_DEATH	9.41680022234792e-246	1.05311215819924e-244	3.52017670707888	4.91616438947607	3.60665486583381e-22	1	56	103	5.2628856910363e-06	1	0	-3.94473839238796	5.57081769910517
RPS19	C5AR1	R-HSA-373076	REACTOME_CLASS_A_1_RHODOPSIN_LIKE_RECEPTORS	2.73948560551917e-244	3.01343416607109e-243	7.11956176848905	14.2510379110322	1.44135112520279e-34	1	30	55	2.16604919999378e-09	1	0	3.46968437330769	5.7640327578343
C5	C5AR1	R-HSA-373076	REACTOME_CLASS_A_1_RHODOPSIN_LIKE_RECEPTORS	1.07426924716439e-240	1.16263655620533e-239	8.45872682951383	14.2510379110322	5.65215303578025e-31	1	30	55	2.16604919999378e-09	1	0	5.5229420931512	5.7640327578343
S100A9	TLR4	R-HSA-5357801	REACTOME_PROGRAMMED_CELL_DEATH	2.93421598489048e-237	3.12517289819288e-236	17.4391017476099	4.91616438947607	1.12381107270363e-13	1	56	103	5.2628856910363e-06	1	0	-0.709739665426797	5.57081769910517
TGFB1	CXCR4	R-HSA-373076	REACTOME_CLASS_A_1_RHODOPSIN_LIKE_RECEPTORS	6.10715583969706e-235	6.40297120068239e-234	2.30705163465044	2.81515252197528	1.00904758070442e-13	1	30	56	1.65585186938288e-09	1	0	5.68415120557093	-6.18026224855868
PNOC	OPRL1	R-HSA-373076	REACTOME_CLASS_A_1_RHODOPSIN_LIKE_RECEPTORS	1.97391764663605e-234	2.03769037060429e-233	15.0117692134331	5.28602411551717	3.82693883841769e-16	1	30	55	1.01435637709195e-09	1	0	-5.20738375864295	-6.01471403999041
C3	C3AR1	R-HSA-373076	REACTOME_CLASS_A_1_RHODOPSIN_LIKE_RECEPTORS	2.49566392834791e-234	2.53725832715371e-233	4.65899964743801	3.99020458394895	4.83847602827255e-16	1	30	55	1.01435637709195e-09	1	0	-5.04778764026622	5.70723390651413
TGFB1	SDC2	R-HSA-381426	REACTOME_REGULATION_OF_INSULIN_LIKE_GROWTH_FACTOR_IGF_TRANSPORT_AND_UPTAKE_BY_INSULIN_LIKE_GROWTH_FACTOR_BINDING_PROTEINS_IGFBPS	4.03652312379752e-232	4.04254778517632e-231	2.30705163465044	7.13201886453031	1.7650261287609e-23	1	34	63	2.80206917021011e-08	1	0	5.68415120557093	-0.341519614916448
C5	C5AR2	R-HSA-373076	REACTOME_CLASS_A_1_RHODOPSIN_LIKE_RECEPTORS	1.08590901102331e-231	1.07153668587742e-230	8.45872682951383	6.68128645621753	6.1618600992621e-19	1	30	55	1.65585186938288e-09	1	0	5.5229420931512	7.36681348270739
CXCL13	CXCR5	R-HSA-373076	REACTOME_CLASS_A_1_RHODOPSIN_LIKE_RECEPTORS	1.4197094117959e-230	1.38061596422471e-229	15.7382632027543	8.67287924537401	2.75246593824622e-12	1	30	55	1.01435637709195e-09	1	0	7.37550173644415	7.02320411232455
C3	C5AR2	R-HSA-373076	REACTOME_CLASS_A_1_RHODOPSIN_LIKE_RECEPTORS	1.77224038841178e-228	1.69881900089187e-227	4.65899964743801	6.68128645621753	1.00563649668627e-15	1	30	55	1.65585186938288e-09	1	0	-5.04778764026622	7.36681348270739
UBC	TLR4	R-HSA-109581	REACTOME_APOPTOSIS	6.57241369500244e-204	6.21139378781217e-203	3.52017670707888	4.91616438947607	3.60665486583381e-22	1	46	84	5.2628856910363e-06	1	0	-3.94473839238796	5.57081769910517
S100A9	TLR4	R-HSA-109581	REACTOME_APOPTOSIS	2.04792295342769e-195	1.9085504190972e-194	17.4391017476099	4.91616438947607	1.12381107270363e-13	1	46	84	5.2628856910363e-06	1	0	-0.709739665426797	5.57081769910517
FABP5	RXRA	R-HSA-9711123	REACTOME_CELLULAR_RESPONSE_TO_CHEMICAL_STRESS	2.10093972296686e-187	1.93113774535721e-186	12.4894381870585	1.31284069725308	1.92728480280641e-15	1	56	103	6.26155931162111e-05	1	0	5.44122530844092	-6.26133088253672
FABP5	RXRA	R-HSA-9006931	REACTOME_SIGNALING_BY_NUCLEAR_RECEPTORS	1.14899087635253e-186	1.04185524058452e-185	12.4894381870585	1.31284069725308	1.92728480280641e-15	1	74	135	0.000402662041022259	1	0	5.44122530844092	-6.26133088253672
FABP5	RXRA	R-HSA-9006936	REACTOME_SIGNALING_BY_TGFB_FAMILY_MEMBERS	1.417299908603e-185	1.26801098489682e-184	12.4894381870585	1.31284069725308	1.92728480280641e-15	1	57	105	8.08276244513031e-05	1	0	5.44122530844092	-6.26133088253672
CALM3	ABCA1	R-HSA-9006931	REACTOME_SIGNALING_BY_NUCLEAR_RECEPTORS	4.46026029100448e-185	3.93794033587369e-184	1.16804541563908	2.21371617309256	6.02791909005451e-11	1	74	136	0.000404946042816148	1	0	2.64785868437011	-3.59190427093961
ALOX5AP	ALOX5	R-HSA-6785807	REACTOME_INTERLEUKIN_4_AND_INTERLEUKIN_13_SIGNALING	8.63557565002592e-184	7.52528735216545e-183	16.9600013883733	11.1629884355526	7.69914104791043e-28	1	30	55	2.53385578564032e-07	1	0	3.65616188353206	6.08903350525057
SHANK1	ABCA1	R-HSA-9006931	REACTOME_SIGNALING_BY_NUCLEAR_RECEPTORS	4.63795406015899e-183	3.98982971072651e-182	1.11827598697196	2.21371617309256	6.26806733105077e-09	1	74	136	0.000404946042816148	1	0	6.12886000664917	-3.59190427093961
GDF11	ACVR1B	R-HSA-9006936	REACTOME_SIGNALING_BY_TGFB_FAMILY_MEMBERS	1.26953956102796e-182	1.07830512082248e-181	2.94364829289679	1.73204834448105	2.990078622665e-16	1	57	104	8.08276244513031e-05	1	0	-5.40950070628713	-4.38130987805961
ABCA1	RXRA	R-HSA-9711123	REACTOME_CELLULAR_RESPONSE_TO_CHEMICAL_STRESS	1.54717672047324e-182	1.29769447429693e-181	2.21371617309256	1.31284069725308	1.41929354185045e-10	1	56	103	6.26155931162111e-05	1	0	-3.59190427093961	-6.26133088253672
TGFB1	SDC2	R-HSA-71387	REACTOME_METABOLISM_OF_CARBOHYDRATES	2.78714964805215e-182	2.30886100474443e-181	2.30705163465044	7.13201886453031	1.7650261287609e-23	1	46	85	2.62098220868755e-05	1	0	5.68415120557093	-0.341519614916448
ABCA1	RXRA	R-HSA-9006931	REACTOME_SIGNALING_BY_NUCLEAR_RECEPTORS	8.46141332136073e-182	6.92391260808908e-181	2.21371617309256	1.31284069725308	1.41929354185045e-10	1	74	135	0.000402662041022259	1	0	-3.59190427093961	-6.26133088253672
TGFB1	ITGB5	R-HSA-9006936	REACTOME_SIGNALING_BY_TGFB_FAMILY_MEMBERS	1.5533181573825e-181	1.25575479952248e-180	2.30705163465044	1.00735704250141	3.65844717184401e-15	1	57	104	8.08276244513031e-05	1	0	5.68415120557093	2.9125904202318
ABCA1	RXRA	R-HSA-9006936	REACTOME_SIGNALING_BY_TGFB_FAMILY_MEMBERS	1.04372981316323e-180	8.33741315038721e-180	2.21371617309256	1.31284069725308	1.41929354185045e-10	1	57	105	8.08276244513031e-05	1	0	-3.59190427093961	-6.26133088253672
TLN1	ITGB5	R-HSA-9006936	REACTOME_SIGNALING_BY_TGFB_FAMILY_MEMBERS	9.49692587199871e-180	7.49698501189545e-179	1.7357699855989	1.00735704250141	2.23676015325624e-13	1	57	104	8.08276244513031e-05	1	0	4.40562580250577	2.9125904202318
B2M	TFRC	R-HSA-8856828	REACTOME_CLATHRIN_MEDIATED_ENDOCYTOSIS	9.03173416206529e-179	7.04685304970443e-178	2.87849346100954	1.10895246491767	2.15401207739961e-10	1	47	86	1.48685341766449e-05	1	0	5.12896695992452	6.57874248188595
ICAM2	ITGB2	R-HSA-168898	REACTOME_TOLL_LIKE_RECEPTOR_CASCADES	1.88910155480275e-178	1.45699671640534e-177	5.31892854746127	12.0804768072287	3.3571516723766e-26	1	53	98	0.000118706089083294	1	0	6.40545110870083	5.29998149639834
MMP9	ITGB2	R-HSA-168898	REACTOME_TOLL_LIKE_RECEPTOR_CASCADES	5.96630905644834e-178	4.54931065554186e-177	13.7658897941133	12.0804768072287	1.06028203596829e-25	1	53	98	0.000118706089083294	1	0	4.82203949290452	5.29998149639834
ITGAM	ITGB2	R-HSA-168898	REACTOME_TOLL_LIKE_RECEPTOR_CASCADES	1.36063946155482e-177	1.01443230967031e-176	15.2376783139059	12.0804768072287	2.41801349019444e-25	1	53	98	0.000118706089083294	1	0	-3.84308910612519	5.29998149639834
ITGB2	ITGAM	R-HSA-168898	REACTOME_TOLL_LIKE_RECEPTOR_CASCADES	1.36063946155482e-177	1.01443230967031e-176	12.0804768072287	15.2376783139059	2.41801349019444e-25	1	53	98	0.000118706089083294	1	0	5.29998149639834	-3.84308910612519
TGFB1	ACVRL1	R-HSA-9006936	REACTOME_SIGNALING_BY_TGFB_FAMILY_MEMBERS	1.76970637320117e-177	1.30491535870108e-176	2.30705163465044	6.40252102916646	3.94793051238735e-18	1	56	103	0.00011468348531235	1	0	5.68415120557093	-5.57104800951873
ICAM3	ITGB2	R-HSA-168898	REACTOME_TOLL_LIKE_RECEPTOR_CASCADES	2.20659548006249e-177	1.60937561643688e-176	6.69809789588698	12.0804768072287	3.92137505118083e-25	1	53	98	0.000118706089083294	1	0	-5.34869632005948	5.29998149639834
SPP1	ITGB5	R-HSA-9006936	REACTOME_SIGNALING_BY_TGFB_FAMILY_MEMBERS	7.78679609354536e-176	5.6182152459881e-175	2.07296362438893	1.00735704250141	1.83398243371863e-09	1	57	104	8.08276244513031e-05	1	0	-6.17078968245005	2.9125904202318
ICAM2	ITGAM	R-HSA-168898	REACTOME_TOLL_LIKE_RECEPTOR_CASCADES	3.33946445646076e-175	2.38380920243103e-174	5.31892854746127	15.2376783139059	5.93461407955913e-23	1	53	98	0.000118706089083294	1	0	6.40545110870083	-3.84308910612519
MMP9	ITGAM	R-HSA-168898	REACTOME_TOLL_LIKE_RECEPTOR_CASCADES	1.05469592037626e-174	7.44948381655234e-174	13.7658897941133	15.2376783139059	1.87431647808349e-22	1	53	98	0.000118706089083294	1	0	4.82203949290452	-3.84308910612519
SLPI	CD4	R-HSA-8856828	REACTOME_CLATHRIN_MEDIATED_ENDOCYTOSIS	6.32089487453389e-174	4.41804214667942e-173	10.995341921812	13.7536923591771	1.38507529863141e-18	1	47	86	3.1491678543099e-05	1	0	-5.96683562719533	0.216664232141217
C3	ITGB2	R-HSA-168898	REACTOME_TOLL_LIKE_RECEPTOR_CASCADES	1.92304768601364e-173	1.33027319310841e-172	4.65899964743801	12.0804768072287	3.41747786864468e-21	1	53	98	0.000118706089083294	1	0	-5.04778764026622	5.29998149639834
UBC	ERBB4	R-HSA-9006931	REACTOME_SIGNALING_BY_NUCLEAR_RECEPTORS	2.78978460270642e-170	1.91014843715919e-169	3.52017670707888	4.88971725190951	4.0306700721696e-17	1	69	127	0.000600099125127165	1	0	-3.94473839238796	-6.13673360200089
C3	ITGAM	R-HSA-168898	REACTOME_TOLL_LIKE_RECEPTOR_CASCADES	3.39947282304376e-170	2.30408713561855e-169	4.65899964743801	15.2376783139059	6.04125587852358e-18	1	53	98	0.000118706089083294	1	0	-5.04778764026622	-3.84308910612519
ICAM5	ITGB2	R-HSA-168898	REACTOME_TOLL_LIKE_RECEPTOR_CASCADES	4.78670066985242e-170	3.21187614947097e-169	2.4805621658084	12.0804768072287	8.50652000052964e-18	1	53	98	0.000118706089083294	1	0	5.71522648707572	5.29998149639834
HBEGF	ERBB4	R-HSA-9006931	REACTOME_SIGNALING_BY_NUCLEAR_RECEPTORS	3.04991545723965e-169	2.02623096218595e-168	2.99986575373671	4.88971725190951	4.40650613105309e-16	1	69	127	0.000600099125127165	1	0	-3.89320695131248	-6.13673360200089
TNF	TNFRSF1B	R-HSA-6785807	REACTOME_INTERLEUKIN_4_AND_INTERLEUKIN_13_SIGNALING	6.2763147689113e-168	4.12883059797988e-167	9.41508011558655	4.29981476712183	3.48559998686319e-27	1	29	54	9.98396623128858e-07	1	0	-6.26133088253672	9.65409933007707
UBC	TLR4	R-HSA-168898	REACTOME_TOLL_LIKE_RECEPTOR_CASCADES	1.69902796214043e-167	1.1068424879575e-166	3.52017670707888	4.91616438947607	3.60665486583381e-22	1	52	95	0.000118706089083294	1	0	-3.94473839238796	5.57081769910517
LY86	CD180	R-HSA-168898	REACTOME_TOLL_LIKE_RECEPTOR_CASCADES	5.25791919478765e-167	3.39236901894472e-166	13.9406280591954	15.7675437570986	9.34392974963458e-15	1	53	98	0.000118706089083294	1	0	-2.15245123349028	-1.99201130165227
GNAS	ADCY9	R-HSA-112315	REACTOME_TRANSMISSION_ACROSS_CHEMICAL_SYNAPSES	3.22344071293064e-166	2.05993211273948e-165	3.76398475898122	1.99678523810775	5.30234632318127e-16	1	39	71	6.81839138676204e-06	1	0	1.25850542455686	7.1741432008062
NRG1	ERBB4	R-HSA-9006931	REACTOME_SIGNALING_BY_NUCLEAR_RECEPTORS	4.96610849902012e-164	3.1436403800401e-163	9.11083190183876	4.88971725190951	7.17501447342168e-11	1	69	127	0.000600099125127165	1	0	1.77777902773622	-6.13673360200089
GNAS	ADCY1	R-HSA-112315	REACTOME_TRANSMISSION_ACROSS_CHEMICAL_SYNAPSES	1.15344342294727e-162	7.23327604483755e-162	3.76398475898122	10.1934443850419	6.03963968638949e-23	1	39	71	1.41834036058574e-05	1	0	1.25850542455686	-1.48387045560435
MMP7	ERBB4	R-HSA-9006931	REACTOME_SIGNALING_BY_NUCLEAR_RECEPTORS	9.80025495181233e-162	6.08886210432044e-161	3.74261492306019	4.88971725190951	1.41593706896155e-08	1	69	127	0.000600099125127165	1	0	4.66496561898362	-6.13673360200089
ICAM2	ITGB2	R-HSA-6785807	REACTOME_INTERLEUKIN_4_AND_INTERLEUKIN_13_SIGNALING	2.91524215607107e-161	1.794612373141e-160	5.31892854746127	12.0804768072287	3.3571516723766e-26	1	29	53	9.98396623128858e-07	1	0	6.40545110870083	5.29998149639834
MMP9	ITGB2	R-HSA-6785807	REACTOME_INTERLEUKIN_4_AND_INTERLEUKIN_13_SIGNALING	9.20714698121293e-161	5.61635965853989e-160	13.7658897941133	12.0804768072287	1.06028203596829e-25	1	29	53	9.98396623128858e-07	1	0	4.82203949290452	5.29998149639834
ADAM17	ERBB4	R-HSA-9006931	REACTOME_SIGNALING_BY_NUCLEAR_RECEPTORS	2.05621994256869e-160	1.24299421753477e-159	1.00899671615371	4.88971725190951	2.97081867046999e-07	1	69	127	0.000600099125127165	1	0	-4.9528261704907	-6.13673360200089
ITGAM	ITGB2	R-HSA-6785807	REACTOME_INTERLEUKIN_4_AND_INTERLEUKIN_13_SIGNALING	2.09972487050999e-160	1.24682777709045e-159	15.2376783139059	12.0804768072287	2.41801349019444e-25	1	29	53	9.98396623128858e-07	1	0	-3.84308910612519	5.29998149639834
ITGB2	ITGAM	R-HSA-6785807	REACTOME_INTERLEUKIN_4_AND_INTERLEUKIN_13_SIGNALING	2.09972487050999e-160	1.24682777709045e-159	12.0804768072287	15.2376783139059	2.41801349019444e-25	1	29	53	9.98396623128858e-07	1	0	5.29998149639834	-3.84308910612519
ICAM3	ITGB2	R-HSA-6785807	REACTOME_INTERLEUKIN_4_AND_INTERLEUKIN_13_SIGNALING	3.40519552721755e-160	2.00428613926577e-159	6.69809789588698	12.0804768072287	3.92137505118083e-25	1	29	53	9.98396623128858e-07	1	0	-5.34869632005948	5.29998149639834
S100A9	TLR4	R-HSA-168898	REACTOME_TOLL_LIKE_RECEPTOR_CASCADES	5.29406474341169e-159	3.08897168941673e-158	17.4391017476099	4.91616438947607	1.12381107270363e-13	1	52	95	0.000118706089083294	1	0	-0.709739665426797	5.57081769910517
SLPI	CD4	R-HSA-162906	REACTOME_HIV_INFECTION	2.21137008815465e-158	1.27916321478601e-157	10.995341921812	13.7536923591771	1.38507529863141e-18	1	64	117	0.000606717247430287	1	0	-5.96683562719533	0.216664232141217
ICAM2	ITGAM	R-HSA-6785807	REACTOME_INTERLEUKIN_4_AND_INTERLEUKIN_13_SIGNALING	5.15342731968259e-158	2.95551259103164e-157	5.31892854746127	15.2376783139059	5.93461407955913e-23	1	29	53	9.98396623128858e-07	1	0	6.40545110870083	-3.84308910612519
MMP9	ITGAM	R-HSA-6785807	REACTOME_INTERLEUKIN_4_AND_INTERLEUKIN_13_SIGNALING	1.6275959336861e-157	9.25522772460488e-157	13.7658897941133	15.2376783139059	1.87431647808349e-22	1	29	53	9.98396623128858e-07	1	0	4.82203949290452	-3.84308910612519
UBC	ERBB4	R-HSA-112315	REACTOME_TRANSMISSION_ACROSS_CHEMICAL_SYNAPSES	4.11996706267027e-157	2.32310747819475e-156	3.52017670707888	4.88971725190951	4.0306700721696e-17	1	38	70	1.41834036058574e-05	1	0	-3.94473839238796	-6.13673360200089
C3	ITGB2	R-HSA-6785807	REACTOME_INTERLEUKIN_4_AND_INTERLEUKIN_13_SIGNALING	2.9676274778077e-156	1.65939836467414e-155	4.65899964743801	12.0804768072287	3.41747786864468e-21	1	29	53	9.98396623128858e-07	1	0	-5.04778764026622	5.29998149639834
HBEGF	ERBB4	R-HSA-112315	REACTOME_TRANSMISSION_ACROSS_CHEMICAL_SYNAPSES	4.50412953586677e-156	2.49774456079884e-155	2.99986575373671	4.88971725190951	4.40650613105309e-16	1	38	70	1.41834036058574e-05	1	0	-3.89320695131248	-6.13673360200089
TGFB1	CXCR4	R-HSA-162906	REACTOME_HIV_INFECTION	1.6110154008951e-153	8.86058470492305e-153	2.30705163465044	2.81515252197528	1.00904758070442e-13	1	64	117	0.000606717247430287	1	0	5.68415120557093	-6.18026224855868
C3	ITGAM	R-HSA-6785807	REACTOME_INTERLEUKIN_4_AND_INTERLEUKIN_13_SIGNALING	5.24603161590742e-153	2.8618595237999e-152	4.65899964743801	15.2376783139059	6.04125587852358e-18	1	29	53	9.98396623128858e-07	1	0	-5.04778764026622	-3.84308910612519
ICAM5	ITGB2	R-HSA-6785807	REACTOME_INTERLEUKIN_4_AND_INTERLEUKIN_13_SIGNALING	7.38678741001006e-153	3.9972051226748e-152	2.4805621658084	12.0804768072287	8.50652000052964e-18	1	29	53	9.98396623128858e-07	1	0	5.71522648707572	5.29998149639834
NRG1	ERBB4	R-HSA-112315	REACTOME_TRANSMISSION_ACROSS_CHEMICAL_SYNAPSES	7.33397246001036e-151	3.93687641653356e-150	9.11083190183876	4.88971725190951	7.17501447342168e-11	1	38	70	1.41834036058574e-05	1	0	1.77777902773622	-6.13673360200089
ALOX5AP	ALOX5	R-HSA-446652	REACTOME_INTERLEUKIN_1_FAMILY_SIGNALING	1.55611687592531e-150	8.28693987099909e-150	16.9600013883733	11.1629884355526	7.69914104791043e-28	1	36	67	3.69897390655292e-05	1	0	3.65616188353206	6.08903350525057
MMP7	ERBB4	R-HSA-112315	REACTOME_TRANSMISSION_ACROSS_CHEMICAL_SYNAPSES	1.44730627475927e-148	7.64679142018482e-148	3.74261492306019	4.88971725190951	1.41593706896155e-08	1	38	70	1.41834036058574e-05	1	0	4.66496561898362	-6.13673360200089
ADAM17	ERBB4	R-HSA-112315	REACTOME_TRANSMISSION_ACROSS_CHEMICAL_SYNAPSES	3.03663531183389e-147	1.59186116737542e-146	1.00899671615371	4.88971725190951	2.97081867046999e-07	1	38	70	1.41834036058574e-05	1	0	-4.9528261704907	-6.13673360200089
FABP5	RXRA	R-HSA-8957322	REACTOME_METABOLISM_OF_STEROIDS	6.8666689693533e-146	3.57173246390392e-145	12.4894381870585	1.31284069725308	1.92728480280641e-15	1	34	63	1.13214539007901e-05	1	0	5.44122530844092	-6.26133088253672
GNAS	ADCY9	R-HSA-418555	REACTOME_G_ALPHA_S_SIGNALLING_EVENTS	1.53866882162896e-143	7.94189830240795e-143	3.76398475898122	1.99678523810775	5.30234632318127e-16	1	19	35	8.50660207264817e-09	1	0	1.25850542455686	7.1741432008062
ALOX5AP	ALOX5	R-HSA-8978868	REACTOME_FATTY_ACID_METABOLISM	1.33622201996244e-142	6.84431278927329e-142	16.9600013883733	11.1629884355526	7.69914104791043e-28	1	27	50	4.28003371767799e-06	1	0	3.65616188353206	6.08903350525057
B2M	TYROBP	R-HSA-1500931	REACTOME_CELL_CELL_COMMUNICATION	3.72384156215771e-141	1.89295279409684e-140	2.87849346100954	10.944778939954	2.69868007886523e-21	1	23	42	2.6390812391697e-07	1	0	5.12896695992452	-1.44289795259782
ABCA1	RXRA	R-HSA-8957322	REACTOME_METABOLISM_OF_STEROIDS	5.05676115332651e-141	2.55119303299405e-140	2.21371617309256	1.31284069725308	1.41929354185045e-10	1	34	63	1.13214539007901e-05	1	0	-3.59190427093961	-6.26133088253672
FABP5	RXRA	R-HSA-8978868	REACTOME_FATTY_ACID_METABOLISM	3.00348353521098e-139	1.50398317322878e-138	12.4894381870585	1.31284069725308	1.92728480280641e-15	1	28	51	1.74980345422714e-06	1	0	5.44122530844092	-6.26133088253672
FABP5	RXRA	R-HSA-2990846	REACTOME_SUMOYLATION	1.51479811119498e-138	7.52910764897652e-138	12.4894381870585	1.31284069725308	1.92728480280641e-15	1	69	127	0.00194220389450554	1	0	5.44122530844092	-6.26133088253672
GNAS	ADCY1	R-HSA-112314	REACTOME_NEUROTRANSMITTER_RECEPTORS_AND_POSTSYNAPTIC_SIGNAL_TRANSMISSION	6.54977915418136e-138	3.23154545033507e-137	3.76398475898122	10.1934443850419	6.03963968638949e-23	1	33	60	1.93381419583499e-05	1	0	1.25850542455686	-1.48387045560435
TGFB1	SDC2	R-HSA-1630316	REACTOME_GLYCOSAMINOGLYCAN_METABOLISM	2.37314566755265e-137	1.1623217101663e-136	2.30705163465044	7.13201886453031	1.7650261287609e-23	1	22	40	2.63996621417415e-07	1	0	5.68415120557093	-0.341519614916448
CALM3	PLPP6	R-HSA-8957322	REACTOME_METABOLISM_OF_STEROIDS	6.63631692265431e-137	3.226788880508e-136	1.16804541563908	1.75440659521423	1.98132209074625e-15	1	33	60	1.13214539007901e-05	1	0	2.64785868437011	0.367439002946461
UBC	TLR4	R-HSA-168179	REACTOME_TOLL_LIKE_RECEPTOR_TLR1_TLR2_CASCADE	4.84835176631104e-135	2.34046333467245e-134	3.52017670707888	4.91616438947607	3.60665486583381e-22	1	39	72	0.000118706089083294	1	0	-3.94473839238796	5.57081769910517
UBC	ERBB4	R-HSA-8939211	REACTOME_ESR_MEDIATED_SIGNALING	2.18937077974084e-134	1.04933413800436e-133	3.52017670707888	4.88971725190951	4.0306700721696e-17	1	52	96	0.000600099125127165	1	0	-3.94473839238796	-6.13673360200089
ABCA1	RXRA	R-HSA-8978868	REACTOME_FATTY_ACID_METABOLISM	2.21182919014968e-134	1.05257970680173e-133	2.21371617309256	1.31284069725308	1.41929354185045e-10	1	28	51	1.74980345422714e-06	1	0	-3.59190427093961	-6.26133088253672
ABCA1	RXRA	R-HSA-2990846	REACTOME_SUMOYLATION	1.11552956433613e-133	5.27126998358835e-133	2.21371617309256	1.31284069725308	1.41929354185045e-10	1	69	127	0.00194220389450554	1	0	-3.59190427093961	-6.26133088253672
HBEGF	ERBB4	R-HSA-8939211	REACTOME_ESR_MEDIATED_SIGNALING	2.39351660923304e-133	1.12311163971704e-132	2.99986575373671	4.88971725190951	4.40650613105309e-16	1	52	96	0.000600099125127165	1	0	-3.89320695131248	-6.13673360200089
UBC	TLR4	R-HSA-166166	REACTOME_MYD88_INDEPENDENT_TLR4_CASCADE	2.83994646388929e-133	1.32333616477064e-132	3.52017670707888	4.91616438947607	3.60665486583381e-22	1	42	78	0.000246690476705903	1	0	-3.94473839238796	5.57081769910517
UBC	ERBB4	R-HSA-112314	REACTOME_NEUROTRANSMITTER_RECEPTORS_AND_POSTSYNAPTIC_SIGNAL_TRANSMISSION	2.331308322425e-132	1.0788330236877e-131	3.52017670707888	4.88971725190951	4.0306700721696e-17	1	32	59	1.93381419583499e-05	1	0	-3.94473839238796	-6.13673360200089
TGFB1	CXCR4	R-HSA-9758941	REACTOME_GASTRULATION	1.82267005118098e-131	8.37679181056463e-131	2.30705163465044	2.81515252197528	1.00904758070442e-13	1	23	42	3.36744587098443e-07	1	0	5.68415120557093	-6.18026224855868
HBEGF	ERBB4	R-HSA-112314	REACTOME_NEUROTRANSMITTER_RECEPTORS_AND_POSTSYNAPTIC_SIGNAL_TRANSMISSION	2.54868898525629e-131	1.1633811626578e-130	2.99986575373671	4.88971725190951	4.40650613105309e-16	1	32	59	1.93381419583499e-05	1	0	-3.89320695131248	-6.13673360200089
GNAS	ADCY9	R-HSA-112314	REACTOME_NEUROTRANSMITTER_RECEPTORS_AND_POSTSYNAPTIC_SIGNAL_TRANSMISSION	3.55408897891613e-131	1.61134709787346e-130	3.76398475898122	1.99678523810775	5.30234632318127e-16	1	33	60	1.90086770618232e-05	1	0	1.25850542455686	7.1741432008062
ADAM15	ITGA5	R-HSA-418555	REACTOME_G_ALPHA_S_SIGNALLING_EVENTS	2.98123801810711e-130	1.34255752359052e-129	1.35477312575793	2.42913888059818	4.2440668369718e-14	1	20	38	2.1453031899201e-07	1	0	-0.800247206289881	4.59678455148382
SPP1	ITGA5	R-HSA-418555	REACTOME_G_ALPHA_S_SIGNALLING_EVENTS	3.66783687801466e-128	1.64074569676523e-127	2.07296362438893	2.42913888059818	5.22150353740892e-12	1	20	38	2.1453031899201e-07	1	0	-6.17078968245005	4.59678455148382
NRG1	ERBB4	R-HSA-8939211	REACTOME_ESR_MEDIATED_SIGNALING	3.89730907046715e-128	1.73185058694269e-127	9.11083190183876	4.88971725190951	7.17501447342168e-11	1	52	96	0.000600099125127165	1	0	1.77777902773622	-6.13673360200089
UBC	TLR4	R-HSA-168138	REACTOME_TOLL_LIKE_RECEPTOR_9_TLR9_CASCADE	1.07806442985133e-127	4.75908705546213e-127	3.52017670707888	4.91616438947607	3.60665486583381e-22	1	39	72	0.000195253496252351	1	0	-3.94473839238796	5.57081769910517
CALM3	PDE1B	R-HSA-418555	REACTOME_G_ALPHA_S_SIGNALLING_EVENTS	2.00905599390047e-127	8.81095798632169e-127	1.16804541563908	6.3433165550445	2.38970509278663e-17	1	19	36	2.1453031899201e-07	1	0	2.64785868437011	2.83657575404197
ADAM17	ITGA5	R-HSA-418555	REACTOME_G_ALPHA_S_SIGNALLING_EVENTS	3.94565475564869e-127	1.71917814353264e-126	1.00899671615371	2.42913888059818	5.61700286823159e-11	1	20	38	2.1453031899201e-07	1	0	-4.9528261704907	4.59678455148382
GNAS	ADCY1	R-HSA-418555	REACTOME_G_ALPHA_S_SIGNALLING_EVENTS	1.18342323788899e-126	5.12307737176458e-126	3.76398475898122	10.1934443850419	6.03963968638949e-23	1	19	35	2.1453031899201e-07	1	0	1.25850542455686	-1.48387045560435
S100A9	TLR4	R-HSA-168179	REACTOME_TOLL_LIKE_RECEPTOR_TLR1_TLR2_CASCADE	1.51071605186234e-126	6.49801583845916e-126	17.4391017476099	4.91616438947607	1.12381107270363e-13	1	39	72	0.000118706089083294	1	0	-0.709739665426797	5.57081769910517
NRG1	ERBB4	R-HSA-112314	REACTOME_NEUROTRANSMITTER_RECEPTORS_AND_POSTSYNAPTIC_SIGNAL_TRANSMISSION	4.1499727479317e-126	1.77365077316062e-125	9.11083190183876	4.88971725190951	7.17501447342168e-11	1	32	59	1.93381419583499e-05	1	0	1.77777902773622	-6.13673360200089
MMP7	ERBB4	R-HSA-8939211	REACTOME_ESR_MEDIATED_SIGNALING	7.69105679509923e-126	3.26626525918455e-125	3.74261492306019	4.88971725190951	1.41593706896155e-08	1	52	96	0.000600099125127165	1	0	4.66496561898362	-6.13673360200089
S100A9	TLR4	R-HSA-166166	REACTOME_MYD88_INDEPENDENT_TLR4_CASCADE	8.84909535491821e-125	3.73442954915102e-124	17.4391017476099	4.91616438947607	1.12381107270363e-13	1	42	78	0.000246690476705903	1	0	-0.709739665426797	5.57081769910517
ADAM17	ERBB4	R-HSA-8939211	REACTOME_ESR_MEDIATED_SIGNALING	1.61368295409366e-124	6.76738288873027e-124	1.00899671615371	4.88971725190951	2.97081867046999e-07	1	52	96	0.000600099125127165	1	0	-4.9528261704907	-6.13673360200089
ADAM15	ITGA5	R-HSA-8878166	REACTOME_TRANSCRIPTIONAL_REGULATION_BY_RUNX2	5.65223339157827e-124	2.35568236381927e-123	1.35477312575793	2.42913888059818	4.2440668369718e-14	1	25	47	4.45210978210007e-06	1	0	-0.800247206289881	4.59678455148382
CAP1	ROBO1	R-HSA-376176	REACTOME_SIGNALING_BY_ROBO_RECEPTORS	6.2633950977986e-124	2.5942827843351e-123	5.22130686990453	8.11982232774732	1.65838635906932e-26	1	52	95	0.00145834667994221	1	0	-4.5672573045487	-4.77785368541503
MMP7	ERBB4	R-HSA-112314	REACTOME_NEUROTRANSMITTER_RECEPTORS_AND_POSTSYNAPTIC_SIGNAL_TRANSMISSION	8.18967023793959e-124	3.37133050899231e-123	3.74261492306019	4.88971725190951	1.41593706896155e-08	1	32	59	1.93381419583499e-05	1	0	4.66496561898362	-6.13673360200089
SLPI	CD4	R-HSA-8856825	REACTOME_CARGO_RECOGNITION_FOR_CLATHRIN_MEDIATED_ENDOCYTOSIS	2.51952539094879e-123	1.03085459593088e-122	10.995341921812	13.7536923591771	1.38507529863141e-18	1	28	51	1.09008110435616e-05	1	0	-5.96683562719533	0.216664232141217
FABP5	RXRA	R-HSA-400206	REACTOME_REGULATION_OF_LIPID_METABOLISM_BY_PPARALPHA	9.41177628337855e-123	3.82745568857394e-122	12.4894381870585	1.31284069725308	1.92728480280641e-15	1	29	54	1.9284457960491e-05	1	0	5.44122530844092	-6.26133088253672
ADAM17	ERBB4	R-HSA-112314	REACTOME_NEUROTRANSMITTER_RECEPTORS_AND_POSTSYNAPTIC_SIGNAL_TRANSMISSION	1.71829848806112e-122	6.94565232222298e-122	1.00899671615371	4.88971725190951	2.97081867046999e-07	1	32	59	1.93381419583499e-05	1	0	-4.9528261704907	-6.13673360200089
CALM3	ABCA1	R-HSA-400206	REACTOME_REGULATION_OF_LIPID_METABOLISM_BY_PPARALPHA	4.24254680612115e-122	1.70464006401634e-121	1.16804541563908	2.21371617309256	6.02791909005451e-11	1	31	57	1.9284457960491e-05	1	0	2.64785868437011	-3.59190427093961
SLPI	CD4	R-HSA-162587	REACTOME_HIV_LIFE_CYCLE	6.78255459075548e-122	2.70898460142674e-121	10.995341921812	13.7536923591771	1.38507529863141e-18	1	54	99	0.00135858790312464	1	0	-5.96683562719533	0.216664232141217
SPP1	ITGA5	R-HSA-8878166	REACTOME_TRANSCRIPTIONAL_REGULATION_BY_RUNX2	6.95398017563851e-122	2.76101816441032e-121	2.07296362438893	2.42913888059818	5.22150353740892e-12	1	25	47	4.45210978210007e-06	1	0	-6.17078968245005	4.59678455148382
ADAM17	ITGA5	R-HSA-8878166	REACTOME_TRANSCRIPTIONAL_REGULATION_BY_RUNX2	7.48070480319357e-121	2.9526781899664e-120	1.00899671615371	2.42913888059818	5.61700286823159e-11	1	25	47	4.45210978210007e-06	1	0	-4.9528261704907	4.59678455148382
B2M	TFRC	R-HSA-8856825	REACTOME_CARGO_RECOGNITION_FOR_CLATHRIN_MEDIATED_ENDOCYTOSIS	3.16493124096257e-120	1.24191161560578e-119	2.87849346100954	1.10895246491767	2.15401207739961e-10	1	28	51	6.68743825037161e-06	1	0	5.12896695992452	6.57874248188595
CD22	PTPRC	R-HSA-373755	REACTOME_SEMAPHORIN_INTERACTIONS	3.55159439458243e-120	1.38553478997954e-119	14.5061964087817	17.6823975899757	2.19135252531216e-21	1	20	38	1.75928625363848e-06	1	0	7.47839422739353	-0.904287796653824
SHANK1	ABCA1	R-HSA-400206	REACTOME_REGULATION_OF_LIPID_METABOLISM_BY_PPARALPHA	4.41156701651437e-120	1.71107599311049e-119	1.11827598697196	2.21371617309256	6.26806733105077e-09	1	31	57	1.9284457960491e-05	1	0	6.12886000664917	-3.59190427093961
S100A9	TLR4	R-HSA-168138	REACTOME_TOLL_LIKE_RECEPTOR_9_TLR9_CASCADE	3.35918125915484e-119	1.29540840511086e-118	17.4391017476099	4.91616438947607	1.12381107270363e-13	1	39	72	0.000195253496252351	1	0	-0.709739665426797	5.57081769910517
ADAM28	ITGA4	R-HSA-8878159	REACTOME_TRANSCRIPTIONAL_REGULATION_BY_RUNX3	3.65310736881415e-119	1.4007057396996e-118	12.5193705113967	13.5966335684701	1.22796034969975e-28	1	30	56	0.00011468348531235	1	0	3.02032024836281	1.2094421227754
ABCA1	RXRA	R-HSA-400206	REACTOME_REGULATION_OF_LIPID_METABOLISM_BY_PPARALPHA	6.93103233984362e-118	2.64245607956538e-117	2.21371617309256	1.31284069725308	1.41929354185045e-10	1	29	54	1.9284457960491e-05	1	0	-3.59190427093961	-6.26133088253672
TGFB1	CXCR4	R-HSA-162587	REACTOME_HIV_LIFE_CYCLE	4.94119006205653e-117	1.873185611096e-116	2.30705163465044	2.81515252197528	1.00904758070442e-13	1	54	99	0.00135858790312464	1	0	5.68415120557093	-6.18026224855868
VASP	ROBO1	R-HSA-376176	REACTOME_SIGNALING_BY_ROBO_RECEPTORS	6.6595092185622e-117	2.51041049755912e-116	1.45145557841236	8.11982232774732	1.76326721749385e-19	1	52	95	0.00145834667994221	1	0	5.58210964653241	-4.77785368541503
SDCBP	EPHB6	R-HSA-2682334	REACTOME_EPH_EPHRIN_SIGNALING	1.16189186238836e-116	4.35547172995859e-116	2.02780545416296	9.24849359514262	3.71484558974939e-15	1	28	51	1.48685341766449e-05	1	0	5.80245059871255	-0.475028541587387
SEMA7A	PLXNC1	R-HSA-373755	REACTOME_SEMAPHORIN_INTERACTIONS	2.7660465165586e-116	1.03112067367268e-115	8.59093653028739	5.30412386943517	1.7066653299255e-17	1	20	38	1.75928625363848e-06	1	0	-1.95930962382855	4.94103978222577
TYROBP	TREM2	R-HSA-373755	REACTOME_SEMAPHORIN_INTERACTIONS	1.31811942001071e-115	4.88650901009495e-115	10.944778939954	16.2807834091155	8.804210604176e-29	1	19	36	4.19943864458778e-06	1	0	-1.44289795259782	5.6673025299191
ITGB2	ITGAL	R-HSA-8878159	REACTOME_TRANSCRIPTIONAL_REGULATION_BY_RUNX3	2.87213738710677e-115	1.05890339931244e-114	12.0804768072287	12.454693156539	5.08184654298843e-25	1	31	57	0.00011468348531235	1	0	5.29998149639834	1.41515271199705
ST6GAL1	CD22	R-HSA-983705	REACTOME_SIGNALING_BY_THE_B_CELL_RECEPTOR_BCR	4.76032302552592e-115	1.74545177602617e-114	3.24835114727836	14.5061964087817	1.32246281576818e-26	1	26	48	3.69897390655292e-05	1	0	-2.56555766709426	7.47839422739353
B2M	TYROBP	R-HSA-373755	REACTOME_SEMAPHORIN_INTERACTIONS	1.24307132885822e-114	4.53315685686883e-114	2.87849346100954	10.944778939954	2.69868007886523e-21	1	20	37	1.75928625363848e-06	1	0	5.12896695992452	-1.44289795259782
ICAM2	ITGB2	R-HSA-202733	REACTOME_CELL_SURFACE_INTERACTIONS_AT_THE_VASCULAR_WALL	2.12263463310057e-114	7.69885318275935e-114	5.31892854746127	12.0804768072287	3.3571516723766e-26	1	18	34	1.82288050853694e-06	1	0	6.40545110870083	5.29998149639834
MMP9	ITGB2	R-HSA-202733	REACTOME_CELL_SURFACE_INTERACTIONS_AT_THE_VASCULAR_WALL	6.7038715853056e-114	2.41843969555917e-113	13.7658897941133	12.0804768072287	1.06028203596829e-25	1	18	34	1.82288050853694e-06	1	0	4.82203949290452	5.29998149639834
ITGAM	ITGB2	R-HSA-202733	REACTOME_CELL_SURFACE_INTERACTIONS_AT_THE_VASCULAR_WALL	1.52884340014273e-113	5.48584984757097e-113	15.2376783139059	12.0804768072287	2.41801349019444e-25	1	18	34	1.82288050853694e-06	1	0	-3.84308910612519	5.29998149639834
UBC	ERBB4	R-HSA-2219528	REACTOME_PI3K_AKT_SIGNALING_IN_CANCER	1.75078111497543e-113	6.24879855398146e-113	3.52017670707888	4.88971725190951	4.0306700721696e-17	1	29	53	3.52602319790856e-05	1	0	-3.94473839238796	-6.13673360200089
ICAM3	ITGB2	R-HSA-202733	REACTOME_CELL_SURFACE_INTERACTIONS_AT_THE_VASCULAR_WALL	2.47937755136349e-113	8.80244622732752e-113	6.69809789588698	12.0804768072287	3.92137505118083e-25	1	18	34	1.82288050853694e-06	1	0	-5.34869632005948	5.29998149639834
TGFB1	ITGB5	R-HSA-170834	REACTOME_SIGNALING_BY_TGF_BETA_RECEPTOR_COMPLEX	2.58827114370278e-113	9.14068388118194e-113	2.30705163465044	1.00735704250141	3.65844717184401e-15	1	36	67	0.000216355245329812	1	0	5.68415120557093	2.9125904202318
ICAM2	ITGAL	R-HSA-8878159	REACTOME_TRANSCRIPTIONAL_REGULATION_BY_RUNX3	7.04918605502956e-113	2.47644180257845e-112	5.31892854746127	12.454693156539	1.247255160754e-22	1	31	57	0.00011468348531235	1	0	6.40545110870083	1.41515271199705
HBEGF	ERBB4	R-HSA-2219528	REACTOME_PI3K_AKT_SIGNALING_IN_CANCER	1.91403106161912e-112	6.68913980388766e-112	2.99986575373671	4.88971725190951	4.40650613105309e-16	1	29	53	3.52602319790856e-05	1	0	-3.89320695131248	-6.13673360200089
TGFB1	SDC2	R-HSA-9820952	REACTOME_RESPIRATORY_SYNCYTIAL_VIRUS_INFECTION_PATHWAY	5.297599741781e-112	1.84180799312697e-111	2.30705163465044	7.13201886453031	1.7650261287609e-23	1	23	42	9.73489964942774e-06	1	0	5.68415120557093	-0.341519614916448
ICAM3	ITGAL	R-HSA-8878159	REACTOME_TRANSCRIPTIONAL_REGULATION_BY_RUNX3	8.23391524272599e-112	2.84791604529337e-111	6.69809789588698	12.454693156539	1.45687646765594e-21	1	31	57	0.00011468348531235	1	0	-5.34869632005948	1.41515271199705
TLN1	ITGB5	R-HSA-170834	REACTOME_SIGNALING_BY_TGF_BETA_RECEPTOR_COMPLEX	1.58245875589322e-111	5.44528115489411e-111	1.7357699855989	1.00735704250141	2.23676015325624e-13	1	36	67	0.000216355245329812	1	0	4.40562580250577	2.9125904202318
B2M	TREM2	R-HSA-373755	REACTOME_SEMAPHORIN_INTERACTIONS	6.86440998863452e-110	2.35000974610906e-109	2.87849346100954	16.2807834091155	4.58499512986894e-23	1	19	36	4.19943864458778e-06	1	0	5.12896695992452	5.6673025299191
RPS19	C5AR1	R-HSA-375276	REACTOME_PEPTIDE_LIGAND_BINDING_RECEPTORS	1.59102024504761e-109	5.41916032704034e-109	7.11956176848905	14.2510379110322	1.44135112520279e-34	1	12	22	4.50859261849279e-08	1	0	3.46968437330769	5.7640327578343
SPP1	ITGA4	R-HSA-8878159	REACTOME_TRANSCRIPTIONAL_REGULATION_BY_RUNX3	1.65923885635265e-109	5.6229761243062e-109	2.07296362438893	13.5966335684701	5.57738746929744e-19	1	30	56	0.00011468348531235	1	0	-6.17078968245005	1.2094421227754
UBC	ERBB4	R-HSA-2219530	REACTOME_CONSTITUTIVE_SIGNALING_BY_ABERRANT_PI3K_IN_CANCER	2.03434630160445e-109	6.85952948932956e-109	3.52017670707888	4.88971725190951	4.0306700721696e-17	1	18	33	4.6211847248194e-07	1	0	-3.94473839238796	-6.13673360200089
C3	ITGB2	R-HSA-202733	REACTOME_CELL_SURFACE_INTERACTIONS_AT_THE_VASCULAR_WALL	2.16077722717383e-109	7.2494075971682e-109	4.65899964743801	12.0804768072287	3.41747786864468e-21	1	18	34	1.82288050853694e-06	1	0	-5.04778764026622	5.29998149639834
TGFB1	ITGB5	R-HSA-397014	REACTOME_MUSCLE_CONTRACTION	1.29554249516183e-108	4.32492046892331e-108	2.30705163465044	1.00735704250141	3.65844717184401e-15	1	14	26	1.86938922784299e-08	1	0	5.68415120557093	2.9125904202318
TGFB1	SDC2	R-HSA-3781865	REACTOME_DISEASES_OF_GLYCOSYLATION	1.63391133456221e-108	5.40076111079431e-108	2.30705163465044	7.13201886453031	1.7650261287609e-23	1	13	24	2.38709924656422e-08	1	0	5.68415120557093	-0.341519614916448
TGFB1	SDC2	R-HSA-5668914	REACTOME_DISEASES_OF_METABOLISM	1.63391133456221e-108	5.40076111079431e-108	2.30705163465044	7.13201886453031	1.7650261287609e-23	1	13	24	2.38709924656422e-08	1	0	5.68415120557093	-0.341519614916448
ITGB2	ITGAM	R-HSA-202733	REACTOME_CELL_SURFACE_INTERACTIONS_AT_THE_VASCULAR_WALL	2.16028264417039e-108	7.10563555999182e-108	12.0804768072287	15.2376783139059	2.41801349019444e-25	1	17	32	1.82288050853694e-06	1	0	5.29998149639834	-3.84308910612519
HBEGF	ERBB4	R-HSA-2219530	REACTOME_CONSTITUTIVE_SIGNALING_BY_ABERRANT_PI3K_IN_CANCER	2.22403701870838e-108	7.27965287586986e-108	2.99986575373671	4.88971725190951	4.40650613105309e-16	1	18	33	4.6211847248194e-07	1	0	-3.89320695131248	-6.13673360200089
ADAM15	ITGA5	R-HSA-373760	REACTOME_L1CAM_INTERACTIONS	7.30984871284944e-108	2.3810235370495e-107	1.35477312575793	2.42913888059818	4.2440668369718e-14	1	25	46	1.41834036058574e-05	1	0	-0.800247206289881	4.59678455148382
ITGB2	ITGAL	R-HSA-202733	REACTOME_CELL_SURFACE_INTERACTIONS_AT_THE_VASCULAR_WALL	8.81328221058002e-108	2.85686587598995e-107	12.0804768072287	12.454693156539	5.08184654298843e-25	1	18	33	1.82288050853694e-06	1	0	5.29998149639834	1.41515271199705
SPP1	ITGB5	R-HSA-170834	REACTOME_SIGNALING_BY_TGF_BETA_RECEPTOR_COMPLEX	1.29750235230515e-107	4.18569268459979e-107	2.07296362438893	1.00735704250141	1.83398243371863e-09	1	36	67	0.000216355245329812	1	0	-6.17078968245005	2.9125904202318
NRG1	ERBB4	R-HSA-2219528	REACTOME_PI3K_AKT_SIGNALING_IN_CANCER	3.11657357581251e-107	1.00058414802402e-106	9.11083190183876	4.88971725190951	7.17501447342168e-11	1	29	53	3.52602319790856e-05	1	0	1.77777902773622	-6.13673360200089
TLN1	ITGB5	R-HSA-397014	REACTOME_MUSCLE_CONTRACTION	7.92089565302517e-107	2.53091475389518e-106	1.7357699855989	1.00735704250141	2.23676015325624e-13	1	14	26	1.86938922784299e-08	1	0	4.40562580250577	2.9125904202318
ADAM28	ITGA4	R-HSA-202733	REACTOME_CELL_SURFACE_INTERACTIONS_AT_THE_VASCULAR_WALL	3.00917919557789e-106	9.56947507219318e-106	12.5193705113967	13.5966335684701	1.22796034969975e-28	1	17	31	1.82288050853694e-06	1	0	3.02032024836281	1.2094421227754
ICAM2	ITGAM	R-HSA-202733	REACTOME_CELL_SURFACE_INTERACTIONS_AT_THE_VASCULAR_WALL	5.30205635655485e-106	1.6781508562492e-105	5.31892854746127	15.2376783139059	5.93461407955913e-23	1	17	32	1.82288050853694e-06	1	0	6.40545110870083	-3.84308910612519
ICAM5	ITGB2	R-HSA-202733	REACTOME_CELL_SURFACE_INTERACTIONS_AT_THE_VASCULAR_WALL	5.37843854624073e-106	1.6943343964918e-105	2.4805621658084	12.0804768072287	8.50652000052964e-18	1	18	34	1.82288050853694e-06	1	0	5.71522648707572	5.29998149639834
C5	C5AR1	R-HSA-375276	REACTOME_PEPTIDE_LIGAND_BINDING_RECEPTORS	6.23906954439605e-106	1.95626900200455e-105	8.45872682951383	14.2510379110322	5.65215303578025e-31	1	12	22	4.50859261849279e-08	1	0	5.5229420931512	5.7640327578343
SPP1	ITGA5	R-HSA-373760	REACTOME_L1CAM_INTERACTIONS	8.99335528356124e-106	2.80676343966027e-105	2.07296362438893	2.42913888059818	5.22150353740892e-12	1	25	46	1.41834036058574e-05	1	0	-6.17078968245005	4.59678455148382
MMP9	ITGAM	R-HSA-202733	REACTOME_CELL_SURFACE_INTERACTIONS_AT_THE_VASCULAR_WALL	1.67453712467119e-105	5.20191856784429e-105	13.7658897941133	15.2376783139059	1.87431647808349e-22	1	17	32	1.82288050853694e-06	1	0	4.82203949290452	-3.84308910612519
GNAS	ADCY1	R-HSA-442755	REACTOME_ACTIVATION_OF_NMDA_RECEPTORS_AND_POSTSYNAPTIC_EVENTS	2.03962009567834e-105	6.30684370599155e-105	3.76398475898122	10.1934443850419	6.03963968638949e-23	1	22	41	2.01807664906899e-05	1	0	1.25850542455686	-1.48387045560435
CALM3	INSR	R-HSA-199418	REACTOME_NEGATIVE_REGULATION_OF_THE_PI3K_AKT_NETWORK	2.07645480144647e-105	6.39128977876413e-105	1.16804541563908	1.0907914649562	3.58123417651712e-10	1	27	50	2.78581153407365e-05	1	0	2.64785868437011	6.67262334454679
ICAM2	ITGAL	R-HSA-202733	REACTOME_CELL_SURFACE_INTERACTIONS_AT_THE_VASCULAR_WALL	2.16307431311437e-105	6.6275016625559e-105	5.31892854746127	12.454693156539	1.247255160754e-22	1	18	33	1.82288050853694e-06	1	0	6.40545110870083	1.41515271199705
MMP7	ERBB4	R-HSA-2219528	REACTOME_PI3K_AKT_SIGNALING_IN_CANCER	6.15033191986655e-105	1.8758512355593e-104	3.74261492306019	4.88971725190951	1.41593706896155e-08	1	29	53	3.52602319790856e-05	1	0	4.66496561898362	-6.13673360200089
UBC	TLR4	R-HSA-9820952	REACTOME_RESPIRATORY_SYNCYTIAL_VIRUS_INFECTION_PATHWAY	8.12314828704444e-105	2.46634954778589e-104	3.52017670707888	4.91616438947607	3.60665486583381e-22	1	22	41	1.97761414046261e-05	1	0	-3.94473839238796	5.57081769910517
ADAM17	ITGA5	R-HSA-373760	REACTOME_L1CAM_INTERACTIONS	9.67455102938735e-105	2.92415483816167e-104	1.00899671615371	2.42913888059818	5.61700286823159e-11	1	25	46	1.41834036058574e-05	1	0	-4.9528261704907	4.59678455148382
ICAM5	ITGAL	R-HSA-8878159	REACTOME_TRANSCRIPTIONAL_REGULATION_BY_RUNX3	1.78615826797345e-104	5.37449416058378e-104	2.4805621658084	12.454693156539	3.16035794808364e-14	1	31	57	0.00011468348531235	1	0	5.71522648707572	1.41515271199705
TGFB1	SDC2	R-HSA-196854	REACTOME_METABOLISM_OF_VITAMINS_AND_COFACTORS	2.21012426943127e-104	6.62050618209098e-104	2.30705163465044	7.13201886453031	1.7650261287609e-23	1	15	29	1.20374945623239e-06	1	0	5.68415120557093	-0.341519614916448
ICAM3	ITGAL	R-HSA-202733	REACTOME_CELL_SURFACE_INTERACTIONS_AT_THE_VASCULAR_WALL	2.52661377056344e-104	7.53492373354698e-104	6.69809789588698	12.454693156539	1.45687646765594e-21	1	18	33	1.82288050853694e-06	1	0	-5.34869632005948	1.41515271199705
ADAM17	ERBB4	R-HSA-2219528	REACTOME_PI3K_AKT_SIGNALING_IN_CANCER	1.29041899514132e-103	3.83128825548595e-103	1.00899671615371	4.88971725190951	2.97081867046999e-07	1	29	53	3.52602319790856e-05	1	0	-4.9528261704907	-6.13673360200089
NRG1	ERBB4	R-HSA-2219530	REACTOME_CONSTITUTIVE_SIGNALING_BY_ABERRANT_PI3K_IN_CANCER	3.62134927855975e-103	1.07045170304564e-102	9.11083190183876	4.88971725190951	7.17501447342168e-11	1	18	33	4.6211847248194e-07	1	0	1.77777902773622	-6.13673360200089
NAMPT	INSR	R-HSA-199418	REACTOME_NEGATIVE_REGULATION_OF_THE_PI3K_AKT_NETWORK	5.93394675452524e-103	1.74635011942387e-102	1.99261120207834	1.0907914649562	1.02341996099001e-07	1	27	50	2.78581153407365e-05	1	0	7.20391528672853	6.67262334454679
SPP1	ITGB5	R-HSA-397014	REACTOME_MUSCLE_CONTRACTION	6.49456467910453e-103	1.90299253261098e-102	2.07296362438893	1.00735704250141	1.83398243371863e-09	1	14	26	1.86938922784299e-08	1	0	-6.17078968245005	2.9125904202318
CALM3	MYLK	R-HSA-397014	REACTOME_MUSCLE_CONTRACTION	1.93416031767661e-102	5.64270249200437e-102	1.16804541563908	4.71354488496319	1.46234047183085e-10	1	14	27	8.23481016026921e-08	1	0	2.64785868437011	1.20534079538768
TGFB1	SDC2	R-HSA-202733	REACTOME_CELL_SURFACE_INTERACTIONS_AT_THE_VASCULAR_WALL	4.32528616059738e-101	1.25639264664972e-100	2.30705163465044	7.13201886453031	1.7650261287609e-23	1	17	31	1.82288050853694e-06	1	0	5.68415120557093	-0.341519614916448
C3	ITGAM	R-HSA-202733	REACTOME_CELL_SURFACE_INTERACTIONS_AT_THE_VASCULAR_WALL	5.39733143602824e-101	1.56103853171334e-100	4.65899964743801	15.2376783139059	6.04125587852358e-18	1	17	32	1.82288050853694e-06	1	0	-5.04778764026622	-3.84308910612519
MMP7	ERBB4	R-HSA-2219530	REACTOME_CONSTITUTIVE_SIGNALING_BY_ABERRANT_PI3K_IN_CANCER	7.14647015997534e-101	2.05806071988989e-100	3.74261492306019	4.88971725190951	1.41593706896155e-08	1	18	33	4.6211847248194e-07	1	0	4.66496561898362	-6.13673360200089
GNAS	ADCY1	R-HSA-5358351	REACTOME_SIGNALING_BY_HEDGEHOG	8.91777164870373e-100	2.55719007533342e-99	3.76398475898122	10.1934443850419	6.03963968638949e-23	1	23	43	5.87408508577458e-05	1	0	1.25850542455686	-1.48387045560435
ADAM17	ERBB4	R-HSA-2219530	REACTOME_CONSTITUTIVE_SIGNALING_BY_ABERRANT_PI3K_IN_CANCER	1.49942165118836e-99	4.28132735296762e-99	1.00899671615371	4.88971725190951	2.97081867046999e-07	1	18	33	4.6211847248194e-07	1	0	-4.9528261704907	-6.13673360200089
GNAS	ADCY9	R-HSA-5358351	REACTOME_SIGNALING_BY_HEDGEHOG	2.83980499705779e-98	8.07419132638042e-98	3.76398475898122	1.99678523810775	5.30234632318127e-16	1	23	43	3.23490043863709e-05	1	0	1.25850542455686	7.1741432008062
TGFB1	CXCR4	R-HSA-375276	REACTOME_PEPTIDE_LIGAND_BINDING_RECEPTORS	9.4183381873683e-98	2.66654216190892e-97	2.30705163465044	2.81515252197528	1.00904758070442e-13	1	12	23	3.06611484584504e-08	1	0	5.68415120557093	-6.18026224855868
ADAM15	ITGA5	R-HSA-202733	REACTOME_CELL_SURFACE_INTERACTIONS_AT_THE_VASCULAR_WALL	3.79170090067283e-97	1.06900474972751e-96	1.35477312575793	2.42913888059818	4.2440668369718e-14	1	17	32	1.82288050853694e-06	1	0	-0.800247206289881	4.59678455148382
ICAM5	ITGAL	R-HSA-202733	REACTOME_CELL_SURFACE_INTERACTIONS_AT_THE_VASCULAR_WALL	5.48090664432607e-97	1.53878173989238e-96	2.4805621658084	12.454693156539	3.16035794808364e-14	1	18	33	1.82288050853694e-06	1	0	5.71522648707572	1.41515271199705
SPP1	ITGA4	R-HSA-202733	REACTOME_CELL_SURFACE_INTERACTIONS_AT_THE_VASCULAR_WALL	1.36676712260215e-96	3.82125308027519e-96	2.07296362438893	13.5966335684701	5.57738746929744e-19	1	17	31	1.82288050853694e-06	1	0	-6.17078968245005	1.2094421227754
S100A9	TLR4	R-HSA-9820952	REACTOME_RESPIRATORY_SYNCYTIAL_VIRUS_INFECTION_PATHWAY	2.53112214220243e-96	7.04723218845572e-96	17.4391017476099	4.91616438947607	1.12381107270363e-13	1	22	41	1.97761414046261e-05	1	0	-0.709739665426797	5.57081769910517
TGFB1	SDC2	R-HSA-1638091	REACTOME_HEPARAN_SULFATE_HEPARIN_HS_GAG_METABOLISM	5.82012371767941e-96	1.61376157626565e-95	2.30705163465044	7.13201886453031	1.7650261287609e-23	1	9	18	1.9396008539395e-08	1	0	5.68415120557093	-0.341519614916448
UBC	ERBB4	R-HSA-199418	REACTOME_NEGATIVE_REGULATION_OF_THE_PI3K_AKT_NETWORK	6.91487931568896e-96	1.90941729252152e-95	3.52017670707888	4.88971725190951	4.0306700721696e-17	1	26	48	9.74760572910883e-05	1	0	-3.94473839238796	-6.13673360200089
C5	C5AR2	R-HSA-375276	REACTOME_PEPTIDE_LIGAND_BINDING_RECEPTORS	9.78677178618018e-96	2.69136224119955e-95	8.45872682951383	6.68128645621753	6.1618600992621e-19	1	12	22	3.06611484584504e-08	1	0	5.5229420931512	7.36681348270739
UBC	ERBB4	R-HSA-442755	REACTOME_ACTIVATION_OF_NMDA_RECEPTORS_AND_POSTSYNAPTIC_EVENTS	1.7273965678552e-95	4.73095141645239e-95	3.52017670707888	4.88971725190951	4.0306700721696e-17	1	21	39	2.01807664906899e-05	1	0	-3.94473839238796	-6.13673360200089
SPP1	ITGA5	R-HSA-202733	REACTOME_CELL_SURFACE_INTERACTIONS_AT_THE_VASCULAR_WALL	4.66495473002168e-95	1.27243277392055e-94	2.07296362438893	2.42913888059818	5.22150353740892e-12	1	17	32	1.82288050853694e-06	1	0	-6.17078968245005	4.59678455148382
HBEGF	ERBB4	R-HSA-199418	REACTOME_NEGATIVE_REGULATION_OF_THE_PI3K_AKT_NETWORK	7.55965076637348e-95	2.05365411507555e-94	2.99986575373671	4.88971725190951	4.40650613105309e-16	1	26	48	9.74760572910883e-05	1	0	-3.89320695131248	-6.13673360200089
HBEGF	ERBB4	R-HSA-442755	REACTOME_ACTIVATION_OF_NMDA_RECEPTORS_AND_POSTSYNAPTIC_EVENTS	1.88846604428647e-94	5.10951901498476e-94	2.99986575373671	4.88971725190951	4.40650613105309e-16	1	21	39	2.01807664906899e-05	1	0	-3.89320695131248	-6.13673360200089
ADAM17	ITGA5	R-HSA-202733	REACTOME_CELL_SURFACE_INTERACTIONS_AT_THE_VASCULAR_WALL	5.01829863964913e-94	1.35232063743155e-93	1.00899671615371	2.42913888059818	5.61700286823159e-11	1	17	32	1.82288050853694e-06	1	0	-4.9528261704907	4.59678455148382
TGFB1	CXCR4	R-HSA-376176	REACTOME_SIGNALING_BY_ROBO_RECEPTORS	6.10271364727604e-94	1.63796834292889e-93	2.30705163465044	2.81515252197528	1.00904758070442e-13	1	46	85	0.0024220744144733	1	0	5.68415120557093	-6.18026224855868
PNOC	OPRL1	R-HSA-375276	REACTOME_PEPTIDE_LIGAND_BINDING_RECEPTORS	6.0782582609671e-93	1.62490489765296e-92	15.0117692134331	5.28602411551717	3.82693883841769e-16	1	12	22	3.06611484584504e-08	1	0	-5.20738375864295	-6.01471403999041
C3	C3AR1	R-HSA-375276	REACTOME_PEPTIDE_LIGAND_BINDING_RECEPTORS	7.68486462184976e-93	2.04624768304015e-92	4.65899964743801	3.99020458394895	4.83847602827255e-16	1	12	22	3.06611484584504e-08	1	0	-5.04778764026622	5.70723390651413
C3	C5AR2	R-HSA-375276	REACTOME_PEPTIDE_LIGAND_BINDING_RECEPTORS	1.59723439584434e-92	4.23614339767412e-92	4.65899964743801	6.68128645621753	1.00563649668627e-15	1	12	22	3.06611484584504e-08	1	0	-5.04778764026622	7.36681348270739
TGFB1	ITGB5	R-HSA-3000171	REACTOME_NON_INTEGRIN_MEMBRANE_ECM_INTERACTIONS	2.77614185028839e-92	7.3338235493839e-92	2.30705163465044	1.00735704250141	3.65844717184401e-15	1	8	15	7.65507454005027e-11	1	0	5.68415120557093	2.9125904202318
CXCL13	CXCR5	R-HSA-375276	REACTOME_PEPTIDE_LIGAND_BINDING_RECEPTORS	7.69130060087515e-92	2.02386772674009e-91	15.7382632027543	8.67287924537401	2.75246593824622e-12	1	12	22	1.72252568203632e-08	1	0	7.37550173644415	7.02320411232455
TGFB1	SDC2	R-HSA-3000171	REACTOME_NON_INTEGRIN_MEMBRANE_ECM_INTERACTIONS	4.31041989929605e-91	1.12980146579205e-90	2.30705163465044	7.13201886453031	1.7650261287609e-23	1	7	14	1.29950109625282e-09	1	0	5.68415120557093	-0.341519614916448
TGFB1	ITGB5	R-HSA-3000178	REACTOME_ECM_PROTEOGLYCANS	4.42295538756147e-91	1.15478718484582e-90	2.30705163465044	1.00735704250141	3.65844717184401e-15	1	8	16	1.29950109625282e-09	1	0	5.68415120557093	2.9125904202318
TLN1	ITGB5	R-HSA-3000171	REACTOME_NON_INTEGRIN_MEMBRANE_ECM_INTERACTIONS	1.69732216397763e-90	4.41435337995733e-90	1.7357699855989	1.00735704250141	2.23676015325624e-13	1	8	15	7.65507454005027e-11	1	0	4.40562580250577	2.9125904202318
NRG1	ERBB4	R-HSA-199418	REACTOME_NEGATIVE_REGULATION_OF_THE_PI3K_AKT_NETWORK	1.23092087131127e-89	3.18898804884116e-89	9.11083190183876	4.88971725190951	7.17501447342168e-11	1	26	48	9.74760572910883e-05	1	0	1.77777902773622	-6.13673360200089
SLPI	CD4	R-HSA-162909	REACTOME_HOST_INTERACTIONS_OF_HIV_FACTORS	2.32235653395984e-89	5.99346628571943e-89	10.995341921812	13.7536923591771	1.38507529863141e-18	1	30	55	0.000478576607908509	1	0	-5.96683562719533	0.216664232141217
TLN1	ITGB5	R-HSA-3000178	REACTOME_ECM_PROTEOGLYCANS	2.70417745721909e-89	6.95211905668204e-89	1.7357699855989	1.00735704250141	2.23676015325624e-13	1	8	16	1.29950109625282e-09	1	0	4.40562580250577	2.9125904202318
NRG1	ERBB4	R-HSA-442755	REACTOME_ACTIVATION_OF_NMDA_RECEPTORS_AND_POSTSYNAPTIC_EVENTS	3.07494663512078e-89	7.87514958842003e-89	9.11083190183876	4.88971725190951	7.17501447342168e-11	1	21	39	2.01807664906899e-05	1	0	1.77777902773622	-6.13673360200089
SDCBP	EPHB6	R-HSA-3928662	REACTOME_EPHB_MEDIATED_FORWARD_SIGNALING	1.25241115073437e-87	3.19531514122723e-87	2.02780545416296	9.24849359514262	3.71484558974939e-15	1	16	30	4.19254816662867e-06	1	0	5.80245059871255	-0.475028541587387
MMP7	ERBB4	R-HSA-199418	REACTOME_NEGATIVE_REGULATION_OF_THE_PI3K_AKT_NETWORK	2.42913306600886e-87	6.17404654277251e-87	3.74261492306019	4.88971725190951	1.41593706896155e-08	1	26	48	9.74760572910883e-05	1	0	4.66496561898362	-6.13673360200089
GNAS	ADCY1	R-HSA-163685	REACTOME_INTEGRATION_OF_ENERGY_METABOLISM	2.52710703403861e-87	6.39882573524494e-87	3.76398475898122	10.1934443850419	6.03963968638949e-23	1	19	36	7.41718957213929e-05	1	0	1.25850542455686	-1.48387045560435
TGFB1	ITGB5	R-HSA-445355	REACTOME_SMOOTH_MUSCLE_CONTRACTION	3.52283768673061e-87	8.8865567210385e-87	2.30705163465044	1.00735704250141	3.65844717184401e-15	1	11	20	1.86938922784299e-08	1	0	5.68415120557093	2.9125904202318
MMP7	ERBB4	R-HSA-442755	REACTOME_ACTIVATION_OF_NMDA_RECEPTORS_AND_POSTSYNAPTIC_EVENTS	6.06818417143871e-87	1.52500059139902e-86	3.74261492306019	4.88971725190951	1.41593706896155e-08	1	21	39	2.01807664906899e-05	1	0	4.66496561898362	-6.13673360200089
SPP1	ITGB5	R-HSA-3000171	REACTOME_NON_INTEGRIN_MEMBRANE_ECM_INTERACTIONS	1.39168208471732e-86	3.48439805539298e-86	2.07296362438893	1.00735704250141	1.83398243371863e-09	1	8	15	7.65507454005027e-11	1	0	-6.17078968245005	2.9125904202318
ST6GAL1	CD22	R-HSA-983695	REACTOME_ANTIGEN_ACTIVATES_B_CELL_RECEPTOR_BCR_LEADING_TO_GENERATION_OF_SECOND_MESSENGERS	2.70547852678582e-86	6.74861000547691e-86	3.24835114727836	14.5061964087817	1.32246281576818e-26	1	7	13	1.02543042385966e-09	1	0	-2.56555766709426	7.47839422739353
ADAM17	ERBB4	R-HSA-199418	REACTOME_NEGATIVE_REGULATION_OF_THE_PI3K_AKT_NETWORK	5.09663460597703e-86	1.26660808170762e-85	1.00899671615371	4.88971725190951	2.97081867046999e-07	1	26	48	9.74760572910883e-05	1	0	-4.9528261704907	-6.13673360200089
PTDSS1	JMJD6	R-HSA-3247509	REACTOME_CHROMATIN_MODIFYING_ENZYMES	1.10348736619204e-85	2.7322510063279e-85	2.11437942993017	1.73266195774248	6.11317106221284e-20	1	35	65	0.00191579016704726	1	0	4.28256180518807	-3.31105193310803
ADAM17	ERBB4	R-HSA-442755	REACTOME_ACTIVATION_OF_NMDA_RECEPTORS_AND_POSTSYNAPTIC_EVENTS	1.27318333756047e-85	3.14083095405543e-85	1.00899671615371	4.88971725190951	2.97081867046999e-07	1	21	39	2.01807664906899e-05	1	0	-4.9528261704907	-6.13673360200089
TLN1	ITGB5	R-HSA-445355	REACTOME_SMOOTH_MUSCLE_CONTRACTION	2.15384904959464e-85	5.29389271896705e-85	1.7357699855989	1.00735704250141	2.23676015325624e-13	1	11	20	1.86938922784299e-08	1	0	4.40562580250577	2.9125904202318
SPP1	ITGB5	R-HSA-3000178	REACTOME_ECM_PROTEOGLYCANS	2.21723100126667e-85	5.42978832791948e-85	2.07296362438893	1.00735704250141	1.83398243371863e-09	1	8	16	1.29950109625282e-09	1	0	-6.17078968245005	2.9125904202318
UBC	ERBB4	R-HSA-9018519	REACTOME_ESTROGEN_DEPENDENT_GENE_EXPRESSION	9.40027717973338e-85	2.29366763185494e-84	3.52017670707888	4.88971725190951	4.0306700721696e-17	1	34	62	0.00115098734173472	1	0	-3.94473839238796	-6.13673360200089
HBEGF	ERBB4	R-HSA-9018519	REACTOME_ESTROGEN_DEPENDENT_GENE_EXPRESSION	1.02767972283569e-83	2.49845323921285e-83	2.99986575373671	4.88971725190951	4.40650613105309e-16	1	34	62	0.00115098734173472	1	0	-3.89320695131248	-6.13673360200089
CALM3	MYLK	R-HSA-445355	REACTOME_SMOOTH_MUSCLE_CONTRACTION	6.09063871442423e-83	1.47538576800674e-82	1.16804541563908	4.71354488496319	1.46234047183085e-10	1	11	21	8.23481016026921e-08	1	0	2.64785868437011	1.20534079538768
GNAS	ADCY1	R-HSA-111885	REACTOME_OPIOID_SIGNALLING	1.02431407437096e-81	2.47235519389537e-81	3.76398475898122	10.1934443850419	6.03963968638949e-23	1	17	32	6.0003989177066e-05	1	0	1.25850542455686	-1.48387045560435
FABP5	RXRA	R-HSA-1592230	REACTOME_MITOCHONDRIAL_BIOGENESIS	1.21508221827181e-81	2.92229451061069e-81	12.4894381870585	1.31284069725308	1.92728480280641e-15	1	22	41	0.000131383864295853	1	0	5.44122530844092	-6.26133088253672
SPP1	ITGB5	R-HSA-445355	REACTOME_SMOOTH_MUSCLE_CONTRACTION	1.76600129257829e-81	4.23209595471441e-81	2.07296362438893	1.00735704250141	1.83398243371863e-09	1	11	20	1.86938922784299e-08	1	0	-6.17078968245005	2.9125904202318
GNAS	ADCY9	R-HSA-163685	REACTOME_INTEGRATION_OF_ENERGY_METABOLISM	2.21860862336151e-80	5.29781632126539e-80	3.76398475898122	1.99678523810775	5.30234632318127e-16	1	19	36	7.41718957213929e-05	1	0	1.25850542455686	7.1741432008062
ADAM28	ITGA4	R-HSA-216083	REACTOME_INTEGRIN_CELL_SURFACE_INTERACTIONS	4.96733513249867e-80	1.18194392691724e-79	12.5193705113967	13.5966335684701	1.22796034969975e-28	1	4	9	1.29950109625282e-09	1	0	3.02032024836281	1.2094421227754
FABP5	RXRA	R-HSA-9843745	REACTOME_ADIPOGENESIS	3.94395476025352e-79	9.35121429021242e-79	12.4894381870585	1.31284069725308	1.92728480280641e-15	1	21	39	0.000119552386384684	1	0	5.44122530844092	-6.26133088253672
NRG1	ERBB4	R-HSA-9018519	REACTOME_ESTROGEN_DEPENDENT_GENE_EXPRESSION	1.67334769681254e-78	3.95357853718738e-78	9.11083190183876	4.88971725190951	7.17501447342168e-11	1	34	62	0.00115098734173472	1	0	1.77777902773622	-6.13673360200089
GNAS	ADCY1	R-HSA-9662851	REACTOME_ANTI_INFLAMMATORY_RESPONSE_FAVOURING_LEISHMANIA_PARASITE_INFECTION	8.53541326385379e-78	2.00956571931435e-77	3.76398475898122	10.1934443850419	6.03963968638949e-23	1	17	31	6.0003989177066e-05	1	0	1.25850542455686	-1.48387045560435
FABP5	RXRA	R-HSA-400253	REACTOME_CIRCADIAN_CLOCK	2.14849455146174e-77	5.04069875535255e-77	12.4894381870585	1.31284069725308	1.92728480280641e-15	1	23	43	0.000300274619388671	1	0	5.44122530844092	-6.26133088253672
FABP5	RXRA	R-HSA-1655829	REACTOME_REGULATION_OF_CHOLESTEROL_BIOSYNTHESIS_BY_SREBP_SREBF	7.74411745703227e-77	1.81055847166155e-76	12.4894381870585	1.31284069725308	1.92728480280641e-15	1	19	35	6.61382082975534e-05	1	0	5.44122530844092	-6.26133088253672
TGFB1	SDC2	R-HSA-1793185	REACTOME_CHONDROITIN_SULFATE_DERMATAN_SULFATE_METABOLISM	8.41161253689524e-77	1.93958488393701e-76	2.30705163465044	7.13201886453031	1.7650261287609e-23	1	6	12	9.30006821950046e-09	1	0	5.68415120557093	-0.341519614916448
TGFB1	SDC2	R-HSA-1971475	REACTOME_A_TETRASACCHARIDE_LINKER_SEQUENCE_IS_REQUIRED_FOR_GAG_SYNTHESIS	8.41161253689524e-77	1.93958488393701e-76	2.30705163465044	7.13201886453031	1.7650261287609e-23	1	6	12	9.30006821950046e-09	1	0	5.68415120557093	-0.341519614916448
TGFB1	SDC2	R-HSA-3560782	REACTOME_DISEASES_ASSOCIATED_WITH_GLYCOSAMINOGLYCAN_METABOLISM	8.41161253689524e-77	1.93958488393701e-76	2.30705163465044	7.13201886453031	1.7650261287609e-23	1	6	12	9.30006821950046e-09	1	0	5.68415120557093	-0.341519614916448
TGFB1	SDC2	R-HSA-3560783	REACTOME_DEFECTIVE_B4GALT7_CAUSES_EDS_PROGEROID_TYPE	8.41161253689524e-77	1.93958488393701e-76	2.30705163465044	7.13201886453031	1.7650261287609e-23	1	6	12	9.30006821950046e-09	1	0	5.68415120557093	-0.341519614916448
ABCA1	RXRA	R-HSA-1592230	REACTOME_MITOCHONDRIAL_BIOGENESIS	8.94812402764385e-77	2.05622987073597e-76	2.21371617309256	1.31284069725308	1.41929354185045e-10	1	22	41	0.000131383864295853	1	0	-3.59190427093961	-6.26133088253672
GNAS	ADCY9	R-HSA-112040	REACTOME_G_PROTEIN_MEDIATED_EVENTS	1.89814131023488e-76	4.34693794937749e-76	3.76398475898122	1.99678523810775	5.30234632318127e-16	1	13	25	6.81839138676204e-06	1	0	1.25850542455686	7.1741432008062
MMP7	ERBB4	R-HSA-9018519	REACTOME_ESTROGEN_DEPENDENT_GENE_EXPRESSION	3.30223031877509e-76	7.53672293842886e-76	3.74261492306019	4.88971725190951	1.41593706896155e-08	1	34	62	0.00115098734173472	1	0	4.66496561898362	-6.13673360200089
CALM3	PDE1B	R-HSA-111885	REACTOME_OPIOID_SIGNALLING	4.05290495334269e-76	9.21864143624728e-76	1.16804541563908	6.3433165550445	2.38970509278663e-17	1	17	32	6.0003989177066e-05	1	0	2.64785868437011	2.83657575404197
FABP5	RXRA	R-HSA-9839373	REACTOME_SIGNALING_BY_TGFBR3	7.71934818875692e-76	1.74989278197834e-75	12.4894381870585	1.31284069725308	1.92728480280641e-15	1	14	26	6.52045245592537e-06	1	0	5.44122530844092	-6.26133088253672
ADAM17	ERBB4	R-HSA-9018519	REACTOME_ESTROGEN_DEPENDENT_GENE_EXPRESSION	6.92850529890004e-75	1.56532897493668e-74	1.00899671615371	4.88971725190951	2.97081867046999e-07	1	34	62	0.00115098734173472	1	0	-4.9528261704907	-6.13673360200089
GNAS	ADCY9	R-HSA-111885	REACTOME_OPIOID_SIGNALLING	8.99270196244191e-75	2.02486678416058e-74	3.76398475898122	1.99678523810775	5.30234632318127e-16	1	17	32	6.0003989177066e-05	1	0	1.25850542455686	7.1741432008062
CD22	PTPRC	R-HSA-202403	REACTOME_TCR_SIGNALING	1.43319327538546e-74	3.21629661466103e-74	14.5061964087817	17.6823975899757	2.19135252531216e-21	1	20	38	0.000442413018536096	1	0	7.47839422739353	-0.904287796653824
TGFB1	ITGB5	R-HSA-216083	REACTOME_INTEGRIN_CELL_SURFACE_INTERACTIONS	1.81325314477614e-74	4.0556428671493e-74	2.30705163465044	1.00735704250141	3.65844717184401e-15	1	6	12	1.29950109625282e-09	1	0	5.68415120557093	2.9125904202318
FABP5	RXRA	R-HSA-9616222	REACTOME_TRANSCRIPTIONAL_REGULATION_OF_GRANULOPOIESIS	2.53524596583446e-74	5.65166127267417e-74	12.4894381870585	1.31284069725308	1.92728480280641e-15	1	12	22	1.30470204128268e-06	1	0	5.44122530844092	-6.26133088253672
ABCA1	RXRA	R-HSA-9843745	REACTOME_ADIPOGENESIS	2.90441221371495e-74	6.45318077947924e-74	2.21371617309256	1.31284069725308	1.41929354185045e-10	1	21	39	0.000119552386384684	1	0	-3.59190427093961	-6.26133088253672
TGFB1	SDC2	R-HSA-2022928	REACTOME_HS_GAG_BIOSYNTHESIS	3.46331043166774e-74	7.64434638042452e-74	2.30705163465044	7.13201886453031	1.7650261287609e-23	1	5	10	1.45128769918775e-09	1	0	5.68415120557093	-0.341519614916448
TGFB1	SDC2	R-HSA-9820960	REACTOME_RESPIRATORY_SYNCYTIAL_VIRUS_RSV_ATTACHMENT_AND_ENTRY	3.46331043166774e-74	7.64434638042452e-74	2.30705163465044	7.13201886453031	1.7650261287609e-23	1	5	10	1.45128769918775e-09	1	0	5.68415120557093	-0.341519614916448
TGFB1	SDC2	R-HSA-2682334	REACTOME_EPH_EPHRIN_SIGNALING	4.79035039411685e-74	1.05387708670571e-73	2.30705163465044	7.13201886453031	1.7650261287609e-23	1	4	8	3.44417547171676e-11	1	0	5.68415120557093	-0.341519614916448
CALM3	PLPP6	R-HSA-191273	REACTOME_CHOLESTEROL_BIOSYNTHESIS	5.8288800527815e-73	1.27816291353477e-72	1.16804541563908	1.75440659521423	1.98132209074625e-15	1	12	22	1.73060679808754e-06	1	0	2.64785868437011	0.367439002946461
TLN1	ITGB5	R-HSA-216083	REACTOME_INTEGRIN_CELL_SURFACE_INTERACTIONS	1.10861581198056e-72	2.42306583009432e-72	1.7357699855989	1.00735704250141	2.23676015325624e-13	1	6	12	1.29950109625282e-09	1	0	4.40562580250577	2.9125904202318
ABCA1	RXRA	R-HSA-400253	REACTOME_CIRCADIAN_CLOCK	1.58219710815455e-72	3.44692941419385e-72	2.21371617309256	1.31284069725308	1.41929354185045e-10	1	23	43	0.000300274619388671	1	0	-3.59190427093961	-6.26133088253672
TGFB1	ITGB5	R-HSA-2173789	REACTOME_TGF_BETA_RECEPTOR_SIGNALING_ACTIVATES_SMADS	1.70132843123176e-72	3.69447047688191e-72	2.30705163465044	1.00735704250141	3.65844717184401e-15	1	19	35	0.00011468348531235	1	0	5.68415120557093	2.9125904202318
ABCA1	RXRA	R-HSA-1655829	REACTOME_REGULATION_OF_CHOLESTEROL_BIOSYNTHESIS_BY_SREBP_SREBF	5.7029328919589e-72	1.23440902274336e-71	2.21371617309256	1.31284069725308	1.41929354185045e-10	1	19	35	6.61382082975534e-05	1	0	-3.59190427093961	-6.26133088253672
GNAS	ADCY9	R-HSA-9664323	REACTOME_FCGR3A_MEDIATED_IL10_SYNTHESIS	1.44760526212141e-71	3.12328980991469e-71	3.76398475898122	1.99678523810775	5.30234632318127e-16	1	13	24	6.81839138676204e-06	1	0	1.25850542455686	7.1741432008062
GNAS	ADCY1	R-HSA-112040	REACTOME_G_PROTEIN_MEDIATED_EVENTS	3.11156004569996e-71	6.6918486880278e-71	3.76398475898122	10.1934443850419	6.03963968638949e-23	1	13	25	5.87408508577458e-05	1	0	1.25850542455686	-1.48387045560435
ABCA1	RXRA	R-HSA-9839373	REACTOME_SIGNALING_BY_TGFBR3	5.68469227570521e-71	1.2186672578269e-70	2.21371617309256	1.31284069725308	1.41929354185045e-10	1	14	26	6.52045245592537e-06	1	0	-3.59190427093961	-6.26133088253672
GNAS	ADCY9	R-HSA-9662851	REACTOME_ANTI_INFLAMMATORY_RESPONSE_FAVOURING_LEISHMANIA_PARASITE_INFECTION	7.49344654423962e-71	1.60130657044101e-70	3.76398475898122	1.99678523810775	5.30234632318127e-16	1	17	31	6.0003989177066e-05	1	0	1.25850542455686	7.1741432008062
TLN1	ITGB5	R-HSA-2173789	REACTOME_TGF_BETA_RECEPTOR_SIGNALING_ACTIVATES_SMADS	1.0401854841225e-70	2.21576018998793e-70	1.7357699855989	1.00735704250141	2.23676015325624e-13	1	19	35	0.00011468348531235	1	0	4.40562580250577	2.9125904202318
UBC	ERBB4	R-HSA-8848021	REACTOME_SIGNALING_BY_PTK6	1.05695894753737e-70	2.24436536011891e-70	3.52017670707888	4.88971725190951	4.0306700721696e-17	1	15	28	4.26270833517566e-05	1	0	-3.94473839238796	-6.13673360200089
SPP1	ITGA4	R-HSA-216083	REACTOME_INTEGRIN_CELL_SURFACE_INTERACTIONS	2.25616020342783e-70	4.77565771766584e-70	2.07296362438893	13.5966335684701	5.57738746929744e-19	1	4	9	1.29950109625282e-09	1	0	-6.17078968245005	1.2094421227754
HBEGF	ERBB4	R-HSA-8848021	REACTOME_SIGNALING_BY_PTK6	1.15551409547342e-69	2.4382074152914e-69	2.99986575373671	4.88971725190951	4.40650613105309e-16	1	15	28	4.26270833517566e-05	1	0	-3.89320695131248	-6.13673360200089
FABP5	RXRA	R-HSA-2426168	REACTOME_ACTIVATION_OF_GENE_EXPRESSION_BY_SREBF_SREBP	1.73500730410861e-69	3.64949812243536e-69	12.4894381870585	1.31284069725308	1.92728480280641e-15	1	14	26	2.00852434996968e-05	1	0	5.44122530844092	-6.26133088253672
ABCA1	RXRA	R-HSA-9616222	REACTOME_TRANSCRIPTIONAL_REGULATION_OF_GRANULOPOIESIS	1.86700907985766e-69	3.91488466432653e-69	2.21371617309256	1.31284069725308	1.41929354185045e-10	1	12	22	1.30470204128268e-06	1	0	-3.59190427093961	-6.26133088253672
SLPI	CD4	R-HSA-388841	REACTOME_COSTIMULATION_BY_THE_CD28_FAMILY	2.6645305052568e-69	5.56978183497605e-69	10.995341921812	13.7536923591771	1.38507529863141e-18	1	11	21	7.6764307678074e-06	1	0	-5.96683562719533	0.216664232141217
SPP1	ITGB5	R-HSA-216083	REACTOME_INTEGRIN_CELL_SURFACE_INTERACTIONS	9.08985222199703e-69	1.89418970216149e-68	2.07296362438893	1.00735704250141	1.83398243371863e-09	1	6	12	1.29950109625282e-09	1	0	-6.17078968245005	2.9125904202318
SLPI	CD4	R-HSA-202403	REACTOME_TCR_SIGNALING	1.02380587598369e-68	2.12685369283298e-68	10.995341921812	13.7536923591771	1.38507529863141e-18	1	20	37	0.000442413018536096	1	0	-5.96683562719533	0.216664232141217
B2M	TYROBP	R-HSA-2172127	REACTOME_DAP12_INTERACTIONS	1.17734070856488e-68	2.4382580723674e-68	2.87849346100954	10.944778939954	2.69868007886523e-21	1	11	20	5.46156839837919e-06	1	0	5.12896695992452	-1.44289795259782
RPS19	C5AR1	R-HSA-166658	REACTOME_COMPLEMENT_CASCADE	1.62535043691055e-68	3.35572351743685e-68	7.11956176848905	14.2510379110322	1.44135112520279e-34	1	3	6	1.65585186938288e-09	1	0	3.46968437330769	5.7640327578343
GNAS	ADCY1	R-HSA-9664323	REACTOME_FCGR3A_MEDIATED_IL10_SYNTHESIS	2.75450128373013e-67	5.66954098583716e-67	3.76398475898122	10.1934443850419	6.03963968638949e-23	1	13	24	5.87408508577458e-05	1	0	1.25850542455686	-1.48387045560435
TYROBP	CD300LB	R-HSA-2172127	REACTOME_DAP12_INTERACTIONS	3.00517074507215e-67	6.16657360838964e-67	10.944778939954	11.9846534552876	6.88840058303975e-20	1	11	20	5.46156839837919e-06	1	0	-1.44289795259782	-6.26133088253672
UBC	TLR4	R-HSA-1236975	REACTOME_ANTIGEN_PROCESSING_CROSS_PRESENTATION	3.66112729002505e-67	7.48968418172807e-67	3.52017670707888	4.91616438947607	3.60665486583381e-22	1	9	18	1.08779914669216e-05	1	0	-3.94473839238796	5.57081769910517
SPP1	ITGB5	R-HSA-2173789	REACTOME_TGF_BETA_RECEPTOR_SIGNALING_ACTIVATES_SMADS	8.52877275604449e-67	1.73945486908992e-66	2.07296362438893	1.00735704250141	1.83398243371863e-09	1	19	35	0.00011468348531235	1	0	-6.17078968245005	2.9125904202318
ADAM15	ITGA5	R-HSA-216083	REACTOME_INTEGRIN_CELL_SURFACE_INTERACTIONS	9.64397637980486e-67	1.96094186389365e-66	1.35477312575793	2.42913888059818	4.2440668369718e-14	1	5	10	6.903072660361e-10	1	0	-0.800247206289881	4.59678455148382
GNAS	ADCY1	R-HSA-5610787	REACTOME_HEDGEHOG_OFF_STATE	2.65850959076886e-66	5.38930494080334e-66	3.76398475898122	10.1934443850419	6.03963968638949e-23	1	15	29	0.000383482462437183	1	0	1.25850542455686	-1.48387045560435
B2M	TFRC	R-HSA-199992	REACTOME_TRANS_GOLGI_NETWORK_VESICLE_BUDDING	3.32057614238956e-66	6.71116443235962e-66	2.87849346100954	1.10895246491767	2.15401207739961e-10	1	17	31	5.17638612337691e-05	1	0	5.12896695992452	6.57874248188595
TNF	TNFRSF1B	R-HSA-6783783	REACTOME_INTERLEUKIN_10_SIGNALING	4.14783711281042e-66	8.35795406214953e-66	9.41508011558655	4.29981476712183	3.48559998686319e-27	1	7	14	5.00898870299719e-06	1	0	-6.26133088253672	9.65409933007707
FABP5	RXRA	R-HSA-211859	REACTOME_BIOLOGICAL_OXIDATIONS	4.23311990620304e-66	8.47887599123057e-66	12.4894381870585	1.31284069725308	1.92728480280641e-15	1	6	11	1.29671768961601e-09	1	0	5.44122530844092	-6.26133088253672
FABP5	RXRA	R-HSA-211945	REACTOME_PHASE_I_FUNCTIONALIZATION_OF_COMPOUNDS	4.23311990620304e-66	8.47887599123057e-66	12.4894381870585	1.31284069725308	1.92728480280641e-15	1	6	11	1.29671768961601e-09	1	0	5.44122530844092	-6.26133088253672
TGFB1	SDC2	R-HSA-3656237	REACTOME_DEFECTIVE_EXT2_CAUSES_EXOSTOSES_2	6.36365542337302e-66	1.26331739321991e-65	2.30705163465044	7.13201886453031	1.7650261287609e-23	1	4	8	1.45128769918775e-09	1	0	5.68415120557093	-0.341519614916448
TGFB1	SDC2	R-HSA-9694614	REACTOME_ATTACHMENT_AND_ENTRY	6.36365542337302e-66	1.26331739321991e-65	2.30705163465044	7.13201886453031	1.7650261287609e-23	1	4	8	1.45128769918775e-09	1	0	5.68415120557093	-0.341519614916448
TGFB1	SDC2	R-HSA-9772572	REACTOME_EARLY_SARS_COV_2_INFECTION_EVENTS	6.36365542337302e-66	1.26331739321991e-65	2.30705163465044	7.13201886453031	1.7650261287609e-23	1	4	8	1.45128769918775e-09	1	0	5.68415120557093	-0.341519614916448
TGFB1	ITGB5	R-HSA-1566948	REACTOME_ELASTIC_FIBRE_FORMATION	8.13951624910204e-66	1.61109598912905e-65	2.30705163465044	1.00735704250141	3.65844717184401e-15	1	6	11	1.29950109625282e-09	1	0	5.68415120557093	2.9125904202318
CALM3	PDE1B	R-HSA-112040	REACTOME_G_PROTEIN_MEDIATED_EVENTS	1.23115140535241e-65	2.42971350879843e-65	1.16804541563908	6.3433165550445	2.38970509278663e-17	1	13	25	5.87408508577458e-05	1	0	2.64785868437011	2.83657575404197
C5	C5AR1	R-HSA-166658	REACTOME_COMPLEMENT_CASCADE	6.37369288132216e-65	1.25417827664726e-64	8.45872682951383	14.2510379110322	5.65215303578025e-31	1	3	6	1.65585186938288e-09	1	0	5.5229420931512	5.7640327578343
ADAM15	ITGA5	R-HSA-1566948	REACTOME_ELASTIC_FIBRE_FORMATION	9.44243537194366e-65	1.85259477619129e-64	1.35477312575793	2.42913888059818	4.2440668369718e-14	1	6	11	1.29950109625282e-09	1	0	-0.800247206289881	4.59678455148382
SPP1	ITGA5	R-HSA-216083	REACTOME_INTEGRIN_CELL_SURFACE_INTERACTIONS	1.18650480108294e-64	2.32112163710394e-64	2.07296362438893	2.42913888059818	5.22150353740892e-12	1	5	10	6.903072660361e-10	1	0	-6.17078968245005	4.59678455148382
ABCA1	RXRA	R-HSA-2426168	REACTOME_ACTIVATION_OF_GENE_EXPRESSION_BY_SREBF_SREBP	1.2776963001e-64	2.49225063188111e-64	2.21371617309256	1.31284069725308	1.41929354185045e-10	1	14	26	2.00852434996968e-05	1	0	-3.59190427093961	-6.26133088253672
NRG1	ERBB4	R-HSA-8848021	REACTOME_SIGNALING_BY_PTK6	1.88149752041379e-64	3.65937633680479e-64	9.11083190183876	4.88971725190951	7.17501447342168e-11	1	15	28	4.26270833517566e-05	1	0	1.77777902773622	-6.13673360200089
CAP1	ROBO1	R-HSA-373752	REACTOME_NETRIN_1_SIGNALING	4.35699793757617e-64	8.44955380379657e-64	5.22130686990453	8.11982232774732	1.65838635906932e-26	1	8	15	6.70457727194555e-06	1	0	-4.5672573045487	-4.77785368541503
TLN1	ITGB5	R-HSA-1566948	REACTOME_ELASTIC_FIBRE_FORMATION	4.97646809085848e-64	9.62308382987331e-64	1.7357699855989	1.00735704250141	2.23676015325624e-13	1	6	11	1.29950109625282e-09	1	0	4.40562580250577	2.9125904202318
TGFB1	SDC2	R-HSA-2024096	REACTOME_HS_GAG_DEGRADATION	1.26640275625536e-63	2.44182830300962e-63	2.30705163465044	7.13201886453031	1.7650261287609e-23	1	6	12	7.09600379737388e-07	1	0	5.68415120557093	-0.341519614916448
ADAM17	ITGA5	R-HSA-216083	REACTOME_INTEGRIN_CELL_SURFACE_INTERACTIONS	1.27637582223311e-63	2.45400623701552e-63	1.00899671615371	2.42913888059818	5.61700286823159e-11	1	5	10	6.903072660361e-10	1	0	-4.9528261704907	4.59678455148382
SPP1	ITGA5	R-HSA-1566948	REACTOME_ELASTIC_FIBRE_FORMATION	1.16170907740788e-62	2.22716225983054e-62	2.07296362438893	2.42913888059818	5.22150353740892e-12	1	6	11	1.29950109625282e-09	1	0	-6.17078968245005	4.59678455148382
GNAS	ADCY9	R-HSA-418597	REACTOME_G_ALPHA_Z_SIGNALLING_EVENTS	1.687656581582e-62	3.2079817740553e-62	3.76398475898122	1.99678523810775	5.30234632318127e-16	1	4	9	8.50660207264817e-09	1	0	1.25850542455686	7.1741432008062
GNAS	ADCY9	R-HSA-977443	REACTOME_GABA_RECEPTOR_ACTIVATION	1.687656581582e-62	3.2079817740553e-62	3.76398475898122	1.99678523810775	5.30234632318127e-16	1	4	9	8.50660207264817e-09	1	0	1.25850542455686	7.1741432008062
GNAS	ADCY9	R-HSA-977444	REACTOME_GABA_B_RECEPTOR_ACTIVATION	1.687656581582e-62	3.2079817740553e-62	3.76398475898122	1.99678523810775	5.30234632318127e-16	1	4	9	8.50660207264817e-09	1	0	1.25850542455686	7.1741432008062
MMP7	ERBB4	R-HSA-8848021	REACTOME_SIGNALING_BY_PTK6	3.71299889941916e-62	7.03791599296683e-62	3.74261492306019	4.88971725190951	1.41593706896155e-08	1	15	28	4.26270833517566e-05	1	0	4.66496561898362	-6.13673360200089
SLPI	CD4	R-HSA-202433	REACTOME_GENERATION_OF_SECOND_MESSENGER_MOLECULES	8.79411959626896e-62	1.66221246453422e-61	10.995341921812	13.7536923591771	1.38507529863141e-18	1	4	8	1.02543042385966e-09	1	0	-5.96683562719533	0.216664232141217
ADAM17	ITGA5	R-HSA-1566948	REACTOME_ELASTIC_FIBRE_FORMATION	1.24970196287348e-61	2.35547757609018e-61	1.00899671615371	2.42913888059818	5.61700286823159e-11	1	6	11	1.29950109625282e-09	1	0	-4.9528261704907	4.59678455148382
ABCA1	RXRA	R-HSA-211859	REACTOME_BIOLOGICAL_OXIDATIONS	3.11735958069298e-61	5.84287228671785e-61	2.21371617309256	1.31284069725308	1.41929354185045e-10	1	6	11	1.29671768961601e-09	1	0	-3.59190427093961	-6.26133088253672
ABCA1	RXRA	R-HSA-211945	REACTOME_PHASE_I_FUNCTIONALIZATION_OF_COMPOUNDS	3.11735958069298e-61	5.84287228671785e-61	2.21371617309256	1.31284069725308	1.41929354185045e-10	1	6	11	1.29671768961601e-09	1	0	-3.59190427093961	-6.26133088253672
FABP5	RXRA	R-HSA-381340	REACTOME_TRANSCRIPTIONAL_REGULATION_OF_WHITE_ADIPOCYTE_DIFFERENTIATION	5.91475249559189e-61	1.10551502076383e-60	12.4894381870585	1.31284069725308	1.92728480280641e-15	1	15	29	0.000275377622812665	1	0	5.44122530844092	-6.26133088253672
ADAM17	ERBB4	R-HSA-8848021	REACTOME_SIGNALING_BY_PTK6	7.79035078297573e-61	1.45203482649353e-60	1.00899671615371	4.88971725190951	2.97081867046999e-07	1	15	28	4.26270833517566e-05	1	0	-4.9528261704907	-6.13673360200089
SPP1	ITGB5	R-HSA-1566948	REACTOME_ELASTIC_FIBRE_FORMATION	4.08034587316353e-60	7.58424399139261e-60	2.07296362438893	1.00735704250141	1.83398243371863e-09	1	6	11	1.29950109625282e-09	1	0	-6.17078968245005	2.9125904202318
GNAS	ADCY9	R-HSA-5610787	REACTOME_HEDGEHOG_OFF_STATE	2.33397011837013e-59	4.32622637963082e-59	3.76398475898122	1.99678523810775	5.30234632318127e-16	1	15	29	0.000383482462437183	1	0	1.25850542455686	7.1741432008062
S100A9	TLR4	R-HSA-1236975	REACTOME_ANTIGEN_PROCESSING_CROSS_PRESENTATION	1.14078433899618e-58	2.10872256602324e-58	17.4391017476099	4.91616438947607	1.12381107270363e-13	1	9	18	1.08779914669216e-05	1	0	-0.709739665426797	5.57081769910517
TGFB1	SDC2	R-HSA-2187338	REACTOME_VISUAL_PHOTOTRANSDUCTION	1.89283460902693e-58	3.47970417166321e-58	2.30705163465044	7.13201886453031	1.7650261287609e-23	1	4	9	7.09600379737388e-07	1	0	5.68415120557093	-0.341519614916448
TGFB1	SDC2	R-HSA-6806667	REACTOME_METABOLISM_OF_FAT_SOLUBLE_VITAMINS	1.89283460902693e-58	3.47970417166321e-58	2.30705163465044	7.13201886453031	1.7650261287609e-23	1	4	9	7.09600379737388e-07	1	0	5.68415120557093	-0.341519614916448
FABP5	RXRA	R-HSA-9024446	REACTOME_NR1H2_AND_NR1H3_MEDIATED_SIGNALING	3.52579863291113e-58	6.46396416033707e-58	12.4894381870585	1.31284069725308	1.92728480280641e-15	1	16	30	0.000402662041022259	1	0	5.44122530844092	-6.26133088253672
B2M	TFRC	R-HSA-9013408	REACTOME_RHOG_GTPASE_CYCLE	7.34900450154761e-58	1.34364632712219e-57	2.87849346100954	1.10895246491767	2.15401207739961e-10	1	5	10	5.03261278591634e-09	1	0	5.12896695992452	6.57874248188595
TGFB1	ITGB5	R-HSA-3000170	REACTOME_SYNDECAN_INTERACTIONS	7.59220643288776e-58	1.38433981425752e-57	2.30705163465044	1.00735704250141	3.65844717184401e-15	1	4	8	1.29950109625282e-09	1	0	5.68415120557093	2.9125904202318
ALOX5AP	ALOX5	R-HSA-2142753	REACTOME_ARACHIDONIC_ACID_METABOLISM	1.72891990962271e-57	3.14391669202395e-57	16.9600013883733	11.1629884355526	7.69914104791043e-28	1	5	10	4.69375102277778e-06	1	0	3.65616188353206	6.08903350525057
HBEGF	PRLR	R-HSA-982772	REACTOME_GROWTH_HORMONE_RECEPTOR_SIGNALING	4.08314958978927e-57	7.40484695878e-57	2.99986575373671	14.6079542558974	8.67808956936721e-19	1	7	13	1.15499339806789e-06	1	0	-3.89320695131248	4.31286097992555
VASP	ROBO1	R-HSA-373752	REACTOME_NETRIN_1_SIGNALING	4.63254632311845e-57	8.37854065448108e-57	1.45145557841236	8.11982232774732	1.76326721749385e-19	1	8	15	6.70457727194555e-06	1	0	5.58210964653241	-4.77785368541503
B2M	TFRC	R-HSA-9013149	REACTOME_RAC1_GTPASE_CYCLE	8.89341252448163e-57	1.60416123761483e-56	2.87849346100954	1.10895246491767	2.15401207739961e-10	1	11	21	1.90086770618232e-05	1	0	5.12896695992452	6.57874248188595
FABP5	RXRA	R-HSA-2151201	REACTOME_TRANSCRIPTIONAL_ACTIVATION_OF_MITOCHONDRIAL_BIOGENESIS	4.0745769020023e-56	7.32986890413819e-56	12.4894381870585	1.31284069725308	1.92728480280641e-15	1	13	24	0.000118706089083294	1	0	5.44122530844092	-6.26133088253672
ABCA1	RXRA	R-HSA-381340	REACTOME_TRANSCRIPTIONAL_REGULATION_OF_WHITE_ADIPOCYTE_DIFFERENTIATION	4.35574960504714e-56	7.81472723258458e-56	2.21371617309256	1.31284069725308	1.41929354185045e-10	1	15	29	0.000275377622812665	1	0	-3.59190427093961	-6.26133088253672
TLN1	ITGB5	R-HSA-3000170	REACTOME_SYNDECAN_INTERACTIONS	4.64184503061157e-56	8.30580804144097e-56	1.7357699855989	1.00735704250141	2.23676015325624e-13	1	4	8	1.29950109625282e-09	1	0	4.40562580250577	2.9125904202318
B2M	TFRC	R-HSA-9013148	REACTOME_CDC42_GTPASE_CYCLE	4.91886620055584e-55	8.77808303343875e-55	2.87849346100954	1.10895246491767	2.15401207739961e-10	1	9	17	3.56893073689573e-06	1	0	5.12896695992452	6.57874248188595
YWHAZ	CSF2RB	R-HSA-512988	REACTOME_INTERLEUKIN_3_INTERLEUKIN_5_AND_GM_CSF_SIGNALING	1.03999848225543e-54	1.85103178141484e-54	1.86659735977977	8.22845450995784	5.13961324810341e-22	1	14	26	0.00088240315793834	1	0	3.53509749983189	5.1279636248526
TYROBP	TREM2	R-HSA-2172127	REACTOME_DAP12_INTERACTIONS	1.09554518711499e-54	1.93960638668644e-54	10.944778939954	16.2807834091155	8.804210604176e-29	1	9	18	0.00088240315793834	1	0	-1.44289795259782	5.6673025299191
TYROBP	TREM2	R-HSA-2424491	REACTOME_DAP12_SIGNALING	1.09554518711499e-54	1.93960638668644e-54	10.944778939954	16.2807834091155	8.804210604176e-29	1	9	18	0.00088240315793834	1	0	-1.44289795259782	5.6673025299191
FABP5	RXRA	R-HSA-5617472	REACTOME_ACTIVATION_OF_ANTERIOR_HOX_GENES_IN_HINDBRAIN_DEVELOPMENT_DURING_EARLY_EMBRYOGENESIS	3.26946719037044e-54	5.773190749312e-54	12.4894381870585	1.31284069725308	1.92728480280641e-15	1	22	40	0.00237336030335794	1	0	5.44122530844092	-6.26133088253672
TGFB1	SDC2	R-HSA-9833110	REACTOME_RSV_HOST_INTERACTIONS	3.48090027418263e-54	6.13040441988595e-54	2.30705163465044	7.13201886453031	1.7650261287609e-23	1	1	2	4.03998603947982e-16	1	0	5.68415120557093	-0.341519614916448
SLPI	CD4	R-HSA-389948	REACTOME_PD_1_SIGNALING	6.55938336818054e-54	1.15218487959402e-53	10.995341921812	13.7536923591771	1.38507529863141e-18	1	2	5	9.86517769432106e-10	1	0	-5.96683562719533	0.216664232141217
UBC	TLR4	R-HSA-5260271	REACTOME_DISEASES_OF_IMMUNE_SYSTEM	2.26225850222118e-53	3.96338238900891e-53	3.52017670707888	4.91616438947607	3.60665486583381e-22	1	8	15	4.20363825914485e-05	1	0	-3.94473839238796	5.57081769910517
SDCBP	EPHB6	R-HSA-3928665	REACTOME_EPH_EPHRIN_MEDIATED_REPULSION_OF_CELLS	2.49393849923845e-53	4.35789774215885e-53	2.02780545416296	9.24849359514262	3.71484558974939e-15	1	7	14	6.21835490843222e-06	1	0	5.80245059871255	-0.475028541587387
ABCA1	RXRA	R-HSA-9024446	REACTOME_NR1H2_AND_NR1H3_MEDIATED_SIGNALING	2.59647314308146e-53	4.52528176365626e-53	2.21371617309256	1.31284069725308	1.41929354185045e-10	1	16	30	0.000402662041022259	1	0	-3.59190427093961	-6.26133088253672
C5	C5AR2	R-HSA-166658	REACTOME_COMPLEMENT_CASCADE	3.21458074510432e-53	5.58804062167097e-53	8.45872682951383	6.68128645621753	6.1618600992621e-19	1	3	6	1.36562137619679e-09	1	0	5.5229420931512	7.36681348270739
FABP5	RXRA	R-HSA-211897	REACTOME_CYTOCHROME_P450_ARRANGED_BY_SUBSTRATE_TYPE	4.47825460917191e-53	7.76462233269858e-53	12.4894381870585	1.31284069725308	1.92728480280641e-15	1	4	9	2.55258755334002e-07	1	0	5.44122530844092	-6.26133088253672
CALM3	ABCA1	R-HSA-9024446	REACTOME_NR1H2_AND_NR1H3_MEDIATED_SIGNALING	1.871514201061e-52	3.2365619301854e-52	1.16804541563908	2.21371617309256	6.02791909005451e-11	1	14	27	0.000326343604560585	1	0	2.64785868437011	-3.59190427093961
FABP5	RXRA	R-HSA-9843743	REACTOME_TRANSCRIPTIONAL_REGULATION_OF_BROWN_AND_BEIGE_ADIPOCYTE_DIFFERENTIATION	2.46303895725179e-52	4.24858390826722e-52	12.4894381870585	1.31284069725308	1.92728480280641e-15	1	6	11	2.55258755334002e-07	1	0	5.44122530844092	-6.26133088253672
SPP1	ITGB5	R-HSA-3000170	REACTOME_SYNDECAN_INTERACTIONS	3.80597903346613e-52	6.54823572168146e-52	2.07296362438893	1.00735704250141	1.83398243371863e-09	1	4	8	1.29950109625282e-09	1	0	-6.17078968245005	2.9125904202318
PTDSS1	SCARB1	R-HSA-174824	REACTOME_PLASMA_LIPOPROTEIN_ASSEMBLY_REMODELING_AND_CLEARANCE	2.62427007053734e-51	4.50354275532111e-51	2.11437942993017	1.70042079671247	2.87219824226796e-16	1	13	25	0.000614168571217664	1	0	4.28256180518807	0.347671380696082
UBC	TLR4	R-HSA-9833110	REACTOME_RSV_HOST_INTERACTIONS	2.988483898908e-51	5.11549157185528e-51	3.52017670707888	4.91616438947607	3.60665486583381e-22	1	14	27	0.00252404835081068	1	0	-3.94473839238796	5.57081769910517
ABCA1	RXRA	R-HSA-2151201	REACTOME_TRANSCRIPTIONAL_ACTIVATION_OF_MITOCHONDRIAL_BIOGENESIS	3.00060513856797e-51	5.1231706055448e-51	2.21371617309256	1.31284069725308	1.41929354185045e-10	1	13	24	0.000118706089083294	1	0	-3.59190427093961	-6.26133088253672
C3	C3AR1	R-HSA-166658	REACTOME_COMPLEMENT_CASCADE	5.65318011954797e-51	9.62762401070225e-51	4.65899964743801	3.99020458394895	4.83847602827255e-16	1	3	6	9.39449086941682e-10	1	0	-5.04778764026622	5.70723390651413
GNAS	ADCY1	R-HSA-1489509	REACTOME_DAG_AND_IP3_SIGNALING	1.5311677171932e-50	2.60104693224465e-50	3.76398475898122	10.1934443850419	6.03963968638949e-23	1	8	15	0.000118706089083294	1	0	1.25850542455686	-1.48387045560435
C3	C3AR1	R-HSA-9660826	REACTOME_PURINERGIC_SIGNALING_IN_LEISHMANIASIS_INFECTION	1.55314278509967e-50	2.63171416364111e-50	4.65899964743801	3.99020458394895	4.83847602827255e-16	1	6	11	6.41175621272051e-07	1	0	-5.04778764026622	5.70723390651413
SHANK1	ABCA1	R-HSA-9024446	REACTOME_NR1H2_AND_NR1H3_MEDIATED_SIGNALING	1.9460740676866e-50	3.28920831087583e-50	1.11827598697196	2.21371617309256	6.26806733105077e-09	1	14	27	0.000326343604560585	1	0	6.12886000664917	-3.59190427093961
C3	C5AR2	R-HSA-166658	REACTOME_COMPLEMENT_CASCADE	5.24630495783076e-50	8.84490107212172e-50	4.65899964743801	6.68128645621753	1.00563649668627e-15	1	3	6	1.36562137619679e-09	1	0	-5.04778764026622	7.36681348270739
FABP5	RXRA	R-HSA-9029569	REACTOME_NR1H3_NR1H2_REGULATE_GENE_EXPRESSION_LINKED_TO_CHOLESTEROL_TRANSPORT_AND_EFFLUX	9.68788370078149e-50	1.62921552963017e-49	12.4894381870585	1.31284069725308	1.92728480280641e-15	1	13	25	0.000700293914480615	1	0	5.44122530844092	-6.26133088253672
B2M	TYROBP	R-HSA-2424491	REACTOME_DAP12_SIGNALING	1.56506993838587e-49	2.6254048216423e-49	2.87849346100954	10.944778939954	2.69868007886523e-21	1	10	19	0.000478576607908509	1	0	5.12896695992452	-1.44289795259782
ADAM28	ITGA4	R-HSA-8949275	REACTOME_RUNX3_REGULATES_IMMUNE_RESPONSE_AND_CELL_MIGRATION	2.31841386147553e-49	3.87944065099771e-49	12.5193705113967	13.5966335684701	1.22796034969975e-28	1	1	2	4.34513172364243e-11	1	0	3.02032024836281	1.2094421227754
ABCA1	RXRA	R-HSA-5617472	REACTOME_ACTIVATION_OF_ANTERIOR_HOX_GENES_IN_HINDBRAIN_DEVELOPMENT_DURING_EARLY_EMBRYOGENESIS	2.40770521400245e-49	4.01883133979016e-49	2.21371617309256	1.31284069725308	1.41929354185045e-10	1	22	40	0.00237336030335794	1	0	-3.59190427093961	-6.26133088253672
TGFB1	ACVRL1	R-HSA-201451	REACTOME_SIGNALING_BY_BMP	3.29081738140907e-49	5.47925176904587e-49	2.30705163465044	6.40252102916646	3.94793051238735e-18	1	9	17	0.00011468348531235	1	0	5.68415120557093	-5.57104800951873
UBC	ERBB4	R-HSA-1963642	REACTOME_PI3K_EVENTS_IN_ERBB2_SIGNALING	3.36676994544592e-49	5.59183820147082e-49	3.52017670707888	4.88971725190951	4.0306700721696e-17	1	3	7	2.08892770355774e-07	1	0	-3.94473839238796	-6.13673360200089
FABP5	RXRA	R-HSA-9707564	REACTOME_CYTOPROTECTION_BY_HMOX1	5.45062133177055e-49	9.03053558918035e-49	12.4894381870585	1.31284069725308	1.92728480280641e-15	1	11	20	0.000131383864295853	1	0	5.44122530844092	-6.26133088253672
B2M	TREM2	R-HSA-2172127	REACTOME_DAP12_INTERACTIONS	5.70530348864107e-49	9.40604088667852e-49	2.87849346100954	16.2807834091155	4.58499512986894e-23	1	9	18	0.00088240315793834	1	0	5.12896695992452	5.6673025299191
B2M	TREM2	R-HSA-2424491	REACTOME_DAP12_SIGNALING	5.70530348864107e-49	9.40604088667852e-49	2.87849346100954	16.2807834091155	4.58499512986894e-23	1	9	18	0.00088240315793834	1	0	5.12896695992452	5.6673025299191
ABCA1	RXRA	R-HSA-211897	REACTOME_CYTOCHROME_P450_ARRANGED_BY_SUBSTRATE_TYPE	3.2978819924821e-48	5.42372259057719e-48	2.21371617309256	1.31284069725308	1.41929354185045e-10	1	4	9	2.55258755334002e-07	1	0	-3.59190427093961	-6.26133088253672
HBEGF	ERBB4	R-HSA-1963642	REACTOME_PI3K_EVENTS_IN_ERBB2_SIGNALING	3.68070125830643e-48	6.03850988832179e-48	2.99986575373671	4.88971725190951	4.40650613105309e-16	1	3	7	2.08892770355774e-07	1	0	-3.89320695131248	-6.13673360200089
CALM3	ABCA1	R-HSA-9029569	REACTOME_NR1H3_NR1H2_REGULATE_GENE_EXPRESSION_LINKED_TO_CHOLESTEROL_TRANSPORT_AND_EFFLUX	8.55085486162695e-48	1.39942039320773e-47	1.16804541563908	2.21371617309256	6.02791909005451e-11	1	12	22	0.000131383864295853	1	0	2.64785868437011	-3.59190427093961
YWHAZ	CSF2RB	R-HSA-451927	REACTOME_INTERLEUKIN_2_FAMILY_SIGNALING	1.34906507246986e-47	2.20248823266976e-47	1.86659735977977	8.22845450995784	5.13961324810341e-22	1	10	19	0.00088240315793834	1	0	3.53509749983189	5.1279636248526
ABCA1	RXRA	R-HSA-9843743	REACTOME_TRANSCRIPTIONAL_REGULATION_OF_BROWN_AND_BEIGE_ADIPOCYTE_DIFFERENTIATION	1.81383430215563e-47	2.95408450666609e-47	2.21371617309256	1.31284069725308	1.41929354185045e-10	1	6	11	2.55258755334002e-07	1	0	-3.59190427093961	-6.26133088253672
GNAS	ADCY9	R-HSA-170670	REACTOME_ADENYLATE_CYCLASE_INHIBITORY_PATHWAY	4.16470090382845e-47	6.76637846602638e-47	3.76398475898122	1.99678523810775	5.30234632318127e-16	1	3	6	8.50660207264817e-09	1	0	1.25850542455686	7.1741432008062
UBC	ERBB4	R-HSA-1227986	REACTOME_SIGNALING_BY_ERBB2	5.55872801834389e-47	9.00943599108394e-47	3.52017670707888	4.88971725190951	4.0306700721696e-17	1	14	26	0.00145834667994221	1	0	-3.94473839238796	-6.13673360200089
B2M	TYROBP	R-HSA-391160	REACTOME_SIGNAL_REGULATORY_PROTEIN_FAMILY_INTERACTIONS	7.34104636506165e-47	1.18694990625455e-46	2.87849346100954	10.944778939954	2.69868007886523e-21	1	3	7	4.19254816662867e-06	1	0	5.12896695992452	-1.44289795259782
GNAS	ADCY1	R-HSA-111996	REACTOME_CA_DEPENDENT_EVENTS	8.46529395494147e-47	1.36543563552061e-46	3.76398475898122	10.1934443850419	6.03963968638949e-23	1	7	14	0.000383482462437183	1	0	1.25850542455686	-1.48387045560435
SDCBP	EPHB6	R-HSA-3928664	REACTOME_EPHRIN_SIGNALING	1.12086253840407e-46	1.80359415652069e-46	2.02780545416296	9.24849359514262	3.71484558974939e-15	1	8	15	3.83615227190129e-05	1	0	5.80245059871255	-0.475028541587387
SLPI	CD4	R-HSA-164952	REACTOME_THE_ROLE_OF_NEF_IN_HIV_1_REPLICATION_AND_DISEASE_PATHOGENESIS	1.34090046088756e-46	2.15249810826687e-46	10.995341921812	13.7536923591771	1.38507529863141e-18	1	6	12	3.83615227190129e-05	1	0	-5.96683562719533	0.216664232141217
GNAS	ADCY1	R-HSA-9660821	REACTOME_ADORA2B_MEDIATED_ANTI_INFLAMMATORY_CYTOKINES_PRODUCTION	1.81337323629917e-46	2.90399389393018e-46	3.76398475898122	10.1934443850419	6.03963968638949e-23	1	8	15	0.000383482462437183	1	0	1.25850542455686	-1.48387045560435
GNAS	ADCY1	R-HSA-418597	REACTOME_G_ALPHA_Z_SIGNALLING_EVENTS	2.0838483632134e-46	3.31341765809525e-46	3.76398475898122	10.1934443850419	6.03963968638949e-23	1	4	9	5.87408508577458e-05	1	0	1.25850542455686	-1.48387045560435
GNAS	ADCY1	R-HSA-977443	REACTOME_GABA_RECEPTOR_ACTIVATION	2.0838483632134e-46	3.31341765809525e-46	3.76398475898122	10.1934443850419	6.03963968638949e-23	1	4	9	5.87408508577458e-05	1	0	1.25850542455686	-1.48387045560435
GNAS	ADCY1	R-HSA-977444	REACTOME_GABA_B_RECEPTOR_ACTIVATION	2.0838483632134e-46	3.31341765809525e-46	3.76398475898122	10.1934443850419	6.03963968638949e-23	1	4	9	5.87408508577458e-05	1	0	1.25850542455686	-1.48387045560435
CALM3	MYLK	R-HSA-5627123	REACTOME_RHO_GTPASES_ACTIVATE_PAKS	3.00906869449205e-46	4.77325081324862e-46	1.16804541563908	4.71354488496319	1.46234047183085e-10	1	8	16	3.83615227190129e-05	1	0	2.64785868437011	1.20534079538768
CALM3	ABCA1	R-HSA-174824	REACTOME_PLASMA_LIPOPROTEIN_ASSEMBLY_REMODELING_AND_CLEARANCE	5.50758907336414e-46	8.71601950053618e-46	1.16804541563908	2.21371617309256	6.02791909005451e-11	1	13	25	0.000614168571217664	1	0	2.64785868437011	-3.59190427093961
HBEGF	ERBB4	R-HSA-1227986	REACTOME_SIGNALING_BY_ERBB2	6.07704641042578e-46	9.59458386210753e-46	2.99986575373671	4.88971725190951	4.40650613105309e-16	1	14	26	0.00145834667994221	1	0	-3.89320695131248	-6.13673360200089
SHANK1	ABCA1	R-HSA-9029569	REACTOME_NR1H3_NR1H2_REGULATE_GENE_EXPRESSION_LINKED_TO_CHOLESTEROL_TRANSPORT_AND_EFFLUX	8.89151516634506e-46	1.40051799920599e-45	1.11827598697196	2.21371617309256	6.26806733105077e-09	1	12	22	0.000131383864295853	1	0	6.12886000664917	-3.59190427093961
TNF	TNFRSF1B	R-HSA-5668541	REACTOME_TNFR2_NON_CANONICAL_NF_KB_PATHWAY	1.23796747669945e-45	1.94537746338485e-45	9.41508011558655	4.29981476712183	3.48559998686319e-27	1	12	23	0.00901456671522766	1	0	-6.26133088253672	9.65409933007707
FABP5	RXRA	R-HSA-9707616	REACTOME_HEME_SIGNALING	4.05690066790188e-45	6.36023445832281e-45	12.4894381870585	1.31284069725308	1.92728480280641e-15	1	9	18	0.000370114432584602	1	0	5.44122530844092	-6.26133088253672
CALM3	PDE1B	R-HSA-1489509	REACTOME_DAG_AND_IP3_SIGNALING	6.05837348200228e-45	9.47591749749074e-45	1.16804541563908	6.3433165550445	2.38970509278663e-17	1	8	15	0.000118706089083294	1	0	2.64785868437011	2.83657575404197
S100A9	TLR4	R-HSA-5260271	REACTOME_DISEASES_OF_IMMUNE_SYSTEM	7.049055838966e-45	1.09998057394097e-44	17.4391017476099	4.91616438947607	1.12381107270363e-13	1	8	15	4.20363825914485e-05	1	0	-0.709739665426797	5.57081769910517
ABCA1	RXRA	R-HSA-9029569	REACTOME_NR1H3_NR1H2_REGULATE_GENE_EXPRESSION_LINKED_TO_CHOLESTEROL_TRANSPORT_AND_EFFLUX	7.13436371764848e-45	1.11070952541581e-44	2.21371617309256	1.31284069725308	1.41929354185045e-10	1	13	25	0.000700293914480615	1	0	-3.59190427093961	-6.26133088253672
UBC	ERBB4	R-HSA-1236394	REACTOME_SIGNALING_BY_ERBB4	9.76208041550135e-45	1.5162861015744e-44	3.52017670707888	4.88971725190951	4.0306700721696e-17	1	15	29	0.00431132176272608	1	0	-3.94473839238796	-6.13673360200089
CAP1	ROBO1	R-HSA-428540	REACTOME_ACTIVATION_OF_RAC1	1.67162649807744e-44	2.59044198662809e-44	5.22130686990453	8.11982232774732	1.65838635906932e-26	1	4	9	0.000478576607908509	1	0	-4.5672573045487	-4.77785368541503
GNAS	ADCY1	R-HSA-9634597	REACTOME_GPER1_SIGNALING	2.04263830251986e-44	3.15808825113094e-44	3.76398475898122	10.1934443850419	6.03963968638949e-23	1	8	16	0.00145834667994221	1	0	1.25850542455686	-1.48387045560435
ABCA1	RXRA	R-HSA-9707564	REACTOME_CYTOPROTECTION_BY_HMOX1	4.01395353919121e-44	6.19163867769495e-44	2.21371617309256	1.31284069725308	1.41929354185045e-10	1	11	20	0.000131383864295853	1	0	-3.59190427093961	-6.26133088253672
B2M	TFRC	R-HSA-9013404	REACTOME_RAC2_GTPASE_CYCLE	5.35765326354623e-44	8.24537921981542e-44	2.87849346100954	1.10895246491767	2.15401207739961e-10	1	7	13	5.46156839837919e-06	1	0	5.12896695992452	6.57874248188595
SHANK1	ABCA1	R-HSA-174824	REACTOME_PLASMA_LIPOPROTEIN_ASSEMBLY_REMODELING_AND_CLEARANCE	5.72700771657069e-44	8.79364342750328e-44	1.11827598697196	2.21371617309256	6.26806733105077e-09	1	13	25	0.000614168571217664	1	0	6.12886000664917	-3.59190427093961
GNAS	ADCY1	R-HSA-111931	REACTOME_PKA_MEDIATED_PHOSPHORYLATION_OF_CREB	7.80315140200994e-44	1.19541429012527e-43	3.76398475898122	10.1934443850419	6.03963968638949e-23	1	6	11	0.000118706089083294	1	0	1.25850542455686	-1.48387045560435
HBEGF	ERBB4	R-HSA-1236394	REACTOME_SIGNALING_BY_ERBB4	1.067233646826e-43	1.6312386720279e-43	2.99986575373671	4.88971725190951	4.40650613105309e-16	1	15	29	0.00431132176272608	1	0	-3.89320695131248	-6.13673360200089
TGFB1	ITGB5	R-HSA-2129379	REACTOME_MOLECULES_ASSOCIATED_WITH_ELASTIC_FIBRES	1.11797181627295e-43	1.70490701981624e-43	2.30705163465044	1.00735704250141	3.65844717184401e-15	1	5	10	7.25249762466582e-06	1	0	5.68415120557093	2.9125904202318
CAP1	ROBO1	R-HSA-428542	REACTOME_REGULATION_OF_COMMISSURAL_AXON_PATHFINDING_BY_SLIT_AND_ROBO	1.32996578639604e-43	2.02359873621711e-43	5.22130686990453	8.11982232774732	1.65838635906932e-26	1	1	2	2.83189652226284e-09	1	0	-4.5672573045487	-4.77785368541503
TGFB1	CXCR4	R-HSA-380108	REACTOME_CHEMOKINE_RECEPTORS_BIND_CHEMOKINES	1.33870735963466e-43	2.03229103691144e-43	2.30705163465044	2.81515252197528	1.00904758070442e-13	1	4	9	5.00898870299719e-06	1	0	5.68415120557093	-6.18026224855868
GNAS	ADCY9	R-HSA-1489509	REACTOME_DAG_AND_IP3_SIGNALING	1.34424931568834e-43	2.03609772195683e-43	3.76398475898122	1.99678523810775	5.30234632318127e-16	1	8	15	0.000118706089083294	1	0	1.25850542455686	7.1741432008062
ADAM15	ITGA5	R-HSA-9634597	REACTOME_GPER1_SIGNALING	2.68808493742224e-43	4.06239863290614e-43	1.35477312575793	2.42913888059818	4.2440668369718e-14	1	10	19	0.000383482462437183	1	0	-0.800247206289881	4.59678455148382
CALM3	INSR	R-HSA-74751	REACTOME_INSULIN_RECEPTOR_SIGNALLING_CASCADE	3.62627693791616e-43	5.4556767384344e-43	1.16804541563908	1.0907914649562	3.58123417651712e-10	1	13	25	0.00088240315793834	1	0	2.64785868437011	6.67262334454679
CALM3	INSR	R-HSA-74752	REACTOME_SIGNALING_BY_INSULIN_RECEPTOR	3.62627693791616e-43	5.4556767384344e-43	1.16804541563908	1.0907914649562	3.58123417651712e-10	1	13	25	0.00088240315793834	1	0	2.64785868437011	6.67262334454679
NRG1	ERBB4	R-HSA-1963642	REACTOME_PI3K_EVENTS_IN_ERBB2_SIGNALING	5.99320278135609e-43	8.99650797827726e-43	9.11083190183876	4.88971725190951	7.17501447342168e-11	1	3	7	2.08892770355774e-07	1	0	1.77777902773622	-6.13673360200089
S100A9	TLR4	R-HSA-9833110	REACTOME_RSV_HOST_INTERACTIONS	9.31192870159173e-43	1.39471074972501e-42	17.4391017476099	4.91616438947607	1.12381107270363e-13	1	14	27	0.00252404835081068	1	0	-0.709739665426797	5.57081769910517
UBC	TLR4	R-HSA-5603041	REACTOME_IRAK4_DEFICIENCY_TLR2_4	9.94077245232178e-43	1.48558091659419e-42	3.52017670707888	4.91616438947607	3.60665486583381e-22	1	3	7	4.20363825914485e-05	1	0	-3.94473839238796	5.57081769910517
ALOX5AP	ALOX5	R-HSA-2142691	REACTOME_SYNTHESIS_OF_LEUKOTRIENES_LT_AND_EOXINS_EX	1.29855159339103e-42	1.9362847092564e-42	16.9600013883733	11.1629884355526	7.69914104791043e-28	1	2	4	7.49870832939872e-06	1	0	3.65616188353206	6.08903350525057
B2M	TFRC	R-HSA-432722	REACTOME_GOLGI_ASSOCIATED_VESICLE_BIOGENESIS	1.6325006228995e-42	2.42884239016755e-42	2.87849346100954	1.10895246491767	2.15401207739961e-10	1	11	21	0.000376520842931677	1	0	5.12896695992452	6.57874248188595
UBC	TLR4	R-HSA-5357769	REACTOME_CASPASE_ACTIVATION_VIA_EXTRINSIC_APOPTOTIC_SIGNALLING_PATHWAY	2.77406810845917e-42	4.10905011208853e-42	3.52017670707888	4.91616438947607	3.60665486583381e-22	1	4	8	4.24203368786705e-05	1	0	-3.94473839238796	5.57081769910517
UBC	TLR4	R-HSA-140534	REACTOME_CASPASE_ACTIVATION_VIA_DEATH_RECEPTORS_IN_THE_PRESENCE_OF_LIGAND	2.77406810845917e-42	4.10905011208853e-42	3.52017670707888	4.91616438947607	3.60665486583381e-22	1	4	8	4.24203368786705e-05	1	0	-3.94473839238796	5.57081769910517
TLN1	ITGB5	R-HSA-2129379	REACTOME_MOLECULES_ASSOCIATED_WITH_ELASTIC_FIBRES	6.83523553475944e-42	1.01022974533559e-41	1.7357699855989	1.00735704250141	2.23676015325624e-13	1	5	10	7.25249762466582e-06	1	0	4.40562580250577	2.9125904202318
FABP5	RXRA	R-HSA-9839394	REACTOME_TGFBR3_EXPRESSION	9.03575069246225e-42	1.33252499222905e-41	12.4894381870585	1.31284069725308	1.92728480280641e-15	1	8	15	0.000170948963504306	1	0	5.44122530844092	-6.26133088253672
TNFSF14	LTBR	R-HSA-5668541	REACTOME_TNFR2_NON_CANONICAL_NF_KB_PATHWAY	3.06752577920389e-41	4.51383727597765e-41	11.7684530346916	1.02752846423599	8.63687295259321e-23	1	12	23	0.00901456671522766	1	0	6.24651934936472	5.02881930926486
SPP1	ITGA5	R-HSA-9634597	REACTOME_GPER1_SIGNALING	3.30716870133474e-41	4.85582100349149e-41	2.07296362438893	2.42913888059818	5.22150353740892e-12	1	10	19	0.000383482462437183	1	0	-6.17078968245005	4.59678455148382
CALM3	PDE1B	R-HSA-111996	REACTOME_CA_DEPENDENT_EVENTS	3.34946406184585e-41	4.90718424781345e-41	1.16804541563908	6.3433165550445	2.38970509278663e-17	1	7	14	0.000383482462437183	1	0	2.64785868437011	2.83657575404197
GNAS	ADCY1	R-HSA-164378	REACTOME_PKA_ACTIVATION_IN_GLUCAGON_SIGNALLING	4.02839707892017e-41	5.88900749445629e-41	3.76398475898122	10.1934443850419	6.03963968638949e-23	1	5	10	0.000383482462437183	1	0	1.25850542455686	-1.48387045560435
GNAS	ADCY1	R-HSA-163359	REACTOME_GLUCAGON_SIGNALING_IN_METABOLIC_REGULATION	8.85956056500403e-41	1.28674570110773e-40	3.76398475898122	10.1934443850419	6.03963968638949e-23	1	6	11	0.000383482462437183	1	0	1.25850542455686	-1.48387045560435
GNAS	ADCY1	R-HSA-432040	REACTOME_VASOPRESSIN_REGULATES_RENAL_WATER_HOMEOSTASIS_VIA_AQUAPORINS	8.85956056500403e-41	1.28674570110773e-40	3.76398475898122	10.1934443850419	6.03963968638949e-23	1	6	11	0.000383482462437183	1	0	1.25850542455686	-1.48387045560435
GNAS	ADCY1	R-HSA-445717	REACTOME_AQUAPORIN_MEDIATED_TRANSPORT	8.85956056500403e-41	1.28674570110773e-40	3.76398475898122	10.1934443850419	6.03963968638949e-23	1	6	11	0.000383482462437183	1	0	1.25850542455686	-1.48387045560435
NRG1	ERBB4	R-HSA-1227986	REACTOME_SIGNALING_BY_ERBB2	9.89511750436164e-41	1.43404402708999e-40	9.11083190183876	4.88971725190951	7.17501447342168e-11	1	14	26	0.00145834667994221	1	0	1.77777902773622	-6.13673360200089
NAMPT	INSR	R-HSA-74751	REACTOME_INSULIN_RECEPTOR_SIGNALLING_CASCADE	1.03629196512092e-40	1.49538044859384e-40	1.99261120207834	1.0907914649562	1.02341996099001e-07	1	13	25	0.00088240315793834	1	0	7.20391528672853	6.67262334454679
NAMPT	INSR	R-HSA-74752	REACTOME_SIGNALING_BY_INSULIN_RECEPTOR	1.03629196512092e-40	1.49538044859384e-40	1.99261120207834	1.0907914649562	1.02341996099001e-07	1	13	25	0.00088240315793834	1	0	7.20391528672853	6.67262334454679
MMP7	ERBB4	R-HSA-1963642	REACTOME_PI3K_EVENTS_IN_ERBB2_SIGNALING	1.18271510271654e-40	1.70300822730214e-40	3.74261492306019	4.88971725190951	1.41593706896155e-08	1	3	7	2.08892770355774e-07	1	0	4.66496561898362	-6.13673360200089
ABCA1	RXRA	R-HSA-9707616	REACTOME_HEME_SIGNALING	2.98758798362209e-40	4.29265853749556e-40	2.21371617309256	1.31284069725308	1.41929354185045e-10	1	9	18	0.000370114432584602	1	0	-3.59190427093961	-6.26133088253672
ADAM17	ITGA5	R-HSA-9634597	REACTOME_GPER1_SIGNALING	3.55766800654916e-40	5.10084451366343e-40	1.00899671615371	2.42913888059818	5.61700286823159e-11	1	10	19	0.000383482462437183	1	0	-4.9528261704907	4.59678455148382
GNAS	ADCY9	R-HSA-111996	REACTOME_CA_DEPENDENT_EVENTS	7.4318871004481e-40	1.06328278132211e-39	3.76398475898122	1.99678523810775	5.30234632318127e-16	1	7	14	0.000383482462437183	1	0	1.25850542455686	7.1741432008062
SPP1	ITGA4	R-HSA-8949275	REACTOME_RUNX3_REGULATES_IMMUNE_RESPONSE_AND_CELL_MIGRATION	1.05302198257467e-39	1.50335691554809e-39	2.07296362438893	13.5966335684701	5.57738746929744e-19	1	1	2	4.34513172364243e-11	1	0	-6.17078968245005	1.2094421227754
GNAS	ADCY9	R-HSA-170660	REACTOME_ADENYLATE_CYCLASE_ACTIVATING_PATHWAY	1.30555879309556e-39	1.85993619993019e-39	3.76398475898122	1.99678523810775	5.30234632318127e-16	1	2	4	8.50660207264817e-09	1	0	1.25850542455686	7.1741432008062
GNAS	ADCY9	R-HSA-9660821	REACTOME_ADORA2B_MEDIATED_ANTI_INFLAMMATORY_CYTOKINES_PRODUCTION	1.59200439286374e-39	2.26320963477027e-39	3.76398475898122	1.99678523810775	5.30234632318127e-16	1	8	15	0.000383482462437183	1	0	1.25850542455686	7.1741432008062
ADAM17	ERBB4	R-HSA-1963642	REACTOME_PI3K_EVENTS_IN_ERBB2_SIGNALING	2.48148889242233e-39	3.52025168459912e-39	1.00899671615371	4.88971725190951	2.97081867046999e-07	1	3	7	2.08892770355774e-07	1	0	-4.9528261704907	-6.13673360200089
CAP1	ROBO1	R-HSA-428543	REACTOME_INACTIVATION_OF_CDC42_AND_RAC1	4.34805754701372e-39	6.15516163300888e-39	5.22130686990453	8.11982232774732	1.65838635906932e-26	1	2	5	0.000478576607908509	1	0	-4.5672573045487	-4.77785368541503
UBC	TLR4	R-HSA-2562578	REACTOME_TRIF_MEDIATED_PROGRAMMED_CELL_DEATH	5.83923969915259e-39	8.24869439606608e-39	3.52017670707888	4.91616438947607	3.60665486583381e-22	1	2	5	4.24203368786705e-05	1	0	-3.94473839238796	5.57081769910517
TNF	TNFRSF1B	R-HSA-5669034	REACTOME_TNFS_BIND_THEIR_PHYSIOLOGICAL_RECEPTORS	7.75556601974045e-39	1.09327411748862e-38	9.41508011558655	4.29981476712183	3.48559998686319e-27	1	1	2	1.49165358747916e-06	1	0	-6.26133088253672	9.65409933007707
GNAS	ADCY1	R-HSA-170670	REACTOME_ADENYLATE_CYCLASE_INHIBITORY_PATHWAY	1.0785055960206e-38	1.51714309209606e-38	3.76398475898122	10.1934443850419	6.03963968638949e-23	1	3	6	5.87408508577458e-05	1	0	1.25850542455686	-1.48387045560435
NRG1	ERBB4	R-HSA-1236394	REACTOME_SIGNALING_BY_ERBB4	1.73775245846967e-38	2.43939727956726e-38	9.11083190183876	4.88971725190951	7.17501447342168e-11	1	15	29	0.00431132176272608	1	0	1.77777902773622	-6.13673360200089
MMP7	ERBB4	R-HSA-1227986	REACTOME_SIGNALING_BY_ERBB2	1.95272967435205e-38	2.73545221605475e-38	3.74261492306019	4.88971725190951	1.41593706896155e-08	1	14	26	0.00145834667994221	1	0	4.66496561898362	-6.13673360200089
B2M	TFRC	R-HSA-9013409	REACTOME_RHOJ_GTPASE_CYCLE	2.08531318852949e-38	2.91509406146519e-38	2.87849346100954	1.10895246491767	2.15401207739961e-10	1	6	12	3.83615227190129e-05	1	0	5.12896695992452	6.57874248188595
SPP1	ITGB5	R-HSA-2129379	REACTOME_MOLECULES_ASSOCIATED_WITH_ELASTIC_FIBRES	5.60440147452953e-38	7.81819831478028e-38	2.07296362438893	1.00735704250141	1.83398243371863e-09	1	5	10	7.25249762466582e-06	1	0	-6.17078968245005	2.9125904202318
ARTN	RET	R-HSA-8853659	REACTOME_RET_SIGNALING	1.77303034627424e-37	2.46826423724069e-37	3.86734999868736	6.40496106823211	7.53731300982716e-17	1	8	15	0.00088240315793834	1	0	1.25406619325863	4.50814232928115
VASP	ROBO1	R-HSA-428540	REACTOME_ACTIVATION_OF_RAC1	1.77734469886024e-37	2.46914760442075e-37	1.45145557841236	8.11982232774732	1.76326721749385e-19	1	4	9	0.000478576607908509	1	0	5.58210964653241	-4.77785368541503
GNAS	ADCY9	R-HSA-9634597	REACTOME_GPER1_SIGNALING	1.79328176105652e-37	2.48614062328291e-37	3.76398475898122	1.99678523810775	5.30234632318127e-16	1	8	16	0.00145834667994221	1	0	1.25850542455686	7.1741432008062
ADAM15	ITGA5	R-HSA-445144	REACTOME_SIGNAL_TRANSDUCTION_BY_L1	1.96976121649601e-37	2.72517479643056e-37	1.35477312575793	2.42913888059818	4.2440668369718e-14	1	8	15	0.000404946042816148	1	0	-0.800247206289881	4.59678455148382
UBC	ERBB4	R-HSA-8847993	REACTOME_ERBB2_ACTIVATES_PTK6_SIGNALING	3.67407044618662e-37	5.07263635677207e-37	3.52017670707888	4.88971725190951	4.0306700721696e-17	1	1	3	2.08892770355774e-07	1	0	-3.94473839238796	-6.13673360200089
ADAM17	ERBB4	R-HSA-1227986	REACTOME_SIGNALING_BY_ERBB2	4.09707881947074e-37	5.64505110444531e-37	1.00899671615371	4.88971725190951	2.97081867046999e-07	1	14	26	0.00145834667994221	1	0	-4.9528261704907	-6.13673360200089
CXCL13	CXCR5	R-HSA-380108	REACTOME_CHEMOKINE_RECEPTORS_BIND_CHEMOKINES	4.8602074061473e-37	6.68278518345254e-37	15.7382632027543	8.67287924537401	2.75246593824622e-12	1	4	8	5.00898870299719e-06	1	0	7.37550173644415	7.02320411232455
ICAM2	ITGB2	R-HSA-216083	REACTOME_INTEGRIN_CELL_SURFACE_INTERACTIONS	5.59081770122317e-37	7.67165373726124e-37	5.31892854746127	12.0804768072287	3.3571516723766e-26	1	1	2	4.080864590593e-06	1	0	6.40545110870083	5.29998149639834
ABCA1	RXRA	R-HSA-9839394	REACTOME_TGFBR3_EXPRESSION	6.65411909278182e-37	9.11206920664612e-37	2.21371617309256	1.31284069725308	1.41929354185045e-10	1	8	15	0.000170948963504306	1	0	-3.59190427093961	-6.26133088253672
GNAS	ADCY9	R-HSA-111931	REACTOME_PKA_MEDIATED_PHOSPHORYLATION_OF_CREB	6.85057607640303e-37	9.36198889463633e-37	3.76398475898122	1.99678523810775	5.30234632318127e-16	1	6	11	0.000118706089083294	1	0	1.25850542455686	7.1741432008062
VASP	ROBO1	R-HSA-428542	REACTOME_REGULATION_OF_COMMISSURAL_AXON_PATHFINDING_BY_SLIT_AND_ROBO	1.41407643563628e-36	1.92854733396736e-36	1.45145557841236	8.11982232774732	1.76326721749385e-19	1	1	2	2.83189652226284e-09	1	0	5.58210964653241	-4.77785368541503
UBC	ERBB4	R-HSA-6785631	REACTOME_ERBB2_REGULATES_CELL_MOTILITY	1.46962794822863e-36	2.00024412426249e-36	3.52017670707888	4.88971725190951	4.0306700721696e-17	1	2	4	2.08892770355774e-07	1	0	-3.94473839238796	-6.13673360200089
MMP9	ITGB2	R-HSA-216083	REACTOME_INTEGRIN_CELL_SURFACE_INTERACTIONS	1.76573600286102e-36	2.39839849781325e-36	13.7658897941133	12.0804768072287	1.06028203596829e-25	1	1	2	4.080864590593e-06	1	0	4.82203949290452	5.29998149639834
FABP5	RXRA	R-HSA-5362517	REACTOME_SIGNALING_BY_RETINOIC_ACID	2.38171864518135e-36	3.22855194124583e-36	12.4894381870585	1.31284069725308	1.92728480280641e-15	1	4	8	2.94277932903927e-05	1	0	5.44122530844092	-6.26133088253672
MMP7	ERBB4	R-HSA-1236394	REACTOME_SIGNALING_BY_ERBB4	3.42932844489841e-36	4.63927295670732e-36	3.74261492306019	4.88971725190951	1.41593706896155e-08	1	15	29	0.00431132176272608	1	0	4.66496561898362	-6.13673360200089
HBEGF	ERBB4	R-HSA-8847993	REACTOME_ERBB2_ACTIVATES_PTK6_SIGNALING	4.01665570665965e-36	5.42288929410186e-36	2.99986575373671	4.88971725190951	4.40650613105309e-16	1	1	3	2.08892770355774e-07	1	0	-3.89320695131248	-6.13673360200089
ITGAM	ITGB2	R-HSA-216083	REACTOME_INTEGRIN_CELL_SURFACE_INTERACTIONS	4.02682807988992e-36	5.42570610764284e-36	15.2376783139059	12.0804768072287	2.41801349019444e-25	1	1	2	4.080864590593e-06	1	0	-3.84308910612519	5.29998149639834
FABP5	RXRA	R-HSA-383280	REACTOME_NUCLEAR_RECEPTOR_TRANSCRIPTION_PATHWAY	4.27951062989194e-36	5.75461249029557e-36	12.4894381870585	1.31284069725308	1.92728480280641e-15	1	10	19	0.00274830968212373	1	0	5.44122530844092	-6.26133088253672
ICAM3	ITGB2	R-HSA-216083	REACTOME_INTEGRIN_CELL_SURFACE_INTERACTIONS	6.53044461162413e-36	8.76385666879958e-36	6.69809789588698	12.0804768072287	3.92137505118083e-25	1	1	2	4.080864590593e-06	1	0	-5.34869632005948	5.29998149639834
CAP1	ROBO1	R-HSA-428890	REACTOME_ROLE_OF_ABL_IN_ROBO_SLIT_SIGNALING	1.45497319615321e-35	1.94867667588584e-35	5.22130686990453	8.11982232774732	1.65838635906932e-26	1	3	6	0.00276854100429128	1	0	-4.5672573045487	-4.77785368541503
HBEGF	ERBB4	R-HSA-6785631	REACTOME_ERBB2_REGULATES_CELL_MOTILITY	1.60666203094877e-35	2.14755024455502e-35	2.99986575373671	4.88971725190951	4.40650613105309e-16	1	2	4	2.08892770355774e-07	1	0	-3.89320695131248	-6.13673360200089
SPP1	ITGA5	R-HSA-445144	REACTOME_SIGNAL_TRANSDUCTION_BY_L1	2.42341027011803e-35	3.23281966451132e-35	2.07296362438893	2.42913888059818	5.22150353740892e-12	1	8	15	0.000404946042816148	1	0	-6.17078968245005	4.59678455148382
UBC	TLR4	R-HSA-937041	REACTOME_IKK_COMPLEX_RECRUITMENT_MEDIATED_BY_RIP1	2.49194792690332e-35	3.31765289474629e-35	3.52017670707888	4.91616438947607	3.60665486583381e-22	1	7	14	0.00836886185722281	1	0	-3.94473839238796	5.57081769910517
UBC	TLR4	R-HSA-5686938	REACTOME_REGULATION_OF_TLR_BY_ENDOGENOUS_LIGAND	2.6790486074322e-35	3.55968636749902e-35	3.52017670707888	4.91616438947607	3.60665486583381e-22	1	1	3	4.20363825914485e-05	1	0	-3.94473839238796	5.57081769910517
ADAM28	ITGA4	R-HSA-198933	REACTOME_IMMUNOREGULATORY_INTERACTIONS_BETWEEN_A_LYMPHOID_AND_A_NON_LYMPHOID_CELL	2.72122335196646e-35	3.60857879282509e-35	12.5193705113967	13.5966335684701	1.22796034969975e-28	1	1	2	0.00047074955988614	1	0	3.02032024836281	1.2094421227754
SLPI	CD4	R-HSA-449836	REACTOME_OTHER_INTERLEUKIN_SIGNALING	4.6993810903791e-35	6.21949647267136e-35	10.995341921812	13.7536923591771	1.38507529863141e-18	1	2	4	2.03940110967281e-06	1	0	-5.96683562719533	0.216664232141217
GNAS	ADCY1	R-HSA-170660	REACTOME_ADENYLATE_CYCLASE_ACTIVATING_PATHWAY	4.89635149343559e-35	6.46742490569937e-35	3.76398475898122	10.1934443850419	6.03963968638949e-23	1	2	4	5.87408508577458e-05	1	0	1.25850542455686	-1.48387045560435
UBC	ERBB4	R-HSA-1227990	REACTOME_SIGNALING_BY_ERBB2_IN_CANCER	5.3892916857848e-35	7.10454758577918e-35	3.52017670707888	4.88971725190951	4.0306700721696e-17	1	8	16	0.0036660397019443	1	0	-3.94473839238796	-6.13673360200089
B2M	TFRC	R-HSA-9013406	REACTOME_RHOQ_GTPASE_CYCLE	5.8537303354738e-35	7.70167265706455e-35	2.87849346100954	1.10895246491767	2.15401207739961e-10	1	6	12	0.000119268724459176	1	0	5.12896695992452	6.57874248188595
PTDSS1	SCARB1	R-HSA-8964043	REACTOME_PLASMA_LIPOPROTEIN_CLEARANCE	6.12331704548877e-35	8.04059831217801e-35	2.11437942993017	1.70042079671247	2.87219824226796e-16	1	9	17	0.00274830968212373	1	0	4.28256180518807	0.347671380696082
ADAM17	ERBB4	R-HSA-1236394	REACTOME_SIGNALING_BY_ERBB4	7.19517356710622e-35	9.42961223345366e-35	1.00899671615371	4.88971725190951	2.97081867046999e-07	1	15	29	0.00431132176272608	1	0	-4.9528261704907	-6.13673360200089
TYROBP	CD300LB	R-HSA-198933	REACTOME_IMMUNOREGULATORY_INTERACTIONS_BETWEEN_A_LYMPHOID_AND_A_NON_LYMPHOID_CELL	9.6809561707278e-35	1.26626151862736e-34	10.944778939954	11.9846534552876	6.88840058303975e-20	1	1	2	3.74886610687286e-08	1	0	-1.44289795259782	-6.26133088253672
ALOX5AP	ALOX5	R-HSA-9018678	REACTOME_BIOSYNTHESIS_OF_SPECIALIZED_PRORESOLVING_MEDIATORS_SPMS	1.92037631535488e-34	2.50695040389713e-34	16.9600013883733	11.1629884355526	7.69914104791043e-28	1	2	4	0.00396941318197032	1	0	3.65616188353206	6.08903350525057
TGFB1	SDC2	R-HSA-3000170	REACTOME_SYNDECAN_INTERACTIONS	2.04889537150626e-34	2.66953163938e-34	2.30705163465044	7.13201886453031	1.7650261287609e-23	1	4	8	0.00291037416401021	1	0	5.68415120557093	-0.341519614916448
ADAM17	ITGA5	R-HSA-445144	REACTOME_SIGNAL_TRANSDUCTION_BY_L1	2.60696987766664e-34	3.39007129440758e-34	1.00899671615371	2.42913888059818	5.61700286823159e-11	1	8	15	0.000404946042816148	1	0	-4.9528261704907	4.59678455148382
S100A9	TLR4	R-HSA-5603041	REACTOME_IRAK4_DEFICIENCY_TLR2_4	3.09748245083709e-34	4.02013679789495e-34	17.4391017476099	4.91616438947607	1.12381107270363e-13	1	3	7	4.20363825914485e-05	1	0	-0.709739665426797	5.57081769910517
GNAS	ADCY9	R-HSA-164378	REACTOME_PKA_ACTIVATION_IN_GLUCAGON_SIGNALLING	3.53662760509734e-34	4.58122996722069e-34	3.76398475898122	1.99678523810775	5.30234632318127e-16	1	5	10	0.000383482462437183	1	0	1.25850542455686	7.1741432008062
FABP5	RXRA	R-HSA-1368108	REACTOME_BMAL1_CLOCK_NPAS2_ACTIVATES_CIRCADIAN_GENE_EXPRESSION	3.878351315647e-34	5.01420757764767e-34	12.4894381870585	1.31284069725308	1.92728480280641e-15	1	6	11	0.000275377622812665	1	0	5.44122530844092	-6.26133088253672
ITGB2	ITGAL	R-HSA-8949275	REACTOME_RUNX3_REGULATES_IMMUNE_RESPONSE_AND_CELL_MIGRATION	4.95071101950839e-34	6.38832133478871e-34	12.0804768072287	12.454693156539	5.08184654298843e-25	1	1	3	0.00099132336724617	1	0	5.29998149639834	1.41515271199705
GDF11	ACVR1B	R-HSA-1181150	REACTOME_SIGNALING_BY_NODAL	5.46460034829728e-34	7.03790179214487e-34	2.94364829289679	1.73204834448105	2.990078622665e-16	1	5	10	0.000453651153467379	1	0	-5.40950070628713	-4.38130987805961
YWHAZ	CSF2RB	R-HSA-912526	REACTOME_INTERLEUKIN_RECEPTOR_SHC_SIGNALING	5.67442806223958e-34	7.29414028690184e-34	1.86659735977977	8.22845450995784	5.13961324810341e-22	1	6	11	0.0036660397019443	1	0	3.53509749983189	5.1279636248526
HBEGF	ERBB4	R-HSA-1227990	REACTOME_SIGNALING_BY_ERBB2_IN_CANCER	5.89181114559973e-34	7.55909231108493e-34	2.99986575373671	4.88971725190951	4.40650613105309e-16	1	8	16	0.0036660397019443	1	0	-3.89320695131248	-6.13673360200089
GDF11	ACVR1B	R-HSA-1502540	REACTOME_SIGNALING_BY_ACTIVIN	6.08070184268629e-34	7.78654758863072e-34	2.94364829289679	1.73204834448105	2.990078622665e-16	1	6	11	0.000404946042816148	1	0	-5.40950070628713	-4.38130987805961
VEGFA	RET	R-HSA-8853659	REACTOME_RET_SIGNALING	6.40335839065828e-34	8.18410186691754e-34	1.00775272930596	6.40496106823211	2.72212580037982e-13	1	8	15	0.00088240315793834	1	0	7.1257723153989	4.50814232928115
GNAS	ADCY9	R-HSA-163359	REACTOME_GLUCAGON_SIGNALING_IN_METABOLIC_REGULATION	7.77802333021848e-34	9.88457131548599e-34	3.76398475898122	1.99678523810775	5.30234632318127e-16	1	6	11	0.000383482462437183	1	0	1.25850542455686	7.1741432008062
GNAS	ADCY9	R-HSA-432040	REACTOME_VASOPRESSIN_REGULATES_RENAL_WATER_HOMEOSTASIS_VIA_AQUAPORINS	7.77802333021848e-34	9.88457131548599e-34	3.76398475898122	1.99678523810775	5.30234632318127e-16	1	6	11	0.000383482462437183	1	0	1.25850542455686	7.1741432008062
GNAS	ADCY9	R-HSA-445717	REACTOME_AQUAPORIN_MEDIATED_TRANSPORT	7.77802333021848e-34	9.88457131548599e-34	3.76398475898122	1.99678523810775	5.30234632318127e-16	1	6	11	0.000383482462437183	1	0	1.25850542455686	7.1741432008062
S100A9	TLR4	R-HSA-5357769	REACTOME_CASPASE_ACTIVATION_VIA_EXTRINSIC_APOPTOTIC_SIGNALLING_PATHWAY	8.64382252444802e-34	1.09434054979332e-33	17.4391017476099	4.91616438947607	1.12381107270363e-13	1	4	8	4.24203368786705e-05	1	0	-0.709739665426797	5.57081769910517
S100A9	TLR4	R-HSA-140534	REACTOME_CASPASE_ACTIVATION_VIA_DEATH_RECEPTORS_IN_THE_PRESENCE_OF_LIGAND	8.64382252444802e-34	1.09434054979332e-33	17.4391017476099	4.91616438947607	1.12381107270363e-13	1	4	8	4.24203368786705e-05	1	0	-0.709739665426797	5.57081769910517
GNAS	ADCY1	R-HSA-442720	REACTOME_CREB1_PHOSPHORYLATION_THROUGH_THE_ACTIVATION_OF_ADENYLATE_CYCLASE	1.06287616113868e-33	1.34310716407543e-33	3.76398475898122	10.1934443850419	6.03963968638949e-23	1	3	7	0.00384776339192545	1	0	1.25850542455686	-1.48387045560435
B2M	TYROBP	R-HSA-198933	REACTOME_IMMUNOREGULATORY_INTERACTIONS_BETWEEN_A_LYMPHOID_AND_A_NON_LYMPHOID_CELL	2.47107112331258e-33	3.11670812733598e-33	2.87849346100954	10.944778939954	2.69868007886523e-21	1	1	2	9.56900807863807e-07	1	0	5.12896695992452	-1.44289795259782
ALOX5AP	ALOX5	R-HSA-2142688	REACTOME_SYNTHESIS_OF_5_EICOSATETRAENOIC_ACIDS	1.21309521914699e-32	1.52717991003307e-32	16.9600013883733	11.1629884355526	7.69914104791043e-28	1	1	2	0.00396941318197032	1	0	3.65616188353206	6.08903350525057
ARTN	RET	R-HSA-9830369	REACTOME_KIDNEY_DEVELOPMENT	3.65632384063813e-32	4.59436947016514e-32	3.86734999868736	6.40496106823211	7.53731300982716e-17	1	3	7	0.00047074955988614	1	0	1.25406619325863	4.50814232928115
VASP	ROBO1	R-HSA-428543	REACTOME_INACTIVATION_OF_CDC42_AND_RAC1	4.62304051796988e-32	5.79824334122951e-32	1.45145557841236	8.11982232774732	1.76326721749385e-19	1	2	5	0.000478576607908509	1	0	5.58210964653241	-4.77785368541503
UBC	ERBB4	R-HSA-1251985	REACTOME_NUCLEAR_SIGNALING_BY_ERBB4	5.00981585582174e-32	6.27161649114998e-32	3.52017670707888	4.88971725190951	4.0306700721696e-17	1	7	13	0.00256683510262055	1	0	-3.94473839238796	-6.13673360200089
C3	ITGB2	R-HSA-216083	REACTOME_INTEGRIN_CELL_SURFACE_INTERACTIONS	5.69128166557669e-32	7.11145250950086e-32	4.65899964743801	12.0804768072287	3.41747786864468e-21	1	1	2	4.080864590593e-06	1	0	-5.04778764026622	5.29998149639834
SLPI	CD4	R-HSA-164938	REACTOME_NEF_MEDIATES_DOWN_MODULATION_OF_CELL_SURFACE_RECEPTORS_BY_RECRUITING_THEM_TO_CLATHRIN_ADAPTERS	6.59361684165805e-32	8.2083801498192e-32	10.995341921812	13.7536923591771	1.38507529863141e-18	1	3	6	0.000237372828849774	1	0	-5.96683562719533	0.216664232141217
SLPI	CD4	R-HSA-167590	REACTOME_NEF_MEDIATED_CD4_DOWN_REGULATION	6.59361684165805e-32	8.2083801498192e-32	10.995341921812	13.7536923591771	1.38507529863141e-18	1	3	6	0.000237372828849774	1	0	-5.96683562719533	0.216664232141217
TGFB1	CXCR4	R-HSA-9823730	REACTOME_FORMATION_OF_DEFINITIVE_ENDODERM	7.37931986434066e-32	9.16948820180108e-32	2.30705163465044	2.81515252197528	1.00904758070442e-13	1	4	9	0.000453651153467379	1	0	5.68415120557093	-6.18026224855868
ICAM2	ITGAL	R-HSA-8949275	REACTOME_RUNX3_REGULATES_IMMUNE_RESPONSE_AND_CELL_MIGRATION	1.21507011600007e-31	1.50704629914242e-31	5.31892854746127	12.454693156539	1.247255160754e-22	1	1	3	0.00099132336724617	1	0	6.40545110870083	1.41515271199705
ABCA1	RXRA	R-HSA-5362517	REACTOME_SIGNALING_BY_RETINOIC_ACID	1.75394829383202e-31	2.17140093203189e-31	2.21371617309256	1.31284069725308	1.41929354185045e-10	1	4	8	2.94277932903927e-05	1	0	-3.59190427093961	-6.26133088253672
TNFSF14	LTBR	R-HSA-5676594	REACTOME_TNF_RECEPTOR_SUPERFAMILY_TNFSF_MEMBERS_MEDIATING_NON_CANONICAL_NF_KB_PATHWAY	2.81479382151728e-31	3.47831796360607e-31	11.7684530346916	1.02752846423599	8.63687295259321e-23	1	4	8	0.00901456671522766	1	0	6.24651934936472	5.02881930926486
ABCA1	RXRA	R-HSA-383280	REACTOME_NUCLEAR_RECEPTOR_TRANSCRIPTION_PATHWAY	3.15152269682275e-31	3.88726420876483e-31	2.21371617309256	1.31284069725308	1.41929354185045e-10	1	10	19	0.00274830968212373	1	0	-3.59190427093961	-6.26133088253672
CALM3	PDE1B	R-HSA-392154	REACTOME_NITRIC_OXIDE_STIMULATES_GUANYLATE_CYCLASE	4.69658926388355e-31	5.7824062313135e-31	1.16804541563908	6.3433165550445	2.38970509278663e-17	1	2	4	1.70004834850437e-05	1	0	2.64785868437011	2.83657575404197
HBEGF	ERBB4	R-HSA-1251985	REACTOME_NUCLEAR_SIGNALING_BY_ERBB4	5.47695144699419e-31	6.73083227277125e-31	2.99986575373671	4.88971725190951	4.40650613105309e-16	1	7	13	0.00256683510262055	1	0	-3.89320695131248	-6.13673360200089
ALOX5AP	ALOX5	R-HSA-9018679	REACTOME_BIOSYNTHESIS_OF_EPA_DERIVED_SPMS	5.52552316875111e-31	6.77810977373308e-31	16.9600013883733	11.1629884355526	7.69914104791043e-28	1	1	2	0.0267895589806071	1	0	3.65616188353206	6.08903350525057
NRG1	ERBB4	R-HSA-8847993	REACTOME_ERBB2_ACTIVATES_PTK6_SIGNALING	6.54022982674198e-31	8.00820111997056e-31	9.11083190183876	4.88971725190951	7.17501447342168e-11	1	1	3	2.08892770355774e-07	1	0	1.77777902773622	-6.13673360200089
B2M	TFRC	R-HSA-8980692	REACTOME_RHOA_GTPASE_CYCLE	8.66198490856319e-31	1.05868704437995e-30	2.87849346100954	1.10895246491767	2.15401207739961e-10	1	4	9	0.000190568218019868	1	0	5.12896695992452	6.57874248188595
ICAM3	ITGAL	R-HSA-8949275	REACTOME_RUNX3_REGULATES_IMMUNE_RESPONSE_AND_CELL_MIGRATION	1.41928220804663e-30	1.73152429381688e-30	6.69809789588698	12.454693156539	1.45687646765594e-21	1	1	3	0.00099132336724617	1	0	-5.34869632005948	1.41515271199705
B2M	TFRC	R-HSA-9013423	REACTOME_RAC3_GTPASE_CYCLE	1.68098284576058e-30	2.04707711343984e-30	2.87849346100954	1.10895246491767	2.15401207739961e-10	1	3	7	5.17638612337691e-05	1	0	5.12896695992452	6.57874248188595
S100A9	TLR4	R-HSA-2562578	REACTOME_TRIF_MEDIATED_PROGRAMMED_CELL_DEATH	1.81947052717538e-30	2.21171145604109e-30	17.4391017476099	4.91616438947607	1.12381107270363e-13	1	2	5	4.24203368786705e-05	1	0	-0.709739665426797	5.57081769910517
NRG1	ERBB4	R-HSA-6785631	REACTOME_ERBB2_REGULATES_CELL_MOTILITY	2.61609152083478e-30	3.17431719797494e-30	9.11083190183876	4.88971725190951	7.17501447342168e-11	1	2	4	2.08892770355774e-07	1	0	1.77777902773622	-6.13673360200089
TYROBP	TREM2	R-HSA-416700	REACTOME_OTHER_SEMAPHORIN_INTERACTIONS	9.13981712657799e-30	1.107006731396e-29	10.944778939954	16.2807834091155	8.804210604176e-29	1	1	2	0.322198520448089	1	0	-1.44289795259782	5.6673025299191
UBC	ERBB4	R-HSA-9620244	REACTOME_LONG_TERM_POTENTIATION	2.60484814310889e-29	3.14928487211904e-29	3.52017670707888	4.88971725190951	4.0306700721696e-17	1	2	4	5.44654341262866e-05	1	0	-3.94473839238796	-6.13673360200089
ABCA1	RXRA	R-HSA-1368108	REACTOME_BMAL1_CLOCK_NPAS2_ACTIVATES_CIRCADIAN_GENE_EXPRESSION	2.85610044105032e-29	3.44684064018843e-29	2.21371617309256	1.31284069725308	1.41929354185045e-10	1	6	11	0.000275377622812665	1	0	-3.59190427093961	-6.26133088253672
UBC	TLR4	R-HSA-936964	REACTOME_ACTIVATION_OF_IRF3_IRF7_MEDIATED_BY_TBK1_IKK_IKBKE	7.41835671749966e-29	8.92064042552379e-29	3.52017670707888	4.91616438947607	3.60665486583381e-22	1	5	10	0.0321047350749551	1	0	-3.94473839238796	5.57081769910517
UBC	TLR4	R-HSA-937072	REACTOME_TRAF6_MEDIATED_INDUCTION_OF_TAK1_COMPLEX_WITHIN_TLR4_COMPLEX	7.41835671749966e-29	8.92064042552379e-29	3.52017670707888	4.91616438947607	3.60665486583381e-22	1	5	10	0.0321047350749551	1	0	-3.94473839238796	5.57081769910517
NRG1	ERBB4	R-HSA-1227990	REACTOME_SIGNALING_BY_ERBB2_IN_CANCER	9.59350310361249e-29	1.15156361046941e-28	9.11083190183876	4.88971725190951	7.17501447342168e-11	1	8	16	0.0036660397019443	1	0	1.77777902773622	-6.13673360200089
UBC	ERBB4	R-HSA-8863795	REACTOME_DOWNREGULATION_OF_ERBB2_SIGNALING	1.21502133624526e-28	1.45585592253674e-28	3.52017670707888	4.88971725190951	4.0306700721696e-17	1	6	12	0.00875900639933897	1	0	-3.94473839238796	-6.13673360200089
MMP7	ERBB4	R-HSA-8847993	REACTOME_ERBB2_ACTIVATES_PTK6_SIGNALING	1.2906669227659e-28	1.54373886840627e-28	3.74261492306019	4.88971725190951	1.41593706896155e-08	1	1	3	2.08892770355774e-07	1	0	4.66496561898362	-6.13673360200089
VEGFA	RET	R-HSA-9830369	REACTOME_KIDNEY_DEVELOPMENT	1.32049358281501e-28	1.57660354816526e-28	1.00775272930596	6.40496106823211	2.72212580037982e-13	1	3	7	0.00047074955988614	1	0	7.1257723153989	4.50814232928115
ICAM5	ITGB2	R-HSA-216083	REACTOME_INTEGRIN_CELL_SURFACE_INTERACTIONS	1.41662954897425e-28	1.68838086565137e-28	2.4805621658084	12.0804768072287	8.50652000052964e-18	1	1	2	4.080864590593e-06	1	0	5.71522648707572	5.29998149639834
VASP	ROBO1	R-HSA-428890	REACTOME_ROLE_OF_ABL_IN_ROBO_SLIT_SIGNALING	1.54698965357443e-28	1.8404788254405e-28	1.45145557841236	8.11982232774732	1.76326721749385e-19	1	3	6	0.00276854100429128	1	0	5.58210964653241	-4.77785368541503
FABP5	RXRA	R-HSA-192105	REACTOME_SYNTHESIS_OF_BILE_ACIDS_AND_BILE_SALTS	1.66172965422499e-28	1.97000105651054e-28	12.4894381870585	1.31284069725308	1.92728480280641e-15	1	3	6	0.000275377622812665	1	0	5.44122530844092	-6.26133088253672
FABP5	RXRA	R-HSA-193368	REACTOME_SYNTHESIS_OF_BILE_ACIDS_AND_BILE_SALTS_VIA_7ALPHA_HYDROXYCHOLESTEROL	1.66172965422499e-28	1.97000105651054e-28	12.4894381870585	1.31284069725308	1.92728480280641e-15	1	3	6	0.000275377622812665	1	0	5.44122530844092	-6.26133088253672
HBEGF	ERBB4	R-HSA-9620244	REACTOME_LONG_TERM_POTENTIATION	2.84773477053485e-28	3.37007060146188e-28	2.99986575373671	4.88971725190951	4.40650613105309e-16	1	2	4	5.44654341262866e-05	1	0	-3.89320695131248	-6.13673360200089
MMP7	ERBB4	R-HSA-6785631	REACTOME_ERBB2_REGULATES_CELL_MOTILITY	5.16266688223065e-28	6.09885471474783e-28	3.74261492306019	4.88971725190951	1.41593706896155e-08	1	2	4	2.08892770355774e-07	1	0	4.66496561898362	-6.13673360200089
UBC	TLR4	R-HSA-9824878	REACTOME_REGULATION_OF_TBK1_IKK_IKBKE_MEDIATED_ACTIVATION_OF_IRF3_IRF7	6.35088428685519e-28	7.48935563528969e-28	3.52017670707888	4.91616438947607	3.60665486583381e-22	1	4	8	0.0321047350749551	1	0	-3.94473839238796	5.57081769910517
HBEGF	ERBB4	R-HSA-8863795	REACTOME_DOWNREGULATION_OF_ERBB2_SIGNALING	1.32831486369788e-27	1.56368293603732e-27	2.99986575373671	4.88971725190951	4.40650613105309e-16	1	6	12	0.00875900639933897	1	0	-3.89320695131248	-6.13673360200089
CALM3	PDE1B	R-HSA-418346	REACTOME_PLATELET_HOMEOSTASIS	1.73189382143198e-27	2.03520272185789e-27	1.16804541563908	6.3433165550445	2.38970509278663e-17	1	3	7	0.00510896189248081	1	0	2.64785868437011	2.83657575404197
ADAM17	ERBB4	R-HSA-8847993	REACTOME_ERBB2_ACTIVATES_PTK6_SIGNALING	2.70798574001815e-27	3.17667557963668e-27	1.00899671615371	4.88971725190951	2.97081867046999e-07	1	1	3	2.08892770355774e-07	1	0	-4.9528261704907	-6.13673360200089
CAP1	ROBO1	R-HSA-9010553	REACTOME_REGULATION_OF_EXPRESSION_OF_SLITS_AND_ROBOS	4.12448429141742e-27	4.82989347214849e-27	5.22130686990453	8.11982232774732	1.65838635906932e-26	1	1	2	0.498702985931593	1	0	-4.5672573045487	-4.77785368541503
FABP5	RXRA	R-HSA-9029558	REACTOME_NR1H2_NR1H3_REGULATE_GENE_EXPRESSION_LINKED_TO_LIPOGENESIS	6.31687120184889e-27	7.38435640494879e-27	12.4894381870585	1.31284069725308	1.92728480280641e-15	1	3	7	0.00274830968212373	1	0	5.44122530844092	-6.26133088253672
S100A9	TLR4	R-HSA-937041	REACTOME_IKK_COMPLEX_RECRUITMENT_MEDIATED_BY_RIP1	7.76475370400428e-27	9.06112997458586e-27	17.4391017476099	4.91616438947607	1.12381107270363e-13	1	7	14	0.00836886185722281	1	0	-0.709739665426797	5.57081769910517
S100A9	TLR4	R-HSA-5686938	REACTOME_REGULATION_OF_TLR_BY_ENDOGENOUS_LIGAND	8.34774770900488e-27	9.72454637628868e-27	17.4391017476099	4.91616438947607	1.12381107270363e-13	1	1	3	4.20363825914485e-05	1	0	-0.709739665426797	5.57081769910517
ADAM17	ERBB4	R-HSA-6785631	REACTOME_ERBB2_REGULATES_CELL_MOTILITY	1.08319412630367e-26	1.25965902729595e-26	1.00899671615371	4.88971725190951	2.97081867046999e-07	1	2	4	2.08892770355774e-07	1	0	-4.9528261704907	-6.13673360200089
MMP7	ERBB4	R-HSA-1227990	REACTOME_SIGNALING_BY_ERBB2_IN_CANCER	1.89320825984685e-26	2.19782481376684e-26	3.74261492306019	4.88971725190951	1.41593706896155e-08	1	8	16	0.0036660397019443	1	0	4.66496561898362	-6.13673360200089
FABP5	RXRA	R-HSA-193807	REACTOME_SYNTHESIS_OF_BILE_ACIDS_AND_BILE_SALTS_VIA_27_HYDROXYCHOLESTEROL	4.02468445803664e-26	4.66418527002173e-26	12.4894381870585	1.31284069725308	1.92728480280641e-15	1	1	3	0.000275377622812665	1	0	5.44122530844092	-6.26133088253672
FABP5	RXRA	R-HSA-200425	REACTOME_CARNITINE_METABOLISM	4.31091739421769e-26	4.98728546813805e-26	12.4894381870585	1.31284069725308	1.92728480280641e-15	1	3	6	0.00110554206050022	1	0	5.44122530844092	-6.26133088253672
CALM3	INSR	R-HSA-74713	REACTOME_IRS_ACTIVATION	7.76293637902978e-26	8.96545664428397e-26	1.16804541563908	1.0907914649562	3.58123417651712e-10	1	1	3	6.00709410499845e-06	1	0	2.64785868437011	6.67262334454679
NRG1	ERBB4	R-HSA-1251985	REACTOME_NUCLEAR_SIGNALING_BY_ERBB4	8.91799642022051e-26	1.02817450136907e-25	9.11083190183876	4.88971725190951	7.17501447342168e-11	1	7	13	0.00256683510262055	1	0	1.77777902773622	-6.13673360200089
SPP1	ITGA4	R-HSA-198933	REACTOME_IMMUNOREGULATORY_INTERACTIONS_BETWEEN_A_LYMPHOID_AND_A_NON_LYMPHOID_CELL	1.23597777632871e-25	1.42254045954814e-25	2.07296362438893	13.5966335684701	5.57738746929744e-19	1	1	2	0.00047074955988614	1	0	-6.17078968245005	1.2094421227754
CALM3	INSR	R-HSA-74749	REACTOME_SIGNAL_ATTENUATION	2.18155822976878e-25	2.5065506372857e-25	1.16804541563908	1.0907914649562	3.58123417651712e-10	1	4	8	0.000404946042816148	1	0	2.64785868437011	6.67262334454679
HBEGF	PRLR	R-HSA-1170546	REACTOME_PROLACTIN_RECEPTOR_SIGNALING	3.90492317727844e-25	4.47898025975014e-25	2.99986575373671	14.6079542558974	8.67808956936721e-19	1	4	9	0.0426146093876918	1	0	-3.89320695131248	4.31286097992555
ADAM17	ERBB4	R-HSA-1227990	REACTOME_SIGNALING_BY_ERBB2_IN_CANCER	3.97219521173066e-25	4.54836687213528e-25	1.00899671615371	4.88971725190951	2.97081867046999e-07	1	8	16	0.0036660397019443	1	0	-4.9528261704907	-6.13673360200089
ARTN	RET	R-HSA-9830364	REACTOME_FORMATION_OF_THE_NEPHRIC_DUCT	1.29239377227476e-24	1.47733598159517e-24	3.86734999868736	6.40496106823211	7.53731300982716e-17	1	1	3	0.00257865219179578	1	0	1.25406619325863	4.50814232928115
ARTN	RET	R-HSA-9634815	REACTOME_TRANSCRIPTIONAL_REGULATION_BY_NPAS4	1.63284019432166e-24	1.86332614011876e-24	3.86734999868736	6.40496106823211	7.53731300982716e-17	1	6	12	0.0316002468462528	1	0	1.25406619325863	4.50814232928115
B2M	TREM2	R-HSA-416700	REACTOME_OTHER_SEMAPHORIN_INTERACTIONS	4.75976994386936e-24	5.42242042841484e-24	2.87849346100954	16.2807834091155	4.58499512986894e-23	1	1	2	0.322198520448089	1	0	5.12896695992452	5.6673025299191
ABCA1	RXRA	R-HSA-192105	REACTOME_SYNTHESIS_OF_BILE_ACIDS_AND_BILE_SALTS	1.22373307936046e-23	1.38938222715883e-23	2.21371617309256	1.31284069725308	1.41929354185045e-10	1	3	6	0.000275377622812665	1	0	-3.59190427093961	-6.26133088253672
ABCA1	RXRA	R-HSA-193368	REACTOME_SYNTHESIS_OF_BILE_ACIDS_AND_BILE_SALTS_VIA_7ALPHA_HYDROXYCHOLESTEROL	1.22373307936046e-23	1.38938222715883e-23	2.21371617309256	1.31284069725308	1.41929354185045e-10	1	3	6	0.000275377622812665	1	0	-3.59190427093961	-6.26133088253672
ARTN	RET	R-HSA-9768919	REACTOME_NPAS4_REGULATES_EXPRESSION_OF_TARGET_GENES	1.41227365981838e-23	1.60073585428738e-23	3.86734999868736	6.40496106823211	7.53731300982716e-17	1	5	10	0.0316002468462528	1	0	1.25406619325863	4.50814232928115
MMP7	ERBB4	R-HSA-1251985	REACTOME_NUCLEAR_SIGNALING_BY_ERBB4	1.75990191504587e-23	1.99138985665392e-23	3.74261492306019	4.88971725190951	1.41593706896155e-08	1	7	13	0.00256683510262055	1	0	4.66496561898362	-6.13673360200089
NAMPT	INSR	R-HSA-74713	REACTOME_IRS_ACTIVATION	2.21843745887658e-23	2.50601268502724e-23	1.99261120207834	1.0907914649562	1.02341996099001e-07	1	1	3	6.00709410499845e-06	1	0	7.20391528672853	6.67262334454679
ICAM5	ITGAL	R-HSA-8949275	REACTOME_RUNX3_REGULATES_IMMUNE_RESPONSE_AND_CELL_MIGRATION	3.07880586058937e-23	3.47206509656381e-23	2.4805621658084	12.454693156539	3.16035794808364e-14	1	1	3	0.00099132336724617	1	0	5.71522648707572	1.41515271199705
NRG1	ERBB4	R-HSA-9620244	REACTOME_LONG_TERM_POTENTIATION	4.63690225030293e-23	5.22040505025716e-23	9.11083190183876	4.88971725190951	7.17501447342168e-11	1	2	4	5.44654341262866e-05	1	0	1.77777902773622	-6.13673360200089
NAMPT	INSR	R-HSA-74749	REACTOME_SIGNAL_ATTENUATION	6.23430395322187e-23	7.00706524725607e-23	1.99261120207834	1.0907914649562	1.02341996099001e-07	1	4	8	0.000404946042816148	1	0	7.20391528672853	6.67262334454679
B2M	TYROBP	R-HSA-416700	REACTOME_OTHER_SEMAPHORIN_INTERACTIONS	9.0265549133801e-23	1.01284587740436e-22	2.87849346100954	10.944778939954	2.69868007886523e-21	1	1	3	0.322198520448089	1	0	5.12896695992452	-1.44289795259782
FABP5	RXRA	R-HSA-211976	REACTOME_ENDOGENOUS_STEROLS	1.46151470730572e-22	1.63718926310874e-22	12.4894381870585	1.31284069725308	1.92728480280641e-15	1	1	2	0.000275377622812665	1	0	5.44122530844092	-6.26133088253672
FABP5	RXRA	R-HSA-9031525	REACTOME_NR1H2_NR1H3_REGULATE_GENE_EXPRESSION_TO_LIMIT_CHOLESTEROL_UPTAKE	1.59700687636863e-22	1.78598602340559e-22	12.4894381870585	1.31284069725308	1.92728480280641e-15	1	2	4	0.00274830968212373	1	0	5.44122530844092	-6.26133088253672
NRG1	ERBB4	R-HSA-8863795	REACTOME_DOWNREGULATION_OF_ERBB2_SIGNALING	2.16286511100706e-22	2.4147795166152e-22	9.11083190183876	4.88971725190951	7.17501447342168e-11	1	6	12	0.00875900639933897	1	0	1.77777902773622	-6.13673360200089
ADAM17	ERBB4	R-HSA-1251985	REACTOME_NUCLEAR_SIGNALING_BY_ERBB4	3.69250129968603e-22	4.11572819283941e-22	1.00899671615371	4.88971725190951	2.97081867046999e-07	1	7	13	0.00256683510262055	1	0	-4.9528261704907	-6.13673360200089
ABCA1	RXRA	R-HSA-9029558	REACTOME_NR1H2_NR1H3_REGULATE_GENE_EXPRESSION_LINKED_TO_LIPOGENESIS	4.65187837751334e-22	5.17646831063258e-22	2.21371617309256	1.31284069725308	1.41929354185045e-10	1	3	7	0.00274830968212373	1	0	-3.59190427093961	-6.26133088253672
UBC	ERBB4	R-HSA-1250342	REACTOME_PI3K_EVENTS_IN_ERBB4_SIGNALING	5.41715894653187e-22	6.01806896212398e-22	3.52017670707888	4.88971725190951	4.0306700721696e-17	1	1	2	0.0036660397019443	1	0	-3.94473839238796	-6.13673360200089
CALM3	KCNQ1	R-HSA-397014	REACTOME_MUSCLE_CONTRACTION	7.47424157179913e-22	8.27593414963237e-22	1.16804541563908	5.80713782140373	7.7842539105153e-14	1	3	7	0.013614698777053	1	0	2.64785868437011	0.999548788007953
CALM3	KCNQ1	R-HSA-5576891	REACTOME_CARDIAC_CONDUCTION	7.47424157179913e-22	8.27593414963237e-22	1.16804541563908	5.80713782140373	7.7842539105153e-14	1	3	7	0.013614698777053	1	0	2.64785868437011	0.999548788007953
FABP5	RXRA	R-HSA-4090294	REACTOME_SUMOYLATION_OF_INTRACELLULAR_RECEPTORS	8.08787010806205e-22	8.94062741764355e-22	12.4894381870585	1.31284069725308	1.92728480280641e-15	1	5	10	0.036244283549328	1	0	5.44122530844092	-6.26133088253672
ABCA1	RXRA	R-HSA-193807	REACTOME_SYNTHESIS_OF_BILE_ACIDS_AND_BILE_SALTS_VIA_27_HYDROXYCHOLESTEROL	2.96386328110897e-21	3.27097411451335e-21	2.21371617309256	1.31284069725308	1.41929354185045e-10	1	1	3	0.000275377622812665	1	0	-3.59190427093961	-6.26133088253672
ABCA1	RXRA	R-HSA-200425	REACTOME_CARNITINE_METABOLISM	3.1746513064154e-21	3.49785061839858e-21	2.21371617309256	1.31284069725308	1.41929354185045e-10	1	3	6	0.00110554206050022	1	0	-3.59190427093961	-6.26133088253672
UBC	ERBB4	R-HSA-1253288	REACTOME_DOWNREGULATION_OF_ERBB4_SIGNALING	3.50763227054734e-21	3.85839549760208e-21	3.52017670707888	4.88971725190951	4.0306700721696e-17	1	3	6	0.0500909590667606	1	0	-3.94473839238796	-6.13673360200089
VEGFA	RET	R-HSA-9830364	REACTOME_FORMATION_OF_THE_NEPHRIC_DUCT	4.66752332982919e-21	5.12587259298754e-21	1.00775272930596	6.40496106823211	2.72212580037982e-13	1	1	3	0.00257865219179578	1	0	7.1257723153989	4.50814232928115
VEGFA	RET	R-HSA-9634815	REACTOME_TRANSCRIPTIONAL_REGULATION_BY_NPAS4	5.89705696853116e-21	6.46556409458237e-21	1.00775272930596	6.40496106823211	2.72212580037982e-13	1	6	12	0.0316002468462528	1	0	7.1257723153989	4.50814232928115
HBEGF	ERBB4	R-HSA-1250342	REACTOME_PI3K_EVENTS_IN_ERBB4_SIGNALING	5.92227686299632e-21	6.48262279783121e-21	2.99986575373671	4.88971725190951	4.40650613105309e-16	1	1	2	0.0036660397019443	1	0	-3.89320695131248	-6.13673360200089
MMP7	ERBB4	R-HSA-9620244	REACTOME_LONG_TERM_POTENTIATION	9.15059029591631e-21	1.0000075062801e-20	3.74261492306019	4.88971725190951	1.41593706896155e-08	1	2	4	5.44654341262866e-05	1	0	4.66496561898362	-6.13673360200089
ADAM15	ITGA5	R-HSA-1566977	REACTOME_FIBRONECTIN_MATRIX_FORMATION	9.40507060093426e-21	1.02614672735397e-20	1.35477312575793	2.42913888059818	4.2440668369718e-14	1	1	2	0.00047074955988614	1	0	-0.800247206289881	4.59678455148382
S100A9	TLR4	R-HSA-936964	REACTOME_ACTIVATION_OF_IRF3_IRF7_MEDIATED_BY_TBK1_IKK_IKBKE	2.3115135022669e-20	2.51381776340534e-20	17.4391017476099	4.91616438947607	1.12381107270363e-13	1	5	10	0.0321047350749551	1	0	-0.709739665426797	5.57081769910517
S100A9	TLR4	R-HSA-937072	REACTOME_TRAF6_MEDIATED_INDUCTION_OF_TAK1_COMPLEX_WITHIN_TLR4_COMPLEX	2.3115135022669e-20	2.51381776340534e-20	17.4391017476099	4.91616438947607	1.12381107270363e-13	1	5	10	0.0321047350749551	1	0	-0.709739665426797	5.57081769910517
FABP5	RXRA	R-HSA-9623433	REACTOME_NR1H2_NR1H3_REGULATE_GENE_EXPRESSION_TO_CONTROL_BILE_ACID_HOMEOSTASIS	3.01768285109956e-20	3.27648089496409e-20	12.4894381870585	1.31284069725308	1.92728480280641e-15	1	3	6	0.0323859083910711	1	0	5.44122530844092	-6.26133088253672
HBEGF	ERBB4	R-HSA-1253288	REACTOME_DOWNREGULATION_OF_ERBB4_SIGNALING	3.83469815908965e-20	4.15683758440897e-20	2.99986575373671	4.88971725190951	4.40650613105309e-16	1	3	6	0.0500909590667606	1	0	-3.89320695131248	-6.13673360200089
MMP7	ERBB4	R-HSA-8863795	REACTOME_DOWNREGULATION_OF_ERBB2_SIGNALING	4.26825743304469e-20	4.61935602834353e-20	3.74261492306019	4.88971725190951	1.41593706896155e-08	1	6	12	0.00875900639933897	1	0	4.66496561898362	-6.13673360200089
VASP	ROBO1	R-HSA-9010553	REACTOME_REGULATION_OF_EXPRESSION_OF_SLITS_AND_ROBOS	4.38532788234342e-20	4.73841386320843e-20	1.45145557841236	8.11982232774732	1.76326721749385e-19	1	1	2	0.498702985931593	1	0	5.58210964653241	-4.77785368541503
VEGFA	RET	R-HSA-9768919	REACTOME_NPAS4_REGULATES_EXPRESSION_OF_TARGET_GENES	5.10047355281135e-20	5.50227934716465e-20	1.00775272930596	6.40496106823211	2.72212580037982e-13	1	5	10	0.0316002468462528	1	0	7.1257723153989	4.50814232928115
FABP5	RXRA	R-HSA-1368082	REACTOME_RORA_ACTIVATES_GENE_EXPRESSION	7.94803465776061e-20	8.56040329912901e-20	12.4894381870585	1.31284069725308	1.92728480280641e-15	1	3	7	0.0740759151500322	1	0	5.44122530844092	-6.26133088253672
ADAM17	ERBB4	R-HSA-9620244	REACTOME_LONG_TERM_POTENTIATION	1.9199119150731e-19	2.06452066508662e-19	1.00899671615371	4.88971725190951	2.97081867046999e-07	1	2	4	5.44654341262866e-05	1	0	-4.9528261704907	-6.13673360200089
S100A9	TLR4	R-HSA-9824878	REACTOME_REGULATION_OF_TBK1_IKK_IKBKE_MEDIATED_ACTIVATION_OF_IRF3_IRF7	1.97889577698124e-19	2.12454250616706e-19	17.4391017476099	4.91616438947607	1.12381107270363e-13	1	4	8	0.0321047350749551	1	0	-0.709739665426797	5.57081769910517
ADAM17	ERBB4	R-HSA-8863795	REACTOME_DOWNREGULATION_OF_ERBB2_SIGNALING	8.95535483209092e-19	9.59911037113899e-19	1.00899671615371	4.88971725190951	2.97081867046999e-07	1	6	12	0.00875900639933897	1	0	-4.9528261704907	-6.13673360200089
SPP1	ITGA5	R-HSA-1566977	REACTOME_FIBRONECTIN_MATRIX_FORMATION	1.15711206488441e-18	1.23831291154297e-18	2.07296362438893	2.42913888059818	5.22150353740892e-12	1	1	2	0.00047074955988614	1	0	-6.17078968245005	4.59678455148382
UBC	ERBB4	R-HSA-1250196	REACTOME_SHC1_EVENTS_IN_ERBB2_SIGNALING	1.54702942432457e-18	1.6529565982831e-18	3.52017670707888	4.88971725190951	4.0306700721696e-17	1	4	9	0.326516945707398	1	0	-3.94473839238796	-6.13673360200089
UBC	ERBB4	R-HSA-1963640	REACTOME_GRB2_EVENTS_IN_ERBB2_SIGNALING	1.671098599306e-18	1.78268228956173e-18	3.52017670707888	4.88971725190951	4.0306700721696e-17	1	3	7	0.326516945707398	1	0	-3.94473839238796	-6.13673360200089
FABP5	RXRA	R-HSA-194068	REACTOME_BILE_ACID_AND_BILE_SALT_METABOLISM	2.80557195198871e-18	2.98815679330861e-18	12.4894381870585	1.31284069725308	1.92728480280641e-15	1	3	7	0.155688516925972	1	0	5.44122530844092	-6.26133088253672
FABP5	RXRA	R-HSA-159418	REACTOME_RECYCLING_OF_BILE_ACIDS_AND_SALTS	7.27303440032503e-18	7.73408253980681e-18	12.4894381870585	1.31284069725308	1.92728480280641e-15	1	1	3	0.155688516925972	1	0	5.44122530844092	-6.26133088253672
UBC	ERBB4	R-HSA-1250347	REACTOME_SHC1_EVENTS_IN_ERBB4_SIGNALING	7.38964733792612e-18	7.84565405656397e-18	3.52017670707888	4.88971725190951	4.0306700721696e-17	1	3	6	0.402973119717681	1	0	-3.94473839238796	-6.13673360200089
ABCA1	RXRA	R-HSA-211976	REACTOME_ENDOGENOUS_STEROLS	1.07629053182899e-17	1.1409019697587e-17	2.21371617309256	1.31284069725308	1.41929354185045e-10	1	1	2	0.000275377622812665	1	0	-3.59190427093961	-6.26133088253672
ABCA1	RXRA	R-HSA-9031525	REACTOME_NR1H2_NR1H3_REGULATE_GENE_EXPRESSION_TO_LIMIT_CHOLESTEROL_UPTAKE	1.17606984843144e-17	1.24470483958596e-17	2.21371617309256	1.31284069725308	1.41929354185045e-10	1	2	4	0.00274830968212373	1	0	-3.59190427093961	-6.26133088253672
ADAM17	ITGA5	R-HSA-1566977	REACTOME_FIBRONECTIN_MATRIX_FORMATION	1.24475675267786e-17	1.31532563944385e-17	1.00899671615371	2.42913888059818	5.61700286823159e-11	1	1	2	0.00047074955988614	1	0	-4.9528261704907	4.59678455148382
HBEGF	ERBB4	R-HSA-1250196	REACTOME_SHC1_EVENTS_IN_ERBB2_SIGNALING	1.69128073524915e-17	1.78435436061664e-17	2.99986575373671	4.88971725190951	4.40650613105309e-16	1	4	9	0.326516945707398	1	0	-3.89320695131248	-6.13673360200089
HBEGF	ERBB4	R-HSA-1963640	REACTOME_GRB2_EVENTS_IN_ERBB2_SIGNALING	1.82691862434487e-17	1.92443076441979e-17	2.99986575373671	4.88971725190951	4.40650613105309e-16	1	3	7	0.326516945707398	1	0	-3.89320695131248	-6.13673360200089
FABP5	RXRA	R-HSA-9031528	REACTOME_NR1H2_NR1H3_REGULATE_GENE_EXPRESSION_LINKED_TO_TRIGLYCERIDE_LIPOLYSIS_IN_ADIPOSE	2.10662616875712e-17	2.21558959127904e-17	12.4894381870585	1.31284069725308	1.92728480280641e-15	1	1	3	0.221928899348438	1	0	5.44122530844092	-6.26133088253672
ABCA1	RXRA	R-HSA-4090294	REACTOME_SUMOYLATION_OF_INTRACELLULAR_RECEPTORS	5.9560796593127e-17	6.25434968920003e-17	2.21371617309256	1.31284069725308	1.41929354185045e-10	1	5	10	0.036244283549328	1	0	-3.59190427093961	-6.26133088253672
GDF11	ACVR1B	R-HSA-1433617	REACTOME_REGULATION_OF_SIGNALING_BY_NODAL	7.1167131186467e-17	7.46142891033115e-17	2.94364829289679	1.73204834448105	2.990078622665e-16	1	1	3	0.619724906239592	1	0	-5.40950070628713	-4.38130987805961
HBEGF	ERBB4	R-HSA-1250347	REACTOME_SHC1_EVENTS_IN_ERBB4_SIGNALING	8.07868808854505e-17	8.45678581499801e-17	2.99986575373671	4.88971725190951	4.40650613105309e-16	1	3	6	0.402973119717681	1	0	-3.89320695131248	-6.13673360200089
B2M	TFRC	R-HSA-917937	REACTOME_IRON_UPTAKE_AND_TRANSPORT	2.50589248082469e-16	2.61908700098656e-16	2.87849346100954	1.10895246491767	2.15401207739961e-10	1	4	9	0.0500909590667606	1	0	5.12896695992452	6.57874248188595
NRG1	ERBB4	R-HSA-1250342	REACTOME_PI3K_EVENTS_IN_ERBB4_SIGNALING	9.64310974360404e-16	1.00630274307283e-15	9.11083190183876	4.88971725190951	7.17501447342168e-11	1	1	2	0.0036660397019443	1	0	1.77777902773622	-6.13673360200089
FABP5	RXRA	R-HSA-9632974	REACTOME_NR1H2_NR1H3_REGULATE_GENE_EXPRESSION_LINKED_TO_GLUCONEOGENESIS	1.27022679213056e-15	1.32348164211119e-15	12.4894381870585	1.31284069725308	1.92728480280641e-15	1	1	3	0.87025218822116	1	0	5.44122530844092	-6.26133088253672
ABCA1	RXRA	R-HSA-9623433	REACTOME_NR1H2_NR1H3_REGULATE_GENE_EXPRESSION_TO_CONTROL_BILE_ACID_HOMEOSTASIS	2.22228586853474e-15	2.3118663841656e-15	2.21371617309256	1.31284069725308	1.41929354185045e-10	1	3	6	0.0323859083910711	1	0	-3.59190427093961	-6.26133088253672
ADAM15	ITGA5	R-HSA-8941332	REACTOME_RUNX2_REGULATES_GENES_INVOLVED_IN_CELL_MIGRATION	5.36311793712352e-15	5.57066894088217e-15	1.35477312575793	2.42913888059818	4.2440668369718e-14	1	1	2	0.355481960240802	1	0	-0.800247206289881	4.59678455148382
ABCA1	RXRA	R-HSA-1368082	REACTOME_RORA_ACTIVATES_GENE_EXPRESSION	5.85310185798018e-15	6.0702184647677e-15	2.21371617309256	1.31284069725308	1.41929354185045e-10	1	3	7	0.0740759151500322	1	0	-3.59190427093961	-6.26133088253672
NRG1	ERBB4	R-HSA-1253288	REACTOME_DOWNREGULATION_OF_ERBB4_SIGNALING	6.24395245901911e-15	6.46557422839788e-15	9.11083190183876	4.88971725190951	7.17501447342168e-11	1	3	6	0.0500909590667606	1	0	1.77777902773622	-6.13673360200089
MMP7	ERBB4	R-HSA-1250342	REACTOME_PI3K_EVENTS_IN_ERBB4_SIGNALING	1.90299777047304e-13	1.96750616947213e-13	3.74261492306019	4.88971725190951	1.41593706896155e-08	1	1	2	0.0036660397019443	1	0	4.66496561898362	-6.13673360200089
ABCA1	RXRA	R-HSA-194068	REACTOME_BILE_ACID_AND_BILE_SALT_METABOLISM	2.0660828886608e-13	2.13283325890984e-13	2.21371617309256	1.31284069725308	1.41929354185045e-10	1	3	7	0.155688516925972	1	0	-3.59190427093961	-6.26133088253672
ABCA1	RXRA	R-HSA-159418	REACTOME_RECYCLING_OF_BILE_ACIDS_AND_SALTS	5.35601730424391e-13	5.52056468686277e-13	2.21371617309256	1.31284069725308	1.41929354185045e-10	1	1	3	0.155688516925972	1	0	-3.59190427093961	-6.26133088253672
SPP1	ITGA5	R-HSA-8941332	REACTOME_RUNX2_REGULATES_GENES_INVOLVED_IN_CELL_MIGRATION	6.59827951725016e-13	6.79056066882646e-13	2.07296362438893	2.42913888059818	5.22150353740892e-12	1	1	2	0.355481960240802	1	0	-6.17078968245005	4.59678455148382
MMP7	ERBB4	R-HSA-1253288	REACTOME_DOWNREGULATION_OF_ERBB4_SIGNALING	1.23219873302118e-12	1.26616439488087e-12	3.74261492306019	4.88971725190951	1.41593706896155e-08	1	3	6	0.0500909590667606	1	0	4.66496561898362	-6.13673360200089
ABCA1	RXRA	R-HSA-9031528	REACTOME_NR1H2_NR1H3_REGULATE_GENE_EXPRESSION_LINKED_TO_TRIGLYCERIDE_LIPOLYSIS_IN_ADIPOSE	1.55136434016206e-12	1.59169032453936e-12	2.21371617309256	1.31284069725308	1.41929354185045e-10	1	1	3	0.221928899348438	1	0	-3.59190427093961	-6.26133088253672
NRG1	ERBB4	R-HSA-1250196	REACTOME_SHC1_EVENTS_IN_ERBB2_SIGNALING	2.7538742471083e-12	2.82114445772469e-12	9.11083190183876	4.88971725190951	7.17501447342168e-11	1	4	9	0.326516945707398	1	0	1.77777902773622	-6.13673360200089
NRG1	ERBB4	R-HSA-1963640	REACTOME_GRB2_EVENTS_IN_ERBB2_SIGNALING	2.97473036042399e-12	3.04275010951905e-12	9.11083190183876	4.88971725190951	7.17501447342168e-11	1	3	7	0.326516945707398	1	0	1.77777902773622	-6.13673360200089
ADAM17	ERBB4	R-HSA-1250342	REACTOME_PI3K_EVENTS_IN_ERBB4_SIGNALING	3.99273486817485e-12	4.0778159764769e-12	1.00899671615371	4.88971725190951	2.97081867046999e-07	1	1	2	0.0036660397019443	1	0	-4.9528261704907	-6.13673360200089
CALM3	ABCA1	R-HSA-8963896	REACTOME_HDL_ASSEMBLY	4.89136410064793e-12	4.98043294618325e-12	1.16804541563908	2.21371617309256	6.02791909005451e-11	1	1	2	0.284859881129317	1	0	2.64785868437011	-3.59190427093961
CALM3	ABCA1	R-HSA-8963898	REACTOME_PLASMA_LIPOPROTEIN_ASSEMBLY	4.89136410064793e-12	4.98043294618325e-12	1.16804541563908	2.21371617309256	6.02791909005451e-11	1	1	2	0.284859881129317	1	0	2.64785868437011	-3.59190427093961
ADAM17	ITGA5	R-HSA-8941332	REACTOME_RUNX2_REGULATES_GENES_INVOLVED_IN_CELL_MIGRATION	7.09806183377202e-12	7.21636286433489e-12	1.00899671615371	2.42913888059818	5.61700286823159e-11	1	1	2	0.355481960240802	1	0	-4.9528261704907	4.59678455148382
NRG1	ERBB4	R-HSA-1250347	REACTOME_SHC1_EVENTS_IN_ERBB4_SIGNALING	1.31543454695517e-11	1.33533522088793e-11	9.11083190183876	4.88971725190951	7.17501447342168e-11	1	3	6	0.402973119717681	1	0	1.77777902773622	-6.13673360200089
ADAM17	ERBB4	R-HSA-1253288	REACTOME_DOWNREGULATION_OF_ERBB4_SIGNALING	2.58531193372421e-11	2.62045967904674e-11	1.00899671615371	4.88971725190951	2.97081867046999e-07	1	3	6	0.0500909590667606	1	0	-4.9528261704907	-6.13673360200089
ABCA1	RXRA	R-HSA-9632974	REACTOME_NR1H2_NR1H3_REGULATE_GENE_EXPRESSION_LINKED_TO_GLUCONEOGENESIS	9.35422040443187e-11	9.46709184219274e-11	2.21371617309256	1.31284069725308	1.41929354185045e-10	1	1	3	0.87025218822116	1	0	-3.59190427093961	-6.26133088253672
SHANK1	ABCA1	R-HSA-8963896	REACTOME_HDL_ASSEMBLY	5.08623275553431e-10	5.13212357738876e-10	1.11827598697196	2.21371617309256	6.26806733105077e-09	1	1	2	0.284859881129317	1	0	6.12886000664917	-3.59190427093961
SHANK1	ABCA1	R-HSA-8963898	REACTOME_PLASMA_LIPOPROTEIN_ASSEMBLY	5.08623275553431e-10	5.13212357738876e-10	1.11827598697196	2.21371617309256	6.26806733105077e-09	1	1	2	0.284859881129317	1	0	6.12886000664917	-3.59190427093961
MMP7	ERBB4	R-HSA-1250196	REACTOME_SHC1_EVENTS_IN_ERBB2_SIGNALING	5.43457109972866e-10	5.47537118305995e-10	3.74261492306019	4.88971725190951	1.41593706896155e-08	1	4	9	0.326516945707398	1	0	4.66496561898362	-6.13673360200089
MMP7	ERBB4	R-HSA-1963640	REACTOME_GRB2_EVENTS_IN_ERBB2_SIGNALING	5.87041462159033e-10	5.90561950687723e-10	3.74261492306019	4.88971725190951	1.41593706896155e-08	1	3	7	0.326516945707398	1	0	4.66496561898362	-6.13673360200089
MMP7	ERBB4	R-HSA-1250347	REACTOME_SHC1_EVENTS_IN_ERBB4_SIGNALING	2.59591467546996e-09	2.6075729749107e-09	3.74261492306019	4.88971725190951	1.41593706896155e-08	1	3	6	0.402973119717681	1	0	4.66496561898362	-6.13673360200089
ADAM17	ERBB4	R-HSA-1250196	REACTOME_SHC1_EVENTS_IN_ERBB2_SIGNALING	1.14024313954231e-08	1.14365193816575e-08	1.00899671615371	4.88971725190951	2.97081867046999e-07	1	4	9	0.326516945707398	1	0	-4.9528261704907	-6.13673360200089
ADAM17	ERBB4	R-HSA-1963640	REACTOME_GRB2_EVENTS_IN_ERBB2_SIGNALING	1.23168873416183e-08	1.2335270755561e-08	1.00899671615371	4.88971725190951	2.97081867046999e-07	1	3	7	0.326516945707398	1	0	-4.9528261704907	-6.13673360200089
ADAM17	ERBB4	R-HSA-1250347	REACTOME_SHC1_EVENTS_IN_ERBB4_SIGNALING	5.44656394262578e-08	5.44656394262578e-08	1.00899671615371	4.88971725190951	2.97081867046999e-07	1	3	6	0.402973119717681	1	0	-4.9528261704907	-6.13673360200089
